Season,Name,Team,Age,W,L,ERA,G,GS,IP,WAR,FIP,xFIP,WHIP,K/9,BB/9,HR/9,K%,BB%,BABIP,LOB%,HR/FB
2018,Jacob deGrom,NYM,30,10,9,1.7,32,32,217.0,9.0,1.99,2.6,0.91,11.16,1.91,0.41,0.322,0.055,0.281,0.82,0.063
2018,Max Scherzer,WSN,33,18,7,2.53,33,33,220.2,7.5,2.65,3.06,0.91,12.24,2.08,0.94,0.34600000000000003,0.059000000000000004,0.265,0.813,0.09699999999999999
2018,Justin Verlander,HOU,35,16,9,2.52,34,34,214.0,6.6,2.78,3.03,0.9,12.2,1.56,1.18,0.348,0.044000000000000004,0.272,0.853,0.111
2018,Chris Sale,BOS,29,12,4,2.11,27,27,158.0,6.2,1.98,2.31,0.86,13.5,1.94,0.63,0.384,0.055,0.283,0.825,0.09300000000000001
2018,Gerrit Cole,HOU,27,15,5,2.88,32,32,200.1,5.9,2.7,3.03,1.03,12.4,2.88,0.85,0.345,0.08,0.286,0.779,0.1
2018,Trevor Bauer,CLE,27,12,6,2.21,28,27,175.1,5.8,2.44,3.13,1.09,11.34,2.93,0.46,0.308,0.079,0.297,0.795,0.062
2018,Patrick Corbin,ARI,28,11,7,3.15,33,33,200.0,5.8,2.47,2.61,1.05,11.07,2.16,0.68,0.308,0.06,0.302,0.747,0.111
2018,Corey Kluber,CLE,32,20,7,2.89,33,33,215.0,5.5,3.12,3.08,0.99,9.29,1.42,1.05,0.264,0.04,0.276,0.779,0.131
2018,Aaron Nola,PHI,25,17,6,2.37,33,33,212.1,5.5,3.01,3.21,0.97,9.49,2.46,0.72,0.27,0.07,0.251,0.825,0.106
2018,Luis Severino,NYY,24,19,8,3.39,32,32,191.1,5.4,2.95,3.1,1.14,10.35,2.16,0.89,0.282,0.059000000000000004,0.314,0.75,0.114
2018,Carlos Carrasco,CLE,31,17,10,3.37,32,30,192.0,5.2,2.94,2.9,1.12,10.83,2.02,0.98,0.295,0.055,0.315,0.748,0.131
2018,Blake Snell,TBR,25,21,5,1.89,31,31,180.2,4.7,2.94,3.16,0.97,11.01,3.19,0.8,0.316,0.091,0.241,0.88,0.107
2018,Miles Mikolas,STL,29,18,4,2.83,32,32,200.2,4.3,3.28,3.67,1.07,6.55,1.3,0.72,0.18100000000000002,0.036000000000000004,0.279,0.762,0.092
2018,Mike Clevinger,CLE,27,13,8,3.01,32,32,200.0,4.2,3.52,3.86,1.15,9.31,3.01,0.94,0.256,0.083,0.28,0.7979999999999999,0.102
2018,Noah Syndergaard,NYM,25,13,4,3.03,25,25,154.1,4.2,2.8,3.29,1.21,9.04,2.27,0.52,0.24100000000000002,0.061,0.32,0.7659999999999999,0.078
2018,Zack Wheeler,NYM,28,12,7,3.31,29,29,182.1,4.2,3.25,3.81,1.12,8.84,2.71,0.69,0.24100000000000002,0.07400000000000001,0.279,0.746,0.081
2018,Kyle Freeland,COL,25,17,7,2.85,33,33,202.1,4.1,3.67,4.22,1.25,7.7,3.11,0.76,0.205,0.083,0.285,0.828,0.085
2018,German Marquez,COL,23,14,11,3.77,33,33,196.0,4.1,3.4,3.1,1.2,10.56,2.62,1.1,0.282,0.07,0.311,0.732,0.157
2018,Jameson Taillon,PIT,26,14,10,3.2,32,32,191.0,3.9,3.46,3.58,1.18,8.43,2.17,0.94,0.228,0.059000000000000004,0.298,0.7979999999999999,0.11699999999999999
2018,Mike Foltynewicz,ATL,26,13,10,2.85,31,31,183.0,3.8,3.37,3.77,1.08,9.93,3.34,0.84,0.272,0.091,0.251,0.7709999999999999,0.096
2018,James Paxton,SEA,29,11,6,3.76,28,28,160.1,3.7,3.24,3.02,1.1,11.68,2.36,1.29,0.322,0.065,0.299,0.76,0.14400000000000002
2018,Blake Treinen,OAK,30,9,2,0.78,68,0,80.1,3.6,1.82,2.42,0.83,11.2,2.35,0.22,0.317,0.067,0.23,0.8590000000000001,0.044000000000000004
2018,Marco Gonzales,SEA,26,13,9,4.0,29,29,166.2,3.5,3.43,3.59,1.22,7.83,1.73,0.92,0.21100000000000002,0.047,0.319,0.72,0.113
2018,Edwin Diaz,SEA,24,0,4,1.96,73,0,73.1,3.5,1.61,1.78,0.79,15.22,2.09,0.61,0.44299999999999995,0.061,0.281,0.825,0.106
2018,Kyle Hendricks,CHC,28,14,11,3.44,33,33,199.0,3.4,3.78,3.87,1.15,7.28,1.99,0.99,0.198,0.054000000000000006,0.281,0.752,0.12
2018,Clayton Kershaw,LAD,30,9,5,2.73,26,26,161.1,3.4,3.19,3.19,1.04,8.65,1.62,0.95,0.23800000000000002,0.045,0.273,0.787,0.127
2018,Dallas Keuchel,HOU,30,12,11,3.74,34,34,204.2,3.2,3.69,3.84,1.31,6.73,2.55,0.79,0.175,0.066,0.3,0.728,0.113
2018,Jose Berrios,MIN,24,12,11,3.84,32,32,192.1,3.1,3.9,3.89,1.14,9.45,2.85,1.17,0.253,0.077,0.27,0.758,0.128
2018,Walker Buehler,LAD,23,8,5,2.62,24,23,137.1,3.1,3.04,3.21,0.96,9.9,2.42,0.79,0.27899999999999997,0.068,0.248,0.784,0.11
2018,J.A. Happ,- - -,35,17,6,3.65,31,31,177.2,3.0,3.98,3.88,1.13,9.78,2.58,1.37,0.263,0.07,0.272,0.7490000000000001,0.134
2018,Andrew Heaney,LAA,27,9,10,4.15,30,30,180.0,2.9,3.99,3.68,1.2,9.0,2.25,1.35,0.24,0.06,0.294,0.7140000000000001,0.152
2018,Charlie Morton,HOU,34,15,3,3.13,30,30,167.0,2.8,3.59,3.42,1.16,10.83,3.45,0.97,0.289,0.092,0.283,0.795,0.145
2018,Lance Lynn,- - -,31,10,10,4.77,31,29,156.2,2.8,3.84,3.98,1.53,9.25,4.37,0.8,0.23,0.109,0.336,0.701,0.113
2018,Nick Pivetta,PHI,25,7,14,4.77,33,32,164.0,2.8,3.79,3.42,1.3,10.32,2.8,1.32,0.271,0.073,0.326,0.69,0.158
2018,Zack Greinke,ARI,34,15,11,3.21,33,33,207.2,2.7,3.7,3.44,1.08,8.62,1.86,1.21,0.237,0.051,0.272,0.802,0.15
2018,Trevor Williams,PIT,26,14,10,3.11,31,31,170.2,2.7,3.86,4.54,1.18,6.64,2.9,0.79,0.18,0.078,0.261,0.7659999999999999,0.08
2018,Shane Bieber,CLE,23,11,5,4.55,20,19,114.2,2.7,3.23,3.3,1.33,9.26,1.81,1.02,0.243,0.047,0.356,0.6940000000000001,0.121
2018,Kyle Gibson,MIN,30,10,13,3.62,32,32,196.2,2.6,4.13,3.91,1.3,8.19,3.62,1.05,0.217,0.096,0.285,0.755,0.14800000000000002
2018,Brad Keller,KCR,22,9,6,3.08,41,20,140.1,2.6,3.55,4.26,1.3,6.16,3.21,0.45,0.165,0.086,0.294,0.7709999999999999,0.061
2018,Vince Velasquez,PHI,26,9,12,4.85,31,30,146.2,2.6,3.75,4.11,1.34,9.88,3.62,0.98,0.256,0.094,0.316,0.6679999999999999,0.10099999999999999
2018,Josh Hader,MIL,24,6,1,2.43,55,0,81.1,2.6,2.23,2.05,0.81,15.82,3.32,1.0,0.467,0.098,0.22,0.809,0.145
2018,Jose Leclerc,TEX,24,2,3,1.56,59,0,57.2,2.6,1.89,3.1,0.85,13.27,3.9,0.16,0.381,0.11199999999999999,0.211,0.711,0.02
2018,Mike Minor,TEX,30,12,8,4.18,28,28,157.0,2.5,4.43,4.52,1.12,7.57,2.18,1.43,0.20600000000000002,0.059000000000000004,0.259,0.725,0.121
2018,Lance McCullers Jr.,HOU,24,10,6,3.86,25,22,128.1,2.5,3.5,3.43,1.17,9.96,3.51,0.84,0.26899999999999996,0.095,0.278,0.6920000000000001,0.135
2018,Kenta Maeda,LAD,30,8,10,3.81,39,20,125.1,2.5,3.22,3.37,1.26,10.99,3.09,0.93,0.28800000000000003,0.081,0.321,0.725,0.114
2018,Anibal Sanchez,ATL,34,7,6,2.83,25,24,136.2,2.5,3.62,3.81,1.08,8.89,2.77,0.99,0.244,0.076,0.255,0.794,0.11199999999999999
2018,Jake Odorizzi,MIN,28,7,10,4.49,32,32,164.1,2.5,4.19,4.87,1.34,8.87,3.83,1.1,0.228,0.098,0.29,0.6970000000000001,0.08900000000000001
2018,Chris Archer,- - -,29,6,8,4.31,27,27,148.1,2.5,3.75,3.59,1.38,9.83,2.97,1.15,0.254,0.077,0.338,0.725,0.141
2018,Rick Porcello,BOS,29,17,7,4.28,33,33,191.1,2.4,4.01,3.87,1.18,8.94,2.26,1.27,0.235,0.059000000000000004,0.285,0.7090000000000001,0.138
2018,David Price,BOS,32,16,7,3.58,30,30,176.0,2.4,4.02,3.95,1.14,9.05,2.56,1.28,0.245,0.069,0.274,0.773,0.132
2018,Masahiro Tanaka,NYY,29,12,6,3.75,27,27,156.0,2.4,4.01,3.42,1.13,9.17,2.02,1.44,0.25,0.055,0.284,0.777,0.177
2018,Jon Gray,COL,26,12,9,5.12,31,31,172.1,2.4,4.08,3.47,1.35,9.56,2.72,1.41,0.24600000000000002,0.07,0.322,0.679,0.18100000000000002
2018,Stephen Strasburg,WSN,29,10,7,3.74,22,22,130.0,2.4,3.62,3.28,1.2,10.8,2.63,1.25,0.287,0.07,0.309,0.7559999999999999,0.157
2018,Alex Wood,LAD,27,9,7,3.68,33,27,151.2,2.4,3.53,3.72,1.21,8.01,2.37,0.83,0.212,0.063,0.293,0.706,0.109
2018,Tyler Skaggs,LAA,26,8,10,4.02,24,24,125.1,2.4,3.63,3.79,1.33,9.26,2.87,1.01,0.242,0.075,0.328,0.735,0.115
2018,Derek Holland,SFG,31,7,9,3.57,36,30,171.1,2.4,3.87,4.07,1.29,8.88,3.52,1.0,0.23199999999999998,0.092,0.288,0.7609999999999999,0.11199999999999999
2018,Jhoulys Chacin,MIL,30,15,8,3.5,35,35,192.2,2.3,4.03,4.47,1.16,7.29,3.32,0.84,0.196,0.08900000000000001,0.25,0.7240000000000001,0.09300000000000001
2018,Zack Godley,ARI,28,15,11,4.74,33,32,178.1,2.3,3.82,3.96,1.45,9.34,4.09,0.81,0.23399999999999999,0.102,0.324,0.674,0.113
2018,Zach Eflin,PHI,24,11,8,4.36,24,24,128.0,2.3,3.8,4.02,1.3,8.65,2.6,1.12,0.22399999999999998,0.068,0.309,0.684,0.11199999999999999
2018,Kevin Gausman,- - -,27,10,11,3.92,31,31,183.2,2.3,4.32,4.19,1.3,7.25,2.45,1.27,0.191,0.064,0.299,0.768,0.13699999999999998
2018,Mike Leake,SEA,30,10,10,4.36,31,31,185.2,2.3,4.14,4.15,1.3,5.77,1.65,1.11,0.152,0.043,0.306,0.6940000000000001,0.126
2018,CC Sabathia,NYY,37,9,7,3.65,29,29,153.0,2.3,4.16,4.29,1.31,8.24,3.0,1.12,0.21100000000000002,0.077,0.295,0.755,0.11699999999999999
2018,Jack Flaherty,STL,22,8,9,3.34,28,28,151.0,2.3,3.86,3.58,1.11,10.85,3.52,1.19,0.29600000000000004,0.096,0.257,0.7929999999999999,0.152
2018,Reynaldo Lopez,CHW,24,7,10,3.91,32,32,188.2,2.3,4.63,5.22,1.27,7.2,3.58,1.19,0.18899999999999997,0.094,0.26,0.753,0.095
2018,Gio Gonzalez,- - -,32,10,11,4.21,32,32,171.0,2.2,4.16,4.44,1.44,7.79,4.21,0.89,0.198,0.107,0.301,0.733,0.10400000000000001
2018,Luis Castillo,CIN,25,10,12,4.3,31,31,169.2,2.2,4.32,3.69,1.22,8.75,2.6,1.49,0.233,0.069,0.282,0.7120000000000001,0.179
2018,Cole Hamels,- - -,34,9,12,3.78,32,32,190.2,2.2,4.49,3.95,1.26,8.87,3.07,1.37,0.233,0.081,0.291,0.7609999999999999,0.175
2018,Tanner Roark,WSN,31,9,15,4.34,31,30,180.1,2.2,4.27,4.42,1.28,7.29,2.5,1.2,0.192,0.066,0.296,0.728,0.11699999999999999
2018,Matthew Boyd,DET,27,9,13,4.39,31,31,170.1,2.2,4.45,4.72,1.16,8.4,2.69,1.43,0.22399999999999998,0.07200000000000001,0.258,0.711,0.11199999999999999
2018,Craig Stammen,SDP,34,8,3,2.73,73,0,79.0,2.2,2.19,2.97,1.04,10.03,1.94,0.34,0.278,0.054000000000000006,0.301,0.743,0.049
2018,Ross Stripling,LAD,28,8,6,3.02,33,21,122.0,2.2,3.41,2.99,1.19,10.03,1.62,1.33,0.27,0.044000000000000004,0.322,0.861,0.16399999999999998
2018,Nathan Eovaldi,- - -,28,6,7,3.81,22,21,111.0,2.2,3.6,3.67,1.13,8.19,1.62,1.14,0.222,0.044000000000000004,0.287,0.6729999999999999,0.122
2018,Joe Musgrove,PIT,25,6,9,4.06,19,19,115.1,2.2,3.59,3.92,1.18,7.8,1.79,0.94,0.20600000000000002,0.047,0.294,0.6920000000000001,0.102
2018,Eduardo Rodriguez,BOS,25,13,5,3.82,27,23,129.2,2.1,3.65,3.9,1.26,10.13,3.12,1.11,0.264,0.081,0.301,0.769,0.11
2018,Carlos Martinez,STL,26,8,6,3.11,33,18,118.2,2.1,3.53,4.42,1.35,8.87,4.55,0.38,0.225,0.115,0.29,0.75,0.049
2018,Felipe Vazquez,PIT,26,4,2,2.7,70,0,70.0,2.1,2.43,3.06,1.24,11.44,3.09,0.51,0.301,0.081,0.331,0.777,0.069
2018,Jose Alvarado,TBR,23,1,6,2.39,70,0,64.0,2.1,2.27,3.15,1.11,11.25,4.08,0.14,0.304,0.11,0.27,0.722,0.024
2018,Jake Arrieta,PHI,32,10,11,3.96,31,31,172.2,2.0,4.26,4.08,1.29,7.19,2.97,1.09,0.191,0.079,0.287,0.6809999999999999,0.14300000000000002
2018,Trevor Cahill,OAK,30,7,4,3.76,21,20,110.0,2.0,3.54,3.8,1.19,8.18,3.35,0.65,0.222,0.091,0.277,0.6729999999999999,0.1
2018,Will Smith,SFG,28,2,3,2.55,54,0,53.0,2.0,2.07,2.76,0.98,12.06,2.55,0.51,0.33799999999999997,0.071,0.281,0.711,0.065
2018,Sean Newcomb,ATL,25,12,9,3.9,31,30,164.0,1.9,4.14,4.33,1.33,8.78,4.45,0.99,0.23,0.11599999999999999,0.273,0.748,0.11199999999999999
2018,Hyun-Jin Ryu,LAD,31,7,3,1.97,15,15,82.1,1.9,3.0,3.11,1.01,9.73,1.64,0.98,0.275,0.046,0.281,0.8540000000000001,0.11800000000000001
2018,Adam Ottavino,COL,32,6,4,2.43,75,0,77.2,1.9,2.74,3.13,0.99,12.98,4.17,0.58,0.36200000000000004,0.11699999999999999,0.24,0.763,0.086
2018,Dereck Rodriguez,SFG,26,6,4,2.81,21,19,118.1,1.9,3.74,4.56,1.13,6.77,2.74,0.68,0.183,0.07400000000000001,0.257,0.763,0.069
2018,Sean Doolittle,WSN,31,3,3,1.6,43,0,45.0,1.9,1.89,2.68,0.6,12.0,1.2,0.6,0.368,0.037000000000000005,0.196,0.847,0.067
2018,Joakim Soria,- - -,34,3,4,3.12,66,0,60.2,1.9,2.44,3.35,1.14,11.13,2.37,0.59,0.294,0.063,0.31,0.7190000000000001,0.062
2018,Jon Lester,CHC,34,18,6,3.32,32,32,181.2,1.8,4.39,4.43,1.31,7.38,3.17,1.19,0.196,0.084,0.29,0.8029999999999999,0.124
2018,Sean Manaea,OAK,26,12,9,3.59,27,27,160.2,1.8,4.26,4.32,1.08,6.05,1.79,1.18,0.165,0.049,0.247,0.752,0.12300000000000001
2018,Jeurys Familia,- - -,28,8,6,3.12,70,0,72.0,1.8,2.65,3.53,1.22,10.37,3.5,0.37,0.275,0.09300000000000001,0.306,0.746,0.048
2018,Tyler Anderson,COL,28,7,9,4.55,32,32,176.0,1.8,4.57,4.21,1.27,8.39,3.02,1.53,0.223,0.08,0.281,0.7190000000000001,0.152
2018,Kirby Yates,SDP,31,5,3,2.14,65,0,63.0,1.8,2.54,2.64,0.92,12.86,2.43,0.86,0.36,0.068,0.263,0.877,0.11800000000000001
2018,Tony Watson,SFG,33,4,6,2.59,72,0,66.0,1.8,2.45,3.09,1.03,9.82,1.91,0.55,0.276,0.054000000000000006,0.294,0.789,0.07
2018,Aroldis Chapman,NYY,30,3,0,2.45,55,0,51.1,1.8,2.09,2.58,1.05,16.31,5.26,0.35,0.439,0.142,0.268,0.7829999999999999,0.065
2018,Ryan Pressly,- - -,29,2,1,2.54,77,0,71.0,1.8,2.47,2.58,1.11,12.8,2.79,0.76,0.34600000000000003,0.075,0.319,0.8290000000000001,0.115
2018,Taylor Rogers,MIN,27,1,2,2.63,72,0,68.1,1.8,2.33,2.94,0.95,9.88,2.11,0.4,0.28800000000000003,0.062,0.28,0.748,0.061
2018,Mychal Givens,BAL,28,0,7,3.99,69,0,76.2,1.8,3.07,4.11,1.19,9.27,3.52,0.47,0.249,0.095,0.284,0.645,0.05
2018,Rich Hill,LAD,38,11,5,3.66,25,24,132.2,1.7,3.97,3.7,1.12,10.18,2.78,1.36,0.27399999999999997,0.075,0.268,0.775,0.147
2018,Jose Urena,MIA,26,9,12,3.98,31,31,174.0,1.7,4.17,4.32,1.18,6.72,2.64,0.98,0.183,0.07200000000000001,0.272,0.731,0.115
2018,Jeremy Jeffress,MIL,30,8,1,1.29,73,0,76.2,1.7,2.78,2.86,0.99,10.45,3.17,0.59,0.298,0.09,0.249,0.929,0.11599999999999999
2018,Chad Green,NYY,27,8,3,2.5,63,0,75.2,1.7,2.86,3.19,1.04,11.18,1.78,1.07,0.315,0.05,0.307,0.861,0.105
2018,Matt Harvey,- - -,29,7,9,4.94,32,28,155.0,1.7,4.57,4.21,1.3,7.61,2.15,1.57,0.198,0.055999999999999994,0.299,0.711,0.151
2018,Dellin Betances,NYY,30,4,6,2.7,66,0,66.2,1.7,2.47,1.95,1.05,15.53,3.51,0.95,0.423,0.096,0.311,0.813,0.20600000000000002
2018,Ryan Borucki,TOR,24,4,6,3.87,17,17,97.2,1.7,3.8,4.62,1.32,6.17,3.04,0.65,0.161,0.08,0.291,0.685,0.067
2018,Jose Quintana,CHC,29,13,11,4.03,32,32,174.1,1.6,4.43,4.18,1.32,8.16,3.51,1.29,0.214,0.092,0.282,0.768,0.147
2018,Wade LeBlanc,SEA,33,9,5,3.72,32,27,162.0,1.6,4.28,4.47,1.18,7.22,2.22,1.33,0.196,0.06,0.273,0.748,0.115
2018,Clay Buchholz,ARI,33,7,2,2.01,16,16,98.1,1.6,3.47,4.01,1.04,7.41,2.01,0.82,0.20600000000000002,0.055999999999999994,0.255,0.866,0.087
2018,Robbie Erlin,SDP,27,4,7,4.21,39,12,109.0,1.6,3.31,3.41,1.14,7.27,0.99,0.99,0.2,0.027000000000000003,0.306,0.625,0.11900000000000001
2018,Seth Lugo,NYM,28,3,4,2.66,54,5,101.1,1.6,3.17,3.48,1.08,9.15,2.49,0.8,0.251,0.068,0.269,0.762,0.1
2018,Sonny Gray,NYY,28,11,9,4.9,30,23,130.1,1.5,4.17,4.1,1.5,8.49,3.94,0.97,0.21100000000000002,0.098,0.326,0.7090000000000001,0.133
2018,Jakob Junis,KCR,25,9,12,4.37,30,30,177.0,1.5,4.64,4.13,1.27,8.34,2.19,1.63,0.21600000000000003,0.057,0.298,0.748,0.162
2018,Madison Bumgarner,SFG,28,6,7,3.26,21,21,129.2,1.5,3.99,4.32,1.24,7.57,2.98,0.97,0.198,0.078,0.274,0.7859999999999999,0.10300000000000001
2018,Junior Guerra,MIL,33,6,9,4.09,31,26,141.0,1.5,4.24,4.23,1.4,8.68,3.51,1.21,0.223,0.09,0.312,0.73,0.128
2018,Mike Montgomery,CHC,28,5,6,3.99,38,19,124.0,1.5,3.93,4.28,1.37,6.24,2.83,0.73,0.161,0.073,0.309,0.73,0.095
2018,Alex Cobb,BAL,30,5,15,4.9,28,28,152.1,1.5,4.8,4.47,1.41,6.03,2.54,1.42,0.154,0.065,0.303,0.68,0.151
2018,Michael Fulmer,DET,25,3,12,4.69,24,24,132.1,1.5,4.52,4.29,1.31,7.48,3.13,1.29,0.19699999999999998,0.08199999999999999,0.288,0.682,0.145
2018,Mike Fiers,- - -,33,12,8,3.56,31,30,172.0,1.4,4.75,4.51,1.18,7.27,1.94,1.67,0.195,0.052000000000000005,0.269,0.8420000000000001,0.141
2018,Jaime Barria,LAA,21,10,9,3.41,26,26,129.1,1.4,4.58,4.99,1.27,6.82,3.27,1.18,0.182,0.08800000000000001,0.271,0.821,0.102
2018,David Robertson,NYY,33,8,3,3.23,69,0,69.2,1.4,2.97,3.09,1.03,11.76,3.36,0.9,0.322,0.092,0.245,0.675,0.11699999999999999
2018,Joe Jimenez,DET,23,5,4,4.31,68,0,62.2,1.4,2.91,3.82,1.2,11.2,3.16,0.72,0.292,0.08199999999999999,0.302,0.62,0.068
2018,A.J. Minter,ATL,24,4,3,3.23,65,0,61.1,1.4,2.72,3.62,1.29,10.13,3.23,0.44,0.265,0.085,0.329,0.755,0.053
2018,Marcus Stroman,TOR,27,4,9,5.54,19,19,102.1,1.4,3.91,3.83,1.48,6.77,3.17,0.79,0.171,0.08,0.326,0.605,0.136
2018,Keone Kela,- - -,25,3,4,3.29,54,0,52.0,1.4,2.97,3.31,1.1,11.42,3.29,0.87,0.311,0.09,0.27,0.76,0.1
2018,Felix Pena,LAA,28,3,5,4.18,19,17,92.2,1.4,4.05,3.97,1.24,8.26,2.72,1.17,0.21899999999999997,0.07200000000000001,0.288,0.7240000000000001,0.133
2018,Scott Oberg,COL,28,8,1,2.45,56,0,58.2,1.3,2.87,2.83,0.97,8.74,1.84,0.61,0.25,0.053,0.27,0.79,0.133
2018,Danny Duffy,KCR,29,8,12,4.88,28,28,155.0,1.3,4.7,4.92,1.49,8.19,4.06,1.34,0.204,0.10099999999999999,0.304,0.735,0.114
2018,Luke Weaver,STL,24,7,11,4.95,30,25,136.1,1.3,4.45,4.46,1.5,7.99,3.56,1.25,0.19899999999999998,0.08900000000000001,0.318,0.687,0.127
2018,Collin McHugh,HOU,31,6,2,1.99,58,0,72.1,1.3,2.72,3.26,0.91,11.7,2.61,0.75,0.332,0.07400000000000001,0.248,0.847,0.085
2018,Jesse Chavez,- - -,34,5,2,2.55,62,0,95.1,1.3,3.54,3.41,1.06,8.69,1.6,1.23,0.244,0.045,0.278,0.882,0.13699999999999998
2018,Wade Miley,MIL,31,5,2,2.57,16,16,80.2,1.3,3.59,4.3,1.21,5.58,3.01,0.33,0.14800000000000002,0.08,0.269,0.759,0.052000000000000005
2018,Craig Kimbrel,BOS,30,5,1,2.74,63,0,62.1,1.3,3.13,3.13,0.99,13.86,4.48,1.01,0.389,0.126,0.216,0.83,0.127
2018,Jeremy Hellickson,WSN,31,5,3,3.45,19,19,91.1,1.3,4.22,4.27,1.07,6.41,1.97,1.08,0.17600000000000002,0.054000000000000006,0.252,0.7170000000000001,0.124
2018,Dylan Covey,CHW,26,5,14,5.18,27,21,121.2,1.3,4.39,4.31,1.49,6.73,3.85,0.96,0.168,0.096,0.302,0.619,0.134
2018,Jared Hughes,CIN,32,4,3,1.94,72,0,78.2,1.3,3.27,3.39,1.02,6.75,2.63,0.46,0.198,0.077,0.252,0.851,0.10800000000000001
2018,Richard Rodriguez,PIT,28,4,3,2.47,63,0,69.1,1.3,2.6,3.47,1.07,11.42,2.47,0.65,0.315,0.068,0.309,0.833,0.066
2018,Blaine Hardy,DET,31,4,5,3.56,30,13,86.0,1.3,3.97,4.52,1.17,6.91,2.3,1.05,0.188,0.063,0.275,0.742,0.09300000000000001
2018,Trevor Richards,MIA,25,4,9,4.42,25,25,126.1,1.3,4.05,4.29,1.39,9.26,3.85,1.07,0.23800000000000002,0.099,0.309,0.723,0.109
2018,Seranthony Dominguez,PHI,23,2,5,2.95,53,0,58.0,1.3,2.85,3.04,0.93,11.48,3.41,0.62,0.32,0.095,0.22,0.7440000000000001,0.105
2018,Hector Rondon,HOU,30,2,5,3.2,63,0,59.0,1.3,2.79,3.39,1.32,10.22,3.05,0.61,0.268,0.08,0.34,0.773,0.075
2018,Jace Fry,CHW,24,2,3,4.38,59,1,51.1,1.3,2.67,2.95,1.11,12.27,3.51,0.7,0.327,0.09300000000000001,0.277,0.573,0.1
2018,Ivan Nova,PIT,31,9,9,4.19,29,29,161.0,1.2,4.57,4.28,1.28,6.37,1.96,1.45,0.16699999999999998,0.051,0.288,0.737,0.14800000000000002
2018,Andrew Suarez,SFG,25,7,13,4.49,29,29,160.1,1.2,4.3,3.77,1.3,7.3,2.53,1.29,0.195,0.068,0.302,0.705,0.17800000000000002
2018,James Shields,CHW,36,7,16,4.53,34,33,204.2,1.2,5.09,5.09,1.31,6.77,3.43,1.5,0.177,0.09,0.262,0.706,0.127
2018,Jose Alvarez,LAA,29,6,4,2.71,76,0,63.0,1.2,3.05,3.98,1.16,8.43,3.14,0.43,0.226,0.084,0.274,0.777,0.051
2018,Matt Barnes,BOS,28,6,4,3.65,62,0,61.2,1.2,2.71,2.83,1.26,14.01,4.52,0.73,0.36200000000000004,0.11699999999999999,0.321,0.753,0.114
2018,Freddy Peralta,MIL,22,6,4,4.25,16,14,78.1,1.2,3.72,4.33,1.14,11.03,4.6,0.92,0.299,0.125,0.237,0.685,0.087
2018,Yonny Chirinos,TBR,24,5,5,3.51,18,7,89.2,1.2,3.51,4.04,1.22,7.53,2.51,0.7,0.203,0.068,0.298,0.71,0.083
2018,Caleb Smith,MIA,26,5,6,4.19,16,16,77.1,1.2,3.96,4.42,1.24,10.24,3.84,1.16,0.27,0.10099999999999999,0.276,0.741,0.1
2018,Dan Winkler,ATL,28,4,0,3.43,69,0,60.1,1.2,2.76,3.7,1.19,10.29,2.98,0.45,0.271,0.078,0.31,0.687,0.052000000000000005
2018,Brad Hand,- - -,28,2,5,2.75,69,0,72.0,1.2,3.2,2.97,1.11,13.25,3.5,1.0,0.35200000000000004,0.09300000000000001,0.293,0.784,0.151
2018,Ryne Stanek,TBR,26,2,3,2.98,59,29,66.1,1.2,3.55,3.98,1.09,10.99,3.66,1.09,0.308,0.10300000000000001,0.253,0.809,0.1
2018,Jonathan Holder,NYY,25,1,3,3.14,60,1,66.0,1.2,3.04,4.63,1.09,8.18,2.59,0.55,0.221,0.07,0.261,0.682,0.042
2018,John Gant,STL,25,7,6,3.47,26,19,114.0,1.1,4.07,4.65,1.3,7.5,4.5,0.71,0.195,0.11699999999999999,0.253,0.6990000000000001,0.081
2018,Seunghwan Oh,- - -,35,6,3,2.63,73,0,68.1,1.1,3.29,3.87,1.01,10.4,2.24,1.05,0.28800000000000003,0.062,0.265,0.841,0.092
2018,Antonio Senzatela,COL,23,6,6,4.38,23,13,90.1,1.1,4.17,4.43,1.37,6.87,2.99,1.0,0.177,0.077,0.302,0.726,0.10800000000000001
2018,Wei-Yin Chen,MIA,32,6,12,4.79,26,26,133.1,1.1,4.43,4.73,1.34,7.49,3.17,1.28,0.19399999999999998,0.08199999999999999,0.284,0.682,0.109
2018,Reyes Moronta,SFG,25,5,2,2.49,69,0,65.0,1.1,3.24,3.99,1.09,10.94,5.12,0.55,0.302,0.141,0.211,0.78,0.066
2018,David Hernandez,CIN,33,5,2,2.53,57,0,64.0,1.1,3.38,4.12,0.98,9.14,2.39,0.84,0.256,0.067,0.248,0.805,0.079
2018,Will Harris,HOU,33,5,3,3.49,61,0,56.2,1.1,2.44,2.77,1.09,10.16,2.22,0.48,0.278,0.061,0.306,0.7020000000000001,0.086
2018,Diego Castillo,TBR,24,4,2,3.18,43,11,56.2,1.1,3.3,3.38,0.95,10.32,2.86,0.95,0.293,0.081,0.229,0.735,0.12
2018,Shohei Ohtani,LAA,23,4,2,3.31,10,10,51.2,1.1,3.57,3.53,1.16,10.97,3.83,1.05,0.299,0.10400000000000001,0.269,0.7979999999999999,0.13
2018,Carl Edwards Jr.,CHC,26,3,2,2.6,58,0,52.0,1.1,2.93,4.11,1.31,11.6,5.54,0.35,0.302,0.14400000000000002,0.281,0.782,0.038
2018,Ian Kennedy,KCR,33,3,9,4.66,22,22,119.2,1.1,4.61,4.64,1.38,7.9,3.01,1.5,0.203,0.077,0.298,0.725,0.125
2018,Roberto Osuna,- - -,23,2,2,2.37,38,0,38.0,1.1,2.45,3.72,0.97,7.58,0.95,0.24,0.213,0.027000000000000003,0.294,0.7829999999999999,0.027000000000000003
2018,Joey Lucchesi,SDP,25,8,9,4.08,26,26,130.0,1.0,4.31,3.45,1.29,10.04,2.98,1.59,0.265,0.078,0.306,0.78,0.204
2018,Tyson Ross,- - -,31,8,9,4.15,31,23,149.2,1.0,4.39,4.25,1.3,7.34,3.73,1.02,0.192,0.098,0.27,0.722,0.14
2018,Dylan Bundy,BAL,25,8,16,5.45,31,31,171.2,1.0,5.17,4.28,1.41,9.65,2.83,2.15,0.245,0.07200000000000001,0.316,0.693,0.17800000000000002
2018,Alex Colome,- - -,29,7,5,3.04,70,0,68.0,1.0,3.44,3.44,1.18,9.53,2.78,0.93,0.255,0.07400000000000001,0.291,0.779,0.127
2018,Jordan Zimmermann,DET,32,7,8,4.52,25,25,131.1,1.0,4.88,4.35,1.26,7.61,1.78,1.92,0.2,0.047,0.288,0.7140000000000001,0.157
2018,Dylan Floro,- - -,27,6,3,2.25,54,0,64.0,1.0,3.08,3.74,1.25,8.16,3.23,0.42,0.214,0.085,0.29,0.833,0.061
2018,Ty Blach,SFG,27,6,7,4.25,47,13,118.2,1.0,3.83,4.18,1.47,5.69,3.11,0.61,0.146,0.08,0.323,0.69,0.091
2018,Garrett Richards,LAA,30,5,4,3.66,16,16,76.1,1.0,4.13,3.62,1.28,10.26,4.01,1.3,0.26899999999999996,0.105,0.277,0.67,0.175
2018,Alex Claudio,TEX,26,4,2,4.48,66,1,68.1,1.0,3.42,3.58,1.52,5.4,1.71,0.53,0.13699999999999998,0.043,0.366,0.71,0.105
2018,Jason Hammel,KCR,35,4,14,6.02,39,18,127.0,1.0,4.55,4.98,1.63,6.52,2.76,1.28,0.158,0.067,0.348,0.644,0.10300000000000001
2018,Kyle Crick,PIT,25,3,2,2.39,64,0,60.1,1.0,3.14,4.0,1.13,9.7,3.43,0.45,0.255,0.09,0.268,0.805,0.055
2018,Oliver Perez,CLE,36,1,1,1.39,50,0,32.1,1.0,1.74,2.56,0.74,11.97,1.95,0.28,0.358,0.057999999999999996,0.239,0.813,0.042
2018,Ryan Yarbrough,TBR,26,16,6,3.91,38,6,147.1,0.9,4.19,4.41,1.29,7.82,3.05,1.1,0.204,0.08,0.288,0.741,0.11199999999999999
2018,Brent Suter,MIL,28,8,7,4.44,20,18,101.1,0.9,4.49,4.07,1.19,7.46,1.69,1.6,0.198,0.045,0.281,0.701,0.155
2018,Sal Romano,CIN,24,8,11,5.31,39,25,145.2,0.9,4.95,4.68,1.43,6.49,3.27,1.42,0.163,0.08199999999999999,0.288,0.667,0.146
2018,Pedro Strop,CHC,33,6,1,2.26,60,0,59.2,0.9,3.43,4.08,0.99,8.6,3.17,0.6,0.23800000000000002,0.08800000000000001,0.222,0.8390000000000001,0.073
2018,Carlos Rodon,CHW,25,6,8,4.18,20,20,120.2,0.9,4.95,5.4,1.26,6.71,4.1,1.12,0.17600000000000002,0.10800000000000001,0.242,0.72,0.099
2018,Frankie Montas,OAK,25,5,4,3.88,13,11,65.0,0.9,3.9,4.6,1.46,5.95,2.91,0.69,0.152,0.07400000000000001,0.325,0.7,0.075
2018,Steven Matz,NYM,27,5,11,3.97,30,30,154.0,0.9,4.62,4.13,1.25,8.88,3.39,1.46,0.23199999999999998,0.08900000000000001,0.267,0.7490000000000001,0.166
2018,Zach Duke,- - -,35,5,5,4.15,72,0,52.0,0.9,3.01,3.74,1.5,8.83,3.63,0.17,0.213,0.08800000000000001,0.348,0.6779999999999999,0.032
2018,Steve Cishek,CHC,32,4,3,2.18,80,0,70.1,0.9,3.44,3.91,1.04,9.98,3.58,0.64,0.271,0.09699999999999999,0.238,0.84,0.085
2018,Corey Knebel,MIL,26,4,3,3.58,57,0,55.1,0.9,3.03,2.4,1.08,14.31,3.58,1.14,0.395,0.099,0.304,0.7559999999999999,0.20600000000000002
2018,Brett Anderson,OAK,30,4,5,4.48,17,17,80.1,0.9,4.17,3.91,1.28,5.27,1.46,1.12,0.141,0.039,0.307,0.6920000000000001,0.152
2018,Matt Strahm,SDP,26,3,4,2.05,41,5,61.1,0.9,3.36,3.83,0.98,10.13,3.08,0.88,0.282,0.086,0.226,0.861,0.092
2018,Roenis Elias,SEA,29,3,1,2.65,23,4,51.0,0.9,3.08,4.96,1.22,6.0,2.82,0.18,0.162,0.076,0.285,0.747,0.015
2018,Jose Castillo,SDP,22,3,3,3.29,37,0,38.1,0.9,2.64,3.13,0.91,12.21,2.82,0.7,0.34700000000000003,0.08,0.25,0.71,0.086
2018,Luis Avilan,- - -,28,2,1,3.77,70,0,45.1,0.9,3.09,4.02,1.37,10.13,3.57,0.6,0.259,0.091,0.333,0.7020000000000001,0.061
2018,Andrew Chafin,ARI,28,1,6,3.1,77,0,49.1,0.9,2.65,3.69,1.34,9.67,4.56,0.0,0.251,0.11800000000000001,0.313,0.735,0.0
2018,Adam Kolarek,TBR,29,1,0,3.93,31,0,34.1,0.9,2.58,4.02,1.25,4.98,1.31,0.0,0.135,0.035,0.328,0.659,0.0
2018,Chris Stratton,SFG,27,10,10,5.09,28,26,145.0,0.8,4.48,4.43,1.43,6.95,3.35,1.18,0.179,0.086,0.306,0.669,0.131
2018,Michael Wacha,STL,26,8,2,3.2,15,15,84.1,0.8,4.22,4.12,1.23,7.58,3.84,0.96,0.2,0.10099999999999999,0.249,0.7490000000000001,0.136
2018,Anthony DeSclafani,CIN,28,7,8,4.93,21,21,115.0,0.8,4.83,3.85,1.29,8.45,2.35,1.88,0.223,0.062,0.294,0.7040000000000001,0.198
2018,Robbie Ray,ARI,26,6,2,3.93,24,24,123.2,0.8,4.31,3.77,1.35,12.01,5.09,1.38,0.314,0.133,0.292,0.805,0.174
2018,Eric Lauer,SDP,23,6,7,4.34,23,23,112.0,0.8,4.51,4.51,1.54,8.04,3.7,1.21,0.198,0.091,0.332,0.747,0.127
2018,Austin Gomber,STL,24,6,2,4.44,29,11,75.0,0.8,4.03,4.51,1.51,8.04,3.84,0.84,0.201,0.096,0.33,0.718,0.091
2018,Pedro Baez,LAD,30,4,3,2.88,55,0,56.1,0.8,3.16,4.11,1.22,9.91,3.67,0.64,0.262,0.09699999999999999,0.286,0.792,0.063
2018,Tony Sipp,HOU,34,3,1,1.86,54,0,38.2,0.8,2.41,3.7,1.03,9.78,3.03,0.23,0.278,0.086,0.277,0.833,0.026000000000000002
2018,Richard Bleier,BAL,31,3,0,1.93,31,0,32.2,0.8,2.7,4.02,1.22,4.13,1.1,0.0,0.113,0.03,0.319,0.8290000000000001,0.0
2018,Wade Davis,COL,32,3,6,4.13,69,0,65.1,0.8,3.65,3.63,1.06,10.74,3.58,1.1,0.299,0.1,0.238,0.669,0.129
2018,Sam Gaviglio,TOR,28,3,10,5.31,26,24,123.2,0.8,4.69,4.16,1.44,7.64,2.77,1.53,0.192,0.069,0.313,0.688,0.16699999999999998
2018,Juan Minaya,CHW,27,2,2,3.28,52,0,46.2,0.8,3.57,4.32,1.46,11.19,5.59,0.58,0.278,0.139,0.31,0.778,0.067
2018,Brad Brach,- - -,32,2,4,3.59,69,0,62.2,0.8,3.67,4.22,1.6,8.62,4.02,0.72,0.20800000000000002,0.09699999999999999,0.344,0.7340000000000001,0.083
2018,Tyler Glasnow,- - -,24,2,7,4.27,45,11,111.2,0.8,4.0,3.47,1.27,10.96,4.27,1.21,0.29100000000000004,0.113,0.285,0.728,0.183
2018,Domingo German,NYY,25,2,6,5.57,21,14,85.2,0.8,4.39,3.94,1.33,10.72,3.47,1.58,0.272,0.08800000000000001,0.3,0.653,0.158
2018,Victor Arano,PHI,23,1,2,2.73,60,0,59.1,0.8,3.36,3.94,1.2,9.1,2.58,0.91,0.244,0.069,0.296,0.833,0.08800000000000001
2018,Juan Nicasio,SEA,31,1,6,6.0,46,0,42.0,0.8,2.99,3.18,1.38,11.36,1.07,1.29,0.29,0.027000000000000003,0.402,0.581,0.115
2018,Aaron Bummer,CHW,24,0,1,4.26,37,0,31.2,0.8,2.4,2.83,1.58,9.95,2.84,0.28,0.243,0.069,0.402,0.645,0.063
2018,Ken Giles,- - -,27,0,3,4.65,55,0,50.1,0.8,3.08,3.27,1.21,9.48,1.25,1.07,0.25,0.033,0.331,0.634,0.113
2018,Julio Teheran,ATL,27,9,9,3.94,31,31,175.2,0.7,4.83,4.72,1.17,8.3,4.3,1.33,0.22399999999999998,0.11599999999999999,0.217,0.7559999999999999,0.135
2018,Edwin Jackson,OAK,34,6,3,3.33,17,17,92.0,0.7,4.65,4.87,1.22,6.65,3.62,1.17,0.17800000000000002,0.09699999999999999,0.24,0.792,0.11199999999999999
2018,Tommy Hunter,PHI,31,5,4,3.8,65,0,64.0,0.7,3.63,4.01,1.25,7.17,2.11,0.84,0.18899999999999997,0.055999999999999994,0.303,0.737,0.09699999999999999
2018,John Brebbia,STL,28,3,3,3.2,45,0,50.2,0.7,3.02,3.79,1.16,10.66,2.84,0.89,0.287,0.077,0.297,0.7879999999999999,0.079
2018,Edgar Santana,PIT,26,3,4,3.26,69,0,66.1,0.7,3.58,3.93,1.1,7.33,1.63,0.95,0.19899999999999998,0.044000000000000004,0.277,0.77,0.10099999999999999
2018,Adam Cimber,- - -,27,3,8,3.42,70,0,68.1,0.7,3.42,3.51,1.24,7.64,2.24,0.66,0.204,0.06,0.318,0.75,0.11599999999999999
2018,Drew VerHagen,DET,27,3,3,4.63,41,1,56.1,0.7,3.83,4.33,1.15,8.47,3.04,0.96,0.22699999999999998,0.08199999999999999,0.263,0.654,0.094
2018,Fernando Romero,MIN,23,3,3,4.69,11,11,55.2,0.7,4.35,4.55,1.42,7.28,3.07,0.97,0.182,0.077,0.318,0.7090000000000001,0.111
2018,Tanner Scott,BAL,23,3,3,5.4,53,0,53.1,0.7,3.4,2.96,1.56,12.82,4.72,1.01,0.317,0.11699999999999999,0.38,0.675,0.182
2018,Ryan Brasier,BOS,30,2,0,1.6,34,0,33.2,0.7,2.83,3.78,0.77,7.75,1.87,0.53,0.23399999999999999,0.055999999999999994,0.198,0.862,0.057
2018,Matt Shoemaker,LAA,31,2,2,4.94,7,7,31.0,0.7,3.35,3.64,1.26,9.58,2.9,0.87,0.254,0.077,0.313,0.642,0.10300000000000001
2018,Paul Fry,BAL,25,1,2,3.35,35,0,37.2,0.7,3.11,3.73,1.27,8.6,3.58,0.24,0.226,0.094,0.311,0.632,0.045
2018,Chris Martin,TEX,32,1,5,4.54,46,0,41.2,0.7,3.52,3.63,1.22,7.99,1.08,1.08,0.209,0.027999999999999997,0.323,0.7020000000000001,0.11900000000000001
2018,Lou Trivino,OAK,26,8,3,2.92,69,1,74.0,0.6,3.69,3.53,1.14,9.97,3.77,0.97,0.27399999999999997,0.10400000000000001,0.256,0.8290000000000001,0.14300000000000002
2018,Yusmeiro Petit,OAK,33,7,3,3.0,74,0,93.0,0.6,3.92,4.2,1.01,7.35,1.74,1.26,0.207,0.049,0.241,0.818,0.11
2018,Clayton Richard,SDP,34,7,11,5.33,27,27,158.2,0.6,4.68,4.24,1.38,6.13,3.4,1.08,0.158,0.08800000000000001,0.289,0.647,0.17800000000000002
2018,Ryan Buchter,OAK,31,6,0,2.75,54,0,39.1,0.6,3.54,4.53,1.19,9.38,3.43,0.92,0.252,0.092,0.272,0.725,0.073
2018,Sam Dyson,SFG,30,4,3,2.69,74,0,70.1,0.6,3.47,3.61,1.08,7.17,2.56,0.64,0.205,0.073,0.27,0.778,0.111
2018,Shane Carle,ATL,26,4,1,2.86,53,0,63.0,0.6,3.54,4.39,1.22,6.14,3.86,0.29,0.166,0.10400000000000001,0.258,0.745,0.042
2018,Justin Wilson,CHC,30,4,5,3.46,71,0,54.2,0.6,3.64,4.05,1.43,11.36,5.43,0.82,0.292,0.14,0.31,0.789,0.094
2018,Nick Vincent,SEA,31,4,4,3.99,62,1,56.1,0.6,3.75,4.51,1.15,8.95,2.4,1.12,0.23399999999999999,0.063,0.272,0.687,0.086
2018,Joe Kelly,BOS,30,4,2,4.39,73,0,65.2,0.6,3.57,4.04,1.36,9.32,4.39,0.55,0.239,0.11199999999999999,0.301,0.679,0.08
2018,Aaron Sanchez,TOR,25,4,6,4.89,20,20,105.0,0.6,4.74,4.98,1.56,7.37,4.97,0.94,0.18100000000000002,0.122,0.304,0.701,0.10800000000000001
2018,Andrew Cashner,BAL,31,4,15,5.29,28,28,153.0,0.6,5.32,5.19,1.58,5.82,3.82,1.47,0.145,0.095,0.311,0.705,0.136
2018,Brad Peacock,HOU,30,3,5,3.46,61,1,65.0,0.6,3.47,2.82,1.17,13.29,2.77,1.52,0.353,0.07400000000000001,0.317,0.833,0.18
2018,Jordan Lyles,- - -,27,3,4,4.11,35,8,87.2,0.6,4.08,4.08,1.27,8.62,2.87,1.23,0.226,0.075,0.291,0.741,0.128
2018,Luis Garcia,PHI,31,3,1,6.07,59,0,46.0,0.6,3.51,3.63,1.46,9.98,3.52,0.78,0.25,0.08800000000000001,0.354,0.612,0.114
2018,Xavier Cedeno,- - -,31,2,0,2.43,48,0,33.1,0.6,2.95,3.5,1.26,9.18,4.32,0.27,0.243,0.114,0.281,0.7879999999999999,0.053
2018,Chris Bassitt,OAK,29,2,3,3.02,11,7,47.2,0.6,3.98,4.52,1.24,7.74,3.59,0.76,0.201,0.09300000000000001,0.265,0.732,0.085
2018,Robert Stock,SDP,28,1,1,2.5,32,0,39.2,0.6,2.71,3.92,1.26,8.62,2.95,0.23,0.22899999999999998,0.078,0.321,0.7709999999999999,0.027000000000000003
2018,Matt Grace,WSN,29,1,1,2.87,56,0,59.2,0.6,3.4,3.88,1.14,7.24,1.96,0.75,0.19399999999999998,0.053,0.279,0.762,0.08800000000000001
2018,Cody Reed,CIN,25,1,3,3.98,17,7,43.0,0.6,3.9,3.51,1.4,8.79,3.14,1.05,0.223,0.08,0.323,0.745,0.172
2018,Jake Diekman,- - -,31,1,2,4.73,71,0,53.1,0.6,3.74,4.13,1.5,11.14,5.23,0.68,0.272,0.128,0.331,0.659,0.091
2018,Brandon Morrow,CHC,33,0,0,1.47,35,0,30.2,0.6,2.96,3.19,1.08,9.1,2.64,0.59,0.254,0.07400000000000001,0.278,0.929,0.1
2018,Daniel Ponce de Leon,STL,26,0,2,2.73,11,4,33.0,0.6,3.34,4.36,1.12,8.45,3.55,0.55,0.235,0.098,0.259,0.795,0.055999999999999994
2018,Phil Maton,SDP,25,0,2,4.37,45,0,47.1,0.6,3.24,4.31,1.54,10.46,4.37,0.57,0.257,0.107,0.359,0.706,0.055999999999999994
2018,Daniel Mengden,OAK,25,7,6,4.05,22,17,115.2,0.5,4.69,4.7,1.12,5.6,2.02,1.4,0.151,0.055,0.238,0.693,0.127
2018,Chad Kuhl,PIT,25,5,5,4.55,16,16,85.0,0.5,4.7,4.33,1.44,8.58,3.49,1.48,0.217,0.08800000000000001,0.311,0.742,0.154
2018,Francisco Liriano,DET,34,5,12,4.58,27,26,133.2,0.5,5.11,4.71,1.5,7.41,4.92,1.28,0.188,0.125,0.285,0.6779999999999999,0.162
2018,Taylor Cole,LAA,28,4,2,2.75,18,2,36.0,0.5,3.33,3.34,0.89,9.75,3.0,0.75,0.289,0.08900000000000001,0.218,0.779,0.125
2018,James Pazos,SEA,27,4,1,2.88,60,0,50.0,0.5,3.6,4.15,1.24,8.1,2.7,0.72,0.213,0.071,0.303,0.782,0.083
2018,Michael Lorenzen,CIN,26,4,2,3.11,45,3,81.0,0.5,4.16,4.46,1.38,6.0,3.78,0.67,0.157,0.099,0.291,0.779,0.09699999999999999
2018,Fernando Rodney,- - -,41,4,3,3.36,68,0,64.1,0.5,4.03,4.08,1.46,9.79,4.48,0.98,0.24600000000000002,0.11199999999999999,0.318,0.8029999999999999,0.12300000000000001
2018,Wander Suero,WSN,26,4,1,3.59,40,0,47.2,0.5,3.48,4.32,1.22,8.87,2.83,0.76,0.235,0.075,0.3,0.745,0.071
2018,Tyler Clippard,TOR,33,4,3,3.67,73,1,68.2,0.5,4.24,4.28,1.17,11.14,3.01,1.7,0.298,0.081,0.272,0.831,0.125
2018,Drew Steckenrider,MIA,27,4,4,3.9,71,0,64.2,0.5,3.62,4.03,1.27,10.3,3.76,0.97,0.272,0.099,0.296,0.741,0.099
2018,Heath Fillmyer,KCR,24,4,2,4.26,17,13,82.1,0.5,4.75,4.6,1.34,6.23,3.5,1.2,0.166,0.09300000000000001,0.277,0.735,0.139
2018,Edubray Ramos,PHI,25,3,1,2.32,52,0,42.2,0.5,3.54,4.37,1.15,8.86,3.16,0.84,0.24100000000000002,0.086,0.268,0.8109999999999999,0.075
2018,Jordan Hicks,STL,21,3,4,3.59,73,0,77.2,0.5,3.74,4.26,1.34,8.11,5.21,0.23,0.20600000000000002,0.133,0.266,0.723,0.05
2018,Brandon Woodruff,MIL,25,3,0,3.61,19,4,42.1,0.5,3.3,3.36,1.18,9.99,2.98,0.85,0.267,0.08,0.294,0.733,0.121
2018,Justin Anderson,LAA,25,3,3,4.07,57,0,55.1,0.5,3.83,4.29,1.48,10.9,6.51,0.49,0.278,0.166,0.307,0.746,0.077
2018,Sergio Romo,TBR,35,3,4,4.14,73,5,67.1,0.5,4.04,3.9,1.26,10.02,2.67,1.47,0.264,0.07,0.307,0.782,0.136
2018,Kelvin Herrera,- - -,28,2,3,2.44,48,0,44.1,0.5,3.95,4.31,1.2,7.71,2.03,1.22,0.207,0.054000000000000006,0.287,0.9209999999999999,0.105
2018,Shawn Kelley,- - -,34,2,0,2.94,54,0,49.0,0.5,3.71,4.15,0.9,9.18,2.02,1.29,0.263,0.057999999999999996,0.215,0.8240000000000001,0.10300000000000001
2018,Adam Wainwright,STL,36,2,4,4.46,8,8,40.1,0.5,4.28,4.26,1.46,8.93,4.02,1.12,0.221,0.099,0.31,0.741,0.128
2018,Zach Davies,MIL,25,2,7,4.77,13,13,66.0,0.5,4.39,4.34,1.33,6.68,2.86,1.09,0.175,0.075,0.298,0.693,0.131
2018,Hunter Wood,TBR,24,1,1,3.73,29,8,41.0,0.5,3.7,3.92,1.46,9.22,3.95,0.88,0.235,0.10099999999999999,0.33,0.79,0.10800000000000001
2018,Amir Garrett,CIN,26,1,2,4.29,66,0,63.0,0.5,3.89,3.81,1.29,10.14,3.57,1.14,0.26899999999999996,0.095,0.306,0.742,0.133
2018,Tim Hill,KCR,28,1,4,4.53,70,0,45.2,0.5,3.51,3.31,1.31,8.28,2.76,0.79,0.212,0.071,0.309,0.603,0.154
2018,Oliver Drake,- - -,31,1,1,5.29,44,0,47.2,0.5,3.24,3.5,1.45,9.63,3.21,0.76,0.244,0.081,0.353,0.637,0.10300000000000001
2018,Yovani Gallardo,- - -,32,8,8,6.39,21,18,94.1,0.4,5.42,5.29,1.63,5.53,4.48,1.34,0.13699999999999998,0.111,0.309,0.645,0.136
2018,Hector Velazquez,BOS,29,7,2,3.18,47,8,85.0,0.4,4.15,4.63,1.45,5.61,2.75,0.74,0.14300000000000002,0.07,0.325,0.79,0.08800000000000001
2018,Tyler Mahle,CIN,23,7,9,4.98,23,23,112.0,0.4,5.25,4.45,1.59,8.84,4.26,1.77,0.217,0.105,0.323,0.752,0.185
2018,Marco Estrada,TOR,34,7,14,5.64,28,28,143.2,0.4,5.44,5.79,1.43,6.45,3.13,1.82,0.16399999999999998,0.08,0.284,0.6970000000000001,0.11199999999999999
2018,Bartolo Colon,TEX,45,7,12,5.78,28,24,146.1,0.4,5.47,4.67,1.35,4.98,1.54,1.97,0.129,0.04,0.287,0.664,0.177
2018,Robert Gsellman,NYM,24,6,3,4.28,68,0,80.0,0.4,3.95,4.22,1.3,7.88,3.15,0.9,0.203,0.081,0.291,0.665,0.105
2018,Adam Conley,MIA,28,3,4,4.09,52,0,50.2,0.4,3.59,3.84,1.09,8.88,3.2,0.89,0.248,0.08900000000000001,0.25,0.633,0.106
2018,Raisel Iglesias,CIN,28,2,5,2.38,66,0,72.0,0.4,4.23,3.53,1.07,10.0,3.13,1.5,0.275,0.086,0.233,0.9159999999999999,0.188
2018,Nick Wittgren,MIA,27,2,1,2.94,32,0,33.2,0.4,3.13,4.56,1.31,8.29,4.01,0.27,0.209,0.10099999999999999,0.28,0.7340000000000001,0.027000000000000003
2018,Silvino Bracho,ARI,25,2,0,3.19,31,0,31.0,0.4,3.26,4.18,1.19,9.87,3.48,0.58,0.264,0.09300000000000001,0.295,0.753,0.061
2018,Kohl Stewart,MIN,23,2,1,3.68,8,4,36.2,0.4,3.92,4.88,1.42,5.89,4.42,0.25,0.151,0.113,0.292,0.728,0.034
2018,Scott Alexander,LAD,28,2,1,3.68,73,1,66.0,0.4,3.57,3.31,1.27,7.64,3.68,0.55,0.209,0.10099999999999999,0.296,0.721,0.19
2018,Pablo Lopez,MIA,22,2,4,4.14,10,10,58.2,0.4,4.49,4.15,1.26,7.06,2.76,1.23,0.18600000000000003,0.073,0.281,0.7490000000000001,0.157
2018,Andrew Miller,CLE,33,2,4,4.24,37,0,34.0,0.4,3.51,3.68,1.38,11.91,4.24,0.79,0.292,0.10400000000000001,0.329,0.753,0.111
2018,Greg Holland,- - -,32,2,2,4.66,56,0,46.1,0.4,3.83,4.87,1.62,9.13,6.22,0.39,0.222,0.151,0.315,0.628,0.044000000000000004
2018,Max Fried,ATL,24,1,4,2.94,14,5,33.2,0.4,3.67,3.24,1.37,11.76,5.35,0.8,0.31,0.141,0.315,0.8220000000000001,0.2
2018,Mark Melancon,SFG,33,1,4,3.23,41,0,39.0,0.4,3.39,3.91,1.59,7.15,3.23,0.46,0.17800000000000002,0.08,0.365,0.748,0.071
2018,Doug Fister,TEX,34,1,7,4.5,12,12,66.0,0.4,5.25,4.56,1.39,5.45,2.59,1.5,0.138,0.066,0.291,0.7020000000000001,0.18600000000000003
2018,Luis Cessa,NYY,26,1,4,5.24,16,5,44.2,0.4,3.74,3.84,1.43,7.86,2.62,1.01,0.2,0.067,0.333,0.649,0.11900000000000001
2018,Luis Perdomo,SDP,25,1,6,7.05,12,10,44.2,0.4,4.26,4.65,1.88,7.86,4.43,0.81,0.18,0.10099999999999999,0.389,0.614,0.095
2018,Adam Morgan,PHI,28,0,2,3.83,67,0,49.1,0.4,3.79,3.81,1.44,9.12,4.01,0.91,0.23399999999999999,0.10300000000000001,0.321,0.7190000000000001,0.125
2018,Artie Lewicki,DET,26,0,2,4.89,13,3,38.2,0.4,4.12,4.48,1.6,6.98,3.26,0.93,0.17600000000000002,0.08199999999999999,0.364,0.679,0.1
2018,Daniel Norris,DET,25,0,5,5.68,11,8,44.1,0.4,4.63,4.22,1.47,10.35,3.86,1.62,0.255,0.095,0.317,0.6990000000000001,0.154
2018,Felix Hernandez,SEA,32,8,14,5.55,29,28,155.2,0.3,5.18,4.65,1.4,7.23,3.41,1.56,0.182,0.086,0.286,0.64,0.166
2018,Jesse Biddle,ATL,26,6,1,3.11,60,0,63.2,0.3,3.88,3.57,1.27,9.47,4.38,0.85,0.252,0.11699999999999999,0.277,0.767,0.171
2018,Kevin McCarthy,KCR,26,5,4,3.25,65,0,72.0,0.3,4.06,3.63,1.25,5.75,2.5,0.88,0.157,0.068,0.289,0.779,0.19399999999999998
2018,Ryan Tepera,TOR,30,5,5,3.62,68,0,64.2,0.3,4.17,4.02,1.22,9.46,3.34,1.25,0.259,0.091,0.291,0.795,0.138
2018,Jonny Venters,- - -,33,5,2,3.67,50,1,34.1,0.3,3.45,3.79,1.22,7.08,4.19,0.26,0.18600000000000003,0.11,0.25,0.6729999999999999,0.067
2018,Cam Bedrosian,LAA,26,5,4,3.8,71,0,64.0,0.3,4.11,4.19,1.39,8.02,3.66,0.98,0.21,0.096,0.313,0.7509999999999999,0.121
2018,Ariel Jurado,TEX,22,5,5,5.93,12,8,54.2,0.3,5.01,5.04,1.54,3.62,2.96,1.15,0.091,0.075,0.304,0.647,0.125
2018,Archie Bradley,ARI,25,4,5,3.64,76,0,71.2,0.3,3.7,3.57,1.14,9.42,2.51,1.13,0.253,0.068,0.282,0.763,0.138
2018,Brian Johnson,BOS,27,4,5,4.17,38,13,99.1,0.3,4.68,4.76,1.43,7.88,3.44,1.45,0.2,0.08800000000000001,0.301,0.779,0.122
2018,Erik Goeddel,- - -,29,3,0,2.95,31,0,36.2,0.3,3.9,3.97,1.25,10.8,4.91,0.98,0.284,0.129,0.256,0.845,0.121
2018,Johnny Cueto,SFG,32,3,2,3.23,9,9,53.0,0.3,4.71,4.52,1.11,6.45,2.21,1.36,0.17800000000000002,0.061,0.253,0.852,0.14
2018,Sam Freeman,ATL,31,3,5,4.29,63,0,50.1,0.3,3.66,3.83,1.45,10.37,5.72,0.54,0.26899999999999996,0.14800000000000002,0.314,0.6920000000000001,0.10300000000000001
2018,T.J. McFarland,ARI,29,2,2,2.0,47,0,72.0,0.3,3.63,3.78,1.19,5.25,2.75,0.5,0.14400000000000002,0.075,0.268,0.846,0.105
2018,Arodys Vizcaino,ATL,27,2,2,2.11,39,0,38.1,0.3,3.76,4.21,1.17,9.39,3.52,0.94,0.253,0.095,0.268,0.9179999999999999,0.095
2018,Josh Fields,LAD,32,2,2,2.2,45,0,41.0,0.3,3.62,4.61,0.95,7.24,2.41,0.88,0.214,0.071,0.226,0.868,0.071
2018,Tim Mayza,TOR,26,2,0,3.28,37,0,35.2,0.3,3.36,3.98,1.32,10.09,3.53,0.76,0.265,0.09300000000000001,0.326,0.804,0.081
2018,Mike Mayers,STL,26,2,1,4.7,50,0,51.2,0.3,3.95,3.95,1.43,8.54,2.61,1.22,0.217,0.066,0.338,0.721,0.127
2018,Erick Fedde,WSN,25,2,4,5.54,11,11,50.1,0.3,4.71,3.83,1.53,8.23,3.93,1.43,0.212,0.10099999999999999,0.333,0.6990000000000001,0.222
2018,Kenley Jansen,LAD,30,1,5,3.01,69,0,71.2,0.3,4.03,3.56,0.99,10.3,2.13,1.63,0.284,0.059000000000000004,0.234,0.821,0.159
2018,Austin Davis,PHI,25,1,2,4.15,32,0,34.2,0.3,3.68,3.85,1.36,9.87,3.12,1.04,0.252,0.079,0.326,0.6679999999999999,0.114
2018,Luke Jackson,ATL,26,1,2,4.43,35,0,40.2,0.3,3.55,3.94,1.52,10.18,4.65,0.66,0.25,0.114,0.339,0.7020000000000001,0.091
2018,Daniel Stumpf,DET,27,1,5,4.93,56,0,38.1,0.3,4.18,4.46,1.57,8.69,3.76,1.17,0.214,0.092,0.339,0.698,0.109
2018,Yefry Ramirez,BAL,24,1,8,5.92,17,12,65.1,0.3,5.29,5.25,1.53,8.54,4.96,1.52,0.21100000000000002,0.122,0.293,0.677,0.129
2018,Jacob Barnes,MIL,28,0,1,3.33,49,0,48.2,0.3,3.72,4.0,1.52,8.69,4.25,0.74,0.217,0.106,0.329,0.731,0.1
2018,Glenn Sparkman,KCR,26,0,3,4.46,15,3,38.1,0.3,4.02,4.73,1.62,6.34,3.52,0.7,0.153,0.085,0.338,0.731,0.075
2018,Aaron Loup,- - -,30,0,0,4.54,59,0,39.2,0.3,3.61,3.72,1.56,9.98,3.18,0.91,0.24,0.077,0.376,0.7120000000000001,0.11800000000000001
2018,Chase Anderson,MIL,30,9,8,3.93,30,30,158.0,0.2,5.22,4.79,1.19,7.29,3.25,1.71,0.19899999999999998,0.08900000000000001,0.239,0.81,0.154
2018,Corbin Burnes,MIL,23,7,0,2.61,30,0,38.0,0.2,3.79,3.77,1.0,8.29,2.61,0.95,0.23,0.07200000000000001,0.232,0.847,0.129
2018,Caleb Ferguson,LAD,21,7,2,3.49,29,3,49.0,0.2,3.79,2.95,1.12,10.84,2.2,1.47,0.292,0.059000000000000004,0.292,0.7909999999999999,0.21100000000000002
2018,Jason Vargas,NYM,35,7,9,5.77,20,20,92.0,0.2,5.02,4.41,1.41,8.22,2.93,1.76,0.20800000000000002,0.07400000000000001,0.307,0.6829999999999999,0.16699999999999998
2018,Brandon McCarthy,ATL,34,6,3,4.92,15,15,78.2,0.2,4.79,3.76,1.46,7.44,2.4,1.72,0.192,0.062,0.332,0.745,0.217
2018,Joe Smith,HOU,34,5,1,3.74,56,0,45.2,0.2,4.06,3.69,1.01,9.07,2.36,1.38,0.256,0.067,0.239,0.733,0.156
2018,Chad Bettis,COL,29,5,2,5.01,27,20,120.1,0.2,5.07,4.76,1.4,5.98,3.52,1.35,0.154,0.091,0.28,0.6829999999999999,0.151
2018,Yoshihisa Hirano,ARI,34,4,3,2.44,75,0,66.1,0.2,3.69,4.01,1.09,8.01,3.12,0.81,0.225,0.08800000000000001,0.25,0.7929999999999999,0.1
2018,Sam Tuivailala,- - -,25,4,3,3.41,36,0,37.0,0.2,3.73,4.1,1.43,7.3,2.92,0.73,0.182,0.073,0.322,0.787,0.094
2018,Thomas Pannone,TOR,24,4,1,4.19,12,6,43.0,0.2,5.11,5.57,1.21,6.07,3.14,1.47,0.16,0.083,0.234,0.769,0.10400000000000001
2018,John Axford,- - -,35,4,1,5.27,50,1,54.2,0.2,3.98,3.86,1.35,8.89,3.62,0.99,0.23199999999999998,0.094,0.311,0.612,0.14
2018,Steven Wright,BOS,33,3,1,2.68,20,4,53.2,0.2,4.37,4.67,1.25,7.04,4.36,0.84,0.188,0.11699999999999999,0.243,0.8390000000000001,0.102
2018,Adam Warren,- - -,30,3,2,3.14,47,0,51.2,0.2,3.93,4.31,1.32,9.06,3.48,1.05,0.233,0.09,0.294,0.8440000000000001,0.102
2018,Brandon Kintzler,- - -,33,3,3,4.6,70,0,60.2,0.2,4.1,4.5,1.47,6.38,3.26,0.74,0.163,0.084,0.328,0.721,0.09300000000000001
2018,Andrew Triggs,OAK,29,3,1,5.23,9,9,41.1,0.2,4.81,4.32,1.33,9.36,3.92,1.52,0.23600000000000002,0.099,0.27,0.705,0.163
2018,Matt Moore,TEX,29,3,8,6.79,39,12,102.0,0.2,5.25,5.06,1.66,7.59,3.62,1.68,0.183,0.087,0.341,0.624,0.138
2018,Alex Wilson,DET,31,2,4,3.36,59,0,61.2,0.2,4.28,4.09,1.05,6.28,2.19,1.17,0.17600000000000002,0.061,0.237,0.7709999999999999,0.14300000000000002
2018,Austin Pruitt,TBR,28,2,3,4.65,23,0,69.2,0.2,3.99,4.51,1.26,5.43,2.07,0.9,0.14400000000000002,0.055,0.289,0.619,0.091
2018,Jorge Lopez,- - -,25,2,5,5.03,17,7,53.2,0.2,4.48,4.72,1.47,6.37,3.69,1.01,0.162,0.094,0.305,0.698,0.109
2018,Sean Reid-Foley,TOR,22,2,4,5.13,7,7,33.1,0.2,4.96,4.21,1.56,11.34,5.67,1.62,0.28,0.14,0.313,0.6729999999999999,0.188
2018,Ryan Madson,- - -,37,2,5,5.47,58,0,52.2,0.2,3.98,3.97,1.41,9.23,2.73,1.2,0.23399999999999999,0.069,0.34,0.645,0.127
2018,Austin Bibens-Dirkx,TEX,33,2,3,6.2,13,6,45.0,0.2,5.56,5.02,1.56,6.6,2.8,1.8,0.163,0.069,0.331,0.6729999999999999,0.161
2018,Odrisamer Despaigne,- - -,31,2,3,6.69,19,5,39.0,0.2,4.31,4.46,1.82,8.08,4.38,0.92,0.18600000000000003,0.10099999999999999,0.375,0.579,0.114
2018,Jeffrey Springs,TEX,25,1,1,3.37,18,2,32.0,0.2,4.25,4.75,1.44,8.72,3.94,1.12,0.22,0.099,0.308,0.797,0.098
2018,Chaz Roe,TBR,31,1,3,3.58,61,0,50.1,0.2,4.03,3.83,1.01,9.48,2.86,1.07,0.261,0.079,0.242,0.7509999999999999,0.146
2018,Taylor Williams,MIL,26,1,3,4.25,56,0,53.0,0.2,3.95,4.1,1.47,9.68,4.25,1.02,0.242,0.106,0.32,0.722,0.115
2018,Yu Darvish,CHC,31,1,3,4.95,8,8,40.0,0.2,4.86,4.24,1.43,11.03,4.73,1.58,0.272,0.11699999999999999,0.293,0.723,0.175
2018,Hector Neris,PHI,29,1,3,5.1,53,0,47.2,0.2,4.04,2.7,1.3,14.35,3.02,2.08,0.374,0.079,0.354,0.7559999999999999,0.22899999999999998
2018,Eric Skoglund,KCR,25,1,6,5.14,14,13,70.0,0.2,5.06,4.86,1.21,6.3,2.44,1.54,0.16699999999999998,0.065,0.261,0.674,0.14
2018,Michael Feliz,PIT,25,1,2,5.66,47,0,47.2,0.2,4.13,4.33,1.51,10.38,4.34,1.13,0.253,0.106,0.331,0.631,0.113
2018,Ben Lively,- - -,26,0,3,5.64,10,5,30.1,0.2,4.87,5.28,1.85,8.01,4.45,1.19,0.18600000000000003,0.10300000000000001,0.385,0.7490000000000001,0.10300000000000001
2018,Lucas Giolito,CHW,23,10,13,6.13,32,32,173.1,0.1,5.56,5.46,1.48,6.49,4.67,1.4,0.161,0.11599999999999999,0.268,0.635,0.134
2018,Dan Jennings,MIL,31,4,5,3.22,72,1,64.1,0.1,4.09,4.04,1.38,6.3,3.22,0.84,0.166,0.085,0.306,0.772,0.133
2018,Louis Coleman,DET,32,4,1,3.51,51,0,51.1,0.1,4.58,4.89,1.31,7.19,4.21,0.88,0.18899999999999997,0.111,0.27,0.7879999999999999,0.102
2018,Heath Hembree,BOS,29,4,1,4.2,67,0,60.0,0.1,4.19,3.79,1.33,11.4,4.05,1.5,0.292,0.10400000000000001,0.295,0.7609999999999999,0.156
2018,Drew Rucinski,MIA,29,4,2,4.33,32,0,35.1,0.1,3.81,4.76,1.33,6.88,3.31,0.51,0.175,0.084,0.296,0.622,0.055999999999999994
2018,Jake Faria,TBR,24,4,4,5.4,17,12,65.0,0.1,5.08,5.42,1.43,6.92,4.57,1.25,0.17800000000000002,0.11699999999999999,0.274,0.6829999999999999,0.107
2018,Mike Wright Jr.,BAL,28,4,2,5.55,48,2,84.1,0.1,4.78,4.8,1.62,7.9,3.84,1.28,0.191,0.09300000000000001,0.344,0.7,0.126
2018,Bud Norris,STL,33,3,6,3.59,64,0,57.2,0.1,3.99,3.65,1.25,10.46,3.28,1.25,0.273,0.086,0.299,0.76,0.157
2018,Brian Flynn,KCR,28,3,5,4.04,48,0,75.2,0.1,4.28,5.0,1.61,5.59,4.16,0.59,0.14,0.10400000000000001,0.333,0.746,0.069
2018,Buck Farmer,DET,27,3,4,4.15,66,1,69.1,0.1,4.46,5.17,1.56,7.4,5.32,0.78,0.185,0.133,0.3,0.746,0.078
2018,Gabriel Moya,MIN,23,3,1,4.71,35,6,36.1,0.1,4.76,4.7,1.32,7.68,3.22,1.49,0.195,0.08199999999999999,0.269,0.7390000000000001,0.13
2018,Nate Jones,CHW,32,2,2,3.0,33,0,30.0,0.1,4.56,4.7,1.43,9.6,4.5,1.2,0.23399999999999999,0.109,0.289,0.792,0.11800000000000001
2018,Zack Britton,- - -,30,2,0,3.1,41,0,40.2,0.1,4.22,3.75,1.23,7.52,4.65,0.66,0.201,0.124,0.241,0.758,0.25
2018,Blake Parker,LAA,33,2,1,3.26,67,0,66.1,0.1,4.4,4.04,1.24,9.5,2.58,1.63,0.254,0.069,0.297,0.894,0.15
2018,JT Chargois,LAD,27,2,4,3.34,39,0,32.1,0.1,3.87,2.98,1.27,11.13,4.18,1.11,0.29600000000000004,0.111,0.297,0.802,0.28600000000000003
2018,Sandy Alcantara,MIA,22,2,3,3.44,6,6,34.0,0.1,4.75,5.16,1.41,7.94,6.09,0.79,0.205,0.158,0.25,0.8079999999999999,0.094
2018,Cory Gearrin,- - -,32,2,1,3.77,62,0,57.1,0.1,4.31,4.34,1.34,8.32,3.3,1.1,0.214,0.085,0.304,0.8059999999999999,0.125
2018,Victor Alcantara,DET,25,1,1,2.4,27,0,30.0,0.1,4.53,3.96,1.03,6.3,1.8,1.5,0.17600000000000002,0.05,0.23,0.958,0.172
2018,Matt Wisler,- - -,25,1,1,4.28,18,3,40.0,0.1,4.69,4.52,1.2,7.2,1.58,1.8,0.193,0.042,0.277,0.7609999999999999,0.136
2018,Santiago Casilla,OAK,37,0,0,3.16,26,0,31.1,0.1,4.05,5.85,1.21,6.32,5.74,0.0,0.16699999999999998,0.152,0.209,0.738,0.0
2018,Paul Sewald,NYM,28,0,7,6.07,46,0,56.1,0.1,4.23,4.67,1.51,9.27,3.67,1.28,0.22899999999999998,0.091,0.331,0.628,0.10300000000000001
2018,Justin Miller,WSN,31,7,1,3.61,51,0,52.1,0.0,4.44,4.23,1.13,10.32,2.92,1.72,0.27899999999999997,0.079,0.254,0.83,0.139
2018,Brandon Workman,BOS,29,6,1,3.27,43,0,41.1,0.0,4.42,4.25,1.21,8.06,3.48,1.31,0.222,0.096,0.259,0.841,0.14
2018,Dan Straily,MIA,29,5,6,4.12,23,23,122.1,0.0,5.11,4.99,1.3,7.28,3.83,1.47,0.191,0.1,0.256,0.754,0.135
2018,Nick Tropeano,LAA,27,5,6,4.74,14,14,76.0,0.0,5.52,4.71,1.3,7.58,3.67,1.89,0.203,0.098,0.256,0.763,0.18
2018,Framber Valdez,HOU,24,4,1,2.19,8,5,37.0,0.0,4.65,4.26,1.24,8.27,5.84,0.73,0.221,0.156,0.213,0.873,0.2
2018,Shane Greene,DET,29,4,6,5.12,66,0,63.1,0.0,4.61,4.05,1.37,9.24,2.7,1.71,0.233,0.068,0.311,0.6970000000000001,0.16399999999999998
2018,Jake Petricka,TOR,30,3,1,4.53,41,0,45.2,0.0,4.45,4.05,1.64,8.08,3.15,1.18,0.19699999999999998,0.077,0.379,0.726,0.16699999999999998
2018,David Hess,BAL,24,3,10,4.88,21,19,103.1,0.0,5.8,5.51,1.38,6.45,3.22,1.92,0.163,0.081,0.268,0.7240000000000001,0.142
2018,Matt Andriese,- - -,28,3,7,5.26,41,5,78.2,0.0,4.69,3.7,1.39,8.92,2.86,1.72,0.22899999999999998,0.07400000000000001,0.314,0.667,0.21100000000000002
2018,Jaime Garcia,- - -,31,3,7,5.82,33,14,82.0,0.0,5.16,5.03,1.54,8.01,4.83,1.43,0.198,0.11900000000000001,0.292,0.65,0.135
2018,Wandy Peralta,CIN,26,2,2,5.36,59,0,45.1,0.0,4.55,5.58,1.96,6.15,6.15,0.4,0.13699999999999998,0.13699999999999998,0.348,0.669,0.045
2018,Javy Guerra,MIA,32,1,1,5.55,32,0,35.2,0.0,4.2,4.45,1.51,7.57,3.03,1.01,0.185,0.07400000000000001,0.336,0.584,0.10800000000000001
2018,Homer Bailey,CIN,32,1,14,6.09,20,20,106.1,0.0,5.55,4.65,1.64,6.35,2.79,1.95,0.152,0.067,0.327,0.654,0.187
2018,Noe Ramirez,LAA,28,7,5,4.54,69,1,83.1,-0.1,4.52,3.82,1.26,10.26,3.24,1.62,0.26899999999999996,0.085,0.29,0.7559999999999999,0.18100000000000002
2018,Hector Santiago,CHW,30,6,3,4.41,49,7,102.0,-0.1,5.09,5.38,1.58,9.09,5.29,1.41,0.22399999999999998,0.13,0.308,0.78,0.111
2018,Jalen Beeks,- - -,24,5,1,5.51,14,1,50.2,-0.1,4.64,4.67,1.5,7.46,4.26,1.07,0.188,0.10800000000000001,0.311,0.68,0.125
2018,Fernando Salas,ARI,33,4,4,4.5,41,0,40.0,-0.1,4.34,4.61,1.33,6.75,2.93,1.13,0.17600000000000002,0.076,0.289,0.723,0.109
2018,Cody Allen,CLE,29,4,6,4.7,70,0,67.0,-0.1,4.56,4.55,1.36,10.75,4.43,1.48,0.27699999999999997,0.114,0.292,0.754,0.128
2018,Trevor Hildenberger,MIN,27,4,6,5.42,73,0,73.0,-0.1,4.53,3.8,1.38,8.63,3.21,1.48,0.21899999999999997,0.08199999999999999,0.301,0.6609999999999999,0.19399999999999998
2018,Vidal Nuno,TBR,30,3,0,1.64,17,0,33.0,-0.1,4.46,4.85,1.03,7.91,2.73,1.36,0.21600000000000003,0.075,0.216,1.0,0.106
2018,Hunter Strickland,SFG,29,3,5,3.97,49,0,45.1,-0.1,4.42,4.99,1.41,7.35,4.17,0.99,0.184,0.10400000000000001,0.277,0.69,0.091
2018,Daniel Hudson,LAD,31,3,2,4.11,40,1,46.0,-0.1,4.38,4.33,1.22,8.61,3.52,1.17,0.223,0.091,0.256,0.6779999999999999,0.13
2018,Jerry Blevins,NYM,34,3,2,4.85,64,1,42.2,-0.1,4.97,5.77,1.36,8.65,4.64,1.27,0.218,0.11699999999999999,0.263,0.7140000000000001,0.08800000000000001
2018,Pierce Johnson,SFG,27,3,2,5.56,37,0,43.2,-0.1,4.51,5.07,1.37,7.42,4.53,1.03,0.19399999999999998,0.11800000000000001,0.268,0.623,0.09300000000000001
2018,Danny Barnes,TOR,28,3,3,5.71,47,0,41.0,-0.1,4.89,5.53,1.68,8.34,4.83,1.32,0.19899999999999998,0.115,0.331,0.682,0.095
2018,Yacksel Rios,PHI,25,3,2,6.75,36,0,36.0,-0.1,4.74,4.05,1.61,9.0,3.75,1.5,0.218,0.091,0.349,0.62,0.188
2018,Hansel Robles,- - -,27,2,3,3.7,53,0,56.0,-0.1,4.59,4.36,1.39,9.48,4.02,1.45,0.244,0.10300000000000001,0.299,0.8009999999999999,0.14300000000000002
2018,Chris Devenski,HOU,27,2,3,4.18,50,1,47.1,-0.1,4.49,4.01,1.16,9.7,2.47,1.71,0.26,0.066,0.275,0.7709999999999999,0.158
2018,Chris Rusin,COL,31,2,3,6.09,49,0,54.2,-0.1,4.64,4.25,1.5,7.74,4.28,1.15,0.195,0.10800000000000001,0.308,0.5660000000000001,0.16699999999999998
2018,Martin Perez,TEX,27,2,7,6.22,22,15,85.1,-0.1,5.72,4.98,1.78,5.48,3.8,1.69,0.131,0.091,0.344,0.653,0.182
2018,Wily Peralta,KCR,29,1,0,3.67,37,0,34.1,-0.1,4.73,4.66,1.49,9.17,6.03,1.05,0.235,0.154,0.279,0.8190000000000001,0.133
2018,Zach McAllister,- - -,30,1,2,6.2,44,0,45.0,-0.1,4.47,4.14,1.49,7.8,2.0,1.6,0.196,0.05,0.348,0.616,0.14800000000000002
2018,Jeff Samardzija,SFG,33,1,5,6.25,10,10,44.2,-0.1,5.44,6.18,1.63,6.04,5.24,1.21,0.145,0.126,0.287,0.6459999999999999,0.09
2018,Jorge De La Rosa,- - -,37,0,2,3.38,59,0,56.0,-0.1,4.37,4.43,1.39,7.55,4.34,0.96,0.193,0.111,0.278,0.765,0.122
2018,Jimmy Yacabonis,BAL,26,0,2,5.4,12,7,40.0,-0.1,5.84,5.22,1.45,7.43,4.05,1.8,0.18600000000000003,0.102,0.283,0.7340000000000001,0.16699999999999998
2018,Kazuhisa Makita,SDP,33,0,1,5.4,27,0,35.0,-0.1,4.85,4.04,1.26,9.51,3.09,1.8,0.248,0.081,0.275,0.635,0.184
2018,Jim Johnson,LAA,35,5,3,3.84,62,1,63.1,-0.2,4.68,4.32,1.36,6.39,3.13,1.28,0.168,0.08199999999999999,0.288,0.659,0.158
2018,Emilio Pagan,OAK,27,3,1,4.35,55,0,62.0,-0.2,4.92,4.75,1.19,9.15,2.76,1.89,0.24,0.073,0.256,0.799,0.135
2018,Luke Farrell,CHC,27,3,4,5.17,20,2,31.1,-0.2,5.2,4.41,1.47,11.2,4.6,2.01,0.27699999999999997,0.113,0.295,0.672,0.175
2018,Miguel Castro,BAL,23,2,7,3.96,63,1,86.1,-0.2,5.11,5.38,1.45,5.94,5.21,0.94,0.152,0.133,0.259,0.758,0.106
2018,Jackson Stephens,CIN,24,2,3,4.93,29,0,38.1,-0.2,5.22,4.57,1.7,7.75,3.52,1.64,0.18,0.08199999999999999,0.344,0.653,0.175
2018,Jaime Schultz,TBR,27,2,2,5.64,22,1,30.1,-0.2,5.4,5.01,1.15,10.38,5.04,1.78,0.28,0.136,0.188,0.642,0.15
2018,Addison Reed,MIN,29,1,6,4.5,55,0,56.0,-0.2,5.11,5.03,1.43,7.07,2.41,1.77,0.182,0.062,0.32,0.784,0.131
2018,Brett Graves,MIA,25,1,1,5.4,21,0,33.1,-0.2,4.51,4.83,1.59,5.67,3.24,0.81,0.142,0.081,0.352,0.6629999999999999,0.1
2018,Tayron Guerrero,MIA,27,1,3,5.43,60,0,58.0,-0.2,4.32,4.03,1.62,10.55,4.66,1.24,0.254,0.11199999999999999,0.352,0.664,0.151
2018,Sammy Solis,WSN,29,1,2,6.41,56,0,39.1,-0.2,4.91,4.11,1.55,10.07,4.12,1.6,0.249,0.102,0.346,0.67,0.19399999999999998
2018,Matt Belisle,- - -,38,1,1,7.86,33,0,34.1,-0.2,5.2,4.76,1.75,6.55,2.88,1.57,0.154,0.068,0.368,0.568,0.158
2018,Tyler Bashlor,NYM,25,0,3,4.22,24,0,32.0,-0.2,5.44,5.58,1.19,7.03,3.38,1.69,0.185,0.08900000000000001,0.225,0.767,0.12
2018,Neil Ramirez,CLE,29,0,3,4.54,47,0,41.2,-0.2,5.03,4.21,1.3,11.02,3.89,1.94,0.28300000000000003,0.1,0.273,0.8109999999999999,0.18
2018,Steven Brault,PIT,26,6,3,4.61,45,5,91.2,-0.3,4.92,5.01,1.54,8.05,5.6,0.98,0.19899999999999998,0.138,0.289,0.726,0.11900000000000001
2018,Chasen Bradford,SEA,28,5,0,3.69,46,0,53.2,-0.3,4.99,4.75,1.29,6.37,2.35,1.51,0.165,0.061,0.279,0.831,0.14300000000000002
2018,Nick Kingham,PIT,26,5,7,5.21,18,15,76.0,-0.3,5.65,4.63,1.38,8.17,3.08,2.13,0.20199999999999999,0.076,0.272,0.708,0.18899999999999997
2018,Randy Rosario,CHC,24,4,0,3.66,44,0,46.2,-0.3,4.68,4.6,1.48,5.79,4.24,0.96,0.15,0.11,0.294,0.758,0.135
2018,Adam Plutko,CLE,26,4,5,5.28,17,12,76.2,-0.3,6.1,5.46,1.32,7.04,2.7,2.47,0.184,0.071,0.258,0.785,0.154
2018,Bryan Shaw,COL,30,4,6,5.93,61,0,54.2,-0.3,4.92,4.35,1.79,8.89,4.61,1.48,0.21,0.109,0.37,0.648,0.17300000000000001
2018,Matt Magill,MIN,28,3,3,3.81,40,0,56.2,-0.3,5.08,4.66,1.43,8.89,3.65,1.75,0.225,0.092,0.301,0.875,0.153
2018,Corey Oswalt,NYM,24,3,3,5.85,17,12,64.2,-0.3,5.7,4.85,1.38,6.26,2.78,1.95,0.16,0.071,0.276,0.6809999999999999,0.182
2018,Dan Otero,CLE,33,2,1,5.22,61,0,58.2,-0.3,4.76,3.17,1.26,6.6,0.77,1.84,0.174,0.02,0.31,0.6809999999999999,0.316
2018,Wilmer Font,- - -,28,2,3,5.93,19,5,44.0,-0.3,6.23,4.9,1.41,7.36,3.27,2.45,0.188,0.083,0.268,0.736,0.203
2018,Jake McGee,COL,31,2,4,6.49,61,0,51.1,-0.3,4.91,4.41,1.46,8.24,2.81,1.75,0.207,0.07,0.322,0.603,0.159
2018,Jacob Rhame,NYM,25,1,2,5.85,30,0,32.1,-0.3,5.48,5.12,1.42,7.79,2.23,2.23,0.2,0.057,0.316,0.726,0.14300000000000002
2018,Chris Volstad,CHW,31,1,5,6.27,33,1,47.1,-0.3,5.36,4.46,1.63,5.51,2.28,1.71,0.135,0.055999999999999994,0.346,0.6679999999999999,0.2
2018,Jason Adam,KCR,26,0,3,6.12,31,0,32.1,-0.3,6.16,5.04,1.39,10.3,4.18,2.51,0.261,0.106,0.269,0.7340000000000001,0.184
2018,Tyler Chatwood,CHC,28,4,6,5.3,24,20,103.2,-0.4,5.6,5.76,1.8,7.38,8.25,0.78,0.175,0.195,0.286,0.728,0.111
2018,Chasen Shreve,- - -,27,3,4,3.93,60,0,52.2,-0.4,5.12,4.25,1.52,10.59,4.61,1.88,0.264,0.115,0.313,0.8079999999999999,0.18600000000000003
2018,Brad Boxberger,ARI,30,3,7,4.39,60,0,53.1,-0.4,4.55,3.87,1.43,11.98,5.4,1.52,0.302,0.136,0.287,0.73,0.184
2018,Chris Hatcher,OAK,33,3,3,4.95,34,0,36.1,-0.4,5.5,4.72,1.65,7.43,4.21,1.73,0.18,0.102,0.321,0.742,0.184
2018,Jefry Rodriguez,WSN,24,3,3,5.71,14,8,52.0,-0.4,5.97,5.91,1.54,6.75,6.4,1.38,0.16699999999999998,0.159,0.24,0.669,0.131
2018,Andrew Kittredge,TBR,28,3,2,7.75,33,3,38.1,-0.4,5.38,4.43,1.85,7.04,3.99,1.64,0.166,0.094,0.373,0.611,0.212
2018,Brad Ziegler,- - -,38,2,6,3.91,82,0,73.2,-0.4,4.31,3.58,1.3,6.11,3.05,0.98,0.16399999999999998,0.08199999999999999,0.286,0.737,0.267
2018,Harrison Musgrave,COL,26,2,3,4.63,35,0,44.2,-0.4,5.31,5.23,1.3,6.45,4.43,1.41,0.17300000000000001,0.11900000000000001,0.236,0.732,0.132
2018,Drew Pomeranz,BOS,29,2,6,6.08,26,11,74.0,-0.4,5.43,5.31,1.77,8.03,5.35,1.46,0.192,0.128,0.344,0.6940000000000001,0.135
2018,Jacob Nix,SDP,22,2,5,7.02,9,9,42.1,-0.4,5.83,5.6,1.54,4.46,2.76,1.7,0.111,0.068,0.306,0.623,0.14
2018,Kendall Graveman,OAK,27,1,5,7.6,7,7,34.1,-0.4,6.22,4.4,1.66,7.08,3.41,2.36,0.171,0.08199999999999999,0.324,0.573,0.273
2018,Warwick Saupold,DET,28,4,1,4.46,31,0,34.1,-0.5,5.81,5.32,1.57,4.19,3.41,1.57,0.10099999999999999,0.08199999999999999,0.289,0.8190000000000001,0.162
2018,Elieser Hernandez,MIA,23,2,7,5.21,32,6,65.2,-0.5,5.29,5.76,1.45,6.17,3.7,1.51,0.158,0.095,0.286,0.723,0.105
2018,Bryan Mitchell,SDP,27,2,4,5.42,16,11,73.0,-0.5,6.11,5.53,1.75,4.68,5.3,1.48,0.113,0.128,0.302,0.7509999999999999,0.174
2018,Austin Brice,CIN,26,2,3,5.79,33,0,37.1,-0.5,5.87,4.24,1.39,7.71,3.13,2.17,0.198,0.08,0.286,0.684,0.265
2018,Drew Hutchison,- - -,27,2,2,6.75,16,5,42.2,-0.5,6.42,5.73,1.78,6.54,5.48,1.9,0.156,0.131,0.313,0.703,0.17
2018,Carson Fulmer,CHW,24,2,4,8.07,9,8,32.1,-0.5,7.27,6.56,1.89,8.07,6.68,2.23,0.177,0.146,0.296,0.62,0.163
2018,Burch Smith,KCR,28,1,6,6.92,38,6,78.0,-0.5,5.38,4.85,1.67,8.88,4.62,1.73,0.215,0.11199999999999999,0.338,0.655,0.161
2018,Chris Beck,- - -,27,0,0,4.5,20,0,34.0,-0.5,6.84,5.77,1.59,5.56,5.29,2.12,0.142,0.135,0.265,0.868,0.195
2018,Phil Hughes,- - -,32,0,0,6.34,23,2,32.2,-0.5,6.59,4.79,1.65,8.82,2.76,3.03,0.21100000000000002,0.066,0.337,0.8079999999999999,0.21600000000000003
2018,Joe Biagini,TOR,28,4,7,6.0,50,4,72.0,-0.6,5.47,4.7,1.67,6.63,3.0,1.75,0.162,0.073,0.355,0.7140000000000001,0.182
2018,A.J. Cole,- - -,26,4,2,6.14,32,2,48.1,-0.6,6.12,4.31,1.59,10.99,4.1,2.79,0.267,0.1,0.32,0.696,0.231
2018,Erasmo Ramirez,SEA,28,2,4,6.5,10,10,45.2,-0.6,6.69,4.91,1.4,6.5,2.36,2.76,0.163,0.059000000000000004,0.271,0.675,0.23
2018,Kyle Barraclough,MIA,28,1,6,4.2,61,0,55.2,-0.6,4.97,4.56,1.33,9.7,5.5,1.29,0.245,0.139,0.232,0.767,0.163
2018,Brett Cecil,STL,31,1,1,6.89,40,0,32.2,-0.7,6.28,6.47,1.96,5.23,6.89,1.38,0.121,0.159,0.315,0.649,0.11599999999999999
2018,Deck McGuire,- - -,29,0,2,6.16,21,4,38.0,-0.7,6.95,5.74,1.68,7.82,6.16,2.13,0.18600000000000003,0.147,0.279,0.727,0.209
2018,Matt Koch,ARI,27,5,5,4.15,19,14,86.2,-0.8,5.83,4.75,1.27,5.19,2.28,1.97,0.139,0.061,0.262,0.8170000000000001,0.204
2018,Eddie Butler,- - -,27,2,3,5.62,30,0,49.2,-0.8,6.14,5.02,1.57,5.26,3.44,1.99,0.127,0.083,0.287,0.7120000000000001,0.20800000000000002
2018,Brandon Maurer,KCR,27,0,4,7.76,37,0,31.1,-0.8,6.58,5.73,2.14,8.9,7.18,2.01,0.19399999999999998,0.156,0.365,0.67,0.179
2018,Matt Albers,MIL,35,3,3,7.34,34,0,34.1,-0.9,6.31,4.2,1.66,8.39,3.15,2.62,0.204,0.076,0.347,0.667,0.28600000000000003
2018,Brian Duensing,CHC,35,3,0,7.65,48,0,37.2,-0.9,6.35,6.16,1.88,5.73,6.93,1.43,0.133,0.16,0.298,0.613,0.14
2018,Jarlin Garcia,MIA,25,3,3,4.91,29,7,66.0,-1.3,6.37,5.17,1.32,5.45,3.82,2.18,0.14400000000000002,0.10099999999999999,0.222,0.774,0.205
2018,Josh Tomlin,CLE,33,2,5,6.14,32,9,70.1,-1.4,7.16,5.28,1.48,5.89,1.54,3.2,0.14300000000000002,0.037000000000000005,0.286,0.767,0.214
2019,Gerrit Cole,HOU,28,20,5,2.5,33,33,212.1,7.5,2.64,2.48,0.89,13.82,2.03,1.23,0.39899999999999997,0.059000000000000004,0.275,0.833,0.16899999999999998
2019,Jacob deGrom,NYM,31,11,8,2.43,32,32,204.0,6.9,2.67,3.11,0.97,11.25,1.94,0.84,0.317,0.055,0.282,0.818,0.11199999999999999
2019,Lance Lynn,TEX,32,16,11,3.67,33,33,208.1,6.8,3.13,3.85,1.22,10.63,2.55,0.91,0.281,0.067,0.322,0.7440000000000001,0.099
2019,Max Scherzer,WSN,34,11,7,2.92,27,27,172.1,6.5,2.45,2.88,1.03,12.69,1.72,0.94,0.35100000000000003,0.048,0.321,0.787,0.11599999999999999
2019,Justin Verlander,HOU,36,21,6,2.58,34,34,223.0,6.4,3.27,3.18,0.8,12.11,1.7,1.45,0.354,0.05,0.218,0.884,0.16
2019,Charlie Morton,TBR,35,16,6,3.05,33,33,194.2,6.0,2.81,3.28,1.08,11.1,2.64,0.69,0.304,0.07200000000000001,0.298,0.752,0.10400000000000001
2019,Stephen Strasburg,WSN,30,18,6,3.32,33,33,209.0,5.6,3.25,3.17,1.04,10.81,2.41,1.03,0.298,0.067,0.274,0.765,0.162
2019,Shane Bieber,CLE,24,15,8,3.28,34,33,214.1,5.5,3.32,3.23,1.05,10.88,1.68,1.3,0.302,0.047,0.296,0.774,0.161
2019,Zack Greinke,- - -,35,18,5,2.93,33,33,208.2,5.3,3.22,3.74,0.98,8.07,1.29,0.91,0.231,0.037000000000000005,0.271,0.757,0.109
2019,Lucas Giolito,CHW,24,14,9,3.41,29,29,176.2,5.2,3.43,3.66,1.06,11.62,2.9,1.22,0.32299999999999995,0.081,0.273,0.777,0.136
2019,Walker Buehler,LAD,24,14,4,3.26,30,30,182.1,5.1,3.01,3.37,1.04,10.61,1.83,0.99,0.292,0.05,0.29,0.71,0.122
2019,Hyun-Jin Ryu,LAD,32,14,5,2.32,29,29,182.2,4.9,3.1,3.32,1.01,8.03,1.18,0.84,0.225,0.033,0.278,0.8220000000000001,0.13
2019,Patrick Corbin,WSN,29,14,7,3.25,33,33,202.0,4.7,3.49,3.59,1.18,10.6,3.12,1.07,0.285,0.084,0.29,0.773,0.14400000000000002
2019,Jack Flaherty,STL,23,11,8,2.75,33,33,196.1,4.7,3.46,3.64,0.97,10.59,2.52,1.15,0.299,0.071,0.242,0.833,0.138
2019,Zack Wheeler,NYM,29,11,8,3.96,31,31,195.1,4.6,3.48,4.06,1.26,8.98,2.3,1.01,0.23600000000000002,0.06,0.311,0.7140000000000001,0.109
2019,Mike Clevinger,CLE,28,13,4,2.71,21,21,126.0,4.5,2.49,3.09,1.06,12.07,2.64,0.71,0.33899999999999997,0.07400000000000001,0.306,0.802,0.09699999999999999
2019,Sonny Gray,CIN,29,11,8,2.87,31,31,175.1,4.5,3.42,3.65,1.08,10.52,3.49,0.87,0.29,0.096,0.255,0.797,0.13
2019,Jose Berrios,MIN,25,14,8,3.68,32,32,200.1,4.4,3.85,4.32,1.22,8.76,2.29,1.17,0.23199999999999998,0.061,0.299,0.735,0.12
2019,Jake Odorizzi,MIN,29,15,7,3.51,30,30,159.0,4.3,3.36,4.33,1.21,10.08,3.0,0.91,0.271,0.081,0.302,0.755,0.08800000000000001
2019,Noah Syndergaard,NYM,26,10,8,4.28,32,32,197.2,4.3,3.6,3.83,1.23,9.2,2.28,1.09,0.245,0.061,0.313,0.6890000000000001,0.133
2019,Luis Castillo,CIN,26,15,8,3.4,32,32,190.2,4.2,3.7,3.48,1.14,10.67,3.73,1.04,0.289,0.10099999999999999,0.262,0.767,0.179
2019,Mike Minor,TEX,31,14,10,3.59,32,32,208.1,4.1,4.25,4.6,1.24,8.64,2.94,1.3,0.23199999999999998,0.079,0.287,0.8029999999999999,0.129
2019,Kyle Hendricks,CHC,29,11,10,3.46,30,30,177.0,4.1,3.61,4.26,1.13,7.63,1.63,0.97,0.205,0.044000000000000004,0.287,0.718,0.10400000000000001
2019,Michael Soroka,ATL,21,13,4,2.68,29,29,174.2,4.0,3.45,3.85,1.11,7.32,2.11,0.72,0.203,0.057999999999999996,0.28,0.799,0.111
2019,Liam Hendriks,OAK,30,4,4,1.8,75,2,85.0,3.9,1.87,3.21,0.96,13.13,2.22,0.53,0.373,0.063,0.311,0.857,0.055999999999999994
2019,Marcus Stroman,- - -,28,10,13,3.22,32,32,184.1,3.8,3.72,3.99,1.31,7.76,2.83,0.88,0.205,0.075,0.307,0.7609999999999999,0.126
2019,Eduardo Rodriguez,BOS,26,19,6,3.81,34,34,203.1,3.7,3.86,4.1,1.33,9.43,3.32,1.06,0.248,0.087,0.317,0.7759999999999999,0.133
2019,Clayton Kershaw,LAD,31,16,5,3.03,29,28,178.1,3.6,3.86,3.5,1.04,9.54,2.07,1.41,0.268,0.057999999999999996,0.262,0.84,0.185
2019,Marco Gonzales,SEA,27,16,13,3.99,34,34,203.0,3.6,4.15,5.11,1.31,6.52,2.48,1.02,0.17,0.065,0.295,0.6920000000000001,0.09300000000000001
2019,Chris Sale,BOS,30,6,11,4.4,25,25,147.1,3.6,3.39,2.93,1.09,13.32,2.26,1.47,0.35600000000000004,0.06,0.309,0.667,0.195
2019,James Paxton,NYY,30,15,6,3.82,29,29,150.2,3.5,3.86,4.03,1.28,11.11,3.29,1.37,0.294,0.087,0.313,0.762,0.141
2019,Jose Quintana,CHC,30,13,9,4.68,32,31,171.0,3.5,3.8,4.2,1.39,8.0,2.42,1.05,0.204,0.062,0.326,0.659,0.121
2019,Aaron Nola,PHI,26,12,7,3.87,34,34,202.1,3.4,4.03,3.82,1.27,10.19,3.56,1.2,0.26899999999999996,0.094,0.295,0.768,0.174
2019,Kirby Yates,SDP,32,0,5,1.19,60,0,60.2,3.4,1.3,2.25,0.89,14.98,1.93,0.3,0.41600000000000004,0.053,0.325,0.8079999999999999,0.048
2019,German Marquez,COL,24,12,5,4.76,28,28,174.0,3.3,4.06,3.54,1.2,9.05,1.81,1.5,0.243,0.049,0.304,0.6809999999999999,0.201
2019,Brandon Woodruff,MIL,26,11,3,3.62,22,22,121.2,3.3,3.01,3.36,1.14,10.58,2.22,0.89,0.29,0.061,0.32,0.747,0.12
2019,Joe Musgrove,PIT,26,11,12,4.44,32,31,170.1,3.3,3.82,4.31,1.22,8.3,2.06,1.11,0.21899999999999997,0.054000000000000006,0.299,0.632,0.11699999999999999
2019,Madison Bumgarner,SFG,29,9,9,3.9,34,34,207.2,3.3,3.9,4.31,1.13,8.8,1.86,1.3,0.24100000000000002,0.051,0.289,0.718,0.126
2019,John Means,BAL,26,12,11,3.6,31,27,155.0,3.2,4.41,5.48,1.14,7.03,2.21,1.34,0.19,0.06,0.256,0.759,0.099
2019,Masahiro Tanaka,NYY,30,11,9,4.45,32,31,182.0,3.2,4.27,4.29,1.24,7.37,1.98,1.38,0.196,0.053,0.293,0.7040000000000001,0.151
2019,Trevor Bauer,- - -,28,11,13,4.48,34,34,213.0,3.2,4.34,4.33,1.25,10.69,3.46,1.44,0.278,0.09,0.287,0.703,0.153
2019,Matthew Boyd,DET,28,9,12,4.56,32,32,185.1,3.2,4.32,3.88,1.23,11.56,2.43,1.89,0.302,0.063,0.307,0.7440000000000001,0.182
2019,Max Fried,ATL,25,17,6,4.02,33,30,165.2,3.0,3.72,3.32,1.33,9.4,2.55,1.14,0.24600000000000002,0.067,0.336,0.743,0.20199999999999999
2019,Frankie Montas,OAK,26,9,2,2.63,16,16,96.0,3.0,3.0,3.47,1.11,9.66,2.16,0.75,0.261,0.057999999999999996,0.297,0.762,0.107
2019,Homer Bailey,- - -,33,13,9,4.57,31,31,163.1,2.9,4.11,4.43,1.32,8.21,2.92,1.16,0.214,0.076,0.301,0.7120000000000001,0.128
2019,Jon Lester,CHC,35,13,10,4.46,31,31,171.2,2.8,4.26,4.35,1.5,8.65,2.73,1.36,0.21600000000000003,0.068,0.347,0.7140000000000001,0.146
2019,Jon Gray,COL,27,11,8,3.84,26,25,150.0,2.8,4.06,3.89,1.35,9.0,3.36,1.14,0.235,0.08800000000000001,0.314,0.759,0.171
2019,Spencer Turnbull,DET,26,3,17,4.61,30,30,148.1,2.8,3.99,4.63,1.44,8.86,3.58,0.85,0.223,0.09,0.333,0.6829999999999999,0.10099999999999999
2019,Kenta Maeda,LAD,31,10,8,4.04,37,26,153.2,2.7,3.95,4.04,1.07,9.9,2.99,1.29,0.271,0.08199999999999999,0.243,0.716,0.146
2019,Blake Snell,TBR,26,6,8,4.29,23,23,107.0,2.7,3.32,3.31,1.27,12.36,3.36,1.18,0.33299999999999996,0.091,0.343,0.716,0.154
2019,Kyle Gibson,MIN,31,13,7,4.84,34,29,160.0,2.6,4.26,3.8,1.44,9.0,3.15,1.29,0.22699999999999998,0.079,0.33,0.675,0.204
2019,Michael Pineda,MIN,30,11,5,4.01,26,26,146.0,2.6,4.02,4.3,1.16,8.63,1.73,1.42,0.233,0.047,0.292,0.748,0.135
2019,Ryan Yarbrough,TBR,27,11,6,4.13,28,14,141.2,2.6,3.55,4.24,1.0,7.43,1.27,0.95,0.20800000000000002,0.036000000000000004,0.264,0.628,0.102
2019,Anthony DeSclafani,CIN,29,9,9,3.89,31,31,166.2,2.6,4.43,4.3,1.2,9.02,2.65,1.57,0.24,0.07,0.273,0.777,0.162
2019,Dylan Bundy,BAL,26,7,14,4.79,30,30,161.2,2.6,4.73,4.58,1.35,9.02,3.23,1.61,0.231,0.083,0.297,0.705,0.16399999999999998
2019,Yu Darvish,CHC,32,6,8,3.98,31,31,178.2,2.6,4.18,3.39,1.1,11.54,2.82,1.66,0.313,0.077,0.266,0.777,0.228
2019,Cole Hamels,CHC,35,7,7,3.81,27,27,141.2,2.5,4.09,4.38,1.39,9.08,3.56,1.08,0.23199999999999998,0.091,0.315,0.777,0.129
2019,Anibal Sanchez,WSN,35,11,8,3.85,30,30,166.0,2.4,4.44,5.1,1.27,7.27,3.14,1.19,0.188,0.081,0.265,0.7490000000000001,0.111
2019,Reynaldo Lopez,CHW,25,10,15,5.38,33,33,184.0,2.4,5.04,5.27,1.46,8.27,3.18,1.71,0.209,0.08,0.316,0.6920000000000001,0.14
2019,Chris Paddack,SDP,23,9,7,3.33,26,26,140.2,2.4,3.95,4.05,0.98,9.79,1.98,1.47,0.26899999999999996,0.055,0.237,0.769,0.146
2019,Miles Mikolas,STL,30,9,14,4.16,32,32,184.0,2.4,4.27,4.18,1.22,7.04,1.57,1.32,0.188,0.042,0.302,0.738,0.161
2019,Robbie Ray,ARI,27,12,8,4.34,33,33,174.1,2.3,4.29,3.76,1.34,12.13,4.34,1.55,0.315,0.11199999999999999,0.305,0.7509999999999999,0.2
2019,Eric Lauer,SDP,24,8,10,4.45,30,29,149.2,2.3,4.23,4.77,1.4,8.3,3.07,1.2,0.212,0.078,0.316,0.71,0.11699999999999999
2019,David Price,BOS,33,7,5,4.28,22,22,107.1,2.3,3.62,3.73,1.31,10.73,2.68,1.26,0.27899999999999997,0.07,0.336,0.7070000000000001,0.14400000000000002
2019,Tyler Glasnow,TBR,25,6,1,1.78,12,12,60.2,2.3,2.26,2.94,0.89,11.27,2.08,0.59,0.33,0.061,0.265,0.847,0.085
2019,Sandy Alcantara,MIA,23,6,14,3.88,32,32,197.1,2.3,4.55,5.17,1.32,6.89,3.69,1.05,0.18,0.09699999999999999,0.271,0.738,0.10800000000000001
2019,Josh Hader,MIL,25,3,5,2.62,61,0,75.2,2.3,3.1,2.36,0.81,16.41,2.38,1.78,0.478,0.069,0.232,0.932,0.214
2019,Seth Lugo,NYM,29,7,4,2.7,61,0,80.0,2.2,2.7,3.24,0.9,11.7,1.8,0.9,0.331,0.051,0.265,0.745,0.10800000000000001
2019,Brad Keller,KCR,23,7,14,4.19,28,28,165.1,2.2,4.35,4.94,1.35,6.64,3.81,0.82,0.172,0.099,0.282,0.722,0.102
2019,Adam Wainwright,STL,37,14,10,4.19,31,31,171.2,2.1,4.36,4.39,1.43,8.02,3.36,1.15,0.205,0.086,0.319,0.765,0.15
2019,Ivan Nova,CHW,32,11,12,4.72,34,34,187.0,2.1,4.98,4.91,1.45,5.49,2.26,1.44,0.141,0.057999999999999996,0.322,0.728,0.158
2019,Brandon Workman,BOS,30,10,1,1.88,73,0,71.2,2.1,2.46,3.33,1.03,13.06,5.65,0.13,0.364,0.157,0.209,0.777,0.026000000000000002
2019,Chris Bassitt,OAK,30,10,5,3.81,28,25,144.0,2.1,4.4,4.61,1.19,8.81,2.94,1.31,0.23,0.077,0.267,0.765,0.138
2019,Joey Lucchesi,SDP,26,10,10,4.18,30,30,163.2,2.1,4.17,4.36,1.22,8.69,3.08,1.26,0.23,0.08199999999999999,0.271,0.73,0.139
2019,Felipe Vazquez,PIT,27,5,1,1.65,56,0,60.0,2.1,2.15,2.62,0.93,13.5,1.95,0.75,0.381,0.055,0.306,0.9059999999999999,0.106
2019,Nick Anderson,- - -,28,5,4,3.32,68,0,65.0,2.1,2.35,2.44,1.08,15.23,2.49,1.11,0.41700000000000004,0.068,0.349,0.789,0.145
2019,Aroldis Chapman,NYY,31,3,2,2.21,60,0,57.0,2.1,2.28,2.86,1.11,13.42,3.95,0.47,0.36200000000000004,0.106,0.289,0.769,0.083
2019,Taylor Rogers,MIN,28,2,4,2.61,60,0,69.0,2.1,2.85,2.84,1.0,11.74,1.43,1.04,0.324,0.04,0.307,0.862,0.154
2019,Wade Miley,HOU,32,14,6,3.98,33,33,167.1,2.0,4.51,4.52,1.34,7.53,3.28,1.24,0.19399999999999998,0.085,0.287,0.743,0.152
2019,Brett Anderson,OAK,31,13,9,3.89,31,31,176.0,2.0,4.57,4.79,1.31,4.6,2.51,1.02,0.121,0.066,0.278,0.748,0.133
2019,Tanner Roark,- - -,32,10,10,4.35,31,31,165.1,2.0,4.67,4.64,1.4,8.6,2.78,1.52,0.21899999999999997,0.071,0.322,0.7809999999999999,0.155
2019,Domingo German,NYY,26,18,4,4.03,27,24,143.0,1.9,4.72,4.22,1.15,9.63,2.45,1.89,0.258,0.066,0.259,0.787,0.188
2019,Merrill Kelly,ARI,30,13,14,4.42,32,32,183.1,1.9,4.51,4.58,1.31,7.76,2.8,1.42,0.203,0.073,0.292,0.731,0.14800000000000002
2019,Andrew Cashner,- - -,32,11,8,4.68,42,23,150.0,1.9,4.66,5.11,1.35,6.48,3.48,1.14,0.17,0.091,0.28,0.68,0.12
2019,Martin Perez,MIN,28,10,7,5.12,32,29,165.1,1.9,4.66,4.69,1.52,7.35,3.65,1.25,0.183,0.091,0.316,0.6759999999999999,0.15
2019,Tyler Skaggs,LAA,27,7,7,4.29,15,15,79.2,1.9,3.85,4.36,1.27,8.81,3.16,1.02,0.233,0.084,0.294,0.6859999999999999,0.114
2019,Trent Thornton,TOR,25,6,9,4.84,32,29,154.1,1.9,4.59,4.94,1.41,8.69,3.56,1.4,0.22,0.09,0.301,0.7170000000000001,0.13
2019,Hansel Robles,LAA,28,5,1,2.48,71,1,72.2,1.9,2.88,3.89,1.02,9.29,1.98,0.74,0.265,0.057,0.28,0.823,0.079
2019,Ross Stripling,LAD,29,4,4,3.47,32,15,90.2,1.9,3.47,3.58,1.15,9.23,1.99,1.09,0.251,0.054000000000000006,0.299,0.728,0.14300000000000002
2019,Rick Porcello,BOS,30,14,12,5.52,32,32,174.1,1.8,4.76,5.14,1.39,7.38,2.32,1.6,0.18600000000000003,0.059000000000000004,0.308,0.657,0.131
2019,Luke Weaver,ARI,25,4,3,2.94,12,12,64.1,1.8,3.07,3.87,1.07,9.65,1.96,0.84,0.265,0.054000000000000006,0.292,0.7859999999999999,0.092
2019,Daniel Norris,DET,26,3,13,4.49,32,29,144.1,1.8,4.61,4.55,1.33,7.79,2.37,1.56,0.205,0.062,0.309,0.752,0.157
2019,Ken Giles,TOR,28,2,3,1.87,53,0,53.0,1.8,2.27,2.73,1.0,14.09,2.89,0.85,0.39899999999999997,0.08199999999999999,0.301,0.9129999999999999,0.111
2019,Mike Fiers,OAK,34,15,4,3.9,33,33,184.2,1.7,4.97,5.19,1.19,6.14,2.58,1.46,0.16699999999999998,0.07,0.254,0.785,0.138
2019,Jason Vargas,- - -,36,7,9,4.51,30,29,149.2,1.7,4.76,5.44,1.36,7.46,3.79,1.26,0.191,0.09699999999999999,0.276,0.698,0.11199999999999999
2019,Jordan Lyles,- - -,28,12,8,4.15,28,28,141.0,1.6,4.64,4.61,1.32,9.32,3.51,1.6,0.244,0.092,0.285,0.757,0.155
2019,Steven Matz,NYM,28,11,10,4.21,32,30,160.1,1.6,4.6,4.33,1.34,8.59,2.92,1.52,0.221,0.075,0.301,0.755,0.174
2019,Zach Davies,MIL,26,10,7,3.55,31,31,159.2,1.6,4.56,5.2,1.29,5.75,2.87,1.13,0.152,0.076,0.272,0.75,0.11
2019,Julio Teheran,ATL,28,10,11,3.81,33,33,174.2,1.6,4.66,5.26,1.32,8.35,4.28,1.13,0.215,0.11,0.266,0.7659999999999999,0.11199999999999999
2019,Adrian Houser,MIL,26,6,7,3.72,35,18,111.1,1.6,3.88,3.6,1.24,9.46,2.99,1.13,0.253,0.08,0.301,0.762,0.184
2019,Pablo Lopez,MIA,23,5,8,5.09,21,21,111.1,1.6,4.28,4.37,1.24,7.68,2.18,1.21,0.203,0.057999999999999996,0.299,0.664,0.146
2019,Roberto Osuna,HOU,24,4,3,2.63,66,0,65.0,1.6,3.21,3.6,0.88,10.11,1.66,1.11,0.289,0.047,0.234,0.816,0.12300000000000001
2019,Chad Green,NYY,28,4,4,4.17,54,15,69.0,1.6,3.34,3.56,1.23,12.78,2.48,1.3,0.332,0.064,0.346,0.727,0.13699999999999998
2019,Giovanny Gallegos,STL,27,3,2,2.31,66,0,74.0,1.6,3.05,3.59,0.81,11.31,1.95,1.09,0.33299999999999996,0.057,0.222,0.873,0.114
2019,Zac Gallen,- - -,23,3,6,2.81,15,15,80.0,1.6,3.61,4.15,1.23,10.8,4.05,0.9,0.287,0.10800000000000001,0.284,0.8370000000000001,0.10800000000000001
2019,Tyler Mahle,CIN,24,3,12,5.14,25,25,129.2,1.6,4.66,3.99,1.31,8.95,2.36,1.74,0.23199999999999998,0.061,0.307,0.667,0.20800000000000002
2019,Kevin Gausman,- - -,28,3,9,5.72,31,17,102.1,1.6,3.98,4.05,1.42,10.03,2.81,1.32,0.253,0.071,0.344,0.612,0.147
2019,Ryan Pressly,HOU,30,2,3,2.32,55,0,54.1,1.6,2.66,2.21,0.9,11.93,1.99,0.99,0.341,0.057,0.256,0.8370000000000001,0.222
2019,Jeff Samardzija,SFG,34,11,12,3.52,32,32,181.1,1.5,4.59,5.02,1.11,6.95,2.43,1.39,0.18899999999999997,0.066,0.24,0.769,0.126
2019,Zach Eflin,PHI,25,10,13,4.13,32,28,163.1,1.5,4.85,4.76,1.35,7.11,2.64,1.54,0.183,0.068,0.291,0.7390000000000001,0.16
2019,Jakob Junis,KCR,26,9,14,5.24,31,31,175.1,1.5,4.82,4.63,1.43,8.42,2.98,1.59,0.213,0.075,0.318,0.703,0.16699999999999998
2019,Brad Hand,CLE,29,6,4,3.3,60,0,57.1,1.5,2.8,3.41,1.24,13.19,2.83,0.94,0.34700000000000003,0.07400000000000001,0.362,0.8109999999999999,0.105
2019,Ty Buttrey,LAA,26,6,7,3.98,72,0,72.1,1.5,3.49,3.9,1.27,10.45,2.86,1.0,0.272,0.07400000000000001,0.323,0.7340000000000001,0.11900000000000001
2019,Trevor Richards,- - -,26,6,12,4.06,30,23,135.1,1.5,4.51,5.09,1.35,8.45,3.72,1.26,0.21899999999999997,0.09699999999999999,0.29,0.774,0.11699999999999999
2019,Wander Suero,WSN,27,6,9,4.54,78,0,71.1,1.5,3.07,3.81,1.26,10.22,3.28,0.63,0.27399999999999997,0.08800000000000001,0.326,0.6629999999999999,0.085
2019,Emilio Pagan,TBR,28,4,2,2.31,66,0,70.0,1.5,3.3,3.15,0.83,12.34,1.67,1.54,0.36,0.049,0.228,0.948,0.16399999999999998
2019,Julio Urias,LAD,22,4,3,2.49,37,8,79.2,1.5,3.43,4.28,1.08,9.6,3.05,0.79,0.261,0.083,0.257,0.7759999999999999,0.08800000000000001
2019,Aaron Civale,CLE,24,3,4,2.34,10,10,57.2,1.5,3.4,4.61,1.04,7.18,2.5,0.62,0.203,0.07,0.25,0.7759999999999999,0.066
2019,Ian Kennedy,KCR,34,3,2,3.41,63,0,63.1,1.5,2.99,3.77,1.28,10.37,2.42,0.85,0.27399999999999997,0.064,0.343,0.7879999999999999,0.094
2019,Yonny Chirinos,TBR,25,9,5,3.85,26,18,133.1,1.4,4.44,4.1,1.05,7.69,1.89,1.55,0.215,0.053,0.246,0.74,0.18100000000000002
2019,Pedro Baez,LAD,31,7,2,3.1,71,0,69.2,1.4,3.52,4.82,0.95,8.91,2.97,0.78,0.25,0.083,0.213,0.649,0.071
2019,Yusmeiro Petit,OAK,34,5,3,2.71,80,0,83.0,1.4,3.59,4.48,0.81,7.7,1.08,1.19,0.231,0.032,0.213,0.8140000000000001,0.10099999999999999
2019,Griffin Canning,LAA,23,5,6,4.58,18,17,90.1,1.4,4.37,4.75,1.22,9.56,2.99,1.39,0.25,0.078,0.28,0.732,0.128
2019,Gio Gonzalez,MIL,33,3,2,3.5,19,17,87.1,1.4,4.04,4.45,1.29,8.04,3.81,0.93,0.213,0.10099999999999999,0.277,0.767,0.11699999999999999
2019,Jose Leclerc,TEX,25,2,4,4.33,70,3,68.2,1.4,3.59,4.21,1.33,13.11,5.11,0.92,0.33399999999999996,0.13,0.306,0.722,0.10400000000000001
2019,Luke Jackson,ATL,27,9,2,3.84,70,0,72.2,1.3,3.24,2.52,1.4,13.13,3.22,1.24,0.337,0.083,0.386,0.778,0.256
2019,Danny Duffy,KCR,30,7,6,4.34,23,23,130.2,1.3,4.78,5.14,1.31,7.92,3.17,1.45,0.207,0.083,0.285,0.735,0.13
2019,Adam Ottavino,NYY,33,6,5,1.9,73,0,66.1,1.3,3.44,4.32,1.31,11.94,5.43,0.68,0.311,0.141,0.284,0.878,0.081
2019,Mark Melancon,- - -,34,5,2,3.61,66,0,67.1,1.3,2.86,3.06,1.32,9.09,2.41,0.53,0.239,0.063,0.349,0.738,0.121
2019,Kenley Jansen,LAD,31,5,3,3.71,62,0,63.0,1.3,3.48,3.77,1.06,11.43,2.29,1.29,0.304,0.061,0.273,0.736,0.132
2019,Matt Barnes,BOS,29,5,4,3.78,70,0,64.1,1.3,3.28,2.93,1.38,15.39,5.32,1.12,0.386,0.133,0.339,0.777,0.195
2019,Andrew Heaney,LAA,28,4,6,4.91,18,18,95.1,1.3,4.63,4.18,1.29,11.14,2.83,1.89,0.289,0.073,0.312,0.755,0.183
2019,John Brebbia,STL,29,3,4,3.59,66,0,72.2,1.3,3.13,4.63,1.18,10.78,3.34,0.74,0.28600000000000003,0.08900000000000001,0.293,0.72,0.064
2019,Dinelson Lamet,SDP,26,3,5,4.07,14,14,73.0,1.3,3.91,3.44,1.26,12.95,3.7,1.48,0.335,0.096,0.311,0.736,0.19699999999999998
2019,Michael Lorenzen,CIN,27,1,4,2.92,73,0,83.1,1.3,3.66,3.97,1.15,9.18,3.02,0.97,0.248,0.08199999999999999,0.269,0.8079999999999999,0.125
2019,Jordan Zimmermann,DET,33,1,13,6.91,23,23,112.0,1.3,4.79,4.87,1.52,6.59,2.01,1.53,0.163,0.05,0.339,0.5820000000000001,0.147
2019,Mitch Keller,PIT,23,1,5,7.13,11,11,48.0,1.3,3.19,3.47,1.83,12.19,3.0,1.13,0.28600000000000003,0.07,0.475,0.596,0.13
2019,Aaron Bummer,CHW,25,0,0,2.13,58,0,67.2,1.3,3.41,3.49,0.99,7.98,3.19,0.53,0.22899999999999998,0.092,0.228,0.823,0.138
2019,J.A. Happ,NYY,36,12,8,4.91,31,30,161.1,1.2,5.22,4.78,1.3,7.81,2.73,1.9,0.20600000000000002,0.07200000000000001,0.28,0.757,0.183
2019,Chase Anderson,MIL,31,8,4,4.21,32,27,139.0,1.2,4.83,5.26,1.27,8.03,3.24,1.49,0.209,0.084,0.266,0.7709999999999999,0.128
2019,Will Smith,SFG,29,6,0,2.76,63,0,65.1,1.2,3.23,2.73,1.03,13.22,2.89,1.38,0.374,0.08199999999999999,0.277,0.887,0.204
2019,Cal Quantrill,SDP,24,6,8,5.16,23,18,103.0,1.2,4.28,4.53,1.3,7.78,2.45,1.31,0.201,0.063,0.295,0.655,0.135
2019,Tyler Duffey,MIN,28,5,1,2.5,58,0,57.2,1.2,3.06,2.94,1.01,12.8,2.18,1.25,0.345,0.059000000000000004,0.275,0.763,0.163
2019,Carlos Martinez,STL,27,4,2,3.17,48,0,48.1,1.2,2.86,3.76,1.18,9.87,3.35,0.37,0.265,0.09,0.298,0.7340000000000001,0.057
2019,Raisel Iglesias,CIN,29,3,12,4.16,68,0,67.0,1.2,3.92,3.72,1.22,11.96,2.82,1.61,0.319,0.075,0.316,0.789,0.16699999999999998
2019,Jake Arrieta,PHI,33,8,8,4.64,24,24,135.2,1.1,4.89,4.46,1.47,7.3,3.38,1.39,0.185,0.086,0.316,0.738,0.19399999999999998
2019,Brad Peacock,HOU,31,7,6,4.12,23,15,91.2,1.1,4.42,4.64,1.19,9.43,3.04,1.47,0.251,0.081,0.267,0.763,0.139
2019,Matt Strahm,SDP,27,6,11,4.71,46,16,114.2,1.1,4.41,4.27,1.25,9.26,1.73,1.73,0.242,0.045,0.311,0.747,0.162
2019,Will Harris,HOU,34,4,1,1.5,68,0,60.0,1.1,3.15,3.04,0.93,9.3,2.1,0.9,0.271,0.061,0.245,0.882,0.16699999999999998
2019,Archie Bradley,ARI,26,4,5,3.52,66,1,71.2,1.1,3.41,4.06,1.44,10.93,4.52,0.63,0.27399999999999997,0.114,0.337,0.772,0.08900000000000001
2019,Kolby Allard,TEX,21,4,2,4.96,9,9,45.1,1.1,4.01,5.08,1.57,6.55,3.77,0.6,0.159,0.091,0.325,0.6829999999999999,0.068
2019,Steven Brault,PIT,27,4,6,5.16,25,19,113.1,1.1,4.76,5.04,1.5,7.94,4.21,1.19,0.198,0.105,0.309,0.6920000000000001,0.132
2019,Tommy Kahnle,NYY,29,3,2,3.67,72,0,61.1,1.1,3.33,2.69,1.06,12.91,2.93,1.32,0.355,0.081,0.279,0.735,0.231
2019,Scott Barlow,KCR,26,3,3,4.22,61,0,70.1,1.1,3.41,4.11,1.44,11.77,4.73,0.77,0.297,0.11900000000000001,0.337,0.743,0.094
2019,Chris Martin,- - -,33,1,3,3.4,58,0,55.2,1.1,3.25,2.72,1.02,10.51,0.81,1.46,0.301,0.023,0.314,0.7659999999999999,0.205
2019,Caleb Smith,MIA,27,10,11,4.52,28,28,153.1,1.0,5.11,5.05,1.23,9.86,3.52,1.94,0.26,0.09300000000000001,0.251,0.758,0.156
2019,Marcus Walden,BOS,30,9,2,3.81,70,0,78.0,1.0,3.69,4.17,1.19,8.77,3.69,0.69,0.23199999999999998,0.098,0.264,0.67,0.10300000000000001
2019,Trevor Gott,SFG,26,7,0,4.44,50,0,52.2,1.0,3.12,4.06,1.1,9.74,2.91,0.68,0.266,0.079,0.276,0.625,0.078
2019,Scott Oberg,COL,29,6,1,2.25,49,0,56.0,1.0,3.54,3.9,1.11,9.32,3.7,0.8,0.26,0.10300000000000001,0.248,0.8,0.11599999999999999
2019,Diego Castillo,TBR,25,5,8,3.41,65,6,68.2,1.0,3.72,3.72,1.24,10.62,3.41,1.05,0.27899999999999997,0.09,0.3,0.736,0.154
2019,Noe Ramirez,LAA,29,5,4,3.99,51,7,67.2,1.0,3.72,4.07,1.17,10.51,2.66,1.2,0.282,0.071,0.299,0.7559999999999999,0.127
2019,Asher Wojciechowski,BAL,30,4,8,4.92,17,16,82.1,1.0,5.3,5.61,1.31,8.74,3.06,1.86,0.222,0.078,0.278,0.762,0.13699999999999998
2019,Hector Neris,PHI,30,3,6,2.93,68,0,67.2,1.0,3.83,3.53,1.02,11.84,3.19,1.33,0.324,0.087,0.24,0.836,0.182
2019,Austin Voth,WSN,27,2,1,3.3,9,8,43.2,1.0,3.79,4.44,1.05,9.07,2.68,1.03,0.253,0.075,0.257,0.7859999999999999,0.106
2019,Sergio Romo,- - -,36,2,1,3.43,65,0,60.1,1.0,3.68,4.68,1.11,8.95,2.54,1.04,0.24100000000000002,0.068,0.264,0.7090000000000001,0.092
2019,Dustin May,LAD,21,2,3,3.63,14,4,34.2,1.0,2.9,3.7,1.1,8.31,1.3,0.52,0.22699999999999998,0.035,0.316,0.638,0.07400000000000001
2019,Andrew Chafin,ARI,29,2,2,3.76,77,0,52.2,1.0,3.25,3.24,1.33,11.62,3.08,1.03,0.302,0.08,0.351,0.77,0.154
2019,Joakim Soria,OAK,35,2,4,4.3,71,1,69.0,1.0,3.62,3.91,1.03,10.3,2.61,1.17,0.284,0.07200000000000001,0.251,0.6679999999999999,0.13
2019,Jake Diekman,- - -,32,1,7,4.65,76,0,62.0,1.0,3.55,4.14,1.42,12.19,5.66,0.44,0.298,0.138,0.317,0.6859999999999999,0.079
2019,Dakota Hudson,STL,24,16,7,3.35,33,32,174.2,0.9,4.93,4.55,1.41,7.01,4.43,1.13,0.18,0.114,0.274,0.7809999999999999,0.198
2019,Mike Leake,- - -,31,12,11,4.29,32,32,197.0,0.9,5.19,4.76,1.29,5.8,1.23,1.87,0.152,0.032,0.295,0.726,0.182
2019,John Gant,STL,26,11,1,3.66,64,0,66.1,0.9,3.73,4.35,1.28,8.14,4.61,0.54,0.223,0.126,0.275,0.705,0.085
2019,Daniel Hudson,- - -,32,9,3,2.47,69,1,73.0,0.9,3.97,5.08,1.14,8.75,3.33,0.99,0.23399999999999999,0.08900000000000001,0.247,0.818,0.086
2019,Zach Plesac,CLE,24,8,6,3.81,21,21,115.2,0.9,4.94,5.06,1.23,6.85,3.11,1.48,0.185,0.084,0.255,0.785,0.145
2019,Freddy Peralta,MIL,23,7,3,5.29,39,8,85.0,0.9,4.18,4.15,1.46,12.18,3.92,1.59,0.301,0.09699999999999999,0.338,0.648,0.155
2019,Trevor Williams,PIT,27,7,9,5.38,26,26,145.2,0.9,5.12,5.25,1.41,6.98,2.72,1.67,0.17800000000000002,0.069,0.303,0.685,0.145
2019,Ariel Jurado,TEX,23,7,11,5.81,32,18,122.1,0.9,5.1,5.0,1.5,5.96,2.65,1.54,0.15,0.067,0.318,0.593,0.16
2019,Buck Farmer,DET,28,6,6,3.72,73,1,67.2,0.9,3.88,4.11,1.27,9.71,3.19,1.06,0.253,0.083,0.303,0.7390000000000001,0.133
2019,Jairo Diaz,COL,28,6,4,4.53,56,0,57.2,0.9,3.7,3.85,1.3,9.83,2.97,1.09,0.257,0.078,0.318,0.64,0.14
2019,Carlos Carrasco,CLE,32,6,7,5.29,23,12,80.0,0.9,4.41,3.5,1.35,10.8,1.8,2.03,0.282,0.047,0.354,0.731,0.222
2019,Trevor May,MIN,29,5,3,2.94,65,0,64.1,0.9,3.73,4.15,1.07,11.05,3.64,1.12,0.297,0.098,0.233,0.789,0.121
2019,Sam Dyson,- - -,31,5,1,3.32,61,0,62.1,0.9,3.47,3.75,1.06,7.94,1.88,0.87,0.221,0.052000000000000005,0.273,0.71,0.125
2019,Rich Hill,LAD,39,4,1,2.45,13,13,58.2,0.9,4.1,3.41,1.13,11.05,2.76,1.53,0.298,0.07400000000000001,0.275,0.893,0.222
2019,Jordan Yamamoto,MIA,23,4,5,4.46,15,15,78.2,0.9,4.51,4.89,1.14,9.38,4.12,1.26,0.252,0.111,0.225,0.6659999999999999,0.126
2019,Brandon Kintzler,CHC,34,3,3,2.68,62,0,57.0,0.9,3.56,4.06,1.02,7.58,2.05,0.79,0.21100000000000002,0.057,0.255,0.8,0.106
2019,Cam Bedrosian,LAA,27,3,3,3.23,59,7,61.1,0.9,3.83,4.17,1.14,9.39,3.23,1.03,0.248,0.085,0.253,0.68,0.125
2019,Robert Stephenson,CIN,26,3,2,3.76,57,0,64.2,0.9,3.63,4.01,1.04,11.27,3.34,1.25,0.309,0.092,0.23,0.68,0.127
2019,Jesse Chavez,TEX,35,3,5,4.85,48,9,78.0,0.9,4.41,4.47,1.33,8.31,2.54,1.38,0.214,0.065,0.31,0.662,0.14800000000000002
2019,Carlos Rodon,CHW,26,3,2,5.19,7,7,34.2,0.9,3.62,4.13,1.44,11.94,4.41,1.04,0.29100000000000004,0.10800000000000001,0.322,0.639,0.114
2019,Taylor Cole,LAA,29,3,4,5.92,38,6,51.2,0.9,3.29,4.1,1.59,8.71,4.18,0.35,0.21600000000000003,0.10400000000000001,0.366,0.603,0.059000000000000004
2019,Josh Taylor,BOS,26,2,2,3.04,52,1,47.1,0.9,3.11,3.37,1.18,11.79,3.04,0.95,0.32,0.08199999999999999,0.321,0.804,0.128
2019,Jose Urquidy,HOU,24,2,1,3.95,9,7,41.0,0.9,3.68,4.3,1.1,8.78,1.54,1.32,0.24,0.042,0.281,0.738,0.115
2019,Brett Martin,TEX,24,2,3,4.76,51,2,62.1,0.9,3.65,3.66,1.44,8.95,2.6,1.01,0.221,0.064,0.34,0.657,0.152
2019,Chaz Roe,TBR,32,1,3,4.06,71,0,51.0,0.9,3.31,4.34,1.57,11.47,5.47,0.53,0.284,0.135,0.357,0.703,0.065
2019,Tyler Alexander,DET,24,1,4,4.86,13,8,53.2,0.9,4.15,4.49,1.4,7.88,1.17,1.51,0.2,0.03,0.347,0.73,0.132
2019,Shane Greene,- - -,30,0,3,2.3,65,0,62.2,0.9,3.79,3.97,1.01,9.19,2.44,1.15,0.254,0.067,0.238,0.8029999999999999,0.138
2019,Dallas Keuchel,ATL,31,8,8,3.75,19,19,112.2,0.8,4.72,4.06,1.37,7.27,3.12,1.28,0.187,0.08,0.298,0.804,0.239
2019,Mike Foltynewicz,ATL,27,8,6,4.54,21,21,117.0,0.8,4.97,4.73,1.25,8.08,2.85,1.77,0.214,0.075,0.265,0.7170000000000001,0.16899999999999998
2019,Aaron Sanchez,- - -,26,5,14,5.89,27,27,131.1,0.8,5.25,5.15,1.62,7.88,4.66,1.37,0.19,0.11199999999999999,0.32,0.6729999999999999,0.161
2019,Ryne Harper,MIN,30,4,2,3.81,61,0,54.1,0.8,3.66,4.18,1.18,8.28,1.66,1.16,0.222,0.044000000000000004,0.299,0.725,0.11699999999999999
2019,Zack Britton,NYY,31,3,1,1.91,66,0,61.1,0.8,3.74,3.59,1.14,7.78,4.7,0.44,0.21600000000000003,0.131,0.224,0.868,0.2
2019,Rowan Wick,CHC,26,2,0,2.43,31,0,33.1,0.8,2.82,4.38,1.14,9.45,4.32,0.0,0.25,0.114,0.256,0.6829999999999999,0.0
2019,Jameson Taillon,PIT,27,2,3,4.1,7,7,37.1,0.8,3.8,4.06,1.13,7.23,1.93,0.96,0.19,0.051,0.263,0.521,0.129
2019,Brendan McKay,TBR,23,2,4,5.14,13,11,49.0,0.8,4.03,4.38,1.41,10.29,2.94,1.47,0.259,0.07400000000000001,0.331,0.64,0.131
2019,Felix Pena,LAA,29,8,3,4.58,22,7,96.1,0.7,4.52,4.28,1.18,9.44,3.18,1.49,0.248,0.084,0.256,0.6559999999999999,0.172
2019,Adam Plutko,CLE,27,7,5,4.86,21,20,109.1,0.7,5.23,5.54,1.29,6.42,2.14,1.81,0.16899999999999998,0.055999999999999994,0.28,0.736,0.13699999999999998
2019,Sean Doolittle,WSN,32,6,5,4.05,63,0,60.0,0.7,4.25,5.08,1.3,9.9,2.25,1.65,0.254,0.057999999999999996,0.313,0.82,0.113
2019,Matt Andriese,ARI,29,5,5,4.71,54,0,70.2,0.7,3.72,3.88,1.4,10.06,3.44,1.02,0.255,0.087,0.332,0.716,0.138
2019,Brad Brach,- - -,33,5,4,5.47,58,0,54.1,0.7,3.73,4.68,1.62,9.94,5.13,0.66,0.248,0.128,0.363,0.6709999999999999,0.077
2019,Alex Colome,CHW,30,4,5,2.8,62,0,61.0,0.7,4.08,4.61,1.07,8.11,3.39,1.03,0.221,0.092,0.215,0.6759999999999999,0.113
2019,Tony Gonsolin,LAD,25,4,2,2.93,11,6,40.0,0.7,3.86,4.9,1.03,8.33,3.38,0.9,0.22699999999999998,0.092,0.208,0.742,0.085
2019,Joe Ross,WSN,26,4,4,5.48,27,9,64.0,0.7,4.59,5.09,1.67,8.02,4.64,0.98,0.193,0.11199999999999999,0.345,0.6920000000000001,0.113
2019,Dylan Cease,CHW,23,4,7,5.79,14,14,73.0,0.7,5.19,4.42,1.55,9.99,4.32,1.85,0.248,0.107,0.326,0.6809999999999999,0.214
2019,Reyes Moronta,SFG,26,3,7,2.86,56,0,56.2,0.7,3.57,4.83,1.31,11.12,5.24,0.64,0.285,0.134,0.272,0.812,0.065
2019,David Hale,NYY,31,3,0,3.11,20,0,37.2,0.7,3.32,4.58,1.22,5.5,1.67,0.48,0.146,0.045,0.298,0.769,0.054000000000000006
2019,Chris Archer,PIT,30,3,9,5.19,23,23,119.2,0.7,5.02,4.36,1.41,10.75,4.14,1.88,0.272,0.105,0.298,0.725,0.20199999999999999
2019,Austin Adams,- - -,28,2,2,3.94,30,2,32.0,0.7,3.12,2.68,1.13,14.91,4.5,1.13,0.408,0.12300000000000001,0.286,0.732,0.21100000000000002
2019,Luis Perdomo,SDP,26,2,4,4.0,47,1,72.0,0.7,3.6,4.18,1.21,6.87,2.25,0.75,0.18600000000000003,0.061,0.293,0.682,0.1
2019,Drew Pomeranz,- - -,30,2,10,4.85,46,18,104.0,0.7,4.59,3.88,1.43,11.86,3.81,1.82,0.301,0.09699999999999999,0.337,0.769,0.21
2019,Tyler Clippard,CLE,34,1,0,2.9,53,3,62.0,0.7,3.89,4.94,0.85,9.29,2.18,1.16,0.266,0.062,0.204,0.82,0.094
2019,Trey Wingenter,SDP,25,1,3,5.65,51,1,51.0,0.7,3.61,4.09,1.22,12.71,4.94,0.88,0.33,0.128,0.269,0.583,0.111
2019,Ryne Stanek,- - -,27,0,4,3.97,63,27,77.0,0.7,4.28,4.72,1.3,10.4,4.56,1.29,0.272,0.11900000000000001,0.266,0.721,0.124
2019,Antonio Senzatela,COL,24,11,11,6.71,25,25,124.2,0.6,5.44,5.12,1.75,5.49,4.11,1.37,0.131,0.098,0.333,0.629,0.183
2019,Alex Young,ARI,25,7,5,3.56,17,15,83.1,0.6,4.81,4.65,1.19,7.67,2.92,1.51,0.203,0.077,0.249,0.755,0.165
2019,Vince Velasquez,PHI,27,7,8,4.91,33,23,117.1,0.6,5.21,4.75,1.39,9.97,3.3,1.99,0.252,0.083,0.305,0.76,0.182
2019,Zack Littell,MIN,23,6,0,2.68,29,0,37.0,0.6,3.62,4.1,1.16,7.78,2.19,0.97,0.21899999999999997,0.062,0.297,0.8290000000000001,0.114
2019,Tyler Chatwood,CHC,29,5,3,3.76,38,5,76.2,0.6,4.28,3.96,1.33,8.69,4.34,0.94,0.228,0.114,0.285,0.772,0.2
2019,Matt Magill,- - -,29,5,2,4.09,50,0,50.2,0.6,3.79,3.95,1.4,11.37,3.55,1.24,0.27899999999999997,0.087,0.324,0.665,0.14
2019,Dylan Floro,LAD,28,5,3,4.24,50,0,46.2,0.6,3.56,4.1,1.29,8.1,2.7,0.77,0.209,0.07,0.302,0.6559999999999999,0.10300000000000001
2019,Jacob Waguespack,TOR,25,5,5,4.38,16,13,78.0,0.6,4.91,5.2,1.33,7.27,3.35,1.38,0.188,0.087,0.279,0.716,0.133
2019,Colin Poche,TBR,25,5,5,4.7,51,0,51.2,0.6,4.08,4.44,1.01,12.54,3.31,1.57,0.348,0.092,0.235,0.6759999999999999,0.132
2019,Daniel Mengden,OAK,26,5,2,4.83,13,9,59.2,0.6,4.69,5.73,1.44,6.34,4.07,1.06,0.162,0.10400000000000001,0.283,0.7090000000000001,0.091
2019,Kyle Ryan,CHC,27,4,2,3.54,73,0,61.0,0.6,3.85,4.16,1.38,8.56,4.28,0.74,0.223,0.11199999999999999,0.299,0.7559999999999999,0.11900000000000001
2019,Collin McHugh,HOU,32,4,5,4.7,35,8,74.2,0.6,4.43,4.34,1.23,9.88,3.62,1.45,0.259,0.095,0.263,0.691,0.16
2019,Jose Urena,MIA,27,4,10,5.21,24,13,84.2,0.6,4.74,4.6,1.48,6.59,2.76,1.38,0.168,0.07,0.323,0.68,0.165
2019,J.B. Wendelken,OAK,26,3,1,3.58,27,0,32.2,0.6,2.94,4.58,0.92,9.37,2.48,0.55,0.26,0.069,0.226,0.616,0.05
2019,Richard Bleier,BAL,32,3,0,5.37,53,1,55.1,0.6,4.19,4.18,1.32,4.88,1.3,0.98,0.128,0.034,0.316,0.627,0.154
2019,Shaun Anderson,SFG,24,3,5,5.44,28,16,96.0,0.6,4.77,4.95,1.55,6.56,3.56,1.22,0.16399999999999998,0.08900000000000001,0.322,0.6779999999999999,0.138
2019,Anthony Bass,SEA,31,2,4,3.56,44,0,48.0,0.6,3.9,4.0,0.98,8.06,3.19,0.94,0.228,0.09,0.203,0.6829999999999999,0.14300000000000002
2019,Carlos Estevez,COL,26,2,2,3.75,71,0,72.0,0.6,4.13,4.31,1.29,10.13,2.88,1.5,0.263,0.075,0.304,0.777,0.141
2019,Oliver Perez,CLE,37,2,4,3.98,67,0,40.2,0.6,3.56,3.82,1.23,10.62,2.66,1.11,0.27699999999999997,0.069,0.314,0.7170000000000001,0.132
2019,Mychal Givens,BAL,29,2,6,4.57,58,0,63.0,0.6,4.5,3.62,1.19,12.29,3.71,1.86,0.331,0.1,0.271,0.7140000000000001,0.228
2019,Corey Kluber,CLE,33,2,3,5.8,7,7,35.2,0.6,4.06,4.88,1.65,9.59,3.79,1.01,0.226,0.08900000000000001,0.37,0.638,0.098
2019,Daniel Ponce de Leon,STL,27,1,2,3.7,13,8,48.2,0.6,4.41,4.72,1.27,9.62,4.81,1.11,0.256,0.128,0.256,0.773,0.128
2019,Andrew Kittredge,TBR,29,1,0,4.17,37,7,49.2,0.6,3.56,3.25,1.27,10.51,2.17,1.27,0.276,0.057,0.336,0.725,0.184
2019,Shawn Armstrong,- - -,28,1,1,5.74,55,0,58.0,0.6,4.54,5.42,1.64,9.78,4.5,1.24,0.23199999999999998,0.107,0.347,0.695,0.10300000000000001
2019,Darwinzon Hernandez,BOS,22,0,1,4.45,29,1,30.1,0.6,2.75,3.57,1.75,16.91,7.71,0.3,0.38799999999999996,0.177,0.433,0.696,0.053
2019,Aaron Brooks,- - -,29,6,8,5.65,29,18,110.0,0.5,5.4,5.35,1.38,6.71,2.78,1.72,0.17,0.071,0.29,0.679,0.157
2019,Oliver Drake,TBR,32,5,2,3.21,50,0,56.0,0.5,3.87,3.21,0.98,11.25,3.05,1.45,0.32,0.087,0.225,0.8290000000000001,0.225
2019,Amir Garrett,CIN,27,5,3,3.21,69,0,56.0,0.5,4.14,3.8,1.41,12.54,5.63,1.13,0.317,0.142,0.303,0.833,0.19399999999999998
2019,Joe Kelly,LAD,31,5,4,4.56,55,0,51.1,0.5,3.78,3.19,1.38,10.87,3.86,1.05,0.27399999999999997,0.09699999999999999,0.323,0.655,0.25
2019,Josh James,HOU,26,5,1,4.7,49,1,61.1,0.5,3.98,3.77,1.32,14.67,5.14,1.47,0.376,0.132,0.308,0.718,0.16899999999999998
2019,Yoshihisa Hirano,ARI,35,5,5,4.75,62,0,53.0,0.5,4.04,4.24,1.38,10.36,3.74,1.19,0.262,0.094,0.314,0.68,0.13699999999999998
2019,Evan Marshall,CHW,29,4,2,2.49,55,0,50.2,0.5,4.3,4.67,1.3,7.28,4.26,0.89,0.196,0.115,0.266,0.847,0.11900000000000001
2019,Jarlin Garcia,MIA,26,4,2,3.02,53,0,50.2,0.5,3.77,4.74,1.11,6.93,2.84,0.71,0.18899999999999997,0.078,0.248,0.782,0.078
2019,Kevin McCarthy,KCR,27,4,2,4.48,56,0,60.1,0.5,3.96,4.55,1.48,5.67,3.13,0.6,0.142,0.078,0.315,0.703,0.091
2019,Wilmer Font,- - -,29,4,5,4.48,48,17,84.1,0.5,4.72,4.53,1.27,10.14,3.09,1.81,0.267,0.081,0.288,0.789,0.165
2019,Tim Hill,KCR,29,2,0,3.63,46,0,39.2,0.5,3.84,3.89,1.11,8.85,2.95,0.91,0.242,0.081,0.267,0.731,0.14800000000000002
2019,Devin Smeltzer,MIN,23,2,2,3.86,11,6,49.0,0.5,4.58,4.85,1.27,6.98,2.2,1.47,0.188,0.059000000000000004,0.294,0.772,0.136
2019,Juan Nicasio,PHI,32,2,3,4.75,47,0,47.1,0.5,3.87,4.37,1.65,8.56,3.99,0.76,0.207,0.09699999999999999,0.366,0.7120000000000001,0.105
2019,Logan Webb,SFG,22,2,3,5.22,8,8,39.2,0.5,4.12,3.89,1.46,8.39,3.18,1.13,0.213,0.08,0.333,0.654,0.179
2019,Jefry Rodriguez,CLE,25,1,5,4.63,10,8,46.2,0.5,4.54,5.11,1.48,6.36,4.05,0.96,0.163,0.10300000000000001,0.299,0.6940000000000001,0.109
2019,Miguel Castro,BAL,24,1,3,4.66,65,0,73.1,0.5,4.73,4.85,1.42,8.71,5.03,1.23,0.223,0.129,0.269,0.6890000000000001,0.14300000000000002
2019,Robbie Erlin,SDP,28,0,1,5.37,37,1,55.1,0.5,3.61,4.14,1.57,8.46,2.44,0.98,0.207,0.06,0.373,0.653,0.111
2019,Craig Stammen,SDP,35,8,7,3.29,76,0,82.0,0.4,4.12,3.85,1.16,8.01,1.65,1.43,0.215,0.044000000000000004,0.284,0.774,0.17600000000000002
2019,Ranger Suarez,PHI,23,6,1,3.14,37,0,48.2,0.4,3.89,3.64,1.32,7.77,2.22,1.11,0.205,0.059000000000000004,0.319,0.83,0.182
2019,Sean Newcomb,ATL,26,6,3,3.16,55,4,68.1,0.4,4.24,4.61,1.32,8.56,3.82,1.05,0.222,0.099,0.282,0.795,0.12300000000000001
2019,Nick Wittgren,CLE,28,5,1,2.81,55,0,57.2,0.4,4.17,3.98,1.08,9.36,2.34,1.56,0.26,0.065,0.253,0.833,0.16699999999999998
2019,Nick Ramirez,DET,29,5,4,4.07,46,0,79.2,0.4,4.51,4.68,1.39,8.36,3.95,1.24,0.213,0.10099999999999999,0.286,0.6940000000000001,0.139
2019,CC Sabathia,NYY,38,5,8,4.95,23,22,107.1,0.4,5.66,4.73,1.41,8.97,3.27,2.26,0.22899999999999998,0.083,0.291,0.775,0.214
2019,Jonathan Holder,NYY,26,5,2,6.31,34,1,41.1,0.4,4.45,4.43,1.31,10.02,2.4,1.74,0.254,0.061,0.307,0.536,0.154
2019,Jose Alvarez,PHI,30,3,4,3.36,67,1,59.0,0.4,4.21,4.14,1.42,7.78,2.75,1.22,0.2,0.071,0.328,0.813,0.16
2019,Javy Guerra,- - -,33,3,1,4.66,51,0,67.2,0.4,4.25,5.21,1.24,7.58,2.26,1.33,0.19899999999999998,0.059000000000000004,0.282,0.69,0.102
2019,Matt Wisler,- - -,26,3,4,5.61,44,8,51.1,0.4,4.23,3.83,1.4,11.05,2.81,1.75,0.281,0.071,0.341,0.655,0.182
2019,Kelvin Herrera,CHW,29,3,3,6.14,57,0,51.1,0.4,4.58,4.84,1.62,9.29,4.03,1.4,0.226,0.098,0.347,0.659,0.136
2019,Lucas Sims,CIN,25,2,1,4.6,24,4,43.0,0.4,4.45,4.57,1.16,11.93,3.98,1.67,0.322,0.107,0.253,0.735,0.145
2019,Robert Gsellman,NYM,25,2,3,4.66,52,0,63.2,0.4,4.13,4.66,1.37,8.48,3.25,0.99,0.217,0.083,0.315,0.685,0.111
2019,David Hernandez,CIN,34,2,5,8.02,47,0,42.2,0.4,4.34,4.54,1.71,11.18,4.22,1.48,0.268,0.10099999999999999,0.393,0.545,0.14
2019,Alec Mills,CHC,27,1,0,2.75,9,4,36.0,0.4,4.19,3.98,1.17,10.5,2.75,1.25,0.276,0.07200000000000001,0.299,0.905,0.172
2019,Jon Duplantier,ARI,24,1,1,4.42,15,3,36.2,0.4,3.95,5.3,1.55,8.35,4.42,0.49,0.209,0.11,0.356,0.743,0.053
2019,Fernando Rodney,- - -,42,0,5,5.66,55,0,47.2,0.4,4.28,4.51,1.62,9.25,5.29,0.94,0.233,0.133,0.344,0.657,0.132
2019,Jalen Beeks,TBR,25,6,3,4.31,33,3,104.1,0.3,4.41,4.79,1.49,7.68,3.45,1.04,0.192,0.086,0.328,0.7340000000000001,0.122
2019,Adrian Sampson,TEX,27,6,8,5.89,35,15,125.1,0.3,5.69,5.33,1.53,7.25,2.59,2.08,0.179,0.064,0.327,0.7170000000000001,0.174
2019,Francisco Liriano,PIT,35,5,3,3.47,69,0,70.0,0.3,4.53,4.92,1.36,8.1,4.5,1.03,0.209,0.11599999999999999,0.271,0.76,0.121
2019,Tyler Beede,SFG,26,5,10,5.08,24,22,117.0,0.3,5.03,4.63,1.48,8.69,3.54,1.69,0.21600000000000003,0.08800000000000001,0.312,0.7340000000000001,0.183
2019,Justin Wilson,NYM,31,4,2,2.54,45,0,39.0,0.3,3.91,3.95,1.33,10.15,4.38,0.92,0.265,0.114,0.299,0.868,0.14800000000000002
2019,Joe Jimenez,DET,24,4,7,4.37,66,0,59.2,0.3,4.66,4.19,1.32,12.37,3.47,1.96,0.319,0.08900000000000001,0.319,0.772,0.183
2019,Lou Trivino,OAK,27,4,6,5.25,61,0,60.0,0.3,4.53,5.27,1.53,8.55,4.65,1.05,0.212,0.115,0.316,0.6459999999999999,0.10300000000000001
2019,Jeremy Jeffress,MIL,31,3,4,5.02,48,0,52.0,0.3,3.96,4.4,1.37,7.96,2.94,0.87,0.204,0.076,0.322,0.638,0.114
2019,Justin Anderson,LAA,26,3,0,5.55,54,0,47.0,0.3,4.43,4.8,1.57,11.49,6.13,1.15,0.276,0.147,0.305,0.6459999999999999,0.125
2019,Matt Bowman,CIN,28,2,0,3.66,27,0,32.0,0.3,3.68,4.55,1.25,7.03,3.66,0.56,0.182,0.095,0.258,0.672,0.07400000000000001
2019,Chris Devenski,HOU,28,2,3,4.83,61,1,69.0,0.3,4.62,4.85,1.3,9.39,2.74,1.7,0.242,0.07,0.296,0.722,0.14
2019,Ryan Brasier,BOS,31,2,4,4.85,62,0,55.2,0.3,4.42,4.89,1.29,9.86,3.4,1.46,0.253,0.087,0.286,0.6729999999999999,0.125
2019,Ryan Weber,BOS,28,2,4,5.09,18,3,40.2,0.3,4.2,4.56,1.38,6.42,1.77,1.11,0.16,0.044000000000000004,0.316,0.654,0.125
2019,Chi Chi Gonzalez,COL,27,2,6,5.29,14,12,63.0,0.3,5.64,5.33,1.46,6.57,4.71,1.57,0.165,0.11900000000000001,0.257,0.696,0.177
2019,Jimmy Cordero,- - -,27,1,1,2.89,31,0,37.1,0.3,4.07,3.69,0.99,7.47,2.65,0.96,0.212,0.075,0.227,0.8140000000000001,0.21100000000000002
2019,Stefan Crichton,ARI,27,1,0,3.56,28,0,30.1,0.3,3.31,3.67,1.02,9.79,2.37,0.89,0.268,0.065,0.26,0.7290000000000001,0.12
2019,Cory Gearrin,- - -,33,1,3,4.07,66,2,55.1,0.3,4.26,4.96,1.45,7.64,4.07,0.81,0.195,0.10400000000000001,0.313,0.7659999999999999,0.096
2019,Paul Fry,BAL,26,1,9,5.34,66,0,57.1,0.3,4.71,4.41,1.45,8.63,4.55,1.1,0.21600000000000003,0.114,0.297,0.631,0.18899999999999997
2019,Patrick Sandoval,LAA,22,0,4,5.03,10,9,39.1,0.3,4.59,4.02,1.37,9.61,4.35,1.37,0.249,0.11199999999999999,0.287,0.708,0.214
2019,Justus Sheffield,SEA,23,0,1,5.5,8,7,36.0,0.3,4.71,4.68,1.72,9.25,4.5,1.25,0.22,0.107,0.371,0.741,0.156
2019,Junior Guerra,MIL,34,9,5,3.55,72,0,83.2,0.2,4.52,4.83,1.12,8.28,3.87,1.18,0.22399999999999998,0.105,0.218,0.763,0.129
2019,Adam Cimber,CLE,28,6,3,4.45,68,0,56.2,0.2,4.36,4.46,1.32,6.51,3.02,0.95,0.168,0.078,0.287,0.708,0.14300000000000002
2019,Yusei Kikuchi,SEA,28,6,11,5.46,32,32,161.2,0.2,5.71,5.18,1.52,6.46,2.78,2.0,0.161,0.069,0.31,0.708,0.188
2019,Jacob Webb,ATL,25,4,0,1.39,36,0,32.1,0.2,4.3,5.15,1.11,7.79,3.34,1.11,0.214,0.092,0.233,0.86,0.1
2019,Steve Cishek,CHC,33,4,6,2.95,70,0,64.0,0.2,4.54,4.95,1.2,8.02,4.08,0.98,0.213,0.109,0.246,0.836,0.11900000000000001
2019,Drew VerHagen,DET,28,4,3,5.9,22,4,58.0,0.2,4.87,4.67,1.6,7.91,3.57,1.4,0.198,0.08900000000000001,0.357,0.675,0.17
2019,Nick Goody,CLE,27,3,2,3.54,39,0,40.2,0.2,4.62,5.02,1.28,11.07,4.87,1.55,0.289,0.127,0.245,0.8059999999999999,0.13
2019,Austin Pruitt,TBR,29,3,0,4.4,14,2,47.0,0.2,4.26,3.93,1.26,7.47,2.3,1.34,0.20199999999999999,0.062,0.296,0.732,0.184
2019,Luke Bard,LAA,28,3,3,4.78,32,3,49.0,0.2,4.81,5.16,1.1,7.35,2.39,1.47,0.201,0.065,0.248,0.669,0.131
2019,Josh Tomlin,ATL,34,2,1,3.74,51,1,79.1,0.2,4.49,4.95,1.12,5.79,0.79,1.59,0.159,0.022000000000000002,0.274,0.778,0.127
2019,Tanner Rainey,WSN,26,2,3,3.91,52,0,48.1,0.2,4.37,3.91,1.45,13.78,7.08,1.12,0.34600000000000003,0.17800000000000002,0.283,0.7929999999999999,0.214
2019,Hunter Wood,- - -,25,1,1,2.98,36,2,45.1,0.2,4.36,5.12,1.28,7.74,2.38,1.39,0.2,0.062,0.287,0.7929999999999999,0.111
2019,Mike Morin,- - -,28,1,3,4.62,52,0,50.2,0.2,4.56,5.41,1.11,4.62,1.78,1.07,0.124,0.048,0.244,0.601,0.098
2019,Hector Velazquez,BOS,30,1,4,5.43,34,8,56.1,0.2,4.74,5.46,1.53,7.83,4.47,1.12,0.19899999999999998,0.114,0.321,0.619,0.106
2019,Chris Stratton,- - -,28,1,3,5.57,35,5,76.0,0.2,4.92,4.82,1.66,8.17,3.91,1.54,0.201,0.096,0.349,0.705,0.16
2019,Jose Cisnero,DET,30,0,4,4.33,35,0,35.1,0.2,4.66,5.13,1.53,10.19,4.84,1.27,0.247,0.11699999999999999,0.316,0.72,0.122
2019,Adam Kolarek,- - -,30,6,3,3.27,80,0,55.0,0.1,4.27,3.74,1.16,7.36,2.62,1.15,0.19699999999999998,0.07,0.259,0.787,0.226
2019,Casey Sadler,- - -,28,4,0,2.14,33,1,46.1,0.1,4.38,4.78,1.17,6.02,2.53,0.97,0.16,0.067,0.255,0.863,0.11900000000000001
2019,Erick Fedde,WSN,26,4,2,4.5,21,12,78.0,0.1,5.34,5.27,1.46,4.73,3.81,1.27,0.12300000000000001,0.099,0.283,0.765,0.159
2019,Sam Gaviglio,TOR,29,4,2,4.61,52,0,95.2,0.1,4.64,4.31,1.12,8.28,2.07,1.69,0.22399999999999998,0.055999999999999994,0.258,0.6990000000000001,0.17600000000000002
2019,Framber Valdez,HOU,25,4,7,5.86,26,8,70.2,0.1,4.98,4.31,1.67,8.66,5.6,1.15,0.207,0.134,0.319,0.649,0.257
2019,Jeffrey Springs,TEX,26,4,1,6.4,25,0,32.1,0.1,4.98,6.14,1.89,8.91,6.4,1.11,0.20600000000000002,0.14800000000000002,0.354,0.6859999999999999,0.08900000000000001
2019,Brandon Brennan,SEA,27,3,6,4.56,44,0,47.1,0.1,4.4,4.14,1.23,8.94,4.56,1.14,0.24,0.122,0.235,0.665,0.182
2019,Jace Fry,CHW,25,3,4,4.75,68,0,55.0,0.1,4.9,4.41,1.58,11.13,7.04,1.15,0.271,0.171,0.285,0.711,0.21899999999999997
2019,Elieser Hernandez,MIA,24,3,5,5.03,21,15,82.1,0.1,5.58,5.13,1.24,9.29,2.84,2.19,0.24100000000000002,0.07400000000000001,0.263,0.747,0.179
2019,Kyle Freeland,COL,26,3,11,6.73,22,22,104.1,0.1,5.99,5.07,1.58,6.81,3.36,2.16,0.16699999999999998,0.08199999999999999,0.308,0.621,0.217
2019,Ryan Helsley,STL,24,2,0,2.95,24,0,36.2,0.1,4.22,5.11,1.25,7.85,2.95,1.23,0.209,0.078,0.279,0.846,0.102
2019,David Phelps,- - -,32,2,1,3.41,41,1,34.1,0.1,4.58,5.01,1.4,9.44,4.46,1.31,0.245,0.11599999999999999,0.295,0.833,0.125
2019,Tyler Webb,STL,28,2,1,3.76,65,0,55.0,0.1,4.49,4.89,1.02,7.85,3.76,1.15,0.217,0.10400000000000001,0.184,0.726,0.12300000000000001
2019,Luis Cessa,NYY,27,2,1,4.11,43,0,81.0,0.1,4.87,4.51,1.31,8.33,3.44,1.56,0.21899999999999997,0.09,0.277,0.7490000000000001,0.182
2019,Jonathan Loaisiga,NYY,24,2,2,4.55,15,4,31.2,0.1,4.95,4.44,1.48,10.52,4.55,1.71,0.266,0.115,0.316,0.8079999999999999,0.19399999999999998
2019,Cole Irvin,PHI,25,2,1,5.83,16,3,41.2,0.1,5.06,5.03,1.39,6.7,2.81,1.51,0.171,0.07200000000000001,0.299,0.645,0.156
2019,Clay Buchholz,TOR,34,2,5,6.56,12,12,59.0,0.1,5.62,5.18,1.49,5.95,2.44,1.98,0.154,0.063,0.319,0.636,0.18100000000000002
2019,Heath Hembree,BOS,30,1,0,3.86,45,0,39.2,0.1,4.78,5.69,1.31,10.44,4.08,1.59,0.266,0.10400000000000001,0.273,0.774,0.109
2019,Tyler Olson,CLE,29,1,1,4.4,39,0,30.2,0.1,4.42,5.29,1.63,8.22,4.7,0.88,0.2,0.114,0.341,0.774,0.091
2019,Nick Vincent,- - -,32,1,4,4.43,32,1,44.2,0.1,4.51,4.19,1.32,9.47,2.42,1.61,0.242,0.062,0.317,0.772,0.17800000000000002
2019,Jose Alvarado,TBR,24,1,6,4.8,35,1,30.0,0.1,4.18,4.84,1.87,11.7,8.1,0.6,0.267,0.185,0.346,0.7140000000000001,0.087
2019,Jose Ruiz,CHW,24,1,4,5.63,40,1,40.0,0.1,5.36,6.1,2.0,7.88,5.4,1.35,0.177,0.121,0.382,0.747,0.111
2019,Chad Bettis,COL,30,1,6,6.08,39,3,63.2,0.1,5.16,4.49,1.55,5.94,2.97,1.41,0.146,0.073,0.325,0.633,0.22699999999999998
2019,Matt Albers,MIL,36,8,6,5.13,67,0,59.2,0.0,4.66,4.55,1.37,8.6,4.37,1.21,0.221,0.11199999999999999,0.28,0.691,0.163
2019,Michael Feliz,PIT,26,4,4,3.99,58,1,56.1,0.0,4.71,4.29,1.26,11.66,4.31,1.76,0.305,0.113,0.262,0.799,0.183
2019,Josh Osich,CHW,30,4,0,4.66,57,0,67.2,0.0,4.96,4.16,1.14,8.11,2.0,2.0,0.22399999999999998,0.055,0.26,0.696,0.21100000000000002
2019,Tommy Milone,SEA,32,4,10,4.76,23,6,111.2,0.0,5.0,4.84,1.12,7.58,1.85,1.93,0.20800000000000002,0.051,0.252,0.7070000000000001,0.162
2019,Nick Pivetta,PHI,26,4,6,5.38,30,13,93.2,0.0,5.47,4.58,1.52,8.55,3.75,1.92,0.21100000000000002,0.09300000000000001,0.309,0.695,0.225
2019,Thomas Pannone,TOR,25,3,6,6.16,37,7,73.0,0.0,5.16,5.54,1.42,8.51,3.82,1.6,0.212,0.095,0.291,0.643,0.131
2019,Peter Lambert,COL,22,3,7,7.25,19,19,89.1,0.0,5.97,5.29,1.74,5.74,3.63,1.81,0.136,0.086,0.333,0.6409999999999999,0.207
2019,Pedro Strop,CHC,34,2,5,4.97,50,0,41.2,0.0,4.53,4.19,1.27,10.58,4.32,1.3,0.275,0.11199999999999999,0.276,0.685,0.188
2019,Edwin Diaz,NYM,25,2,7,5.59,66,0,58.0,0.0,4.51,3.07,1.38,15.36,3.41,2.33,0.39,0.087,0.377,0.762,0.268
2019,Jerry Blevins,ATL,35,1,0,3.9,45,0,32.1,0.0,4.61,4.93,1.27,10.3,4.45,1.39,0.262,0.113,0.247,0.778,0.132
2019,Colten Brewer,BOS,26,1,2,4.12,58,0,54.2,0.0,4.71,4.85,1.7,8.56,5.6,0.99,0.20600000000000002,0.134,0.333,0.797,0.14
2019,Jay Jackson,MIL,31,1,0,4.45,28,0,30.1,0.0,4.66,3.6,1.32,13.95,5.34,1.78,0.35600000000000004,0.136,0.271,0.804,0.261
2019,Derek Law,TOR,28,1,2,4.9,58,4,60.2,0.0,4.85,4.8,1.66,9.94,5.93,1.19,0.235,0.14,0.317,0.733,0.157
2019,Tim Mayza,TOR,27,1,3,4.91,68,0,51.1,0.0,4.73,4.1,1.4,9.64,4.73,1.4,0.242,0.11900000000000001,0.272,0.7120000000000001,0.222
2019,Brian Johnson,BOS,28,1,3,6.02,21,7,40.1,0.0,5.32,6.15,1.88,6.92,5.13,1.34,0.161,0.11900000000000001,0.353,0.695,0.107
2019,Hector Santiago,- - -,31,1,1,6.68,19,2,33.2,0.0,5.89,5.52,1.9,10.69,5.88,2.14,0.245,0.135,0.366,0.72,0.174
2019,T.J. McFarland,ARI,30,0,0,4.82,51,0,56.0,0.0,4.48,4.33,1.62,5.62,3.21,0.96,0.14,0.08,0.346,0.682,0.171
2019,Adalberto Mejia,- - -,26,0,2,6.61,35,0,31.1,0.0,4.97,5.98,1.72,8.62,6.03,1.15,0.207,0.145,0.322,0.599,0.095
2019,Roenis Elias,- - -,30,4,2,3.96,48,0,50.0,-0.1,5.07,4.78,1.28,8.46,3.24,1.8,0.218,0.083,0.257,0.647,0.172
2019,Dario Agrazal,PIT,24,4,5,4.91,15,14,73.1,-0.1,5.9,5.9,1.36,5.03,2.21,1.84,0.128,0.055999999999999994,0.283,0.753,0.153
2019,Luis Avilan,NYM,29,4,0,5.06,45,0,32.0,-0.1,4.96,4.61,1.47,8.44,3.94,1.41,0.213,0.099,0.315,0.7440000000000001,0.185
2019,Zack Godley,- - -,29,4,5,5.97,33,9,92.0,-0.1,5.2,5.43,1.5,6.85,4.11,1.37,0.172,0.10300000000000001,0.297,0.6559999999999999,0.13699999999999998
2019,Wei-Chung Wang,- - -,27,3,0,3.77,25,0,31.0,-0.1,5.18,6.33,1.32,5.23,4.06,1.16,0.14,0.109,0.25,0.797,0.091
2019,Jeff Brigham,MIA,27,3,2,4.46,32,0,38.1,-0.1,5.07,4.9,1.3,9.16,3.29,1.88,0.242,0.087,0.283,0.779,0.163
2019,Blake Parker,- - -,34,3,3,4.55,60,2,61.1,-0.1,5.07,4.26,1.22,9.54,3.23,1.91,0.255,0.086,0.263,0.769,0.217
2019,Jhoulys Chacin,- - -,31,3,12,6.01,25,24,103.1,-0.1,5.88,5.03,1.56,8.8,4.01,2.18,0.215,0.098,0.307,0.71,0.21
2019,Justin Shafer,TOR,26,2,1,3.86,34,0,39.2,-0.1,5.18,5.67,1.66,8.85,5.67,1.36,0.214,0.13699999999999998,0.315,0.8190000000000001,0.122
2019,Sean Reid-Foley,TOR,23,2,4,4.26,9,6,31.2,-0.1,5.68,6.26,1.71,7.96,5.97,1.42,0.187,0.14,0.298,0.735,0.11900000000000001
2019,Brad Wieck,- - -,27,2,2,5.71,44,0,34.2,-0.1,4.77,4.12,1.18,12.72,3.38,2.08,0.331,0.08800000000000001,0.267,0.64,0.195
2019,Jeremy Hellickson,WSN,32,2,3,6.23,9,8,39.0,-0.1,6.29,5.99,1.72,6.92,4.62,2.08,0.16399999999999998,0.109,0.309,0.6679999999999999,0.17
2019,Nick Margevicius,SDP,23,2,6,6.79,17,12,57.0,-0.1,5.64,4.96,1.61,6.63,3.0,1.89,0.16,0.07200000000000001,0.326,0.627,0.203
2019,Ryan Buchter,OAK,32,1,1,2.98,64,0,45.1,-0.1,4.96,5.08,1.43,9.93,4.57,1.59,0.253,0.11599999999999999,0.296,0.914,0.145
2019,Austin Brice,MIA,27,1,0,3.43,36,0,44.2,-0.1,4.87,4.79,1.23,9.27,3.63,1.41,0.231,0.09,0.248,0.785,0.159
2019,Caleb Ferguson,LAD,22,1,2,4.84,46,2,44.2,-0.1,5.05,4.88,1.48,10.88,5.44,1.41,0.265,0.132,0.291,0.74,0.16699999999999998
2019,Clay Holmes,PIT,26,1,2,5.58,35,0,50.0,-0.1,4.97,4.87,1.62,10.08,6.48,0.9,0.233,0.15,0.299,0.6509999999999999,0.16699999999999998
2019,Alex Wood,CIN,28,1,3,5.8,7,7,35.2,-0.1,6.38,4.44,1.4,7.57,2.27,2.78,0.196,0.059000000000000004,0.294,0.73,0.297
2019,Tyson Ross,DET,32,1,5,6.11,7,7,35.1,-0.1,5.99,5.16,1.67,6.37,4.58,1.78,0.154,0.111,0.306,0.637,0.226
2019,Felix Hernandez,SEA,33,1,8,6.4,15,15,71.2,-0.1,6.0,5.17,1.53,7.16,3.14,2.13,0.175,0.077,0.309,0.629,0.21
2019,Dylan Covey,CHW,27,1,8,7.98,18,12,58.2,-0.1,6.06,5.61,1.76,6.29,4.3,1.84,0.146,0.1,0.321,0.583,0.185
2019,Yency Almonte,COL,25,0,1,5.56,28,0,34.0,-0.1,5.51,5.64,1.56,7.68,3.71,1.85,0.185,0.08900000000000001,0.302,0.7240000000000001,0.146
2019,Robert Dugger,MIA,23,0,4,5.77,7,7,34.1,-0.1,5.95,6.17,1.46,6.55,4.46,1.57,0.16,0.109,0.262,0.622,0.14
2019,Gregory Soto,DET,24,0,5,5.77,33,7,57.2,-0.1,5.4,5.65,1.86,7.02,5.15,1.4,0.163,0.12,0.344,0.72,0.136
2019,Shawn Kelley,TEX,35,5,2,4.94,50,0,47.1,-0.2,5.52,4.99,1.39,8.18,2.09,2.28,0.21,0.054000000000000006,0.314,0.8009999999999999,0.182
2019,Touki Toussaint,ATL,23,4,0,5.62,24,1,41.2,-0.2,4.99,5.63,1.68,9.72,5.62,1.08,0.22699999999999998,0.131,0.339,0.7,0.109
2019,Jeurys Familia,NYM,29,4,2,5.7,66,0,60.0,-0.2,4.88,4.99,1.73,9.45,6.3,1.05,0.23,0.153,0.346,0.7,0.14300000000000002
2019,Jorge Lopez,KCR,26,4,9,6.33,39,18,123.2,-0.2,5.55,4.82,1.47,7.93,3.06,1.96,0.19899999999999998,0.077,0.314,0.636,0.20600000000000002
2019,Nick Kingham,- - -,27,4,2,7.28,25,4,55.2,-0.2,5.48,5.34,1.85,7.44,4.04,1.78,0.17800000000000002,0.09699999999999999,0.379,0.662,0.162
2019,Tyler Kinley,MIA,28,3,1,3.65,52,0,49.1,-0.2,4.92,5.78,1.6,8.39,6.57,0.91,0.20800000000000002,0.163,0.286,0.8220000000000001,0.09300000000000001
2019,Hector Rondon,HOU,31,3,2,3.71,62,1,60.2,-0.2,4.96,4.85,1.25,7.12,2.97,1.48,0.187,0.078,0.263,0.833,0.161
2019,Joe Biagini,- - -,29,3,2,4.59,63,0,64.2,-0.2,5.43,4.18,1.5,8.35,3.62,1.95,0.214,0.09300000000000001,0.317,0.804,0.275
2019,Mike Montgomery,- - -,29,3,9,4.95,33,13,91.0,-0.2,5.52,4.61,1.62,6.82,3.36,1.78,0.172,0.085,0.343,0.763,0.237
2019,Bryan Shaw,COL,31,3,2,5.38,70,0,72.0,-0.2,5.19,4.87,1.36,7.25,3.63,1.5,0.18600000000000003,0.09300000000000001,0.275,0.684,0.179
2019,Matt Harvey,LAA,30,3,5,7.09,12,12,59.2,-0.2,6.35,5.45,1.54,5.88,4.37,1.96,0.147,0.109,0.275,0.612,0.22399999999999998
2019,Alex Claudio,MIL,27,2,2,4.06,83,0,62.0,-0.2,4.92,4.59,1.31,6.39,3.48,1.16,0.165,0.09,0.265,0.765,0.19
2019,Tony Watson,SFG,34,2,2,4.17,60,0,54.0,-0.2,4.81,4.89,1.26,6.83,2.0,1.5,0.177,0.052000000000000005,0.287,0.778,0.14800000000000002
2019,Tim Melville,COL,29,2,3,4.86,7,7,33.1,-0.2,6.63,5.27,1.44,6.48,3.78,2.43,0.168,0.098,0.263,0.852,0.25
2019,Yimi Garcia,LAD,28,1,4,3.61,64,0,62.1,-0.2,5.19,4.9,0.87,9.53,2.02,2.17,0.267,0.057,0.171,0.821,0.16899999999999998
2019,Greg Holland,ARI,33,1,2,4.54,40,0,35.2,-0.2,4.76,4.77,1.37,10.35,6.06,1.26,0.27,0.158,0.244,0.738,0.152
2019,Elvis Luciano,TOR,19,1,0,5.35,25,0,33.2,-0.2,5.56,6.5,1.78,7.22,6.42,1.07,0.17,0.151,0.317,0.7490000000000001,0.095
2019,Branden Kline,BAL,27,1,4,5.93,34,0,41.0,-0.2,5.87,5.15,1.54,7.46,4.17,1.98,0.18600000000000003,0.10400000000000001,0.292,0.7,0.205
2019,Clayton Richard,TOR,35,1,5,5.96,10,10,45.1,-0.2,6.28,5.32,1.57,4.37,3.57,1.79,0.109,0.09,0.297,0.6729999999999999,0.243
2019,Jimmy Yacabonis,BAL,27,1,2,6.8,29,4,41.0,-0.2,6.36,6.27,1.83,7.24,5.27,1.98,0.171,0.124,0.336,0.6990000000000001,0.158
2019,Wade Davis,COL,33,1,6,8.65,50,0,42.2,-0.2,5.56,5.8,1.88,8.86,6.12,1.48,0.204,0.141,0.349,0.5539999999999999,0.13699999999999998
2019,Phil Maton,- - -,26,0,0,6.14,30,0,36.2,-0.2,5.04,4.46,1.36,8.1,2.95,1.72,0.20199999999999999,0.07400000000000001,0.284,0.5920000000000001,0.2
2019,Geoff Hartlieb,PIT,25,0,1,9.0,29,0,35.0,-0.2,5.56,4.52,2.0,9.77,4.63,2.06,0.222,0.105,0.411,0.595,0.235
2019,Michael Wacha,STL,27,6,7,4.76,29,24,126.2,-0.3,5.61,4.8,1.56,7.39,3.91,1.85,0.185,0.098,0.313,0.79,0.22
2019,Blake Treinen,OAK,31,6,5,4.91,57,0,58.2,-0.3,5.14,5.01,1.62,9.05,5.68,1.38,0.222,0.139,0.306,0.755,0.16399999999999998
2019,Nestor Cortes,NYY,24,5,1,5.67,33,1,66.2,-0.3,5.57,5.04,1.55,9.32,3.78,2.16,0.23199999999999998,0.094,0.321,0.735,0.184
2019,Richard Rodriguez,PIT,29,4,5,3.72,72,0,65.1,-0.3,5.22,4.99,1.35,8.68,3.17,1.93,0.221,0.081,0.279,0.852,0.16699999999999998
2019,Drew Smyly,- - -,30,4,7,6.24,25,21,114.0,-0.3,6.26,5.21,1.59,9.47,4.34,2.53,0.233,0.107,0.308,0.7240000000000001,0.215
2019,Yoan Lopez,ARI,26,2,7,3.41,70,0,60.2,-0.3,5.03,4.47,1.14,6.23,2.52,1.63,0.171,0.069,0.233,0.784,0.2
2019,Nathan Eovaldi,BOS,29,2,1,5.99,23,12,67.2,-0.3,5.9,4.89,1.58,9.31,4.66,2.13,0.23199999999999998,0.11599999999999999,0.315,0.731,0.22899999999999998
2019,Jake Newberry,KCR,24,1,0,3.77,27,0,31.0,-0.3,5.92,5.94,1.45,8.42,4.65,2.03,0.212,0.11699999999999999,0.262,0.912,0.152
2019,Blaine Hardy,DET,32,1,1,4.47,39,0,44.1,-0.3,5.72,4.98,1.15,5.89,2.64,2.03,0.159,0.071,0.215,0.73,0.204
2019,Dominic Leone,STL,27,1,0,5.53,40,0,40.2,-0.3,5.45,4.78,1.5,10.18,4.87,1.99,0.256,0.122,0.291,0.682,0.2
2019,Erik Swanson,SEA,25,1,5,5.74,27,8,58.0,-0.3,5.96,4.68,1.17,8.07,1.86,2.64,0.212,0.049,0.241,0.628,0.23
2019,Shelby Miller,TEX,28,1,3,8.59,19,8,44.0,-0.3,6.4,6.79,1.98,6.14,5.93,1.64,0.136,0.132,0.333,0.5579999999999999,0.131
2019,Jake McGee,COL,32,0,2,4.35,45,0,41.1,-0.3,6.0,5.38,1.4,7.62,2.4,2.4,0.19399999999999998,0.061,0.3,0.789,0.18600000000000003
2019,Andrew Suarez,SFG,26,0,2,5.79,21,2,32.2,-0.3,5.85,4.95,1.62,6.89,3.86,1.93,0.16899999999999998,0.095,0.317,0.701,0.226
2019,Wade LeBlanc,SEA,34,6,7,5.71,26,8,121.1,-0.4,5.49,5.1,1.45,6.82,2.3,2.08,0.17300000000000001,0.057999999999999996,0.308,0.7040000000000001,0.17600000000000002
2019,Andrew Miller,STL,34,5,6,4.45,73,0,54.2,-0.4,5.19,4.43,1.32,11.52,4.45,1.81,0.297,0.114,0.283,0.743,0.21600000000000003
2019,Dillon Peters,LAA,26,4,4,5.38,17,12,72.0,-0.4,6.23,5.52,1.54,6.88,3.25,2.25,0.168,0.08,0.3,0.727,0.196
2019,Victor Alcantara,DET,26,3,2,4.85,46,0,42.2,-0.4,5.72,5.38,1.41,5.06,3.16,1.69,0.132,0.08199999999999999,0.278,0.728,0.17800000000000002
2019,Jerad Eickhoff,PHI,28,3,4,5.71,12,10,58.1,-0.4,6.51,5.15,1.3,7.87,2.78,2.78,0.20800000000000002,0.073,0.256,0.777,0.231
2019,Manny Banuelos,CHW,28,3,4,6.93,16,8,50.2,-0.4,6.57,6.04,1.84,7.82,5.86,2.13,0.187,0.14,0.331,0.7120000000000001,0.185
2019,Wily Peralta,KCR,30,2,4,5.8,42,0,40.1,-0.4,5.84,5.76,1.59,5.36,4.24,1.56,0.136,0.10800000000000001,0.306,0.6759999999999999,0.159
2019,Adam Conley,MIA,29,2,11,6.53,60,0,60.2,-0.4,5.19,5.41,1.73,7.86,4.3,1.48,0.187,0.102,0.351,0.67,0.139
2019,Gabriel Ynoa,BAL,26,1,10,5.61,36,13,110.2,-0.4,6.2,5.4,1.37,5.45,2.11,2.36,0.14,0.054000000000000006,0.273,0.682,0.2
2019,Matt Grace,WSN,30,1,2,6.36,51,1,46.2,-0.4,5.55,4.36,1.52,6.75,1.93,2.12,0.17,0.049,0.338,0.677,0.25
2019,Thomas Eshelman,BAL,25,1,2,6.5,10,4,36.0,-0.4,7.33,5.92,1.61,5.5,2.75,3.0,0.134,0.067,0.297,0.664,0.226
2019,Corbin Burnes,MIL,24,1,5,8.82,32,4,49.0,-0.4,6.09,3.37,1.84,12.86,3.67,3.12,0.298,0.085,0.414,0.574,0.386
2019,Ryan Carpenter,DET,28,1,6,9.3,9,9,40.2,-0.4,6.93,6.12,1.82,5.53,2.88,2.66,0.127,0.066,0.338,0.507,0.19399999999999998
2019,Josh A. Smith,BOS,31,0,3,5.81,18,2,31.0,-0.4,6.6,4.91,1.42,8.42,2.32,2.9,0.209,0.057999999999999996,0.292,0.758,0.256
2019,Wei-Yin Chen,MIA,33,0,1,6.59,45,0,68.1,-0.4,5.23,4.83,1.54,8.3,2.37,1.98,0.205,0.059000000000000004,0.35,0.629,0.179
2019,Dereck Rodriguez,SFG,27,6,11,5.64,28,16,99.0,-0.5,5.69,5.14,1.45,6.45,3.27,1.91,0.162,0.08199999999999999,0.282,0.617,0.191
2019,Jared Hughes,- - -,33,5,5,4.04,72,0,71.1,-0.5,5.29,4.17,1.18,6.81,3.41,1.64,0.187,0.09300000000000001,0.228,0.723,0.289
2019,Glenn Sparkman,KCR,27,4,11,6.02,31,23,136.0,-0.5,5.93,5.81,1.51,5.36,2.71,1.99,0.134,0.068,0.299,0.68,0.16
2019,Jaime Barria,LAA,22,4,10,6.42,19,13,82.2,-0.5,6.23,5.32,1.44,8.17,2.94,2.61,0.205,0.07400000000000001,0.287,0.6859999999999999,0.20199999999999999
2019,Ross Detwiler,CHW,33,3,5,6.59,18,12,69.2,-0.5,6.92,5.5,1.62,5.94,3.49,2.58,0.146,0.086,0.301,0.705,0.247
2019,Luis Garcia,LAA,32,2,1,4.35,64,2,62.0,-0.5,5.94,5.11,1.52,8.27,4.79,1.89,0.205,0.11900000000000001,0.282,0.792,0.22
2019,Jeff Hoffman,COL,26,2,6,6.56,15,15,70.0,-0.5,6.8,5.43,1.59,8.74,4.37,2.7,0.21600000000000003,0.10800000000000001,0.298,0.748,0.23600000000000002
2019,Jacob Barnes,- - -,29,1,5,7.44,33,1,32.2,-0.5,6.06,5.22,1.78,8.82,6.06,1.93,0.2,0.138,0.293,0.581,0.21899999999999997
2019,Edgar Garcia,PHI,22,2,0,5.77,37,0,39.0,-0.6,6.57,5.51,1.64,10.38,6.0,2.54,0.262,0.151,0.3,0.802,0.21600000000000003
2019,Jose Suarez,LAA,21,2,6,7.11,19,15,81.0,-0.6,6.72,5.71,1.64,8.0,3.67,2.56,0.192,0.08800000000000001,0.325,0.6859999999999999,0.21100000000000002
2019,Tayron Guerrero,MIA,28,1,2,6.26,52,0,46.0,-0.6,6.06,6.33,1.7,8.41,7.04,1.37,0.19899999999999998,0.16699999999999998,0.282,0.674,0.135
2019,Trevor Cahill,LAA,31,4,9,5.98,37,11,102.1,-0.7,6.13,5.11,1.47,7.12,3.43,2.2,0.17800000000000002,0.086,0.283,0.7020000000000001,0.225
2019,Anthony Swarzak,- - -,33,3,4,4.56,59,0,53.1,-0.7,5.71,4.76,1.48,8.78,4.56,2.03,0.222,0.115,0.28,0.7879999999999999,0.226
2019,Kyle Crick,PIT,26,3,7,4.96,52,0,49.0,-0.7,5.95,5.33,1.55,11.2,6.43,1.84,0.27,0.155,0.274,0.768,0.2
2019,Wes Parsons,- - -,26,1,2,5.45,32,0,34.2,-0.7,6.65,6.0,1.76,6.75,7.53,1.56,0.166,0.185,0.277,0.7140000000000001,0.214
2019,Wandy Peralta,- - -,27,1,1,5.67,47,0,39.2,-0.7,6.57,4.72,1.41,7.26,3.63,2.5,0.18600000000000003,0.09300000000000001,0.261,0.775,0.314
2019,David Hess,BAL,25,1,10,7.09,23,14,80.0,-0.7,7.26,5.67,1.55,7.65,3.37,3.15,0.18600000000000003,0.08199999999999999,0.278,0.611,0.235
2019,Taylor Clarke,ARI,26,5,5,5.31,23,15,84.2,-0.8,6.41,5.56,1.37,7.23,3.19,2.44,0.184,0.081,0.26,0.746,0.20199999999999999
2019,Kyle Barraclough,- - -,29,1,2,5.61,43,0,33.2,-0.8,6.36,5.25,1.75,10.69,5.61,2.41,0.244,0.128,0.315,0.764,0.225
2019,Derek Holland,- - -,32,2,5,6.08,51,8,84.1,-1.0,6.1,5.25,1.51,8.75,4.8,2.13,0.218,0.12,0.276,0.68,0.21100000000000002
2019,Jesus Tinoco,COL,24,0,3,4.75,24,0,36.0,-1.0,7.91,5.84,1.61,7.0,5.5,3.0,0.174,0.13699999999999998,0.245,0.853,0.293
2019,Edwin Jackson,- - -,35,3,10,9.58,18,13,67.2,-1.1,7.65,5.9,2.02,6.92,4.26,3.06,0.155,0.095,0.363,0.547,0.253
2019,Dan Straily,BAL,30,2,4,9.82,14,8,47.2,-1.1,9.34,7.14,1.99,6.23,4.15,4.15,0.14,0.09300000000000001,0.325,0.665,0.242
2020,Shane Bieber,CLE,25,8,1,1.63,12,12,77.1,3.1,2.07,2.04,0.87,14.2,2.44,0.81,0.41100000000000003,0.071,0.267,0.9109999999999999,0.152
2020,Yu Darvish,CHC,33,8,3,2.01,12,12,76.0,2.9,2.23,2.82,0.96,11.01,1.66,0.59,0.313,0.047,0.295,0.838,0.08800000000000001
2020,Trevor Bauer,CIN,29,5,4,1.73,11,11,73.0,2.6,2.88,3.25,0.79,12.33,2.1,1.11,0.36,0.061,0.215,0.909,0.12
2020,Jacob deGrom,NYM,32,4,2,2.38,12,12,68.0,2.6,2.26,2.46,0.96,13.76,2.38,0.93,0.38799999999999996,0.067,0.288,0.797,0.13
2020,Dinelson Lamet,SDP,27,3,1,2.09,12,12,69.0,2.5,2.48,3.3,0.86,12.13,2.61,0.65,0.348,0.075,0.234,0.804,0.079
2020,Corbin Burnes,MIL,25,4,1,2.11,12,9,59.2,2.4,2.03,2.99,1.02,13.27,3.62,0.3,0.36700000000000005,0.1,0.285,0.8009999999999999,0.047
2020,Luis Castillo,CIN,27,4,6,3.21,12,12,70.0,2.4,2.65,2.82,1.23,11.44,3.09,0.64,0.305,0.08199999999999999,0.329,0.7,0.125
2020,German Marquez,COL,25,4,6,3.75,13,13,81.2,2.3,3.28,3.83,1.26,8.04,2.76,0.66,0.212,0.073,0.3,0.655,0.094
2020,Zack Greinke,HOU,36,3,3,4.03,12,12,67.0,2.2,2.8,3.51,1.13,9.0,1.21,0.81,0.245,0.033,0.321,0.685,0.092
2020,Kenta Maeda,MIN,32,6,1,2.7,11,11,66.2,2.1,3.0,2.63,0.75,10.8,1.35,1.21,0.32299999999999995,0.04,0.208,0.802,0.188
2020,Dylan Bundy,LAA,27,6,3,3.29,11,11,65.2,2.1,2.95,3.75,1.04,9.87,2.33,0.69,0.27,0.064,0.272,0.6920000000000001,0.08199999999999999
2020,Brandon Woodruff,MIL,27,3,5,3.05,13,13,73.2,2.1,3.2,3.29,0.99,11.12,2.2,1.1,0.311,0.061,0.269,0.792,0.141
2020,Marco Gonzales,SEA,28,7,2,3.1,11,11,69.2,2.0,3.32,4.13,0.95,8.27,0.9,1.03,0.231,0.025,0.263,0.731,0.096
2020,Aaron Nola,PHI,27,5,5,3.28,12,12,71.1,2.0,3.19,2.79,1.08,12.11,2.9,1.14,0.332,0.08,0.283,0.723,0.196
2020,Framber Valdez,HOU,26,5,3,3.57,11,10,70.2,2.0,2.85,2.94,1.12,9.68,2.04,0.64,0.264,0.055999999999999994,0.312,0.675,0.135
2020,Lucas Giolito,CHW,25,4,3,3.48,12,12,72.1,2.0,3.19,3.35,1.04,12.07,3.48,1.0,0.337,0.09699999999999999,0.255,0.6990000000000001,0.133
2020,Kyle Hendricks,CHC,30,6,5,2.88,12,12,81.1,1.9,3.55,3.78,1.0,7.08,0.89,1.11,0.203,0.025,0.272,0.8240000000000001,0.13
2020,Hyun-Jin Ryu,TOR,33,5,2,2.69,12,12,67.0,1.9,3.01,3.32,1.15,9.67,2.28,0.81,0.262,0.062,0.302,0.805,0.11800000000000001
2020,Zack Wheeler,PHI,30,4,2,2.92,11,11,71.0,1.9,3.22,3.76,1.17,6.72,2.03,0.38,0.184,0.055999999999999994,0.306,0.746,0.075
2020,Tony Gonsolin,LAD,26,2,2,2.31,9,8,46.2,1.9,2.29,3.8,0.84,8.87,1.35,0.39,0.261,0.04,0.25,0.726,0.04
2020,Dallas Keuchel,CHW,32,6,2,1.99,11,11,63.1,1.8,3.08,3.98,1.09,5.97,2.42,0.28,0.163,0.066,0.255,0.816,0.047
2020,Max Scherzer,WSN,35,5,4,3.74,12,12,67.1,1.8,3.46,3.53,1.38,12.3,3.07,1.34,0.312,0.078,0.355,0.8,0.14300000000000002
2020,Sonny Gray,CIN,30,5,3,3.7,11,11,56.0,1.7,3.05,3.19,1.21,11.57,4.18,0.64,0.306,0.111,0.29,0.6829999999999999,0.129
2020,Pablo Lopez,MIA,24,6,4,3.61,11,11,57.1,1.6,3.09,3.73,1.19,9.26,2.83,0.63,0.24600000000000002,0.075,0.293,0.6679999999999999,0.087
2020,Justus Sheffield,SEA,24,4,3,3.58,10,10,55.1,1.6,3.17,4.27,1.3,7.81,3.25,0.33,0.207,0.086,0.314,0.72,0.044000000000000004
2020,Kevin Gausman,SFG,29,3,3,3.62,12,10,59.2,1.6,3.09,3.06,1.11,11.92,2.41,1.21,0.322,0.065,0.296,0.73,0.151
2020,Rick Porcello,NYM,31,1,7,5.64,12,12,59.0,1.6,3.33,4.38,1.51,8.24,2.29,0.76,0.207,0.057,0.373,0.595,0.076
2020,Max Fried,ATL,26,7,0,2.25,11,11,56.0,1.5,3.1,4.05,1.09,8.04,3.05,0.32,0.223,0.085,0.268,0.82,0.049
2020,Zach Plesac,CLE,25,4,2,2.28,8,8,55.1,1.5,3.39,3.5,0.8,9.27,0.98,1.3,0.27699999999999997,0.028999999999999998,0.224,0.917,0.14
2020,Zach Eflin,PHI,26,4,2,3.97,11,10,59.0,1.5,3.39,3.23,1.27,10.68,2.29,1.22,0.28600000000000003,0.061,0.344,0.741,0.163
2020,Andrew Heaney,LAA,29,4,3,4.45,12,12,66.2,1.5,3.79,4.15,1.23,9.45,2.56,1.21,0.251,0.068,0.302,0.6859999999999999,0.12300000000000001
2020,Carlos Carrasco,CLE,33,3,4,2.91,12,12,68.0,1.5,3.59,3.65,1.21,10.85,3.57,1.06,0.293,0.096,0.292,0.852,0.14300000000000002
2020,Zach Davies,SDP,27,7,4,2.73,12,12,69.1,1.4,3.88,4.14,1.07,8.18,2.47,1.17,0.228,0.069,0.249,0.782,0.129
2020,Gerrit Cole,NYY,29,7,3,2.84,12,12,73.0,1.4,3.89,3.38,0.96,11.59,2.1,1.73,0.326,0.059000000000000004,0.242,0.8590000000000001,0.187
2020,Clayton Kershaw,LAD,32,6,2,2.16,10,10,58.1,1.4,3.31,3.05,0.84,9.57,1.23,1.23,0.281,0.036000000000000004,0.232,0.825,0.174
2020,Lance Lynn,TEX,33,6,3,3.32,13,13,84.0,1.4,4.19,4.34,1.06,9.54,2.68,1.39,0.259,0.073,0.242,0.794,0.138
2020,Zac Gallen,ARI,24,3,2,2.75,12,12,72.0,1.4,3.66,3.62,1.11,10.25,3.13,1.13,0.282,0.086,0.266,0.836,0.153
2020,Chris Bassitt,OAK,31,5,2,2.29,11,11,63.0,1.3,3.59,4.49,1.16,7.86,2.43,0.86,0.21100000000000002,0.065,0.276,0.856,0.086
2020,Brad Keller,KCR,24,5,3,2.47,9,9,54.2,1.3,3.43,4.33,1.02,5.76,2.8,0.33,0.163,0.079,0.233,0.7609999999999999,0.051
2020,Spencer Turnbull,DET,27,4,4,3.97,11,11,56.2,1.3,3.49,4.53,1.34,8.1,4.61,0.32,0.21100000000000002,0.12,0.285,0.705,0.045
2020,Julio Urias,LAD,23,3,0,3.27,11,10,55.0,1.3,3.72,5.06,1.15,7.36,2.95,0.82,0.201,0.08,0.256,0.768,0.069
2020,Aaron Civale,CLE,25,4,6,4.74,12,12,74.0,1.2,4.03,3.92,1.32,8.39,1.95,1.34,0.221,0.051,0.333,0.7240000000000001,0.157
2020,Patrick Corbin,WSN,30,2,7,4.66,11,11,65.2,1.2,4.17,4.12,1.57,8.22,2.47,1.37,0.203,0.061,0.362,0.764,0.152
2020,Antonio Senzatela,COL,25,5,3,3.44,12,12,73.1,1.1,4.57,4.81,1.21,5.03,2.21,1.1,0.135,0.059000000000000004,0.268,0.7959999999999999,0.129
2020,Jose Berrios,MIN,26,5,4,4.0,12,12,63.0,1.1,4.06,4.28,1.32,9.71,3.71,1.14,0.251,0.096,0.295,0.775,0.131
2020,Tyler Glasnow,TBR,26,5,1,4.08,11,11,57.1,1.1,3.66,2.75,1.13,14.28,3.45,1.73,0.382,0.092,0.281,0.7859999999999999,0.23399999999999999
2020,Sean Manaea,OAK,28,4,3,4.5,11,11,54.0,1.1,3.71,3.77,1.2,7.5,1.33,1.17,0.203,0.036000000000000004,0.311,0.605,0.14300000000000002
2020,Ian Anderson,ATL,22,3,2,1.95,6,6,32.1,1.1,2.54,3.45,1.08,11.41,3.9,0.28,0.297,0.10099999999999999,0.25,0.73,0.045
2020,Lance McCullers Jr.,HOU,26,3,3,3.93,11,11,55.0,1.1,3.7,3.68,1.16,9.16,3.27,0.82,0.247,0.08800000000000001,0.277,0.645,0.152
2020,Tyler Mahle,CIN,25,2,2,3.59,10,9,47.2,1.1,3.88,4.59,1.15,11.33,3.97,1.13,0.299,0.10400000000000001,0.255,0.7509999999999999,0.10300000000000001
2020,Yusei Kikuchi,SEA,29,2,4,5.17,9,9,47.0,1.1,3.3,3.78,1.3,9.0,3.83,0.57,0.242,0.10300000000000001,0.306,0.599,0.094
2020,Adam Wainwright,STL,38,5,3,3.15,10,10,65.2,1.0,4.11,4.23,1.05,7.4,2.06,1.23,0.20600000000000002,0.057,0.247,0.7879999999999999,0.138
2020,Brady Singer,KCR,23,4,5,4.06,12,12,64.1,1.0,4.08,4.05,1.17,8.53,3.22,1.12,0.23199999999999998,0.087,0.26,0.7290000000000001,0.151
2020,Sixto Sanchez,MIA,21,3,2,3.46,7,7,39.0,1.0,3.5,4.08,1.21,7.62,2.54,0.69,0.209,0.07,0.303,0.759,0.094
2020,Mike Mayers,LAA,28,2,0,2.1,29,0,30.0,1.0,2.19,3.38,0.9,12.9,2.7,0.6,0.355,0.07400000000000001,0.242,0.7140000000000001,0.063
2020,Kyle Freeland,COL,27,2,3,4.33,13,13,70.2,1.0,4.65,4.55,1.42,5.86,2.93,1.15,0.151,0.076,0.305,0.763,0.158
2020,Ryan Yarbrough,TBR,28,1,4,3.56,11,9,55.2,1.0,3.8,4.33,1.19,7.11,1.94,0.81,0.188,0.051,0.295,0.773,0.102
2020,Joe Musgrove,PIT,27,1,5,3.86,8,8,39.2,1.0,3.42,3.19,1.24,12.48,3.63,1.13,0.331,0.096,0.318,0.773,0.172
2020,Nathan Eovaldi,BOS,30,4,2,3.72,9,9,48.1,0.9,3.87,3.32,1.2,9.68,1.3,1.49,0.261,0.035,0.336,0.8270000000000001,0.2
2020,Sandy Alcantara,MIA,24,3,2,3.0,7,7,42.0,0.9,3.72,4.04,1.19,8.36,3.21,0.86,0.22699999999999998,0.087,0.274,0.639,0.11800000000000001
2020,Griffin Canning,LAA,24,2,3,3.99,11,11,56.1,0.9,4.33,4.81,1.37,8.95,3.67,1.28,0.235,0.09699999999999999,0.307,0.7340000000000001,0.11800000000000001
2020,Charlie Morton,TBR,36,2,2,4.74,9,9,38.0,0.9,3.45,4.01,1.39,9.95,2.37,0.95,0.247,0.059000000000000004,0.355,0.7,0.105
2020,Jordan Montgomery,NYY,27,2,3,5.11,10,10,44.0,0.9,3.87,3.65,1.3,9.61,1.84,1.43,0.244,0.047,0.32,0.65,0.16699999999999998
2020,Randy Dobnak,MIN,25,6,4,4.05,10,10,46.2,0.8,3.96,4.45,1.35,5.21,2.51,0.58,0.135,0.065,0.307,0.732,0.094
2020,Tyler Anderson,SFG,30,4,3,4.37,13,11,59.2,0.8,4.36,5.93,1.39,6.18,3.77,0.75,0.158,0.096,0.286,0.688,0.061
2020,Masahiro Tanaka,NYY,31,3,3,3.56,10,10,48.0,0.8,4.42,4.19,1.17,8.25,1.5,1.69,0.223,0.040999999999999995,0.291,0.727,0.16399999999999998
2020,Jesus Luzardo,OAK,22,3,2,4.12,12,9,59.0,0.8,4.19,3.88,1.27,9.0,2.59,1.37,0.23800000000000002,0.069,0.306,0.78,0.17600000000000002
2020,Deivi Garcia,NYY,21,3,2,4.98,6,6,34.1,0.8,4.15,4.63,1.19,8.65,1.57,1.57,0.226,0.040999999999999995,0.29,0.655,0.122
2020,Josh Lindblom,MIL,33,2,4,5.16,12,10,45.1,0.8,3.88,4.24,1.28,10.32,3.18,1.19,0.272,0.084,0.316,0.665,0.122
2020,Steven Brault,PIT,28,1,3,3.37,11,10,42.2,0.8,3.92,4.85,1.2,8.02,4.64,0.42,0.213,0.124,0.243,0.733,0.059000000000000004
2020,Mike Minor,- - -,32,1,6,5.56,12,11,56.2,0.8,4.64,4.5,1.24,9.85,3.18,1.75,0.259,0.084,0.269,0.629,0.157
2020,Mike Clevinger,- - -,29,3,2,3.02,8,8,41.2,0.7,4.15,4.18,1.15,8.64,3.02,1.3,0.247,0.086,0.275,0.8590000000000001,0.146
2020,Logan Webb,SFG,23,3,4,5.47,13,11,54.1,0.7,4.17,4.52,1.56,7.62,3.98,0.66,0.187,0.098,0.345,0.625,0.10800000000000001
2020,Rich Hill,MIN,40,2,2,3.03,8,8,38.2,0.7,3.99,4.93,1.16,7.22,3.96,0.7,0.19899999999999998,0.109,0.24,0.789,0.077
2020,Brent Suter,MIL,30,2,0,3.13,16,4,31.2,0.7,3.0,2.64,1.11,10.8,1.42,1.14,0.295,0.039,0.321,0.757,0.19
2020,Dane Dunning,CHW,25,2,0,3.97,7,7,34.0,0.7,3.99,4.16,1.12,9.26,3.44,1.06,0.24600000000000002,0.092,0.239,0.669,0.133
2020,Garrett Richards,SDP,32,2,2,4.03,14,10,51.1,0.7,4.28,4.46,1.25,8.06,2.98,1.23,0.21600000000000003,0.08,0.284,0.765,0.135
2020,JT Brubaker,PIT,26,1,3,4.94,11,9,47.1,0.7,4.08,4.14,1.37,9.13,3.23,1.14,0.23399999999999999,0.083,0.321,0.688,0.14300000000000002
2020,Tejay Antone,CIN,26,0,3,2.8,13,4,35.1,0.7,3.64,3.92,1.02,11.46,4.08,1.02,0.319,0.113,0.216,0.833,0.125
2020,Mike Fiers,OAK,35,6,3,4.58,11,11,59.0,0.6,4.94,5.73,1.37,5.64,2.44,1.37,0.14400000000000002,0.062,0.293,0.746,0.106
2020,Jonathan Hernandez,TEX,23,5,1,2.9,27,0,31.0,0.6,3.19,4.41,1.03,9.0,2.32,0.58,0.248,0.064,0.275,0.7829999999999999,0.061
2020,Taijuan Walker,- - -,27,4,3,2.7,11,11,53.1,0.6,4.56,4.82,1.16,8.44,3.21,1.35,0.222,0.084,0.243,0.785,0.131
2020,Blake Snell,TBR,27,4,2,3.24,11,11,50.0,0.6,4.35,3.06,1.2,11.34,3.24,1.8,0.31,0.08900000000000001,0.286,0.8909999999999999,0.294
2020,Brett Anderson,MIL,32,4,4,4.21,10,10,47.0,0.6,4.38,4.41,1.28,6.13,1.91,1.15,0.158,0.05,0.293,0.7190000000000001,0.146
2020,Jack Flaherty,STL,24,4,3,4.91,9,9,40.1,0.6,4.11,3.42,1.21,10.93,3.57,1.34,0.28800000000000003,0.094,0.281,0.688,0.231
2020,Danny Duffy,KCR,31,4,4,4.95,12,11,56.1,0.6,4.75,4.94,1.33,9.11,3.51,1.6,0.23600000000000002,0.091,0.285,0.698,0.13699999999999998
2020,Kwang-hyun Kim,STL,31,3,0,1.62,8,7,39.0,0.6,3.88,4.52,1.03,5.54,2.77,0.69,0.156,0.078,0.217,0.866,0.091
2020,Merrill Kelly,ARI,31,3,2,2.59,5,5,31.1,0.6,3.99,3.95,0.99,8.33,1.44,1.44,0.23199999999999998,0.04,0.247,0.92,0.152
2020,Triston McKenzie,CLE,22,2,1,3.24,8,6,33.1,0.6,3.91,3.6,0.9,11.34,2.43,1.62,0.331,0.071,0.217,0.841,0.171
2020,J.A. Happ,NYY,37,2,2,3.47,9,9,49.1,0.6,4.57,4.34,1.05,7.66,2.74,1.46,0.214,0.077,0.223,0.813,0.16699999999999998
2020,Chris Stratton,PIT,29,2,1,3.9,27,0,30.0,0.6,3.19,3.5,1.3,11.7,3.9,0.9,0.298,0.099,0.303,0.575,0.12
2020,Alex Cobb,BAL,32,2,5,4.3,10,10,52.1,0.6,4.87,4.21,1.34,6.54,3.1,1.38,0.168,0.08,0.275,0.74,0.222
2020,Nick Margevicius,SEA,24,2,3,4.57,10,7,41.1,0.6,4.35,4.75,1.26,7.84,3.05,1.31,0.212,0.08199999999999999,0.281,0.711,0.122
2020,Walker Buehler,LAD,25,1,0,3.44,8,8,36.2,0.6,4.36,3.93,0.95,10.31,2.7,1.72,0.28600000000000003,0.075,0.198,0.687,0.179
2020,Jaime Barria,LAA,23,1,0,3.62,7,5,32.1,0.6,3.66,4.95,1.11,7.52,2.51,0.84,0.205,0.068,0.261,0.732,0.071
2020,Vince Velasquez,PHI,28,1,1,5.56,9,7,34.0,0.6,4.16,4.07,1.56,12.18,4.5,1.32,0.299,0.11,0.373,0.7140000000000001,0.156
2020,David Peterson,NYM,24,6,2,3.44,10,9,49.2,0.5,4.52,5.11,1.21,7.25,4.35,0.91,0.195,0.11699999999999999,0.233,0.768,0.102
2020,Cristian Javier,HOU,23,5,2,3.48,12,10,54.1,0.5,4.94,4.86,0.99,8.94,2.98,1.82,0.252,0.084,0.194,0.862,0.153
2020,Jake Arrieta,PHI,34,4,4,5.08,9,9,44.1,0.5,4.66,4.38,1.51,6.5,3.25,1.22,0.168,0.084,0.333,0.721,0.17600000000000002
2020,Dustin May,LAD,22,3,1,2.57,12,10,56.0,0.5,4.62,3.98,1.09,7.07,2.57,1.45,0.196,0.071,0.234,0.8909999999999999,0.214
2020,Michael Lorenzen,CIN,28,3,1,4.28,18,2,33.2,0.5,3.87,4.55,1.4,9.36,4.54,0.8,0.23800000000000002,0.11599999999999999,0.297,0.708,0.094
2020,Johnny Cueto,SFG,34,2,3,5.4,12,12,63.1,0.5,4.64,4.78,1.37,7.96,3.69,1.28,0.20199999999999999,0.094,0.284,0.633,0.138
2020,Jon Gray,COL,28,2,4,6.69,8,8,39.0,0.5,5.06,5.68,1.44,5.08,2.54,1.38,0.126,0.063,0.293,0.544,0.113
2020,Kris Bubic,KCR,22,1,6,4.32,10,10,50.0,0.5,4.75,4.48,1.48,8.82,3.96,1.44,0.221,0.099,0.312,0.725,0.17
2020,Luke Weaver,ARI,26,1,9,6.58,12,12,52.0,0.5,4.67,5.06,1.56,9.52,3.12,1.73,0.233,0.076,0.349,0.632,0.128
2020,Tommy Milone,- - -,33,1,4,6.69,9,9,39.0,0.5,4.76,4.33,1.56,9.23,1.38,2.08,0.221,0.033,0.371,0.575,0.17300000000000001
2020,Chris Paddack,SDP,24,4,5,4.73,12,12,59.0,0.4,5.02,3.77,1.22,8.85,1.83,2.14,0.237,0.049,0.289,0.754,0.25
2020,Dakota Hudson,STL,25,3,2,2.77,8,8,39.0,0.4,4.5,4.41,1.0,7.15,3.46,1.15,0.205,0.099,0.192,0.818,0.156
2020,Martin Perez,BOS,29,3,5,4.5,12,12,62.0,0.4,4.88,5.2,1.34,6.68,4.06,1.16,0.17600000000000002,0.107,0.266,0.7090000000000001,0.125
2020,Seth Lugo,NYM,30,3,4,5.15,16,7,36.2,0.4,4.45,3.03,1.36,11.54,2.45,1.96,0.294,0.063,0.344,0.735,0.29600000000000004
2020,Frankie Montas,OAK,27,3,5,5.6,11,11,53.0,0.4,4.74,4.36,1.51,10.19,3.91,1.7,0.253,0.09699999999999999,0.329,0.687,0.175
2020,Cal Quantrill,- - -,25,2,0,2.25,18,3,32.0,0.4,3.91,4.27,1.22,8.72,2.25,1.13,0.23,0.059000000000000004,0.303,0.8240000000000001,0.121
2020,Scott Barlow,KCR,27,2,1,4.2,32,0,30.0,0.4,3.42,3.3,1.2,11.7,2.7,1.2,0.312,0.07200000000000001,0.324,0.741,0.16
2020,Josh Tomlin,ATL,35,2,2,4.76,17,5,39.2,0.4,4.02,4.39,1.21,8.17,1.82,1.36,0.221,0.049,0.304,0.665,0.125
2020,Chris Mazza,BOS,30,1,2,4.8,9,6,30.0,0.4,4.26,5.14,1.63,8.7,4.5,0.9,0.213,0.11,0.356,0.705,0.08800000000000001
2020,Adrian Houser,MIL,27,1,6,5.3,12,11,56.0,0.4,4.82,4.1,1.5,7.07,3.38,1.29,0.179,0.085,0.325,0.612,0.242
2020,Josh Fleming,TBR,24,5,0,2.78,7,5,32.1,0.3,4.4,3.7,1.08,6.96,1.95,1.39,0.192,0.054000000000000006,0.25,0.897,0.22699999999999998
2020,Matt Andriese,LAA,30,2,4,4.5,16,1,32.0,0.3,4.29,4.06,1.0,9.28,3.09,1.41,0.262,0.087,0.211,0.615,0.16699999999999998
2020,John Means,BAL,27,2,4,4.53,10,10,43.2,0.3,5.6,4.45,0.98,8.66,1.44,2.47,0.239,0.04,0.216,0.828,0.218
2020,Jorge Lopez,- - -,27,2,2,6.69,10,6,39.0,0.3,5.24,4.89,1.49,6.46,2.77,1.62,0.161,0.069,0.315,0.5660000000000001,0.175
2020,Kolby Allard,TEX,22,0,6,7.75,11,8,33.2,0.3,4.71,5.85,1.51,8.55,5.35,1.07,0.21100000000000002,0.132,0.284,0.496,0.085
2020,Anibal Sanchez,WSN,36,4,5,6.62,11,11,53.0,0.2,5.46,5.3,1.66,7.3,3.06,1.87,0.17600000000000002,0.073,0.347,0.675,0.157
2020,Jon Lester,CHC,36,3,3,5.16,12,12,61.0,0.2,5.14,5.11,1.33,6.2,2.51,1.62,0.158,0.064,0.276,0.7140000000000001,0.151
2020,Kyle Gibson,TEX,32,2,6,5.35,12,12,67.1,0.2,5.39,4.36,1.53,7.75,4.01,1.6,0.193,0.1,0.313,0.705,0.267
2020,Alec Mills,CHC,28,5,5,4.48,11,11,62.1,0.1,5.44,4.61,1.16,6.64,2.74,1.88,0.183,0.075,0.233,0.7709999999999999,0.213
2020,Phillips Valdez,BOS,28,1,1,3.26,24,0,30.1,0.1,4.38,4.68,1.62,8.9,4.75,0.89,0.21899999999999997,0.11699999999999999,0.353,0.753,0.12
2020,Trevor Richards,TBR,27,0,0,5.91,9,4,32.0,0.1,4.97,5.37,1.72,7.59,3.09,1.69,0.18,0.073,0.358,0.665,0.128
2020,Thomas Eshelman,BAL,26,3,1,3.89,12,4,34.2,0.0,5.76,5.86,1.24,4.15,2.34,1.82,0.11199999999999999,0.063,0.245,0.789,0.14300000000000002
2020,Taylor Clarke,ARI,27,3,0,4.36,12,5,43.1,0.0,5.2,4.85,1.29,8.31,4.36,1.66,0.21899999999999997,0.115,0.237,0.737,0.174
2020,Chad Kuhl,PIT,27,2,3,4.27,11,9,46.1,0.0,5.48,4.98,1.36,8.55,5.44,1.55,0.223,0.142,0.235,0.725,0.19
2020,Ryan Weber,BOS,29,1,3,4.4,17,5,43.0,0.0,5.54,5.01,1.35,5.65,2.93,1.67,0.146,0.076,0.271,0.763,0.19
2020,Gio Gonzalez,CHW,34,1,2,4.83,12,4,31.2,0.0,5.5,4.8,1.86,9.66,5.4,1.71,0.222,0.124,0.37,0.7979999999999999,0.207
2020,Daniel Ponce de Leon,STL,28,1,3,4.96,9,8,32.2,0.0,5.64,4.88,1.32,12.4,5.51,2.2,0.315,0.14,0.221,0.799,0.195
2020,Michael Wacha,NYM,28,1,4,6.62,8,7,34.0,0.0,5.25,4.3,1.56,9.79,1.85,2.38,0.237,0.045,0.366,0.684,0.205
2020,Matthew Boyd,DET,29,3,7,6.71,12,12,60.1,-0.1,5.78,4.97,1.48,8.95,3.28,2.24,0.221,0.081,0.308,0.6579999999999999,0.19699999999999998
2020,Tarik Skubal,DET,23,1,4,5.63,8,7,32.0,-0.1,5.75,4.81,1.22,10.41,3.09,2.53,0.276,0.08199999999999999,0.253,0.7040000000000001,0.2
2020,Asher Wojciechowski,BAL,31,1,3,6.81,10,7,37.0,-0.1,6.68,5.68,1.62,7.54,3.65,2.68,0.185,0.08900000000000001,0.309,0.7020000000000001,0.2
2020,Jordan Lyles,TEX,29,1,6,7.02,12,9,57.2,-0.1,5.95,5.92,1.56,5.62,3.59,1.87,0.135,0.086,0.285,0.5720000000000001,0.15
2020,Chase Anderson,TOR,32,1,2,7.22,10,7,33.2,-0.1,6.16,4.09,1.63,10.16,2.67,2.94,0.247,0.065,0.362,0.665,0.289
2020,Anthony DeSclafani,CIN,30,1,2,7.22,9,7,33.2,-0.1,6.1,5.63,1.69,6.68,4.28,1.87,0.158,0.10099999999999999,0.318,0.657,0.179
2020,Ross Stripling,- - -,30,3,3,5.84,12,9,49.1,-0.2,6.15,4.95,1.5,7.3,3.28,2.37,0.182,0.08199999999999999,0.291,0.669,0.228
2020,Tyler Alexander,DET,25,2,3,3.96,14,2,36.1,-0.2,5.26,4.46,1.32,8.42,2.23,1.98,0.22399999999999998,0.059000000000000004,0.32,0.882,0.205
2020,Kyle Wright,ATL,24,2,4,5.21,8,8,38.0,-0.2,5.9,5.33,1.55,7.11,5.68,1.66,0.179,0.14300000000000002,0.262,0.732,0.19399999999999998
2020,Alex Young,ARI,26,2,4,5.44,15,7,46.1,-0.2,5.57,5.06,1.4,7.58,2.72,2.14,0.191,0.069,0.288,0.711,0.177
2020,Austin Voth,WSN,28,2,5,6.34,11,11,49.2,-0.2,6.41,5.78,1.51,7.97,3.26,2.54,0.196,0.08,0.297,0.7240000000000001,0.179
2020,Patrick Sandoval,LAA,23,1,5,5.65,9,6,36.2,-0.2,5.92,4.0,1.34,8.1,2.95,2.45,0.20800000000000002,0.075,0.26,0.657,0.32299999999999995
2020,Dylan Cease,CHW,24,5,4,4.01,12,12,58.1,-0.3,6.36,5.87,1.44,6.79,5.25,1.85,0.17300000000000001,0.133,0.238,0.8170000000000001,0.182
2020,Justin Dunn,SEA,24,4,1,4.34,10,10,45.2,-0.3,6.54,6.23,1.36,7.49,6.11,1.97,0.192,0.157,0.179,0.82,0.16699999999999998
2020,Erick Fedde,WSN,27,2,4,4.29,11,8,50.1,-0.3,6.15,5.22,1.37,5.01,3.93,1.79,0.126,0.099,0.233,0.81,0.233
2020,Trevor Williams,PIT,28,2,8,6.18,11,11,55.1,-0.3,6.3,4.94,1.57,7.97,3.42,2.44,0.19399999999999998,0.083,0.313,0.7,0.242
2020,Derek Holland,PIT,33,1,3,6.86,12,5,40.2,-0.3,6.14,4.49,1.4,9.96,3.32,2.66,0.251,0.084,0.288,0.625,0.261
2020,Robbie Ray,- - -,28,2,5,6.62,12,11,51.2,-0.4,6.5,5.84,1.9,11.85,7.84,2.26,0.271,0.179,0.323,0.73,0.18600000000000003
2020,Brandon Bielak,HOU,24,3,3,6.75,12,6,32.0,-0.5,7.0,5.88,1.75,7.31,4.78,2.53,0.17600000000000002,0.115,0.319,0.705,0.214
2020,Tanner Roark,TOR,33,2,3,6.8,11,11,47.2,-0.5,6.86,5.84,1.74,7.74,4.34,2.64,0.18600000000000003,0.105,0.329,0.703,0.203
2020,Ryan Castellani,COL,24,1,4,5.82,10,9,43.1,-0.6,7.78,6.72,1.45,5.19,5.4,2.49,0.132,0.138,0.207,0.742,0.21100000000000002
2020,Madison Bumgarner,ARI,30,1,4,6.48,9,9,41.2,-0.6,7.18,5.85,1.44,6.48,2.81,2.81,0.158,0.068,0.266,0.732,0.22
2020,Steven Matz,NYM,29,0,5,9.68,9,6,30.2,-0.7,7.76,4.15,1.7,10.57,2.93,4.11,0.254,0.07,0.341,0.586,0.37799999999999995
2020,Julio Teheran,LAA,29,0,4,10.05,10,9,31.1,-0.8,8.62,6.35,1.76,5.74,4.6,3.45,0.134,0.107,0.273,0.547,0.273
2021,Corbin Burnes,MIL,26,11,5,2.43,28,28,167.0,7.5,1.63,2.3,0.94,12.61,1.83,0.38,0.35600000000000004,0.052000000000000005,0.309,0.757,0.061
2021,Zack Wheeler,PHI,31,14,10,2.78,32,32,213.1,7.2,2.59,2.84,1.01,10.42,1.94,0.68,0.29100000000000004,0.054000000000000006,0.288,0.753,0.10800000000000001
2021,Nathan Eovaldi,BOS,31,11,9,3.75,32,32,182.1,5.7,2.79,3.48,1.19,9.63,1.73,0.74,0.255,0.046,0.326,0.7040000000000001,0.08199999999999999
2021,Walker Buehler,LAD,26,16,4,2.47,33,33,207.2,5.6,3.16,3.57,0.97,9.19,2.25,0.82,0.26,0.064,0.247,0.809,0.10099999999999999
2021,Max Scherzer,- - -,36,15,4,2.46,30,30,179.1,5.4,2.97,3.24,0.86,11.84,1.81,1.15,0.341,0.052000000000000005,0.247,0.843,0.11699999999999999
2021,Gerrit Cole,NYY,30,16,8,3.23,30,30,181.1,5.2,2.92,2.93,1.06,12.06,2.03,1.19,0.335,0.055999999999999994,0.305,0.779,0.135
2021,Julio Urias,LAD,24,20,3,2.96,32,32,185.2,5.0,3.13,3.73,1.02,9.45,1.84,0.92,0.262,0.051,0.272,0.762,0.094
2021,Carlos Rodon,CHW,28,13,5,2.37,24,24,132.2,5.0,2.65,3.17,0.96,12.55,2.44,0.88,0.34600000000000003,0.067,0.267,0.8220000000000001,0.096
2021,Jacob deGrom,NYM,33,7,2,1.08,15,15,92.0,4.9,1.24,1.61,0.55,14.28,1.08,0.59,0.451,0.034,0.213,0.872,0.094
2021,Kevin Gausman,SFG,30,14,6,2.81,33,33,192.0,4.8,3.0,3.28,1.04,10.64,2.34,0.94,0.293,0.065,0.274,0.784,0.113
2021,Brandon Woodruff,MIL,28,9,10,2.56,30,30,179.1,4.7,2.96,3.05,0.96,10.59,2.16,0.9,0.298,0.061,0.261,0.8140000000000001,0.127
2021,Charlie Morton,ATL,37,14,6,3.34,33,33,185.2,4.5,3.18,3.31,1.04,10.47,2.81,0.78,0.28600000000000003,0.077,0.267,0.71,0.121
2021,Dylan Cease,CHW,25,13,7,3.91,32,32,165.2,4.5,3.41,3.72,1.25,12.28,3.69,1.09,0.319,0.096,0.309,0.7390000000000001,0.113
2021,Aaron Nola,PHI,28,9,9,4.63,32,32,180.2,4.4,3.37,3.37,1.13,11.11,1.94,1.3,0.298,0.052000000000000005,0.308,0.6679999999999999,0.135
2021,Lance Lynn,CHW,34,11,6,2.69,28,28,157.0,4.3,3.32,3.82,1.07,10.09,2.58,1.03,0.275,0.07,0.263,0.815,0.102
2021,Sandy Alcantara,MIA,25,9,15,3.19,33,33,205.2,4.3,3.42,3.45,1.07,8.8,2.19,0.92,0.24,0.06,0.27,0.7240000000000001,0.133
2021,Trevor Rogers,MIA,23,7,8,2.64,25,25,133.0,4.3,2.55,3.54,1.15,10.62,3.11,0.41,0.285,0.084,0.301,0.7490000000000001,0.05
2021,Logan Webb,SFG,24,11,3,3.03,27,26,148.1,4.1,2.72,2.79,1.11,9.59,2.18,0.55,0.265,0.06,0.309,0.747,0.125
2021,Lucas Giolito,CHW,26,11,9,3.53,31,31,178.2,4.1,3.79,3.75,1.1,10.13,2.62,1.36,0.27899999999999997,0.07200000000000001,0.269,0.775,0.138
2021,Frankie Montas,OAK,28,13,9,3.37,32,32,187.0,4.0,3.37,3.64,1.18,9.96,2.74,0.96,0.266,0.073,0.296,0.745,0.114
2021,Jose Berrios,- - -,27,12,9,3.52,32,32,192.0,4.0,3.47,3.59,1.06,9.56,2.11,1.03,0.261,0.057999999999999996,0.277,0.723,0.126
2021,Freddy Peralta,MIL,25,10,5,2.81,28,27,144.1,4.0,3.12,3.66,0.97,12.16,3.49,0.87,0.336,0.09699999999999999,0.23,0.7909999999999999,0.095
2021,Adam Wainwright,STL,39,17,7,3.05,32,32,206.1,3.9,3.66,3.87,1.06,7.59,2.18,0.92,0.21,0.06,0.256,0.784,0.11699999999999999
2021,Robbie Ray,TOR,29,13,7,2.84,32,32,193.1,3.9,3.69,3.36,1.04,11.54,2.42,1.54,0.321,0.067,0.268,0.9009999999999999,0.159
2021,Tyler Mahle,CIN,26,13,6,3.75,33,33,180.0,3.9,3.8,3.74,1.23,10.5,3.2,1.2,0.27699999999999997,0.084,0.297,0.7759999999999999,0.141
2021,Eduardo Rodriguez,BOS,28,13,8,4.74,32,31,157.2,3.9,3.32,3.43,1.39,10.56,2.68,1.08,0.27399999999999997,0.07,0.363,0.6890000000000001,0.127
2021,Luis Castillo,CIN,28,8,16,3.98,33,33,187.2,3.9,3.75,3.63,1.36,9.21,3.6,0.91,0.239,0.09300000000000001,0.318,0.715,0.15
2021,Max Fried,ATL,27,14,7,3.04,28,28,165.2,3.7,3.31,3.45,1.09,8.58,2.23,0.81,0.237,0.061,0.278,0.759,0.121
2021,Marcus Stroman,NYM,30,10,13,3.02,33,33,179.0,3.5,3.49,3.57,1.15,7.94,2.21,0.85,0.21600000000000003,0.06,0.286,0.755,0.128
2021,Antonio Senzatela,COL,26,4,10,4.42,28,28,156.2,3.5,3.61,4.17,1.34,6.03,1.84,0.69,0.157,0.048,0.324,0.6679999999999999,0.087
2021,German Marquez,COL,26,12,11,4.4,32,32,180.0,3.4,3.86,3.64,1.27,8.8,3.2,1.05,0.233,0.085,0.293,0.693,0.159
2021,Clayton Kershaw,LAD,33,10,8,3.55,22,22,121.2,3.4,3.0,2.87,1.02,10.65,1.55,1.11,0.295,0.043,0.289,0.7170000000000001,0.147
2021,Chris Bassitt,OAK,32,12,4,3.15,27,27,157.1,3.3,3.34,3.93,1.06,9.1,2.23,0.86,0.25,0.061,0.271,0.782,0.092
2021,Joe Musgrove,SDP,28,11,9,3.18,32,31,181.1,3.3,3.7,3.65,1.08,10.08,2.68,1.09,0.271,0.07200000000000001,0.266,0.797,0.14
2021,Sean Manaea,OAK,29,11,10,3.91,32,32,179.1,3.3,3.66,3.62,1.23,9.74,2.06,1.25,0.257,0.054000000000000006,0.318,0.773,0.138
2021,Lance McCullers Jr.,HOU,27,13,5,3.16,28,28,162.1,3.2,3.52,3.69,1.22,10.26,4.21,0.72,0.27,0.111,0.273,0.785,0.11699999999999999
2021,Jordan Montgomery,NYY,28,6,7,3.83,30,30,157.1,3.2,3.69,3.93,1.28,9.27,2.92,1.09,0.245,0.077,0.307,0.737,0.11800000000000001
2021,Luis Garcia,HOU,24,11,8,3.48,30,28,155.1,3.1,3.63,3.93,1.18,9.68,2.9,1.1,0.264,0.079,0.289,0.778,0.114
2021,Kyle Gibson,- - -,33,10,9,3.71,31,30,182.0,3.1,3.87,4.14,1.22,7.66,3.16,0.84,0.20600000000000002,0.085,0.276,0.737,0.111
2021,Chris Flexen,SEA,26,14,6,3.61,31,31,179.2,3.0,3.89,4.56,1.25,6.26,2.0,0.95,0.16899999999999998,0.054000000000000006,0.3,0.7659999999999999,0.091
2021,Anthony DeSclafani,SFG,31,13,7,3.17,31,31,167.2,3.0,3.62,3.95,1.09,8.16,2.25,1.02,0.225,0.062,0.265,0.7829999999999999,0.11
2021,Wade Miley,CIN,34,12,7,3.37,28,28,163.0,3.0,3.97,4.07,1.33,6.9,2.76,0.94,0.18100000000000002,0.07200000000000001,0.301,0.794,0.126
2021,Shohei Ohtani,LAA,26,9,2,3.18,23,23,130.1,3.0,3.52,3.55,1.09,10.77,3.04,1.04,0.293,0.083,0.269,0.794,0.133
2021,Ranger Suarez,PHI,25,8,5,1.36,39,12,106.0,3.0,2.72,3.38,1.0,9.08,2.8,0.34,0.256,0.079,0.257,0.863,0.057999999999999996
2021,Yu Darvish,SDP,34,8,11,4.22,30,30,166.1,2.8,3.9,3.75,1.09,10.77,2.38,1.52,0.292,0.065,0.274,0.723,0.146
2021,Steven Matz,TOR,30,14,7,3.82,29,29,150.2,2.7,3.79,3.94,1.33,8.6,2.57,1.08,0.223,0.066,0.321,0.754,0.12300000000000001
2021,Liam Hendriks,CHW,32,8,3,2.54,69,0,71.0,2.7,2.34,2.14,0.73,14.32,0.89,1.39,0.423,0.026000000000000002,0.252,0.7979999999999999,0.151
2021,Shane Bieber,CLE,26,7,4,3.17,16,16,96.2,2.6,3.03,2.91,1.21,12.48,3.07,1.02,0.331,0.081,0.327,0.805,0.147
2021,Tyler Glasnow,TBR,27,5,2,2.66,14,14,88.0,2.6,2.77,2.7,0.93,12.58,2.76,1.02,0.36200000000000004,0.079,0.25,0.8240000000000001,0.14300000000000002
2021,Josh Hader,MIL,27,4,2,1.23,60,0,58.2,2.6,1.69,2.35,0.84,15.65,3.68,0.46,0.455,0.107,0.237,0.919,0.068
2021,Hyun-Jin Ryu,TOR,34,14,10,4.37,31,31,169.0,2.5,4.02,3.94,1.22,7.62,1.97,1.28,0.204,0.053,0.295,0.7070000000000001,0.141
2021,Shane McClanahan,TBR,24,10,6,3.43,25,25,123.1,2.5,3.31,3.23,1.27,10.29,2.7,1.02,0.273,0.07200000000000001,0.328,0.789,0.14300000000000002
2021,Alex Wood,SFG,30,10,4,3.83,26,26,138.2,2.5,3.48,3.44,1.18,9.87,2.53,0.91,0.26,0.067,0.305,0.7290000000000001,0.14
2021,Alex Cobb,LAA,33,8,3,3.76,18,18,93.1,2.5,2.92,3.38,1.26,9.45,3.18,0.48,0.249,0.084,0.315,0.6579999999999999,0.08199999999999999
2021,Sonny Gray,CIN,31,7,9,4.19,26,26,135.1,2.5,3.99,3.66,1.22,10.31,3.33,1.26,0.27,0.087,0.28,0.7240000000000001,0.165
2021,John Means,BAL,28,6,9,3.62,26,26,146.2,2.5,4.62,4.36,1.03,8.22,1.6,1.84,0.22699999999999998,0.044000000000000004,0.24,0.805,0.15
2021,Jonathan Loaisiga,NYY,26,9,4,2.17,57,0,70.2,2.4,2.58,3.15,1.02,8.79,2.04,0.38,0.244,0.057,0.276,0.7909999999999999,0.067
2021,Ryan Pressly,HOU,32,5,3,2.25,64,0,64.0,2.4,2.06,2.43,0.97,11.39,1.83,0.56,0.324,0.052000000000000005,0.296,0.762,0.09300000000000001
2021,Nick Pivetta,BOS,28,9,8,4.53,31,30,155.0,2.3,4.28,4.28,1.3,10.16,3.77,1.39,0.265,0.098,0.288,0.732,0.136
2021,Jon Gray,COL,29,8,12,4.59,29,29,149.0,2.3,4.22,4.04,1.33,9.48,3.5,1.27,0.244,0.09,0.298,0.696,0.151
2021,Mike Minor,KCR,33,8,12,5.05,28,28,158.2,2.3,4.29,4.32,1.24,8.45,2.33,1.47,0.223,0.061,0.29,0.664,0.134
2021,Giovanny Gallegos,STL,29,6,5,3.02,73,0,80.1,2.3,2.75,3.69,0.88,10.64,2.24,0.67,0.306,0.065,0.246,0.7140000000000001,0.069
2021,Pablo Lopez,MIA,25,5,5,3.07,20,20,102.2,2.3,3.29,3.32,1.12,10.08,2.28,0.96,0.275,0.062,0.301,0.797,0.133
2021,Tanner Houck,BOS,25,1,5,3.52,18,13,69.0,2.3,2.58,3.2,1.13,11.35,2.74,0.52,0.305,0.07400000000000001,0.317,0.6629999999999999,0.07400000000000001
2021,Merrill Kelly,ARI,32,7,11,4.44,27,27,158.0,2.2,4.11,4.24,1.29,7.41,2.34,1.2,0.195,0.061,0.301,0.705,0.126
2021,Logan Gilbert,SEA,24,6,5,4.68,24,24,119.1,2.2,3.73,4.19,1.17,9.65,2.11,1.28,0.254,0.055999999999999994,0.293,0.679,0.109
2021,Scott Barlow,KCR,28,5,3,2.42,71,0,74.1,2.2,2.63,3.59,1.2,11.02,3.39,0.48,0.297,0.092,0.315,0.831,0.057
2021,Emmanuel Clase,CLE,23,4,5,1.29,71,0,69.2,2.2,2.11,2.6,0.96,9.56,2.07,0.26,0.265,0.057,0.262,0.763,0.059000000000000004
2021,Craig Kimbrel,- - -,33,4,5,2.26,63,0,59.2,2.2,2.43,2.66,0.91,15.08,3.47,0.91,0.426,0.098,0.243,0.782,0.115
2021,Blake Snell,SDP,28,7,6,4.2,27,27,128.2,2.1,3.82,3.74,1.32,11.89,4.83,1.12,0.309,0.125,0.291,0.7440000000000001,0.14300000000000002
2021,Tyler Anderson,- - -,31,7,11,4.53,31,31,167.0,2.1,4.37,4.6,1.25,7.22,2.05,1.46,0.191,0.054000000000000006,0.284,0.713,0.122
2021,Edwin Diaz,NYM,27,5,6,3.45,63,0,62.2,2.1,2.48,3.47,1.05,12.78,3.3,0.43,0.34600000000000003,0.08900000000000001,0.301,0.6779999999999999,0.053
2021,Brady Singer,KCR,24,5,10,4.91,27,27,128.1,2.1,4.04,4.11,1.55,9.19,3.72,0.98,0.22399999999999998,0.09,0.35,0.6779999999999999,0.13
2021,Zach Eflin,PHI,27,4,7,4.17,18,18,105.2,2.1,3.68,3.61,1.25,8.43,1.36,1.28,0.22399999999999998,0.036000000000000004,0.327,0.728,0.142
2021,Cole Irvin,OAK,27,10,15,4.24,32,32,178.1,2.0,4.3,4.82,1.33,6.31,2.12,1.16,0.163,0.055,0.302,0.711,0.10400000000000001
2021,Alek Manoah,TOR,23,9,2,3.22,20,20,111.2,2.0,3.8,4.17,1.05,10.24,3.22,0.97,0.27699999999999997,0.087,0.246,0.7659999999999999,0.107
2021,Raisel Iglesias,LAA,31,7,5,2.57,65,0,70.0,2.0,2.83,2.3,0.93,13.24,1.54,1.41,0.377,0.044000000000000004,0.288,0.81,0.183
2021,Cal Quantrill,CLE,26,8,3,2.89,40,22,149.2,1.9,4.07,4.43,1.18,7.28,2.83,0.96,0.196,0.076,0.267,0.8,0.107
2021,Jameson Taillon,NYY,29,8,6,4.3,29,29,144.1,1.9,4.43,4.69,1.21,8.73,2.74,1.5,0.23199999999999998,0.073,0.272,0.731,0.121
2021,Blake Treinen,LAD,33,6,5,1.99,72,0,72.1,1.9,2.88,3.25,0.98,10.58,3.11,0.62,0.297,0.087,0.244,0.8059999999999999,0.096
2021,Matt Harvey,BAL,32,6,14,6.27,28,28,127.2,1.9,4.6,4.81,1.54,6.7,2.61,1.34,0.163,0.064,0.331,0.604,0.12300000000000001
2021,Dane Dunning,TEX,26,5,10,4.51,27,25,117.2,1.9,3.94,3.87,1.44,8.72,3.29,0.99,0.223,0.084,0.338,0.7290000000000001,0.14300000000000002
2021,Framber Valdez,HOU,27,11,6,3.14,22,22,134.2,1.8,4.01,3.58,1.25,8.35,3.88,0.8,0.21899999999999997,0.10099999999999999,0.268,0.7829999999999999,0.214
2021,Ian Anderson,ATL,23,9,5,3.58,24,24,128.1,1.8,4.12,3.96,1.23,8.7,3.72,1.12,0.23199999999999998,0.099,0.261,0.7909999999999999,0.151
2021,Trevor Bauer,LAD,30,8,5,2.59,17,17,107.2,1.8,4.03,3.69,1.0,11.45,3.09,1.59,0.317,0.086,0.22,0.889,0.16
2021,Jose Urquidy,HOU,26,8,3,3.62,20,20,107.0,1.8,4.14,4.39,0.99,7.57,1.6,1.43,0.213,0.045,0.237,0.772,0.121
2021,Chris Paddack,SDP,25,7,7,5.07,23,22,108.1,1.8,3.78,3.87,1.26,8.22,1.83,1.25,0.21600000000000003,0.048,0.311,0.607,0.129
2021,Collin McHugh,TBR,34,6,1,1.55,37,7,64.0,1.8,2.12,3.06,0.94,10.41,1.69,0.42,0.3,0.049,0.288,0.813,0.054000000000000006
2021,Kenley Jansen,LAD,33,4,4,2.22,69,0,69.0,1.8,3.08,4.04,1.04,11.22,4.7,0.52,0.309,0.129,0.213,0.775,0.06
2021,Eric Lauer,MIL,26,7,5,3.19,24,20,118.2,1.7,4.04,4.26,1.14,8.87,3.11,1.21,0.239,0.084,0.249,0.794,0.12
2021,Rich Hill,- - -,41,7,8,3.86,32,31,158.2,1.7,4.34,4.7,1.21,8.51,3.12,1.19,0.22699999999999998,0.083,0.277,0.773,0.11199999999999999
2021,Danny Duffy,KCR,32,4,3,2.51,13,12,61.0,1.7,3.4,4.23,1.21,9.59,3.25,0.89,0.258,0.087,0.289,0.838,0.08199999999999999
2021,Michael Kopech,CHW,25,4,3,3.5,44,4,69.1,1.7,2.97,2.99,1.13,13.37,3.12,1.17,0.361,0.084,0.304,0.7829999999999999,0.134
2021,Chad Green,NYY,30,10,7,3.12,67,0,83.2,1.6,3.59,3.63,0.88,10.65,1.83,1.51,0.314,0.054000000000000006,0.232,0.772,0.133
2021,Garrett Whitlock,BOS,25,8,4,1.96,46,0,73.1,1.6,2.84,3.22,1.1,9.94,2.09,0.74,0.272,0.057,0.304,0.82,0.1
2021,Aaron Loup,NYM,33,6,0,0.95,65,2,56.2,1.6,2.45,3.37,0.94,9.05,2.54,0.16,0.261,0.073,0.257,0.863,0.027000000000000003
2021,Kenta Maeda,MIN,33,6,5,4.66,21,21,106.1,1.6,4.1,3.99,1.3,9.56,2.71,1.35,0.249,0.071,0.316,0.693,0.14400000000000002
2021,Nestor Cortes,NYY,26,2,3,2.9,22,14,93.0,1.6,3.78,4.18,1.08,9.97,2.42,1.35,0.275,0.067,0.265,0.85,0.113
2021,Ryan Tepera,- - -,33,0,2,2.79,65,0,61.1,1.6,2.73,3.64,0.88,10.86,2.79,0.59,0.308,0.079,0.223,0.7440000000000001,0.066
2021,Adrian Houser,MIL,28,10,6,3.22,28,26,142.1,1.5,4.33,4.31,1.28,6.64,4.05,0.76,0.175,0.107,0.259,0.746,0.138
2021,Andrew Kittredge,TBR,31,9,3,1.88,57,4,71.2,1.5,3.04,3.05,0.98,9.67,1.88,0.88,0.273,0.053,0.267,0.823,0.135
2021,Johnny Cueto,SFG,35,7,7,4.08,22,21,114.2,1.5,4.05,4.27,1.37,7.69,2.35,1.18,0.2,0.061,0.327,0.743,0.12
2021,Kyle Freeland,COL,28,7,8,4.33,23,23,120.2,1.5,4.63,4.26,1.42,7.83,2.83,1.49,0.204,0.07400000000000001,0.325,0.789,0.16399999999999998
2021,Taijuan Walker,NYM,28,7,11,4.47,30,29,159.0,1.5,4.57,4.47,1.18,8.26,3.11,1.47,0.223,0.084,0.253,0.6940000000000001,0.14300000000000002
2021,Dylan Floro,MIA,30,6,6,2.81,68,0,64.0,1.5,2.81,3.95,1.22,8.72,3.52,0.28,0.23,0.09300000000000001,0.282,0.705,0.036000000000000004
2021,Cole Sulser,BAL,31,5,4,2.7,60,0,63.1,1.5,2.98,3.74,1.12,10.37,3.27,0.71,0.284,0.08900000000000001,0.276,0.797,0.078
2021,Michael Fulmer,DET,28,5,6,2.97,52,4,69.2,1.5,3.46,3.87,1.28,9.43,2.58,0.9,0.24600000000000002,0.067,0.323,0.7959999999999999,0.10300000000000001
2021,Spencer Turnbull,DET,28,4,2,2.88,9,9,50.0,1.5,2.95,3.77,0.98,7.92,2.16,0.36,0.21899999999999997,0.06,0.254,0.703,0.053
2021,Patrick Sandoval,LAA,24,3,6,3.62,17,14,87.0,1.5,4.03,3.79,1.21,9.72,3.72,1.14,0.259,0.099,0.266,0.759,0.159
2021,Taylor Rogers,MIN,30,2,4,3.35,40,0,40.1,1.5,2.13,2.11,1.14,13.17,1.79,0.89,0.355,0.048,0.358,0.693,0.138
2021,Paul Sewald,SEA,31,10,3,3.06,62,0,64.2,1.4,3.08,3.0,1.02,14.47,3.34,1.39,0.39399999999999996,0.091,0.254,0.8079999999999999,0.141
2021,Devin Williams,MIL,26,8,2,2.5,58,0,54.0,1.4,2.82,2.92,1.19,14.5,4.67,0.83,0.385,0.124,0.298,0.831,0.125
2021,Madison Bumgarner,ARI,31,7,10,4.67,26,26,146.1,1.4,4.63,4.85,1.18,7.63,2.4,1.48,0.20199999999999999,0.064,0.265,0.6779999999999999,0.12300000000000001
2021,Corey Kluber,NYY,35,5,3,3.83,16,16,80.0,1.4,3.85,4.38,1.34,9.23,3.71,0.9,0.24,0.09699999999999999,0.31,0.7440000000000001,0.096
2021,Lucas Luetge,NYY,34,4,2,2.74,57,1,72.1,1.4,2.84,3.66,1.13,9.71,1.87,0.75,0.259,0.05,0.307,0.718,0.077
2021,Drew Rasmussen,- - -,25,4,1,2.84,35,10,76.0,1.4,3.09,3.68,1.08,8.64,2.96,0.59,0.23800000000000002,0.081,0.255,0.733,0.081
2021,Huascar Ynoa,ATL,23,4,6,4.05,18,17,91.0,1.4,3.93,3.4,1.11,9.89,2.47,1.38,0.26899999999999996,0.067,0.271,0.738,0.184
2021,Garrett Crochet,CHW,22,3,5,2.82,54,0,54.1,1.4,2.8,3.95,1.27,10.77,4.47,0.33,0.28300000000000003,0.11699999999999999,0.296,0.7140000000000001,0.04
2021,Matthew Boyd,DET,30,3,8,3.89,15,15,78.2,1.4,4.1,4.79,1.27,7.67,2.63,1.03,0.19899999999999998,0.068,0.294,0.742,0.09300000000000001
2021,Andrew Chafin,- - -,31,2,4,1.83,71,0,68.2,1.4,2.98,4.0,0.93,8.39,2.49,0.52,0.24100000000000002,0.071,0.232,0.861,0.057999999999999996
2021,Michael Pineda,MIN,32,9,8,3.62,22,21,109.1,1.3,4.21,4.29,1.23,7.24,1.73,1.4,0.192,0.046,0.294,0.777,0.131
2021,Austin Gomber,COL,27,9,9,4.53,23,23,115.1,1.3,4.61,4.18,1.24,8.82,3.2,1.56,0.23199999999999998,0.084,0.264,0.695,0.168
2021,Ryan Yarbrough,TBR,29,9,7,5.11,30,21,155.0,1.3,4.45,4.59,1.23,6.79,1.57,1.45,0.179,0.040999999999999995,0.291,0.628,0.128
2021,Jose Suarez,LAA,23,8,8,3.75,23,14,98.1,1.3,4.12,4.33,1.23,7.78,3.29,1.01,0.20600000000000002,0.087,0.267,0.73,0.11800000000000001
2021,Tyler Rogers,SFG,30,7,1,2.22,80,0,81.0,1.3,3.28,3.89,1.07,6.11,1.44,0.56,0.16899999999999998,0.04,0.278,0.812,0.077
2021,Matt Barnes,BOS,31,6,5,3.79,60,0,54.2,1.3,3.21,3.01,1.12,13.83,3.29,1.32,0.37799999999999995,0.09,0.306,0.7340000000000001,0.151
2021,Drew Steckenrider,SEA,30,5,2,2.0,62,0,67.2,1.3,3.35,4.37,1.02,7.71,2.26,0.67,0.217,0.064,0.257,0.8640000000000001,0.066
2021,Joe Ross,WSN,28,5,9,4.17,20,19,108.0,1.3,4.36,4.12,1.22,9.08,2.83,1.42,0.237,0.07400000000000001,0.277,0.7140000000000001,0.155
2021,Lucas Sims,CIN,27,5,3,4.4,47,0,47.0,1.3,3.0,3.03,1.11,14.55,3.45,1.15,0.39,0.092,0.308,0.63,0.133
2021,Zac Gallen,ARI,25,4,10,4.3,23,23,121.1,1.3,4.25,3.96,1.29,10.31,3.63,1.41,0.266,0.094,0.286,0.746,0.158
2021,Domingo German,NYY,28,4,5,4.58,22,18,98.1,1.3,4.31,4.27,1.18,8.97,2.47,1.56,0.239,0.066,0.271,0.701,0.138
2021,Zach Thompson,MIA,27,3,7,3.24,26,14,75.0,1.3,3.69,4.65,1.21,7.92,3.36,0.72,0.21,0.08900000000000001,0.269,0.6890000000000001,0.071
2021,A.J. Minter,ATL,27,3,6,3.78,61,0,52.1,1.3,2.69,3.81,1.22,9.8,3.44,0.34,0.258,0.09,0.298,0.611,0.042
2021,Zack Greinke,HOU,37,11,6,4.16,30,29,171.0,1.2,4.71,4.21,1.17,6.32,1.89,1.58,0.172,0.052000000000000005,0.263,0.75,0.174
2021,James Kaprielian,OAK,27,8,5,4.07,24,21,119.1,1.2,4.33,4.56,1.22,9.28,3.09,1.43,0.245,0.08199999999999999,0.274,0.772,0.12300000000000001
2021,Brad Keller,KCR,25,8,12,5.39,26,26,133.2,1.2,4.72,4.57,1.66,8.08,4.31,1.21,0.196,0.10400000000000001,0.347,0.687,0.149
2021,Jordan Romano,TOR,28,7,1,2.14,62,0,63.0,1.2,3.15,3.28,1.05,12.14,3.57,1.0,0.336,0.099,0.252,0.8740000000000001,0.125
2021,Kwang-hyun Kim,STL,32,7,7,3.46,27,21,106.2,1.2,4.34,4.7,1.28,6.75,3.29,1.01,0.177,0.086,0.271,0.765,0.109
2021,Casey Mize,DET,24,7,9,3.71,30,30,150.1,1.2,4.71,4.37,1.14,7.06,2.45,1.44,0.193,0.067,0.254,0.795,0.162
2021,Erick Fedde,WSN,28,7,9,5.47,29,27,133.1,1.2,4.66,4.06,1.44,8.64,3.24,1.55,0.217,0.081,0.313,0.647,0.185
2021,Aaron Bummer,CHW,27,5,5,3.51,62,0,56.1,1.2,2.96,2.8,1.26,11.98,4.63,0.48,0.31,0.12,0.298,0.664,0.17600000000000002
2021,Genesis Cabrera,STL,24,4,5,3.73,71,0,70.0,1.2,3.28,4.39,1.26,9.9,4.63,0.39,0.26,0.122,0.28,0.698,0.045
2021,Trevor Williams,- - -,29,4,2,4.35,23,15,91.0,1.2,3.88,3.96,1.49,8.9,3.07,1.09,0.222,0.077,0.348,0.7120000000000001,0.129
2021,David Bednar,PIT,26,3,1,2.23,61,0,60.2,1.2,2.69,3.19,0.97,11.42,2.82,0.74,0.325,0.08,0.259,0.8490000000000001,0.09300000000000001
2021,Adam Cimber,- - -,30,3,4,2.26,72,0,71.2,1.2,3.07,4.21,1.07,6.4,2.01,0.25,0.17800000000000002,0.055999999999999994,0.281,0.7390000000000001,0.033
2021,Kyle Hendricks,CHC,31,14,7,4.77,32,32,181.0,1.1,4.89,4.61,1.35,6.51,2.19,1.54,0.16699999999999998,0.055999999999999994,0.299,0.73,0.156
2021,Clay Holmes,- - -,28,8,4,3.6,69,0,70.0,1.1,3.28,3.16,1.17,10.03,3.73,0.64,0.267,0.099,0.273,0.684,0.156
2021,Yusei Kikuchi,SEA,30,7,9,4.41,29,29,157.0,1.1,4.61,3.85,1.32,9.34,3.55,1.55,0.245,0.09300000000000001,0.289,0.746,0.20600000000000002
2021,Garrett Richards,BOS,33,7,8,4.87,40,22,136.2,1.1,4.72,4.71,1.6,7.57,3.95,1.25,0.18600000000000003,0.09699999999999999,0.333,0.698,0.13699999999999998
2021,Jake Odorizzi,HOU,31,6,7,4.21,24,23,104.2,1.1,4.48,4.82,1.25,7.82,2.92,1.38,0.20600000000000002,0.077,0.273,0.7440000000000001,0.11599999999999999
2021,Kendall Graveman,- - -,30,5,1,1.77,53,0,56.0,1.1,3.19,3.47,0.98,9.8,3.21,0.48,0.275,0.09,0.246,0.816,0.09699999999999999
2021,Paolo Espino,WSN,34,5,5,4.27,35,19,109.2,1.1,4.46,4.46,1.21,7.55,2.05,1.56,0.20199999999999999,0.055,0.28,0.754,0.136
2021,Triston McKenzie,CLE,23,5,9,4.95,25,24,120.0,1.1,4.7,4.53,1.18,10.2,4.35,1.58,0.275,0.11699999999999999,0.227,0.6829999999999999,0.147
2021,Mitch Keller,PIT,25,5,11,6.17,23,23,100.2,1.1,4.3,4.9,1.79,8.23,4.38,0.89,0.196,0.10400000000000001,0.388,0.682,0.09300000000000001
2021,Mark Melancon,SDP,36,4,3,2.23,64,0,64.2,1.1,3.36,3.45,1.22,8.21,3.48,0.56,0.223,0.094,0.284,0.7929999999999999,0.121
2021,Jake McGee,SFG,34,3,2,2.72,62,0,59.2,1.1,3.35,4.05,0.91,8.75,1.51,1.06,0.243,0.042,0.228,0.6709999999999999,0.09300000000000001
2021,Matt Wisler,- - -,28,3,5,3.7,48,0,48.2,1.1,2.96,3.54,1.07,11.47,2.03,1.11,0.318,0.055999999999999994,0.304,0.65,0.1
2021,Michael Wacha,TBR,29,3,5,5.05,29,23,124.2,1.1,4.47,3.91,1.31,8.74,2.24,1.66,0.22899999999999998,0.059000000000000004,0.312,0.6970000000000001,0.177
2021,Josh Taylor,BOS,28,1,0,3.4,61,0,47.2,1.1,2.83,3.66,1.43,11.33,4.34,0.38,0.287,0.11,0.355,0.777,0.054000000000000006
2021,Casey Sadler,SEA,30,0,1,0.67,42,0,40.1,1.1,2.48,3.25,0.72,8.26,2.23,0.22,0.255,0.069,0.188,0.909,0.04
2021,Tyler Matzek,ATL,30,0,4,2.57,69,0,63.0,1.1,3.2,4.01,1.22,11.0,5.29,0.43,0.292,0.14,0.255,0.802,0.059000000000000004
2021,Zach Plesac,CLE,26,10,6,4.67,25,25,142.2,1.0,4.73,4.77,1.2,6.31,2.14,1.45,0.16699999999999998,0.057,0.263,0.679,0.133
2021,Andrew Heaney,- - -,30,8,9,5.83,30,23,129.2,1.0,4.85,4.12,1.32,10.41,2.85,2.01,0.26899999999999996,0.073,0.304,0.674,0.18100000000000002
2021,Carlos Hernandez,KCR,24,6,2,3.68,24,11,85.2,1.0,4.08,5.0,1.28,7.77,4.31,0.74,0.207,0.115,0.267,0.7490000000000001,0.073
2021,Alec Mills,CHC,29,6,7,5.07,32,20,119.0,1.0,4.49,4.33,1.44,6.58,2.57,1.21,0.168,0.066,0.324,0.662,0.15
2021,Jose Alvarez,SFG,32,5,2,2.37,67,1,64.2,1.0,3.15,4.36,1.11,5.85,2.64,0.28,0.158,0.071,0.251,0.708,0.034
2021,Daniel Hudson,- - -,34,5,3,3.31,54,0,51.2,1.0,3.21,3.24,1.08,13.06,2.79,1.39,0.35700000000000004,0.076,0.288,0.759,0.133
2021,Josh Staumont,KCR,27,4,3,2.88,64,0,65.2,1.0,3.49,4.26,1.07,9.87,3.7,0.82,0.273,0.102,0.236,0.755,0.08199999999999999
2021,Jesse Chavez,ATL,37,3,2,2.14,30,4,33.2,1.0,2.01,3.69,1.01,9.62,2.94,0.0,0.271,0.083,0.267,0.735,0.0
2021,Anthony Bender,MIA,26,3,2,2.79,60,1,61.1,1.0,3.19,3.31,1.06,10.42,2.93,0.73,0.287,0.081,0.276,0.7659999999999999,0.122
2021,Richard Bleier,MIA,34,3,2,2.95,68,0,58.0,1.0,3.01,2.88,0.98,6.83,0.93,0.62,0.196,0.027000000000000003,0.28,0.735,0.16
2021,Pete Fairbanks,TBR,27,3,6,3.59,47,0,42.2,1.0,2.7,3.79,1.43,11.81,4.43,0.42,0.29600000000000004,0.111,0.349,0.6759999999999999,0.049
2021,Tyler Alexander,DET,26,2,4,3.81,41,15,106.1,1.0,4.39,4.86,1.26,7.36,2.37,1.35,0.193,0.062,0.285,0.787,0.11
2021,Jack Flaherty,STL,25,9,2,3.22,17,15,78.1,0.9,4.22,3.96,1.06,9.77,2.99,1.38,0.264,0.081,0.233,0.748,0.156
2021,Luis Cessa,- - -,29,5,2,2.51,53,0,64.2,0.9,3.39,3.83,1.14,7.52,2.64,0.7,0.207,0.073,0.273,0.746,0.094
2021,Tim Mayza,TOR,29,5,2,3.4,61,0,53.0,0.9,3.09,2.9,0.98,9.68,2.04,0.85,0.271,0.057,0.263,0.708,0.161
2021,Adbert Alzolay,CHC,26,5,13,4.58,29,21,125.2,0.9,4.65,3.66,1.16,9.17,2.44,1.79,0.247,0.066,0.266,0.733,0.21899999999999997
2021,Dominic Leone,SFG,29,4,5,1.51,57,4,53.2,0.9,3.08,4.37,1.1,8.39,3.69,0.34,0.228,0.1,0.243,0.787,0.037000000000000005
2021,Brett Anderson,MIL,33,4,9,4.22,24,24,96.0,0.9,4.39,4.09,1.35,5.44,2.63,1.03,0.142,0.068,0.294,0.6859999999999999,0.16899999999999998
2021,Bailey Ober,MIN,25,3,3,4.19,20,20,92.1,0.9,4.56,4.01,1.2,9.36,1.85,1.95,0.253,0.05,0.296,0.7979999999999999,0.168
2021,Tyler Wells,BAL,26,2,3,4.11,44,0,57.0,0.9,3.63,4.11,0.91,10.26,1.89,1.42,0.29,0.054000000000000006,0.226,0.644,0.11
2021,Steve Cishek,LAA,35,0,2,3.42,74,0,68.1,0.9,3.74,5.04,1.49,8.43,5.4,0.26,0.20800000000000002,0.133,0.303,0.722,0.031
2021,Caleb Thielbar,MIN,34,7,0,3.23,59,0,64.0,0.8,3.47,4.02,1.17,10.83,2.81,1.13,0.289,0.075,0.297,0.8079999999999999,0.10099999999999999
2021,Tony Watson,- - -,36,7,4,3.92,62,0,57.1,0.8,3.48,4.3,1.01,6.91,2.83,0.63,0.196,0.08,0.226,0.611,0.071
2021,Craig Stammen,SDP,37,6,3,3.06,67,4,88.1,0.8,3.75,3.31,1.04,8.46,1.32,1.32,0.23399999999999999,0.037000000000000005,0.272,0.833,0.17600000000000002
2021,Chris Sale,BOS,32,5,1,3.16,9,9,42.2,0.8,3.69,3.35,1.34,10.97,2.53,1.27,0.284,0.066,0.358,0.7979999999999999,0.16699999999999998
2021,Brad Boxberger,MIL,33,5,4,3.34,71,0,64.2,0.8,3.65,3.76,1.07,11.55,3.48,1.11,0.312,0.094,0.25,0.768,0.127
2021,Matt Manning,DET,23,4,7,5.8,18,18,85.1,0.8,4.62,5.13,1.51,6.01,3.48,1.05,0.14800000000000002,0.086,0.305,0.619,0.102
2021,Pierce Johnson,SDP,30,3,4,3.22,63,2,58.2,0.8,3.31,3.78,1.26,11.81,4.14,0.92,0.316,0.111,0.308,0.8109999999999999,0.1
2021,Jorge Lopez,BAL,28,3,14,6.07,33,25,121.2,0.8,5.2,4.48,1.63,8.28,4.14,1.55,0.20199999999999999,0.10099999999999999,0.34,0.7,0.2
2021,Tejay Antone,CIN,27,2,0,2.14,23,0,33.2,0.8,3.26,3.25,0.89,11.23,3.48,0.8,0.32799999999999996,0.102,0.209,0.868,0.136
2021,Brooks Raley,HOU,33,2,3,4.78,58,0,49.0,0.8,3.27,2.9,1.2,11.94,2.94,1.1,0.317,0.078,0.322,0.597,0.17600000000000002
2021,Aaron Civale,CLE,26,12,5,3.84,21,21,124.1,0.7,4.83,4.32,1.12,7.17,2.24,1.66,0.19899999999999998,0.062,0.249,0.785,0.172
2021,Vladimir Gutierrez,CIN,25,9,6,4.74,22,22,114.0,0.7,5.22,5.11,1.41,6.95,3.63,1.58,0.177,0.09300000000000001,0.281,0.759,0.14300000000000002
2021,Dallas Keuchel,CHW,33,9,9,5.28,32,30,162.0,0.7,5.23,4.74,1.53,5.28,3.28,1.39,0.132,0.08199999999999999,0.307,0.682,0.179
2021,Chris Stratton,PIT,30,7,1,3.63,68,0,79.1,0.7,3.76,4.09,1.3,9.76,3.74,1.02,0.255,0.098,0.293,0.7659999999999999,0.111
2021,Codi Heuer,- - -,24,7,4,4.28,65,0,67.1,0.7,3.97,4.4,1.31,7.49,3.07,0.94,0.19899999999999998,0.08199999999999999,0.301,0.698,0.10300000000000001
2021,Martin Perez,BOS,30,7,8,4.74,36,22,114.0,0.7,4.82,4.48,1.51,7.66,2.84,1.5,0.191,0.071,0.336,0.7120000000000001,0.161
2021,Diego Castillo,- - -,27,5,5,2.78,61,0,58.1,0.7,3.74,3.15,0.98,11.57,2.62,1.39,0.322,0.073,0.244,0.789,0.191
2021,Richard Rodriguez,- - -,31,5,4,2.94,64,0,64.1,0.7,4.04,5.36,0.93,5.88,1.4,1.12,0.16699999999999998,0.04,0.222,0.807,0.075
2021,Connor Brogdon,PHI,26,5,4,3.43,56,1,57.2,0.7,3.78,4.32,1.13,7.8,2.81,0.94,0.213,0.077,0.256,0.677,0.09699999999999999
2021,Mike Mayers,LAA,29,5,5,3.84,72,2,75.0,0.7,3.84,3.81,1.29,10.8,3.12,1.32,0.28600000000000003,0.083,0.324,0.804,0.138
2021,David Price,LAD,35,5,2,4.03,39,11,73.2,0.7,4.23,4.49,1.43,7.09,3.18,0.98,0.17800000000000002,0.08,0.309,0.757,0.114
2021,Luis Patino,TBR,21,5,3,4.31,19,15,77.1,0.7,4.51,5.03,1.27,8.61,3.38,1.4,0.222,0.087,0.265,0.7240000000000001,0.10800000000000001
2021,Wily Peralta,DET,32,4,5,3.07,19,18,93.2,0.7,4.94,4.99,1.33,5.57,3.65,1.15,0.14400000000000002,0.095,0.259,0.784,0.132
2021,Reynaldo Lopez,CHW,27,4,4,3.43,20,9,57.2,0.7,4.19,3.77,0.95,8.58,2.03,1.56,0.248,0.059000000000000004,0.222,0.6829999999999999,0.16699999999999998
2021,Tylor Megill,NYM,25,4,6,4.52,18,18,89.2,0.7,4.69,3.92,1.28,9.94,2.71,1.91,0.261,0.071,0.297,0.785,0.188
2021,Ryan Thompson,TBR,29,3,2,2.38,36,0,34.0,0.7,3.11,3.47,1.03,9.79,2.38,0.79,0.276,0.067,0.277,0.7929999999999999,0.10300000000000001
2021,Tyler Duffey,MIN,30,3,3,3.18,64,0,62.1,0.7,3.49,4.19,1.22,8.81,4.04,0.58,0.24,0.11,0.277,0.732,0.07400000000000001
2021,Joe Kelly,LAD,33,2,0,2.86,48,0,44.0,0.7,3.08,3.16,0.98,10.23,3.07,0.61,0.275,0.08199999999999999,0.227,0.7240000000000001,0.125
2021,Michael King,NYY,26,2,4,3.55,22,6,63.1,0.7,3.86,4.19,1.28,8.81,3.41,0.85,0.225,0.087,0.288,0.738,0.107
2021,Spencer Patton,TEX,33,2,2,3.83,42,0,42.1,0.7,3.19,3.72,1.2,10.2,3.19,0.85,0.27899999999999997,0.087,0.305,0.6829999999999999,0.095
2021,Kyle Muller,ATL,23,2,4,4.17,9,8,36.2,0.7,3.66,4.88,1.25,9.08,4.91,0.49,0.239,0.129,0.255,0.6859999999999999,0.05
2021,Luis Garcia,STL,34,1,1,3.24,34,0,33.1,0.7,2.72,3.53,0.99,9.18,2.16,0.54,0.252,0.059000000000000004,0.256,0.705,0.067
2021,Joey Lucchesi,NYM,28,1,4,4.46,11,8,38.1,0.7,3.4,4.03,1.17,9.63,2.58,0.94,0.261,0.07,0.303,0.652,0.09300000000000001
2021,Joe Mantiply,ARI,30,0,3,3.4,57,0,39.2,0.7,2.94,4.04,1.56,8.62,3.86,0.23,0.215,0.096,0.367,0.633,0.031
2021,Josh Fleming,TBR,25,10,8,5.09,26,11,104.1,0.6,4.27,4.36,1.35,5.61,2.67,0.95,0.145,0.069,0.293,0.653,0.128
2021,Tarik Skubal,DET,24,8,12,4.34,31,29,149.1,0.6,5.09,4.06,1.26,9.88,2.83,2.11,0.259,0.07400000000000001,0.277,0.8140000000000001,0.205
2021,Lou Trivino,OAK,29,7,8,3.18,71,0,73.2,0.6,3.78,4.48,1.25,8.19,4.15,0.61,0.21600000000000003,0.11,0.265,0.7190000000000001,0.076
2021,John King,TEX,26,7,5,3.52,27,0,46.0,0.6,3.32,3.47,1.15,7.83,2.35,0.59,0.207,0.062,0.284,0.625,0.115
2021,Adam Ottavino,BOS,35,7,3,4.21,69,0,62.0,0.6,3.96,4.7,1.45,10.31,5.08,0.73,0.257,0.127,0.316,0.733,0.079
2021,Aroldis Chapman,NYY,33,6,4,3.36,61,0,56.1,0.6,3.99,3.13,1.31,15.5,6.07,1.44,0.39899999999999997,0.156,0.281,0.8390000000000001,0.231
2021,Phil Maton,- - -,28,6,0,4.73,65,1,66.2,0.6,3.5,4.16,1.46,11.48,4.32,0.81,0.28600000000000003,0.10800000000000001,0.351,0.708,0.087
2021,Brett Martin,TEX,26,4,4,3.18,66,0,62.1,0.6,3.54,3.91,1.3,6.06,2.02,0.72,0.159,0.053,0.305,0.6759999999999999,0.1
2021,Cristian Javier,HOU,24,4,1,3.55,36,9,101.1,0.6,4.43,4.35,1.18,11.55,4.71,1.42,0.307,0.125,0.234,0.8220000000000001,0.142
2021,Daniel Lynch IV,KCR,24,4,6,5.69,15,15,68.0,0.6,4.82,5.22,1.63,7.28,4.1,1.19,0.177,0.1,0.335,0.674,0.11
2021,Paul Fry,BAL,28,4,5,6.08,52,0,47.1,0.6,3.93,4.34,1.52,11.41,6.65,0.57,0.27899999999999997,0.163,0.301,0.585,0.091
2021,Carlos Martinez,STL,29,4,9,6.23,16,16,82.1,0.6,4.76,5.08,1.37,6.23,3.94,0.87,0.157,0.099,0.275,0.585,0.10800000000000001
2021,Luke Weaver,ARI,27,3,6,4.25,13,13,65.2,0.6,4.42,4.26,1.19,8.5,2.74,1.51,0.225,0.073,0.26,0.708,0.147
2021,Carlos Estevez,COL,28,3,5,4.38,64,0,61.2,0.6,4.03,4.2,1.49,8.76,3.06,1.17,0.222,0.078,0.352,0.7490000000000001,0.12300000000000001
2021,Luke Jackson,ATL,29,2,2,1.98,71,0,63.2,0.6,3.66,3.76,1.16,9.9,4.1,0.85,0.268,0.111,0.253,0.902,0.125
2021,Dinelson Lamet,SDP,28,2,4,4.4,22,9,47.0,0.6,3.94,4.19,1.49,10.91,4.21,1.15,0.273,0.105,0.344,0.755,0.11800000000000001
2021,Joely Rodriguez,- - -,29,2,3,4.66,52,0,46.1,0.6,3.43,3.41,1.53,9.13,3.5,0.78,0.22699999999999998,0.087,0.355,0.6729999999999999,0.138
2021,Keegan Akin,BAL,26,2,10,6.63,24,17,95.0,0.6,5.1,5.18,1.58,7.77,3.79,1.61,0.192,0.094,0.325,0.64,0.131
2021,Nick Sandlin,CLE,24,1,1,2.94,34,0,33.2,0.6,2.96,3.71,1.13,12.83,4.54,0.53,0.34,0.121,0.271,0.6890000000000001,0.069
2021,Brent Suter,MIL,31,12,5,3.07,61,1,73.1,0.5,3.91,3.8,1.31,8.47,2.95,1.1,0.22,0.077,0.3,0.746,0.145
2021,Marco Gonzales,SEA,29,10,6,3.96,25,25,143.1,0.5,5.28,5.16,1.17,6.78,2.64,1.82,0.185,0.07200000000000001,0.239,0.8220000000000001,0.142
2021,J.A. Happ,- - -,38,10,8,5.79,30,30,152.1,0.5,5.13,5.11,1.48,7.21,2.84,1.77,0.182,0.07200000000000001,0.314,0.688,0.13699999999999998
2021,Trevor May,NYM,31,7,3,3.59,68,0,62.2,0.5,3.74,3.81,1.26,11.92,3.45,1.44,0.312,0.09,0.302,0.769,0.132
2021,Daniel Bard,COL,36,7,8,5.21,67,0,65.2,0.5,4.28,4.2,1.6,10.96,4.93,1.1,0.263,0.11800000000000001,0.353,0.7040000000000001,0.14300000000000002
2021,John Gant,- - -,28,5,11,4.09,39,21,110.0,0.5,4.78,5.07,1.51,7.53,5.81,0.82,0.187,0.145,0.272,0.7340000000000001,0.109
2021,Domingo Tapia,- - -,29,4,1,2.67,34,0,33.2,0.5,3.35,4.43,1.19,6.95,4.01,0.27,0.193,0.111,0.258,0.777,0.036000000000000004
2021,Phil Bickford,- - -,25,4,2,2.81,57,0,51.1,0.5,3.93,3.67,1.07,10.34,3.33,1.23,0.285,0.092,0.244,0.83,0.159
2021,Tony Gonsolin,LAD,27,4,1,3.23,15,13,55.2,0.5,4.54,4.63,1.35,10.51,5.5,1.29,0.272,0.142,0.25,0.862,0.129
2021,Hector Neris,PHI,32,4,7,3.63,74,0,74.1,0.5,4.08,3.65,1.17,11.87,3.87,1.45,0.316,0.10300000000000001,0.262,0.768,0.171
2021,Jose Cisnero,DET,32,4,4,3.65,67,0,61.2,0.5,4.13,4.44,1.33,9.05,4.52,0.88,0.23399999999999999,0.11699999999999999,0.278,0.67,0.109
2021,Louis Head,TBR,31,2,0,2.31,27,2,35.0,0.5,3.11,5.04,0.86,8.23,2.31,0.51,0.239,0.067,0.216,0.762,0.038
2021,Robert Stephenson,COL,28,2,1,3.13,49,0,46.0,0.5,3.63,4.02,1.3,10.17,3.52,0.98,0.264,0.091,0.308,0.764,0.106
2021,Tyler Gilbert,ARI,27,2,2,3.15,9,6,40.0,0.5,4.27,5.09,1.03,5.63,2.93,0.9,0.159,0.083,0.211,0.687,0.083
2021,Chris Martin,ATL,35,2,4,3.95,46,0,43.1,0.5,3.47,3.98,1.27,6.85,1.25,0.83,0.182,0.033,0.333,0.725,0.095
2021,Miles Mikolas,STL,32,2,3,4.23,9,9,44.2,0.5,4.4,4.27,1.21,6.25,2.22,1.21,0.16699999999999998,0.059000000000000004,0.272,0.672,0.146
2021,Jaime Barria,LAA,24,2,4,4.61,13,11,56.2,0.5,4.88,5.04,1.57,5.56,3.02,1.27,0.14,0.076,0.333,0.777,0.125
2021,Jakob Junis,KCR,28,2,4,5.26,16,6,39.1,0.5,4.31,3.88,1.4,9.38,2.75,1.6,0.244,0.071,0.333,0.6859999999999999,0.16699999999999998
2021,Max Kranick,PIT,23,2,3,6.28,9,9,38.2,0.5,4.64,5.76,1.71,7.45,4.42,0.93,0.17600000000000002,0.10400000000000001,0.35,0.652,0.07400000000000001
2021,Jose Ruiz,CHW,26,1,3,3.05,59,0,65.0,0.5,3.99,4.26,1.17,8.72,3.46,1.11,0.23199999999999998,0.092,0.246,0.772,0.11599999999999999
2021,Mitch White,LAD,26,1,3,3.66,21,4,46.2,0.5,3.83,3.83,1.18,9.45,3.28,1.16,0.249,0.086,0.256,0.579,0.136
2021,Justin Dunn,SEA,25,1,3,3.75,11,11,50.1,0.5,4.74,5.61,1.31,8.76,5.19,1.07,0.225,0.133,0.238,0.795,0.087
2021,Taylor Clarke,ARI,28,1,3,4.98,43,0,43.1,0.5,3.54,4.5,1.52,8.1,2.91,0.83,0.201,0.07200000000000001,0.35,0.629,0.075
2021,Trevor Cahill,PIT,33,1,5,6.57,9,8,37.0,0.5,4.06,4.13,1.51,7.78,3.41,0.97,0.193,0.084,0.33,0.545,0.129
2021,Noe Ramirez,- - -,31,0,2,3.0,38,0,36.0,0.5,3.89,5.41,0.97,7.25,3.0,0.75,0.19699999999999998,0.08199999999999999,0.2,0.71,0.057
2021,Jarlin Garcia,SFG,28,6,3,2.62,58,0,68.2,0.4,3.77,3.76,0.96,8.91,2.36,1.18,0.253,0.067,0.227,0.758,0.136
2021,Gregory Soto,DET,26,6,3,3.39,62,0,63.2,0.4,4.14,4.32,1.35,10.74,5.65,0.99,0.275,0.145,0.257,0.738,0.121
2021,Kris Bubic,KCR,23,6,7,4.43,29,20,130.0,0.4,5.14,4.57,1.38,7.89,4.08,1.52,0.205,0.106,0.28,0.768,0.183
2021,Anthony Misiewicz,SEA,26,5,5,4.61,66,0,54.2,0.4,3.77,3.95,1.39,8.73,2.47,1.15,0.225,0.064,0.338,0.6990000000000001,0.12300000000000001
2021,Tanner Scott,BAL,26,5,4,5.17,62,0,54.0,0.4,4.41,4.11,1.57,11.67,6.17,1.0,0.27899999999999997,0.147,0.318,0.69,0.171
2021,Eli Morgan,CLE,25,5,7,5.34,18,18,89.1,0.4,5.14,4.92,1.25,8.16,2.22,2.01,0.214,0.057999999999999996,0.278,0.705,0.147
2021,Rafael Montero,- - -,30,5,4,6.39,44,0,49.1,0.4,3.86,4.41,1.54,7.66,3.1,0.73,0.187,0.076,0.35,0.544,0.08900000000000001
2021,Seth Lugo,NYM,31,4,3,3.5,46,0,46.1,0.4,3.77,3.61,1.29,10.68,3.69,1.17,0.282,0.09699999999999999,0.307,0.8170000000000001,0.15
2021,Deolis Guerra,OAK,32,4,1,4.11,53,0,65.2,0.4,3.96,4.8,1.11,8.5,2.74,1.1,0.23,0.07400000000000001,0.257,0.653,0.08900000000000001
2021,Yimi Garcia,- - -,30,4,9,4.21,62,0,57.2,0.4,3.88,3.76,1.16,9.36,2.81,1.25,0.253,0.076,0.273,0.616,0.145
2021,Bruce Zimmermann,BAL,26,4,5,5.04,14,13,64.1,0.4,5.38,4.44,1.51,7.83,3.08,1.96,0.196,0.077,0.319,0.7809999999999999,0.203
2021,Ryne Stanek,HOU,29,3,5,3.42,72,0,68.1,0.4,4.11,4.55,1.21,10.93,4.87,1.05,0.28600000000000003,0.128,0.242,0.7290000000000001,0.105
2021,Will Smith,ATL,31,3,7,3.44,71,0,68.0,0.4,4.17,4.06,1.13,11.51,3.71,1.46,0.307,0.099,0.25,0.826,0.14300000000000002
2021,Jake Woodford,STL,24,3,4,3.99,26,8,67.2,0.4,4.5,5.06,1.34,6.65,3.33,0.93,0.171,0.085,0.291,0.7509999999999999,0.096
2021,Sean Doolittle,- - -,34,3,1,4.53,56,0,49.2,0.4,4.38,5.28,1.47,9.6,4.17,1.27,0.23800000000000002,0.10300000000000001,0.312,0.736,0.091
2021,Aaron Ashby,MIL,23,3,2,4.55,13,4,31.2,0.4,3.58,3.05,1.17,11.08,3.41,1.14,0.293,0.09,0.273,0.556,0.2
2021,Jharel Cotton,TEX,29,2,0,3.52,23,0,30.2,0.4,3.72,5.64,1.4,8.8,4.4,0.59,0.21899999999999997,0.109,0.295,0.782,0.042
2021,Sam Coonrod,PHI,28,2,2,4.04,42,2,42.1,0.4,3.71,3.51,1.32,10.2,3.19,1.06,0.259,0.081,0.316,0.731,0.156
2021,David Peterson,NYM,25,2,6,5.54,15,15,66.2,0.4,4.78,3.93,1.4,9.32,3.92,1.49,0.24,0.10099999999999999,0.306,0.654,0.22399999999999998
2021,Aaron Sanchez,SFG,28,1,1,3.06,9,7,35.1,0.4,4.05,5.01,1.33,6.62,3.82,0.51,0.16699999999999998,0.096,0.275,0.809,0.059000000000000004
2021,Joel Payamps,- - -,27,1,3,3.4,37,1,50.1,0.4,4.1,4.73,1.15,6.79,2.5,1.07,0.185,0.068,0.26,0.731,0.09699999999999999
2021,Sam Hentges,CLE,24,1,4,6.68,30,12,68.2,0.4,4.48,4.54,1.78,8.91,4.19,1.31,0.214,0.10099999999999999,0.385,0.63,0.132
2021,Erik Swanson,SEA,27,0,3,3.31,33,2,35.1,0.4,3.96,4.72,1.08,8.92,2.55,1.27,0.243,0.069,0.247,0.6559999999999999,0.096
2021,Dillon Tate,BAL,27,0,6,4.39,62,0,67.2,0.4,4.4,4.41,1.24,6.52,3.06,0.93,0.171,0.08,0.269,0.69,0.135
2021,Spencer Howard,- - -,24,0,5,7.43,19,15,49.2,0.4,4.72,4.98,1.61,9.42,4.89,1.27,0.22699999999999998,0.11800000000000001,0.329,0.519,0.11900000000000001
2021,Drew Smyly,ATL,32,11,4,4.48,29,23,126.2,0.3,5.11,4.39,1.37,8.31,2.91,1.92,0.214,0.075,0.295,0.774,0.184
2021,Kyle Funkhouser,DET,27,7,4,3.42,57,2,68.1,0.3,4.27,4.57,1.4,8.3,5.0,0.79,0.21100000000000002,0.128,0.277,0.74,0.107
2021,Trevor Richards,- - -,28,7,2,3.5,53,0,64.1,0.3,4.2,3.8,0.96,10.91,3.08,1.68,0.311,0.08800000000000001,0.201,0.7959999999999999,0.162
2021,JT Chargois,- - -,30,6,1,2.52,56,0,53.2,0.3,3.86,4.32,1.08,8.89,3.35,0.84,0.245,0.09300000000000001,0.25,0.8420000000000001,0.098
2021,Ryan Helsley,STL,26,6,4,4.56,51,0,47.1,0.3,3.99,4.46,1.42,8.94,5.13,0.76,0.228,0.131,0.281,0.7,0.095
2021,Jake Brentz,KCR,26,5,2,3.66,72,0,64.0,0.3,4.23,4.3,1.28,10.69,5.2,0.98,0.273,0.133,0.25,0.716,0.13
2021,JT Brubaker,PIT,27,5,13,5.36,24,24,124.1,0.3,5.16,4.0,1.29,9.34,2.75,2.03,0.24,0.071,0.284,0.726,0.22399999999999998
2021,T.J. McFarland,STL,32,4,1,2.56,38,0,38.2,0.3,3.79,3.92,1.06,4.89,2.09,0.7,0.146,0.063,0.261,0.815,0.12
2021,J.P. Feyereisen,- - -,28,4,4,2.73,55,0,56.0,0.3,4.21,5.19,1.23,8.52,5.3,0.8,0.226,0.141,0.217,0.742,0.07400000000000001
2021,Zack Littell,SFG,25,4,0,2.92,63,2,61.2,0.3,3.87,4.11,1.14,9.19,3.5,1.02,0.25,0.095,0.25,0.772,0.11699999999999999
2021,Josh Sborz,TEX,27,4,3,3.97,63,0,59.0,0.3,4.0,4.19,1.42,10.53,4.88,1.07,0.268,0.125,0.302,0.741,0.121
2021,Joe Smith,- - -,37,4,4,4.99,50,0,39.2,0.3,3.93,3.98,1.39,7.71,1.82,1.13,0.19699999999999998,0.046,0.341,0.6859999999999999,0.132
2021,Jose Urena,DET,29,4,8,5.81,26,18,100.2,0.3,5.02,4.87,1.6,5.99,3.75,1.25,0.147,0.092,0.319,0.653,0.147
2021,Hunter Strickland,- - -,32,3,2,2.61,57,0,58.2,0.3,4.19,4.71,1.16,8.9,3.38,1.23,0.24,0.091,0.25,0.833,0.105
2021,John Curtiss,- - -,28,3,1,3.45,41,2,44.1,0.3,3.82,3.94,1.22,8.93,2.44,1.22,0.235,0.064,0.29,0.73,0.128
2021,Danny Coulombe,MIN,31,3,2,3.67,29,1,34.1,0.3,3.75,3.66,1.22,8.65,1.83,1.31,0.237,0.05,0.319,0.7140000000000001,0.14300000000000002
2021,Brusdar Graterol,LAD,22,3,0,4.59,34,1,33.1,0.3,3.95,4.18,1.41,7.29,3.51,0.54,0.18,0.087,0.311,0.691,0.105
2021,Derek Holland,DET,34,3,2,5.07,39,1,49.2,0.3,3.96,4.13,1.57,9.24,3.62,1.09,0.22699999999999998,0.08900000000000001,0.354,0.708,0.122
2021,Chi Chi Gonzalez,COL,29,3,7,6.46,24,18,101.2,0.3,5.37,5.08,1.52,4.96,2.48,1.59,0.125,0.063,0.321,0.6409999999999999,0.155
2021,Ryan Burr,CHW,27,2,1,2.45,34,1,36.2,0.3,4.23,4.37,1.34,8.1,5.15,0.74,0.21899999999999997,0.139,0.269,0.852,0.12
2021,Sean Newcomb,ATL,28,2,0,4.73,32,0,32.1,0.3,3.6,4.62,1.7,11.97,7.52,0.28,0.287,0.18,0.351,0.7190000000000001,0.038
2021,Heath Hembree,- - -,32,2,7,5.59,60,0,58.0,0.3,4.34,3.84,1.19,12.88,3.72,1.86,0.342,0.099,0.27,0.59,0.16699999999999998
2021,Bailey Falter,PHI,24,2,1,5.61,22,1,33.2,0.3,3.79,3.96,1.19,9.09,1.6,1.34,0.245,0.043,0.315,0.6,0.125
2021,Zach Pop,MIA,24,1,0,4.12,50,0,54.2,0.3,3.77,4.32,1.43,8.4,3.95,0.49,0.207,0.098,0.319,0.6970000000000001,0.077
2021,Braxton Garrett,MIA,23,1,2,5.03,8,7,34.0,0.3,4.38,4.63,1.82,8.47,5.29,0.79,0.201,0.126,0.382,0.736,0.111
2021,Jose Quintana,- - -,32,0,3,6.43,29,10,63.0,0.3,4.66,3.75,1.73,12.14,5.0,1.71,0.28600000000000003,0.11800000000000001,0.378,0.644,0.214
2021,Alex Reyes,STL,26,10,8,3.24,69,0,72.1,0.2,4.4,4.56,1.35,11.82,6.47,1.12,0.3,0.16399999999999998,0.233,0.778,0.12300000000000001
2021,Jordan Lyles,TEX,30,10,13,5.15,32,30,180.0,0.2,5.34,4.73,1.39,7.3,2.8,1.9,0.19,0.073,0.299,0.7509999999999999,0.174
2021,Patrick Corbin,WSN,31,9,16,5.82,31,31,171.2,0.2,5.41,4.29,1.47,7.5,3.15,1.94,0.19,0.08,0.305,0.6940000000000001,0.226
2021,Archie Bradley,PHI,28,7,3,3.71,53,0,51.0,0.2,4.35,4.56,1.43,7.06,3.88,0.88,0.179,0.098,0.299,0.754,0.11599999999999999
2021,James Karinchak,CLE,25,7,4,4.07,60,0,55.1,0.2,4.31,3.76,1.21,12.69,5.2,1.46,0.332,0.136,0.228,0.745,0.184
2021,Taylor Hearn,TEX,26,6,6,4.66,42,11,104.1,0.2,4.82,4.8,1.32,7.94,3.62,1.47,0.209,0.095,0.275,0.708,0.13699999999999998
2021,Wandy Peralta,- - -,29,5,4,3.35,56,1,51.0,0.2,4.31,3.99,1.37,7.59,3.71,1.06,0.196,0.096,0.291,0.7509999999999999,0.171
2021,Jeffrey Springs,TBR,28,5,1,3.43,43,0,44.2,0.2,3.91,2.95,1.1,12.69,2.82,1.81,0.35200000000000004,0.078,0.28,0.769,0.214
2021,Ross Stripling,TOR,31,5,7,4.8,24,19,101.1,0.2,5.21,4.6,1.27,8.35,2.66,2.04,0.218,0.07,0.27,0.769,0.172
2021,Mychal Givens,- - -,31,4,3,3.35,54,0,51.0,0.2,4.54,4.45,1.37,9.53,4.76,1.24,0.25,0.125,0.286,0.804,0.14300000000000002
2021,J.B. Wendelken,- - -,28,4,3,4.33,46,0,43.2,0.2,4.09,4.67,1.51,8.04,4.53,0.82,0.201,0.113,0.31,0.695,0.091
2021,Alex Vesia,LAD,25,3,1,2.25,41,0,40.0,0.2,4.22,4.61,0.98,12.15,4.95,1.35,0.335,0.13699999999999998,0.143,0.736,0.113
2021,Steven Okert,MIA,29,3,1,2.75,34,0,36.0,0.2,4.34,4.59,1.03,10.0,3.75,1.25,0.282,0.106,0.218,0.853,0.11900000000000001
2021,Lucas Gilbreath,COL,25,3,2,3.38,47,1,42.2,0.2,4.32,4.57,1.31,9.28,4.85,1.05,0.23800000000000002,0.124,0.25,0.78,0.11599999999999999
2021,Nabil Crismatt,SDP,26,3,1,3.76,45,0,81.1,0.2,4.2,4.32,1.36,7.86,2.66,1.11,0.20199999999999999,0.068,0.324,0.752,0.127
2021,Jorge Alcala,MIN,25,3,6,3.92,59,0,59.2,0.2,4.06,3.54,0.97,9.2,1.96,1.51,0.266,0.057,0.245,0.674,0.179
2021,Austin Adams,SDP,30,3,2,4.1,65,0,52.2,0.2,3.89,5.19,1.2,12.99,5.98,0.17,0.315,0.145,0.257,0.6890000000000001,0.022000000000000002
2021,Jhoulys Chacin,COL,33,3,2,4.34,46,1,64.1,0.2,4.63,4.69,1.26,6.58,3.92,1.12,0.175,0.10400000000000001,0.242,0.7020000000000001,0.131
2021,Brandon Bielak,HOU,25,3,4,4.5,28,2,50.0,0.2,4.07,4.46,1.38,8.28,3.78,0.9,0.21100000000000002,0.096,0.301,0.662,0.10400000000000001
2021,Jeff Hoffman,CIN,28,3,5,4.56,31,11,73.0,0.2,5.2,4.97,1.58,9.74,5.55,1.48,0.23600000000000002,0.134,0.299,0.7659999999999999,0.152
2021,Tyler Kinley,COL,30,3,2,4.73,70,0,70.1,0.2,4.65,4.54,1.21,8.7,3.33,1.54,0.231,0.08800000000000001,0.251,0.7120000000000001,0.14300000000000002
2021,Juan Minaya,MIN,30,2,1,2.48,29,0,40.0,0.2,3.97,4.08,1.18,9.68,4.5,0.9,0.257,0.12,0.235,0.853,0.125
2021,Blake Parker,CLE,36,2,1,3.09,47,0,43.2,0.2,4.06,4.68,1.31,7.63,2.89,1.03,0.2,0.076,0.299,0.846,0.096
2021,Sam Long,SFG,25,2,1,5.53,12,5,40.2,0.2,4.23,4.93,1.28,8.41,3.32,1.11,0.21600000000000003,0.085,0.278,0.583,0.094
2021,Cesar Valdez,BAL,36,2,2,5.87,39,0,46.0,0.2,4.45,3.73,1.65,8.8,2.74,1.57,0.214,0.067,0.38,0.684,0.2
2021,Jake Cousins,MIL,26,1,0,2.7,30,0,30.0,0.2,3.84,3.77,1.17,13.2,5.7,0.9,0.35200000000000004,0.152,0.236,0.862,0.14300000000000002
2021,Tony Santillan,CIN,24,1,3,2.91,26,4,43.1,0.2,4.62,4.32,1.27,11.63,4.36,1.45,0.295,0.111,0.273,0.9,0.159
2021,Sergio Romo,OAK,38,1,1,4.67,66,0,61.2,0.2,4.24,4.57,1.25,8.76,3.06,1.31,0.23199999999999998,0.081,0.281,0.693,0.115
2021,Tyler Chatwood,- - -,31,1,3,5.63,32,0,32.0,0.2,3.95,4.08,1.47,10.69,5.91,0.56,0.262,0.145,0.3,0.602,0.11800000000000001
2021,Jon Lester,- - -,37,7,6,4.71,28,28,141.1,0.1,5.41,5.09,1.51,5.79,3.5,1.59,0.145,0.08800000000000001,0.296,0.731,0.158
2021,Kyle Finnegan,WSN,29,5,9,3.55,68,0,66.0,0.1,4.52,4.48,1.48,9.27,4.64,1.23,0.231,0.11599999999999999,0.304,0.698,0.138
2021,Jacob Webb,ATL,27,5,4,4.19,34,0,34.1,0.1,4.07,4.61,1.51,8.65,3.67,1.05,0.21600000000000003,0.092,0.337,0.654,0.1
2021,Griffin Canning,LAA,25,5,4,5.6,14,13,62.2,0.1,5.48,4.72,1.48,8.9,4.02,2.01,0.22399999999999998,0.10099999999999999,0.297,0.7120000000000001,0.184
2021,Blake Taylor,HOU,25,4,4,3.16,51,0,42.2,0.1,4.62,5.07,1.41,8.65,4.64,1.27,0.218,0.11699999999999999,0.269,0.795,0.109
2021,Alex Colome,MIN,32,4,4,4.15,67,0,65.0,0.1,4.23,4.21,1.4,8.03,3.18,1.11,0.2,0.079,0.305,0.644,0.138
2021,Drew Smith,NYM,27,3,1,2.4,31,1,41.1,0.1,4.69,4.54,1.06,8.93,3.48,1.52,0.248,0.09699999999999999,0.212,0.912,0.146
2021,Ian Kennedy,- - -,36,3,1,3.2,55,0,56.1,0.1,4.75,4.45,1.1,9.91,2.72,1.92,0.272,0.075,0.244,0.9109999999999999,0.152
2021,Miguel Castro,NYM,26,3,4,3.45,69,2,70.1,0.1,4.36,4.48,1.29,9.85,5.5,0.9,0.254,0.142,0.241,0.768,0.125
2021,Victor Gonzalez,LAD,25,3,1,3.57,44,1,35.1,0.1,4.27,4.17,1.44,8.41,4.84,0.76,0.213,0.12300000000000001,0.299,0.8029999999999999,0.15
2021,Hansel Robles,- - -,30,3,5,4.43,72,0,69.0,0.1,4.3,4.56,1.38,9.91,4.83,1.04,0.256,0.125,0.292,0.687,0.11599999999999999
2021,Bryse Wilson,- - -,23,3,7,5.35,16,16,74.0,0.1,5.49,5.1,1.45,5.59,2.68,1.82,0.14300000000000002,0.068,0.294,0.7240000000000001,0.16
2021,Bryan Abreu,HOU,24,3,3,5.75,31,0,36.0,0.1,4.36,4.54,1.47,9.0,4.5,1.0,0.22399999999999998,0.11199999999999999,0.31,0.595,0.121
2021,Ben Bowden,COL,26,3,2,6.56,39,0,35.2,0.1,4.85,5.34,1.82,10.6,5.3,1.51,0.237,0.11900000000000001,0.355,0.625,0.111
2021,Jordan Holloway,MIA,25,2,3,4.0,13,4,36.0,0.1,4.42,5.2,1.36,9.0,6.5,0.75,0.228,0.165,0.215,0.67,0.079
2021,Dennis Santana,- - -,25,2,4,4.28,55,0,54.2,0.1,4.36,4.89,1.46,7.57,5.27,0.66,0.19399999999999998,0.135,0.289,0.672,0.087
2021,Duane Underwood Jr.,PIT,26,2,3,4.33,43,0,72.2,0.1,4.27,4.34,1.43,8.05,3.34,1.11,0.203,0.084,0.316,0.713,0.13
2021,Ervin Santana,KCR,38,2,2,4.68,38,2,65.1,0.1,4.47,4.89,1.33,7.16,3.03,1.24,0.188,0.079,0.292,0.7070000000000001,0.11
2021,Humberto Castellanos,ARI,23,2,2,4.93,14,7,45.2,0.1,5.01,5.22,1.38,5.72,2.96,1.38,0.14800000000000002,0.077,0.287,0.7070000000000001,0.12300000000000001
2021,Matt Andriese,- - -,31,2,3,5.21,34,0,48.1,0.1,4.04,4.02,1.61,9.31,2.42,1.3,0.225,0.059000000000000004,0.392,0.6509999999999999,0.13699999999999998
2021,Rafael Dolis,TOR,33,2,3,5.63,39,0,32.0,0.1,4.36,5.31,1.75,10.97,7.59,0.56,0.25,0.17300000000000001,0.318,0.6759999999999999,0.063
2021,Alex Lange,DET,25,1,3,4.04,36,0,35.2,0.1,4.4,4.11,1.49,9.84,4.04,1.26,0.24100000000000002,0.099,0.323,0.7759999999999999,0.161
2021,Joakim Soria,- - -,37,1,4,5.06,41,0,37.1,0.1,4.16,4.15,1.37,9.64,2.89,1.45,0.252,0.075,0.33,0.711,0.136
2021,Burch Smith,OAK,31,1,1,5.4,31,0,43.1,0.1,4.21,5.15,1.38,5.82,2.28,1.04,0.149,0.059000000000000004,0.308,0.63,0.083
2021,Carlos Carrasco,NYM,34,1,5,6.04,12,12,53.2,0.1,5.22,4.32,1.43,8.39,3.02,2.01,0.21100000000000002,0.076,0.299,0.631,0.19699999999999998
2021,Will Vest,SEA,26,1,0,6.17,32,0,35.0,0.1,4.17,5.04,1.6,6.94,4.63,0.51,0.17300000000000001,0.115,0.34,0.605,0.063
2021,Kyle McGowin,WSN,29,0,0,4.2,27,0,30.0,0.1,4.6,4.5,1.17,10.5,4.2,1.5,0.273,0.109,0.222,0.767,0.14300000000000002
2021,Jake Faria,ARI,27,0,0,5.51,23,3,32.2,0.1,4.58,4.96,1.59,8.82,3.58,1.38,0.20800000000000002,0.084,0.333,0.7020000000000001,0.114
2021,Charlie Barnes,MIN,25,0,3,5.92,9,8,38.0,0.1,5.06,6.3,1.63,4.74,3.79,0.95,0.114,0.091,0.321,0.6459999999999999,0.071
2021,Jeurys Familia,NYM,31,9,4,3.94,65,0,59.1,0.0,4.4,3.49,1.42,10.92,4.1,1.52,0.275,0.10300000000000001,0.311,0.764,0.233
2021,Yusmeiro Petit,OAK,36,8,3,3.92,78,0,78.0,0.0,4.72,5.28,1.04,4.27,1.38,1.38,0.11800000000000001,0.038,0.227,0.721,0.106
2021,Zach Davies,CHC,28,6,12,5.78,32,32,148.0,0.0,5.45,5.03,1.6,6.93,4.56,1.52,0.171,0.11199999999999999,0.305,0.691,0.168
2021,Junior Guerra,LAA,36,5,2,6.06,41,1,65.1,0.0,4.75,5.28,1.73,8.4,6.34,0.83,0.19899999999999998,0.15,0.319,0.66,0.094
2021,Edgar Santana,ATL,29,3,0,3.59,41,0,42.2,0.0,4.6,4.04,1.15,6.96,2.53,1.48,0.18899999999999997,0.069,0.244,0.74,0.184
2021,Josh Rogers,WSN,26,2,2,3.28,6,6,35.2,0.0,5.83,6.0,1.29,5.55,3.53,1.77,0.146,0.09300000000000001,0.236,0.9159999999999999,0.127
2021,Ashton Goudeau,- - -,28,2,1,4.19,16,1,34.1,0.0,5.06,5.14,1.19,5.77,4.46,1.05,0.156,0.121,0.208,0.722,0.129
2021,Cody Poteet,MIA,26,2,3,4.99,7,7,30.2,0.0,5.62,4.95,1.34,9.39,4.7,2.05,0.242,0.121,0.234,0.769,0.175
2021,Josiah Gray,- - -,23,2,2,5.48,14,13,70.2,0.0,6.0,5.05,1.36,9.68,4.2,2.42,0.248,0.107,0.249,0.7559999999999999,0.18600000000000003
2021,Dylan Bundy,LAA,28,2,9,6.06,23,19,90.2,0.0,5.51,4.66,1.36,8.34,3.38,1.99,0.212,0.086,0.273,0.644,0.192
2021,Andres Machado,WSN,28,1,2,3.53,40,0,35.2,0.0,4.63,5.0,1.26,7.57,3.79,1.01,0.195,0.09699999999999999,0.26,0.743,0.10800000000000001
2021,Elieser Hernandez,MIA,26,1,3,4.18,11,11,51.2,0.0,5.38,4.33,1.32,9.23,2.44,2.26,0.23600000000000002,0.062,0.289,0.852,0.2
2021,Keynan Middleton,SEA,27,1,2,4.94,32,1,31.0,0.0,4.49,6.16,1.58,6.97,5.52,0.58,0.171,0.136,0.301,0.643,0.045
2021,Anthony Kay,TOR,26,1,2,5.61,11,5,33.2,0.0,5.43,4.09,1.66,10.43,4.81,1.87,0.25,0.115,0.348,0.752,0.26899999999999996
2021,Wade LeBlanc,- - -,36,0,2,4.41,18,9,49.0,0.0,5.39,5.72,1.49,5.33,3.12,1.47,0.131,0.077,0.294,0.805,0.11800000000000001
2021,Andrew Miller,STL,36,0,0,4.75,40,0,36.0,0.0,4.5,4.56,1.58,10.0,4.0,1.25,0.244,0.098,0.367,0.782,0.132
2021,Johan Oviedo,STL,23,0,5,4.91,14,13,62.1,0.0,5.27,5.22,1.57,7.36,5.34,1.16,0.177,0.128,0.285,0.7,0.14
2021,Sam Clay,WSN,28,0,5,5.6,58,0,45.0,0.0,4.61,4.67,1.71,6.8,4.4,0.8,0.159,0.10300000000000001,0.342,0.654,0.129
2021,Amir Garrett,CIN,29,0,4,6.04,63,0,47.2,0.0,4.89,4.03,1.57,11.52,5.48,1.7,0.284,0.135,0.319,0.657,0.209
2021,Bryan Shaw,CLE,33,6,7,3.49,81,0,77.1,-0.1,4.53,4.4,1.38,8.26,4.42,1.16,0.213,0.114,0.276,0.7979999999999999,0.147
2021,Brad Hand,- - -,31,6,7,3.9,68,0,64.2,-0.1,4.58,4.76,1.27,8.49,3.62,1.25,0.21899999999999997,0.094,0.267,0.65,0.12300000000000001
2021,Chad Kuhl,PIT,28,5,7,4.82,28,14,80.1,-0.1,5.31,4.9,1.43,8.4,4.71,1.46,0.215,0.12,0.286,0.6990000000000001,0.16899999999999998
2021,Justin Steele,CHC,25,4,4,4.26,20,9,57.0,-0.1,5.52,4.21,1.35,9.32,4.26,1.89,0.23800000000000002,0.109,0.262,0.813,0.261
2021,Caleb Smith,ARI,29,4,9,4.83,45,13,113.2,-0.1,5.1,5.26,1.37,9.82,4.99,1.58,0.248,0.126,0.254,0.731,0.127
2021,Kyle Zimmer,KCR,29,4,1,4.83,52,2,54.0,-0.1,4.82,4.86,1.41,7.67,5.0,1.17,0.20600000000000002,0.135,0.279,0.665,0.132
2021,Ryan Weathers,SDP,21,4,7,5.32,30,18,94.2,-0.1,5.44,4.71,1.38,6.85,2.85,1.9,0.18,0.075,0.293,0.726,0.185
2021,Austin Voth,WSN,29,4,1,5.34,49,1,57.1,-0.1,4.9,4.44,1.48,9.26,4.4,1.57,0.23800000000000002,0.113,0.313,0.708,0.16899999999999998
2021,Josh Tomlin,ATL,36,4,0,6.57,35,0,49.1,-0.1,4.67,4.72,1.5,6.75,0.91,1.82,0.17,0.023,0.358,0.639,0.133
2021,Chasen Shreve,PIT,30,3,3,3.2,57,0,56.1,-0.1,4.73,5.15,1.26,7.19,4.47,1.12,0.191,0.11900000000000001,0.234,0.836,0.10800000000000001
2021,Miguel Diaz,SDP,26,3,1,3.64,25,2,42.0,-0.1,4.81,3.85,1.19,9.86,4.07,1.71,0.267,0.11,0.232,0.799,0.222
2021,Jake Diekman,OAK,34,3,3,3.86,67,0,60.2,-0.1,4.46,4.09,1.34,12.31,5.04,1.48,0.317,0.13,0.282,0.789,0.16399999999999998
2021,Sam Howard,PIT,28,3,4,5.6,54,1,45.0,-0.1,4.86,4.48,1.47,12.0,6.4,1.4,0.302,0.161,0.278,0.6759999999999999,0.16699999999999998
2021,Anthony Banda,- - -,27,2,2,4.28,30,0,33.2,-0.1,4.92,4.96,1.54,8.55,3.48,1.6,0.209,0.085,0.33,0.789,0.133
2021,Phillips Valdez,BOS,29,2,0,5.85,28,0,40.0,-0.1,4.67,4.65,1.35,7.88,4.28,0.9,0.198,0.107,0.277,0.578,0.138
2021,Matt Foster,CHW,26,2,1,6.0,37,0,39.0,-0.1,5.27,4.94,1.44,9.23,3.0,2.08,0.23,0.075,0.309,0.6829999999999999,0.153
2021,Daniel Norris,- - -,28,2,3,6.16,56,0,57.0,-0.1,4.87,4.27,1.49,9.16,4.74,1.42,0.23399999999999999,0.121,0.309,0.618,0.191
2021,Enyel De Los Santos,- - -,25,2,1,6.37,33,0,35.1,-0.1,5.26,4.27,1.73,12.23,4.58,2.04,0.27699999999999997,0.10400000000000001,0.368,0.613,0.205
2021,Alex Wells,BAL,24,2,3,6.75,11,8,42.2,-0.1,6.33,6.06,1.62,5.48,3.38,2.11,0.132,0.081,0.303,0.69,0.149
2021,Spenser Watkins,BAL,28,2,7,8.07,16,10,54.2,-0.1,6.37,5.59,1.7,5.76,3.13,2.3,0.13699999999999998,0.075,0.324,0.597,0.177
2021,Dillon Maples,CHC,29,1,0,2.59,28,0,31.1,-0.1,4.61,4.79,1.28,11.49,7.18,0.57,0.28800000000000003,0.18,0.203,0.841,0.111
2021,Ralph Garza,- - -,27,1,4,3.56,27,0,30.1,-0.1,4.88,4.72,1.25,8.6,4.15,1.48,0.228,0.11,0.244,0.75,0.147
2021,Paul Blackburn,OAK,27,1,4,5.87,9,9,38.1,-0.1,5.47,4.55,1.62,6.1,2.35,1.88,0.149,0.057,0.341,0.72,0.205
2021,Riley Smith,ARI,26,1,4,6.01,24,6,67.1,-0.1,4.88,5.23,1.5,4.81,2.0,1.34,0.12,0.05,0.322,0.648,0.115
2021,Brad Brach,CIN,35,1,2,6.3,35,0,30.0,-0.1,5.04,5.05,1.6,9.9,5.4,1.5,0.237,0.129,0.305,0.5479999999999999,0.135
2021,Ryne Harper,WSN,32,0,2,4.04,34,0,35.2,-0.1,4.96,4.66,1.18,7.82,3.53,1.51,0.209,0.095,0.232,0.787,0.158
2021,Cody Ponce,PIT,27,0,6,7.04,15,2,38.1,-0.1,4.94,4.26,1.75,8.45,2.58,1.88,0.201,0.061,0.39,0.599,0.182
2021,Tim Hill,SDP,31,6,6,3.62,78,0,59.2,-0.2,4.71,4.08,1.24,8.45,3.47,1.36,0.22,0.09,0.261,0.682,0.2
2021,Joe Jimenez,DET,26,6,1,5.96,52,0,45.1,-0.2,5.22,5.76,1.52,11.32,6.95,1.19,0.271,0.16699999999999998,0.269,0.6409999999999999,0.10300000000000001
2021,Jesus Luzardo,- - -,23,6,9,6.61,25,18,95.1,-0.2,5.48,4.84,1.62,9.25,4.53,1.89,0.22399999999999998,0.11,0.322,0.654,0.177
2021,Hirokazu Sawamura,BOS,33,5,1,3.06,55,0,53.0,-0.2,5.0,4.39,1.45,10.36,5.43,1.53,0.262,0.13699999999999998,0.279,0.828,0.188
2021,Matt Peacock,ARI,27,5,7,4.9,35,8,86.1,-0.2,4.98,4.45,1.56,5.21,2.92,1.36,0.13,0.073,0.32,0.688,0.18600000000000003
2021,Touki Toussaint,ATL,25,3,3,4.5,11,10,50.0,-0.2,5.79,4.59,1.3,8.64,3.96,1.98,0.222,0.102,0.248,0.773,0.23399999999999999
2021,Ross Detwiler,- - -,35,3,1,4.64,53,5,52.1,-0.2,4.89,4.33,1.22,10.66,3.44,1.72,0.271,0.087,0.264,0.759,0.175
2021,Greg Holland,KCR,35,3,5,4.85,57,0,55.2,-0.2,4.82,4.65,1.35,8.57,4.2,1.46,0.218,0.107,0.26,0.6940000000000001,0.14800000000000002
2021,Rex Brothers,CHC,33,3,2,5.26,57,0,53.0,-0.2,4.87,4.42,1.43,12.74,5.94,1.53,0.318,0.14800000000000002,0.288,0.735,0.17
2021,Kolby Allard,TEX,23,3,12,5.41,32,17,124.2,-0.2,5.37,4.64,1.28,7.51,2.24,2.09,0.195,0.057999999999999996,0.27,0.6779999999999999,0.179
2021,Darwinzon Hernandez,BOS,24,2,2,3.38,48,0,40.0,-0.2,4.8,4.41,1.5,12.15,6.98,1.13,0.297,0.17,0.276,0.828,0.179
2021,Taylor Widener,ARI,26,2,1,4.35,23,13,70.1,-0.2,5.56,5.28,1.45,9.34,4.73,1.79,0.22899999999999998,0.11599999999999999,0.271,0.794,0.152
2021,Marcos Diplan,BAL,24,2,0,4.5,23,0,30.0,-0.2,5.67,5.36,1.23,7.2,4.5,1.8,0.195,0.122,0.205,0.7340000000000001,0.154
2021,Matt Moore,PHI,32,2,4,6.29,24,13,73.0,-0.2,5.76,5.26,1.59,7.77,4.68,1.85,0.18899999999999997,0.114,0.292,0.66,0.16699999999999998
2021,Adrian Sampson,CHC,29,1,2,2.8,10,5,35.1,-0.2,5.72,4.67,1.08,7.13,2.04,2.04,0.193,0.055,0.232,0.884,0.21100000000000002
2021,Nick Neidert,MIA,24,1,2,4.54,8,7,35.2,-0.2,5.81,6.72,1.51,5.3,5.8,1.01,0.134,0.146,0.26,0.768,0.083
2021,Justin Wilson,- - -,33,1,1,5.29,42,0,34.0,-0.2,5.26,5.14,1.41,7.68,4.24,1.59,0.195,0.107,0.268,0.665,0.14300000000000002
2021,Alex Claudio,LAA,29,1,2,5.51,41,0,32.2,-0.2,5.1,3.95,1.59,8.27,4.13,1.65,0.203,0.10099999999999999,0.32,0.688,0.261
2021,Jackson Kowar,KCR,24,0,6,11.27,9,8,30.1,-0.2,6.43,5.82,2.08,8.6,5.93,2.08,0.188,0.13,0.375,0.489,0.171
2021,Jose Alvarado,PHI,26,7,1,4.2,64,0,55.2,-0.3,4.8,4.52,1.6,10.99,7.6,0.81,0.271,0.187,0.298,0.742,0.179
2021,Justus Sheffield,SEA,25,7,8,6.83,21,15,80.1,-0.3,5.66,5.26,1.84,7.06,4.82,1.57,0.16399999999999998,0.11199999999999999,0.35,0.63,0.165
2021,Wil Crowe,PIT,26,4,8,5.48,26,25,116.2,-0.3,5.67,4.9,1.57,8.56,4.4,1.93,0.212,0.109,0.311,0.74,0.188
2021,Keegan Thompson,CHC,26,3,3,3.38,32,6,53.1,-0.3,5.16,4.72,1.48,9.28,5.23,1.52,0.226,0.128,0.267,0.863,0.17
2021,Anthony Bass,MIA,33,3,9,3.82,70,1,61.1,-0.3,4.93,4.33,1.29,8.51,3.52,1.61,0.223,0.092,0.268,0.736,0.183
2021,Vince Velasquez,- - -,29,3,9,6.3,25,21,94.1,-0.3,5.88,4.98,1.48,9.64,4.67,2.19,0.242,0.11800000000000001,0.283,0.68,0.19
2021,Nick Wittgren,CLE,30,2,9,5.05,60,1,62.1,-0.3,4.84,3.63,1.25,8.81,2.45,1.88,0.23600000000000002,0.066,0.291,0.68,0.245
2021,Chase Anderson,PHI,33,2,4,6.75,14,9,48.0,-0.3,5.86,5.65,1.48,6.56,3.75,1.88,0.163,0.09300000000000001,0.279,0.633,0.147
2021,Aaron Slegers,LAA,28,2,2,6.97,29,0,31.0,-0.3,5.62,4.59,1.87,7.26,4.35,1.74,0.168,0.10099999999999999,0.363,0.6920000000000001,0.231
2021,Chase De Jong,PIT,27,1,4,5.77,9,9,43.2,-0.3,6.03,5.38,1.56,8.04,3.92,2.27,0.19899999999999998,0.09699999999999999,0.302,0.765,0.16899999999999998
2021,Shawn Armstrong,- - -,30,1,0,6.75,31,0,36.0,-0.3,5.75,4.49,1.5,11.0,3.75,2.5,0.267,0.091,0.309,0.667,0.20800000000000002
2021,Tanner Rainey,WSN,28,1,3,7.39,38,0,31.2,-0.3,5.63,5.9,1.71,11.94,7.11,1.71,0.278,0.166,0.307,0.617,0.122
2021,Randy Dobnak,MIN,26,1,7,7.64,14,6,50.2,-0.3,5.7,4.3,1.54,4.8,2.13,1.95,0.11800000000000001,0.053,0.311,0.55,0.268
2021,Wade Davis,KCR,35,0,3,6.75,40,0,42.2,-0.3,5.3,5.22,1.48,8.02,4.01,1.69,0.2,0.1,0.293,0.595,0.14
2021,Dean Kremer,BAL,25,0,7,7.55,13,13,53.2,-0.3,6.99,5.73,1.64,7.88,4.19,2.85,0.192,0.102,0.297,0.66,0.195
2021,Ryan Hendrix,CIN,26,5,1,5.97,36,0,31.2,-0.4,5.85,4.3,1.55,9.95,4.55,2.27,0.24600000000000002,0.113,0.305,0.696,0.258
2021,Emilio Pagan,SDP,30,4,3,4.83,67,0,63.1,-0.4,5.22,4.89,1.17,9.81,2.56,2.27,0.262,0.068,0.253,0.765,0.151
2021,Brett de Geus,- - -,23,3,2,7.56,47,0,50.0,-0.4,5.07,4.89,1.74,7.38,4.5,1.08,0.172,0.105,0.354,0.5539999999999999,0.154
2021,Wander Suero,WSN,29,2,3,6.33,45,0,42.2,-0.4,5.8,4.8,1.41,9.28,3.16,2.32,0.23199999999999998,0.079,0.293,0.597,0.193
2021,Trent Thornton,TOR,27,1,3,4.78,37,3,49.0,-0.4,5.46,4.18,1.43,9.55,2.94,2.2,0.24100000000000002,0.07400000000000001,0.318,0.7170000000000001,0.226
2021,Daniel Ponce de Leon,STL,29,1,1,6.21,24,2,33.1,-0.4,6.11,6.86,1.62,6.48,5.94,1.35,0.152,0.139,0.265,0.6729999999999999,0.098
2021,Hyeon-jong Yang,TEX,33,0,3,5.6,12,4,35.1,-0.4,6.51,5.3,1.64,6.37,4.08,2.29,0.156,0.1,0.303,0.754,0.214
2021,Trevor Stephan,CLE,25,3,1,4.41,43,0,63.1,-0.5,5.49,4.56,1.41,10.66,4.41,2.13,0.266,0.11,0.272,0.845,0.195
2021,Logan Allen,CLE,24,2,7,6.26,14,11,50.1,-0.5,6.05,4.84,1.49,6.62,3.04,2.15,0.16699999999999998,0.077,0.303,0.643,0.222
2021,Dan Winkler,CHC,31,1,3,5.22,47,0,39.2,-0.5,5.74,5.84,1.56,9.08,6.81,1.13,0.21100000000000002,0.158,0.255,0.7340000000000001,0.128
2021,Yency Almonte,COL,27,1,3,7.55,48,0,47.2,-0.5,5.73,5.09,1.59,8.87,5.48,1.7,0.217,0.134,0.297,0.564,0.184
2021,JC Mejia,CLE,24,1,7,8.25,17,11,52.1,-0.5,6.15,4.71,1.61,8.08,4.13,2.24,0.19699999999999998,0.10099999999999999,0.311,0.5670000000000001,0.245
2021,Buck Farmer,DET,30,0,0,6.37,36,0,35.1,-0.5,6.59,5.48,1.73,9.42,5.35,2.29,0.21600000000000003,0.12300000000000001,0.313,0.768,0.205
2021,Albert Abreu,NYY,25,2,0,5.15,28,0,36.2,-0.6,5.9,4.79,1.25,8.59,4.66,1.96,0.22399999999999998,0.122,0.209,0.741,0.222
2021,Kohei Arihara,TEX,28,2,4,6.64,10,10,40.2,-0.6,6.76,5.5,1.43,5.31,2.88,2.43,0.135,0.073,0.27,0.665,0.212
2021,Kyle Keller,PIT,28,1,1,6.48,32,0,33.1,-0.6,6.95,5.87,1.56,9.72,5.94,2.43,0.23199999999999998,0.142,0.253,0.6759999999999999,0.196
2021,Mike Foltynewicz,TEX,29,2,12,5.44,28,24,139.0,-0.7,6.02,5.06,1.26,6.28,2.33,2.27,0.166,0.061,0.254,0.726,0.192
2021,Jake Arrieta,- - -,35,5,14,7.39,24,24,98.2,-0.8,6.17,4.85,1.77,7.57,4.01,2.19,0.177,0.094,0.343,0.611,0.233
2021,Griffin Jax,MIN,26,4,5,6.37,18,14,82.0,-0.8,6.47,5.75,1.35,7.13,3.18,2.52,0.18100000000000002,0.081,0.248,0.644,0.16899999999999998
2021,Matt Shoemaker,MIN,34,3,8,8.06,16,11,60.1,-0.8,6.57,5.44,1.66,5.97,4.03,2.24,0.141,0.095,0.291,0.573,0.20800000000000002
2021,Bryan Garcia,DET,26,3,2,7.55,39,0,39.1,-0.9,6.91,6.07,1.86,7.32,5.72,2.29,0.16699999999999998,0.13,0.309,0.607,0.182
2021,Alex Young,- - -,27,2,6,6.58,40,2,52.0,-1.1,6.25,5.11,1.77,7.44,4.67,2.08,0.175,0.11,0.329,0.665,0.218
2021,Adam Plutko,BAL,29,1,2,6.71,38,1,56.1,-1.2,7.13,6.12,1.63,7.03,4.31,2.72,0.17300000000000001,0.106,0.293,0.73,0.183
2022,Aaron Nola,PHI,29,11,13,3.25,32,32,205.0,6.3,2.58,2.77,0.96,10.32,1.27,0.83,0.29100000000000004,0.036000000000000004,0.289,0.73,0.098
2022,Carlos Rodon,SFG,29,14,8,2.88,31,31,178.0,6.2,2.25,2.91,1.03,11.98,2.63,0.61,0.33399999999999996,0.073,0.293,0.7509999999999999,0.065
2022,Justin Verlander,HOU,39,18,4,1.75,28,28,175.0,6.1,2.49,3.23,0.83,9.51,1.49,0.62,0.278,0.044000000000000004,0.24,0.805,0.062
2022,Sandy Alcantara,MIA,26,14,9,2.28,32,32,228.2,5.9,2.99,3.29,0.98,8.15,1.97,0.63,0.23399999999999999,0.055999999999999994,0.262,0.7879999999999999,0.085
2022,Shohei Ohtani,LAA,27,15,9,2.33,28,28,166.0,5.6,2.4,2.65,1.01,11.87,2.39,0.76,0.332,0.067,0.289,0.831,0.09300000000000001
2022,Kevin Gausman,TOR,31,12,10,3.35,31,31,174.2,5.5,2.38,2.75,1.24,10.56,1.44,0.77,0.28300000000000003,0.039,0.363,0.74,0.085
2022,Max Fried,ATL,28,14,7,2.48,30,30,185.1,4.9,2.7,3.09,1.01,8.26,1.55,0.58,0.23199999999999998,0.044000000000000004,0.28,0.782,0.078
2022,Spencer Strider,ATL,23,11,5,2.67,31,20,131.2,4.9,1.83,2.3,0.99,13.81,3.08,0.48,0.38299999999999995,0.085,0.292,0.741,0.068
2022,Shane Bieber,CLE,27,13,8,2.88,31,31,200.0,4.8,2.87,2.98,1.04,8.91,1.62,0.81,0.25,0.046,0.287,0.758,0.10400000000000001
2022,Corbin Burnes,MIL,27,12,8,2.94,33,33,202.0,4.6,3.14,2.85,0.97,10.83,2.27,1.02,0.305,0.064,0.259,0.768,0.141
2022,Max Scherzer,NYM,37,11,5,2.29,23,23,145.1,4.5,2.62,3.23,0.91,10.71,1.49,0.81,0.306,0.042,0.276,0.833,0.075
2022,Framber Valdez,HOU,28,17,6,2.82,31,31,201.1,4.4,3.06,2.99,1.16,8.67,3.0,0.49,0.235,0.081,0.285,0.757,0.125
2022,Dylan Cease,CHW,26,14,8,2.2,32,32,184.0,4.4,3.1,3.5,1.11,11.1,3.82,0.78,0.304,0.10400000000000001,0.26,0.823,0.084
2022,Yu Darvish,SDP,35,16,8,3.1,30,30,194.2,4.2,3.31,3.58,0.95,9.11,1.71,1.02,0.256,0.048,0.25,0.782,0.096
2022,Logan Webb,SFG,25,15,9,2.9,32,32,192.1,4.2,3.03,3.31,1.16,7.63,2.29,0.51,0.207,0.062,0.293,0.718,0.083
2022,Zac Gallen,ARI,26,12,4,2.54,31,31,184.0,4.2,3.05,3.31,0.91,9.39,2.3,0.73,0.26899999999999996,0.066,0.237,0.78,0.091
2022,Zack Wheeler,PHI,32,12,7,2.82,26,26,153.0,4.2,2.89,3.06,1.04,9.59,2.0,0.76,0.26899999999999996,0.055999999999999994,0.287,0.7709999999999999,0.098
2022,Tyler Anderson,LAD,32,15,5,2.57,30,28,178.2,4.1,3.31,4.1,1.0,6.95,1.71,0.71,0.195,0.048,0.256,0.778,0.064
2022,Jose Quintana,- - -,33,6,7,2.93,32,32,165.2,4.0,2.99,3.72,1.21,7.44,2.55,0.43,0.20199999999999999,0.069,0.302,0.742,0.053
2022,Alek Manoah,TOR,24,16,7,2.24,31,31,196.2,3.9,3.35,3.97,0.99,8.24,2.33,0.73,0.22899999999999998,0.065,0.244,0.826,0.071
2022,Clayton Kershaw,LAD,34,12,3,2.28,22,22,126.1,3.9,2.57,2.83,0.94,9.76,1.64,0.71,0.278,0.047,0.268,0.794,0.091
2022,Martin Perez,TEX,31,12,8,2.89,32,32,196.1,3.9,3.27,3.8,1.26,7.75,3.16,0.5,0.20600000000000002,0.084,0.295,0.77,0.065
2022,Nestor Cortes,NYY,27,12,4,2.44,28,28,158.1,3.7,3.13,3.63,0.92,9.27,2.16,0.91,0.265,0.062,0.232,0.828,0.08199999999999999
2022,Luis Castillo,- - -,29,8,6,2.99,25,25,150.1,3.7,3.07,3.23,1.08,10.0,2.69,0.78,0.272,0.073,0.275,0.753,0.1
2022,Alex Cobb,SFG,34,7,8,3.73,28,28,149.2,3.7,2.8,2.89,1.3,9.08,2.59,0.54,0.239,0.068,0.336,0.68,0.102
2022,Patrick Sandoval,LAA,25,6,9,2.91,27,27,148.2,3.7,3.09,3.67,1.34,9.14,3.63,0.48,0.237,0.094,0.316,0.768,0.063
2022,Brandon Woodruff,MIL,29,13,4,3.05,27,27,153.1,3.6,3.08,3.14,1.07,11.15,2.47,1.06,0.306,0.068,0.285,0.7859999999999999,0.11
2022,Shane McClanahan,TBR,25,12,8,2.54,28,28,166.1,3.6,3.0,2.6,0.93,10.5,2.06,1.03,0.303,0.059000000000000004,0.251,0.805,0.157
2022,Blake Snell,SDP,29,8,10,3.38,24,24,128.0,3.6,2.8,3.21,1.2,12.02,3.59,0.77,0.32,0.095,0.307,0.747,0.083
2022,Gerrit Cole,NYY,31,13,8,3.5,33,33,200.2,3.4,3.47,2.77,1.02,11.53,2.24,1.48,0.324,0.063,0.268,0.782,0.168
2022,Cristian Javier,HOU,25,11,9,2.54,30,25,148.2,3.4,3.16,3.53,0.95,11.74,3.15,1.03,0.332,0.08900000000000001,0.228,0.836,0.091
2022,Triston McKenzie,CLE,24,11,11,2.96,31,30,191.1,3.4,3.59,3.77,0.95,8.94,2.07,1.18,0.256,0.059000000000000004,0.237,0.8029999999999999,0.10300000000000001
2022,Joe Musgrove,SDP,29,10,7,2.93,30,30,181.0,3.4,3.59,3.47,1.08,9.15,2.09,1.09,0.249,0.057,0.276,0.7979999999999999,0.12300000000000001
2022,Julio Urias,LAD,25,17,7,2.16,31,31,175.0,3.2,3.71,3.81,0.96,8.54,2.11,1.18,0.24100000000000002,0.06,0.229,0.866,0.10800000000000001
2022,Merrill Kelly,ARI,33,13,8,3.37,33,33,200.1,3.2,3.65,3.86,1.14,7.95,2.74,0.94,0.22,0.076,0.269,0.763,0.099
2022,Corey Kluber,TBR,36,10,10,4.34,31,31,164.0,3.1,3.57,3.92,1.21,7.63,1.15,1.1,0.20199999999999999,0.03,0.317,0.7020000000000001,0.09300000000000001
2022,Jeffrey Springs,TBR,29,9,5,2.46,33,25,135.1,3.1,3.04,3.29,1.07,9.58,2.06,0.93,0.262,0.055999999999999994,0.279,0.823,0.096
2022,Logan Gilbert,SEA,25,13,6,3.2,32,32,185.2,3.0,3.46,3.78,1.18,8.43,2.38,0.92,0.22699999999999998,0.064,0.292,0.7759999999999999,0.092
2022,Drew Rasmussen,TBR,26,11,7,2.84,28,28,146.0,3.0,3.26,3.56,1.04,7.71,1.91,0.8,0.214,0.053,0.262,0.76,0.09
2022,Ross Stripling,TOR,32,10,4,3.01,32,24,134.1,3.0,3.11,3.67,1.02,7.44,1.34,0.8,0.207,0.037000000000000005,0.269,0.736,0.077
2022,Brady Singer,KCR,25,10,5,3.23,27,24,153.1,3.0,3.58,3.3,1.14,8.8,2.05,1.06,0.242,0.055999999999999994,0.3,0.7959999999999999,0.14
2022,Pablo Lopez,MIA,26,10,10,3.75,32,32,180.0,3.0,3.71,3.56,1.17,8.7,2.65,1.05,0.23600000000000002,0.07200000000000001,0.283,0.742,0.127
2022,Edwin Diaz,NYM,28,3,1,1.31,61,0,62.0,3.0,0.9,1.04,0.84,17.13,2.61,0.44,0.502,0.077,0.33,0.904,0.094
2022,Adam Wainwright,STL,40,11,12,3.71,32,32,191.2,2.9,3.66,4.1,1.28,6.71,2.54,0.75,0.17800000000000002,0.067,0.302,0.75,0.081
2022,George Kirby,SEA,24,8,5,3.39,25,25,130.0,2.9,2.99,3.33,1.21,9.21,1.52,0.9,0.245,0.040999999999999995,0.331,0.7509999999999999,0.09
2022,Tarik Skubal,DET,25,7,8,3.52,21,21,117.2,2.9,2.96,3.4,1.16,8.95,2.45,0.69,0.245,0.067,0.299,0.675,0.079
2022,Kyle Wright,ATL,26,21,5,3.19,30,30,180.1,2.8,3.58,3.3,1.16,8.68,2.65,0.95,0.23600000000000002,0.07200000000000001,0.284,0.789,0.14400000000000002
2022,Chris Bassitt,NYM,33,15,9,3.42,30,30,181.2,2.8,3.66,3.72,1.14,8.27,2.43,0.94,0.22399999999999998,0.066,0.282,0.772,0.109
2022,Miles Mikolas,STL,33,12,13,3.29,33,32,202.1,2.8,3.87,3.8,1.03,6.81,1.73,1.11,0.19,0.048,0.249,0.7440000000000001,0.11900000000000001
2022,Jordan Montgomery,- - -,29,9,6,3.48,32,32,178.1,2.8,3.61,3.43,1.09,7.97,1.82,1.06,0.218,0.05,0.275,0.755,0.13
2022,Tony Gonsolin,LAD,28,16,1,2.14,24,24,130.1,2.7,3.28,3.69,0.87,8.22,2.42,0.76,0.239,0.07,0.207,0.838,0.083
2022,Taijuan Walker,NYM,29,12,5,3.49,29,29,157.1,2.7,3.65,3.88,1.19,7.55,2.57,0.86,0.203,0.069,0.284,0.757,0.096
2022,Carlos Carrasco,NYM,35,15,7,3.97,29,29,152.0,2.5,3.53,3.45,1.33,9.0,2.43,1.01,0.23600000000000002,0.064,0.337,0.747,0.121
2022,Kyle Freeland,COL,29,9,11,4.53,31,31,174.2,2.5,4.21,4.48,1.41,6.75,2.73,0.98,0.171,0.069,0.318,0.705,0.095
2022,Justin Steele,CHC,26,4,7,3.18,24,24,119.0,2.5,3.2,3.48,1.35,9.53,3.78,0.61,0.24600000000000002,0.098,0.317,0.726,0.087
2022,Jameson Taillon,NYY,30,14,5,3.91,32,32,177.1,2.4,3.94,3.79,1.13,7.66,1.62,1.32,0.207,0.044000000000000004,0.276,0.753,0.124
2022,Sonny Gray,MIN,32,8,5,3.08,24,24,119.2,2.4,3.4,3.66,1.13,8.8,2.71,0.83,0.24,0.07400000000000001,0.277,0.772,0.094
2022,Johnny Cueto,CHW,36,8,10,3.35,25,24,158.1,2.4,3.79,4.38,1.23,5.8,1.88,0.85,0.157,0.051,0.295,0.7490000000000001,0.077
2022,Ranger Suarez,PHI,26,10,7,3.65,29,29,155.1,2.3,3.87,3.82,1.33,7.47,3.36,0.87,0.195,0.08800000000000001,0.293,0.718,0.11800000000000001
2022,Jesus Luzardo,MIA,24,4,7,3.32,18,18,100.1,2.3,3.12,3.11,1.04,10.76,3.14,0.9,0.3,0.08800000000000001,0.253,0.7170000000000001,0.115
2022,Emmanuel Clase,CLE,24,3,4,1.36,77,0,72.2,2.3,1.98,2.18,0.73,9.54,1.24,0.37,0.284,0.037000000000000005,0.222,0.723,0.083
2022,Joe Ryan,MIN,26,13,8,3.55,27,27,147.0,2.2,3.99,4.35,1.1,9.24,2.88,1.22,0.25,0.078,0.253,0.778,0.095
2022,Noah Syndergaard,- - -,29,10,10,3.94,25,24,134.2,2.2,3.83,4.28,1.25,6.35,2.07,0.94,0.168,0.055,0.295,0.7240000000000001,0.085
2022,Evan Phillips,LAD,27,7,3,1.14,64,0,63.0,2.2,1.94,2.72,0.76,11.0,2.14,0.29,0.33,0.064,0.228,0.83,0.039
2022,Reid Detmers,LAA,22,7,6,3.77,25,25,129.0,2.2,3.79,4.2,1.21,8.51,3.21,0.91,0.226,0.085,0.277,0.741,0.087
2022,Devin Williams,MIL,27,6,4,1.93,65,0,60.2,2.2,2.01,2.36,1.01,14.24,4.45,0.3,0.4,0.125,0.266,0.768,0.063
2022,Tyler Mahle,- - -,27,6,8,4.4,23,23,120.2,2.2,3.87,4.03,1.22,9.4,3.21,1.19,0.25,0.085,0.278,0.695,0.10400000000000001
2022,Jacob deGrom,NYM,34,5,4,3.08,11,11,64.1,2.2,2.13,1.53,0.75,14.27,1.12,1.26,0.42700000000000005,0.033,0.258,0.7340000000000001,0.17
2022,Cal Quantrill,CLE,27,15,5,3.38,32,32,186.1,2.1,4.12,4.39,1.21,6.18,2.27,1.01,0.166,0.061,0.278,0.764,0.096
2022,Mitch Keller,PIT,26,5,12,3.91,31,29,159.0,2.1,3.88,3.99,1.4,7.81,3.4,0.79,0.201,0.087,0.32,0.732,0.10400000000000001
2022,Luis Garcia,HOU,25,15,8,3.72,28,28,157.1,2.0,3.93,3.82,1.13,8.98,2.69,1.32,0.244,0.073,0.26,0.743,0.121
2022,Ryan Helsley,STL,27,9,1,1.25,54,0,64.2,2.0,2.34,2.6,0.74,13.08,2.78,0.84,0.39299999999999996,0.084,0.185,0.934,0.094
2022,Reynaldo Lopez,CHW,28,6,4,2.76,61,1,65.1,2.0,1.93,3.28,0.95,8.68,1.52,0.14,0.248,0.043,0.281,0.633,0.015
2022,Marcus Stroman,CHC,31,6,7,3.5,25,25,138.2,2.0,3.76,3.49,1.15,7.72,2.34,1.04,0.209,0.063,0.272,0.725,0.139
2022,A.J. Minter,ATL,28,5,4,2.06,75,0,70.0,2.0,2.13,2.68,0.91,12.09,1.93,0.64,0.34700000000000003,0.055,0.286,0.767,0.071
2022,Frankie Montas,- - -,29,5,12,4.05,27,27,144.1,2.0,3.78,3.61,1.25,8.85,2.68,1.12,0.23399999999999999,0.071,0.298,0.7090000000000001,0.128
2022,Freddy Peralta,MIL,26,4,4,3.58,18,17,78.0,2.0,3.06,3.66,1.04,9.92,3.12,0.69,0.271,0.085,0.246,0.701,0.071
2022,Nick Lodolo,CIN,24,4,7,3.66,19,19,103.1,1.9,3.9,3.49,1.25,11.41,3.4,1.13,0.297,0.08800000000000001,0.322,0.8009999999999999,0.151
2022,Zack Greinke,KCR,38,4,9,3.68,26,26,137.0,1.9,4.03,4.54,1.34,4.8,1.77,0.92,0.125,0.046,0.306,0.7290000000000001,0.08199999999999999
2022,JT Brubaker,PIT,28,3,12,4.69,28,28,144.0,1.9,3.92,3.87,1.47,9.19,3.38,1.06,0.228,0.084,0.334,0.688,0.11699999999999999
2022,Andres Munoz,SEA,23,2,5,2.49,64,0,65.0,1.9,2.04,2.04,0.89,13.29,2.08,0.69,0.387,0.06,0.297,0.764,0.114
2022,Lucas Giolito,CHW,27,11,9,4.9,30,30,161.2,1.8,4.06,3.66,1.44,9.85,3.4,1.34,0.254,0.087,0.34,0.711,0.14400000000000002
2022,Kyle Gibson,PHI,34,10,8,5.05,31,31,167.2,1.8,4.28,3.94,1.34,7.73,2.58,1.29,0.201,0.067,0.308,0.677,0.139
2022,Dean Kremer,BAL,26,8,7,3.23,22,21,125.1,1.8,3.8,4.43,1.25,6.25,2.44,0.79,0.17,0.066,0.299,0.778,0.073
2022,Lance Lynn,CHW,35,8,7,3.99,21,21,121.2,1.8,3.82,3.44,1.13,9.17,1.41,1.41,0.242,0.037000000000000005,0.294,0.684,0.14
2022,Rich Hill,BOS,42,8,7,4.27,26,26,124.1,1.8,3.92,4.12,1.3,7.89,2.68,1.09,0.207,0.07,0.305,0.6829999999999999,0.10099999999999999
2022,Jon Gray,TEX,30,7,7,3.96,24,24,127.1,1.8,3.8,3.46,1.13,9.47,2.76,1.2,0.257,0.075,0.271,0.705,0.142
2022,Daniel Bard,COL,37,6,4,1.79,57,0,60.1,1.8,2.86,3.3,0.99,10.29,3.73,0.45,0.282,0.102,0.221,0.816,0.068
2022,John Schreiber,BOS,28,4,4,2.22,64,0,65.0,1.8,2.5,3.01,0.98,10.25,2.63,0.42,0.28800000000000003,0.07400000000000001,0.268,0.768,0.061
2022,Alex Wood,SFG,31,8,12,5.1,26,26,130.2,1.7,3.76,3.41,1.24,9.02,2.07,1.17,0.23600000000000002,0.054000000000000006,0.315,0.639,0.14400000000000002
2022,Michael King,NYY,27,6,3,2.29,34,0,51.0,1.7,2.23,2.42,1.0,11.65,2.82,0.53,0.332,0.08,0.281,0.769,0.091
2022,Trevor Stephan,CLE,26,6,5,2.69,66,0,63.2,1.7,2.19,2.81,1.18,11.59,2.54,0.42,0.307,0.067,0.338,0.735,0.057
2022,Jose Alvarado,PHI,27,4,2,3.18,59,0,51.0,1.7,1.92,2.16,1.22,14.29,4.24,0.35,0.379,0.11199999999999999,0.34,0.698,0.077
2022,Erik Swanson,SEA,28,3,2,1.68,57,1,53.2,1.7,1.85,2.72,0.91,11.74,1.68,0.5,0.34,0.049,0.295,0.852,0.052000000000000005
2022,Robbie Ray,SEA,30,12,12,3.71,32,32,189.0,1.6,4.17,3.58,1.19,10.1,2.95,1.52,0.27399999999999997,0.08,0.284,0.812,0.155
2022,Jose Suarez,LAA,24,8,8,3.96,22,20,109.0,1.6,3.91,3.86,1.25,8.5,2.72,1.16,0.223,0.071,0.289,0.7559999999999999,0.11800000000000001
2022,Hector Neris,HOU,33,6,4,3.72,70,0,65.1,1.6,2.35,3.29,1.01,10.88,2.34,0.41,0.3,0.065,0.291,0.634,0.044000000000000004
2022,Hunter Greene,CIN,22,5,13,4.44,24,24,125.2,1.6,4.37,3.64,1.21,11.75,3.44,1.72,0.309,0.09,0.281,0.763,0.161
2022,Liam Hendriks,CHW,33,4,4,2.81,58,0,57.2,1.6,2.68,2.64,1.04,13.27,2.5,1.09,0.36200000000000004,0.068,0.296,0.7659999999999999,0.11699999999999999
2022,Chris Martin,- - -,36,4,1,3.05,60,0,56.0,1.6,2.18,2.01,0.98,11.89,0.8,0.96,0.32899999999999996,0.022000000000000002,0.317,0.7559999999999999,0.13
2022,Luis Garcia,SDP,35,4,6,3.39,64,0,61.0,1.6,2.6,3.11,1.21,10.03,2.51,0.44,0.263,0.066,0.325,0.682,0.064
2022,Caleb Thielbar,MIN,35,4,3,3.49,67,0,59.1,1.6,2.42,3.07,1.16,12.13,2.73,0.76,0.327,0.073,0.324,0.6940000000000001,0.071
2022,Jimmy Herget,LAA,28,2,1,2.48,49,1,69.0,1.6,2.82,3.48,0.91,8.22,1.96,0.52,0.237,0.055999999999999994,0.243,0.762,0.061
2022,Jordan Lyles,BAL,31,12,11,4.42,32,32,179.0,1.5,4.4,4.39,1.39,7.24,2.61,1.31,0.18600000000000003,0.067,0.313,0.738,0.114
2022,Michael Wacha,BOS,30,11,2,3.32,23,23,127.1,1.5,4.14,3.99,1.12,7.35,2.19,1.27,0.20199999999999999,0.06,0.26,0.8029999999999999,0.124
2022,Nick Pivetta,BOS,29,10,12,4.56,33,33,179.2,1.5,4.42,4.26,1.38,8.77,3.66,1.35,0.226,0.094,0.3,0.753,0.124
2022,Luis Severino,NYY,28,7,3,3.18,19,19,102.0,1.5,3.7,3.38,1.0,9.88,2.65,1.24,0.27699999999999997,0.07400000000000001,0.237,0.799,0.139
2022,David Peterson,NYM,26,7,5,3.83,28,19,105.2,1.5,3.64,3.31,1.33,10.73,4.09,0.94,0.278,0.106,0.313,0.7390000000000001,0.151
2022,Jordan Romano,TOR,29,5,4,2.11,63,0,64.0,1.5,2.82,3.44,1.02,10.27,2.95,0.56,0.28300000000000003,0.081,0.256,0.804,0.065
2022,Alex Vesia,LAD,26,5,0,2.15,63,0,54.1,1.5,2.12,3.03,1.12,13.09,3.98,0.33,0.348,0.106,0.292,0.8140000000000001,0.039
2022,Rafael Montero,HOU,31,5,2,2.37,71,0,68.1,1.5,2.64,3.22,1.02,9.61,3.03,0.4,0.27,0.085,0.26,0.737,0.057
2022,Braxton Garrett,MIA,24,3,7,3.58,17,17,88.0,1.5,3.56,3.5,1.25,9.2,2.45,0.92,0.24100000000000002,0.064,0.321,0.764,0.11800000000000001
2022,Jhoan Duran,MIN,24,2,4,1.86,57,0,67.2,1.5,2.52,2.11,0.98,11.84,2.13,0.8,0.335,0.06,0.291,0.893,0.17600000000000002
2022,Raisel Iglesias,- - -,32,2,6,2.47,67,0,62.0,1.5,2.47,2.99,0.97,11.32,2.03,0.73,0.317,0.057,0.281,0.768,0.076
2022,Cole Irvin,OAK,28,9,13,3.98,30,30,181.0,1.4,4.21,4.35,1.16,6.36,1.79,1.24,0.17300000000000001,0.049,0.273,0.7140000000000001,0.105
2022,Charlie Morton,ATL,38,9,6,4.34,31,31,172.0,1.4,4.26,3.6,1.23,10.73,3.3,1.47,0.282,0.087,0.292,0.76,0.165
2022,Graham Ashcraft,CIN,24,5,6,4.89,19,19,105.0,1.4,4.21,4.09,1.42,6.09,2.57,0.94,0.153,0.065,0.314,0.6779999999999999,0.125
2022,Bryan Abreu,HOU,25,4,0,1.94,55,0,60.1,1.4,2.12,2.69,1.18,13.13,3.88,0.3,0.355,0.105,0.336,0.8170000000000001,0.049
2022,Felix Bautista,BAL,27,4,4,2.19,65,0,65.2,1.4,2.91,2.77,0.93,12.06,3.15,0.96,0.348,0.091,0.231,0.843,0.127
2022,Adrian Sampson,CHC,30,4,5,3.11,21,19,104.1,1.4,3.79,4.39,1.23,6.3,2.33,0.86,0.171,0.063,0.288,0.7759999999999999,0.077
2022,Garrett Whitlock,BOS,26,4,2,3.45,31,9,78.1,1.4,3.29,3.2,1.02,9.42,1.72,1.15,0.264,0.048,0.271,0.731,0.12
2022,Bryan Baker,BAL,27,4,3,3.49,66,2,69.2,1.4,2.74,3.56,1.23,9.82,3.36,0.39,0.261,0.08900000000000001,0.311,0.708,0.046
2022,Collin McHugh,ATL,35,3,2,2.6,58,0,69.1,1.4,2.71,3.24,0.94,9.74,1.82,0.65,0.276,0.051,0.266,0.794,0.07200000000000001
2022,David Bednar,PIT,27,3,4,2.61,45,0,51.2,1.4,2.44,2.83,1.12,12.02,2.79,0.7,0.32899999999999996,0.076,0.317,0.7490000000000001,0.08199999999999999
2022,Ryan Pressly,HOU,33,3,3,2.98,50,0,48.1,1.4,2.31,2.21,0.89,12.1,2.42,0.74,0.35700000000000004,0.071,0.26,0.695,0.125
2022,Giovanny Gallegos,STL,30,3,6,3.05,57,0,59.0,1.4,2.88,3.51,1.02,11.14,2.75,0.92,0.311,0.077,0.261,0.7170000000000001,0.077
2022,Joe Jimenez,DET,27,3,2,3.49,62,0,56.2,1.4,2.0,2.7,1.09,12.23,2.06,0.64,0.33299999999999996,0.055999999999999994,0.328,0.674,0.065
2022,Zach Eflin,PHI,28,3,5,4.04,20,13,75.2,1.4,3.56,3.81,1.12,7.73,1.78,0.95,0.20800000000000002,0.048,0.282,0.66,0.096
2022,Antonio Senzatela,COL,27,3,7,5.07,19,19,92.1,1.4,4.05,4.07,1.69,5.26,2.24,0.88,0.131,0.055999999999999994,0.383,0.7040000000000001,0.113
2022,Bailey Ober,MIN,26,2,3,3.21,11,11,56.0,1.4,2.92,4.18,1.05,8.2,1.77,0.64,0.225,0.048,0.277,0.7040000000000001,0.048
2022,German Marquez,COL,27,9,13,4.95,31,31,181.2,1.3,4.71,4.02,1.37,7.43,3.12,1.49,0.193,0.081,0.291,0.6809999999999999,0.16899999999999998
2022,Matt Moore,TEX,33,5,2,1.95,63,0,74.0,1.3,2.98,3.87,1.18,10.09,4.62,0.36,0.273,0.125,0.257,0.8109999999999999,0.042
2022,Jakob Junis,SFG,29,5,7,4.42,23,17,112.0,1.3,3.65,3.67,1.29,7.88,2.01,1.04,0.205,0.052000000000000005,0.317,0.703,0.11199999999999999
2022,Aaron Civale,CLE,27,5,6,4.92,20,20,97.0,1.3,3.87,3.62,1.19,9.09,2.04,1.3,0.24100000000000002,0.054000000000000006,0.297,0.625,0.131
2022,Anthony Bass,- - -,34,4,3,1.54,73,0,70.1,1.3,3.0,3.34,1.01,9.34,2.56,0.77,0.265,0.073,0.256,0.895,0.087
2022,Jason Adam,TBR,30,2,3,1.56,67,0,63.1,1.3,2.86,3.17,0.76,10.66,2.42,0.71,0.316,0.07200000000000001,0.194,0.894,0.08800000000000001
2022,Brayan Bello,BOS,23,2,8,4.71,13,11,57.1,1.3,2.94,3.8,1.78,8.63,4.24,0.16,0.205,0.10099999999999999,0.404,0.682,0.024
2022,Scott Effross,- - -,28,1,4,2.54,60,1,56.2,1.3,2.46,3.18,1.06,9.85,2.38,0.48,0.271,0.066,0.284,0.669,0.055999999999999994
2022,Mitch White,- - -,27,1,7,5.45,25,18,99.0,1.3,3.87,4.42,1.46,7.09,3.18,0.82,0.177,0.08,0.321,0.635,0.078
2022,Clay Holmes,NYY,29,7,4,2.54,62,0,63.2,1.2,2.85,2.9,1.02,9.19,2.83,0.28,0.25,0.077,0.262,0.7440000000000001,0.1
2022,Drew Smyly,CHC,33,7,8,3.47,22,22,106.1,1.2,4.23,4.18,1.19,7.7,2.2,1.35,0.204,0.057999999999999996,0.275,0.785,0.11699999999999999
2022,Camilo Doval,SFG,24,6,6,2.53,68,0,67.2,1.2,2.98,3.04,1.24,10.64,3.99,0.53,0.28,0.105,0.296,0.737,0.105
2022,Jake Odorizzi,- - -,32,6,6,4.4,22,22,106.1,1.2,4.28,4.7,1.33,7.28,2.96,1.18,0.19,0.077,0.292,0.691,0.092
2022,Eric Lauer,MIL,27,11,7,3.69,29,29,158.2,1.1,4.5,4.08,1.22,8.91,3.35,1.53,0.23800000000000002,0.08900000000000001,0.26,0.79,0.141
2022,Dakota Hudson,STL,27,8,7,4.45,27,26,139.2,1.1,4.34,4.82,1.45,5.03,3.93,0.58,0.131,0.102,0.301,0.706,0.07200000000000001
2022,Sean Manaea,SDP,30,8,9,4.96,30,28,158.0,1.1,4.53,3.96,1.3,8.89,2.85,1.65,0.23199999999999998,0.075,0.291,0.675,0.149
2022,Alexis Diaz,CIN,25,7,3,1.84,59,0,63.2,1.1,3.32,3.97,0.96,11.73,4.66,0.71,0.325,0.129,0.178,0.8140000000000001,0.069
2022,Adam Ottavino,NYM,36,6,3,2.06,66,0,65.2,1.1,2.85,2.79,0.97,10.83,2.19,0.82,0.306,0.062,0.276,0.8909999999999999,0.12
2022,Dylan Lee,ATL,27,5,1,2.13,46,0,50.2,1.1,2.66,3.1,0.99,10.48,1.78,0.89,0.294,0.05,0.276,0.7909999999999999,0.085
2022,Kenley Jansen,ATL,34,5,2,3.38,65,0,64.0,1.1,3.21,3.45,1.05,11.95,3.09,1.13,0.327,0.085,0.259,0.7609999999999999,0.099
2022,Andrew Heaney,LAD,31,4,4,3.1,16,14,72.2,1.1,3.75,2.83,1.09,13.62,2.35,1.73,0.355,0.061,0.291,0.789,0.179
2022,Joe Mantiply,ARI,31,2,5,2.85,69,0,60.0,1.1,2.83,2.52,1.08,9.15,0.9,0.9,0.251,0.025,0.317,0.772,0.15
2022,Jose Urquidy,HOU,27,13,8,3.94,29,28,164.1,1.0,4.6,4.32,1.17,7.34,2.08,1.59,0.19699999999999998,0.055999999999999994,0.264,0.789,0.129
2022,Michael Lorenzen,LAA,30,8,6,4.24,18,18,97.2,1.0,4.31,4.2,1.28,7.83,4.05,1.01,0.207,0.107,0.262,0.713,0.124
2022,Cionel Perez,BAL,26,7,1,1.4,66,0,57.2,1.0,2.8,3.56,1.16,8.58,3.28,0.31,0.235,0.09,0.284,0.8740000000000001,0.043
2022,Brock Burke,TEX,25,7,5,1.97,52,0,82.1,1.0,3.29,3.49,1.06,9.84,2.62,0.98,0.27399999999999997,0.073,0.266,0.838,0.1
2022,Tyler Wells,BAL,27,7,7,4.25,23,23,103.2,1.0,4.52,4.6,1.14,6.6,2.43,1.39,0.18,0.066,0.246,0.727,0.11
2022,Seranthony Dominguez,PHI,27,6,5,3.0,54,0,51.0,1.0,3.09,3.26,1.14,10.76,3.88,0.71,0.295,0.106,0.269,0.768,0.098
2022,Nathan Eovaldi,BOS,32,6,3,3.87,20,20,109.1,1.0,4.3,3.46,1.23,8.48,1.65,1.73,0.22399999999999998,0.043,0.298,0.76,0.172
2022,Walker Buehler,LAD,27,6,3,4.02,12,12,65.0,1.0,3.8,3.64,1.29,8.03,2.35,1.11,0.212,0.062,0.312,0.7490000000000001,0.127
2022,Adrian Houser,MIL,29,6,10,4.73,22,21,102.2,1.0,4.21,4.64,1.46,6.05,4.12,0.7,0.152,0.10300000000000001,0.289,0.611,0.08
2022,Enyel De Los Santos,CLE,26,5,0,3.04,50,0,53.1,1.0,2.62,3.17,1.07,10.29,2.87,0.51,0.284,0.079,0.28,0.748,0.065
2022,Michael Kopech,CHW,26,5,9,3.54,25,25,119.1,1.0,4.5,4.83,1.19,7.92,4.3,1.13,0.213,0.115,0.223,0.742,0.094
2022,Austin Voth,- - -,30,5,4,4.34,41,17,101.2,1.0,4.14,4.33,1.4,7.97,2.74,1.24,0.204,0.07,0.319,0.742,0.10300000000000001
2022,Andrew Bellatti,PHI,30,4,4,3.31,59,1,54.1,1.0,2.87,3.37,1.33,12.92,4.14,0.83,0.33899999999999997,0.109,0.347,0.727,0.081
2022,Taylor Rogers,- - -,31,4,8,4.76,66,0,64.1,1.0,3.31,3.26,1.18,11.75,2.66,0.98,0.307,0.069,0.327,0.635,0.11900000000000001
2022,Sam Hentges,CLE,25,3,2,2.32,57,0,62.0,1.0,2.48,2.67,0.97,10.45,2.76,0.44,0.294,0.078,0.257,0.782,0.08800000000000001
2022,Wandy Peralta,NYY,30,3,4,2.72,56,0,56.1,1.0,2.86,3.61,1.05,7.51,2.72,0.32,0.21100000000000002,0.076,0.256,0.7170000000000001,0.043
2022,Nick Nelson,PHI,26,3,2,4.85,47,2,68.2,1.0,3.04,4.47,1.49,9.04,4.72,0.13,0.225,0.11800000000000001,0.332,0.65,0.013000000000000001
2022,James Karinchak,CLE,26,2,0,2.08,38,0,39.0,1.0,2.29,3.11,1.1,14.31,4.85,0.46,0.38799999999999996,0.131,0.27,0.85,0.051
2022,Hunter Harvey,WSN,27,2,1,2.52,38,0,39.1,1.0,2.07,3.4,1.14,10.3,2.75,0.23,0.287,0.076,0.323,0.757,0.023
2022,Matt Manning,DET,24,2,3,3.43,12,12,63.0,1.0,3.78,4.37,1.17,6.86,2.71,0.86,0.183,0.07200000000000001,0.259,0.721,0.077
2022,Buck Farmer,CIN,31,2,2,3.83,44,0,47.0,1.0,3.03,3.86,1.3,10.34,4.79,0.38,0.271,0.126,0.291,0.693,0.045
2022,Brooks Raley,TBR,34,1,2,2.68,60,0,53.2,1.0,2.74,3.28,0.97,10.23,2.52,0.5,0.27899999999999997,0.068,0.254,0.725,0.065
2022,Jose Berrios,TOR,28,12,7,5.23,32,32,172.0,0.9,4.55,4.21,1.42,7.8,2.35,1.52,0.198,0.06,0.328,0.7090000000000001,0.135
2022,Ian Anderson,ATL,24,10,6,5.0,22,22,111.2,0.9,4.25,4.22,1.51,7.82,4.35,0.97,0.19699999999999998,0.11,0.313,0.698,0.11699999999999999
2022,Scott Barlow,KCR,29,7,4,2.18,69,0,74.1,0.9,3.62,3.42,1.0,9.32,2.66,1.09,0.266,0.076,0.24,0.8390000000000001,0.13
2022,Griffin Jax,MIN,27,7,4,3.36,65,0,72.1,0.9,3.17,3.32,1.05,9.71,2.49,0.87,0.26899999999999996,0.069,0.269,0.723,0.10099999999999999
2022,John Brebbia,SFG,32,6,2,3.18,76,11,68.0,0.9,3.32,4.5,1.31,7.15,2.38,0.66,0.188,0.063,0.314,0.759,0.051
2022,Craig Kimbrel,LAD,34,6,7,3.75,63,0,60.0,0.9,3.23,4.04,1.32,10.8,4.2,0.6,0.27699999999999997,0.10800000000000001,0.311,0.6759999999999999,0.059000000000000004
2022,Taylor Hearn,TEX,27,6,8,5.13,31,13,100.0,0.9,3.98,4.2,1.5,8.73,3.87,0.99,0.21600000000000003,0.096,0.325,0.6759999999999999,0.099
2022,Roansy Contreras,PIT,22,5,5,3.79,21,18,95.0,0.9,4.38,4.48,1.27,8.15,3.69,1.23,0.21100000000000002,0.096,0.257,0.7440000000000001,0.107
2022,Spenser Watkins,BAL,29,5,6,4.7,23,20,105.1,0.9,4.24,4.68,1.41,5.38,2.56,0.94,0.13699999999999998,0.065,0.308,0.6829999999999999,0.086
2022,Austin Gomber,COL,28,5,7,5.56,33,17,124.2,0.9,4.54,4.19,1.37,6.86,2.45,1.44,0.18,0.064,0.31,0.6409999999999999,0.13699999999999998
2022,Jorge Lopez,- - -,29,4,7,2.54,67,0,71.0,0.9,3.42,3.69,1.18,9.13,3.93,0.51,0.242,0.10400000000000001,0.266,0.7609999999999999,0.083
2022,Lucas Luetge,NYY,35,4,4,2.67,50,0,57.1,0.9,3.03,3.95,1.4,9.42,2.67,0.63,0.239,0.068,0.355,0.8290000000000001,0.055999999999999994
2022,Dane Dunning,TEX,27,4,8,4.46,29,29,153.1,0.9,4.45,4.03,1.43,8.04,3.64,1.17,0.204,0.092,0.313,0.7440000000000001,0.152
2022,Trevor Rogers,MIA,24,4,11,5.47,23,23,107.0,0.9,4.36,4.11,1.5,8.92,3.79,1.26,0.222,0.094,0.33,0.669,0.132
2022,Ryne Stanek,HOU,30,2,1,1.15,59,0,54.2,0.9,3.02,3.95,1.23,10.21,5.1,0.33,0.27699999999999997,0.138,0.264,0.919,0.038
2022,Andrew Chafin,DET,32,2,3,2.83,64,0,57.1,0.9,3.06,3.27,1.17,10.52,2.98,0.78,0.276,0.078,0.289,0.698,0.096
2022,Zach Jackson,OAK,27,2,3,3.0,54,0,48.0,0.9,2.78,4.14,1.27,12.56,6.19,0.19,0.332,0.163,0.273,0.731,0.019
2022,Aaron Ashby,MIL,24,2,10,4.44,27,19,107.1,0.9,4.06,3.29,1.43,10.57,3.94,1.26,0.265,0.099,0.324,0.703,0.19699999999999998
2022,Duane Underwood Jr.,PIT,27,1,6,4.4,51,1,57.1,0.9,2.92,3.91,1.45,8.95,3.92,0.16,0.22,0.09699999999999999,0.333,0.612,0.021
2022,Jovani Moran,MIN,25,0,1,2.21,31,0,40.2,0.9,1.78,2.88,1.06,11.95,3.98,0.0,0.32899999999999996,0.11,0.272,0.7440000000000001,0.0
2022,Adam Cimber,TOR,31,10,6,2.8,77,0,70.2,0.8,3.47,3.87,1.12,7.39,1.66,0.76,0.198,0.044000000000000004,0.288,0.7509999999999999,0.083
2022,Keegan Thompson,CHC,27,10,5,3.76,29,17,115.0,0.8,4.4,4.26,1.27,8.45,3.37,1.25,0.223,0.08900000000000001,0.282,0.762,0.12300000000000001
2022,Dylan Bundy,MIN,29,8,8,4.89,29,29,140.0,0.8,4.66,4.7,1.28,6.04,1.8,1.54,0.158,0.047,0.285,0.6940000000000001,0.11199999999999999
2022,Paul Blackburn,OAK,28,7,6,4.28,21,21,111.1,0.8,4.21,3.89,1.26,7.19,2.43,1.21,0.191,0.064,0.29,0.742,0.139
2022,Brad Keller,KCR,26,6,14,5.09,35,22,139.2,0.8,4.5,4.35,1.5,6.57,3.67,1.1,0.165,0.092,0.31,0.67,0.126
2022,Nabil Crismatt,SDP,27,5,2,2.94,50,1,67.1,0.8,3.22,3.46,1.17,8.69,2.94,0.67,0.23199999999999998,0.079,0.28,0.703,0.091
2022,Lance McCullers Jr.,HOU,28,4,2,2.27,8,8,47.2,0.8,3.49,3.58,1.24,9.44,4.15,0.76,0.256,0.113,0.277,0.88,0.105
2022,Yimi Garcia,TOR,31,4,5,3.1,61,0,61.0,0.8,3.47,4.09,1.05,8.56,2.36,0.89,0.235,0.065,0.258,0.705,0.077
2022,MacKenzie Gore,SDP,23,4,4,4.5,16,13,70.0,0.8,4.11,4.42,1.47,9.26,4.76,0.9,0.233,0.12,0.312,0.741,0.092
2022,Kyle Bradish,BAL,25,4,7,4.9,23,23,117.2,0.8,4.46,4.01,1.4,8.49,3.52,1.3,0.218,0.09,0.311,0.7020000000000001,0.149
2022,Daniel Lynch IV,KCR,25,4,13,5.13,27,27,131.2,0.8,4.63,4.3,1.57,8.34,3.55,1.44,0.203,0.087,0.335,0.728,0.135
2022,Zach Plesac,CLE,27,3,12,4.31,25,24,131.2,0.8,4.45,4.39,1.32,6.84,2.6,1.3,0.17600000000000002,0.067,0.288,0.6890000000000001,0.11699999999999999
2022,Bryce Elder,ATL,23,2,4,3.17,10,9,54.0,0.8,3.78,4.16,1.24,7.83,3.83,0.67,0.207,0.10099999999999999,0.267,0.792,0.08199999999999999
2022,Brusdar Graterol,LAD,23,2,4,3.26,46,1,49.2,0.8,2.95,3.12,0.99,7.79,1.81,0.54,0.218,0.051,0.261,0.669,0.094
2022,Josh Hader,- - -,28,2,5,5.22,56,0,50.0,0.8,3.45,2.94,1.28,14.58,3.78,1.44,0.37,0.096,0.333,0.669,0.151
2022,Jason Foley,DET,26,1,0,3.88,60,0,60.1,0.8,2.76,3.56,1.38,6.41,1.64,0.3,0.168,0.043,0.354,0.706,0.04
2022,Chris Stratton,- - -,31,10,4,4.26,60,1,63.1,0.7,3.32,4.04,1.53,8.53,3.55,0.57,0.215,0.09,0.362,0.696,0.061
2022,Alex Lange,DET,26,7,4,3.41,71,0,63.1,0.7,3.25,3.23,1.23,11.65,4.41,0.71,0.303,0.114,0.284,0.6970000000000001,0.11599999999999999
2022,Patrick Corbin,WSN,32,6,19,6.31,31,31,152.2,0.7,4.84,4.21,1.7,7.55,2.89,1.59,0.18,0.069,0.365,0.644,0.156
2022,Robert Suarez,SDP,31,5,1,2.27,45,0,47.2,0.7,3.22,3.24,1.05,11.52,3.97,0.76,0.319,0.11,0.248,0.847,0.111
2022,Tanner Houck,BOS,26,5,4,3.15,32,4,60.0,0.7,3.3,3.68,1.18,8.4,3.3,0.45,0.22699999999999998,0.08900000000000001,0.288,0.755,0.071
2022,Michael Fulmer,- - -,29,5,6,3.39,67,0,63.2,0.7,3.57,4.45,1.37,8.62,3.96,0.57,0.221,0.10099999999999999,0.309,0.752,0.055
2022,Steven Matz,STL,31,5,3,5.25,15,10,48.0,0.7,3.78,3.15,1.25,10.13,1.88,1.5,0.261,0.048,0.316,0.669,0.16
2022,David Robertson,- - -,37,4,3,2.4,58,0,63.2,0.7,3.58,3.71,1.16,11.45,4.95,0.85,0.307,0.133,0.237,0.86,0.10300000000000001
2022,Brad Boxberger,MIL,34,4,3,2.95,70,0,64.0,0.7,3.57,4.06,1.23,9.56,3.8,0.84,0.254,0.10099999999999999,0.279,0.799,0.081
2022,Penn Murfee,SEA,28,4,0,2.99,64,1,69.1,0.7,3.1,3.6,0.95,9.87,2.34,0.91,0.27899999999999997,0.066,0.243,0.773,0.08199999999999999
2022,Johan Oviedo,- - -,24,4,3,3.21,21,8,56.0,0.7,3.74,4.14,1.29,8.68,3.7,0.8,0.223,0.095,0.28,0.794,0.085
2022,Jesse Chavez,- - -,38,4,3,3.76,60,1,69.1,0.7,3.39,3.32,1.31,9.61,2.6,1.04,0.253,0.068,0.333,0.718,0.11900000000000001
2022,Tylor Megill,NYM,26,4,2,5.13,15,9,47.1,0.7,3.77,3.35,1.25,9.7,2.47,1.33,0.255,0.065,0.305,0.657,0.146
2022,Hayden Wesneski,CHC,24,3,2,2.18,6,4,33.0,0.7,3.2,3.64,0.94,9.0,1.91,0.82,0.25,0.053,0.244,0.8390000000000001,0.083
2022,Kendall Graveman,CHW,31,3,4,3.18,65,0,65.0,0.7,3.42,3.44,1.4,9.14,3.6,0.69,0.23199999999999998,0.091,0.324,0.747,0.111
2022,Trevor Williams,NYM,30,3,5,3.21,30,9,89.2,0.7,3.88,3.94,1.23,8.43,2.31,1.2,0.226,0.062,0.301,0.823,0.11
2022,Hoby Milner,MIL,31,3,3,3.76,67,0,64.2,0.7,3.16,3.37,1.18,8.91,2.09,0.7,0.235,0.055,0.309,0.711,0.094
2022,Taylor Clarke,KCR,29,3,1,4.04,47,0,49.0,0.7,3.3,3.64,1.18,8.82,1.47,1.1,0.23600000000000002,0.039,0.314,0.672,0.094
2022,Jose Urena,- - -,30,3,8,5.01,21,17,97.0,0.7,4.65,4.61,1.57,5.85,3.99,1.02,0.146,0.1,0.312,0.6609999999999999,0.11699999999999999
2022,Dennis Santana,TEX,26,3,8,5.22,63,1,58.2,0.7,3.35,4.19,1.33,8.28,4.3,0.31,0.212,0.11,0.287,0.5429999999999999,0.039
2022,Domingo German,NYY,29,2,5,3.61,15,14,72.1,0.7,4.44,4.33,1.16,7.22,2.36,1.37,0.195,0.064,0.262,0.785,0.121
2022,Connor Overton,CIN,28,1,0,2.73,6,4,33.0,0.7,3.66,4.97,0.97,3.82,3.0,0.27,0.113,0.08900000000000001,0.204,0.7190000000000001,0.026000000000000002
2022,Dylan Floro,MIA,31,1,3,3.02,56,0,53.2,0.7,3.13,3.6,1.17,8.05,2.52,0.67,0.218,0.068,0.288,0.6970000000000001,0.077
2022,David Phelps,TOR,35,0,2,2.83,65,1,63.2,0.7,3.16,4.26,1.3,9.05,4.38,0.28,0.235,0.114,0.292,0.772,0.031
2022,Chris Flexen,SEA,27,8,9,3.73,33,22,137.2,0.6,4.49,5.04,1.33,6.21,3.33,1.11,0.161,0.086,0.271,0.769,0.085
2022,Andre Pallante,STL,23,6,5,3.17,47,10,108.0,0.6,3.98,3.71,1.42,6.08,3.33,0.75,0.16,0.08800000000000001,0.311,0.813,0.153
2022,Kyle Finnegan,WSN,30,6,4,3.51,66,0,66.2,0.6,3.76,3.22,1.14,9.45,2.97,1.22,0.261,0.08199999999999999,0.269,0.757,0.16399999999999998
2022,Bailey Falter,PHI,25,6,4,3.86,20,16,84.0,0.6,4.65,4.13,1.21,7.93,1.82,1.71,0.212,0.049,0.292,0.8059999999999999,0.14400000000000002
2022,Eli Morgan,CLE,26,5,3,3.38,50,1,66.2,0.6,3.58,3.54,0.89,9.72,1.76,1.35,0.281,0.051,0.226,0.6809999999999999,0.11599999999999999
2022,Eduardo Rodriguez,DET,29,5,5,4.05,17,17,91.0,0.6,4.43,4.41,1.33,7.12,3.36,1.19,0.184,0.087,0.277,0.6970000000000001,0.115
2022,Jake Woodford,STL,25,4,0,2.23,27,1,48.1,0.6,3.13,4.18,1.12,4.47,2.05,0.19,0.128,0.059000000000000004,0.278,0.784,0.023
2022,Matt Brash,SEA,24,4,4,4.44,39,5,50.2,0.6,3.51,3.7,1.56,11.01,5.86,0.53,0.27899999999999997,0.149,0.352,0.7290000000000001,0.091
2022,Ryan Feltner,COL,25,4,9,5.83,20,19,97.1,0.6,4.76,4.43,1.41,7.77,3.24,1.48,0.196,0.08199999999999999,0.299,0.644,0.134
2022,Tyler Rogers,SFG,31,3,4,3.57,68,0,75.2,0.6,3.44,4.12,1.27,5.83,2.74,0.36,0.154,0.07200000000000001,0.293,0.6920000000000001,0.049
2022,Davis Martin,CHW,25,3,6,4.83,14,9,63.1,0.6,4.28,4.42,1.29,6.82,2.7,1.14,0.17800000000000002,0.071,0.288,0.664,0.105
2022,Amir Garrett,KCR,30,3,1,4.96,60,0,45.1,0.6,3.4,4.77,1.32,9.73,6.35,0.0,0.25,0.163,0.255,0.6,0.0
2022,Kris Bubic,KCR,24,3,13,5.58,28,27,129.0,0.6,4.78,4.51,1.7,7.67,4.4,1.26,0.187,0.107,0.352,0.688,0.133
2022,Justin Lawrence,COL,27,3,1,5.7,38,0,42.2,0.6,3.39,3.59,1.55,10.13,4.64,0.63,0.251,0.115,0.35,0.637,0.094
2022,Jalen Beeks,TBR,28,2,3,2.8,42,7,61.0,0.6,3.49,3.26,1.16,10.33,3.25,1.03,0.28,0.08800000000000001,0.282,0.807,0.135
2022,Connor Brogdon,PHI,27,2,2,3.27,47,0,44.0,0.6,3.43,3.47,1.25,10.23,2.25,1.23,0.266,0.059000000000000004,0.317,0.84,0.111
2022,Gregory Soto,DET,27,2,11,3.28,64,0,60.1,0.6,3.59,4.59,1.38,8.95,5.07,0.3,0.228,0.129,0.294,0.665,0.034
2022,Lucas Gilbreath,COL,26,2,0,4.19,47,0,43.0,0.6,3.53,4.06,1.47,10.26,5.44,0.42,0.262,0.139,0.33,0.701,0.061
2022,Ian Gibaut,- - -,28,1,2,4.5,34,0,36.0,0.6,3.11,3.51,1.58,12.0,4.5,0.75,0.3,0.113,0.4,0.743,0.083
2022,Jose Leclerc,TEX,28,0,3,2.83,39,0,47.2,0.6,3.72,4.38,1.13,10.2,3.97,0.94,0.273,0.106,0.243,0.8,0.077
2022,JP Sears,- - -,26,6,3,3.86,17,11,70.0,0.5,4.21,4.57,1.29,6.56,2.96,1.03,0.177,0.08,0.289,0.755,0.092
2022,Clarke Schmidt,NYY,26,5,5,3.12,29,3,57.2,0.5,3.6,3.96,1.2,8.74,3.59,0.78,0.237,0.09699999999999999,0.273,0.75,0.086
2022,Zach Pop,- - -,25,4,0,2.77,35,0,39.0,0.5,2.96,3.43,1.15,5.77,0.92,0.46,0.159,0.025,0.315,0.769,0.067
2022,Dillon Tate,BAL,28,4,4,3.05,67,0,73.2,0.5,3.48,3.4,0.99,7.33,1.95,0.73,0.205,0.055,0.251,0.7120000000000001,0.122
2022,Tanner Scott,MIA,27,4,5,4.31,67,0,62.2,0.5,3.67,3.53,1.61,12.93,6.61,0.72,0.311,0.159,0.347,0.7240000000000001,0.132
2022,Keegan Akin,BAL,27,3,3,3.2,45,1,81.2,0.5,3.59,3.34,1.09,8.49,2.2,1.1,0.23399999999999999,0.061,0.267,0.7240000000000001,0.135
2022,Tim Hill,SDP,32,3,0,3.56,55,0,48.0,0.5,3.47,4.31,1.23,4.69,2.63,0.19,0.126,0.07,0.284,0.698,0.027999999999999997
2022,Kutter Crawford,BOS,26,3,6,5.47,21,12,77.1,0.5,4.34,4.33,1.42,8.96,3.38,1.4,0.231,0.087,0.322,0.662,0.114
2022,Joey Wentz,DET,24,2,2,3.03,7,7,32.2,0.5,3.54,4.56,1.1,7.44,3.58,0.55,0.2,0.096,0.228,0.7020000000000001,0.05
2022,Wade Miley,CHC,35,2,2,3.16,9,8,37.0,0.5,3.95,4.42,1.22,6.81,3.41,0.73,0.17600000000000002,0.08800000000000001,0.25,0.631,0.079
2022,Richard Bleier,MIA,35,2,2,3.55,55,1,50.2,0.5,3.27,3.76,1.44,5.68,1.78,0.53,0.14400000000000002,0.045,0.341,0.745,0.07
2022,Shawn Armstrong,- - -,31,2,3,4.38,50,3,61.2,0.5,3.47,3.46,1.35,9.63,2.48,1.02,0.245,0.063,0.337,0.7120000000000001,0.115
2022,Chris Archer,MIN,33,2,8,4.56,25,25,102.2,0.5,4.49,4.57,1.31,7.36,4.21,1.05,0.192,0.11,0.259,0.677,0.10800000000000001
2022,Caleb Ferguson,LAD,25,1,0,1.82,37,1,34.2,0.5,3.0,3.86,1.15,9.61,4.41,0.26,0.261,0.12,0.259,0.813,0.034
2022,Ron Marinaccio,NYY,26,1,0,2.05,40,0,44.0,0.5,3.2,4.06,1.05,11.45,4.91,0.41,0.309,0.133,0.215,0.813,0.047
2022,Daulton Jefferies,OAK,26,1,7,5.72,8,8,39.1,0.5,3.77,4.33,1.37,6.41,1.83,0.92,0.163,0.047,0.323,0.595,0.08
2022,Joe Kelly,CHW,34,1,3,6.08,43,1,37.0,0.5,3.06,3.16,1.59,12.89,5.59,0.49,0.312,0.135,0.382,0.608,0.1
2022,Luke Weaver,- - -,28,1,1,6.56,26,1,35.2,0.5,2.69,3.82,1.82,9.59,3.28,0.25,0.218,0.075,0.429,0.586,0.027999999999999997
2022,Yency Almonte,LAD,28,0,0,1.02,33,0,35.1,0.5,3.17,3.65,0.79,8.41,2.55,0.51,0.244,0.07400000000000001,0.186,0.9590000000000001,0.069
2022,Ryan Brasier,BOS,34,0,3,5.78,68,0,62.1,0.5,3.61,3.49,1.3,9.24,1.88,1.3,0.243,0.049,0.335,0.562,0.122
2022,Mike Clevinger,SDP,31,7,7,4.33,23,22,114.1,0.4,4.98,4.76,1.2,7.16,2.76,1.57,0.188,0.07200000000000001,0.249,0.765,0.126
2022,Madison Bumgarner,ARI,32,7,15,4.88,30,30,158.2,0.4,4.85,4.83,1.44,6.35,2.78,1.42,0.16,0.07,0.306,0.693,0.115
2022,Edward Cabrera,MIA,24,6,4,3.01,14,14,71.2,0.4,4.59,4.12,1.07,9.42,4.14,1.26,0.258,0.113,0.207,0.861,0.154
2022,Chad Kuhl,COL,29,6,11,5.72,27,27,137.0,0.4,5.26,4.78,1.55,7.23,3.81,1.64,0.17800000000000002,0.094,0.31,0.6940000000000001,0.14300000000000002
2022,Paul Sewald,SEA,32,5,4,2.67,65,0,64.0,0.4,3.88,3.58,0.77,10.13,2.39,1.41,0.298,0.07,0.158,0.821,0.133
2022,Dylan Coleman,KCR,25,5,2,2.78,68,0,68.0,0.4,3.88,4.38,1.24,9.4,4.9,0.66,0.24600000000000002,0.128,0.247,0.7709999999999999,0.075
2022,Nick Martinez,SDP,31,4,4,3.47,47,10,106.1,0.4,4.43,4.04,1.29,8.04,3.47,1.27,0.212,0.092,0.276,0.8079999999999999,0.14400000000000002
2022,Trevor Megill,MIN,28,4,3,4.8,39,0,45.0,0.4,3.29,3.52,1.49,9.8,3.4,0.8,0.25,0.087,0.368,0.625,0.095
2022,Dany Jimenez,OAK,28,3,4,3.41,34,0,34.1,0.4,3.46,4.47,1.19,8.91,4.72,0.52,0.23399999999999999,0.124,0.231,0.654,0.049
2022,Jackson Stephens,ATL,28,3,3,3.69,39,1,53.2,0.4,3.54,4.06,1.34,7.88,3.86,0.5,0.2,0.098,0.289,0.607,0.067
2022,Ryan Thompson,TBR,30,3,3,3.8,47,0,42.2,0.4,3.42,3.55,1.17,8.23,2.32,0.84,0.215,0.061,0.28,0.603,0.10300000000000001
2022,Will Vest,DET,27,3,3,4.0,59,2,63.0,0.4,3.54,3.48,1.33,9.0,3.14,0.86,0.23199999999999998,0.081,0.315,0.725,0.12
2022,Vince Velasquez,CHW,30,3,3,4.78,27,9,75.1,0.4,4.25,4.48,1.23,8.24,2.99,1.31,0.21600000000000003,0.078,0.269,0.6659999999999999,0.102
2022,Kyle Nelson,ARI,25,2,1,2.19,43,1,37.0,0.4,3.22,4.39,1.08,7.3,3.41,0.24,0.19899999999999998,0.09300000000000001,0.243,0.7929999999999999,0.026000000000000002
2022,Peter Strzelecki,MIL,27,2,1,2.83,30,0,35.0,0.4,2.94,3.81,1.23,10.29,3.86,0.51,0.27,0.10099999999999999,0.289,0.752,0.053
2022,Javier Assad,CHC,24,2,2,3.11,9,8,37.2,0.4,4.49,4.92,1.46,7.17,4.78,0.96,0.18100000000000002,0.12,0.277,0.83,0.087
2022,Zach Davies,ARI,29,2,5,4.09,27,27,134.1,0.4,4.83,4.57,1.3,6.83,3.48,1.41,0.179,0.091,0.257,0.75,0.13
2022,Jonathan Loaisiga,NYY,27,2,3,4.13,50,0,48.0,0.4,3.57,3.78,1.29,6.94,3.56,0.56,0.182,0.094,0.278,0.64,0.091
2022,Joely Rodriguez,NYM,30,2,4,4.47,55,0,50.1,0.4,3.23,3.46,1.35,10.19,4.65,0.54,0.264,0.12,0.302,0.633,0.08800000000000001
2022,Seth Martinez,HOU,27,1,1,2.09,29,0,38.2,0.4,3.32,3.92,1.03,8.84,3.26,0.7,0.245,0.09,0.232,0.8420000000000001,0.071
2022,Mike Baumann,BAL,26,1,3,4.72,13,4,34.1,0.4,3.87,4.29,1.51,6.03,2.36,0.79,0.154,0.06,0.357,0.703,0.083
2022,Jose Quijada,LAA,26,0,5,3.98,42,0,40.2,0.4,3.85,4.14,1.13,11.51,4.65,1.11,0.308,0.124,0.225,0.7070000000000001,0.096
2022,Packy Naughton,STL,26,0,2,4.78,26,3,32.0,0.4,3.14,3.36,1.44,8.72,1.97,0.84,0.22,0.05,0.364,0.701,0.09699999999999999
2022,Diego Castillo,SEA,28,7,3,3.64,59,0,54.1,0.3,3.68,3.85,1.14,8.78,3.64,0.83,0.239,0.099,0.25,0.649,0.1
2022,Erick Fedde,WSN,29,6,13,5.81,27,27,127.0,0.3,5.15,4.74,1.63,6.66,4.11,1.49,0.16399999999999998,0.10099999999999999,0.32,0.693,0.141
2022,Nick Sandlin,CLE,25,5,2,2.25,46,0,44.0,0.3,3.68,4.23,1.16,8.39,4.91,0.41,0.228,0.133,0.227,0.8009999999999999,0.059000000000000004
2022,James Kaprielian,OAK,28,5,9,4.23,26,26,134.0,0.3,4.63,5.06,1.34,6.58,3.96,1.07,0.17,0.102,0.263,0.72,0.08900000000000001
2022,Erasmo Ramirez,WSN,32,4,2,2.92,60,2,86.1,0.3,4.05,3.94,1.08,6.36,1.46,1.15,0.17600000000000002,0.04,0.267,0.813,0.122
2022,Steven Wilson,SDP,27,4,2,3.06,50,1,53.0,0.3,4.13,4.62,1.06,9.0,3.4,1.19,0.248,0.09300000000000001,0.221,0.7929999999999999,0.08900000000000001
2022,A.J. Puk,OAK,27,4,3,3.12,62,0,66.1,0.3,3.69,3.67,1.15,10.31,3.12,0.95,0.27,0.08199999999999999,0.279,0.774,0.115
2022,Carlos Estevez,COL,29,4,4,3.47,62,0,57.0,0.3,4.08,4.27,1.18,8.53,3.63,1.11,0.23,0.098,0.247,0.7040000000000001,0.10099999999999999
2022,Matt Strahm,BOS,30,4,4,3.83,50,0,44.2,0.3,3.72,4.02,1.23,10.48,3.43,1.01,0.26899999999999996,0.08800000000000001,0.289,0.679,0.094
2022,Kyle Hendricks,CHC,32,4,6,4.8,16,16,84.1,0.3,4.82,4.46,1.29,7.04,2.56,1.6,0.185,0.067,0.282,0.736,0.135
2022,Brad Hand,PHI,32,3,2,2.8,55,0,45.0,0.3,3.93,4.9,1.33,7.6,4.6,0.4,0.192,0.11599999999999999,0.271,0.759,0.043
2022,Seth Lugo,NYM,32,3,2,3.6,62,0,65.0,0.3,3.76,3.51,1.17,9.55,2.49,1.25,0.254,0.066,0.283,0.7979999999999999,0.132
2022,Jordan Hicks,STL,25,3,6,4.84,35,8,61.1,0.3,4.17,4.03,1.32,9.24,5.14,0.73,0.24,0.133,0.268,0.679,0.132
2022,Tanner Banks,CHW,30,2,0,3.06,35,0,53.0,0.3,3.57,3.6,1.13,8.32,3.06,0.85,0.226,0.083,0.257,0.667,0.111
2022,Tommy Nance,MIA,31,2,3,4.33,35,2,43.2,0.3,3.71,3.37,1.51,11.75,4.33,1.03,0.29100000000000004,0.107,0.367,0.762,0.147
2022,Manny Banuelos,- - -,31,2,1,4.39,35,0,41.0,0.3,3.45,3.98,1.29,9.22,4.61,0.44,0.24,0.12,0.28,0.62,0.063
2022,Dustin May,LAD,24,2,3,4.5,6,6,30.0,0.3,4.38,4.21,1.17,8.7,4.2,0.9,0.228,0.11,0.237,0.642,0.13
2022,Lou Trivino,- - -,30,2,8,4.53,64,0,53.2,0.3,3.63,3.34,1.64,11.24,4.02,1.01,0.268,0.096,0.389,0.73,0.14300000000000002
2022,Ken Waldichuk,OAK,24,2,2,4.93,7,7,34.2,0.3,4.3,4.26,1.21,8.57,2.6,1.3,0.226,0.068,0.287,0.6920000000000001,0.11599999999999999
2022,Austin Davis,- - -,29,2,1,5.79,52,3,56.0,0.3,4.02,4.66,1.61,10.29,5.3,0.8,0.242,0.125,0.331,0.636,0.07400000000000001
2022,Joel Kuhnel,CIN,27,2,3,6.36,53,0,58.0,0.3,3.96,3.52,1.4,8.69,2.17,1.24,0.22,0.055,0.343,0.602,0.151
2022,Jimmy Lambert,CHW,27,1,2,3.26,42,2,47.0,0.3,3.9,4.62,1.36,8.62,4.6,0.77,0.221,0.11800000000000001,0.277,0.7909999999999999,0.069
2022,Brett Martin,TEX,27,1,7,4.14,55,1,50.0,0.3,3.63,3.81,1.36,7.2,3.24,0.72,0.18899999999999997,0.085,0.307,0.657,0.098
2022,Victor Arano,WSN,27,1,1,4.5,43,0,42.0,0.3,3.71,3.46,1.4,9.43,2.57,1.07,0.235,0.064,0.344,0.589,0.135
2022,Garrett Richards,TEX,34,1,1,5.27,32,2,42.2,0.3,3.46,3.94,1.34,7.59,2.74,0.63,0.195,0.07,0.315,0.573,0.075
2022,Alex Faedo,DET,26,1,5,5.53,12,12,53.2,0.3,4.62,5.02,1.64,7.38,4.19,1.17,0.18,0.102,0.335,0.6940000000000001,0.092
2022,Ty Blach,COL,31,1,0,5.89,24,1,44.1,0.3,3.86,4.59,1.4,5.89,2.23,0.81,0.15,0.057,0.32,0.599,0.07
2022,Aaron Loup,LAA,34,0,5,3.84,65,0,58.2,0.3,3.76,4.11,1.3,7.98,3.38,0.61,0.2,0.085,0.287,0.5870000000000001,0.08199999999999999
2022,Mychal Givens,- - -,32,7,3,3.38,59,1,61.1,0.2,3.96,3.66,1.32,10.42,3.67,1.17,0.273,0.096,0.318,0.789,0.138
2022,Adrian Morejon,SDP,23,5,1,4.24,26,0,34.0,0.2,3.88,4.57,1.18,7.41,2.38,1.06,0.19899999999999998,0.064,0.273,0.65,0.078
2022,Matt Wisler,TBR,29,3,3,2.25,39,5,44.0,0.2,4.25,4.9,1.0,7.16,2.86,1.23,0.19899999999999998,0.08,0.198,0.73,0.083
2022,Joel Payamps,- - -,28,3,6,3.23,41,0,55.2,0.2,4.24,4.07,1.37,6.63,2.59,1.13,0.17,0.066,0.303,0.792,0.127
2022,Rony Garcia,DET,24,3,3,4.41,16,8,51.0,0.2,4.52,4.15,1.04,8.47,2.29,1.59,0.233,0.063,0.235,0.6759999999999999,0.136
2022,Zach Thompson,PIT,28,3,10,5.18,29,22,121.2,0.2,4.87,4.44,1.51,6.66,3.4,1.41,0.166,0.085,0.309,0.6920000000000001,0.145
2022,Aaron Sanchez,- - -,29,3,4,6.6,15,10,60.0,0.2,4.48,4.18,1.55,6.15,2.25,1.2,0.155,0.057,0.357,0.599,0.138
2022,Jeff Hoffman,CIN,29,2,0,3.83,35,1,44.2,0.2,4.3,5.06,1.41,9.07,4.63,1.01,0.228,0.11699999999999999,0.289,0.746,0.075
2022,Mark Leiter Jr.,CHC,31,2,7,3.99,35,4,67.2,0.2,4.29,3.62,1.14,9.71,3.33,1.33,0.259,0.08900000000000001,0.251,0.743,0.175
2022,Robert Stephenson,- - -,29,2,2,5.43,58,0,58.0,0.2,4.23,4.11,1.33,8.53,2.17,1.55,0.223,0.057,0.317,0.609,0.12
2022,Tanner Rainey,WSN,29,1,3,3.3,29,0,30.0,0.2,4.18,3.99,1.3,10.8,3.9,1.5,0.281,0.102,0.284,0.7190000000000001,0.125
2022,Konnor Pilkington,CLE,24,1,2,3.88,15,11,58.0,0.2,4.49,4.86,1.47,7.76,4.97,0.93,0.19399999999999998,0.124,0.28,0.725,0.09
2022,Matt Foster,CHW,27,1,2,4.4,48,0,45.0,0.2,4.11,4.39,1.33,8.4,3.4,1.2,0.218,0.08800000000000001,0.289,0.6779999999999999,0.098
2022,Dinelson Lamet,- - -,29,1,2,6.12,32,0,32.1,0.2,4.07,3.93,1.52,12.53,5.29,1.11,0.302,0.128,0.338,0.633,0.125
2022,Cole Ragans,TEX,24,0,3,4.95,9,9,40.0,0.2,4.91,4.85,1.48,6.08,3.6,1.35,0.155,0.092,0.296,0.6920000000000001,0.11800000000000001
2022,Carl Edwards Jr.,WSN,30,6,3,2.76,57,0,62.0,0.1,4.24,4.09,1.23,8.13,3.63,1.16,0.21899999999999997,0.098,0.259,0.836,0.125
2022,Ryan Tepera,LAA,34,5,4,3.61,59,0,57.1,0.1,4.21,4.25,1.08,7.38,3.14,1.1,0.203,0.086,0.224,0.6829999999999999,0.111
2022,Luis Cessa,CIN,30,4,4,4.57,46,10,80.2,0.1,5.02,4.29,1.29,6.58,3.12,1.56,0.17600000000000002,0.083,0.266,0.718,0.16899999999999998
2022,Josh Winder,MIN,25,4,6,4.7,15,11,67.0,0.1,4.87,4.9,1.3,6.31,2.42,1.48,0.16399999999999998,0.063,0.282,0.718,0.11199999999999999
2022,Beau Brieske,DET,24,3,6,4.19,15,15,81.2,0.1,4.97,4.78,1.2,5.95,2.76,1.54,0.159,0.07400000000000001,0.241,0.7559999999999999,0.125
2022,Ryan Yarbrough,TBR,30,3,8,4.5,20,9,80.0,0.1,4.77,4.75,1.38,6.86,2.48,1.35,0.172,0.062,0.305,0.7390000000000001,0.115
2022,Drew Hutchison,DET,31,3,9,4.53,28,18,105.1,0.1,4.93,4.93,1.48,5.81,3.59,1.28,0.147,0.091,0.294,0.73,0.114
2022,Mark Melancon,ARI,37,3,10,4.66,62,0,56.0,0.1,4.2,4.63,1.5,5.63,3.38,0.8,0.142,0.085,0.314,0.615,0.083
2022,Trevor Richards,TOR,29,3,2,5.34,62,4,64.0,0.1,4.07,4.0,1.44,11.53,4.92,1.27,0.292,0.125,0.312,0.647,0.11800000000000001
2022,Humberto Castellanos,ARI,24,3,2,5.68,11,9,44.1,0.1,4.8,4.69,1.4,6.5,2.44,1.42,0.165,0.062,0.309,0.6579999999999999,0.121
2022,Josh Staumont,KCR,28,3,3,6.45,42,0,37.2,0.1,4.25,4.99,1.75,10.27,6.93,0.72,0.244,0.165,0.34,0.621,0.067
2022,David Price,LAD,36,2,0,2.45,40,0,40.1,0.1,3.88,3.23,1.17,8.26,2.01,1.34,0.222,0.054000000000000006,0.278,0.9329999999999999,0.171
2022,Matt Bush,- - -,36,2,3,3.47,65,6,59.2,0.1,4.08,3.28,1.02,11.16,2.72,1.66,0.303,0.07400000000000001,0.232,0.679,0.172
2022,Reyes Moronta,- - -,29,2,2,4.3,39,0,37.2,0.1,4.41,4.81,1.27,9.08,4.3,1.19,0.23600000000000002,0.11199999999999999,0.255,0.698,0.09300000000000001
2022,Phil Bickford,LAD,26,2,1,4.72,60,0,61.0,0.1,4.26,3.57,1.1,9.89,2.07,1.77,0.271,0.057,0.27,0.69,0.156
2022,Zack Thompson,STL,24,1,1,2.08,22,1,34.2,0.1,3.89,3.96,0.98,7.01,3.63,0.78,0.19899999999999998,0.10300000000000001,0.185,0.8390000000000001,0.107
2022,Daniel Castano,MIA,27,1,3,4.04,10,7,35.2,0.1,4.74,4.37,1.43,5.05,2.27,1.26,0.128,0.057999999999999996,0.308,0.7170000000000001,0.14300000000000002
2022,Joan Adon,WSN,23,1,12,7.1,14,14,64.2,0.1,5.11,5.06,1.78,7.65,5.43,1.11,0.177,0.126,0.337,0.619,0.11800000000000001
2022,Matt Barnes,BOS,32,0,4,4.31,44,0,39.2,0.1,3.87,4.97,1.44,7.71,4.76,0.45,0.193,0.11900000000000001,0.293,0.664,0.043
2022,Jordan Weems,WSN,29,0,1,5.22,32,0,39.2,0.1,4.25,3.97,1.18,9.3,2.72,1.59,0.247,0.07200000000000001,0.264,0.618,0.13
2022,Tim Mayza,TOR,30,8,1,3.14,63,0,48.2,0.0,3.98,2.93,1.11,8.14,2.22,1.29,0.228,0.062,0.271,0.7959999999999999,0.259
2022,Glenn Otto,TEX,26,7,10,4.64,27,27,135.2,0.0,5.21,4.82,1.33,7.1,4.11,1.39,0.182,0.106,0.255,0.7290000000000001,0.141
2022,Steven Okert,MIA,30,5,5,2.98,60,0,51.1,0.0,4.36,4.14,1.17,11.05,4.56,1.23,0.285,0.11800000000000001,0.229,0.8390000000000001,0.13
2022,Josh Winckowski,BOS,24,5,7,5.89,15,14,70.1,0.0,4.95,4.61,1.59,5.63,3.45,1.28,0.139,0.085,0.322,0.67,0.139
2022,Domingo Acevedo,OAK,28,4,4,3.33,70,0,67.2,0.0,4.01,3.88,0.99,7.71,2.26,1.2,0.218,0.064,0.229,0.767,0.12300000000000001
2022,Jose Cuas,KCR,28,4,2,3.58,47,0,37.2,0.0,4.39,4.88,1.67,8.12,5.73,0.48,0.18899999999999997,0.133,0.325,0.77,0.067
2022,Dominic Leone,SFG,30,4,5,4.01,55,0,49.1,0.0,4.04,4.11,1.6,9.49,4.38,1.09,0.23399999999999999,0.10800000000000001,0.35,0.779,0.109
2022,Rowan Wick,CHC,29,4,7,4.22,64,0,64.0,0.0,4.19,3.7,1.69,9.7,4.08,1.27,0.235,0.099,0.376,0.747,0.155
2022,Reiver Sanmartin,CIN,26,4,4,6.32,45,4,57.0,0.0,4.81,4.39,1.67,7.42,4.58,1.26,0.184,0.113,0.337,0.621,0.14800000000000002
2022,Jaime Barria,LAA,25,3,3,2.61,35,1,79.1,0.0,4.39,4.39,1.03,6.13,2.16,1.25,0.171,0.06,0.227,0.805,0.113
2022,Drew Smith,NYM,28,3,3,3.33,44,0,46.0,0.0,4.33,3.72,1.15,10.37,2.93,1.76,0.28300000000000003,0.08,0.264,0.8909999999999999,0.15
2022,Corey Knebel,PHI,30,3,5,3.43,46,0,44.2,0.0,4.46,4.85,1.37,8.26,5.64,0.81,0.21100000000000002,0.14400000000000002,0.244,0.7140000000000001,0.085
2022,Michael Rucker,CHC,28,3,1,3.95,41,0,54.2,0.0,4.28,4.09,1.28,8.23,3.29,1.32,0.218,0.087,0.278,0.765,0.127
2022,Hunter Strickland,CIN,33,3,3,4.91,66,0,62.1,0.0,4.78,4.96,1.51,8.66,4.76,1.16,0.21100000000000002,0.11599999999999999,0.301,0.713,0.10300000000000001
2022,Wily Peralta,DET,33,2,0,2.58,28,1,38.1,0.0,4.08,4.79,1.51,7.51,5.63,0.47,0.19,0.14300000000000002,0.294,0.836,0.055999999999999994
2022,Sam Moll,OAK,30,2,1,2.91,53,0,43.1,0.0,4.22,4.05,1.27,9.55,4.57,1.04,0.24600000000000002,0.11800000000000001,0.252,0.8240000000000001,0.128
2022,Jonathan Hernandez,TEX,25,2,3,2.97,29,0,30.1,0.0,3.97,3.99,1.42,8.01,5.04,0.59,0.20600000000000002,0.13,0.286,0.728,0.111
2022,Jack Flaherty,STL,26,2,1,4.25,9,8,36.0,0.0,4.97,4.93,1.61,8.25,5.5,1.0,0.198,0.132,0.311,0.784,0.11800000000000001
2022,Cristopher Sanchez,PHI,25,2,2,5.63,15,3,40.0,0.0,4.56,4.2,1.38,7.88,3.83,1.13,0.198,0.096,0.284,0.654,0.147
2022,Matthew Liberatore,STL,22,2,2,5.97,9,7,34.2,0.0,5.02,4.93,1.73,7.27,4.67,1.3,0.174,0.11199999999999999,0.339,0.7040000000000001,0.11900000000000001
2022,Huascar Brazoban,MIA,32,1,1,3.09,27,0,32.0,0.0,3.99,3.93,1.47,11.25,5.91,0.84,0.284,0.149,0.307,0.804,0.12
2022,Hirokazu Sawamura,BOS,34,1,1,3.73,49,0,50.2,0.0,4.16,4.51,1.42,7.11,4.8,0.71,0.18100000000000002,0.122,0.273,0.738,0.085
2022,John King,TEX,27,1,4,4.03,39,0,51.1,0.0,4.09,3.66,1.46,5.26,2.45,0.88,0.135,0.063,0.326,0.71,0.172
2022,Marco Gonzales,SEA,30,10,15,4.13,32,32,183.0,-0.1,5.05,4.9,1.33,5.07,2.46,1.48,0.132,0.064,0.277,0.737,0.12300000000000001
2022,Wil Crowe,PIT,27,6,10,4.38,60,1,76.0,-0.1,4.31,4.29,1.39,8.05,4.5,0.95,0.205,0.114,0.279,0.706,0.11599999999999999
2022,Devin Smeltzer,MIN,26,5,2,3.71,15,12,70.1,-0.1,5.23,4.97,1.22,5.12,2.43,1.66,0.139,0.066,0.252,0.828,0.127
2022,Dillon Peters,PIT,29,5,2,4.58,22,4,39.1,-0.1,4.74,4.89,1.32,5.95,3.89,1.14,0.158,0.10300000000000001,0.256,0.711,0.10400000000000001
2022,Emilio Pagan,MIN,31,4,6,4.43,59,0,63.0,-0.1,4.21,3.26,1.37,12.0,3.71,1.71,0.307,0.095,0.318,0.726,0.185
2022,Tyler Alexander,DET,27,4,11,4.81,27,17,101.0,-0.1,4.99,4.77,1.32,5.44,2.23,1.6,0.14300000000000002,0.059000000000000004,0.28,0.6990000000000001,0.126
2022,Collin Snider,KCR,26,4,2,6.55,42,0,34.1,-0.1,4.45,4.48,1.6,5.77,3.93,0.79,0.146,0.099,0.339,0.606,0.111
2022,Ryan Pepiot,LAD,24,3,0,3.47,9,7,36.1,-0.1,5.42,5.31,1.46,10.4,6.69,1.49,0.263,0.16899999999999998,0.244,0.861,0.12
2022,Trevor Gott,MIL,29,3,4,4.14,45,0,45.2,-0.1,4.45,3.82,1.03,8.67,2.36,1.58,0.237,0.065,0.227,0.644,0.157
2022,Andrew Wantz,LAA,26,2,1,3.22,42,1,50.1,-0.1,4.48,4.39,1.15,9.3,3.75,1.43,0.255,0.10300000000000001,0.24,0.84,0.11900000000000001
2022,Albert Abreu,- - -,26,2,2,3.26,33,0,38.2,-0.1,4.77,4.31,1.47,8.84,5.12,1.16,0.221,0.128,0.288,0.8490000000000001,0.156
2022,Andres Machado,WSN,29,2,0,3.34,51,0,59.1,-0.1,4.51,4.55,1.37,6.98,3.94,1.06,0.17600000000000002,0.1,0.267,0.6970000000000001,0.111
2022,Alex Colome,COL,33,2,7,5.74,53,0,47.0,-0.1,4.54,4.54,1.68,6.13,4.21,0.96,0.149,0.102,0.333,0.597,0.114
2022,Josh Fleming,TBR,26,2,5,6.43,10,3,35.0,-0.1,4.43,3.58,1.89,7.46,3.09,1.29,0.172,0.071,0.402,0.517,0.20800000000000002
2022,Jarlin Garcia,SFG,29,1,4,3.74,58,0,65.0,-0.1,4.27,4.25,1.2,7.75,2.49,1.38,0.207,0.067,0.27,0.6920000000000001,0.115
2022,Jose Ruiz,CHW,27,1,0,4.6,63,0,60.2,-0.1,4.43,4.14,1.42,10.09,4.9,1.34,0.257,0.125,0.284,0.736,0.134
2022,Cole Sulser,MIA,32,1,4,5.29,39,0,34.0,-0.1,4.58,3.73,1.62,10.06,4.24,1.59,0.255,0.107,0.371,0.687,0.182
2022,Yunior Marte,SFG,27,1,1,5.44,39,0,48.0,-0.1,4.38,4.32,1.44,8.25,4.13,0.94,0.20600000000000002,0.10300000000000001,0.307,0.632,0.11900000000000001
2022,Jake McGee,- - -,35,1,3,6.81,42,0,37.0,-0.1,4.84,5.53,1.43,6.08,2.92,1.46,0.153,0.07400000000000001,0.292,0.5379999999999999,0.086
2022,Phil Maton,HOU,29,0,2,3.84,67,0,65.2,-0.1,4.33,3.82,1.25,10.01,3.29,1.37,0.26,0.085,0.289,0.737,0.154
2022,Trent Thornton,TOR,28,0,2,4.11,32,0,46.0,-0.1,4.66,4.48,1.24,7.24,3.33,1.37,0.196,0.09,0.26,0.768,0.125
2022,Cole Sands,MIN,24,0,3,5.87,11,3,30.2,-0.1,4.74,5.03,1.57,8.22,3.82,1.17,0.193,0.09,0.326,0.675,0.098
2022,Max Castillo,- - -,23,0,2,5.95,14,6,39.1,-0.1,5.17,4.07,1.35,8.47,3.43,1.83,0.218,0.08800000000000001,0.278,0.616,0.195
2022,Carlos Hernandez,KCR,25,0,5,7.39,27,7,56.0,-0.1,5.2,5.72,1.84,5.63,4.98,1.13,0.132,0.11699999999999999,0.339,0.594,0.086
2022,Chase De Jong,PIT,28,6,3,2.64,42,0,71.2,-0.2,4.74,4.96,1.14,7.41,3.77,1.26,0.201,0.102,0.222,0.863,0.102
2022,Brent Suter,MIL,32,5,3,3.78,54,0,66.2,-0.2,4.4,4.18,1.2,7.16,2.97,1.22,0.195,0.081,0.265,0.7240000000000001,0.13
2022,Tyler Matzek,ATL,31,4,2,3.5,42,0,43.2,-0.2,4.49,5.59,1.26,7.42,5.98,0.62,0.196,0.158,0.202,0.682,0.051
2022,Colin Poche,TBR,28,4,2,3.99,65,0,58.2,-0.2,4.54,4.05,1.16,9.82,3.38,1.69,0.261,0.09,0.238,0.728,0.14300000000000002
2022,Anibal Sanchez,WSN,38,4,6,4.28,14,14,69.1,-0.2,5.77,5.27,1.27,6.23,4.28,1.69,0.16399999999999998,0.113,0.216,0.7859999999999999,0.14300000000000002
2022,Aroldis Chapman,NYY,34,4,4,4.46,43,0,36.1,-0.2,4.57,4.77,1.43,10.65,6.94,0.99,0.26899999999999996,0.175,0.238,0.738,0.1
2022,Yohan Ramirez,- - -,27,4,1,4.58,30,0,37.1,-0.2,4.88,4.72,1.39,7.71,4.82,0.96,0.192,0.12,0.267,0.7440000000000001,0.129
2022,Jhoulys Chacin,COL,34,4,2,7.61,35,0,47.1,-0.2,4.93,4.88,1.61,7.04,3.99,1.33,0.16899999999999998,0.096,0.316,0.499,0.11699999999999999
2022,Garrett Hill,DET,26,3,3,4.03,17,8,60.1,-0.2,5.15,5.56,1.36,5.97,4.33,1.19,0.152,0.11,0.247,0.762,0.092
2022,Bryse Wilson,PIT,24,3,9,5.52,25,20,115.2,-0.2,5.06,4.54,1.42,6.15,2.49,1.56,0.155,0.063,0.304,0.6409999999999999,0.14800000000000002
2022,Matt Festa,SEA,29,2,0,4.17,53,0,54.0,-0.2,4.26,3.47,1.13,10.67,3.0,1.67,0.292,0.08199999999999999,0.264,0.755,0.16899999999999998
2022,Art Warren,CIN,29,2,3,6.5,39,0,36.0,-0.2,5.06,4.58,1.64,10.0,5.5,1.5,0.242,0.133,0.326,0.608,0.146
2022,Oliver Ortega,LAA,25,1,3,3.71,27,0,34.0,-0.2,4.76,3.94,1.47,8.74,4.76,1.32,0.223,0.122,0.297,0.75,0.2
2022,Jared Koenig,OAK,28,1,3,5.72,10,5,39.1,-0.2,4.84,5.18,1.4,5.03,3.43,0.92,0.124,0.085,0.275,0.643,0.091
2022,Will Smith,- - -,32,0,3,3.97,65,0,59.0,-0.2,4.26,4.14,1.41,9.92,3.81,1.37,0.249,0.096,0.306,0.691,0.122
2022,Paolo Espino,WSN,35,0,9,4.84,42,19,113.1,-0.2,4.93,4.14,1.37,7.31,1.91,1.91,0.18899999999999997,0.049,0.31,0.754,0.16
2022,Joey Krehbiel,BAL,29,5,5,3.9,56,0,57.2,-0.3,4.67,4.34,1.23,7.02,2.81,1.4,0.184,0.07400000000000001,0.26,0.7490000000000001,0.136
2022,Jharel Cotton,- - -,30,4,2,3.56,30,0,43.0,-0.3,4.95,4.93,1.26,8.16,4.19,1.47,0.215,0.11,0.239,0.779,0.115
2022,Adrian Martinez,OAK,25,4,6,6.24,12,12,57.2,-0.3,5.35,4.11,1.53,8.27,2.97,2.03,0.205,0.073,0.327,0.6729999999999999,0.19699999999999998
2022,Joe Barlow,TEX,26,3,1,3.86,35,0,35.0,-0.3,4.83,4.87,1.14,7.2,3.34,1.29,0.192,0.08900000000000001,0.229,0.703,0.111
2022,Zack Littell,SFG,26,3,3,5.08,39,0,44.1,-0.3,4.65,4.14,1.38,7.92,2.64,1.62,0.205,0.068,0.31,0.728,0.145
2022,Brandon Hughes,CHC,26,2,3,3.12,57,0,57.2,-0.3,4.64,3.78,1.09,10.61,3.28,1.72,0.285,0.08800000000000001,0.233,0.877,0.175
2022,Ralph Garza,TBR,28,2,2,3.34,19,0,35.0,-0.3,5.17,5.29,1.54,4.37,4.11,1.03,0.111,0.105,0.298,0.833,0.105
2022,Jake Bird,COL,26,2,4,4.91,38,0,47.2,-0.3,4.96,4.11,1.43,7.93,4.34,1.32,0.19899999999999998,0.109,0.281,0.691,0.20600000000000002
2022,Tyler Beede,- - -,29,2,5,5.14,31,5,61.1,-0.3,4.99,5.12,1.63,5.72,4.26,1.03,0.13699999999999998,0.102,0.312,0.7140000000000001,0.10400000000000001
2022,Jason Alexander,MIL,29,2,3,5.4,18,11,71.2,-0.3,5.34,4.53,1.62,5.78,3.52,1.51,0.14300000000000002,0.087,0.329,0.7070000000000001,0.182
2022,Jeurys Familia,- - -,32,2,3,6.09,48,0,44.1,-0.3,4.94,4.29,1.8,8.32,4.47,1.42,0.201,0.10800000000000001,0.386,0.665,0.16699999999999998
2022,Tucker Davidson,- - -,26,2,7,6.75,12,11,52.0,-0.3,5.79,5.83,1.71,5.71,6.06,1.21,0.136,0.14400000000000002,0.285,0.645,0.111
2022,Dallas Keuchel,- - -,34,2,9,9.2,14,14,60.2,-0.3,5.52,4.72,2.06,6.68,4.6,1.63,0.149,0.102,0.384,0.511,0.172
2022,Sam Long,SFG,26,1,3,3.61,28,6,42.1,-0.3,5.07,4.68,1.25,7.02,2.98,1.7,0.182,0.077,0.248,0.7240000000000001,0.136
2022,Steve Cishek,WSN,36,1,4,4.21,69,0,66.1,-0.3,4.85,4.16,1.22,10.04,3.66,1.49,0.258,0.094,0.265,0.7759999999999999,0.16699999999999998
2022,Kirby Snead,OAK,27,1,1,5.84,46,0,44.2,-0.3,4.61,5.11,1.75,7.05,4.43,1.01,0.16699999999999998,0.105,0.349,0.6709999999999999,0.085
2022,Austin Pruitt,OAK,32,0,1,4.23,39,1,55.1,-0.3,4.87,4.18,1.03,6.18,1.46,1.79,0.17,0.04,0.224,0.6809999999999999,0.155
2022,Dauri Moreta,CIN,26,0,2,5.4,35,1,38.1,-0.3,5.8,4.38,1.17,9.16,3.05,2.35,0.244,0.081,0.234,0.7140000000000001,0.196
2022,T.J. McFarland,STL,33,0,0,6.61,28,0,32.2,-0.3,5.32,4.69,1.62,4.41,3.03,1.38,0.11,0.076,0.333,0.604,0.16699999999999998
2022,Jonathan Heasley,KCR,25,4,10,5.28,21,21,104.0,-0.4,5.67,5.49,1.49,6.06,4.07,1.64,0.151,0.10099999999999999,0.276,0.6990000000000001,0.12300000000000001
2022,Mike Minor,CIN,34,4,12,6.06,19,19,98.0,-0.4,6.18,5.21,1.63,6.98,3.67,2.2,0.16699999999999998,0.08800000000000001,0.312,0.7120000000000001,0.16399999999999998
2022,Tyler Danish,BOS,27,3,1,5.13,32,0,40.1,-0.4,4.97,4.11,1.29,7.14,2.68,1.56,0.185,0.069,0.28,0.693,0.184
2022,Tommy Henry,ARI,24,3,4,5.36,9,9,47.0,-0.4,5.88,4.97,1.45,6.89,4.02,1.91,0.17600000000000002,0.102,0.274,0.754,0.16899999999999998
2022,Zach Logue,OAK,26,3,8,6.79,14,10,57.0,-0.4,5.76,5.32,1.54,6.63,3.16,2.05,0.163,0.078,0.306,0.6409999999999999,0.134
2022,Tyler Duffey,MIN,31,2,4,4.91,40,0,44.0,-0.4,4.79,3.57,1.36,7.98,3.07,1.64,0.21100000000000002,0.081,0.303,0.743,0.235
2022,Daniel Norris,- - -,29,2,4,5.22,41,3,58.2,-0.4,5.14,3.99,1.26,10.13,4.45,1.69,0.264,0.11599999999999999,0.248,0.64,0.21600000000000003
2022,Michael Pineda,DET,33,2,7,5.79,11,11,46.2,-0.4,6.13,4.8,1.41,5.01,1.54,2.51,0.13,0.04,0.294,0.732,0.18100000000000002
2022,Craig Stammen,SDP,38,1,2,4.43,33,1,40.2,-0.4,5.15,3.7,1.35,7.75,2.21,1.99,0.198,0.055999999999999994,0.298,0.7879999999999999,0.231
2022,Vladimir Gutierrez,CIN,26,1,6,7.61,10,8,36.2,-0.4,6.82,6.29,1.91,7.12,5.89,1.96,0.162,0.134,0.339,0.6940000000000001,0.14
2022,Tyler Gilbert,ARI,28,0,3,5.24,8,7,34.1,-0.4,5.94,5.15,1.25,5.24,2.62,2.1,0.13699999999999998,0.068,0.234,0.701,0.154
2022,Bryan Shaw,CLE,34,6,2,5.4,60,2,58.1,-0.5,4.88,4.34,1.44,8.02,4.01,1.39,0.19899999999999998,0.1,0.288,0.6629999999999999,0.155
2022,Cory Abbott,WSN,26,0,5,5.25,16,9,48.0,-0.5,6.36,5.7,1.44,8.44,4.69,2.25,0.20800000000000002,0.11599999999999999,0.248,0.769,0.14300000000000002
2022,Jake Diekman,- - -,35,5,4,4.99,70,0,57.2,-0.6,5.0,4.33,1.63,12.33,6.55,1.4,0.294,0.156,0.328,0.6940000000000001,0.17
2022,Josiah Gray,WSN,24,7,10,5.02,28,28,148.2,-0.7,5.86,4.57,1.36,9.32,4.0,2.3,0.237,0.102,0.256,0.804,0.18600000000000003
2022,Noe Ramirez,ARI,32,5,4,5.22,55,0,50.0,-0.7,5.15,4.44,1.42,9.18,4.68,1.62,0.237,0.121,0.286,0.684,0.16399999999999998
2022,Spencer Howard,TEX,25,2,4,7.41,10,8,37.2,-0.7,6.83,4.81,1.73,7.65,3.58,2.87,0.179,0.084,0.319,0.6709999999999999,0.222
2022,Justin Dunn,CIN,26,1,3,6.1,7,7,31.0,-0.7,8.31,5.99,1.58,6.1,4.94,3.19,0.152,0.12300000000000001,0.244,0.847,0.22899999999999998
2022,Kirk McCarty,CLE,26,4,3,4.54,13,2,37.2,-0.8,6.64,4.85,1.33,6.21,3.11,2.63,0.16399999999999998,0.08199999999999999,0.241,0.787,0.21600000000000003
2022,Genesis Cabrera,STL,25,4,2,4.63,39,0,44.2,-0.8,5.62,4.88,1.32,6.45,4.03,1.61,0.165,0.10300000000000001,0.238,0.753,0.16699999999999998
2022,Elieser Hernandez,MIA,27,3,6,6.35,20,10,62.1,-0.8,6.4,5.05,1.43,8.66,3.18,2.74,0.21600000000000003,0.079,0.277,0.6779999999999999,0.17300000000000001
2022,Matt Swarmer,CHC,28,2,3,5.03,11,5,34.0,-0.8,7.35,4.68,1.56,9.53,5.29,3.18,0.235,0.131,0.247,0.746,0.273
2022,Bruce Zimmermann,BAL,27,2,5,5.99,15,13,73.2,-0.8,6.06,4.42,1.48,5.99,1.47,2.57,0.153,0.038,0.322,0.723,0.204
2022,Caleb Smith,ARI,30,1,3,4.11,44,1,70.0,-0.8,5.57,5.15,1.37,8.36,5.01,1.8,0.215,0.129,0.235,0.8009999999999999,0.136
2022,Yusei Kikuchi,TOR,31,6,7,5.19,32,20,100.2,-0.9,5.62,4.07,1.5,11.09,5.19,2.06,0.273,0.128,0.292,0.728,0.237
2022,Mike Mayers,LAA,30,1,1,5.68,24,3,50.2,-0.9,6.37,4.62,1.38,7.99,3.2,2.66,0.20199999999999999,0.081,0.259,0.725,0.20800000000000002
2022,Ian Kennedy,ARI,37,4,7,5.36,57,0,50.1,-1.0,5.58,5.06,1.57,7.87,3.93,1.97,0.19,0.095,0.299,0.728,0.139
2022,Adam Oller,OAK,27,2,8,6.3,19,14,74.1,-1.1,6.5,6.06,1.63,5.57,4.72,2.06,0.136,0.11599999999999999,0.279,0.685,0.134
2023,Zack Wheeler,PHI,33,13,6,3.61,32,32,192.0,5.9,3.15,3.54,1.08,9.94,1.83,0.94,0.26899999999999996,0.05,0.292,0.713,0.099
2023,Spencer Strider,ATL,24,20,5,3.86,32,32,186.2,5.5,2.85,2.92,1.09,13.55,2.8,1.06,0.368,0.076,0.316,0.703,0.122
2023,Sonny Gray,MIN,33,8,8,2.79,32,32,184.0,5.4,2.83,3.64,1.15,8.95,2.69,0.39,0.243,0.073,0.295,0.768,0.052000000000000005
2023,Gerrit Cole,NYY,32,15,4,2.63,33,33,209.0,5.3,3.16,3.6,0.98,9.56,2.07,0.86,0.27,0.057999999999999996,0.261,0.804,0.094
2023,Kevin Gausman,TOR,32,12,9,3.16,31,31,185.0,5.3,2.97,3.22,1.18,11.53,2.68,0.92,0.311,0.07200000000000001,0.321,0.7659999999999999,0.107
2023,Zac Gallen,ARI,27,17,9,3.47,34,34,210.0,5.2,3.26,3.49,1.12,9.43,2.01,0.94,0.26,0.055999999999999994,0.301,0.731,0.109
2023,Zach Eflin,TBR,29,16,8,3.5,31,31,177.2,4.9,3.01,3.12,1.02,9.42,1.22,0.96,0.265,0.034,0.295,0.732,0.11699999999999999
2023,Logan Webb,SFG,26,11,13,3.25,33,33,216.0,4.9,3.16,2.95,1.07,8.08,1.29,0.83,0.228,0.036000000000000004,0.302,0.737,0.154
2023,Justin Steele,CHC,27,16,5,3.06,30,30,173.1,4.8,3.02,3.32,1.17,9.14,1.87,0.73,0.24600000000000002,0.05,0.317,0.73,0.099
2023,Pablo Lopez,MIN,27,11,8,3.66,32,32,194.0,4.6,3.33,3.28,1.15,10.86,2.23,1.11,0.292,0.06,0.313,0.762,0.131
2023,Framber Valdez,HOU,29,12,11,3.45,31,31,198.0,4.4,3.5,3.39,1.13,9.09,2.59,0.86,0.248,0.071,0.282,0.7120000000000001,0.14
2023,George Kirby,SEA,25,13,10,3.35,31,31,190.2,4.2,3.34,3.63,1.04,8.12,0.9,1.04,0.22699999999999998,0.025,0.292,0.7509999999999999,0.107
2023,Jordan Montgomery,- - -,30,10,11,3.2,32,32,188.2,4.2,3.56,4.01,1.19,7.92,2.29,0.86,0.214,0.062,0.294,0.7559999999999999,0.09300000000000001
2023,Blake Snell,SDP,30,14,9,2.25,32,32,180.0,4.1,3.44,3.62,1.19,11.7,4.95,0.75,0.315,0.133,0.256,0.867,0.109
2023,Kyle Bradish,BAL,26,12,7,2.83,30,30,168.2,3.9,3.27,3.53,1.04,8.96,2.35,0.75,0.25,0.066,0.27,0.7909999999999999,0.102
2023,Aaron Nola,PHI,30,12,9,4.46,32,32,193.2,3.8,4.03,3.63,1.15,9.39,2.09,1.49,0.255,0.057,0.285,0.664,0.156
2023,Jesus Luzardo,MIA,25,10,10,3.58,32,32,178.2,3.8,3.55,3.72,1.21,10.48,2.77,1.11,0.281,0.07400000000000001,0.311,0.7490000000000001,0.115
2023,Dylan Cease,CHW,27,7,9,4.58,33,33,177.0,3.6,3.72,4.08,1.42,10.88,4.02,0.97,0.273,0.10099999999999999,0.33,0.6940000000000001,0.102
2023,Justin Verlander,- - -,40,13,8,3.22,27,27,162.1,3.4,3.85,4.56,1.13,7.98,2.49,1.0,0.215,0.067,0.265,0.769,0.085
2023,Kodai Senga,NYM,30,12,7,2.98,29,29,166.1,3.4,3.63,3.77,1.22,10.93,4.17,0.92,0.29100000000000004,0.111,0.277,0.8029999999999999,0.11599999999999999
2023,Corbin Burnes,MIL,28,10,8,3.39,32,32,193.2,3.4,3.81,3.8,1.07,9.29,3.07,1.02,0.255,0.084,0.244,0.7490000000000001,0.128
2023,Luis Castillo,SEA,30,14,9,3.34,33,33,197.0,3.3,3.81,3.81,1.1,10.01,2.56,1.28,0.273,0.07,0.267,0.77,0.127
2023,Tarik Skubal,DET,26,7,3,2.8,15,15,80.1,3.3,2.0,2.56,0.9,11.43,1.57,0.45,0.32899999999999996,0.045,0.289,0.677,0.068
2023,Mitch Keller,PIT,27,13,9,4.21,32,32,194.1,3.2,3.8,3.7,1.25,9.73,2.55,1.16,0.255,0.067,0.31,0.7170000000000001,0.135
2023,Merrill Kelly,ARI,34,12,8,3.29,30,30,177.2,3.2,3.85,3.83,1.19,9.47,3.5,1.01,0.259,0.096,0.278,0.7709999999999999,0.128
2023,Tyler Glasnow,TBR,29,10,7,3.53,21,21,120.0,3.2,2.91,2.75,1.08,12.15,2.78,0.98,0.33399999999999996,0.076,0.294,0.7,0.14400000000000002
2023,Eduardo Rodriguez,DET,30,13,9,3.3,26,26,152.2,3.1,3.66,4.06,1.15,8.43,2.83,0.88,0.23,0.077,0.274,0.759,0.09699999999999999
2023,Braxton Garrett,MIA,25,9,7,3.66,31,30,159.2,3.1,3.68,3.42,1.15,8.79,1.63,1.13,0.237,0.044000000000000004,0.302,0.759,0.152
2023,Logan Gilbert,SEA,26,13,7,3.73,32,32,190.2,3.0,3.85,3.76,1.08,8.92,1.7,1.37,0.245,0.047,0.272,0.7509999999999999,0.133
2023,Freddy Peralta,MIL,27,12,10,3.86,30,30,165.2,3.0,3.85,3.42,1.12,11.41,2.93,1.41,0.309,0.079,0.273,0.737,0.16
2023,Tanner Bibee,CLE,24,10,4,2.98,25,25,142.0,3.0,3.52,4.22,1.18,8.94,2.85,0.82,0.24100000000000002,0.077,0.286,0.8,0.08
2023,Miles Mikolas,STL,34,9,13,4.78,35,35,201.1,3.0,4.27,4.76,1.32,6.12,1.74,1.16,0.159,0.045,0.308,0.6890000000000001,0.098
2023,Sandy Alcantara,MIA,27,7,12,4.14,28,28,184.2,3.0,4.03,4.0,1.21,7.36,2.34,1.07,0.198,0.063,0.287,0.696,0.129
2023,Jose Berrios,TOR,29,11,12,3.65,32,32,189.2,2.9,3.99,4.01,1.19,8.73,2.47,1.19,0.235,0.066,0.289,0.764,0.126
2023,Bobby Miller,LAD,24,11,4,3.76,22,22,124.1,2.9,3.51,3.75,1.1,8.61,2.32,0.87,0.23600000000000002,0.063,0.277,0.713,0.107
2023,Seth Lugo,SDP,33,8,7,3.57,26,26,146.1,2.9,3.83,3.76,1.2,8.61,2.21,1.17,0.23199999999999998,0.06,0.298,0.768,0.133
2023,Tanner Scott,MIA,28,9,5,2.31,74,0,78.0,2.8,2.17,2.66,0.99,12.0,2.77,0.35,0.33899999999999997,0.078,0.291,0.768,0.064
2023,Felix Bautista,BAL,28,8,2,1.48,56,0,61.0,2.8,1.88,2.3,0.92,16.23,3.84,0.59,0.46399999999999997,0.11,0.274,0.84,0.085
2023,Kyle Gibson,BAL,35,15,9,4.73,33,33,192.0,2.7,4.13,4.13,1.32,7.36,2.58,1.08,0.195,0.068,0.309,0.6970000000000001,0.127
2023,Charlie Morton,ATL,39,14,12,3.64,30,30,163.1,2.7,3.87,4.27,1.43,10.08,4.57,0.77,0.256,0.11599999999999999,0.321,0.7759999999999999,0.094
2023,Marcus Stroman,CHC,32,10,9,3.95,27,25,136.2,2.7,3.58,3.79,1.26,7.84,3.42,0.59,0.207,0.09,0.283,0.659,0.102
2023,Kyle Hendricks,CHC,33,6,8,3.74,24,24,137.0,2.7,3.81,4.42,1.2,6.11,1.77,0.85,0.161,0.047,0.283,0.67,0.085
2023,Chris Bassitt,TOR,34,16,8,3.6,33,33,200.0,2.6,4.28,4.21,1.18,8.37,2.66,1.26,0.225,0.071,0.274,0.765,0.132
2023,Michael Wacha,SDP,31,14,4,3.22,24,24,134.1,2.6,3.89,4.47,1.16,8.31,2.88,1.0,0.22399999999999998,0.078,0.266,0.797,0.091
2023,Yusei Kikuchi,TOR,32,11,6,3.86,32,32,167.2,2.6,4.12,3.77,1.27,9.72,2.58,1.45,0.259,0.069,0.314,0.7759999999999999,0.153
2023,Aaron Civale,- - -,28,7,5,3.46,23,23,122.1,2.6,3.57,4.1,1.16,8.53,2.43,0.88,0.23,0.065,0.287,0.768,0.09
2023,Bailey Ober,MIN,27,8,6,3.43,26,26,144.1,2.5,3.96,4.2,1.07,9.1,1.81,1.37,0.253,0.05,0.276,0.7909999999999999,0.113
2023,Taijuan Walker,PHI,30,15,6,4.38,31,31,172.2,2.4,4.53,4.83,1.31,7.19,3.7,1.04,0.188,0.09699999999999999,0.272,0.7140000000000001,0.106
2023,Clayton Kershaw,LAD,35,13,5,2.46,24,24,131.2,2.4,4.03,3.57,1.06,9.36,2.73,1.3,0.262,0.076,0.25,0.893,0.168
2023,Yu Darvish,SDP,36,8,10,4.56,24,24,136.1,2.4,4.03,3.92,1.3,9.31,2.84,1.19,0.24600000000000002,0.075,0.319,0.713,0.135
2023,Kutter Crawford,BOS,27,6,8,4.04,31,23,129.1,2.4,3.83,4.32,1.11,9.39,2.51,1.18,0.256,0.068,0.269,0.7170000000000001,0.099
2023,Ranger Suarez,PHI,27,4,6,4.18,22,22,125.0,2.4,3.9,4.05,1.42,8.57,3.46,0.94,0.22,0.08900000000000001,0.324,0.746,0.115
2023,Reid Detmers,LAA,23,4,10,4.48,28,28,148.2,2.4,4.13,4.27,1.35,10.17,3.63,1.15,0.261,0.09300000000000001,0.318,0.71,0.11699999999999999
2023,Nathan Eovaldi,TEX,33,12,5,3.63,25,25,144.0,2.3,3.88,3.96,1.14,8.25,2.94,0.94,0.22899999999999998,0.081,0.271,0.745,0.12
2023,Joe Ryan,MIN,27,11,10,4.51,29,29,161.2,2.3,4.13,3.76,1.17,10.97,1.89,1.78,0.293,0.051,0.305,0.746,0.149
2023,Shohei Ohtani,LAA,28,10,5,3.14,23,23,132.0,2.3,4.0,3.58,1.06,11.39,3.75,1.23,0.315,0.10400000000000001,0.239,0.8029999999999999,0.16699999999999998
2023,Patrick Sandoval,LAA,26,7,13,4.11,28,28,144.2,2.3,4.18,4.61,1.51,7.96,4.6,0.75,0.196,0.113,0.306,0.65,0.091
2023,David Bednar,PIT,28,3,3,2.0,66,0,67.1,2.3,2.53,3.86,1.1,10.69,2.81,0.4,0.289,0.076,0.294,0.755,0.038
2023,Max Scherzer,- - -,38,13,6,3.77,27,27,152.2,2.2,4.32,4.02,1.12,10.26,2.65,1.65,0.28,0.07200000000000001,0.265,0.81,0.146
2023,Mike Clevinger,CHW,32,9,9,3.77,24,24,131.1,2.2,4.28,5.15,1.23,7.54,2.74,1.1,0.2,0.073,0.281,0.772,0.08199999999999999
2023,Cole Ragans,- - -,25,7,5,3.47,29,12,96.0,2.2,3.19,3.71,1.16,10.59,3.84,0.66,0.28800000000000003,0.105,0.275,0.7070000000000001,0.08199999999999999
2023,Michael King,NYY,28,4,8,2.75,49,9,104.2,2.2,3.13,3.37,1.15,10.92,2.75,0.86,0.295,0.07400000000000001,0.304,0.8109999999999999,0.106
2023,Joe Musgrove,SDP,30,10,3,3.05,17,17,97.1,2.1,3.52,3.7,1.14,8.97,1.94,0.92,0.243,0.053,0.305,0.802,0.11199999999999999
2023,Andrew Abbott,CIN,24,8,6,3.87,21,21,109.1,2.1,4.2,4.56,1.32,9.88,3.62,1.32,0.261,0.096,0.302,0.799,0.107
2023,Shane Bieber,CLE,28,6,6,3.8,21,21,128.0,2.1,3.87,3.96,1.23,7.52,2.39,0.98,0.201,0.064,0.293,0.743,0.12
2023,Chris Sale,BOS,34,6,5,4.3,20,20,102.2,2.1,3.8,3.72,1.13,10.96,2.54,1.31,0.294,0.068,0.29,0.6990000000000001,0.133
2023,Cristian Javier,HOU,26,10,5,4.56,31,31,162.0,2.0,4.58,5.16,1.27,8.83,3.44,1.39,0.231,0.09,0.272,0.718,0.098
2023,Matt Brash,SEA,25,9,4,3.06,78,0,70.2,2.0,2.26,3.05,1.33,13.63,3.69,0.38,0.34700000000000003,0.094,0.38,0.772,0.053
2023,Matt Strahm,PHI,31,9,5,3.29,56,10,87.2,2.0,3.24,3.52,1.02,11.09,2.16,1.13,0.308,0.06,0.274,0.757,0.109
2023,Steven Matz,STL,32,4,7,3.86,25,17,105.0,2.0,3.75,3.96,1.33,8.4,2.74,0.94,0.218,0.071,0.318,0.745,0.11
2023,Dane Dunning,TEX,28,12,7,3.7,35,26,172.2,1.9,4.27,4.39,1.26,7.3,2.87,1.04,0.19399999999999998,0.076,0.288,0.775,0.11800000000000001
2023,Shane McClanahan,TBR,26,11,2,3.29,21,21,115.0,1.9,3.92,3.84,1.18,9.47,3.21,1.17,0.258,0.087,0.274,0.8170000000000001,0.133
2023,Nick Pivetta,BOS,30,10,9,4.04,38,16,142.2,1.9,3.96,3.55,1.12,11.54,3.15,1.45,0.312,0.085,0.268,0.725,0.159
2023,Clarke Schmidt,NYY,27,9,9,4.64,33,32,159.0,1.9,4.42,4.36,1.35,8.43,2.6,1.36,0.215,0.066,0.313,0.7020000000000001,0.131
2023,Max Fried,ATL,29,8,1,2.55,14,14,77.2,1.9,3.14,3.1,1.13,9.27,2.09,0.81,0.257,0.057999999999999996,0.309,0.823,0.132
2023,Brady Singer,KCR,26,8,11,5.52,29,29,159.2,1.9,4.29,4.28,1.45,7.5,2.76,1.13,0.18899999999999997,0.07,0.329,0.649,0.128
2023,Grayson Rodriguez,BAL,23,7,4,4.35,23,23,122.0,1.9,3.93,3.78,1.34,9.52,3.1,1.18,0.25,0.08199999999999999,0.322,0.722,0.139
2023,Camilo Doval,SFG,25,6,6,2.93,69,0,67.2,1.9,2.77,3.36,1.14,11.57,3.46,0.4,0.31,0.09300000000000001,0.306,0.6559999999999999,0.063
2023,Hunter Greene,CIN,23,4,7,4.82,22,22,112.0,1.9,4.25,4.0,1.42,12.21,3.86,1.53,0.305,0.096,0.339,0.726,0.14300000000000002
2023,Bryce Elder,ATL,24,12,4,3.81,31,31,174.2,1.8,4.42,4.49,1.28,6.6,3.25,0.98,0.175,0.086,0.274,0.7440000000000001,0.121
2023,Hunter Brown,HOU,24,11,13,5.09,31,29,155.2,1.8,4.37,3.52,1.36,10.29,3.18,1.5,0.268,0.083,0.33,0.688,0.21
2023,Johan Oviedo,PIT,25,9,14,4.31,32,32,177.2,1.8,4.49,4.87,1.37,8.0,4.2,0.96,0.20199999999999999,0.106,0.28,0.72,0.1
2023,Devin Williams,MIL,28,8,3,1.53,61,0,58.2,1.8,2.66,2.79,0.92,13.35,4.3,0.61,0.377,0.121,0.198,0.85,0.111
2023,Bryce Miller,SEA,24,8,7,4.32,25,25,131.1,1.8,3.98,4.31,1.14,8.15,1.78,1.23,0.222,0.048,0.289,0.706,0.107
2023,Jack Flaherty,- - -,27,8,9,4.99,29,27,144.1,1.8,4.36,4.36,1.58,9.23,4.12,1.06,0.228,0.102,0.356,0.726,0.127
2023,Alex Cobb,SFG,35,7,7,3.87,28,28,151.1,1.8,4.01,3.51,1.32,7.79,2.2,1.13,0.203,0.057,0.318,0.764,0.183
2023,Griffin Canning,LAA,27,7,8,4.32,24,22,127.0,1.8,4.29,3.82,1.24,9.85,2.55,1.56,0.259,0.067,0.296,0.762,0.161
2023,Brandon Williamson,CIN,25,5,5,4.46,23,23,117.0,1.8,4.63,4.72,1.28,7.54,3.0,1.38,0.2,0.079,0.278,0.7020000000000001,0.122
2023,Cristopher Sanchez,PHI,26,3,5,3.44,19,18,99.1,1.8,3.99,3.09,1.05,8.7,1.45,1.45,0.242,0.04,0.272,0.745,0.222
2023,Alexis Diaz,CIN,26,9,6,3.07,71,0,67.1,1.7,3.52,4.2,1.19,11.5,4.81,0.53,0.301,0.126,0.267,0.711,0.068
2023,Jon Gray,TEX,31,9,8,4.12,29,29,157.1,1.7,4.47,4.36,1.29,8.12,3.09,1.26,0.21600000000000003,0.08199999999999999,0.296,0.7559999999999999,0.135
2023,Michael Lorenzen,- - -,31,9,9,4.18,29,25,153.0,1.7,4.46,4.68,1.21,6.53,2.76,1.18,0.17800000000000002,0.075,0.266,0.698,0.113
2023,Adrian Houser,MIL,30,8,5,4.12,23,21,111.1,1.7,3.99,4.3,1.39,7.76,2.75,1.05,0.2,0.071,0.32,0.726,0.106
2023,Logan Allen,CLE,24,7,8,3.81,24,24,125.1,1.7,4.19,4.28,1.4,8.55,3.45,1.15,0.222,0.08900000000000001,0.314,0.7879999999999999,0.12
2023,Aroldis Chapman,- - -,35,6,5,3.09,61,0,58.1,1.7,2.52,2.59,1.25,15.89,5.55,0.62,0.414,0.145,0.314,0.731,0.11800000000000001
2023,Emmanuel Clase,CLE,25,3,9,3.22,75,0,72.2,1.7,2.91,3.45,1.16,7.93,1.98,0.5,0.212,0.053,0.295,0.605,0.073
2023,Josh Hader,SDP,29,2,3,1.28,61,0,56.1,1.7,2.69,3.52,1.1,13.58,4.79,0.48,0.368,0.13,0.264,0.888,0.057999999999999996
2023,Yennier Cano,BAL,29,1,4,2.11,72,0,72.2,1.7,2.84,3.01,1.0,8.05,1.61,0.5,0.23,0.046,0.283,0.81,0.10300000000000001
2023,Dean Kremer,BAL,27,13,5,4.12,32,32,172.2,1.6,4.51,4.34,1.31,8.18,2.87,1.41,0.214,0.075,0.293,0.7559999999999999,0.139
2023,Brayan Bello,BOS,24,12,11,4.24,28,28,157.0,1.6,4.54,4.02,1.34,7.57,2.58,1.38,0.198,0.067,0.306,0.762,0.171
2023,Josiah Gray,WSN,25,8,13,3.91,30,30,159.0,1.6,4.93,5.12,1.46,8.09,4.53,1.25,0.205,0.115,0.293,0.804,0.115
2023,Kenta Maeda,MIN,35,6,8,4.23,21,20,104.1,1.6,4.02,3.98,1.17,10.09,2.42,1.47,0.273,0.065,0.293,0.741,0.13
2023,Clay Holmes,NYY,30,4,4,2.86,66,0,63.0,1.6,2.65,2.97,1.17,10.14,3.29,0.29,0.271,0.08800000000000001,0.301,0.741,0.071
2023,Jason Foley,DET,27,3,3,2.61,70,0,69.0,1.6,2.73,3.51,1.16,7.17,1.96,0.26,0.19899999999999998,0.054000000000000006,0.31,0.767,0.042
2023,Fernando Cruz,CIN,33,1,2,4.91,58,2,66.0,1.6,2.83,3.5,1.21,13.36,3.82,0.82,0.35100000000000003,0.1,0.317,0.584,0.081
2023,Jameson Taillon,CHC,31,8,10,4.84,30,29,154.1,1.5,4.61,4.49,1.28,8.16,2.39,1.57,0.214,0.063,0.292,0.6459999999999999,0.134
2023,Jeff Hoffman,PHI,30,5,2,2.41,54,0,52.1,1.5,2.57,3.24,0.92,11.87,3.27,0.52,0.332,0.091,0.226,0.742,0.067
2023,Eury Perez,MIA,20,5,6,3.15,19,19,91.1,1.5,4.11,4.24,1.13,10.64,3.05,1.48,0.289,0.083,0.261,0.833,0.12
2023,Reese Olson,DET,23,5,7,3.99,21,18,103.2,1.5,4.01,3.91,1.12,8.94,2.86,1.22,0.244,0.078,0.255,0.698,0.135
2023,Chris Martin,BOS,37,4,1,1.05,55,0,51.1,1.5,2.44,2.9,1.03,8.06,1.4,0.35,0.231,0.04,0.301,0.9359999999999999,0.067
2023,Drew Rasmussen,TBR,27,4,2,2.62,8,8,44.2,1.5,2.54,3.1,1.05,9.47,2.22,0.4,0.266,0.062,0.293,0.774,0.065
2023,Paul Blackburn,OAK,29,4,7,4.43,21,20,103.2,1.5,3.96,4.33,1.54,9.03,3.73,0.95,0.22399999999999998,0.09300000000000001,0.35,0.738,0.1
2023,Bryan Abreu,HOU,26,3,2,1.75,72,0,72.0,1.5,2.98,3.29,1.04,12.5,3.88,0.75,0.348,0.10800000000000001,0.259,0.8759999999999999,0.098
2023,Ryan Helsley,STL,28,3,4,2.45,33,0,36.2,1.5,2.25,3.24,1.06,12.76,4.17,0.25,0.35600000000000004,0.11599999999999999,0.28,0.7509999999999999,0.033
2023,Jose Quintana,NYM,34,3,6,3.57,13,13,75.2,1.5,3.52,4.47,1.31,7.14,2.85,0.59,0.188,0.075,0.306,0.72,0.06
2023,Jake Bird,COL,27,3,3,4.33,70,3,89.1,1.5,3.55,4.01,1.35,7.76,2.72,0.6,0.20199999999999999,0.071,0.333,0.677,0.083
2023,Jacob deGrom,TEX,35,2,0,2.67,6,6,30.1,1.5,1.54,2.32,0.76,13.35,1.19,0.59,0.391,0.035,0.266,0.594,0.067
2023,Adbert Alzolay,CHC,28,2,5,2.67,58,0,64.0,1.5,3.02,3.56,1.02,9.42,1.83,0.7,0.265,0.051,0.288,0.746,0.083
2023,Gregory Santos,CHW,23,2,2,3.39,60,0,66.1,1.5,2.65,3.31,1.3,8.95,2.31,0.27,0.228,0.059000000000000004,0.337,0.703,0.048
2023,Graham Ashcraft,CIN,25,7,9,4.76,26,26,145.2,1.4,5.06,4.57,1.37,6.86,3.21,1.42,0.17800000000000002,0.083,0.292,0.742,0.16699999999999998
2023,Nick Martinez,SDP,32,6,4,3.43,63,9,110.1,1.4,3.92,3.79,1.26,8.65,3.26,0.98,0.23,0.087,0.29,0.775,0.14
2023,Brandon Woodruff,MIL,30,5,1,2.28,11,11,67.0,1.4,3.6,3.63,0.82,9.94,2.01,1.21,0.292,0.059000000000000004,0.204,0.903,0.125
2023,Danny Coulombe,BAL,33,5,3,2.81,61,0,51.1,1.4,2.83,3.46,1.11,10.17,2.1,0.7,0.276,0.057,0.306,0.787,0.078
2023,Brusdar Graterol,LAD,24,4,2,1.2,68,1,67.1,1.4,3.03,3.53,0.97,6.42,1.6,0.4,0.187,0.047,0.26,0.8440000000000001,0.068
2023,A.J. Minter,ATL,29,3,6,3.76,70,0,64.2,1.4,2.9,3.38,1.19,11.41,2.92,0.84,0.315,0.081,0.331,0.7140000000000001,0.091
2023,J.P. France,HOU,28,11,6,3.83,24,23,136.1,1.3,4.66,4.8,1.36,6.67,3.1,1.25,0.174,0.081,0.289,0.767,0.11800000000000001
2023,Julio Urias,LAD,26,11,8,4.6,21,21,117.1,1.3,4.69,4.13,1.16,8.97,1.84,1.84,0.243,0.05,0.283,0.747,0.161
2023,Kevin Ginkel,ARI,29,9,1,2.48,60,0,65.1,1.3,2.86,3.6,0.98,9.64,3.17,0.41,0.276,0.091,0.244,0.68,0.057
2023,Caleb Ferguson,LAD,26,7,4,3.43,68,7,60.1,1.3,3.34,3.68,1.44,10.44,3.43,0.6,0.259,0.085,0.364,0.727,0.091
2023,Dustin May,LAD,25,4,1,2.63,9,9,48.0,1.3,3.23,4.58,0.94,6.38,3.0,0.19,0.182,0.086,0.209,0.7240000000000001,0.021
2023,Hunter Harvey,WSN,28,4,4,2.82,57,0,60.2,1.3,3.29,3.34,0.94,9.94,1.93,1.04,0.285,0.055,0.253,0.772,0.12300000000000001
2023,Brent Suter,COL,33,4,3,3.38,57,2,69.1,1.3,3.44,4.48,1.3,7.14,3.25,0.39,0.188,0.086,0.301,0.642,0.045
2023,Tim Mayza,TOR,31,3,1,1.52,69,0,53.1,1.3,2.6,2.98,1.22,8.94,2.53,0.34,0.247,0.07,0.331,0.884,0.071
2023,Pete Fairbanks,TBR,29,2,4,2.58,49,0,45.1,1.3,2.7,2.83,1.01,13.5,3.97,0.6,0.37,0.109,0.258,0.7859999999999999,0.111
2023,Shawn Armstrong,TBR,32,1,0,1.38,39,6,52.0,1.3,2.54,3.82,0.9,9.35,1.9,0.35,0.261,0.053,0.25,0.809,0.036000000000000004
2023,Jose Alvarado,PHI,28,0,2,1.74,42,0,41.1,1.3,2.41,2.34,1.16,13.94,3.92,0.65,0.37200000000000005,0.105,0.31,0.753,0.136
2023,Andrew Heaney,TEX,32,10,6,4.15,34,28,147.1,1.2,4.66,4.58,1.38,9.22,3.67,1.4,0.23600000000000002,0.094,0.302,0.769,0.132
2023,Joel Payamps,MIL,29,7,5,2.55,69,0,70.2,1.2,3.48,3.65,1.05,9.81,2.17,1.02,0.268,0.059000000000000004,0.272,0.8109999999999999,0.114
2023,MacKenzie Gore,WSN,24,7,10,4.42,27,27,136.1,1.2,4.89,4.11,1.4,9.97,3.76,1.78,0.259,0.098,0.309,0.785,0.182
2023,Sean Manaea,SFG,31,7,6,4.44,37,10,117.2,1.2,3.9,4.01,1.24,9.79,3.21,1.07,0.257,0.084,0.293,0.64,0.11900000000000001
2023,David Robertson,- - -,38,6,6,3.03,62,0,65.1,1.2,3.55,3.85,1.19,10.74,3.44,0.96,0.29,0.09300000000000001,0.295,0.7440000000000001,0.10400000000000001
2023,Griffin Jax,MIN,28,6,10,3.86,71,0,65.1,1.2,3.22,3.57,1.18,9.37,2.62,0.69,0.248,0.069,0.298,0.6890000000000001,0.094
2023,Tanner Houck,BOS,27,6,10,5.01,21,21,106.0,1.2,4.43,4.07,1.37,8.41,3.48,1.19,0.214,0.08900000000000001,0.297,0.685,0.161
2023,Kyle Freeland,COL,30,6,14,5.03,29,29,155.2,1.2,5.3,5.13,1.47,5.43,2.43,1.68,0.139,0.062,0.309,0.7070000000000001,0.13699999999999998
2023,Jordan Romano,TOR,30,5,7,2.9,59,0,59.0,1.2,3.46,4.01,1.22,10.98,3.66,0.92,0.29,0.09699999999999999,0.292,0.823,0.09
2023,Emilio Pagan,MIN,32,5,2,2.99,66,1,69.1,1.2,3.27,4.57,0.95,8.44,2.73,0.65,0.23800000000000002,0.077,0.221,0.6829999999999999,0.053
2023,Kevin Kelly,TBR,25,5,2,3.09,57,0,67.0,1.2,3.09,4.28,1.01,7.52,2.01,0.27,0.203,0.054000000000000006,0.264,0.6779999999999999,0.031
2023,Dylan Floro,- - -,32,5,6,4.76,62,0,56.2,1.2,2.96,3.29,1.54,9.21,2.7,0.48,0.23399999999999999,0.069,0.401,0.653,0.086
2023,Andres Munoz,SEA,24,4,7,2.94,52,0,49.0,1.2,2.7,3.12,1.27,12.31,4.04,0.37,0.318,0.10400000000000001,0.33,0.732,0.071
2023,JoJo Romero,STL,26,4,2,3.68,27,0,36.2,1.2,2.22,2.68,1.06,10.31,2.45,0.25,0.28600000000000003,0.068,0.301,0.596,0.055999999999999994
2023,Justin Lawrence,COL,28,4,7,3.72,69,0,75.0,1.2,3.76,4.26,1.35,9.36,4.32,0.6,0.239,0.11,0.3,0.703,0.081
2023,Evan Phillips,LAD,28,2,4,2.05,62,0,61.1,1.2,3.16,3.37,0.83,9.68,1.91,0.88,0.282,0.055999999999999994,0.219,0.768,0.109
2023,Will Vest,DET,28,2,1,2.98,48,4,48.1,1.2,2.55,3.35,1.1,10.43,2.42,0.56,0.281,0.065,0.291,0.7170000000000001,0.064
2023,Colin Poche,TBR,29,12,3,2.23,66,0,60.2,1.1,3.34,4.55,1.09,9.05,3.56,0.59,0.248,0.098,0.244,0.8140000000000001,0.053
2023,Craig Kimbrel,PHI,35,8,6,3.26,71,0,69.0,1.1,3.81,3.58,1.04,12.26,3.65,1.3,0.33799999999999997,0.10099999999999999,0.239,0.774,0.145
2023,Edward Cabrera,MIA,25,7,7,4.24,22,20,99.2,1.1,4.43,4.3,1.44,10.66,5.96,0.99,0.272,0.152,0.285,0.754,0.139
2023,Tyler Anderson,LAA,33,6,6,5.43,27,25,141.0,1.1,4.92,5.52,1.49,7.6,4.09,1.28,0.18899999999999997,0.102,0.301,0.672,0.096
2023,Zack Thompson,STL,25,5,7,4.48,25,9,66.1,1.1,3.87,3.83,1.42,9.77,3.39,1.09,0.251,0.087,0.339,0.7190000000000001,0.131
2023,Ryan Pressly,HOU,34,4,5,3.58,65,0,65.1,1.1,3.36,3.14,1.07,10.19,2.2,1.1,0.276,0.06,0.272,0.635,0.14800000000000002
2023,Jhoan Duran,MIN,25,3,6,2.45,59,0,62.1,1.1,3.21,2.75,1.14,12.13,3.61,0.87,0.32899999999999996,0.098,0.294,0.7509999999999999,0.2
2023,Ian Hamilton,NYY,28,3,2,2.64,39,3,58.0,1.1,2.82,3.26,1.22,10.71,4.03,0.31,0.289,0.109,0.309,0.772,0.065
2023,Ryan Brasier,- - -,35,3,0,3.02,59,0,59.2,1.1,3.14,4.04,1.02,8.45,2.87,0.45,0.235,0.08,0.248,0.669,0.054000000000000006
2023,Jordan Hicks,- - -,26,3,9,3.29,65,0,65.2,1.1,3.22,3.36,1.36,11.1,4.39,0.55,0.284,0.11199999999999999,0.323,0.721,0.10800000000000001
2023,Gavin Williams,CLE,23,3,5,3.29,16,16,82.0,1.1,4.05,4.53,1.26,8.89,4.06,0.88,0.235,0.107,0.27,0.7829999999999999,0.092
2023,Sam Hentges,CLE,26,3,2,3.61,56,0,52.1,1.1,2.64,3.0,1.36,9.63,3.1,0.34,0.251,0.081,0.347,0.6890000000000001,0.07400000000000001
2023,Kenley Jansen,BOS,35,3,6,3.63,51,0,44.2,1.1,3.66,4.61,1.28,10.48,3.43,1.01,0.27699999999999997,0.09,0.313,0.731,0.077
2023,Zack Littell,- - -,27,3,6,4.1,28,14,90.0,1.1,4.02,4.15,1.18,7.4,1.2,1.3,0.195,0.032,0.293,0.73,0.11900000000000001
2023,David Peterson,NYM,27,3,8,5.03,27,21,111.0,1.1,4.34,3.59,1.57,10.38,4.05,1.3,0.26,0.102,0.37,0.736,0.21100000000000002
2023,Sam Moll,- - -,31,2,3,3.03,70,1,62.1,1.1,3.27,4.23,1.24,9.82,4.33,0.29,0.254,0.11199999999999999,0.28,0.764,0.038
2023,Chris Stratton,- - -,32,2,1,3.92,64,0,82.2,1.1,3.53,4.36,1.14,8.82,2.72,0.87,0.24,0.07400000000000001,0.275,0.672,0.077
2023,Will Smith,TEX,33,2,7,4.4,60,0,57.1,1.1,3.36,4.3,1.06,8.63,2.67,0.78,0.243,0.075,0.262,0.556,0.069
2023,Zack Greinke,KCR,39,2,15,5.06,30,27,142.1,1.1,4.74,4.42,1.27,6.13,1.45,1.58,0.16399999999999998,0.039,0.3,0.687,0.14800000000000002
2023,Wade Miley,MIL,36,9,4,3.14,23,23,120.1,1.0,4.69,4.85,1.14,5.91,2.84,1.2,0.161,0.078,0.234,0.816,0.11699999999999999
2023,James Paxton,BOS,34,7,5,4.5,19,19,96.0,1.0,4.68,3.98,1.31,9.47,3.09,1.69,0.24600000000000002,0.08,0.292,0.7490000000000001,0.17800000000000002
2023,Justin Topa,SEA,32,5,4,2.61,75,0,69.0,1.0,3.15,3.55,1.14,7.96,2.35,0.52,0.21899999999999997,0.065,0.295,0.733,0.083
2023,Raisel Iglesias,ATL,33,5,4,2.75,58,0,55.2,1.0,3.26,3.31,1.19,10.99,2.43,1.13,0.294,0.065,0.312,0.765,0.12300000000000001
2023,Dauri Moreta,PIT,27,5,2,3.72,55,0,58.0,1.0,2.93,3.77,1.09,11.79,3.72,0.62,0.318,0.1,0.265,0.662,0.066
2023,Anthony DeSclafani,SFG,33,4,8,4.88,19,18,99.2,1.0,4.35,4.15,1.25,7.13,1.81,1.35,0.18899999999999997,0.048,0.299,0.648,0.142
2023,Tyler Holton,DET,27,3,2,2.11,59,1,85.1,1.0,3.56,3.76,0.87,7.8,1.9,0.95,0.228,0.055999999999999994,0.212,0.865,0.111
2023,Robert Stephenson,- - -,30,3,4,3.1,60,0,52.1,1.0,3.22,2.84,0.88,13.24,2.75,1.38,0.38299999999999995,0.08,0.22,0.747,0.157
2023,Yimi Garcia,TOR,32,3,4,4.09,73,0,66.0,1.0,3.39,3.14,1.24,10.77,2.05,1.09,0.28,0.053,0.339,0.69,0.151
2023,Hoby Milner,MIL,32,2,1,1.82,73,0,64.1,1.0,3.13,3.66,0.96,8.25,1.82,0.7,0.23399999999999999,0.052000000000000005,0.254,0.8420000000000001,0.083
2023,Scott Barlow,- - -,30,2,6,4.37,63,0,68.0,1.0,3.42,4.04,1.4,10.46,4.5,0.53,0.264,0.114,0.322,0.6459999999999999,0.07
2023,Trevor Gott,- - -,30,0,5,4.19,64,0,58.0,1.0,3.2,4.16,1.41,9.62,2.95,0.62,0.23800000000000002,0.073,0.343,0.647,0.062
2023,Drew Smyly,CHC,34,11,11,5.0,41,23,142.1,0.9,4.96,4.71,1.43,8.92,3.54,1.64,0.225,0.08900000000000001,0.305,0.695,0.142
2023,Austin Gomber,COL,29,9,9,5.5,27,27,139.0,0.9,5.43,5.08,1.49,5.63,2.78,1.68,0.14400000000000002,0.071,0.311,0.703,0.149
2023,Andrew Nardi,MIA,24,8,1,2.67,63,0,57.1,0.9,3.6,3.46,1.15,11.46,3.3,1.1,0.308,0.08900000000000001,0.288,0.8640000000000001,0.14
2023,Ian Gibaut,CIN,29,8,4,3.33,74,0,75.2,0.9,4.07,4.45,1.28,8.21,3.33,0.95,0.217,0.08800000000000001,0.292,0.757,0.1
2023,Ryan Yarbrough,- - -,31,8,7,4.52,25,9,89.2,0.9,4.38,4.65,1.23,6.72,1.41,1.3,0.17800000000000002,0.037000000000000005,0.302,0.731,0.111
2023,Lucas Giolito,- - -,28,8,15,4.88,33,33,184.1,0.9,5.27,4.45,1.31,9.96,3.56,2.0,0.257,0.092,0.274,0.728,0.177
2023,A.J. Puk,MIA,28,7,5,3.97,58,0,56.2,0.9,3.59,3.02,1.18,12.39,2.06,1.59,0.322,0.054000000000000006,0.317,0.727,0.16899999999999998
2023,Trevor Stephan,CLE,27,7,7,4.06,71,0,68.2,0.9,3.56,4.25,1.3,9.83,3.41,0.79,0.255,0.08800000000000001,0.313,0.6890000000000001,0.079
2023,Hector Neris,HOU,34,6,3,1.71,71,0,68.1,0.9,3.83,4.45,1.05,10.14,4.08,0.92,0.282,0.114,0.219,0.905,0.086
2023,Javier Assad,CHC,25,5,3,3.05,32,10,109.1,0.9,4.29,4.35,1.23,7.74,3.38,1.07,0.209,0.091,0.268,0.833,0.12300000000000001
2023,Julian Merryweather,CHC,31,5,1,3.38,69,0,72.0,0.9,3.52,3.61,1.31,12.25,4.5,1.0,0.32299999999999995,0.11900000000000001,0.313,0.8,0.11900000000000001
2023,Carlos Estevez,LAA,30,5,5,3.9,63,0,62.1,0.9,3.94,4.55,1.49,11.26,4.48,1.01,0.278,0.11,0.344,0.726,0.09
2023,Domingo German,NYY,30,5,7,4.56,20,19,108.2,0.9,4.65,4.04,1.08,9.44,2.82,1.66,0.257,0.077,0.233,0.653,0.171
2023,Matthew Boyd,DET,32,5,5,5.45,15,15,71.0,0.9,4.35,4.37,1.32,9.25,3.17,1.39,0.24100000000000002,0.083,0.302,0.62,0.126
2023,Erik Swanson,TOR,29,4,2,2.97,69,0,66.2,0.9,3.51,3.81,1.1,10.13,2.84,1.08,0.28600000000000003,0.08,0.278,0.825,0.107
2023,Nick Anderson,ATL,32,4,0,3.06,35,0,35.1,0.9,3.09,3.76,1.1,9.17,2.29,0.76,0.255,0.064,0.29,0.718,0.079
2023,Bryan Woo,SEA,23,4,5,4.21,18,18,87.2,0.9,4.36,4.26,1.21,9.55,3.18,1.33,0.251,0.084,0.273,0.728,0.134
2023,Gregory Soto,PHI,28,3,4,4.62,69,0,60.1,0.9,3.59,3.83,1.14,9.7,3.28,0.9,0.26,0.08800000000000001,0.265,0.591,0.107
2023,Ryan Feltner,COL,26,2,4,5.82,10,10,43.1,0.9,4.18,5.3,1.68,7.89,5.82,0.42,0.18899999999999997,0.139,0.328,0.637,0.044000000000000004
2023,Colin Holderman,PIT,27,0,3,3.86,58,0,56.0,0.9,3.29,3.72,1.34,9.32,3.21,0.64,0.242,0.083,0.327,0.728,0.087
2023,Patrick Corbin,WSN,33,10,15,5.2,32,32,180.0,0.8,5.28,4.76,1.48,6.2,2.85,1.65,0.157,0.07200000000000001,0.309,0.703,0.163
2023,Lucas Sims,CIN,29,7,3,3.1,67,0,61.0,0.8,4.37,5.53,1.18,10.62,5.75,0.74,0.27899999999999997,0.151,0.212,0.787,0.061
2023,Colin Rea,MIL,32,6,6,4.55,26,22,124.2,0.8,4.9,4.3,1.19,7.94,2.74,1.66,0.213,0.07400000000000001,0.254,0.726,0.16899999999999998
2023,Nestor Cortes,NYY,28,5,2,4.97,12,12,63.1,0.8,4.49,4.84,1.25,9.52,2.84,1.56,0.252,0.075,0.291,0.691,0.11
2023,Garrett Whitlock,BOS,27,5,5,5.15,22,10,71.2,0.8,4.27,3.74,1.33,9.04,1.63,1.63,0.237,0.043,0.34,0.6890000000000001,0.165
2023,Taj Bradley,TBR,22,5,8,5.59,23,21,104.2,0.8,4.79,3.83,1.39,11.09,3.35,1.98,0.28,0.085,0.31,0.677,0.192
2023,Josh Winckowski,BOS,25,4,4,2.88,60,1,84.1,0.8,3.91,3.89,1.42,8.75,3.31,0.96,0.223,0.084,0.331,0.8059999999999999,0.129
2023,Jakob Junis,SFG,30,4,3,3.87,40,4,86.0,0.8,3.74,3.66,1.29,10.05,2.2,1.26,0.262,0.057,0.335,0.746,0.133
2023,Lucas Erceg,OAK,28,4,4,4.75,50,0,55.0,0.8,3.31,4.55,1.58,11.13,5.89,0.16,0.271,0.14300000000000002,0.357,0.655,0.02
2023,Paul Sewald,- - -,33,3,2,3.12,65,0,60.2,0.8,3.57,3.76,1.15,11.87,3.56,1.19,0.321,0.096,0.279,0.8029999999999999,0.114
2023,Matthew Liberatore,STL,23,3,6,5.25,22,11,61.2,0.8,4.28,5.02,1.48,6.71,3.65,0.73,0.16699999999999998,0.091,0.314,0.607,0.075
2023,Joe Kelly,- - -,35,2,5,4.12,42,0,39.1,0.8,2.72,2.61,1.19,13.73,4.12,0.69,0.35700000000000004,0.107,0.306,0.603,0.14300000000000002
2023,Michael Grove,LAD,26,2,3,6.13,18,12,69.0,0.8,4.36,3.92,1.48,9.52,2.48,1.57,0.242,0.063,0.364,0.6579999999999999,0.158
2023,Zach Davies,ARI,30,2,5,7.0,18,18,82.1,0.8,4.58,4.79,1.66,7.87,4.26,1.09,0.191,0.10300000000000001,0.346,0.5760000000000001,0.11199999999999999
2023,Trevor Megill,MIL,29,1,0,3.63,31,2,34.2,0.8,2.13,3.14,1.36,13.5,3.12,0.52,0.35100000000000003,0.081,0.407,0.752,0.054000000000000006
2023,Jose Leclerc,TEX,29,0,2,2.68,57,0,57.0,0.8,3.62,4.72,1.14,10.58,4.42,0.79,0.28800000000000003,0.12,0.244,0.8,0.065
2023,Ryne Nelson,ARI,25,8,8,5.31,29,27,144.0,0.7,5.07,5.3,1.42,6.0,2.88,1.5,0.155,0.07400000000000001,0.299,0.69,0.115
2023,Rich Hill,- - -,43,8,14,5.41,32,27,146.1,0.7,4.87,4.77,1.52,7.93,3.57,1.41,0.195,0.08800000000000001,0.321,0.667,0.134
2023,Tyler Wells,BAL,28,7,6,3.64,25,20,118.2,0.7,4.98,4.63,0.99,8.87,2.58,1.9,0.249,0.07200000000000001,0.2,0.826,0.146
2023,Scott Alexander,SFG,33,7,3,4.66,55,8,48.1,0.7,3.26,3.78,1.37,5.77,2.05,0.37,0.149,0.053,0.325,0.5760000000000001,0.065
2023,Josh Sborz,TEX,29,6,7,5.5,44,0,52.1,0.7,3.75,3.19,1.15,11.35,2.92,1.38,0.307,0.079,0.285,0.562,0.17800000000000002
2023,Ryan Walker,SFG,27,5,3,3.23,49,13,61.1,0.7,3.68,3.47,1.39,11.45,3.52,1.17,0.297,0.091,0.351,0.818,0.145
2023,Enyel De Los Santos,CLE,27,5,2,3.29,70,0,65.2,0.7,3.48,4.4,1.14,8.5,3.43,0.55,0.237,0.095,0.275,0.722,0.059000000000000004
2023,Matt Manning,DET,25,5,4,3.58,15,15,78.0,0.7,4.81,5.33,1.04,5.77,2.42,1.27,0.158,0.066,0.214,0.6940000000000001,0.099
2023,Tommy Henry,ARI,25,5,4,4.15,17,16,89.0,0.7,4.88,5.4,1.36,6.47,3.54,1.21,0.168,0.092,0.278,0.767,0.098
2023,Aaron Bummer,CHW,29,5,5,6.79,61,0,58.1,0.7,3.58,3.51,1.53,12.03,5.55,0.62,0.292,0.135,0.34,0.5539999999999999,0.138
2023,Joey Lucchesi,NYM,30,4,0,2.89,9,9,46.2,0.7,4.22,5.02,1.31,6.17,3.28,0.77,0.16399999999999998,0.087,0.286,0.8009999999999999,0.07400000000000001
2023,Vince Velasquez,PIT,31,4,4,3.86,8,8,37.1,0.7,3.87,4.56,1.31,8.92,3.38,0.96,0.228,0.086,0.292,0.7659999999999999,0.085
2023,Cal Quantrill,CLE,28,4,7,5.24,19,19,99.2,0.7,4.79,5.43,1.46,5.24,3.16,0.99,0.131,0.079,0.3,0.6829999999999999,0.08800000000000001
2023,Reynaldo Lopez,- - -,29,3,7,3.27,68,0,66.0,0.7,3.91,4.06,1.27,11.32,4.64,1.09,0.299,0.122,0.276,0.813,0.11599999999999999
2023,Jake Irvin,WSN,26,3,7,4.61,24,24,121.0,0.7,5.3,5.14,1.42,7.36,4.02,1.49,0.187,0.102,0.281,0.75,0.138
2023,Brennan Bernardino,BOS,31,2,1,3.2,55,6,50.2,0.7,3.41,3.56,1.3,10.3,3.2,0.71,0.26899999999999996,0.083,0.338,0.7979999999999999,0.111
2023,Pedro Avila,SDP,26,2,2,3.22,14,6,50.1,0.7,3.67,3.88,1.35,9.66,4.47,0.54,0.245,0.114,0.301,0.727,0.1
2023,Pierce Johnson,- - -,32,2,6,4.02,67,0,62.2,0.7,3.89,3.27,1.48,12.93,4.31,1.44,0.325,0.10800000000000001,0.361,0.747,0.182
2023,Alex Vesia,LAD,27,2,5,4.35,56,1,49.2,0.7,3.66,4.12,1.39,11.6,3.08,1.27,0.295,0.078,0.354,0.7190000000000001,0.10099999999999999
2023,Osvaldo Bido,PIT,27,2,5,5.86,16,9,50.2,0.7,4.1,4.94,1.5,8.53,3.73,0.71,0.203,0.08900000000000001,0.329,0.625,0.07
2023,Jesse Chavez,ATL,39,1,0,1.56,36,1,34.2,0.7,3.05,3.4,1.1,10.13,3.12,0.52,0.271,0.083,0.273,0.812,0.087
2023,Nick Ramirez,NYY,33,1,2,2.66,32,0,40.2,0.7,2.94,4.45,1.23,6.2,1.99,0.22,0.163,0.052000000000000005,0.301,0.685,0.022000000000000002
2023,Brooks Raley,NYM,35,1,2,2.8,66,0,54.2,0.7,3.68,4.39,1.26,10.04,4.12,0.66,0.258,0.106,0.286,0.807,0.073
2023,Mason Miller,OAK,24,0,3,3.78,10,6,33.1,0.7,3.47,4.77,1.2,10.26,4.32,0.54,0.273,0.115,0.275,0.6970000000000001,0.048
2023,Tylor Megill,NYM,27,9,8,4.7,25,25,126.1,0.6,4.96,4.92,1.58,7.48,4.13,1.28,0.185,0.102,0.324,0.7170000000000001,0.13
2023,Matt Moore,- - -,34,5,1,2.56,50,0,52.2,0.6,3.73,3.95,1.16,10.25,2.56,1.2,0.275,0.069,0.293,0.8859999999999999,0.113
2023,JP Sears,OAK,27,5,14,4.54,32,32,172.1,0.6,5.15,5.1,1.26,8.41,2.77,1.78,0.21899999999999997,0.07200000000000001,0.278,0.773,0.13
2023,Ryan Borucki,PIT,29,4,0,2.45,38,2,40.1,0.6,3.5,3.94,0.74,7.36,0.89,0.89,0.217,0.026000000000000002,0.206,0.81,0.095
2023,Phil Maton,HOU,30,4,3,3.0,68,0,66.0,0.6,3.74,4.24,1.12,10.09,3.41,0.82,0.27,0.091,0.269,0.7509999999999999,0.09
2023,Tyler Rogers,SFG,32,4,5,3.04,68,0,74.0,0.6,3.76,4.13,1.15,7.3,2.31,0.85,0.19399999999999998,0.061,0.268,0.78,0.09699999999999999
2023,Elvis Peguero,MIL,26,4,5,3.38,59,0,61.1,0.6,3.81,4.09,1.22,7.92,3.82,0.59,0.214,0.10300000000000001,0.274,0.736,0.095
2023,Buck Farmer,CIN,32,4,5,4.2,71,0,75.0,0.6,4.62,4.89,1.16,8.4,3.48,1.32,0.22699999999999998,0.094,0.241,0.728,0.111
2023,Marco Gonzales,SEA,31,4,1,5.22,10,10,50.0,0.6,4.28,4.83,1.46,6.12,3.24,0.9,0.158,0.084,0.316,0.621,0.08900000000000001
2023,Jimmy Cordero,NYY,31,3,2,3.86,31,1,32.2,0.6,3.07,3.29,1.07,9.37,2.76,0.55,0.258,0.076,0.274,0.6729999999999999,0.1
2023,Robert Garcia,- - -,27,2,2,3.66,25,0,32.0,0.6,3.54,3.56,1.19,9.28,3.38,0.84,0.26,0.094,0.291,0.6509999999999999,0.125
2023,Gabe Speier,SEA,28,2,2,3.79,69,0,54.2,0.6,3.35,2.71,1.06,10.54,1.81,1.15,0.29600000000000004,0.051,0.305,0.723,0.20600000000000002
2023,Tom Cosgrove,SDP,27,1,2,1.75,54,0,51.1,0.6,3.7,4.91,0.97,7.71,3.33,0.53,0.215,0.09300000000000001,0.209,0.846,0.049
2023,Abner Uribe,MIL,23,1,0,1.76,32,0,30.2,0.6,2.77,3.68,1.17,11.45,5.87,0.0,0.307,0.157,0.239,0.784,0.0
2023,Mark Leiter Jr.,CHC,32,1,3,3.5,69,0,64.1,0.6,3.77,3.66,1.12,10.77,3.36,0.98,0.28600000000000003,0.08900000000000001,0.268,0.755,0.13699999999999998
2023,Jose Butto,NYM,25,1,4,3.64,9,7,42.0,0.6,4.02,4.9,1.33,8.14,4.93,0.64,0.212,0.128,0.261,0.753,0.065
2023,Cole Irvin,BAL,29,1,4,4.42,24,12,77.1,0.6,4.43,4.49,1.28,7.91,2.44,1.28,0.20199999999999999,0.063,0.293,0.706,0.124
2023,Lance Lynn,- - -,36,13,11,5.73,32,32,183.2,0.5,5.53,4.5,1.39,9.36,3.28,2.16,0.23600000000000002,0.083,0.292,0.6779999999999999,0.19
2023,Chris Devenski,- - -,32,6,4,4.46,38,0,42.1,0.5,3.96,4.0,1.11,8.93,2.34,1.28,0.243,0.064,0.265,0.606,0.125
2023,Huascar Brazoban,MIA,33,5,2,4.14,50,0,58.2,0.5,3.94,4.1,1.43,9.97,4.76,0.77,0.253,0.121,0.316,0.741,0.111
2023,Brad Hand,- - -,33,5,3,5.53,60,0,53.2,0.5,4.02,4.01,1.42,9.89,3.69,1.01,0.25,0.09300000000000001,0.333,0.6609999999999999,0.128
2023,Emmet Sheehan,LAD,23,4,1,4.92,13,11,60.1,0.5,4.85,4.78,1.19,9.55,3.88,1.64,0.258,0.105,0.24,0.6940000000000001,0.131
2023,Mason Thompson,WSN,25,4,4,5.5,51,0,54.0,0.5,4.03,4.6,1.56,7.33,3.67,0.67,0.183,0.092,0.349,0.643,0.08
2023,Shelby Miller,LAD,32,3,0,1.71,36,1,42.0,0.5,3.68,4.49,0.9,9.0,4.07,0.64,0.258,0.11699999999999999,0.165,0.894,0.068
2023,Tristan Beck,SFG,27,3,3,3.92,33,3,85.0,0.5,4.0,4.49,1.22,7.2,2.22,1.06,0.192,0.059000000000000004,0.289,0.7170000000000001,0.096
2023,Steven Okert,MIA,31,3,2,4.45,64,2,58.2,0.5,4.09,4.24,1.26,11.2,3.68,1.38,0.29600000000000004,0.09699999999999999,0.295,0.71,0.11800000000000001
2023,Andrew Chafin,- - -,33,3,4,4.73,63,0,51.1,0.5,4.01,4.07,1.42,11.05,4.91,1.05,0.281,0.125,0.31,0.6709999999999999,0.122
2023,Alex Faedo,DET,27,2,5,4.45,15,12,64.2,0.5,4.85,4.58,1.05,8.07,2.78,1.67,0.221,0.076,0.211,0.6509999999999999,0.14300000000000002
2023,Jalen Beeks,TBR,29,2,3,5.95,30,8,42.1,0.5,3.82,4.43,1.49,9.99,4.46,0.85,0.245,0.109,0.319,0.616,0.085
2023,Allan Winans,ATL,27,1,2,5.29,6,6,32.1,0.5,4.09,3.97,1.39,9.46,2.23,1.39,0.24100000000000002,0.057,0.348,0.7,0.135
2023,Joe Jimenez,ATL,28,0,3,3.04,59,0,56.1,0.5,3.59,3.6,1.15,11.66,2.24,1.44,0.307,0.059000000000000004,0.3,0.8270000000000001,0.127
2023,Austin Cox,KCR,26,0,1,4.54,24,3,35.2,0.5,3.73,4.76,1.26,8.33,4.29,0.5,0.221,0.114,0.274,0.611,0.053
2023,Jhony Brito,NYY,25,9,7,4.28,25,13,90.1,0.4,4.74,4.66,1.22,7.17,2.79,1.39,0.19399999999999998,0.075,0.268,0.71,0.132
2023,Tony Gonsolin,LAD,29,8,5,4.98,20,20,103.0,0.4,5.43,5.25,1.22,7.17,3.5,1.66,0.18899999999999997,0.092,0.233,0.677,0.138
2023,Eli Morgan,CLE,27,5,2,4.01,61,0,67.1,0.4,3.88,3.88,1.44,10.02,3.21,1.2,0.251,0.08,0.337,0.7140000000000001,0.127
2023,Jason Adam,TBR,31,4,2,2.98,56,0,54.1,0.4,3.99,3.81,1.01,11.43,3.31,1.16,0.311,0.09,0.239,0.7929999999999999,0.14300000000000002
2023,Cionel Perez,BAL,27,4,2,3.54,65,0,53.1,0.4,3.84,4.53,1.56,7.43,4.56,0.34,0.17800000000000002,0.109,0.318,0.677,0.053
2023,Bryan Baker,BAL,28,4,3,3.6,46,0,45.0,0.4,3.81,4.6,1.27,10.2,4.8,0.8,0.27399999999999997,0.129,0.274,0.7440000000000001,0.075
2023,Touki Toussaint,- - -,27,4,7,4.97,20,16,87.0,0.4,5.0,4.88,1.45,8.79,5.9,1.03,0.221,0.14800000000000002,0.262,0.7140000000000001,0.139
2023,Ben Lively,CIN,31,4,7,5.38,19,12,88.2,0.4,5.35,4.42,1.36,8.02,2.54,2.03,0.20600000000000002,0.065,0.297,0.74,0.187
2023,Hyun-Jin Ryu,TOR,36,3,3,3.46,11,11,52.0,0.4,4.91,4.41,1.29,6.58,2.42,1.56,0.17,0.063,0.272,0.7759999999999999,0.16399999999999998
2023,Victor Gonzalez,LAD,27,3,3,4.01,34,1,33.2,0.4,3.4,3.76,1.1,8.02,2.67,0.53,0.222,0.07400000000000001,0.278,0.672,0.087
2023,Xzavion Curry,CLE,24,3,4,4.07,41,9,95.0,0.4,4.5,5.27,1.35,6.35,2.84,1.14,0.166,0.07400000000000001,0.294,0.733,0.086
2023,Michael Fulmer,CHC,30,3,5,4.42,58,1,57.0,0.4,4.15,4.18,1.33,10.26,4.42,1.11,0.27399999999999997,0.11800000000000001,0.304,0.718,0.125
2023,Luis Medina,OAK,24,3,10,5.42,23,17,109.2,0.4,4.76,4.77,1.51,8.7,4.68,1.15,0.214,0.115,0.306,0.654,0.126
2023,Luke Weaver,- - -,29,3,6,6.4,29,25,123.2,0.4,5.61,4.7,1.58,7.93,2.91,2.11,0.19399999999999998,0.071,0.331,0.688,0.18100000000000002
2023,Ryan Pepiot,LAD,25,2,1,2.14,8,3,42.0,0.4,4.18,3.99,0.76,8.14,1.07,1.5,0.239,0.031,0.189,0.992,0.14
2023,Luke Jackson,SFG,31,2,2,2.97,33,0,33.1,0.4,3.29,3.5,1.23,11.61,4.05,0.81,0.301,0.105,0.284,0.741,0.107
2023,Austin Pruitt,OAK,33,2,6,2.98,38,6,48.1,0.4,4.17,5.04,1.16,5.59,2.23,0.93,0.153,0.061,0.264,0.78,0.077
2023,Kenny Rosenberg,LAA,27,2,2,3.82,7,3,33.0,0.4,4.04,4.87,1.48,7.91,3.82,0.82,0.19899999999999998,0.096,0.323,0.7859999999999999,0.075
2023,Andrew Wantz,LAA,27,2,0,3.89,27,3,39.1,0.4,4.12,5.11,1.09,7.55,3.43,0.92,0.20600000000000002,0.094,0.224,0.677,0.073
2023,Trevor Richards,TOR,30,2,1,4.95,56,3,72.2,0.4,4.22,3.8,1.35,13.0,4.33,1.61,0.33299999999999996,0.111,0.313,0.721,0.155
2023,Bailey Falter,- - -,26,2,9,5.36,18,14,80.2,0.4,5.25,4.56,1.41,6.69,2.23,1.9,0.17300000000000001,0.057999999999999996,0.308,0.654,0.17
2023,Joan Adon,WSN,24,2,4,6.45,12,10,51.2,0.4,4.98,4.92,1.63,8.36,4.18,1.39,0.2,0.1,0.331,0.66,0.131
2023,JT Chargois,MIA,32,1,0,3.61,46,5,42.1,0.4,3.8,4.28,1.25,7.44,3.83,0.64,0.201,0.10300000000000001,0.271,0.738,0.083
2023,Jose Soriano,LAA,24,1,3,3.64,38,0,42.0,0.4,3.97,3.79,1.33,12.0,4.93,0.86,0.303,0.124,0.305,0.7140000000000001,0.14800000000000002
2023,Carl Edwards Jr.,WSN,31,1,3,3.69,32,0,31.2,0.4,3.86,5.01,1.52,6.82,4.83,0.28,0.16899999999999998,0.12,0.303,0.735,0.033
2023,Steven Wilson,SDP,28,1,2,3.91,52,0,53.0,0.4,4.52,5.3,1.17,9.68,4.58,1.19,0.26,0.12300000000000001,0.224,0.7609999999999999,0.08800000000000001
2023,Chris Murphy,BOS,25,1,2,4.91,20,0,47.2,0.4,3.7,4.07,1.41,9.25,3.21,0.94,0.231,0.08,0.321,0.672,0.1
2023,Jake Diekman,- - -,36,0,2,3.34,63,0,56.2,0.4,3.75,4.52,1.32,10.16,6.04,0.48,0.263,0.156,0.248,0.655,0.06
2023,Bryan Shaw,CHW,35,0,0,4.14,38,0,45.2,0.4,3.87,4.9,1.23,7.88,3.35,0.59,0.21100000000000002,0.08900000000000001,0.29,0.7090000000000001,0.057999999999999996
2023,Martin Perez,TEX,32,10,4,4.45,35,20,141.2,0.3,4.99,4.96,1.4,5.91,3.11,1.33,0.153,0.081,0.293,0.743,0.13
2023,Kyle Finnegan,WSN,31,7,5,3.76,67,0,69.1,0.3,4.58,4.0,1.3,8.18,3.12,1.43,0.21899999999999997,0.083,0.291,0.767,0.177
2023,Bryse Wilson,MIL,25,6,0,2.58,53,0,76.2,0.3,4.13,4.72,1.07,7.16,2.58,1.06,0.19399999999999998,0.07,0.232,0.812,0.092
2023,Taylor Rogers,SFG,32,6,4,3.83,60,0,51.2,0.3,3.91,4.0,1.24,11.15,4.35,1.05,0.29600000000000004,0.11599999999999999,0.28,0.6829999999999999,0.12
2023,Dakota Hudson,STL,28,6,3,4.98,18,12,81.1,0.3,5.06,5.11,1.5,4.98,3.76,1.0,0.127,0.096,0.304,0.711,0.12300000000000001
2023,Derek Law,CIN,32,4,6,3.6,54,3,55.0,0.3,4.62,4.97,1.38,7.36,4.25,0.98,0.188,0.10800000000000001,0.275,0.779,0.102
2023,Collin McHugh,ATL,36,4,1,4.3,41,1,58.2,0.3,4.09,4.62,1.57,7.21,3.38,0.77,0.175,0.08199999999999999,0.342,0.6970000000000001,0.086
2023,Jordan Wicks,CHC,23,4,1,4.41,7,7,34.2,0.3,4.7,4.3,1.27,6.23,2.86,1.3,0.163,0.075,0.262,0.73,0.161
2023,Cody Bradford,TEX,25,4,3,5.3,20,8,56.0,0.3,4.68,4.43,1.21,8.2,1.93,1.77,0.218,0.051,0.283,0.672,0.141
2023,John Brebbia,SFG,33,3,5,3.99,40,10,38.1,0.3,3.93,4.23,1.17,11.03,3.29,1.41,0.292,0.087,0.266,0.6559999999999999,0.111
2023,Peter Strzelecki,- - -,28,3,5,4.38,37,0,37.0,0.3,3.93,4.75,1.22,9.0,2.92,0.73,0.22699999999999998,0.07400000000000001,0.291,0.7170000000000001,0.071
2023,Julio Teheran,MIL,32,3,5,4.4,14,11,71.2,0.3,4.93,4.67,1.13,6.28,1.63,1.63,0.174,0.045,0.264,0.7340000000000001,0.14300000000000002
2023,Daniel Lynch IV,KCR,26,3,4,4.64,9,9,52.1,0.3,5.17,5.33,1.26,5.85,2.75,1.55,0.152,0.07200000000000001,0.252,0.6990000000000001,0.11800000000000001
2023,Brandon Pfaadt,ARI,24,3,9,5.72,19,18,96.0,0.3,5.18,4.46,1.41,8.81,2.44,2.06,0.223,0.062,0.315,0.7,0.168
2023,Beau Brieske,DET,25,2,3,3.6,25,1,35.0,0.3,4.0,4.35,1.37,7.97,3.09,1.03,0.204,0.079,0.305,0.802,0.10300000000000001
2023,John King,- - -,28,2,1,3.62,35,0,37.1,0.3,3.68,3.92,1.47,4.82,2.41,0.48,0.127,0.064,0.344,0.7659999999999999,0.095
2023,Giovanny Gallegos,STL,31,2,4,4.42,56,0,55.0,0.3,4.36,3.93,1.2,9.65,1.96,1.8,0.258,0.052000000000000005,0.293,0.7509999999999999,0.153
2023,Joe Mantiply,ARI,32,2,2,4.62,35,3,39.0,0.3,3.84,4.21,1.13,6.46,2.08,0.92,0.17800000000000002,0.057,0.267,0.573,0.1
2023,Jovani Moran,MIN,26,2,2,5.31,43,0,42.1,0.3,3.82,4.46,1.46,10.2,5.74,0.64,0.261,0.147,0.302,0.606,0.075
2023,James Kaprielian,OAK,29,2,6,6.34,14,11,61.0,0.3,5.07,5.65,1.59,8.41,4.57,1.33,0.204,0.111,0.32,0.638,0.098
2023,Tommy Kahnle,NYY,33,1,3,2.66,42,0,40.2,0.3,3.97,3.79,1.11,10.62,4.2,1.11,0.29100000000000004,0.115,0.228,0.821,0.14300000000000002
2023,Andre Jackson,- - -,27,1,3,4.99,19,7,61.1,0.3,4.9,4.46,1.21,8.36,3.23,1.61,0.222,0.086,0.248,0.693,0.157
2023,Carlos Hernandez,KCR,26,1,10,5.27,67,4,70.0,0.3,4.28,4.34,1.33,9.9,3.99,1.29,0.257,0.10300000000000001,0.287,0.638,0.12300000000000001
2023,Kyle Nelson,ARI,26,7,4,4.18,68,2,56.0,0.2,4.45,3.56,1.3,10.77,2.25,1.93,0.28,0.059000000000000004,0.324,0.769,0.188
2023,Shintaro Fujinami,- - -,29,7,8,7.18,64,7,79.0,0.2,4.61,5.05,1.49,9.46,5.13,1.03,0.23199999999999998,0.126,0.3,0.534,0.098
2023,Miguel Castro,ARI,28,6,6,4.31,75,0,64.2,0.2,4.31,4.26,1.18,8.35,3.48,1.11,0.22399999999999998,0.09300000000000001,0.25,0.693,0.131
2023,Jordan Lyles,KCR,32,6,17,6.28,31,31,177.2,0.2,5.62,5.34,1.24,6.08,2.28,1.98,0.16,0.06,0.255,0.563,0.141
2023,Brandon Bielak,HOU,27,5,6,3.83,15,13,80.0,0.2,5.19,4.9,1.53,6.98,4.05,1.35,0.17600000000000002,0.102,0.311,0.762,0.15
2023,Alex Wood,SFG,32,5,5,4.33,29,12,97.2,0.2,4.47,5.14,1.43,6.82,3.87,0.83,0.172,0.098,0.301,0.7090000000000001,0.08199999999999999
2023,Phil Bickford,- - -,27,5,5,4.95,61,0,67.1,0.2,4.46,5.05,1.46,10.16,5.21,1.07,0.25,0.128,0.288,0.672,0.092
2023,Chase Silseth,LAA,23,4,1,3.96,16,8,52.1,0.2,4.96,3.98,1.28,9.63,4.47,1.55,0.253,0.11800000000000001,0.25,0.762,0.225
2023,Drew Smith,NYM,29,4,6,4.15,62,0,56.1,0.2,4.55,5.22,1.4,9.59,4.63,1.12,0.24600000000000002,0.11900000000000001,0.301,0.7140000000000001,0.09
2023,Louie Varland,MIN,25,4,3,4.63,17,10,68.0,0.2,5.02,3.81,1.22,9.4,2.25,2.12,0.251,0.06,0.281,0.795,0.21100000000000002
2023,Carmen Mlodzinski,PIT,24,3,3,2.25,35,1,36.0,0.2,4.03,4.33,1.28,8.5,4.5,0.75,0.22399999999999998,0.11800000000000001,0.26,0.7709999999999999,0.1
2023,Tayler Saucedo,SEA,30,3,2,3.59,52,0,47.2,0.2,3.82,4.14,1.34,8.12,4.34,0.38,0.20800000000000002,0.111,0.293,0.7440000000000001,0.08
2023,Jose Urquidy,HOU,28,3,3,5.29,16,10,63.0,0.2,5.38,5.45,1.43,6.43,3.57,1.57,0.16399999999999998,0.091,0.281,0.718,0.124
2023,Peter Lambert,COL,26,3,7,5.36,25,11,87.1,0.2,5.44,4.92,1.39,7.32,2.89,1.85,0.18899999999999997,0.075,0.296,0.7140000000000001,0.158
2023,Andrew Vasquez,- - -,29,2,1,3.35,42,0,48.1,0.2,4.41,4.98,1.43,8.01,4.28,0.74,0.196,0.105,0.296,0.7809999999999999,0.083
2023,Genesis Cabrera,- - -,26,2,1,4.04,61,0,55.2,0.2,4.44,4.56,1.31,9.38,3.88,1.29,0.243,0.1,0.279,0.737,0.11900000000000001
2023,Brendan White,DET,24,2,3,5.09,33,2,40.2,0.2,3.85,3.87,1.35,9.74,3.32,0.89,0.249,0.085,0.33,0.643,0.125
2023,Dallas Keuchel,MIN,35,2,1,5.97,10,6,37.2,0.2,4.56,4.84,1.67,5.97,4.3,0.72,0.145,0.105,0.339,0.6579999999999999,0.1
2023,Aaron Loup,LAA,35,2,3,6.1,55,0,48.2,0.2,4.36,4.6,1.75,8.32,3.7,1.11,0.195,0.087,0.373,0.636,0.111
2023,Bowden Francis,TOR,27,1,0,1.73,20,0,36.1,0.2,3.86,4.16,0.83,8.67,1.98,1.24,0.257,0.059000000000000004,0.195,1.0,0.109
2023,Joe La Sorsa,- - -,25,1,0,4.41,25,0,32.2,0.2,4.11,4.84,1.26,7.71,2.48,0.83,0.193,0.062,0.293,0.7240000000000001,0.079
2023,Chasen Shreve,- - -,32,1,2,4.63,50,0,44.2,0.2,4.28,4.06,1.34,9.07,2.82,1.41,0.233,0.073,0.31,0.703,0.14300000000000002
2023,Keaton Winn,SFG,25,1,3,4.68,9,5,42.1,0.2,4.37,3.89,1.04,7.44,1.7,1.28,0.203,0.047,0.254,0.665,0.171
2023,Yunior Marte,PHI,28,1,1,5.03,40,0,39.1,0.2,4.68,4.29,1.63,8.69,3.89,1.37,0.209,0.09300000000000001,0.342,0.6709999999999999,0.158
2023,Chase Anderson,- - -,35,1,6,5.42,19,17,86.1,0.2,5.72,5.35,1.42,6.67,3.44,1.77,0.172,0.08900000000000001,0.291,0.725,0.149
2023,George Soriano,MIA,24,0,0,3.81,26,1,52.0,0.2,4.37,4.68,1.33,9.0,3.98,1.04,0.228,0.10099999999999999,0.282,0.732,0.105
2023,Mike Baumann,BAL,27,10,1,3.76,60,0,64.2,0.1,4.4,4.81,1.31,8.49,4.59,0.97,0.223,0.121,0.265,0.7509999999999999,0.099
2023,Michael Tonkin,ATL,33,7,3,4.28,45,0,80.0,0.1,4.43,4.3,1.09,8.44,2.59,1.46,0.231,0.071,0.241,0.6779999999999999,0.135
2023,Seranthony Dominguez,PHI,28,5,5,3.78,57,0,50.0,0.1,4.84,4.9,1.4,8.64,3.96,1.26,0.214,0.098,0.291,0.77,0.12300000000000001
2023,Trevor May,OAK,33,4,4,3.28,49,0,46.2,0.1,4.71,5.69,1.37,7.71,5.59,0.77,0.195,0.141,0.24,0.7490000000000001,0.068
2023,Alex Young,CIN,29,4,2,3.86,63,0,53.2,0.1,4.99,4.26,1.36,8.39,3.35,1.68,0.212,0.085,0.277,0.7829999999999999,0.182
2023,Jared Shuster,ATL,24,4,3,5.81,11,11,52.2,0.1,5.38,6.13,1.5,5.13,4.44,1.2,0.13,0.113,0.277,0.655,0.08900000000000001
2023,Caleb Thielbar,MIN,36,3,1,3.23,36,0,30.2,0.1,4.46,3.49,0.95,10.57,1.76,2.05,0.3,0.05,0.225,0.885,0.18899999999999997
2023,Ryne Stanek,HOU,31,3,1,4.09,55,0,50.2,0.1,4.6,5.06,1.24,9.06,3.73,1.42,0.239,0.099,0.258,0.758,0.10400000000000001
2023,Angel Zerpa,KCR,23,3,3,4.85,15,3,42.2,0.1,4.54,4.04,1.27,7.59,1.69,1.48,0.198,0.044000000000000004,0.307,0.705,0.16699999999999998
2023,Jose A. Ferrer,WSN,23,3,0,5.03,39,0,34.0,0.1,4.55,4.09,1.47,6.62,3.44,1.06,0.17600000000000002,0.092,0.333,0.705,0.182
2023,Yency Almonte,LAD,29,3,2,5.06,49,0,48.0,0.1,4.59,4.55,1.4,9.19,4.5,1.13,0.23600000000000002,0.115,0.296,0.655,0.13
2023,Rafael Montero,HOU,32,3,3,5.08,68,0,67.1,0.1,4.46,4.1,1.53,10.56,3.88,1.47,0.265,0.09699999999999999,0.358,0.728,0.153
2023,Ty Blach,COL,32,3,3,5.54,20,13,78.0,0.1,5.63,5.01,1.64,5.77,2.77,1.73,0.142,0.068,0.346,0.735,0.16899999999999998
2023,Roansy Contreras,PIT,23,3,7,6.59,19,11,68.1,0.1,5.19,5.2,1.57,7.24,4.21,1.45,0.182,0.106,0.315,0.626,0.126
2023,Randy Vasquez,NYY,24,2,2,2.87,11,5,37.2,0.1,4.98,5.27,1.27,7.88,4.3,1.19,0.19899999999999998,0.10800000000000001,0.236,0.889,0.109
2023,Keynan Middleton,- - -,29,2,2,3.38,51,0,50.2,0.1,4.2,3.26,1.24,11.37,4.09,1.42,0.302,0.10800000000000001,0.276,0.833,0.235
2023,John Schreiber,BOS,29,2,1,3.86,46,2,46.2,0.1,4.52,4.48,1.41,10.22,4.82,1.16,0.26,0.12300000000000001,0.302,0.779,0.13
2023,Luis Garcia,SDP,36,2,3,4.07,61,0,59.2,0.1,4.29,4.01,1.39,7.99,3.62,0.91,0.19899999999999998,0.09,0.298,0.732,0.162
2023,Josh Winder,MIN,26,2,1,4.15,19,0,34.2,0.1,3.98,5.0,1.41,7.27,3.63,0.78,0.19,0.095,0.314,0.737,0.067
2023,Hunter Gaddis,CLE,25,2,1,4.5,11,7,42.0,0.1,5.26,6.43,1.31,5.14,3.0,1.29,0.132,0.077,0.261,0.7509999999999999,0.078
2023,Tyler Alexander,DET,28,2,1,4.5,25,1,44.0,0.1,4.1,4.14,1.11,9.0,1.02,1.64,0.243,0.027999999999999997,0.295,0.653,0.125
2023,Mauricio Llovera,- - -,27,2,3,4.89,30,0,35.0,0.1,4.34,4.79,1.46,7.46,3.86,0.77,0.18100000000000002,0.094,0.303,0.591,0.091
2023,Grant Anderson,TEX,26,2,1,5.05,26,0,35.2,0.1,4.66,4.69,1.46,7.57,3.53,1.26,0.195,0.091,0.317,0.7170000000000001,0.125
2023,Seth Martinez,HOU,28,2,3,5.23,35,0,43.0,0.1,4.42,4.71,1.49,9.42,3.98,1.05,0.231,0.09699999999999999,0.333,0.6509999999999999,0.106
2023,Jacob Webb,- - -,29,1,1,3.69,54,0,53.2,0.1,4.48,4.85,1.29,9.56,5.03,1.01,0.24600000000000002,0.129,0.244,0.789,0.102
2023,Ryan Thompson,- - -,31,1,2,3.82,31,0,30.2,0.1,4.33,4.41,0.91,6.16,2.35,0.88,0.174,0.066,0.2,0.647,0.12
2023,Matt Waldron,SDP,26,1,3,4.35,8,6,41.1,0.1,5.46,4.79,1.23,6.75,2.61,1.96,0.179,0.069,0.248,0.807,0.16699999999999998
2023,Tanner Banks,CHW,31,1,4,4.43,32,3,61.0,0.1,4.7,4.71,1.23,7.52,2.36,1.48,0.2,0.063,0.282,0.723,0.127
2023,Jose Hernandez,PIT,25,1,3,4.97,50,0,50.2,0.1,4.48,4.0,1.36,11.01,3.91,1.6,0.278,0.099,0.295,0.6970000000000001,0.161
2023,Tucker Davidson,- - -,27,1,2,5.96,38,1,51.1,0.1,4.27,4.42,1.62,8.06,3.33,1.05,0.195,0.081,0.358,0.631,0.115
2023,Peyton Battenfield,CLE,25,0,5,5.19,7,6,34.2,0.1,5.36,4.83,1.33,7.01,3.12,1.82,0.185,0.08199999999999999,0.27,0.6629999999999999,0.159
2023,Alex Lange,DET,27,7,5,3.68,67,0,66.0,0.0,4.36,4.38,1.33,10.77,6.14,0.82,0.27399999999999997,0.156,0.243,0.748,0.125
2023,Jordan Weems,WSN,30,5,1,3.62,51,0,54.2,0.0,4.9,4.64,1.21,9.88,4.61,1.48,0.259,0.121,0.22,0.78,0.145
2023,Grant Hartwig,NYM,25,5,2,4.84,28,0,35.1,0.0,4.44,4.84,1.39,7.64,3.82,0.76,0.19,0.095,0.298,0.63,0.094
2023,Nate Pearson,TOR,26,5,2,4.85,35,0,42.2,0.0,4.85,5.04,1.27,9.07,3.8,1.48,0.23600000000000002,0.099,0.261,0.6779999999999999,0.11699999999999999
2023,Drey Jameson,ARI,25,3,1,3.32,15,3,40.2,0.0,4.76,4.71,1.43,8.19,3.98,1.33,0.213,0.10300000000000001,0.304,0.87,0.13
2023,Jose Cuas,- - -,29,3,2,3.99,72,2,65.1,0.0,4.6,4.48,1.5,9.78,4.82,1.1,0.243,0.12,0.322,0.8,0.138
2023,Jose Cisnero,DET,34,3,4,5.31,63,0,59.1,0.0,4.6,4.2,1.48,10.62,3.79,1.52,0.262,0.094,0.338,0.684,0.156
2023,Hogan Harris,OAK,26,3,6,7.14,14,6,63.0,0.0,5.02,5.21,1.51,8.0,4.0,1.43,0.19699999999999998,0.099,0.305,0.56,0.11599999999999999
2023,Nick Lodolo,CIN,25,2,1,6.29,7,7,34.1,0.0,5.79,3.78,1.75,12.32,2.62,2.62,0.28300000000000003,0.06,0.435,0.8109999999999999,0.27
2023,Trent Thornton,- - -,29,1,2,2.01,27,1,31.1,0.0,4.24,4.18,1.15,7.47,1.72,1.44,0.20800000000000002,0.048,0.284,0.828,0.132
2023,Dylan Covey,- - -,31,1,3,3.77,29,1,43.0,0.0,4.7,4.42,1.51,6.28,3.56,1.05,0.157,0.08900000000000001,0.314,0.75,0.156
2023,Jesse Scholtens,CHW,29,1,9,5.29,26,11,85.0,0.0,5.31,5.28,1.53,6.14,3.18,1.59,0.154,0.08,0.313,0.703,0.129
2023,Jonathan Hernandez,TEX,26,1,2,5.4,33,0,31.2,0.0,4.55,4.63,1.58,9.66,4.26,1.14,0.231,0.102,0.344,0.7020000000000001,0.121
2023,Kyle Wright,ATL,27,1,3,6.97,9,7,31.0,0.0,5.19,4.05,1.84,9.87,4.94,1.45,0.21899999999999997,0.11,0.368,0.648,0.278
2023,Spencer Turnbull,DET,30,1,4,7.26,7,7,31.0,0.0,5.55,5.21,1.68,6.97,4.35,1.45,0.166,0.10300000000000001,0.327,0.604,0.152
2023,Noah Davis,COL,26,0,4,8.7,8,6,30.0,0.0,6.02,5.35,1.93,7.8,4.5,1.8,0.17800000000000002,0.10300000000000001,0.389,0.597,0.171
2023,Kirby Yates,ATL,36,7,2,3.28,61,0,60.1,-0.1,4.63,4.34,1.19,11.93,5.52,1.34,0.315,0.146,0.211,0.8540000000000001,0.15
2023,Kendall Graveman,- - -,32,5,6,3.12,68,0,66.1,-0.1,4.88,4.81,1.31,8.95,4.88,1.22,0.23399999999999999,0.128,0.253,0.8190000000000001,0.132
2023,Ron Marinaccio,NYY,27,4,5,3.99,45,0,47.1,-0.1,4.69,4.79,1.31,10.65,5.13,1.14,0.273,0.132,0.266,0.743,0.12
2023,Andre Pallante,STL,24,4,1,4.76,62,0,68.0,-0.1,4.59,4.01,1.56,5.69,3.97,0.79,0.142,0.099,0.318,0.716,0.261
2023,Matt Koch,COL,32,3,2,5.12,39,1,38.2,-0.1,5.07,4.42,1.29,6.28,2.09,1.63,0.166,0.055,0.288,0.711,0.175
2023,Carlos Rodon,NYY,30,3,8,6.85,14,14,64.1,-0.1,5.79,5.3,1.45,8.95,3.92,2.1,0.22399999999999998,0.098,0.286,0.605,0.152
2023,Scott McGough,ARI,33,2,7,4.73,63,1,70.1,-0.1,4.76,3.51,1.28,11.0,3.84,1.79,0.28600000000000003,0.1,0.272,0.718,0.24600000000000002
2023,Michael Rucker,CHC,29,2,1,4.91,35,0,40.1,-0.1,4.84,4.22,1.44,8.93,4.24,1.34,0.22699999999999998,0.10800000000000001,0.306,0.741,0.188
2023,Adam Ottavino,NYM,37,1,7,3.21,66,0,61.2,-0.1,4.52,4.33,1.22,9.05,4.23,1.02,0.23800000000000002,0.111,0.252,0.8059999999999999,0.146
2023,Luis Frias,ARI,25,1,0,4.06,29,0,31.0,-0.1,4.67,5.39,1.52,7.55,4.94,0.87,0.187,0.122,0.297,0.7809999999999999,0.081
2023,Kyle Harrison,SFG,21,1,1,4.15,7,7,34.2,-0.1,5.53,5.01,1.15,9.09,2.86,2.08,0.23800000000000002,0.075,0.236,0.762,0.154
2023,Yohan Ramirez,- - -,28,1,0,4.23,31,0,38.1,-0.1,4.64,4.66,1.46,8.22,3.99,0.7,0.19899999999999998,0.09699999999999999,0.327,0.732,0.125
2023,Richard Bleier,BOS,36,1,0,5.28,27,0,30.2,-0.1,5.11,4.5,1.37,4.7,1.47,1.47,0.121,0.038,0.311,0.6579999999999999,0.179
2023,Connor Seabold,COL,27,1,7,7.52,27,13,87.1,-0.1,5.75,5.59,1.65,6.9,2.89,1.96,0.16399999999999998,0.069,0.338,0.603,0.135
2023,Drew Rom,STL,23,1,4,8.02,8,8,33.2,-0.1,5.75,5.6,2.08,8.55,5.08,1.87,0.188,0.11199999999999999,0.393,0.598,0.135
2023,Adrian Martinez,OAK,26,0,2,4.75,22,1,55.0,-0.1,4.75,4.66,1.42,7.69,3.11,1.31,0.195,0.079,0.315,0.7240000000000001,0.133
2023,Sam Long,OAK,27,0,1,5.6,40,1,45.0,-0.1,4.74,5.39,1.56,6.4,4.2,1.0,0.161,0.106,0.314,0.6559999999999999,0.08800000000000001
2023,Trevor Williams,WSN,31,6,10,5.55,30,30,144.1,-0.2,5.98,5.21,1.6,6.92,3.3,2.12,0.168,0.08,0.316,0.738,0.17
2023,Drew VerHagen,STL,32,5,1,3.98,60,0,61.0,-0.2,4.93,5.07,1.28,8.85,3.84,1.33,0.22399999999999998,0.09699999999999999,0.262,0.7659999999999999,0.11800000000000001
2023,Ken Waldichuk,OAK,25,4,9,5.36,35,22,141.0,-0.2,5.3,5.08,1.56,8.43,4.53,1.53,0.207,0.111,0.31,0.696,0.141
2023,Daniel Duarte,CIN,26,3,0,3.69,31,0,31.2,-0.2,5.84,5.62,1.39,6.54,5.68,1.42,0.16899999999999998,0.147,0.218,0.816,0.14300000000000002
2023,Brad Keller,KCR,27,3,4,4.57,11,9,45.1,-0.2,5.92,6.41,1.92,6.15,8.93,0.6,0.147,0.213,0.302,0.746,0.081
2023,Taylor Clarke,KCR,30,3,6,5.95,58,2,59.0,-0.2,5.07,4.81,1.61,9.92,3.66,1.83,0.244,0.09,0.364,0.69,0.141
2023,James Karinchak,CLE,27,2,5,3.23,44,0,39.0,-0.2,4.97,4.97,1.33,12.0,6.46,1.38,0.304,0.16399999999999998,0.22,0.794,0.128
2023,Karl Kauffmann,COL,25,2,5,8.23,11,3,35.0,-0.2,5.91,6.28,1.66,4.11,4.11,1.29,0.10099999999999999,0.10099999999999999,0.316,0.509,0.106
2023,Austin Voth,BAL,31,1,2,5.19,25,0,34.2,-0.2,5.1,5.09,1.56,8.83,3.89,1.56,0.213,0.094,0.324,0.72,0.128
2023,Ryan Weathers,- - -,23,1,8,6.55,15,12,57.2,-0.2,6.03,5.56,1.68,6.71,4.53,1.87,0.16699999999999998,0.113,0.326,0.665,0.154
2023,Ross Stripling,SFG,33,0,5,5.36,22,11,89.0,-0.2,5.21,3.98,1.35,7.08,1.62,2.02,0.184,0.042,0.308,0.723,0.22
2023,Nick Sandlin,CLE,26,5,5,3.75,61,0,60.0,-0.3,4.96,4.12,1.03,9.9,3.6,1.8,0.276,0.1,0.193,0.763,0.188
2023,Brock Burke,TEX,26,5,3,4.37,53,0,59.2,-0.3,4.9,4.12,1.22,7.84,1.36,1.96,0.20800000000000002,0.036000000000000004,0.293,0.757,0.17600000000000002
2023,Yonny Chirinos,- - -,29,5,5,5.4,20,9,85.0,-0.3,5.43,4.97,1.39,5.61,2.86,1.59,0.14400000000000002,0.07400000000000001,0.285,0.6859999999999999,0.16
2023,Hayden Wesneski,CHC,25,3,5,4.63,34,11,89.1,-0.3,5.48,4.35,1.28,8.36,3.22,2.01,0.21899999999999997,0.084,0.257,0.753,0.20800000000000002
2023,Erasmo Ramirez,- - -,33,3,3,6.41,38,2,60.1,-0.3,5.05,4.73,1.57,6.41,1.94,1.64,0.157,0.047,0.35,0.622,0.147
2023,Carlos Carrasco,NYM,36,3,8,6.8,20,20,90.0,-0.3,5.86,4.93,1.7,6.6,3.8,1.8,0.158,0.091,0.336,0.6579999999999999,0.198
2023,Bryan Hoeing,MIA,26,2,3,5.48,33,7,70.2,-0.3,5.29,4.91,1.36,6.75,3.18,1.66,0.174,0.08199999999999999,0.275,0.664,0.151
2023,Cooper Criswell,TBR,26,1,1,5.73,10,0,33.0,-0.3,5.35,4.54,1.55,7.36,3.0,1.64,0.179,0.073,0.33,0.687,0.19399999999999998
2023,Luis L. Ortiz,PIT,24,5,5,4.78,18,15,86.2,-0.4,5.57,5.38,1.7,6.13,4.98,1.35,0.14800000000000002,0.12,0.309,0.757,0.141
2023,Adam Wainwright,STL,41,5,11,7.4,21,21,101.0,-0.4,5.99,5.77,1.9,4.9,3.65,1.78,0.114,0.085,0.357,0.63,0.139
2023,Alek Manoah,TOR,25,3,9,5.87,19,19,87.1,-0.4,6.01,5.85,1.74,8.14,6.08,1.55,0.19,0.142,0.308,0.7140000000000001,0.138
2023,Ronel Blanco,HOU,29,2,1,4.5,17,7,52.0,-0.4,5.99,5.12,1.48,9.0,4.85,2.08,0.23,0.124,0.28,0.804,0.179
2023,Albert Abreu,NYY,27,2,2,4.73,45,0,59.0,-0.4,5.26,4.98,1.47,9.31,5.34,1.37,0.228,0.131,0.274,0.672,0.14800000000000002
2023,Brent Honeywell,- - -,28,2,4,4.82,40,0,52.1,-0.4,5.62,4.78,1.45,7.74,3.96,1.72,0.192,0.098,0.285,0.7759999999999999,0.192
2023,Michael Soroka,ATL,25,2,2,6.4,7,6,32.1,-0.4,6.56,4.68,1.48,8.07,3.34,2.51,0.2,0.083,0.297,0.736,0.265
2023,Noah Syndergaard,- - -,30,2,6,6.5,18,18,88.2,-0.4,6.2,5.21,1.39,5.68,1.93,2.23,0.14300000000000002,0.049,0.289,0.665,0.183
2023,Tim Hill,SDP,33,1,4,5.48,48,0,44.1,-0.4,5.49,4.74,1.65,5.28,2.84,1.42,0.129,0.069,0.349,0.621,0.2
2023,Cory Abbott,WSN,27,1,2,6.64,22,0,39.1,-0.4,5.95,4.82,1.7,9.15,4.35,2.06,0.21899999999999997,0.10400000000000001,0.351,0.7190000000000001,0.205
2023,Gavin Stone,LAD,24,1,1,9.0,8,4,31.0,-0.4,6.64,5.15,1.9,6.39,3.77,2.32,0.145,0.086,0.355,0.5820000000000001,0.22899999999999998
2023,Wandy Peralta,NYY,31,4,2,2.83,63,0,54.0,-0.5,5.05,4.5,1.22,8.5,5.0,1.17,0.225,0.132,0.218,0.852,0.18899999999999997
2023,Daniel Bard,COL,38,4,2,4.56,50,0,49.1,-0.5,6.13,6.76,1.7,8.57,8.94,0.91,0.203,0.21100000000000002,0.244,0.7290000000000001,0.086
2023,Andres Machado,WSN,30,4,1,5.22,44,0,50.0,-0.5,5.5,4.03,1.32,7.74,2.34,2.16,0.20800000000000002,0.063,0.297,0.757,0.24
2023,Alec Marsh,KCR,25,3,9,5.69,17,8,74.1,-0.5,5.7,4.84,1.56,10.29,4.72,1.94,0.249,0.114,0.316,0.731,0.184
2023,Joey Wentz,DET,25,3,13,6.9,25,19,105.2,-0.5,5.81,5.13,1.68,8.35,4.0,2.13,0.19899999999999998,0.096,0.329,0.636,0.163
2023,Josh Fleming,TBR,27,2,0,4.7,12,3,51.2,-0.5,5.66,4.51,1.45,4.35,3.31,1.57,0.113,0.086,0.28,0.737,0.257
2023,Gavin Hollowell,COL,25,2,0,5.88,26,0,33.2,-0.5,6.58,5.6,1.46,8.55,4.81,2.14,0.20800000000000002,0.11699999999999999,0.256,0.731,0.18600000000000003
2023,Chris Flexen,- - -,28,2,8,6.86,29,16,102.1,-0.5,6.22,5.12,1.67,6.51,3.34,2.2,0.159,0.08199999999999999,0.332,0.6709999999999999,0.19399999999999998
2023,Dylan Dodd,ATL,25,2,2,7.6,7,7,34.1,-0.5,6.92,6.5,1.89,3.93,3.15,2.36,0.091,0.073,0.346,0.693,0.145
2023,Jose Suarez,LAA,25,1,3,8.29,11,7,33.2,-0.5,7.32,6.16,1.96,7.49,5.35,2.67,0.17,0.121,0.34,0.66,0.182
2023,Thad Ward,WSN,26,0,0,6.37,26,0,35.1,-0.5,6.68,5.98,1.61,7.64,7.13,1.78,0.188,0.175,0.237,0.6709999999999999,0.175
2023,Luis Severino,NYY,29,4,8,6.65,19,18,89.1,-0.6,6.14,4.83,1.65,7.96,3.43,2.32,0.18899999999999997,0.08199999999999999,0.326,0.659,0.209
2023,Quinn Priester,PIT,22,3,3,7.74,10,8,50.0,-0.6,6.74,5.1,1.7,6.48,4.86,2.16,0.154,0.115,0.295,0.632,0.267
2023,Jimmy Lambert,CHW,28,2,3,5.26,35,1,37.2,-0.6,6.2,4.9,1.62,9.8,4.78,2.39,0.23800000000000002,0.11599999999999999,0.31,0.75,0.204
2023,Jake Woodford,STL,26,2,3,6.23,15,8,47.2,-0.6,6.61,5.28,1.74,5.48,4.15,2.08,0.131,0.099,0.318,0.737,0.22899999999999998
2023,Jeff Brigham,NYM,31,1,3,5.26,37,0,37.2,-0.6,5.96,4.88,1.17,10.04,4.3,2.15,0.263,0.113,0.198,0.7140000000000001,0.196
2023,Jose Urena,- - -,31,0,7,6.45,10,10,44.2,-0.6,7.28,5.46,1.61,5.84,4.43,2.62,0.14300000000000002,0.10800000000000001,0.268,0.657,0.245
2023,Chad Kuhl,WSN,30,0,4,8.45,16,5,38.1,-0.6,6.78,6.35,1.96,7.28,6.57,1.88,0.166,0.15,0.333,0.599,0.151
2023,Mason Englert,DET,23,4,3,5.46,31,1,56.0,-0.7,5.59,5.02,1.5,6.59,2.73,1.93,0.162,0.067,0.304,0.679,0.16
2023,Jaime Barria,LAA,26,2,6,5.68,34,6,82.1,-0.7,6.07,5.32,1.47,6.78,3.28,2.19,0.171,0.083,0.286,0.632,0.16699999999999998
2023,Jose Ruiz,- - -,28,2,1,5.89,38,1,44.1,-0.7,6.26,5.22,1.65,7.92,4.26,2.03,0.188,0.10099999999999999,0.321,0.738,0.196
2023,Johnny Cueto,MIA,37,1,4,6.02,13,10,52.1,-0.7,7.02,5.2,1.26,6.71,2.58,2.92,0.179,0.069,0.236,0.73,0.22399999999999998
2023,Kyle Muller,OAK,25,1,5,7.6,21,13,77.0,-0.7,6.14,5.5,1.96,6.55,4.56,1.87,0.151,0.105,0.372,0.6759999999999999,0.16699999999999998
2023,Corey Kluber,BOS,37,3,6,7.04,15,9,55.0,-0.8,7.11,5.8,1.64,6.87,3.44,2.78,0.163,0.08199999999999999,0.301,0.67,0.18899999999999997
2023,Dominic Leone,- - -,31,1,3,4.67,51,0,54.0,-0.8,6.29,4.94,1.43,9.0,4.67,2.33,0.23,0.11900000000000001,0.255,0.8590000000000001,0.212
2023,Jorge Lopez,- - -,30,6,2,5.95,61,0,59.0,-0.9,5.76,4.69,1.51,7.47,3.36,1.83,0.184,0.083,0.314,0.6859999999999999,0.214
2023,Eric Lauer,MIL,28,4,6,6.56,10,9,46.2,-0.9,7.41,5.58,1.67,8.29,4.63,3.09,0.204,0.114,0.297,0.701,0.21600000000000003
2023,Michael Kopech,CHW,27,5,12,5.43,30,27,129.1,-1.0,6.46,5.68,1.59,9.32,6.33,2.02,0.22699999999999998,0.154,0.264,0.777,0.174
2024,Chris Sale,ATL,35,18,3,2.38,29,29,177.2,6.4,2.09,2.64,1.01,11.4,1.98,0.46,0.321,0.055999999999999994,0.314,0.7979999999999999,0.063
2024,Tarik Skubal,DET,27,18,4,2.39,31,31,192.0,6.0,2.49,2.83,0.92,10.69,1.64,0.7,0.303,0.046,0.273,0.8,0.08800000000000001
2024,Zack Wheeler,PHI,34,16,7,2.57,32,32,200.0,5.4,3.13,3.3,0.96,10.08,2.34,0.9,0.285,0.066,0.246,0.8009999999999999,0.10300000000000001
2024,Cole Ragans,KCR,26,11,9,3.14,32,32,186.1,4.9,2.99,3.46,1.14,10.77,3.24,0.72,0.293,0.08800000000000001,0.29,0.747,0.081
2024,Seth Lugo,KCR,34,16,9,3.0,33,33,206.2,4.7,3.25,3.83,1.09,7.88,2.09,0.7,0.217,0.057,0.277,0.7509999999999999,0.07400000000000001
2024,Dylan Cease,SDP,28,14,11,3.47,33,33,189.1,4.7,3.1,3.44,1.07,10.65,3.09,0.86,0.294,0.085,0.263,0.6940000000000001,0.091
2024,Cristopher Sanchez,PHI,27,11,9,3.32,31,31,181.2,4.7,3.0,3.19,1.24,7.58,2.18,0.54,0.203,0.057999999999999996,0.313,0.7120000000000001,0.09300000000000001
2024,Garrett Crochet,CHW,25,6,12,3.58,32,32,146.0,4.6,2.69,2.38,1.07,12.88,2.03,1.11,0.35100000000000003,0.055,0.318,0.736,0.14400000000000002
2024,Logan Webb,SFG,27,13,10,3.47,33,33,204.2,4.4,2.95,3.28,1.23,7.56,2.2,0.48,0.205,0.059000000000000004,0.315,0.7170000000000001,0.079
2024,Paul Skenes,PIT,22,11,3,1.96,23,23,133.0,4.3,2.44,2.54,0.95,11.5,2.17,0.68,0.331,0.062,0.284,0.856,0.106
2024,George Kirby,SEA,26,14,11,3.53,33,33,191.0,4.1,3.26,3.58,1.07,8.43,1.08,1.04,0.23,0.03,0.291,0.716,0.096
2024,Logan Gilbert,SEA,27,9,12,3.23,33,33,208.2,4.0,3.27,3.11,0.89,9.49,1.6,1.12,0.27399999999999997,0.046,0.236,0.695,0.129
2024,Michael King,SDP,29,13,9,2.95,31,30,173.2,3.9,3.33,3.5,1.19,10.42,3.26,0.88,0.27699999999999997,0.087,0.29,0.752,0.10300000000000001
2024,Tanner Houck,BOS,28,9,10,3.12,30,30,178.2,3.9,3.32,3.58,1.14,7.76,2.42,0.55,0.207,0.065,0.282,0.7090000000000001,0.08800000000000001
2024,Tyler Glasnow,LAD,30,9,6,3.49,22,22,134.0,3.9,2.9,2.68,0.95,11.28,2.35,1.01,0.322,0.067,0.253,0.698,0.136
2024,Corbin Burnes,BAL,29,15,9,2.92,32,32,194.1,3.8,3.55,3.55,1.1,8.38,2.22,1.02,0.231,0.061,0.269,0.755,0.11599999999999999
2024,Sonny Gray,STL,34,13,9,3.84,28,28,166.1,3.8,3.12,2.82,1.09,10.98,2.11,1.14,0.303,0.057999999999999996,0.299,0.679,0.14300000000000002
2024,Framber Valdez,HOU,30,15,7,2.91,28,28,176.1,3.7,3.25,3.08,1.11,8.63,2.81,0.66,0.24,0.078,0.276,0.7709999999999999,0.14
2024,Hunter Greene,CIN,24,9,5,2.75,26,26,150.1,3.7,3.47,4.19,1.02,10.12,3.41,0.72,0.27699999999999997,0.09300000000000001,0.237,0.805,0.069
2024,Yusei Kikuchi,- - -,33,9,10,4.05,32,32,175.2,3.6,3.46,3.2,1.2,10.55,2.25,1.28,0.28,0.06,0.309,0.7190000000000001,0.135
2024,Reynaldo Lopez,ATL,30,8,5,1.99,26,25,135.2,3.5,2.92,3.44,1.11,9.82,2.79,0.66,0.273,0.077,0.287,0.87,0.075
2024,Ranger Suarez,PHI,28,12,8,3.46,27,27,150.2,3.4,3.37,3.26,1.2,8.66,2.45,0.84,0.23199999999999998,0.065,0.299,0.7390000000000001,0.127
2024,Max Fried,ATL,30,11,10,3.25,29,29,174.1,3.4,3.33,3.33,1.16,8.57,2.94,0.67,0.23199999999999998,0.08,0.282,0.725,0.11699999999999999
2024,Nick Martinez,CIN,33,10,7,3.1,42,16,142.1,3.4,3.21,3.89,1.03,7.33,1.14,0.82,0.204,0.032,0.275,0.715,0.07400000000000001
2024,Erick Fedde,- - -,31,9,9,3.3,31,31,177.1,3.4,3.86,4.12,1.16,7.82,2.64,1.02,0.212,0.07200000000000001,0.271,0.792,0.099
2024,Jack Flaherty,- - -,28,13,7,3.17,28,28,162.0,3.3,3.48,3.0,1.07,10.78,2.11,1.33,0.299,0.059000000000000004,0.285,0.809,0.155
2024,Michael Wacha,KCR,32,13,8,3.35,29,29,166.2,3.3,3.65,4.14,1.19,7.83,2.43,0.92,0.212,0.066,0.29,0.7709999999999999,0.085
2024,Tanner Bibee,CLE,25,12,8,3.47,31,31,173.2,3.3,3.56,3.72,1.12,9.69,2.28,1.14,0.263,0.062,0.285,0.7709999999999999,0.106
2024,Pablo Lopez,MIN,28,15,10,4.08,32,32,185.1,3.2,3.65,3.36,1.19,9.62,1.99,1.26,0.256,0.053,0.309,0.722,0.138
2024,Hunter Brown,HOU,25,11,9,3.49,31,30,170.0,3.2,3.58,3.47,1.27,9.48,3.18,0.95,0.251,0.084,0.307,0.7659999999999999,0.127
2024,MacKenzie Gore,WSN,25,10,12,3.9,32,32,166.1,3.2,3.53,3.87,1.42,9.79,3.52,0.81,0.248,0.08900000000000001,0.34,0.6809999999999999,0.09
2024,Shota Imanaga,CHC,30,15,3,2.91,29,29,173.1,3.1,3.72,3.62,1.02,9.03,1.45,1.4,0.251,0.04,0.264,0.802,0.122
2024,Aaron Nola,PHI,31,14,8,3.57,33,33,199.1,3.1,3.94,3.44,1.2,8.89,2.26,1.35,0.24,0.061,0.294,0.79,0.156
2024,Brandon Pfaadt,ARI,25,11,10,4.71,32,32,181.2,3.1,3.61,3.58,1.24,9.17,2.08,1.19,0.243,0.055,0.315,0.645,0.11800000000000001
2024,Nestor Cortes,NYY,29,9,10,3.77,31,30,174.1,3.1,3.84,4.16,1.15,8.36,2.01,1.24,0.228,0.055,0.287,0.764,0.098
2024,Joe Ryan,MIN,28,7,7,3.6,23,23,135.0,3.1,3.44,3.44,0.99,9.8,1.53,1.27,0.273,0.043,0.265,0.7090000000000001,0.11699999999999999
2024,Blake Snell,SFG,31,5,3,3.12,20,20,104.0,3.1,2.43,3.01,1.05,12.55,3.81,0.52,0.34700000000000003,0.105,0.266,0.7090000000000001,0.065
2024,Kevin Gausman,TOR,33,14,11,3.83,31,31,181.0,3.0,3.77,4.22,1.22,8.06,2.78,0.99,0.214,0.07400000000000001,0.281,0.703,0.08900000000000001
2024,Bailey Ober,MIN,28,12,9,3.98,31,31,178.2,3.0,3.82,3.83,1.0,9.62,2.17,1.36,0.26899999999999996,0.061,0.247,0.7070000000000001,0.115
2024,Justin Steele,CHC,28,5,5,3.07,24,24,134.2,3.0,3.23,3.62,1.1,9.02,2.47,0.8,0.243,0.067,0.27,0.725,0.087
2024,Yoshinobu Yamamoto,LAD,25,7,2,3.0,18,18,90.0,2.9,2.61,2.86,1.11,10.5,2.2,0.7,0.285,0.06,0.305,0.757,0.09300000000000001
2024,Zac Gallen,ARI,28,14,6,3.65,28,28,148.0,2.8,3.38,3.62,1.26,9.49,3.28,0.79,0.251,0.087,0.305,0.747,0.096
2024,Sean Manaea,NYM,32,12,6,3.47,32,32,181.2,2.8,3.83,4.04,1.08,9.12,3.12,1.04,0.249,0.085,0.245,0.742,0.102
2024,Zach Eflin,- - -,30,10,9,3.59,28,28,165.1,2.8,3.77,3.81,1.15,7.29,1.31,1.2,0.196,0.035,0.287,0.752,0.113
2024,Bryce Miller,SEA,25,12,8,2.94,31,31,180.1,2.7,3.58,3.85,0.98,8.53,2.25,1.05,0.243,0.064,0.237,0.782,0.099
2024,Spencer Schwellenbach,ATL,24,8,7,3.35,21,21,123.2,2.7,3.29,3.34,1.04,9.24,1.67,1.02,0.254,0.046,0.279,0.745,0.11199999999999999
2024,Cade Smith,CLE,25,6,1,1.91,74,0,75.1,2.7,1.4,2.41,0.9,12.31,2.03,0.12,0.35600000000000004,0.059000000000000004,0.303,0.79,0.017
2024,Nathan Eovaldi,TEX,34,12,8,3.8,29,29,170.2,2.6,3.83,3.47,1.11,8.75,2.21,1.21,0.239,0.06,0.271,0.745,0.146
2024,Griffin Jax,MIN,29,5,5,2.03,72,0,71.0,2.6,1.94,2.32,0.87,12.04,1.9,0.51,0.344,0.054000000000000006,0.269,0.7709999999999999,0.077
2024,Brady Singer,KCR,27,9,13,3.71,32,32,179.2,2.5,3.93,3.62,1.27,8.52,2.71,1.1,0.223,0.071,0.302,0.778,0.145
2024,Reese Olson,DET,24,4,8,3.53,22,22,112.1,2.5,3.17,3.72,1.18,8.09,2.64,0.56,0.217,0.071,0.291,0.6759999999999999,0.069
2024,Ryan Feltner,COL,27,3,10,4.49,30,30,162.1,2.5,4.16,4.17,1.34,7.65,2.88,1.11,0.19899999999999998,0.075,0.305,0.6629999999999999,0.11599999999999999
2024,Mitchell Parker,WSN,24,7,10,4.29,29,29,151.0,2.4,3.85,4.17,1.3,7.93,2.56,1.07,0.20600000000000002,0.067,0.302,0.6729999999999999,0.096
2024,Jameson Taillon,CHC,32,12,8,3.27,28,28,165.1,2.3,3.92,4.16,1.13,6.8,1.8,1.14,0.185,0.049,0.269,0.763,0.102
2024,Luis Castillo,SEA,31,11,12,3.64,30,30,175.1,2.3,3.91,3.82,1.17,8.98,2.41,1.28,0.243,0.065,0.285,0.7829999999999999,0.12300000000000001
2024,Freddy Peralta,MIL,28,11,9,3.68,32,32,173.2,2.3,4.16,3.93,1.21,10.36,3.52,1.35,0.276,0.094,0.278,0.7959999999999999,0.131
2024,Chris Bassitt,TOR,35,10,14,4.16,31,31,171.0,2.3,4.08,4.28,1.46,8.84,3.68,0.95,0.222,0.092,0.333,0.727,0.102
2024,Zack Littell,TBR,28,8,10,3.63,29,29,156.1,2.3,3.88,4.01,1.25,8.12,1.78,1.27,0.215,0.047,0.311,0.78,0.109
2024,Ryan Helsley,STL,29,7,4,2.04,65,0,66.1,2.3,2.41,3.35,1.1,10.72,3.12,0.41,0.297,0.086,0.292,0.785,0.045
2024,Mason Miller,OAK,25,2,2,2.49,55,0,65.0,2.3,2.18,2.21,0.88,14.4,2.91,0.83,0.418,0.084,0.256,0.706,0.113
2024,Ronel Blanco,HOU,30,13,6,2.8,30,29,167.1,2.2,4.15,4.09,1.09,8.93,3.66,1.18,0.24600000000000002,0.10099999999999999,0.22,0.836,0.12
2024,Mitch Keller,PIT,28,11,12,4.25,31,31,178.0,2.2,4.08,4.08,1.3,8.39,2.53,1.16,0.215,0.065,0.306,0.731,0.11599999999999999
2024,Ryne Nelson,ARI,26,10,6,4.24,28,25,150.2,2.2,3.74,3.98,1.25,7.53,2.03,1.02,0.2,0.054000000000000006,0.308,0.711,0.1
2024,Bryan Woo,SEA,24,9,3,2.89,22,22,121.1,2.2,3.4,3.75,0.9,7.49,0.96,1.04,0.214,0.027999999999999997,0.24,0.768,0.094
2024,Andrew Heaney,TEX,33,5,14,4.28,32,31,160.0,2.2,4.04,4.18,1.25,8.94,2.31,1.29,0.22899999999999998,0.059000000000000004,0.297,0.7120000000000001,0.10800000000000001
2024,Emmanuel Clase,CLE,26,4,2,0.61,74,0,74.1,2.2,2.22,2.81,0.66,7.99,1.21,0.24,0.244,0.037000000000000005,0.195,0.851,0.043
2024,Luis Gil,NYY,26,15,7,3.5,29,29,151.2,2.1,4.14,4.36,1.19,10.15,4.57,1.07,0.268,0.121,0.237,0.7879999999999999,0.102
2024,Gavin Stone,LAD,25,11,5,3.53,25,25,140.1,2.1,4.01,4.02,1.21,7.44,2.37,1.15,0.2,0.064,0.283,0.797,0.11599999999999999
2024,Luis Severino,NYM,30,11,7,3.91,31,31,182.0,2.1,4.21,4.12,1.24,7.96,2.97,1.14,0.212,0.079,0.283,0.737,0.12300000000000001
2024,Tobias Myers,MIL,25,9,6,3.0,27,25,138.0,2.1,3.91,3.97,1.17,8.28,2.35,1.17,0.223,0.063,0.282,0.8109999999999999,0.113
2024,Matt Strahm,PHI,32,6,2,1.87,66,0,62.2,2.1,2.29,3.15,0.75,11.35,1.58,0.57,0.33299999999999996,0.046,0.234,0.823,0.057
2024,Brayan Bello,BOS,25,14,8,4.49,30,30,162.1,2.0,4.19,3.87,1.36,8.48,3.55,1.05,0.218,0.091,0.303,0.721,0.147
2024,Grayson Rodriguez,BAL,24,13,4,3.86,20,20,116.2,2.0,3.66,3.57,1.24,10.03,2.78,1.16,0.265,0.073,0.308,0.76,0.12300000000000001
2024,Nick Lodolo,CIN,26,9,6,4.76,21,21,115.1,2.0,3.95,3.95,1.2,9.52,2.89,1.01,0.247,0.075,0.29,0.682,0.11599999999999999
2024,Trevor Williams,WSN,32,6,1,2.03,13,13,66.2,2.0,2.79,3.82,1.04,7.97,2.43,0.41,0.22699999999999998,0.069,0.267,0.802,0.042
2024,Nick Pivetta,BOS,31,6,12,4.14,27,26,145.2,2.0,4.07,3.5,1.13,10.63,2.22,1.73,0.289,0.061,0.279,0.755,0.151
2024,Jeff Hoffman,PHI,31,3,3,2.17,68,0,66.1,2.0,2.52,2.8,0.96,12.08,2.17,0.81,0.336,0.06,0.278,0.802,0.094
2024,David Peterson,NYM,28,10,3,2.9,21,21,121.0,1.9,3.67,4.1,1.29,7.51,3.42,0.6,0.198,0.09,0.293,0.784,0.078
2024,Miles Mikolas,STL,35,10,11,5.35,32,32,171.2,1.9,4.24,4.08,1.28,6.4,1.31,1.36,0.16899999999999998,0.035,0.31,0.629,0.126
2024,Ryan Pepiot,TBR,26,8,8,3.6,26,26,130.0,1.9,3.95,4.05,1.15,9.83,3.32,1.18,0.263,0.08900000000000001,0.262,0.743,0.11
2024,Kirby Yates,TEX,37,7,2,1.17,61,0,61.2,1.9,2.5,3.12,0.83,12.41,4.09,0.44,0.359,0.11800000000000001,0.168,0.8809999999999999,0.059000000000000004
2024,Jake Irvin,WSN,27,10,14,4.41,33,33,187.2,1.8,4.41,4.03,1.2,7.48,2.49,1.39,0.203,0.068,0.273,0.701,0.14300000000000002
2024,Kutter Crawford,BOS,28,9,16,4.36,33,33,183.2,1.8,4.65,4.35,1.12,8.58,2.5,1.67,0.231,0.067,0.247,0.705,0.133
2024,Gerrit Cole,NYY,33,8,5,3.41,17,17,95.0,1.8,3.69,3.99,1.13,9.38,2.75,1.04,0.254,0.07400000000000001,0.273,0.768,0.09699999999999999
2024,Andre Pallante,STL,25,8,8,3.78,29,20,121.1,1.8,3.71,3.89,1.3,6.97,3.56,0.59,0.185,0.094,0.286,0.706,0.096
2024,Matt Waldron,SDP,27,7,11,4.91,27,26,146.2,1.8,4.26,4.32,1.26,8.16,2.45,1.29,0.213,0.064,0.295,0.672,0.11199999999999999
2024,Jared Jones,PIT,22,6,8,4.14,22,22,121.2,1.8,4.0,3.78,1.19,9.76,2.88,1.33,0.262,0.077,0.284,0.721,0.131
2024,Simeon Woods Richardson,MIN,23,5,5,4.17,28,28,133.2,1.8,4.12,4.55,1.29,7.88,3.23,1.08,0.20600000000000002,0.084,0.283,0.736,0.091
2024,Jon Gray,TEX,32,5,6,4.47,23,19,102.2,1.8,3.7,4.24,1.31,7.54,2.45,0.96,0.196,0.064,0.306,0.677,0.084
2024,David Robertson,TEX,39,3,4,3.0,68,0,72.0,1.8,2.65,2.88,1.11,12.38,3.38,0.63,0.33399999999999996,0.091,0.3,0.769,0.09300000000000001
2024,Joe Jimenez,ATL,29,1,5,2.62,69,0,68.2,1.8,2.34,3.52,0.99,10.75,3.01,0.26,0.29600000000000004,0.083,0.259,0.723,0.027999999999999997
2024,Ryan Walker,SFG,28,10,4,1.91,76,1,80.0,1.7,2.52,2.8,0.85,11.14,2.03,0.56,0.321,0.057999999999999996,0.254,0.8290000000000001,0.086
2024,Bailey Falter,PIT,27,8,9,4.43,28,28,142.1,1.7,4.3,4.71,1.29,6.13,2.85,1.07,0.165,0.076,0.281,0.6970000000000001,0.092
2024,Spencer Arrighetti,HOU,24,7,13,4.53,29,28,145.0,1.7,4.18,4.01,1.41,10.61,4.03,1.3,0.271,0.10300000000000001,0.321,0.721,0.128
2024,Jose Soriano,LAA,25,6,7,3.42,22,20,113.0,1.7,3.8,3.82,1.2,7.73,3.58,0.64,0.207,0.096,0.269,0.71,0.114
2024,Patrick Corbin,WSN,34,6,13,5.62,32,32,174.2,1.7,4.41,4.14,1.5,7.16,2.78,1.29,0.182,0.071,0.337,0.657,0.13699999999999998
2024,Clarke Schmidt,NYY,28,5,5,2.85,16,16,85.1,1.7,3.58,3.92,1.18,9.81,3.16,0.84,0.263,0.085,0.296,0.8,0.091
2024,A.J. Puk,- - -,29,4,9,3.15,62,4,71.1,1.7,2.87,3.47,1.11,11.1,3.53,0.63,0.299,0.095,0.269,0.6759999999999999,0.07
2024,DJ Herz,WSN,23,4,9,4.16,19,19,88.2,1.7,3.71,3.85,1.26,10.76,3.65,1.12,0.27699999999999997,0.094,0.288,0.703,0.107
2024,Edwin Uceta,TBR,26,2,0,1.51,30,0,41.2,1.7,1.7,2.49,0.82,12.31,1.73,0.43,0.358,0.05,0.264,0.8390000000000001,0.051
2024,Lucas Erceg,- - -,29,2,6,3.36,61,0,61.2,1.7,2.53,3.1,1.05,10.51,2.34,0.44,0.285,0.063,0.295,0.674,0.061
2024,Carlos Rodon,NYY,31,16,9,3.96,32,32,175.0,1.6,4.39,4.09,1.22,10.03,2.93,1.59,0.265,0.077,0.284,0.792,0.134
2024,Tanner Scott,- - -,29,9,6,1.75,72,0,72.0,1.6,2.92,3.38,1.13,10.5,4.5,0.38,0.28600000000000003,0.122,0.247,0.797,0.063
2024,Hunter Gaddis,CLE,26,6,3,1.57,78,0,74.2,1.6,2.82,3.94,0.76,7.96,1.69,0.48,0.237,0.05,0.205,0.812,0.044000000000000004
2024,Raisel Iglesias,ATL,34,6,2,1.95,66,0,69.1,1.6,2.65,3.38,0.74,8.83,1.69,0.52,0.263,0.05,0.199,0.723,0.059000000000000004
2024,Jeremiah Estrada,SDP,25,6,3,2.95,62,0,61.0,1.6,2.07,2.65,1.07,13.87,3.39,0.59,0.373,0.091,0.29,0.7240000000000001,0.069
2024,Tyler Anderson,LAA,34,10,15,3.81,31,31,179.1,1.5,4.66,4.85,1.29,7.13,3.66,1.2,0.18600000000000003,0.095,0.258,0.758,0.105
2024,Cole Sands,MIN,26,9,1,3.28,62,0,71.1,1.5,2.63,3.26,1.0,10.72,1.51,0.76,0.29100000000000004,0.040999999999999995,0.29,0.685,0.07400000000000001
2024,Albert Suarez,BAL,34,9,7,3.7,32,24,133.2,1.5,4.24,4.53,1.29,7.27,2.9,1.14,0.191,0.076,0.287,0.7879999999999999,0.099
2024,Taj Bradley,TBR,23,8,11,4.11,25,25,138.0,1.5,4.09,3.62,1.22,10.04,3.07,1.43,0.266,0.081,0.284,0.737,0.151
2024,Tyler Holton,DET,28,7,2,2.19,66,9,94.1,1.5,3.17,3.68,0.78,7.35,1.62,0.67,0.218,0.048,0.201,0.777,0.076
2024,Justin Slaten,BOS,26,6,2,2.93,44,0,55.1,1.5,2.61,2.9,1.01,9.43,1.46,0.65,0.259,0.04,0.285,0.706,0.08900000000000001
2024,Cody Bradford,TEX,26,6,3,3.54,14,13,76.1,1.5,3.59,3.82,1.01,8.25,1.53,1.18,0.22699999999999998,0.042,0.252,0.7190000000000001,0.102
2024,Orion Kerkering,PHI,23,5,3,2.29,64,2,63.0,1.5,2.42,2.94,1.08,10.57,2.43,0.29,0.28800000000000003,0.066,0.314,0.765,0.051
2024,Robert Garcia,WSN,28,3,6,4.22,72,0,59.2,1.5,2.38,2.77,1.19,11.31,2.41,0.6,0.299,0.064,0.329,0.5720000000000001,0.08
2024,Alec Marsh,KCR,26,9,9,4.53,26,25,129.0,1.4,4.34,4.22,1.26,8.58,2.72,1.33,0.22399999999999998,0.071,0.292,0.7040000000000001,0.124
2024,Dean Kremer,BAL,28,8,10,4.1,24,24,129.2,1.4,4.32,4.34,1.24,8.54,3.54,1.25,0.222,0.092,0.257,0.6629999999999999,0.115
2024,Kyle Gibson,STL,36,8,8,4.24,30,30,169.2,1.4,4.42,4.19,1.35,8.01,3.61,1.22,0.209,0.094,0.29,0.7070000000000001,0.134
2024,Joe Musgrove,SDP,31,6,5,3.88,19,19,99.2,1.4,3.96,3.74,1.17,9.12,2.08,1.26,0.24600000000000002,0.055999999999999994,0.305,0.773,0.132
2024,Justin Martinez,ARI,22,5,6,2.48,64,0,72.2,1.4,2.59,2.88,1.31,11.27,4.46,0.25,0.295,0.11699999999999999,0.322,0.754,0.065
2024,Osvaldo Bido,OAK,28,5,3,3.41,16,9,63.1,1.4,3.36,4.63,1.09,8.95,3.69,0.43,0.243,0.1,0.25,0.71,0.038
2024,Kenley Jansen,BOS,36,4,2,3.29,54,0,54.2,1.4,3.0,4.04,1.06,10.21,3.29,0.66,0.284,0.092,0.26,0.73,0.055999999999999994
2024,Tylor Megill,NYM,28,4,5,4.04,16,15,78.0,1.4,3.55,3.79,1.31,10.5,3.69,0.92,0.27,0.095,0.307,0.7070000000000001,0.099
2024,Keegan Akin,BAL,29,3,1,3.32,66,0,78.2,1.4,2.99,3.27,0.94,11.1,2.17,1.03,0.31,0.061,0.247,0.71,0.098
2024,Kyle Bradish,BAL,27,2,0,2.75,8,8,39.1,1.4,2.51,2.92,1.07,12.13,3.43,0.46,0.325,0.092,0.278,0.782,0.071
2024,Kevin Ginkel,ARI,30,8,3,3.21,72,0,70.0,1.3,2.85,3.23,1.2,9.9,1.93,0.77,0.265,0.052000000000000005,0.332,0.7120000000000001,0.087
2024,Mitch Spence,OAK,26,8,10,4.58,35,24,151.1,1.3,4.21,4.12,1.38,7.49,2.62,1.19,0.19399999999999998,0.068,0.319,0.727,0.12300000000000001
2024,Jason Adam,- - -,32,7,2,1.95,74,0,73.2,1.3,3.03,3.54,0.86,9.9,2.81,0.61,0.287,0.08199999999999999,0.21,0.79,0.07400000000000001
2024,Lance Lynn,STL,37,7,4,3.84,23,23,117.1,1.3,4.31,4.39,1.34,8.36,3.38,1.23,0.213,0.086,0.287,0.7,0.111
2024,Frankie Montas,- - -,31,7,11,4.84,30,30,150.2,1.3,4.71,4.26,1.37,8.84,3.94,1.43,0.226,0.10099999999999999,0.282,0.6890000000000001,0.14800000000000002
2024,Austin Gomber,COL,30,5,12,4.75,30,30,165.0,1.3,4.83,4.5,1.31,6.33,2.07,1.64,0.16699999999999998,0.055,0.29,0.731,0.135
2024,Declan Cronin,MIA,26,3,4,4.35,56,0,70.1,1.3,2.58,3.43,1.42,9.21,3.2,0.13,0.235,0.08199999999999999,0.365,0.618,0.021
2024,Gavin Williams,CLE,24,3,10,4.86,16,16,76.0,1.3,3.67,4.12,1.37,9.36,3.79,0.83,0.23800000000000002,0.096,0.308,0.669,0.084
2024,Chris Flexen,CHW,29,3,15,4.95,33,30,160.0,1.3,4.8,5.03,1.52,6.92,3.54,1.35,0.174,0.08900000000000001,0.315,0.71,0.10400000000000001
2024,Calvin Faucher,MIA,28,2,3,3.19,53,0,53.2,1.3,2.5,3.76,1.4,10.57,4.36,0.0,0.268,0.111,0.345,0.684,0.0
2024,Casey Mize,DET,27,2,6,4.49,22,20,102.1,1.3,3.95,4.04,1.47,6.86,2.55,0.97,0.17300000000000001,0.064,0.331,0.695,0.109
2024,Ben Brown,CHC,24,1,3,3.58,15,8,55.1,1.3,3.11,3.63,1.08,10.41,3.09,0.81,0.28800000000000003,0.086,0.271,0.722,0.081
2024,JP Sears,OAK,28,11,13,4.38,32,32,180.2,1.2,4.71,4.86,1.22,6.82,2.44,1.39,0.18100000000000002,0.065,0.272,0.725,0.10800000000000001
2024,Jhoan Duran,MIN,26,6,9,3.64,58,0,54.1,1.2,2.85,2.7,1.16,10.93,2.48,0.66,0.289,0.066,0.321,0.615,0.138
2024,Joe Mantiply,ARI,33,6,2,3.92,75,2,59.2,1.2,2.51,3.71,1.17,7.99,2.72,0.15,0.218,0.07400000000000001,0.298,0.627,0.018000000000000002
2024,Will Vest,DET,29,3,4,2.82,69,0,70.1,1.2,2.83,3.47,1.12,8.06,2.3,0.38,0.218,0.062,0.287,0.758,0.054000000000000006
2024,Clay Holmes,NYY,31,3,5,3.14,67,0,63.0,1.2,3.02,3.01,1.3,9.71,3.14,0.57,0.251,0.081,0.322,0.705,0.11800000000000001
2024,Dennis Santana,- - -,28,3,1,3.89,62,0,71.2,1.2,3.01,3.95,1.09,8.67,2.64,0.5,0.24,0.073,0.28,0.6409999999999999,0.051
2024,Fernando Cruz,CIN,34,3,8,4.86,69,3,66.2,1.2,3.27,2.67,1.34,14.72,4.73,1.22,0.37799999999999995,0.122,0.336,0.698,0.17600000000000002
2024,Grant Holmes,ATL,28,2,1,3.56,26,7,68.1,1.2,3.2,3.52,1.19,9.22,1.98,0.92,0.248,0.053,0.314,0.765,0.09300000000000001
2024,Patrick Sandoval,LAA,27,2,8,5.08,16,16,79.2,1.2,3.87,4.04,1.51,9.15,3.95,0.9,0.22899999999999998,0.099,0.341,0.662,0.10300000000000001
2024,Jose Berrios,TOR,30,16,11,3.6,32,32,192.1,1.1,4.72,4.25,1.15,7.16,2.53,1.45,0.195,0.069,0.256,0.8140000000000001,0.15
2024,Jose Quintana,NYM,35,10,10,3.75,31,31,170.1,1.1,4.56,4.44,1.25,7.13,3.33,1.16,0.188,0.08800000000000001,0.263,0.782,0.126
2024,Charlie Morton,ATL,40,8,10,4.19,30,30,165.1,1.1,4.46,3.99,1.32,9.09,3.54,1.25,0.23800000000000002,0.09300000000000001,0.306,0.742,0.158
2024,Derek Law,WSN,33,7,4,2.6,75,0,90.0,1.1,3.32,3.54,1.18,7.6,2.4,0.7,0.20800000000000002,0.066,0.292,0.782,0.096
2024,Yu Darvish,SDP,37,7,3,3.31,16,16,81.2,1.1,4.08,3.99,1.07,8.6,2.42,1.32,0.23600000000000002,0.066,0.245,0.792,0.122
2024,Edwin Diaz,NYM,30,6,4,3.52,54,0,53.2,1.1,3.02,2.59,1.04,14.09,3.35,1.17,0.389,0.09300000000000001,0.284,0.732,0.156
2024,Cooper Criswell,BOS,27,6,5,4.08,26,18,99.1,1.1,4.15,4.43,1.35,6.61,2.81,0.91,0.172,0.073,0.307,0.701,0.096
2024,Alex Vesia,LAD,28,5,4,1.76,67,0,66.1,1.1,3.45,4.09,0.99,11.8,4.48,0.95,0.331,0.125,0.193,0.8390000000000001,0.08
2024,Ryan Weathers,MIA,24,5,6,3.63,16,16,86.2,1.1,4.11,4.03,1.18,8.31,2.49,1.14,0.218,0.065,0.276,0.753,0.122
2024,Aroldis Chapman,PIT,36,5,5,3.79,68,0,61.2,1.1,3.04,3.14,1.35,14.3,5.69,0.73,0.37,0.147,0.322,0.6920000000000001,0.106
2024,Jonathan Cannon,CHW,23,5,10,4.49,23,21,124.1,1.1,4.65,4.62,1.33,6.59,2.9,1.3,0.174,0.077,0.29,0.723,0.11800000000000001
2024,Chris Paddack,MIN,28,5,3,4.99,17,17,88.1,1.1,4.19,4.09,1.39,8.05,2.14,1.43,0.20600000000000002,0.055,0.327,0.7090000000000001,0.122
2024,Carlos Estevez,- - -,31,4,5,2.45,54,0,55.0,1.1,3.24,4.09,0.91,8.18,1.96,0.82,0.23600000000000002,0.057,0.229,0.75,0.068
2024,Shane Baz,TBR,25,4,3,3.06,14,14,79.1,1.1,4.07,4.39,1.06,7.83,3.06,1.02,0.21600000000000003,0.085,0.229,0.7959999999999999,0.096
2024,Aaron Bummer,ATL,30,4,3,3.58,56,0,55.1,1.1,2.23,2.52,1.43,11.22,2.93,0.33,0.28300000000000003,0.07400000000000001,0.386,0.7290000000000001,0.071
2024,John Schreiber,KCR,30,4,3,3.66,59,0,51.2,1.1,3.03,4.21,1.32,8.01,3.48,0.17,0.205,0.08900000000000001,0.307,0.6940000000000001,0.02
2024,Mark Leiter Jr.,- - -,33,4,5,4.5,60,0,58.0,1.1,3.29,2.75,1.33,13.34,3.41,1.24,0.336,0.086,0.343,0.669,0.16699999999999998
2024,Adrian Morejon,SDP,25,3,2,2.83,60,0,63.2,1.1,2.79,3.33,1.32,10.04,2.97,0.57,0.261,0.077,0.337,0.768,0.07
2024,Tanner Banks,- - -,32,2,3,3.98,63,2,72.1,1.1,3.25,3.59,1.3,9.71,3.11,0.75,0.251,0.08,0.317,0.632,0.08800000000000001
2024,David Festa,MIN,24,2,6,4.9,14,13,64.1,1.1,3.76,3.58,1.32,10.77,3.22,1.26,0.278,0.083,0.319,0.685,0.129
2024,Ross Stripling,OAK,34,2,11,6.01,22,14,85.1,1.1,3.89,4.74,1.54,5.17,2.32,0.74,0.129,0.057999999999999996,0.338,0.5479999999999999,0.065
2024,Yariel Rodriguez,TOR,27,1,8,4.47,21,21,86.2,1.1,4.34,4.42,1.32,8.83,4.15,1.14,0.231,0.109,0.275,0.6990000000000001,0.111
2024,Andrew Abbott,CIN,25,10,10,3.72,25,25,138.0,1.0,5.04,4.91,1.3,7.43,3.39,1.63,0.195,0.08900000000000001,0.26,0.8290000000000001,0.12300000000000001
2024,Bowden Francis,TOR,28,8,5,3.3,27,13,103.2,1.0,4.36,4.17,0.93,7.99,1.91,1.48,0.225,0.054000000000000006,0.211,0.7829999999999999,0.128
2024,Blake Treinen,LAD,36,7,3,1.93,50,0,46.2,1.0,3.0,3.06,0.94,10.8,2.12,0.96,0.304,0.06,0.255,0.897,0.111
2024,Jose Butto,NYM,26,7,3,2.55,30,7,74.0,1.0,3.83,4.2,1.07,9.61,4.62,0.73,0.26899999999999996,0.129,0.211,0.833,0.086
2024,Luke Weaver,NYY,30,7,3,2.89,62,0,84.0,1.0,3.33,3.42,0.93,11.04,2.79,1.07,0.311,0.079,0.223,0.794,0.11
2024,Javier Assad,CHC,26,7,6,3.73,29,29,147.0,1.0,4.64,4.61,1.4,7.59,3.86,1.22,0.19399999999999998,0.099,0.289,0.8029999999999999,0.11800000000000001
2024,Tim Herrin,CLE,27,5,1,1.92,75,0,65.2,1.0,2.86,3.64,0.97,9.32,3.43,0.27,0.265,0.09699999999999999,0.236,0.785,0.039
2024,Trevor Megill,MIL,30,1,3,2.72,48,0,46.1,1.0,3.1,3.87,1.01,9.71,2.72,0.78,0.273,0.077,0.254,0.755,0.069
2024,Marcus Stroman,NYY,33,10,9,4.31,30,29,154.2,0.9,4.62,4.5,1.47,6.58,3.49,1.11,0.16699999999999998,0.08900000000000001,0.312,0.7390000000000001,0.126
2024,Jared Koenig,MIL,30,9,4,2.47,55,6,62.0,0.9,3.28,3.95,1.24,9.15,3.34,0.58,0.23800000000000002,0.087,0.292,0.782,0.065
2024,Robert Suarez,SDP,33,9,3,2.77,65,0,65.0,0.9,3.49,3.81,1.05,8.17,2.22,0.97,0.22899999999999998,0.062,0.256,0.8079999999999999,0.095
2024,Reed Garrett,NYM,31,8,5,3.77,53,0,57.1,0.9,3.31,3.16,1.4,13.03,4.71,0.94,0.336,0.121,0.349,0.7340000000000001,0.13
2024,Josh Hader,HOU,30,8,8,3.8,71,0,71.0,0.9,3.5,2.93,0.96,13.31,3.17,1.52,0.37799999999999995,0.09,0.23,0.69,0.158
2024,Aaron Civale,- - -,29,8,9,4.36,31,31,161.0,0.9,4.74,4.31,1.3,8.33,2.91,1.62,0.21600000000000003,0.075,0.285,0.764,0.142
2024,Ryan Thompson,ARI,32,7,5,3.26,67,0,66.1,0.9,3.3,3.35,1.19,7.06,2.04,0.68,0.191,0.055,0.296,0.74,0.111
2024,Luis L. Ortiz,PIT,25,7,6,3.32,37,15,135.2,0.9,4.25,4.59,1.11,7.1,2.79,1.06,0.192,0.076,0.243,0.7559999999999999,0.095
2024,Evan Phillips,LAD,29,5,1,3.62,61,0,54.2,0.9,3.28,3.48,1.19,10.37,2.8,0.99,0.276,0.075,0.298,0.625,0.102
2024,Anthony Bender,MIA,29,5,2,4.08,59,0,53.0,0.9,2.92,3.36,1.28,10.02,3.06,0.51,0.259,0.079,0.326,0.693,0.073
2024,Hoby Milner,MIL,33,5,1,4.73,61,1,64.2,0.9,3.14,3.15,1.19,8.91,1.95,0.84,0.239,0.052000000000000005,0.313,0.581,0.115
2024,Kyle Freeland,COL,31,5,8,5.24,21,21,113.1,0.9,4.9,4.38,1.41,6.75,2.06,1.75,0.17300000000000001,0.053,0.315,0.6759999999999999,0.147
2024,Porter Hodge,CHC,23,3,1,1.88,39,0,43.0,0.9,2.75,3.41,0.88,10.88,3.98,0.42,0.317,0.11599999999999999,0.189,0.8009999999999999,0.055999999999999994
2024,Bryan Abreu,HOU,27,3,3,3.1,78,0,78.1,0.9,3.49,3.48,1.16,11.83,3.68,1.03,0.317,0.098,0.286,0.8290000000000001,0.11699999999999999
2024,Chris Martin,BOS,38,3,1,3.45,45,0,44.1,0.9,2.78,2.61,1.13,10.15,0.61,1.02,0.278,0.017,0.353,0.674,0.132
2024,Joe Ross,MIL,31,3,6,3.77,25,10,74.0,0.9,3.83,4.5,1.36,8.03,3.53,0.85,0.20600000000000002,0.09,0.298,0.727,0.075
2024,Rhett Lowder,CIN,22,2,2,1.17,6,6,30.2,0.9,3.1,4.73,1.27,6.46,4.11,0.0,0.172,0.109,0.272,0.897,0.0
2024,Dedniel Nunez,NYM,28,2,0,2.31,25,0,35.0,0.9,2.22,2.32,0.91,12.34,2.06,0.77,0.35600000000000004,0.059000000000000004,0.276,0.755,0.107
2024,Matthew Boyd,CLE,33,2,2,2.72,8,8,39.2,0.9,3.29,3.89,1.13,10.44,2.95,0.91,0.27699999999999997,0.078,0.277,0.7490000000000001,0.08
2024,Ryan Pressly,HOU,35,2,3,3.49,59,0,56.2,0.9,3.1,3.43,1.34,9.21,2.86,0.64,0.23800000000000002,0.07400000000000001,0.333,0.732,0.085
2024,Trevor Rogers,- - -,26,2,11,4.92,25,25,124.1,0.9,4.52,4.7,1.58,7.02,4.05,1.01,0.17300000000000001,0.1,0.322,0.698,0.10400000000000001
2024,Kris Bubic,KCR,26,1,1,2.67,27,0,30.1,0.9,1.95,2.04,1.02,11.57,1.48,0.59,0.322,0.040999999999999995,0.32,0.674,0.105
2024,Ben Lively,CLE,32,13,10,3.81,29,29,151.0,0.8,4.66,4.57,1.25,7.03,2.92,1.37,0.187,0.078,0.265,0.784,0.122
2024,Colin Rea,MIL,33,12,6,4.29,32,27,167.2,0.8,4.75,4.42,1.26,7.25,2.31,1.56,0.18899999999999997,0.06,0.282,0.7659999999999999,0.13699999999999998
2024,James Paxton,- - -,35,9,3,4.4,21,21,100.1,0.8,4.79,5.21,1.45,6.55,4.49,1.08,0.16699999999999998,0.114,0.276,0.72,0.092
2024,Kyle Harrison,SFG,22,7,7,4.56,24,24,124.1,0.8,4.33,4.23,1.34,8.54,3.04,1.3,0.222,0.079,0.308,0.733,0.12300000000000001
2024,Brant Hurter,DET,25,6,1,2.58,10,1,45.1,0.8,3.03,3.32,0.88,7.54,1.19,0.79,0.217,0.034,0.236,0.785,0.09300000000000001
2024,Jose Leclerc,TEX,30,6,5,4.32,64,0,66.2,0.8,3.48,3.66,1.32,12.02,4.32,0.95,0.309,0.111,0.314,0.718,0.10300000000000001
2024,Kevin Kelly,TBR,26,5,2,2.67,68,0,70.2,0.8,3.27,3.13,0.96,8.02,1.15,0.89,0.22699999999999998,0.032,0.268,0.759,0.13
2024,Dylan Lee,ATL,29,4,2,2.11,52,0,59.2,0.8,3.0,3.15,1.11,11.46,2.56,1.06,0.317,0.071,0.3,0.836,0.106
2024,Jakob Junis,- - -,31,4,0,2.69,24,6,67.0,0.8,3.69,3.87,0.85,6.85,1.07,1.07,0.20199999999999999,0.032,0.224,0.779,0.10400000000000001
2024,Beau Brieske,DET,26,4,5,3.59,46,12,67.2,0.8,3.51,4.27,1.26,9.18,3.99,0.67,0.245,0.106,0.284,0.7,0.065
2024,Tony Santillan,CIN,27,3,3,3.0,29,1,30.0,0.8,2.73,2.51,1.0,13.8,2.7,1.2,0.377,0.07400000000000001,0.27,0.779,0.133
2024,Nick Mears,- - -,27,1,5,5.93,54,0,57.2,0.8,3.39,3.47,1.47,11.71,3.75,1.09,0.293,0.094,0.36,0.598,0.111
2024,Michael Lorenzen,- - -,32,7,6,3.31,26,24,130.1,0.7,4.89,4.95,1.24,6.7,4.14,1.17,0.18100000000000002,0.11199999999999999,0.236,0.8240000000000001,0.113
2024,Joey Estes,OAK,22,7,9,5.01,25,24,127.2,0.7,4.94,5.29,1.23,6.49,1.9,1.62,0.16899999999999998,0.05,0.274,0.6970000000000001,0.10099999999999999
2024,Bryan Hudson,MIL,27,6,1,1.73,43,0,62.1,0.7,3.6,3.6,0.72,8.95,2.45,1.01,0.268,0.07400000000000001,0.148,0.9420000000000001,0.11699999999999999
2024,Justin Verlander,HOU,41,5,6,5.48,17,17,90.1,0.7,4.78,5.13,1.38,7.37,2.69,1.49,0.187,0.068,0.303,0.682,0.1
2024,Tyler Ferguson,OAK,30,4,2,3.68,48,0,51.1,0.7,3.28,3.77,1.09,10.87,4.21,0.7,0.3,0.11599999999999999,0.243,0.6679999999999999,0.078
2024,Randy Vasquez,SDP,25,4,7,4.87,20,20,98.0,0.7,4.7,4.9,1.51,5.69,2.66,1.19,0.14400000000000002,0.067,0.33,0.722,0.10400000000000001
2024,Spencer Turnbull,PHI,31,3,0,2.65,17,7,54.1,0.7,3.85,3.8,1.05,9.61,3.31,0.99,0.261,0.09,0.233,0.84,0.12
2024,Shawn Armstrong,- - -,33,3,3,4.86,57,7,66.2,0.7,3.57,4.19,1.53,8.91,3.38,0.81,0.22399999999999998,0.085,0.362,0.69,0.076
2024,Jesus Luzardo,MIA,26,3,6,5.0,12,12,66.2,0.7,4.26,4.23,1.25,7.83,2.97,1.22,0.212,0.08,0.284,0.6629999999999999,0.11800000000000001
2024,Andrew Nardi,MIA,25,3,2,5.07,59,0,49.2,0.7,3.33,3.35,1.25,12.68,3.26,1.27,0.33299999999999996,0.086,0.325,0.639,0.115
2024,Jacob Webb,BAL,30,2,5,3.02,60,0,56.2,0.7,3.52,4.31,1.18,9.21,4.29,0.64,0.245,0.114,0.245,0.721,0.063
2024,Hunter Stratton,PIT,27,2,1,3.58,36,0,37.2,0.7,3.25,3.98,1.17,7.88,1.67,0.72,0.209,0.044000000000000004,0.304,0.701,0.068
2024,Hunter Harvey,- - -,29,2,4,4.44,49,0,50.2,0.7,3.52,3.52,1.32,9.77,2.84,0.89,0.251,0.073,0.333,0.677,0.11599999999999999
2024,Clayton Kershaw,LAD,36,2,2,4.5,7,7,30.0,0.7,3.53,4.33,1.5,7.2,2.7,0.6,0.18,0.068,0.354,0.633,0.061
2024,Cionel Perez,BAL,28,2,0,4.53,62,0,53.2,0.7,3.3,4.59,1.4,7.71,4.7,0.0,0.193,0.11800000000000001,0.296,0.638,0.0
2024,Jesus Tinoco,- - -,29,1,0,3.32,32,0,40.2,0.7,3.17,3.73,0.96,9.3,2.66,0.66,0.259,0.07400000000000001,0.235,0.7140000000000001,0.073
2024,Michel Otanez,OAK,26,1,0,3.44,36,0,34.0,0.7,2.73,3.38,1.38,14.56,5.29,0.53,0.364,0.132,0.352,0.742,0.063
2024,Ryan Fernandez,STL,26,1,6,3.51,62,0,66.2,0.7,3.35,3.9,1.35,9.59,4.32,0.54,0.249,0.11199999999999999,0.307,0.718,0.068
2024,Jordan Montgomery,ARI,31,8,7,6.23,25,21,117.0,0.6,4.48,4.67,1.65,6.38,3.38,1.08,0.156,0.083,0.347,0.639,0.10400000000000001
2024,Jalen Beeks,- - -,30,7,4,4.5,71,0,70.0,0.6,4.0,4.65,1.49,7.07,3.47,0.77,0.17600000000000002,0.087,0.321,0.659,0.073
2024,Dylan Floro,- - -,33,6,4,3.8,66,0,68.2,0.6,3.5,4.1,1.19,6.29,2.23,0.66,0.172,0.061,0.288,0.684,0.071
2024,Carmen Mlodzinski,PIT,25,5,5,3.38,40,4,50.2,0.6,3.36,4.18,1.18,8.17,3.38,0.53,0.22,0.091,0.273,0.6920000000000001,0.057
2024,Merrill Kelly,ARI,35,5,1,4.03,13,13,73.2,0.6,4.25,3.89,1.17,7.7,2.32,1.34,0.21,0.063,0.273,0.73,0.14300000000000002
2024,Yennier Cano,BAL,30,4,3,3.15,70,0,60.0,0.6,3.55,3.08,1.3,9.75,3.6,0.9,0.261,0.096,0.314,0.779,0.182
2024,Trent Thornton,SEA,30,4,3,3.61,71,0,72.1,0.6,3.47,3.56,1.13,9.58,2.36,1.0,0.262,0.065,0.297,0.726,0.11
2024,Michael Tonkin,- - -,34,4,4,3.63,57,0,79.1,0.6,3.44,3.89,1.26,9.64,3.4,0.68,0.25,0.08800000000000001,0.303,0.653,0.08
2024,Edward Cabrera,MIA,26,4,8,4.95,20,20,96.1,0.6,4.68,3.94,1.37,10.0,4.67,1.4,0.256,0.12,0.278,0.664,0.183
2024,Reid Detmers,LAA,24,4,9,6.7,17,17,87.1,0.6,4.72,3.86,1.56,11.23,3.92,1.85,0.27899999999999997,0.09699999999999999,0.357,0.629,0.171
2024,Andres Munoz,SEA,25,3,7,2.12,60,0,59.1,0.6,3.35,2.98,0.96,11.68,3.94,0.91,0.332,0.11199999999999999,0.208,0.853,0.162
2024,Tyler Rogers,SFG,33,3,4,2.82,77,0,70.1,0.6,3.56,3.69,1.04,6.53,0.77,0.9,0.17600000000000002,0.021,0.274,0.812,0.106
2024,Anthony Banda,LAD,30,3,2,3.08,48,2,49.2,0.6,3.67,3.88,1.25,9.06,3.26,0.91,0.239,0.086,0.291,0.789,0.1
2024,Pete Fairbanks,TBR,30,3,3,3.57,46,0,45.1,0.6,3.5,3.88,1.17,8.74,3.38,0.79,0.23800000000000002,0.092,0.267,0.696,0.087
2024,Ben Joyce,LAA,23,2,0,2.08,31,1,34.2,0.6,3.2,3.69,1.15,8.57,3.63,0.26,0.23199999999999998,0.099,0.278,0.845,0.05
2024,Bryan Hoeing,- - -,27,2,3,2.18,34,2,53.2,0.6,3.32,3.5,1.06,7.21,2.35,0.67,0.205,0.067,0.262,0.8170000000000001,0.098
2024,Max Scherzer,TEX,39,2,4,3.95,9,9,43.1,0.6,4.18,4.04,1.15,8.31,2.08,1.45,0.226,0.055999999999999994,0.277,0.752,0.125
2024,Jack Kochanowicz,LAA,23,2,6,3.99,11,11,65.1,0.6,4.62,4.48,1.19,3.44,1.38,0.96,0.094,0.038,0.282,0.735,0.13
2024,Jose Alvarado,PHI,29,2,5,4.09,66,0,61.2,0.6,3.8,3.81,1.25,9.19,4.09,0.88,0.244,0.109,0.269,0.69,0.115
2024,Braxton Garrett,MIA,26,2,2,5.35,7,7,37.0,0.6,3.82,3.49,1.19,8.27,0.97,1.22,0.21100000000000002,0.025,0.31,0.595,0.14300000000000002
2024,Jose A. Ferrer,WSN,24,1,0,3.38,31,0,32.0,0.6,2.76,3.54,1.03,7.03,1.69,0.28,0.19399999999999998,0.047,0.274,0.685,0.04
2024,Huascar Brazoban,- - -,34,1,3,3.83,39,0,51.2,0.6,3.32,4.08,1.22,8.88,4.35,0.35,0.235,0.115,0.265,0.633,0.047
2024,Ian Hamilton,NYY,29,0,1,3.82,35,0,37.2,0.6,3.03,3.71,1.35,9.8,3.35,0.48,0.252,0.086,0.34,0.723,0.059000000000000004
2024,Davis Martin,CHW,27,0,5,4.32,11,10,50.0,0.6,4.27,4.57,1.46,8.46,4.14,0.9,0.214,0.105,0.321,0.746,0.094
2024,Cal Quantrill,COL,29,8,11,4.98,29,29,148.1,0.5,5.32,4.87,1.52,6.67,4.19,1.4,0.168,0.105,0.3,0.7509999999999999,0.149
2024,Pierce Johnson,ATL,33,6,6,3.67,58,0,56.1,0.5,3.61,3.65,1.3,10.7,3.99,0.96,0.284,0.106,0.309,0.7509999999999999,0.113
2024,Tyson Miller,- - -,28,5,1,2.32,58,0,62.0,0.5,3.67,4.17,0.81,7.84,1.6,1.02,0.23,0.047,0.203,0.8190000000000001,0.086
2024,Martin Perez,- - -,33,5,6,4.53,26,26,135.0,0.5,4.9,4.48,1.48,7.13,3.27,1.47,0.18100000000000002,0.083,0.317,0.769,0.145
2024,Paul Blackburn,- - -,30,5,4,4.66,14,14,75.1,0.5,4.63,4.14,1.29,7.05,2.51,1.43,0.187,0.066,0.29,0.7090000000000001,0.152
2024,Graham Ashcraft,CIN,26,5,5,5.24,15,15,77.1,0.5,4.82,4.56,1.5,6.63,3.14,1.28,0.163,0.077,0.313,0.675,0.136
2024,Hogan Harris,OAK,27,4,4,2.86,21,9,72.1,0.5,4.23,4.69,1.35,7.59,4.11,0.87,0.2,0.10800000000000001,0.289,0.789,0.085
2024,Greg Weissert,BOS,29,4,2,3.13,62,0,63.1,0.5,3.72,3.91,1.34,8.24,2.84,0.99,0.221,0.076,0.326,0.705,0.10300000000000001
2024,Tim Hill,- - -,34,4,0,3.36,62,0,67.0,0.5,3.57,4.02,1.43,4.16,2.55,0.27,0.107,0.065,0.316,0.693,0.054000000000000006
2024,Jordan Hicks,SFG,27,4,7,4.1,29,20,109.2,0.5,4.37,4.34,1.45,7.88,3.86,0.98,0.2,0.098,0.315,0.754,0.11900000000000001
2024,Emilio Pagan,CIN,33,4,5,4.5,38,1,38.0,0.5,3.77,3.63,1.34,10.42,2.61,1.42,0.278,0.07,0.351,0.728,0.125
2024,Collin Snider,SEA,28,3,4,1.94,42,0,41.2,0.5,3.41,3.52,1.18,10.15,2.81,1.08,0.278,0.077,0.298,0.833,0.109
2024,Buck Farmer,CIN,33,3,2,3.04,61,1,71.0,0.5,4.0,4.44,1.2,8.87,3.68,0.89,0.23399999999999999,0.09699999999999999,0.263,0.815,0.086
2024,Joel Payamps,MIL,30,3,7,3.05,68,0,59.0,0.5,3.73,3.8,0.97,9.0,2.75,1.07,0.251,0.077,0.215,0.732,0.111
2024,Landon Knack,LAD,26,3,5,3.65,15,12,69.0,0.5,4.72,4.23,1.1,9.0,2.35,1.83,0.24100000000000002,0.063,0.242,0.8590000000000001,0.14300000000000002
2024,Randy Rodriguez,SFG,24,3,2,4.3,35,1,52.1,0.5,3.34,4.11,1.24,9.11,3.1,0.69,0.24,0.081,0.301,0.625,0.066
2024,Gregory Soto,- - -,29,3,5,4.42,66,0,53.0,0.5,3.68,3.84,1.57,11.04,4.58,0.68,0.266,0.111,0.371,0.7140000000000001,0.1
2024,Cade Povich,BAL,24,3,9,5.2,16,16,79.2,0.5,4.79,4.99,1.43,7.79,3.84,1.36,0.196,0.09699999999999999,0.291,0.679,0.105
2024,Adam Ottavino,NYM,38,2,2,4.34,60,0,56.0,0.5,3.67,3.89,1.29,11.25,3.7,0.96,0.28600000000000003,0.094,0.309,0.708,0.1
2024,Landen Roupp,SFG,25,1,2,3.58,23,4,50.1,0.5,3.42,4.17,1.37,8.4,4.65,0.36,0.217,0.12,0.291,0.7290000000000001,0.048
2024,Ryan Burr,TOR,30,0,2,4.13,34,4,32.2,0.5,3.07,3.15,1.26,12.95,3.31,1.1,0.336,0.086,0.329,0.7140000000000001,0.111
2024,Michael Kopech,- - -,28,6,8,3.46,67,0,67.2,0.4,4.02,3.81,1.15,11.7,4.52,1.2,0.315,0.122,0.245,0.795,0.132
2024,Cole Irvin,- - -,30,6,6,5.11,29,16,111.0,0.4,4.82,4.78,1.45,6.32,2.35,1.46,0.159,0.059000000000000004,0.316,0.677,0.11800000000000001
2024,Victor Vodnik,COL,24,5,4,4.28,64,0,73.2,0.4,4.18,4.14,1.48,7.94,4.52,0.86,0.203,0.11599999999999999,0.31,0.7290000000000001,0.121
2024,Andrew Chafin,- - -,34,4,3,3.51,62,0,56.1,0.4,3.54,3.94,1.47,11.18,4.95,0.8,0.285,0.126,0.338,0.753,0.086
2024,Erik Miller,SFG,26,4,5,3.88,73,10,67.1,0.4,3.67,3.53,1.31,11.63,5.08,0.94,0.306,0.134,0.285,0.7070000000000001,0.13
2024,Burch Smith,- - -,34,4,1,4.95,50,0,56.1,0.4,3.66,4.02,1.35,7.35,1.92,0.96,0.191,0.05,0.331,0.632,0.092
2024,Michael Grove,LAD,27,4,4,5.12,39,2,51.0,0.4,3.87,3.77,1.22,9.53,2.82,1.06,0.25,0.07400000000000001,0.299,0.621,0.125
2024,Kyle Hendricks,CHC,34,4,12,5.92,29,24,130.2,0.4,4.98,4.59,1.45,5.99,2.96,1.45,0.153,0.076,0.305,0.642,0.14300000000000002
2024,Sam Moll,CIN,32,3,2,3.35,48,0,37.2,0.4,3.46,3.91,1.09,9.08,3.35,0.72,0.25,0.092,0.253,0.696,0.081
2024,Yimi Garcia,- - -,33,3,0,3.46,39,0,39.0,0.4,3.73,3.63,0.9,11.31,2.77,1.38,0.32,0.078,0.202,0.769,0.122
2024,Matthew Liberatore,STL,24,3,4,4.4,60,6,86.0,0.4,4.11,4.17,1.27,7.95,2.93,1.15,0.212,0.078,0.29,0.701,0.11199999999999999
2024,Jeffrey Springs,TBR,31,2,2,3.27,7,7,33.0,0.4,3.98,3.8,1.36,10.09,3.0,1.36,0.261,0.077,0.33,0.872,0.128
2024,Joey Cantillo,CLE,24,2,4,4.89,9,8,38.2,0.4,4.07,3.46,1.29,10.24,3.49,1.4,0.27,0.092,0.296,0.6729999999999999,0.16699999999999998
2024,Luis Medina,OAK,25,2,4,5.18,8,8,40.0,0.4,4.44,5.11,1.58,7.2,4.5,0.9,0.17800000000000002,0.111,0.317,0.685,0.077
2024,Brock Burke,- - -,27,2,1,5.82,34,1,34.0,0.4,3.87,3.77,1.56,10.85,4.24,1.06,0.266,0.10400000000000001,0.363,0.6679999999999999,0.125
2024,J.T. Ginn,OAK,25,1,1,4.24,8,6,34.0,0.4,3.96,3.9,1.32,7.68,2.38,1.06,0.204,0.063,0.327,0.7490000000000001,0.121
2024,Davis Daniel,LAA,27,1,4,6.23,6,6,30.1,0.4,4.16,4.16,1.48,8.31,1.78,1.48,0.209,0.045,0.362,0.615,0.11599999999999999
2024,Christian Scott,NYM,25,0,3,4.56,9,9,47.1,0.4,4.6,4.71,1.2,7.42,2.28,1.52,0.198,0.061,0.272,0.732,0.111
2024,Michael Soroka,CHW,26,0,10,4.74,25,9,79.2,0.4,4.95,4.54,1.38,9.49,4.97,1.47,0.242,0.127,0.261,0.675,0.14400000000000002
2024,Daniel Hudson,LAD,37,6,2,3.0,65,0,63.0,0.3,4.18,4.06,1.03,9.0,2.71,1.43,0.249,0.075,0.225,0.7879999999999999,0.12300000000000001
2024,Andrew Kittredge,STL,34,5,5,2.8,74,0,70.2,0.3,3.96,3.64,1.13,8.53,2.55,1.27,0.233,0.07,0.263,0.818,0.141
2024,Luis Garcia,- - -,37,5,1,4.88,60,0,59.0,0.3,4.05,3.62,1.29,8.08,2.29,1.22,0.209,0.059000000000000004,0.303,0.634,0.154
2024,Jorge Alcala,MIN,28,4,3,3.24,54,0,58.1,0.3,4.14,4.38,1.03,8.95,3.09,1.23,0.247,0.085,0.219,0.772,0.10300000000000001
2024,Yuki Matsui,SDP,28,4,2,3.73,64,0,62.2,0.3,3.92,4.02,1.16,9.91,3.88,1.15,0.268,0.105,0.248,0.7440000000000001,0.11
2024,Eli Morgan,CLE,28,3,0,1.93,32,0,42.0,0.3,3.64,4.46,0.98,7.29,2.36,0.86,0.204,0.066,0.222,0.852,0.07
2024,John King,STL,29,3,3,2.85,56,0,60.0,0.3,3.73,3.78,1.2,5.7,2.1,0.75,0.153,0.055999999999999994,0.279,0.758,0.111
2024,Jason Foley,DET,28,3,6,3.15,69,0,60.0,0.3,3.82,4.09,1.18,6.9,3.0,0.75,0.184,0.08,0.26,0.682,0.09300000000000001
2024,Cristian Javier,HOU,27,3,1,3.89,7,7,34.2,0.3,4.75,5.56,1.41,7.01,4.93,1.04,0.18,0.127,0.26,0.76,0.075
2024,Sean Hjelle,SFG,27,3,4,3.9,58,0,80.2,0.3,3.63,3.01,1.21,8.37,1.56,1.12,0.223,0.042,0.318,0.742,0.18899999999999997
2024,Eduardo Rodriguez,ARI,31,3,4,5.04,10,10,50.0,0.3,4.57,4.24,1.5,8.46,3.42,1.44,0.21,0.085,0.322,0.725,0.138
2024,Stephen Kolek,SDP,27,3,0,5.21,42,0,46.2,0.3,3.57,3.46,1.52,7.52,2.31,0.77,0.185,0.057,0.359,0.643,0.129
2024,Joe Boyle,OAK,24,3,6,6.42,13,10,47.2,0.3,4.68,5.11,1.72,10.57,7.55,0.76,0.248,0.177,0.311,0.634,0.083
2024,Cam Booser,BOS,32,2,3,3.38,43,0,42.2,0.3,3.8,4.4,1.34,9.07,3.38,1.05,0.235,0.087,0.303,0.8,0.083
2024,T.J. McFarland,OAK,35,2,4,3.81,79,0,56.2,0.3,3.82,3.97,1.24,6.19,2.7,0.64,0.166,0.07200000000000001,0.287,0.6729999999999999,0.1
2024,Kyle Leahy,STL,27,1,1,4.07,33,0,48.2,0.3,3.56,4.41,1.03,6.1,1.85,0.74,0.17300000000000001,0.052000000000000005,0.252,0.617,0.065
2024,Jhony Brito,SDP,26,1,2,4.12,26,0,43.2,0.3,3.72,4.33,1.35,5.98,2.06,0.82,0.157,0.054000000000000006,0.317,0.674,0.077
2024,Shawn Dubin,HOU,28,1,1,4.17,31,2,45.1,0.3,3.72,4.29,1.57,9.73,5.16,0.6,0.237,0.126,0.331,0.698,0.07
2024,Paul Sewald,ARI,34,1,2,4.31,42,0,39.2,0.3,3.95,4.31,1.13,9.76,2.27,1.36,0.261,0.061,0.282,0.732,0.098
2024,Caleb Ferguson,- - -,27,1,4,4.64,62,0,54.1,0.3,3.74,3.55,1.49,11.1,4.14,0.99,0.26899999999999996,0.1,0.34,0.6659999999999999,0.133
2024,Chad Kuhl,CHW,31,0,2,5.06,31,1,53.1,0.3,4.1,4.3,1.52,9.11,4.22,0.84,0.225,0.10400000000000001,0.34,0.675,0.1
2024,Tayler Scott,HOU,32,7,3,2.23,62,1,68.2,0.2,4.13,4.17,1.17,9.31,4.59,0.92,0.252,0.124,0.23,0.8490000000000001,0.113
2024,Garrett Cleavinger,TBR,30,7,5,3.75,68,0,60.0,0.2,4.0,4.29,1.38,10.65,4.65,0.9,0.267,0.11699999999999999,0.305,0.748,0.095
2024,Craig Kimbrel,BAL,36,7,5,5.33,57,0,52.1,0.2,4.18,4.0,1.36,12.55,5.33,1.2,0.315,0.134,0.284,0.619,0.13
2024,Pedro Avila,- - -,27,6,1,3.81,54,0,82.2,0.2,3.89,4.02,1.32,8.93,3.92,0.87,0.23199999999999998,0.102,0.291,0.737,0.105
2024,Brennan Bernardino,BOS,32,4,3,4.06,57,3,51.0,0.2,4.15,3.98,1.41,9.88,3.88,1.06,0.248,0.09699999999999999,0.324,0.7609999999999999,0.13
2024,Josh Winckowski,BOS,26,4,2,4.14,40,6,76.0,0.2,4.48,4.14,1.41,7.11,3.08,1.18,0.179,0.077,0.301,0.691,0.145
2024,Danny Young,NYM,30,4,1,4.54,42,0,37.2,0.2,3.64,3.41,1.25,11.47,4.3,0.72,0.29100000000000004,0.109,0.292,0.643,0.15
2024,Manuel Rodriguez,TBR,27,3,4,2.15,40,0,37.2,0.2,3.67,4.04,1.06,8.12,2.63,0.72,0.215,0.07,0.248,0.784,0.086
2024,Sam Long,KCR,28,3,3,3.16,43,0,42.2,0.2,3.89,4.0,1.2,9.28,3.59,1.05,0.25,0.09699999999999999,0.266,0.778,0.109
2024,Hunter Strickland,LAA,35,3,2,3.31,72,0,73.1,0.2,4.45,4.88,1.09,7.0,2.95,1.23,0.19399999999999998,0.08199999999999999,0.229,0.75,0.09300000000000001
2024,Hayden Wesneski,CHC,26,3,6,3.86,28,7,67.2,0.2,4.51,3.93,1.14,8.91,2.79,1.6,0.237,0.07400000000000001,0.243,0.675,0.156
2024,Keegan Thompson,CHC,29,2,1,2.67,24,0,30.1,0.2,3.86,3.97,1.22,10.68,5.34,0.89,0.28300000000000003,0.142,0.229,0.762,0.107
2024,Jorge Lopez,- - -,31,2,3,2.89,52,0,53.0,0.2,3.94,3.95,1.23,8.49,3.23,1.02,0.23,0.08800000000000001,0.286,0.8190000000000001,0.115
2024,Tayler Saucedo,SEA,31,2,0,3.49,53,0,38.2,0.2,3.76,4.0,1.37,8.84,4.19,0.7,0.22899999999999998,0.10800000000000001,0.305,0.787,0.094
2024,Angel Zerpa,KCR,24,2,0,3.86,60,0,53.2,0.2,3.97,3.7,1.45,8.22,3.19,1.01,0.205,0.079,0.325,0.782,0.14300000000000002
2024,Alexis Diaz,CIN,27,2,5,3.99,60,0,56.1,0.2,4.57,5.06,1.3,8.79,4.95,0.96,0.22699999999999998,0.128,0.25,0.68,0.086
2024,Jared Shuster,CHW,25,2,5,4.3,39,4,73.1,0.2,4.58,5.09,1.46,6.87,4.05,1.1,0.174,0.10300000000000001,0.291,0.731,0.08800000000000001
2024,Dillon Tate,- - -,30,2,1,4.66,33,0,36.2,0.2,3.71,4.45,1.47,6.63,2.95,0.49,0.165,0.073,0.336,0.67,0.057
2024,Caleb Thielbar,MIN,37,2,4,5.32,59,0,47.1,0.2,4.1,4.21,1.56,10.08,4.56,1.14,0.245,0.111,0.331,0.625,0.109
2024,Peter Lambert,COL,27,2,5,5.72,28,3,61.1,0.2,4.54,4.68,1.66,7.34,4.26,1.03,0.179,0.10400000000000001,0.344,0.6579999999999999,0.106
2024,Bryce Elder,ATL,25,2,5,6.52,10,10,49.2,0.2,4.56,3.95,1.63,8.34,3.08,1.45,0.204,0.075,0.366,0.6409999999999999,0.163
2024,Slade Cecconi,ARI,25,2,7,6.66,20,13,77.0,0.2,5.02,4.7,1.42,7.48,1.99,1.87,0.18899999999999997,0.05,0.321,0.618,0.132
2024,Taylor Rogers,SFG,33,1,4,2.4,64,0,60.0,0.2,3.75,3.72,1.25,9.6,3.3,1.05,0.257,0.08800000000000001,0.299,0.818,0.11900000000000001
2024,Brent Suter,CIN,34,1,0,3.15,47,3,65.2,0.2,4.31,4.19,1.14,6.85,1.64,1.37,0.185,0.044000000000000004,0.272,0.828,0.12300000000000001
2024,Justin Anderson,CHW,31,1,2,4.39,56,0,53.1,0.2,4.22,4.76,1.5,9.62,5.4,0.84,0.23600000000000002,0.132,0.297,0.711,0.081
2024,Marco Gonzales,PIT,32,1,1,4.54,7,7,33.2,0.2,4.71,4.8,1.6,6.15,2.94,1.34,0.152,0.073,0.339,0.787,0.111
2024,Joey Wentz,- - -,26,1,2,4.68,46,0,67.1,0.2,4.19,4.24,1.47,9.76,4.41,1.07,0.24,0.109,0.312,0.7190000000000001,0.113
2024,DL Hall,MIL,25,1,2,5.02,13,7,43.0,0.2,4.68,4.48,1.6,9.21,4.4,1.26,0.223,0.107,0.344,0.728,0.13
2024,Anthony Molina,COL,22,1,1,6.79,35,1,59.2,0.2,4.09,4.47,1.58,6.18,3.32,0.75,0.155,0.083,0.345,0.562,0.086
2024,Carlos Hernandez,KCR,27,0,1,3.3,27,0,30.0,0.2,3.5,5.44,1.33,8.1,4.8,0.3,0.209,0.124,0.274,0.682,0.021
2024,Carson Fulmer,LAA,30,0,5,4.15,37,8,86.2,0.2,4.5,4.56,1.4,8.41,4.15,1.14,0.214,0.106,0.289,0.732,0.11199999999999999
2024,Elvis Peguero,MIL,27,7,4,2.98,52,0,51.1,0.1,4.04,4.12,1.54,8.24,4.73,0.7,0.207,0.11900000000000001,0.327,0.782,0.10800000000000001
2024,Griffin Canning,LAA,28,6,13,5.19,32,31,171.2,0.1,5.26,4.75,1.4,6.82,3.46,1.63,0.17600000000000002,0.08900000000000001,0.283,0.696,0.14800000000000002
2024,Jose Ruiz,PHI,29,5,1,3.71,52,0,51.0,0.1,4.23,3.67,1.33,9.18,3.0,1.41,0.24,0.078,0.309,0.7959999999999999,0.16
2024,Hayden Birdsong,SFG,22,5,6,4.75,16,16,72.0,0.1,4.67,4.21,1.39,11.0,5.38,1.38,0.27899999999999997,0.13699999999999998,0.272,0.7340000000000001,0.151
2024,Camilo Doval,SFG,26,5,3,4.88,62,0,59.0,0.1,3.71,3.63,1.58,11.9,5.95,0.76,0.28800000000000003,0.14400000000000002,0.333,0.682,0.125
2024,James McArthur,KCR,27,5,7,4.92,57,0,56.2,0.1,4.17,3.62,1.45,7.78,2.22,1.27,0.198,0.057,0.347,0.664,0.16699999999999998
2024,Chad Green,TOR,33,4,6,3.21,53,0,53.1,0.1,4.29,4.44,1.03,7.76,2.36,1.35,0.21899999999999997,0.067,0.236,0.8079999999999999,0.10800000000000001
2024,Michael Kelly,OAK,31,3,2,2.59,28,0,31.1,0.1,3.84,4.94,1.18,6.32,2.87,0.57,0.172,0.078,0.275,0.78,0.05
2024,Colin Holderman,PIT,28,3,6,3.16,55,0,51.1,0.1,4.26,4.42,1.31,9.82,4.38,1.05,0.251,0.11199999999999999,0.275,0.77,0.105
2024,Phil Maton,- - -,31,3,3,3.66,71,0,64.0,0.1,4.26,4.28,1.11,8.44,3.38,0.98,0.226,0.091,0.242,0.755,0.115
2024,Richard Lovelady,- - -,28,3,6,4.46,35,0,34.1,0.1,3.92,4.24,1.31,6.82,2.88,0.79,0.177,0.075,0.295,0.6779999999999999,0.091
2024,Robbie Ray,SFG,32,3,2,4.7,7,7,30.2,0.1,4.96,4.09,1.14,12.62,4.4,1.76,0.33299999999999996,0.11599999999999999,0.237,0.767,0.17600000000000002
2024,Quinn Priester,- - -,23,3,6,4.71,11,7,49.2,0.1,4.7,4.11,1.41,5.98,2.54,1.27,0.149,0.063,0.299,0.68,0.171
2024,Carlos Carrasco,CLE,37,3,10,5.64,21,21,103.2,0.1,4.93,4.18,1.4,7.73,2.86,1.65,0.19899999999999998,0.07400000000000001,0.309,0.665,0.17
2024,Jake Cousins,NYY,29,2,1,2.37,37,0,38.0,0.1,4.06,3.54,1.05,12.55,4.74,1.18,0.342,0.129,0.208,0.816,0.16699999999999998
2024,Kyle Nicolas,PIT,25,2,2,3.95,51,0,54.2,0.1,4.03,4.49,1.5,9.05,5.1,0.66,0.226,0.128,0.315,0.6970000000000001,0.078
2024,Nate Pearson,- - -,27,2,2,4.48,60,1,66.1,0.1,4.37,3.71,1.33,10.04,2.85,1.63,0.26,0.07400000000000001,0.314,0.768,0.162
2024,Trevor Richards,- - -,31,2,2,4.55,55,2,65.1,0.1,4.36,4.96,1.21,8.54,4.82,0.96,0.22399999999999998,0.126,0.216,0.632,0.081
2024,Scott Alexander,OAK,34,1,3,2.56,45,0,38.2,0.1,3.89,3.94,1.19,7.22,3.49,0.7,0.19399999999999998,0.094,0.257,0.7759999999999999,0.111
2024,Brent Honeywell,- - -,29,1,1,2.63,20,1,37.2,0.1,4.28,4.97,1.14,4.3,2.63,0.72,0.121,0.07400000000000001,0.252,0.809,0.07
2024,Chris Roycroft,STL,27,1,2,4.19,27,0,34.1,0.1,3.84,4.22,1.4,8.65,4.46,0.52,0.213,0.11,0.293,0.6709999999999999,0.077
2024,Justin Wilson,CIN,36,1,5,5.59,60,0,46.2,0.1,4.73,3.99,1.46,9.84,2.51,1.93,0.244,0.062,0.338,0.7140000000000001,0.159
2024,Jose Suarez,LAA,26,1,2,6.02,22,3,52.1,0.1,4.54,4.42,1.61,9.63,4.64,1.2,0.233,0.113,0.342,0.639,0.125
2024,Tommy Kahnle,NYY,34,0,2,2.11,50,0,42.2,0.1,4.01,3.55,1.15,9.7,4.01,1.05,0.257,0.106,0.234,0.795,0.16699999999999998
2024,Kyle Muller,OAK,26,0,1,4.01,21,0,49.1,0.1,3.96,4.03,1.18,6.57,1.82,1.09,0.17800000000000002,0.05,0.282,0.672,0.111
2024,John Brebbia,- - -,34,0,6,5.86,59,0,55.1,0.1,4.52,3.82,1.36,10.9,3.09,1.79,0.27699999999999997,0.079,0.317,0.6709999999999999,0.159
2024,Sixto Sanchez,MIA,25,0,3,6.06,14,7,35.2,0.1,4.74,5.3,1.6,4.29,3.53,0.76,0.105,0.086,0.32,0.556,0.077
2024,Yohan Ramirez,- - -,29,0,5,6.2,38,0,45.0,0.1,4.26,4.58,1.47,9.0,3.4,0.8,0.21600000000000003,0.08199999999999999,0.346,0.594,0.091
2024,Jake Woodford,- - -,27,0,6,7.97,9,7,35.0,0.1,4.94,4.78,1.63,6.69,2.31,1.54,0.156,0.054000000000000006,0.341,0.446,0.125
2024,Hector Neris,- - -,35,10,5,4.1,62,0,59.1,0.0,4.28,4.23,1.4,9.71,4.25,1.21,0.24600000000000002,0.10800000000000001,0.297,0.732,0.11900000000000001
2024,Jacob Barnes,WSN,34,8,3,4.36,63,0,66.0,0.0,4.38,4.17,1.32,7.5,2.73,1.36,0.19899999999999998,0.07200000000000001,0.297,0.6990000000000001,0.13
2024,Ryne Stanek,- - -,32,7,3,4.88,63,0,55.1,0.0,4.14,4.18,1.32,10.9,4.07,1.3,0.278,0.10400000000000001,0.29,0.679,0.114
2024,Keider Montero,DET,23,6,6,4.76,19,16,98.1,0.0,5.15,4.33,1.33,7.05,2.84,1.74,0.187,0.075,0.287,0.745,0.17300000000000001
2024,A.J. Minter,ATL,30,5,4,2.62,39,0,34.1,0.0,4.45,3.76,1.02,9.17,2.88,1.57,0.261,0.08199999999999999,0.222,0.9420000000000001,0.16699999999999998
2024,Ryan Yarbrough,- - -,32,5,2,3.19,44,0,98.2,0.0,4.64,4.84,1.03,5.93,2.92,1.0,0.163,0.08,0.212,0.7909999999999999,0.102
2024,Jose Urena,TEX,32,5,8,3.8,33,9,109.0,0.0,4.62,4.61,1.32,5.78,3.22,1.07,0.151,0.084,0.273,0.747,0.11699999999999999
2024,Carson Spiers,CIN,26,5,7,5.46,22,10,90.2,0.0,5.33,4.65,1.53,7.94,2.68,1.99,0.195,0.066,0.331,0.733,0.153
2024,Kyle Finnegan,WSN,32,3,8,3.68,65,0,63.2,0.0,4.25,3.81,1.34,8.48,3.39,1.27,0.221,0.08900000000000001,0.292,0.746,0.153
2024,Scott Barlow,CLE,31,3,3,4.25,63,0,55.0,0.0,4.02,3.78,1.36,11.13,5.07,0.98,0.282,0.129,0.288,0.737,0.14
2024,Kenta Maeda,DET,36,3,7,6.09,29,17,112.1,0.0,4.96,4.51,1.38,7.69,2.48,1.76,0.198,0.064,0.308,0.619,0.142
2024,Keaton Winn,SFG,26,3,8,7.16,12,12,55.1,0.0,4.85,4.07,1.37,7.81,3.25,1.46,0.20199999999999999,0.084,0.299,0.534,0.184
2024,Daniel Lynch IV,KCR,27,2,0,3.32,16,3,43.1,0.0,4.41,4.32,0.99,8.1,2.91,1.25,0.22399999999999998,0.08,0.207,0.777,0.122
2024,Austin Voth,SEA,32,2,5,3.69,68,0,61.0,0.0,4.12,3.93,1.05,9.0,2.66,1.33,0.24600000000000002,0.073,0.236,0.662,0.129
2024,Xzavion Curry,- - -,25,2,2,4.64,16,5,42.2,0.0,4.78,5.04,1.05,5.91,1.48,1.69,0.163,0.040999999999999995,0.233,0.6509999999999999,0.105
2024,Adam Oller,MIA,29,2,4,5.31,8,8,42.1,0.0,5.32,5.24,1.54,7.65,4.68,1.49,0.19,0.11599999999999999,0.295,0.7340000000000001,0.121
2024,Dakota Hudson,COL,29,2,12,6.17,18,18,89.0,0.0,5.53,5.41,1.67,4.96,5.06,1.11,0.121,0.124,0.304,0.635,0.125
2024,Austin Adams,OAK,33,1,2,3.92,56,0,41.1,0.0,4.47,4.64,1.48,11.54,5.01,0.87,0.27699999999999997,0.12,0.347,0.789,0.10300000000000001
2024,Josh Fleming,PIT,28,1,1,4.02,25,3,31.1,0.0,4.76,4.87,1.53,4.88,4.02,0.86,0.12300000000000001,0.10099999999999999,0.301,0.6920000000000001,0.107
2024,Joe Kelly,LAD,36,1,1,4.78,35,0,32.0,0.0,4.57,4.22,1.47,9.84,4.5,1.13,0.245,0.11199999999999999,0.325,0.711,0.14800000000000002
2024,Steven Matz,STL,33,1,2,5.08,12,7,44.1,0.0,4.88,4.5,1.44,6.7,3.05,1.42,0.174,0.079,0.316,0.6759999999999999,0.14300000000000002
2024,Bradley Blalock,- - -,23,1,3,5.87,7,6,30.2,0.0,5.61,6.09,1.79,5.87,5.87,1.17,0.136,0.136,0.304,0.675,0.091
2024,Kyle Tyler,MIA,27,0,2,5.4,8,7,31.2,0.0,5.03,4.72,1.74,7.11,5.12,1.14,0.17600000000000002,0.127,0.351,0.7340000000000001,0.14300000000000002
2024,JoJo Romero,STL,27,7,3,3.36,65,0,59.0,-0.1,4.27,3.84,1.15,7.78,2.44,1.22,0.21,0.066,0.27,0.809,0.154
2024,Tyler Kinley,COL,33,6,1,6.19,67,0,64.0,-0.1,4.79,4.23,1.47,10.13,4.64,1.55,0.253,0.11599999999999999,0.299,0.645,0.155
2024,Dane Dunning,TEX,29,5,7,5.31,26,15,95.0,-0.1,5.17,4.41,1.44,8.62,3.79,1.71,0.21600000000000003,0.095,0.297,0.705,0.168
2024,Luke Jackson,- - -,32,4,3,5.09,52,0,53.0,-0.1,4.24,3.81,1.47,10.02,4.42,1.19,0.251,0.111,0.319,0.67,0.156
2024,Tyler Phillips,PHI,26,4,1,6.87,8,7,36.2,-0.1,5.57,4.27,1.42,6.87,1.72,2.21,0.175,0.044000000000000004,0.316,0.628,0.196
2024,Valente Bellozo,MIA,24,3,4,3.67,13,13,68.2,-0.1,5.73,5.47,1.31,5.77,2.75,1.97,0.149,0.071,0.254,0.8590000000000001,0.128
2024,Seranthony Dominguez,- - -,29,3,4,4.45,63,0,58.2,-0.1,4.68,4.01,1.24,10.43,3.22,1.84,0.267,0.08199999999999999,0.263,0.7390000000000001,0.156
2024,Drew Thorpe,CHW,23,3,3,5.48,9,9,44.1,-0.1,5.87,5.81,1.26,5.08,4.26,1.62,0.132,0.111,0.2,0.611,0.11900000000000001
2024,Jordan Wicks,CHC,24,2,4,5.48,11,10,46.0,-0.1,5.32,4.65,1.63,8.22,3.91,1.76,0.198,0.094,0.331,0.7140000000000001,0.158
2024,Alex Wood,OAK,33,1,3,5.26,9,9,39.1,-0.1,5.3,5.13,1.78,7.55,4.35,1.37,0.177,0.102,0.366,0.721,0.128
2024,Walker Buehler,LAD,29,1,6,5.38,16,16,75.1,-0.1,5.54,4.49,1.55,7.65,3.35,1.91,0.18600000000000003,0.081,0.316,0.703,0.188
2024,Adrian Houser,NYM,31,1,5,5.84,23,7,69.1,-0.1,4.93,5.11,1.53,5.84,4.15,1.04,0.146,0.10400000000000001,0.3,0.628,0.10400000000000001
2024,Kody Funderburk,MIN,27,1,0,6.49,27,0,34.2,-0.1,4.55,4.14,1.62,8.31,3.89,1.04,0.19899999999999998,0.09300000000000001,0.352,0.632,0.16
2024,Tim Mayza,- - -,32,0,2,6.33,50,0,42.2,-0.1,4.5,4.68,1.62,5.91,3.16,1.05,0.14400000000000002,0.077,0.336,0.5710000000000001,0.10400000000000001
2024,Shelby Miller,DET,33,6,8,4.53,51,0,55.2,-0.2,4.48,4.36,0.97,7.92,2.1,1.46,0.218,0.057999999999999996,0.215,0.603,0.12300000000000001
2024,Chris Stratton,KCR,33,4,3,5.55,57,0,58.1,-0.2,4.62,5.17,1.47,6.79,5.09,0.77,0.171,0.128,0.279,0.622,0.078
2024,JT Chargois,- - -,33,3,1,2.23,36,0,36.1,-0.2,4.9,4.58,1.02,7.43,3.22,1.49,0.205,0.08900000000000001,0.189,0.98,0.136
2024,Seth Martinez,HOU,29,3,2,3.59,44,0,52.2,-0.2,4.78,4.95,1.27,6.15,3.08,1.2,0.162,0.081,0.268,0.768,0.106
2024,Nick Anderson,KCR,33,3,1,4.04,37,0,35.2,-0.2,5.07,4.75,1.4,7.32,3.79,1.51,0.19,0.098,0.284,0.7979999999999999,0.136
2024,Steven Okert,MIN,32,3,2,5.09,44,1,35.1,-0.2,5.12,4.88,1.5,8.41,4.08,1.53,0.20600000000000002,0.1,0.304,0.7140000000000001,0.13
2024,David Bednar,PIT,29,3,8,5.77,62,0,57.2,-0.2,4.8,4.87,1.42,9.05,4.37,1.4,0.221,0.107,0.274,0.622,0.113
2024,Jesse Chavez,ATL,40,2,2,3.13,46,0,63.1,-0.2,4.43,3.88,1.25,7.82,2.7,1.42,0.20800000000000002,0.07200000000000001,0.279,0.8029999999999999,0.159
2024,Angel Chivilli,COL,21,2,3,4.55,30,0,31.2,-0.2,5.31,3.92,1.29,7.96,2.84,1.99,0.21100000000000002,0.075,0.276,0.7759999999999999,0.226
2024,Matt Bowman,- - -,33,1,0,4.4,25,1,30.2,-0.2,5.19,4.79,1.27,7.04,3.82,1.47,0.182,0.098,0.239,0.765,0.14300000000000002
2024,Zebby Matthews,MIN,24,1,4,6.69,9,9,37.2,-0.2,5.72,4.05,1.65,10.27,2.63,2.63,0.243,0.062,0.364,0.679,0.20800000000000002
2024,Tanner Rainey,WSN,31,0,0,4.76,50,0,51.0,-0.2,5.42,5.9,1.49,7.76,5.12,1.41,0.19,0.126,0.267,0.7559999999999999,0.094
2024,Yonny Chirinos,MIA,30,0,2,6.3,6,6,30.0,-0.2,6.13,5.52,1.87,7.5,3.9,2.1,0.174,0.09,0.375,0.772,0.146
2024,Tanner Gordon,COL,26,0,6,8.65,8,8,34.1,-0.2,6.14,4.51,1.72,6.82,1.57,2.62,0.163,0.038,0.371,0.574,0.204
2024,Jack Leiter,TEX,24,0,3,8.83,9,6,35.2,-0.2,5.66,5.27,1.71,7.82,4.29,1.77,0.179,0.098,0.322,0.461,0.13699999999999998
2024,Zack Kelly,BOS,29,6,3,3.97,49,3,56.2,-0.3,4.84,3.94,1.25,9.69,4.29,1.59,0.253,0.11199999999999999,0.241,0.7120000000000001,0.192
2024,Bryse Wilson,MIL,26,5,4,4.04,34,9,104.2,-0.3,5.09,4.61,1.27,7.05,2.67,1.72,0.18600000000000003,0.07,0.269,0.807,0.14400000000000002
2024,Drew Smyly,CHC,35,4,8,3.84,50,0,58.2,-0.3,4.91,4.57,1.4,8.59,3.84,1.53,0.218,0.09699999999999999,0.288,0.789,0.13699999999999998
2024,Spencer Bivens,SFG,30,3,1,3.14,27,2,48.2,-0.3,4.79,3.97,1.19,6.84,2.03,1.66,0.183,0.054000000000000006,0.264,0.841,0.17600000000000002
2024,Max Meyer,MIA,25,3,5,5.68,11,11,57.0,-0.3,5.9,4.43,1.42,7.26,3.0,2.21,0.185,0.077,0.289,0.7140000000000001,0.215
2024,Jacob Latz,TEX,28,2,3,3.71,46,0,43.2,-0.3,5.04,5.2,1.51,8.24,5.56,1.24,0.20800000000000002,0.141,0.28,0.802,0.107
2024,Jake Bird,COL,28,2,2,4.5,35,0,40.0,-0.3,5.42,5.42,1.7,6.98,5.63,1.13,0.168,0.135,0.317,0.785,0.11599999999999999
2024,Julian Aguiar,CIN,23,2,1,6.25,7,7,31.2,-0.3,6.86,5.87,1.33,5.4,3.41,2.27,0.136,0.086,0.229,0.698,0.16699999999999998
2024,Brendon Little,TOR,27,1,2,3.74,49,0,45.2,-0.3,4.9,3.57,1.31,7.09,3.74,1.38,0.187,0.098,0.262,0.7809999999999999,0.35
2024,Colin Poche,TBR,30,1,2,3.86,43,0,37.1,-0.3,4.88,4.59,1.15,7.96,3.13,1.69,0.21600000000000003,0.085,0.23,0.813,0.132
2024,Lucas Sims,- - -,30,1,6,4.38,58,0,49.1,-0.3,5.23,5.33,1.44,8.94,5.47,1.46,0.228,0.14,0.262,0.7929999999999999,0.111
2024,Justin Wrobleski,LAD,23,1,2,5.7,8,6,36.1,-0.3,6.36,5.18,1.38,6.44,3.96,2.23,0.16899999999999998,0.10400000000000001,0.245,0.703,0.184
2024,Mason Black,SFG,24,1,5,6.44,9,8,36.1,-0.3,5.45,5.24,1.68,7.68,3.72,1.73,0.183,0.08900000000000001,0.345,0.701,0.127
2024,Adam Mazur,SDP,23,1,3,7.49,8,8,33.2,-0.3,6.23,6.2,1.81,5.88,5.61,1.6,0.139,0.133,0.318,0.6409999999999999,0.11800000000000001
2024,Alex Faedo,DET,28,5,3,3.61,37,6,57.1,-0.4,4.91,4.43,1.34,8.63,4.4,1.41,0.22399999999999998,0.114,0.265,0.831,0.153
2024,Emerson Hancock,SEA,25,4,4,4.75,12,12,60.2,-0.4,5.69,5.24,1.34,5.79,2.82,1.78,0.147,0.071,0.263,0.7120000000000001,0.141
2024,Genesis Cabrera,TOR,27,3,3,3.59,69,0,62.2,-0.4,5.13,4.74,1.47,7.18,4.16,1.44,0.185,0.107,0.294,0.7879999999999999,0.14300000000000002
2024,Jonathan Hernandez,- - -,27,3,1,5.4,29,1,43.1,-0.4,5.17,4.84,1.59,8.1,5.82,1.25,0.203,0.146,0.297,0.682,0.14300000000000002
2024,Mike Baumann,- - -,28,3,1,5.55,57,0,58.1,-0.4,4.83,4.69,1.49,8.95,4.32,1.39,0.22,0.106,0.303,0.6509999999999999,0.125
2024,Thyago Vieira,- - -,31,0,1,5.21,28,0,38.0,-0.4,6.06,5.04,1.66,9.24,6.16,1.89,0.22,0.147,0.284,0.7809999999999999,0.18600000000000003
2024,Brad Keller,- - -,28,0,4,5.44,16,2,41.1,-0.4,5.68,4.64,1.52,6.97,3.27,1.96,0.16699999999999998,0.078,0.291,0.706,0.184
2024,Darren McCaughan,- - -,28,0,0,6.21,12,5,42.0,-0.4,6.12,5.85,1.62,6.0,3.21,1.93,0.14400000000000002,0.077,0.321,0.684,0.129
2024,Jordan Leasure,CHW,25,0,2,6.32,33,0,31.1,-0.4,5.82,5.45,1.6,7.47,5.17,1.72,0.183,0.127,0.286,0.6809999999999999,0.136
2024,Will Smith,KCR,34,0,4,6.53,45,0,41.1,-0.4,5.27,5.41,1.45,6.31,3.27,1.52,0.156,0.081,0.288,0.602,0.109
2024,Louie Varland,MIN,26,0,6,7.61,16,7,49.2,-0.4,5.54,4.14,1.69,8.88,2.9,2.17,0.20600000000000002,0.067,0.357,0.618,0.21100000000000002
2024,Wandy Peralta,SDP,32,3,2,3.99,46,0,38.1,-0.5,5.46,4.85,1.2,5.17,3.05,1.41,0.136,0.08,0.233,0.7509999999999999,0.16699999999999998
2024,Roansy Contreras,- - -,24,2,4,4.35,49,3,68.1,-0.5,5.16,4.9,1.38,7.38,4.08,1.45,0.188,0.10400000000000001,0.265,0.7509999999999999,0.133
2024,Tommy Henry,ARI,26,2,3,7.04,9,7,38.1,-0.5,6.38,5.22,1.75,7.04,4.23,2.11,0.165,0.099,0.331,0.685,0.188
2024,Jordan Weems,WSN,31,1,1,6.7,41,0,41.2,-0.5,5.54,5.43,1.75,7.56,5.18,1.51,0.179,0.122,0.328,0.613,0.12300000000000001
2024,Chase Anderson,- - -,36,0,2,5.4,29,1,58.1,-0.5,5.69,5.53,1.3,6.48,3.24,1.85,0.165,0.08199999999999999,0.244,0.617,0.124
2024,Nick Nastrini,CHW,24,0,7,7.07,9,8,35.2,-0.5,7.37,7.36,1.91,6.56,9.08,1.77,0.149,0.207,0.24,0.608,0.11699999999999999
2024,Tyler Alexander,TBR,29,6,5,5.1,23,9,107.2,-0.6,5.08,4.63,1.24,7.52,2.01,1.92,0.198,0.053,0.278,0.73,0.139
2024,Ty Blach,COL,33,3,8,6.94,20,12,71.1,-0.6,6.26,5.12,1.7,4.54,2.27,2.14,0.109,0.055,0.34,0.698,0.185
2024,Erik Swanson,TOR,30,2,2,5.03,45,0,39.1,-0.6,6.06,4.01,1.27,8.47,3.2,2.52,0.22,0.083,0.238,0.815,0.268
2024,Zach Pop,TOR,27,2,4,5.59,58,0,48.1,-0.6,5.53,4.42,1.32,6.14,3.54,1.68,0.158,0.091,0.247,0.562,0.214
2024,Bryce Jarvis,ARI,26,1,2,3.19,44,0,59.1,-0.6,5.12,5.51,1.43,5.76,5.01,0.91,0.147,0.128,0.261,0.797,0.09
2024,Nick Sandlin,CLE,27,8,0,3.75,68,1,57.2,-0.7,5.23,4.26,1.27,10.61,4.21,1.87,0.276,0.11,0.256,0.804,0.182
2024,Logan Allen,CLE,25,8,5,5.73,20,20,97.1,-0.7,5.87,4.75,1.58,7.3,3.79,2.03,0.183,0.095,0.318,0.747,0.188
2024,Scott McGough,ARI,34,1,3,7.44,26,2,32.2,-0.7,6.04,5.6,1.68,6.89,5.79,1.65,0.16699999999999998,0.14,0.289,0.546,0.14300000000000002
2024,Matt Moore,LAA,35,5,3,5.03,51,0,48.1,-0.8,6.17,5.46,1.34,7.63,4.84,2.05,0.195,0.124,0.215,0.698,0.153
2024,Justin Lawrence,COL,29,4,4,6.49,56,0,59.2,-0.8,5.63,4.94,1.78,6.79,4.98,1.36,0.161,0.11800000000000001,0.346,0.608,0.18
2024,Jake Diekman,NYM,37,2,3,5.63,43,0,32.0,-0.8,6.14,4.43,1.47,11.25,6.75,1.97,0.276,0.166,0.229,0.655,0.292
2024,Steven Wilson,CHW,29,1,6,5.71,40,0,34.2,-0.8,6.71,6.11,1.59,8.83,6.75,2.08,0.209,0.16,0.228,0.62,0.145
2024,Bobby Miller,LAD,25,2,4,8.52,13,13,56.0,-0.9,6.97,4.7,1.77,8.36,4.82,2.73,0.20199999999999999,0.11599999999999999,0.331,0.622,0.27399999999999997
2024,Rafael Montero,HOU,33,1,2,4.7,41,0,38.1,-0.9,6.4,5.38,1.41,5.4,4.46,1.88,0.14,0.11599999999999999,0.243,0.7859999999999999,0.18600000000000003
2024,Triston McKenzie,CLE,26,3,5,5.11,16,16,75.2,-1.0,6.46,5.41,1.56,8.8,5.83,2.26,0.218,0.14400000000000002,0.254,0.79,0.171
2024,Enyel De Los Santos,- - -,28,1,2,5.2,64,0,64.0,-1.0,5.96,4.57,1.41,9.28,3.52,2.39,0.237,0.09,0.291,0.8009999999999999,0.195
2024,Taijuan Walker,PHI,31,3,7,7.1,19,15,83.2,-1.2,6.94,5.29,1.72,6.24,3.98,2.58,0.152,0.09699999999999999,0.32,0.6970000000000001,0.209
2024,Roddery Munoz,MIA,24,2,7,6.53,18,17,82.2,-1.6,7.27,5.36,1.58,7.62,4.57,2.83,0.185,0.111,0.267,0.703,0.218
2025,Tarik Skubal,DET,28,13,6,2.21,31,31,195.1,6.6,2.45,2.66,0.89,11.1,1.52,0.83,0.322,0.044000000000000004,0.273,0.8059999999999999,0.10099999999999999
2025,Paul Skenes,PIT,23,10,10,1.97,32,32,187.2,6.5,2.36,3.03,0.95,10.36,2.01,0.53,0.295,0.057,0.273,0.8240000000000001,0.063
2025,Cristopher Sanchez,PHI,28,13,5,2.5,32,32,202.0,6.4,2.55,2.77,1.06,9.45,1.96,0.53,0.263,0.055,0.298,0.7979999999999999,0.092
2025,Garrett Crochet,BOS,26,18,5,2.59,32,32,205.1,5.8,2.89,2.64,1.03,11.18,2.02,1.05,0.313,0.057,0.29,0.843,0.141
2025,Logan Webb,SFG,28,15,11,3.22,34,34,207.0,5.5,2.6,2.78,1.24,9.74,2.0,0.61,0.262,0.054000000000000006,0.346,0.743,0.099
2025,Jesus Luzardo,PHI,27,15,7,3.92,32,32,183.2,5.3,2.9,3.25,1.22,10.58,2.79,0.78,0.285,0.075,0.324,0.6940000000000001,0.09
2025,Yoshinobu Yamamoto,LAD,26,12,8,2.49,30,30,173.2,5.0,2.94,3.05,0.99,10.42,3.06,0.73,0.294,0.086,0.243,0.785,0.10800000000000001
2025,Max Fried,NYY,31,19,5,2.86,32,32,195.1,4.8,3.07,3.41,1.1,8.71,2.35,0.65,0.23600000000000002,0.064,0.279,0.74,0.087
2025,Hunter Brown,HOU,26,12,9,2.43,31,31,185.1,4.6,3.14,3.19,1.03,10.0,2.77,0.83,0.28300000000000003,0.078,0.262,0.82,0.114
2025,Kevin Gausman,TOR,34,10,11,3.59,32,32,193.0,4.1,3.41,3.77,1.06,8.81,2.33,0.98,0.244,0.065,0.262,0.722,0.095
2025,Framber Valdez,HOU,31,13,11,3.66,31,31,192.0,4.0,3.37,3.34,1.24,8.77,3.19,0.7,0.233,0.085,0.297,0.7290000000000001,0.12300000000000001
2025,Ranger Suarez,PHI,29,12,8,3.2,26,26,157.1,4.0,3.21,3.61,1.22,8.64,2.17,0.8,0.23199999999999998,0.057999999999999996,0.317,0.79,0.08800000000000001
2025,Zack Wheeler,PHI,35,10,5,2.71,24,24,149.2,4.0,3.0,2.73,0.94,11.73,1.98,1.14,0.33299999999999996,0.055999999999999994,0.267,0.8240000000000001,0.142
2025,Andrew Abbott,CIN,26,10,7,2.87,29,29,166.1,3.9,3.66,4.31,1.15,8.06,2.33,1.03,0.218,0.063,0.274,0.8,0.083
2025,Nick Pivetta,SDP,32,13,5,2.87,31,31,181.2,3.7,3.49,3.85,0.99,9.41,2.48,1.09,0.264,0.069,0.235,0.787,0.09699999999999999
2025,Nathan Eovaldi,TEX,35,11,3,1.73,22,22,130.0,3.7,2.8,3.03,0.85,8.93,1.45,0.69,0.26,0.042,0.243,0.865,0.096
2025,Freddy Peralta,MIL,29,17,6,2.7,33,33,176.2,3.6,3.64,3.85,1.08,10.39,3.36,1.07,0.282,0.091,0.243,0.855,0.10400000000000001
2025,Bryan Woo,SEA,25,15,7,2.94,30,30,186.2,3.6,3.47,3.33,0.93,9.55,1.74,1.25,0.271,0.049,0.238,0.804,0.128
2025,Sonny Gray,STL,35,14,8,4.28,32,32,180.2,3.6,3.39,3.07,1.23,10.01,1.89,1.25,0.267,0.05,0.329,0.696,0.145
2025,Michael Wacha,KCR,33,10,13,3.86,31,31,172.2,3.6,3.66,4.56,1.22,6.57,2.35,0.78,0.17600000000000002,0.063,0.287,0.727,0.066
2025,Chris Sale,ATL,36,7,5,2.58,21,20,125.2,3.6,2.67,2.98,1.07,11.82,2.29,0.79,0.324,0.063,0.313,0.826,0.09300000000000001
2025,Matthew Boyd,CHC,34,14,8,3.21,31,31,179.2,3.4,3.65,4.22,1.09,7.71,2.1,0.95,0.214,0.057999999999999996,0.273,0.762,0.084
2025,Jacob deGrom,TEX,37,12,8,2.97,30,30,172.2,3.4,3.64,3.37,0.92,9.64,1.93,1.36,0.27699999999999997,0.055,0.23,0.836,0.138
2025,Dylan Cease,SDP,29,8,12,4.55,32,32,168.0,3.4,3.56,3.56,1.33,11.52,3.8,1.13,0.298,0.098,0.32,0.69,0.11900000000000001
2025,Trevor Rogers,BAL,27,9,3,1.81,18,18,109.2,3.3,2.82,3.64,0.9,8.45,2.38,0.49,0.243,0.069,0.226,0.8420000000000001,0.055
2025,Kris Bubic,KCR,27,8,7,2.55,20,20,116.1,3.3,2.89,3.63,1.18,8.97,3.02,0.46,0.244,0.08199999999999999,0.295,0.775,0.057
2025,Carlos Rodon,NYY,32,18,9,3.09,33,33,195.1,3.2,3.78,3.89,1.05,9.35,3.36,1.01,0.257,0.09300000000000001,0.228,0.764,0.111
2025,Joe Ryan,MIN,29,13,10,3.42,31,30,171.0,3.1,3.74,3.7,1.04,10.21,2.05,1.37,0.282,0.057,0.268,0.7859999999999999,0.121
2025,Merrill Kelly,- - -,36,12,9,3.52,32,32,184.0,3.1,3.76,3.81,1.11,8.17,2.35,1.13,0.223,0.064,0.264,0.732,0.115
2025,David Peterson,NYM,29,9,6,4.22,30,30,168.2,3.1,3.48,3.72,1.37,8.0,3.47,0.59,0.207,0.09,0.316,0.6920000000000001,0.092
2025,Jose Soriano,LAA,26,10,11,4.26,31,31,169.0,3.0,3.73,3.54,1.4,8.09,4.15,0.64,0.21,0.10800000000000001,0.306,0.6779999999999999,0.15
2025,Brady Singer,CIN,28,14,12,4.03,32,32,169.2,2.9,3.98,4.25,1.24,8.65,3.18,1.01,0.228,0.084,0.285,0.7290000000000001,0.1
2025,Hunter Greene,CIN,25,7,4,2.76,19,19,107.2,2.9,3.27,3.27,0.94,11.03,2.17,1.25,0.314,0.062,0.245,0.8290000000000001,0.11900000000000001
2025,MacKenzie Gore,WSN,26,5,15,4.17,30,30,159.2,2.9,3.74,3.78,1.35,10.43,3.61,1.13,0.272,0.094,0.325,0.7559999999999999,0.11599999999999999
2025,Nick Lodolo,CIN,27,9,8,3.33,29,28,156.2,2.8,3.81,3.66,1.08,8.96,1.78,1.26,0.243,0.048,0.276,0.807,0.129
2025,Cade Smith,CLE,26,8,5,2.93,76,0,73.2,2.7,1.95,2.65,1.0,12.71,2.32,0.49,0.34700000000000003,0.063,0.302,0.649,0.06
2025,Luis Castillo,SEA,32,11,8,3.54,32,32,180.2,2.6,3.88,4.09,1.18,8.07,2.29,1.15,0.217,0.062,0.286,0.768,0.105
2025,Dean Kremer,BAL,29,11,10,4.19,31,29,171.2,2.6,3.97,4.24,1.21,7.44,2.36,1.15,0.201,0.064,0.284,0.7090000000000001,0.102
2025,Logan Gilbert,SEA,28,6,6,3.44,25,25,131.0,2.6,3.35,2.95,1.03,11.89,2.13,1.37,0.32299999999999995,0.057999999999999996,0.276,0.7809999999999999,0.14800000000000002
2025,Aroldis Chapman,BOS,37,5,3,1.17,67,0,61.1,2.6,1.73,2.53,0.7,12.47,2.2,0.44,0.373,0.066,0.2,0.8759999999999999,0.053
2025,Chad Patrick,MIL,26,3,8,3.53,27,23,119.2,2.6,3.53,3.98,1.28,9.55,3.01,0.98,0.252,0.08,0.313,0.778,0.09
2025,Clayton Kershaw,LAD,37,11,2,3.36,23,22,112.2,2.5,3.55,4.18,1.22,6.71,2.8,0.64,0.18100000000000002,0.076,0.281,0.728,0.071
2025,Drew Rasmussen,TBR,29,10,5,2.76,31,31,150.0,2.5,3.84,3.72,1.02,7.62,2.22,1.08,0.217,0.063,0.246,0.836,0.129
2025,Luis Severino,ATH,31,8,11,4.54,29,29,162.2,2.5,4.11,4.63,1.3,6.86,2.77,0.89,0.17600000000000002,0.071,0.293,0.657,0.084
2025,Jack Flaherty,DET,29,8,15,4.64,31,31,161.0,2.5,3.85,3.69,1.28,10.51,3.3,1.29,0.276,0.087,0.305,0.705,0.13
2025,Yusei Kikuchi,LAA,34,7,11,3.99,33,33,178.1,2.5,4.23,4.28,1.42,8.78,3.73,1.21,0.225,0.096,0.314,0.7609999999999999,0.115
2025,Janson Junk,MIA,29,6,4,4.17,21,16,110.0,2.5,3.14,4.06,1.14,6.3,1.06,0.65,0.172,0.028999999999999998,0.301,0.637,0.06
2025,Mitch Keller,PIT,29,6,15,4.19,32,32,176.1,2.5,4.02,4.17,1.26,7.66,2.6,1.07,0.2,0.068,0.29,0.696,0.10800000000000001
2025,Kyle Freeland,COL,32,5,17,4.98,31,31,162.2,2.5,4.18,4.29,1.42,6.86,2.1,1.22,0.175,0.054000000000000006,0.329,0.64,0.11199999999999999
2025,Casey Mize,DET,28,14,6,3.87,28,28,149.0,2.4,3.89,3.97,1.27,8.4,2.17,1.27,0.222,0.057,0.308,0.763,0.114
2025,Chris Bassitt,TOR,36,11,9,3.96,32,31,170.1,2.4,4.01,3.84,1.33,8.77,2.75,1.16,0.226,0.071,0.315,0.764,0.132
2025,George Kirby,SEA,27,10,8,4.21,23,23,126.0,2.4,3.37,3.25,1.19,9.79,2.07,1.07,0.261,0.055,0.315,0.713,0.128
2025,Spencer Schwellenbach,ATL,25,7,4,3.09,17,17,110.2,2.4,3.25,3.01,0.97,8.78,1.46,1.06,0.249,0.040999999999999995,0.259,0.716,0.141
2025,Jack Leiter,TEX,25,10,10,3.86,29,29,151.2,2.3,4.15,4.53,1.28,8.78,3.98,1.07,0.22899999999999998,0.10400000000000001,0.267,0.748,0.095
2025,Adrian Houser,- - -,32,8,5,3.31,21,21,125.0,2.3,3.81,4.3,1.28,6.62,2.74,0.72,0.17800000000000002,0.073,0.303,0.773,0.081
2025,Adrian Morejon,SDP,26,13,6,2.08,75,0,73.2,2.2,2.28,3.08,0.9,8.55,2.08,0.24,0.245,0.059000000000000004,0.239,0.68,0.036000000000000004
2025,Cade Horton,CHC,23,11,4,2.67,23,22,118.0,2.2,3.58,4.27,1.08,7.4,2.52,0.76,0.204,0.069,0.258,0.7829999999999999,0.073
2025,Robbie Ray,SFG,33,11,8,3.65,32,32,182.1,2.2,3.93,4.29,1.21,9.18,3.6,1.09,0.24600000000000002,0.09699999999999999,0.268,0.742,0.096
2025,Garrett Whitlock,BOS,29,7,3,2.25,62,0,72.0,2.2,2.18,3.1,1.08,11.38,3.0,0.25,0.311,0.08199999999999999,0.304,0.773,0.033
2025,Shane Smith,CHW,25,7,8,3.81,29,29,146.1,2.2,4.1,4.23,1.2,8.92,3.57,1.05,0.235,0.094,0.26,0.7170000000000001,0.109
2025,Justin Verlander,SFG,42,4,11,3.85,29,29,152.0,2.2,3.85,4.57,1.36,8.11,3.08,0.95,0.207,0.079,0.308,0.7290000000000001,0.078
2025,Bryan Abreu,HOU,28,3,4,2.28,70,0,71.0,2.2,2.39,2.98,1.15,13.31,3.93,0.51,0.355,0.105,0.309,0.846,0.066
2025,Nick Martinez,CIN,34,11,14,4.45,40,26,165.2,2.1,4.33,4.54,1.21,6.3,2.28,1.2,0.17,0.061,0.274,0.685,0.106
2025,Will Warren,NYY,26,9,8,4.44,33,33,162.1,2.1,4.07,3.91,1.37,9.48,3.6,1.22,0.24100000000000002,0.091,0.303,0.698,0.13
2025,Jhoan Duran,- - -,27,7,6,2.06,72,0,70.0,2.1,2.35,2.59,1.1,10.29,2.44,0.39,0.27899999999999997,0.066,0.302,0.805,0.083
2025,Emmet Sheehan,LAD,25,6,3,2.82,15,12,73.1,2.1,2.93,3.37,0.97,10.92,2.7,0.86,0.306,0.076,0.246,0.696,0.08800000000000001
2025,Cole Ragans,KCR,27,3,3,4.67,13,13,61.2,2.1,2.5,2.45,1.18,14.3,2.92,1.02,0.381,0.078,0.354,0.644,0.12300000000000001
2025,Ryan Pepiot,TBR,27,11,12,3.86,31,31,167.2,2.0,4.36,4.07,1.16,8.96,3.27,1.4,0.24600000000000002,0.09,0.258,0.753,0.138
2025,Lucas Giolito,BOS,30,10,4,3.41,26,26,145.0,2.0,4.17,4.59,1.29,7.51,3.48,1.06,0.19699999999999998,0.091,0.273,0.767,0.09300000000000001
2025,Shane Baz,TBR,26,10,12,4.87,31,31,166.1,2.0,4.37,3.88,1.33,9.52,3.46,1.41,0.248,0.09,0.303,0.7190000000000001,0.156
2025,Edward Cabrera,MIA,27,8,7,3.53,26,26,137.2,2.0,3.83,3.62,1.23,9.81,3.14,1.11,0.258,0.083,0.292,0.767,0.136
2025,Ryne Nelson,ARI,27,7,3,3.39,33,23,154.0,2.0,3.73,4.05,1.07,7.71,2.4,0.99,0.213,0.066,0.252,0.737,0.09699999999999999
2025,Edwin Diaz,NYM,31,6,3,1.63,62,0,66.1,2.0,2.28,2.49,0.87,13.3,2.85,0.54,0.38,0.081,0.26,0.861,0.09300000000000001
2025,David Bednar,- - -,30,6,5,2.3,64,0,62.2,2.0,2.18,2.7,1.04,12.35,2.73,0.57,0.34299999999999997,0.076,0.298,0.795,0.073
2025,Mason Miller,- - -,26,1,2,2.63,60,0,61.2,2.0,2.23,2.27,0.91,15.18,4.09,0.73,0.444,0.12,0.24,0.76,0.114
2025,Quinn Priester,MIL,24,13,3,3.32,29,24,157.1,1.9,4.01,3.81,1.24,7.55,2.86,1.03,0.20199999999999999,0.077,0.284,0.7909999999999999,0.13699999999999998
2025,Clay Holmes,NYM,32,12,8,3.53,33,31,165.2,1.9,4.11,4.25,1.3,7.01,3.59,0.76,0.182,0.09300000000000001,0.28,0.74,0.105
2025,Tanner Bibee,CLE,26,12,11,4.24,31,31,182.1,1.9,4.34,4.17,1.23,8.0,2.67,1.33,0.213,0.071,0.281,0.7190000000000001,0.13
2025,Brayan Bello,BOS,26,11,9,3.35,29,28,166.2,1.9,4.19,4.39,1.24,6.7,3.19,0.86,0.177,0.084,0.268,0.753,0.10300000000000001
2025,Colin Rea,CHC,34,11,7,3.95,32,27,159.1,1.9,4.11,4.31,1.25,7.17,2.49,1.13,0.192,0.066,0.29,0.746,0.106
2025,Eury Perez,MIA,22,7,6,4.25,20,20,95.1,1.9,3.67,4.07,1.05,9.91,3.02,1.13,0.273,0.083,0.24,0.65,0.095
2025,Patrick Corbin,TEX,35,7,11,4.4,31,30,155.1,1.9,4.25,4.21,1.36,7.59,2.95,1.22,0.198,0.077,0.306,0.733,0.121
2025,Tyler Mahle,TEX,30,6,4,2.18,16,16,86.2,1.9,3.37,4.43,1.13,6.85,3.01,0.52,0.191,0.084,0.26,0.846,0.049
2025,Blake Snell,LAD,32,5,4,2.35,11,11,61.1,1.9,2.69,3.09,1.26,10.57,3.82,0.44,0.28300000000000003,0.102,0.314,0.769,0.073
2025,Robert Suarez,SDP,34,4,6,2.97,70,0,69.2,1.9,2.88,3.33,0.9,9.69,2.07,0.78,0.27899999999999997,0.059000000000000004,0.241,0.7240000000000001,0.085
2025,Andres Munoz,SEA,26,3,3,1.73,64,0,62.1,1.9,2.43,3.05,1.03,11.98,4.04,0.29,0.327,0.11,0.248,0.767,0.048
2025,Shohei Ohtani,LAD,30,1,1,2.87,14,14,47.0,1.9,1.9,2.45,1.04,11.87,1.72,0.57,0.33,0.048,0.325,0.759,0.071
2025,Noah Cameron,KCR,25,9,7,2.99,24,24,138.1,1.8,4.18,4.1,1.1,7.42,2.8,1.17,0.205,0.077,0.241,0.84,0.124
2025,Matthew Liberatore,STL,25,8,12,4.21,29,29,151.2,1.8,4.03,4.31,1.31,7.24,2.37,1.13,0.188,0.062,0.3,0.701,0.10099999999999999
2025,Kyle Hendricks,LAA,35,8,10,4.76,31,31,164.2,1.8,4.6,4.73,1.28,6.23,2.35,1.37,0.16399999999999998,0.062,0.28,0.6829999999999999,0.111
2025,Brandon Woodruff,MIL,32,7,2,3.2,12,12,64.2,1.8,3.17,3.24,0.91,11.55,1.95,1.25,0.32299999999999995,0.054000000000000006,0.243,0.7290000000000001,0.114
2025,Will Vest,DET,30,6,5,3.01,64,0,68.2,1.8,2.71,3.03,1.21,9.83,2.88,0.52,0.264,0.077,0.313,0.74,0.083
2025,Taj Bradley,- - -,24,6,8,5.05,27,27,142.2,1.8,4.35,4.37,1.31,8.01,3.53,1.2,0.21,0.09300000000000001,0.281,0.627,0.11699999999999999
2025,Pablo Lopez,MIN,29,5,4,2.74,14,14,75.2,1.8,3.19,3.87,1.11,8.68,2.38,0.71,0.23399999999999999,0.064,0.278,0.754,0.071
2025,Brandon Pfaadt,ARI,26,13,9,5.25,33,33,176.2,1.7,4.22,4.01,1.33,7.49,1.88,1.32,0.192,0.048,0.316,0.665,0.133
2025,Jeffrey Springs,ATH,32,11,11,4.11,32,30,171.0,1.7,4.65,4.64,1.21,7.26,2.84,1.47,0.19399999999999998,0.076,0.255,0.703,0.11900000000000001
2025,Sandy Alcantara,MIA,29,11,12,5.36,31,31,174.2,1.7,4.28,4.19,1.27,7.32,2.94,1.13,0.191,0.077,0.278,0.619,0.126
2025,Logan Allen,CLE,26,8,11,4.25,30,29,156.2,1.7,4.37,4.72,1.4,7.01,3.56,1.03,0.18,0.092,0.297,0.706,0.096
2025,Stephen Kolek,- - -,28,5,7,3.51,19,19,112.2,1.7,3.82,4.16,1.14,6.15,2.48,0.72,0.16699999999999998,0.067,0.264,0.705,0.08900000000000001
2025,Gabe Speier,SEA,30,4,3,2.61,76,0,62.0,1.7,2.31,2.83,0.87,11.9,1.6,0.73,0.337,0.045,0.271,0.769,0.079
2025,Abner Uribe,MIL,25,3,2,1.67,75,0,75.1,1.7,2.75,2.96,1.04,10.75,3.23,0.48,0.302,0.091,0.275,0.8420000000000001,0.091
2025,Jack Dreyer,LAD,26,3,2,2.95,67,5,76.1,1.7,2.82,4.0,1.05,8.72,2.83,0.47,0.24100000000000002,0.078,0.254,0.726,0.043
2025,Sean Newcomb,- - -,32,2,5,2.73,48,5,92.1,1.7,3.04,3.69,1.35,8.87,3.02,0.49,0.233,0.079,0.344,0.764,0.062
2025,Grant Taylor,CHW,23,2,4,4.91,36,2,36.2,1.7,1.42,2.34,1.42,13.25,3.68,0.0,0.344,0.096,0.42,0.615,0.0
2025,Griffin Jax,- - -,30,1,7,4.23,73,2,66.0,1.7,2.51,2.19,1.29,13.5,2.86,0.95,0.35,0.07400000000000001,0.368,0.696,0.156
2025,Graham Ashcraft,CIN,27,8,5,3.99,62,0,65.1,1.6,2.72,3.29,1.42,8.82,3.44,0.28,0.225,0.08800000000000001,0.342,0.621,0.049
2025,Trevor Megill,MIL,31,6,3,2.49,50,0,47.0,1.6,2.5,3.08,1.13,11.49,3.26,0.57,0.313,0.08900000000000001,0.295,0.758,0.07
2025,Carmen Mlodzinski,PIT,26,5,8,3.55,34,12,99.0,1.6,3.33,3.6,1.3,8.09,2.45,0.73,0.212,0.064,0.323,0.747,0.094
2025,Braxton Ashcraft,PIT,25,4,4,2.71,26,8,69.2,1.6,2.78,3.54,1.25,9.17,3.1,0.39,0.243,0.08199999999999999,0.313,0.79,0.05
2025,Tyler Glasnow,LAD,31,4,3,3.19,18,18,90.1,1.6,3.76,3.72,1.1,10.56,4.28,1.0,0.29,0.11699999999999999,0.225,0.784,0.122
2025,Steven Okert,HOU,33,3,2,3.01,68,1,71.2,1.6,2.76,3.69,0.89,10.55,2.39,0.75,0.304,0.069,0.236,0.7120000000000001,0.064
2025,Zack Littell,- - -,29,10,8,3.81,32,32,186.2,1.5,4.88,4.35,1.1,6.27,1.54,1.74,0.171,0.042,0.249,0.812,0.15
2025,Joey Cantillo,CLE,25,5,3,3.21,34,13,95.1,1.5,3.55,3.66,1.26,10.2,3.97,0.94,0.26899999999999996,0.105,0.282,0.764,0.11
2025,Tylor Megill,NYM,29,5,5,3.95,14,14,68.1,1.5,3.43,3.73,1.36,11.72,4.35,0.79,0.292,0.10800000000000001,0.318,0.688,0.094
2025,Justin Wrobleski,LAD,24,5,5,4.32,24,2,66.2,1.5,2.93,2.87,1.23,10.26,2.3,0.81,0.271,0.061,0.331,0.6659999999999999,0.125
2025,Phil Maton,- - -,32,4,5,2.79,63,0,61.1,1.5,2.6,3.04,1.06,11.89,3.38,0.44,0.327,0.09300000000000001,0.291,0.752,0.07
2025,Matt Strahm,PHI,33,2,3,2.74,66,0,62.1,1.5,2.99,4.22,1.07,10.11,2.89,0.72,0.273,0.078,0.264,0.758,0.054000000000000006
2025,Gavin Williams,CLE,25,12,5,3.06,31,31,167.2,1.4,4.39,4.08,1.27,9.29,4.46,1.23,0.24600000000000002,0.11800000000000001,0.254,0.838,0.14400000000000002
2025,Eric Lauer,TOR,30,9,2,3.18,28,15,104.2,1.4,3.85,4.15,1.11,8.77,2.24,1.29,0.239,0.061,0.267,0.8140000000000001,0.102
2025,Kodai Senga,NYM,32,7,6,3.02,22,22,113.1,1.4,4.12,4.35,1.31,8.66,4.37,0.95,0.226,0.114,0.271,0.799,0.102
2025,Zebby Matthews,MIN,25,5,6,5.56,16,16,79.1,1.4,3.79,3.81,1.49,9.98,2.72,1.36,0.249,0.068,0.357,0.672,0.11800000000000001
2025,Shawn Armstrong,TEX,34,4,3,2.31,71,2,74.0,1.4,3.07,3.98,0.81,9.0,2.43,0.61,0.261,0.07,0.196,0.763,0.057999999999999996
2025,Kyle Leahy,STL,28,4,2,3.07,62,1,88.0,1.4,3.04,3.76,1.23,8.18,2.86,0.51,0.22,0.077,0.301,0.755,0.06
2025,Reese Olson,DET,25,4,4,3.15,13,13,68.2,1.4,3.5,4.03,1.21,8.52,3.28,0.66,0.228,0.08800000000000001,0.286,0.79,0.076
2025,Jose A. Ferrer,WSN,25,4,4,4.48,72,0,76.1,1.4,3.03,3.09,1.27,8.37,1.89,0.59,0.21899999999999997,0.049,0.338,0.649,0.111
2025,Devin Williams,NYY,30,4,6,4.79,67,0,62.0,1.4,2.68,2.95,1.13,13.06,3.63,0.73,0.34700000000000003,0.09699999999999999,0.296,0.552,0.094
2025,Randy Rodriguez,SFG,25,3,5,1.78,50,0,50.2,1.4,2.4,2.9,0.89,11.9,1.95,0.71,0.33799999999999997,0.055999999999999994,0.268,0.853,0.08
2025,Cade Povich,BAL,25,3,8,5.21,22,20,112.1,1.4,4.18,3.95,1.5,9.45,3.45,1.36,0.242,0.08800000000000001,0.35,0.682,0.134
2025,Chase Burns,CIN,22,0,3,4.57,13,8,43.1,1.4,2.65,2.68,1.32,13.92,3.32,1.04,0.35600000000000004,0.085,0.36,0.64,0.11599999999999999
2025,Jose Berrios,TOR,31,9,5,4.17,31,30,166.0,1.3,4.65,4.43,1.3,7.48,3.04,1.41,0.198,0.08,0.285,0.7340000000000001,0.133
2025,Eduardo Rodriguez,ARI,32,9,9,5.02,29,29,154.1,1.3,4.57,4.44,1.54,8.34,3.5,1.46,0.20600000000000002,0.086,0.329,0.711,0.127
2025,Ronny Henriquez,MIA,25,7,1,2.22,69,0,73.0,1.3,3.15,3.39,1.1,12.08,3.33,0.99,0.32299999999999995,0.08900000000000001,0.271,0.838,0.10099999999999999
2025,Davis Martin,CHW,28,7,10,4.1,26,25,142.2,1.3,4.64,4.57,1.29,6.56,3.03,1.26,0.17300000000000001,0.08,0.274,0.716,0.12300000000000001
2025,Ben Casparius,LAD,26,7,5,4.64,46,3,77.2,1.3,3.57,4.36,1.27,8.23,2.43,0.93,0.213,0.063,0.304,0.672,0.075
2025,Tyler Alexander,- - -,30,5,14,4.98,52,5,97.2,1.3,3.64,4.38,1.4,7.56,2.76,0.83,0.19399999999999998,0.071,0.327,0.609,0.073
2025,Tyler Rogers,- - -,34,4,6,1.98,81,0,77.1,1.3,2.88,3.08,0.94,5.59,0.81,0.47,0.161,0.023,0.259,0.789,0.091
2025,Brad Keller,CHC,29,4,2,2.07,68,1,69.2,1.3,2.93,3.32,0.96,9.69,2.84,0.52,0.272,0.08,0.243,0.816,0.078
2025,Cameron Schlittler,NYY,24,4,3,2.96,14,14,73.0,1.3,3.74,3.77,1.22,10.36,3.82,0.99,0.276,0.102,0.284,0.845,0.11599999999999999
2025,Brendon Little,TOR,28,4,2,3.03,79,0,68.1,1.3,2.92,3.37,1.36,11.99,5.93,0.26,0.308,0.153,0.297,0.727,0.054000000000000006
2025,Clarke Schmidt,NYY,29,4,4,3.32,14,14,78.2,1.3,3.95,4.44,1.09,8.35,3.43,1.03,0.231,0.095,0.232,0.78,0.08900000000000001
2025,Jacob Latz,TEX,29,2,0,2.84,33,8,85.2,1.3,3.72,4.37,1.24,7.98,3.89,0.74,0.218,0.106,0.272,0.8109999999999999,0.07400000000000001
2025,Mike Burrows,PIT,25,2,4,3.94,23,19,96.0,1.3,4.0,3.86,1.24,9.09,2.91,1.22,0.24100000000000002,0.077,0.293,0.7659999999999999,0.129
2025,Jimmy Herget,COL,31,1,2,2.48,59,0,83.1,1.3,3.32,4.28,1.18,8.75,2.81,0.65,0.233,0.075,0.291,0.8390000000000001,0.057999999999999996
2025,Jason Adam,SDP,33,8,4,1.93,65,0,65.1,1.2,3.07,3.98,1.15,9.64,3.44,0.55,0.259,0.09300000000000001,0.274,0.8290000000000001,0.055999999999999994
2025,Simeon Woods Richardson,MIN,24,7,4,4.04,23,22,111.1,1.2,4.52,4.71,1.28,8.65,3.72,1.37,0.22699999999999998,0.098,0.265,0.759,0.10800000000000001
2025,Jacob Lopez,ATH,27,7,7,4.08,21,17,92.2,1.2,4.26,4.13,1.27,10.97,3.59,1.46,0.28300000000000003,0.09300000000000001,0.292,0.752,0.126
2025,Michael Lorenzen,KCR,33,7,11,4.64,27,26,141.2,1.2,4.59,4.23,1.33,8.07,2.48,1.59,0.21,0.064,0.303,0.742,0.14
2025,Hurston Waldrep,ATL,23,6,1,2.88,10,9,56.1,1.2,3.21,3.66,1.19,8.79,3.51,0.48,0.24,0.096,0.288,0.79,0.071
2025,Bailey Ober,MIN,29,6,9,5.1,27,27,146.1,1.2,4.9,4.75,1.3,7.38,1.91,1.85,0.192,0.05,0.295,0.725,0.126
2025,Nolan McLean,NYM,23,5,1,2.06,8,8,48.0,1.2,2.97,2.78,1.04,10.69,3.0,0.75,0.303,0.085,0.275,0.841,0.14300000000000002
2025,Aaron Ashby,MIL,27,5,2,2.16,43,1,66.2,1.2,2.7,2.97,1.17,10.26,3.24,0.41,0.281,0.08900000000000001,0.313,0.848,0.081
2025,Reid Detmers,LAA,25,5,3,3.96,61,0,63.2,1.2,3.12,3.08,1.3,11.31,3.53,0.85,0.301,0.094,0.34,0.731,0.122
2025,Brad Lord,WSN,25,5,10,4.34,48,19,130.2,1.2,4.23,3.95,1.29,7.44,2.96,1.17,0.198,0.079,0.291,0.722,0.142
2025,Jacob Misiorowski,MIL,23,5,3,4.36,15,14,66.0,1.2,3.62,3.66,1.24,11.86,4.23,1.09,0.319,0.114,0.299,0.691,0.11599999999999999
2025,Dennis Santana,PIT,29,4,5,2.18,70,0,70.1,1.2,3.21,4.17,0.87,7.68,2.18,0.64,0.222,0.063,0.211,0.807,0.057999999999999996
2025,Louie Varland,- - -,27,4,3,2.97,74,1,72.2,1.2,3.14,3.1,1.2,9.29,2.72,0.74,0.253,0.07400000000000001,0.309,0.769,0.122
2025,Kyle Finnegan,- - -,33,4,4,3.47,56,0,57.0,1.2,3.12,3.58,1.11,8.68,2.84,0.63,0.24,0.079,0.272,0.685,0.078
2025,Trevor Williams,WSN,33,3,10,6.21,17,17,82.2,1.2,4.13,4.56,1.54,7.08,2.29,1.2,0.174,0.055999999999999994,0.347,0.616,0.095
2025,Zac Gallen,ARI,29,13,15,4.83,33,33,192.0,1.1,4.5,4.12,1.26,8.2,3.09,1.45,0.215,0.081,0.27,0.6759999999999999,0.146
2025,Jameson Taillon,CHC,33,11,7,3.68,23,23,129.2,1.1,4.65,4.34,1.06,6.8,1.87,1.67,0.18899999999999997,0.052000000000000005,0.232,0.8029999999999999,0.136
2025,Landen Roupp,SFG,26,7,7,3.8,22,22,106.2,1.1,3.91,4.1,1.48,8.61,3.8,0.93,0.214,0.095,0.324,0.728,0.10400000000000001
2025,Josh Hader,HOU,31,6,2,2.05,48,0,52.2,1.1,3.25,3.18,0.85,12.99,2.73,1.37,0.369,0.078,0.202,0.866,0.12300000000000001
2025,Bennett Sousa,HOU,30,5,1,2.84,44,0,50.2,1.1,2.72,3.31,1.03,10.48,2.66,0.71,0.29600000000000004,0.075,0.273,0.733,0.075
2025,Steven Matz,- - -,34,5,2,3.05,53,2,76.2,1.1,3.46,3.71,1.1,6.93,1.29,0.94,0.191,0.036000000000000004,0.284,0.735,0.1
2025,Emmanuel Clase,CLE,27,5,3,3.23,48,0,47.1,1.1,2.71,3.6,1.23,8.94,2.28,0.38,0.23399999999999999,0.06,0.324,0.7090000000000001,0.045
2025,Joey Wentz,- - -,27,5,7,5.6,39,13,98.0,1.1,4.06,4.51,1.56,8.45,3.95,1.01,0.20800000000000002,0.09699999999999999,0.336,0.635,0.091
2025,Ben Brown,CHC,25,5,8,5.92,25,15,106.1,1.1,4.08,3.56,1.44,10.24,2.71,1.52,0.256,0.068,0.347,0.637,0.155
2025,Carlos Estevez,KCR,32,4,5,2.45,67,0,66.0,1.1,3.67,4.95,1.06,7.36,3.0,0.68,0.201,0.08199999999999999,0.234,0.7759999999999999,0.052000000000000005
2025,Ian Seymour,TBR,26,4,3,3.63,19,5,57.0,1.1,3.19,3.81,1.18,10.11,3.0,0.79,0.264,0.079,0.285,0.5870000000000001,0.077
2025,Caleb Thielbar,CHC,38,3,4,2.64,67,0,58.0,1.1,3.0,3.68,0.88,8.69,2.02,0.78,0.255,0.059000000000000004,0.226,0.773,0.07400000000000001
2025,Michael Soroka,- - -,27,3,8,4.52,22,17,89.2,1.1,4.23,4.21,1.13,9.54,2.91,1.2,0.251,0.077,0.263,0.675,0.12
2025,Tony Santillan,CIN,28,1,5,2.44,80,0,73.2,1.1,3.72,4.05,1.11,9.16,3.54,0.86,0.249,0.096,0.249,0.8290000000000001,0.09300000000000001
2025,Kyle Bradish,BAL,28,1,1,2.53,6,6,32.0,1.1,2.45,2.67,1.03,13.22,2.81,0.84,0.373,0.079,0.308,0.8390000000000001,0.1
2025,Matt Svanson,STL,26,4,0,1.94,39,0,60.1,1.0,2.72,3.4,0.88,10.14,2.98,0.45,0.29100000000000004,0.085,0.216,0.8140000000000001,0.057999999999999996
2025,Pete Fairbanks,TBR,31,4,5,2.83,61,0,60.1,1.0,3.63,3.76,1.04,8.8,2.69,1.04,0.242,0.07400000000000001,0.239,0.775,0.109
2025,Alex Vesia,LAD,29,4,2,3.02,68,0,59.2,1.0,3.77,3.57,0.99,12.07,3.32,1.36,0.33799999999999997,0.09300000000000001,0.231,0.8370000000000001,0.132
2025,Raisel Iglesias,ATL,35,4,6,3.21,70,0,67.1,1.0,3.31,3.78,1.0,9.76,2.14,1.07,0.27399999999999997,0.06,0.257,0.7609999999999999,0.091
2025,Justin Wilson,BOS,37,4,1,3.35,61,0,48.1,1.0,2.95,3.55,1.41,10.61,3.72,0.56,0.275,0.09699999999999999,0.36,0.7290000000000001,0.068
2025,Jeremiah Estrada,SDP,26,4,5,3.45,77,0,73.0,1.0,3.55,3.18,1.16,13.32,3.33,1.48,0.355,0.08900000000000001,0.299,0.8009999999999999,0.14300000000000002
2025,Hunter Dobbins,BOS,25,4,1,4.13,13,11,61.0,1.0,3.87,4.11,1.28,6.64,2.51,0.89,0.17600000000000002,0.066,0.296,0.698,0.1
2025,Parker Messick,CLE,24,3,1,2.72,7,7,39.2,1.0,2.98,3.15,1.31,8.62,1.36,0.91,0.23,0.036000000000000004,0.359,0.862,0.105
2025,Hoby Milner,TEX,34,3,4,3.84,73,0,70.1,1.0,3.39,3.96,1.27,7.42,2.69,0.64,0.198,0.07200000000000001,0.304,0.667,0.07400000000000001
2025,Emilio Pagan,CIN,34,2,4,2.88,70,0,68.2,1.0,3.72,3.91,0.92,10.62,2.88,1.31,0.3,0.081,0.2,0.765,0.10800000000000001
2025,Ryan Bergert,- - -,25,2,2,3.66,19,15,76.1,1.0,4.0,4.68,1.26,8.61,4.13,0.94,0.226,0.10800000000000001,0.257,0.758,0.079
2025,Daniel Palencia,CHC,25,1,6,2.91,54,0,52.2,1.0,3.08,3.37,1.14,10.42,2.73,0.85,0.284,0.07400000000000001,0.298,0.782,0.096
2025,Edwin Uceta,TBR,27,10,3,3.79,70,0,76.0,0.9,3.69,3.43,1.17,12.2,3.2,1.3,0.321,0.084,0.297,0.784,0.138
2025,Shota Imanaga,CHC,31,9,8,3.73,25,25,144.2,0.9,4.86,4.51,0.99,7.28,1.62,1.93,0.20600000000000002,0.046,0.219,0.815,0.136
2025,Mitchell Parker,WSN,25,9,16,5.68,33,30,164.2,0.9,4.99,5.08,1.43,5.63,3.17,1.37,0.142,0.08,0.286,0.605,0.113
2025,Lucas Erceg,KCR,30,8,4,2.64,61,0,61.1,0.9,3.49,3.95,1.17,7.04,2.64,0.59,0.193,0.07200000000000001,0.286,0.81,0.077
2025,Michael McGreevy,STL,24,8,4,4.42,17,16,95.2,0.9,4.27,4.32,1.25,5.46,1.88,1.13,0.145,0.05,0.287,0.687,0.115
2025,Bryce Elder,ATL,26,8,11,5.3,28,28,156.1,0.9,4.55,4.04,1.39,7.54,2.94,1.38,0.193,0.075,0.306,0.6779999999999999,0.159
2025,Griffin Canning,NYM,29,7,3,3.77,16,16,76.1,0.9,4.04,4.09,1.38,8.25,4.13,0.94,0.213,0.107,0.288,0.746,0.114
2025,Spencer Strider,ATL,26,7,14,4.45,23,23,125.1,0.9,4.53,4.24,1.4,9.41,3.66,1.44,0.243,0.095,0.316,0.774,0.138
2025,Jared Koenig,MIL,31,6,1,2.86,72,0,66.0,0.9,3.35,3.8,1.17,9.27,2.73,0.82,0.254,0.075,0.3,0.826,0.086
2025,Tyler Kinley,- - -,34,6,3,3.96,73,0,72.2,0.9,3.69,4.59,1.18,9.04,4.09,0.74,0.237,0.107,0.244,0.67,0.065
2025,Aaron Nola,PHI,32,5,10,6.01,17,17,94.1,0.9,4.58,3.71,1.35,9.25,2.67,1.72,0.24,0.069,0.315,0.624,0.182
2025,JoJo Romero,STL,28,4,6,2.07,65,0,61.0,0.9,3.28,4.12,1.25,8.11,4.28,0.3,0.21600000000000003,0.114,0.269,0.758,0.04
2025,Seranthony Dominguez,- - -,30,4,4,3.16,67,0,62.2,0.9,3.47,3.71,1.28,11.35,5.17,0.72,0.303,0.138,0.281,0.693,0.096
2025,Grant Holmes,ATL,29,4,9,3.99,22,21,115.0,0.9,4.4,4.04,1.34,9.63,4.23,1.25,0.25,0.11,0.288,0.7859999999999999,0.14800000000000002
2025,Bubba Chandler,PIT,22,4,1,4.02,7,4,31.1,0.9,2.66,3.2,0.93,8.9,1.15,0.57,0.25,0.032,0.274,0.616,0.071
2025,Luis L. Ortiz,CLE,26,4,9,4.36,16,16,88.2,0.9,4.18,3.83,1.38,9.74,4.26,1.22,0.251,0.11,0.294,0.7440000000000001,0.14800000000000002
2025,Aaron Civale,- - -,30,4,9,4.85,23,18,102.0,0.9,4.63,4.73,1.26,7.76,2.91,1.41,0.20199999999999999,0.076,0.275,0.6779999999999999,0.113
2025,Cristian Javier,HOU,28,2,4,4.62,8,8,37.0,0.9,3.65,4.97,1.27,8.27,3.65,0.73,0.217,0.096,0.279,0.594,0.053
2025,Justin Topa,MIN,34,1,5,3.9,54,1,60.0,0.9,3.04,3.89,1.43,7.35,2.7,0.3,0.183,0.067,0.338,0.665,0.04
2025,Jose Quintana,MIL,36,11,7,3.96,24,24,131.2,0.8,4.81,4.92,1.29,6.08,3.42,1.23,0.16,0.09,0.259,0.7340000000000001,0.11199999999999999
2025,Braydon Fisher,TOR,24,7,0,2.7,52,1,50.0,0.8,3.02,3.64,1.02,11.16,3.42,0.72,0.307,0.094,0.246,0.8059999999999999,0.07400000000000001
2025,Dustin May,- - -,27,7,11,4.96,25,23,132.1,0.8,4.88,4.53,1.42,8.37,3.81,1.43,0.21100000000000002,0.096,0.298,0.715,0.14300000000000002
2025,Ryan Gusto,- - -,26,7,7,5.67,27,17,101.2,0.8,4.61,4.61,1.48,8.59,3.19,1.5,0.214,0.079,0.326,0.6709999999999999,0.11900000000000001
2025,Tanner Banks,PHI,33,6,2,3.07,69,1,67.1,0.8,3.64,3.67,1.01,8.15,1.6,1.2,0.228,0.045,0.255,0.7979999999999999,0.11699999999999999
2025,Randy Vasquez,SDP,26,6,7,3.84,28,26,133.2,0.8,4.85,5.51,1.32,5.25,3.5,1.08,0.13699999999999998,0.091,0.261,0.774,0.083
2025,Michael King,SDP,30,5,3,3.44,15,15,73.1,0.8,4.42,4.2,1.2,9.33,3.19,1.47,0.247,0.084,0.263,0.8109999999999999,0.132
2025,Caleb Ferguson,- - -,28,5,4,3.58,70,0,65.1,0.8,3.26,4.06,1.16,7.03,3.03,0.28,0.18899999999999997,0.081,0.275,0.6940000000000001,0.039
2025,Matt Festa,CLE,32,5,4,4.12,63,0,54.2,0.8,3.14,3.71,1.08,9.22,2.47,0.66,0.248,0.066,0.274,0.599,0.07400000000000001
2025,Andrew Kittredge,- - -,35,4,3,3.4,54,0,53.0,0.8,3.06,2.62,0.98,10.87,1.87,1.19,0.308,0.053,0.27,0.711,0.159
2025,Cole Sands,MIN,27,4,6,4.5,69,3,72.0,0.8,3.58,4.05,1.17,8.0,2.38,0.88,0.214,0.064,0.283,0.601,0.086
2025,J.T. Ginn,ATH,26,4,7,5.08,23,16,90.1,0.8,4.62,3.52,1.36,9.86,3.09,1.69,0.253,0.079,0.314,0.732,0.215
2025,Fernando Cruz,NYY,35,3,4,3.56,49,0,48.0,0.8,3.18,3.01,1.19,13.5,4.5,0.94,0.36,0.12,0.292,0.736,0.135
2025,Reed Garrett,NYM,32,3,6,3.9,58,1,55.1,0.8,3.46,3.65,1.32,10.41,4.23,0.81,0.26899999999999996,0.109,0.296,0.701,0.102
2025,Tommy Nance,TOR,34,2,0,1.99,30,0,31.2,0.8,1.87,2.85,1.01,9.09,1.99,0.0,0.254,0.055999999999999994,0.291,0.667,0.0
2025,Hunter Gaddis,CLE,27,2,2,3.11,73,0,66.2,0.8,3.5,3.69,1.19,9.86,2.84,1.08,0.266,0.077,0.292,0.8140000000000001,0.105
2025,Matt Brash,SEA,27,1,3,2.47,53,0,47.1,0.8,3.05,3.03,1.25,11.03,3.42,0.76,0.29100000000000004,0.09,0.316,0.83,0.121
2025,Brandon Walter,HOU,28,1,3,3.35,9,9,53.2,0.8,4.01,3.14,0.93,8.72,0.67,1.68,0.245,0.019,0.252,0.846,0.185
2025,Martin Perez,CHW,34,1,6,3.54,11,10,56.0,0.8,4.24,4.91,1.11,7.07,3.54,0.96,0.193,0.096,0.221,0.737,0.08
2025,Orion Kerkering,PHI,24,8,4,3.3,69,0,60.0,0.7,3.82,4.19,1.37,9.75,4.05,0.9,0.244,0.102,0.299,0.747,0.092
2025,Slade Cecconi,CLE,26,7,7,4.3,23,23,132.0,0.7,4.64,4.09,1.19,7.43,2.18,1.64,0.2,0.059000000000000004,0.268,0.7440000000000001,0.155
2025,Greg Weissert,BOS,30,6,6,2.82,72,0,67.0,0.7,3.67,4.33,1.16,7.66,2.82,0.81,0.205,0.076,0.267,0.7440000000000001,0.076
2025,Andre Pallante,STL,26,6,15,5.31,31,31,162.2,0.7,4.68,4.16,1.44,6.14,3.43,1.16,0.155,0.087,0.295,0.622,0.172
2025,Bryan King,HOU,28,5,4,2.78,68,0,68.0,0.7,3.68,3.33,1.04,9.13,1.46,1.32,0.251,0.04,0.276,0.885,0.145
2025,Chris Paddack,- - -,29,5,12,5.35,33,28,158.0,0.7,5.03,4.69,1.28,6.38,2.11,1.77,0.16699999999999998,0.055,0.277,0.664,0.13699999999999998
2025,Sean Burke,CHW,25,4,11,4.22,28,22,134.1,0.7,4.92,4.7,1.44,8.91,4.22,1.54,0.223,0.106,0.291,0.7390000000000001,0.131
2025,Corbin Burnes,ARI,30,3,2,2.66,11,11,64.1,0.7,3.94,3.73,1.17,8.81,3.64,0.98,0.23800000000000002,0.098,0.253,0.8059999999999999,0.14
2025,Drew Pomeranz,CHC,36,2,2,2.17,57,4,49.2,0.7,3.36,3.69,1.07,10.33,2.72,0.91,0.281,0.07400000000000001,0.273,0.863,0.094
2025,Danny Coulombe,- - -,35,2,1,2.3,55,1,43.0,0.7,3.3,4.04,1.16,9.0,3.77,0.63,0.244,0.102,0.259,0.852,0.065
2025,Garrett Cleavinger,TBR,31,2,6,2.35,67,0,61.1,0.7,3.59,2.89,0.95,12.03,2.64,1.32,0.337,0.07400000000000001,0.244,0.9159999999999999,0.188
2025,Brock Stewart,- - -,33,2,2,2.63,43,0,37.2,0.7,3.19,4.12,1.19,10.51,3.11,0.72,0.27699999999999997,0.08199999999999999,0.305,0.848,0.063
2025,Kolby Allard,CLE,27,2,2,2.63,33,2,65.0,0.7,3.54,4.67,1.2,5.82,1.94,0.69,0.158,0.053,0.289,0.792,0.055999999999999994
2025,Luis Garcia,- - -,38,2,2,3.42,58,0,55.1,0.7,3.28,4.01,1.46,7.81,4.23,0.33,0.20600000000000002,0.11199999999999999,0.338,0.742,0.047
2025,Juan Mejia,COL,24,2,2,3.96,55,0,61.1,0.7,3.71,4.07,1.26,9.98,3.67,0.88,0.261,0.096,0.295,0.657,0.092
2025,Manuel Rodriguez,TBR,28,1,2,2.08,31,0,30.1,0.7,3.04,3.2,1.05,7.42,1.78,0.59,0.207,0.05,0.276,0.795,0.1
2025,Gregory Soto,- - -,30,1,5,4.18,70,0,60.1,0.7,3.42,3.99,1.43,10.44,3.58,0.6,0.251,0.086,0.341,0.7,0.071
2025,Mark Leiter Jr.,NYY,34,6,7,4.84,59,0,48.1,0.6,3.55,3.8,1.53,10.06,3.17,0.93,0.247,0.078,0.374,0.662,0.1
2025,Tanner Gordon,COL,27,6,8,6.33,15,15,75.1,0.6,5.05,4.33,1.5,7.41,2.03,1.91,0.184,0.05,0.335,0.598,0.16
2025,Kenley Jansen,LAA,37,5,4,2.59,62,0,59.0,0.6,3.98,4.6,0.95,8.69,2.9,1.22,0.244,0.081,0.195,0.852,0.08800000000000001
2025,Ryan Walker,SFG,29,5,7,4.11,68,0,61.1,0.6,3.3,3.63,1.27,8.8,2.64,0.59,0.226,0.068,0.318,0.672,0.085
2025,Brant Hurter,DET,26,4,3,2.43,43,4,63.0,0.6,3.61,4.08,1.33,9.71,3.86,0.57,0.245,0.09699999999999999,0.317,0.772,0.075
2025,Shelby Miller,- - -,34,4,3,2.74,48,0,46.0,0.6,3.44,3.67,1.04,10.57,2.93,0.98,0.29,0.081,0.259,0.778,0.102
2025,Jakob Junis,CLE,32,4,1,2.97,57,0,66.2,0.6,3.45,4.21,1.23,7.43,2.43,0.68,0.201,0.066,0.307,0.785,0.067
2025,Brennan Bernardino,BOS,33,4,3,3.14,55,3,51.2,0.6,3.41,4.59,1.26,7.49,4.53,0.17,0.192,0.11599999999999999,0.252,0.6759999999999999,0.021
2025,Luis Gil,NYY,27,4,1,3.32,11,11,57.0,0.6,4.63,5.65,1.4,6.47,5.21,0.79,0.168,0.135,0.256,0.784,0.063
2025,Camilo Doval,- - -,27,4,3,3.58,69,0,65.1,0.6,3.47,3.74,1.32,9.92,4.82,0.55,0.259,0.126,0.287,0.659,0.08900000000000001
2025,Isaac Mattson,PIT,29,3,3,2.45,44,0,47.2,0.6,3.66,4.93,1.13,8.5,3.59,0.76,0.22699999999999998,0.096,0.242,0.833,0.055
2025,Brenan Hanifee,DET,27,3,3,3.0,54,0,60.0,0.6,3.25,3.91,1.32,6.0,2.1,0.45,0.154,0.054000000000000006,0.308,0.6509999999999999,0.059000000000000004
2025,AJ Smith-Shawver,ATL,22,3,2,3.86,9,9,44.1,0.6,3.9,4.36,1.42,8.53,4.26,0.81,0.21899999999999997,0.109,0.306,0.753,0.085
2025,Ronel Blanco,HOU,31,3,4,4.1,9,9,48.1,0.6,4.27,4.4,1.18,8.94,3.72,1.3,0.24100000000000002,0.10099999999999999,0.242,0.742,0.111
2025,Chris Martin,TEX,39,2,6,2.98,49,0,42.1,0.6,3.58,3.31,1.2,9.14,1.7,1.28,0.247,0.046,0.319,0.78,0.14
2025,Hogan Harris,ATH,28,2,1,3.2,48,0,64.2,0.6,3.71,4.37,1.35,9.05,4.59,0.7,0.235,0.11900000000000001,0.283,0.765,0.071
2025,Felix Bautista,BAL,30,1,1,2.6,35,0,34.2,0.6,3.37,3.35,1.13,12.98,5.97,0.78,0.35200000000000004,0.162,0.197,0.833,0.12
2025,Mason Englert,TBR,25,0,1,3.83,29,0,44.2,0.6,3.14,3.59,1.21,8.87,2.22,0.81,0.23800000000000002,0.059000000000000004,0.312,0.7090000000000001,0.085
2025,JP Sears,- - -,29,9,11,5.04,27,27,135.2,0.5,5.21,4.76,1.32,7.76,2.39,1.99,0.201,0.062,0.287,0.741,0.141
2025,Seth Lugo,KCR,35,8,7,4.15,26,26,145.1,0.5,5.09,4.53,1.29,7.74,3.41,1.67,0.205,0.09,0.266,0.794,0.154
2025,Bailey Falter,- - -,28,7,7,4.45,26,24,125.1,0.5,4.94,5.03,1.28,5.82,3.3,1.36,0.156,0.08900000000000001,0.259,0.6940000000000001,0.113
2025,Wandy Peralta,SDP,33,6,1,3.14,71,1,71.2,0.5,3.62,3.86,1.34,7.91,3.77,0.63,0.201,0.096,0.286,0.758,0.094
2025,Eduard Bazardo,SEA,29,5,0,2.52,73,0,78.2,0.5,3.64,3.84,1.02,9.38,3.09,1.03,0.262,0.086,0.228,0.85,0.105
2025,Nick Mears,MIL,28,5,3,3.49,63,0,56.2,0.5,3.86,4.32,0.97,7.31,2.06,1.11,0.20800000000000002,0.059000000000000004,0.227,0.6709999999999999,0.092
2025,Jose Butto,- - -,27,5,3,3.9,55,0,67.0,0.5,3.7,4.38,1.4,7.79,4.3,0.54,0.204,0.113,0.309,0.7190000000000001,0.063
2025,Jordan Leasure,CHW,26,5,6,3.92,68,1,64.1,0.5,4.49,3.91,1.23,11.33,4.2,1.68,0.301,0.11199999999999999,0.255,0.7909999999999999,0.156
2025,Taijuan Walker,PHI,32,5,8,4.08,34,21,123.2,0.5,5.07,4.73,1.41,6.26,3.06,1.53,0.16,0.078,0.288,0.7809999999999999,0.14
2025,Robert Garcia,TEX,29,4,8,2.95,71,0,64.0,0.5,3.71,3.68,1.25,9.56,3.09,1.13,0.253,0.08199999999999999,0.294,0.7879999999999999,0.121
2025,Victor Vodnik,COL,25,4,3,3.02,52,0,50.2,0.5,3.77,4.02,1.4,8.7,4.62,0.71,0.228,0.121,0.301,0.795,0.095
2025,Luis Morales,ATH,22,4,3,3.14,10,9,48.2,0.5,4.68,4.54,1.15,7.95,3.33,1.48,0.21600000000000003,0.09,0.233,0.852,0.127
2025,Luke Weaver,NYY,31,4,4,3.62,64,0,64.2,0.5,3.89,4.12,1.02,10.02,2.78,1.39,0.275,0.076,0.226,0.736,0.106
2025,Bryan Baker,- - -,30,4,4,4.06,73,0,68.2,0.5,3.92,3.08,1.11,10.88,2.23,1.7,0.303,0.062,0.286,0.7440000000000001,0.18100000000000002
2025,Jake Bird,- - -,29,4,2,5.53,48,0,55.1,0.5,3.91,3.58,1.54,10.73,4.07,1.14,0.266,0.10099999999999999,0.361,0.652,0.149
2025,Dietrich Enns,- - -,34,3,3,4.08,24,3,46.1,0.5,3.67,3.42,1.4,9.52,2.91,1.17,0.245,0.075,0.338,0.7070000000000001,0.14
2025,Cade Cavalli,WSN,26,3,1,4.25,10,10,48.2,0.5,4.53,3.93,1.48,7.4,2.77,1.29,0.183,0.068,0.327,0.725,0.175
2025,Max Meyer,MIA,26,3,5,4.73,12,12,64.2,0.5,4.47,3.51,1.42,9.46,2.78,1.67,0.239,0.07,0.328,0.7120000000000001,0.19699999999999998
2025,Gordon Graceffo,STL,25,3,1,6.28,26,0,43.0,0.5,2.93,3.86,1.47,8.37,2.72,0.42,0.207,0.067,0.353,0.514,0.047
2025,Kyle Harrison,- - -,23,1,1,4.04,11,6,35.2,0.5,3.72,3.95,1.37,9.59,3.53,1.01,0.244,0.09,0.313,0.7659999999999999,0.10300000000000001
2025,Joe Boyle,TBR,25,1,4,4.67,13,9,52.0,0.5,4.19,4.38,1.37,10.04,4.85,1.04,0.257,0.124,0.282,0.625,0.105
2025,Matt Gage,- - -,32,0,1,3.19,33,2,31.0,0.5,2.75,4.14,1.52,7.84,3.48,0.0,0.19699999999999998,0.08800000000000001,0.365,0.7759999999999999,0.0
2025,Enyel De Los Santos,- - -,29,6,3,4.36,65,0,66.0,0.4,3.82,4.26,1.29,8.45,3.27,0.95,0.221,0.086,0.292,0.674,0.09
2025,Mike Vasil,CHW,25,5,3,2.5,47,3,101.0,0.4,4.32,4.67,1.25,7.31,4.63,0.71,0.19399999999999998,0.12300000000000001,0.242,0.831,0.08900000000000001
2025,Huascar Brazoban,NYM,35,5,2,3.57,52,3,63.0,0.4,4.04,4.2,1.24,8.14,3.86,0.86,0.218,0.10300000000000001,0.268,0.72,0.105
2025,Max Scherzer,TOR,40,5,5,5.19,17,17,85.0,0.4,4.99,4.55,1.29,8.68,2.44,2.01,0.22899999999999998,0.064,0.293,0.738,0.14
2025,Yu Darvish,SDP,38,5,5,5.38,15,15,72.0,0.4,4.82,4.15,1.18,8.5,2.38,1.75,0.23,0.064,0.275,0.6579999999999999,0.161
2025,Kody Funderburk,MIN,28,4,1,3.51,39,0,41.0,0.4,3.35,3.96,1.51,8.78,3.95,0.44,0.21899999999999997,0.098,0.35,0.772,0.061
2025,Tyler Gilbert,CHW,31,4,2,3.88,46,5,51.0,0.4,4.02,4.83,1.25,8.65,4.24,0.88,0.228,0.11199999999999999,0.259,0.7120000000000001,0.07200000000000001
2025,Spencer Bivens,SFG,31,4,3,4.0,54,0,81.0,0.4,3.7,4.26,1.33,6.78,2.78,0.67,0.17800000000000002,0.073,0.313,0.679,0.075
2025,Jonathan Cannon,CHW,24,4,10,5.82,22,17,103.2,0.4,5.13,4.92,1.49,7.47,3.3,1.65,0.185,0.08199999999999999,0.306,0.682,0.13
2025,Cal Quantrill,- - -,30,4,12,6.04,26,26,117.2,0.4,5.14,4.89,1.45,6.5,2.68,1.68,0.166,0.068,0.311,0.654,0.133
2025,Anthony Bender,MIA,30,3,5,2.16,51,0,50.0,0.4,3.62,4.47,1.06,7.56,3.78,0.54,0.20600000000000002,0.10300000000000001,0.213,0.8270000000000001,0.057
2025,Aaron Bummer,ATL,31,3,2,3.81,42,2,54.1,0.4,3.52,3.68,1.25,8.45,2.82,0.5,0.217,0.07200000000000001,0.314,0.695,0.09699999999999999
2025,Jackson Perkins,ATH,25,3,2,4.19,12,4,38.2,0.4,4.12,4.65,1.16,8.61,4.19,0.93,0.23,0.11199999999999999,0.23,0.7,0.085
2025,Ben Lively,CLE,33,2,2,3.22,9,9,44.2,0.4,4.59,5.26,1.19,5.84,3.02,1.21,0.163,0.084,0.25,0.83,0.086
2025,Grant Anderson,MIL,28,2,6,3.23,66,0,69.2,0.4,3.84,3.87,1.26,9.56,3.75,1.03,0.247,0.09699999999999999,0.274,0.698,0.11599999999999999
2025,Steven Wilson,CHW,30,2,2,3.42,59,0,55.1,0.4,4.29,5.13,1.3,8.3,3.58,1.14,0.212,0.091,0.272,0.828,0.079
2025,Justin Slaten,BOS,27,2,4,4.24,36,0,34.0,0.4,3.69,4.41,1.09,6.62,2.65,0.79,0.182,0.073,0.242,0.5489999999999999,0.073
2025,Sean Manaea,NYM,33,2,4,5.64,15,12,60.2,0.4,4.39,3.3,1.22,11.13,1.78,1.93,0.285,0.046,0.314,0.685,0.19399999999999998
2025,Andrew Chafin,- - -,35,1,1,2.41,42,0,33.2,0.4,3.46,3.97,1.43,9.62,5.08,0.53,0.252,0.133,0.314,0.8190000000000001,0.071
2025,DL Hall,MIL,26,1,0,3.49,20,3,38.2,0.4,3.73,4.85,1.06,6.28,3.96,0.47,0.174,0.11,0.202,0.6809999999999999,0.044000000000000004
2025,Tobias Myers,MIL,26,1,2,3.55,22,6,50.2,0.4,3.92,4.74,1.36,6.75,2.66,0.89,0.17300000000000001,0.068,0.306,0.7809999999999999,0.07200000000000001
2025,Zack Kelly,BOS,30,1,3,4.58,28,0,35.1,0.4,3.53,4.04,1.33,8.92,3.06,0.76,0.23,0.079,0.323,0.633,0.081
2025,Ryan Feltner,COL,28,0,2,4.75,6,6,30.1,0.4,4.39,4.5,1.48,7.42,3.56,1.19,0.185,0.08900000000000001,0.309,0.711,0.111
2025,Charlie Morton,- - -,41,9,11,5.83,33,27,142.0,0.3,4.96,4.4,1.58,9.44,4.56,1.46,0.228,0.11,0.326,0.7,0.162
2025,Miles Mikolas,STL,36,8,11,4.84,31,31,156.1,0.3,5.03,4.83,1.32,5.76,2.13,1.67,0.149,0.055,0.28,0.7240000000000001,0.129
2025,Brock Burke,LAA,28,7,1,3.36,69,1,61.2,0.3,4.16,3.87,1.23,7.59,2.63,1.17,0.20199999999999999,0.07,0.284,0.8109999999999999,0.14300000000000002
2025,Angel Zerpa,KCR,25,5,2,4.18,69,2,64.2,0.3,3.86,3.5,1.38,8.07,3.06,0.97,0.21100000000000002,0.08,0.323,0.7509999999999999,0.159
2025,Cade Gibson,MIA,27,4,5,2.63,44,1,54.2,0.3,3.76,4.23,1.19,7.08,3.46,0.49,0.187,0.091,0.261,0.7929999999999999,0.071
2025,Justin Sterner,ATH,28,4,3,3.18,59,1,65.0,0.3,4.27,4.19,1.05,9.69,2.91,1.38,0.263,0.079,0.234,0.836,0.12300000000000001
2025,Shane Bieber,TOR,30,4,2,3.57,7,7,40.1,0.3,4.47,3.35,1.02,8.26,1.56,1.79,0.233,0.044000000000000004,0.245,0.8440000000000001,0.21100000000000002
2025,Javier Assad,CHC,27,4,1,3.65,8,7,37.0,0.3,4.24,4.69,1.22,5.59,2.92,0.73,0.15,0.078,0.27,0.759,0.083
2025,Tyler Ferguson,ATH,31,4,2,4.66,56,0,58.0,0.3,4.14,5.07,1.33,8.38,5.28,0.62,0.22,0.138,0.26,0.65,0.057999999999999996
2025,Kumar Rocker,TEX,25,4,5,5.74,14,14,64.1,0.3,4.88,4.14,1.46,7.83,3.22,1.54,0.195,0.08,0.311,0.6779999999999999,0.177
2025,Riley O'Brien,STL,30,3,1,2.06,42,0,48.0,0.3,3.61,3.88,1.15,8.44,4.13,0.38,0.226,0.111,0.252,0.828,0.08
2025,Pierce Johnson,ATL,34,3,3,3.05,65,0,59.0,0.3,3.91,4.03,1.2,9.0,2.9,1.22,0.248,0.08,0.291,0.8390000000000001,0.111
2025,Max Kranick,NYM,27,3,2,3.65,24,0,37.0,0.3,3.95,4.36,1.05,6.08,1.22,1.22,0.16899999999999998,0.034,0.257,0.75,0.096
2025,John Schreiber,KCR,31,3,3,3.8,74,0,64.0,0.3,4.17,3.99,1.19,8.72,2.67,1.41,0.23399999999999999,0.07200000000000001,0.272,0.762,0.13
2025,David Festa,MIN,25,3,4,5.4,11,10,53.1,0.3,4.88,4.49,1.28,8.94,3.21,1.69,0.231,0.083,0.273,0.638,0.141
2025,German Marquez,COL,30,3,16,6.7,26,26,126.1,0.3,5.47,5.35,1.71,5.91,3.42,1.64,0.14,0.081,0.336,0.611,0.125
2025,Dylan Lee,ATL,30,2,4,3.29,74,0,68.1,0.3,4.0,3.22,0.98,10.01,1.84,1.71,0.28600000000000003,0.053,0.245,0.82,0.17300000000000001
2025,Jordan Hicks,- - -,28,2,7,6.95,34,9,67.1,0.3,4.35,4.39,1.66,7.75,4.28,0.8,0.185,0.102,0.352,0.573,0.115
2025,David Morgan,SDP,25,1,2,2.66,41,2,47.1,0.3,3.71,3.94,1.23,9.51,4.37,0.76,0.259,0.11900000000000001,0.272,0.846,0.098
2025,Eric Orze,TBR,27,1,1,3.02,33,0,41.2,0.3,4.05,4.65,1.37,8.64,4.1,0.86,0.225,0.107,0.304,0.809,0.08
2025,Taylor Clarke,KCR,32,1,1,3.25,51,0,55.1,0.3,3.97,3.68,0.85,7.16,1.46,1.3,0.214,0.044000000000000004,0.208,0.7609999999999999,0.14
2025,Mason Montgomery,TBR,25,1,3,5.67,57,0,46.0,0.3,3.92,3.56,1.65,12.33,5.28,1.17,0.301,0.129,0.384,0.6559999999999999,0.15
2025,Rico Garcia,- - -,31,0,2,3.15,29,1,34.1,0.3,3.69,3.28,1.19,9.96,2.62,1.31,0.268,0.07,0.292,0.853,0.152
2025,Yerry De Los Santos,NYY,27,0,1,3.28,25,0,35.2,0.3,3.44,3.99,1.51,7.07,4.29,0.25,0.175,0.106,0.319,0.746,0.048
2025,Juan Morillo,ARI,26,0,3,4.19,42,0,34.1,0.3,3.63,4.13,1.69,9.44,5.24,0.52,0.237,0.132,0.387,0.7120000000000001,0.071
2025,Jacob Webb,TEX,31,5,4,3.0,55,0,66.0,0.2,4.3,4.55,1.03,7.91,2.59,1.36,0.217,0.071,0.219,0.821,0.105
2025,Jalen Beeks,ARI,31,5,3,3.77,61,2,57.1,0.2,4.01,4.29,1.08,7.38,3.14,0.94,0.203,0.087,0.231,0.6829999999999999,0.098
2025,Mason Fluharty,TOR,23,5,2,4.44,55,0,52.2,0.2,3.97,4.13,1.14,9.57,4.1,1.03,0.26,0.11199999999999999,0.236,0.634,0.107
2025,Jason Alexander,- - -,32,4,2,4.77,18,13,77.1,0.2,5.1,4.19,1.37,7.56,3.03,1.75,0.193,0.077,0.286,0.727,0.185
2025,Taylor Rogers,- - -,34,3,2,3.38,57,0,50.2,0.2,4.38,4.2,1.38,9.41,4.09,1.24,0.24,0.10400000000000001,0.296,0.759,0.132
2025,Steven Cruz,KCR,26,3,1,3.74,47,0,45.2,0.2,4.14,4.47,1.18,7.49,3.55,0.99,0.201,0.095,0.244,0.7290000000000001,0.096
2025,Ryan Thompson,ARI,33,3,2,3.92,48,0,41.1,0.2,3.74,3.94,1.33,7.84,2.83,0.87,0.20600000000000002,0.07400000000000001,0.317,0.7,0.10300000000000001
2025,Ryan Helsley,- - -,30,3,4,4.5,58,0,56.0,0.2,4.14,3.79,1.54,10.13,4.02,1.29,0.25,0.099,0.342,0.726,0.145
2025,Yohan Ramirez,PIT,30,3,3,5.4,24,0,33.1,0.2,3.8,3.76,1.47,12.15,4.32,1.08,0.29,0.10300000000000001,0.337,0.591,0.121
2025,Nic Enright,CLE,28,2,1,2.03,27,0,31.0,0.2,3.81,4.39,1.16,8.71,3.48,0.87,0.23600000000000002,0.094,0.263,0.888,0.081
2025,Johan Oviedo,PIT,27,2,1,3.57,9,9,40.1,0.2,4.92,4.9,1.21,9.37,5.13,1.34,0.247,0.135,0.208,0.8029999999999999,0.12
2025,Ryan Weathers,MIA,25,2,2,3.99,8,8,38.1,0.2,4.6,4.03,1.28,8.69,2.82,1.64,0.223,0.07200000000000001,0.275,0.746,0.156
2025,Dylan Dodd,ATL,27,1,0,3.6,28,0,35.0,0.2,3.79,3.43,0.94,7.71,1.29,1.29,0.221,0.037000000000000005,0.242,0.741,0.147
2025,Jonathan Bowlan,KCR,28,1,2,3.86,34,1,44.1,0.2,3.97,3.57,1.22,9.34,3.45,1.22,0.256,0.094,0.279,0.7240000000000001,0.154
2025,Hayden Wesneski,HOU,27,1,3,4.5,6,6,32.0,0.2,4.82,3.81,1.09,8.16,1.69,1.97,0.221,0.046,0.25,0.763,0.184
2025,Kyle Nicolas,PIT,26,1,2,4.74,31,0,38.0,0.2,3.95,4.87,1.37,8.05,4.26,0.71,0.204,0.10800000000000001,0.282,0.6629999999999999,0.063
2025,Cole Winn,TEX,25,0,1,1.51,33,0,41.2,0.2,3.9,4.37,0.96,7.56,3.67,0.65,0.21600000000000003,0.105,0.194,0.905,0.079
2025,Caleb Boushley,TEX,31,0,0,6.02,25,1,43.1,0.2,3.85,3.95,1.57,8.52,2.91,1.04,0.212,0.073,0.374,0.5870000000000001,0.111
2025,Paul Blackburn,- - -,31,0,3,6.23,15,4,39.0,0.2,4.39,4.17,1.51,7.85,2.77,1.38,0.19399999999999998,0.069,0.336,0.601,0.133
2025,Tomoyuki Sugano,BAL,35,10,10,4.64,30,30,157.0,0.1,5.36,4.7,1.33,6.08,2.06,1.89,0.157,0.053,0.285,0.773,0.156
2025,Lake Bachar,MIA,30,8,2,3.93,53,1,71.0,0.1,4.25,4.22,1.2,9.51,3.8,1.27,0.253,0.10099999999999999,0.253,0.73,0.12
2025,Scott Barlow,CIN,32,6,3,4.21,75,1,68.1,0.1,4.7,4.71,1.39,9.88,5.93,1.05,0.248,0.149,0.249,0.735,0.11800000000000001
2025,Anthony Banda,LAD,31,5,1,3.18,71,1,65.0,0.1,4.52,4.77,1.22,8.45,4.71,1.11,0.228,0.127,0.227,0.831,0.10300000000000001
2025,Keider Montero,DET,24,5,3,4.37,20,12,90.2,0.1,4.93,4.46,1.39,7.15,3.08,1.59,0.185,0.08,0.295,0.777,0.15
2025,Erik Miller,SFG,27,4,1,1.5,36,0,30.0,0.1,3.97,5.15,1.47,6.6,6.0,0.0,0.172,0.156,0.289,0.894,0.0
2025,Jackson Jobe,DET,22,4,1,4.22,10,10,49.0,0.1,5.18,5.14,1.49,7.16,4.96,1.29,0.179,0.124,0.273,0.782,0.121
2025,Ryne Stanek,NYM,33,4,6,5.3,65,0,56.0,0.1,4.4,4.98,1.57,9.32,5.14,1.13,0.22699999999999998,0.125,0.31,0.627,0.08800000000000001
2025,A.J. Blubaugh,HOU,24,3,1,1.69,11,3,32.0,0.1,4.42,4.1,0.88,9.84,3.09,1.69,0.282,0.08900000000000001,0.153,0.867,0.136
2025,Troy Melton,DET,24,3,2,2.76,16,4,45.2,0.1,4.6,4.53,1.01,7.09,2.96,1.38,0.2,0.083,0.198,0.86,0.12300000000000001
2025,Yariel Rodriguez,TOR,28,3,2,3.08,66,1,73.0,0.1,4.4,4.6,1.15,8.14,4.19,0.99,0.221,0.114,0.228,0.812,0.10400000000000001
2025,Nabil Crismatt,ARI,30,3,0,3.71,8,5,34.0,0.1,4.84,4.32,1.44,6.62,2.38,1.59,0.163,0.059000000000000004,0.304,0.721,0.154
2025,Ryan Yarbrough,NYY,33,3,1,4.36,19,8,64.0,0.1,5.04,4.3,1.2,7.73,2.67,1.83,0.20800000000000002,0.07200000000000001,0.257,0.789,0.165
2025,Brandon Eisert,CHW,27,3,8,4.39,72,3,69.2,0.1,4.54,4.05,1.44,9.56,3.23,1.55,0.242,0.08199999999999999,0.332,0.782,0.152
2025,Yennier Cano,BAL,31,3,7,5.12,65,0,58.0,0.1,4.27,3.9,1.48,8.22,3.72,1.09,0.21100000000000002,0.096,0.335,0.669,0.156
2025,Yoendrys Gomez,- - -,25,3,3,5.17,21,9,62.2,0.1,5.26,4.81,1.39,8.33,3.88,1.72,0.209,0.09699999999999999,0.273,0.687,0.145
2025,Mick Abel,- - -,23,3,4,6.23,10,8,39.0,0.1,5.11,4.34,1.51,9.0,3.69,1.85,0.22399999999999998,0.092,0.318,0.6559999999999999,0.16699999999999998
2025,Marcus Stroman,NYY,34,3,2,6.23,9,9,39.0,0.1,5.19,5.0,1.54,6.0,3.69,1.38,0.149,0.091,0.304,0.653,0.13
2025,Tyler Phillips,MIA,27,2,1,2.78,54,1,77.2,0.1,4.14,4.19,1.15,6.03,2.78,0.93,0.166,0.077,0.251,0.815,0.114
2025,Tyler Anderson,LAA,35,2,8,4.56,26,26,136.1,0.1,5.6,5.41,1.41,6.87,3.76,1.85,0.174,0.095,0.263,0.7829999999999999,0.128
2025,Chase Dollander,COL,23,2,12,6.52,21,21,98.0,0.1,5.53,4.97,1.55,7.53,4.5,1.65,0.18600000000000003,0.111,0.297,0.617,0.155
2025,Elvis Alvarado,ATH,26,1,1,3.19,37,0,42.1,0.1,4.32,4.08,1.32,10.63,4.68,1.28,0.273,0.12,0.272,0.8270000000000001,0.136
2025,Rafael Montero,- - -,34,1,2,4.48,59,0,60.1,0.1,4.13,4.48,1.31,8.65,5.52,0.75,0.22899999999999998,0.146,0.242,0.625,0.08900000000000001
2025,Brent Suter,CIN,35,1,2,4.52,48,3,67.2,0.1,4.57,4.3,1.29,7.05,2.39,1.46,0.182,0.062,0.28,0.693,0.136
2025,Carlos Hernandez,- - -,28,1,0,6.23,41,0,43.1,0.1,4.2,5.17,1.66,8.1,4.57,0.83,0.192,0.10800000000000001,0.338,0.614,0.066
2025,Joey Lucchesi,SFG,32,0,1,3.76,38,0,38.1,0.1,3.97,4.06,1.23,7.28,2.82,0.94,0.188,0.073,0.267,0.737,0.111
2025,Lyon Richardson,CIN,25,0,3,4.54,34,0,37.2,0.1,4.06,4.6,1.54,7.17,5.02,0.48,0.174,0.122,0.299,0.612,0.067
2025,Adam Mazur,MIA,24,0,4,4.8,6,6,30.0,0.1,4.9,5.22,1.5,5.7,3.6,1.2,0.13699999999999998,0.086,0.282,0.619,0.1
2025,Pierson Ohl,MIN,25,0,3,5.1,14,3,30.0,0.1,4.2,3.99,1.5,8.1,2.1,1.5,0.203,0.053,0.351,0.605,0.132
2025,Colton Gordon,HOU,26,6,4,5.34,20,14,86.0,0.0,5.37,4.43,1.42,7.53,1.99,2.2,0.19,0.05,0.309,0.74,0.168
2025,Tim Hill,NYY,35,4,4,3.09,70,0,67.0,0.0,4.3,3.92,1.1,4.97,2.15,1.07,0.138,0.059000000000000004,0.24,0.748,0.157
2025,Calvin Faucher,MIA,29,4,4,3.28,65,0,60.1,0.0,4.25,3.93,1.28,8.8,3.58,1.19,0.231,0.094,0.28,0.77,0.145
2025,Hayden Birdsong,SFG,23,4,4,4.8,21,10,65.2,0.0,4.96,5.0,1.49,9.32,5.07,1.37,0.228,0.124,0.287,0.685,0.11599999999999999
2025,Emerson Hancock,SEA,26,4,5,4.9,22,16,90.0,0.0,5.08,4.61,1.38,6.4,3.1,1.5,0.166,0.081,0.289,0.722,0.152
2025,Bryce Miller,SEA,26,4,6,5.68,18,18,90.1,0.0,5.17,4.6,1.41,7.37,3.39,1.69,0.18899999999999997,0.087,0.288,0.687,0.155
2025,John Curtiss,ARI,32,3,2,3.93,30,0,36.2,0.0,4.01,4.34,0.93,5.89,1.23,1.23,0.17,0.035,0.224,0.593,0.1
2025,Lou Trivino,- - -,33,3,2,3.97,47,2,47.2,0.0,4.73,5.26,1.34,6.99,3.4,1.13,0.179,0.087,0.286,0.763,0.09
2025,Mitch Spence,ATH,27,3,6,5.1,32,8,84.2,0.0,5.1,4.35,1.44,7.02,2.76,1.7,0.17600000000000002,0.069,0.304,0.6659999999999999,0.17
2025,Frankie Montas,NYM,32,3,2,6.28,9,7,38.2,0.0,5.33,4.76,1.6,7.45,3.26,1.86,0.18,0.079,0.325,0.6559999999999999,0.151
2025,Ian Hamilton,NYY,30,2,1,4.28,36,1,40.0,0.0,4.39,4.38,1.25,9.45,4.95,1.13,0.253,0.133,0.24,0.705,0.11900000000000001
2025,Tristan Beck,SFG,29,1,0,4.61,31,1,56.2,0.0,4.25,4.49,1.11,6.51,2.54,1.11,0.177,0.069,0.241,0.652,0.10300000000000001
2025,Ryan Borucki,- - -,31,1,3,4.63,39,0,35.0,0.0,4.25,3.86,1.29,8.23,4.11,1.03,0.221,0.11,0.272,0.644,0.16
2025,Tanner Scott,LAD,30,1,4,4.74,61,0,57.0,0.0,4.7,3.86,1.26,9.47,2.84,1.74,0.252,0.076,0.297,0.71,0.177
2025,Jake Woodford,ARI,28,0,4,6.44,22,0,36.1,0.0,4.26,4.93,1.6,5.7,3.22,0.74,0.135,0.076,0.328,0.581,0.073
2025,Logan Evans,SEA,24,6,5,4.32,16,15,81.1,-0.1,5.05,4.87,1.39,6.53,3.43,1.44,0.16899999999999998,0.08900000000000001,0.284,0.7290000000000001,0.13
2025,Chase Shugart,PIT,28,4,3,3.4,35,0,45.0,-0.1,4.69,5.08,1.11,6.2,3.4,1.2,0.171,0.094,0.214,0.775,0.09699999999999999
2025,Chase Lee,DET,26,4,1,4.1,32,0,37.1,-0.1,4.53,3.87,1.1,8.68,2.17,1.69,0.243,0.061,0.266,0.7829999999999999,0.163
2025,Kirby Yates,LAD,38,4,3,5.23,50,0,41.1,-0.1,4.76,3.9,1.33,11.32,3.7,1.96,0.292,0.096,0.293,0.691,0.17
2025,Casey Legumina,SEA,28,4,6,5.62,48,1,49.2,-0.1,4.38,4.38,1.45,9.97,4.53,1.27,0.251,0.114,0.308,0.5920000000000001,0.11900000000000001
2025,Antonio Senzatela,COL,30,4,15,6.65,30,23,130.0,-0.1,5.48,5.19,1.84,5.05,3.25,1.52,0.11800000000000001,0.076,0.363,0.6659999999999999,0.13699999999999998
2025,Landon Knack,LAD,27,3,2,4.89,10,7,42.1,-0.1,5.71,4.61,1.39,8.93,4.04,2.13,0.22699999999999998,0.10300000000000001,0.268,0.7659999999999999,0.185
2025,Tony Gonsolin,LAD,31,3,2,5.0,7,7,36.0,-0.1,6.02,4.57,1.42,9.5,4.5,2.25,0.242,0.115,0.27,0.797,0.214
2025,Jose Castillo,- - -,29,2,2,3.94,29,0,32.0,-0.1,4.57,4.06,1.69,8.44,3.94,1.13,0.201,0.094,0.371,0.763,0.174
2025,Shawn Dubin,- - -,29,2,0,5.08,30,0,33.2,-0.1,4.95,4.23,1.43,7.49,2.94,1.6,0.193,0.076,0.316,0.745,0.171
2025,Joe Ross,PHI,32,2,1,5.12,37,1,51.0,-0.1,4.88,4.65,1.47,6.88,3.18,1.41,0.171,0.079,0.306,0.7190000000000001,0.133
2025,Roki Sasaki,LAD,23,1,1,4.46,10,8,36.1,-0.1,5.8,5.53,1.43,6.94,5.45,1.49,0.174,0.13699999999999998,0.235,0.794,0.136
2025,Spencer Arrighetti,HOU,25,1,5,5.35,7,7,35.1,-0.1,5.54,5.03,1.42,7.9,5.09,1.53,0.19899999999999998,0.128,0.25,0.7170000000000001,0.154
2025,Brandon Young,BAL,26,1,7,6.24,12,12,57.2,-0.1,5.35,4.52,1.54,7.34,3.43,1.87,0.184,0.086,0.314,0.6509999999999999,0.171
2025,Brandon Waddell,NYM,31,0,0,3.45,11,1,31.1,-0.1,4.54,4.95,1.28,6.32,3.16,1.15,0.16399999999999998,0.08199999999999999,0.26,0.8190000000000001,0.095
2025,Jose Urena,- - -,33,0,1,4.58,19,6,55.0,-0.1,5.21,5.45,1.45,5.56,3.76,1.31,0.139,0.094,0.277,0.752,0.105
2025,Daniel Lynch IV,KCR,28,6,2,3.06,57,2,67.2,-0.2,4.76,4.82,1.36,5.99,3.46,1.06,0.156,0.09,0.284,0.853,0.114
2025,Tyler Holton,DET,29,6,5,3.66,70,6,78.2,-0.2,4.64,3.57,1.04,7.32,1.94,1.72,0.205,0.054000000000000006,0.231,0.787,0.20800000000000002
2025,Michael Kelly,ATH,32,4,4,3.18,42,0,39.2,-0.2,4.82,5.13,1.29,6.58,4.31,1.13,0.175,0.114,0.241,0.778,0.1
2025,Erick Fedde,- - -,32,4,13,5.49,32,24,141.0,-0.2,5.2,5.43,1.52,5.3,4.28,1.21,0.133,0.10800000000000001,0.284,0.667,0.105
2025,Chris Murphy,BOS,27,3,0,3.12,23,0,34.2,-0.2,5.07,4.86,1.18,7.79,5.19,1.04,0.203,0.135,0.191,0.8420000000000001,0.138
2025,Kyle Hart,SDP,32,3,3,5.86,20,6,43.0,-0.2,5.18,4.93,1.19,7.74,2.72,1.88,0.207,0.073,0.246,0.619,0.13
2025,Luke Jackson,- - -,33,2,5,4.06,52,0,51.0,-0.2,4.49,4.92,1.35,6.71,4.94,0.71,0.174,0.128,0.253,0.633,0.083
2025,Lance McCullers Jr.,HOU,31,2,5,6.51,16,13,55.1,-0.2,5.77,5.12,1.81,9.92,6.34,1.63,0.223,0.142,0.325,0.667,0.16399999999999998
2025,Carlos Carrasco,- - -,38,2,2,7.09,11,9,45.2,-0.2,5.61,4.99,1.71,6.7,3.35,1.97,0.16,0.08,0.338,0.6559999999999999,0.152
2025,Tommy Kahnle,DET,35,1,5,4.43,66,0,63.0,-0.2,4.72,4.66,1.3,7.14,4.43,1.14,0.187,0.11599999999999999,0.243,0.71,0.12300000000000001
2025,Valente Bellozo,MIA,25,1,4,4.65,32,6,81.1,-0.2,5.2,5.34,1.33,5.98,2.55,1.66,0.155,0.066,0.278,0.747,0.11199999999999999
2025,Max Lazar,PHI,26,1,1,4.79,36,0,41.1,-0.2,4.95,4.58,1.28,5.66,2.61,1.52,0.153,0.071,0.272,0.6940000000000001,0.14300000000000002
2025,Walker Buehler,- - -,30,10,7,4.93,26,24,126.0,-0.3,5.66,5.09,1.52,6.57,4.36,1.57,0.163,0.10800000000000001,0.285,0.754,0.158
2025,Zach Eflin,BAL,31,6,5,5.93,14,14,71.1,-0.3,5.64,4.37,1.42,6.31,1.64,2.27,0.162,0.042,0.31,0.7070000000000001,0.19399999999999998
2025,Chris Flexen,CHC,30,5,1,3.09,21,1,43.2,-0.3,5.04,5.11,1.15,4.53,2.47,1.44,0.124,0.067,0.226,0.7959999999999999,0.115
2025,Andrew Heaney,- - -,34,5,10,5.52,27,23,122.1,-0.3,5.59,4.93,1.38,6.33,2.94,1.84,0.16,0.075,0.277,0.706,0.157
2025,Yuki Matsui,SDP,29,3,1,3.98,61,0,63.1,-0.3,4.87,4.94,1.36,8.67,4.69,1.42,0.22399999999999998,0.121,0.257,0.795,0.115
2025,Connor Brogdon,LAA,30,3,2,5.55,43,0,47.0,-0.3,5.24,4.43,1.34,9.38,3.45,2.11,0.24600000000000002,0.09,0.281,0.672,0.162
2025,Ryan Pressly,CHC,36,2,3,4.35,44,0,41.1,-0.3,5.05,4.54,1.52,6.1,3.7,1.31,0.154,0.09300000000000001,0.31,0.7240000000000001,0.162
2025,Trent Thornton,SEA,31,2,0,4.68,33,0,42.1,-0.3,4.74,4.76,1.3,6.8,2.98,1.28,0.17800000000000002,0.078,0.282,0.711,0.11800000000000001
2025,Kaleb Ort,HOU,33,2,2,4.89,49,0,46.0,-0.3,5.03,4.64,1.35,9.59,5.28,1.57,0.253,0.139,0.245,0.7090000000000001,0.14300000000000002
2025,Richard Fitts,BOS,25,2,4,5.0,11,10,45.0,-0.3,5.8,4.27,1.31,8.0,3.2,2.2,0.205,0.08199999999999999,0.256,0.7509999999999999,0.22899999999999998
2025,Thomas Hatch,- - -,30,2,1,5.82,12,1,34.0,-0.3,6.02,5.29,1.68,5.82,4.5,1.85,0.145,0.11199999999999999,0.311,0.72,0.163
2025,Cole Henry,WSN,25,1,2,4.27,57,0,52.2,-0.3,5.34,5.66,1.42,8.89,5.47,1.2,0.21600000000000003,0.133,0.259,0.774,0.1
2025,Seth Halvorsen,COL,25,1,2,4.99,42,0,39.2,-0.3,5.2,4.31,1.56,8.17,4.76,1.59,0.20800000000000002,0.121,0.312,0.69,0.19399999999999998
2025,Travis Adams,MIN,25,1,4,7.49,18,2,33.2,-0.3,5.39,5.14,1.66,8.29,4.54,1.6,0.196,0.10800000000000001,0.327,0.593,0.133
2025,Sawyer Gipson-Long,DET,27,0,2,7.18,8,3,31.1,-0.3,5.56,4.11,1.28,7.47,1.72,2.3,0.195,0.045,0.286,0.519,0.21100000000000002
2025,Ryan Fernandez,STL,27,0,4,7.71,32,0,30.1,-0.3,5.15,4.51,1.71,10.09,4.75,1.78,0.243,0.114,0.361,0.516,0.158
2025,Tanner Houck,BOS,29,0,3,8.04,9,9,43.2,-0.3,6.16,4.73,1.69,6.6,3.5,2.06,0.158,0.084,0.338,0.585,0.22699999999999998
2025,Jeff Hoffman,TOR,32,9,7,4.37,71,0,68.0,-0.4,4.9,3.73,1.19,11.12,3.57,1.99,0.293,0.094,0.248,0.797,0.2
2025,Jake Irvin,WSN,28,9,13,5.7,33,33,180.0,-0.4,5.64,4.82,1.43,6.2,3.1,1.9,0.158,0.079,0.282,0.682,0.16899999999999998
2025,Tim Herrin,CLE,28,5,4,4.85,54,0,42.2,-0.4,5.08,5.22,1.57,9.49,6.33,1.05,0.23199999999999998,0.155,0.296,0.758,0.109
2025,Daysbel Hernandez,ATL,28,4,3,3.41,39,0,37.0,-0.4,5.0,5.65,1.54,8.03,7.3,0.73,0.201,0.183,0.25,0.785,0.073
2025,Josh Simpson,MIA,27,4,2,7.34,31,0,30.2,-0.4,5.35,4.44,1.83,10.57,6.46,1.47,0.23800000000000002,0.146,0.341,0.596,0.20800000000000002
2025,John King,STL,30,2,1,4.66,51,0,48.1,-0.4,5.0,4.06,1.63,5.21,2.61,1.49,0.126,0.063,0.331,0.723,0.21100000000000002
2025,Sam Long,KCR,29,2,3,5.36,39,0,40.1,-0.4,5.54,5.12,1.74,7.36,4.91,1.56,0.175,0.11599999999999999,0.328,0.659,0.146
2025,Jordan Romano,PHI,32,2,4,8.23,49,0,42.2,-0.4,5.39,4.33,1.45,9.91,3.59,2.11,0.251,0.091,0.318,0.49,0.182
2025,Alek Jacob,SDP,27,1,0,5.13,29,0,33.1,-0.4,5.9,5.78,1.5,6.21,3.78,1.62,0.15,0.092,0.288,0.7559999999999999,0.125
2025,Gunnar Hoglund,ATH,25,1,3,6.4,6,6,32.1,-0.4,6.75,4.78,1.52,6.4,3.06,2.78,0.165,0.079,0.295,0.743,0.233
2025,Zach Agnos,COL,24,1,3,6.61,30,0,31.1,-0.4,5.62,5.67,1.53,5.46,4.88,1.44,0.138,0.12300000000000001,0.268,0.561,0.11599999999999999
2025,Caden Dana,LAA,21,0,4,6.4,7,5,32.1,-0.4,6.48,4.48,1.48,9.19,5.01,2.51,0.23399999999999999,0.128,0.263,0.687,0.265
2025,Austin Gomber,COL,31,0,7,7.49,12,12,57.2,-0.4,6.5,5.67,1.72,5.31,2.65,2.5,0.125,0.063,0.324,0.631,0.154
2025,Keegan Akin,BAL,30,5,4,3.41,64,3,63.1,-0.5,4.94,4.66,1.37,8.38,4.69,1.42,0.22,0.12300000000000001,0.267,0.8109999999999999,0.13699999999999998
2025,Jackson Rutledge,WSN,26,4,2,5.77,63,0,73.1,-0.5,5.47,4.69,1.51,7.98,2.95,1.96,0.19699999999999998,0.073,0.326,0.722,0.163
2025,Jose Fermin,LAA,23,3,2,4.46,40,0,34.1,-0.5,5.99,5.16,1.4,10.22,6.03,2.1,0.257,0.151,0.21,0.741,0.163
2025,Scott Blewett,- - -,29,3,0,5.48,26,2,44.1,-0.5,5.48,4.58,1.42,7.11,3.65,1.83,0.18,0.09300000000000001,0.275,0.6809999999999999,0.18
2025,Kevin Kelly,TBR,27,2,5,5.9,41,0,39.2,-0.5,5.66,3.84,1.36,7.94,2.04,2.5,0.205,0.053,0.293,0.648,0.239
2025,Shinnosuke Ogasawara,WSN,27,1,1,6.98,23,2,38.2,-0.5,6.16,5.17,1.55,6.98,3.96,2.09,0.17300000000000001,0.098,0.298,0.655,0.17600000000000002
2025,Jorge Alcala,- - -,29,0,2,6.22,56,0,55.0,-0.5,5.68,4.82,1.75,9.98,4.91,2.13,0.237,0.11699999999999999,0.349,0.6729999999999999,0.165
2025,Bryse Wilson,CHW,27,0,2,6.65,20,5,47.1,-0.5,6.3,5.53,1.82,5.32,3.61,2.09,0.125,0.085,0.341,0.7020000000000001,0.159
2025,Ryan Zeferjahn,LAA,27,6,5,4.74,62,1,57.0,-0.6,5.36,4.3,1.47,11.53,5.53,1.89,0.284,0.136,0.278,0.8009999999999999,0.19399999999999998
2025,Carlos Vargas,SEA,25,5,5,3.97,70,0,77.0,-0.6,4.59,4.24,1.35,6.31,2.69,1.17,0.163,0.069,0.3,0.742,0.149
2025,Jack Kochanowicz,LAA,24,3,11,6.81,23,23,111.0,-0.6,6.05,5.18,1.75,5.84,4.7,1.7,0.141,0.113,0.325,0.653,0.184
2025,Cam Booser,CHW,33,2,4,5.52,39,0,31.0,-0.6,6.26,5.3,1.52,10.16,5.52,2.32,0.245,0.133,0.253,0.7140000000000001,0.16699999999999998
2025,Osvaldo Bido,ATH,29,2,5,5.87,26,10,79.2,-0.6,6.07,5.47,1.61,7.68,3.95,2.15,0.187,0.096,0.315,0.726,0.147
2025,Porter Hodge,CHC,24,2,2,6.27,36,0,33.0,-0.6,5.89,4.03,1.58,10.91,4.91,2.45,0.272,0.122,0.313,0.711,0.25
2025,Carson Seymour,SFG,26,1,3,4.75,16,3,36.0,-0.6,6.11,4.44,1.39,6.5,3.25,2.25,0.16699999999999998,0.083,0.262,0.7809999999999999,0.243
2025,Anthony Molina,COL,23,1,1,7.27,17,1,34.2,-0.6,6.94,4.58,1.67,6.23,1.56,3.12,0.15,0.038,0.345,0.6940000000000001,0.25
2025,Carson Palmquist,COL,24,0,4,8.91,9,7,34.1,-0.6,7.8,6.57,2.04,7.08,6.55,2.62,0.154,0.14300000000000002,0.318,0.644,0.175
2025,George Soriano,MIA,26,2,0,8.35,24,0,36.2,-0.7,6.44,4.36,1.77,8.84,4.66,2.45,0.20800000000000002,0.11,0.34,0.585,0.28600000000000003
2025,Anthony DeSclafani,ARI,35,1,2,5.12,13,4,38.2,-0.7,6.29,4.59,1.27,8.38,2.79,2.56,0.213,0.071,0.248,0.8029999999999999,0.22
2025,Ryan Rolison,COL,27,1,0,7.02,31,1,42.1,-0.7,6.75,5.12,1.77,5.31,4.25,2.34,0.13,0.10400000000000001,0.321,0.6709999999999999,0.22899999999999998
2025,Angel Chivilli,COL,22,1,5,7.06,43,0,58.2,-0.7,6.03,4.86,1.69,6.6,3.53,1.99,0.156,0.084,0.332,0.645,0.2
2025,Bowden Francis,TOR,29,2,8,6.05,14,14,64.0,-0.8,6.85,5.21,1.53,7.59,3.8,2.67,0.188,0.094,0.286,0.7490000000000001,0.207
2025,Chad Green,TOR,34,3,2,5.56,45,0,43.2,-0.9,6.73,5.0,1.47,7.21,2.68,2.89,0.184,0.068,0.294,0.8190000000000001,0.203
2025,Nestor Cortes,- - -,30,2,4,6.29,8,8,34.1,-0.9,8.29,5.75,1.63,7.6,5.24,3.41,0.185,0.127,0.247,0.8540000000000001,0.245
2025,Genesis Cabrera,- - -,28,0,1,6.54,40,0,42.2,-0.9,6.56,5.14,1.5,7.38,3.8,2.53,0.187,0.096,0.283,0.691,0.19399999999999998
2025,Bradley Blalock,COL,24,2,6,9.36,14,12,58.2,-1.0,7.31,5.67,1.84,4.14,3.53,2.61,0.098,0.084,0.332,0.573,0.21
