season,home_team,away_team,home_win,model_prob,date_str
2023,ARI,LAD,0,0.32710280373831774,"Thursday, Apr 6"
2023,ARI,LAD,1,0.6794871794871795,"Friday, Apr 7"
2023,ARI,LAD,1,0.32710280373831774,"Saturday, Apr 8"
2023,ARI,LAD,1,0.5497076023391813,"Sunday, Apr 9"
2023,ARI,MIL,1,0.32710280373831774,"Monday, Apr 10"
2023,ARI,MIL,0,0.32710280373831774,"Tuesday, Apr 11"
2023,ARI,MIL,1,0.4390243902439024,"Wednesday, Apr 12"
2023,ARI,SDP,0,0.5497076023391813,"Thursday, Apr 20"
2023,ARI,SDP,1,0.4751131221719457,"Friday, Apr 21"
2023,ARI,SDP,0,0.4751131221719457,"Saturday, Apr 22"
2023,ARI,SDP,0,0.5497076023391813,"Sunday, Apr 23"
2023,ARI,KCR,1,0.5647058823529411,"Monday, Apr 24"
2023,ARI,KCR,0,0.5497076023391813,"Tuesday, Apr 25"
2023,ARI,KCR,1,0.8923076923076924,"Wednesday, Apr 26"
2023,ARI,WSN,1,0.5497076023391813,"Friday, May 5"
2023,ARI,WSN,1,0.4751131221719457,"Saturday, May 6"
2023,ARI,WSN,0,0.4751131221719457,"Sunday, May 7"
2023,ARI,MIA,1,0.8923076923076924,"Monday, May 8"
2023,ARI,MIA,0,0.6794871794871795,"Tuesday, May 9"
2023,ARI,MIA,0,0.6352941176470588,"Wednesday, May 10"
2023,ARI,SFG,0,0.5497076023391813,"Thursday, May 11"
2023,ARI,SFG,1,0.5647058823529411,"Friday, May 12"
2023,ARI,SFG,1,0.6352941176470588,"Saturday, May 13"
2023,ARI,SFG,1,0.6794871794871795,"Sunday, May 14"
2023,ARI,BOS,0,0.6794871794871795,"Friday, May 26"
2023,ARI,BOS,0,0.6794871794871795,"Saturday, May 27"
2023,ARI,BOS,1,0.5497076023391813,"Sunday, May 28"
2023,ARI,COL,1,0.6794871794871795,"Monday, May 29"
2023,ARI,COL,1,0.696969696969697,"Tuesday, May 30"
2023,ARI,COL,1,0.6352941176470588,"Wednesday, May 31"
2023,ARI,COL,1,0.6794871794871795,"Thursday, Jun 1"
2023,ARI,ATL,1,0.5497076023391813,"Friday, Jun 2"
2023,ARI,ATL,0,0.4390243902439024,"Saturday, Jun 3"
2023,ARI,ATL,0,0.5497076023391813,"Sunday, Jun 4"
2023,ARI,PHI,1,0.5497076023391813,"Monday, Jun 12"
2023,ARI,PHI,0,0.6794871794871795,"Tuesday, Jun 13"
2023,ARI,PHI,0,0.6794871794871795,"Wednesday, Jun 14"
2023,ARI,PHI,0,0.4751131221719457,"Thursday, Jun 15"
2023,ARI,CLE,1,0.5497076023391813,"Friday, Jun 16"
2023,ARI,CLE,1,0.5647058823529411,"Saturday, Jun 17"
2023,ARI,CLE,0,0.696969696969697,"Sunday, Jun 18"
2023,ARI,TBR,1,0.4390243902439024,"Tuesday, Jun 27"
2023,ARI,TBR,0,0.4751131221719457,"Wednesday, Jun 28"
2023,ARI,TBR,0,0.4751131221719457,"Thursday, Jun 29"
2023,ARI,NYM,0,0.696969696969697,"Tuesday, Jul 4"
2023,ARI,NYM,0,0.5647058823529411,"Wednesday, Jul 5"
2023,ARI,NYM,0,0.4390243902439024,"Thursday, Jul 6"
2023,ARI,PIT,1,0.9,"Friday, Jul 7"
2023,ARI,PIT,1,0.4751131221719457,"Saturday, Jul 8"
2023,ARI,PIT,0,0.8923076923076924,"Sunday, Jul 9"
2023,ARI,STL,0,0.6122448979591837,"Monday, Jul 24"
2023,ARI,STL,1,0.6352941176470588,"Tuesday, Jul 25"
2023,ARI,STL,0,0.6794871794871795,"Wednesday, Jul 26"
2023,ARI,SEA,0,0.4444444444444444,"Friday, Jul 28"
2023,ARI,SEA,1,0.4390243902439024,"Saturday, Jul 29"
2023,ARI,SEA,0,0.5497076023391813,"Sunday, Jul 30"
2023,ARI,LAD,0,0.01,"Tuesday, Aug 8"
2023,ARI,LAD,0,0.01,"Wednesday, Aug 9"
2023,ARI,SDP,0,0.5497076023391813,"Friday, Aug 11"
2023,ARI,SDP,1,0.32710280373831774,"Saturday, Aug 12"
2023,ARI,SDP,1,0.5497076023391813,"Sunday, Aug 13"
2023,ARI,TEX,1,0.4390243902439024,"Monday, Aug 21"
2023,ARI,TEX,1,0.391304347826087,"Tuesday, Aug 22"
2023,ARI,CIN,1,0.5497076023391813,"Thursday, Aug 24"
2023,ARI,CIN,1,0.4390243902439024,"Friday, Aug 25"
2023,ARI,CIN,0,0.4751131221719457,"Saturday, Aug 26"
2023,ARI,CIN,1,0.5497076023391813,"Sunday, Aug 27"
2023,ARI,BAL,1,0.5647058823529411,"Friday, Sep 1"
2023,ARI,BAL,0,0.391304347826087,"Saturday, Sep 2"
2023,ARI,BAL,0,0.5647058823529411,"Sunday, Sep 3"
2023,ARI,COL,1,0.8923076923076924,"Monday, Sep 4"
2023,ARI,COL,0,0.4390243902439024,"Tuesday, Sep 5"
2023,ARI,COL,1,0.6794871794871795,"Wednesday, Sep 6"
2023,ARI,CHC,1,0.6352941176470588,"Friday, Sep 15"
2023,ARI,CHC,1,0.6352941176470588,"Saturday, Sep 16"
2023,ARI,CHC,1,0.6794871794871795,"Sunday, Sep 17"
2023,ARI,SFG,1,0.5647058823529411,"Tuesday, Sep 19"
2023,ARI,SFG,1,0.6794871794871795,"Wednesday, Sep 20"
2023,ARI,HOU,0,0.6794871794871795,"Friday, Sep 29"
2023,ARI,HOU,0,0.5497076023391813,"Saturday, Sep 30"
2023,ARI,HOU,0,0.4390243902439024,"Sunday, Oct 1"
2023,ATL,SDP,1,0.4751131221719457,"Thursday, Apr 6"
2023,ATL,SDP,0,0.5497076023391813,"Friday, Apr 7"
2023,ATL,SDP,0,0.6122448979591837,"Saturday, Apr 8"
2023,ATL,SDP,0,0.6794871794871795,"Sunday, Apr 9"
2023,ATL,CIN,1,0.8923076923076924,"Monday, Apr 10"
2023,ATL,CIN,1,0.5497076023391813,"Tuesday, Apr 11"
2023,ATL,CIN,1,0.6794871794871795,"Wednesday, Apr 12"
2023,ATL,HOU,0,0.4751131221719457,"Friday, Apr 21"
2023,ATL,HOU,0,0.5497076023391813,"Saturday, Apr 22"
2023,ATL,HOU,0,0.5497076023391813,"Sunday, Apr 23"
2023,ATL,MIA,1,0.696969696969697,"Monday, Apr 24"
2023,ATL,MIA,1,0.8923076923076924,"Tuesday, Apr 25"
2023,ATL,MIA,1,0.5647058823529411,"Wednesday, Apr 26"
2023,ATL,MIA,0,0.8923076923076924,"Thursday, Apr 27"
2023,ATL,BAL,0,0.4390243902439024,"Friday, May 5"
2023,ATL,BAL,1,0.5497076023391813,"Saturday, May 6"
2023,ATL,BAL,1,0.4751131221719457,"Sunday, May 7"
2023,ATL,BOS,1,0.5497076023391813,"Tuesday, May 9"
2023,ATL,BOS,0,0.4390243902439024,"Wednesday, May 10"
2023,ATL,SEA,1,0.7857142857142857,"Friday, May 19"
2023,ATL,SEA,0,0.6352941176470588,"Saturday, May 20"
2023,ATL,SEA,1,0.5497076023391813,"Sunday, May 21"
2023,ATL,LAD,0,0.6122448979591837,"Monday, May 22"
2023,ATL,LAD,0,0.6352941176470588,"Tuesday, May 23"
2023,ATL,LAD,1,0.8125,"Wednesday, May 24"
2023,ATL,PHI,1,0.696969696969697,"Thursday, May 25"
2023,ATL,PHI,0,0.8923076923076924,"Friday, May 26"
2023,ATL,PHI,0,0.5497076023391813,"Saturday, May 27"
2023,ATL,PHI,1,0.8125,"Sunday, May 28"
2023,ATL,NYM,1,0.6794871794871795,"Tuesday, Jun 6"
2023,ATL,NYM,1,0.7619047619047619,"Wednesday, Jun 7"
2023,ATL,NYM,1,0.6794871794871795,"Thursday, Jun 8"
2023,ATL,WSN,1,0.8923076923076924,"Friday, Jun 9"
2023,ATL,WSN,1,0.7619047619047619,"Saturday, Jun 10"
2023,ATL,WSN,0,0.5497076023391813,"Sunday, Jun 11"
2023,ATL,COL,1,0.8923076923076924,"Thursday, Jun 15"
2023,ATL,COL,1,0.696969696969697,"Friday, Jun 16"
2023,ATL,COL,1,0.8923076923076924,"Saturday, Jun 17"
2023,ATL,COL,1,0.5497076023391813,"Sunday, Jun 18"
2023,ATL,MIN,1,0.5647058823529411,"Monday, Jun 26"
2023,ATL,MIN,1,0.391304347826087,"Tuesday, Jun 27"
2023,ATL,MIN,1,0.5497076023391813,"Wednesday, Jun 28"
2023,ATL,MIA,1,0.32710280373831774,"Friday, Jun 30"
2023,ATL,MIA,1,0.32710280373831774,"Saturday, Jul 1"
2023,ATL,MIA,1,0.5497076023391813,"Sunday, Jul 2"
2023,ATL,CHW,1,0.9259259259259259,"Friday, Jul 14"
2023,ATL,CHW,0,0.171875,"Saturday, Jul 15"
2023,ATL,CHW,0,0.9259259259259259,"Sunday, Jul 16"
2023,ATL,ARI,0,0.6794871794871795,"Tuesday, Jul 18"
2023,ATL,ARI,0,0.4751131221719457,"Wednesday, Jul 19"
2023,ATL,ARI,1,0.8125,"Thursday, Jul 20"
2023,ATL,MIL,1,0.6794871794871795,"Friday, Jul 28"
2023,ATL,MIL,1,0.696969696969697,"Saturday, Jul 29"
2023,ATL,MIL,1,0.7857142857142857,"Sunday, Jul 30"
2023,ATL,LAA,0,0.4390243902439024,"Monday, Jul 31"
2023,ATL,LAA,1,0.8125,"Tuesday, Aug 1"
2023,ATL,LAA,1,0.5497076023391813,"Wednesday, Aug 2"
2023,ATL,NYY,1,0.8923076923076924,"Monday, Aug 14"
2023,ATL,NYY,1,0.8923076923076924,"Tuesday, Aug 15"
2023,ATL,NYY,1,0.8923076923076924,"Wednesday, Aug 16"
2023,ATL,SFG,1,0.8923076923076924,"Friday, Aug 18"
2023,ATL,SFG,1,0.8923076923076924,"Saturday, Aug 19"
2023,ATL,SFG,0,0.5497076023391813,"Sunday, Aug 20"
2023,ATL,NYM,0,0.4751131221719457,"Monday, Aug 21"
2023,ATL,NYM,1,0.6794871794871795,"Tuesday, Aug 22"
2023,ATL,NYM,1,0.8923076923076924,"Wednesday, Aug 23"
2023,ATL,STL,0,0.4390243902439024,"Tuesday, Sep 5"
2023,ATL,STL,0,0.32710280373831774,"Wednesday, Sep 6"
2023,ATL,STL,1,0.9259259259259259,"Thursday, Sep 7"
2023,ATL,PIT,1,0.8923076923076924,"Friday, Sep 8"
2023,ATL,PIT,0,0.7619047619047619,"Saturday, Sep 9"
2023,ATL,PIT,1,0.696969696969697,"Sunday, Sep 10"
2023,ATL,PHI,0,0.7619047619047619,"Monday, Sep 18"
2023,ATL,PHI,1,0.5497076023391813,"Tuesday, Sep 19"
2023,ATL,PHI,0,0.6794871794871795,"Wednesday, Sep 20"
2023,ATL,CHC,1,0.696969696969697,"Tuesday, Sep 26"
2023,ATL,CHC,1,0.6352941176470588,"Wednesday, Sep 27"
2023,ATL,CHC,1,0.6794871794871795,"Thursday, Sep 28"
2023,ATL,WSN,0,0.7857142857142857,"Friday, Sep 29"
2023,ATL,WSN,1,0.8923076923076924,"Saturday, Sep 30"
2023,ATL,WSN,0,0.6794871794871795,"Sunday, Oct 1"
2023,BAL,NYY,1,0.32710280373831774,"Friday, Apr 7"
2023,BAL,NYY,0,0.4390243902439024,"Saturday, Apr 8"
2023,BAL,NYY,0,0.32710280373831774,"Sunday, Apr 9"
2023,BAL,OAK,1,0.6794871794871795,"Monday, Apr 10"
2023,BAL,OAK,1,0.5647058823529411,"Tuesday, Apr 11"
2023,BAL,OAK,0,0.4751131221719457,"Wednesday, Apr 12"
2023,BAL,OAK,1,0.5647058823529411,"Thursday, Apr 13"
2023,BAL,DET,1,0.4751131221719457,"Friday, Apr 21"
2023,BAL,DET,1,0.6794871794871795,"Saturday, Apr 22"
2023,BAL,DET,1,0.5647058823529411,"Sunday, Apr 23"
2023,BAL,BOS,1,0.4751131221719457,"Monday, Apr 24"
2023,BAL,BOS,0,0.32710280373831774,"Tuesday, Apr 25"
2023,BAL,BOS,1,0.4390243902439024,"Wednesday, Apr 26"
2023,BAL,TBR,0,0.4708143342999988,"Monday, May 8"
2023,BAL,TBR,1,0.5497076023391813,"Tuesday, May 9"
2023,BAL,TBR,1,0.32710280373831774,"Wednesday, May 10"
2023,BAL,PIT,1,0.6794871794871795,"Friday, May 12"
2023,BAL,PIT,1,0.696969696969697,"Saturday, May 13"
2023,BAL,PIT,0,0.4751131221719457,"Sunday, May 14"
2023,BAL,LAA,0,0.6794871794871795,"Monday, May 15"
2023,BAL,LAA,1,0.6794871794871795,"Tuesday, May 16"
2023,BAL,LAA,1,0.5497076023391813,"Wednesday, May 17"
2023,BAL,LAA,0,0.5497076023391813,"Thursday, May 18"
2023,BAL,TEX,0,0.32710280373831774,"Friday, May 26"
2023,BAL,TEX,0,0.4390243902439024,"Saturday, May 27"
2023,BAL,TEX,1,0.4390243902439024,"Sunday, May 28"
2023,BAL,CLE,0,0.4390243902439024,"Monday, May 29"
2023,BAL,CLE,1,0.4751131221719457,"Tuesday, May 30"
2023,BAL,CLE,0,0.4751131221719457,"Wednesday, May 31"
2023,BAL,KCR,1,0.8923076923076924,"Friday, Jun 9"
2023,BAL,KCR,1,0.4751131221719457,"Saturday, Jun 10"
2023,BAL,KCR,1,0.9,"Sunday, Jun 11"
2023,BAL,TOR,1,0.5497076023391813,"Tuesday, Jun 13"
2023,BAL,TOR,0,0.4751131221719457,"Wednesday, Jun 14"
2023,BAL,TOR,1,0.5497076023391813,"Thursday, Jun 15"
2023,BAL,SEA,0,0.5497076023391813,"Friday, Jun 23"
2023,BAL,SEA,1,0.4751131221719457,"Saturday, Jun 24"
2023,BAL,SEA,1,0.5497076023391813,"Sunday, Jun 25"
2023,BAL,CIN,1,0.32710280373831774,"Monday, Jun 26"
2023,BAL,CIN,0,0.4390243902439024,"Tuesday, Jun 27"
2023,BAL,CIN,0,0.5497076023391813,"Wednesday, Jun 28"
2023,BAL,MIN,0,0.32710280373831774,"Friday, Jun 30"
2023,BAL,MIN,0,0.4751131221719457,"Saturday, Jul 1"
2023,BAL,MIN,1,0.5647058823529411,"Sunday, Jul 2"
2023,BAL,MIA,1,0.4751131221719457,"Friday, Jul 14"
2023,BAL,MIA,1,0.4751131221719457,"Saturday, Jul 15"
2023,BAL,MIA,1,0.391304347826087,"Sunday, Jul 16"
2023,BAL,LAD,0,0.5497076023391813,"Monday, Jul 17"
2023,BAL,LAD,0,0.4751131221719457,"Tuesday, Jul 18"
2023,BAL,LAD,1,0.4751131221719457,"Wednesday, Jul 19"
2023,BAL,NYY,1,0.5497076023391813,"Friday, Jul 28"
2023,BAL,NYY,0,0.4751131221719457,"Saturday, Jul 29"
2023,BAL,NYY,1,0.6352941176470588,"Sunday, Jul 30"
2023,BAL,NYM,1,0.8923076923076924,"Friday, Aug 4"
2023,BAL,NYM,1,0.9,"Saturday, Aug 5"
2023,BAL,NYM,1,0.9259259259259259,"Sunday, Aug 6"
2023,BAL,HOU,0,0.4390243902439024,"Tuesday, Aug 8"
2023,BAL,HOU,0,0.6794871794871795,"Wednesday, Aug 9"
2023,BAL,HOU,1,0.5647058823529411,"Thursday, Aug 10"
2023,BAL,TOR,0,0.4751131221719457,"Tuesday, Aug 22"
2023,BAL,TOR,1,0.5497076023391813,"Wednesday, Aug 23"
2023,BAL,TOR,1,0.5497076023391813,"Thursday, Aug 24"
2023,BAL,COL,1,0.4390243902439024,"Friday, Aug 25"
2023,BAL,COL,1,0.9259259259259259,"Saturday, Aug 26"
2023,BAL,COL,0,0.5497076023391813,"Sunday, Aug 27"
2023,BAL,CHW,1,0.9,"Monday, Aug 28"
2023,BAL,CHW,1,0.6794871794871795,"Tuesday, Aug 29"
2023,BAL,CHW,0,0.4751131221719457,"Wednesday, Aug 30"
2023,BAL,STL,1,0.4390243902439024,"Monday, Sep 11"
2023,BAL,STL,0,0.32710280373831774,"Tuesday, Sep 12"
2023,BAL,STL,0,0.32710280373831774,"Wednesday, Sep 13"
2023,BAL,TBR,0,0.5497076023391813,"Thursday, Sep 14"
2023,BAL,TBR,0,0.5497076023391813,"Friday, Sep 15"
2023,BAL,TBR,1,0.4751131221719457,"Saturday, Sep 16"
2023,BAL,TBR,1,0.4390243902439024,"Sunday, Sep 17"
2023,BAL,WSN,1,0.8923076923076924,"Tuesday, Sep 26"
2023,BAL,WSN,1,0.9259259259259259,"Wednesday, Sep 27"
2023,BAL,BOS,1,0.8923076923076924,"Thursday, Sep 28"
2023,BAL,BOS,0,0.8923076923076924,"Friday, Sep 29"
2023,BAL,BOS,1,0.5497076023391813,"Saturday, Sep 30"
2023,BAL,BOS,0,0.32710280373831774,"Sunday, Oct 1"
2023,BOS,BAL,0,0.6794871794871795,"Thursday, Mar 30"
2023,BOS,BAL,1,0.5497076023391813,"Saturday, Apr 1"
2023,BOS,BAL,1,0.5497076023391813,"Sunday, Apr 2"
2023,BOS,PIT,0,0.4390243902439024,"Monday, Apr 3"
2023,BOS,PIT,0,0.4751131221719457,"Tuesday, Apr 4"
2023,BOS,PIT,0,0.4390243902439024,"Wednesday, Apr 5"
2023,BOS,LAA,1,0.5647058823529411,"Friday, Apr 14"
2023,BOS,LAA,1,0.5497076023391813,"Saturday, Apr 15"
2023,BOS,LAA,1,0.4751131221719457,"Sunday, Apr 16"
2023,BOS,LAA,0,0.5497076023391813,"Monday, Apr 17"
2023,BOS,MIN,1,0.5497076023391813,"Tuesday, Apr 18"
2023,BOS,MIN,0,0.32710280373831774,"Wednesday, Apr 19"
2023,BOS,MIN,1,0.4751131221719457,"Thursday, Apr 20"
2023,BOS,CLE,0,0.4390243902439024,"Friday, Apr 28"
2023,BOS,CLE,1,0.5497076023391813,"Saturday, Apr 29"
2023,BOS,CLE,1,0.5497076023391813,"Sunday, Apr 30"
2023,BOS,TOR,1,0.5497076023391813,"Monday, May 1"
2023,BOS,TOR,1,0.5647058823529411,"Tuesday, May 2"
2023,BOS,TOR,1,0.6794871794871795,"Wednesday, May 3"
2023,BOS,TOR,1,0.696969696969697,"Thursday, May 4"
2023,BOS,STL,0,0.5497076023391813,"Friday, May 12"
2023,BOS,STL,0,0.4751131221719457,"Saturday, May 13"
2023,BOS,STL,0,0.5497076023391813,"Sunday, May 14"
2023,BOS,SEA,0,0.4390243902439024,"Monday, May 15"
2023,BOS,SEA,1,0.6352941176470588,"Tuesday, May 16"
2023,BOS,SEA,1,0.5647058823529411,"Wednesday, May 17"
2023,BOS,CIN,0,0.5497076023391813,"Tuesday, May 30"
2023,BOS,CIN,0,0.5647058823529411,"Wednesday, May 31"
2023,BOS,CIN,1,0.4390243902439024,"Thursday, Jun 1"
2023,BOS,TBR,1,0.696969696969697,"Saturday, Jun 3 (1)"
2023,BOS,TBR,0,0.6666666666666666,"Saturday, Jun 3 (2)"
2023,BOS,TBR,0,0.6122448979591837,"Sunday, Jun 4"
2023,BOS,TBR,0,0.32710280373831774,"Monday, Jun 5"
2023,BOS,COL,0,0.696969696969697,"Monday, Jun 12"
2023,BOS,COL,0,0.7619047619047619,"Tuesday, Jun 13"
2023,BOS,COL,1,0.6794871794871795,"Wednesday, Jun 14"
2023,BOS,NYY,1,0.5647058823529411,"Friday, Jun 16"
2023,BOS,NYY,1,0.6352941176470588,"Sunday, Jun 18 (1)"
2023,BOS,NYY,1,0.6122448979591837,"Sunday, Jun 18 (2)"
2023,BOS,MIA,0,0.4390243902439024,"Tuesday, Jun 27"
2023,BOS,MIA,0,0.391304347826087,"Wednesday, Jun 28"
2023,BOS,MIA,0,0.32710280373831774,"Thursday, Jun 29"
2023,BOS,TEX,0,0.5497076023391813,"Tuesday, Jul 4"
2023,BOS,TEX,1,0.6794871794871795,"Wednesday, Jul 5"
2023,BOS,TEX,1,0.5497076023391813,"Thursday, Jul 6"
2023,BOS,OAK,1,0.5497076023391813,"Friday, Jul 7"
2023,BOS,OAK,1,0.696969696969697,"Saturday, Jul 8"
2023,BOS,OAK,1,0.696969696969697,"Sunday, Jul 9"
2023,BOS,NYM,0,0.5497076023391813,"Friday, Jul 21"
2023,BOS,NYM,1,0.5497076023391813,"Saturday, Jul 22"
2023,BOS,NYM,1,0.5647058823529411,"Sunday, Jul 23"
2023,BOS,ATL,1,0.6352941176470588,"Tuesday, Jul 25"
2023,BOS,ATL,1,0.4751131221719457,"Wednesday, Jul 26"
2023,BOS,TOR,0,0.5647058823529411,"Friday, Aug 4"
2023,BOS,TOR,0,0.5497076023391813,"Saturday, Aug 5"
2023,BOS,TOR,0,0.4751131221719457,"Sunday, Aug 6"
2023,BOS,KCR,1,0.5647058823529411,"Monday, Aug 7"
2023,BOS,KCR,0,0.5497076023391813,"Tuesday, Aug 8"
2023,BOS,KCR,1,0.7619047619047619,"Wednesday, Aug 9"
2023,BOS,KCR,1,0.7857142857142857,"Thursday, Aug 10"
2023,BOS,DET,1,0.5647058823529411,"Friday, Aug 11"
2023,BOS,DET,0,0.4751131221719457,"Saturday, Aug 12"
2023,BOS,DET,1,0.5647058823529411,"Sunday, Aug 13"
2023,BOS,LAD,0,0.6352941176470588,"Friday, Aug 25"
2023,BOS,LAD,1,0.5647058823529411,"Saturday, Aug 26"
2023,BOS,LAD,0,0.4390243902439024,"Sunday, Aug 27"
2023,BOS,HOU,0,0.5647058823529411,"Monday, Aug 28"
2023,BOS,HOU,0,0.6352941176470588,"Tuesday, Aug 29"
2023,BOS,HOU,0,0.4390243902439024,"Wednesday, Aug 30"
2023,BOS,BAL,0,0.01,"Friday, Sep 8"
2023,BOS,BAL,0,0.6352941176470588,"Saturday, Sep 9"
2023,BOS,BAL,1,0.5647058823529411,"Sunday, Sep 10"
2023,BOS,NYY,0,0.5497076023391813,"Tuesday, Sep 12 (1)"
2023,BOS,NYY,0,0.6352941176470588,"Tuesday, Sep 12 (2)"
2023,BOS,NYY,1,0.4751131221719457,"Thursday, Sep 14 (1)"
2023,BOS,NYY,0,0.5497076023391813,"Thursday, Sep 14 (2)"
2023,BOS,CHW,1,0.5647058823529411,"Friday, Sep 22"
2023,BOS,CHW,0,0.6794871794871795,"Saturday, Sep 23"
2023,BOS,CHW,0,0.6794871794871795,"Sunday, Sep 24"
2023,BOS,TBR,0,0.171875,"Tuesday, Sep 26"
2023,BOS,TBR,0,0.5497076023391813,"Wednesday, Sep 27"
2023,CHC,MIL,1,0.6794871794871795,"Thursday, Mar 30"
2023,CHC,MIL,0,0.4751131221719457,"Saturday, Apr 1"
2023,CHC,MIL,0,0.48172740827689753,"Sunday, Apr 2"
2023,CHC,TEX,1,0.5497076023391813,"Friday, Apr 7"
2023,CHC,TEX,1,0.5497076023391813,"Saturday, Apr 8"
2023,CHC,TEX,0,0.4751131221719457,"Sunday, Apr 9"
2023,CHC,SEA,1,0.6122448979591837,"Monday, Apr 10"
2023,CHC,SEA,1,0.5497076023391813,"Tuesday, Apr 11"
2023,CHC,SEA,0,0.4751131221719457,"Wednesday, Apr 12"
2023,CHC,LAD,0,0.5497076023391813,"Thursday, Apr 20"
2023,CHC,LAD,1,0.5497076023391813,"Friday, Apr 21"
2023,CHC,LAD,0,0.4751131221719457,"Saturday, Apr 22"
2023,CHC,LAD,0,0.5647058823529411,"Sunday, Apr 23"
2023,CHC,SDP,1,0.5647058823529411,"Tuesday, Apr 25"
2023,CHC,SDP,0,0.5497076023391813,"Wednesday, Apr 26"
2023,CHC,SDP,1,0.4751131221719457,"Thursday, Apr 27"
2023,CHC,MIA,1,0.6352941176470588,"Friday, May 5"
2023,CHC,MIA,1,0.5497076023391813,"Saturday, May 6"
2023,CHC,MIA,0,0.6794871794871795,"Sunday, May 7"
2023,CHC,STL,0,0.8923076923076924,"Monday, May 8"
2023,CHC,STL,0,0.8923076923076924,"Tuesday, May 9"
2023,CHC,STL,1,0.7619047619047619,"Wednesday, May 10"
2023,CHC,NYM,1,0.5647058823529411,"Tuesday, May 23"
2023,CHC,NYM,1,0.6122448979591837,"Wednesday, May 24"
2023,CHC,NYM,0,0.4751131221719457,"Thursday, May 25"
2023,CHC,CIN,0,0.5647058823529411,"Friday, May 26"
2023,CHC,CIN,0,0.6188723164109254,"Saturday, May 27"
2023,CHC,CIN,0,0.5497076023391813,"Sunday, May 28"
2023,CHC,TBR,1,0.5497076023391813,"Monday, May 29"
2023,CHC,TBR,1,0.696969696969697,"Tuesday, May 30"
2023,CHC,TBR,0,0.391304347826087,"Wednesday, May 31"
2023,CHC,PIT,1,0.4751131221719457,"Tuesday, Jun 13"
2023,CHC,PIT,1,0.4751131221719457,"Wednesday, Jun 14"
2023,CHC,PIT,1,0.6794871794871795,"Thursday, Jun 15"
2023,CHC,BAL,1,0.171875,"Friday, Jun 16"
2023,CHC,BAL,1,0.5497076023391813,"Saturday, Jun 17"
2023,CHC,BAL,0,0.4751131221719457,"Sunday, Jun 18"
2023,CHC,PHI,0,0.4751131221719457,"Tuesday, Jun 27"
2023,CHC,PHI,0,0.5497076023391813,"Wednesday, Jun 28"
2023,CHC,PHI,0,0.32710280373831774,"Thursday, Jun 29"
2023,CHC,CLE,1,0.4390243902439024,"Friday, Jun 30"
2023,CHC,CLE,0,0.4751131221719457,"Saturday, Jul 1"
2023,CHC,CLE,0,0.5497076023391813,"Sunday, Jul 2"
2023,CHC,BOS,0,0.5497076023391813,"Friday, Jul 14"
2023,CHC,BOS,1,0.4751131221719457,"Saturday, Jul 15"
2023,CHC,BOS,0,0.4751131221719457,"Sunday, Jul 16"
2023,CHC,WSN,0,0.4751131221719457,"Monday, Jul 17"
2023,CHC,WSN,1,0.6122448979591837,"Tuesday, Jul 18"
2023,CHC,WSN,1,0.696969696969697,"Wednesday, Jul 19"
2023,CHC,STL,0,0.5497076023391813,"Thursday, Jul 20"
2023,CHC,STL,1,0.5497076023391813,"Friday, Jul 21"
2023,CHC,STL,1,0.5497076023391813,"Saturday, Jul 22"
2023,CHC,STL,1,0.5497076023391813,"Sunday, Jul 23"
2023,CHC,CIN,0,0.4390243902439024,"Monday, Jul 31"
2023,CHC,CIN,1,0.5497076023391813,"Tuesday, Aug 1"
2023,CHC,CIN,1,0.4390243902439024,"Wednesday, Aug 2"
2023,CHC,CIN,1,0.4751131221719457,"Thursday, Aug 3"
2023,CHC,ATL,0,0.171875,"Friday, Aug 4"
2023,CHC,ATL,1,0.6352941176470588,"Saturday, Aug 5"
2023,CHC,ATL,1,0.5497076023391813,"Sunday, Aug 6"
2023,CHC,CHW,0,0.4751131221719457,"Tuesday, Aug 15"
2023,CHC,CHW,1,0.5497076023391813,"Wednesday, Aug 16"
2023,CHC,KCR,0,0.5497076023391813,"Friday, Aug 18"
2023,CHC,KCR,1,0.8923076923076924,"Saturday, Aug 19"
2023,CHC,KCR,1,0.7619047619047619,"Sunday, Aug 20"
2023,CHC,MIL,0,0.32710280373831774,"Monday, Aug 28"
2023,CHC,MIL,1,0.4390243902439024,"Tuesday, Aug 29"
2023,CHC,MIL,1,0.4390243902439024,"Wednesday, Aug 30"
2023,CHC,SFG,1,0.7619047619047619,"Monday, Sep 4"
2023,CHC,SFG,1,0.5497076023391813,"Tuesday, Sep 5"
2023,CHC,SFG,1,0.7619047619047619,"Wednesday, Sep 6"
2023,CHC,ARI,0,0.5497076023391813,"Thursday, Sep 7"
2023,CHC,ARI,0,0.4751131221719457,"Friday, Sep 8"
2023,CHC,ARI,0,0.4751131221719457,"Saturday, Sep 9"
2023,CHC,ARI,1,0.4390243902439024,"Sunday, Sep 10"
2023,CHC,PIT,1,0.6122448979591837,"Tuesday, Sep 19"
2023,CHC,PIT,0,0.4390243902439024,"Wednesday, Sep 20"
2023,CHC,PIT,0,0.4751131221719457,"Thursday, Sep 21"
2023,CHC,COL,1,0.9259259259259259,"Friday, Sep 22"
2023,CHC,COL,1,0.8923076923076924,"Saturday, Sep 23"
2023,CHC,COL,1,0.8923076923076924,"Sunday, Sep 24"
2023,CHW,SFG,0,0.4751131221719457,"Monday, Apr 3"
2023,CHW,SFG,1,0.5647058823529411,"Wednesday, Apr 5"
2023,CHW,SFG,0,0.6794871794871795,"Thursday, Apr 6"
2023,CHW,BAL,0,0.5647058823529411,"Friday, Apr 14"
2023,CHW,BAL,1,0.5497076023391813,"Saturday, Apr 15"
2023,CHW,BAL,0,0.5497076023391813,"Sunday, Apr 16"
2023,CHW,PHI,0,0.4751131221719457,"Tuesday, Apr 18 (1)"
2023,CHW,PHI,1,0.4414978036375507,"Tuesday, Apr 18 (2)"
2023,CHW,PHI,0,0.4751131221719457,"Wednesday, Apr 19"
2023,CHW,TBR,0,0.4390243902439024,"Thursday, Apr 27"
2023,CHW,TBR,0,0.171875,"Friday, Apr 28"
2023,CHW,TBR,0,0.32710280373831774,"Saturday, Apr 29"
2023,CHW,TBR,1,0.32710280373831774,"Sunday, Apr 30"
2023,CHW,MIN,1,0.6794871794871795,"Tuesday, May 2"
2023,CHW,MIN,1,0.4390243902439024,"Wednesday, May 3"
2023,CHW,MIN,0,0.32710280373831774,"Thursday, May 4"
2023,CHW,HOU,0,0.171875,"Friday, May 12"
2023,CHW,HOU,1,0.171875,"Saturday, May 13"
2023,CHW,HOU,0,0.32710280373831774,"Sunday, May 14"
2023,CHW,CLE,1,0.6794871794871795,"Tuesday, May 16"
2023,CHW,CLE,1,0.32710280373831774,"Wednesday, May 17"
2023,CHW,CLE,0,0.5647058823529411,"Thursday, May 18"
2023,CHW,KCR,1,0.5497076023391813,"Friday, May 19"
2023,CHW,KCR,1,0.4751131221719457,"Saturday, May 20"
2023,CHW,KCR,1,0.4390243902439024,"Sunday, May 21"
2023,CHW,LAA,0,0.32710280373831774,"Monday, May 29"
2023,CHW,LAA,1,0.5647058823529411,"Tuesday, May 30"
2023,CHW,LAA,0,0.5647058823529411,"Wednesday, May 31"
2023,CHW,DET,1,0.6352941176470588,"Friday, Jun 2"
2023,CHW,DET,1,0.5647058823529411,"Saturday, Jun 3"
2023,CHW,DET,1,0.6794871794871795,"Sunday, Jun 4"
2023,CHW,MIA,1,0.4390243902439024,"Friday, Jun 9"
2023,CHW,MIA,0,0.4390243902439024,"Saturday, Jun 10"
2023,CHW,MIA,0,0.32710280373831774,"Sunday, Jun 11"
2023,CHW,TEX,0,0.4390243902439024,"Monday, Jun 19"
2023,CHW,TEX,1,0.6352941176470588,"Tuesday, Jun 20"
2023,CHW,TEX,0,0.01,"Wednesday, Jun 21"
2023,CHW,BOS,0,0.5497076023391813,"Friday, Jun 23"
2023,CHW,BOS,1,0.5497076023391813,"Saturday, Jun 24"
2023,CHW,BOS,1,0.4751131221719457,"Sunday, Jun 25"
2023,CHW,TOR,0,0.6794871794871795,"Tuesday, Jul 4"
2023,CHW,TOR,0,0.5647058823529411,"Thursday, Jul 6 (1)"
2023,CHW,TOR,0,0.32710280373831774,"Thursday, Jul 6 (2)"
2023,CHW,STL,1,0.6122448979591837,"Friday, Jul 7"
2023,CHW,STL,0,0.4751131221719457,"Saturday, Jul 8"
2023,CHW,STL,0,0.5647058823529411,"Sunday, Jul 9"
2023,CHW,CHC,0,0.171875,"Tuesday, Jul 25"
2023,CHW,CHC,0,0.5647058823529411,"Wednesday, Jul 26"
2023,CHW,CLE,0,0.4390243902439024,"Thursday, Jul 27"
2023,CHW,CLE,1,0.5647058823529411,"Friday, Jul 28"
2023,CHW,CLE,1,0.5497076023391813,"Saturday, Jul 29"
2023,CHW,CLE,0,0.06666666666666667,"Sunday, Jul 30"
2023,CHW,NYY,1,0.6352941176470588,"Monday, Aug 7"
2023,CHW,NYY,0,0.4390243902439024,"Tuesday, Aug 8"
2023,CHW,NYY,1,0.4390243902439024,"Wednesday, Aug 9"
2023,CHW,MIL,0,0.32710280373831774,"Friday, Aug 11"
2023,CHW,MIL,0,0.171875,"Saturday, Aug 12"
2023,CHW,MIL,0,0.4390243902439024,"Sunday, Aug 13"
2023,CHW,SEA,0,0.01,"Monday, Aug 21"
2023,CHW,SEA,0,0.06666666666666667,"Tuesday, Aug 22"
2023,CHW,SEA,1,0.01,"Wednesday, Aug 23"
2023,CHW,OAK,0,0.5647058823529411,"Thursday, Aug 24"
2023,CHW,OAK,0,0.4390243902439024,"Friday, Aug 25"
2023,CHW,OAK,1,0.4751131221719457,"Saturday, Aug 26"
2023,CHW,OAK,1,0.4751131221719457,"Sunday, Aug 27"
2023,CHW,DET,0,0.6352941176470588,"Friday, Sep 1"
2023,CHW,DET,0,0.4751131221719457,"Saturday, Sep 2"
2023,CHW,DET,0,0.6122448979591837,"Sunday, Sep 3"
2023,CHW,KCR,1,0.5497076023391813,"Tuesday, Sep 12 (1)"
2023,CHW,KCR,0,0.5497076023391813,"Tuesday, Sep 12 (2)"
2023,CHW,KCR,0,0.5497076023391813,"Wednesday, Sep 13"
2023,CHW,MIN,0,0.32710280373831774,"Thursday, Sep 14"
2023,CHW,MIN,0,0.01,"Friday, Sep 15"
2023,CHW,MIN,1,0.6352941176470588,"Saturday, Sep 16"
2023,CHW,MIN,0,0.4751131221719457,"Sunday, Sep 17"
2023,CHW,ARI,0,0.171875,"Tuesday, Sep 26"
2023,CHW,ARI,0,0.5497076023391813,"Wednesday, Sep 27"
2023,CHW,ARI,1,0.6794871794871795,"Thursday, Sep 28"
2023,CHW,SDP,0,0.6352941176470588,"Friday, Sep 29"
2023,CHW,SDP,0,0.01,"Saturday, Sep 30"
2023,CHW,SDP,0,0.4390243902439024,"Sunday, Oct 1"
2023,CIN,PIT,0,0.696969696969697,"Thursday, Mar 30"
2023,CIN,PIT,1,0.6794871794871795,"Saturday, Apr 1"
2023,CIN,PIT,1,0.4751131221719457,"Sunday, Apr 2"
2023,CIN,CHC,1,0.5497076023391813,"Monday, Apr 3"
2023,CIN,CHC,0,0.4390243902439024,"Tuesday, Apr 4"
2023,CIN,PHI,1,0.5497076023391813,"Thursday, Apr 13"
2023,CIN,PHI,0,0.5497076023391813,"Friday, Apr 14"
2023,CIN,PHI,1,0.5497076023391813,"Saturday, Apr 15"
2023,CIN,PHI,0,0.5497076023391813,"Sunday, Apr 16"
2023,CIN,TBR,1,0.4390243902439024,"Monday, Apr 17"
2023,CIN,TBR,0,0.4390243902439024,"Tuesday, Apr 18"
2023,CIN,TBR,0,0.32710280373831774,"Wednesday, Apr 19"
2023,CIN,TEX,1,0.32710280373831774,"Monday, Apr 24"
2023,CIN,TEX,1,0.32710280373831774,"Tuesday, Apr 25"
2023,CIN,TEX,1,0.171875,"Wednesday, Apr 26"
2023,CIN,CHW,0,0.5497076023391813,"Friday, May 5"
2023,CIN,CHW,1,0.5647058823529411,"Saturday, May 6"
2023,CIN,CHW,0,0.5497076023391813,"Sunday, May 7"
2023,CIN,NYM,1,0.6794871794871795,"Tuesday, May 9"
2023,CIN,NYM,0,0.32710280373831774,"Wednesday, May 10"
2023,CIN,NYM,1,0.696969696969697,"Thursday, May 11"
2023,CIN,NYY,0,0.4751131221719457,"Friday, May 19"
2023,CIN,NYY,0,0.5497076023391813,"Saturday, May 20"
2023,CIN,NYY,0,0.171875,"Sunday, May 21"
2023,CIN,STL,1,0.6352941176470588,"Monday, May 22"
2023,CIN,STL,0,0.4390243902439024,"Tuesday, May 23"
2023,CIN,STL,1,0.32710280373831774,"Wednesday, May 24"
2023,CIN,STL,0,0.5497076023391813,"Thursday, May 25"
2023,CIN,MIL,0,0.5497076023391813,"Friday, Jun 2"
2023,CIN,MIL,0,0.4751131221719457,"Saturday, Jun 3"
2023,CIN,MIL,0,0.5497076023391813,"Sunday, Jun 4"
2023,CIN,MIL,1,0.5497076023391813,"Monday, Jun 5"
2023,CIN,LAD,1,0.6794871794871795,"Tuesday, Jun 6"
2023,CIN,LAD,1,0.5647058823529411,"Wednesday, Jun 7"
2023,CIN,LAD,0,0.32710280373831774,"Thursday, Jun 8"
2023,CIN,COL,1,0.5647058823529411,"Monday, Jun 19"
2023,CIN,COL,1,0.696969696969697,"Tuesday, Jun 20"
2023,CIN,COL,1,0.9,"Wednesday, Jun 21"
2023,CIN,ATL,1,0.6352941176470588,"Friday, Jun 23"
2023,CIN,ATL,0,0.32710280373831774,"Saturday, Jun 24"
2023,CIN,ATL,0,0.4390243902439024,"Sunday, Jun 25"
2023,CIN,SDP,1,0.696969696969697,"Friday, Jun 30"
2023,CIN,SDP,0,0.6352941176470588,"Saturday, Jul 1"
2023,CIN,SDP,1,0.6794871794871795,"Sunday, Jul 2"
2023,CIN,MIL,0,0.32710280373831774,"Friday, Jul 14"
2023,CIN,MIL,0,0.391304347826087,"Saturday, Jul 15"
2023,CIN,MIL,0,0.4390243902439024,"Sunday, Jul 16"
2023,CIN,SFG,0,0.4390243902439024,"Monday, Jul 17"
2023,CIN,SFG,0,0.171875,"Tuesday, Jul 18"
2023,CIN,SFG,1,0.5497076023391813,"Wednesday, Jul 19"
2023,CIN,SFG,1,0.5497076023391813,"Thursday, Jul 20"
2023,CIN,ARI,1,0.5497076023391813,"Friday, Jul 21"
2023,CIN,ARI,1,0.5497076023391813,"Saturday, Jul 22"
2023,CIN,ARI,1,0.6352941176470588,"Sunday, Jul 23"
2023,CIN,WSN,0,0.5497076023391813,"Friday, Aug 4"
2023,CIN,WSN,0,0.32710280373831774,"Saturday, Aug 5"
2023,CIN,WSN,0,0.5497076023391813,"Sunday, Aug 6"
2023,CIN,MIA,1,0.8125,"Monday, Aug 7"
2023,CIN,MIA,0,0.6794871794871795,"Tuesday, Aug 8"
2023,CIN,MIA,0,0.6122448979591837,"Wednesday, Aug 9"
2023,CIN,CLE,0,0.5497076023391813,"Tuesday, Aug 15"
2023,CIN,CLE,1,0.4751131221719457,"Wednesday, Aug 16"
2023,CIN,TOR,1,0.4390243902439024,"Friday, Aug 18"
2023,CIN,TOR,0,0.32710280373831774,"Saturday, Aug 19"
2023,CIN,TOR,0,0.171875,"Sunday, Aug 20"
2023,CIN,CHC,0,0.3572259826843221,"Friday, Sep 1 (1)"
2023,CIN,CHC,1,0.32710280373831774,"Friday, Sep 1 (2)"
2023,CIN,CHC,1,0.4751131221719457,"Saturday, Sep 2"
2023,CIN,CHC,0,0.32710280373831774,"Sunday, Sep 3"
2023,CIN,SEA,1,0.5497076023391813,"Monday, Sep 4"
2023,CIN,SEA,1,0.32710280373831774,"Tuesday, Sep 5"
2023,CIN,SEA,0,0.391304347826087,"Wednesday, Sep 6"
2023,CIN,STL,0,0.4390243902439024,"Friday, Sep 8"
2023,CIN,STL,0,0.5497076023391813,"Saturday, Sep 9"
2023,CIN,STL,1,0.5647058823529411,"Sunday, Sep 10"
2023,CIN,MIN,1,0.4751131221719457,"Monday, Sep 18"
2023,CIN,MIN,0,0.4390243902439024,"Tuesday, Sep 19"
2023,CIN,MIN,0,0.5497076023391813,"Wednesday, Sep 20"
2023,CIN,PIT,0,0.5497076023391813,"Friday, Sep 22"
2023,CIN,PIT,0,0.5497076023391813,"Saturday, Sep 23"
2023,CIN,PIT,1,0.5497076023391813,"Sunday, Sep 24"
2023,CLE,SEA,0,0.696969696969697,"Friday, Apr 7"
2023,CLE,SEA,0,0.6352941176470588,"Saturday, Apr 8"
2023,CLE,SEA,1,0.5497076023391813,"Sunday, Apr 9"
2023,CLE,NYY,1,0.391304347826087,"Monday, Apr 10"
2023,CLE,NYY,0,0.171875,"Tuesday, Apr 11"
2023,CLE,NYY,0,0.4390243902439024,"Wednesday, Apr 12"
2023,CLE,MIA,0,0.4751131221719457,"Saturday, Apr 22 (1)"
2023,CLE,MIA,0,0.5497076023391813,"Saturday, Apr 22 (2)"
2023,CLE,MIA,1,0.4751131221719457,"Sunday, Apr 23"
2023,CLE,COL,0,0.4390243902439024,"Monday, Apr 24"
2023,CLE,COL,0,0.6352941176470588,"Tuesday, Apr 25"
2023,CLE,COL,1,0.6794871794871795,"Wednesday, Apr 26"
2023,CLE,MIN,0,0.4751131221719457,"Friday, May 5"
2023,CLE,MIN,1,0.5497076023391813,"Saturday, May 6"
2023,CLE,MIN,1,0.5347085464240503,"Sunday, May 7"
2023,CLE,DET,0,0.32710280373831774,"Monday, May 8"
2023,CLE,DET,1,0.5647058823529411,"Tuesday, May 9"
2023,CLE,DET,0,0.5497076023391813,"Wednesday, May 10"
2023,CLE,LAA,0,0.5497076023391813,"Friday, May 12"
2023,CLE,LAA,1,0.6352941176470588,"Saturday, May 13"
2023,CLE,LAA,1,0.6352941176470588,"Sunday, May 14"
2023,CLE,CHW,1,0.5497076023391813,"Monday, May 22"
2023,CLE,CHW,0,0.5647058823529411,"Tuesday, May 23"
2023,CLE,CHW,0,0.4751131221719457,"Wednesday, May 24"
2023,CLE,STL,1,0.4390243902439024,"Friday, May 26"
2023,CLE,STL,0,0.4751131221719457,"Saturday, May 27"
2023,CLE,STL,1,0.6352941176470588,"Sunday, May 28"
2023,CLE,BOS,0,0.6352941176470588,"Tuesday, Jun 6"
2023,CLE,BOS,1,0.5497076023391813,"Wednesday, Jun 7"
2023,CLE,BOS,1,0.5497076023391813,"Thursday, Jun 8"
2023,CLE,HOU,1,0.5647058823529411,"Friday, Jun 9"
2023,CLE,HOU,0,0.7619047619047619,"Saturday, Jun 10"
2023,CLE,HOU,1,0.5647058823529411,"Sunday, Jun 11"
2023,CLE,OAK,1,0.5497076023391813,"Tuesday, Jun 20"
2023,CLE,OAK,1,0.696969696969697,"Wednesday, Jun 21"
2023,CLE,OAK,1,0.6794871794871795,"Thursday, Jun 22"
2023,CLE,MIL,0,0.4751131221719457,"Friday, Jun 23"
2023,CLE,MIL,1,0.4751131221719457,"Saturday, Jun 24"
2023,CLE,MIL,0,0.4751131221719457,"Sunday, Jun 25"
2023,CLE,ATL,0,0.32710280373831774,"Monday, Jul 3"
2023,CLE,ATL,1,0.32710280373831774,"Tuesday, Jul 4"
2023,CLE,ATL,0,0.32710280373831774,"Wednesday, Jul 5"
2023,CLE,KCR,1,0.6794871794871795,"Thursday, Jul 6"
2023,CLE,KCR,1,0.8125,"Friday, Jul 7"
2023,CLE,KCR,1,0.696969696969697,"Saturday, Jul 8"
2023,CLE,KCR,0,0.4390243902439024,"Sunday, Jul 9"
2023,CLE,PHI,1,0.5497076023391813,"Friday, Jul 21"
2023,CLE,PHI,1,0.5497076023391813,"Saturday, Jul 22"
2023,CLE,PHI,0,0.5497076023391813,"Sunday, Jul 23"
2023,CLE,KCR,0,0.4390243902439024,"Monday, Jul 24"
2023,CLE,KCR,1,0.8971966220240394,"Tuesday, Jul 25"
2023,CLE,KCR,1,0.9259259259259259,"Wednesday, Jul 26"
2023,CLE,CHW,1,0.5647058823529411,"Friday, Aug 4"
2023,CLE,CHW,0,0.5497076023391813,"Saturday, Aug 5"
2023,CLE,CHW,0,0.9259259259259259,"Sunday, Aug 6"
2023,CLE,TOR,0,0.6352941176470588,"Monday, Aug 7"
2023,CLE,TOR,1,0.4390243902439024,"Tuesday, Aug 8"
2023,CLE,TOR,0,0.32710280373831774,"Wednesday, Aug 9"
2023,CLE,TOR,1,0.5497076023391813,"Thursday, Aug 10"
2023,CLE,DET,0,0.6794871794871795,"Friday, Aug 18 (1)"
2023,CLE,DET,1,0.6794871794871795,"Friday, Aug 18 (2)"
2023,CLE,DET,0,0.4390243902439024,"Saturday, Aug 19"
2023,CLE,DET,0,0.4751131221719457,"Sunday, Aug 20"
2023,CLE,LAD,1,0.6794871794871795,"Tuesday, Aug 22"
2023,CLE,LAD,0,0.5647058823529411,"Wednesday, Aug 23"
2023,CLE,LAD,0,0.4390243902439024,"Thursday, Aug 24"
2023,CLE,TBR,1,0.5497076023391813,"Friday, Sep 1"
2023,CLE,TBR,1,0.391304347826087,"Saturday, Sep 2"
2023,CLE,TBR,0,0.391304347826087,"Sunday, Sep 3"
2023,CLE,MIN,0,0.4751131221719457,"Monday, Sep 4"
2023,CLE,MIN,0,0.5497076023391813,"Tuesday, Sep 5"
2023,CLE,MIN,1,0.5497076023391813,"Wednesday, Sep 6"
2023,CLE,TEX,1,0.4751131221719457,"Friday, Sep 15"
2023,CLE,TEX,1,0.32710280373831774,"Saturday, Sep 16"
2023,CLE,TEX,1,0.4751131221719457,"Sunday, Sep 17"
2023,CLE,BAL,1,0.6794871794871795,"Thursday, Sep 21"
2023,CLE,BAL,1,0.6352941176470588,"Friday, Sep 22"
2023,CLE,BAL,0,0.5497076023391813,"Saturday, Sep 23"
2023,CLE,BAL,0,0.4390243902439024,"Sunday, Sep 24"
2023,CLE,CIN,0,0.6794871794871795,"Tuesday, Sep 26"
2023,CLE,CIN,1,0.5647058823529411,"Wednesday, Sep 27"
2023,COL,WSN,1,0.5647058823529411,"Thursday, Apr 6"
2023,COL,WSN,0,0.6794871794871795,"Friday, Apr 7"
2023,COL,WSN,0,0.6794871794871795,"Saturday, Apr 8"
2023,COL,WSN,1,0.6122448979591837,"Sunday, Apr 9"
2023,COL,STL,1,0.6122448979591837,"Monday, Apr 10"
2023,COL,STL,0,0.5497076023391813,"Tuesday, Apr 11"
2023,COL,STL,0,0.5647058823529411,"Wednesday, Apr 12"
2023,COL,PIT,0,0.4751131221719457,"Monday, Apr 17"
2023,COL,PIT,0,0.32710280373831774,"Tuesday, Apr 18"
2023,COL,PIT,0,0.171875,"Wednesday, Apr 19"
2023,COL,ARI,0,0.32710280373831774,"Friday, Apr 28"
2023,COL,ARI,0,0.171875,"Saturday, Apr 29"
2023,COL,ARI,1,0.5497076023391813,"Sunday, Apr 30"
2023,COL,MIL,1,0.5497076023391813,"Tuesday, May 2"
2023,COL,MIL,1,0.4390243902439024,"Wednesday, May 3"
2023,COL,MIL,1,0.696969696969697,"Thursday, May 4"
2023,COL,PHI,0,0.4751131221719457,"Friday, May 12"
2023,COL,PHI,0,0.32710280373831774,"Saturday, May 13"
2023,COL,PHI,1,0.5497076023391813,"Sunday, May 14"
2023,COL,CIN,1,0.4751131221719457,"Monday, May 15"
2023,COL,CIN,0,0.32710280373831774,"Tuesday, May 16"
2023,COL,CIN,1,0.5497076023391813,"Wednesday, May 17"
2023,COL,MIA,1,0.5497076023391813,"Monday, May 22"
2023,COL,MIA,1,0.4751131221719457,"Tuesday, May 23"
2023,COL,MIA,0,0.4390243902439024,"Wednesday, May 24"
2023,COL,MIA,1,0.4390243902439024,"Thursday, May 25"
2023,COL,NYM,0,0.06666666666666667,"Friday, May 26"
2023,COL,NYM,1,0.32710280373831774,"Saturday, May 27"
2023,COL,NYM,1,0.5497076023391813,"Sunday, May 28"
2023,COL,SFG,0,0.171875,"Tuesday, Jun 6"
2023,COL,SFG,0,0.4751131221719457,"Wednesday, Jun 7"
2023,COL,SFG,0,0.4751131221719457,"Thursday, Jun 8"
2023,COL,SDP,0,0.06666666666666667,"Friday, Jun 9"
2023,COL,SDP,0,0.4751131221719457,"Saturday, Jun 10"
2023,COL,SDP,1,0.171875,"Sunday, Jun 11"
2023,COL,LAA,1,0.6794871794871795,"Friday, Jun 23"
2023,COL,LAA,0,0.4751131221719457,"Saturday, Jun 24"
2023,COL,LAA,1,0.6794871794871795,"Sunday, Jun 25"
2023,COL,LAD,0,0.01,"Tuesday, Jun 27"
2023,COL,LAD,1,0.4390243902439024,"Wednesday, Jun 28"
2023,COL,LAD,0,0.6352941176470588,"Thursday, Jun 29"
2023,COL,DET,1,0.4751131221719457,"Friday, Jun 30"
2023,COL,DET,0,0.4751131221719457,"Saturday, Jul 1"
2023,COL,DET,0,0.32710280373831774,"Sunday, Jul 2"
2023,COL,NYY,1,0.7619047619047619,"Friday, Jul 14"
2023,COL,NYY,0,0.171875,"Saturday, Jul 15"
2023,COL,NYY,1,0.6794871794871795,"Sunday, Jul 16"
2023,COL,HOU,1,0.6122448979591837,"Tuesday, Jul 18"
2023,COL,HOU,0,0.5497076023391813,"Wednesday, Jul 19"
2023,COL,OAK,0,0.4390243902439024,"Friday, Jul 28"
2023,COL,OAK,0,0.5647058823529411,"Saturday, Jul 29"
2023,COL,OAK,1,0.6794871794871795,"Sunday, Jul 30"
2023,COL,SDP,1,0.391304347826087,"Monday, Jul 31"
2023,COL,SDP,0,0.32710280373831774,"Tuesday, Aug 1"
2023,COL,SDP,0,0.171875,"Wednesday, Aug 2"
2023,COL,ARI,1,0.5497076023391813,"Monday, Aug 14"
2023,COL,ARI,0,0.4390243902439024,"Tuesday, Aug 15"
2023,COL,ARI,0,0.4751131221719457,"Wednesday, Aug 16"
2023,COL,CHW,1,0.5497076023391813,"Friday, Aug 18"
2023,COL,CHW,1,0.4751131221719457,"Saturday, Aug 19"
2023,COL,CHW,0,0.6352941176470588,"Sunday, Aug 20"
2023,COL,ATL,0,0.01,"Monday, Aug 28"
2023,COL,ATL,0,0.01,"Tuesday, Aug 29"
2023,COL,ATL,0,0.01,"Wednesday, Aug 30"
2023,COL,TOR,0,0.6122448979591837,"Friday, Sep 1"
2023,COL,TOR,1,0.7619047619047619,"Saturday, Sep 2"
2023,COL,TOR,0,0.4751131221719457,"Sunday, Sep 3"
2023,COL,CHC,0,0.171875,"Monday, Sep 11"
2023,COL,CHC,1,0.6794871794871795,"Tuesday, Sep 12"
2023,COL,CHC,1,0.6352941176470588,"Wednesday, Sep 13"
2023,COL,SFG,1,0.5647058823529411,"Friday, Sep 15"
2023,COL,SFG,1,0.6794871794871795,"Saturday, Sep 16 (1)"
2023,COL,SFG,1,0.5497076023391813,"Saturday, Sep 16 (2)"
2023,COL,SFG,0,0.171875,"Sunday, Sep 17"
2023,COL,LAD,1,0.696969696969697,"Tuesday, Sep 26 (1)"
2023,COL,LAD,0,0.06666666666666667,"Tuesday, Sep 26 (2)"
2023,COL,LAD,0,0.01,"Wednesday, Sep 27"
2023,COL,LAD,1,0.696969696969697,"Thursday, Sep 28"
2023,COL,MIN,0,0.32710280373831774,"Friday, Sep 29"
2023,COL,MIN,0,0.171875,"Saturday, Sep 30"
2023,COL,MIN,1,0.32710280373831774,"Sunday, Oct 1"
2023,DET,BOS,0,0.4751131221719457,"Thursday, Apr 6"
2023,DET,BOS,0,0.4390243902439024,"Saturday, Apr 8"
2023,DET,BOS,0,0.6352941176470588,"Sunday, Apr 9"
2023,DET,SFG,1,0.5647058823529411,"Friday, Apr 14"
2023,DET,SFG,1,0.4390243902439024,"Saturday, Apr 15"
2023,DET,CLE,1,0.391304347826087,"Tuesday, Apr 18 (1)"
2023,DET,CLE,1,0.5497076023391813,"Tuesday, Apr 18 (2)"
2023,DET,CLE,0,0.171875,"Wednesday, Apr 19"
2023,DET,BAL,0,0.171875,"Thursday, Apr 27"
2023,DET,BAL,1,0.5497076023391813,"Saturday, Apr 29 (1)"
2023,DET,BAL,0,0.32710280373831774,"Saturday, Apr 29 (2)"
2023,DET,BAL,0,0.171875,"Sunday, Apr 30"
2023,DET,NYM,1,0.696969696969697,"Wednesday, May 3 (1)"
2023,DET,NYM,1,0.696969696969697,"Wednesday, May 3 (2)"
2023,DET,NYM,1,0.6352941176470588,"Thursday, May 4"
2023,DET,SEA,0,0.32710280373831774,"Friday, May 12"
2023,DET,SEA,0,0.32710280373831774,"Saturday, May 13"
2023,DET,SEA,1,0.4751131221719457,"Sunday, May 14"
2023,DET,PIT,1,0.5497076023391813,"Tuesday, May 16"
2023,DET,PIT,0,0.5497076023391813,"Wednesday, May 17"
2023,DET,CHW,1,0.4751131221719457,"Thursday, May 25"
2023,DET,CHW,0,0.4390243902439024,"Friday, May 26"
2023,DET,CHW,1,0.4751131221719457,"Saturday, May 27"
2023,DET,CHW,1,0.4751131221719457,"Sunday, May 28"
2023,DET,TEX,0,0.01,"Monday, May 29"
2023,DET,TEX,0,0.01,"Tuesday, May 30"
2023,DET,TEX,1,0.32710280373831774,"Wednesday, May 31"
2023,DET,ARI,0,0.171875,"Friday, Jun 9"
2023,DET,ARI,0,0.32710280373831774,"Saturday, Jun 10"
2023,DET,ARI,0,0.5497076023391813,"Sunday, Jun 11"
2023,DET,ATL,1,0.4751131221719457,"Monday, Jun 12"
2023,DET,ATL,0,0.01,"Wednesday, Jun 14 (1)"
2023,DET,ATL,0,0.4390243902439024,"Wednesday, Jun 14 (2)"
2023,DET,KCR,1,0.696969696969697,"Monday, Jun 19"
2023,DET,KCR,0,0.5497076023391813,"Tuesday, Jun 20"
2023,DET,KCR,1,0.6794871794871795,"Wednesday, Jun 21"
2023,DET,MIN,0,0.4390243902439024,"Friday, Jun 23"
2023,DET,MIN,1,0.5497076023391813,"Saturday, Jun 24"
2023,DET,MIN,0,0.4751131221719457,"Sunday, Jun 25"
2023,DET,OAK,0,0.4751131221719457,"Tuesday, Jul 4"
2023,DET,OAK,0,0.32710280373831774,"Wednesday, Jul 5"
2023,DET,OAK,1,0.4444444444444444,"Thursday, Jul 6"
2023,DET,TOR,0,0.5497076023391813,"Friday, Jul 7"
2023,DET,TOR,1,0.696969696969697,"Saturday, Jul 8"
2023,DET,TOR,0,0.5647058823529411,"Sunday, Jul 9"
2023,DET,SDP,0,0.4390243902439024,"Friday, Jul 21"
2023,DET,SDP,0,0.5497076023391813,"Saturday, Jul 22"
2023,DET,SDP,1,0.6794871794871795,"Sunday, Jul 23"
2023,DET,SFG,1,0.5497076023391813,"Monday, Jul 24"
2023,DET,LAA,0,0.5497076023391813,"Tuesday, Jul 25"
2023,DET,LAA,0,0.32710280373831774,"Thursday, Jul 27 (1)"
2023,DET,LAA,0,0.4390243902439024,"Thursday, Jul 27 (2)"
2023,DET,TBR,0,0.4390243902439024,"Friday, Aug 4"
2023,DET,TBR,1,0.6122448979591837,"Saturday, Aug 5"
2023,DET,TBR,0,0.06666666666666667,"Sunday, Aug 6"
2023,DET,MIN,0,0.171875,"Monday, Aug 7"
2023,DET,MIN,1,0.4751131221719457,"Tuesday, Aug 8"
2023,DET,MIN,1,0.4751131221719457,"Wednesday, Aug 9"
2023,DET,MIN,1,0.4751131221719457,"Thursday, Aug 10"
2023,DET,CHC,0,0.32710280373831774,"Monday, Aug 21"
2023,DET,CHC,1,0.4751131221719457,"Tuesday, Aug 22"
2023,DET,CHC,0,0.32710280373831774,"Wednesday, Aug 23"
2023,DET,HOU,1,0.5647058823529411,"Friday, Aug 25"
2023,DET,HOU,0,0.6352941176470588,"Saturday, Aug 26"
2023,DET,HOU,0,0.171875,"Sunday, Aug 27"
2023,DET,NYY,0,0.4751131221719457,"Monday, Aug 28"
2023,DET,NYY,0,0.5647058823529411,"Tuesday, Aug 29"
2023,DET,NYY,0,0.32710280373831774,"Wednesday, Aug 30"
2023,DET,NYY,1,0.6122448979591837,"Thursday, Aug 31"
2023,DET,CHW,0,0.5497076023391813,"Friday, Sep 8"
2023,DET,CHW,1,0.6794871794871795,"Saturday, Sep 9"
2023,DET,CHW,1,0.5497076023391813,"Sunday, Sep 10"
2023,DET,CIN,0,0.5497076023391813,"Tuesday, Sep 12"
2023,DET,CIN,0,0.5647058823529411,"Wednesday, Sep 13"
2023,DET,CIN,1,0.5497076023391813,"Thursday, Sep 14"
2023,DET,KCR,1,0.5647058823529411,"Tuesday, Sep 26"
2023,DET,KCR,1,0.6122448979591837,"Wednesday, Sep 27"
2023,DET,KCR,1,0.4390243902439024,"Thursday, Sep 28"
2023,DET,CLE,0,0.4751131221719457,"Friday, Sep 29"
2023,DET,CLE,1,0.5497076023391813,"Saturday, Sep 30"
2023,DET,CLE,1,0.4751131221719457,"Sunday, Oct 1"
2023,HOU,CHW,0,0.7619047619047619,"Thursday, Mar 30"
2023,HOU,CHW,1,0.696969696969697,"Friday, Mar 31"
2023,HOU,CHW,1,0.4751131221719457,"Saturday, Apr 1"
2023,HOU,CHW,0,0.4751131221719457,"Sunday, Apr 2"
2023,HOU,DET,0,0.5497076023391813,"Monday, Apr 3"
2023,HOU,DET,0,0.4751131221719457,"Tuesday, Apr 4"
2023,HOU,DET,1,0.696969696969697,"Wednesday, Apr 5"
2023,HOU,TEX,0,0.5497076023391813,"Friday, Apr 14"
2023,HOU,TEX,1,0.5497076023391813,"Saturday, Apr 15"
2023,HOU,TEX,0,0.4751131221719457,"Sunday, Apr 16"
2023,HOU,TOR,1,0.5647058823529411,"Monday, Apr 17"
2023,HOU,TOR,0,0.5497076023391813,"Tuesday, Apr 18"
2023,HOU,TOR,1,0.6122448979591837,"Wednesday, Apr 19"
2023,HOU,PHI,0,0.391304347826087,"Friday, Apr 28"
2023,HOU,PHI,0,0.5497076023391813,"Saturday, Apr 29"
2023,HOU,PHI,1,0.5497076023391813,"Sunday, Apr 30"
2023,HOU,SFG,1,0.6794871794871795,"Monday, May 1"
2023,HOU,SFG,0,0.5647058823529411,"Tuesday, May 2"
2023,HOU,SFG,0,0.4390243902439024,"Wednesday, May 3"
2023,HOU,CHC,1,0.6794871794871795,"Monday, May 15"
2023,HOU,CHC,1,0.5497076023391813,"Tuesday, May 16"
2023,HOU,CHC,1,0.8923076923076924,"Wednesday, May 17"
2023,HOU,OAK,1,0.696969696969697,"Friday, May 19"
2023,HOU,OAK,1,0.7619047619047619,"Saturday, May 20"
2023,HOU,OAK,1,0.99,"Sunday, May 21"
2023,HOU,MIN,0,0.4751131221719457,"Monday, May 29"
2023,HOU,MIN,1,0.4751131221719457,"Tuesday, May 30"
2023,HOU,MIN,0,0.4751131221719457,"Wednesday, May 31"
2023,HOU,LAA,1,0.6794871794871795,"Thursday, Jun 1"
2023,HOU,LAA,1,0.5497076023391813,"Friday, Jun 2"
2023,HOU,LAA,1,0.8923076923076924,"Saturday, Jun 3"
2023,HOU,LAA,0,0.696969696969697,"Sunday, Jun 4"
2023,HOU,WSN,1,0.9759149851454593,"Tuesday, Jun 13"
2023,HOU,WSN,1,0.6794871794871795,"Wednesday, Jun 14"
2023,HOU,WSN,0,0.5497076023391813,"Thursday, Jun 15"
2023,HOU,CIN,0,0.5497076023391813,"Friday, Jun 16"
2023,HOU,CIN,0,0.4390243902439024,"Saturday, Jun 17"
2023,HOU,CIN,0,0.5497076023391813,"Sunday, Jun 18"
2023,HOU,NYM,0,0.696969696969697,"Monday, Jun 19"
2023,HOU,NYM,1,0.6352941176470588,"Tuesday, Jun 20"
2023,HOU,NYM,1,0.8923076923076924,"Wednesday, Jun 21"
2023,HOU,COL,1,0.8125,"Tuesday, Jul 4"
2023,HOU,COL,1,0.4444444444444444,"Wednesday, Jul 5"
2023,HOU,SEA,0,0.4751131221719457,"Thursday, Jul 6"
2023,HOU,SEA,0,0.4751131221719457,"Friday, Jul 7"
2023,HOU,SEA,1,0.5497076023391813,"Saturday, Jul 8"
2023,HOU,SEA,0,0.6122448979591837,"Sunday, Jul 9"
2023,HOU,TEX,1,0.5497076023391813,"Monday, Jul 24"
2023,HOU,TEX,1,0.5647058823529411,"Tuesday, Jul 25"
2023,HOU,TEX,0,0.6352941176470588,"Wednesday, Jul 26"
2023,HOU,TBR,0,0.5647058823529411,"Friday, Jul 28"
2023,HOU,TBR,1,0.6122448979591837,"Saturday, Jul 29"
2023,HOU,TBR,0,0.6794871794871795,"Sunday, Jul 30"
2023,HOU,CLE,1,0.4751131221719457,"Monday, Jul 31"
2023,HOU,CLE,1,0.6122448979591837,"Tuesday, Aug 1"
2023,HOU,CLE,1,0.5647058823529411,"Wednesday, Aug 2"
2023,HOU,LAA,1,0.696969696969697,"Friday, Aug 11"
2023,HOU,LAA,1,0.696969696969697,"Saturday, Aug 12"
2023,HOU,LAA,0,0.5647058823529411,"Sunday, Aug 13"
2023,HOU,SEA,0,0.4751131221719457,"Friday, Aug 18"
2023,HOU,SEA,0,0.4390243902439024,"Saturday, Aug 19"
2023,HOU,SEA,0,0.32710280373831774,"Sunday, Aug 20"
2023,HOU,BOS,1,0.5497076023391813,"Monday, Aug 21"
2023,HOU,BOS,1,0.6352941176470588,"Tuesday, Aug 22"
2023,HOU,BOS,0,0.6122448979591837,"Wednesday, Aug 23"
2023,HOU,BOS,0,0.4751131221719457,"Thursday, Aug 24"
2023,HOU,NYY,0,0.32710280373831774,"Friday, Sep 1"
2023,HOU,NYY,0,0.32710280373831774,"Saturday, Sep 2"
2023,HOU,NYY,0,0.4751131221719457,"Sunday, Sep 3"
2023,HOU,SDP,0,0.6352941176470588,"Friday, Sep 8"
2023,HOU,SDP,1,0.5497076023391813,"Saturday, Sep 9"
2023,HOU,SDP,1,0.6794871794871795,"Sunday, Sep 10"
2023,HOU,OAK,0,0.171875,"Monday, Sep 11"
2023,HOU,OAK,0,0.171875,"Tuesday, Sep 12"
2023,HOU,OAK,1,0.5647058823529411,"Wednesday, Sep 13"
2023,HOU,BAL,0,0.391304347826087,"Monday, Sep 18"
2023,HOU,BAL,0,0.32710280373831774,"Tuesday, Sep 19"
2023,HOU,BAL,1,0.5647058823529411,"Wednesday, Sep 20"
2023,HOU,KCR,0,0.4751131221719457,"Friday, Sep 22"
2023,HOU,KCR,0,0.32710280373831774,"Saturday, Sep 23"
2023,HOU,KCR,0,0.32710280373831774,"Sunday, Sep 24"
2023,KCR,MIN,0,0.6794871794871795,"Thursday, Mar 30"
2023,KCR,MIN,0,0.5647058823529411,"Saturday, Apr 1"
2023,KCR,MIN,0,0.171875,"Sunday, Apr 2"
2023,KCR,TOR,1,0.6352941176470588,"Monday, Apr 3"
2023,KCR,TOR,0,0.4751131221719457,"Tuesday, Apr 4"
2023,KCR,TOR,0,0.4390243902439024,"Wednesday, Apr 5"
2023,KCR,TOR,0,0.32710280373831774,"Thursday, Apr 6"
2023,KCR,ATL,0,0.4751131221719457,"Friday, Apr 14"
2023,KCR,ATL,0,0.171875,"Saturday, Apr 15"
2023,KCR,ATL,0,0.5497076023391813,"Sunday, Apr 16"
2023,KCR,TEX,0,0.171875,"Monday, Apr 17"
2023,KCR,TEX,0,0.06666666666666667,"Tuesday, Apr 18"
2023,KCR,TEX,0,0.171875,"Wednesday, Apr 19"
2023,KCR,BAL,0,0.171875,"Tuesday, May 2"
2023,KCR,BAL,1,0.8125,"Wednesday, May 3"
2023,KCR,BAL,0,0.5497076023391813,"Thursday, May 4"
2023,KCR,OAK,0,0.6122448979591837,"Friday, May 5"
2023,KCR,OAK,0,0.6794871794871795,"Saturday, May 6"
2023,KCR,OAK,1,0.5497076023391813,"Sunday, May 7"
2023,KCR,CHW,1,0.6794871794871795,"Monday, May 8"
2023,KCR,CHW,0,0.4751131221719457,"Tuesday, May 9"
2023,KCR,CHW,1,0.5497076023391813,"Wednesday, May 10"
2023,KCR,CHW,1,0.5647058823529411,"Thursday, May 11"
2023,KCR,DET,0,0.5497076023391813,"Monday, May 22"
2023,KCR,DET,1,0.4751131221719457,"Tuesday, May 23"
2023,KCR,DET,0,0.5497076023391813,"Wednesday, May 24"
2023,KCR,WSN,0,0.4390243902439024,"Friday, May 26"
2023,KCR,WSN,0,0.5647058823529411,"Saturday, May 27"
2023,KCR,WSN,1,0.32710280373831774,"Sunday, May 28"
2023,KCR,COL,0,0.391304347826087,"Friday, Jun 2"
2023,KCR,COL,0,0.5647058823529411,"Saturday, Jun 3"
2023,KCR,COL,1,0.5497076023391813,"Sunday, Jun 4"
2023,KCR,CIN,0,0.5497076023391813,"Monday, Jun 12"
2023,KCR,CIN,0,0.32710280373831774,"Tuesday, Jun 13"
2023,KCR,CIN,0,0.4751131221719457,"Wednesday, Jun 14"
2023,KCR,LAA,0,0.6122448979591837,"Friday, Jun 16"
2023,KCR,LAA,1,0.6352941176470588,"Saturday, Jun 17"
2023,KCR,LAA,0,0.171875,"Sunday, Jun 18"
2023,KCR,CLE,0,0.6122448979591837,"Tuesday, Jun 27"
2023,KCR,CLE,0,0.32710280373831774,"Wednesday, Jun 28"
2023,KCR,CLE,1,0.32710280373831774,"Thursday, Jun 29"
2023,KCR,LAD,0,0.171875,"Friday, Jun 30"
2023,KCR,LAD,1,0.7857142857142857,"Saturday, Jul 1"
2023,KCR,LAD,1,0.6794871794871795,"Sunday, Jul 2"
2023,KCR,TBR,0,0.32710280373831774,"Saturday, Jul 15 (1)"
2023,KCR,TBR,0,0.32710280373831774,"Saturday, Jul 15 (2)"
2023,KCR,TBR,1,0.7857142857142857,"Sunday, Jul 16"
2023,KCR,DET,0,0.5497076023391813,"Monday, Jul 17"
2023,KCR,DET,1,0.6352941176470588,"Tuesday, Jul 18"
2023,KCR,DET,0,0.391304347826087,"Wednesday, Jul 19"
2023,KCR,DET,0,0.171875,"Thursday, Jul 20"
2023,KCR,MIN,1,0.5497076023391813,"Friday, Jul 28"
2023,KCR,MIN,1,0.6794871794871795,"Saturday, Jul 29"
2023,KCR,MIN,1,0.6352941176470588,"Sunday, Jul 30"
2023,KCR,NYM,1,0.6352941176470588,"Tuesday, Aug 1"
2023,KCR,NYM,1,0.696969696969697,"Wednesday, Aug 2"
2023,KCR,NYM,1,0.5497076023391813,"Thursday, Aug 3"
2023,KCR,STL,1,0.4390243902439024,"Friday, Aug 11"
2023,KCR,STL,0,0.4751131221719457,"Saturday, Aug 12"
2023,KCR,SEA,1,0.6794871794871795,"Monday, Aug 14"
2023,KCR,SEA,0,0.4751131221719457,"Tuesday, Aug 15"
2023,KCR,SEA,0,0.4390243902439024,"Wednesday, Aug 16"
2023,KCR,SEA,0,0.06666666666666667,"Thursday, Aug 17"
2023,KCR,PIT,0,0.4390243902439024,"Monday, Aug 28"
2023,KCR,PIT,0,0.4390243902439024,"Tuesday, Aug 29"
2023,KCR,PIT,0,0.32710280373831774,"Wednesday, Aug 30"
2023,KCR,BOS,1,0.696969696969697,"Friday, Sep 1"
2023,KCR,BOS,0,0.4751131221719457,"Saturday, Sep 2"
2023,KCR,BOS,0,0.32710280373831774,"Sunday, Sep 3"
2023,KCR,CHW,1,0.5497076023391813,"Monday, Sep 4"
2023,KCR,CHW,1,0.6794871794871795,"Tuesday, Sep 5"
2023,KCR,CHW,0,0.5497076023391813,"Wednesday, Sep 6"
2023,KCR,HOU,1,0.6794871794871795,"Friday, Sep 15"
2023,KCR,HOU,1,0.6794871794871795,"Saturday, Sep 16"
2023,KCR,HOU,0,0.01,"Sunday, Sep 17"
2023,KCR,CLE,1,0.5497076023391813,"Monday, Sep 18"
2023,KCR,CLE,1,0.6352941176470588,"Tuesday, Sep 19"
2023,KCR,CLE,1,0.4390243902439024,"Wednesday, Sep 20"
2023,KCR,NYY,1,0.5497076023391813,"Friday, Sep 29"
2023,KCR,NYY,0,0.4390243902439024,"Saturday, Sep 30"
2023,KCR,NYY,1,0.5647058823529411,"Sunday, Oct 1"
2023,LAA,TOR,0,0.5497076023391813,"Friday, Apr 7"
2023,LAA,TOR,1,0.5647058823529411,"Saturday, Apr 8"
2023,LAA,TOR,0,0.4390243902439024,"Sunday, Apr 9"
2023,LAA,WSN,0,0.5497076023391813,"Monday, Apr 10"
2023,LAA,WSN,1,0.696969696969697,"Tuesday, Apr 11"
2023,LAA,WSN,1,0.5497076023391813,"Wednesday, Apr 12"
2023,LAA,KCR,1,0.8923076923076924,"Friday, Apr 21"
2023,LAA,KCR,0,0.8923076923076924,"Saturday, Apr 22"
2023,LAA,KCR,1,0.8923076923076924,"Sunday, Apr 23"
2023,LAA,OAK,0,0.5497076023391813,"Monday, Apr 24"
2023,LAA,OAK,1,0.6794871794871795,"Tuesday, Apr 25"
2023,LAA,OAK,1,0.5497076023391813,"Wednesday, Apr 26"
2023,LAA,OAK,1,0.9259259259259259,"Thursday, Apr 27"
2023,LAA,TEX,1,0.4751131221719457,"Friday, May 5"
2023,LAA,TEX,0,0.4751131221719457,"Saturday, May 6"
2023,LAA,TEX,0,0.5497076023391813,"Sunday, May 7"
2023,LAA,HOU,1,0.6794871794871795,"Monday, May 8"
2023,LAA,HOU,0,0.5497076023391813,"Tuesday, May 9"
2023,LAA,HOU,0,0.5497076023391813,"Wednesday, May 10"
2023,LAA,MIN,1,0.5497076023391813,"Friday, May 19"
2023,LAA,MIN,0,0.5497076023391813,"Saturday, May 20"
2023,LAA,MIN,1,0.4751131221719457,"Sunday, May 21"
2023,LAA,BOS,1,0.5497076023391813,"Monday, May 22"
2023,LAA,BOS,1,0.5647058823529411,"Tuesday, May 23"
2023,LAA,BOS,1,0.5497076023391813,"Wednesday, May 24"
2023,LAA,MIA,0,0.6794871794871795,"Friday, May 26"
2023,LAA,MIA,0,0.5497076023391813,"Saturday, May 27"
2023,LAA,MIA,0,0.5497076023391813,"Sunday, May 28"
2023,LAA,CHC,1,0.696969696969697,"Tuesday, Jun 6"
2023,LAA,CHC,1,0.6794871794871795,"Wednesday, Jun 7"
2023,LAA,CHC,1,0.5647058823529411,"Thursday, Jun 8"
2023,LAA,SEA,1,0.4751131221719457,"Friday, Jun 9"
2023,LAA,SEA,0,0.6666666666666666,"Saturday, Jun 10"
2023,LAA,SEA,1,0.5497076023391813,"Sunday, Jun 11"
2023,LAA,LAD,0,0.4390243902439024,"Tuesday, Jun 20"
2023,LAA,LAD,0,0.5497076023391813,"Wednesday, Jun 21"
2023,LAA,CHW,1,0.5497076023391813,"Monday, Jun 26"
2023,LAA,CHW,1,0.7857142857142857,"Tuesday, Jun 27"
2023,LAA,CHW,0,0.6352941176470588,"Wednesday, Jun 28"
2023,LAA,CHW,0,0.5497076023391813,"Thursday, Jun 29"
2023,LAA,ARI,0,0.4751131221719457,"Friday, Jun 30"
2023,LAA,ARI,0,0.32710280373831774,"Saturday, Jul 1"
2023,LAA,ARI,1,0.6352941176470588,"Sunday, Jul 2"
2023,LAA,HOU,0,0.6794871794871795,"Friday, Jul 14"
2023,LAA,HOU,1,0.5647058823529411,"Saturday, Jul 15"
2023,LAA,HOU,0,0.5497076023391813,"Sunday, Jul 16"
2023,LAA,NYY,1,0.6794871794871795,"Monday, Jul 17"
2023,LAA,NYY,1,0.6794871794871795,"Tuesday, Jul 18"
2023,LAA,NYY,1,0.696969696969697,"Wednesday, Jul 19"
2023,LAA,PIT,1,0.8923076923076924,"Friday, Jul 21"
2023,LAA,PIT,0,0.6794871794871795,"Saturday, Jul 22"
2023,LAA,PIT,1,0.6352941176470588,"Sunday, Jul 23"
2023,LAA,SEA,0,0.4751131221719457,"Thursday, Aug 3"
2023,LAA,SEA,0,0.4390243902439024,"Friday, Aug 4"
2023,LAA,SEA,0,0.32710280373831774,"Saturday, Aug 5"
2023,LAA,SEA,0,0.171875,"Sunday, Aug 6"
2023,LAA,SFG,0,0.4751131221719457,"Monday, Aug 7"
2023,LAA,SFG,1,0.5647058823529411,"Tuesday, Aug 8"
2023,LAA,SFG,1,0.5497076023391813,"Wednesday, Aug 9"
2023,LAA,TBR,0,0.6794871794871795,"Friday, Aug 18"
2023,LAA,TBR,1,0.6352941176470588,"Saturday, Aug 19 (1)"
2023,LAA,TBR,0,0.32710280373831774,"Saturday, Aug 19 (2)"
2023,LAA,CIN,0,0.5497076023391813,"Tuesday, Aug 22"
2023,LAA,CIN,0,0.5497076023391813,"Wednesday, Aug 23 (1)"
2023,LAA,CIN,0,0.4390243902439024,"Wednesday, Aug 23 (2)"
2023,LAA,BAL,0,0.171875,"Monday, Sep 4"
2023,LAA,BAL,0,0.32710280373831774,"Tuesday, Sep 5"
2023,LAA,BAL,0,0.01,"Wednesday, Sep 6"
2023,LAA,CLE,1,0.5497076023391813,"Thursday, Sep 7"
2023,LAA,CLE,0,0.6794871794871795,"Friday, Sep 8"
2023,LAA,CLE,1,0.4751131221719457,"Saturday, Sep 9"
2023,LAA,CLE,1,0.6794871794871795,"Sunday, Sep 10"
2023,LAA,DET,0,0.4751131221719457,"Friday, Sep 15"
2023,LAA,DET,0,0.32710280373831774,"Saturday, Sep 16"
2023,LAA,DET,0,0.32710280373831774,"Sunday, Sep 17"
2023,LAA,TEX,0,0.5497076023391813,"Monday, Sep 25"
2023,LAA,TEX,1,0.4751131221719457,"Tuesday, Sep 26"
2023,LAA,TEX,0,0.4390243902439024,"Wednesday, Sep 27"
2023,LAA,OAK,1,0.6122448979591837,"Friday, Sep 29"
2023,LAA,OAK,0,0.696969696969697,"Saturday, Sep 30"
2023,LAA,OAK,1,0.5497076023391813,"Sunday, Oct 1"
2023,LAD,ARI,1,0.8125,"Thursday, Mar 30"
2023,LAD,ARI,0,0.4751131221719457,"Friday, Mar 31"
2023,LAD,ARI,1,0.696969696969697,"Saturday, Apr 1"
2023,LAD,ARI,0,0.5497076023391813,"Sunday, Apr 2"
2023,LAD,COL,1,0.696969696969697,"Monday, Apr 3"
2023,LAD,COL,1,0.8923076923076924,"Tuesday, Apr 4"
2023,LAD,CHC,0,0.5497076023391813,"Friday, Apr 14"
2023,LAD,CHC,1,0.5497076023391813,"Saturday, Apr 15"
2023,LAD,CHC,0,0.4751131221719457,"Sunday, Apr 16"
2023,LAD,NYM,0,0.5497076023391813,"Monday, Apr 17"
2023,LAD,NYM,1,0.5497076023391813,"Tuesday, Apr 18"
2023,LAD,NYM,0,0.5497076023391813,"Wednesday, Apr 19"
2023,LAD,STL,1,0.6794871794871795,"Friday, Apr 28"
2023,LAD,STL,1,0.8923076923076924,"Saturday, Apr 29"
2023,LAD,STL,1,0.4751131221719457,"Sunday, Apr 30"
2023,LAD,PHI,1,0.4751131221719457,"Monday, May 1"
2023,LAD,PHI,1,0.6794871794871795,"Tuesday, May 2"
2023,LAD,PHI,1,0.4751131221719457,"Wednesday, May 3"
2023,LAD,SDP,1,0.696969696969697,"Friday, May 12"
2023,LAD,SDP,1,0.8125,"Saturday, May 13"
2023,LAD,SDP,1,0.8923076923076924,"Sunday, May 14"
2023,LAD,MIN,1,0.5497076023391813,"Monday, May 15"
2023,LAD,MIN,0,0.4390243902439024,"Tuesday, May 16"
2023,LAD,MIN,1,0.4751131221719457,"Wednesday, May 17"
2023,LAD,WSN,1,0.6447478311961687,"Monday, May 29"
2023,LAD,WSN,1,0.9,"Tuesday, May 30"
2023,LAD,WSN,0,0.4751131221719457,"Wednesday, May 31"
2023,LAD,NYY,1,0.6352941176470588,"Friday, Jun 2"
2023,LAD,NYY,0,0.5497076023391813,"Saturday, Jun 3"
2023,LAD,NYY,0,0.6794871794871795,"Sunday, Jun 4"
2023,LAD,CHW,1,0.7619047619047619,"Tuesday, Jun 13"
2023,LAD,CHW,0,0.4751131221719457,"Wednesday, Jun 14"
2023,LAD,CHW,1,0.8125,"Thursday, Jun 15"
2023,LAD,SFG,0,0.32710280373831774,"Friday, Jun 16"
2023,LAD,SFG,0,0.4390243902439024,"Saturday, Jun 17"
2023,LAD,SFG,0,0.171875,"Sunday, Jun 18"
2023,LAD,HOU,1,0.696969696969697,"Friday, Jun 23"
2023,LAD,HOU,1,0.6794871794871795,"Saturday, Jun 24"
2023,LAD,HOU,0,0.6794871794871795,"Sunday, Jun 25"
2023,LAD,PIT,1,0.6794871794871795,"Monday, Jul 3"
2023,LAD,PIT,0,0.6794871794871795,"Tuesday, Jul 4"
2023,LAD,PIT,1,0.8923076923076924,"Wednesday, Jul 5"
2023,LAD,PIT,1,0.8923076923076924,"Thursday, Jul 6"
2023,LAD,LAA,1,0.696969696969697,"Friday, Jul 7"
2023,LAD,LAA,1,0.696969696969697,"Saturday, Jul 8"
2023,LAD,TOR,0,0.6794871794871795,"Monday, Jul 24"
2023,LAD,TOR,1,0.7619047619047619,"Tuesday, Jul 25"
2023,LAD,TOR,0,0.5497076023391813,"Wednesday, Jul 26"
2023,LAD,CIN,0,0.32710280373831774,"Friday, Jul 28"
2023,LAD,CIN,1,0.6794871794871795,"Saturday, Jul 29"
2023,LAD,CIN,0,0.391304347826087,"Sunday, Jul 30"
2023,LAD,OAK,1,0.9259259259259259,"Tuesday, Aug 1"
2023,LAD,OAK,1,0.9259259259259259,"Wednesday, Aug 2"
2023,LAD,OAK,1,0.9,"Thursday, Aug 3"
2023,LAD,COL,1,0.32710280373831774,"Thursday, Aug 10"
2023,LAD,COL,1,0.6352941176470588,"Friday, Aug 11"
2023,LAD,COL,1,0.8923076923076924,"Saturday, Aug 12"
2023,LAD,COL,1,0.9259259259259259,"Sunday, Aug 13"
2023,LAD,MIL,1,0.6794871794871795,"Tuesday, Aug 15"
2023,LAD,MIL,1,0.5647058823529411,"Wednesday, Aug 16"
2023,LAD,MIL,1,0.5647058823529411,"Thursday, Aug 17"
2023,LAD,MIA,0,0.32710280373831774,"Friday, Aug 18"
2023,LAD,MIA,1,0.4444444444444444,"Saturday, Aug 19 (1)"
2023,LAD,MIA,1,0.8923076923076924,"Saturday, Aug 19 (2)"
2023,LAD,ARI,1,0.4751131221719457,"Monday, Aug 28"
2023,LAD,ARI,1,0.7619047619047619,"Tuesday, Aug 29"
2023,LAD,ARI,1,0.8923076923076924,"Wednesday, Aug 30"
2023,LAD,ATL,0,0.5497076023391813,"Thursday, Aug 31"
2023,LAD,ATL,0,0.5647058823529411,"Friday, Sep 1"
2023,LAD,ATL,0,0.4751131221719457,"Saturday, Sep 2"
2023,LAD,ATL,1,0.4751131221719457,"Sunday, Sep 3"
2023,LAD,SDP,0,0.5647058823529411,"Monday, Sep 11"
2023,LAD,SDP,1,0.4390243902439024,"Tuesday, Sep 12"
2023,LAD,SDP,0,0.7619047619047619,"Wednesday, Sep 13"
2023,LAD,DET,1,0.5497076023391813,"Monday, Sep 18"
2023,LAD,DET,1,0.4751131221719457,"Tuesday, Sep 19"
2023,LAD,DET,0,0.32710280373831774,"Wednesday, Sep 20"
2023,LAD,SFG,1,0.6794871794871795,"Thursday, Sep 21"
2023,LAD,SFG,0,0.696969696969697,"Friday, Sep 22"
2023,LAD,SFG,1,0.9259259259259259,"Saturday, Sep 23"
2023,LAD,SFG,1,0.7619047619047619,"Sunday, Sep 24"
2023,MIA,NYM,0,0.4751131221719457,"Thursday, Mar 30"
2023,MIA,NYM,1,0.6794871794871795,"Friday, Mar 31"
2023,MIA,NYM,0,0.4390243902439024,"Saturday, Apr 1"
2023,MIA,NYM,0,0.32710280373831774,"Sunday, Apr 2"
2023,MIA,MIN,0,0.171875,"Monday, Apr 3"
2023,MIA,MIN,1,0.32710280373831774,"Tuesday, Apr 4"
2023,MIA,MIN,1,0.5497076023391813,"Wednesday, Apr 5"
2023,MIA,ARI,1,0.32710280373831774,"Friday, Apr 14"
2023,MIA,ARI,1,0.391304347826087,"Saturday, Apr 15"
2023,MIA,ARI,0,0.32710280373831774,"Sunday, Apr 16"
2023,MIA,SFG,1,0.696969696969697,"Monday, Apr 17"
2023,MIA,SFG,1,0.5647058823529411,"Tuesday, Apr 18"
2023,MIA,SFG,0,0.5647058823529411,"Wednesday, Apr 19"
2023,MIA,CHC,1,0.32710280373831774,"Friday, Apr 28"
2023,MIA,CHC,1,0.5497076023391813,"Saturday, Apr 29"
2023,MIA,CHC,1,0.32710280373831774,"Sunday, Apr 30"
2023,MIA,ATL,0,0.4751131221719457,"Tuesday, May 2"
2023,MIA,ATL,0,0.32710280373831774,"Wednesday, May 3"
2023,MIA,ATL,0,0.5497076023391813,"Thursday, May 4"
2023,MIA,CIN,0,0.5497076023391813,"Friday, May 12"
2023,MIA,CIN,0,0.5497076023391813,"Saturday, May 13"
2023,MIA,CIN,1,0.5497076023391813,"Sunday, May 14"
2023,MIA,WSN,1,0.5497076023391813,"Tuesday, May 16"
2023,MIA,WSN,1,0.5497076023391813,"Wednesday, May 17"
2023,MIA,WSN,1,0.5497076023391813,"Thursday, May 18"
2023,MIA,SDP,0,0.4751131221719457,"Tuesday, May 30"
2023,MIA,SDP,1,0.4751131221719457,"Wednesday, May 31"
2023,MIA,SDP,0,0.4390243902439024,"Thursday, Jun 1"
2023,MIA,OAK,1,0.696969696969697,"Friday, Jun 2"
2023,MIA,OAK,1,0.696969696969697,"Saturday, Jun 3"
2023,MIA,OAK,1,0.6794871794871795,"Sunday, Jun 4"
2023,MIA,KCR,1,0.5497076023391813,"Monday, Jun 5"
2023,MIA,KCR,1,0.8923076923076924,"Tuesday, Jun 6"
2023,MIA,KCR,1,0.8923076923076924,"Wednesday, Jun 7"
2023,MIA,TOR,1,0.4842817380926583,"Monday, Jun 19"
2023,MIA,TOR,0,0.4751131221719457,"Tuesday, Jun 20"
2023,MIA,TOR,0,0.4751131221719457,"Wednesday, Jun 21"
2023,MIA,PIT,1,0.8923076923076924,"Thursday, Jun 22"
2023,MIA,PIT,0,0.4751131221719457,"Friday, Jun 23"
2023,MIA,PIT,1,0.7619047619047619,"Saturday, Jun 24"
2023,MIA,PIT,1,0.8125,"Sunday, Jun 25"
2023,MIA,STL,1,0.696969696969697,"Monday, Jul 3"
2023,MIA,STL,1,0.696969696969697,"Tuesday, Jul 4"
2023,MIA,STL,1,0.6794871794871795,"Wednesday, Jul 5"
2023,MIA,STL,0,0.6122448979591837,"Thursday, Jul 6"
2023,MIA,PHI,0,0.4751131221719457,"Friday, Jul 7"
2023,MIA,PHI,1,0.5497076023391813,"Saturday, Jul 8"
2023,MIA,PHI,1,0.5497076023391813,"Sunday, Jul 9"
2023,MIA,COL,0,0.4390243902439024,"Friday, Jul 21"
2023,MIA,COL,0,0.4751131221719457,"Saturday, Jul 22"
2023,MIA,COL,1,0.6794871794871795,"Sunday, Jul 23"
2023,MIA,DET,1,0.6794871794871795,"Friday, Jul 28"
2023,MIA,DET,0,0.5497076023391813,"Saturday, Jul 29"
2023,MIA,DET,1,0.6794871794871795,"Sunday, Jul 30"
2023,MIA,PHI,0,0.32710280373831774,"Monday, Jul 31"
2023,MIA,PHI,0,0.5497076023391813,"Tuesday, Aug 1"
2023,MIA,PHI,1,0.5497076023391813,"Wednesday, Aug 2"
2023,MIA,PHI,0,0.32710280373831774,"Thursday, Aug 3"
2023,MIA,NYY,0,0.6122448979591837,"Friday, Aug 11"
2023,MIA,NYY,1,0.5647058823529411,"Saturday, Aug 12"
2023,MIA,NYY,1,0.6352941176470588,"Sunday, Aug 13"
2023,MIA,HOU,1,0.6352941176470588,"Monday, Aug 14"
2023,MIA,HOU,0,0.6122448979591837,"Tuesday, Aug 15"
2023,MIA,HOU,0,0.32710280373831774,"Wednesday, Aug 16"
2023,MIA,WSN,0,0.4390243902439024,"Friday, Aug 25"
2023,MIA,WSN,0,0.4751131221719457,"Saturday, Aug 26"
2023,MIA,WSN,1,0.4390243902439024,"Sunday, Aug 27"
2023,MIA,TBR,0,0.171875,"Tuesday, Aug 29"
2023,MIA,TBR,0,0.32710280373831774,"Wednesday, Aug 30"
2023,MIA,LAD,1,0.5497076023391813,"Tuesday, Sep 5"
2023,MIA,LAD,1,0.6352941176470588,"Wednesday, Sep 6"
2023,MIA,LAD,0,0.4751131221719457,"Thursday, Sep 7"
2023,MIA,ATL,1,0.5497076023391813,"Friday, Sep 15"
2023,MIA,ATL,1,0.5497076023391813,"Saturday, Sep 16"
2023,MIA,ATL,1,0.6794871794871795,"Sunday, Sep 17"
2023,MIA,NYM,0,0.4751131221719457,"Monday, Sep 18"
2023,MIA,NYM,1,0.5497076023391813,"Tuesday, Sep 19"
2023,MIA,NYM,0,0.4751131221719457,"Wednesday, Sep 20"
2023,MIA,MIL,0,0.32710280373831774,"Friday, Sep 22"
2023,MIA,MIL,1,0.32710280373831774,"Saturday, Sep 23"
2023,MIA,MIL,1,0.5497076023391813,"Sunday, Sep 24"
2023,MIL,NYM,1,0.4390243902439024,"Monday, Apr 3"
2023,MIL,NYM,1,0.4751131221719457,"Tuesday, Apr 4"
2023,MIL,NYM,1,0.4751131221719457,"Wednesday, Apr 5"
2023,MIL,STL,1,0.6794871794871795,"Friday, Apr 7"
2023,MIL,STL,0,0.696969696969697,"Saturday, Apr 8"
2023,MIL,STL,1,0.696969696969697,"Sunday, Apr 9"
2023,MIL,BOS,0,0.4390243902439024,"Friday, Apr 21"
2023,MIL,BOS,1,0.5497076023391813,"Saturday, Apr 22"
2023,MIL,BOS,0,0.5497076023391813,"Sunday, Apr 23"
2023,MIL,DET,0,0.32710280373831774,"Monday, Apr 24"
2023,MIL,DET,0,0.4390243902439024,"Tuesday, Apr 25"
2023,MIL,DET,1,0.696969696969697,"Wednesday, Apr 26"
2023,MIL,LAA,1,0.696969696969697,"Friday, Apr 28"
2023,MIL,LAA,1,0.5647058823529411,"Saturday, Apr 29"
2023,MIL,LAA,0,0.6122448979591837,"Sunday, Apr 30"
2023,MIL,LAD,1,0.4390243902439024,"Monday, May 8"
2023,MIL,LAD,0,0.4390243902439024,"Tuesday, May 9"
2023,MIL,LAD,0,0.4390243902439024,"Wednesday, May 10"
2023,MIL,KCR,1,0.8923076923076924,"Friday, May 12"
2023,MIL,KCR,1,0.696969696969697,"Saturday, May 13"
2023,MIL,KCR,1,0.6122448979591837,"Sunday, May 14"
2023,MIL,HOU,0,0.5497076023391813,"Monday, May 22"
2023,MIL,HOU,1,0.4390243902439024,"Tuesday, May 23"
2023,MIL,HOU,1,0.4390243902439024,"Wednesday, May 24"
2023,MIL,SFG,0,0.5497076023391813,"Thursday, May 25"
2023,MIL,SFG,0,0.4390243902439024,"Friday, May 26"
2023,MIL,SFG,0,0.171875,"Saturday, May 27"
2023,MIL,SFG,1,0.4751131221719457,"Sunday, May 28"
2023,MIL,BAL,1,0.5647058823529411,"Tuesday, Jun 6"
2023,MIL,BAL,1,0.5497076023391813,"Wednesday, Jun 7"
2023,MIL,BAL,0,0.5497076023391813,"Thursday, Jun 8"
2023,MIL,OAK,0,0.32710280373831774,"Friday, Jun 9"
2023,MIL,OAK,0,0.32710280373831774,"Saturday, Jun 10"
2023,MIL,OAK,0,0.32710280373831774,"Sunday, Jun 11"
2023,MIL,PIT,1,0.6794871794871795,"Friday, Jun 16"
2023,MIL,PIT,1,0.7619047619047619,"Saturday, Jun 17"
2023,MIL,PIT,1,0.7619047619047619,"Sunday, Jun 18"
2023,MIL,ARI,0,0.4751131221719457,"Monday, Jun 19"
2023,MIL,ARI,1,0.5497076023391813,"Tuesday, Jun 20"
2023,MIL,ARI,0,0.171875,"Wednesday, Jun 21"
2023,MIL,CHC,1,0.5647058823529411,"Monday, Jul 3"
2023,MIL,CHC,0,0.5497076023391813,"Tuesday, Jul 4"
2023,MIL,CHC,0,0.5497076023391813,"Wednesday, Jul 5"
2023,MIL,CHC,1,0.4751131221719457,"Thursday, Jul 6"
2023,MIL,CIN,1,0.391304347826087,"Friday, Jul 7"
2023,MIL,CIN,0,0.4751131221719457,"Saturday, Jul 8"
2023,MIL,CIN,1,0.32710280373831774,"Sunday, Jul 9"
2023,MIL,ATL,0,0.6352941176470588,"Friday, Jul 21"
2023,MIL,ATL,1,0.4751131221719457,"Saturday, Jul 22"
2023,MIL,ATL,0,0.5497076023391813,"Sunday, Jul 23"
2023,MIL,CIN,1,0.32710280373831774,"Monday, Jul 24"
2023,MIL,CIN,0,0.4390243902439024,"Tuesday, Jul 25"
2023,MIL,CIN,1,0.4390243902439024,"Wednesday, Jul 26"
2023,MIL,PIT,1,0.5647058823529411,"Thursday, Aug 3"
2023,MIL,PIT,0,0.5497076023391813,"Friday, Aug 4"
2023,MIL,PIT,1,0.4751131221719457,"Saturday, Aug 5"
2023,MIL,PIT,0,0.32710280373831774,"Sunday, Aug 6"
2023,MIL,COL,1,0.696969696969697,"Monday, Aug 7"
2023,MIL,COL,0,0.6794871794871795,"Tuesday, Aug 8"
2023,MIL,COL,1,0.6794871794871795,"Wednesday, Aug 9"
2023,MIL,MIN,1,0.5497076023391813,"Tuesday, Aug 22"
2023,MIL,MIN,1,0.5497076023391813,"Wednesday, Aug 23"
2023,MIL,SDP,1,0.5497076023391813,"Friday, Aug 25"
2023,MIL,SDP,1,0.5647058823529411,"Saturday, Aug 26"
2023,MIL,SDP,1,0.4751131221719457,"Sunday, Aug 27"
2023,MIL,PHI,1,0.32710280373831774,"Friday, Sep 1"
2023,MIL,PHI,1,0.5647058823529411,"Saturday, Sep 2"
2023,MIL,PHI,0,0.5497076023391813,"Sunday, Sep 3"
2023,MIL,MIA,1,0.5647058823529411,"Monday, Sep 11"
2023,MIL,MIA,1,0.6352941176470588,"Tuesday, Sep 12"
2023,MIL,MIA,0,0.4751131221719457,"Wednesday, Sep 13"
2023,MIL,MIA,1,0.32710280373831774,"Thursday, Sep 14"
2023,MIL,WSN,1,0.8125,"Friday, Sep 15"
2023,MIL,WSN,1,0.5497076023391813,"Saturday, Sep 16"
2023,MIL,WSN,0,0.8923076923076924,"Sunday, Sep 17"
2023,MIL,STL,0,0.32710280373831774,"Tuesday, Sep 26"
2023,MIL,STL,1,0.696969696969697,"Wednesday, Sep 27"
2023,MIL,STL,1,0.391304347826087,"Thursday, Sep 28"
2023,MIL,CHC,1,0.5647058823529411,"Friday, Sep 29"
2023,MIL,CHC,0,0.6352941176470588,"Saturday, Sep 30"
2023,MIL,CHC,1,0.696969696969697,"Sunday, Oct 1"
2023,MIN,HOU,1,0.5647058823529411,"Friday, Apr 7"
2023,MIN,HOU,1,0.5647058823529411,"Saturday, Apr 8"
2023,MIN,HOU,0,0.5647058823529411,"Sunday, Apr 9"
2023,MIN,CHW,0,0.6794871794871795,"Monday, Apr 10"
2023,MIN,CHW,1,0.6352941176470588,"Tuesday, Apr 11"
2023,MIN,CHW,1,0.4751131221719457,"Wednesday, Apr 12"
2023,MIN,WSN,0,0.4751131221719457,"Friday, Apr 21"
2023,MIN,WSN,0,0.6794871794871795,"Saturday, Apr 22"
2023,MIN,WSN,1,0.7619047619047619,"Sunday, Apr 23"
2023,MIN,NYY,1,0.4390243902439024,"Monday, Apr 24"
2023,MIN,NYY,1,0.5647058823529411,"Tuesday, Apr 25"
2023,MIN,NYY,0,0.6794871794871795,"Wednesday, Apr 26"
2023,MIN,KCR,1,0.7857142857142857,"Thursday, Apr 27"
2023,MIN,KCR,1,0.6352941176470588,"Friday, Apr 28"
2023,MIN,KCR,0,0.7619047619047619,"Saturday, Apr 29"
2023,MIN,KCR,1,0.6352941176470588,"Sunday, Apr 30"
2023,MIN,SDP,0,0.4751131221719457,"Tuesday, May 9"
2023,MIN,SDP,1,0.5497076023391813,"Wednesday, May 10"
2023,MIN,SDP,1,0.5497076023391813,"Thursday, May 11"
2023,MIN,CHC,0,0.5497076023391813,"Friday, May 12"
2023,MIN,CHC,1,0.5497076023391813,"Saturday, May 13"
2023,MIN,CHC,1,0.5497076023391813,"Sunday, May 14"
2023,MIN,SFG,0,0.4751131221719457,"Monday, May 22"
2023,MIN,SFG,0,0.5497076023391813,"Tuesday, May 23"
2023,MIN,SFG,1,0.5497076023391813,"Wednesday, May 24"
2023,MIN,TOR,0,0.5647058823529411,"Friday, May 26"
2023,MIN,TOR,1,0.6794871794871795,"Saturday, May 27"
2023,MIN,TOR,0,0.5647058823529411,"Sunday, May 28"
2023,MIN,CLE,1,0.4751131221719457,"Thursday, Jun 1"
2023,MIN,CLE,1,0.5647058823529411,"Friday, Jun 2"
2023,MIN,CLE,0,0.4751131221719457,"Saturday, Jun 3"
2023,MIN,CLE,0,0.4751131221719457,"Sunday, Jun 4"
2023,MIN,MIL,1,0.6794871794871795,"Tuesday, Jun 13"
2023,MIN,MIL,1,0.696969696969697,"Wednesday, Jun 14"
2023,MIN,DET,0,0.5497076023391813,"Thursday, Jun 15"
2023,MIN,DET,0,0.4390243902439024,"Friday, Jun 16"
2023,MIN,DET,1,0.6794871794871795,"Saturday, Jun 17"
2023,MIN,DET,0,0.391304347826087,"Sunday, Jun 18"
2023,MIN,BOS,0,0.4751131221719457,"Monday, Jun 19"
2023,MIN,BOS,0,0.32710280373831774,"Tuesday, Jun 20"
2023,MIN,BOS,1,0.4751131221719457,"Wednesday, Jun 21"
2023,MIN,BOS,1,0.171875,"Thursday, Jun 22"
2023,MIN,KCR,1,0.6352941176470588,"Monday, Jul 3"
2023,MIN,KCR,1,0.696969696969697,"Tuesday, Jul 4"
2023,MIN,KCR,1,0.4390243902439024,"Wednesday, Jul 5"
2023,MIN,BAL,0,0.4390243902439024,"Friday, Jul 7"
2023,MIN,BAL,0,0.32710280373831774,"Saturday, Jul 8"
2023,MIN,BAL,0,0.4390243902439024,"Sunday, Jul 9"
2023,MIN,CHW,1,0.5647058823529411,"Friday, Jul 21"
2023,MIN,CHW,1,0.5647058823529411,"Saturday, Jul 22"
2023,MIN,CHW,1,0.8923076923076924,"Sunday, Jul 23"
2023,MIN,SEA,1,0.5497076023391813,"Monday, Jul 24"
2023,MIN,SEA,0,0.4751131221719457,"Tuesday, Jul 25"
2023,MIN,SEA,0,0.4751131221719457,"Wednesday, Jul 26"
2023,MIN,ARI,1,0.6794871794871795,"Friday, Aug 4"
2023,MIN,ARI,1,0.5647058823529411,"Saturday, Aug 5"
2023,MIN,ARI,1,0.6794871794871795,"Sunday, Aug 6"
2023,MIN,DET,1,0.5647058823529411,"Tuesday, Aug 15"
2023,MIN,DET,0,0.5497076023391813,"Wednesday, Aug 16"
2023,MIN,PIT,1,0.6794871794871795,"Friday, Aug 18"
2023,MIN,PIT,0,0.32710280373831774,"Saturday, Aug 19"
2023,MIN,PIT,1,0.4390243902439024,"Sunday, Aug 20"
2023,MIN,TEX,1,0.6794871794871795,"Thursday, Aug 24"
2023,MIN,TEX,1,0.5647058823529411,"Friday, Aug 25"
2023,MIN,TEX,0,0.5647058823529411,"Saturday, Aug 26"
2023,MIN,TEX,1,0.5497076023391813,"Sunday, Aug 27"
2023,MIN,CLE,1,0.5497076023391813,"Monday, Aug 28"
2023,MIN,CLE,0,0.4751131221719457,"Tuesday, Aug 29"
2023,MIN,CLE,0,0.5497076023391813,"Wednesday, Aug 30"
2023,MIN,NYM,1,0.6122448979591837,"Friday, Sep 8"
2023,MIN,NYM,1,0.5647058823529411,"Saturday, Sep 9"
2023,MIN,NYM,0,0.4751131221719457,"Sunday, Sep 10"
2023,MIN,TBR,0,0.32710280373831774,"Monday, Sep 11"
2023,MIN,TBR,1,0.5497076023391813,"Tuesday, Sep 12"
2023,MIN,TBR,0,0.32710280373831774,"Wednesday, Sep 13"
2023,MIN,LAA,1,0.696969696969697,"Friday, Sep 22"
2023,MIN,LAA,0,0.6352941176470588,"Saturday, Sep 23"
2023,MIN,LAA,1,0.696969696969697,"Sunday, Sep 24"
2023,MIN,OAK,1,0.8923076923076924,"Tuesday, Sep 26"
2023,MIN,OAK,1,0.4443966543683951,"Wednesday, Sep 27"
2023,MIN,OAK,0,0.4751131221719457,"Thursday, Sep 28"
2023,NYM,MIA,1,0.6794871794871795,"Friday, Apr 7"
2023,NYM,MIA,1,0.696969696969697,"Saturday, Apr 8"
2023,NYM,MIA,0,0.6352941176470588,"Sunday, Apr 9"
2023,NYM,SDP,1,0.4751131221719457,"Monday, Apr 10"
2023,NYM,SDP,0,0.4751131221719457,"Tuesday, Apr 11"
2023,NYM,SDP,1,0.32710280373831774,"Wednesday, Apr 12"
2023,NYM,WSN,0,0.4751131221719457,"Tuesday, Apr 25"
2023,NYM,WSN,0,0.4390243902439024,"Wednesday, Apr 26"
2023,NYM,WSN,1,0.5497076023391813,"Thursday, Apr 27"
2023,NYM,ATL,0,0.4390243902439024,"Friday, Apr 28"
2023,NYM,ATL,0,0.32710280373831774,"Monday, May 1 (1)"
2023,NYM,ATL,1,0.6794871794871795,"Monday, May 1 (2)"
2023,NYM,COL,1,0.8062113515755204,"Friday, May 5"
2023,NYM,COL,0,0.4390243902439024,"Saturday, May 6"
2023,NYM,COL,0,0.5647058823529411,"Sunday, May 7"
2023,NYM,TBR,0,0.8125,"Tuesday, May 16"
2023,NYM,TBR,1,0.4751131221719457,"Wednesday, May 17"
2023,NYM,TBR,1,0.5647058823529411,"Thursday, May 18"
2023,NYM,CLE,1,0.5647058823529411,"Friday, May 19"
2023,NYM,CLE,1,0.6794871794871795,"Sunday, May 21 (1)"
2023,NYM,CLE,1,0.5647058823529411,"Sunday, May 21 (2)"
2023,NYM,PHI,1,0.5647058823529411,"Tuesday, May 30"
2023,NYM,PHI,1,0.5497076023391813,"Wednesday, May 31"
2023,NYM,PHI,1,0.6352941176470588,"Thursday, Jun 1"
2023,NYM,TOR,0,0.4751131221719457,"Friday, Jun 2"
2023,NYM,TOR,0,0.4751131221719457,"Saturday, Jun 3"
2023,NYM,TOR,0,0.32710280373831774,"Sunday, Jun 4"
2023,NYM,NYY,0,0.696969696969697,"Tuesday, Jun 13"
2023,NYM,NYY,1,0.7857142857142857,"Wednesday, Jun 14"
2023,NYM,STL,1,0.6352941176470588,"Friday, Jun 16"
2023,NYM,STL,0,0.6794871794871795,"Saturday, Jun 17"
2023,NYM,STL,0,0.8923076923076924,"Sunday, Jun 18"
2023,NYM,MIL,0,0.4751131221719457,"Monday, Jun 26"
2023,NYM,MIL,1,0.4751131221719457,"Tuesday, Jun 27"
2023,NYM,MIL,0,0.4751131221719457,"Wednesday, Jun 28"
2023,NYM,MIL,0,0.5497076023391813,"Thursday, Jun 29"
2023,NYM,SFG,0,0.6794871794871795,"Friday, Jun 30"
2023,NYM,SFG,1,0.32710280373831774,"Saturday, Jul 1"
2023,NYM,SFG,1,0.5647058823529411,"Sunday, Jul 2"
2023,NYM,LAD,0,0.4390243902439024,"Friday, Jul 14"
2023,NYM,LAD,0,0.32710280373831774,"Saturday, Jul 15"
2023,NYM,LAD,1,0.5497076023391813,"Sunday, Jul 16"
2023,NYM,CHW,1,0.5647058823529411,"Tuesday, Jul 18"
2023,NYM,CHW,1,0.6352941176470588,"Wednesday, Jul 19"
2023,NYM,CHW,0,0.4751131221719457,"Thursday, Jul 20"
2023,NYM,WSN,1,0.4751131221719457,"Thursday, Jul 27"
2023,NYM,WSN,1,0.6794871794871795,"Friday, Jul 28"
2023,NYM,WSN,0,0.32710280373831774,"Saturday, Jul 29"
2023,NYM,WSN,1,0.6794871794871795,"Sunday, Jul 30"
2023,NYM,CHC,1,0.32710280373831774,"Monday, Aug 7"
2023,NYM,CHC,0,0.171875,"Tuesday, Aug 8"
2023,NYM,CHC,1,0.32710280373831774,"Wednesday, Aug 9"
2023,NYM,ATL,0,0.4751131221719457,"Friday, Aug 11"
2023,NYM,ATL,0,0.4390243902439024,"Saturday, Aug 12 (1)"
2023,NYM,ATL,0,0.01,"Saturday, Aug 12 (2)"
2023,NYM,ATL,1,0.171875,"Sunday, Aug 13"
2023,NYM,PIT,1,0.4751131221719457,"Monday, Aug 14"
2023,NYM,PIT,0,0.6794871794871795,"Tuesday, Aug 15"
2023,NYM,PIT,1,0.5497076023391813,"Wednesday, Aug 16"
2023,NYM,LAA,0,0.5497076023391813,"Friday, Aug 25"
2023,NYM,LAA,0,0.6352941176470588,"Saturday, Aug 26"
2023,NYM,LAA,1,0.6352941176470588,"Sunday, Aug 27"
2023,NYM,TEX,0,0.32710280373831774,"Monday, Aug 28"
2023,NYM,TEX,0,0.171875,"Tuesday, Aug 29"
2023,NYM,TEX,1,0.5647058823529411,"Wednesday, Aug 30"
2023,NYM,SEA,1,0.32710280373831774,"Friday, Sep 1"
2023,NYM,SEA,0,0.171875,"Saturday, Sep 2"
2023,NYM,SEA,1,0.6352941176470588,"Sunday, Sep 3"
2023,NYM,ARI,0,0.32710280373831774,"Monday, Sep 11"
2023,NYM,ARI,1,0.5497076023391813,"Tuesday, Sep 12"
2023,NYM,ARI,1,0.5497076023391813,"Wednesday, Sep 13"
2023,NYM,ARI,1,0.4751131221719457,"Thursday, Sep 14"
2023,NYM,CIN,0,0.5647058823529411,"Friday, Sep 15"
2023,NYM,CIN,0,0.5497076023391813,"Saturday, Sep 16"
2023,NYM,CIN,1,0.4751131221719457,"Sunday, Sep 17"
2023,NYM,MIA,1,0.5497076023391813,"Wednesday, Sep 27 (1)"
2023,NYM,MIA,0,0.6352941176470588,"Wednesday, Sep 27 (2)"
2023,NYM,MIA,1,0.5497076023391813,"Thursday, Sep 28"
2023,NYM,PHI,1,0.6122448979591837,"Saturday, Sep 30 (1)"
2023,NYM,PHI,1,0.5647058823529411,"Saturday, Sep 30 (2)"
2023,NYM,PHI,0,0.5497076023391813,"Sunday, Oct 1"
2023,NYY,SFG,1,0.7857142857142857,"Thursday, Mar 30"
2023,NYY,SFG,0,0.4751131221719457,"Saturday, Apr 1"
2023,NYY,SFG,1,0.5647058823529411,"Sunday, Apr 2"
2023,NYY,PHI,1,0.6352941176470588,"Monday, Apr 3"
2023,NYY,PHI,0,0.5647058823529411,"Tuesday, Apr 4"
2023,NYY,PHI,1,0.7857142857142857,"Wednesday, Apr 5"
2023,NYY,MIN,0,0.5647058823529411,"Thursday, Apr 13"
2023,NYY,MIN,0,0.4751131221719457,"Friday, Apr 14"
2023,NYY,MIN,1,0.4751131221719457,"Saturday, Apr 15"
2023,NYY,MIN,1,0.5647058823529411,"Sunday, Apr 16"
2023,NYY,LAA,0,0.6352941176470588,"Tuesday, Apr 18"
2023,NYY,LAA,1,0.5497076023391813,"Wednesday, Apr 19"
2023,NYY,LAA,1,0.7619047619047619,"Thursday, Apr 20"
2023,NYY,TOR,0,0.6352941176470588,"Friday, Apr 21"
2023,NYY,TOR,1,0.6352941176470588,"Saturday, Apr 22"
2023,NYY,TOR,0,0.696969696969697,"Sunday, Apr 23"
2023,NYY,CLE,0,0.5647058823529411,"Monday, May 1"
2023,NYY,CLE,1,0.6794871794871795,"Tuesday, May 2"
2023,NYY,CLE,1,0.696969696969697,"Wednesday, May 3"
2023,NYY,OAK,1,0.7619047619047619,"Monday, May 8"
2023,NYY,OAK,1,0.5647058823529411,"Tuesday, May 9"
2023,NYY,OAK,1,0.8923076923076924,"Wednesday, May 10"
2023,NYY,TBR,0,0.4751131221719457,"Thursday, May 11"
2023,NYY,TBR,1,0.4751131221719457,"Friday, May 12"
2023,NYY,TBR,1,0.5497076023391813,"Saturday, May 13"
2023,NYY,TBR,0,0.6352941176470588,"Sunday, May 14"
2023,NYY,BAL,1,0.391304347826087,"Tuesday, May 23"
2023,NYY,BAL,0,0.4390243902439024,"Wednesday, May 24"
2023,NYY,BAL,0,0.4751131221719457,"Thursday, May 25"
2023,NYY,SDP,0,0.5497076023391813,"Friday, May 26"
2023,NYY,SDP,1,0.6794871794871795,"Saturday, May 27"
2023,NYY,SDP,1,0.6794871794871795,"Sunday, May 28"
2023,NYY,CHW,0,0.5647058823529411,"Tuesday, Jun 6"
2023,NYY,CHW,0,0.5497076023391813,"Thursday, Jun 8 (1)"
2023,NYY,CHW,1,0.4390243902439024,"Thursday, Jun 8 (2)"
2023,NYY,BOS,0,0.4751131221719457,"Friday, Jun 9"
2023,NYY,BOS,1,0.6122448979591837,"Saturday, Jun 10"
2023,NYY,BOS,0,0.5497076023391813,"Sunday, Jun 11"
2023,NYY,SEA,1,0.6794871794871795,"Tuesday, Jun 20"
2023,NYY,SEA,1,0.5647058823529411,"Wednesday, Jun 21"
2023,NYY,SEA,0,0.5497076023391813,"Thursday, Jun 22"
2023,NYY,TEX,0,0.5497076023391813,"Friday, Jun 23"
2023,NYY,TEX,1,0.6794871794871795,"Saturday, Jun 24"
2023,NYY,TEX,1,0.6794871794871795,"Sunday, Jun 25"
2023,NYY,BAL,1,0.6794871794871795,"Monday, Jul 3"
2023,NYY,BAL,1,0.5497076023391813,"Tuesday, Jul 4"
2023,NYY,BAL,0,0.6352941176470588,"Wednesday, Jul 5"
2023,NYY,BAL,0,0.5647058823529411,"Thursday, Jul 6"
2023,NYY,CHC,0,0.5497076023391813,"Friday, Jul 7"
2023,NYY,CHC,1,0.6122448979591837,"Saturday, Jul 8"
2023,NYY,CHC,0,0.5647058823529411,"Sunday, Jul 9"
2023,NYY,KCR,1,0.8923076923076924,"Friday, Jul 21"
2023,NYY,KCR,1,0.8923076923076924,"Saturday, Jul 22"
2023,NYY,KCR,1,0.8125,"Sunday, Jul 23"
2023,NYY,NYM,0,0.6352941176470588,"Tuesday, Jul 25"
2023,NYY,NYM,1,0.6794871794871795,"Wednesday, Jul 26"
2023,NYY,TBR,0,0.5497076023391813,"Monday, Jul 31"
2023,NYY,TBR,0,0.5497076023391813,"Tuesday, Aug 1"
2023,NYY,TBR,1,0.5497076023391813,"Wednesday, Aug 2"
2023,NYY,HOU,1,0.5497076023391813,"Thursday, Aug 3"
2023,NYY,HOU,0,0.4390243902439024,"Friday, Aug 4"
2023,NYY,HOU,1,0.696969696969697,"Saturday, Aug 5"
2023,NYY,HOU,0,0.5497076023391813,"Sunday, Aug 6"
2023,NYY,BOS,0,0.6352941176470588,"Friday, Aug 18"
2023,NYY,BOS,0,0.6794871794871795,"Saturday, Aug 19"
2023,NYY,BOS,0,0.5497076023391813,"Sunday, Aug 20"
2023,NYY,WSN,0,0.5647058823529411,"Tuesday, Aug 22"
2023,NYY,WSN,1,0.4390243902439024,"Wednesday, Aug 23"
2023,NYY,WSN,0,0.32710280373831774,"Thursday, Aug 24"
2023,NYY,DET,1,0.5497076023391813,"Tuesday, Sep 5"
2023,NYY,DET,1,0.5497076023391813,"Wednesday, Sep 6"
2023,NYY,DET,0,0.4751131221719457,"Thursday, Sep 7"
2023,NYY,MIL,0,0.5497076023391813,"Friday, Sep 8"
2023,NYY,MIL,0,0.5497076023391813,"Saturday, Sep 9"
2023,NYY,MIL,1,0.5647058823529411,"Sunday, Sep 10"
2023,NYY,TOR,0,0.32710280373831774,"Tuesday, Sep 19"
2023,NYY,TOR,0,0.32710280373831774,"Wednesday, Sep 20"
2023,NYY,TOR,1,0.171875,"Thursday, Sep 21"
2023,NYY,ARI,1,0.171875,"Friday, Sep 22"
2023,NYY,ARI,0,0.32710280373831774,"Sunday, Sep 24"
2023,NYY,ARI,1,0.4751131221719457,"Monday, Sep 25"
2023,OAK,LAA,1,0.6794871794871795,"Thursday, Mar 30"
2023,OAK,LAA,0,0.5647058823529411,"Saturday, Apr 1"
2023,OAK,LAA,0,0.06666666666666667,"Sunday, Apr 2"
2023,OAK,CLE,0,0.5647058823529411,"Monday, Apr 3"
2023,OAK,CLE,1,0.32710280373831774,"Tuesday, Apr 4"
2023,OAK,CLE,0,0.32710280373831774,"Wednesday, Apr 5"
2023,OAK,NYM,0,0.32710280373831774,"Friday, Apr 14"
2023,OAK,NYM,0,0.32710280373831774,"Saturday, Apr 15"
2023,OAK,NYM,0,0.4390243902439024,"Sunday, Apr 16"
2023,OAK,CHC,0,0.01,"Monday, Apr 17"
2023,OAK,CHC,0,0.5647058823529411,"Tuesday, Apr 18"
2023,OAK,CHC,0,0.06666666666666667,"Wednesday, Apr 19"
2023,OAK,CIN,0,0.5497076023391813,"Friday, Apr 28"
2023,OAK,CIN,0,0.4390243902439024,"Saturday, Apr 29"
2023,OAK,CIN,1,0.4751131221719457,"Sunday, Apr 30"
2023,OAK,SEA,0,0.4390243902439024,"Tuesday, May 2"
2023,OAK,SEA,0,0.03952309457073183,"Wednesday, May 3"
2023,OAK,SEA,0,0.171875,"Thursday, May 4"
2023,OAK,TEX,0,0.01,"Thursday, May 11"
2023,OAK,TEX,1,0.6794871794871795,"Friday, May 12"
2023,OAK,TEX,0,0.01,"Saturday, May 13"
2023,OAK,TEX,0,0.5497076023391813,"Sunday, May 14"
2023,OAK,ARI,0,0.01,"Monday, May 15"
2023,OAK,ARI,1,0.32710280373831774,"Tuesday, May 16"
2023,OAK,ARI,0,0.32710280373831774,"Wednesday, May 17"
2023,OAK,HOU,0,0.01,"Friday, May 26"
2023,OAK,HOU,0,0.01,"Saturday, May 27"
2023,OAK,HOU,0,0.01,"Sunday, May 28"
2023,OAK,ATL,1,0.4390243902439024,"Monday, May 29"
2023,OAK,ATL,1,0.8125,"Tuesday, May 30"
2023,OAK,ATL,0,0.32710280373831774,"Wednesday, May 31"
2023,OAK,TBR,1,0.7619047619047619,"Monday, Jun 12"
2023,OAK,TBR,1,0.696969696969697,"Tuesday, Jun 13"
2023,OAK,TBR,0,0.01,"Wednesday, Jun 14"
2023,OAK,TBR,0,0.4751131221719457,"Thursday, Jun 15"
2023,OAK,PHI,0,0.01,"Friday, Jun 16"
2023,OAK,PHI,0,0.06666666666666667,"Saturday, Jun 17"
2023,OAK,PHI,0,0.01,"Sunday, Jun 18"
2023,OAK,NYY,1,0.5647058823529411,"Tuesday, Jun 27"
2023,OAK,NYY,0,0.32710280373831774,"Wednesday, Jun 28"
2023,OAK,NYY,0,0.32710280373831774,"Thursday, Jun 29"
2023,OAK,CHW,1,0.5497076023391813,"Friday, Jun 30"
2023,OAK,CHW,1,0.6122448979591837,"Saturday, Jul 1"
2023,OAK,CHW,0,0.5497076023391813,"Sunday, Jul 2"
2023,OAK,MIN,0,0.4390243902439024,"Friday, Jul 14"
2023,OAK,MIN,0,0.5497076023391813,"Saturday, Jul 15"
2023,OAK,MIN,0,0.6794871794871795,"Sunday, Jul 16"
2023,OAK,BOS,0,0.391304347826087,"Monday, Jul 17"
2023,OAK,BOS,1,0.5497076023391813,"Tuesday, Jul 18"
2023,OAK,BOS,1,0.5497076023391813,"Wednesday, Jul 19"
2023,OAK,HOU,0,0.01,"Thursday, Jul 20"
2023,OAK,HOU,0,0.01,"Friday, Jul 21"
2023,OAK,HOU,1,0.5647058823529411,"Saturday, Jul 22"
2023,OAK,HOU,0,0.32710280373831774,"Sunday, Jul 23"
2023,OAK,SFG,1,0.4751131221719457,"Saturday, Aug 5"
2023,OAK,SFG,1,0.6794871794871795,"Sunday, Aug 6"
2023,OAK,TEX,0,0.4390243902439024,"Monday, Aug 7"
2023,OAK,TEX,0,0.01,"Tuesday, Aug 8"
2023,OAK,TEX,1,0.5647058823529411,"Wednesday, Aug 9"
2023,OAK,BAL,0,0.5647058823529411,"Friday, Aug 18"
2023,OAK,BAL,0,0.171875,"Saturday, Aug 19"
2023,OAK,BAL,0,0.01,"Sunday, Aug 20"
2023,OAK,KCR,1,0.5497076023391813,"Monday, Aug 21"
2023,OAK,KCR,1,0.5497076023391813,"Tuesday, Aug 22"
2023,OAK,KCR,0,0.5647058823529411,"Wednesday, Aug 23"
2023,OAK,LAA,1,0.5647058823529411,"Friday, Sep 1"
2023,OAK,LAA,1,0.7619047619047619,"Saturday, Sep 2"
2023,OAK,LAA,1,0.5497076023391813,"Sunday, Sep 3"
2023,OAK,TOR,0,0.6794871794871795,"Monday, Sep 4"
2023,OAK,TOR,0,0.01,"Tuesday, Sep 5"
2023,OAK,TOR,1,0.5647058823529411,"Wednesday, Sep 6"
2023,OAK,SDP,0,0.5497076023391813,"Friday, Sep 15"
2023,OAK,SDP,0,0.6794871794871795,"Saturday, Sep 16"
2023,OAK,SDP,0,0.32710280373831774,"Sunday, Sep 17"
2023,OAK,SEA,0,0.4390243902439024,"Monday, Sep 18"
2023,OAK,SEA,0,0.06666666666666667,"Tuesday, Sep 19"
2023,OAK,SEA,0,0.32710280373831774,"Wednesday, Sep 20"
2023,OAK,DET,0,0.06666666666666667,"Thursday, Sep 21"
2023,OAK,DET,1,0.6352941176470588,"Friday, Sep 22"
2023,OAK,DET,1,0.171875,"Saturday, Sep 23"
2023,OAK,DET,0,0.32710280373831774,"Sunday, Sep 24"
2023,PHI,CIN,1,0.6794871794871795,"Friday, Apr 7"
2023,PHI,CIN,1,0.5647058823529411,"Saturday, Apr 8"
2023,PHI,CIN,0,0.5647058823529411,"Sunday, Apr 9"
2023,PHI,MIA,1,0.5647058823529411,"Monday, Apr 10"
2023,PHI,MIA,0,0.5497076023391813,"Tuesday, Apr 11"
2023,PHI,MIA,0,0.6122448979591837,"Wednesday, Apr 12"
2023,PHI,COL,0,0.5497076023391813,"Thursday, Apr 20"
2023,PHI,COL,1,0.696969696969697,"Friday, Apr 21"
2023,PHI,COL,1,0.7976426922671531,"Saturday, Apr 22"
2023,PHI,COL,1,0.9259259259259259,"Sunday, Apr 23"
2023,PHI,SEA,0,0.4390243902439024,"Tuesday, Apr 25"
2023,PHI,SEA,1,0.5497076023391813,"Wednesday, Apr 26"
2023,PHI,SEA,1,0.5647058823529411,"Thursday, Apr 27"
2023,PHI,BOS,0,0.5647058823529411,"Friday, May 5"
2023,PHI,BOS,0,0.171875,"Saturday, May 6"
2023,PHI,BOS,1,0.32710280373831774,"Sunday, May 7"
2023,PHI,TOR,1,0.4751131221719457,"Tuesday, May 9"
2023,PHI,TOR,1,0.6794871794871795,"Wednesday, May 10"
2023,PHI,CHC,0,0.7619047619047619,"Friday, May 19"
2023,PHI,CHC,1,0.6794871794871795,"Saturday, May 20"
2023,PHI,CHC,1,0.696969696969697,"Sunday, May 21"
2023,PHI,ARI,0,0.6794871794871795,"Monday, May 22"
2023,PHI,ARI,0,0.4751131221719457,"Tuesday, May 23"
2023,PHI,ARI,1,0.32710280373831774,"Wednesday, May 24"
2023,PHI,DET,1,0.8125,"Monday, Jun 5"
2023,PHI,DET,1,0.8923076923076924,"Tuesday, Jun 6"
2023,PHI,DET,1,0.8923076923076924,"Thursday, Jun 8"
2023,PHI,LAD,1,0.7857142857142857,"Friday, Jun 9"
2023,PHI,LAD,0,0.6794871794871795,"Saturday, Jun 10"
2023,PHI,LAD,1,0.6352941176470588,"Sunday, Jun 11"
2023,PHI,ATL,0,0.171875,"Tuesday, Jun 20"
2023,PHI,ATL,0,0.171875,"Thursday, Jun 22"
2023,PHI,NYM,1,0.6794871794871795,"Friday, Jun 23"
2023,PHI,NYM,0,0.6794871794871795,"Saturday, Jun 24"
2023,PHI,NYM,1,0.5497076023391813,"Sunday, Jun 25"
2023,PHI,WSN,0,0.6794871794871795,"Friday, Jun 30"
2023,PHI,WSN,1,0.6352941176470588,"Saturday, Jul 1"
2023,PHI,WSN,0,0.5497076023391813,"Sunday, Jul 2"
2023,PHI,SDP,0,0.5497076023391813,"Friday, Jul 14"
2023,PHI,SDP,1,0.4751131221719457,"Saturday, Jul 15 (1)"
2023,PHI,SDP,1,0.32710280373831774,"Saturday, Jul 15 (2)"
2023,PHI,SDP,1,0.6352941176470588,"Sunday, Jul 16"
2023,PHI,MIL,1,0.32710280373831774,"Tuesday, Jul 18"
2023,PHI,MIL,0,0.4390243902439024,"Wednesday, Jul 19"
2023,PHI,MIL,0,0.4390243902439024,"Thursday, Jul 20"
2023,PHI,BAL,0,0.5497076023391813,"Monday, Jul 24"
2023,PHI,BAL,1,0.5497076023391813,"Tuesday, Jul 25"
2023,PHI,BAL,1,0.5497076023391813,"Wednesday, Jul 26"
2023,PHI,KCR,0,0.171875,"Friday, Aug 4"
2023,PHI,KCR,1,0.5647058823529411,"Saturday, Aug 5"
2023,PHI,KCR,1,0.6794871794871795,"Sunday, Aug 6"
2023,PHI,WSN,1,0.6794871794871795,"Tuesday, Aug 8 (1)"
2023,PHI,WSN,0,0.4390243902439024,"Tuesday, Aug 8 (2)"
2023,PHI,WSN,1,0.5497076023391813,"Wednesday, Aug 9"
2023,PHI,WSN,1,0.5647058823529411,"Thursday, Aug 10"
2023,PHI,MIN,1,0.5647058823529411,"Friday, Aug 11"
2023,PHI,MIN,0,0.4390243902439024,"Saturday, Aug 12"
2023,PHI,MIN,0,0.6352941176470588,"Sunday, Aug 13"
2023,PHI,SFG,1,0.5497076023391813,"Monday, Aug 21"
2023,PHI,SFG,1,0.5497076023391813,"Tuesday, Aug 22"
2023,PHI,SFG,0,0.5497076023391813,"Wednesday, Aug 23"
2023,PHI,STL,1,0.6122448979591837,"Friday, Aug 25"
2023,PHI,STL,1,0.5497076023391813,"Saturday, Aug 26"
2023,PHI,STL,1,0.8923076923076924,"Sunday, Aug 27"
2023,PHI,LAA,1,0.7619047619047619,"Monday, Aug 28"
2023,PHI,LAA,1,0.5497076023391813,"Tuesday, Aug 29"
2023,PHI,LAA,0,0.5647058823529411,"Wednesday, Aug 30"
2023,PHI,MIA,0,0.391304347826087,"Friday, Sep 8"
2023,PHI,MIA,1,0.6352941176470588,"Saturday, Sep 9"
2023,PHI,MIA,0,0.4751131221719457,"Sunday, Sep 10"
2023,PHI,ATL,0,0.6352941176470588,"Monday, Sep 11 (1)"
2023,PHI,ATL,1,0.5497076023391813,"Monday, Sep 11 (2)"
2023,PHI,ATL,0,0.5497076023391813,"Tuesday, Sep 12"
2023,PHI,ATL,0,0.32710280373831774,"Wednesday, Sep 13"
2023,PHI,NYM,1,0.4751131221719457,"Thursday, Sep 21"
2023,PHI,NYM,1,0.5647058823529411,"Friday, Sep 22"
2023,PHI,NYM,1,0.6794871794871795,"Saturday, Sep 23"
2023,PHI,NYM,1,0.6352941176470588,"Sunday, Sep 24"
2023,PHI,PIT,1,0.6666666666666666,"Tuesday, Sep 26"
2023,PHI,PIT,1,0.5647058823529411,"Wednesday, Sep 27"
2023,PHI,PIT,0,0.32710280373831774,"Thursday, Sep 28"
2023,PIT,CHW,1,0.5497076023391813,"Friday, Apr 7"
2023,PIT,CHW,0,0.5497076023391813,"Saturday, Apr 8"
2023,PIT,CHW,1,0.5497076023391813,"Sunday, Apr 9"
2023,PIT,HOU,0,0.5497076023391813,"Monday, Apr 10"
2023,PIT,HOU,1,0.4390243902439024,"Tuesday, Apr 11"
2023,PIT,HOU,0,0.4390243902439024,"Wednesday, Apr 12"
2023,PIT,CIN,1,0.5497076023391813,"Thursday, Apr 20"
2023,PIT,CIN,1,0.4751131221719457,"Friday, Apr 21"
2023,PIT,CIN,1,0.696969696969697,"Saturday, Apr 22"
2023,PIT,CIN,1,0.8923076923076924,"Sunday, Apr 23"
2023,PIT,LAD,0,0.5497076023391813,"Tuesday, Apr 25"
2023,PIT,LAD,1,0.5497076023391813,"Wednesday, Apr 26"
2023,PIT,LAD,1,0.5497076023391813,"Thursday, Apr 27"
2023,PIT,TOR,0,0.696969696969697,"Friday, May 5"
2023,PIT,TOR,0,0.6666666666666666,"Saturday, May 6"
2023,PIT,TOR,0,0.5497076023391813,"Sunday, May 7"
2023,PIT,COL,1,0.32710280373831774,"Monday, May 8"
2023,PIT,COL,0,0.4390243902439024,"Tuesday, May 9"
2023,PIT,COL,0,0.4390243902439024,"Wednesday, May 10"
2023,PIT,ARI,1,0.5497076023391813,"Friday, May 19"
2023,PIT,ARI,0,0.32710280373831774,"Saturday, May 20"
2023,PIT,ARI,0,0.4390243902439024,"Sunday, May 21"
2023,PIT,TEX,1,0.5497076023391813,"Monday, May 22"
2023,PIT,TEX,0,0.171875,"Tuesday, May 23"
2023,PIT,TEX,0,0.06666666666666667,"Wednesday, May 24"
2023,PIT,STL,1,0.4751131221719457,"Friday, Jun 2"
2023,PIT,STL,1,0.5647058823529411,"Saturday, Jun 3"
2023,PIT,STL,1,0.5647058823529411,"Sunday, Jun 4"
2023,PIT,OAK,1,0.5647058823529411,"Monday, Jun 5"
2023,PIT,OAK,0,0.32710280373831774,"Tuesday, Jun 6"
2023,PIT,OAK,0,0.5647058823529411,"Wednesday, Jun 7"
2023,PIT,NYM,1,0.5497076023391813,"Friday, Jun 9"
2023,PIT,NYM,0,0.6352941176470588,"Saturday, Jun 10"
2023,PIT,NYM,1,0.6794871794871795,"Sunday, Jun 11"
2023,PIT,CHC,0,0.171875,"Monday, Jun 19"
2023,PIT,CHC,0,0.171875,"Tuesday, Jun 20"
2023,PIT,CHC,0,0.32710280373831774,"Wednesday, Jun 21"
2023,PIT,SDP,1,0.4390243902439024,"Tuesday, Jun 27"
2023,PIT,SDP,1,0.5497076023391813,"Wednesday, Jun 28"
2023,PIT,SDP,1,0.5497076023391813,"Thursday, Jun 29"
2023,PIT,MIL,1,0.4751131221719457,"Friday, Jun 30"
2023,PIT,MIL,0,0.06666666666666667,"Saturday, Jul 1"
2023,PIT,MIL,0,0.4390243902439024,"Sunday, Jul 2"
2023,PIT,SFG,0,0.6794871794871795,"Friday, Jul 14"
2023,PIT,SFG,0,0.5497076023391813,"Saturday, Jul 15"
2023,PIT,SFG,0,0.06666666666666667,"Sunday, Jul 16"
2023,PIT,CLE,0,0.171875,"Monday, Jul 17"
2023,PIT,CLE,0,0.5647058823529411,"Tuesday, Jul 18"
2023,PIT,CLE,1,0.4390243902439024,"Wednesday, Jul 19"
2023,PIT,PHI,0,0.01,"Friday, Jul 28"
2023,PIT,PHI,1,0.6794871794871795,"Saturday, Jul 29"
2023,PIT,PHI,1,0.4751131221719457,"Sunday, Jul 30"
2023,PIT,DET,1,0.5497076023391813,"Tuesday, Aug 1"
2023,PIT,DET,0,0.6122448979591837,"Wednesday, Aug 2"
2023,PIT,ATL,1,0.696969696969697,"Monday, Aug 7"
2023,PIT,ATL,0,0.5647058823529411,"Tuesday, Aug 8"
2023,PIT,ATL,0,0.6352941176470588,"Wednesday, Aug 9"
2023,PIT,ATL,1,0.6352941176470588,"Thursday, Aug 10"
2023,PIT,CIN,0,0.5497076023391813,"Friday, Aug 11"
2023,PIT,CIN,1,0.5647058823529411,"Sunday, Aug 13 (1)"
2023,PIT,CIN,0,0.4751131221719457,"Sunday, Aug 13 (2)"
2023,PIT,STL,1,0.5497076023391813,"Monday, Aug 21"
2023,PIT,STL,1,0.4751131221719457,"Tuesday, Aug 22"
2023,PIT,STL,0,0.5497076023391813,"Wednesday, Aug 23"
2023,PIT,CHC,0,0.4390243902439024,"Thursday, Aug 24"
2023,PIT,CHC,1,0.5497076023391813,"Friday, Aug 25"
2023,PIT,CHC,0,0.32710280373831774,"Saturday, Aug 26"
2023,PIT,CHC,0,0.171875,"Sunday, Aug 27"
2023,PIT,MIL,1,0.6794871794871795,"Monday, Sep 4"
2023,PIT,MIL,0,0.32710280373831774,"Tuesday, Sep 5"
2023,PIT,MIL,1,0.5497076023391813,"Wednesday, Sep 6"
2023,PIT,WSN,0,0.4390243902439024,"Monday, Sep 11"
2023,PIT,WSN,1,0.4390243902439024,"Tuesday, Sep 12"
2023,PIT,WSN,1,0.4751131221719457,"Wednesday, Sep 13"
2023,PIT,WSN,1,0.4751131221719457,"Thursday, Sep 14"
2023,PIT,NYY,0,0.4751131221719457,"Friday, Sep 15"
2023,PIT,NYY,0,0.32710280373831774,"Saturday, Sep 16"
2023,PIT,NYY,1,0.4751131221719457,"Sunday, Sep 17"
2023,PIT,MIA,0,0.5497076023391813,"Friday, Sep 29"
2023,PIT,MIA,0,0.4390243902439024,"Saturday, Sep 30"
2023,PIT,MIA,1,0.5497076023391813,"Sunday, Oct 1"
2023,SDP,COL,0,0.6352941176470588,"Thursday, Mar 30"
2023,SDP,COL,0,0.6794871794871795,"Friday, Mar 31"
2023,SDP,COL,1,0.5497076023391813,"Saturday, Apr 1"
2023,SDP,COL,1,0.4751131221719457,"Sunday, Apr 2"
2023,SDP,ARI,1,0.469745197201769,"Monday, Apr 3"
2023,SDP,ARI,0,0.5497076023391813,"Tuesday, Apr 4"
2023,SDP,MIL,0,0.171875,"Thursday, Apr 13"
2023,SDP,MIL,0,0.5497076023391813,"Friday, Apr 14"
2023,SDP,MIL,1,0.5497076023391813,"Saturday, Apr 15"
2023,SDP,MIL,0,0.4751131221719457,"Sunday, Apr 16"
2023,SDP,ATL,0,0.06666666666666667,"Monday, Apr 17"
2023,SDP,ATL,0,0.171875,"Tuesday, Apr 18"
2023,SDP,ATL,1,0.696969696969697,"Wednesday, Apr 19"
2023,SDP,SFG,1,0.6122448979591837,"Saturday, Apr 29"
2023,SDP,SFG,1,0.696969696969697,"Sunday, Apr 30"
2023,SDP,CIN,1,0.5497076023391813,"Monday, May 1"
2023,SDP,CIN,0,0.4390243902439024,"Tuesday, May 2"
2023,SDP,CIN,1,0.6794871794871795,"Wednesday, May 3"
2023,SDP,LAD,1,0.5647058823529411,"Friday, May 5"
2023,SDP,LAD,0,0.32710280373831774,"Saturday, May 6"
2023,SDP,LAD,0,0.32710280373831774,"Sunday, May 7"
2023,SDP,KCR,1,0.696969696969697,"Monday, May 15"
2023,SDP,KCR,0,0.4390243902439024,"Tuesday, May 16"
2023,SDP,KCR,0,0.5497076023391813,"Wednesday, May 17"
2023,SDP,BOS,0,0.5497076023391813,"Friday, May 19"
2023,SDP,BOS,0,0.6122448979591837,"Saturday, May 20"
2023,SDP,BOS,1,0.171875,"Sunday, May 21"
2023,SDP,CHC,0,0.5497076023391813,"Friday, Jun 2"
2023,SDP,CHC,1,0.6122448979591837,"Saturday, Jun 3"
2023,SDP,CHC,0,0.6794871794871795,"Sunday, Jun 4"
2023,SDP,CHC,1,0.5497076023391813,"Monday, Jun 5"
2023,SDP,SEA,0,0.5497076023391813,"Tuesday, Jun 6"
2023,SDP,SEA,1,0.5497076023391813,"Wednesday, Jun 7"
2023,SDP,CLE,1,0.4751131221719457,"Tuesday, Jun 13"
2023,SDP,CLE,1,0.5497076023391813,"Wednesday, Jun 14"
2023,SDP,CLE,0,0.696969696969697,"Thursday, Jun 15"
2023,SDP,TBR,0,0.32710280373831774,"Friday, Jun 16"
2023,SDP,TBR,1,0.6794871794871795,"Saturday, Jun 17"
2023,SDP,TBR,1,0.5497076023391813,"Sunday, Jun 18"
2023,SDP,WSN,1,0.9259259259259259,"Friday, Jun 23"
2023,SDP,WSN,0,0.8125,"Saturday, Jun 24"
2023,SDP,WSN,0,0.32710280373831774,"Sunday, Jun 25"
2023,SDP,LAA,1,0.5497076023391813,"Monday, Jul 3"
2023,SDP,LAA,1,0.6122448979591837,"Tuesday, Jul 4"
2023,SDP,LAA,1,0.6794871794871795,"Wednesday, Jul 5"
2023,SDP,NYM,0,0.4751131221719457,"Friday, Jul 7"
2023,SDP,NYM,1,0.5497076023391813,"Saturday, Jul 8"
2023,SDP,NYM,1,0.5497076023391813,"Sunday, Jul 9"
2023,SDP,PIT,0,0.32710280373831774,"Monday, Jul 24"
2023,SDP,PIT,1,0.8125,"Tuesday, Jul 25"
2023,SDP,PIT,0,0.32710280373831774,"Wednesday, Jul 26"
2023,SDP,TEX,1,0.5497076023391813,"Friday, Jul 28"
2023,SDP,TEX,1,0.5647058823529411,"Saturday, Jul 29"
2023,SDP,TEX,1,0.5647058823529411,"Sunday, Jul 30"
2023,SDP,LAD,0,0.5497076023391813,"Friday, Aug 4"
2023,SDP,LAD,1,0.4751131221719457,"Saturday, Aug 5"
2023,SDP,LAD,0,0.4390243902439024,"Sunday, Aug 6"
2023,SDP,LAD,0,0.32710280373831774,"Monday, Aug 7"
2023,SDP,BAL,0,0.6352941176470588,"Monday, Aug 14"
2023,SDP,BAL,1,0.32710280373831774,"Tuesday, Aug 15"
2023,SDP,BAL,1,0.5647058823529411,"Wednesday, Aug 16"
2023,SDP,ARI,0,0.5647058823529411,"Thursday, Aug 17"
2023,SDP,ARI,1,0.5497076023391813,"Friday, Aug 18"
2023,SDP,ARI,0,0.6352941176470588,"Saturday, Aug 19 (1)"
2023,SDP,ARI,0,0.4751131221719457,"Saturday, Aug 19 (2)"
2023,SDP,MIA,1,0.6794871794871795,"Monday, Aug 21"
2023,SDP,MIA,0,0.5647058823529411,"Tuesday, Aug 22"
2023,SDP,MIA,1,0.5647058823529411,"Wednesday, Aug 23"
2023,SDP,SFG,0,0.5497076023391813,"Thursday, Aug 31"
2023,SDP,SFG,1,0.4390243902439024,"Friday, Sep 1"
2023,SDP,SFG,1,0.5497076023391813,"Saturday, Sep 2"
2023,SDP,SFG,1,0.6352941176470588,"Sunday, Sep 3"
2023,SDP,PHI,0,0.32710280373831774,"Monday, Sep 4"
2023,SDP,PHI,1,0.5647058823529411,"Tuesday, Sep 5"
2023,SDP,PHI,0,0.4751131221719457,"Wednesday, Sep 6"
2023,SDP,COL,1,0.7619047619047619,"Monday, Sep 18"
2023,SDP,COL,1,0.5497076023391813,"Tuesday, Sep 19"
2023,SDP,COL,1,0.4390243902439024,"Wednesday, Sep 20"
2023,SDP,STL,1,0.696969696969697,"Friday, Sep 22"
2023,SDP,STL,0,0.6352941176470588,"Saturday, Sep 23"
2023,SDP,STL,1,0.8923076923076924,"Sunday, Sep 24"
2023,SEA,CLE,1,0.6352941176470588,"Thursday, Mar 30"
2023,SEA,CLE,0,0.4751131221719457,"Friday, Mar 31"
2023,SEA,CLE,0,0.5497076023391813,"Saturday, Apr 1"
2023,SEA,CLE,0,0.4444444444444444,"Sunday, Apr 2"
2023,SEA,LAA,0,0.4751131221719457,"Monday, Apr 3"
2023,SEA,LAA,1,0.5497076023391813,"Tuesday, Apr 4"
2023,SEA,LAA,0,0.4390243902439024,"Wednesday, Apr 5"
2023,SEA,COL,1,0.6794871794871795,"Friday, Apr 14"
2023,SEA,COL,1,0.6794871794871795,"Saturday, Apr 15"
2023,SEA,COL,1,0.7619047619047619,"Sunday, Apr 16"
2023,SEA,MIL,0,0.32710280373831774,"Monday, Apr 17"
2023,SEA,MIL,0,0.4751131221719457,"Tuesday, Apr 18"
2023,SEA,MIL,0,0.32710280373831774,"Wednesday, Apr 19"
2023,SEA,STL,1,0.5647058823529411,"Friday, Apr 21"
2023,SEA,STL,1,0.6794871794871795,"Saturday, Apr 22"
2023,SEA,STL,0,0.696969696969697,"Sunday, Apr 23"
2023,SEA,HOU,0,0.4751131221719457,"Friday, May 5"
2023,SEA,HOU,1,0.4751131221719457,"Saturday, May 6"
2023,SEA,HOU,1,0.5497076023391813,"Sunday, May 7"
2023,SEA,TEX,0,0.4751131221719457,"Monday, May 8"
2023,SEA,TEX,1,0.32710280373831774,"Tuesday, May 9"
2023,SEA,TEX,0,0.4751131221719457,"Wednesday, May 10"
2023,SEA,OAK,1,0.9259259259259259,"Monday, May 22"
2023,SEA,OAK,1,0.8923076923076924,"Tuesday, May 23"
2023,SEA,OAK,1,0.9259259259259259,"Wednesday, May 24"
2023,SEA,OAK,1,0.9259259259259259,"Thursday, May 25"
2023,SEA,PIT,0,0.4390243902439024,"Friday, May 26"
2023,SEA,PIT,1,0.5497076023391813,"Saturday, May 27"
2023,SEA,PIT,1,0.6794871794871795,"Sunday, May 28"
2023,SEA,NYY,0,0.6352941176470588,"Monday, May 29"
2023,SEA,NYY,0,0.5497076023391813,"Tuesday, May 30"
2023,SEA,NYY,1,0.5497076023391813,"Wednesday, May 31"
2023,SEA,MIA,1,0.4390243902439024,"Monday, Jun 12"
2023,SEA,MIA,1,0.4390243902439024,"Tuesday, Jun 13"
2023,SEA,MIA,0,0.391304347826087,"Wednesday, Jun 14"
2023,SEA,CHW,1,0.5647058823529411,"Friday, Jun 16"
2023,SEA,CHW,0,0.6352941176470588,"Saturday, Jun 17"
2023,SEA,CHW,1,0.5497076023391813,"Sunday, Jun 18"
2023,SEA,WSN,1,0.4751131221719457,"Monday, Jun 26"
2023,SEA,WSN,0,0.6122448979591837,"Tuesday, Jun 27"
2023,SEA,WSN,0,0.4124334810185721,"Wednesday, Jun 28"
2023,SEA,TBR,0,0.4390243902439024,"Friday, Jun 30"
2023,SEA,TBR,1,0.6794871794871795,"Saturday, Jul 1"
2023,SEA,TBR,1,0.6794871794871795,"Sunday, Jul 2"
2023,SEA,DET,0,0.391304347826087,"Friday, Jul 14"
2023,SEA,DET,0,0.32710280373831774,"Saturday, Jul 15"
2023,SEA,DET,1,0.5647058823529411,"Sunday, Jul 16"
2023,SEA,MIN,1,0.5497076023391813,"Monday, Jul 17"
2023,SEA,MIN,0,0.4751131221719457,"Tuesday, Jul 18"
2023,SEA,MIN,0,0.5497076023391813,"Wednesday, Jul 19"
2023,SEA,MIN,1,0.5497076023391813,"Thursday, Jul 20"
2023,SEA,TOR,1,0.4751131221719457,"Friday, Jul 21"
2023,SEA,TOR,1,0.5497076023391813,"Saturday, Jul 22"
2023,SEA,TOR,0,0.5497076023391813,"Sunday, Jul 23"
2023,SEA,BOS,1,0.5497076023391813,"Monday, Jul 31"
2023,SEA,BOS,0,0.5497076023391813,"Tuesday, Aug 1"
2023,SEA,BOS,1,0.5647058823529411,"Wednesday, Aug 2"
2023,SEA,SDP,1,0.5497076023391813,"Tuesday, Aug 8"
2023,SEA,SDP,1,0.6352941176470588,"Wednesday, Aug 9"
2023,SEA,BAL,1,0.5497076023391813,"Friday, Aug 11"
2023,SEA,BAL,0,0.4751131221719457,"Saturday, Aug 12"
2023,SEA,BAL,0,0.6352941176470588,"Sunday, Aug 13"
2023,SEA,KCR,1,0.8923076923076924,"Friday, Aug 25"
2023,SEA,KCR,1,0.9259259259259259,"Saturday, Aug 26"
2023,SEA,KCR,1,0.9259259259259259,"Sunday, Aug 27"
2023,SEA,OAK,1,0.7619047619047619,"Monday, Aug 28"
2023,SEA,OAK,0,0.9,"Tuesday, Aug 29"
2023,SEA,OAK,1,0.7857142857142857,"Wednesday, Aug 30"
2023,SEA,LAA,0,0.6352941176470588,"Monday, Sep 11"
2023,SEA,LAA,1,0.696969696969697,"Tuesday, Sep 12"
2023,SEA,LAA,1,0.6794871794871795,"Wednesday, Sep 13"
2023,SEA,LAD,0,0.5497076023391813,"Friday, Sep 15"
2023,SEA,LAD,0,0.5497076023391813,"Saturday, Sep 16"
2023,SEA,LAD,0,0.5647058823529411,"Sunday, Sep 17"
2023,SEA,HOU,0,0.7619047619047619,"Monday, Sep 25"
2023,SEA,HOU,1,0.8923076923076924,"Tuesday, Sep 26"
2023,SEA,HOU,0,0.8125,"Wednesday, Sep 27"
2023,SEA,TEX,1,0.5647058823529411,"Thursday, Sep 28"
2023,SEA,TEX,1,0.696969696969697,"Friday, Sep 29"
2023,SEA,TEX,0,0.7619047619047619,"Saturday, Sep 30"
2023,SEA,TEX,1,0.7619047619047619,"Sunday, Oct 1"
2023,SFG,KCR,0,0.5497076023391813,"Friday, Apr 7"
2023,SFG,KCR,0,0.6352941176470588,"Saturday, Apr 8"
2023,SFG,KCR,1,0.696969696969697,"Sunday, Apr 9"
2023,SFG,LAD,0,0.32710280373831774,"Monday, Apr 10"
2023,SFG,LAD,1,0.6794871794871795,"Tuesday, Apr 11"
2023,SFG,LAD,0,0.391304347826087,"Wednesday, Apr 12"
2023,SFG,NYM,0,0.4390243902439024,"Thursday, Apr 20"
2023,SFG,NYM,0,0.5497076023391813,"Friday, Apr 21"
2023,SFG,NYM,1,0.32710280373831774,"Saturday, Apr 22"
2023,SFG,NYM,1,0.5497076023391813,"Sunday, Apr 23"
2023,SFG,STL,1,0.696969696969697,"Monday, Apr 24"
2023,SFG,STL,1,0.6794871794871795,"Tuesday, Apr 25"
2023,SFG,STL,1,0.6122448979591837,"Wednesday, Apr 26"
2023,SFG,STL,0,0.6794871794871795,"Thursday, Apr 27"
2023,SFG,MIL,1,0.6794871794871795,"Friday, May 5"
2023,SFG,MIL,1,0.5497076023391813,"Saturday, May 6"
2023,SFG,MIL,0,0.6794871794871795,"Sunday, May 7"
2023,SFG,WSN,0,0.32710280373831774,"Monday, May 8"
2023,SFG,WSN,1,0.6352941176470588,"Tuesday, May 9"
2023,SFG,WSN,0,0.5497076023391813,"Wednesday, May 10"
2023,SFG,PHI,1,0.4390243902439024,"Monday, May 15"
2023,SFG,PHI,1,0.4751131221719457,"Tuesday, May 16"
2023,SFG,PHI,1,0.5497076023391813,"Wednesday, May 17"
2023,SFG,MIA,1,0.4751131221719457,"Friday, May 19"
2023,SFG,MIA,0,0.5497076023391813,"Saturday, May 20"
2023,SFG,MIA,1,0.4751131221719457,"Sunday, May 21"
2023,SFG,PIT,1,0.6794871794871795,"Monday, May 29"
2023,SFG,PIT,0,0.5497076023391813,"Tuesday, May 30"
2023,SFG,PIT,0,0.4751131221719457,"Wednesday, May 31"
2023,SFG,BAL,0,0.5497076023391813,"Friday, Jun 2"
2023,SFG,BAL,1,0.4390243902439024,"Saturday, Jun 3"
2023,SFG,BAL,0,0.5647058823529411,"Sunday, Jun 4"
2023,SFG,CHC,0,0.7775650633469664,"Friday, Jun 9"
2023,SFG,CHC,0,0.6352941176470588,"Saturday, Jun 10"
2023,SFG,CHC,1,0.5497076023391813,"Sunday, Jun 11"
2023,SFG,SDP,1,0.4751131221719457,"Monday, Jun 19"
2023,SFG,SDP,1,0.4751131221719457,"Tuesday, Jun 20"
2023,SFG,SDP,1,0.4751131221719457,"Wednesday, Jun 21"
2023,SFG,SDP,0,0.5647058823529411,"Thursday, Jun 22"
2023,SFG,ARI,1,0.5497076023391813,"Friday, Jun 23"
2023,SFG,ARI,1,0.391304347826087,"Saturday, Jun 24"
2023,SFG,ARI,0,0.4751131221719457,"Sunday, Jun 25"
2023,SFG,SEA,0,0.4390243902439024,"Monday, Jul 3"
2023,SFG,SEA,0,0.5497076023391813,"Tuesday, Jul 4"
2023,SFG,SEA,1,0.4394913966427235,"Wednesday, Jul 5"
2023,SFG,COL,0,0.6794871794871795,"Friday, Jul 7"
2023,SFG,COL,1,0.9259259259259259,"Saturday, Jul 8"
2023,SFG,COL,1,0.9259259259259259,"Sunday, Jul 9"
2023,SFG,OAK,1,0.5497076023391813,"Tuesday, Jul 25"
2023,SFG,OAK,1,0.6794871794871795,"Wednesday, Jul 26"
2023,SFG,BOS,0,0.4390243902439024,"Friday, Jul 28"
2023,SFG,BOS,1,0.4390243902439024,"Saturday, Jul 29"
2023,SFG,BOS,1,0.4390243902439024,"Sunday, Jul 30"
2023,SFG,ARI,0,0.6794871794871795,"Monday, Jul 31"
2023,SFG,ARI,1,0.6122448979591837,"Tuesday, Aug 1"
2023,SFG,ARI,1,0.4751131221719457,"Wednesday, Aug 2"
2023,SFG,ARI,1,0.6352941176470588,"Thursday, Aug 3"
2023,SFG,TEX,0,0.4390243902439024,"Friday, Aug 11"
2023,SFG,TEX,0,0.5497076023391813,"Saturday, Aug 12"
2023,SFG,TEX,1,0.32710280373831774,"Sunday, Aug 13"
2023,SFG,TBR,0,0.5497076023391813,"Monday, Aug 14"
2023,SFG,TBR,1,0.5647058823529411,"Tuesday, Aug 15"
2023,SFG,TBR,0,0.5497076023391813,"Wednesday, Aug 16"
2023,SFG,ATL,0,0.32710280373831774,"Friday, Aug 25"
2023,SFG,ATL,0,0.171875,"Saturday, Aug 26"
2023,SFG,ATL,1,0.32710280373831774,"Sunday, Aug 27"
2023,SFG,CIN,1,0.5497076023391813,"Monday, Aug 28"
2023,SFG,CIN,1,0.5497076023391813,"Tuesday, Aug 29"
2023,SFG,CIN,0,0.5647058823529411,"Wednesday, Aug 30"
2023,SFG,COL,1,0.9,"Friday, Sep 8"
2023,SFG,COL,1,0.696969696969697,"Saturday, Sep 9"
2023,SFG,COL,1,0.8125,"Sunday, Sep 10"
2023,SFG,CLE,1,0.5647058823529411,"Monday, Sep 11"
2023,SFG,CLE,0,0.6122448979591837,"Tuesday, Sep 12"
2023,SFG,CLE,1,0.696969696969697,"Wednesday, Sep 13"
2023,SFG,SDP,1,0.4390243902439024,"Monday, Sep 25"
2023,SFG,SDP,0,0.4751131221719457,"Tuesday, Sep 26"
2023,SFG,SDP,0,0.5497076023391813,"Wednesday, Sep 27"
2023,SFG,LAD,0,0.4390243902439024,"Friday, Sep 29"
2023,SFG,LAD,1,0.5497076023391813,"Saturday, Sep 30"
2023,SFG,LAD,0,0.5647058823529411,"Sunday, Oct 1"
2023,STL,TOR,0,0.6794871794871795,"Thursday, Mar 30"
2023,STL,TOR,1,0.6794871794871795,"Saturday, Apr 1"
2023,STL,TOR,1,0.5647058823529411,"Sunday, Apr 2"
2023,STL,ATL,0,0.32710280373831774,"Monday, Apr 3"
2023,STL,ATL,0,0.5647058823529411,"Tuesday, Apr 4"
2023,STL,ATL,0,0.4751131221719457,"Wednesday, Apr 5"
2023,STL,PIT,0,0.5497076023391813,"Thursday, Apr 13"
2023,STL,PIT,1,0.4751131221719457,"Friday, Apr 14"
2023,STL,PIT,0,0.5497076023391813,"Saturday, Apr 15"
2023,STL,PIT,1,0.4751131221719457,"Sunday, Apr 16"
2023,STL,ARI,0,0.5647058823529411,"Monday, Apr 17"
2023,STL,ARI,0,0.4751131221719457,"Tuesday, Apr 18"
2023,STL,ARI,1,0.4390243902439024,"Wednesday, Apr 19"
2023,STL,LAA,0,0.5497076023391813,"Tuesday, May 2"
2023,STL,LAA,0,0.5497076023391813,"Wednesday, May 3"
2023,STL,LAA,0,0.5497076023391813,"Thursday, May 4"
2023,STL,DET,0,0.5497076023391813,"Friday, May 5"
2023,STL,DET,0,0.5647058823529411,"Saturday, May 6"
2023,STL,DET,1,0.4390243902439024,"Sunday, May 7"
2023,STL,MIL,1,0.6794871794871795,"Monday, May 15"
2023,STL,MIL,0,0.5497076023391813,"Tuesday, May 16"
2023,STL,MIL,1,0.5497076023391813,"Wednesday, May 17"
2023,STL,LAD,1,0.6894431008519883,"Thursday, May 18"
2023,STL,LAD,0,0.32710280373831774,"Friday, May 19"
2023,STL,LAD,1,0.4390243902439024,"Saturday, May 20"
2023,STL,LAD,1,0.6794871794871795,"Sunday, May 21"
2023,STL,KCR,0,0.4390243902439024,"Monday, May 29"
2023,STL,KCR,1,0.696969696969697,"Tuesday, May 30"
2023,STL,CIN,1,0.5497076023391813,"Friday, Jun 9"
2023,STL,CIN,0,0.5497076023391813,"Saturday, Jun 10"
2023,STL,CIN,0,0.6352941176470588,"Sunday, Jun 11"
2023,STL,SFG,0,0.5497076023391813,"Monday, Jun 12"
2023,STL,SFG,0,0.5497076023391813,"Tuesday, Jun 13"
2023,STL,SFG,0,0.4390243902439024,"Wednesday, Jun 14"
2023,STL,CHC,0,0.32710280373831774,"Saturday, Jun 24"
2023,STL,CHC,1,0.5497076023391813,"Sunday, Jun 25"
2023,STL,HOU,1,0.6794871794871795,"Tuesday, Jun 27"
2023,STL,HOU,0,0.4751131221719457,"Wednesday, Jun 28"
2023,STL,HOU,0,0.5497076023391813,"Thursday, Jun 29"
2023,STL,NYY,1,0.32710280373831774,"Saturday, Jul 1 (1)"
2023,STL,NYY,0,0.4390243902439024,"Saturday, Jul 1 (2)"
2023,STL,NYY,1,0.696969696969697,"Sunday, Jul 2"
2023,STL,WSN,0,0.6794871794871795,"Friday, Jul 14"
2023,STL,WSN,1,0.5497076023391813,"Saturday, Jul 15"
2023,STL,WSN,1,0.6122448979591837,"Sunday, Jul 16"
2023,STL,MIA,1,0.4751131221719457,"Monday, Jul 17"
2023,STL,MIA,1,0.5497076023391813,"Tuesday, Jul 18"
2023,STL,MIA,1,0.5647058823529411,"Wednesday, Jul 19"
2023,STL,CHC,0,0.32710280373831774,"Thursday, Jul 27"
2023,STL,CHC,0,0.4390243902439024,"Friday, Jul 28"
2023,STL,CHC,0,0.171875,"Saturday, Jul 29"
2023,STL,CHC,1,0.5497076023391813,"Sunday, Jul 30"
2023,STL,MIN,0,0.6794871794871795,"Tuesday, Aug 1"
2023,STL,MIN,1,0.5497076023391813,"Wednesday, Aug 2"
2023,STL,MIN,0,0.4751131221719457,"Thursday, Aug 3"
2023,STL,COL,0,0.32710280373831774,"Friday, Aug 4"
2023,STL,COL,1,0.4751131221719457,"Saturday, Aug 5"
2023,STL,COL,0,0.5647058823529411,"Sunday, Aug 6"
2023,STL,OAK,1,0.7619047619047619,"Monday, Aug 14"
2023,STL,OAK,1,0.8125,"Tuesday, Aug 15"
2023,STL,OAK,0,0.8923076923076924,"Wednesday, Aug 16"
2023,STL,NYM,0,0.5497076023391813,"Thursday, Aug 17"
2023,STL,NYM,0,0.5497076023391813,"Friday, Aug 18"
2023,STL,NYM,0,0.5497076023391813,"Saturday, Aug 19"
2023,STL,NYM,1,0.32710280373831774,"Sunday, Aug 20"
2023,STL,SDP,0,0.4390243902439024,"Monday, Aug 28"
2023,STL,SDP,1,0.4751131221719457,"Tuesday, Aug 29"
2023,STL,SDP,1,0.5647058823529411,"Wednesday, Aug 30"
2023,STL,PIT,0,0.5497076023391813,"Friday, Sep 1"
2023,STL,PIT,0,0.4751131221719457,"Saturday, Sep 2"
2023,STL,PIT,1,0.32710280373831774,"Sunday, Sep 3"
2023,STL,PHI,0,0.4751131221719457,"Friday, Sep 15"
2023,STL,PHI,0,0.4751131221719457,"Saturday, Sep 16"
2023,STL,PHI,1,0.5497076023391813,"Sunday, Sep 17"
2023,STL,MIL,1,0.6352941176470588,"Monday, Sep 18"
2023,STL,MIL,0,0.32710280373831774,"Tuesday, Sep 19"
2023,STL,MIL,0,0.171875,"Wednesday, Sep 20"
2023,STL,MIL,0,0.01,"Thursday, Sep 21"
2023,STL,CIN,0,0.4751131221719457,"Friday, Sep 29"
2023,STL,CIN,1,0.4390243902439024,"Saturday, Sep 30"
2023,STL,CIN,1,0.5497076023391813,"Sunday, Oct 1"
2023,TBR,DET,1,0.6794871794871795,"Thursday, Mar 30"
2023,TBR,DET,1,0.6794871794871795,"Saturday, Apr 1"
2023,TBR,DET,1,0.6794871794871795,"Sunday, Apr 2"
2023,TBR,OAK,1,0.8923076923076924,"Friday, Apr 7"
2023,TBR,OAK,1,0.9,"Saturday, Apr 8"
2023,TBR,OAK,1,0.9,"Sunday, Apr 9"
2023,TBR,BOS,1,0.6352941176470588,"Monday, Apr 10"
2023,TBR,BOS,1,0.5647058823529411,"Tuesday, Apr 11"
2023,TBR,BOS,1,0.4390243902439024,"Wednesday, Apr 12"
2023,TBR,BOS,1,0.6794871794871795,"Thursday, Apr 13"
2023,TBR,CHW,1,0.6352941176470588,"Friday, Apr 21"
2023,TBR,CHW,1,0.6794871794871795,"Saturday, Apr 22"
2023,TBR,CHW,1,0.6794871794871795,"Sunday, Apr 23"
2023,TBR,HOU,1,0.5497076023391813,"Monday, Apr 24"
2023,TBR,HOU,0,0.4751131221719457,"Tuesday, Apr 25"
2023,TBR,HOU,0,0.5497076023391813,"Wednesday, Apr 26"
2023,TBR,PIT,1,0.5497076023391813,"Tuesday, May 2"
2023,TBR,PIT,1,0.696969696969697,"Wednesday, May 3"
2023,TBR,PIT,1,0.6794871794871795,"Thursday, May 4"
2023,TBR,NYY,1,0.6352941176470588,"Friday, May 5"
2023,TBR,NYY,0,0.5497076023391813,"Saturday, May 6"
2023,TBR,NYY,1,0.32710280373831774,"Sunday, May 7"
2023,TBR,MIL,1,0.6794871794871795,"Friday, May 19"
2023,TBR,MIL,1,0.8125,"Saturday, May 20"
2023,TBR,MIL,0,0.9259259259259259,"Sunday, May 21"
2023,TBR,TOR,1,0.5497076023391813,"Monday, May 22"
2023,TBR,TOR,0,0.6794871794871795,"Tuesday, May 23"
2023,TBR,TOR,1,0.8923076923076924,"Wednesday, May 24"
2023,TBR,TOR,1,0.8923076923076924,"Thursday, May 25"
2023,TBR,LAD,1,0.696969696969697,"Friday, May 26"
2023,TBR,LAD,0,0.6794871794871795,"Saturday, May 27"
2023,TBR,LAD,1,0.696969696969697,"Sunday, May 28"
2023,TBR,MIN,1,0.7857142857142857,"Tuesday, Jun 6"
2023,TBR,MIN,1,0.696969696969697,"Wednesday, Jun 7"
2023,TBR,MIN,1,0.5497076023391813,"Thursday, Jun 8"
2023,TBR,TEX,1,0.6794871794871795,"Friday, Jun 9"
2023,TBR,TEX,0,0.696969696969697,"Saturday, Jun 10"
2023,TBR,TEX,1,0.6352941176470588,"Sunday, Jun 11"
2023,TBR,BAL,0,0.4444444444444444,"Tuesday, Jun 20"
2023,TBR,BAL,1,0.5497076023391813,"Wednesday, Jun 21"
2023,TBR,KCR,0,0.696969696969697,"Thursday, Jun 22"
2023,TBR,KCR,1,0.9259259259259259,"Friday, Jun 23"
2023,TBR,KCR,0,0.4390243902439024,"Saturday, Jun 24"
2023,TBR,KCR,1,0.99,"Sunday, Jun 25"
2023,TBR,PHI,0,0.4390243902439024,"Tuesday, Jul 4"
2023,TBR,PHI,0,0.6352941176470588,"Wednesday, Jul 5"
2023,TBR,PHI,0,0.696969696969697,"Thursday, Jul 6"
2023,TBR,ATL,0,0.5497076023391813,"Friday, Jul 7"
2023,TBR,ATL,0,0.5497076023391813,"Saturday, Jul 8"
2023,TBR,ATL,1,0.8125,"Sunday, Jul 9"
2023,TBR,BAL,0,0.5497076023391813,"Thursday, Jul 20"
2023,TBR,BAL,1,0.5497076023391813,"Friday, Jul 21"
2023,TBR,BAL,0,0.5647058823529411,"Saturday, Jul 22"
2023,TBR,BAL,0,0.6794871794871795,"Sunday, Jul 23"
2023,TBR,MIA,1,0.696969696969697,"Tuesday, Jul 25"
2023,TBR,MIA,0,0.4390243902439024,"Wednesday, Jul 26"
2023,TBR,STL,1,0.8923076923076924,"Tuesday, Aug 8"
2023,TBR,STL,0,0.4751131221719457,"Wednesday, Aug 9"
2023,TBR,STL,0,0.4751131221719457,"Thursday, Aug 10"
2023,TBR,CLE,1,0.5497076023391813,"Friday, Aug 11"
2023,TBR,CLE,1,0.696969696969697,"Saturday, Aug 12"
2023,TBR,CLE,0,0.6794871794871795,"Sunday, Aug 13"
2023,TBR,COL,1,0.4751131221719457,"Tuesday, Aug 22"
2023,TBR,COL,1,0.5647058823529411,"Wednesday, Aug 23"
2023,TBR,COL,1,0.8923076923076924,"Thursday, Aug 24"
2023,TBR,NYY,0,0.7857142857142857,"Friday, Aug 25"
2023,TBR,NYY,1,0.7619047619047619,"Saturday, Aug 26"
2023,TBR,NYY,1,0.4390243902439024,"Sunday, Aug 27"
2023,TBR,BOS,0,0.5647058823529411,"Monday, Sep 4"
2023,TBR,BOS,1,0.6122448979591837,"Tuesday, Sep 5"
2023,TBR,BOS,1,0.5647058823529411,"Wednesday, Sep 6"
2023,TBR,SEA,0,0.6794871794871795,"Thursday, Sep 7"
2023,TBR,SEA,1,0.5647058823529411,"Friday, Sep 8"
2023,TBR,SEA,1,0.6794871794871795,"Saturday, Sep 9"
2023,TBR,SEA,1,0.5647058823529411,"Sunday, Sep 10"
2023,TBR,LAA,1,0.99,"Tuesday, Sep 19"
2023,TBR,LAA,0,0.4390243902439024,"Wednesday, Sep 20"
2023,TBR,LAA,1,0.9259259259259259,"Thursday, Sep 21"
2023,TBR,TOR,0,0.5497076023391813,"Friday, Sep 22"
2023,TBR,TOR,1,0.5647058823529411,"Saturday, Sep 23"
2023,TBR,TOR,0,0.696969696969697,"Sunday, Sep 24"
2023,TEX,PHI,1,0.6352941176470588,"Thursday, Mar 30"
2023,TEX,PHI,1,0.32710280373831774,"Saturday, Apr 1"
2023,TEX,PHI,1,0.32710280373831774,"Sunday, Apr 2"
2023,TEX,BAL,0,0.4390243902439024,"Monday, Apr 3"
2023,TEX,BAL,0,0.4390243902439024,"Tuesday, Apr 4"
2023,TEX,BAL,1,0.4751131221719457,"Wednesday, Apr 5"
2023,TEX,KCR,1,0.5497076023391813,"Monday, Apr 10"
2023,TEX,KCR,1,0.4390243902439024,"Tuesday, Apr 11"
2023,TEX,KCR,0,0.32710280373831774,"Wednesday, Apr 12"
2023,TEX,OAK,0,0.5497076023391813,"Friday, Apr 21"
2023,TEX,OAK,1,0.8923076923076924,"Saturday, Apr 22"
2023,TEX,OAK,1,0.9259259259259259,"Sunday, Apr 23"
2023,TEX,NYY,0,0.5497076023391813,"Thursday, Apr 27"
2023,TEX,NYY,1,0.5497076023391813,"Friday, Apr 28"
2023,TEX,NYY,1,0.5497076023391813,"Saturday, Apr 29"
2023,TEX,NYY,1,0.5647058823529411,"Sunday, Apr 30"
2023,TEX,ARI,1,0.32710280373831774,"Tuesday, May 2"
2023,TEX,ARI,0,0.4390243902439024,"Wednesday, May 3"
2023,TEX,ATL,0,0.5497076023391813,"Monday, May 15"
2023,TEX,ATL,1,0.5497076023391813,"Tuesday, May 16"
2023,TEX,ATL,0,0.6794871794871795,"Wednesday, May 17"
2023,TEX,COL,1,0.8125,"Friday, May 19"
2023,TEX,COL,1,0.696969696969697,"Saturday, May 20"
2023,TEX,COL,1,0.5647058823529411,"Sunday, May 21"
2023,TEX,SEA,1,0.6794871794871795,"Friday, Jun 2"
2023,TEX,SEA,1,0.5497076023391813,"Saturday, Jun 3"
2023,TEX,SEA,1,0.696969696969697,"Sunday, Jun 4"
2023,TEX,STL,1,0.4390243902439024,"Monday, Jun 5"
2023,TEX,STL,1,0.6794871794871795,"Tuesday, Jun 6"
2023,TEX,STL,0,0.4390243902439024,"Wednesday, Jun 7"
2023,TEX,LAA,0,0.5497076023391813,"Monday, Jun 12"
2023,TEX,LAA,0,0.5497076023391813,"Tuesday, Jun 13"
2023,TEX,LAA,1,0.5647058823529411,"Wednesday, Jun 14"
2023,TEX,LAA,0,0.5497076023391813,"Thursday, Jun 15"
2023,TEX,TOR,0,0.5497076023391813,"Friday, Jun 16"
2023,TEX,TOR,1,0.5647058823529411,"Saturday, Jun 17"
2023,TEX,TOR,1,0.5647058823529411,"Sunday, Jun 18"
2023,TEX,DET,0,0.391304347826087,"Monday, Jun 26"
2023,TEX,DET,1,0.9,"Tuesday, Jun 27"
2023,TEX,DET,1,0.9,"Wednesday, Jun 28"
2023,TEX,DET,0,0.6352941176470588,"Thursday, Jun 29"
2023,TEX,HOU,0,0.5647058823529411,"Friday, Jun 30"
2023,TEX,HOU,1,0.5497076023391813,"Saturday, Jul 1"
2023,TEX,HOU,0,0.6352941176470588,"Sunday, Jul 2"
2023,TEX,HOU,0,0.5497076023391813,"Monday, Jul 3"
2023,TEX,CLE,1,0.5647058823529411,"Friday, Jul 14"
2023,TEX,CLE,1,0.6794871794871795,"Saturday, Jul 15"
2023,TEX,CLE,1,0.6794871794871795,"Sunday, Jul 16"
2023,TEX,TBR,1,0.5647058823529411,"Monday, Jul 17"
2023,TEX,TBR,1,0.4390243902439024,"Tuesday, Jul 18"
2023,TEX,TBR,1,0.5647058823529411,"Wednesday, Jul 19"
2023,TEX,LAD,0,0.4751131221719457,"Friday, Jul 21"
2023,TEX,LAD,0,0.5647058823529411,"Saturday, Jul 22"
2023,TEX,LAD,1,0.5497076023391813,"Sunday, Jul 23"
2023,TEX,CHW,1,0.8923076923076924,"Tuesday, Aug 1"
2023,TEX,CHW,1,0.5497076023391813,"Wednesday, Aug 2"
2023,TEX,CHW,1,0.8923076923076924,"Thursday, Aug 3"
2023,TEX,MIA,1,0.4390243902439024,"Friday, Aug 4"
2023,TEX,MIA,1,0.6794871794871795,"Saturday, Aug 5"
2023,TEX,MIA,1,0.696969696969697,"Sunday, Aug 6"
2023,TEX,LAA,1,0.9259259259259259,"Monday, Aug 14"
2023,TEX,LAA,1,0.4751131221719457,"Tuesday, Aug 15"
2023,TEX,LAA,0,0.4390243902439024,"Wednesday, Aug 16"
2023,TEX,MIL,0,0.5497076023391813,"Friday, Aug 18"
2023,TEX,MIL,0,0.6794871794871795,"Saturday, Aug 19"
2023,TEX,MIL,0,0.4751131221719457,"Sunday, Aug 20"
2023,TEX,MIN,0,0.5647058823529411,"Friday, Sep 1"
2023,TEX,MIN,0,0.6352941176470588,"Saturday, Sep 2"
2023,TEX,MIN,1,0.6122448979591837,"Sunday, Sep 3"
2023,TEX,HOU,0,0.5497076023391813,"Monday, Sep 4"
2023,TEX,HOU,0,0.6794871794871795,"Tuesday, Sep 5"
2023,TEX,HOU,0,0.6794871794871795,"Wednesday, Sep 6"
2023,TEX,OAK,0,0.5497076023391813,"Friday, Sep 8"
2023,TEX,OAK,1,0.4751131221719457,"Saturday, Sep 9"
2023,TEX,OAK,1,0.8125,"Sunday, Sep 10"
2023,TEX,BOS,0,0.696969696969697,"Monday, Sep 18"
2023,TEX,BOS,1,0.7619047619047619,"Tuesday, Sep 19"
2023,TEX,BOS,1,0.8125,"Wednesday, Sep 20"
2023,TEX,SEA,1,0.5647058823529411,"Friday, Sep 22"
2023,TEX,SEA,1,0.5647058823529411,"Saturday, Sep 23"
2023,TEX,SEA,1,0.4751131221719457,"Sunday, Sep 24"
2023,TOR,DET,1,0.8923076923076924,"Tuesday, Apr 11"
2023,TOR,DET,1,0.8125,"Wednesday, Apr 12"
2023,TOR,DET,0,0.32710280373831774,"Thursday, Apr 13"
2023,TOR,TBR,1,0.4390243902439024,"Friday, Apr 14"
2023,TOR,TBR,1,0.5497076023391813,"Saturday, Apr 15"
2023,TOR,TBR,0,0.4390243902439024,"Sunday, Apr 16"
2023,TOR,CHW,1,0.8923076923076924,"Monday, Apr 24"
2023,TOR,CHW,1,0.7619047619047619,"Tuesday, Apr 25"
2023,TOR,CHW,1,0.932531926863306,"Wednesday, Apr 26"
2023,TOR,SEA,1,0.6794871794871795,"Friday, Apr 28"
2023,TOR,SEA,1,0.696969696969697,"Saturday, Apr 29"
2023,TOR,SEA,0,0.6352941176470588,"Sunday, Apr 30"
2023,TOR,ATL,1,0.5497076023391813,"Friday, May 12"
2023,TOR,ATL,1,0.4751131221719457,"Saturday, May 13"
2023,TOR,ATL,1,0.6352941176470588,"Sunday, May 14"
2023,TOR,NYY,0,0.5497076023391813,"Monday, May 15"
2023,TOR,NYY,0,0.4751131221719457,"Tuesday, May 16"
2023,TOR,NYY,1,0.5647058823529411,"Wednesday, May 17"
2023,TOR,NYY,0,0.5647058823529411,"Thursday, May 18"
2023,TOR,BAL,0,0.5497076023391813,"Friday, May 19"
2023,TOR,BAL,0,0.5647058823529411,"Saturday, May 20"
2023,TOR,BAL,0,0.4751131221719457,"Sunday, May 21"
2023,TOR,MIL,1,0.8125,"Tuesday, May 30"
2023,TOR,MIL,0,0.6794871794871795,"Wednesday, May 31"
2023,TOR,MIL,1,0.5497076023391813,"Thursday, Jun 1"
2023,TOR,HOU,0,0.4751131221719457,"Monday, Jun 5"
2023,TOR,HOU,1,0.5497076023391813,"Tuesday, Jun 6"
2023,TOR,HOU,1,0.5647058823529411,"Wednesday, Jun 7"
2023,TOR,HOU,1,0.5497076023391813,"Thursday, Jun 8"
2023,TOR,MIN,0,0.6352941176470588,"Friday, Jun 9"
2023,TOR,MIN,0,0.4751131221719457,"Saturday, Jun 10"
2023,TOR,MIN,1,0.5497076023391813,"Sunday, Jun 11"
2023,TOR,OAK,0,0.5647058823529411,"Friday, Jun 23"
2023,TOR,OAK,1,0.9259259259259259,"Saturday, Jun 24"
2023,TOR,OAK,1,0.9259259259259259,"Sunday, Jun 25"
2023,TOR,SFG,0,0.5497076023391813,"Tuesday, Jun 27"
2023,TOR,SFG,1,0.5497076023391813,"Wednesday, Jun 28"
2023,TOR,SFG,1,0.4751131221719457,"Thursday, Jun 29"
2023,TOR,BOS,0,0.6794871794871795,"Friday, Jun 30"
2023,TOR,BOS,0,0.4751131221719457,"Saturday, Jul 1"
2023,TOR,BOS,0,0.5497076023391813,"Sunday, Jul 2"
2023,TOR,ARI,1,0.5647058823529411,"Friday, Jul 14"
2023,TOR,ARI,1,0.4751131221719457,"Saturday, Jul 15"
2023,TOR,ARI,1,0.5497076023391813,"Sunday, Jul 16"
2023,TOR,SDP,0,0.7619047619047619,"Tuesday, Jul 18"
2023,TOR,SDP,0,0.5497076023391813,"Wednesday, Jul 19"
2023,TOR,SDP,1,0.5497076023391813,"Thursday, Jul 20"
2023,TOR,LAA,1,0.4751131221719457,"Friday, Jul 28"
2023,TOR,LAA,1,0.5647058823529411,"Saturday, Jul 29"
2023,TOR,LAA,0,0.6794871794871795,"Sunday, Jul 30"
2023,TOR,BAL,0,0.4751131221719457,"Monday, Jul 31"
2023,TOR,BAL,0,0.4751131221719457,"Tuesday, Aug 1"
2023,TOR,BAL,1,0.5497076023391813,"Wednesday, Aug 2"
2023,TOR,BAL,0,0.4751131221719457,"Thursday, Aug 3"
2023,TOR,CHC,0,0.5497076023391813,"Friday, Aug 11"
2023,TOR,CHC,0,0.6122448979591837,"Saturday, Aug 12"
2023,TOR,CHC,1,0.6352941176470588,"Sunday, Aug 13"
2023,TOR,PHI,1,0.5497076023391813,"Tuesday, Aug 15"
2023,TOR,PHI,0,0.5497076023391813,"Wednesday, Aug 16"
2023,TOR,CLE,0,0.5497076023391813,"Friday, Aug 25"
2023,TOR,CLE,1,0.6352941176470588,"Saturday, Aug 26"
2023,TOR,CLE,0,0.5497076023391813,"Sunday, Aug 27"
2023,TOR,WSN,1,0.6794871794871795,"Monday, Aug 28"
2023,TOR,WSN,0,0.4390243902439024,"Tuesday, Aug 29"
2023,TOR,WSN,1,0.696969696969697,"Wednesday, Aug 30"
2023,TOR,KCR,1,0.7857142857142857,"Friday, Sep 8"
2023,TOR,KCR,1,0.8923076923076924,"Saturday, Sep 9"
2023,TOR,KCR,1,0.8125,"Sunday, Sep 10"
2023,TOR,TEX,0,0.4390243902439024,"Monday, Sep 11"
2023,TOR,TEX,0,0.5497076023391813,"Tuesday, Sep 12"
2023,TOR,TEX,0,0.4390243902439024,"Wednesday, Sep 13"
2023,TOR,TEX,0,0.32710280373831774,"Thursday, Sep 14"
2023,TOR,BOS,1,0.5647058823529411,"Friday, Sep 15"
2023,TOR,BOS,1,0.8923076923076924,"Saturday, Sep 16"
2023,TOR,BOS,1,0.6794871794871795,"Sunday, Sep 17"
2023,TOR,NYY,0,0.5497076023391813,"Tuesday, Sep 26"
2023,TOR,NYY,0,0.6794871794871795,"Wednesday, Sep 27"
2023,TOR,NYY,1,0.6794871794871795,"Thursday, Sep 28"
2023,TOR,TBR,1,0.6794871794871795,"Friday, Sep 29"
2023,TOR,TBR,0,0.4751131221719457,"Saturday, Sep 30"
2023,TOR,TBR,0,0.6122448979591837,"Sunday, Oct 1"
2023,WSN,ATL,0,0.5647058823529411,"Thursday, Mar 30"
2023,WSN,ATL,0,0.4390243902439024,"Saturday, Apr 1"
2023,WSN,ATL,1,0.171875,"Sunday, Apr 2"
2023,WSN,TBR,0,0.171875,"Monday, Apr 3"
2023,WSN,TBR,0,0.4751131221719457,"Tuesday, Apr 4"
2023,WSN,TBR,0,0.01,"Wednesday, Apr 5"
2023,WSN,CLE,0,0.5647058823529411,"Friday, Apr 14"
2023,WSN,CLE,0,0.32710280373831774,"Saturday, Apr 15"
2023,WSN,CLE,1,0.5647058823529411,"Sunday, Apr 16"
2023,WSN,BAL,0,0.4390243902439024,"Tuesday, Apr 18"
2023,WSN,BAL,0,0.4390243902439024,"Wednesday, Apr 19"
2023,WSN,PIT,0,0.01,"Saturday, Apr 29 (1)"
2023,WSN,PIT,0,0.06666666666666667,"Saturday, Apr 29 (2)"
2023,WSN,PIT,1,0.171875,"Sunday, Apr 30"
2023,WSN,CHC,0,0.5497076023391813,"Monday, May 1"
2023,WSN,CHC,1,0.4390243902439024,"Tuesday, May 2"
2023,WSN,CHC,1,0.6794871794871795,"Wednesday, May 3"
2023,WSN,CHC,1,0.696969696969697,"Thursday, May 4"
2023,WSN,NYM,0,0.4751131221719457,"Friday, May 12"
2023,WSN,NYM,1,0.5497076023391813,"Saturday, May 13"
2023,WSN,NYM,0,0.32710280373831774,"Sunday, May 14"
2023,WSN,NYM,1,0.5647058823529411,"Monday, May 15"
2023,WSN,DET,0,0.5497076023391813,"Friday, May 19"
2023,WSN,DET,1,0.4751131221719457,"Saturday, May 20"
2023,WSN,DET,1,0.32710280373831774,"Sunday, May 21"
2023,WSN,SDP,0,0.5497076023391813,"Tuesday, May 23"
2023,WSN,SDP,1,0.171875,"Wednesday, May 24"
2023,WSN,SDP,0,0.4751131221719457,"Thursday, May 25"
2023,WSN,PHI,1,0.6794871794871795,"Friday, Jun 2"
2023,WSN,PHI,0,0.696969696969697,"Saturday, Jun 3"
2023,WSN,PHI,0,0.6352941176470588,"Sunday, Jun 4"
2023,WSN,ARI,0,0.5647058823529411,"Tuesday, Jun 6"
2023,WSN,ARI,0,0.4390243902439024,"Wednesday, Jun 7"
2023,WSN,MIA,0,0.32710280373831774,"Friday, Jun 16"
2023,WSN,MIA,0,0.171875,"Saturday, Jun 17"
2023,WSN,MIA,0,0.06666666666666667,"Sunday, Jun 18"
2023,WSN,STL,0,0.8125,"Monday, Jun 19"
2023,WSN,STL,0,0.5497076023391813,"Tuesday, Jun 20"
2023,WSN,STL,1,0.5497076023391813,"Wednesday, Jun 21"
2023,WSN,ARI,0,0.171875,"Thursday, Jun 22"
2023,WSN,CIN,0,0.32710280373831774,"Monday, Jul 3"
2023,WSN,CIN,0,0.32710280373831774,"Tuesday, Jul 4"
2023,WSN,CIN,0,0.6352941176470588,"Wednesday, Jul 5"
2023,WSN,CIN,0,0.5497076023391813,"Thursday, Jul 6"
2023,WSN,TEX,0,0.5647058823529411,"Friday, Jul 7"
2023,WSN,TEX,1,0.7619047619047619,"Saturday, Jul 8"
2023,WSN,TEX,1,0.696969696969697,"Sunday, Jul 9"
2023,WSN,SFG,1,0.4751131221719457,"Friday, Jul 21"
2023,WSN,SFG,1,0.5647058823529411,"Saturday, Jul 22"
2023,WSN,SFG,1,0.5647058823529411,"Sunday, Jul 23"
2023,WSN,COL,0,0.4751131221719457,"Monday, Jul 24"
2023,WSN,COL,1,0.5497076023391813,"Tuesday, Jul 25"
2023,WSN,COL,1,0.4751131221719457,"Wednesday, Jul 26"
2023,WSN,MIL,1,0.5497076023391813,"Monday, Jul 31"
2023,WSN,MIL,0,0.4751131221719457,"Tuesday, Aug 1"
2023,WSN,MIL,1,0.4390243902439024,"Wednesday, Aug 2"
2023,WSN,OAK,1,0.5647058823529411,"Friday, Aug 11"
2023,WSN,OAK,1,0.696969696969697,"Saturday, Aug 12"
2023,WSN,OAK,1,0.6794871794871795,"Sunday, Aug 13"
2023,WSN,BOS,0,0.5497076023391813,"Tuesday, Aug 15"
2023,WSN,BOS,1,0.5497076023391813,"Wednesday, Aug 16"
2023,WSN,BOS,1,0.5497076023391813,"Thursday, Aug 17"
2023,WSN,PHI,1,0.5647058823529411,"Friday, Aug 18"
2023,WSN,PHI,0,0.5497076023391813,"Saturday, Aug 19"
2023,WSN,PHI,1,0.696969696969697,"Sunday, Aug 20"
2023,WSN,MIA,0,0.4390243902439024,"Thursday, Aug 31"
2023,WSN,MIA,0,0.5497076023391813,"Friday, Sep 1"
2023,WSN,MIA,0,0.4751131221719457,"Saturday, Sep 2"
2023,WSN,MIA,0,0.4751131221719457,"Sunday, Sep 3"
2023,WSN,NYM,0,0.32710280373831774,"Tuesday, Sep 5"
2023,WSN,NYM,1,0.4390243902439024,"Wednesday, Sep 6"
2023,WSN,LAD,0,0.696969696969697,"Friday, Sep 8"
2023,WSN,LAD,1,0.4751131221719457,"Saturday, Sep 9"
2023,WSN,LAD,0,0.32710280373831774,"Sunday, Sep 10"
2023,WSN,CHW,0,0.6794871794871795,"Monday, Sep 18"
2023,WSN,CHW,1,0.5647058823529411,"Tuesday, Sep 19"
2023,WSN,CHW,1,0.4751131221719457,"Wednesday, Sep 20"
2023,WSN,ATL,0,0.06666666666666667,"Thursday, Sep 21"
2023,WSN,ATL,0,0.32710280373831774,"Friday, Sep 22"
2023,WSN,ATL,1,0.5497076023391813,"Sunday, Sep 24 (1)"
2023,WSN,ATL,0,0.06666666666666667,"Sunday, Sep 24 (2)"
2024,ARI,COL,1,0.6875,"Thursday, Mar 28"
2024,ARI,COL,1,0.5477477477477477,"Friday, Mar 29"
2024,ARI,COL,0,0.5000000000000001,"Saturday, Mar 30"
2024,ARI,COL,1,0.5477477477477477,"Sunday, Mar 31"
2024,ARI,NYY,0,0.5477477477477477,"Monday, Apr 1"
2024,ARI,NYY,1,0.4254658385093168,"Tuesday, Apr 2"
2024,ARI,NYY,0,0.4254658385093168,"Wednesday, Apr 3"
2024,ARI,STL,0,0.4254658385093168,"Friday, Apr 12"
2024,ARI,STL,1,0.5477477477477477,"Saturday, Apr 13"
2024,ARI,STL,1,0.5477477477477477,"Sunday, Apr 14"
2024,ARI,CHC,0,0.4254658385093168,"Monday, Apr 15"
2024,ARI,CHC,1,0.4254658385093168,"Tuesday, Apr 16"
2024,ARI,CHC,0,0.4254658385093168,"Wednesday, Apr 17"
2024,ARI,LAD,0,0.18990258068877638,"Monday, Apr 29"
2024,ARI,LAD,1,0.6433566433566433,"Tuesday, Apr 30"
2024,ARI,LAD,0,0.49019607843137253,"Wednesday, May 1"
2024,ARI,SDP,0,0.6433566433566433,"Friday, May 3"
2024,ARI,SDP,0,0.6433566433566433,"Saturday, May 4"
2024,ARI,SDP,1,0.4254658385093168,"Sunday, May 5"
2024,ARI,CIN,1,0.6433566433566433,"Monday, May 13"
2024,ARI,CIN,0,0.5477477477477477,"Tuesday, May 14"
2024,ARI,CIN,1,0.5915492957746479,"Wednesday, May 15"
2024,ARI,DET,0,0.5000000000000001,"Friday, May 17"
2024,ARI,DET,0,0.5000000000000001,"Saturday, May 18"
2024,ARI,DET,1,0.5915492957746479,"Sunday, May 19"
2024,ARI,MIA,0,0.5000000000000001,"Friday, May 24"
2024,ARI,MIA,1,0.5477477477477477,"Saturday, May 25"
2024,ARI,MIA,0,0.4254658385093168,"Sunday, May 26"
2024,ARI,SFG,1,0.5477477477477477,"Monday, Jun 3"
2024,ARI,SFG,1,0.6433566433566433,"Tuesday, Jun 4"
2024,ARI,SFG,0,0.7543859649122807,"Wednesday, Jun 5"
2024,ARI,LAA,1,0.5000000000000001,"Tuesday, Jun 11"
2024,ARI,LAA,0,0.6666666666666666,"Wednesday, Jun 12"
2024,ARI,LAA,1,0.5477477477477477,"Thursday, Jun 13"
2024,ARI,CHW,1,0.9,"Friday, Jun 14"
2024,ARI,CHW,0,0.9,"Saturday, Jun 15"
2024,ARI,CHW,1,0.6666666666666666,"Sunday, Jun 16"
2024,ARI,MIN,1,0.4254658385093168,"Tuesday, Jun 25"
2024,ARI,MIN,0,0.5477477477477477,"Wednesday, Jun 26"
2024,ARI,MIN,0,0.5477477477477477,"Thursday, Jun 27"
2024,ARI,OAK,0,0.5477477477477477,"Friday, Jun 28"
2024,ARI,OAK,1,0.9,"Saturday, Jun 29"
2024,ARI,OAK,1,0.6666666666666666,"Sunday, Jun 30"
2024,ARI,ATL,0,0.4254658385093168,"Monday, Jul 8"
2024,ARI,ATL,0,0.25,"Tuesday, Jul 9"
2024,ARI,ATL,1,0.4254658385093168,"Wednesday, Jul 10"
2024,ARI,ATL,1,0.5477477477477477,"Thursday, Jul 11"
2024,ARI,TOR,1,0.4254658385093168,"Friday, Jul 12"
2024,ARI,TOR,1,0.5000000000000001,"Saturday, Jul 13"
2024,ARI,TOR,0,0.5000000000000001,"Sunday, Jul 14"
2024,ARI,PIT,1,0.5000000000000001,"Friday, Jul 26"
2024,ARI,PIT,1,0.4254658385093168,"Saturday, Jul 27"
2024,ARI,PIT,0,0.5477477477477477,"Sunday, Jul 28"
2024,ARI,WSN,1,0.5957446808510638,"Monday, Jul 29"
2024,ARI,WSN,1,0.9,"Tuesday, Jul 30"
2024,ARI,WSN,1,0.9,"Wednesday, Jul 31"
2024,ARI,PHI,0,0.5000000000000001,"Thursday, Aug 8"
2024,ARI,PHI,1,0.4254658385093168,"Friday, Aug 9"
2024,ARI,PHI,1,0.5000000000000001,"Saturday, Aug 10"
2024,ARI,PHI,1,0.5477477477477477,"Sunday, Aug 11"
2024,ARI,COL,1,0.6363636363636364,"Monday, Aug 12"
2024,ARI,COL,1,0.7543859649122807,"Tuesday, Aug 13"
2024,ARI,COL,1,0.7777777777777778,"Wednesday, Aug 14"
2024,ARI,NYM,0,0.4254658385093168,"Tuesday, Aug 27"
2024,ARI,NYM,1,0.4254658385093168,"Wednesday, Aug 28"
2024,ARI,NYM,0,0.5477477477477477,"Thursday, Aug 29"
2024,ARI,LAD,0,0.49019607843137253,"Friday, Aug 30"
2024,ARI,LAD,0,0.5477477477477477,"Saturday, Aug 31"
2024,ARI,LAD,1,0.4254658385093168,"Sunday, Sep 1"
2024,ARI,LAD,0,0.4254658385093168,"Monday, Sep 2"
2024,ARI,TEX,1,0.5000000000000001,"Tuesday, Sep 10"
2024,ARI,TEX,1,0.4107142857142857,"Wednesday, Sep 11"
2024,ARI,MIL,0,0.5000000000000001,"Friday, Sep 13"
2024,ARI,MIL,0,0.4254658385093168,"Saturday, Sep 14"
2024,ARI,MIL,1,0.5477477477477477,"Sunday, Sep 15"
2024,ARI,SFG,0,0.6433566433566433,"Monday, Sep 23"
2024,ARI,SFG,0,0.4254658385093168,"Tuesday, Sep 24"
2024,ARI,SFG,1,0.5477477477477477,"Wednesday, Sep 25"
2024,ARI,SDP,0,0.5477477477477477,"Friday, Sep 27"
2024,ARI,SDP,0,0.5000000000000001,"Saturday, Sep 28"
2024,ARI,SDP,1,0.6433566433566433,"Sunday, Sep 29"
2024,ATL,ARI,1,0.5477477477477477,"Friday, Apr 5"
2024,ATL,ARI,1,0.5477477477477477,"Saturday, Apr 6"
2024,ATL,ARI,1,0.6433566433566433,"Sunday, Apr 7"
2024,ATL,NYM,0,0.5477477477477477,"Monday, Apr 8"
2024,ATL,NYM,1,0.5915492957746479,"Tuesday, Apr 9"
2024,ATL,NYM,0,0.33962264150943394,"Thursday, Apr 11"
2024,ATL,TEX,1,0.4254658385093168,"Friday, Apr 19"
2024,ATL,TEX,1,0.4254658385093168,"Saturday, Apr 20"
2024,ATL,TEX,0,0.5477477477477477,"Sunday, Apr 21"
2024,ATL,MIA,1,0.9,"Monday, Apr 22"
2024,ATL,MIA,1,0.96875,"Tuesday, Apr 23"
2024,ATL,MIA,1,0.6666666666666666,"Wednesday, Apr 24"
2024,ATL,CLE,1,0.4107142857142857,"Friday, Apr 26"
2024,ATL,CLE,0,0.4254658385093168,"Saturday, Apr 27"
2024,ATL,CLE,1,0.5477477477477477,"Sunday, Apr 28"
2024,ATL,BOS,1,0.5000000000000001,"Tuesday, May 7"
2024,ATL,BOS,1,0.5477477477477477,"Wednesday, May 8"
2024,ATL,CHC,1,0.5477477477477477,"Monday, May 13"
2024,ATL,CHC,1,0.6433566433566433,"Tuesday, May 14"
2024,ATL,CHC,0,0.5915492957746479,"Wednesday, May 15"
2024,ATL,SDP,0,0.4254658385093168,"Friday, May 17"
2024,ATL,SDP,0,0.5915492957746479,"Sunday, May 19"
2024,ATL,SDP,0,0.5477477477477477,"Monday, May 20 (1)"
2024,ATL,SDP,1,0.5915492957746479,"Monday, May 20 (2)"
2024,ATL,WSN,0,0.5000000000000001,"Monday, May 27"
2024,ATL,WSN,1,0.9,"Tuesday, May 28"
2024,ATL,WSN,0,0.4254658385093168,"Wednesday, May 29"
2024,ATL,WSN,0,0.5477477477477477,"Thursday, May 30"
2024,ATL,OAK,1,0.6666666666666666,"Friday, May 31"
2024,ATL,OAK,0,0.9,"Saturday, Jun 1"
2024,ATL,OAK,1,0.9,"Sunday, Jun 2"
2024,ATL,TBR,1,0.9,"Friday, Jun 14"
2024,ATL,TBR,1,0.5957446808510638,"Saturday, Jun 15"
2024,ATL,TBR,0,0.9,"Sunday, Jun 16"
2024,ATL,DET,1,0.4254658385093168,"Monday, Jun 17"
2024,ATL,DET,1,0.7543859649122807,"Tuesday, Jun 18"
2024,ATL,DET,1,0.4254658385093168,"Wednesday, Jun 19"
2024,ATL,PIT,1,0.5477477477477477,"Friday, Jun 28"
2024,ATL,PIT,1,0.5477477477477477,"Saturday, Jun 29"
2024,ATL,PIT,0,0.4254658385093168,"Sunday, Jun 30"
2024,ATL,SFG,0,0.4254658385093168,"Tuesday, Jul 2"
2024,ATL,SFG,1,0.6433566433566433,"Wednesday, Jul 3"
2024,ATL,SFG,0,0.4254658385093168,"Thursday, Jul 4"
2024,ATL,PHI,0,0.5477477477477477,"Friday, Jul 5"
2024,ATL,PHI,1,0.5915492957746479,"Saturday, Jul 6"
2024,ATL,PHI,1,0.4254658385093168,"Sunday, Jul 7"
2024,ATL,STL,1,0.5477477477477477,"Saturday, Jul 20 (1)"
2024,ATL,STL,0,0.5714285714285714,"Saturday, Jul 20 (2)"
2024,ATL,STL,0,0.4254658385093168,"Sunday, Jul 21"
2024,ATL,CIN,0,0.5477477477477477,"Monday, Jul 22"
2024,ATL,CIN,0,0.7333333333333333,"Wednesday, Jul 24"
2024,ATL,MIA,1,0.5477477477477477,"Thursday, Aug 1"
2024,ATL,MIA,1,0.6875,"Friday, Aug 2"
2024,ATL,MIA,0,0.49019607843137253,"Saturday, Aug 3"
2024,ATL,MIA,0,0.4254658385093168,"Sunday, Aug 4"
2024,ATL,MIL,0,0.7333333333333333,"Tuesday, Aug 6"
2024,ATL,MIL,0,0.5477477477477477,"Wednesday, Aug 7"
2024,ATL,MIL,0,0.5477477477477477,"Thursday, Aug 8"
2024,ATL,PHI,1,0.5477477477477477,"Tuesday, Aug 20"
2024,ATL,PHI,0,0.5000000000000001,"Wednesday, Aug 21"
2024,ATL,PHI,1,0.5000000000000001,"Thursday, Aug 22"
2024,ATL,WSN,1,0.6433566433566433,"Friday, Aug 23"
2024,ATL,WSN,1,0.5714285714285714,"Saturday, Aug 24"
2024,ATL,WSN,0,0.5915492957746479,"Sunday, Aug 25"
2024,ATL,COL,1,0.96875,"Tuesday, Sep 3"
2024,ATL,COL,1,0.9,"Wednesday, Sep 4"
2024,ATL,COL,0,0.4254658385093168,"Thursday, Sep 5"
2024,ATL,TOR,1,0.5915492957746479,"Friday, Sep 6"
2024,ATL,TOR,0,0.7333333333333333,"Saturday, Sep 7"
2024,ATL,TOR,1,0.7543859649122807,"Sunday, Sep 8"
2024,ATL,CIN,0,0.5000000000000001,"Monday, Sep 9"
2024,ATL,LAD,1,0.49019607843137253,"Friday, Sep 13"
2024,ATL,LAD,1,0.5477477477477477,"Saturday, Sep 14"
2024,ATL,LAD,0,0.5915492957746479,"Sunday, Sep 15"
2024,ATL,LAD,0,0.5915492957746479,"Monday, Sep 16"
2024,ATL,NYM,1,0.5477477477477477,"Tuesday, Sep 24"
2024,ATL,KCR,1,0.7543859649122807,"Friday, Sep 27"
2024,ATL,KCR,1,0.6433566433566433,"Saturday, Sep 28"
2024,ATL,KCR,0,0.5477477477477477,"Sunday, Sep 29"
2024,ATL,NYM,0,0.5915492957746479,"Monday, Sep 30 (1)"
2024,ATL,NYM,1,0.5477477477477477,"Monday, Sep 30 (2)"
2024,BAL,LAA,1,0.9,"Thursday, Mar 28"
2024,BAL,LAA,1,0.6666666666666666,"Saturday, Mar 30"
2024,BAL,LAA,0,0.4107142857142857,"Sunday, Mar 31"
2024,BAL,KCR,1,0.5915492957746479,"Monday, Apr 1"
2024,BAL,KCR,0,0.5957446808510638,"Tuesday, Apr 2"
2024,BAL,KCR,1,0.5477477477477477,"Wednesday, Apr 3"
2024,BAL,MIL,0,0.33962264150943394,"Friday, Apr 12"
2024,BAL,MIL,0,0.4254658385093168,"Saturday, Apr 13"
2024,BAL,MIL,1,0.5000000000000001,"Sunday, Apr 14"
2024,BAL,MIN,1,0.5477477477477477,"Monday, Apr 15"
2024,BAL,MIN,1,0.6433566433566433,"Tuesday, Apr 16"
2024,BAL,MIN,1,0.6433566433566433,"Wednesday, Apr 17"
2024,BAL,OAK,0,0.5477477477477477,"Friday, Apr 26"
2024,BAL,OAK,1,0.49019607843137253,"Saturday, Apr 27"
2024,BAL,OAK,0,0.4254658385093168,"Sunday, Apr 28"
2024,BAL,NYY,1,0.6433566433566433,"Monday, Apr 29"
2024,BAL,NYY,1,0.5477477477477477,"Tuesday, Apr 30"
2024,BAL,NYY,0,0.5477477477477477,"Wednesday, May 1"
2024,BAL,NYY,1,0.5915492957746479,"Thursday, May 2"
2024,BAL,ARI,1,0.5915492957746479,"Friday, May 10"
2024,BAL,ARI,1,0.6433566433566433,"Saturday, May 11"
2024,BAL,ARI,0,0.5915492957746479,"Sunday, May 12"
2024,BAL,TOR,0,0.7543859649122807,"Monday, May 13"
2024,BAL,TOR,1,0.7333333333333333,"Wednesday, May 15"
2024,BAL,SEA,1,0.5957446808510638,"Friday, May 17"
2024,BAL,SEA,0,0.6363636363636364,"Saturday, May 18"
2024,BAL,SEA,1,0.5477477477477477,"Sunday, May 19"
2024,BAL,BOS,1,0.33962264150943394,"Monday, May 27"
2024,BAL,BOS,0,0.4254658385093168,"Tuesday, May 28"
2024,BAL,BOS,1,0.6433566433566433,"Wednesday, May 29"
2024,BAL,TBR,1,0.9,"Friday, May 31"
2024,BAL,TBR,1,0.5477477477477477,"Saturday, Jun 1"
2024,BAL,TBR,0,0.5915492957746479,"Sunday, Jun 2"
2024,BAL,ATL,1,0.7777777777777778,"Tuesday, Jun 11"
2024,BAL,ATL,1,0.7777777777777778,"Wednesday, Jun 12"
2024,BAL,ATL,0,0.6433566433566433,"Thursday, Jun 13"
2024,BAL,PHI,0,0.7333333333333333,"Friday, Jun 14"
2024,BAL,PHI,1,0.5915492957746479,"Saturday, Jun 15"
2024,BAL,PHI,1,0.6433566433566433,"Sunday, Jun 16"
2024,BAL,CLE,0,0.5477477477477477,"Monday, Jun 24"
2024,BAL,CLE,0,0.5915492957746479,"Tuesday, Jun 25"
2024,BAL,CLE,1,0.5477477477477477,"Wednesday, Jun 26"
2024,BAL,TEX,1,0.9,"Thursday, Jun 27"
2024,BAL,TEX,1,0.9,"Friday, Jun 28"
2024,BAL,TEX,1,0.5477477477477477,"Saturday, Jun 29"
2024,BAL,TEX,0,0.5915492957746479,"Sunday, Jun 30"
2024,BAL,CHC,0,0.5477477477477477,"Tuesday, Jul 9"
2024,BAL,CHC,0,0.5477477477477477,"Wednesday, Jul 10"
2024,BAL,CHC,0,0.49019607843137253,"Thursday, Jul 11"
2024,BAL,NYY,0,0.9,"Friday, Jul 12"
2024,BAL,NYY,0,0.6433566433566433,"Saturday, Jul 13"
2024,BAL,NYY,1,0.6433566433566433,"Sunday, Jul 14"
2024,BAL,SDP,0,0.5000000000000001,"Friday, Jul 26"
2024,BAL,SDP,0,0.5477477477477477,"Saturday, Jul 27"
2024,BAL,SDP,1,0.4254658385093168,"Sunday, Jul 28"
2024,BAL,TOR,1,0.6433566433566433,"Monday, Jul 29 (1)"
2024,BAL,TOR,0,0.6433566433566433,"Monday, Jul 29 (2)"
2024,BAL,TOR,1,0.6433566433566433,"Tuesday, Jul 30"
2024,BAL,TOR,1,0.7333333333333333,"Wednesday, Jul 31"
2024,BAL,WSN,0,0.7777777777777778,"Tuesday, Aug 13"
2024,BAL,WSN,1,0.49019607843137253,"Wednesday, Aug 14"
2024,BAL,BOS,1,0.6433566433566433,"Thursday, Aug 15"
2024,BAL,BOS,0,0.4254658385093168,"Friday, Aug 16"
2024,BAL,BOS,0,0.5477477477477477,"Saturday, Aug 17"
2024,BAL,BOS,1,0.5477477477477477,"Sunday, Aug 18"
2024,BAL,HOU,0,0.5477477477477477,"Thursday, Aug 22"
2024,BAL,HOU,1,0.6433566433566433,"Friday, Aug 23"
2024,BAL,HOU,1,0.5477477477477477,"Saturday, Aug 24"
2024,BAL,HOU,0,0.5000000000000001,"Sunday, Aug 25"
2024,BAL,CHW,1,0.99,"Monday, Sep 2"
2024,BAL,CHW,1,0.9,"Tuesday, Sep 3"
2024,BAL,CHW,0,0.49019607843137253,"Wednesday, Sep 4"
2024,BAL,TBR,1,0.5477477477477477,"Friday, Sep 6"
2024,BAL,TBR,0,0.4757220130770024,"Saturday, Sep 7"
2024,BAL,TBR,0,0.4254658385093168,"Sunday, Sep 8"
2024,BAL,SFG,0,0.6433566433566433,"Tuesday, Sep 17"
2024,BAL,SFG,0,0.5714285714285714,"Wednesday, Sep 18"
2024,BAL,SFG,1,0.4254658385093168,"Thursday, Sep 19"
2024,BAL,DET,1,0.4254658385093168,"Friday, Sep 20"
2024,BAL,DET,0,0.4254658385093168,"Saturday, Sep 21"
2024,BAL,DET,0,0.5000000000000001,"Sunday, Sep 22"
2024,BOS,BAL,0,0.33962264150943394,"Tuesday, Apr 9"
2024,BOS,BAL,0,0.4254658385093168,"Wednesday, Apr 10"
2024,BOS,BAL,0,0.5000000000000001,"Thursday, Apr 11"
2024,BOS,LAA,0,0.5000000000000001,"Friday, Apr 12"
2024,BOS,LAA,1,0.5477477477477477,"Saturday, Apr 13"
2024,BOS,LAA,1,0.5957446808510638,"Sunday, Apr 14"
2024,BOS,CLE,0,0.4254658385093168,"Monday, Apr 15"
2024,BOS,CLE,0,0.5477477477477477,"Tuesday, Apr 16"
2024,BOS,CLE,1,0.4254658385093168,"Wednesday, Apr 17"
2024,BOS,CLE,0,0.4254658385093168,"Thursday, Apr 18"
2024,BOS,CHC,0,0.2777777777777778,"Friday, Apr 26"
2024,BOS,CHC,1,0.4107142857142857,"Saturday, Apr 27"
2024,BOS,CHC,1,0.5477477477477477,"Sunday, Apr 28"
2024,BOS,SFG,1,0.5477477477477477,"Tuesday, Apr 30"
2024,BOS,SFG,1,0.5915492957746479,"Wednesday, May 1"
2024,BOS,SFG,0,0.4107142857142857,"Thursday, May 2"
2024,BOS,WSN,0,0.4254658385093168,"Friday, May 10"
2024,BOS,WSN,1,0.5477477477477477,"Saturday, May 11"
2024,BOS,WSN,1,0.5477477477477477,"Sunday, May 12"
2024,BOS,TBR,0,0.5000000000000001,"Monday, May 13"
2024,BOS,TBR,1,0.5714285714285714,"Tuesday, May 14"
2024,BOS,TBR,0,0.5477477477477477,"Wednesday, May 15"
2024,BOS,TBR,0,0.5957446808510638,"Thursday, May 16"
2024,BOS,MIL,0,0.4254658385093168,"Friday, May 24"
2024,BOS,MIL,0,0.5000000000000001,"Saturday, May 25"
2024,BOS,MIL,1,0.5915492957746479,"Sunday, May 26"
2024,BOS,DET,0,0.5477477477477477,"Thursday, May 30"
2024,BOS,DET,1,0.5477477477477477,"Friday, May 31"
2024,BOS,DET,1,0.5957446808510638,"Saturday, Jun 1"
2024,BOS,DET,0,0.5915492957746479,"Sunday, Jun 2"
2024,BOS,ATL,0,0.33962264150943394,"Tuesday, Jun 4"
2024,BOS,ATL,1,0.5477477477477477,"Wednesday, Jun 5"
2024,BOS,PHI,0,0.01,"Tuesday, Jun 11"
2024,BOS,PHI,1,0.6433566433566433,"Wednesday, Jun 12"
2024,BOS,PHI,1,0.6666666666666666,"Thursday, Jun 13"
2024,BOS,NYY,0,0.4254658385093168,"Friday, Jun 14"
2024,BOS,NYY,1,0.5477477477477477,"Saturday, Jun 15"
2024,BOS,NYY,1,0.5714285714285714,"Sunday, Jun 16"
2024,BOS,TOR,1,0.9,"Monday, Jun 24"
2024,BOS,TOR,0,0.5477477477477477,"Tuesday, Jun 25"
2024,BOS,TOR,0,0.4254658385093168,"Wednesday, Jun 26"
2024,BOS,SDP,0,0.4254658385093168,"Friday, Jun 28"
2024,BOS,SDP,0,0.4254658385093168,"Saturday, Jun 29"
2024,BOS,SDP,1,0.4254658385093168,"Sunday, Jun 30"
2024,BOS,OAK,1,0.6433566433566433,"Tuesday, Jul 9"
2024,BOS,OAK,0,0.2777777777777778,"Wednesday, Jul 10"
2024,BOS,OAK,1,0.6433566433566433,"Thursday, Jul 11"
2024,BOS,KCR,0,0.5477477477477477,"Friday, Jul 12"
2024,BOS,KCR,1,0.5477477477477477,"Saturday, Jul 13"
2024,BOS,KCR,1,0.4254658385093168,"Sunday, Jul 14"
2024,BOS,NYY,1,0.6433566433566433,"Friday, Jul 26"
2024,BOS,NYY,0,0.6433566433566433,"Saturday, Jul 27"
2024,BOS,NYY,0,0.5477477477477477,"Sunday, Jul 28"
2024,BOS,SEA,1,0.6433566433566433,"Monday, Jul 29"
2024,BOS,SEA,0,0.4254658385093168,"Tuesday, Jul 30"
2024,BOS,SEA,1,0.4254658385093168,"Wednesday, Jul 31"
2024,BOS,HOU,0,0.5477477477477477,"Friday, Aug 9"
2024,BOS,HOU,0,0.5477477477477477,"Saturday, Aug 10"
2024,BOS,HOU,0,0.2777777777777778,"Sunday, Aug 11"
2024,BOS,TEX,1,0.5477477477477477,"Monday, Aug 12"
2024,BOS,TEX,1,0.6433566433566433,"Tuesday, Aug 13"
2024,BOS,TEX,0,0.5957446808510638,"Wednesday, Aug 14"
2024,BOS,ARI,0,0.49019607843137253,"Friday, Aug 23"
2024,BOS,ARI,0,0.1891891891891892,"Saturday, Aug 24"
2024,BOS,ARI,0,0.09523809523809523,"Sunday, Aug 25"
2024,BOS,TOR,0,0.5000000000000001,"Monday, Aug 26"
2024,BOS,TOR,1,0.5477477477477477,"Tuesday, Aug 27"
2024,BOS,TOR,1,0.4254658385093168,"Wednesday, Aug 28"
2024,BOS,TOR,0,0.4254658385093168,"Thursday, Aug 29"
2024,BOS,CHW,1,0.96875,"Friday, Sep 6"
2024,BOS,CHW,1,0.9,"Saturday, Sep 7"
2024,BOS,CHW,0,0.5477477477477477,"Sunday, Sep 8"
2024,BOS,BAL,1,0.33962264150943394,"Monday, Sep 9"
2024,BOS,BAL,0,0.33962264150943394,"Tuesday, Sep 10"
2024,BOS,BAL,1,0.6363636363636364,"Wednesday, Sep 11"
2024,BOS,MIN,0,0.6433566433566433,"Friday, Sep 20"
2024,BOS,MIN,1,0.6433566433566433,"Sunday, Sep 22 (1)"
2024,BOS,MIN,1,0.5915492957746479,"Sunday, Sep 22 (2)"
2024,BOS,TBR,0,0.5477477477477477,"Friday, Sep 27"
2024,BOS,TBR,0,0.49019607843137253,"Saturday, Sep 28"
2024,BOS,TBR,1,0.5477477477477477,"Sunday, Sep 29"
2024,CHC,COL,1,0.5477477477477477,"Monday, Apr 1"
2024,CHC,COL,1,0.6666666666666666,"Tuesday, Apr 2"
2024,CHC,COL,1,0.5477477477477477,"Wednesday, Apr 3"
2024,CHC,LAD,1,0.6433566433566433,"Friday, Apr 5"
2024,CHC,LAD,0,0.4254658385093168,"Saturday, Apr 6"
2024,CHC,LAD,1,0.5477477477477477,"Sunday, Apr 7"
2024,CHC,MIA,1,0.5915492957746479,"Friday, Apr 19"
2024,CHC,MIA,0,0.5477477477477477,"Saturday, Apr 20 (1)"
2024,CHC,MIA,1,0.9,"Saturday, Apr 20 (2)"
2024,CHC,MIA,0,0.9,"Sunday, Apr 21"
2024,CHC,HOU,1,0.5477477477477477,"Tuesday, Apr 23"
2024,CHC,HOU,1,0.7777777777777778,"Wednesday, Apr 24"
2024,CHC,HOU,1,0.6875,"Thursday, Apr 25"
2024,CHC,MIL,0,0.4254658385093168,"Friday, May 3"
2024,CHC,MIL,1,0.4254658385093168,"Saturday, May 4"
2024,CHC,MIL,1,0.5477477477477477,"Sunday, May 5"
2024,CHC,SDP,0,0.5477477477477477,"Monday, May 6"
2024,CHC,SDP,1,0.4254658385093168,"Tuesday, May 7"
2024,CHC,SDP,0,0.4254658385093168,"Wednesday, May 8"
2024,CHC,PIT,0,0.4254658385093168,"Thursday, May 16"
2024,CHC,PIT,0,0.9,"Friday, May 17"
2024,CHC,PIT,1,0.6666666666666666,"Saturday, May 18"
2024,CHC,PIT,0,0.4254658385093168,"Sunday, May 19"
2024,CHC,ATL,1,0.5477477477477477,"Tuesday, May 21"
2024,CHC,ATL,0,0.49019607843137253,"Wednesday, May 22"
2024,CHC,ATL,0,0.4254658385093168,"Thursday, May 23"
2024,CHC,CIN,0,0.5477477477477477,"Friday, May 31"
2024,CHC,CIN,1,0.5477477477477477,"Saturday, Jun 1"
2024,CHC,CIN,0,0.6433566433566433,"Sunday, Jun 2"
2024,CHC,CHW,1,0.9,"Tuesday, Jun 4"
2024,CHC,CHW,1,0.9,"Wednesday, Jun 5"
2024,CHC,STL,0,0.49019607843137253,"Friday, Jun 14"
2024,CHC,STL,1,0.4254658385093168,"Saturday, Jun 15"
2024,CHC,STL,0,0.4254658385093168,"Sunday, Jun 16"
2024,CHC,SFG,0,0.5477477477477477,"Monday, Jun 17"
2024,CHC,SFG,1,0.5000000000000001,"Tuesday, Jun 18"
2024,CHC,SFG,1,0.5477477477477477,"Wednesday, Jun 19"
2024,CHC,NYM,0,0.5477477477477477,"Friday, Jun 21"
2024,CHC,NYM,1,0.5000000000000001,"Saturday, Jun 22"
2024,CHC,NYM,0,0.5477477477477477,"Sunday, Jun 23"
2024,CHC,PHI,0,0.4254658385093168,"Tuesday, Jul 2"
2024,CHC,PHI,0,0.4254658385093168,"Wednesday, Jul 3"
2024,CHC,PHI,1,0.5477477477477477,"Thursday, Jul 4"
2024,CHC,LAA,1,0.9,"Friday, Jul 5"
2024,CHC,LAA,0,0.7333333333333333,"Saturday, Jul 6"
2024,CHC,LAA,1,0.5915492957746479,"Sunday, Jul 7"
2024,CHC,ARI,0,0.49019607843137253,"Friday, Jul 19"
2024,CHC,ARI,0,0.4107142857142857,"Saturday, Jul 20"
2024,CHC,ARI,1,0.4254658385093168,"Sunday, Jul 21"
2024,CHC,MIL,1,0.5477477477477477,"Monday, Jul 22"
2024,CHC,MIL,0,0.5000000000000001,"Tuesday, Jul 23"
2024,CHC,MIL,0,0.49019607843137253,"Wednesday, Jul 24"
2024,CHC,STL,1,0.5477477477477477,"Thursday, Aug 1"
2024,CHC,STL,1,0.49019607843137253,"Friday, Aug 2"
2024,CHC,STL,0,0.5477477477477477,"Saturday, Aug 3"
2024,CHC,STL,1,0.6433566433566433,"Sunday, Aug 4"
2024,CHC,MIN,0,0.49019607843137253,"Monday, Aug 5"
2024,CHC,MIN,1,0.5000000000000001,"Tuesday, Aug 6"
2024,CHC,MIN,1,0.5000000000000001,"Wednesday, Aug 7"
2024,CHC,TOR,1,0.5477477477477477,"Friday, Aug 16"
2024,CHC,TOR,1,0.5477477477477477,"Saturday, Aug 17"
2024,CHC,TOR,0,0.4254658385093168,"Sunday, Aug 18"
2024,CHC,DET,1,0.4254658385093168,"Tuesday, Aug 20"
2024,CHC,DET,0,0.4254658385093168,"Wednesday, Aug 21"
2024,CHC,DET,1,0.5000000000000001,"Thursday, Aug 22"
2024,CHC,PIT,0,0.4254658385093168,"Monday, Sep 2"
2024,CHC,PIT,0,0.9,"Tuesday, Sep 3"
2024,CHC,PIT,1,0.6875,"Wednesday, Sep 4"
2024,CHC,NYY,0,0.7543859649122807,"Friday, Sep 6"
2024,CHC,NYY,0,0.5477477477477477,"Saturday, Sep 7"
2024,CHC,NYY,1,0.4254658385093168,"Sunday, Sep 8"
2024,CHC,OAK,1,0.7333333333333333,"Monday, Sep 16"
2024,CHC,OAK,0,0.5000000000000001,"Tuesday, Sep 17"
2024,CHC,OAK,0,0.49019607843137253,"Wednesday, Sep 18"
2024,CHC,WSN,1,0.49019607843137253,"Thursday, Sep 19"
2024,CHC,WSN,1,0.7543859649122807,"Friday, Sep 20"
2024,CHC,WSN,0,0.9,"Saturday, Sep 21"
2024,CHC,WSN,1,0.9,"Sunday, Sep 22"
2024,CHC,CIN,1,0.5477477477477477,"Friday, Sep 27"
2024,CHC,CIN,1,0.5957446808510638,"Saturday, Sep 28"
2024,CHC,CIN,0,0.6433566433566433,"Sunday, Sep 29"
2024,CHW,DET,0,0.4254658385093168,"Thursday, Mar 28"
2024,CHW,DET,0,0.4254658385093168,"Saturday, Mar 30"
2024,CHW,DET,0,0.4254658385093168,"Sunday, Mar 31"
2024,CHW,ATL,0,0.2,"Monday, Apr 1"
2024,CHW,ATL,1,0.4254658385093168,"Tuesday, Apr 2"
2024,CHW,CIN,0,0.4107142857142857,"Friday, Apr 12"
2024,CHW,CIN,0,0.6363636363636364,"Saturday, Apr 13"
2024,CHW,CIN,0,0.49019607843137253,"Sunday, Apr 14"
2024,CHW,KCR,0,0.01,"Monday, Apr 15"
2024,CHW,KCR,0,0.2777777777777778,"Wednesday, Apr 17 (1)"
2024,CHW,KCR,1,0.5915492957746479,"Wednesday, Apr 17 (2)"
2024,CHW,TBR,1,0.9,"Friday, Apr 26"
2024,CHW,TBR,1,0.5477477477477477,"Saturday, Apr 27"
2024,CHW,TBR,1,0.6363636363636364,"Sunday, Apr 28"
2024,CHW,MIN,0,0.4254658385093168,"Monday, Apr 29"
2024,CHW,MIN,0,0.33962264150943394,"Tuesday, Apr 30"
2024,CHW,MIN,0,0.01,"Wednesday, May 1"
2024,CHW,CLE,1,0.0625,"Thursday, May 9"
2024,CHW,CLE,1,0.33962264150943394,"Friday, May 10"
2024,CHW,CLE,1,0.4254658385093168,"Saturday, May 11"
2024,CHW,CLE,0,0.4254658385093168,"Sunday, May 12"
2024,CHW,WSN,0,0.33962264150943394,"Tuesday, May 14 (1)"
2024,CHW,WSN,1,0.49019607843137253,"Tuesday, May 14 (2)"
2024,CHW,WSN,1,0.4254658385093168,"Wednesday, May 15"
2024,CHW,BAL,0,0.01593034113965048,"Thursday, May 23"
2024,CHW,BAL,0,0.4254658385093168,"Friday, May 24"
2024,CHW,BAL,0,0.2,"Saturday, May 25"
2024,CHW,BAL,0,0.33962264150943394,"Sunday, May 26"
2024,CHW,TOR,0,0.08417875872631486,"Monday, May 27"
2024,CHW,TOR,0,0.09523809523809523,"Tuesday, May 28"
2024,CHW,TOR,0,0.2,"Wednesday, May 29"
2024,CHW,BOS,0,0.1891891891891892,"Thursday, Jun 6"
2024,CHW,BOS,1,0.4254658385093168,"Friday, Jun 7"
2024,CHW,BOS,1,0.7333333333333333,"Saturday, Jun 8"
2024,CHW,BOS,0,0.33962264150943394,"Sunday, Jun 9"
2024,CHW,HOU,1,0.7333333333333333,"Tuesday, Jun 18"
2024,CHW,HOU,0,0.5477477477477477,"Wednesday, Jun 19"
2024,CHW,HOU,0,0.33962264150943394,"Thursday, Jun 20"
2024,CHW,LAD,0,0.4254658385093168,"Monday, Jun 24"
2024,CHW,LAD,0,0.0625,"Tuesday, Jun 25"
2024,CHW,LAD,0,0.2,"Wednesday, Jun 26"
2024,CHW,ATL,1,0.7543859649122807,"Thursday, Jun 27"
2024,CHW,COL,1,0.6433566433566433,"Friday, Jun 28"
2024,CHW,COL,1,0.5477477477477477,"Saturday, Jun 29"
2024,CHW,COL,0,0.4254658385093168,"Sunday, Jun 30"
2024,CHW,MIN,0,0.4254658385093168,"Monday, Jul 8"
2024,CHW,MIN,1,0.5000000000000001,"Wednesday, Jul 10 (1)"
2024,CHW,MIN,0,0.0625,"Wednesday, Jul 10 (2)"
2024,CHW,PIT,0,0.2,"Friday, Jul 12"
2024,CHW,PIT,0,0.33962264150943394,"Saturday, Jul 13"
2024,CHW,PIT,0,0.4254658385093168,"Sunday, Jul 14"
2024,CHW,SEA,0,0.2,"Friday, Jul 26"
2024,CHW,SEA,0,0.5915492957746479,"Saturday, Jul 27"
2024,CHW,SEA,0,0.33962264150943394,"Sunday, Jul 28"
2024,CHW,KCR,0,0.33962264150943394,"Monday, Jul 29"
2024,CHW,KCR,0,0.0625,"Tuesday, Jul 30"
2024,CHW,KCR,0,0.01,"Wednesday, Jul 31"
2024,CHW,CHC,0,0.33962264150943394,"Friday, Aug 9"
2024,CHW,CHC,0,0.1891891891891892,"Saturday, Aug 10"
2024,CHW,NYY,1,0.9,"Monday, Aug 12"
2024,CHW,NYY,0,0.4254658385093168,"Tuesday, Aug 13"
2024,CHW,NYY,0,0.1891891891891892,"Wednesday, Aug 14"
2024,CHW,DET,0,0.4254658385093168,"Friday, Aug 23"
2024,CHW,DET,0,0.01,"Saturday, Aug 24"
2024,CHW,DET,0,0.2777777777777778,"Sunday, Aug 25"
2024,CHW,DET,0,0.33962264150943394,"Monday, Aug 26"
2024,CHW,TEX,0,0.2,"Tuesday, Aug 27"
2024,CHW,TEX,0,0.5477477477477477,"Wednesday, Aug 28"
2024,CHW,TEX,0,0.01,"Thursday, Aug 29"
2024,CHW,NYM,0,0.1891891891891892,"Friday, Aug 30"
2024,CHW,NYM,0,0.4254658385093168,"Saturday, Aug 31"
2024,CHW,NYM,0,0.01,"Sunday, Sep 1"
2024,CHW,CLE,0,0.5000000000000001,"Monday, Sep 9"
2024,CHW,CLE,0,0.01,"Tuesday, Sep 10"
2024,CHW,CLE,0,0.09523809523809523,"Wednesday, Sep 11"
2024,CHW,OAK,0,0.4254658385093168,"Friday, Sep 13"
2024,CHW,OAK,1,0.5915492957746479,"Saturday, Sep 14"
2024,CHW,OAK,1,0.4254658385093168,"Sunday, Sep 15"
2024,CHW,LAA,1,0.6666666666666666,"Tuesday, Sep 24"
2024,CHW,LAA,1,0.6433566433566433,"Wednesday, Sep 25"
2024,CHW,LAA,1,0.5915492957746479,"Thursday, Sep 26"
2024,CIN,WSN,1,0.5714285714285714,"Thursday, Mar 28"
2024,CIN,WSN,0,0.41541792418665374,"Saturday, Mar 30"
2024,CIN,WSN,1,0.4254658385093168,"Sunday, Mar 31"
2024,CIN,NYM,0,0.5477477477477477,"Friday, Apr 5"
2024,CIN,NYM,1,0.5000000000000001,"Saturday, Apr 6"
2024,CIN,NYM,0,0.5477477477477477,"Sunday, Apr 7"
2024,CIN,MIL,1,0.5957446808510638,"Monday, Apr 8"
2024,CIN,MIL,0,0.43256328284978385,"Tuesday, Apr 9"
2024,CIN,MIL,0,0.4107142857142857,"Wednesday, Apr 10"
2024,CIN,LAA,1,0.5477477477477477,"Friday, Apr 19"
2024,CIN,LAA,1,0.5477477477477477,"Saturday, Apr 20"
2024,CIN,LAA,1,0.6433566433566433,"Sunday, Apr 21"
2024,CIN,PHI,0,0.2777777777777778,"Monday, Apr 22"
2024,CIN,PHI,1,0.4254658385093168,"Tuesday, Apr 23"
2024,CIN,PHI,1,0.2777777777777778,"Wednesday, Apr 24"
2024,CIN,PHI,0,0.33962264150943394,"Thursday, Apr 25"
2024,CIN,BAL,0,0.5477477477477477,"Friday, May 3"
2024,CIN,BAL,0,0.33962264150943394,"Saturday, May 4"
2024,CIN,BAL,0,0.4254658385093168,"Sunday, May 5"
2024,CIN,ARI,0,0.6433566433566433,"Tuesday, May 7"
2024,CIN,ARI,0,0.5714285714285714,"Wednesday, May 8"
2024,CIN,ARI,0,0.5477477477477477,"Thursday, May 9"
2024,CIN,SDP,1,0.6433566433566433,"Tuesday, May 21"
2024,CIN,SDP,0,0.6433566433566433,"Wednesday, May 22"
2024,CIN,SDP,0,0.5000000000000001,"Thursday, May 23"
2024,CIN,LAD,1,0.6433566433566433,"Friday, May 24"
2024,CIN,LAD,1,0.5477477477477477,"Saturday, May 25"
2024,CIN,LAD,1,0.6433566433566433,"Sunday, May 26"
2024,CIN,STL,1,0.5477477477477477,"Monday, May 27"
2024,CIN,STL,0,0.5000000000000001,"Tuesday, May 28"
2024,CIN,STL,0,0.5477477477477477,"Wednesday, May 29"
2024,CIN,CHC,1,0.5477477477477477,"Thursday, Jun 6"
2024,CIN,CHC,1,0.4254658385093168,"Friday, Jun 7"
2024,CIN,CHC,1,0.5000000000000001,"Saturday, Jun 8"
2024,CIN,CHC,0,0.6433566433566433,"Sunday, Jun 9"
2024,CIN,CLE,0,0.5915492957746479,"Tuesday, Jun 11"
2024,CIN,CLE,1,0.49019607843137253,"Wednesday, Jun 12"
2024,CIN,BOS,1,0.33962264150943394,"Friday, Jun 21"
2024,CIN,BOS,0,0.2695787706999374,"Saturday, Jun 22"
2024,CIN,BOS,0,0.5000000000000001,"Sunday, Jun 23"
2024,CIN,PIT,1,0.5477477477477477,"Monday, Jun 24"
2024,CIN,PIT,0,0.5477477477477477,"Tuesday, Jun 25"
2024,CIN,PIT,0,0.6363636363636364,"Wednesday, Jun 26"
2024,CIN,DET,0,0.5477477477477477,"Friday, Jul 5"
2024,CIN,DET,0,0.5477477477477477,"Saturday, Jul 6"
2024,CIN,DET,0,0.5957446808510638,"Sunday, Jul 7"
2024,CIN,COL,1,0.7333333333333333,"Monday, Jul 8"
2024,CIN,COL,1,0.7333333333333333,"Tuesday, Jul 9"
2024,CIN,COL,0,0.4254658385093168,"Wednesday, Jul 10"
2024,CIN,COL,1,0.7777777777777778,"Thursday, Jul 11"
2024,CIN,MIA,1,0.9,"Friday, Jul 12"
2024,CIN,MIA,1,0.6433566433566433,"Saturday, Jul 13"
2024,CIN,MIA,0,0.5477477477477477,"Sunday, Jul 14"
2024,CIN,CHC,1,0.49019607843137253,"Monday, Jul 29"
2024,CIN,CHC,1,0.5477477477477477,"Tuesday, Jul 30"
2024,CIN,CHC,0,0.4254658385093168,"Wednesday, Jul 31"
2024,CIN,SFG,0,0.4254658385093168,"Friday, Aug 2"
2024,CIN,SFG,1,0.4254658385093168,"Saturday, Aug 3"
2024,CIN,SFG,0,0.4254658385093168,"Sunday, Aug 4"
2024,CIN,STL,1,0.49019607843137253,"Monday, Aug 12"
2024,CIN,STL,1,0.5477477477477477,"Tuesday, Aug 13"
2024,CIN,STL,1,0.5477477477477477,"Wednesday, Aug 14"
2024,CIN,KCR,0,0.5000000000000001,"Friday, Aug 16"
2024,CIN,KCR,0,0.4254658385093168,"Saturday, Aug 17"
2024,CIN,KCR,0,0.5477477477477477,"Sunday, Aug 18"
2024,CIN,OAK,0,0.5477477477477477,"Tuesday, Aug 27"
2024,CIN,OAK,0,0.5477477477477477,"Wednesday, Aug 28"
2024,CIN,OAK,1,0.5477477477477477,"Thursday, Aug 29"
2024,CIN,MIL,0,0.6433566433566433,"Friday, Aug 30 (1)"
2024,CIN,MIL,0,0.5000000000000001,"Friday, Aug 30 (2)"
2024,CIN,MIL,0,0.4107142857142857,"Saturday, Aug 31"
2024,CIN,MIL,1,0.1891891891891892,"Sunday, Sep 1"
2024,CIN,HOU,1,0.5477477477477477,"Monday, Sep 2"
2024,CIN,HOU,1,0.33962264150943394,"Wednesday, Sep 4"
2024,CIN,HOU,1,0.5957446808510638,"Thursday, Sep 5"
2024,CIN,ATL,1,0.49019607843137253,"Tuesday, Sep 17"
2024,CIN,ATL,0,0.5000000000000001,"Wednesday, Sep 18"
2024,CIN,ATL,0,0.1891891891891892,"Thursday, Sep 19"
2024,CIN,PIT,1,0.7333333333333333,"Friday, Sep 20"
2024,CIN,PIT,1,0.5477477477477477,"Saturday, Sep 21"
2024,CIN,PIT,0,0.7333333333333333,"Sunday, Sep 22"
2024,CLE,CHW,1,0.4254658385093168,"Monday, Apr 8"
2024,CLE,CHW,0,0.5957446808510638,"Tuesday, Apr 9"
2024,CLE,CHW,1,0.6433566433566433,"Wednesday, Apr 10"
2024,CLE,NYY,0,0.4254658385093168,"Saturday, Apr 13 (1)"
2024,CLE,NYY,0,0.4254658385093168,"Saturday, Apr 13 (2)"
2024,CLE,NYY,1,0.5000000000000001,"Sunday, Apr 14"
2024,CLE,OAK,1,0.4254658385093168,"Friday, Apr 19"
2024,CLE,OAK,1,0.7115141193463328,"Saturday, Apr 20"
2024,CLE,OAK,1,0.96875,"Sunday, Apr 21"
2024,CLE,BOS,1,0.4254658385093168,"Tuesday, Apr 23"
2024,CLE,BOS,0,0.49019607843137253,"Wednesday, Apr 24"
2024,CLE,BOS,1,0.5477477477477477,"Thursday, Apr 25"
2024,CLE,LAA,0,0.4254658385093168,"Friday, May 3"
2024,CLE,LAA,1,0.5915492957746479,"Saturday, May 4"
2024,CLE,LAA,1,0.5915492957746479,"Sunday, May 5"
2024,CLE,DET,1,0.5477477477477477,"Monday, May 6"
2024,CLE,DET,0,0.6433566433566433,"Tuesday, May 7"
2024,CLE,DET,1,0.6433566433566433,"Wednesday, May 8"
2024,CLE,MIN,1,0.6363636363636364,"Friday, May 17"
2024,CLE,MIN,1,0.5477477477477477,"Saturday, May 18"
2024,CLE,MIN,1,0.7543859649122807,"Sunday, May 19"
2024,CLE,NYM,1,0.4254658385093168,"Monday, May 20"
2024,CLE,NYM,1,0.9,"Tuesday, May 21"
2024,CLE,NYM,1,0.6363636363636364,"Wednesday, May 22"
2024,CLE,WSN,1,0.7543859649122807,"Friday, May 31"
2024,CLE,WSN,1,0.4107142857142857,"Saturday, Jun 1"
2024,CLE,WSN,0,0.5477477477477477,"Sunday, Jun 2"
2024,CLE,KCR,1,0.6433566433566433,"Tuesday, Jun 4"
2024,CLE,KCR,0,0.5477477477477477,"Thursday, Jun 6"
2024,CLE,SEA,0,0.5915492957746479,"Tuesday, Jun 18"
2024,CLE,SEA,1,0.5000000000000001,"Wednesday, Jun 19"
2024,CLE,SEA,1,0.4254658385093168,"Thursday, Jun 20"
2024,CLE,TOR,1,0.49019607843137253,"Friday, Jun 21"
2024,CLE,TOR,1,0.5714285714285714,"Saturday, Jun 22"
2024,CLE,TOR,1,0.6433566433566433,"Sunday, Jun 23"
2024,CLE,CHW,1,0.96875,"Tuesday, Jul 2"
2024,CLE,CHW,0,0.5477477477477477,"Wednesday, Jul 3"
2024,CLE,CHW,1,0.7543859649122807,"Thursday, Jul 4"
2024,CLE,SFG,0,0.2777777777777778,"Friday, Jul 5"
2024,CLE,SFG,1,0.5957446808510638,"Saturday, Jul 6"
2024,CLE,SFG,1,0.5477477477477477,"Sunday, Jul 7"
2024,CLE,SDP,1,0.6433566433566433,"Friday, Jul 19"
2024,CLE,SDP,0,0.6433566433566433,"Saturday, Jul 20"
2024,CLE,SDP,0,0.6433566433566433,"Sunday, Jul 21"
2024,CLE,DET,0,0.5477477477477477,"Monday, Jul 22"
2024,CLE,DET,1,0.5477477477477477,"Tuesday, Jul 23"
2024,CLE,DET,1,0.5477477477477477,"Wednesday, Jul 24"
2024,CLE,DET,0,0.4956428480454541,"Thursday, Jul 25"
2024,CLE,BAL,1,0.6433566433566433,"Thursday, Aug 1"
2024,CLE,BAL,1,0.5915492957746479,"Friday, Aug 2"
2024,CLE,BAL,0,0.4254658385093168,"Saturday, Aug 3"
2024,CLE,BAL,0,0.5477477477477477,"Sunday, Aug 4"
2024,CLE,ARI,0,0.4254658385093168,"Monday, Aug 5"
2024,CLE,ARI,0,0.4254658385093168,"Wednesday, Aug 7 (1)"
2024,CLE,ARI,0,0.4254658385093168,"Wednesday, Aug 7 (2)"
2024,CLE,CHC,1,0.4254658385093168,"Monday, Aug 12"
2024,CLE,CHC,1,0.49019607843137253,"Tuesday, Aug 13"
2024,CLE,CHC,1,0.5000000000000001,"Wednesday, Aug 14"
2024,CLE,TEX,0,0.5477477477477477,"Friday, Aug 23"
2024,CLE,TEX,1,0.5477477477477477,"Saturday, Aug 24"
2024,CLE,TEX,1,0.4254658385093168,"Sunday, Aug 25"
2024,CLE,KCR,0,0.5477477477477477,"Monday, Aug 26 (1)"
2024,CLE,KCR,0,0.5477477477477477,"Monday, Aug 26 (2)"
2024,CLE,KCR,0,0.5477477477477477,"Tuesday, Aug 27"
2024,CLE,KCR,1,0.4254658385093168,"Wednesday, Aug 28"
2024,CLE,PIT,1,0.9,"Friday, Aug 30"
2024,CLE,PIT,0,0.5915492957746479,"Saturday, Aug 31"
2024,CLE,PIT,1,0.7543859649122807,"Sunday, Sep 1"
2024,CLE,TBR,0,0.5477477477477477,"Thursday, Sep 12"
2024,CLE,TBR,0,0.4254658385093168,"Friday, Sep 13"
2024,CLE,TBR,1,0.5477477477477477,"Saturday, Sep 14"
2024,CLE,TBR,1,0.5477477477477477,"Sunday, Sep 15"
2024,CLE,MIN,1,0.5477477477477477,"Monday, Sep 16"
2024,CLE,MIN,0,0.7333333333333333,"Tuesday, Sep 17"
2024,CLE,MIN,1,0.5477477477477477,"Wednesday, Sep 18"
2024,CLE,MIN,1,0.6666666666666666,"Thursday, Sep 19"
2024,CLE,CIN,1,0.7333333333333333,"Tuesday, Sep 24"
2024,CLE,CIN,1,0.6433566433566433,"Wednesday, Sep 25"
2024,CLE,HOU,0,0.5477477477477477,"Friday, Sep 27"
2024,CLE,HOU,0,0.5477477477477477,"Saturday, Sep 28"
2024,COL,TBR,1,0.6433566433566433,"Friday, Apr 5"
2024,COL,TBR,0,0.6433566433566433,"Saturday, Apr 6"
2024,COL,TBR,0,0.5477477477477477,"Sunday, Apr 7"
2024,COL,ARI,1,0.4254658385093168,"Monday, Apr 8"
2024,COL,ARI,0,0.4254658385093168,"Tuesday, Apr 9"
2024,COL,ARI,0,0.5000000000000001,"Wednesday, Apr 10"
2024,COL,SEA,0,0.4107142857142857,"Saturday, Apr 20"
2024,COL,SEA,1,0.49019607843137253,"Sunday, Apr 21 (1)"
2024,COL,SEA,0,0.4254658385093168,"Sunday, Apr 21 (2)"
2024,COL,SDP,0,0.1891891891891892,"Monday, Apr 22"
2024,COL,SDP,1,0.6433566433566433,"Tuesday, Apr 23"
2024,COL,SDP,0,0.2777777777777778,"Wednesday, Apr 24"
2024,COL,SDP,1,0.8642878850628942,"Thursday, Apr 25"
2024,COL,HOU,0,0.5915492957746479,"Saturday, Apr 27"
2024,COL,HOU,0,0.5477477477477477,"Sunday, Apr 28"
2024,COL,SFG,0,0.49019607843137253,"Tuesday, May 7"
2024,COL,SFG,0,0.5957446808510638,"Wednesday, May 8"
2024,COL,SFG,1,0.5477477477477477,"Thursday, May 9"
2024,COL,TEX,1,0.4254658385093168,"Friday, May 10"
2024,COL,TEX,1,0.5957446808510638,"Saturday, May 11"
2024,COL,TEX,1,0.4107142857142857,"Sunday, May 12"
2024,COL,PHI,1,0.5477477477477477,"Friday, May 24"
2024,COL,PHI,0,0.01,"Saturday, May 25"
2024,COL,PHI,1,0.6363636363636364,"Sunday, May 26"
2024,COL,CLE,1,0.4254658385093168,"Monday, May 27"
2024,COL,CLE,0,0.02893426836049408,"Tuesday, May 28"
2024,COL,CLE,1,0.6433566433566433,"Wednesday, May 29"
2024,COL,CIN,0,0.4254658385093168,"Monday, Jun 3"
2024,COL,CIN,0,0.39915062615150093,"Tuesday, Jun 4"
2024,COL,CIN,0,0.5915492957746479,"Wednesday, Jun 5"
2024,COL,PIT,0,0.33962264150943394,"Friday, Jun 14"
2024,COL,PIT,1,0.5477477477477477,"Saturday, Jun 15"
2024,COL,PIT,0,0.4254658385093168,"Sunday, Jun 16"
2024,COL,LAD,0,0.4254658385093168,"Monday, Jun 17"
2024,COL,LAD,0,0.5477477477477477,"Tuesday, Jun 18"
2024,COL,LAD,1,0.6433566433566433,"Wednesday, Jun 19"
2024,COL,LAD,0,0.01,"Thursday, Jun 20"
2024,COL,WSN,0,0.33962264150943394,"Friday, Jun 21"
2024,COL,WSN,1,0.5477477477477477,"Saturday, Jun 22"
2024,COL,WSN,0,0.4254658385093168,"Sunday, Jun 23"
2024,COL,MIL,1,0.4254658385093168,"Monday, Jul 1"
2024,COL,MIL,0,0.4254658385093168,"Tuesday, Jul 2"
2024,COL,MIL,0,0.01,"Wednesday, Jul 3"
2024,COL,MIL,1,0.7333333333333333,"Thursday, Jul 4"
2024,COL,KCR,1,0.5477477477477477,"Friday, Jul 5"
2024,COL,KCR,1,0.7543859649122807,"Saturday, Jul 6"
2024,COL,KCR,0,0.09523809523809523,"Sunday, Jul 7"
2024,COL,SFG,1,0.4254658385093168,"Friday, Jul 19"
2024,COL,SFG,1,0.7508671795045645,"Saturday, Jul 20"
2024,COL,SFG,0,0.2777777777777778,"Sunday, Jul 21"
2024,COL,BOS,1,0.6666666666666666,"Monday, Jul 22"
2024,COL,BOS,0,0.33962264150943394,"Tuesday, Jul 23"
2024,COL,BOS,1,0.5000000000000001,"Wednesday, Jul 24"
2024,COL,NYM,1,0.7543859649122807,"Tuesday, Aug 6"
2024,COL,NYM,0,0.5915492957746479,"Wednesday, Aug 7"
2024,COL,NYM,0,0.07559661995294416,"Thursday, Aug 8"
2024,COL,ATL,1,0.6433566433566433,"Friday, Aug 9"
2024,COL,ATL,0,0.5477477477477477,"Saturday, Aug 10"
2024,COL,ATL,1,0.5477477477477477,"Sunday, Aug 11"
2024,COL,SDP,1,0.2268694773253569,"Friday, Aug 16"
2024,COL,SDP,0,0.01,"Saturday, Aug 17"
2024,COL,SDP,1,0.5957446808510638,"Sunday, Aug 18"
2024,COL,MIA,1,0.5957446808510638,"Monday, Aug 26"
2024,COL,MIA,0,0.5477477477477477,"Tuesday, Aug 27"
2024,COL,MIA,1,0.5000000000000001,"Wednesday, Aug 28"
2024,COL,MIA,0,0.5477477477477477,"Thursday, Aug 29"
2024,COL,BAL,0,0.1891891891891892,"Friday, Aug 30"
2024,COL,BAL,1,0.5714285714285714,"Saturday, Aug 31"
2024,COL,BAL,0,0.05663287144141234,"Sunday, Sep 1"
2024,COL,CHC,1,0.4254658385093168,"Friday, Sep 13"
2024,COL,CHC,1,0.4254658385093168,"Saturday, Sep 14"
2024,COL,CHC,0,0.5000000000000001,"Sunday, Sep 15"
2024,COL,ARI,1,0.5714285714285714,"Monday, Sep 16"
2024,COL,ARI,1,0.5477477477477477,"Tuesday, Sep 17"
2024,COL,ARI,0,0.4254658385093168,"Wednesday, Sep 18"
2024,COL,STL,0,0.4107142857142857,"Tuesday, Sep 24"
2024,COL,STL,0,0.4107142857142857,"Wednesday, Sep 25"
2024,COL,STL,1,0.5477477477477477,"Thursday, Sep 26"
2024,COL,LAD,0,0.33962264150943394,"Friday, Sep 27"
2024,COL,LAD,0,0.1891891891891892,"Saturday, Sep 28"
2024,COL,LAD,0,0.33962264150943394,"Sunday, Sep 29"
2024,DET,OAK,1,0.5477477477477477,"Friday, Apr 5"
2024,DET,OAK,0,0.5477477477477477,"Saturday, Apr 6"
2024,DET,OAK,0,0.4254658385093168,"Sunday, Apr 7"
2024,DET,MIN,1,0.5714285714285714,"Friday, Apr 12"
2024,DET,MIN,0,0.5000000000000001,"Saturday, Apr 13 (1)"
2024,DET,MIN,0,0.4254658385093168,"Saturday, Apr 13 (2)"
2024,DET,MIN,1,0.4254658385093168,"Sunday, Apr 14"
2024,DET,TEX,0,0.5000000000000001,"Monday, Apr 15"
2024,DET,TEX,1,0.5477477477477477,"Tuesday, Apr 16"
2024,DET,TEX,0,0.5477477477477477,"Wednesday, Apr 17"
2024,DET,TEX,0,0.6433566433566433,"Thursday, Apr 18"
2024,DET,KCR,0,0.49019607843137253,"Friday, Apr 26"
2024,DET,KCR,1,0.4254658385093168,"Saturday, Apr 27"
2024,DET,KCR,1,0.33962264150943394,"Sunday, Apr 28"
2024,DET,STL,0,0.4254658385093168,"Tuesday, Apr 30 (1)"
2024,DET,STL,1,0.5477477477477477,"Tuesday, Apr 30 (2)"
2024,DET,STL,1,0.5000000000000001,"Wednesday, May 1"
2024,DET,HOU,0,0.7333333333333333,"Friday, May 10"
2024,DET,HOU,1,0.6666666666666666,"Saturday, May 11"
2024,DET,HOU,0,0.5477477477477477,"Sunday, May 12"
2024,DET,MIA,1,0.6433566433566433,"Monday, May 13"
2024,DET,MIA,0,0.9,"Tuesday, May 14"
2024,DET,MIA,0,0.5000000000000001,"Wednesday, May 15"
2024,DET,TOR,0,0.5000000000000001,"Thursday, May 23"
2024,DET,TOR,1,0.5477477477477477,"Friday, May 24"
2024,DET,TOR,1,0.5915492957746479,"Saturday, May 25"
2024,DET,TOR,1,0.5477477477477477,"Sunday, May 26"
2024,DET,PIT,1,0.5477477477477477,"Wednesday, May 29 (1)"
2024,DET,PIT,0,0.6875,"Wednesday, May 29 (2)"
2024,DET,MIL,0,0.4254658385093168,"Friday, Jun 7"
2024,DET,MIL,0,0.4107142857142857,"Saturday, Jun 8"
2024,DET,MIL,1,0.4107142857142857,"Sunday, Jun 9"
2024,DET,WSN,0,0.5000000000000001,"Tuesday, Jun 11"
2024,DET,WSN,0,0.4254658385093168,"Wednesday, Jun 12"
2024,DET,WSN,1,0.49019607843137253,"Thursday, Jun 13"
2024,DET,CHW,1,0.5714285714285714,"Friday, Jun 21"
2024,DET,CHW,0,0.5915492957746479,"Saturday, Jun 22"
2024,DET,CHW,1,0.49019607843137253,"Sunday, Jun 23"
2024,DET,PHI,0,0.09523809523809523,"Monday, Jun 24"
2024,DET,PHI,1,0.5477477477477477,"Tuesday, Jun 25"
2024,DET,PHI,0,0.4254658385093168,"Wednesday, Jun 26"
2024,DET,CLE,1,0.4254658385093168,"Monday, Jul 8"
2024,DET,CLE,0,0.6363636363636364,"Tuesday, Jul 9"
2024,DET,CLE,1,0.5915492957746479,"Wednesday, Jul 10"
2024,DET,CLE,1,0.5000000000000001,"Thursday, Jul 11"
2024,DET,LAD,0,0.5477477477477477,"Friday, Jul 12"
2024,DET,LAD,1,0.6433566433566433,"Saturday, Jul 13"
2024,DET,LAD,1,0.5957446808510638,"Sunday, Jul 14"
2024,DET,MIN,0,0.2777777777777778,"Friday, Jul 26"
2024,DET,MIN,1,0.2777777777777778,"Saturday, Jul 27"
2024,DET,MIN,0,0.4254658385093168,"Sunday, Jul 28"
2024,DET,CLE,0,0.2777777777777778,"Monday, Jul 29"
2024,DET,CLE,0,0.4254658385093168,"Tuesday, Jul 30"
2024,DET,KCR,0,0.2,"Thursday, Aug 1"
2024,DET,KCR,0,0.5477477477477477,"Friday, Aug 2"
2024,DET,KCR,1,0.4254658385093168,"Saturday, Aug 3"
2024,DET,KCR,0,0.4254658385093168,"Sunday, Aug 4"
2024,DET,SEA,1,0.2777777777777778,"Tuesday, Aug 13"
2024,DET,SEA,1,0.4254658385093168,"Wednesday, Aug 14"
2024,DET,SEA,1,0.4254658385093168,"Thursday, Aug 15"
2024,DET,NYY,0,0.2777777777777778,"Friday, Aug 16"
2024,DET,NYY,1,0.5477477477477477,"Saturday, Aug 17"
2024,DET,NYY,1,0.4107142857142857,"Sunday, Aug 18"
2024,DET,LAA,1,0.9,"Tuesday, Aug 27"
2024,DET,LAA,1,0.7333333333333333,"Wednesday, Aug 28"
2024,DET,LAA,0,0.6433566433566433,"Thursday, Aug 29"
2024,DET,BOS,0,0.5000000000000001,"Friday, Aug 30"
2024,DET,BOS,1,0.49019607843137253,"Saturday, Aug 31"
2024,DET,BOS,1,0.6433566433566433,"Sunday, Sep 1"
2024,DET,COL,1,0.5477477477477477,"Tuesday, Sep 10"
2024,DET,COL,1,0.9,"Wednesday, Sep 11"
2024,DET,COL,0,0.7333333333333333,"Thursday, Sep 12"
2024,DET,BAL,1,0.6433566433566433,"Friday, Sep 13"
2024,DET,BAL,0,0.5477477477477477,"Saturday, Sep 14"
2024,DET,BAL,1,0.5477477477477477,"Sunday, Sep 15"
2024,DET,TBR,1,0.49019607843137253,"Tuesday, Sep 24"
2024,DET,TBR,1,0.5714285714285714,"Wednesday, Sep 25"
2024,DET,TBR,1,0.5000000000000001,"Thursday, Sep 26"
2024,DET,CHW,1,0.9,"Friday, Sep 27"
2024,DET,CHW,0,0.6875,"Saturday, Sep 28"
2024,DET,CHW,0,0.4254658385093168,"Sunday, Sep 29"
2024,HOU,NYY,0,0.6433566433566433,"Thursday, Mar 28"
2024,HOU,NYY,0,0.6666666666666666,"Friday, Mar 29"
2024,HOU,NYY,0,0.49019607843137253,"Saturday, Mar 30"
2024,HOU,NYY,0,0.4254658385093168,"Sunday, Mar 31"
2024,HOU,TOR,1,0.5477477477477477,"Monday, Apr 1"
2024,HOU,TOR,0,0.5477477477477477,"Tuesday, Apr 2"
2024,HOU,TOR,1,0.6433566433566433,"Wednesday, Apr 3"
2024,HOU,TEX,0,0.5477477477477477,"Friday, Apr 12"
2024,HOU,TEX,1,0.5477477477477477,"Saturday, Apr 13"
2024,HOU,TEX,1,0.6363636363636364,"Sunday, Apr 14"
2024,HOU,ATL,0,0.4254658385093168,"Monday, Apr 15"
2024,HOU,ATL,0,0.2777777777777778,"Tuesday, Apr 16"
2024,HOU,ATL,0,0.5477477477477477,"Wednesday, Apr 17"
2024,HOU,CLE,1,0.6666666666666666,"Tuesday, Apr 30"
2024,HOU,CLE,0,0.5477477477477477,"Wednesday, May 1"
2024,HOU,CLE,1,0.6433566433566433,"Thursday, May 2"
2024,HOU,SEA,1,0.49019607843137253,"Friday, May 3"
2024,HOU,SEA,0,0.49019607843137253,"Saturday, May 4"
2024,HOU,SEA,0,0.49019607843137253,"Sunday, May 5"
2024,HOU,OAK,1,0.6433566433566433,"Monday, May 13"
2024,HOU,OAK,1,0.5477477477477477,"Tuesday, May 14"
2024,HOU,OAK,1,0.6363636363636364,"Wednesday, May 15"
2024,HOU,OAK,1,0.5714285714285714,"Thursday, May 16"
2024,HOU,MIL,1,0.5477477477477477,"Friday, May 17"
2024,HOU,MIL,0,0.4254658385093168,"Saturday, May 18"
2024,HOU,MIL,1,0.5477477477477477,"Sunday, May 19"
2024,HOU,LAA,0,0.4254658385093168,"Monday, May 20"
2024,HOU,LAA,1,0.5477477477477477,"Tuesday, May 21"
2024,HOU,LAA,0,0.5000000000000001,"Wednesday, May 22"
2024,HOU,MIN,0,0.4254658385093168,"Friday, May 31"
2024,HOU,MIN,1,0.5000000000000001,"Saturday, Jun 1"
2024,HOU,MIN,0,0.4254658385093168,"Sunday, Jun 2"
2024,HOU,STL,1,0.4254658385093168,"Monday, Jun 3"
2024,HOU,STL,1,0.5477477477477477,"Tuesday, Jun 4"
2024,HOU,STL,0,0.4254658385093168,"Wednesday, Jun 5"
2024,HOU,DET,1,0.5477477477477477,"Friday, Jun 14"
2024,HOU,DET,0,0.6433566433566433,"Saturday, Jun 15"
2024,HOU,DET,1,0.5957446808510638,"Sunday, Jun 16"
2024,HOU,BAL,1,0.7543859649122807,"Friday, Jun 21"
2024,HOU,BAL,1,0.6433566433566433,"Saturday, Jun 22"
2024,HOU,BAL,1,0.5915492957746479,"Sunday, Jun 23"
2024,HOU,COL,1,0.7543859649122807,"Tuesday, Jun 25"
2024,HOU,COL,1,0.9,"Wednesday, Jun 26"
2024,HOU,MIA,1,0.9,"Tuesday, Jul 9"
2024,HOU,MIA,1,0.9,"Wednesday, Jul 10"
2024,HOU,MIA,1,0.9,"Thursday, Jul 11"
2024,HOU,TEX,1,0.5477477477477477,"Friday, Jul 12"
2024,HOU,TEX,0,0.4254658385093168,"Saturday, Jul 13"
2024,HOU,TEX,0,0.4254658385093168,"Sunday, Jul 14"
2024,HOU,LAD,1,0.4254658385093168,"Friday, Jul 26"
2024,HOU,LAD,1,0.5000000000000001,"Saturday, Jul 27"
2024,HOU,LAD,0,0.5000000000000001,"Sunday, Jul 28"
2024,HOU,PIT,0,0.5957446808510638,"Monday, Jul 29"
2024,HOU,PIT,0,0.4254658385093168,"Tuesday, Jul 30"
2024,HOU,PIT,1,0.5477477477477477,"Wednesday, Jul 31"
2024,HOU,TBR,1,0.5477477477477477,"Friday, Aug 2"
2024,HOU,TBR,0,0.4254658385093168,"Saturday, Aug 3"
2024,HOU,TBR,0,0.4254658385093168,"Sunday, Aug 4"
2024,HOU,CHW,0,0.6666666666666666,"Friday, Aug 16"
2024,HOU,CHW,1,0.99,"Saturday, Aug 17"
2024,HOU,CHW,1,0.99,"Sunday, Aug 18"
2024,HOU,BOS,1,0.5477477477477477,"Monday, Aug 19"
2024,HOU,BOS,0,0.7333333333333333,"Tuesday, Aug 20"
2024,HOU,BOS,0,0.6433566433566433,"Wednesday, Aug 21"
2024,HOU,KCR,1,0.5477477477477477,"Thursday, Aug 29"
2024,HOU,KCR,1,0.6363636363636364,"Friday, Aug 30"
2024,HOU,KCR,1,0.4254658385093168,"Saturday, Aug 31"
2024,HOU,KCR,1,0.6666666666666666,"Sunday, Sep 1"
2024,HOU,ARI,1,0.4254658385093168,"Friday, Sep 6"
2024,HOU,ARI,1,0.5477477477477477,"Saturday, Sep 7"
2024,HOU,ARI,0,0.6433566433566433,"Sunday, Sep 8"
2024,HOU,OAK,0,0.4254658385093168,"Tuesday, Sep 10"
2024,HOU,OAK,0,0.4254658385093168,"Wednesday, Sep 11"
2024,HOU,OAK,1,0.5477477477477477,"Thursday, Sep 12"
2024,HOU,LAA,1,0.5915492957746479,"Thursday, Sep 19"
2024,HOU,LAA,1,0.96875,"Friday, Sep 20"
2024,HOU,LAA,1,0.96875,"Saturday, Sep 21"
2024,HOU,LAA,0,0.5477477477477477,"Sunday, Sep 22"
2024,HOU,SEA,0,0.5477477477477477,"Monday, Sep 23"
2024,HOU,SEA,1,0.6433566433566433,"Tuesday, Sep 24"
2024,HOU,SEA,0,0.5957446808510638,"Wednesday, Sep 25"
2024,KCR,MIN,0,0.5477477477477477,"Thursday, Mar 28"
2024,KCR,MIN,0,0.5000000000000001,"Saturday, Mar 30"
2024,KCR,MIN,1,0.4254658385093168,"Sunday, Mar 31"
2024,KCR,CHW,1,0.5477477477477477,"Thursday, Apr 4"
2024,KCR,CHW,1,0.5477477477477477,"Friday, Apr 5"
2024,KCR,CHW,1,0.7543859649122807,"Saturday, Apr 6"
2024,KCR,CHW,1,0.4254658385093168,"Sunday, Apr 7"
2024,KCR,HOU,1,0.4254658385093168,"Tuesday, Apr 9"
2024,KCR,HOU,1,0.25,"Wednesday, Apr 10"
2024,KCR,HOU,1,0.4107142857142857,"Thursday, Apr 11"
2024,KCR,BAL,1,0.5477477477477477,"Friday, Apr 19"
2024,KCR,BAL,0,0.4254658385093168,"Saturday, Apr 20"
2024,KCR,BAL,0,0.5477477477477477,"Sunday, Apr 21"
2024,KCR,TOR,0,0.5000000000000001,"Monday, Apr 22"
2024,KCR,TOR,1,0.4254658385093168,"Tuesday, Apr 23"
2024,KCR,TOR,1,0.5000000000000001,"Wednesday, Apr 24"
2024,KCR,TOR,1,0.5477477477477477,"Thursday, Apr 25"
2024,KCR,TEX,1,0.5477477477477477,"Friday, May 3"
2024,KCR,TEX,0,0.5000000000000001,"Saturday, May 4"
2024,KCR,TEX,0,0.5477477477477477,"Sunday, May 5"
2024,KCR,MIL,1,0.5477477477477477,"Monday, May 6"
2024,KCR,MIL,0,0.6666666666666666,"Tuesday, May 7"
2024,KCR,MIL,1,0.5477477477477477,"Wednesday, May 8"
2024,KCR,OAK,1,0.5957446808510638,"Friday, May 17"
2024,KCR,OAK,1,0.96875,"Saturday, May 18"
2024,KCR,OAK,1,0.9,"Sunday, May 19"
2024,KCR,DET,1,0.5957446808510638,"Monday, May 20"
2024,KCR,DET,1,0.7543859649122807,"Tuesday, May 21"
2024,KCR,DET,1,0.5477477477477477,"Wednesday, May 22"
2024,KCR,SDP,0,0.49019607843137253,"Friday, May 31"
2024,KCR,SDP,0,0.4254658385093168,"Saturday, Jun 1"
2024,KCR,SDP,1,0.4254658385093168,"Sunday, Jun 2"
2024,KCR,SEA,1,0.4254658385093168,"Friday, Jun 7"
2024,KCR,SEA,1,0.5000000000000001,"Saturday, Jun 8"
2024,KCR,SEA,0,0.5714285714285714,"Sunday, Jun 9"
2024,KCR,NYY,0,0.5477477477477477,"Monday, Jun 10"
2024,KCR,NYY,0,0.5000000000000001,"Tuesday, Jun 11"
2024,KCR,NYY,0,0.49019607843137253,"Wednesday, Jun 12"
2024,KCR,NYY,1,0.6363636363636364,"Thursday, Jun 13"
2024,KCR,MIA,1,0.6363636363636364,"Monday, Jun 24"
2024,KCR,MIA,0,0.5477477477477477,"Tuesday, Jun 25"
2024,KCR,MIA,1,0.49019607843137253,"Wednesday, Jun 26"
2024,KCR,CLE,1,0.6433566433566433,"Thursday, Jun 27"
2024,KCR,CLE,1,0.5477477477477477,"Friday, Jun 28"
2024,KCR,CLE,0,0.4254658385093168,"Saturday, Jun 29"
2024,KCR,CLE,1,0.33962264150943394,"Sunday, Jun 30"
2024,KCR,TBR,0,0.4254658385093168,"Tuesday, Jul 2"
2024,KCR,TBR,1,0.4254658385093168,"Wednesday, Jul 3"
2024,KCR,TBR,0,0.4254658385093168,"Thursday, Jul 4"
2024,KCR,CHW,1,0.9,"Friday, Jul 19"
2024,KCR,CHW,1,0.7543859649122807,"Saturday, Jul 20"
2024,KCR,CHW,1,0.96875,"Sunday, Jul 21"
2024,KCR,ARI,1,0.49019607843137253,"Monday, Jul 22"
2024,KCR,ARI,0,0.5000000000000001,"Tuesday, Jul 23"
2024,KCR,ARI,0,0.49019607843137253,"Wednesday, Jul 24"
2024,KCR,CHC,1,0.5477477477477477,"Friday, Jul 26"
2024,KCR,CHC,0,0.5477477477477477,"Saturday, Jul 27"
2024,KCR,CHC,0,0.5477477477477477,"Sunday, Jul 28"
2024,KCR,BOS,0,0.4254658385093168,"Monday, Aug 5"
2024,KCR,BOS,0,0.5477477477477477,"Tuesday, Aug 6"
2024,KCR,BOS,1,0.5000000000000001,"Wednesday, Aug 7"
2024,KCR,STL,0,0.4254658385093168,"Friday, Aug 9"
2024,KCR,STL,1,0.5477477477477477,"Saturday, Aug 10"
2024,KCR,LAA,1,0.9,"Monday, Aug 19"
2024,KCR,LAA,0,0.4254658385093168,"Tuesday, Aug 20"
2024,KCR,LAA,1,0.5915492957746479,"Wednesday, Aug 21"
2024,KCR,PHI,1,0.5000000000000001,"Friday, Aug 23"
2024,KCR,PHI,0,0.5477477477477477,"Saturday, Aug 24"
2024,KCR,PHI,0,0.5915492957746479,"Sunday, Aug 25"
2024,KCR,CLE,0,0.5000000000000001,"Monday, Sep 2"
2024,KCR,CLE,0,0.4254658385093168,"Tuesday, Sep 3"
2024,KCR,CLE,1,0.4254658385093168,"Wednesday, Sep 4"
2024,KCR,MIN,1,0.5477477477477477,"Friday, Sep 6"
2024,KCR,MIN,1,0.6363636363636364,"Saturday, Sep 7"
2024,KCR,MIN,1,0.5915492957746479,"Sunday, Sep 8"
2024,KCR,DET,0,0.4254658385093168,"Monday, Sep 16"
2024,KCR,DET,0,0.4254658385093168,"Tuesday, Sep 17"
2024,KCR,DET,0,0.1891891891891892,"Wednesday, Sep 18"
2024,KCR,SFG,0,0.4254658385093168,"Friday, Sep 20"
2024,KCR,SFG,0,0.5477477477477477,"Saturday, Sep 21"
2024,KCR,SFG,0,0.5000000000000001,"Sunday, Sep 22"
2024,LAA,BOS,0,0.4254658385093168,"Friday, Apr 5"
2024,LAA,BOS,1,0.5000000000000001,"Saturday, Apr 6"
2024,LAA,BOS,0,0.4254658385093168,"Sunday, Apr 7"
2024,LAA,TBR,1,0.6363636363636364,"Monday, Apr 8"
2024,LAA,TBR,0,0.4107142857142857,"Tuesday, Apr 9"
2024,LAA,TBR,0,0.4254658385093168,"Wednesday, Apr 10"
2024,LAA,BAL,0,0.2777777777777778,"Monday, Apr 22"
2024,LAA,BAL,1,0.7543859649122807,"Tuesday, Apr 23"
2024,LAA,BAL,0,0.33962264150943394,"Wednesday, Apr 24"
2024,LAA,MIN,0,0.33962264150943394,"Friday, Apr 26"
2024,LAA,MIN,0,0.2777777777777778,"Saturday, Apr 27"
2024,LAA,MIN,0,0.33962264150943394,"Sunday, Apr 28"
2024,LAA,PHI,1,0.4254658385093168,"Monday, Apr 29"
2024,LAA,PHI,0,0.49019607843137253,"Tuesday, Apr 30"
2024,LAA,PHI,0,0.01,"Wednesday, May 1"
2024,LAA,KCR,0,0.33962264150943394,"Thursday, May 9"
2024,LAA,KCR,0,0.5000000000000001,"Friday, May 10"
2024,LAA,KCR,1,0.6433566433566433,"Saturday, May 11"
2024,LAA,KCR,0,0.01,"Sunday, May 12"
2024,LAA,STL,0,0.5477477477477477,"Monday, May 13"
2024,LAA,STL,0,0.5477477477477477,"Tuesday, May 14"
2024,LAA,STL,1,0.5477477477477477,"Wednesday, May 15"
2024,LAA,CLE,0,0.09523809523809523,"Friday, May 24"
2024,LAA,CLE,0,0.01,"Saturday, May 25"
2024,LAA,CLE,0,0.1891891891891892,"Sunday, May 26"
2024,LAA,NYY,1,0.5915492957746479,"Tuesday, May 28"
2024,LAA,NYY,0,0.1891891891891892,"Wednesday, May 29"
2024,LAA,NYY,0,0.0625,"Thursday, May 30"
2024,LAA,SDP,1,0.5477477477477477,"Monday, Jun 3"
2024,LAA,SDP,1,0.5477477477477477,"Tuesday, Jun 4"
2024,LAA,SDP,1,0.6363636363636364,"Wednesday, Jun 5"
2024,LAA,HOU,0,0.1891891891891892,"Friday, Jun 7"
2024,LAA,HOU,0,0.5477477477477477,"Saturday, Jun 8"
2024,LAA,HOU,1,0.5915492957746479,"Sunday, Jun 9"
2024,LAA,MIL,1,0.6875,"Monday, Jun 17"
2024,LAA,MIL,0,0.09523809523809523,"Tuesday, Jun 18"
2024,LAA,MIL,0,0.25,"Wednesday, Jun 19"
2024,LAA,OAK,1,0.49019607843137253,"Monday, Jun 24"
2024,LAA,OAK,1,0.5000000000000001,"Tuesday, Jun 25"
2024,LAA,OAK,1,0.5000000000000001,"Wednesday, Jun 26"
2024,LAA,DET,1,0.5332188401567551,"Thursday, Jun 27"
2024,LAA,DET,1,0.5000000000000001,"Friday, Jun 28"
2024,LAA,DET,1,0.49019607843137253,"Saturday, Jun 29"
2024,LAA,DET,0,0.5477477477477477,"Sunday, Jun 30"
2024,LAA,TEX,0,0.4107142857142857,"Monday, Jul 8"
2024,LAA,TEX,0,0.6433566433566433,"Tuesday, Jul 9"
2024,LAA,TEX,1,0.5477477477477477,"Wednesday, Jul 10"
2024,LAA,SEA,0,0.4254658385093168,"Thursday, Jul 11"
2024,LAA,SEA,1,0.5000000000000001,"Friday, Jul 12"
2024,LAA,SEA,1,0.6363636363636364,"Saturday, Jul 13"
2024,LAA,SEA,1,0.4254658385093168,"Sunday, Jul 14"
2024,LAA,OAK,0,0.4107142857142857,"Thursday, Jul 25"
2024,LAA,OAK,0,0.4254658385093168,"Friday, Jul 26"
2024,LAA,OAK,0,0.4254658385093168,"Saturday, Jul 27"
2024,LAA,OAK,1,0.5000000000000001,"Sunday, Jul 28"
2024,LAA,COL,1,0.7543859649122807,"Tuesday, Jul 30"
2024,LAA,COL,0,0.5000000000000001,"Wednesday, Jul 31"
2024,LAA,COL,0,0.7333333333333333,"Thursday, Aug 1"
2024,LAA,NYM,0,0.4107142857142857,"Friday, Aug 2"
2024,LAA,NYM,1,0.4107142857142857,"Saturday, Aug 3"
2024,LAA,NYM,1,0.5477477477477477,"Sunday, Aug 4"
2024,LAA,TOR,0,0.4254658385093168,"Monday, Aug 12"
2024,LAA,TOR,0,0.4254658385093168,"Tuesday, Aug 13"
2024,LAA,TOR,0,0.49019607843137253,"Wednesday, Aug 14"
2024,LAA,ATL,1,0.4254658385093168,"Friday, Aug 16"
2024,LAA,ATL,0,0.01,"Saturday, Aug 17"
2024,LAA,ATL,0,0.2777777777777778,"Sunday, Aug 18"
2024,LAA,SEA,0,0.4254658385093168,"Friday, Aug 30"
2024,LAA,SEA,1,0.2,"Saturday, Aug 31"
2024,LAA,SEA,1,0.6433566433566433,"Sunday, Sep 1"
2024,LAA,LAD,0,0.4254658385093168,"Tuesday, Sep 3"
2024,LAA,LAD,1,0.6433566433566433,"Wednesday, Sep 4"
2024,LAA,HOU,0,0.4254658385093168,"Friday, Sep 13"
2024,LAA,HOU,0,0.33962264150943394,"Saturday, Sep 14"
2024,LAA,HOU,0,0.33962264150943394,"Sunday, Sep 15"
2024,LAA,CHW,0,0.5477477477477477,"Monday, Sep 16"
2024,LAA,CHW,1,0.4254658385093168,"Tuesday, Sep 17"
2024,LAA,CHW,1,0.5477477477477477,"Wednesday, Sep 18"
2024,LAA,TEX,0,0.5000000000000001,"Friday, Sep 27"
2024,LAA,TEX,0,0.5477477477477477,"Saturday, Sep 28"
2024,LAA,TEX,0,0.2777777777777778,"Sunday, Sep 29"
2024,LAD,SDP,0,0.4254658385093168,"Thursday, Mar 21"
2024,LAD,STL,1,0.7333333333333333,"Thursday, Mar 28"
2024,LAD,STL,1,0.7333333333333333,"Friday, Mar 29"
2024,LAD,STL,0,0.5477477477477477,"Saturday, Mar 30"
2024,LAD,STL,1,0.5714285714285714,"Sunday, Mar 31"
2024,LAD,SFG,1,0.6875,"Monday, Apr 1"
2024,LAD,SFG,1,0.7543859649122807,"Tuesday, Apr 2"
2024,LAD,SFG,1,0.7543859649122807,"Wednesday, Apr 3"
2024,LAD,SDP,0,0.4254658385093168,"Friday, Apr 12"
2024,LAD,SDP,1,0.5000000000000001,"Saturday, Apr 13"
2024,LAD,SDP,0,0.49019607843137253,"Sunday, Apr 14"
2024,LAD,WSN,0,0.33962264150943394,"Monday, Apr 15"
2024,LAD,WSN,1,0.9,"Tuesday, Apr 16"
2024,LAD,WSN,0,0.33962264150943394,"Wednesday, Apr 17"
2024,LAD,NYM,0,0.5477477477477477,"Friday, Apr 19"
2024,LAD,NYM,0,0.5477477477477477,"Saturday, Apr 20"
2024,LAD,NYM,1,0.7333333333333333,"Sunday, Apr 21"
2024,LAD,ATL,1,0.6433566433566433,"Friday, May 3"
2024,LAD,ATL,1,0.6433566433566433,"Saturday, May 4"
2024,LAD,ATL,1,0.5477477477477477,"Sunday, May 5"
2024,LAD,MIA,1,0.6433566433566433,"Monday, May 6"
2024,LAD,MIA,1,0.9,"Tuesday, May 7"
2024,LAD,MIA,1,0.96875,"Wednesday, May 8"
2024,LAD,CIN,0,0.4107142857142857,"Thursday, May 16"
2024,LAD,CIN,1,0.6433566433566433,"Friday, May 17"
2024,LAD,CIN,1,0.7543859649122807,"Saturday, May 18"
2024,LAD,CIN,1,0.5000000000000001,"Sunday, May 19"
2024,LAD,ARI,1,0.96875,"Monday, May 20"
2024,LAD,ARI,0,0.4107142857142857,"Tuesday, May 21"
2024,LAD,ARI,0,0.4107142857142857,"Wednesday, May 22"
2024,LAD,COL,0,0.7333333333333333,"Friday, May 31"
2024,LAD,COL,1,0.96875,"Saturday, Jun 1"
2024,LAD,COL,1,0.96875,"Sunday, Jun 2"
2024,LAD,TEX,1,0.9,"Tuesday, Jun 11"
2024,LAD,TEX,0,0.6433566433566433,"Wednesday, Jun 12"
2024,LAD,TEX,0,0.49019607843137253,"Thursday, Jun 13"
2024,LAD,KCR,1,0.5477477477477477,"Friday, Jun 14"
2024,LAD,KCR,0,0.9,"Saturday, Jun 15"
2024,LAD,KCR,1,0.7543859649122807,"Sunday, Jun 16"
2024,LAD,LAA,0,0.6433566433566433,"Friday, Jun 21"
2024,LAD,LAA,1,0.9,"Saturday, Jun 22"
2024,LAD,ARI,1,0.5477477477477477,"Tuesday, Jul 2"
2024,LAD,ARI,0,0.4254658385093168,"Wednesday, Jul 3"
2024,LAD,ARI,0,0.4254658385093168,"Thursday, Jul 4"
2024,LAD,MIL,1,0.5915492957746479,"Friday, Jul 5"
2024,LAD,MIL,1,0.6433566433566433,"Saturday, Jul 6"
2024,LAD,MIL,0,0.5477477477477477,"Sunday, Jul 7"
2024,LAD,BOS,1,0.5477477477477477,"Friday, Jul 19"
2024,LAD,BOS,1,0.6433566433566433,"Saturday, Jul 20"
2024,LAD,BOS,1,0.7543859649122807,"Sunday, Jul 21"
2024,LAD,SFG,1,0.6433566433566433,"Monday, Jul 22"
2024,LAD,SFG,1,0.7543859649122807,"Tuesday, Jul 23"
2024,LAD,SFG,0,0.5477477477477477,"Wednesday, Jul 24"
2024,LAD,SFG,1,0.9,"Thursday, Jul 25"
2024,LAD,PHI,1,0.6666666666666666,"Monday, Aug 5"
2024,LAD,PHI,0,0.5477477477477477,"Tuesday, Aug 6"
2024,LAD,PHI,0,0.49019607843137253,"Wednesday, Aug 7"
2024,LAD,PIT,1,0.7333333333333333,"Friday, Aug 9"
2024,LAD,PIT,1,0.5477477477477477,"Saturday, Aug 10"
2024,LAD,PIT,1,0.9,"Sunday, Aug 11"
2024,LAD,SEA,1,0.6433566433566433,"Monday, Aug 19"
2024,LAD,SEA,1,0.7543859649122807,"Tuesday, Aug 20"
2024,LAD,SEA,1,0.7777777777777778,"Wednesday, Aug 21"
2024,LAD,TBR,1,0.4254658385093168,"Friday, Aug 23"
2024,LAD,TBR,0,0.4132270130992799,"Saturday, Aug 24"
2024,LAD,TBR,1,0.6433566433566433,"Sunday, Aug 25"
2024,LAD,BAL,0,0.4254658385093168,"Tuesday, Aug 27"
2024,LAD,BAL,1,0.5477477477477477,"Wednesday, Aug 28"
2024,LAD,BAL,1,0.5714285714285714,"Thursday, Aug 29"
2024,LAD,CLE,0,0.5000000000000001,"Friday, Sep 6"
2024,LAD,CLE,1,0.4254658385093168,"Saturday, Sep 7"
2024,LAD,CLE,1,0.5000000000000001,"Sunday, Sep 8"
2024,LAD,CHC,0,0.6433566433566433,"Monday, Sep 9"
2024,LAD,CHC,0,0.5477477477477477,"Tuesday, Sep 10"
2024,LAD,CHC,1,0.5915492957746479,"Wednesday, Sep 11"
2024,LAD,COL,1,0.7543859649122807,"Friday, Sep 20"
2024,LAD,COL,0,0.9,"Saturday, Sep 21"
2024,LAD,COL,1,0.6433566433566433,"Sunday, Sep 22"
2024,LAD,SDP,0,0.4254658385093168,"Tuesday, Sep 24"
2024,LAD,SDP,1,0.4254658385093168,"Wednesday, Sep 25"
2024,LAD,SDP,1,0.5477477477477477,"Thursday, Sep 26"
2024,MIA,PIT,0,0.6433566433566433,"Thursday, Mar 28"
2024,MIA,PIT,0,0.6363636363636364,"Friday, Mar 29"
2024,MIA,PIT,0,0.49019607843137253,"Saturday, Mar 30"
2024,MIA,PIT,0,0.4254658385093168,"Sunday, Mar 31"
2024,MIA,LAA,0,0.49019607843137253,"Monday, Apr 1"
2024,MIA,LAA,0,0.5477477477477477,"Tuesday, Apr 2"
2024,MIA,LAA,0,0.5477477477477477,"Wednesday, Apr 3"
2024,MIA,ATL,0,0.1891891891891892,"Friday, Apr 12"
2024,MIA,ATL,1,0.7390153723938768,"Saturday, Apr 13"
2024,MIA,ATL,0,0.5477477477477477,"Sunday, Apr 14"
2024,MIA,SFG,0,0.5477477477477477,"Monday, Apr 15"
2024,MIA,SFG,1,0.4254658385093168,"Tuesday, Apr 16"
2024,MIA,SFG,0,0.5915492957746479,"Wednesday, Apr 17"
2024,MIA,WSN,0,0.5477477477477477,"Friday, Apr 26"
2024,MIA,WSN,0,0.5477477477477477,"Saturday, Apr 27"
2024,MIA,WSN,0,0.4254658385093168,"Sunday, Apr 28"
2024,MIA,WSN,0,0.4254658385093168,"Monday, Apr 29"
2024,MIA,COL,1,0.7543859649122807,"Tuesday, Apr 30"
2024,MIA,COL,1,0.6875,"Wednesday, May 1"
2024,MIA,COL,1,0.6875,"Thursday, May 2"
2024,MIA,PHI,0,0.01,"Friday, May 10"
2024,MIA,PHI,0,0.0625,"Saturday, May 11"
2024,MIA,PHI,1,0.5000000000000001,"Sunday, May 12"
2024,MIA,NYM,1,0.6666666666666666,"Friday, May 17"
2024,MIA,NYM,1,0.5477477477477477,"Saturday, May 18"
2024,MIA,NYM,0,0.4023156652098893,"Sunday, May 19"
2024,MIA,MIL,1,0.4254658385093168,"Monday, May 20"
2024,MIA,MIL,0,0.4254658385093168,"Tuesday, May 21"
2024,MIA,MIL,1,0.7044100209389483,"Wednesday, May 22"
2024,MIA,TEX,1,0.4254658385093168,"Friday, May 31"
2024,MIA,TEX,0,0.2777777777777778,"Saturday, Jun 1"
2024,MIA,TEX,0,0.33962264150943394,"Sunday, Jun 2"
2024,MIA,TBR,0,0.33962264150943394,"Tuesday, Jun 4"
2024,MIA,TBR,0,0.6433566433566433,"Wednesday, Jun 5"
2024,MIA,CLE,1,0.5957446808510638,"Friday, Jun 7"
2024,MIA,CLE,0,0.4254658385093168,"Saturday, Jun 8"
2024,MIA,CLE,0,0.1891891891891892,"Sunday, Jun 9"
2024,MIA,STL,0,0.4254658385093168,"Monday, Jun 17"
2024,MIA,STL,1,0.4254658385093168,"Tuesday, Jun 18"
2024,MIA,STL,1,0.4254658385093168,"Wednesday, Jun 19"
2024,MIA,SEA,1,0.5915492957746479,"Friday, Jun 21"
2024,MIA,SEA,0,0.09523809523809523,"Saturday, Jun 22"
2024,MIA,SEA,1,0.6433566433566433,"Sunday, Jun 23"
2024,MIA,BOS,0,0.5477477477477477,"Tuesday, Jul 2"
2024,MIA,BOS,0,0.2777777777777778,"Wednesday, Jul 3"
2024,MIA,BOS,0,0.09523809523809523,"Thursday, Jul 4"
2024,MIA,CHW,0,0.5000000000000001,"Friday, Jul 5"
2024,MIA,CHW,1,0.5714285714285714,"Saturday, Jul 6"
2024,MIA,CHW,1,0.5477477477477477,"Sunday, Jul 7"
2024,MIA,NYM,1,0.6433566433566433,"Friday, Jul 19"
2024,MIA,NYM,0,0.13298479659525228,"Saturday, Jul 20"
2024,MIA,NYM,1,0.7333333333333333,"Sunday, Jul 21"
2024,MIA,NYM,0,0.2777777777777778,"Monday, Jul 22"
2024,MIA,BAL,1,0.6433566433566433,"Tuesday, Jul 23"
2024,MIA,BAL,1,0.4254658385093168,"Wednesday, Jul 24"
2024,MIA,BAL,0,0.6433566433566433,"Thursday, Jul 25"
2024,MIA,CIN,0,0.2777777777777778,"Monday, Aug 5"
2024,MIA,CIN,0,0.2777777777777778,"Tuesday, Aug 6"
2024,MIA,CIN,1,0.5477477477477477,"Wednesday, Aug 7"
2024,MIA,CIN,0,0.4254658385093168,"Thursday, Aug 8"
2024,MIA,SDP,0,0.09523809523809523,"Friday, Aug 9"
2024,MIA,SDP,0,0.05491285515917755,"Saturday, Aug 10"
2024,MIA,SDP,1,0.6903715538599221,"Sunday, Aug 11"
2024,MIA,ARI,0,0.09523809523809523,"Monday, Aug 19"
2024,MIA,ARI,0,0.5477477477477477,"Tuesday, Aug 20"
2024,MIA,ARI,0,0.5915492957746479,"Wednesday, Aug 21"
2024,MIA,CHC,0,0.49019607843137253,"Friday, Aug 23"
2024,MIA,CHC,0,0.09523809523809523,"Saturday, Aug 24"
2024,MIA,CHC,1,0.7543859649122807,"Sunday, Aug 25"
2024,MIA,WSN,0,0.4254658385093168,"Tuesday, Sep 3"
2024,MIA,WSN,1,0.6433566433566433,"Wednesday, Sep 4"
2024,MIA,PHI,0,0.01,"Thursday, Sep 5"
2024,MIA,PHI,0,0.01,"Friday, Sep 6"
2024,MIA,PHI,1,0.6433566433566433,"Saturday, Sep 7"
2024,MIA,PHI,1,0.5477477477477477,"Sunday, Sep 8"
2024,MIA,LAD,1,0.5477477477477477,"Tuesday, Sep 17"
2024,MIA,LAD,0,0.4254658385093168,"Wednesday, Sep 18"
2024,MIA,LAD,0,0.08067039362875686,"Thursday, Sep 19"
2024,MIA,ATL,1,0.7333333333333333,"Friday, Sep 20"
2024,MIA,ATL,0,0.2,"Saturday, Sep 21"
2024,MIA,ATL,0,0.5000000000000001,"Sunday, Sep 22"
2024,MIL,MIN,1,0.49019607843137253,"Tuesday, Apr 2"
2024,MIL,MIN,0,0.5000000000000001,"Wednesday, Apr 3"
2024,MIL,SEA,1,0.4254658385093168,"Friday, Apr 5"
2024,MIL,SEA,0,0.5000000000000001,"Saturday, Apr 6"
2024,MIL,SEA,1,0.5714285714285714,"Sunday, Apr 7"
2024,MIL,SDP,0,0.5477477477477477,"Monday, Apr 15"
2024,MIL,SDP,0,0.4254658385093168,"Tuesday, Apr 16"
2024,MIL,SDP,1,0.5477477477477477,"Wednesday, Apr 17"
2024,MIL,NYY,1,0.49019607843137253,"Friday, Apr 26"
2024,MIL,NYY,0,0.49019607843137253,"Saturday, Apr 27"
2024,MIL,NYY,0,0.5477477477477477,"Sunday, Apr 28"
2024,MIL,TBR,0,0.6875,"Monday, Apr 29"
2024,MIL,TBR,1,0.9,"Tuesday, Apr 30"
2024,MIL,TBR,1,0.6875,"Wednesday, May 1"
2024,MIL,STL,1,0.7543859649122807,"Thursday, May 9"
2024,MIL,STL,1,0.7333333333333333,"Friday, May 10"
2024,MIL,STL,1,0.6433566433566433,"Saturday, May 11"
2024,MIL,STL,0,0.5477477477477477,"Sunday, May 12"
2024,MIL,PIT,0,0.5000000000000001,"Monday, May 13"
2024,MIL,PIT,1,0.6433566433566433,"Tuesday, May 14"
2024,MIL,PIT,1,0.6433566433566433,"Wednesday, May 15"
2024,MIL,CHC,1,0.7333333333333333,"Monday, May 27"
2024,MIL,CHC,0,0.9,"Tuesday, May 28"
2024,MIL,CHC,1,0.6433566433566433,"Wednesday, May 29"
2024,MIL,CHC,1,0.5477477477477477,"Thursday, May 30"
2024,MIL,CHW,1,0.96875,"Friday, May 31"
2024,MIL,CHW,1,0.96875,"Saturday, Jun 1"
2024,MIL,CHW,1,0.96875,"Sunday, Jun 2"
2024,MIL,TOR,1,0.5477477477477477,"Monday, Jun 10"
2024,MIL,TOR,0,0.4107142857142857,"Tuesday, Jun 11"
2024,MIL,TOR,1,0.5477477477477477,"Wednesday, Jun 12"
2024,MIL,CIN,0,0.5000000000000001,"Friday, Jun 14"
2024,MIL,CIN,1,0.4254658385093168,"Saturday, Jun 15"
2024,MIL,CIN,1,0.6433566433566433,"Sunday, Jun 16"
2024,MIL,TEX,1,0.5477477477477477,"Monday, Jun 24"
2024,MIL,TEX,1,0.5000000000000001,"Tuesday, Jun 25"
2024,MIL,TEX,1,0.9,"Wednesday, Jun 26"
2024,MIL,CHC,1,0.7333333333333333,"Friday, Jun 28"
2024,MIL,CHC,0,0.7333333333333333,"Saturday, Jun 29"
2024,MIL,CHC,1,0.9,"Sunday, Jun 30"
2024,MIL,PIT,0,0.4107142857142857,"Tuesday, Jul 9"
2024,MIL,PIT,1,0.6433566433566433,"Wednesday, Jul 10"
2024,MIL,PIT,0,0.7543859649122807,"Thursday, Jul 11"
2024,MIL,WSN,0,0.5477477477477477,"Friday, Jul 12"
2024,MIL,WSN,0,0.7543859649122807,"Saturday, Jul 13"
2024,MIL,WSN,1,0.9,"Sunday, Jul 14"
2024,MIL,MIA,0,0.2777777777777778,"Friday, Jul 26"
2024,MIL,MIA,0,0.4254658385093168,"Saturday, Jul 27"
2024,MIL,MIA,1,0.7543859649122807,"Sunday, Jul 28"
2024,MIL,ATL,1,0.5477477477477477,"Monday, Jul 29"
2024,MIL,ATL,0,0.5477477477477477,"Tuesday, Jul 30"
2024,MIL,ATL,0,0.5477477477477477,"Wednesday, Jul 31"
2024,MIL,CIN,1,0.5000000000000001,"Friday, Aug 9"
2024,MIL,CIN,1,0.4254658385093168,"Saturday, Aug 10"
2024,MIL,CIN,0,0.6433566433566433,"Sunday, Aug 11"
2024,MIL,LAD,0,0.5477477477477477,"Monday, Aug 12"
2024,MIL,LAD,0,0.5477477477477477,"Tuesday, Aug 13"
2024,MIL,LAD,1,0.5477477477477477,"Wednesday, Aug 14"
2024,MIL,LAD,1,0.5000000000000001,"Thursday, Aug 15"
2024,MIL,CLE,1,0.4107142857142857,"Friday, Aug 16"
2024,MIL,CLE,1,0.4254658385093168,"Saturday, Aug 17"
2024,MIL,CLE,1,0.5477477477477477,"Sunday, Aug 18"
2024,MIL,SFG,0,0.5915492957746479,"Tuesday, Aug 27"
2024,MIL,SFG,1,0.5000000000000001,"Wednesday, Aug 28"
2024,MIL,SFG,1,0.4254658385093168,"Thursday, Aug 29"
2024,MIL,STL,1,0.5477477477477477,"Monday, Sep 2"
2024,MIL,STL,0,0.6875,"Tuesday, Sep 3"
2024,MIL,STL,0,0.5957446808510638,"Wednesday, Sep 4"
2024,MIL,COL,0,0.4254658385093168,"Friday, Sep 6"
2024,MIL,COL,1,0.96875,"Saturday, Sep 7"
2024,MIL,COL,0,0.1891891891891892,"Sunday, Sep 8"
2024,MIL,PHI,1,0.4254658385093168,"Monday, Sep 16"
2024,MIL,PHI,0,0.5000000000000001,"Tuesday, Sep 17"
2024,MIL,PHI,1,0.5000000000000001,"Wednesday, Sep 18"
2024,MIL,ARI,0,0.5000000000000001,"Thursday, Sep 19"
2024,MIL,ARI,0,0.5477477477477477,"Friday, Sep 20"
2024,MIL,ARI,0,0.5477477477477477,"Saturday, Sep 21"
2024,MIL,ARI,1,0.5000000000000001,"Sunday, Sep 22"
2024,MIL,NYM,1,0.5477477477477477,"Friday, Sep 27"
2024,MIL,NYM,1,0.6875,"Saturday, Sep 28"
2024,MIL,NYM,0,0.5477477477477477,"Sunday, Sep 29"
2024,MIN,CLE,0,0.5000000000000001,"Thursday, Apr 4"
2024,MIN,CLE,0,0.5477477477477477,"Saturday, Apr 6"
2024,MIN,LAD,0,0.4254658385093168,"Monday, Apr 8"
2024,MIN,LAD,0,0.1891891891891892,"Tuesday, Apr 9"
2024,MIN,LAD,1,0.5000000000000001,"Wednesday, Apr 10"
2024,MIN,DET,0,0.5915492957746479,"Friday, Apr 19"
2024,MIN,DET,1,0.5477477477477477,"Saturday, Apr 20"
2024,MIN,DET,0,0.49019607843137253,"Sunday, Apr 21"
2024,MIN,CHW,1,0.6666666666666666,"Monday, Apr 22"
2024,MIN,CHW,1,0.5477477477477477,"Tuesday, Apr 23"
2024,MIN,CHW,1,0.9,"Wednesday, Apr 24"
2024,MIN,CHW,1,0.96875,"Thursday, Apr 25"
2024,MIN,BOS,1,0.5000000000000001,"Friday, May 3"
2024,MIN,BOS,1,0.4254658385093168,"Saturday, May 4"
2024,MIN,BOS,0,0.4254658385093168,"Sunday, May 5"
2024,MIN,SEA,1,0.4254658385093168,"Monday, May 6"
2024,MIN,SEA,0,0.49019607843137253,"Tuesday, May 7"
2024,MIN,SEA,1,0.5477477477477477,"Wednesday, May 8"
2024,MIN,SEA,1,0.4254658385093168,"Thursday, May 9"
2024,MIN,NYY,0,0.4254658385093168,"Tuesday, May 14"
2024,MIN,NYY,0,0.5477477477477477,"Wednesday, May 15"
2024,MIN,NYY,0,0.4254658385093168,"Thursday, May 16"
2024,MIN,TEX,1,0.6363636363636364,"Friday, May 24"
2024,MIN,TEX,1,0.6433566433566433,"Saturday, May 25"
2024,MIN,TEX,0,0.5477477477477477,"Sunday, May 26"
2024,MIN,KCR,1,0.2777777777777778,"Monday, May 27"
2024,MIN,KCR,1,0.4254658385093168,"Tuesday, May 28"
2024,MIN,KCR,0,0.33962264150943394,"Wednesday, May 29"
2024,MIN,KCR,1,0.5477477477477477,"Thursday, May 30"
2024,MIN,COL,1,0.7777777777777778,"Monday, Jun 10"
2024,MIN,COL,0,0.6433566433566433,"Tuesday, Jun 11"
2024,MIN,COL,1,0.7543859649122807,"Wednesday, Jun 12"
2024,MIN,OAK,1,0.9,"Thursday, Jun 13"
2024,MIN,OAK,1,0.5915492957746479,"Friday, Jun 14"
2024,MIN,OAK,1,0.96875,"Sunday, Jun 16 (1)"
2024,MIN,OAK,1,0.9,"Sunday, Jun 16 (2)"
2024,MIN,TBR,1,0.5477477477477477,"Tuesday, Jun 18"
2024,MIN,TBR,0,0.6433566433566433,"Wednesday, Jun 19"
2024,MIN,TBR,0,0.4254658385093168,"Thursday, Jun 20"
2024,MIN,DET,1,0.5000000000000001,"Tuesday, Jul 2"
2024,MIN,DET,0,0.4254658385093168,"Wednesday, Jul 3"
2024,MIN,DET,1,0.7543859649122807,"Thursday, Jul 4"
2024,MIN,HOU,0,0.4254658385093168,"Friday, Jul 5"
2024,MIN,HOU,1,0.4107142857142857,"Saturday, Jul 6"
2024,MIN,HOU,1,0.5000000000000001,"Sunday, Jul 7"
2024,MIN,MIL,0,0.6433566433566433,"Saturday, Jul 20"
2024,MIN,MIL,0,0.5000000000000001,"Sunday, Jul 21"
2024,MIN,PHI,1,0.6363636363636364,"Monday, Jul 22"
2024,MIN,PHI,0,0.5714285714285714,"Tuesday, Jul 23"
2024,MIN,PHI,1,0.6433566433566433,"Wednesday, Jul 24"
2024,MIN,CHW,1,0.9,"Friday, Aug 2"
2024,MIN,CHW,1,0.99,"Saturday, Aug 3"
2024,MIN,CHW,1,0.99,"Sunday, Aug 4"
2024,MIN,CLE,1,0.6433566433566433,"Friday, Aug 9 (1)"
2024,MIN,CLE,1,0.7543859649122807,"Friday, Aug 9 (2)"
2024,MIN,CLE,0,0.6433566433566433,"Saturday, Aug 10"
2024,MIN,CLE,0,0.9,"Sunday, Aug 11"
2024,MIN,KCR,1,0.5477477477477477,"Monday, Aug 12"
2024,MIN,KCR,1,0.5000000000000001,"Tuesday, Aug 13"
2024,MIN,KCR,0,0.6363636363636364,"Wednesday, Aug 14"
2024,MIN,STL,0,0.5000000000000001,"Friday, Aug 23"
2024,MIN,STL,1,0.5915492957746479,"Saturday, Aug 24"
2024,MIN,STL,0,0.5477477477477477,"Sunday, Aug 25"
2024,MIN,ATL,0,0.5000000000000001,"Monday, Aug 26"
2024,MIN,ATL,0,0.5000000000000001,"Tuesday, Aug 27"
2024,MIN,ATL,0,0.4107142857142857,"Wednesday, Aug 28"
2024,MIN,TOR,1,0.49019607843137253,"Friday, Aug 30"
2024,MIN,TOR,0,0.5477477477477477,"Saturday, Aug 31"
2024,MIN,TOR,1,0.5477477477477477,"Sunday, Sep 1"
2024,MIN,LAA,0,0.4254658385093168,"Monday, Sep 9"
2024,MIN,LAA,1,0.7543859649122807,"Tuesday, Sep 10"
2024,MIN,LAA,1,0.9,"Wednesday, Sep 11"
2024,MIN,CIN,0,0.4107142857142857,"Friday, Sep 13"
2024,MIN,CIN,0,0.5000000000000001,"Saturday, Sep 14"
2024,MIN,CIN,1,0.49019607843137253,"Sunday, Sep 15"
2024,MIN,MIA,0,0.4254658385093168,"Tuesday, Sep 24"
2024,MIN,MIA,1,0.6363636363636364,"Wednesday, Sep 25"
2024,MIN,MIA,0,0.5477477477477477,"Thursday, Sep 26"
2024,MIN,BAL,0,0.7333333333333333,"Friday, Sep 27"
2024,MIN,BAL,0,0.5477477477477477,"Saturday, Sep 28"
2024,MIN,BAL,0,0.5477477477477477,"Sunday, Sep 29"
2024,NYM,MIL,0,0.5477477477477477,"Friday, Mar 29"
2024,NYM,MIL,0,0.6363636363636364,"Saturday, Mar 30"
2024,NYM,MIL,0,0.5477477477477477,"Sunday, Mar 31"
2024,NYM,DET,0,0.5000000000000001,"Monday, Apr 1"
2024,NYM,DET,0,0.4254658385093168,"Thursday, Apr 4 (1)"
2024,NYM,DET,1,0.33962264150943394,"Thursday, Apr 4 (2)"
2024,NYM,KCR,1,0.4254658385093168,"Friday, Apr 12"
2024,NYM,KCR,0,0.33962264150943394,"Saturday, Apr 13"
2024,NYM,KCR,1,0.4254658385093168,"Sunday, Apr 14"
2024,NYM,PIT,1,0.5477477477477477,"Monday, Apr 15"
2024,NYM,PIT,1,0.5477477477477477,"Tuesday, Apr 16"
2024,NYM,PIT,1,0.5477477477477477,"Wednesday, Apr 17"
2024,NYM,STL,0,0.5000000000000001,"Friday, Apr 26"
2024,NYM,STL,0,0.5477477477477477,"Saturday, Apr 27"
2024,NYM,STL,1,0.5477477477477477,"Sunday, Apr 28"
2024,NYM,CHC,0,0.5477477477477477,"Monday, Apr 29"
2024,NYM,CHC,1,0.4254658385093168,"Tuesday, Apr 30"
2024,NYM,CHC,0,0.2777777777777778,"Wednesday, May 1"
2024,NYM,CHC,1,0.5477477477477477,"Thursday, May 2"
2024,NYM,ATL,0,0.09523809523809523,"Friday, May 10"
2024,NYM,ATL,0,0.1891891891891892,"Saturday, May 11"
2024,NYM,ATL,1,0.4254658385093168,"Sunday, May 12"
2024,NYM,PHI,0,0.4254658385093168,"Monday, May 13"
2024,NYM,PHI,0,0.1891891891891892,"Tuesday, May 14"
2024,NYM,SFG,0,0.5000000000000001,"Friday, May 24"
2024,NYM,SFG,0,0.5000000000000001,"Saturday, May 25"
2024,NYM,SFG,1,0.5477477477477477,"Sunday, May 26"
2024,NYM,LAD,0,0.6666666666666666,"Tuesday, May 28 (1)"
2024,NYM,LAD,0,0.4107142857142857,"Tuesday, May 28 (2)"
2024,NYM,LAD,0,0.5477477477477477,"Wednesday, May 29"
2024,NYM,ARI,1,0.6433566433566433,"Thursday, May 30"
2024,NYM,ARI,1,0.5714285714285714,"Friday, May 31"
2024,NYM,ARI,0,0.6433566433566433,"Saturday, Jun 1"
2024,NYM,ARI,0,0.6363636363636364,"Sunday, Jun 2"
2024,NYM,PHI,0,0.09523809523809523,"Saturday, Jun 8"
2024,NYM,MIA,0,0.5477477477477477,"Tuesday, Jun 11"
2024,NYM,MIA,1,0.5477477477477477,"Wednesday, Jun 12"
2024,NYM,MIA,1,0.5477477477477477,"Thursday, Jun 13"
2024,NYM,SDP,1,0.5000000000000001,"Friday, Jun 14"
2024,NYM,SDP,1,0.33962264150943394,"Saturday, Jun 15"
2024,NYM,SDP,1,0.5915492957746479,"Sunday, Jun 16"
2024,NYM,NYY,1,0.5477477477477477,"Tuesday, Jun 25"
2024,NYM,NYY,1,0.5477477477477477,"Wednesday, Jun 26"
2024,NYM,HOU,1,0.4254658385093168,"Friday, Jun 28"
2024,NYM,HOU,0,0.4107142857142857,"Saturday, Jun 29"
2024,NYM,HOU,0,0.33962264150943394,"Sunday, Jun 30"
2024,NYM,WSN,1,0.49019607843137253,"Tuesday, Jul 9"
2024,NYM,WSN,1,0.6433566433566433,"Wednesday, Jul 10"
2024,NYM,WSN,1,0.5915492957746479,"Thursday, Jul 11"
2024,NYM,COL,1,0.9,"Friday, Jul 12"
2024,NYM,COL,1,0.9,"Saturday, Jul 13"
2024,NYM,COL,0,0.5000000000000001,"Sunday, Jul 14"
2024,NYM,ATL,1,0.7333333333333333,"Thursday, Jul 25"
2024,NYM,ATL,1,0.6875,"Friday, Jul 26"
2024,NYM,ATL,0,0.6433566433566433,"Saturday, Jul 27"
2024,NYM,ATL,0,0.5477477477477477,"Sunday, Jul 28"
2024,NYM,MIN,1,0.5000000000000001,"Monday, Jul 29"
2024,NYM,MIN,1,0.5000000000000001,"Tuesday, Jul 30"
2024,NYM,MIN,0,0.49019607843137253,"Wednesday, Jul 31"
2024,NYM,OAK,0,0.49019607843137253,"Tuesday, Aug 13"
2024,NYM,OAK,1,0.5477477477477477,"Wednesday, Aug 14"
2024,NYM,OAK,0,0.4254658385093168,"Thursday, Aug 15"
2024,NYM,MIA,1,0.9,"Friday, Aug 16"
2024,NYM,MIA,1,0.6433566433566433,"Saturday, Aug 17"
2024,NYM,MIA,0,0.6433566433566433,"Sunday, Aug 18"
2024,NYM,BAL,1,0.5477477477477477,"Monday, Aug 19"
2024,NYM,BAL,0,0.5000000000000001,"Tuesday, Aug 20"
2024,NYM,BAL,1,0.5915492957746479,"Wednesday, Aug 21"
2024,NYM,BOS,1,0.5000000000000001,"Monday, Sep 2"
2024,NYM,BOS,1,0.7543859649122807,"Tuesday, Sep 3"
2024,NYM,BOS,1,0.7333333333333333,"Wednesday, Sep 4"
2024,NYM,CIN,1,0.6666666666666666,"Friday, Sep 6"
2024,NYM,CIN,1,0.33962264150943394,"Saturday, Sep 7"
2024,NYM,CIN,0,0.5477477477477477,"Sunday, Sep 8"
2024,NYM,WSN,1,0.5477477477477477,"Monday, Sep 16"
2024,NYM,WSN,1,0.5000000000000001,"Tuesday, Sep 17"
2024,NYM,WSN,1,0.5477477477477477,"Wednesday, Sep 18"
2024,NYM,PHI,1,0.49019607843137253,"Thursday, Sep 19"
2024,NYM,PHI,0,0.5000000000000001,"Friday, Sep 20"
2024,NYM,PHI,1,0.5477477477477477,"Saturday, Sep 21"
2024,NYM,PHI,1,0.5477477477477477,"Sunday, Sep 22"
2024,NYY,TOR,0,0.5477477477477477,"Friday, Apr 5"
2024,NYY,TOR,1,0.4254658385093168,"Saturday, Apr 6"
2024,NYY,TOR,1,0.49019607843137253,"Sunday, Apr 7"
2024,NYY,MIA,1,0.6875,"Monday, Apr 8"
2024,NYY,MIA,1,0.5477477477477477,"Tuesday, Apr 9"
2024,NYY,MIA,0,0.49019607843137253,"Wednesday, Apr 10"
2024,NYY,TBR,1,0.5477477477477477,"Friday, Apr 19"
2024,NYY,TBR,0,0.6433566433566433,"Saturday, Apr 20"
2024,NYY,TBR,1,0.5915492957746479,"Sunday, Apr 21"
2024,NYY,OAK,0,0.6433566433566433,"Monday, Apr 22"
2024,NYY,OAK,1,0.5000000000000001,"Tuesday, Apr 23"
2024,NYY,OAK,1,0.9,"Wednesday, Apr 24"
2024,NYY,OAK,0,0.4254658385093168,"Thursday, Apr 25"
2024,NYY,DET,1,0.5477477477477477,"Friday, May 3"
2024,NYY,DET,1,0.6433566433566433,"Saturday, May 4"
2024,NYY,DET,1,0.5477477477477477,"Sunday, May 5"
2024,NYY,HOU,1,0.7333333333333333,"Tuesday, May 7"
2024,NYY,HOU,1,0.7543859649122807,"Wednesday, May 8"
2024,NYY,HOU,0,0.9,"Thursday, May 9"
2024,NYY,CHW,1,0.7543859649122807,"Friday, May 17"
2024,NYY,CHW,1,0.9,"Saturday, May 18"
2024,NYY,CHW,1,0.9,"Sunday, May 19"
2024,NYY,SEA,0,0.5000000000000001,"Monday, May 20"
2024,NYY,SEA,0,0.5477477477477477,"Tuesday, May 21"
2024,NYY,SEA,1,0.6363636363636364,"Wednesday, May 22"
2024,NYY,SEA,1,0.7543859649122807,"Thursday, May 23"
2024,NYY,MIN,1,0.9,"Tuesday, Jun 4"
2024,NYY,MIN,1,0.8737141882118947,"Wednesday, Jun 5"
2024,NYY,MIN,1,0.7333333333333333,"Thursday, Jun 6"
2024,NYY,LAD,0,0.6433566433566433,"Friday, Jun 7"
2024,NYY,LAD,0,0.6666666666666666,"Saturday, Jun 8"
2024,NYY,LAD,1,0.5477477477477477,"Sunday, Jun 9"
2024,NYY,BAL,1,0.5477477477477477,"Tuesday, Jun 18"
2024,NYY,BAL,0,0.5477477477477477,"Wednesday, Jun 19"
2024,NYY,BAL,0,0.5957446808510638,"Thursday, Jun 20"
2024,NYY,ATL,0,0.5957446808510638,"Friday, Jun 21"
2024,NYY,ATL,1,0.6666666666666666,"Saturday, Jun 22"
2024,NYY,ATL,0,0.7333333333333333,"Sunday, Jun 23"
2024,NYY,CIN,0,0.4254658385093168,"Tuesday, Jul 2"
2024,NYY,CIN,0,0.4254658385093168,"Wednesday, Jul 3"
2024,NYY,CIN,0,0.49019607843137253,"Thursday, Jul 4"
2024,NYY,BOS,0,0.5915492957746479,"Friday, Jul 5"
2024,NYY,BOS,1,0.5000000000000001,"Saturday, Jul 6"
2024,NYY,BOS,0,0.4254658385093168,"Sunday, Jul 7"
2024,NYY,TBR,1,0.7333333333333333,"Friday, Jul 19"
2024,NYY,TBR,0,0.5477477477477477,"Saturday, Jul 20"
2024,NYY,TBR,0,0.6433566433566433,"Sunday, Jul 21"
2024,NYY,TBR,1,0.5477477477477477,"Monday, Jul 22"
2024,NYY,NYM,0,0.4254658385093168,"Tuesday, Jul 23"
2024,NYY,NYM,0,0.4254658385093168,"Wednesday, Jul 24"
2024,NYY,TOR,0,0.5477477477477477,"Friday, Aug 2"
2024,NYY,TOR,1,0.7543859649122807,"Saturday, Aug 3"
2024,NYY,TOR,1,0.4254658385093168,"Sunday, Aug 4"
2024,NYY,LAA,1,0.9,"Wednesday, Aug 7 (1)"
2024,NYY,LAA,0,0.5477477477477477,"Wednesday, Aug 7 (2)"
2024,NYY,LAA,0,0.33962264150943394,"Thursday, Aug 8"
2024,NYY,TEX,1,0.49019607843137253,"Saturday, Aug 10 (1)"
2024,NYY,TEX,0,0.6666666666666666,"Saturday, Aug 10 (2)"
2024,NYY,TEX,1,0.7777777777777778,"Sunday, Aug 11"
2024,NYY,CLE,0,0.6433566433566433,"Tuesday, Aug 20"
2024,NYY,CLE,1,0.5477477477477477,"Wednesday, Aug 21"
2024,NYY,CLE,1,0.7543859649122807,"Thursday, Aug 22"
2024,NYY,COL,1,0.9,"Friday, Aug 23"
2024,NYY,COL,0,0.5477477477477477,"Saturday, Aug 24"
2024,NYY,COL,1,0.9,"Sunday, Aug 25"
2024,NYY,STL,1,0.5477477477477477,"Friday, Aug 30"
2024,NYY,STL,0,0.6433566433566433,"Saturday, Aug 31"
2024,NYY,STL,0,0.5477477477477477,"Sunday, Sep 1"
2024,NYY,KCR,1,0.5714285714285714,"Monday, Sep 9"
2024,NYY,KCR,0,0.49019607843137253,"Tuesday, Sep 10"
2024,NYY,KCR,1,0.49019607843137253,"Wednesday, Sep 11"
2024,NYY,BOS,1,0.5000000000000001,"Thursday, Sep 12"
2024,NYY,BOS,1,0.4254658385093168,"Friday, Sep 13"
2024,NYY,BOS,0,0.5000000000000001,"Saturday, Sep 14"
2024,NYY,BOS,1,0.5915492957746479,"Sunday, Sep 15"
2024,NYY,BAL,0,0.5477477477477477,"Tuesday, Sep 24"
2024,NYY,BAL,0,0.5477477477477477,"Wednesday, Sep 25"
2024,NYY,BAL,1,0.6363636363636364,"Thursday, Sep 26"
2024,NYY,PIT,0,0.6433566433566433,"Friday, Sep 27"
2024,NYY,PIT,0,0.4254658385093168,"Saturday, Sep 28"
2024,NYY,PIT,1,0.7543859649122807,"Sunday, Sep 29"
2024,OAK,CLE,0,0.5000000000000001,"Thursday, Mar 28"
2024,OAK,CLE,0,0.5477477477477477,"Friday, Mar 29"
2024,OAK,CLE,0,0.10801216785625356,"Saturday, Mar 30"
2024,OAK,CLE,1,0.49019607843137253,"Sunday, Mar 31"
2024,OAK,BOS,0,0.4254658385093168,"Monday, Apr 1"
2024,OAK,BOS,0,0.49019607843137253,"Tuesday, Apr 2"
2024,OAK,BOS,0,0.2777777777777778,"Wednesday, Apr 3"
2024,OAK,WSN,1,0.2,"Friday, Apr 12"
2024,OAK,WSN,0,0.4254658385093168,"Saturday, Apr 13"
2024,OAK,WSN,1,0.5000000000000001,"Sunday, Apr 14"
2024,OAK,STL,0,0.4254658385093168,"Monday, Apr 15"
2024,OAK,STL,0,0.33962264150943394,"Tuesday, Apr 16"
2024,OAK,STL,1,0.4254658385093168,"Wednesday, Apr 17"
2024,OAK,PIT,1,0.6363636363636364,"Monday, Apr 29"
2024,OAK,PIT,1,0.5477477477477477,"Tuesday, Apr 30"
2024,OAK,PIT,1,0.5477477477477477,"Wednesday, May 1"
2024,OAK,MIA,1,0.5000000000000001,"Friday, May 3"
2024,OAK,MIA,1,0.5477477477477477,"Saturday, May 4"
2024,OAK,MIA,0,0.5477477477477477,"Sunday, May 5"
2024,OAK,TEX,0,0.5477477477477477,"Monday, May 6"
2024,OAK,TEX,0,0.4254658385093168,"Tuesday, May 7"
2024,OAK,TEX,1,0.5477477477477477,"Wednesday, May 8 (1)"
2024,OAK,TEX,0,0.4254658385093168,"Wednesday, May 8 (2)"
2024,OAK,COL,1,0.6433566433566433,"Tuesday, May 21"
2024,OAK,COL,0,0.5477477477477477,"Wednesday, May 22"
2024,OAK,COL,1,0.5477477477477477,"Thursday, May 23"
2024,OAK,HOU,0,0.1891891891891892,"Friday, May 24"
2024,OAK,HOU,1,0.4254658385093168,"Saturday, May 25"
2024,OAK,HOU,0,0.2777777777777778,"Sunday, May 26"
2024,OAK,SEA,0,0.33962264150943394,"Tuesday, Jun 4"
2024,OAK,SEA,1,0.6666666666666666,"Wednesday, Jun 5"
2024,OAK,SEA,0,0.1891891891891892,"Thursday, Jun 6"
2024,OAK,TOR,1,0.5477477477477477,"Friday, Jun 7"
2024,OAK,TOR,0,0.09523809523809523,"Saturday, Jun 8"
2024,OAK,TOR,0,0.4254658385093168,"Sunday, Jun 9"
2024,OAK,KCR,1,0.5477477477477477,"Tuesday, Jun 18"
2024,OAK,KCR,1,0.9,"Wednesday, Jun 19"
2024,OAK,KCR,0,0.5000000000000001,"Thursday, Jun 20"
2024,OAK,MIN,1,0.5477477477477477,"Friday, Jun 21"
2024,OAK,MIN,0,0.1891891891891892,"Saturday, Jun 22"
2024,OAK,MIN,0,0.4254658385093168,"Sunday, Jun 23"
2024,OAK,LAA,1,0.5477477477477477,"Tuesday, Jul 2"
2024,OAK,LAA,1,0.6433566433566433,"Wednesday, Jul 3"
2024,OAK,LAA,1,0.5477477477477477,"Thursday, Jul 4"
2024,OAK,BAL,0,0.09523809523809523,"Friday, Jul 5"
2024,OAK,BAL,1,0.5477477477477477,"Saturday, Jul 6"
2024,OAK,BAL,0,0.4107142857142857,"Sunday, Jul 7"
2024,OAK,LAA,1,0.4254658385093168,"Friday, Jul 19"
2024,OAK,LAA,1,0.4254658385093168,"Saturday, Jul 20"
2024,OAK,LAA,0,0.4254658385093168,"Sunday, Jul 21"
2024,OAK,HOU,1,0.4254658385093168,"Monday, Jul 22"
2024,OAK,HOU,1,0.4254658385093168,"Tuesday, Jul 23"
2024,OAK,HOU,0,0.1891891891891892,"Wednesday, Jul 24"
2024,OAK,LAD,1,0.5915492957746479,"Friday, Aug 2"
2024,OAK,LAD,0,0.4107142857142857,"Saturday, Aug 3"
2024,OAK,LAD,0,0.5477477477477477,"Sunday, Aug 4"
2024,OAK,CHW,1,0.5477477477477477,"Monday, Aug 5"
2024,OAK,CHW,0,0.6875,"Tuesday, Aug 6"
2024,OAK,CHW,1,0.9,"Wednesday, Aug 7"
2024,OAK,SFG,1,0.5477477477477477,"Saturday, Aug 17"
2024,OAK,SFG,0,0.4107142857142857,"Sunday, Aug 18"
2024,OAK,TBR,1,0.5477477477477477,"Monday, Aug 19"
2024,OAK,TBR,0,0.4254658385093168,"Tuesday, Aug 20"
2024,OAK,TBR,0,0.33962264150943394,"Wednesday, Aug 21"
2024,OAK,TBR,1,0.5477477477477477,"Thursday, Aug 22"
2024,OAK,MIL,0,0.5477477477477477,"Friday, Aug 23"
2024,OAK,MIL,0,0.09523809523809523,"Saturday, Aug 24"
2024,OAK,MIL,1,0.4254658385093168,"Sunday, Aug 25"
2024,OAK,SEA,1,0.5477477477477477,"Monday, Sep 2"
2024,OAK,SEA,1,0.5477477477477477,"Tuesday, Sep 3"
2024,OAK,SEA,0,0.4254658385093168,"Wednesday, Sep 4"
2024,OAK,SEA,0,0.4254658385093168,"Thursday, Sep 5"
2024,OAK,DET,1,0.4254658385093168,"Friday, Sep 6"
2024,OAK,DET,0,0.4254658385093168,"Saturday, Sep 7"
2024,OAK,DET,0,0.5477477477477477,"Sunday, Sep 8"
2024,OAK,NYY,0,0.09523809523809523,"Friday, Sep 20"
2024,OAK,NYY,0,0.1891891891891892,"Saturday, Sep 21"
2024,OAK,NYY,0,0.01,"Sunday, Sep 22"
2024,OAK,TEX,1,0.5477477477477477,"Tuesday, Sep 24"
2024,OAK,TEX,0,0.6433566433566433,"Wednesday, Sep 25"
2024,OAK,TEX,1,0.5477477477477477,"Thursday, Sep 26"
2024,PHI,ATL,0,0.7543859649122807,"Friday, Mar 29"
2024,PHI,ATL,0,0.6363636363636364,"Saturday, Mar 30"
2024,PHI,ATL,1,0.4254658385093168,"Sunday, Mar 31"
2024,PHI,CIN,0,0.4254658385093168,"Monday, Apr 1"
2024,PHI,CIN,1,0.4254658385093168,"Tuesday, Apr 2"
2024,PHI,CIN,0,0.5477477477477477,"Wednesday, Apr 3"
2024,PHI,PIT,1,0.4254658385093168,"Thursday, Apr 11"
2024,PHI,PIT,0,0.4254658385093168,"Friday, Apr 12"
2024,PHI,PIT,1,0.5477477477477477,"Saturday, Apr 13"
2024,PHI,PIT,0,0.5000000000000001,"Sunday, Apr 14"
2024,PHI,COL,1,0.7543859649122807,"Monday, Apr 15"
2024,PHI,COL,1,0.6875,"Tuesday, Apr 16"
2024,PHI,COL,1,0.49019607843137253,"Wednesday, Apr 17"
2024,PHI,CHW,1,0.6363636363636364,"Friday, Apr 19"
2024,PHI,CHW,1,0.9,"Saturday, Apr 20"
2024,PHI,CHW,1,0.96875,"Sunday, Apr 21"
2024,PHI,SFG,1,0.7543859649122807,"Friday, May 3"
2024,PHI,SFG,1,0.7543859649122807,"Saturday, May 4"
2024,PHI,SFG,1,0.9,"Sunday, May 5"
2024,PHI,SFG,1,0.9,"Monday, May 6"
2024,PHI,TOR,1,0.5000000000000001,"Tuesday, May 7"
2024,PHI,TOR,0,0.4254658385093168,"Wednesday, May 8"
2024,PHI,NYM,1,0.9,"Wednesday, May 15"
2024,PHI,NYM,0,0.7333333333333333,"Thursday, May 16"
2024,PHI,WSN,1,0.9,"Friday, May 17"
2024,PHI,WSN,1,0.5000000000000001,"Saturday, May 18"
2024,PHI,WSN,1,0.7543859649122807,"Sunday, May 19"
2024,PHI,TEX,1,0.9,"Tuesday, May 21"
2024,PHI,TEX,1,0.9,"Wednesday, May 22"
2024,PHI,TEX,1,0.9,"Thursday, May 23"
2024,PHI,STL,1,0.9,"Friday, May 31"
2024,PHI,STL,1,0.49019607843137253,"Saturday, Jun 1"
2024,PHI,STL,0,0.9,"Sunday, Jun 2"
2024,PHI,MIL,1,0.5477477477477477,"Monday, Jun 3"
2024,PHI,MIL,1,0.5477477477477477,"Tuesday, Jun 4"
2024,PHI,MIL,1,0.6666666666666666,"Wednesday, Jun 5"
2024,PHI,NYM,0,0.9,"Sunday, Jun 9"
2024,PHI,SDP,1,0.4254658385093168,"Monday, Jun 17"
2024,PHI,SDP,1,0.5915492957746479,"Tuesday, Jun 18"
2024,PHI,SDP,0,0.4254658385093168,"Wednesday, Jun 19"
2024,PHI,ARI,0,0.4254658385093168,"Friday, Jun 21"
2024,PHI,ARI,1,0.7928956042020986,"Saturday, Jun 22"
2024,PHI,ARI,1,0.5915492957746479,"Sunday, Jun 23"
2024,PHI,MIA,0,0.2777777777777778,"Thursday, Jun 27"
2024,PHI,MIA,1,0.6433566433566433,"Friday, Jun 28"
2024,PHI,MIA,0,0.4254658385093168,"Saturday, Jun 29"
2024,PHI,MIA,1,0.4254658385093168,"Sunday, Jun 30"
2024,PHI,LAD,1,0.5477477477477477,"Tuesday, Jul 9"
2024,PHI,LAD,1,0.5477477477477477,"Wednesday, Jul 10"
2024,PHI,LAD,1,0.7333333333333333,"Thursday, Jul 11"
2024,PHI,OAK,0,0.4254658385093168,"Friday, Jul 12"
2024,PHI,OAK,1,0.9,"Saturday, Jul 13"
2024,PHI,OAK,0,0.5000000000000001,"Sunday, Jul 14"
2024,PHI,CLE,0,0.6433566433566433,"Friday, Jul 26"
2024,PHI,CLE,1,0.6433566433566433,"Saturday, Jul 27"
2024,PHI,CLE,0,0.6433566433566433,"Sunday, Jul 28"
2024,PHI,NYY,0,0.7333333333333333,"Monday, Jul 29"
2024,PHI,NYY,0,0.6433566433566433,"Tuesday, Jul 30"
2024,PHI,NYY,0,0.6666666666666666,"Wednesday, Jul 31"
2024,PHI,MIA,0,0.6433566433566433,"Tuesday, Aug 13"
2024,PHI,MIA,1,0.6433566433566433,"Wednesday, Aug 14"
2024,PHI,WSN,1,0.7543859649122807,"Thursday, Aug 15"
2024,PHI,WSN,1,0.49019607843137253,"Friday, Aug 16"
2024,PHI,WSN,1,0.6433566433566433,"Saturday, Aug 17"
2024,PHI,WSN,0,0.5477477477477477,"Sunday, Aug 18"
2024,PHI,HOU,1,0.49019607843137253,"Monday, Aug 26"
2024,PHI,HOU,1,0.5000000000000001,"Tuesday, Aug 27"
2024,PHI,HOU,0,0.5477477477477477,"Wednesday, Aug 28"
2024,PHI,ATL,1,0.49019607843137253,"Thursday, Aug 29"
2024,PHI,ATL,0,0.49019607843137253,"Friday, Aug 30"
2024,PHI,ATL,1,0.4254658385093168,"Saturday, Aug 31"
2024,PHI,ATL,1,0.5477477477477477,"Sunday, Sep 1"
2024,PHI,TBR,1,0.4254658385093168,"Monday, Sep 9"
2024,PHI,TBR,1,0.5477477477477477,"Tuesday, Sep 10"
2024,PHI,TBR,1,0.6433566433566433,"Wednesday, Sep 11"
2024,PHI,NYM,0,0.4254658385093168,"Friday, Sep 13"
2024,PHI,NYM,1,0.4254658385093168,"Saturday, Sep 14"
2024,PHI,NYM,1,0.5000000000000001,"Sunday, Sep 15"
2024,PHI,CHC,1,0.5477477477477477,"Monday, Sep 23"
2024,PHI,CHC,0,0.49019607843137253,"Tuesday, Sep 24"
2024,PHI,CHC,1,0.5915492957746479,"Wednesday, Sep 25"
2024,PIT,BAL,0,0.4254658385093168,"Friday, Apr 5"
2024,PIT,BAL,1,0.4254658385093168,"Saturday, Apr 6"
2024,PIT,BAL,1,0.5477477477477477,"Sunday, Apr 7"
2024,PIT,DET,1,0.4254658385093168,"Monday, Apr 8"
2024,PIT,DET,0,0.49019607843137253,"Tuesday, Apr 9"
2024,PIT,BOS,0,0.49019607843137253,"Friday, Apr 19"
2024,PIT,BOS,0,0.5477477477477477,"Saturday, Apr 20"
2024,PIT,BOS,0,0.5477477477477477,"Sunday, Apr 21"
2024,PIT,MIL,1,0.5477477477477477,"Monday, Apr 22"
2024,PIT,MIL,1,0.5477477477477477,"Tuesday, Apr 23"
2024,PIT,MIL,0,0.5477477477477477,"Wednesday, Apr 24"
2024,PIT,MIL,0,0.5000000000000001,"Thursday, Apr 25"
2024,PIT,COL,0,0.5477477477477477,"Friday, May 3"
2024,PIT,COL,1,0.7333333333333333,"Saturday, May 4"
2024,PIT,COL,1,0.7333333333333333,"Sunday, May 5"
2024,PIT,LAA,1,0.6875,"Monday, May 6"
2024,PIT,LAA,0,0.49019607843137253,"Tuesday, May 7"
2024,PIT,LAA,0,0.5915492957746479,"Wednesday, May 8"
2024,PIT,CHC,0,0.5000000000000001,"Friday, May 10"
2024,PIT,CHC,1,0.5000000000000001,"Saturday, May 11"
2024,PIT,CHC,0,0.49019607843137253,"Sunday, May 12"
2024,PIT,SFG,1,0.4254658385093168,"Tuesday, May 21"
2024,PIT,SFG,0,0.1891891891891892,"Wednesday, May 22"
2024,PIT,SFG,0,0.4254658385093168,"Thursday, May 23"
2024,PIT,ATL,1,0.6433566433566433,"Friday, May 24"
2024,PIT,ATL,1,0.5477477477477477,"Saturday, May 25"
2024,PIT,ATL,0,0.1891891891891892,"Sunday, May 26"
2024,PIT,LAD,1,0.6433566433566433,"Tuesday, Jun 4"
2024,PIT,LAD,1,0.33962264150943394,"Wednesday, Jun 5"
2024,PIT,LAD,0,0.4254658385093168,"Thursday, Jun 6"
2024,PIT,MIN,1,0.5477477477477477,"Friday, Jun 7"
2024,PIT,MIN,1,0.6363636363636364,"Saturday, Jun 8"
2024,PIT,MIN,0,0.7333333333333333,"Sunday, Jun 9"
2024,PIT,CIN,1,0.4254658385093168,"Monday, Jun 17"
2024,PIT,CIN,0,0.4254658385093168,"Tuesday, Jun 18"
2024,PIT,CIN,1,0.5477477477477477,"Wednesday, Jun 19"
2024,PIT,TBR,0,0.49019607843137253,"Friday, Jun 21"
2024,PIT,TBR,1,0.5477477477477477,"Saturday, Jun 22"
2024,PIT,TBR,0,0.4254658385093168,"Sunday, Jun 23"
2024,PIT,STL,0,0.4254658385093168,"Tuesday, Jul 2"
2024,PIT,STL,1,0.5477477477477477,"Wednesday, Jul 3"
2024,PIT,STL,0,0.4254658385093168,"Thursday, Jul 4"
2024,PIT,NYM,1,0.5477477477477477,"Friday, Jul 5"
2024,PIT,NYM,0,0.5477477477477477,"Saturday, Jul 6"
2024,PIT,NYM,0,0.5000000000000001,"Sunday, Jul 7"
2024,PIT,NYM,1,0.4254658385093168,"Monday, Jul 8"
2024,PIT,PHI,1,0.49019607843137253,"Friday, Jul 19"
2024,PIT,PHI,1,0.5000000000000001,"Saturday, Jul 20"
2024,PIT,PHI,0,0.6433566433566433,"Sunday, Jul 21"
2024,PIT,STL,1,0.5477477477477477,"Monday, Jul 22"
2024,PIT,STL,0,0.5000000000000001,"Tuesday, Jul 23"
2024,PIT,STL,1,0.49019607843137253,"Wednesday, Jul 24"
2024,PIT,ARI,0,0.4254658385093168,"Friday, Aug 2"
2024,PIT,ARI,1,0.4107142857142857,"Saturday, Aug 3"
2024,PIT,ARI,0,0.4254658385093168,"Sunday, Aug 4"
2024,PIT,SDP,0,0.4254658385093168,"Tuesday, Aug 6"
2024,PIT,SDP,0,0.4254658385093168,"Wednesday, Aug 7"
2024,PIT,SDP,0,0.33962264150943394,"Thursday, Aug 8"
2024,PIT,SEA,1,0.49019607843137253,"Friday, Aug 16"
2024,PIT,SEA,1,0.6363636363636364,"Saturday, Aug 17"
2024,PIT,SEA,0,0.4254658385093168,"Sunday, Aug 18"
2024,PIT,CIN,1,0.5477477477477477,"Thursday, Aug 22"
2024,PIT,CIN,1,0.5477477477477477,"Friday, Aug 23"
2024,PIT,CIN,0,0.4254658385093168,"Saturday, Aug 24"
2024,PIT,CIN,1,0.6433566433566433,"Sunday, Aug 25"
2024,PIT,CHC,0,0.4107142857142857,"Monday, Aug 26"
2024,PIT,CHC,0,0.33962264150943394,"Tuesday, Aug 27"
2024,PIT,CHC,0,0.2777777777777778,"Wednesday, Aug 28"
2024,PIT,WSN,1,0.6363636363636364,"Thursday, Sep 5"
2024,PIT,WSN,0,0.5477477477477477,"Saturday, Sep 7 (1)"
2024,PIT,WSN,0,0.5477477477477477,"Saturday, Sep 7 (2)"
2024,PIT,WSN,1,0.5477477477477477,"Sunday, Sep 8"
2024,PIT,MIA,1,0.5915492957746479,"Monday, Sep 9"
2024,PIT,MIA,1,0.5000000000000001,"Tuesday, Sep 10"
2024,PIT,MIA,1,0.5000000000000001,"Wednesday, Sep 11"
2024,PIT,KCR,0,0.49019607843137253,"Friday, Sep 13"
2024,PIT,KCR,0,0.09523809523809523,"Saturday, Sep 14"
2024,PIT,KCR,1,0.5000000000000001,"Sunday, Sep 15"
2024,PIT,MIL,0,0.4254658385093168,"Tuesday, Sep 24"
2024,PIT,MIL,1,0.6433566433566433,"Wednesday, Sep 25"
2024,PIT,MIL,0,0.49019607843137253,"Thursday, Sep 26"
2024,SDP,LAD,0,0.6433566433566433,"Wednesday, Mar 20"
2024,SDP,SFG,1,0.5477477477477477,"Thursday, Mar 28"
2024,SDP,SFG,0,0.4254658385093168,"Friday, Mar 29"
2024,SDP,SFG,0,0.4254658385093168,"Saturday, Mar 30"
2024,SDP,SFG,1,0.6433566433566433,"Sunday, Mar 31"
2024,SDP,STL,0,0.5477477477477477,"Monday, Apr 1"
2024,SDP,STL,0,0.5477477477477477,"Tuesday, Apr 2"
2024,SDP,STL,1,0.5477477477477477,"Wednesday, Apr 3"
2024,SDP,CHC,1,0.49019607843137253,"Monday, Apr 8"
2024,SDP,CHC,0,0.5477477477477477,"Tuesday, Apr 9"
2024,SDP,CHC,1,0.5477477477477477,"Wednesday, Apr 10"
2024,SDP,TOR,0,0.4254658385093168,"Friday, Apr 19"
2024,SDP,TOR,0,0.5000000000000001,"Saturday, Apr 20"
2024,SDP,TOR,1,0.5477477477477477,"Sunday, Apr 21"
2024,SDP,PHI,0,0.4254658385093168,"Friday, Apr 26"
2024,SDP,PHI,0,0.4254658385093168,"Saturday, Apr 27"
2024,SDP,PHI,0,0.2,"Sunday, Apr 28"
2024,SDP,CIN,0,0.5477477477477477,"Monday, Apr 29"
2024,SDP,CIN,1,0.6666666666666666,"Tuesday, Apr 30"
2024,SDP,CIN,1,0.6666666666666666,"Wednesday, May 1"
2024,SDP,LAD,1,0.2777777777777778,"Friday, May 10"
2024,SDP,LAD,0,0.09523809523809523,"Saturday, May 11"
2024,SDP,LAD,1,0.4254658385093168,"Sunday, May 12"
2024,SDP,COL,0,0.49019607843137253,"Monday, May 13"
2024,SDP,COL,0,0.2,"Tuesday, May 14"
2024,SDP,COL,0,0.49019607843137253,"Wednesday, May 15"
2024,SDP,NYY,0,0.5000000000000001,"Friday, May 24"
2024,SDP,NYY,0,0.5477477477477477,"Saturday, May 25"
2024,SDP,NYY,1,0.5477477477477477,"Sunday, May 26"
2024,SDP,MIA,1,0.6875,"Monday, May 27"
2024,SDP,MIA,1,0.5000000000000001,"Tuesday, May 28"
2024,SDP,MIA,0,0.5714285714285714,"Wednesday, May 29"
2024,SDP,ARI,0,0.6433566433566433,"Thursday, Jun 6"
2024,SDP,ARI,1,0.5957446808510638,"Friday, Jun 7"
2024,SDP,ARI,1,0.5477477477477477,"Saturday, Jun 8"
2024,SDP,ARI,0,0.5477477477477477,"Sunday, Jun 9"
2024,SDP,OAK,1,0.6666666666666666,"Monday, Jun 10"
2024,SDP,OAK,1,0.96875,"Tuesday, Jun 11"
2024,SDP,OAK,1,0.7543859649122807,"Wednesday, Jun 12"
2024,SDP,MIL,1,0.5477477477477477,"Thursday, Jun 20"
2024,SDP,MIL,1,0.6433566433566433,"Friday, Jun 21"
2024,SDP,MIL,1,0.5915492957746479,"Saturday, Jun 22"
2024,SDP,MIL,0,0.49019607843137253,"Sunday, Jun 23"
2024,SDP,WSN,1,0.7543859649122807,"Monday, Jun 24"
2024,SDP,WSN,1,0.5477477477477477,"Tuesday, Jun 25"
2024,SDP,WSN,1,0.5915492957746479,"Wednesday, Jun 26"
2024,SDP,ARI,1,0.5477477477477477,"Friday, Jul 5"
2024,SDP,ARI,0,0.5000000000000001,"Saturday, Jul 6"
2024,SDP,ARI,0,0.4254658385093168,"Sunday, Jul 7"
2024,SDP,SEA,0,0.2777777777777778,"Tuesday, Jul 9"
2024,SDP,SEA,0,0.49019607843137253,"Wednesday, Jul 10"
2024,SDP,ATL,0,0.4254658385093168,"Friday, Jul 12"
2024,SDP,ATL,1,0.5477477477477477,"Saturday, Jul 13"
2024,SDP,ATL,0,0.4254658385093168,"Sunday, Jul 14"
2024,SDP,LAD,1,0.5477477477477477,"Tuesday, Jul 30"
2024,SDP,LAD,1,0.7333333333333333,"Wednesday, Jul 31"
2024,SDP,COL,0,0.24541614690203323,"Friday, Aug 2"
2024,SDP,COL,1,0.9,"Saturday, Aug 3"
2024,SDP,COL,1,0.5000000000000001,"Sunday, Aug 4"
2024,SDP,PIT,1,0.9,"Monday, Aug 12"
2024,SDP,PIT,1,0.7543859649122807,"Tuesday, Aug 13"
2024,SDP,PIT,1,0.5477477477477477,"Wednesday, Aug 14"
2024,SDP,MIN,1,0.5000000000000001,"Monday, Aug 19"
2024,SDP,MIN,1,0.6363636363636364,"Tuesday, Aug 20"
2024,SDP,MIN,0,0.5477477477477477,"Wednesday, Aug 21"
2024,SDP,NYM,0,0.4254658385093168,"Thursday, Aug 22"
2024,SDP,NYM,1,0.5000000000000001,"Friday, Aug 23"
2024,SDP,NYM,0,0.4254658385093168,"Saturday, Aug 24"
2024,SDP,NYM,1,0.5477477477477477,"Sunday, Aug 25"
2024,SDP,DET,1,0.5477477477477477,"Monday, Sep 2"
2024,SDP,DET,1,0.6433566433566433,"Wednesday, Sep 4"
2024,SDP,DET,0,0.4254658385093168,"Thursday, Sep 5"
2024,SDP,SFG,1,0.9,"Friday, Sep 6"
2024,SDP,SFG,0,0.4254658385093168,"Saturday, Sep 7"
2024,SDP,SFG,0,0.4254658385093168,"Sunday, Sep 8"
2024,SDP,HOU,1,0.4254658385093168,"Monday, Sep 16"
2024,SDP,HOU,0,0.4254658385093168,"Tuesday, Sep 17"
2024,SDP,HOU,1,0.49019607843137253,"Wednesday, Sep 18"
2024,SDP,CHW,1,0.9,"Friday, Sep 20"
2024,SDP,CHW,1,0.9,"Saturday, Sep 21"
2024,SDP,CHW,1,0.9,"Sunday, Sep 22"
2024,SEA,BOS,0,0.6433566433566433,"Thursday, Mar 28"
2024,SEA,BOS,1,0.6433566433566433,"Friday, Mar 29"
2024,SEA,BOS,1,0.5000000000000001,"Saturday, Mar 30"
2024,SEA,BOS,0,0.4107142857142857,"Sunday, Mar 31"
2024,SEA,CLE,1,0.4254658385093168,"Monday, Apr 1"
2024,SEA,CLE,0,0.4254658385093168,"Tuesday, Apr 2"
2024,SEA,CLE,0,0.5477477477477477,"Wednesday, Apr 3"
2024,SEA,CHC,1,0.5000000000000001,"Friday, Apr 12"
2024,SEA,CHC,0,0.4254658385093168,"Saturday, Apr 13"
2024,SEA,CHC,0,0.5000000000000001,"Sunday, Apr 14"
2024,SEA,CIN,1,0.5477477477477477,"Monday, Apr 15"
2024,SEA,CIN,1,0.5000000000000001,"Tuesday, Apr 16"
2024,SEA,CIN,1,0.5477477477477477,"Wednesday, Apr 17"
2024,SEA,ARI,1,0.4254658385093168,"Friday, Apr 26"
2024,SEA,ARI,1,0.5477477477477477,"Saturday, Apr 27"
2024,SEA,ARI,0,0.5915492957746479,"Sunday, Apr 28"
2024,SEA,ATL,1,0.5477477477477477,"Monday, Apr 29"
2024,SEA,ATL,1,0.5714285714285714,"Tuesday, Apr 30"
2024,SEA,ATL,0,0.4254658385093168,"Wednesday, May 1"
2024,SEA,OAK,1,0.5000000000000001,"Friday, May 10"
2024,SEA,OAK,0,0.5477477477477477,"Saturday, May 11"
2024,SEA,OAK,1,0.9,"Sunday, May 12"
2024,SEA,KCR,1,0.5000000000000001,"Monday, May 13"
2024,SEA,KCR,0,0.4254658385093168,"Tuesday, May 14"
2024,SEA,KCR,1,0.5000000000000001,"Wednesday, May 15"
2024,SEA,HOU,1,0.5477477477477477,"Monday, May 27"
2024,SEA,HOU,1,0.5915492957746479,"Tuesday, May 28"
2024,SEA,HOU,1,0.5915492957746479,"Wednesday, May 29"
2024,SEA,HOU,0,0.5477477477477477,"Thursday, May 30"
2024,SEA,LAA,1,0.7333333333333333,"Friday, May 31"
2024,SEA,LAA,1,0.9,"Saturday, Jun 1"
2024,SEA,LAA,1,0.9,"Sunday, Jun 2"
2024,SEA,CHW,1,0.9,"Monday, Jun 10"
2024,SEA,CHW,1,0.9,"Tuesday, Jun 11"
2024,SEA,CHW,1,0.6433566433566433,"Wednesday, Jun 12"
2024,SEA,CHW,0,0.5477477477477477,"Thursday, Jun 13"
2024,SEA,TEX,1,0.5477477477477477,"Friday, Jun 14"
2024,SEA,TEX,1,0.5477477477477477,"Saturday, Jun 15"
2024,SEA,TEX,1,0.7543859649122807,"Sunday, Jun 16"
2024,SEA,MIN,1,0.5477477477477477,"Friday, Jun 28"
2024,SEA,MIN,0,0.4254658385093168,"Saturday, Jun 29"
2024,SEA,MIN,0,0.4254658385093168,"Sunday, Jun 30"
2024,SEA,BAL,0,0.5000000000000001,"Tuesday, Jul 2"
2024,SEA,BAL,0,0.5477477477477477,"Wednesday, Jul 3"
2024,SEA,BAL,1,0.5477477477477477,"Thursday, Jul 4"
2024,SEA,TOR,1,0.6433566433566433,"Friday, Jul 5"
2024,SEA,TOR,0,0.5915492957746479,"Saturday, Jul 6"
2024,SEA,TOR,0,0.6363636363636364,"Sunday, Jul 7"
2024,SEA,HOU,0,0.5477477477477477,"Friday, Jul 19"
2024,SEA,HOU,0,0.5477477477477477,"Saturday, Jul 20"
2024,SEA,HOU,1,0.5477477477477477,"Sunday, Jul 21"
2024,SEA,LAA,0,0.6433566433566433,"Monday, Jul 22"
2024,SEA,LAA,0,0.4254658385093168,"Tuesday, Jul 23"
2024,SEA,LAA,0,0.5915492957746479,"Wednesday, Jul 24"
2024,SEA,PHI,1,0.7333333333333333,"Friday, Aug 2"
2024,SEA,PHI,1,0.5477477477477477,"Saturday, Aug 3"
2024,SEA,PHI,0,0.5477477477477477,"Sunday, Aug 4"
2024,SEA,DET,0,0.49019607843137253,"Tuesday, Aug 6"
2024,SEA,DET,0,0.5477477477477477,"Wednesday, Aug 7"
2024,SEA,DET,1,0.5477477477477477,"Thursday, Aug 8"
2024,SEA,NYM,1,0.4254658385093168,"Friday, Aug 9"
2024,SEA,NYM,1,0.5477477477477477,"Saturday, Aug 10"
2024,SEA,NYM,1,0.5477477477477477,"Sunday, Aug 11"
2024,SEA,SFG,1,0.49019607843137253,"Friday, Aug 23"
2024,SEA,SFG,0,0.49019607843137253,"Saturday, Aug 24"
2024,SEA,SFG,1,0.4254658385093168,"Sunday, Aug 25"
2024,SEA,TBR,1,0.6433566433566433,"Monday, Aug 26"
2024,SEA,TBR,0,0.5957446808510638,"Tuesday, Aug 27"
2024,SEA,TBR,1,0.5957446808510638,"Wednesday, Aug 28"
2024,SEA,SDP,0,0.49019607843137253,"Tuesday, Sep 10"
2024,SEA,SDP,1,0.5477477477477477,"Wednesday, Sep 11"
2024,SEA,TEX,0,0.49019607843137253,"Thursday, Sep 12"
2024,SEA,TEX,1,0.4254658385093168,"Friday, Sep 13"
2024,SEA,TEX,1,0.4254658385093168,"Saturday, Sep 14"
2024,SEA,TEX,1,0.7543859649122807,"Sunday, Sep 15"
2024,SEA,NYY,0,0.5000000000000001,"Tuesday, Sep 17"
2024,SEA,NYY,0,0.5000000000000001,"Wednesday, Sep 18"
2024,SEA,NYY,1,0.4254658385093168,"Thursday, Sep 19"
2024,SEA,OAK,1,0.9,"Friday, Sep 27"
2024,SEA,OAK,1,0.7333333333333333,"Saturday, Sep 28"
2024,SEA,OAK,1,0.5477477477477477,"Sunday, Sep 29"
2024,SFG,SDP,1,0.6433566433566433,"Friday, Apr 5"
2024,SFG,SDP,0,0.5477477477477477,"Saturday, Apr 6"
2024,SFG,SDP,1,0.4254658385093168,"Sunday, Apr 7"
2024,SFG,WSN,0,0.5477477477477477,"Monday, Apr 8"
2024,SFG,WSN,0,0.4254658385093168,"Tuesday, Apr 9"
2024,SFG,WSN,1,0.5000000000000001,"Wednesday, Apr 10"
2024,SFG,ARI,1,0.4107142857142857,"Thursday, Apr 18"
2024,SFG,ARI,0,0.5477477477477477,"Friday, Apr 19"
2024,SFG,ARI,1,0.5477477477477477,"Saturday, Apr 20"
2024,SFG,ARI,0,0.6666666666666666,"Sunday, Apr 21"
2024,SFG,NYM,1,0.6433566433566433,"Monday, Apr 22"
2024,SFG,NYM,1,0.49019607843137253,"Tuesday, Apr 23"
2024,SFG,NYM,0,0.5915492957746479,"Wednesday, Apr 24"
2024,SFG,PIT,1,0.5000000000000001,"Friday, Apr 26"
2024,SFG,PIT,0,0.5477477477477477,"Saturday, Apr 27"
2024,SFG,PIT,1,0.5477477477477477,"Sunday, Apr 28"
2024,SFG,CIN,0,0.7543859649122807,"Friday, May 10"
2024,SFG,CIN,1,0.5915492957746479,"Saturday, May 11"
2024,SFG,CIN,1,0.7333333333333333,"Sunday, May 12"
2024,SFG,LAD,0,0.1891891891891892,"Monday, May 13"
2024,SFG,LAD,0,0.01,"Tuesday, May 14"
2024,SFG,LAD,1,0.24399069903985673,"Wednesday, May 15"
2024,SFG,COL,1,0.5477477477477477,"Friday, May 17"
2024,SFG,COL,1,0.5714285714285714,"Saturday, May 18"
2024,SFG,COL,1,0.7333333333333333,"Sunday, May 19"
2024,SFG,PHI,1,0.33962264150943394,"Monday, May 27"
2024,SFG,PHI,1,0.6433566433566433,"Tuesday, May 28"
2024,SFG,PHI,0,0.5477477477477477,"Wednesday, May 29"
2024,SFG,NYY,0,0.4107142857142857,"Friday, May 31"
2024,SFG,NYY,0,0.4254658385093168,"Saturday, Jun 1"
2024,SFG,NYY,0,0.6433566433566433,"Sunday, Jun 2"
2024,SFG,HOU,1,0.4254658385093168,"Monday, Jun 10"
2024,SFG,HOU,0,0.5000000000000001,"Tuesday, Jun 11"
2024,SFG,HOU,1,0.5000000000000001,"Wednesday, Jun 12"
2024,SFG,LAA,0,0.5477477477477477,"Friday, Jun 14"
2024,SFG,LAA,0,0.4254658385093168,"Saturday, Jun 15"
2024,SFG,LAA,1,0.49019607843137253,"Sunday, Jun 16"
2024,SFG,CHC,1,0.5477477477477477,"Monday, Jun 24"
2024,SFG,CHC,1,0.5714285714285714,"Tuesday, Jun 25"
2024,SFG,CHC,1,0.6433566433566433,"Wednesday, Jun 26"
2024,SFG,CHC,0,0.5915492957746479,"Thursday, Jun 27"
2024,SFG,LAD,1,0.5477477477477477,"Friday, Jun 28"
2024,SFG,LAD,0,0.5915492957746479,"Saturday, Jun 29"
2024,SFG,LAD,1,0.5477477477477477,"Sunday, Jun 30"
2024,SFG,TOR,1,0.5477477477477477,"Tuesday, Jul 9"
2024,SFG,TOR,0,0.6433566433566433,"Wednesday, Jul 10"
2024,SFG,TOR,0,0.5477477477477477,"Thursday, Jul 11"
2024,SFG,MIN,1,0.5477477477477477,"Friday, Jul 12"
2024,SFG,MIN,0,0.2777777777777778,"Saturday, Jul 13"
2024,SFG,MIN,1,0.4254658385093168,"Sunday, Jul 14"
2024,SFG,COL,1,0.7777777777777778,"Friday, Jul 26"
2024,SFG,COL,1,0.7333333333333333,"Saturday, Jul 27 (1)"
2024,SFG,COL,1,0.9,"Saturday, Jul 27 (2)"
2024,SFG,COL,1,0.7333333333333333,"Sunday, Jul 28"
2024,SFG,OAK,0,0.4254658385093168,"Tuesday, Jul 30"
2024,SFG,OAK,1,0.5477477477477477,"Wednesday, Jul 31"
2024,SFG,DET,1,0.4254658385093168,"Friday, Aug 9"
2024,SFG,DET,1,0.4254658385093168,"Saturday, Aug 10"
2024,SFG,DET,0,0.49019607843137253,"Sunday, Aug 11"
2024,SFG,ATL,0,0.5000000000000001,"Monday, Aug 12"
2024,SFG,ATL,0,0.49019607843137253,"Tuesday, Aug 13"
2024,SFG,ATL,0,0.4254658385093168,"Wednesday, Aug 14"
2024,SFG,ATL,1,0.5477477477477477,"Thursday, Aug 15"
2024,SFG,CHW,1,0.9,"Monday, Aug 19"
2024,SFG,CHW,1,0.6433566433566433,"Tuesday, Aug 20"
2024,SFG,CHW,0,0.4254658385093168,"Wednesday, Aug 21"
2024,SFG,MIA,1,0.4254658385093168,"Friday, Aug 30"
2024,SFG,MIA,0,0.5915492957746479,"Saturday, Aug 31"
2024,SFG,MIA,0,0.4254658385093168,"Sunday, Sep 1"
2024,SFG,ARI,0,0.5000000000000001,"Tuesday, Sep 3"
2024,SFG,ARI,0,0.4254658385093168,"Wednesday, Sep 4"
2024,SFG,ARI,1,0.5477477477477477,"Thursday, Sep 5"
2024,SFG,MIL,0,0.5477477477477477,"Tuesday, Sep 10"
2024,SFG,MIL,1,0.49019607843137253,"Wednesday, Sep 11"
2024,SFG,MIL,0,0.5714285714285714,"Thursday, Sep 12"
2024,SFG,SDP,0,0.5477477477477477,"Friday, Sep 13"
2024,SFG,SDP,0,0.2777777777777778,"Saturday, Sep 14"
2024,SFG,SDP,0,0.4254658385093168,"Sunday, Sep 15"
2024,SFG,STL,0,0.4254658385093168,"Friday, Sep 27"
2024,SFG,STL,1,0.4254658385093168,"Saturday, Sep 28"
2024,SFG,STL,0,0.6433566433566433,"Sunday, Sep 29"
2024,STL,MIA,1,0.5915492957746479,"Thursday, Apr 4"
2024,STL,MIA,1,0.6433566433566433,"Saturday, Apr 6"
2024,STL,MIA,0,0.5477477477477477,"Sunday, Apr 7"
2024,STL,PHI,0,0.49019607843137253,"Monday, Apr 8"
2024,STL,PHI,1,0.5477477477477477,"Tuesday, Apr 9"
2024,STL,PHI,0,0.4254658385093168,"Wednesday, Apr 10"
2024,STL,MIL,0,0.5477477477477477,"Friday, Apr 19"
2024,STL,MIL,0,0.09523809523809523,"Saturday, Apr 20"
2024,STL,MIL,0,0.5477477477477477,"Sunday, Apr 21"
2024,STL,ARI,1,0.5477477477477477,"Monday, Apr 22"
2024,STL,ARI,0,0.5477477477477477,"Tuesday, Apr 23"
2024,STL,ARI,1,0.5000000000000001,"Wednesday, Apr 24"
2024,STL,CHW,1,0.5957446808510638,"Friday, May 3"
2024,STL,CHW,0,0.5477477477477477,"Saturday, May 4"
2024,STL,CHW,0,0.5477477477477477,"Sunday, May 5"
2024,STL,NYM,0,0.6433566433566433,"Monday, May 6"
2024,STL,NYM,0,0.5477477477477477,"Tuesday, May 7"
2024,STL,BOS,1,0.4254658385093168,"Friday, May 17"
2024,STL,BOS,1,0.5477477477477477,"Saturday, May 18"
2024,STL,BOS,0,0.5957446808510638,"Sunday, May 19"
2024,STL,BAL,1,0.5477477477477477,"Monday, May 20"
2024,STL,BAL,1,0.5915492957746479,"Tuesday, May 21"
2024,STL,BAL,1,0.4254658385093168,"Wednesday, May 22"
2024,STL,CHC,1,0.1891891891891892,"Saturday, May 25"
2024,STL,CHC,1,0.5477477477477477,"Sunday, May 26"
2024,STL,COL,0,0.5477477477477477,"Thursday, Jun 6"
2024,STL,COL,1,0.7777777777777778,"Friday, Jun 7"
2024,STL,COL,0,0.6363636363636364,"Saturday, Jun 8"
2024,STL,COL,1,0.9,"Sunday, Jun 9"
2024,STL,PIT,0,0.4254658385093168,"Tuesday, Jun 11"
2024,STL,PIT,1,0.49019607843137253,"Wednesday, Jun 12"
2024,STL,PIT,1,0.49019607843137253,"Thursday, Jun 13"
2024,STL,SFG,1,0.4107142857142857,"Thursday, Jun 20"
2024,STL,SFG,1,0.5477477477477477,"Saturday, Jun 22"
2024,STL,SFG,1,0.6433566433566433,"Sunday, Jun 23"
2024,STL,ATL,1,0.4254658385093168,"Monday, Jun 24"
2024,STL,ATL,0,0.4254658385093168,"Wednesday, Jun 26 (1)"
2024,STL,ATL,1,0.5477477477477477,"Wednesday, Jun 26 (2)"
2024,STL,CIN,0,0.5477477477477477,"Thursday, Jun 27"
2024,STL,CIN,1,0.5477477477477477,"Friday, Jun 28"
2024,STL,CIN,0,0.5477477477477477,"Saturday, Jun 29"
2024,STL,CIN,1,0.5477477477477477,"Sunday, Jun 30"
2024,STL,KCR,0,0.5000000000000001,"Wednesday, Jul 10 (1)"
2024,STL,KCR,0,0.5477477477477477,"Wednesday, Jul 10 (2)"
2024,STL,CHC,0,0.5000000000000001,"Friday, Jul 12"
2024,STL,CHC,1,0.4254658385093168,"Saturday, Jul 13 (1)"
2024,STL,CHC,1,0.4107142857142857,"Saturday, Jul 13 (2)"
2024,STL,CHC,0,0.4107142857142857,"Sunday, Jul 14"
2024,STL,WSN,0,0.5477477477477477,"Friday, Jul 26"
2024,STL,WSN,0,0.5477477477477477,"Saturday, Jul 27"
2024,STL,WSN,1,0.7333333333333333,"Sunday, Jul 28"
2024,STL,TEX,0,0.4254658385093168,"Monday, Jul 29"
2024,STL,TEX,1,0.5477477477477477,"Tuesday, Jul 30"
2024,STL,TEX,1,0.5477477477477477,"Wednesday, Jul 31"
2024,STL,NYM,0,0.5000000000000001,"Monday, Aug 5"
2024,STL,TBR,1,0.5477477477477477,"Tuesday, Aug 6"
2024,STL,TBR,1,0.4254658385093168,"Wednesday, Aug 7"
2024,STL,TBR,0,0.5477477477477477,"Thursday, Aug 8"
2024,STL,LAD,0,0.5000000000000001,"Friday, Aug 16"
2024,STL,LAD,1,0.7333333333333333,"Saturday, Aug 17"
2024,STL,LAD,0,0.4254658385093168,"Sunday, Aug 18"
2024,STL,MIL,0,0.5477477477477477,"Tuesday, Aug 20"
2024,STL,MIL,1,0.33962264150943394,"Wednesday, Aug 21"
2024,STL,MIL,1,0.4107142857142857,"Thursday, Aug 22"
2024,STL,SDP,0,0.5915492957746479,"Monday, Aug 26"
2024,STL,SDP,0,0.6433566433566433,"Tuesday, Aug 27"
2024,STL,SDP,1,0.5477477477477477,"Wednesday, Aug 28"
2024,STL,SDP,1,0.5477477477477477,"Thursday, Aug 29"
2024,STL,SEA,0,0.5477477477477477,"Friday, Sep 6"
2024,STL,SEA,1,0.5477477477477477,"Saturday, Sep 7"
2024,STL,SEA,0,0.4254658385093168,"Sunday, Sep 8"
2024,STL,CIN,0,0.5000000000000001,"Tuesday, Sep 10"
2024,STL,CIN,1,0.4254658385093168,"Wednesday, Sep 11"
2024,STL,CIN,1,0.4254658385093168,"Thursday, Sep 12"
2024,STL,PIT,1,0.49019607843137253,"Monday, Sep 16"
2024,STL,PIT,1,0.6433566433566433,"Tuesday, Sep 17"
2024,STL,PIT,1,0.6433566433566433,"Wednesday, Sep 18"
2024,STL,PIT,0,0.5477477477477477,"Thursday, Sep 19"
2024,STL,CLE,0,0.4254658385093168,"Friday, Sep 20"
2024,STL,CLE,1,0.4254658385093168,"Saturday, Sep 21"
2024,STL,CLE,1,0.49019607843137253,"Sunday, Sep 22"
2024,TBR,TOR,0,0.6363636363636364,"Thursday, Mar 28"
2024,TBR,TOR,1,0.6875,"Friday, Mar 29"
2024,TBR,TOR,1,0.5477477477477477,"Saturday, Mar 30"
2024,TBR,TOR,0,0.5477477477477477,"Sunday, Mar 31"
2024,TBR,TEX,0,0.4254658385093168,"Monday, Apr 1"
2024,TBR,TEX,1,0.5477477477477477,"Tuesday, Apr 2"
2024,TBR,TEX,0,0.5477477477477477,"Wednesday, Apr 3"
2024,TBR,SFG,1,0.6433566433566433,"Friday, Apr 12"
2024,TBR,SFG,0,0.4254658385093168,"Saturday, Apr 13"
2024,TBR,SFG,1,0.4254658385093168,"Sunday, Apr 14"
2024,TBR,LAA,0,0.4254658385093168,"Monday, Apr 15"
2024,TBR,LAA,1,0.6433566433566433,"Tuesday, Apr 16"
2024,TBR,LAA,0,0.5714285714285714,"Wednesday, Apr 17"
2024,TBR,LAA,1,0.6433566433566433,"Thursday, Apr 18"
2024,TBR,DET,0,0.4254658385093168,"Monday, Apr 22"
2024,TBR,DET,0,0.4254658385093168,"Tuesday, Apr 23"
2024,TBR,DET,1,0.5000000000000001,"Wednesday, Apr 24"
2024,TBR,NYM,1,0.6433566433566433,"Friday, May 3"
2024,TBR,NYM,1,0.5714285714285714,"Saturday, May 4"
2024,TBR,NYM,1,0.6433566433566433,"Sunday, May 5"
2024,TBR,CHW,1,0.7543859649122807,"Monday, May 6"
2024,TBR,CHW,1,0.9,"Tuesday, May 7"
2024,TBR,CHW,0,0.33962264150943394,"Wednesday, May 8"
2024,TBR,NYY,0,0.33962264150943394,"Friday, May 10"
2024,TBR,NYY,1,0.5477477477477477,"Saturday, May 11"
2024,TBR,NYY,0,0.4107142857142857,"Sunday, May 12"
2024,TBR,BOS,0,0.5477477477477477,"Monday, May 20"
2024,TBR,BOS,0,0.5477477477477477,"Tuesday, May 21"
2024,TBR,BOS,0,0.4254658385093168,"Wednesday, May 22"
2024,TBR,KCR,0,0.1891891891891892,"Friday, May 24"
2024,TBR,KCR,0,0.2777777777777778,"Saturday, May 25"
2024,TBR,KCR,1,0.4254658385093168,"Sunday, May 26"
2024,TBR,OAK,0,0.5477477477477477,"Tuesday, May 28"
2024,TBR,OAK,1,0.5477477477477477,"Wednesday, May 29"
2024,TBR,OAK,1,0.5000000000000001,"Thursday, May 30"
2024,TBR,BAL,0,0.4254658385093168,"Friday, Jun 7"
2024,TBR,BAL,0,0.2777777777777778,"Saturday, Jun 8"
2024,TBR,BAL,0,0.1891891891891892,"Sunday, Jun 9"
2024,TBR,BAL,0,0.33962264150943394,"Monday, Jun 10"
2024,TBR,CHC,1,0.6433566433566433,"Tuesday, Jun 11"
2024,TBR,CHC,0,0.7333333333333333,"Wednesday, Jun 12"
2024,TBR,CHC,1,0.49019607843137253,"Thursday, Jun 13"
2024,TBR,SEA,1,0.5477477477477477,"Monday, Jun 24"
2024,TBR,SEA,1,0.5477477477477477,"Tuesday, Jun 25"
2024,TBR,SEA,0,0.5000000000000001,"Wednesday, Jun 26"
2024,TBR,WSN,1,0.5714285714285714,"Friday, Jun 28"
2024,TBR,WSN,0,0.5477477477477477,"Saturday, Jun 29"
2024,TBR,WSN,1,0.7333333333333333,"Sunday, Jun 30"
2024,TBR,NYY,1,0.6875,"Tuesday, Jul 9"
2024,TBR,NYY,0,0.6433566433566433,"Wednesday, Jul 10"
2024,TBR,NYY,1,0.5477477477477477,"Thursday, Jul 11"
2024,TBR,CLE,1,0.5477477477477477,"Friday, Jul 12"
2024,TBR,CLE,0,0.5477477477477477,"Saturday, Jul 13"
2024,TBR,CLE,1,0.5477477477477477,"Sunday, Jul 14"
2024,TBR,CIN,0,0.49019607843137253,"Friday, Jul 26"
2024,TBR,CIN,1,0.5000000000000001,"Saturday, Jul 27"
2024,TBR,CIN,1,0.49019607843137253,"Sunday, Jul 28"
2024,TBR,MIA,1,0.4254658385093168,"Tuesday, Jul 30"
2024,TBR,MIA,0,0.33962264150943394,"Wednesday, Jul 31"
2024,TBR,BAL,0,0.5000000000000001,"Friday, Aug 9"
2024,TBR,BAL,0,0.5915492957746479,"Saturday, Aug 10"
2024,TBR,BAL,1,0.7333333333333333,"Sunday, Aug 11"
2024,TBR,HOU,0,0.1891891891891892,"Monday, Aug 12"
2024,TBR,HOU,0,0.2777777777777778,"Tuesday, Aug 13"
2024,TBR,HOU,0,0.5000000000000001,"Wednesday, Aug 14"
2024,TBR,ARI,1,0.6363636363636364,"Friday, Aug 16"
2024,TBR,ARI,1,0.5000000000000001,"Saturday, Aug 17"
2024,TBR,ARI,1,0.49019607843137253,"Sunday, Aug 18"
2024,TBR,SDP,0,0.4107142857142857,"Friday, Aug 30"
2024,TBR,SDP,1,0.49019607843137253,"Saturday, Aug 31"
2024,TBR,SDP,0,0.33962264150943394,"Sunday, Sep 1"
2024,TBR,MIN,0,0.5477477477477477,"Monday, Sep 2"
2024,TBR,MIN,1,0.5477477477477477,"Tuesday, Sep 3"
2024,TBR,MIN,1,0.2777777777777778,"Wednesday, Sep 4"
2024,TBR,MIN,0,0.4254658385093168,"Thursday, Sep 5"
2024,TBR,BOS,1,0.5477477477477477,"Tuesday, Sep 17"
2024,TBR,BOS,0,0.5714285714285714,"Wednesday, Sep 18"
2024,TBR,BOS,1,0.5000000000000001,"Thursday, Sep 19"
2024,TBR,TOR,1,0.4254658385093168,"Friday, Sep 20"
2024,TBR,TOR,1,0.5477477477477477,"Saturday, Sep 21"
2024,TBR,TOR,1,0.5477477477477477,"Sunday, Sep 22"
2024,TEX,CHC,1,0.6666666666666666,"Thursday, Mar 28"
2024,TEX,CHC,1,0.5477477477477477,"Saturday, Mar 30"
2024,TEX,CHC,0,0.4254658385093168,"Sunday, Mar 31"
2024,TEX,HOU,1,0.6433566433566433,"Friday, Apr 5"
2024,TEX,HOU,1,0.5714285714285714,"Saturday, Apr 6"
2024,TEX,HOU,0,0.6433566433566433,"Sunday, Apr 7"
2024,TEX,HOU,0,0.5477477477477477,"Monday, Apr 8"
2024,TEX,OAK,0,0.6666666666666666,"Tuesday, Apr 9"
2024,TEX,OAK,1,0.8317255130059864,"Wednesday, Apr 10"
2024,TEX,OAK,0,0.4107142857142857,"Thursday, Apr 11"
2024,TEX,SEA,0,0.4254658385093168,"Tuesday, Apr 23"
2024,TEX,SEA,1,0.5477477477477477,"Wednesday, Apr 24"
2024,TEX,SEA,0,0.49019607843137253,"Thursday, Apr 25"
2024,TEX,CIN,1,0.5957446808510638,"Friday, Apr 26"
2024,TEX,CIN,0,0.4254658385093168,"Saturday, Apr 27"
2024,TEX,CIN,1,0.5477477477477477,"Sunday, Apr 28"
2024,TEX,WSN,1,0.4254658385093168,"Tuesday, Apr 30"
2024,TEX,WSN,0,0.5000000000000001,"Wednesday, May 1"
2024,TEX,WSN,1,0.5000000000000001,"Thursday, May 2"
2024,TEX,CLE,0,0.5477477477477477,"Monday, May 13"
2024,TEX,CLE,0,0.4254658385093168,"Tuesday, May 14"
2024,TEX,CLE,1,0.4254658385093168,"Wednesday, May 15"
2024,TEX,LAA,0,0.5714285714285714,"Friday, May 17"
2024,TEX,LAA,1,0.6433566433566433,"Saturday, May 18"
2024,TEX,LAA,0,0.49019607843137253,"Sunday, May 19"
2024,TEX,ARI,1,0.5477477477477477,"Tuesday, May 28"
2024,TEX,ARI,1,0.6433566433566433,"Wednesday, May 29"
2024,TEX,DET,0,0.5477477477477477,"Monday, Jun 3"
2024,TEX,DET,0,0.5000000000000001,"Tuesday, Jun 4"
2024,TEX,DET,1,0.49019607843137253,"Wednesday, Jun 5"
2024,TEX,SFG,0,0.5477477477477477,"Friday, Jun 7"
2024,TEX,SFG,0,0.5477477477477477,"Saturday, Jun 8"
2024,TEX,SFG,1,0.5000000000000001,"Sunday, Jun 9"
2024,TEX,NYM,0,0.4254658385093168,"Monday, Jun 17"
2024,TEX,NYM,0,0.4254658385093168,"Tuesday, Jun 18"
2024,TEX,NYM,1,0.5477477477477477,"Wednesday, Jun 19"
2024,TEX,KCR,1,0.5477477477477477,"Friday, Jun 21"
2024,TEX,KCR,1,0.6433566433566433,"Saturday, Jun 22"
2024,TEX,KCR,1,0.49019607843137253,"Sunday, Jun 23"
2024,TEX,SDP,1,0.4254658385093168,"Tuesday, Jul 2"
2024,TEX,SDP,0,0.4254658385093168,"Wednesday, Jul 3"
2024,TEX,SDP,0,0.5477477477477477,"Thursday, Jul 4"
2024,TEX,TBR,1,0.5000000000000001,"Friday, Jul 5"
2024,TEX,TBR,1,0.5477477477477477,"Saturday, Jul 6"
2024,TEX,TBR,1,0.5477477477477477,"Sunday, Jul 7"
2024,TEX,BAL,0,0.5477477477477477,"Friday, Jul 19"
2024,TEX,BAL,0,0.5957446808510638,"Saturday, Jul 20"
2024,TEX,BAL,1,0.5915492957746479,"Sunday, Jul 21"
2024,TEX,CHW,1,0.6666666666666666,"Monday, Jul 22"
2024,TEX,CHW,1,0.6666666666666666,"Tuesday, Jul 23"
2024,TEX,CHW,1,0.96875,"Wednesday, Jul 24"
2024,TEX,CHW,1,0.9,"Thursday, Jul 25"
2024,TEX,BOS,0,0.49019607843137253,"Friday, Aug 2"
2024,TEX,BOS,1,0.5957446808510638,"Saturday, Aug 3"
2024,TEX,BOS,0,0.5957446808510638,"Sunday, Aug 4"
2024,TEX,HOU,1,0.5000000000000001,"Monday, Aug 5"
2024,TEX,HOU,0,0.4107142857142857,"Tuesday, Aug 6"
2024,TEX,HOU,0,0.4254658385093168,"Wednesday, Aug 7"
2024,TEX,MIN,0,0.6363636363636364,"Thursday, Aug 15"
2024,TEX,MIN,0,0.4254658385093168,"Friday, Aug 16"
2024,TEX,MIN,0,0.5714285714285714,"Saturday, Aug 17"
2024,TEX,MIN,1,0.5477477477477477,"Sunday, Aug 18"
2024,TEX,PIT,1,0.5000000000000001,"Monday, Aug 19"
2024,TEX,PIT,0,0.5477477477477477,"Tuesday, Aug 20"
2024,TEX,PIT,1,0.4254658385093168,"Wednesday, Aug 21"
2024,TEX,OAK,0,0.4254658385093168,"Friday, Aug 30"
2024,TEX,OAK,1,0.5477477477477477,"Saturday, Aug 31"
2024,TEX,OAK,1,0.49019607843137253,"Sunday, Sep 1"
2024,TEX,NYY,0,0.1891891891891892,"Monday, Sep 2"
2024,TEX,NYY,1,0.5477477477477477,"Tuesday, Sep 3"
2024,TEX,NYY,1,0.4254658385093168,"Wednesday, Sep 4"
2024,TEX,LAA,1,0.5477477477477477,"Thursday, Sep 5"
2024,TEX,LAA,0,0.49019607843137253,"Friday, Sep 6"
2024,TEX,LAA,1,0.5000000000000001,"Saturday, Sep 7"
2024,TEX,LAA,1,0.4254658385093168,"Sunday, Sep 8"
2024,TEX,TOR,1,0.49019607843137253,"Tuesday, Sep 17"
2024,TEX,TOR,1,0.5000000000000001,"Wednesday, Sep 18"
2024,TEX,TOR,0,0.2777777777777778,"Thursday, Sep 19"
2024,TEX,SEA,0,0.01,"Friday, Sep 20"
2024,TEX,SEA,0,0.5477477477477477,"Saturday, Sep 21"
2024,TEX,SEA,1,0.1891891891891892,"Sunday, Sep 22"
2024,TOR,SEA,1,0.5714285714285714,"Monday, Apr 8"
2024,TOR,SEA,1,0.6433566433566433,"Tuesday, Apr 9"
2024,TOR,SEA,0,0.6433566433566433,"Wednesday, Apr 10"
2024,TOR,COL,0,0.5000000000000001,"Friday, Apr 12"
2024,TOR,COL,1,0.5477477477477477,"Saturday, Apr 13"
2024,TOR,COL,1,0.7777777777777778,"Sunday, Apr 14"
2024,TOR,NYY,1,0.4254658385093168,"Monday, Apr 15"
2024,TOR,NYY,1,0.5477477477477477,"Tuesday, Apr 16"
2024,TOR,NYY,0,0.5000000000000001,"Wednesday, Apr 17"
2024,TOR,LAD,0,0.6363636363636364,"Friday, Apr 26"
2024,TOR,LAD,0,0.4107142857142857,"Saturday, Apr 27"
2024,TOR,LAD,1,0.4254658385093168,"Sunday, Apr 28"
2024,TOR,KCR,1,0.5477477477477477,"Monday, Apr 29"
2024,TOR,KCR,0,0.5915492957746479,"Tuesday, Apr 30"
2024,TOR,KCR,0,0.5477477477477477,"Wednesday, May 1"
2024,TOR,MIN,0,0.5477477477477477,"Friday, May 10"
2024,TOR,MIN,1,0.5477477477477477,"Saturday, May 11"
2024,TOR,MIN,0,0.4107142857142857,"Sunday, May 12"
2024,TOR,TBR,0,0.5957446808510638,"Friday, May 17"
2024,TOR,TBR,0,0.6433566433566433,"Saturday, May 18"
2024,TOR,TBR,1,0.5477477477477477,"Sunday, May 19"
2024,TOR,CHW,1,0.5000000000000001,"Monday, May 20"
2024,TOR,CHW,0,0.5477477477477477,"Tuesday, May 21"
2024,TOR,CHW,1,0.7333333333333333,"Wednesday, May 22"
2024,TOR,PIT,1,0.5957446808510638,"Friday, May 31"
2024,TOR,PIT,0,0.5477477477477477,"Saturday, Jun 1"
2024,TOR,PIT,1,0.5915492957746479,"Sunday, Jun 2"
2024,TOR,BAL,0,0.4254658385093168,"Monday, Jun 3"
2024,TOR,BAL,0,0.2777777777777778,"Tuesday, Jun 4"
2024,TOR,BAL,1,0.6666666666666666,"Wednesday, Jun 5"
2024,TOR,BAL,1,0.49019607843137253,"Thursday, Jun 6"
2024,TOR,CLE,0,0.5000000000000001,"Friday, Jun 14"
2024,TOR,CLE,1,0.4254658385093168,"Saturday, Jun 15"
2024,TOR,CLE,1,0.5915492957746479,"Sunday, Jun 16"
2024,TOR,BOS,0,0.49019607843137253,"Monday, Jun 17"
2024,TOR,BOS,0,0.4107142857142857,"Tuesday, Jun 18"
2024,TOR,BOS,0,0.5477477477477477,"Wednesday, Jun 19"
2024,TOR,NYY,1,0.7333333333333333,"Thursday, Jun 27"
2024,TOR,NYY,0,0.5477477477477477,"Friday, Jun 28"
2024,TOR,NYY,1,0.5915492957746479,"Saturday, Jun 29"
2024,TOR,NYY,0,0.5477477477477477,"Sunday, Jun 30"
2024,TOR,HOU,0,0.5477477477477477,"Monday, Jul 1"
2024,TOR,HOU,1,0.4254658385093168,"Tuesday, Jul 2"
2024,TOR,HOU,0,0.2777777777777778,"Wednesday, Jul 3"
2024,TOR,HOU,0,0.49019607843137253,"Thursday, Jul 4"
2024,TOR,DET,0,0.49019607843137253,"Friday, Jul 19"
2024,TOR,DET,0,0.4254658385093168,"Saturday, Jul 20"
2024,TOR,DET,1,0.4254658385093168,"Sunday, Jul 21"
2024,TOR,TBR,0,0.5000000000000001,"Tuesday, Jul 23"
2024,TOR,TBR,1,0.5915492957746479,"Wednesday, Jul 24"
2024,TOR,TBR,0,0.6363636363636364,"Thursday, Jul 25"
2024,TOR,TEX,1,0.4254658385093168,"Friday, Jul 26"
2024,TOR,TEX,1,0.33962264150943394,"Saturday, Jul 27"
2024,TOR,TEX,1,0.4254658385093168,"Sunday, Jul 28"
2024,TOR,BAL,1,0.33962264150943394,"Tuesday, Aug 6"
2024,TOR,BAL,0,0.5477477477477477,"Wednesday, Aug 7"
2024,TOR,BAL,1,0.4107142857142857,"Thursday, Aug 8"
2024,TOR,OAK,1,0.5477477477477477,"Friday, Aug 9"
2024,TOR,OAK,0,0.5000000000000001,"Saturday, Aug 10"
2024,TOR,OAK,0,0.4254658385093168,"Sunday, Aug 11"
2024,TOR,CIN,0,0.5477477477477477,"Monday, Aug 19"
2024,TOR,CIN,1,0.5000000000000001,"Tuesday, Aug 20"
2024,TOR,CIN,0,0.5477477477477477,"Wednesday, Aug 21"
2024,TOR,LAA,1,0.5477477477477477,"Thursday, Aug 22"
2024,TOR,LAA,1,0.6433566433566433,"Friday, Aug 23"
2024,TOR,LAA,1,0.75,"Saturday, Aug 24"
2024,TOR,LAA,1,0.9,"Sunday, Aug 25"
2024,TOR,PHI,0,0.4254658385093168,"Tuesday, Sep 3"
2024,TOR,PHI,0,0.5000000000000001,"Wednesday, Sep 4"
2024,TOR,NYM,0,0.4107142857142857,"Monday, Sep 9"
2024,TOR,NYM,1,0.5477477477477477,"Tuesday, Sep 10"
2024,TOR,NYM,0,0.4254658385093168,"Wednesday, Sep 11"
2024,TOR,STL,1,0.49019607843137253,"Friday, Sep 13"
2024,TOR,STL,1,0.5477477477477477,"Saturday, Sep 14"
2024,TOR,STL,1,0.4254658385093168,"Sunday, Sep 15"
2024,TOR,BOS,0,0.5477477477477477,"Monday, Sep 23"
2024,TOR,BOS,0,0.5477477477477477,"Tuesday, Sep 24"
2024,TOR,BOS,1,0.5000000000000001,"Wednesday, Sep 25"
2024,TOR,MIA,0,0.4254658385093168,"Friday, Sep 27"
2024,TOR,MIA,0,0.6433566433566433,"Saturday, Sep 28"
2024,TOR,MIA,0,0.49019607843137253,"Sunday, Sep 29"
2024,WSN,PIT,0,0.5477477477477477,"Monday, Apr 1"
2024,WSN,PIT,1,0.4254658385093168,"Wednesday, Apr 3"
2024,WSN,PIT,0,0.2777777777777778,"Thursday, Apr 4"
2024,WSN,PHI,0,0.4254658385093168,"Friday, Apr 5"
2024,WSN,PHI,0,0.4254658385093168,"Saturday, Apr 6"
2024,WSN,PHI,1,0.5000000000000001,"Sunday, Apr 7"
2024,WSN,HOU,0,0.4254658385093168,"Friday, Apr 19"
2024,WSN,HOU,1,0.6363636363636364,"Saturday, Apr 20"
2024,WSN,HOU,1,0.4254658385093168,"Sunday, Apr 21"
2024,WSN,LAD,0,0.5714285714285714,"Tuesday, Apr 23"
2024,WSN,LAD,0,0.5477477477477477,"Wednesday, Apr 24"
2024,WSN,LAD,0,0.6433566433566433,"Thursday, Apr 25"
2024,WSN,TOR,1,0.49019607843137253,"Friday, May 3"
2024,WSN,TOR,0,0.49019607843137253,"Saturday, May 4"
2024,WSN,TOR,1,0.5477477477477477,"Sunday, May 5"
2024,WSN,BAL,1,0.5477477477477477,"Tuesday, May 7"
2024,WSN,BAL,0,0.1891891891891892,"Wednesday, May 8"
2024,WSN,MIN,1,0.7333333333333333,"Monday, May 20"
2024,WSN,MIN,0,0.5477477477477477,"Tuesday, May 21"
2024,WSN,MIN,0,0.6433566433566433,"Wednesday, May 22"
2024,WSN,SEA,1,0.6433566433566433,"Friday, May 24"
2024,WSN,SEA,1,0.5000000000000001,"Saturday, May 25"
2024,WSN,SEA,0,0.4254658385093168,"Sunday, May 26"
2024,WSN,NYM,0,0.6433566433566433,"Monday, Jun 3"
2024,WSN,NYM,0,0.5477477477477477,"Tuesday, Jun 4"
2024,WSN,NYM,0,0.6715579603635579,"Wednesday, Jun 5"
2024,WSN,ATL,0,0.5477477477477477,"Thursday, Jun 6"
2024,WSN,ATL,1,0.7333333333333333,"Friday, Jun 7"
2024,WSN,ATL,1,0.7543859649122807,"Saturday, Jun 8"
2024,WSN,ATL,1,0.6433566433566433,"Sunday, Jun 9"
2024,WSN,MIA,1,0.6666666666666666,"Friday, Jun 14"
2024,WSN,MIA,1,0.9,"Saturday, Jun 15"
2024,WSN,MIA,1,0.9,"Sunday, Jun 16"
2024,WSN,ARI,0,0.4254658385093168,"Tuesday, Jun 18"
2024,WSN,ARI,1,0.49019607843137253,"Wednesday, Jun 19"
2024,WSN,ARI,0,0.4254658385093168,"Thursday, Jun 20"
2024,WSN,NYM,0,0.5477477477477477,"Monday, Jul 1"
2024,WSN,NYM,0,0.5714285714285714,"Tuesday, Jul 2"
2024,WSN,NYM,1,0.5477477477477477,"Wednesday, Jul 3"
2024,WSN,NYM,1,0.5000000000000001,"Thursday, Jul 4"
2024,WSN,STL,0,0.5000000000000001,"Friday, Jul 5"
2024,WSN,STL,1,0.5477477477477477,"Saturday, Jul 6"
2024,WSN,STL,0,0.33962264150943394,"Sunday, Jul 7"
2024,WSN,STL,0,0.4254658385093168,"Monday, Jul 8"
2024,WSN,CIN,1,0.5477477477477477,"Friday, Jul 19"
2024,WSN,CIN,1,0.4254658385093168,"Saturday, Jul 20"
2024,WSN,CIN,1,0.5477477477477477,"Sunday, Jul 21"
2024,WSN,SDP,0,0.6433566433566433,"Tuesday, Jul 23"
2024,WSN,SDP,0,0.5477477477477477,"Wednesday, Jul 24"
2024,WSN,SDP,0,0.1891891891891892,"Thursday, Jul 25"
2024,WSN,MIL,0,0.6363636363636364,"Friday, Aug 2"
2024,WSN,MIL,1,0.5000000000000001,"Saturday, Aug 3"
2024,WSN,MIL,1,0.706067028938563,"Sunday, Aug 4"
2024,WSN,SFG,0,0.2,"Monday, Aug 5"
2024,WSN,SFG,1,0.49019607843137253,"Tuesday, Aug 6"
2024,WSN,SFG,0,0.2777777777777778,"Wednesday, Aug 7"
2024,WSN,SFG,0,0.5000000000000001,"Thursday, Aug 8"
2024,WSN,LAA,1,0.4254658385093168,"Friday, Aug 9"
2024,WSN,LAA,1,0.49019607843137253,"Saturday, Aug 10"
2024,WSN,LAA,0,0.49019607843137253,"Sunday, Aug 11"
2024,WSN,COL,0,0.49019607843137253,"Tuesday, Aug 20"
2024,WSN,COL,1,0.5000000000000001,"Wednesday, Aug 21"
2024,WSN,COL,1,0.4254658385093168,"Thursday, Aug 22"
2024,WSN,NYY,0,0.4254658385093168,"Monday, Aug 26"
2024,WSN,NYY,1,0.6433566433566433,"Tuesday, Aug 27"
2024,WSN,NYY,1,0.5915492957746479,"Wednesday, Aug 28"
2024,WSN,CHC,0,0.09523809523809523,"Friday, Aug 30"
2024,WSN,CHC,0,0.1891891891891892,"Saturday, Aug 31"
2024,WSN,CHC,0,0.4254658385093168,"Sunday, Sep 1"
2024,WSN,ATL,0,0.4107142857142857,"Tuesday, Sep 10"
2024,WSN,ATL,1,0.6433566433566433,"Wednesday, Sep 11"
2024,WSN,MIA,0,0.5957446808510638,"Thursday, Sep 12"
2024,WSN,MIA,1,0.5477477477477477,"Friday, Sep 13"
2024,WSN,MIA,1,0.4254658385093168,"Saturday, Sep 14"
2024,WSN,MIA,1,0.5477477477477477,"Sunday, Sep 15"
2024,WSN,KCR,0,0.5957446808510638,"Tuesday, Sep 24"
2024,WSN,KCR,0,0.5477477477477477,"Wednesday, Sep 25"
2024,WSN,KCR,0,0.49019607843137253,"Thursday, Sep 26"
2024,WSN,PHI,1,0.6433566433566433,"Friday, Sep 27"
2024,WSN,PHI,1,0.6433566433566433,"Saturday, Sep 28"
2024,WSN,PHI,0,0.2777777777777778,"Sunday, Sep 29"
2025,ARI,CHC,0,0.5695652173913044,"Thursday, Mar 27"
2025,ARI,CHC,1,0.5414507772020726,"Friday, Mar 28"
2025,ARI,CHC,0,0.668918918918919,"Saturday, Mar 29"
2025,ARI,CHC,1,0.5414507772020726,"Sunday, Mar 30"
2025,ARI,BAL,0,0.5414507772020726,"Monday, Apr 7"
2025,ARI,BAL,1,0.5414507772020726,"Tuesday, Apr 8"
2025,ARI,BAL,1,0.5414507772020726,"Wednesday, Apr 9"
2025,ARI,MIL,0,0.4568421052631578,"Friday, Apr 11"
2025,ARI,MIL,1,0.3983739837398374,"Saturday, Apr 12"
2025,ARI,MIL,1,0.4568421052631578,"Sunday, Apr 13"
2025,ARI,TBR,1,0.9008264462809917,"Tuesday, Apr 22"
2025,ARI,TBR,0,0.5414507772020726,"Wednesday, Apr 23"
2025,ARI,TBR,0,0.5695652173913044,"Thursday, Apr 24"
2025,ARI,ATL,0,0.5414507772020726,"Friday, Apr 25"
2025,ARI,ATL,0,0.5414507772020726,"Saturday, Apr 26"
2025,ARI,ATL,1,0.5414507772020726,"Sunday, Apr 27"
2025,ARI,NYM,0,0.668918918918919,"Monday, May 5"
2025,ARI,NYM,1,0.5695652173913044,"Tuesday, May 6"
2025,ARI,NYM,0,0.5695652173913044,"Wednesday, May 7"
2025,ARI,LAD,1,0.5414507772020726,"Thursday, May 8"
2025,ARI,LAD,0,0.6710526315789473,"Friday, May 9"
2025,ARI,LAD,1,0.23076923076923078,"Saturday, May 10"
2025,ARI,LAD,0,0.5414507772020726,"Sunday, May 11"
2025,ARI,COL,1,0.96875,"Friday, May 16"
2025,ARI,COL,0,0.4568421052631578,"Saturday, May 17"
2025,ARI,COL,1,0.99,"Sunday, May 18"
2025,ARI,PIT,1,0.7947019867549668,"Monday, May 26"
2025,ARI,PIT,0,0.36363636363636365,"Tuesday, May 27"
2025,ARI,PIT,0,0.6710526315789473,"Wednesday, May 28"
2025,ARI,WSN,0,0.4568421052631578,"Friday, May 30"
2025,ARI,WSN,0,0.5414507772020726,"Saturday, May 31"
2025,ARI,WSN,1,0.5414507772020726,"Sunday, Jun 1"
2025,ARI,SEA,1,0.7947019867549668,"Monday, Jun 9"
2025,ARI,SEA,1,0.668918918918919,"Tuesday, Jun 10"
2025,ARI,SEA,1,0.5414507772020726,"Wednesday, Jun 11"
2025,ARI,SDP,1,0.5414507772020726,"Friday, Jun 13"
2025,ARI,SDP,1,0.5695652173913044,"Saturday, Jun 14"
2025,ARI,SDP,0,0.5695652173913044,"Sunday, Jun 15"
2025,ARI,MIA,0,0.3983739837398374,"Friday, Jun 27"
2025,ARI,MIA,0,0.4568421052631578,"Saturday, Jun 28"
2025,ARI,MIA,0,0.4568421052631578,"Sunday, Jun 29"
2025,ARI,SFG,1,0.7947019867549668,"Monday, Jun 30"
2025,ARI,SFG,1,0.5414507772020726,"Tuesday, Jul 1"
2025,ARI,SFG,0,0.5695652173913044,"Wednesday, Jul 2"
2025,ARI,SFG,0,0.5695652173913044,"Thursday, Jul 3"
2025,ARI,KCR,0,0.5414507772020726,"Friday, Jul 4"
2025,ARI,KCR,1,0.5414507772020726,"Saturday, Jul 5"
2025,ARI,KCR,0,0.3983739837398374,"Sunday, Jul 6"
2025,ARI,STL,1,0.5414507772020726,"Friday, Jul 18"
2025,ARI,STL,1,0.5695652173913044,"Saturday, Jul 19"
2025,ARI,STL,1,0.668918918918919,"Sunday, Jul 20"
2025,ARI,HOU,0,0.5695652173913044,"Monday, Jul 21"
2025,ARI,HOU,0,0.08333333333333333,"Tuesday, Jul 22"
2025,ARI,HOU,0,0.4568421052631578,"Wednesday, Jul 23"
2025,ARI,SDP,1,0.25,"Monday, Aug 4"
2025,ARI,SDP,0,0.14285714285714285,"Tuesday, Aug 5"
2025,ARI,SDP,0,0.3983739837398374,"Wednesday, Aug 6"
2025,ARI,COL,1,0.96875,"Friday, Aug 8"
2025,ARI,COL,1,0.9008264462809917,"Saturday, Aug 9"
2025,ARI,COL,1,0.99,"Sunday, Aug 10"
2025,ARI,CLE,0,0.5414507772020726,"Monday, Aug 18"
2025,ARI,CLE,1,0.5695652173913044,"Tuesday, Aug 19"
2025,ARI,CLE,1,0.5695652173913044,"Wednesday, Aug 20"
2025,ARI,CIN,1,0.4568421052631578,"Friday, Aug 22"
2025,ARI,CIN,1,0.4568421052631578,"Saturday, Aug 23"
2025,ARI,CIN,0,0.4568421052631578,"Sunday, Aug 24"
2025,ARI,TEX,0,0.3983739837398374,"Monday, Sep 1"
2025,ARI,TEX,1,0.36363636363636365,"Tuesday, Sep 2"
2025,ARI,TEX,1,0.36363636363636365,"Wednesday, Sep 3"
2025,ARI,BOS,1,0.4568421052631578,"Friday, Sep 5"
2025,ARI,BOS,1,0.4568421052631578,"Saturday, Sep 6"
2025,ARI,BOS,0,0.5414507772020726,"Sunday, Sep 7"
2025,ARI,SFG,1,0.5414507772020726,"Monday, Sep 15"
2025,ARI,SFG,1,0.5695652173913044,"Tuesday, Sep 16"
2025,ARI,SFG,0,0.5414507772020726,"Wednesday, Sep 17"
2025,ARI,PHI,0,0.5414507772020726,"Friday, Sep 19"
2025,ARI,PHI,1,0.25,"Saturday, Sep 20"
2025,ARI,PHI,1,0.5695652173913044,"Sunday, Sep 21"
2025,ARI,LAD,1,0.4568421052631578,"Tuesday, Sep 23"
2025,ARI,LAD,0,0.5414507772020726,"Wednesday, Sep 24"
2025,ARI,LAD,0,0.4935064935064935,"Thursday, Sep 25"
2025,ATL,MIA,1,0.5414507772020726,"Friday, Apr 4"
2025,ATL,MIA,0,0.4568421052631578,"Saturday, Apr 5"
2025,ATL,PHI,1,0.5414507772020726,"Tuesday, Apr 8"
2025,ATL,PHI,0,0.5414507772020726,"Wednesday, Apr 9"
2025,ATL,PHI,1,0.43661971830985913,"Thursday, Apr 10"
2025,ATL,MIN,1,0.5414507772020726,"Friday, Apr 18"
2025,ATL,MIN,1,0.5414507772020726,"Saturday, Apr 19"
2025,ATL,MIN,1,0.5414507772020726,"Sunday, Apr 20"
2025,ATL,STL,1,0.5695652173913044,"Monday, Apr 21"
2025,ATL,STL,0,0.5695652173913044,"Tuesday, Apr 22"
2025,ATL,STL,1,0.7947019867549668,"Wednesday, Apr 23"
2025,ATL,LAD,0,0.4568421052631578,"Friday, May 2"
2025,ATL,LAD,0,0.5414507772020726,"Saturday, May 3"
2025,ATL,LAD,1,0.43661971830985913,"Sunday, May 4"
2025,ATL,CIN,1,0.5414507772020726,"Monday, May 5"
2025,ATL,CIN,1,0.5414507772020726,"Tuesday, May 6"
2025,ATL,CIN,0,0.5414507772020726,"Wednesday, May 7"
2025,ATL,CIN,1,0.5414507772020726,"Thursday, May 8"
2025,ATL,WSN,1,0.9008264462809917,"Monday, May 12"
2025,ATL,WSN,1,0.9008264462809917,"Tuesday, May 13"
2025,ATL,WSN,0,0.6710526315789473,"Wednesday, May 14"
2025,ATL,WSN,1,0.7947019867549668,"Thursday, May 15"
2025,ATL,SDP,0,0.5695652173913044,"Friday, May 23"
2025,ATL,SDP,1,0.5695652173913044,"Saturday, May 24"
2025,ATL,SDP,0,0.5695652173913044,"Sunday, May 25"
2025,ATL,BOS,0,0.668918918918919,"Friday, May 30"
2025,ATL,BOS,1,0.668918918918919,"Saturday, May 31"
2025,ATL,BOS,0,0.5695652173913044,"Sunday, Jun 1"
2025,ATL,ARI,0,0.668918918918919,"Tuesday, Jun 3"
2025,ATL,ARI,0,0.5414507772020726,"Wednesday, Jun 4"
2025,ATL,ARI,0,0.6710526315789473,"Thursday, Jun 5"
2025,ATL,COL,1,0.6710526315789473,"Friday, Jun 13"
2025,ATL,COL,1,0.9008264462809917,"Saturday, Jun 14"
2025,ATL,COL,0,0.4568421052631578,"Sunday, Jun 15"
2025,ATL,NYM,1,0.5414507772020726,"Tuesday, Jun 17"
2025,ATL,NYM,1,0.13333333333333333,"Wednesday, Jun 18"
2025,ATL,NYM,1,0.5695652173913044,"Thursday, Jun 19"
2025,ATL,PHI,0,0.5414507772020726,"Friday, Jun 27"
2025,ATL,PHI,1,0.5414507772020726,"Saturday, Jun 28"
2025,ATL,PHI,0,0.4568421052631578,"Sunday, Jun 29"
2025,ATL,LAA,0,0.4568421052631578,"Tuesday, Jul 1"
2025,ATL,LAA,1,0.5414507772020726,"Wednesday, Jul 2"
2025,ATL,LAA,0,0.668918918918919,"Thursday, Jul 3"
2025,ATL,BAL,0,0.4568421052631578,"Friday, Jul 4"
2025,ATL,BAL,0,0.5414507772020726,"Saturday, Jul 5"
2025,ATL,BAL,0,0.5414507772020726,"Sunday, Jul 6"
2025,ATL,NYY,1,0.4568421052631578,"Friday, Jul 18"
2025,ATL,NYY,0,0.5414507772020726,"Saturday, Jul 19"
2025,ATL,NYY,0,0.5414507772020726,"Sunday, Jul 20"
2025,ATL,SFG,1,0.668918918918919,"Monday, Jul 21"
2025,ATL,SFG,0,0.5695652173913044,"Tuesday, Jul 22"
2025,ATL,SFG,0,0.5414507772020726,"Wednesday, Jul 23"
2025,ATL,MIL,0,0.01,"Monday, Aug 4"
2025,ATL,MIL,0,0.01,"Tuesday, Aug 5"
2025,ATL,MIL,0,0.13333333333333333,"Wednesday, Aug 6"
2025,ATL,MIA,1,0.43661971830985913,"Thursday, Aug 7"
2025,ATL,MIA,0,0.5414507772020726,"Friday, Aug 8"
2025,ATL,MIA,1,0.5414507772020726,"Saturday, Aug 9 (1)"
2025,ATL,MIA,1,0.5414507772020726,"Saturday, Aug 9 (2)"
2025,ATL,MIA,1,0.5695652173913044,"Sunday, Aug 10"
2025,ATL,CHW,0,0.6710526315789473,"Monday, Aug 18"
2025,ATL,CHW,1,0.9008264462809917,"Tuesday, Aug 19"
2025,ATL,CHW,1,0.6710526315789473,"Wednesday, Aug 20"
2025,ATL,NYM,0,0.4568421052631578,"Friday, Aug 22"
2025,ATL,NYM,0,0.3983739837398374,"Saturday, Aug 23"
2025,ATL,NYM,1,0.4568421052631578,"Sunday, Aug 24"
2025,ATL,SEA,1,0.5414507772020726,"Friday, Sep 5"
2025,ATL,SEA,0,0.5695652173913044,"Saturday, Sep 6"
2025,ATL,SEA,0,0.5414507772020726,"Sunday, Sep 7"
2025,ATL,CHC,1,0.5695652173913044,"Monday, Sep 8"
2025,ATL,CHC,0,0.4568421052631578,"Tuesday, Sep 9"
2025,ATL,CHC,0,0.5414507772020726,"Wednesday, Sep 10"
2025,ATL,HOU,0,0.5695652173913044,"Friday, Sep 12"
2025,ATL,HOU,0,0.5414507772020726,"Saturday, Sep 13"
2025,ATL,HOU,1,0.7947019867549668,"Sunday, Sep 14"
2025,ATL,WSN,1,0.7947019867549668,"Monday, Sep 22"
2025,ATL,WSN,1,0.9008264462809917,"Tuesday, Sep 23"
2025,ATL,WSN,0,0.3983739837398374,"Wednesday, Sep 24"
2025,ATL,PIT,0,0.5414507772020726,"Friday, Sep 26"
2025,ATL,PIT,0,0.5414507772020726,"Saturday, Sep 27"
2025,ATL,PIT,1,0.5414507772020726,"Sunday, Sep 28"
2025,BAL,BOS,1,0.5414507772020726,"Monday, Mar 31"
2025,BAL,BOS,0,0.5414507772020726,"Wednesday, Apr 2"
2025,BAL,BOS,0,0.7947019867549668,"Thursday, Apr 3"
2025,BAL,TOR,1,0.3983739837398374,"Saturday, Apr 12"
2025,BAL,TOR,0,0.4568421052631578,"Sunday, Apr 13"
2025,BAL,CLE,0,0.43661971830985913,"Tuesday, Apr 15"
2025,BAL,CLE,1,0.4568421052631578,"Wednesday, Apr 16"
2025,BAL,CLE,1,0.5414507772020726,"Thursday, Apr 17"
2025,BAL,CIN,0,0.43661971830985913,"Friday, Apr 18"
2025,BAL,CIN,1,0.5414507772020726,"Saturday, Apr 19"
2025,BAL,CIN,0,0.5414507772020726,"Sunday, Apr 20"
2025,BAL,NYY,1,0.5695652173913044,"Monday, Apr 28"
2025,BAL,NYY,0,0.4568421052631578,"Tuesday, Apr 29"
2025,BAL,NYY,1,0.08333333333333333,"Wednesday, Apr 30"
2025,BAL,KCR,1,0.4568421052631578,"Friday, May 2"
2025,BAL,KCR,0,0.43661971830985913,"Saturday, May 3"
2025,BAL,KCR,0,0.3983739837398374,"Sunday, May 4"
2025,BAL,MIN,0,0.3709677419354839,"Wednesday, May 14 (1)"
2025,BAL,MIN,0,0.23076923076923078,"Wednesday, May 14 (2)"
2025,BAL,MIN,0,0.4568421052631578,"Thursday, May 15"
2025,BAL,WSN,0,0.668918918918919,"Friday, May 16"
2025,BAL,WSN,0,0.668918918918919,"Saturday, May 17"
2025,BAL,WSN,0,0.668918918918919,"Sunday, May 18"
2025,BAL,STL,1,0.43661971830985913,"Monday, May 26"
2025,BAL,STL,0,0.5414507772020726,"Tuesday, May 27"
2025,BAL,STL,0,0.01,"Wednesday, May 28"
2025,BAL,CHW,1,0.4935064935064935,"Friday, May 30"
2025,BAL,CHW,1,0.5414507772020726,"Saturday, May 31"
2025,BAL,CHW,1,0.4568421052631578,"Sunday, Jun 1"
2025,BAL,DET,0,0.08333333333333333,"Tuesday, Jun 10"
2025,BAL,DET,1,0.3983739837398374,"Wednesday, Jun 11"
2025,BAL,DET,0,0.13333333333333333,"Thursday, Jun 12"
2025,BAL,LAA,1,0.25,"Friday, Jun 13"
2025,BAL,LAA,1,0.4568421052631578,"Saturday, Jun 14"
2025,BAL,LAA,1,0.43661971830985913,"Sunday, Jun 15"
2025,BAL,TEX,1,0.4568421052631578,"Monday, Jun 23"
2025,BAL,TEX,0,0.5414507772020726,"Tuesday, Jun 24"
2025,BAL,TEX,0,0.3983739837398374,"Wednesday, Jun 25"
2025,BAL,TBR,1,0.4568421052631578,"Friday, Jun 27"
2025,BAL,TBR,0,0.4568421052631578,"Saturday, Jun 28"
2025,BAL,TBR,1,0.14285714285714285,"Sunday, Jun 29"
2025,BAL,NYM,0,0.3983739837398374,"Tuesday, Jul 8"
2025,BAL,NYM,1,0.5414507772020726,"Thursday, Jul 10 (1)"
2025,BAL,NYM,1,0.4568421052631578,"Thursday, Jul 10 (2)"
2025,BAL,MIA,1,0.5414507772020726,"Friday, Jul 11"
2025,BAL,MIA,0,0.4935064935064935,"Saturday, Jul 12"
2025,BAL,MIA,0,0.5414507772020726,"Sunday, Jul 13"
2025,BAL,COL,0,0.4568421052631578,"Friday, Jul 25"
2025,BAL,COL,1,0.7947019867549668,"Saturday, Jul 26"
2025,BAL,COL,1,0.7947019867549668,"Sunday, Jul 27"
2025,BAL,TOR,1,0.5414507772020726,"Monday, Jul 28"
2025,BAL,TOR,1,0.4568421052631578,"Tuesday, Jul 29 (1)"
2025,BAL,TOR,1,0.4568421052631578,"Tuesday, Jul 29 (2)"
2025,BAL,TOR,0,0.4568421052631578,"Wednesday, Jul 30"
2025,BAL,SEA,0,0.3709677419354839,"Tuesday, Aug 12"
2025,BAL,SEA,1,0.5414507772020726,"Wednesday, Aug 13"
2025,BAL,SEA,1,0.25,"Thursday, Aug 14"
2025,BAL,HOU,0,0.4568421052631578,"Thursday, Aug 21"
2025,BAL,HOU,0,0.5695652173913044,"Friday, Aug 22"
2025,BAL,HOU,0,0.5695652173913044,"Saturday, Aug 23"
2025,BAL,HOU,1,0.5414507772020726,"Sunday, Aug 24"
2025,BAL,BOS,0,0.5414507772020726,"Monday, Aug 25"
2025,BAL,BOS,0,0.3709677419354839,"Tuesday, Aug 26"
2025,BAL,BOS,0,0.3983739837398374,"Wednesday, Aug 27"
2025,BAL,BOS,0,0.5414507772020726,"Thursday, Aug 28"
2025,BAL,LAD,1,0.5414507772020726,"Friday, Sep 5"
2025,BAL,LAD,1,0.5414507772020726,"Saturday, Sep 6"
2025,BAL,LAD,0,0.5414507772020726,"Sunday, Sep 7"
2025,BAL,PIT,1,0.5414507772020726,"Tuesday, Sep 9"
2025,BAL,PIT,1,0.5414507772020726,"Wednesday, Sep 10"
2025,BAL,PIT,1,0.5414507772020726,"Thursday, Sep 11"
2025,BAL,NYY,0,0.08333333333333333,"Thursday, Sep 18"
2025,BAL,NYY,1,0.3709677419354839,"Friday, Sep 19"
2025,BAL,NYY,0,0.36363636363636365,"Saturday, Sep 20"
2025,BAL,NYY,0,0.4568421052631578,"Sunday, Sep 21"
2025,BAL,TBR,1,0.4568421052631578,"Tuesday, Sep 23"
2025,BAL,TBR,0,0.4568421052631578,"Wednesday, Sep 24"
2025,BAL,TBR,1,0.5695652173913044,"Thursday, Sep 25"
2025,BOS,STL,1,0.5695652173913044,"Friday, Apr 4"
2025,BOS,STL,1,0.5414507772020726,"Sunday, Apr 6 (1)"
2025,BOS,STL,1,0.668918918918919,"Sunday, Apr 6 (2)"
2025,BOS,TOR,0,0.4568421052631578,"Monday, Apr 7"
2025,BOS,TOR,0,0.5414507772020726,"Tuesday, Apr 8"
2025,BOS,TOR,0,0.5414507772020726,"Wednesday, Apr 9"
2025,BOS,TOR,1,0.4568421052631578,"Thursday, Apr 10"
2025,BOS,CHW,1,0.5695652173913044,"Friday, Apr 18"
2025,BOS,CHW,1,0.9008264462809917,"Saturday, Apr 19"
2025,BOS,CHW,0,0.4568421052631578,"Sunday, Apr 20"
2025,BOS,CHW,1,0.9008264462809917,"Monday, Apr 21"
2025,BOS,SEA,1,0.4568421052631578,"Tuesday, Apr 22"
2025,BOS,SEA,0,0.4568421052631578,"Wednesday, Apr 23"
2025,BOS,SEA,0,0.43661971830985913,"Thursday, Apr 24"
2025,BOS,MIN,1,0.5414507772020726,"Friday, May 2"
2025,BOS,MIN,0,0.5695652173913044,"Saturday, May 3"
2025,BOS,MIN,0,0.4568421052631578,"Sunday, May 4"
2025,BOS,TEX,0,0.5414507772020726,"Tuesday, May 6"
2025,BOS,TEX,1,0.5414507772020726,"Wednesday, May 7"
2025,BOS,TEX,1,0.5414507772020726,"Thursday, May 8"
2025,BOS,ATL,0,0.3983739837398374,"Friday, May 16"
2025,BOS,ATL,1,0.5414507772020726,"Saturday, May 17"
2025,BOS,ATL,0,0.5414507772020726,"Sunday, May 18"
2025,BOS,NYM,1,0.6710526315789473,"Monday, May 19"
2025,BOS,NYM,1,0.5695652173913044,"Tuesday, May 20"
2025,BOS,NYM,0,0.5414507772020726,"Wednesday, May 21"
2025,BOS,BAL,1,0.7947019867549668,"Friday, May 23 (1)"
2025,BOS,BAL,1,0.7947019867549668,"Saturday, May 24 (1)"
2025,BOS,BAL,0,0.5695652173913044,"Saturday, May 24 (2)"
2025,BOS,BAL,0,0.5414507772020726,"Sunday, May 25"
2025,BOS,LAA,0,0.668918918918919,"Monday, Jun 2"
2025,BOS,LAA,0,0.4568421052631578,"Tuesday, Jun 3"
2025,BOS,LAA,1,0.4935064935064935,"Wednesday, Jun 4"
2025,BOS,TBR,0,0.5695652173913044,"Monday, Jun 9"
2025,BOS,TBR,1,0.5414507772020726,"Tuesday, Jun 10"
2025,BOS,TBR,1,0.5414507772020726,"Wednesday, Jun 11"
2025,BOS,NYY,1,0.4568421052631578,"Friday, Jun 13"
2025,BOS,NYY,1,0.7947019867549668,"Saturday, Jun 14"
2025,BOS,NYY,1,0.9008264462809917,"Sunday, Jun 15"
2025,BOS,TOR,0,0.5414507772020726,"Friday, Jun 27"
2025,BOS,TOR,1,0.5414507772020726,"Saturday, Jun 28"
2025,BOS,TOR,0,0.4568421052631578,"Sunday, Jun 29"
2025,BOS,CIN,1,0.4568421052631578,"Monday, Jun 30"
2025,BOS,CIN,1,0.5414507772020726,"Tuesday, Jul 1"
2025,BOS,CIN,0,0.5414507772020726,"Wednesday, Jul 2"
2025,BOS,COL,1,0.7947019867549668,"Monday, Jul 7"
2025,BOS,COL,1,0.96875,"Tuesday, Jul 8"
2025,BOS,COL,1,0.96875,"Wednesday, Jul 9"
2025,BOS,TBR,1,0.5414507772020726,"Thursday, Jul 10"
2025,BOS,TBR,1,0.6710526315789473,"Friday, Jul 11"
2025,BOS,TBR,1,0.5414507772020726,"Saturday, Jul 12"
2025,BOS,TBR,1,0.5695652173913044,"Sunday, Jul 13"
2025,BOS,LAD,0,0.5414507772020726,"Friday, Jul 25"
2025,BOS,LAD,1,0.4568421052631578,"Saturday, Jul 26"
2025,BOS,LAD,1,0.5414507772020726,"Sunday, Jul 27"
2025,BOS,HOU,1,0.5414507772020726,"Friday, Aug 1"
2025,BOS,HOU,1,0.5695652173913044,"Saturday, Aug 2"
2025,BOS,HOU,1,0.5414507772020726,"Sunday, Aug 3"
2025,BOS,KCR,1,0.5414507772020726,"Monday, Aug 4"
2025,BOS,KCR,1,0.5414507772020726,"Tuesday, Aug 5"
2025,BOS,KCR,0,0.5414507772020726,"Wednesday, Aug 6"
2025,BOS,MIA,1,0.9008264462809917,"Friday, Aug 15"
2025,BOS,MIA,1,0.9655172413793104,"Saturday, Aug 16"
2025,BOS,MIA,0,0.5695652173913044,"Sunday, Aug 17"
2025,BOS,BAL,0,0.43661971830985913,"Monday, Aug 18"
2025,BOS,BAL,0,0.16666666666666666,"Tuesday, Aug 19"
2025,BOS,PIT,0,0.5414507772020726,"Friday, Aug 29"
2025,BOS,PIT,0,0.5414507772020726,"Saturday, Aug 30"
2025,BOS,PIT,1,0.7947019867549668,"Sunday, Aug 31"
2025,BOS,CLE,1,0.7947019867549668,"Monday, Sep 1"
2025,BOS,CLE,1,0.5414507772020726,"Tuesday, Sep 2"
2025,BOS,CLE,0,0.5414507772020726,"Wednesday, Sep 3"
2025,BOS,NYY,0,0.4568421052631578,"Friday, Sep 12"
2025,BOS,NYY,0,0.4568421052631578,"Saturday, Sep 13"
2025,BOS,NYY,1,0.4568421052631578,"Sunday, Sep 14"
2025,BOS,DET,1,0.9008264462809917,"Friday, Sep 26"
2025,BOS,DET,0,0.7947019867549668,"Saturday, Sep 27"
2025,BOS,DET,1,0.5695652173913044,"Sunday, Sep 28"
2025,CHC,LAD,0,0.5414507772020726,"Tuesday, Mar 18"
2025,CHC,LAD,0,0.7947019867549668,"Wednesday, Mar 19"
2025,CHC,SDP,1,0.36363636363636365,"Friday, Apr 4"
2025,CHC,SDP,1,0.3983739837398374,"Saturday, Apr 5"
2025,CHC,SDP,0,0.36363636363636365,"Sunday, Apr 6"
2025,CHC,TEX,1,0.4568421052631578,"Monday, Apr 7"
2025,CHC,TEX,1,0.4568421052631578,"Tuesday, Apr 8"
2025,CHC,TEX,0,0.43661971830985913,"Wednesday, Apr 9"
2025,CHC,ARI,1,0.4568421052631578,"Friday, Apr 18"
2025,CHC,ARI,1,0.4935064935064935,"Saturday, Apr 19"
2025,CHC,ARI,0,0.4568421052631578,"Sunday, Apr 20"
2025,CHC,LAD,1,0.4935064935064935,"Tuesday, Apr 22"
2025,CHC,LAD,1,0.5414507772020726,"Wednesday, Apr 23"
2025,CHC,PHI,1,0.9008264462809917,"Friday, Apr 25"
2025,CHC,PHI,0,0.5414507772020726,"Saturday, Apr 26"
2025,CHC,PHI,0,0.5695652173913044,"Sunday, Apr 27"
2025,CHC,SFG,1,0.4935064935064935,"Monday, May 5"
2025,CHC,SFG,0,0.4568421052631578,"Tuesday, May 6"
2025,CHC,SFG,0,0.4568421052631578,"Wednesday, May 7"
2025,CHC,MIA,1,0.9781060194756926,"Monday, May 12"
2025,CHC,MIA,1,0.3709677419354839,"Tuesday, May 13"
2025,CHC,MIA,0,0.4568421052631578,"Wednesday, May 14"
2025,CHC,CHW,1,0.668918918918919,"Friday, May 16"
2025,CHC,CHW,1,0.4568421052631578,"Saturday, May 17"
2025,CHC,CHW,1,0.9655172413793104,"Sunday, May 18"
2025,CHC,COL,1,0.96875,"Monday, May 26"
2025,CHC,COL,1,0.43661971830985913,"Tuesday, May 27"
2025,CHC,COL,1,0.99,"Wednesday, May 28"
2025,CHC,CIN,0,0.5414507772020726,"Friday, May 30"
2025,CHC,CIN,1,0.3709677419354839,"Saturday, May 31"
2025,CHC,CIN,1,0.5414507772020726,"Sunday, Jun 1"
2025,CHC,PIT,1,0.9008264462809917,"Thursday, Jun 12"
2025,CHC,PIT,0,0.4935064935064935,"Friday, Jun 13"
2025,CHC,PIT,1,0.668918918918919,"Saturday, Jun 14"
2025,CHC,PIT,1,0.5414507772020726,"Sunday, Jun 15"
2025,CHC,MIL,1,0.5414507772020726,"Tuesday, Jun 17"
2025,CHC,MIL,0,0.5414507772020726,"Thursday, Jun 19"
2025,CHC,SEA,0,0.5414507772020726,"Friday, Jun 20"
2025,CHC,SEA,1,0.5414507772020726,"Saturday, Jun 21"
2025,CHC,SEA,0,0.4568421052631578,"Sunday, Jun 22"
2025,CHC,CLE,1,0.96875,"Tuesday, Jul 1"
2025,CHC,CLE,1,0.99,"Wednesday, Jul 2"
2025,CHC,CLE,1,0.5414507772020726,"Thursday, Jul 3"
2025,CHC,STL,1,0.668918918918919,"Friday, Jul 4"
2025,CHC,STL,0,0.7947019867549668,"Saturday, Jul 5"
2025,CHC,STL,1,0.9008264462809917,"Sunday, Jul 6"
2025,CHC,BOS,1,0.4568421052631578,"Friday, Jul 18"
2025,CHC,BOS,1,0.4568421052631578,"Saturday, Jul 19"
2025,CHC,BOS,0,0.5414507772020726,"Sunday, Jul 20"
2025,CHC,KCR,0,0.5414507772020726,"Monday, Jul 21"
2025,CHC,KCR,1,0.9008264462809917,"Tuesday, Jul 22"
2025,CHC,KCR,0,0.3983739837398374,"Wednesday, Jul 23"
2025,CHC,BAL,1,0.4568421052631578,"Friday, Aug 1"
2025,CHC,BAL,0,0.5414507772020726,"Saturday, Aug 2"
2025,CHC,BAL,1,0.5414507772020726,"Sunday, Aug 3"
2025,CHC,CIN,0,0.6710526315789473,"Monday, Aug 4"
2025,CHC,CIN,0,0.5414507772020726,"Tuesday, Aug 5"
2025,CHC,CIN,1,0.4568421052631578,"Wednesday, Aug 6"
2025,CHC,PIT,0,0.5695652173913044,"Friday, Aug 15"
2025,CHC,PIT,1,0.7947019867549668,"Saturday, Aug 16"
2025,CHC,PIT,1,0.668918918918919,"Sunday, Aug 17"
2025,CHC,MIL,0,0.23076923076923078,"Monday, Aug 18"
2025,CHC,MIL,1,0.13333333333333333,"Tuesday, Aug 19 (1)"
2025,CHC,MIL,1,0.5414507772020726,"Tuesday, Aug 19 (2)"
2025,CHC,MIL,1,0.5414507772020726,"Wednesday, Aug 20"
2025,CHC,MIL,0,0.6710526315789473,"Thursday, Aug 21"
2025,CHC,ATL,1,0.7947019867549668,"Monday, Sep 1"
2025,CHC,ATL,1,0.9008264462809917,"Tuesday, Sep 2"
2025,CHC,ATL,0,0.4935064935064935,"Wednesday, Sep 3"
2025,CHC,WSN,1,0.9655172413793104,"Friday, Sep 5"
2025,CHC,WSN,0,0.3983739837398374,"Saturday, Sep 6"
2025,CHC,WSN,0,0.5414507772020726,"Sunday, Sep 7"
2025,CHC,TBR,1,0.5695652173913044,"Friday, Sep 12"
2025,CHC,TBR,0,0.7947019867549668,"Saturday, Sep 13"
2025,CHC,TBR,1,0.4568421052631578,"Sunday, Sep 14"
2025,CHC,NYM,0,0.6710526315789473,"Tuesday, Sep 23"
2025,CHC,NYM,1,0.5695652173913044,"Wednesday, Sep 24"
2025,CHC,NYM,0,0.5695652173913044,"Thursday, Sep 25"
2025,CHC,STL,1,0.7947019867549668,"Friday, Sep 26"
2025,CHC,STL,1,0.4568421052631578,"Saturday, Sep 27"
2025,CHC,STL,1,0.4568421052631578,"Sunday, Sep 28"
2025,CHW,LAA,1,0.4568421052631578,"Thursday, Mar 27"
2025,CHW,LAA,0,0.3983739837398374,"Saturday, Mar 29"
2025,CHW,LAA,0,0.4568421052631578,"Sunday, Mar 30"
2025,CHW,MIN,1,0.4568421052631578,"Monday, Mar 31"
2025,CHW,MIN,0,0.5414507772020726,"Tuesday, Apr 1"
2025,CHW,MIN,0,0.5414507772020726,"Wednesday, Apr 2"
2025,CHW,BOS,1,0.5414507772020726,"Friday, Apr 11"
2025,CHW,BOS,1,0.5414507772020726,"Saturday, Apr 12"
2025,CHW,BOS,0,0.4568421052631578,"Sunday, Apr 13"
2025,CHW,MIL,0,0.36363636363636365,"Tuesday, Apr 29"
2025,CHW,MIL,0,0.43661971830985913,"Wednesday, Apr 30"
2025,CHW,MIL,1,0.4568421052631578,"Thursday, May 1"
2025,CHW,HOU,1,0.7947019867549668,"Friday, May 2"
2025,CHW,HOU,0,0.16666666666666666,"Saturday, May 3"
2025,CHW,HOU,1,0.7947019867549668,"Sunday, May 4"
2025,CHW,MIA,1,0.668918918918919,"Friday, May 9"
2025,CHW,MIA,0,0.5414507772020726,"Saturday, May 10"
2025,CHW,MIA,1,0.668918918918919,"Sunday, May 11"
2025,CHW,SEA,0,0.01,"Monday, May 19"
2025,CHW,SEA,1,0.25,"Tuesday, May 20"
2025,CHW,SEA,0,0.4568421052631578,"Wednesday, May 21"
2025,CHW,TEX,1,0.6710526315789473,"Friday, May 23"
2025,CHW,TEX,1,0.6710526315789473,"Saturday, May 24"
2025,CHW,TEX,0,0.4568421052631578,"Sunday, May 25"
2025,CHW,DET,0,0.01,"Monday, Jun 2"
2025,CHW,DET,1,0.668918918918919,"Tuesday, Jun 3"
2025,CHW,DET,0,0.13333333333333333,"Wednesday, Jun 4"
2025,CHW,DET,1,0.4568421052631578,"Thursday, Jun 5"
2025,CHW,KCR,1,0.5414507772020726,"Friday, Jun 6"
2025,CHW,KCR,1,0.5695652173913044,"Saturday, Jun 7"
2025,CHW,KCR,0,0.4568421052631578,"Sunday, Jun 8"
2025,CHW,STL,0,0.7947019867549668,"Tuesday, Jun 17"
2025,CHW,STL,0,0.4568421052631578,"Thursday, Jun 19 (1)"
2025,CHW,STL,0,0.4568421052631578,"Thursday, Jun 19 (2)"
2025,CHW,ARI,0,0.4568421052631578,"Monday, Jun 23"
2025,CHW,ARI,0,0.4568421052631578,"Tuesday, Jun 24"
2025,CHW,ARI,1,0.4935064935064935,"Wednesday, Jun 25"
2025,CHW,SFG,0,0.43661971830985913,"Friday, Jun 27"
2025,CHW,SFG,1,0.7947019867549668,"Saturday, Jun 28"
2025,CHW,SFG,1,0.4568421052631578,"Sunday, Jun 29"
2025,CHW,TOR,0,0.3709677419354839,"Monday, Jul 7"
2025,CHW,TOR,0,0.01,"Tuesday, Jul 8"
2025,CHW,TOR,1,0.4568421052631578,"Wednesday, Jul 9"
2025,CHW,CLE,0,0.3983739837398374,"Friday, Jul 11 (1)"
2025,CHW,CLE,1,0.5414507772020726,"Friday, Jul 11 (2)"
2025,CHW,CLE,0,0.3983739837398374,"Saturday, Jul 12"
2025,CHW,CLE,0,0.3983739837398374,"Sunday, Jul 13"
2025,CHW,CHC,1,0.5414507772020726,"Friday, Jul 25"
2025,CHW,CHC,0,0.36363636363636365,"Saturday, Jul 26"
2025,CHW,CHC,0,0.25,"Sunday, Jul 27"
2025,CHW,PHI,1,0.668918918918919,"Monday, Jul 28"
2025,CHW,PHI,0,0.01,"Tuesday, Jul 29"
2025,CHW,PHI,1,0.3983739837398374,"Wednesday, Jul 30"
2025,CHW,CLE,0,0.08333333333333333,"Friday, Aug 8"
2025,CHW,CLE,0,0.43661971830985913,"Saturday, Aug 9"
2025,CHW,CLE,1,0.3983739837398374,"Sunday, Aug 10"
2025,CHW,DET,0,0.4568421052631578,"Monday, Aug 11"
2025,CHW,DET,1,0.4568421052631578,"Tuesday, Aug 12"
2025,CHW,DET,0,0.5414507772020726,"Wednesday, Aug 13"
2025,CHW,MIN,0,0.5414507772020726,"Friday, Aug 22"
2025,CHW,MIN,1,0.4568421052631578,"Saturday, Aug 23"
2025,CHW,MIN,1,0.5695652173913044,"Sunday, Aug 24"
2025,CHW,KCR,1,0.5695652173913044,"Monday, Aug 25"
2025,CHW,KCR,0,0.4568421052631578,"Tuesday, Aug 26"
2025,CHW,KCR,0,0.4568421052631578,"Wednesday, Aug 27"
2025,CHW,NYY,0,0.16666666666666666,"Thursday, Aug 28"
2025,CHW,NYY,0,0.23076923076923078,"Friday, Aug 29"
2025,CHW,NYY,0,0.14285714285714285,"Saturday, Aug 30"
2025,CHW,NYY,1,0.6710526315789473,"Sunday, Aug 31"
2025,CHW,TBR,0,0.13333333333333333,"Tuesday, Sep 9"
2025,CHW,TBR,1,0.5414507772020726,"Wednesday, Sep 10"
2025,CHW,TBR,1,0.4568421052631578,"Thursday, Sep 11"
2025,CHW,BAL,0,0.43661971830985913,"Monday, Sep 15"
2025,CHW,BAL,0,0.5414507772020726,"Tuesday, Sep 16"
2025,CHW,BAL,0,0.5414507772020726,"Wednesday, Sep 17"
2025,CHW,SDP,1,0.4568421052631578,"Friday, Sep 19"
2025,CHW,SDP,0,0.3983739837398374,"Saturday, Sep 20"
2025,CHW,SDP,0,0.25,"Sunday, Sep 21"
2025,CIN,SFG,0,0.5414507772020726,"Thursday, Mar 27"
2025,CIN,SFG,1,0.5414507772020726,"Saturday, Mar 29"
2025,CIN,SFG,0,0.4568421052631578,"Sunday, Mar 30"
2025,CIN,TEX,1,0.3983739837398374,"Monday, Mar 31"
2025,CIN,TEX,0,0.4568421052631578,"Tuesday, Apr 1"
2025,CIN,TEX,0,0.5414507772020726,"Wednesday, Apr 2"
2025,CIN,PIT,1,0.5414507772020726,"Friday, Apr 11"
2025,CIN,PIT,1,0.5695652173913044,"Saturday, Apr 12"
2025,CIN,PIT,1,0.6514577257710555,"Sunday, Apr 13"
2025,CIN,SEA,1,0.4568421052631578,"Tuesday, Apr 15"
2025,CIN,SEA,0,0.4568421052631578,"Wednesday, Apr 16"
2025,CIN,SEA,0,0.4568421052631578,"Thursday, Apr 17"
2025,CIN,STL,1,0.4568421052631578,"Monday, Apr 28"
2025,CIN,STL,0,0.4568421052631578,"Wednesday, Apr 30 (1)"
2025,CIN,STL,0,0.5414507772020726,"Wednesday, Apr 30 (2)"
2025,CIN,STL,1,0.5414507772020726,"Thursday, May 1"
2025,CIN,WSN,1,0.7947019867549668,"Friday, May 2"
2025,CIN,WSN,0,0.3983739837398374,"Saturday, May 3"
2025,CIN,WSN,0,0.7947019867549668,"Sunday, May 4"
2025,CIN,CHW,0,0.4568421052631578,"Tuesday, May 13"
2025,CIN,CHW,0,0.3709677419354839,"Wednesday, May 14"
2025,CIN,CHW,1,0.5414507772020726,"Thursday, May 15"
2025,CIN,CLE,1,0.5695652173913044,"Friday, May 16"
2025,CIN,CLE,1,0.5695652173913044,"Saturday, May 17"
2025,CIN,CLE,1,0.5695652173913044,"Sunday, May 18"
2025,CIN,CHC,0,0.4568421052631578,"Friday, May 23"
2025,CIN,CHC,1,0.5414507772020726,"Saturday, May 24"
2025,CIN,CHC,0,0.3983739837398374,"Sunday, May 25"
2025,CIN,MIL,0,0.3983739837398374,"Monday, Jun 2"
2025,CIN,MIL,1,0.5414507772020726,"Tuesday, Jun 3"
2025,CIN,MIL,0,0.5414507772020726,"Wednesday, Jun 4"
2025,CIN,ARI,1,0.5695652173913044,"Friday, Jun 6"
2025,CIN,ARI,1,0.5414507772020726,"Saturday, Jun 7"
2025,CIN,ARI,1,0.5539747461084175,"Sunday, Jun 8"
2025,CIN,MIN,1,0.668918918918919,"Tuesday, Jun 17"
2025,CIN,MIN,1,0.7947019867549668,"Wednesday, Jun 18"
2025,CIN,MIN,0,0.5414507772020726,"Thursday, Jun 19"
2025,CIN,NYY,1,0.4568421052631578,"Monday, Jun 23"
2025,CIN,NYY,1,0.3983739837398374,"Tuesday, Jun 24"
2025,CIN,NYY,0,0.36363636363636365,"Wednesday, Jun 25"
2025,CIN,SDP,1,0.5414507772020726,"Friday, Jun 27"
2025,CIN,SDP,0,0.4568421052631578,"Saturday, Jun 28"
2025,CIN,SDP,1,0.5414507772020726,"Sunday, Jun 29"
2025,CIN,MIA,0,0.5414507772020726,"Monday, Jul 7"
2025,CIN,MIA,0,0.5414507772020726,"Tuesday, Jul 8"
2025,CIN,MIA,1,0.7947019867549668,"Wednesday, Jul 9"
2025,CIN,MIA,1,0.668918918918919,"Thursday, Jul 10"
2025,CIN,COL,0,0.5414507772020726,"Friday, Jul 11"
2025,CIN,COL,1,0.668918918918919,"Saturday, Jul 12"
2025,CIN,COL,1,0.9008264462809917,"Sunday, Jul 13"
2025,CIN,TBR,1,0.5414507772020726,"Friday, Jul 25"
2025,CIN,TBR,1,0.668918918918919,"Saturday, Jul 26"
2025,CIN,TBR,1,0.5414507772020726,"Sunday, Jul 27"
2025,CIN,LAD,0,0.4935064935064935,"Monday, Jul 28"
2025,CIN,LAD,0,0.4568421052631578,"Tuesday, Jul 29"
2025,CIN,LAD,1,0.4568421052631578,"Wednesday, Jul 30"
2025,CIN,ATL,0,0.5695652173913044,"Thursday, Jul 31"
2025,CIN,ATL,1,0.7947019867549668,"Friday, Aug 1"
2025,CIN,ATL,0,0.5414507772020726,"Saturday, Aug 2"
2025,CIN,PHI,0,0.5414507772020726,"Monday, Aug 11"
2025,CIN,PHI,1,0.5695652173913044,"Tuesday, Aug 12"
2025,CIN,PHI,1,0.5414507772020726,"Wednesday, Aug 13"
2025,CIN,MIL,0,0.5414507772020726,"Friday, Aug 15"
2025,CIN,MIL,0,0.4568421052631578,"Saturday, Aug 16"
2025,CIN,MIL,1,0.0625,"Sunday, Aug 17"
2025,CIN,STL,0,0.7947019867549668,"Friday, Aug 29"
2025,CIN,STL,0,0.5695652173913044,"Saturday, Aug 30"
2025,CIN,STL,1,0.5695652173913044,"Sunday, Aug 31"
2025,CIN,TOR,1,0.7947019867549668,"Monday, Sep 1"
2025,CIN,TOR,0,0.6710526315789473,"Tuesday, Sep 2"
2025,CIN,TOR,0,0.5414507772020726,"Wednesday, Sep 3"
2025,CIN,NYM,0,0.4935064935064935,"Friday, Sep 5"
2025,CIN,NYM,1,0.4568421052631578,"Saturday, Sep 6"
2025,CIN,NYM,1,0.4568421052631578,"Sunday, Sep 7"
2025,CIN,CHC,1,0.4568421052631578,"Thursday, Sep 18"
2025,CIN,CHC,1,0.36363636363636365,"Friday, Sep 19"
2025,CIN,CHC,1,0.4568421052631578,"Saturday, Sep 20"
2025,CIN,CHC,1,0.5414507772020726,"Sunday, Sep 21"
2025,CIN,PIT,0,0.4568421052631578,"Tuesday, Sep 23"
2025,CIN,PIT,0,0.4568421052631578,"Wednesday, Sep 24"
2025,CIN,PIT,1,0.4568421052631578,"Thursday, Sep 25"
2025,CLE,CHW,1,0.7947019867549668,"Tuesday, Apr 8"
2025,CLE,CHW,1,0.5414507772020726,"Wednesday, Apr 9"
2025,CLE,CHW,1,0.7947019867549668,"Thursday, Apr 10"
2025,CLE,KCR,1,0.4568421052631578,"Friday, Apr 11"
2025,CLE,KCR,1,0.3983739837398374,"Saturday, Apr 12"
2025,CLE,KCR,0,0.4935064935064935,"Sunday, Apr 13"
2025,CLE,NYY,1,0.4568421052631578,"Monday, Apr 21"
2025,CLE,NYY,1,0.4409748996967965,"Tuesday, Apr 22"
2025,CLE,NYY,0,0.3983739837398374,"Wednesday, Apr 23"
2025,CLE,BOS,1,0.4568421052631578,"Saturday, Apr 26 (1)"
2025,CLE,BOS,0,0.43661971830985913,"Saturday, Apr 26 (2)"
2025,CLE,BOS,0,0.5414507772020726,"Sunday, Apr 27"
2025,CLE,MIN,0,0.4568421052631578,"Monday, Apr 28"
2025,CLE,MIN,1,0.4568421052631578,"Tuesday, Apr 29"
2025,CLE,MIN,1,0.3983739837398374,"Wednesday, Apr 30"
2025,CLE,MIN,1,0.43661971830985913,"Thursday, May 1"
2025,CLE,PHI,1,0.3983739837398374,"Friday, May 9"
2025,CLE,PHI,0,0.4568421052631578,"Saturday, May 10"
2025,CLE,PHI,0,0.13333333333333333,"Sunday, May 11"
2025,CLE,MIL,1,0.5414507772020726,"Monday, May 12"
2025,CLE,MIL,1,0.5414507772020726,"Tuesday, May 13"
2025,CLE,MIL,0,0.5695652173913044,"Wednesday, May 14"
2025,CLE,LAD,0,0.36363636363636365,"Monday, May 26"
2025,CLE,LAD,0,0.5414507772020726,"Tuesday, May 27"
2025,CLE,LAD,1,0.5414507772020726,"Wednesday, May 28"
2025,CLE,LAA,0,0.668918918918919,"Friday, May 30"
2025,CLE,LAA,1,0.7947019867549668,"Saturday, May 31"
2025,CLE,LAA,1,0.9008264462809917,"Sunday, Jun 1"
2025,CLE,HOU,0,0.5414507772020726,"Friday, Jun 6"
2025,CLE,HOU,0,0.4568421052631578,"Saturday, Jun 7"
2025,CLE,HOU,1,0.4568421052631578,"Sunday, Jun 8"
2025,CLE,CIN,0,0.5414507772020726,"Monday, Jun 9"
2025,CLE,CIN,0,0.4568421052631578,"Tuesday, Jun 10"
2025,CLE,CIN,1,0.4568421052631578,"Wednesday, Jun 11"
2025,CLE,TOR,0,0.4568421052631578,"Tuesday, Jun 24"
2025,CLE,TOR,1,0.5695652173913044,"Wednesday, Jun 25"
2025,CLE,TOR,0,0.5414507772020726,"Thursday, Jun 26"
2025,CLE,STL,0,0.08333333333333333,"Friday, Jun 27"
2025,CLE,STL,0,0.4568421052631578,"Saturday, Jun 28"
2025,CLE,STL,0,0.5414507772020726,"Sunday, Jun 29"
2025,CLE,DET,0,0.3709677419354839,"Friday, Jul 4"
2025,CLE,DET,0,0.25,"Saturday, Jul 5"
2025,CLE,DET,0,0.3709677419354839,"Sunday, Jul 6"
2025,CLE,BAL,1,0.668918918918919,"Monday, Jul 21"
2025,CLE,BAL,1,0.6710526315789473,"Tuesday, Jul 22"
2025,CLE,BAL,1,0.6710526315789473,"Wednesday, Jul 23"
2025,CLE,BAL,0,0.5539214020114104,"Thursday, Jul 24"
2025,CLE,COL,0,0.5695652173913044,"Monday, Jul 28"
2025,CLE,COL,1,0.5414507772020726,"Tuesday, Jul 29"
2025,CLE,COL,1,0.9008264462809917,"Wednesday, Jul 30"
2025,CLE,MIN,1,0.3983739837398374,"Friday, Aug 1"
2025,CLE,MIN,1,0.668918918918919,"Saturday, Aug 2"
2025,CLE,MIN,0,0.5414507772020726,"Sunday, Aug 3"
2025,CLE,MIA,1,0.43661971830985913,"Tuesday, Aug 12"
2025,CLE,MIA,0,0.5695652173913044,"Wednesday, Aug 13"
2025,CLE,MIA,1,0.5414507772020726,"Thursday, Aug 14"
2025,CLE,ATL,0,0.5414507772020726,"Friday, Aug 15"
2025,CLE,ATL,0,0.4568421052631578,"Saturday, Aug 16"
2025,CLE,ATL,0,0.4935064935064935,"Sunday, Aug 17"
2025,CLE,TBR,0,0.7947019867549668,"Monday, Aug 25"
2025,CLE,TBR,1,0.5695652173913044,"Tuesday, Aug 26"
2025,CLE,TBR,1,0.3983739837398374,"Wednesday, Aug 27"
2025,CLE,SEA,1,0.4568421052631578,"Friday, Aug 29"
2025,CLE,SEA,1,0.4935064935064935,"Saturday, Aug 30"
2025,CLE,SEA,0,0.5414507772020726,"Sunday, Aug 31"
2025,CLE,KCR,1,0.4568421052631578,"Monday, Sep 8"
2025,CLE,KCR,1,0.4935064935064935,"Tuesday, Sep 9"
2025,CLE,KCR,0,0.4568421052631578,"Wednesday, Sep 10"
2025,CLE,KCR,1,0.5414507772020726,"Thursday, Sep 11"
2025,CLE,CHW,1,0.5695652173913044,"Friday, Sep 12"
2025,CLE,CHW,1,0.668918918918919,"Saturday, Sep 13"
2025,CLE,CHW,1,0.5695652173913044,"Sunday, Sep 14"
2025,CLE,DET,1,0.5695652173913044,"Tuesday, Sep 23"
2025,CLE,DET,1,0.7947019867549668,"Wednesday, Sep 24"
2025,CLE,DET,0,0.7947019867549668,"Thursday, Sep 25"
2025,CLE,TEX,0,0.5414507772020726,"Friday, Sep 26"
2025,CLE,TEX,1,0.5695652173913044,"Saturday, Sep 27"
2025,CLE,TEX,1,0.5414507772020726,"Sunday, Sep 28"
2025,COL,MIL,0,0.08333333333333333,"Tuesday, Apr 8"
2025,COL,MIL,0,0.3983739837398374,"Wednesday, Apr 9"
2025,COL,MIL,1,0.3709677419354839,"Thursday, Apr 10"
2025,COL,WSN,0,0.5414507772020726,"Saturday, Apr 19"
2025,COL,WSN,0,0.43661971830985913,"Sunday, Apr 20 (1)"
2025,COL,WSN,1,0.5695652173913044,"Sunday, Apr 20 (2)"
2025,COL,CIN,0,0.23076923076923078,"Friday, Apr 25"
2025,COL,CIN,0,0.08333333333333333,"Saturday, Apr 26"
2025,COL,CIN,0,0.01,"Sunday, Apr 27"
2025,COL,ATL,0,0.3709677419354839,"Monday, Apr 28"
2025,COL,ATL,0,0.4568421052631578,"Tuesday, Apr 29"
2025,COL,ATL,1,0.9008264462809917,"Wednesday, Apr 30"
2025,COL,DET,0,0.01,"Wednesday, May 7"
2025,COL,DET,0,0.01,"Thursday, May 8 (1)"
2025,COL,DET,0,0.01,"Thursday, May 8 (2)"
2025,COL,SDP,0,0.0625,"Friday, May 9"
2025,COL,SDP,0,0.01,"Saturday, May 10"
2025,COL,SDP,1,0.668918918918919,"Sunday, May 11"
2025,COL,PHI,0,0.5414507772020726,"Monday, May 19"
2025,COL,PHI,0,0.01,"Tuesday, May 20"
2025,COL,PHI,0,0.01,"Wednesday, May 21"
2025,COL,PHI,0,0.01,"Thursday, May 22"
2025,COL,NYY,1,0.6710526315789473,"Friday, May 23"
2025,COL,NYY,0,0.01,"Saturday, May 24"
2025,COL,NYY,0,0.01,"Sunday, May 25"
2025,COL,NYM,0,0.01,"Friday, Jun 6"
2025,COL,NYM,0,0.01,"Saturday, Jun 7"
2025,COL,NYM,0,0.01,"Sunday, Jun 8"
2025,COL,SFG,0,0.01,"Tuesday, Jun 10"
2025,COL,SFG,0,0.3983739837398374,"Wednesday, Jun 11"
2025,COL,SFG,1,0.43661971830985913,"Thursday, Jun 12"
2025,COL,ARI,0,0.05677060255221315,"Friday, Jun 20"
2025,COL,ARI,0,0.08333333333333333,"Saturday, Jun 21"
2025,COL,ARI,1,0.7947019867549668,"Sunday, Jun 22"
2025,COL,LAD,0,0.36363636363636365,"Tuesday, Jun 24"
2025,COL,LAD,0,0.01,"Wednesday, Jun 25"
2025,COL,LAD,0,0.01,"Thursday, Jun 26"
2025,COL,HOU,0,0.01,"Tuesday, Jul 1"
2025,COL,HOU,0,0.01,"Wednesday, Jul 2"
2025,COL,HOU,1,0.0625,"Thursday, Jul 3"
2025,COL,CHW,0,0.25,"Friday, Jul 4"
2025,COL,CHW,0,0.5414507772020726,"Saturday, Jul 5"
2025,COL,CHW,1,0.5414507772020726,"Sunday, Jul 6"
2025,COL,MIN,1,0.3983739837398374,"Friday, Jul 18"
2025,COL,MIN,1,0.5414507772020726,"Saturday, Jul 19"
2025,COL,MIN,0,0.13333333333333333,"Sunday, Jul 20"
2025,COL,STL,0,0.25,"Monday, Jul 21"
2025,COL,STL,1,0.5414507772020726,"Tuesday, Jul 22"
2025,COL,STL,1,0.5414507772020726,"Wednesday, Jul 23"
2025,COL,PIT,1,0.4935064935064935,"Friday, Aug 1"
2025,COL,PIT,1,0.5414507772020726,"Saturday, Aug 2"
2025,COL,PIT,0,0.01,"Sunday, Aug 3"
2025,COL,TOR,0,0.08333333333333333,"Monday, Aug 4"
2025,COL,TOR,0,0.01,"Tuesday, Aug 5"
2025,COL,TOR,0,0.0625,"Wednesday, Aug 6"
2025,COL,ARI,0,0.01,"Thursday, Aug 14"
2025,COL,ARI,1,0.7947019867549668,"Friday, Aug 15"
2025,COL,ARI,1,0.5414507772020726,"Saturday, Aug 16"
2025,COL,ARI,1,0.36363636363636365,"Sunday, Aug 17"
2025,COL,LAD,1,0.4568421052631578,"Monday, Aug 18"
2025,COL,LAD,0,0.01,"Tuesday, Aug 19"
2025,COL,LAD,1,0.7947019867549668,"Wednesday, Aug 20"
2025,COL,LAD,0,0.01,"Thursday, Aug 21"
2025,COL,CHC,0,0.08333333333333333,"Friday, Aug 29"
2025,COL,CHC,0,0.6710526315789473,"Saturday, Aug 30"
2025,COL,CHC,1,0.5414507772020726,"Sunday, Aug 31"
2025,COL,SFG,0,0.08333333333333333,"Monday, Sep 1"
2025,COL,SFG,0,0.01,"Tuesday, Sep 2"
2025,COL,SFG,0,0.6710526315789473,"Wednesday, Sep 3"
2025,COL,SDP,1,0.9008264462809917,"Friday, Sep 5"
2025,COL,SDP,0,0.7947019867549668,"Saturday, Sep 6"
2025,COL,SDP,0,0.3709677419354839,"Sunday, Sep 7"
2025,COL,MIA,0,0.3983739837398374,"Tuesday, Sep 16"
2025,COL,MIA,0,0.4568421052631578,"Wednesday, Sep 17"
2025,COL,MIA,0,0.3983739837398374,"Thursday, Sep 18"
2025,COL,LAA,1,0.6710526315789473,"Friday, Sep 19"
2025,COL,LAA,0,0.4568421052631578,"Saturday, Sep 20"
2025,COL,LAA,1,0.4568421052631578,"Sunday, Sep 21"
2025,DET,CHW,1,0.9008264462809917,"Friday, Apr 4"
2025,DET,CHW,1,0.668918918918919,"Saturday, Apr 5"
2025,DET,CHW,1,0.5414507772020726,"Sunday, Apr 6"
2025,DET,NYY,1,0.5414507772020726,"Monday, Apr 7"
2025,DET,NYY,1,0.3709677419354839,"Tuesday, Apr 8"
2025,DET,NYY,0,0.4568421052631578,"Wednesday, Apr 9"
2025,DET,KCR,1,0.5414507772020726,"Thursday, Apr 17"
2025,DET,KCR,1,0.5414507772020726,"Friday, Apr 18"
2025,DET,KCR,1,0.5695652173913044,"Saturday, Apr 19"
2025,DET,KCR,0,0.6710526315789473,"Sunday, Apr 20"
2025,DET,SDP,1,0.5414507772020726,"Monday, Apr 21"
2025,DET,SDP,0,0.5414507772020726,"Tuesday, Apr 22"
2025,DET,SDP,1,0.5414507772020726,"Wednesday, Apr 23"
2025,DET,BAL,1,0.7947019867549668,"Saturday, Apr 26 (1)"
2025,DET,BAL,1,0.96875,"Saturday, Apr 26 (2)"
2025,DET,BAL,1,0.96875,"Sunday, Apr 27"
2025,DET,TEX,1,0.9655172413793104,"Friday, May 9"
2025,DET,TEX,0,0.6710526315789473,"Saturday, May 10"
2025,DET,TEX,0,0.7947019867549668,"Sunday, May 11"
2025,DET,BOS,1,0.7947019867549668,"Monday, May 12"
2025,DET,BOS,1,0.43661971830985913,"Tuesday, May 13"
2025,DET,BOS,1,0.4568421052631578,"Wednesday, May 14"
2025,DET,CLE,0,0.4568421052631578,"Thursday, May 22"
2025,DET,CLE,0,0.43661971830985913,"Friday, May 23"
2025,DET,CLE,0,0.4568421052631578,"Saturday, May 24"
2025,DET,CLE,1,0.7947019867549668,"Sunday, May 25"
2025,DET,SFG,1,0.5414507772020726,"Monday, May 26"
2025,DET,SFG,1,0.5414507772020726,"Tuesday, May 27"
2025,DET,SFG,1,0.7947019867549668,"Wednesday, May 28"
2025,DET,CHC,1,0.5414507772020726,"Friday, Jun 6"
2025,DET,CHC,0,0.5695652173913044,"Saturday, Jun 7"
2025,DET,CHC,1,0.5414507772020726,"Sunday, Jun 8"
2025,DET,CIN,1,0.668918918918919,"Friday, Jun 13"
2025,DET,CIN,0,0.4568421052631578,"Saturday, Jun 14"
2025,DET,CIN,0,0.4568421052631578,"Sunday, Jun 15"
2025,DET,PIT,1,0.7947019867549668,"Tuesday, Jun 17"
2025,DET,PIT,1,0.96875,"Thursday, Jun 19 (1)"
2025,DET,PIT,0,0.5414507772020726,"Thursday, Jun 19 (2)"
2025,DET,MIN,0,0.5414507772020726,"Friday, Jun 27"
2025,DET,MIN,1,0.6710526315789473,"Saturday, Jun 28"
2025,DET,MIN,1,0.9008264462809917,"Sunday, Jun 29"
2025,DET,TBR,1,0.4568421052631578,"Monday, Jul 7"
2025,DET,TBR,1,0.5414507772020726,"Tuesday, Jul 8"
2025,DET,TBR,0,0.4568421052631578,"Wednesday, Jul 9"
2025,DET,SEA,0,0.43661971830985913,"Friday, Jul 11"
2025,DET,SEA,0,0.5414507772020726,"Saturday, Jul 12"
2025,DET,SEA,0,0.5414507772020726,"Sunday, Jul 13"
2025,DET,TOR,0,0.25,"Thursday, Jul 24"
2025,DET,TOR,0,0.14285714285714285,"Friday, Jul 25"
2025,DET,TOR,0,0.4568421052631578,"Saturday, Jul 26"
2025,DET,TOR,1,0.3983739837398374,"Sunday, Jul 27"
2025,DET,ARI,1,0.668918918918919,"Monday, Jul 28"
2025,DET,ARI,1,0.668918918918919,"Tuesday, Jul 29"
2025,DET,ARI,1,0.5414507772020726,"Wednesday, Jul 30"
2025,DET,MIN,1,0.7947019867549668,"Monday, Aug 4"
2025,DET,MIN,0,0.5414507772020726,"Tuesday, Aug 5"
2025,DET,MIN,0,0.4568421052631578,"Wednesday, Aug 6"
2025,DET,LAA,1,0.5695652173913044,"Friday, Aug 8"
2025,DET,LAA,0,0.668918918918919,"Saturday, Aug 9"
2025,DET,LAA,1,0.9008264462809917,"Sunday, Aug 10"
2025,DET,HOU,1,0.5695652173913044,"Monday, Aug 18"
2025,DET,HOU,1,0.5414507772020726,"Tuesday, Aug 19"
2025,DET,HOU,1,0.5414507772020726,"Wednesday, Aug 20"
2025,DET,KCR,1,0.4568421052631578,"Friday, Aug 22"
2025,DET,KCR,1,0.43661971830985913,"Saturday, Aug 23"
2025,DET,KCR,0,0.5414507772020726,"Sunday, Aug 24"
2025,DET,NYM,0,0.5414507772020726,"Monday, Sep 1"
2025,DET,NYM,0,0.5414507772020726,"Tuesday, Sep 2"
2025,DET,NYM,1,0.5414507772020726,"Wednesday, Sep 3"
2025,DET,CHW,0,0.5414507772020726,"Friday, Sep 5"
2025,DET,CHW,1,0.6710526315789473,"Saturday, Sep 6"
2025,DET,CHW,0,0.5695652173913044,"Sunday, Sep 7"
2025,DET,CLE,0,0.3983739837398374,"Tuesday, Sep 16"
2025,DET,CLE,0,0.36363636363636365,"Wednesday, Sep 17"
2025,DET,CLE,0,0.3983739837398374,"Thursday, Sep 18"
2025,DET,ATL,0,0.4568421052631578,"Friday, Sep 19"
2025,DET,ATL,0,0.4568421052631578,"Saturday, Sep 20"
2025,DET,ATL,0,0.3983739837398374,"Sunday, Sep 21"
2025,HOU,NYM,1,0.5414507772020726,"Thursday, Mar 27"
2025,HOU,NYM,0,0.3983739837398374,"Friday, Mar 28"
2025,HOU,NYM,1,0.4935064935064935,"Saturday, Mar 29"
2025,HOU,SFG,0,0.3983739837398374,"Monday, Mar 31"
2025,HOU,SFG,0,0.25,"Tuesday, Apr 1"
2025,HOU,SFG,0,0.5414507772020726,"Wednesday, Apr 2"
2025,HOU,LAA,1,0.36363636363636365,"Friday, Apr 11"
2025,HOU,LAA,0,0.43661971830985913,"Saturday, Apr 12"
2025,HOU,LAA,1,0.5414507772020726,"Sunday, Apr 13"
2025,HOU,SDP,1,0.43661971830985913,"Friday, Apr 18"
2025,HOU,SDP,1,0.3983739837398374,"Saturday, Apr 19"
2025,HOU,SDP,0,0.5414507772020726,"Sunday, Apr 20"
2025,HOU,TOR,1,0.4568421052631578,"Monday, Apr 21"
2025,HOU,TOR,1,0.5414507772020726,"Tuesday, Apr 22"
2025,HOU,TOR,1,0.5414507772020726,"Wednesday, Apr 23"
2025,HOU,DET,1,0.4568421052631578,"Monday, Apr 28"
2025,HOU,DET,1,0.4568421052631578,"Tuesday, Apr 29"
2025,HOU,DET,0,0.4568421052631578,"Wednesday, Apr 30"
2025,HOU,CIN,1,0.668918918918919,"Friday, May 9"
2025,HOU,CIN,0,0.5695652173913044,"Saturday, May 10"
2025,HOU,CIN,1,0.6710526315789473,"Sunday, May 11"
2025,HOU,KCR,0,0.3983739837398374,"Monday, May 12"
2025,HOU,KCR,1,0.43661971830985913,"Tuesday, May 13"
2025,HOU,KCR,1,0.3983739837398374,"Wednesday, May 14"
2025,HOU,SEA,1,0.5414507772020726,"Thursday, May 22"
2025,HOU,SEA,0,0.4568421052631578,"Friday, May 23"
2025,HOU,SEA,1,0.5414507772020726,"Saturday, May 24"
2025,HOU,SEA,1,0.5414507772020726,"Sunday, May 25"
2025,HOU,TBR,0,0.3983739837398374,"Thursday, May 29"
2025,HOU,TBR,1,0.39544484598875074,"Friday, May 30"
2025,HOU,TBR,0,0.5414507772020726,"Saturday, May 31"
2025,HOU,TBR,1,0.3983739837398374,"Sunday, Jun 1"
2025,HOU,CHW,0,0.43661971830985913,"Tuesday, Jun 10"
2025,HOU,CHW,1,0.3983739837398374,"Wednesday, Jun 11"
2025,HOU,CHW,1,0.7947019867549668,"Thursday, Jun 12"
2025,HOU,MIN,1,0.5414507772020726,"Friday, Jun 13"
2025,HOU,MIN,1,0.5414507772020726,"Saturday, Jun 14"
2025,HOU,MIN,1,0.668918918918919,"Sunday, Jun 15"
2025,HOU,PHI,1,0.5414507772020726,"Tuesday, Jun 24"
2025,HOU,PHI,1,0.4568421052631578,"Wednesday, Jun 25"
2025,HOU,PHI,1,0.5414507772020726,"Thursday, Jun 26"
2025,HOU,CHC,1,0.668918918918919,"Friday, Jun 27"
2025,HOU,CHC,0,0.5414507772020726,"Saturday, Jun 28"
2025,HOU,CHC,1,0.4568421052631578,"Sunday, Jun 29"
2025,HOU,CLE,0,0.7947019867549668,"Monday, Jul 7"
2025,HOU,CLE,0,0.25,"Tuesday, Jul 8"
2025,HOU,CLE,0,0.36363636363636365,"Wednesday, Jul 9"
2025,HOU,TEX,0,0.5414507772020726,"Friday, Jul 11"
2025,HOU,TEX,1,0.7947019867549668,"Saturday, Jul 12"
2025,HOU,TEX,0,0.5414507772020726,"Sunday, Jul 13"
2025,HOU,WSN,0,0.4568421052631578,"Monday, Jul 28"
2025,HOU,WSN,1,0.7947019867549668,"Tuesday, Jul 29"
2025,HOU,WSN,1,0.7947019867549668,"Wednesday, Jul 30"
2025,HOU,BOS,1,0.4568421052631578,"Monday, Aug 11"
2025,HOU,BOS,0,0.5414507772020726,"Tuesday, Aug 12"
2025,HOU,BOS,1,0.5695652173913044,"Wednesday, Aug 13"
2025,HOU,BAL,0,0.4568421052631578,"Friday, Aug 15"
2025,HOU,BAL,1,0.5414507772020726,"Saturday, Aug 16"
2025,HOU,BAL,0,0.43661971830985913,"Sunday, Aug 17"
2025,HOU,COL,0,0.3983739837398374,"Tuesday, Aug 26"
2025,HOU,COL,1,0.9655172413793104,"Wednesday, Aug 27"
2025,HOU,COL,1,0.4568421052631578,"Thursday, Aug 28"
2025,HOU,LAA,1,0.6710526315789473,"Friday, Aug 29"
2025,HOU,LAA,0,0.3983739837398374,"Saturday, Aug 30"
2025,HOU,LAA,0,0.5414507772020726,"Sunday, Aug 31"
2025,HOU,LAA,1,0.4568421052631578,"Monday, Sep 1"
2025,HOU,NYY,0,0.23076923076923078,"Tuesday, Sep 2"
2025,HOU,NYY,1,0.25,"Wednesday, Sep 3"
2025,HOU,NYY,0,0.25,"Thursday, Sep 4"
2025,HOU,TEX,1,0.3983739837398374,"Monday, Sep 15"
2025,HOU,TEX,1,0.5414507772020726,"Tuesday, Sep 16"
2025,HOU,TEX,1,0.4568421052631578,"Wednesday, Sep 17"
2025,HOU,SEA,0,0.25,"Friday, Sep 19"
2025,HOU,SEA,0,0.3983739837398374,"Saturday, Sep 20"
2025,HOU,SEA,0,0.25,"Sunday, Sep 21"
2025,KCR,CLE,0,0.6710526315789473,"Thursday, Mar 27"
2025,KCR,CLE,1,0.5414507772020726,"Saturday, Mar 29"
2025,KCR,CLE,0,0.4568421052631578,"Sunday, Mar 30"
2025,KCR,BAL,1,0.5414507772020726,"Friday, Apr 4"
2025,KCR,BAL,0,0.5414507772020726,"Saturday, Apr 5"
2025,KCR,BAL,1,0.668918918918919,"Sunday, Apr 6"
2025,KCR,MIN,1,0.5414507772020726,"Monday, Apr 7"
2025,KCR,MIN,1,0.5414507772020726,"Tuesday, Apr 8"
2025,KCR,MIN,0,0.5695652173913044,"Wednesday, Apr 9"
2025,KCR,MIN,1,0.4568421052631578,"Thursday, Apr 10"
2025,KCR,COL,1,0.7947019867549668,"Tuesday, Apr 22"
2025,KCR,COL,1,0.9008264462809917,"Thursday, Apr 24 (1)"
2025,KCR,COL,1,0.7947019867549668,"Thursday, Apr 24 (2)"
2025,KCR,HOU,1,0.36363636363636365,"Friday, Apr 25"
2025,KCR,HOU,1,0.4568421052631578,"Saturday, Apr 26"
2025,KCR,HOU,0,0.43661971830985913,"Sunday, Apr 27"
2025,KCR,CHW,1,0.5695652173913044,"Monday, May 5"
2025,KCR,CHW,1,0.9008264462809917,"Tuesday, May 6"
2025,KCR,CHW,1,0.9008264462809917,"Wednesday, May 7"
2025,KCR,CHW,1,0.9655172413793104,"Thursday, May 8"
2025,KCR,BOS,1,0.5414507772020726,"Friday, May 9"
2025,KCR,BOS,0,0.43661971830985913,"Saturday, May 10"
2025,KCR,BOS,0,0.4568421052631578,"Sunday, May 11"
2025,KCR,STL,0,0.3983739837398374,"Friday, May 16"
2025,KCR,STL,0,0.4568421052631578,"Saturday, May 17"
2025,KCR,STL,1,0.4568421052631578,"Sunday, May 18"
2025,KCR,CIN,0,0.5414507772020726,"Monday, May 26"
2025,KCR,CIN,0,0.5414507772020726,"Tuesday, May 27"
2025,KCR,CIN,1,0.5414507772020726,"Wednesday, May 28"
2025,KCR,DET,0,0.3709677419354839,"Friday, May 30"
2025,KCR,DET,1,0.4568421052631578,"Saturday, May 31"
2025,KCR,DET,0,0.4935064935064935,"Sunday, Jun 1"
2025,KCR,NYY,0,0.25,"Tuesday, Jun 10"
2025,KCR,NYY,0,0.5695652173913044,"Wednesday, Jun 11"
2025,KCR,NYY,0,0.5414507772020726,"Thursday, Jun 12"
2025,KCR,TBR,0,0.4568421052631578,"Tuesday, Jun 24"
2025,KCR,TBR,0,0.4568421052631578,"Wednesday, Jun 25"
2025,KCR,TBR,0,0.08333333333333333,"Thursday, Jun 26"
2025,KCR,LAD,0,0.4568421052631578,"Friday, Jun 27"
2025,KCR,LAD,1,0.5414507772020726,"Saturday, Jun 28"
2025,KCR,LAD,0,0.4568421052631578,"Sunday, Jun 29"
2025,KCR,PIT,1,0.5414507772020726,"Monday, Jul 7"
2025,KCR,PIT,1,0.5414507772020726,"Tuesday, Jul 8"
2025,KCR,PIT,1,0.5695652173913044,"Wednesday, Jul 9"
2025,KCR,NYM,0,0.5414507772020726,"Friday, Jul 11"
2025,KCR,NYM,0,0.4935064935064935,"Saturday, Jul 12"
2025,KCR,NYM,1,0.5414507772020726,"Sunday, Jul 13"
2025,KCR,CLE,1,0.5414507772020726,"Saturday, Jul 26 (1)"
2025,KCR,CLE,0,0.4568421052631578,"Saturday, Jul 26 (2)"
2025,KCR,CLE,1,0.5414507772020726,"Sunday, Jul 27"
2025,KCR,ATL,0,0.668918918918919,"Monday, Jul 28"
2025,KCR,ATL,1,0.9008264462809917,"Tuesday, Jul 29"
2025,KCR,ATL,1,0.5414507772020726,"Wednesday, Jul 30"
2025,KCR,WSN,1,0.7947019867549668,"Monday, Aug 11"
2025,KCR,WSN,1,0.9008264462809917,"Tuesday, Aug 12"
2025,KCR,WSN,0,0.668918918918919,"Wednesday, Aug 13"
2025,KCR,CHW,1,0.7947019867549668,"Friday, Aug 15"
2025,KCR,CHW,1,0.5414507772020726,"Saturday, Aug 16"
2025,KCR,CHW,1,0.668918918918919,"Sunday, Aug 17"
2025,KCR,TEX,1,0.5498766164626117,"Monday, Aug 18"
2025,KCR,TEX,1,0.668918918918919,"Tuesday, Aug 19"
2025,KCR,TEX,0,0.7947019867549668,"Wednesday, Aug 20"
2025,KCR,TEX,1,0.668918918918919,"Thursday, Aug 21"
2025,KCR,DET,0,0.5414507772020726,"Friday, Aug 29"
2025,KCR,DET,1,0.5695652173913044,"Saturday, Aug 30"
2025,KCR,DET,0,0.5414507772020726,"Sunday, Aug 31"
2025,KCR,LAA,0,0.668918918918919,"Tuesday, Sep 2"
2025,KCR,LAA,0,0.5414507772020726,"Wednesday, Sep 3"
2025,KCR,LAA,1,0.5414507772020726,"Thursday, Sep 4"
2025,KCR,MIN,1,0.5414507772020726,"Friday, Sep 5"
2025,KCR,MIN,1,0.4568421052631578,"Saturday, Sep 6"
2025,KCR,MIN,0,0.6710526315789473,"Sunday, Sep 7"
2025,KCR,SEA,0,0.4568421052631578,"Tuesday, Sep 16"
2025,KCR,SEA,1,0.3983739837398374,"Wednesday, Sep 17"
2025,KCR,SEA,0,0.3983739837398374,"Thursday, Sep 18"
2025,KCR,TOR,1,0.4568421052631578,"Friday, Sep 19"
2025,KCR,TOR,1,0.5414507772020726,"Saturday, Sep 20"
2025,KCR,TOR,0,0.668918918918919,"Sunday, Sep 21"
2025,LAA,CLE,0,0.5414507772020726,"Friday, Apr 4"
2025,LAA,CLE,1,0.6710526315789473,"Saturday, Apr 5"
2025,LAA,CLE,1,0.668918918918919,"Sunday, Apr 6"
2025,LAA,SFG,1,0.5695652173913044,"Friday, Apr 18"
2025,LAA,SFG,0,0.23076923076923078,"Saturday, Apr 19"
2025,LAA,SFG,1,0.5695652173913044,"Sunday, Apr 20"
2025,LAA,PIT,0,0.4568421052631578,"Tuesday, Apr 22"
2025,LAA,PIT,0,0.43661971830985913,"Wednesday, Apr 23"
2025,LAA,PIT,1,0.5414507772020726,"Thursday, Apr 24"
2025,LAA,DET,0,0.14285714285714285,"Thursday, May 1"
2025,LAA,DET,0,0.4568421052631578,"Friday, May 2"
2025,LAA,DET,1,0.5695652173913044,"Saturday, May 3"
2025,LAA,DET,0,0.0625,"Sunday, May 4"
2025,LAA,TOR,1,0.4568421052631578,"Tuesday, May 6"
2025,LAA,TOR,1,0.5414507772020726,"Wednesday, May 7"
2025,LAA,TOR,0,0.5414507772020726,"Thursday, May 8"
2025,LAA,BAL,0,0.668918918918919,"Friday, May 9"
2025,LAA,BAL,1,0.7947019867549668,"Saturday, May 10"
2025,LAA,BAL,0,0.5695652173913044,"Sunday, May 11"
2025,LAA,MIA,1,0.5414507772020726,"Friday, May 23"
2025,LAA,MIA,0,0.5414507772020726,"Saturday, May 24"
2025,LAA,MIA,0,0.4568421052631578,"Sunday, May 25"
2025,LAA,NYY,0,0.01,"Monday, May 26"
2025,LAA,NYY,0,0.01,"Tuesday, May 27"
2025,LAA,NYY,0,0.13333333333333333,"Wednesday, May 28"
2025,LAA,SEA,1,0.5414507772020726,"Friday, Jun 6"
2025,LAA,SEA,1,0.668918918918919,"Saturday, Jun 7"
2025,LAA,SEA,0,0.5414507772020726,"Sunday, Jun 8"
2025,LAA,HOU,0,0.14285714285714285,"Friday, Jun 20"
2025,LAA,HOU,1,0.4568421052631578,"Saturday, Jun 21"
2025,LAA,HOU,0,0.3983739837398374,"Sunday, Jun 22"
2025,LAA,BOS,1,0.5414507772020726,"Monday, Jun 23"
2025,LAA,BOS,1,0.4568421052631578,"Tuesday, Jun 24"
2025,LAA,BOS,1,0.5414507772020726,"Wednesday, Jun 25"
2025,LAA,WSN,0,0.4568421052631578,"Friday, Jun 27"
2025,LAA,WSN,1,0.5414507772020726,"Saturday, Jun 28"
2025,LAA,WSN,0,0.4935064935064935,"Sunday, Jun 29"
2025,LAA,TEX,1,0.25,"Monday, Jul 7"
2025,LAA,TEX,0,0.36363636363636365,"Tuesday, Jul 8"
2025,LAA,TEX,1,0.5414507772020726,"Wednesday, Jul 9"
2025,LAA,TEX,0,0.3709677419354839,"Thursday, Jul 10"
2025,LAA,ARI,1,0.4568421052631578,"Friday, Jul 11"
2025,LAA,ARI,1,0.5414507772020726,"Saturday, Jul 12"
2025,LAA,ARI,0,0.3983739837398374,"Sunday, Jul 13"
2025,LAA,SEA,0,0.4935064935064935,"Thursday, Jul 24"
2025,LAA,SEA,1,0.5414507772020726,"Friday, Jul 25"
2025,LAA,SEA,0,0.3983739837398374,"Saturday, Jul 26"
2025,LAA,SEA,1,0.5695652173913044,"Sunday, Jul 27"
2025,LAA,TEX,1,0.5695652173913044,"Monday, Jul 28"
2025,LAA,TEX,1,0.5414507772020726,"Tuesday, Jul 29"
2025,LAA,TEX,0,0.0625,"Wednesday, Jul 30"
2025,LAA,CHW,0,0.5414507772020726,"Friday, Aug 1"
2025,LAA,CHW,0,0.3983739837398374,"Saturday, Aug 2"
2025,LAA,CHW,1,0.4568421052631578,"Sunday, Aug 3"
2025,LAA,TBR,1,0.6710526315789473,"Monday, Aug 4"
2025,LAA,TBR,0,0.5695652173913044,"Tuesday, Aug 5"
2025,LAA,TBR,0,0.7947019867549668,"Wednesday, Aug 6"
2025,LAA,LAD,1,0.7947019867549668,"Monday, Aug 11"
2025,LAA,LAD,1,0.668918918918919,"Tuesday, Aug 12"
2025,LAA,LAD,1,0.5414507772020726,"Wednesday, Aug 13"
2025,LAA,CIN,0,0.4568421052631578,"Monday, Aug 18"
2025,LAA,CIN,0,0.5414507772020726,"Tuesday, Aug 19"
2025,LAA,CIN,1,0.5695652173913044,"Wednesday, Aug 20"
2025,LAA,CHC,0,0.5414507772020726,"Friday, Aug 22"
2025,LAA,CHC,0,0.13333333333333333,"Saturday, Aug 23"
2025,LAA,CHC,0,0.01,"Sunday, Aug 24"
2025,LAA,MIN,0,0.5695652173913044,"Monday, Sep 8"
2025,LAA,MIN,1,0.5414507772020726,"Tuesday, Sep 9"
2025,LAA,MIN,1,0.5414507772020726,"Wednesday, Sep 10"
2025,LAA,KCR,0,0.5414507772020726,"Tuesday, Sep 23"
2025,LAA,KCR,1,0.4568421052631578,"Wednesday, Sep 24"
2025,LAA,KCR,0,0.3983739837398374,"Thursday, Sep 25"
2025,LAA,HOU,1,0.7947019867549668,"Friday, Sep 26"
2025,LAA,HOU,0,0.3983739837398374,"Saturday, Sep 27"
2025,LAA,HOU,0,0.5414507772020726,"Sunday, Sep 28"
2025,LAD,DET,1,0.3709677419354839,"Thursday, Mar 27"
2025,LAD,DET,1,0.5414507772020726,"Friday, Mar 28"
2025,LAD,DET,1,0.5414507772020726,"Saturday, Mar 29"
2025,LAD,ATL,1,0.7947019867549668,"Monday, Mar 31"
2025,LAD,ATL,1,0.4568421052631578,"Tuesday, Apr 1"
2025,LAD,ATL,1,0.5414507772020726,"Wednesday, Apr 2"
2025,LAD,CHC,1,0.4568421052631578,"Friday, Apr 11"
2025,LAD,CHC,0,0.4568421052631578,"Saturday, Apr 12"
2025,LAD,CHC,0,0.4935064935064935,"Sunday, Apr 13"
2025,LAD,COL,1,0.9008264462809917,"Monday, Apr 14"
2025,LAD,COL,1,0.9655172413793104,"Tuesday, Apr 15"
2025,LAD,COL,1,0.9008264462809917,"Wednesday, Apr 16"
2025,LAD,PIT,0,0.5414507772020726,"Friday, Apr 25"
2025,LAD,PIT,1,0.668918918918919,"Saturday, Apr 26"
2025,LAD,PIT,1,0.6710526315789473,"Sunday, Apr 27"
2025,LAD,MIA,1,0.6710526315789473,"Monday, Apr 28"
2025,LAD,MIA,1,0.9008264462809917,"Tuesday, Apr 29"
2025,LAD,MIA,1,0.9655172413793104,"Wednesday, Apr 30"
2025,LAD,LAA,0,0.16666666666666666,"Friday, May 16"
2025,LAD,LAA,0,0.4568421052631578,"Saturday, May 17"
2025,LAD,LAA,0,0.13333333333333333,"Sunday, May 18"
2025,LAD,ARI,0,0.5414507772020726,"Monday, May 19"
2025,LAD,ARI,1,0.5695652173913044,"Tuesday, May 20"
2025,LAD,ARI,1,0.3983739837398374,"Wednesday, May 21"
2025,LAD,NYY,1,0.4935064935064935,"Friday, May 30"
2025,LAD,NYY,1,0.5414507772020726,"Saturday, May 31"
2025,LAD,NYY,0,0.4568421052631578,"Sunday, Jun 1"
2025,LAD,NYM,0,0.4568421052631578,"Monday, Jun 2"
2025,LAD,NYM,1,0.5414507772020726,"Tuesday, Jun 3"
2025,LAD,NYM,0,0.4568421052631578,"Wednesday, Jun 4"
2025,LAD,NYM,1,0.5414507772020726,"Thursday, Jun 5"
2025,LAD,SFG,0,0.3983739837398374,"Friday, Jun 13"
2025,LAD,SFG,1,0.4568421052631578,"Saturday, Jun 14"
2025,LAD,SFG,1,0.5414507772020726,"Sunday, Jun 15"
2025,LAD,SDP,1,0.6710526315789473,"Monday, Jun 16"
2025,LAD,SDP,1,0.5695652173913044,"Tuesday, Jun 17"
2025,LAD,SDP,1,0.5414507772020726,"Wednesday, Jun 18"
2025,LAD,SDP,0,0.668918918918919,"Thursday, Jun 19"
2025,LAD,WSN,1,0.9655172413793104,"Friday, Jun 20"
2025,LAD,WSN,0,0.3983739837398374,"Saturday, Jun 21"
2025,LAD,WSN,1,0.7947019867549668,"Sunday, Jun 22"
2025,LAD,CHW,1,0.7947019867549668,"Tuesday, Jul 1"
2025,LAD,CHW,1,0.668918918918919,"Wednesday, Jul 2"
2025,LAD,CHW,1,0.8639663482926474,"Thursday, Jul 3"
2025,LAD,HOU,0,0.4568421052631578,"Friday, Jul 4"
2025,LAD,HOU,0,0.3983739837398374,"Saturday, Jul 5"
2025,LAD,HOU,0,0.4568421052631578,"Sunday, Jul 6"
2025,LAD,MIL,0,0.4935064935064935,"Friday, Jul 18"
2025,LAD,MIL,0,0.36363636363636365,"Saturday, Jul 19"
2025,LAD,MIL,0,0.3983739837398374,"Sunday, Jul 20"
2025,LAD,MIN,1,0.5414507772020726,"Monday, Jul 21"
2025,LAD,MIN,0,0.5414507772020726,"Tuesday, Jul 22"
2025,LAD,MIN,1,0.7947019867549668,"Wednesday, Jul 23"
2025,LAD,STL,0,0.4568421052631578,"Monday, Aug 4"
2025,LAD,STL,1,0.9008264462809917,"Tuesday, Aug 5"
2025,LAD,STL,0,0.5414507772020726,"Wednesday, Aug 6"
2025,LAD,TOR,1,0.4568421052631578,"Friday, Aug 8"
2025,LAD,TOR,1,0.3983739837398374,"Saturday, Aug 9"
2025,LAD,TOR,0,0.4568421052631578,"Sunday, Aug 10"
2025,LAD,SDP,1,0.3709677419354839,"Friday, Aug 15"
2025,LAD,SDP,1,0.3983739837398374,"Saturday, Aug 16"
2025,LAD,SDP,1,0.5414507772020726,"Sunday, Aug 17"
2025,LAD,CIN,1,0.5414507772020726,"Monday, Aug 25"
2025,LAD,CIN,1,0.7947019867549668,"Tuesday, Aug 26"
2025,LAD,CIN,1,0.5414507772020726,"Wednesday, Aug 27"
2025,LAD,ARI,0,0.3709677419354839,"Friday, Aug 29"
2025,LAD,ARI,0,0.4568421052631578,"Saturday, Aug 30"
2025,LAD,ARI,1,0.5414507772020726,"Sunday, Aug 31"
2025,LAD,COL,1,0.96875,"Monday, Sep 8"
2025,LAD,COL,1,0.96875,"Tuesday, Sep 9"
2025,LAD,COL,1,0.96875,"Wednesday, Sep 10"
2025,LAD,PHI,0,0.4568421052631578,"Monday, Sep 15"
2025,LAD,PHI,0,0.4568421052631578,"Tuesday, Sep 16"
2025,LAD,PHI,1,0.4568421052631578,"Wednesday, Sep 17"
2025,LAD,SFG,1,0.5695652173913044,"Thursday, Sep 18"
2025,LAD,SFG,1,0.7947019867549668,"Friday, Sep 19"
2025,LAD,SFG,1,0.668918918918919,"Saturday, Sep 20"
2025,LAD,SFG,0,0.668918918918919,"Sunday, Sep 21"
2025,MIA,PIT,1,0.5414507772020726,"Thursday, Mar 27"
2025,MIA,PIT,0,0.36363636363636365,"Friday, Mar 28"
2025,MIA,PIT,1,0.3983739837398374,"Saturday, Mar 29"
2025,MIA,PIT,1,0.3983739837398374,"Sunday, Mar 30"
2025,MIA,NYM,0,0.13333333333333333,"Monday, Mar 31"
2025,MIA,NYM,1,0.5414507772020726,"Tuesday, Apr 1"
2025,MIA,NYM,0,0.36363636363636365,"Wednesday, Apr 2"
2025,MIA,WSN,0,0.4568421052631578,"Friday, Apr 11"
2025,MIA,WSN,1,0.3983739837398374,"Saturday, Apr 12"
2025,MIA,WSN,1,0.4568421052631578,"Sunday, Apr 13"
2025,MIA,ARI,0,0.13333333333333333,"Tuesday, Apr 15"
2025,MIA,ARI,0,0.25,"Wednesday, Apr 16"
2025,MIA,ARI,0,0.5414507772020726,"Thursday, Apr 17"
2025,MIA,CIN,1,0.7947019867549668,"Monday, Apr 21"
2025,MIA,CIN,1,0.5695652173913044,"Tuesday, Apr 22"
2025,MIA,CIN,0,0.4568421052631578,"Wednesday, Apr 23"
2025,MIA,LAD,0,0.01,"Monday, May 5"
2025,MIA,LAD,1,0.16666666666666666,"Tuesday, May 6"
2025,MIA,LAD,0,0.668918918918919,"Wednesday, May 7"
2025,MIA,TBR,1,0.5414507772020726,"Friday, May 16"
2025,MIA,TBR,0,0.4568421052631578,"Saturday, May 17"
2025,MIA,TBR,1,0.5695652173913044,"Sunday, May 18"
2025,MIA,CHC,1,0.6710526315789473,"Monday, May 19"
2025,MIA,CHC,0,0.3983739837398374,"Tuesday, May 20"
2025,MIA,CHC,0,0.5414507772020726,"Wednesday, May 21"
2025,MIA,SFG,0,0.3983739837398374,"Friday, May 30"
2025,MIA,SFG,1,0.6710526315789473,"Saturday, May 31"
2025,MIA,SFG,0,0.5695652173913044,"Sunday, Jun 1"
2025,MIA,COL,0,0.5414507772020726,"Monday, Jun 2"
2025,MIA,COL,0,0.7947019867549668,"Tuesday, Jun 3"
2025,MIA,COL,0,0.4935064935064935,"Wednesday, Jun 4"
2025,MIA,PHI,0,0.43661971830985913,"Monday, Jun 16"
2025,MIA,PHI,1,0.668918918918919,"Tuesday, Jun 17"
2025,MIA,PHI,0,0.0625,"Wednesday, Jun 18"
2025,MIA,PHI,0,0.14285714285714285,"Thursday, Jun 19"
2025,MIA,ATL,1,0.3983739837398374,"Friday, Jun 20"
2025,MIA,ATL,0,0.4568421052631578,"Saturday, Jun 21"
2025,MIA,ATL,1,0.3983739837398374,"Sunday, Jun 22"
2025,MIA,MIN,1,0.5414507772020726,"Tuesday, Jul 1"
2025,MIA,MIN,0,0.5414507772020726,"Wednesday, Jul 2"
2025,MIA,MIN,1,0.4568421052631578,"Thursday, Jul 3"
2025,MIA,MIL,0,0.3983739837398374,"Friday, Jul 4"
2025,MIA,MIL,1,0.14285714285714285,"Saturday, Jul 5"
2025,MIA,MIL,0,0.3983739837398374,"Sunday, Jul 6"
2025,MIA,KCR,1,0.4568421052631578,"Friday, Jul 18"
2025,MIA,KCR,1,0.4568421052631578,"Saturday, Jul 19"
2025,MIA,KCR,0,0.43661971830985913,"Sunday, Jul 20"
2025,MIA,SDP,0,0.4568421052631578,"Monday, Jul 21"
2025,MIA,SDP,1,0.4568421052631578,"Tuesday, Jul 22"
2025,MIA,SDP,1,0.4568421052631578,"Wednesday, Jul 23"
2025,MIA,NYY,1,0.5695652173913044,"Friday, Aug 1"
2025,MIA,NYY,1,0.4568421052631578,"Saturday, Aug 2"
2025,MIA,NYY,1,0.4568421052631578,"Sunday, Aug 3"
2025,MIA,HOU,0,0.5414507772020726,"Monday, Aug 4"
2025,MIA,HOU,0,0.5414507772020726,"Tuesday, Aug 5"
2025,MIA,HOU,1,0.5414507772020726,"Wednesday, Aug 6"
2025,MIA,STL,0,0.7947019867549668,"Monday, Aug 18"
2025,MIA,STL,0,0.7947019867549668,"Tuesday, Aug 19"
2025,MIA,STL,1,0.6710526315789473,"Wednesday, Aug 20"
2025,MIA,TOR,0,0.43661971830985913,"Friday, Aug 22"
2025,MIA,TOR,0,0.5414507772020726,"Saturday, Aug 23"
2025,MIA,TOR,1,0.5414507772020726,"Sunday, Aug 24"
2025,MIA,ATL,1,0.4568421052631578,"Monday, Aug 25"
2025,MIA,ATL,0,0.5414507772020726,"Tuesday, Aug 26"
2025,MIA,ATL,0,0.5414507772020726,"Wednesday, Aug 27"
2025,MIA,PHI,0,0.05372838786265967,"Friday, Sep 5"
2025,MIA,PHI,0,0.0625,"Saturday, Sep 6"
2025,MIA,PHI,1,0.13333333333333333,"Sunday, Sep 7"
2025,MIA,WSN,0,0.4568421052631578,"Monday, Sep 8"
2025,MIA,WSN,0,0.36363636363636365,"Tuesday, Sep 9"
2025,MIA,WSN,1,0.668918918918919,"Wednesday, Sep 10"
2025,MIA,WSN,1,0.5414507772020726,"Thursday, Sep 11"
2025,MIA,DET,1,0.6710526315789473,"Friday, Sep 12"
2025,MIA,DET,1,0.668918918918919,"Saturday, Sep 13"
2025,MIA,DET,0,0.36363636363636365,"Sunday, Sep 14"
2025,MIA,NYM,1,0.5414507772020726,"Friday, Sep 26"
2025,MIA,NYM,0,0.5414507772020726,"Saturday, Sep 27"
2025,MIA,NYM,1,0.5414507772020726,"Sunday, Sep 28"
2025,MIL,KCR,0,0.5414507772020726,"Monday, Mar 31"
2025,MIL,KCR,1,0.4568421052631578,"Tuesday, Apr 1"
2025,MIL,KCR,1,0.5695652173913044,"Wednesday, Apr 2"
2025,MIL,CIN,1,0.5414507772020726,"Thursday, Apr 3"
2025,MIL,CIN,1,0.5414507772020726,"Friday, Apr 4"
2025,MIL,CIN,0,0.668918918918919,"Saturday, Apr 5"
2025,MIL,CIN,1,0.7947019867549668,"Sunday, Apr 6"
2025,MIL,DET,0,0.43661971830985913,"Monday, Apr 14"
2025,MIL,DET,1,0.5414507772020726,"Tuesday, Apr 15"
2025,MIL,DET,1,0.5414507772020726,"Wednesday, Apr 16"
2025,MIL,CHC,0,0.5414507772020726,"Friday, May 2"
2025,MIL,CHC,0,0.3983739837398374,"Saturday, May 3"
2025,MIL,CHC,1,0.3983739837398374,"Sunday, May 4"
2025,MIL,HOU,1,0.5695652173913044,"Monday, May 5"
2025,MIL,HOU,1,0.5414507772020726,"Tuesday, May 6"
2025,MIL,HOU,0,0.5414507772020726,"Wednesday, May 7"
2025,MIL,MIN,0,0.3709677419354839,"Friday, May 16"
2025,MIL,MIN,0,0.36363636363636365,"Saturday, May 17"
2025,MIL,MIN,1,0.08333333333333333,"Sunday, May 18"
2025,MIL,BAL,1,0.96875,"Monday, May 19"
2025,MIL,BAL,1,0.9008264462809917,"Tuesday, May 20"
2025,MIL,BAL,0,0.9655172413793104,"Wednesday, May 21"
2025,MIL,BOS,1,0.5414507772020726,"Monday, May 26"
2025,MIL,BOS,1,0.5695652173913044,"Tuesday, May 27"
2025,MIL,BOS,1,0.4568421052631578,"Wednesday, May 28"
2025,MIL,SDP,0,0.5414507772020726,"Friday, Jun 6"
2025,MIL,SDP,1,0.5414507772020726,"Saturday, Jun 7"
2025,MIL,SDP,0,0.5414507772020726,"Sunday, Jun 8"
2025,MIL,ATL,0,0.7947019867549668,"Monday, Jun 9"
2025,MIL,ATL,1,0.5414507772020726,"Tuesday, Jun 10"
2025,MIL,ATL,0,0.5414507772020726,"Wednesday, Jun 11"
2025,MIL,STL,1,0.668918918918919,"Thursday, Jun 12"
2025,MIL,STL,1,0.7947019867549668,"Friday, Jun 13"
2025,MIL,STL,0,0.5695652173913044,"Saturday, Jun 14"
2025,MIL,STL,1,0.668918918918919,"Sunday, Jun 15"
2025,MIL,PIT,0,0.7947019867549668,"Monday, Jun 23"
2025,MIL,PIT,1,0.9008264462809917,"Tuesday, Jun 24"
2025,MIL,PIT,1,0.4568421052631578,"Wednesday, Jun 25"
2025,MIL,COL,1,0.99,"Friday, Jun 27"
2025,MIL,COL,1,0.99,"Saturday, Jun 28"
2025,MIL,COL,0,0.99,"Sunday, Jun 29"
2025,MIL,LAD,1,0.4568421052631578,"Monday, Jul 7"
2025,MIL,LAD,1,0.5414507772020726,"Tuesday, Jul 8"
2025,MIL,LAD,1,0.5414507772020726,"Wednesday, Jul 9"
2025,MIL,WSN,1,0.96875,"Friday, Jul 11"
2025,MIL,WSN,1,0.23076923076923078,"Saturday, Jul 12"
2025,MIL,WSN,1,0.96875,"Sunday, Jul 13"
2025,MIL,MIA,0,0.4568421052631578,"Friday, Jul 25"
2025,MIL,MIA,0,0.4568421052631578,"Saturday, Jul 26"
2025,MIL,MIA,1,0.5414507772020726,"Sunday, Jul 27"
2025,MIL,CHC,1,0.5414507772020726,"Monday, Jul 28"
2025,MIL,CHC,1,0.6710526315789473,"Tuesday, Jul 29"
2025,MIL,CHC,0,0.5695652173913044,"Wednesday, Jul 30"
2025,MIL,NYM,1,0.7947019867549668,"Friday, Aug 8"
2025,MIL,NYM,1,0.9008264462809917,"Saturday, Aug 9"
2025,MIL,NYM,1,0.5414507772020726,"Sunday, Aug 10"
2025,MIL,PIT,1,0.9008264462809917,"Monday, Aug 11"
2025,MIL,PIT,1,0.9008264462809917,"Tuesday, Aug 12"
2025,MIL,PIT,1,0.96875,"Wednesday, Aug 13"
2025,MIL,SFG,1,0.9655172413793104,"Friday, Aug 22"
2025,MIL,SFG,0,0.96875,"Saturday, Aug 23"
2025,MIL,SFG,0,0.5414507772020726,"Sunday, Aug 24"
2025,MIL,ARI,1,0.7947019867549668,"Monday, Aug 25"
2025,MIL,ARI,1,0.4568421052631578,"Tuesday, Aug 26"
2025,MIL,ARI,0,0.96875,"Wednesday, Aug 27"
2025,MIL,ARI,0,0.4568421052631578,"Thursday, Aug 28"
2025,MIL,PHI,0,0.4568421052631578,"Monday, Sep 1"
2025,MIL,PHI,1,0.5414507772020726,"Wednesday, Sep 3"
2025,MIL,PHI,0,0.5695652173913044,"Thursday, Sep 4"
2025,MIL,STL,1,0.96875,"Friday, Sep 12"
2025,MIL,STL,1,0.6710526315789473,"Saturday, Sep 13"
2025,MIL,STL,0,0.4568421052631578,"Sunday, Sep 14"
2025,MIL,LAA,1,0.96875,"Tuesday, Sep 16"
2025,MIL,LAA,1,0.99,"Wednesday, Sep 17"
2025,MIL,LAA,1,0.5695652173913044,"Thursday, Sep 18"
2025,MIL,CIN,0,0.668918918918919,"Friday, Sep 26"
2025,MIL,CIN,0,0.5695652173913044,"Saturday, Sep 27"
2025,MIL,CIN,1,0.5414507772020726,"Sunday, Sep 28"
2025,MIN,HOU,0,0.668918918918919,"Thursday, Apr 3"
2025,MIN,HOU,1,0.3983739837398374,"Saturday, Apr 5"
2025,MIN,HOU,0,0.5695652173913044,"Sunday, Apr 6"
2025,MIN,DET,0,0.25,"Friday, Apr 11"
2025,MIN,DET,0,0.43661971830985913,"Saturday, Apr 12"
2025,MIN,DET,1,0.5414507772020726,"Sunday, Apr 13"
2025,MIN,NYM,0,0.4568421052631578,"Monday, Apr 14"
2025,MIN,NYM,1,0.4568421052631578,"Tuesday, Apr 15"
2025,MIN,NYM,1,0.4568421052631578,"Wednesday, Apr 16"
2025,MIN,CHW,1,0.9008264462809917,"Tuesday, Apr 22"
2025,MIN,CHW,1,0.7947019867549668,"Wednesday, Apr 23"
2025,MIN,CHW,0,0.7947019867549668,"Thursday, Apr 24"
2025,MIN,LAA,1,0.5414507772020726,"Friday, Apr 25"
2025,MIN,LAA,1,0.7947019867549668,"Saturday, Apr 26"
2025,MIN,LAA,1,0.7947019867549668,"Sunday, Apr 27"
2025,MIN,BAL,1,0.6710526315789473,"Tuesday, May 6"
2025,MIN,BAL,1,0.9655172413793104,"Wednesday, May 7"
2025,MIN,BAL,1,0.7947019867549668,"Thursday, May 8"
2025,MIN,SFG,1,0.36363636363636365,"Friday, May 9"
2025,MIN,SFG,1,0.5414507772020726,"Saturday, May 10"
2025,MIN,SFG,1,0.5414507772020726,"Sunday, May 11"
2025,MIN,CLE,1,0.9008264462809917,"Monday, May 19"
2025,MIN,CLE,0,0.5695652173913044,"Wednesday, May 21"
2025,MIN,KCR,1,0.5414507772020726,"Friday, May 23"
2025,MIN,KCR,1,0.5414507772020726,"Saturday, May 24"
2025,MIN,KCR,0,0.5414507772020726,"Sunday, May 25"
2025,MIN,TOR,0,0.4568421052631578,"Friday, Jun 6"
2025,MIN,TOR,0,0.3709677419354839,"Saturday, Jun 7"
2025,MIN,TOR,1,0.3983739837398374,"Sunday, Jun 8"
2025,MIN,TEX,0,0.5695652173913044,"Tuesday, Jun 10"
2025,MIN,TEX,1,0.5414507772020726,"Wednesday, Jun 11"
2025,MIN,TEX,0,0.4568421052631578,"Thursday, Jun 12"
2025,MIN,MIL,0,0.5414507772020726,"Friday, Jun 20"
2025,MIN,MIL,0,0.3983739837398374,"Saturday, Jun 21"
2025,MIN,MIL,0,0.4568421052631578,"Sunday, Jun 22"
2025,MIN,SEA,0,0.25,"Monday, Jun 23"
2025,MIN,SEA,0,0.4568421052631578,"Tuesday, Jun 24"
2025,MIN,SEA,1,0.16666666666666666,"Wednesday, Jun 25"
2025,MIN,SEA,1,0.4568421052631578,"Thursday, Jun 26"
2025,MIN,TBR,1,0.6710526315789473,"Friday, Jul 4"
2025,MIN,TBR,1,0.4935064935064935,"Saturday, Jul 5"
2025,MIN,TBR,0,0.5414507772020726,"Sunday, Jul 6"
2025,MIN,CHC,1,0.5414507772020726,"Tuesday, Jul 8"
2025,MIN,CHC,1,0.5414507772020726,"Wednesday, Jul 9"
2025,MIN,CHC,0,0.25,"Thursday, Jul 10"
2025,MIN,PIT,1,0.5695652173913044,"Friday, Jul 11"
2025,MIN,PIT,1,0.5414507772020726,"Saturday, Jul 12"
2025,MIN,PIT,0,0.7947019867549668,"Sunday, Jul 13"
2025,MIN,WSN,1,0.5414507772020726,"Friday, Jul 25"
2025,MIN,WSN,0,0.3983739837398374,"Saturday, Jul 26"
2025,MIN,WSN,0,0.4568421052631578,"Sunday, Jul 27"
2025,MIN,BOS,1,0.36363636363636365,"Monday, Jul 28"
2025,MIN,BOS,0,0.3983739837398374,"Tuesday, Jul 29"
2025,MIN,BOS,0,0.14285714285714285,"Wednesday, Jul 30"
2025,MIN,KCR,1,0.4935064935064935,"Friday, Aug 8"
2025,MIN,KCR,0,0.4568421052631578,"Saturday, Aug 9"
2025,MIN,KCR,1,0.5414507772020726,"Sunday, Aug 10"
2025,MIN,DET,0,0.4935064935064935,"Thursday, Aug 14"
2025,MIN,DET,0,0.4568421052631578,"Friday, Aug 15"
2025,MIN,DET,0,0.3709677419354839,"Saturday, Aug 16"
2025,MIN,DET,1,0.36363636363636365,"Sunday, Aug 17"
2025,MIN,SDP,1,0.5414507772020726,"Friday, Aug 29"
2025,MIN,SDP,0,0.13333333333333333,"Saturday, Aug 30"
2025,MIN,SDP,1,0.25,"Sunday, Aug 31"
2025,MIN,CHW,0,0.5414507772020726,"Monday, Sep 1"
2025,MIN,CHW,0,0.3983739837398374,"Tuesday, Sep 2"
2025,MIN,CHW,0,0.5414507772020726,"Wednesday, Sep 3"
2025,MIN,CHW,0,0.4568421052631578,"Thursday, Sep 4"
2025,MIN,ARI,1,0.23076923076923078,"Friday, Sep 12"
2025,MIN,ARI,0,0.5414507772020726,"Saturday, Sep 13"
2025,MIN,ARI,0,0.4568421052631578,"Sunday, Sep 14"
2025,MIN,NYY,1,0.5695652173913044,"Monday, Sep 15"
2025,MIN,NYY,0,0.4568421052631578,"Tuesday, Sep 16"
2025,MIN,NYY,0,0.3709677419354839,"Wednesday, Sep 17"
2025,MIN,CLE,0,0.13333333333333333,"Friday, Sep 19"
2025,MIN,CLE,0,0.5695652173913044,"Saturday, Sep 20 (1)"
2025,MIN,CLE,0,0.13333333333333333,"Saturday, Sep 20 (2)"
2025,MIN,CLE,1,0.43661971830985913,"Sunday, Sep 21"
2025,NYM,TOR,1,0.4568421052631578,"Friday, Apr 4"
2025,NYM,TOR,1,0.4568421052631578,"Saturday, Apr 5"
2025,NYM,TOR,1,0.4568421052631578,"Sunday, Apr 6"
2025,NYM,MIA,1,0.5695652173913044,"Monday, Apr 7"
2025,NYM,MIA,1,0.4568421052631578,"Tuesday, Apr 8"
2025,NYM,MIA,0,0.4568421052631578,"Wednesday, Apr 9"
2025,NYM,STL,1,0.4568421052631578,"Thursday, Apr 17"
2025,NYM,STL,1,0.5414507772020726,"Friday, Apr 18"
2025,NYM,STL,1,0.7947019867549668,"Saturday, Apr 19"
2025,NYM,STL,1,0.7947019867549668,"Sunday, Apr 20"
2025,NYM,PHI,1,0.5414507772020726,"Monday, Apr 21"
2025,NYM,PHI,1,0.5414507772020726,"Tuesday, Apr 22"
2025,NYM,PHI,1,0.7947019867549668,"Wednesday, Apr 23"
2025,NYM,ARI,1,0.9008264462809917,"Tuesday, Apr 29"
2025,NYM,ARI,0,0.6710526315789473,"Wednesday, Apr 30"
2025,NYM,ARI,0,0.4568421052631578,"Thursday, May 1"
2025,NYM,CHC,1,0.5695652173913044,"Friday, May 9"
2025,NYM,CHC,0,0.668918918918919,"Saturday, May 10"
2025,NYM,CHC,1,0.5414507772020726,"Sunday, May 11"
2025,NYM,PIT,1,0.9008264462809917,"Monday, May 12"
2025,NYM,PIT,1,0.96875,"Tuesday, May 13"
2025,NYM,PIT,0,0.3983739837398374,"Wednesday, May 14"
2025,NYM,LAD,0,0.5695652173913044,"Friday, May 23"
2025,NYM,LAD,1,0.5414507772020726,"Saturday, May 24"
2025,NYM,LAD,1,0.5414507772020726,"Sunday, May 25"
2025,NYM,CHW,1,0.7947019867549668,"Monday, May 26"
2025,NYM,CHW,1,0.9008264462809917,"Tuesday, May 27"
2025,NYM,CHW,0,0.5695652173913044,"Wednesday, May 28"
2025,NYM,COL,1,0.99,"Friday, May 30"
2025,NYM,COL,1,0.99,"Saturday, May 31"
2025,NYM,COL,1,0.99,"Sunday, Jun 1"
2025,NYM,WSN,1,0.9008264462809917,"Tuesday, Jun 10"
2025,NYM,WSN,1,0.96875,"Wednesday, Jun 11"
2025,NYM,WSN,1,0.99,"Thursday, Jun 12"
2025,NYM,TBR,0,0.5414507772020726,"Friday, Jun 13"
2025,NYM,TBR,0,0.5414507772020726,"Saturday, Jun 14"
2025,NYM,TBR,0,0.5414507772020726,"Sunday, Jun 15"
2025,NYM,ATL,0,0.5414507772020726,"Monday, Jun 23"
2025,NYM,ATL,0,0.5414507772020726,"Tuesday, Jun 24"
2025,NYM,ATL,1,0.5414507772020726,"Wednesday, Jun 25"
2025,NYM,ATL,1,0.5414507772020726,"Thursday, Jun 26"
2025,NYM,MIL,0,0.08333333333333333,"Wednesday, Jul 2 (1)"
2025,NYM,MIL,1,0.4935064935064935,"Wednesday, Jul 2 (2)"
2025,NYM,MIL,1,0.4568421052631578,"Thursday, Jul 3"
2025,NYM,NYY,1,0.7947019867549668,"Friday, Jul 4"
2025,NYM,NYY,1,0.6699694859826383,"Saturday, Jul 5"
2025,NYM,NYY,0,0.5414507772020726,"Sunday, Jul 6"
2025,NYM,CIN,0,0.4568421052631578,"Friday, Jul 18"
2025,NYM,CIN,0,0.4568421052631578,"Saturday, Jul 19"
2025,NYM,CIN,1,0.4568421052631578,"Sunday, Jul 20"
2025,NYM,LAA,1,0.5414507772020726,"Monday, Jul 21"
2025,NYM,LAA,1,0.5695652173913044,"Tuesday, Jul 22"
2025,NYM,LAA,1,0.6710526315789473,"Wednesday, Jul 23"
2025,NYM,SFG,0,0.5414507772020726,"Friday, Aug 1"
2025,NYM,SFG,1,0.668918918918919,"Saturday, Aug 2"
2025,NYM,SFG,0,0.7947019867549668,"Sunday, Aug 3"
2025,NYM,CLE,0,0.3983739837398374,"Monday, Aug 4"
2025,NYM,CLE,0,0.4568421052631578,"Tuesday, Aug 5"
2025,NYM,CLE,0,0.3983739837398374,"Wednesday, Aug 6"
2025,NYM,ATL,1,0.5414507772020726,"Tuesday, Aug 12"
2025,NYM,ATL,0,0.5695652173913044,"Wednesday, Aug 13"
2025,NYM,ATL,0,0.5414507772020726,"Thursday, Aug 14"
2025,NYM,SEA,0,0.4568421052631578,"Friday, Aug 15"
2025,NYM,SEA,1,0.5414507772020726,"Saturday, Aug 16"
2025,NYM,SEA,1,0.4935064935064935,"Sunday, Aug 17"
2025,NYM,PHI,1,0.4568421052631578,"Monday, Aug 25"
2025,NYM,PHI,1,0.3983739837398374,"Tuesday, Aug 26"
2025,NYM,PHI,1,0.43661971830985913,"Wednesday, Aug 27"
2025,NYM,MIA,0,0.5414507772020726,"Thursday, Aug 28"
2025,NYM,MIA,1,0.4568421052631578,"Friday, Aug 29"
2025,NYM,MIA,0,0.3983739837398374,"Saturday, Aug 30"
2025,NYM,MIA,0,0.3983739837398374,"Sunday, Aug 31"
2025,NYM,TEX,0,0.36363636363636365,"Friday, Sep 12"
2025,NYM,TEX,0,0.5414507772020726,"Saturday, Sep 13"
2025,NYM,TEX,1,0.3983739837398374,"Sunday, Sep 14"
2025,NYM,SDP,1,0.4568421052631578,"Tuesday, Sep 16"
2025,NYM,SDP,0,0.4568421052631578,"Wednesday, Sep 17"
2025,NYM,SDP,1,0.4935064935064935,"Thursday, Sep 18"
2025,NYM,WSN,1,0.7947019867549668,"Friday, Sep 19"
2025,NYM,WSN,0,0.5414507772020726,"Saturday, Sep 20"
2025,NYM,WSN,0,0.36363636363636365,"Sunday, Sep 21"
2025,NYY,MIL,1,0.5414507772020726,"Thursday, Mar 27"
2025,NYY,MIL,1,0.4568421052631578,"Saturday, Mar 29"
2025,NYY,MIL,1,0.4568421052631578,"Sunday, Mar 30"
2025,NYY,ARI,0,0.4568421052631578,"Tuesday, Apr 1"
2025,NYY,ARI,0,0.4568421052631578,"Wednesday, Apr 2"
2025,NYY,ARI,1,0.5414507772020726,"Thursday, Apr 3"
2025,NYY,SFG,0,0.3983739837398374,"Friday, Apr 11"
2025,NYY,SFG,1,0.43661971830985913,"Saturday, Apr 12"
2025,NYY,SFG,0,0.4935064935064935,"Sunday, Apr 13"
2025,NYY,KCR,1,0.4568421052631578,"Monday, Apr 14"
2025,NYY,KCR,1,0.5414507772020726,"Tuesday, Apr 15"
2025,NYY,KCR,1,0.4568421052631578,"Wednesday, Apr 16"
2025,NYY,TOR,0,0.7947019867549668,"Friday, Apr 25"
2025,NYY,TOR,1,0.7947019867549668,"Sunday, Apr 27 (1)"
2025,NYY,TOR,1,0.7947019867549668,"Sunday, Apr 27 (2)"
2025,NYY,TBR,1,0.7947019867549668,"Friday, May 2"
2025,NYY,TBR,0,0.4935064935064935,"Saturday, May 3"
2025,NYY,TBR,0,0.5695652173913044,"Sunday, May 4"
2025,NYY,SDP,0,0.5414507772020726,"Monday, May 5"
2025,NYY,SDP,1,0.5695652173913044,"Tuesday, May 6"
2025,NYY,SDP,1,0.5414507772020726,"Wednesday, May 7"
2025,NYY,NYM,1,0.3709677419354839,"Friday, May 16"
2025,NYY,NYM,0,0.4568421052631578,"Saturday, May 17"
2025,NYY,NYM,1,0.5414507772020726,"Sunday, May 18"
2025,NYY,TEX,1,0.5414507772020726,"Tuesday, May 20"
2025,NYY,TEX,1,0.5414507772020726,"Wednesday, May 21"
2025,NYY,TEX,1,0.4568421052631578,"Thursday, May 22"
2025,NYY,CLE,1,0.7947019867549668,"Tuesday, Jun 3"
2025,NYY,CLE,0,0.4568421052631578,"Wednesday, Jun 4"
2025,NYY,CLE,1,0.7947019867549668,"Thursday, Jun 5"
2025,NYY,BOS,1,0.5414507772020726,"Friday, Jun 6"
2025,NYY,BOS,0,0.4568421052631578,"Saturday, Jun 7"
2025,NYY,BOS,0,0.4568421052631578,"Sunday, Jun 8"
2025,NYY,LAA,0,0.6710526315789473,"Monday, Jun 16"
2025,NYY,LAA,0,0.3709677419354839,"Tuesday, Jun 17"
2025,NYY,LAA,0,0.5414507772020726,"Wednesday, Jun 18"
2025,NYY,LAA,1,0.9008264462809917,"Thursday, Jun 19"
2025,NYY,BAL,0,0.4568421052631578,"Friday, Jun 20"
2025,NYY,BAL,1,0.5414507772020726,"Saturday, Jun 21"
2025,NYY,BAL,1,0.5414507772020726,"Sunday, Jun 22"
2025,NYY,SEA,1,0.4568421052631578,"Tuesday, Jul 8"
2025,NYY,SEA,1,0.5414507772020726,"Wednesday, Jul 9"
2025,NYY,SEA,1,0.4568421052631578,"Thursday, Jul 10"
2025,NYY,CHC,1,0.5414507772020726,"Friday, Jul 11"
2025,NYY,CHC,0,0.5414507772020726,"Saturday, Jul 12"
2025,NYY,CHC,0,0.5414507772020726,"Sunday, Jul 13"
2025,NYY,PHI,0,0.5414507772020726,"Friday, Jul 25"
2025,NYY,PHI,0,0.43661971830985913,"Saturday, Jul 26"
2025,NYY,PHI,1,0.4568421052631578,"Sunday, Jul 27"
2025,NYY,TBR,0,0.5695652173913044,"Monday, Jul 28"
2025,NYY,TBR,1,0.5695652173913044,"Tuesday, Jul 29"
2025,NYY,TBR,1,0.5695652173913044,"Wednesday, Jul 30"
2025,NYY,TBR,1,0.5695652173913044,"Thursday, Jul 31"
2025,NYY,HOU,0,0.5414507772020726,"Friday, Aug 8"
2025,NYY,HOU,1,0.5414507772020726,"Saturday, Aug 9"
2025,NYY,HOU,0,0.5414507772020726,"Sunday, Aug 10"
2025,NYY,MIN,1,0.5414507772020726,"Monday, Aug 11"
2025,NYY,MIN,1,0.7947019867549668,"Tuesday, Aug 12"
2025,NYY,MIN,0,0.668918918918919,"Wednesday, Aug 13"
2025,NYY,BOS,0,0.5414507772020726,"Thursday, Aug 21"
2025,NYY,BOS,0,0.43661971830985913,"Friday, Aug 22"
2025,NYY,BOS,0,0.4568421052631578,"Saturday, Aug 23"
2025,NYY,BOS,1,0.3983739837398374,"Sunday, Aug 24"
2025,NYY,WSN,1,0.6710526315789473,"Monday, Aug 25"
2025,NYY,WSN,1,0.9008264462809917,"Tuesday, Aug 26"
2025,NYY,WSN,1,0.96875,"Wednesday, Aug 27"
2025,NYY,TOR,0,0.4568421052631578,"Friday, Sep 5"
2025,NYY,TOR,1,0.4568421052631578,"Saturday, Sep 6"
2025,NYY,TOR,1,0.4568421052631578,"Sunday, Sep 7"
2025,NYY,DET,0,0.5414507772020726,"Tuesday, Sep 9"
2025,NYY,DET,0,0.5414507772020726,"Wednesday, Sep 10"
2025,NYY,DET,1,0.5414507772020726,"Thursday, Sep 11"
2025,NYY,CHW,1,0.9008264462809917,"Tuesday, Sep 23"
2025,NYY,CHW,1,0.96875,"Wednesday, Sep 24"
2025,NYY,CHW,1,0.9008264462809917,"Thursday, Sep 25"
2025,NYY,BAL,1,0.3983739837398374,"Friday, Sep 26"
2025,NYY,BAL,1,0.5414507772020726,"Saturday, Sep 27"
2025,NYY,BAL,1,0.6710526315789473,"Sunday, Sep 28"
2025,PHI,COL,1,0.4568421052631578,"Monday, Mar 31"
2025,PHI,COL,1,0.7947019867549668,"Wednesday, Apr 2"
2025,PHI,COL,1,0.9008264462809917,"Thursday, Apr 3"
2025,PHI,LAD,1,0.5414507772020726,"Friday, Apr 4"
2025,PHI,LAD,0,0.36363636363636365,"Saturday, Apr 5"
2025,PHI,LAD,1,0.4568421052631578,"Sunday, Apr 6"
2025,PHI,SFG,0,0.4568421052631578,"Monday, Apr 14"
2025,PHI,SFG,1,0.4568421052631578,"Tuesday, Apr 15"
2025,PHI,SFG,0,0.4568421052631578,"Wednesday, Apr 16"
2025,PHI,SFG,1,0.25,"Thursday, Apr 17"
2025,PHI,MIA,1,0.9008264462809917,"Friday, Apr 18"
2025,PHI,MIA,1,0.9655172413793104,"Saturday, Apr 19"
2025,PHI,MIA,0,0.4568421052631578,"Sunday, Apr 20"
2025,PHI,WSN,1,0.5414507772020726,"Tuesday, Apr 29"
2025,PHI,WSN,1,0.7947019867549668,"Wednesday, Apr 30"
2025,PHI,WSN,0,0.5414507772020726,"Thursday, May 1"
2025,PHI,ARI,1,0.5414507772020726,"Friday, May 2"
2025,PHI,ARI,1,0.5414507772020726,"Saturday, May 3"
2025,PHI,ARI,0,0.4568421052631578,"Sunday, May 4"
2025,PHI,STL,0,0.3709677419354839,"Monday, May 12"
2025,PHI,STL,1,0.43661971830985913,"Wednesday, May 14 (1)"
2025,PHI,STL,0,0.3709677419354839,"Wednesday, May 14 (2)"
2025,PHI,PIT,1,0.668918918918919,"Friday, May 16"
2025,PHI,PIT,1,0.9008264462809917,"Saturday, May 17"
2025,PHI,PIT,1,0.3709677419354839,"Sunday, May 18"
2025,PHI,ATL,1,0.668918918918919,"Tuesday, May 27"
2025,PHI,ATL,1,0.6710526315789473,"Thursday, May 29 (1)"
2025,PHI,ATL,0,0.5414507772020726,"Thursday, May 29 (2)"
2025,PHI,MIL,0,0.5414507772020726,"Friday, May 30"
2025,PHI,MIL,0,0.4568421052631578,"Saturday, May 31"
2025,PHI,MIL,0,0.4568421052631578,"Sunday, Jun 1"
2025,PHI,CHC,1,0.5414507772020726,"Monday, Jun 9"
2025,PHI,CHC,0,0.5414507772020726,"Tuesday, Jun 10"
2025,PHI,CHC,1,0.5414507772020726,"Wednesday, Jun 11"
2025,PHI,TOR,1,0.4568421052631578,"Friday, Jun 13"
2025,PHI,TOR,1,0.5414507772020726,"Saturday, Jun 14"
2025,PHI,TOR,1,0.5414507772020726,"Sunday, Jun 15"
2025,PHI,NYM,1,0.7947019867549668,"Friday, Jun 20"
2025,PHI,NYM,0,0.6710526315789473,"Saturday, Jun 21"
2025,PHI,NYM,1,0.5414507772020726,"Sunday, Jun 22"
2025,PHI,SDP,1,0.6710526315789473,"Monday, Jun 30"
2025,PHI,SDP,0,0.5695652173913044,"Wednesday, Jul 2 (1)"
2025,PHI,SDP,1,0.5414507772020726,"Wednesday, Jul 2 (2)"
2025,PHI,CIN,0,0.5414507772020726,"Friday, Jul 4"
2025,PHI,CIN,1,0.3983739837398374,"Saturday, Jul 5"
2025,PHI,CIN,1,0.6710526315789473,"Sunday, Jul 6"
2025,PHI,LAA,0,0.5414507772020726,"Friday, Jul 18"
2025,PHI,LAA,1,0.5414507772020726,"Saturday, Jul 19"
2025,PHI,LAA,0,0.4568421052631578,"Sunday, Jul 20"
2025,PHI,BOS,1,0.5414507772020726,"Monday, Jul 21"
2025,PHI,BOS,1,0.5414507772020726,"Tuesday, Jul 22"
2025,PHI,BOS,0,0.5414507772020726,"Wednesday, Jul 23"
2025,PHI,DET,1,0.6710526315789473,"Friday, Aug 1"
2025,PHI,DET,0,0.5695652173913044,"Saturday, Aug 2"
2025,PHI,DET,1,0.5414507772020726,"Sunday, Aug 3"
2025,PHI,BAL,1,0.6710526315789473,"Monday, Aug 4"
2025,PHI,BAL,1,0.4568421052631578,"Tuesday, Aug 5"
2025,PHI,BAL,0,0.4568421052631578,"Wednesday, Aug 6"
2025,PHI,SEA,1,0.5414507772020726,"Monday, Aug 18"
2025,PHI,SEA,1,0.668918918918919,"Tuesday, Aug 19"
2025,PHI,SEA,1,0.7947019867549668,"Wednesday, Aug 20"
2025,PHI,WSN,0,0.5414507772020726,"Friday, Aug 22"
2025,PHI,WSN,1,0.7947019867549668,"Saturday, Aug 23"
2025,PHI,WSN,1,0.9008264462809917,"Sunday, Aug 24"
2025,PHI,ATL,1,0.668918918918919,"Thursday, Aug 28"
2025,PHI,ATL,1,0.5414507772020726,"Friday, Aug 29"
2025,PHI,ATL,1,0.7947019867549668,"Saturday, Aug 30"
2025,PHI,ATL,0,0.5414507772020726,"Sunday, Aug 31"
2025,PHI,NYM,1,0.3983739837398374,"Monday, Sep 8"
2025,PHI,NYM,1,0.668918918918919,"Tuesday, Sep 9"
2025,PHI,NYM,1,0.7947019867549668,"Wednesday, Sep 10"
2025,PHI,NYM,1,0.7947019867549668,"Thursday, Sep 11"
2025,PHI,KCR,1,0.668918918918919,"Friday, Sep 12"
2025,PHI,KCR,1,0.4568421052631578,"Saturday, Sep 13"
2025,PHI,KCR,0,0.7947019867549668,"Sunday, Sep 14"
2025,PHI,MIA,0,0.5414507772020726,"Tuesday, Sep 23"
2025,PHI,MIA,1,0.6710526315789473,"Wednesday, Sep 24"
2025,PHI,MIA,1,0.3983739837398374,"Thursday, Sep 25"
2025,PHI,MIN,1,0.23076923076923078,"Friday, Sep 26"
2025,PHI,MIN,0,0.39007800445331375,"Saturday, Sep 27"
2025,PHI,MIN,1,0.6710526315789473,"Sunday, Sep 28"
2025,PIT,NYY,0,0.25,"Friday, Apr 4"
2025,PIT,NYY,0,0.3983739837398374,"Saturday, Apr 5"
2025,PIT,NYY,1,0.668918918918919,"Sunday, Apr 6"
2025,PIT,STL,1,0.5414507772020726,"Monday, Apr 7"
2025,PIT,STL,0,0.5695652173913044,"Tuesday, Apr 8"
2025,PIT,STL,1,0.5414507772020726,"Wednesday, Apr 9"
2025,PIT,WSN,1,0.5414507772020726,"Monday, Apr 14"
2025,PIT,WSN,0,0.5414507772020726,"Tuesday, Apr 15"
2025,PIT,WSN,1,0.5414507772020726,"Wednesday, Apr 16"
2025,PIT,WSN,1,0.4568421052631578,"Thursday, Apr 17"
2025,PIT,CLE,0,0.4568421052631578,"Friday, Apr 18"
2025,PIT,CLE,0,0.6710526315789473,"Saturday, Apr 19"
2025,PIT,CLE,0,0.4568421052631578,"Sunday, Apr 20"
2025,PIT,CHC,0,0.08333333333333333,"Tuesday, Apr 29"
2025,PIT,CHC,1,0.5414507772020726,"Wednesday, Apr 30"
2025,PIT,CHC,0,0.5695652173913044,"Thursday, May 1"
2025,PIT,SDP,0,0.3709677419354839,"Friday, May 2"
2025,PIT,SDP,0,0.08333333333333333,"Saturday, May 3"
2025,PIT,SDP,0,0.0625,"Sunday, May 4"
2025,PIT,ATL,1,0.5414507772020726,"Friday, May 9"
2025,PIT,ATL,0,0.3983739837398374,"Saturday, May 10"
2025,PIT,ATL,1,0.5695652173913044,"Sunday, May 11"
2025,PIT,CIN,0,0.3709677419354839,"Monday, May 19"
2025,PIT,CIN,1,0.4568421052631578,"Tuesday, May 20"
2025,PIT,CIN,1,0.4568421052631578,"Wednesday, May 21"
2025,PIT,MIL,0,0.3983739837398374,"Thursday, May 22"
2025,PIT,MIL,1,0.6710526315789473,"Friday, May 23"
2025,PIT,MIL,1,0.4568421052631578,"Saturday, May 24"
2025,PIT,MIL,0,0.43661971830985913,"Sunday, May 25"
2025,PIT,HOU,0,0.668918918918919,"Tuesday, Jun 3"
2025,PIT,HOU,1,0.4568421052631578,"Wednesday, Jun 4"
2025,PIT,HOU,0,0.0625,"Thursday, Jun 5"
2025,PIT,PHI,1,0.4568421052631578,"Friday, Jun 6"
2025,PIT,PHI,1,0.7947019867549668,"Saturday, Jun 7"
2025,PIT,PHI,1,0.7947019867549668,"Sunday, Jun 8"
2025,PIT,MIA,1,0.5414507772020726,"Monday, Jun 9"
2025,PIT,MIA,0,0.5414507772020726,"Tuesday, Jun 10"
2025,PIT,MIA,1,0.4568421052631578,"Wednesday, Jun 11"
2025,PIT,TEX,0,0.3709677419354839,"Friday, Jun 20"
2025,PIT,TEX,0,0.5414507772020726,"Saturday, Jun 21"
2025,PIT,TEX,1,0.4568421052631578,"Sunday, Jun 22"
2025,PIT,NYM,1,0.668918918918919,"Friday, Jun 27"
2025,PIT,NYM,1,0.3709677419354839,"Saturday, Jun 28"
2025,PIT,NYM,1,0.4568421052631578,"Sunday, Jun 29"
2025,PIT,STL,1,0.3983739837398374,"Monday, Jun 30"
2025,PIT,STL,1,0.4568421052631578,"Tuesday, Jul 1"
2025,PIT,STL,1,0.5414507772020726,"Wednesday, Jul 2"
2025,PIT,CHW,0,0.3983739837398374,"Friday, Jul 18"
2025,PIT,CHW,0,0.5414507772020726,"Saturday, Jul 19"
2025,PIT,CHW,0,0.4568421052631578,"Sunday, Jul 20"
2025,PIT,DET,1,0.5414507772020726,"Monday, Jul 21"
2025,PIT,DET,1,0.668918918918919,"Tuesday, Jul 22"
2025,PIT,DET,1,0.5414507772020726,"Wednesday, Jul 23"
2025,PIT,ARI,0,0.668918918918919,"Friday, Jul 25"
2025,PIT,ARI,1,0.668918918918919,"Saturday, Jul 26"
2025,PIT,ARI,1,0.5414507772020726,"Sunday, Jul 27"
2025,PIT,SFG,1,0.5414507772020726,"Monday, Aug 4"
2025,PIT,SFG,0,0.43661971830985913,"Tuesday, Aug 5"
2025,PIT,SFG,0,0.4568421052631578,"Wednesday, Aug 6"
2025,PIT,CIN,1,0.3709677419354839,"Thursday, Aug 7"
2025,PIT,CIN,1,0.5414507772020726,"Friday, Aug 8"
2025,PIT,CIN,0,0.4568421052631578,"Saturday, Aug 9"
2025,PIT,CIN,0,0.4568421052631578,"Sunday, Aug 10"
2025,PIT,TOR,1,0.4568421052631578,"Monday, Aug 18"
2025,PIT,TOR,0,0.25,"Tuesday, Aug 19"
2025,PIT,TOR,1,0.7947019867549668,"Wednesday, Aug 20"
2025,PIT,COL,1,0.7947019867549668,"Friday, Aug 22"
2025,PIT,COL,1,0.5695652173913044,"Saturday, Aug 23"
2025,PIT,COL,1,0.668918918918919,"Sunday, Aug 24"
2025,PIT,LAD,1,0.5414507772020726,"Tuesday, Sep 2"
2025,PIT,LAD,1,0.6710526315789473,"Wednesday, Sep 3"
2025,PIT,LAD,1,0.5414507772020726,"Thursday, Sep 4"
2025,PIT,MIL,0,0.36363636363636365,"Friday, Sep 5"
2025,PIT,MIL,0,0.36363636363636365,"Saturday, Sep 6"
2025,PIT,MIL,0,0.5414507772020726,"Sunday, Sep 7"
2025,PIT,CHC,0,0.43661971830985913,"Monday, Sep 15"
2025,PIT,CHC,0,0.4568421052631578,"Tuesday, Sep 16"
2025,PIT,CHC,0,0.4568421052631578,"Wednesday, Sep 17"
2025,SDP,ATL,1,0.5414507772020726,"Thursday, Mar 27"
2025,SDP,ATL,1,0.4568421052631578,"Friday, Mar 28"
2025,SDP,ATL,1,0.43661971830985913,"Saturday, Mar 29"
2025,SDP,ATL,1,0.4568421052631578,"Sunday, Mar 30"
2025,SDP,CLE,1,0.4568421052631578,"Monday, Mar 31"
2025,SDP,CLE,1,0.5695652173913044,"Tuesday, Apr 1"
2025,SDP,CLE,1,0.5414507772020726,"Wednesday, Apr 2"
2025,SDP,COL,1,0.5414507772020726,"Friday, Apr 11"
2025,SDP,COL,1,0.7947019867549668,"Saturday, Apr 12"
2025,SDP,COL,1,0.9008264462809917,"Sunday, Apr 13"
2025,SDP,CHC,1,0.5414507772020726,"Monday, Apr 14"
2025,SDP,CHC,0,0.43661971830985913,"Tuesday, Apr 15"
2025,SDP,CHC,1,0.4568421052631578,"Wednesday, Apr 16"
2025,SDP,TBR,0,0.4568421052631578,"Friday, Apr 25"
2025,SDP,TBR,0,0.4568421052631578,"Saturday, Apr 26"
2025,SDP,TBR,0,0.4568421052631578,"Sunday, Apr 27"
2025,SDP,SFG,1,0.5414507772020726,"Tuesday, Apr 29"
2025,SDP,SFG,1,0.4568421052631578,"Wednesday, Apr 30"
2025,SDP,LAA,0,0.668918918918919,"Monday, May 12"
2025,SDP,LAA,1,0.96875,"Tuesday, May 13"
2025,SDP,LAA,1,0.9655172413793104,"Wednesday, May 14"
2025,SDP,SEA,0,0.668918918918919,"Friday, May 16"
2025,SDP,SEA,0,0.6710526315789473,"Saturday, May 17"
2025,SDP,SEA,0,0.5414507772020726,"Sunday, May 18"
2025,SDP,MIA,1,0.7947019867549668,"Monday, May 26"
2025,SDP,MIA,1,0.9008264462809917,"Tuesday, May 27"
2025,SDP,MIA,0,0.4568421052631578,"Wednesday, May 28"
2025,SDP,PIT,1,0.7947019867549668,"Friday, May 30"
2025,SDP,PIT,0,0.43661971830985913,"Saturday, May 31"
2025,SDP,PIT,1,0.668918918918919,"Sunday, Jun 1"
2025,SDP,LAD,0,0.5414507772020726,"Monday, Jun 9"
2025,SDP,LAD,1,0.5414507772020726,"Tuesday, Jun 10"
2025,SDP,LAD,0,0.5414507772020726,"Wednesday, Jun 11"
2025,SDP,KCR,0,0.4568421052631578,"Friday, Jun 20"
2025,SDP,KCR,1,0.4568421052631578,"Saturday, Jun 21"
2025,SDP,KCR,1,0.5414507772020726,"Sunday, Jun 22"
2025,SDP,WSN,0,0.3709677419354839,"Monday, Jun 23"
2025,SDP,WSN,1,0.9008264462809917,"Tuesday, Jun 24"
2025,SDP,WSN,1,0.6710526315789473,"Wednesday, Jun 25"
2025,SDP,TEX,1,0.5695652173913044,"Friday, Jul 4"
2025,SDP,TEX,0,0.3983739837398374,"Saturday, Jul 5"
2025,SDP,TEX,1,0.5414507772020726,"Sunday, Jul 6"
2025,SDP,ARI,0,0.5414507772020726,"Monday, Jul 7"
2025,SDP,ARI,1,0.5695652173913044,"Tuesday, Jul 8"
2025,SDP,ARI,0,0.5414507772020726,"Wednesday, Jul 9"
2025,SDP,ARI,1,0.5414507772020726,"Thursday, Jul 10"
2025,SDP,PHI,1,0.5414507772020726,"Friday, Jul 11"
2025,SDP,PHI,1,0.5414507772020726,"Saturday, Jul 12"
2025,SDP,PHI,0,0.5414507772020726,"Sunday, Jul 13"
2025,SDP,NYM,1,0.4568421052631578,"Monday, Jul 28"
2025,SDP,NYM,1,0.4568421052631578,"Tuesday, Jul 29"
2025,SDP,NYM,1,0.4568421052631578,"Wednesday, Jul 30"
2025,SDP,STL,1,0.6710526315789473,"Friday, Aug 1"
2025,SDP,STL,0,0.7947019867549668,"Saturday, Aug 2"
2025,SDP,STL,1,0.5414507772020726,"Sunday, Aug 3"
2025,SDP,BOS,0,0.43661971830985913,"Friday, Aug 8"
2025,SDP,BOS,1,0.43661971830985913,"Saturday, Aug 9"
2025,SDP,BOS,1,0.4568421052631578,"Sunday, Aug 10"
2025,SDP,SFG,0,0.668918918918919,"Monday, Aug 18"
2025,SDP,SFG,1,0.7947019867549668,"Tuesday, Aug 19"
2025,SDP,SFG,1,0.4568421052631578,"Wednesday, Aug 20"
2025,SDP,SFG,1,0.7947019867549668,"Thursday, Aug 21"
2025,SDP,LAD,1,0.4568421052631578,"Friday, Aug 22"
2025,SDP,LAD,1,0.5414507772020726,"Saturday, Aug 23"
2025,SDP,LAD,0,0.5414507772020726,"Sunday, Aug 24"
2025,SDP,BAL,0,0.5414507772020726,"Monday, Sep 1"
2025,SDP,BAL,0,0.5414507772020726,"Tuesday, Sep 2"
2025,SDP,BAL,0,0.5414507772020726,"Wednesday, Sep 3"
2025,SDP,CIN,1,0.6710526315789473,"Monday, Sep 8"
2025,SDP,CIN,0,0.5695652173913044,"Tuesday, Sep 9"
2025,SDP,CIN,0,0.5414507772020726,"Wednesday, Sep 10"
2025,SDP,COL,1,0.5414507772020726,"Thursday, Sep 11"
2025,SDP,COL,0,0.5695652173913044,"Friday, Sep 12"
2025,SDP,COL,1,0.9008264462809917,"Saturday, Sep 13"
2025,SDP,COL,1,0.9008264462809917,"Sunday, Sep 14"
2025,SDP,MIL,1,0.36363636363636365,"Monday, Sep 22"
2025,SDP,MIL,1,0.5695652173913044,"Tuesday, Sep 23"
2025,SDP,MIL,0,0.668918918918919,"Wednesday, Sep 24"
2025,SDP,ARI,1,0.5414507772020726,"Friday, Sep 26"
2025,SDP,ARI,1,0.5695652173913044,"Saturday, Sep 27"
2025,SDP,ARI,1,0.5414507772020726,"Sunday, Sep 28"
2025,SEA,DET,0,0.5414507772020726,"Monday, Mar 31"
2025,SEA,DET,0,0.5414507772020726,"Tuesday, Apr 1"
2025,SEA,DET,1,0.5414507772020726,"Wednesday, Apr 2"
2025,SEA,HOU,1,0.668918918918919,"Monday, Apr 7"
2025,SEA,HOU,0,0.5414507772020726,"Tuesday, Apr 8"
2025,SEA,HOU,1,0.5414507772020726,"Wednesday, Apr 9"
2025,SEA,TEX,1,0.4935064935064935,"Friday, Apr 11"
2025,SEA,TEX,1,0.5414507772020726,"Saturday, Apr 12"
2025,SEA,TEX,1,0.5414507772020726,"Sunday, Apr 13"
2025,SEA,MIA,0,0.3983739837398374,"Friday, Apr 25"
2025,SEA,MIA,1,0.5414507772020726,"Saturday, Apr 26"
2025,SEA,MIA,1,0.5414507772020726,"Sunday, Apr 27"
2025,SEA,LAA,1,0.9655172413793104,"Tuesday, Apr 29"
2025,SEA,LAA,1,0.9008264462809917,"Wednesday, Apr 30"
2025,SEA,TOR,0,0.7947019867549668,"Friday, May 9"
2025,SEA,TOR,0,0.9008264462809917,"Saturday, May 10"
2025,SEA,TOR,0,0.5414507772020726,"Sunday, May 11"
2025,SEA,NYY,0,0.4568421052631578,"Monday, May 12"
2025,SEA,NYY,1,0.4568421052631578,"Tuesday, May 13"
2025,SEA,NYY,0,0.3983739837398374,"Wednesday, May 14"
2025,SEA,WSN,1,0.5695652173913044,"Tuesday, May 27"
2025,SEA,WSN,0,0.3983739837398374,"Wednesday, May 28"
2025,SEA,WSN,0,0.5695652173913044,"Thursday, May 29"
2025,SEA,MIN,0,0.5414507772020726,"Friday, May 30"
2025,SEA,MIN,1,0.5695652173913044,"Saturday, May 31"
2025,SEA,MIN,1,0.5414507772020726,"Sunday, Jun 1"
2025,SEA,BAL,0,0.5414507772020726,"Tuesday, Jun 3"
2025,SEA,BAL,0,0.4568421052631578,"Wednesday, Jun 4"
2025,SEA,BAL,0,0.16666666666666666,"Thursday, Jun 5"
2025,SEA,CLE,1,0.5414507772020726,"Friday, Jun 13"
2025,SEA,CLE,1,0.5695652173913044,"Saturday, Jun 14"
2025,SEA,CLE,1,0.668918918918919,"Sunday, Jun 15"
2025,SEA,BOS,0,0.4568421052631578,"Monday, Jun 16"
2025,SEA,BOS,1,0.3983739837398374,"Tuesday, Jun 17"
2025,SEA,BOS,0,0.4568421052631578,"Wednesday, Jun 18"
2025,SEA,KCR,1,0.5695652173913044,"Monday, Jun 30"
2025,SEA,KCR,0,0.6710526315789473,"Tuesday, Jul 1"
2025,SEA,KCR,1,0.5414507772020726,"Wednesday, Jul 2"
2025,SEA,KCR,0,0.5414507772020726,"Thursday, Jul 3"
2025,SEA,PIT,1,0.4568421052631578,"Friday, Jul 4"
2025,SEA,PIT,1,0.23076923076923078,"Saturday, Jul 5"
2025,SEA,PIT,1,0.4568421052631578,"Sunday, Jul 6"
2025,SEA,HOU,1,0.5414507772020726,"Friday, Jul 18"
2025,SEA,HOU,1,0.5414507772020726,"Saturday, Jul 19"
2025,SEA,HOU,0,0.668918918918919,"Sunday, Jul 20"
2025,SEA,MIL,0,0.4568421052631578,"Monday, Jul 21"
2025,SEA,MIL,1,0.36363636363636365,"Tuesday, Jul 22"
2025,SEA,MIL,0,0.3983739837398374,"Wednesday, Jul 23"
2025,SEA,TEX,1,0.3983739837398374,"Thursday, Jul 31"
2025,SEA,TEX,1,0.5414507772020726,"Friday, Aug 1"
2025,SEA,TEX,0,0.668918918918919,"Saturday, Aug 2"
2025,SEA,TEX,1,0.5414507772020726,"Sunday, Aug 3"
2025,SEA,CHW,1,0.7947019867549668,"Tuesday, Aug 5"
2025,SEA,CHW,1,0.9008264462809917,"Wednesday, Aug 6"
2025,SEA,CHW,1,0.7947019867549668,"Thursday, Aug 7"
2025,SEA,TBR,1,0.4568421052631578,"Friday, Aug 8"
2025,SEA,TBR,1,0.5414507772020726,"Saturday, Aug 9"
2025,SEA,TBR,1,0.7947019867549668,"Sunday, Aug 10"
2025,SEA,SDP,1,0.4609554222995246,"Monday, Aug 25"
2025,SEA,SDP,0,0.4568421052631578,"Tuesday, Aug 26"
2025,SEA,SDP,1,0.3983739837398374,"Wednesday, Aug 27"
2025,SEA,STL,1,0.5695652173913044,"Monday, Sep 8"
2025,SEA,STL,1,0.5414507772020726,"Tuesday, Sep 9"
2025,SEA,STL,1,0.4568421052631578,"Wednesday, Sep 10"
2025,SEA,LAA,1,0.36363636363636365,"Thursday, Sep 11"
2025,SEA,LAA,1,0.3983739837398374,"Friday, Sep 12"
2025,SEA,LAA,1,0.9008264462809917,"Saturday, Sep 13"
2025,SEA,LAA,1,0.9008264462809917,"Sunday, Sep 14"
2025,SEA,COL,1,0.4568421052631578,"Tuesday, Sep 23"
2025,SEA,COL,1,0.9008264462809917,"Wednesday, Sep 24"
2025,SEA,COL,1,0.9655172413793104,"Thursday, Sep 25"
2025,SEA,LAD,0,0.4568421052631578,"Friday, Sep 26"
2025,SEA,LAD,0,0.4568421052631578,"Saturday, Sep 27"
2025,SEA,LAD,0,0.3983739837398374,"Sunday, Sep 28"
2025,SFG,SEA,1,0.6710526315789473,"Friday, Apr 4"
2025,SFG,SEA,1,0.5414507772020726,"Saturday, Apr 5"
2025,SFG,SEA,1,0.5414507772020726,"Sunday, Apr 6"
2025,SFG,CIN,0,0.5414507772020726,"Monday, Apr 7"
2025,SFG,CIN,0,0.5695652173913044,"Tuesday, Apr 8"
2025,SFG,CIN,1,0.4568421052631578,"Wednesday, Apr 9"
2025,SFG,MIL,1,0.5414507772020726,"Monday, Apr 21"
2025,SFG,MIL,0,0.5695652173913044,"Tuesday, Apr 22"
2025,SFG,MIL,1,0.4568421052631578,"Wednesday, Apr 23"
2025,SFG,MIL,1,0.5695652173913044,"Thursday, Apr 24"
2025,SFG,TEX,0,0.6710526315789473,"Friday, Apr 25"
2025,SFG,TEX,1,0.4568421052631578,"Saturday, Apr 26"
2025,SFG,TEX,1,0.7947019867549668,"Sunday, Apr 27"
2025,SFG,COL,0,0.36363636363636365,"Thursday, May 1"
2025,SFG,COL,1,0.96875,"Friday, May 2"
2025,SFG,COL,1,0.5414507772020726,"Saturday, May 3"
2025,SFG,COL,1,0.9655172413793104,"Sunday, May 4"
2025,SFG,ARI,0,0.5695652173913044,"Monday, May 12"
2025,SFG,ARI,1,0.5414507772020726,"Tuesday, May 13"
2025,SFG,ARI,0,0.6710526315789473,"Wednesday, May 14"
2025,SFG,KCR,0,0.6710526315789473,"Monday, May 19"
2025,SFG,KCR,1,0.668918918918919,"Tuesday, May 20"
2025,SFG,KCR,0,0.5414507772020726,"Wednesday, May 21"
2025,SFG,SDP,0,0.4568421052631578,"Monday, Jun 2"
2025,SFG,SDP,0,0.5414507772020726,"Tuesday, Jun 3"
2025,SFG,SDP,1,0.4568421052631578,"Wednesday, Jun 4"
2025,SFG,SDP,1,0.3983739837398374,"Thursday, Jun 5"
2025,SFG,ATL,1,0.668918918918919,"Friday, Jun 6"
2025,SFG,ATL,1,0.5695652173913044,"Saturday, Jun 7"
2025,SFG,ATL,1,0.668918918918919,"Sunday, Jun 8"
2025,SFG,CLE,0,0.4568421052631578,"Tuesday, Jun 17"
2025,SFG,CLE,0,0.5695652173913044,"Wednesday, Jun 18"
2025,SFG,CLE,1,0.4568421052631578,"Thursday, Jun 19"
2025,SFG,BOS,0,0.5414507772020726,"Friday, Jun 20"
2025,SFG,BOS,1,0.4568421052631578,"Saturday, Jun 21"
2025,SFG,BOS,1,0.4568421052631578,"Sunday, Jun 22"
2025,SFG,MIA,0,0.3983739837398374,"Tuesday, Jun 24"
2025,SFG,MIA,0,0.3983739837398374,"Wednesday, Jun 25"
2025,SFG,MIA,0,0.4568421052631578,"Thursday, Jun 26"
2025,SFG,PHI,1,0.4568421052631578,"Monday, Jul 7"
2025,SFG,PHI,1,0.5414507772020726,"Tuesday, Jul 8"
2025,SFG,PHI,0,0.3983739837398374,"Wednesday, Jul 9"
2025,SFG,LAD,1,0.5414507772020726,"Friday, Jul 11"
2025,SFG,LAD,0,0.7947019867549668,"Saturday, Jul 12"
2025,SFG,LAD,0,0.5695652173913044,"Sunday, Jul 13"
2025,SFG,NYM,0,0.5414507772020726,"Friday, Jul 25"
2025,SFG,NYM,0,0.4568421052631578,"Saturday, Jul 26"
2025,SFG,NYM,0,0.3983739837398374,"Sunday, Jul 27"
2025,SFG,PIT,0,0.4568421052631578,"Monday, Jul 28"
2025,SFG,PIT,0,0.5414507772020726,"Tuesday, Jul 29"
2025,SFG,PIT,0,0.4568421052631578,"Wednesday, Jul 30"
2025,SFG,WSN,1,0.9008264462809917,"Friday, Aug 8"
2025,SFG,WSN,0,0.4568421052631578,"Saturday, Aug 9"
2025,SFG,WSN,0,0.4568421052631578,"Sunday, Aug 10"
2025,SFG,SDP,0,0.5414507772020726,"Monday, Aug 11"
2025,SFG,SDP,0,0.3983739837398374,"Tuesday, Aug 12"
2025,SFG,SDP,0,0.36363636363636365,"Wednesday, Aug 13"
2025,SFG,TBR,0,0.5695652173913044,"Friday, Aug 15"
2025,SFG,TBR,0,0.4935064935064935,"Saturday, Aug 16"
2025,SFG,TBR,1,0.43661971830985913,"Sunday, Aug 17"
2025,SFG,CHC,1,0.5695652173913044,"Tuesday, Aug 26"
2025,SFG,CHC,1,0.5695652173913044,"Wednesday, Aug 27"
2025,SFG,CHC,1,0.3983739837398374,"Thursday, Aug 28"
2025,SFG,BAL,1,0.5414507772020726,"Friday, Aug 29"
2025,SFG,BAL,0,0.5414507772020726,"Saturday, Aug 30"
2025,SFG,BAL,1,0.5414507772020726,"Sunday, Aug 31"
2025,SFG,ARI,1,0.36363636363636365,"Monday, Sep 8"
2025,SFG,ARI,1,0.4568421052631578,"Tuesday, Sep 9"
2025,SFG,ARI,0,0.43661971830985913,"Wednesday, Sep 10"
2025,SFG,LAD,1,0.43661971830985913,"Friday, Sep 12"
2025,SFG,LAD,0,0.4568421052631578,"Saturday, Sep 13"
2025,SFG,LAD,0,0.4568421052631578,"Sunday, Sep 14"
2025,SFG,STL,0,0.5414507772020726,"Monday, Sep 22"
2025,SFG,STL,0,0.5695652173913044,"Tuesday, Sep 23"
2025,SFG,STL,1,0.5695652173913044,"Wednesday, Sep 24"
2025,SFG,COL,1,0.9008264462809917,"Friday, Sep 26"
2025,SFG,COL,1,0.9008264462809917,"Saturday, Sep 27"
2025,SFG,COL,1,0.9008264462809917,"Sunday, Sep 28"
2025,STL,MIN,1,0.5414507772020726,"Thursday, Mar 27"
2025,STL,MIN,1,0.4568421052631578,"Saturday, Mar 29"
2025,STL,MIN,1,0.4568421052631578,"Sunday, Mar 30"
2025,STL,LAA,0,0.3983739837398374,"Monday, Mar 31"
2025,STL,LAA,0,0.3983739837398374,"Tuesday, Apr 1"
2025,STL,LAA,1,0.5414507772020726,"Wednesday, Apr 2"
2025,STL,PHI,1,0.4568421052631578,"Friday, Apr 11"
2025,STL,PHI,0,0.4568421052631578,"Saturday, Apr 12"
2025,STL,PHI,1,0.6710526315789473,"Sunday, Apr 13"
2025,STL,HOU,1,0.4568421052631578,"Monday, Apr 14"
2025,STL,HOU,0,0.4568421052631578,"Tuesday, Apr 15"
2025,STL,HOU,1,0.43661971830985913,"Wednesday, Apr 16"
2025,STL,MIL,1,0.5695652173913044,"Friday, Apr 25"
2025,STL,MIL,1,0.5414507772020726,"Saturday, Apr 26"
2025,STL,MIL,0,0.5414507772020726,"Sunday, Apr 27"
2025,STL,NYM,0,0.668918918918919,"Friday, May 2"
2025,STL,NYM,1,0.668918918918919,"Sunday, May 4 (1)"
2025,STL,NYM,1,0.668918918918919,"Sunday, May 4 (2)"
2025,STL,PIT,1,0.7947019867549668,"Monday, May 5"
2025,STL,PIT,1,0.5414507772020726,"Tuesday, May 6"
2025,STL,PIT,1,0.96875,"Wednesday, May 7"
2025,STL,DET,1,0.4568421052631578,"Monday, May 19"
2025,STL,DET,0,0.4568421052631578,"Tuesday, May 20"
2025,STL,DET,0,0.5414507772020726,"Wednesday, May 21"
2025,STL,ARI,1,0.5414507772020726,"Friday, May 23"
2025,STL,ARI,1,0.5695652173913044,"Saturday, May 24"
2025,STL,ARI,1,0.5695652173913044,"Sunday, May 25"
2025,STL,KCR,0,0.5414507772020726,"Tuesday, Jun 3"
2025,STL,KCR,1,0.5414507772020726,"Thursday, Jun 5 (1)"
2025,STL,KCR,0,0.5414507772020726,"Thursday, Jun 5 (2)"
2025,STL,LAD,1,0.4568421052631578,"Friday, Jun 6"
2025,STL,LAD,1,0.5414507772020726,"Saturday, Jun 7"
2025,STL,LAD,0,0.5414507772020726,"Sunday, Jun 8"
2025,STL,TOR,0,0.4568421052631578,"Monday, Jun 9"
2025,STL,TOR,0,0.4568421052631578,"Tuesday, Jun 10"
2025,STL,TOR,0,0.4935064935064935,"Wednesday, Jun 11"
2025,STL,CIN,1,0.5414507772020726,"Friday, Jun 20"
2025,STL,CIN,1,0.5414507772020726,"Saturday, Jun 21"
2025,STL,CIN,0,0.5414507772020726,"Sunday, Jun 22"
2025,STL,CHC,1,0.7947019867549668,"Monday, Jun 23"
2025,STL,CHC,1,0.5695652173913044,"Tuesday, Jun 24"
2025,STL,CHC,0,0.5414507772020726,"Wednesday, Jun 25"
2025,STL,CHC,0,0.5414507772020726,"Thursday, Jun 26"
2025,STL,WSN,1,0.9008264462809917,"Tuesday, Jul 8"
2025,STL,WSN,0,0.5414507772020726,"Wednesday, Jul 9"
2025,STL,WSN,1,0.7947019867549668,"Thursday, Jul 10"
2025,STL,ATL,0,0.5695652173913044,"Friday, Jul 11"
2025,STL,ATL,0,0.5414507772020726,"Saturday, Jul 12"
2025,STL,ATL,1,0.5414507772020726,"Sunday, Jul 13"
2025,STL,SDP,1,0.3983739837398374,"Thursday, Jul 24"
2025,STL,SDP,1,0.668918918918919,"Friday, Jul 25"
2025,STL,SDP,0,0.5695652173913044,"Saturday, Jul 26"
2025,STL,SDP,0,0.5414507772020726,"Sunday, Jul 27"
2025,STL,MIA,1,0.4568421052631578,"Monday, Jul 28"
2025,STL,MIA,0,0.4568421052631578,"Tuesday, Jul 29"
2025,STL,MIA,0,0.43661971830985913,"Wednesday, Jul 30"
2025,STL,CHC,1,0.5695652173913044,"Friday, Aug 8"
2025,STL,CHC,0,0.3983739837398374,"Saturday, Aug 9"
2025,STL,CHC,1,0.4935064935064935,"Sunday, Aug 10"
2025,STL,COL,1,0.9008264462809917,"Monday, Aug 11"
2025,STL,COL,0,0.43661971830985913,"Tuesday, Aug 12"
2025,STL,COL,0,0.4935064935064935,"Wednesday, Aug 13"
2025,STL,NYY,0,0.43661971830985913,"Friday, Aug 15"
2025,STL,NYY,0,0.43661971830985913,"Saturday, Aug 16"
2025,STL,NYY,0,0.5414507772020726,"Sunday, Aug 17"
2025,STL,PIT,1,0.5414507772020726,"Monday, Aug 25"
2025,STL,PIT,0,0.3983739837398374,"Tuesday, Aug 26"
2025,STL,PIT,0,0.4568421052631578,"Wednesday, Aug 27"
2025,STL,PIT,1,0.4568421052631578,"Thursday, Aug 28"
2025,STL,SFG,0,0.4568421052631578,"Friday, Sep 5"
2025,STL,SFG,1,0.25,"Saturday, Sep 6"
2025,STL,SFG,1,0.14285714285714285,"Sunday, Sep 7"
2025,STL,CIN,0,0.3983739837398374,"Monday, Sep 15"
2025,STL,CIN,1,0.5695652173913044,"Tuesday, Sep 16"
2025,STL,CIN,0,0.36363636363636365,"Wednesday, Sep 17"
2025,STL,MIL,1,0.36363636363636365,"Friday, Sep 19"
2025,STL,MIL,0,0.4568421052631578,"Saturday, Sep 20"
2025,STL,MIL,1,0.5414507772020726,"Sunday, Sep 21"
2025,TBR,COL,1,0.5695652173913044,"Friday, Mar 28"
2025,TBR,COL,0,0.5414507772020726,"Saturday, Mar 29"
2025,TBR,COL,1,0.36363636363636365,"Sunday, Mar 30"
2025,TBR,PIT,1,0.5414507772020726,"Monday, Mar 31"
2025,TBR,PIT,1,0.4568421052631578,"Tuesday, Apr 1"
2025,TBR,PIT,0,0.7947019867549668,"Wednesday, Apr 2"
2025,TBR,LAA,0,0.5414507772020726,"Tuesday, Apr 8"
2025,TBR,LAA,1,0.5414507772020726,"Wednesday, Apr 9"
2025,TBR,LAA,0,0.5414507772020726,"Thursday, Apr 10"
2025,TBR,ATL,1,0.5414507772020726,"Friday, Apr 11"
2025,TBR,ATL,0,0.5414507772020726,"Saturday, Apr 12"
2025,TBR,ATL,1,0.5414507772020726,"Sunday, Apr 13"
2025,TBR,BOS,1,0.4568421052631578,"Monday, Apr 14"
2025,TBR,BOS,0,0.5414507772020726,"Tuesday, Apr 15"
2025,TBR,BOS,0,0.5414507772020726,"Wednesday, Apr 16"
2025,TBR,NYY,0,0.43661971830985913,"Thursday, Apr 17"
2025,TBR,NYY,0,0.4568421052631578,"Friday, Apr 18"
2025,TBR,NYY,1,0.4568421052631578,"Saturday, Apr 19"
2025,TBR,NYY,0,0.25,"Sunday, Apr 20"
2025,TBR,KCR,0,0.3983739837398374,"Tuesday, Apr 29"
2025,TBR,KCR,0,0.4568421052631578,"Wednesday, Apr 30"
2025,TBR,KCR,0,0.3983739837398374,"Thursday, May 1"
2025,TBR,PHI,0,0.36363636363636365,"Tuesday, May 6"
2025,TBR,PHI,0,0.4568421052631578,"Wednesday, May 7"
2025,TBR,PHI,0,0.3983739837398374,"Thursday, May 8"
2025,TBR,MIL,1,0.5695652173913044,"Friday, May 9"
2025,TBR,MIL,1,0.4568421052631578,"Saturday, May 10"
2025,TBR,MIL,0,0.5414507772020726,"Sunday, May 11"
2025,TBR,HOU,0,0.3709677419354839,"Monday, May 19"
2025,TBR,HOU,1,0.5414507772020726,"Tuesday, May 20"
2025,TBR,HOU,1,0.5414507772020726,"Wednesday, May 21"
2025,TBR,TOR,1,0.4568421052631578,"Friday, May 23"
2025,TBR,TOR,1,0.5414507772020726,"Saturday, May 24"
2025,TBR,TOR,1,0.4568421052631578,"Sunday, May 25"
2025,TBR,MIN,1,0.43661971830985913,"Monday, May 26"
2025,TBR,MIN,0,0.4568421052631578,"Tuesday, May 27"
2025,TBR,MIN,1,0.5414507772020726,"Wednesday, May 28"
2025,TBR,TEX,1,0.4568421052631578,"Tuesday, Jun 3"
2025,TBR,TEX,1,0.5414507772020726,"Wednesday, Jun 4"
2025,TBR,TEX,1,0.5414507772020726,"Thursday, Jun 5"
2025,TBR,MIA,1,0.5695652173913044,"Friday, Jun 6"
2025,TBR,MIA,0,0.3709677419354839,"Saturday, Jun 7"
2025,TBR,MIA,1,0.96875,"Sunday, Jun 8"
2025,TBR,BAL,1,0.43661971830985913,"Monday, Jun 16"
2025,TBR,BAL,0,0.4935064935064935,"Tuesday, Jun 17"
2025,TBR,BAL,1,0.25,"Wednesday, Jun 18"
2025,TBR,BAL,0,0.23076923076923078,"Thursday, Jun 19"
2025,TBR,DET,1,0.4568421052631578,"Friday, Jun 20"
2025,TBR,DET,1,0.5414507772020726,"Saturday, Jun 21"
2025,TBR,DET,0,0.5414507772020726,"Sunday, Jun 22"
2025,TBR,BAL,1,0.6710526315789473,"Friday, Jul 18"
2025,TBR,BAL,1,0.9008264462809917,"Saturday, Jul 19"
2025,TBR,BAL,0,0.5695652173913044,"Sunday, Jul 20"
2025,TBR,CHW,0,0.5414507772020726,"Monday, Jul 21"
2025,TBR,CHW,1,0.668918918918919,"Tuesday, Jul 22"
2025,TBR,CHW,0,0.36363636363636365,"Wednesday, Jul 23"
2025,TBR,LAD,0,0.3983739837398374,"Friday, Aug 1"
2025,TBR,LAD,1,0.5414507772020726,"Saturday, Aug 2"
2025,TBR,LAD,0,0.43661971830985913,"Sunday, Aug 3"
2025,TBR,NYY,0,0.23076923076923078,"Tuesday, Aug 19"
2025,TBR,NYY,0,0.4568421052631578,"Wednesday, Aug 20"
2025,TBR,STL,0,0.5414507772020726,"Thursday, Aug 21"
2025,TBR,STL,1,0.5695652173913044,"Friday, Aug 22"
2025,TBR,STL,1,0.668918918918919,"Sunday, Aug 24"
2025,TBR,SEA,1,0.5695652173913044,"Monday, Sep 1"
2025,TBR,SEA,1,0.4568421052631578,"Tuesday, Sep 2"
2025,TBR,SEA,1,0.4935064935064935,"Wednesday, Sep 3"
2025,TBR,CLE,1,0.6710526315789473,"Thursday, Sep 4"
2025,TBR,CLE,0,0.4568421052631578,"Friday, Sep 5"
2025,TBR,CLE,0,0.4568421052631578,"Saturday, Sep 6"
2025,TBR,CLE,0,0.4568421052631578,"Sunday, Sep 7"
2025,TBR,TOR,0,0.3983739837398374,"Monday, Sep 15"
2025,TBR,TOR,0,0.0625,"Tuesday, Sep 16"
2025,TBR,TOR,1,0.43661971830985913,"Wednesday, Sep 17"
2025,TBR,TOR,1,0.5414507772020726,"Thursday, Sep 18"
2025,TBR,BOS,0,0.36363636363636365,"Friday, Sep 19"
2025,TBR,BOS,0,0.3983739837398374,"Saturday, Sep 20"
2025,TBR,BOS,1,0.5414507772020726,"Sunday, Sep 21"
2025,TEX,BOS,0,0.5695652173913044,"Thursday, Mar 27"
2025,TEX,BOS,1,0.4568421052631578,"Friday, Mar 28"
2025,TEX,BOS,1,0.4568421052631578,"Saturday, Mar 29"
2025,TEX,BOS,1,0.4568421052631578,"Sunday, Mar 30"
2025,TEX,TBR,1,0.4568421052631578,"Friday, Apr 4"
2025,TEX,TBR,1,0.5414507772020726,"Saturday, Apr 5"
2025,TEX,TBR,1,0.4568421052631578,"Sunday, Apr 6"
2025,TEX,LAA,1,0.5414507772020726,"Tuesday, Apr 15"
2025,TEX,LAA,1,0.43661971830985913,"Wednesday, Apr 16"
2025,TEX,LAA,1,0.5414507772020726,"Thursday, Apr 17"
2025,TEX,LAD,0,0.3983739837398374,"Friday, Apr 18"
2025,TEX,LAD,1,0.3983739837398374,"Saturday, Apr 19"
2025,TEX,LAD,0,0.08333333333333333,"Sunday, Apr 20"
2025,TEX,SEA,0,0.0625,"Friday, May 2"
2025,TEX,SEA,0,0.25,"Saturday, May 3"
2025,TEX,SEA,1,0.36363636363636365,"Sunday, May 4"
2025,TEX,COL,1,0.96875,"Monday, May 12"
2025,TEX,COL,1,0.9008264462809917,"Tuesday, May 13"
2025,TEX,COL,1,0.6710526315789473,"Wednesday, May 14"
2025,TEX,HOU,1,0.4568421052631578,"Thursday, May 15"
2025,TEX,HOU,0,0.5414507772020726,"Friday, May 16"
2025,TEX,HOU,1,0.3983739837398374,"Saturday, May 17"
2025,TEX,HOU,0,0.3983739837398374,"Sunday, May 18"
2025,TEX,TOR,0,0.5414507772020726,"Monday, May 26"
2025,TEX,TOR,1,0.5414507772020726,"Tuesday, May 27"
2025,TEX,TOR,0,0.5414507772020726,"Wednesday, May 28"
2025,TEX,STL,1,0.5414507772020726,"Friday, May 30"
2025,TEX,STL,0,0.13333333333333333,"Saturday, May 31"
2025,TEX,STL,1,0.23076923076923078,"Sunday, Jun 1"
2025,TEX,CHW,1,0.5695652173913044,"Friday, Jun 13"
2025,TEX,CHW,1,0.7947019867549668,"Saturday, Jun 14"
2025,TEX,CHW,1,0.4568421052631578,"Sunday, Jun 15"
2025,TEX,KCR,0,0.7947019867549668,"Tuesday, Jun 17"
2025,TEX,KCR,0,0.7947019867549668,"Wednesday, Jun 18"
2025,TEX,KCR,0,0.5414507772020726,"Thursday, Jun 19"
2025,TEX,SEA,0,0.4935064935064935,"Friday, Jun 27"
2025,TEX,SEA,1,0.5414507772020726,"Saturday, Jun 28"
2025,TEX,SEA,0,0.4568421052631578,"Sunday, Jun 29"
2025,TEX,BAL,0,0.5414507772020726,"Monday, Jun 30"
2025,TEX,BAL,1,0.5414507772020726,"Tuesday, Jul 1"
2025,TEX,BAL,1,0.5414507772020726,"Wednesday, Jul 2"
2025,TEX,DET,1,0.5414507772020726,"Friday, Jul 18"
2025,TEX,DET,1,0.7947019867549668,"Saturday, Jul 19"
2025,TEX,DET,0,0.5695652173913044,"Sunday, Jul 20"
2025,TEX,ATL,1,0.9655172413793104,"Friday, Jul 25"
2025,TEX,ATL,1,0.668918918918919,"Saturday, Jul 26"
2025,TEX,ATL,1,0.668918918918919,"Sunday, Jul 27"
2025,TEX,NYY,1,0.7947019867549668,"Monday, Aug 4"
2025,TEX,NYY,1,0.7947019867549668,"Tuesday, Aug 5"
2025,TEX,NYY,0,0.5695652173913044,"Wednesday, Aug 6"
2025,TEX,PHI,0,0.3983739837398374,"Friday, Aug 8"
2025,TEX,PHI,0,0.4568421052631578,"Saturday, Aug 9"
2025,TEX,PHI,0,0.23076923076923078,"Sunday, Aug 10"
2025,TEX,ARI,1,0.5414507772020726,"Monday, Aug 11"
2025,TEX,ARI,0,0.4568421052631578,"Tuesday, Aug 12"
2025,TEX,ARI,0,0.5414507772020726,"Wednesday, Aug 13"
2025,TEX,CLE,1,0.5414507772020726,"Friday, Aug 22"
2025,TEX,CLE,1,0.668918918918919,"Saturday, Aug 23"
2025,TEX,CLE,1,0.6710526315789473,"Sunday, Aug 24"
2025,TEX,LAA,0,0.43661971830985913,"Monday, Aug 25"
2025,TEX,LAA,1,0.43661971830985913,"Tuesday, Aug 26"
2025,TEX,LAA,1,0.9008264462809917,"Wednesday, Aug 27"
2025,TEX,HOU,1,0.5414507772020726,"Friday, Sep 5"
2025,TEX,HOU,0,0.4568421052631578,"Saturday, Sep 6"
2025,TEX,HOU,1,0.5414507772020726,"Sunday, Sep 7"
2025,TEX,MIL,1,0.43661971830985913,"Monday, Sep 8"
2025,TEX,MIL,1,0.5414507772020726,"Tuesday, Sep 9"
2025,TEX,MIL,1,0.5414507772020726,"Wednesday, Sep 10"
2025,TEX,MIA,0,0.5414507772020726,"Friday, Sep 19"
2025,TEX,MIA,0,0.4568421052631578,"Saturday, Sep 20"
2025,TEX,MIA,0,0.4935064935064935,"Sunday, Sep 21"
2025,TEX,MIN,0,0.7947019867549668,"Tuesday, Sep 23"
2025,TEX,MIN,1,0.668918918918919,"Wednesday, Sep 24"
2025,TEX,MIN,0,0.3983739837398374,"Thursday, Sep 25"
2025,TOR,BAL,0,0.5414507772020726,"Thursday, Mar 27"
2025,TOR,BAL,1,0.3709677419354839,"Friday, Mar 28"
2025,TOR,BAL,0,0.3983739837398374,"Saturday, Mar 29"
2025,TOR,BAL,1,0.3983739837398374,"Sunday, Mar 30"
2025,TOR,WSN,1,0.5414507772020726,"Monday, Mar 31"
2025,TOR,WSN,1,0.5414507772020726,"Tuesday, Apr 1"
2025,TOR,WSN,1,0.5695652173913044,"Wednesday, Apr 2"
2025,TOR,ATL,0,0.4568421052631578,"Monday, Apr 14"
2025,TOR,ATL,1,0.5414507772020726,"Tuesday, Apr 15"
2025,TOR,ATL,1,0.4568421052631578,"Wednesday, Apr 16"
2025,TOR,SEA,1,0.43661971830985913,"Friday, Apr 18"
2025,TOR,SEA,0,0.5414507772020726,"Saturday, Apr 19"
2025,TOR,SEA,0,0.4568421052631578,"Sunday, Apr 20"
2025,TOR,BOS,0,0.4568421052631578,"Tuesday, Apr 29"
2025,TOR,BOS,1,0.5414507772020726,"Wednesday, Apr 30"
2025,TOR,BOS,1,0.5414507772020726,"Thursday, May 1"
2025,TOR,CLE,1,0.5414507772020726,"Friday, May 2"
2025,TOR,CLE,0,0.5414507772020726,"Saturday, May 3"
2025,TOR,CLE,0,0.23076923076923078,"Sunday, May 4"
2025,TOR,TBR,0,0.5414507772020726,"Tuesday, May 13"
2025,TOR,TBR,1,0.5414507772020726,"Wednesday, May 14"
2025,TOR,TBR,0,0.4568421052631578,"Thursday, May 15"
2025,TOR,DET,0,0.13333333333333333,"Friday, May 16"
2025,TOR,DET,1,0.5414507772020726,"Saturday, May 17"
2025,TOR,DET,0,0.4568421052631578,"Sunday, May 18"
2025,TOR,SDP,1,0.5695652173913044,"Tuesday, May 20"
2025,TOR,SDP,1,0.5414507772020726,"Wednesday, May 21"
2025,TOR,SDP,1,0.668918918918919,"Thursday, May 22"
2025,TOR,PHI,0,0.3983739837398374,"Tuesday, Jun 3"
2025,TOR,PHI,1,0.4568421052631578,"Wednesday, Jun 4"
2025,TOR,PHI,1,0.5414507772020726,"Thursday, Jun 5"
2025,TOR,ARI,1,0.4568421052631578,"Tuesday, Jun 17"
2025,TOR,ARI,1,0.5414507772020726,"Wednesday, Jun 18"
2025,TOR,ARI,0,0.5414507772020726,"Thursday, Jun 19"
2025,TOR,CHW,0,0.3709677419354839,"Friday, Jun 20"
2025,TOR,CHW,1,0.9008264462809917,"Saturday, Jun 21"
2025,TOR,CHW,0,0.4568421052631578,"Sunday, Jun 22"
2025,TOR,NYY,1,0.3983739837398374,"Monday, Jun 30"
2025,TOR,NYY,1,0.3983739837398374,"Tuesday, Jul 1"
2025,TOR,NYY,1,0.4568421052631578,"Wednesday, Jul 2"
2025,TOR,NYY,1,0.5414507772020726,"Thursday, Jul 3"
2025,TOR,LAA,1,0.4935064935064935,"Friday, Jul 4"
2025,TOR,LAA,1,0.5414507772020726,"Saturday, Jul 5"
2025,TOR,LAA,1,0.9008264462809917,"Sunday, Jul 6"
2025,TOR,SFG,1,0.5695652173913044,"Friday, Jul 18"
2025,TOR,SFG,1,0.5414507772020726,"Saturday, Jul 19"
2025,TOR,SFG,1,0.5414507772020726,"Sunday, Jul 20"
2025,TOR,NYY,1,0.4568421052631578,"Monday, Jul 21"
2025,TOR,NYY,0,0.4568421052631578,"Tuesday, Jul 22"
2025,TOR,NYY,1,0.4568421052631578,"Wednesday, Jul 23"
2025,TOR,KCR,0,0.43661971830985913,"Friday, Aug 1"
2025,TOR,KCR,1,0.4568421052631578,"Saturday, Aug 2"
2025,TOR,KCR,0,0.5414507772020726,"Sunday, Aug 3"
2025,TOR,CHC,1,0.4568421052631578,"Tuesday, Aug 12"
2025,TOR,CHC,0,0.5414507772020726,"Wednesday, Aug 13"
2025,TOR,CHC,1,0.5414507772020726,"Thursday, Aug 14"
2025,TOR,TEX,1,0.5414507772020726,"Friday, Aug 15"
2025,TOR,TEX,1,0.7947019867549668,"Saturday, Aug 16"
2025,TOR,TEX,0,0.6710526315789473,"Sunday, Aug 17"
2025,TOR,MIN,1,0.3709677419354839,"Monday, Aug 25"
2025,TOR,MIN,0,0.4568421052631578,"Tuesday, Aug 26"
2025,TOR,MIN,1,0.4568421052631578,"Wednesday, Aug 27"
2025,TOR,MIL,0,0.3983739837398374,"Friday, Aug 29"
2025,TOR,MIL,0,0.5414507772020726,"Saturday, Aug 30"
2025,TOR,MIL,1,0.5414507772020726,"Sunday, Aug 31"
2025,TOR,HOU,1,0.4568421052631578,"Tuesday, Sep 9"
2025,TOR,HOU,0,0.5414507772020726,"Wednesday, Sep 10"
2025,TOR,HOU,1,0.5414507772020726,"Thursday, Sep 11"
2025,TOR,BAL,1,0.5414507772020726,"Friday, Sep 12"
2025,TOR,BAL,1,0.7947019867549668,"Saturday, Sep 13"
2025,TOR,BAL,1,0.5414507772020726,"Sunday, Sep 14"
2025,TOR,BOS,0,0.5414507772020726,"Tuesday, Sep 23"
2025,TOR,BOS,0,0.5414507772020726,"Wednesday, Sep 24"
2025,TOR,BOS,1,0.5414507772020726,"Thursday, Sep 25"
2025,TOR,TBR,1,0.5695652173913044,"Friday, Sep 26"
2025,TOR,TBR,1,0.6710526315789473,"Saturday, Sep 27"
2025,TOR,TBR,1,0.668918918918919,"Sunday, Sep 28"
2025,WSN,PHI,0,0.5695652173913044,"Thursday, Mar 27"
2025,WSN,PHI,0,0.5414507772020726,"Saturday, Mar 29"
2025,WSN,PHI,1,0.5414507772020726,"Sunday, Mar 30"
2025,WSN,ARI,0,0.5414507772020726,"Friday, Apr 4"
2025,WSN,ARI,1,0.4568421052631578,"Saturday, Apr 5"
2025,WSN,ARI,1,0.5695652173913044,"Sunday, Apr 6"
2025,WSN,LAD,1,0.5414507772020726,"Monday, Apr 7"
2025,WSN,LAD,1,0.4568421052631578,"Tuesday, Apr 8"
2025,WSN,LAD,0,0.36363636363636365,"Wednesday, Apr 9"
2025,WSN,BAL,1,0.6710526315789473,"Tuesday, Apr 22"
2025,WSN,BAL,1,0.5414507772020726,"Wednesday, Apr 23"
2025,WSN,BAL,0,0.5414507772020726,"Thursday, Apr 24"
2025,WSN,NYM,1,0.23076923076923078,"Friday, Apr 25"
2025,WSN,NYM,0,0.08333333333333333,"Saturday, Apr 26"
2025,WSN,NYM,1,0.14285714285714285,"Sunday, Apr 27"
2025,WSN,NYM,0,0.43661971830985913,"Monday, Apr 28"
2025,WSN,CLE,1,0.3709677419354839,"Tuesday, May 6 (1)"
2025,WSN,CLE,0,0.4568421052631578,"Tuesday, May 6 (2)"
2025,WSN,CLE,0,0.3983739837398374,"Wednesday, May 7"
2025,WSN,STL,0,0.3983739837398374,"Friday, May 9"
2025,WSN,STL,0,0.3709677419354839,"Saturday, May 10"
2025,WSN,STL,0,0.4568421052631578,"Sunday, May 11"
2025,WSN,ATL,1,0.5695652173913044,"Tuesday, May 20"
2025,WSN,ATL,1,0.6710526315789473,"Thursday, May 22"
2025,WSN,SFG,0,0.3983739837398374,"Friday, May 23"
2025,WSN,SFG,1,0.4568421052631578,"Saturday, May 24"
2025,WSN,SFG,0,0.0625,"Sunday, May 25"
2025,WSN,CHC,0,0.36363636363636365,"Tuesday, Jun 3"
2025,WSN,CHC,1,0.5414507772020726,"Wednesday, Jun 4"
2025,WSN,CHC,0,0.14285714285714285,"Thursday, Jun 5"
2025,WSN,TEX,1,0.5414507772020726,"Friday, Jun 6"
2025,WSN,TEX,0,0.5414507772020726,"Saturday, Jun 7"
2025,WSN,TEX,0,0.4568421052631578,"Sunday, Jun 8"
2025,WSN,MIA,0,0.6710526315789473,"Friday, Jun 13"
2025,WSN,MIA,0,0.5414507772020726,"Saturday, Jun 14"
2025,WSN,MIA,0,0.5414507772020726,"Sunday, Jun 15"
2025,WSN,COL,0,0.7947019867549668,"Monday, Jun 16"
2025,WSN,COL,0,0.36363636363636365,"Tuesday, Jun 17"
2025,WSN,COL,0,0.5414507772020726,"Wednesday, Jun 18"
2025,WSN,COL,1,0.5414507772020726,"Thursday, Jun 19"
2025,WSN,DET,0,0.3709677419354839,"Wednesday, Jul 2 (1)"
2025,WSN,DET,1,0.5414507772020726,"Wednesday, Jul 2 (2)"
2025,WSN,DET,1,0.4568421052631578,"Thursday, Jul 3"
2025,WSN,BOS,0,0.23076923076923078,"Friday, Jul 4"
2025,WSN,BOS,0,0.36363636363636365,"Saturday, Jul 5"
2025,WSN,BOS,0,0.0625,"Sunday, Jul 6"
2025,WSN,SDP,0,0.01,"Friday, Jul 18"
2025,WSN,SDP,1,0.5414507772020726,"Saturday, Jul 19"
2025,WSN,SDP,0,0.08333333333333333,"Sunday, Jul 20"
2025,WSN,CIN,1,0.3983739837398374,"Monday, Jul 21"
2025,WSN,CIN,1,0.3983739837398374,"Tuesday, Jul 22"
2025,WSN,CIN,0,0.13333333333333333,"Wednesday, Jul 23"
2025,WSN,MIL,0,0.01,"Friday, Aug 1"
2025,WSN,MIL,0,0.0625,"Saturday, Aug 2"
2025,WSN,MIL,0,0.14285714285714285,"Sunday, Aug 3"
2025,WSN,PHI,1,0.9008264462809917,"Thursday, Aug 14"
2025,WSN,PHI,0,0.3709677419354839,"Friday, Aug 15"
2025,WSN,PHI,1,0.5414507772020726,"Saturday, Aug 16"
2025,WSN,PHI,0,0.3983739837398374,"Sunday, Aug 17"
2025,WSN,NYM,0,0.13333333333333333,"Tuesday, Aug 19"
2025,WSN,NYM,1,0.6710526315789473,"Wednesday, Aug 20"
2025,WSN,NYM,1,0.6710526315789473,"Thursday, Aug 21"
2025,WSN,TBR,0,0.3709677419354839,"Friday, Aug 29"
2025,WSN,TBR,0,0.36363636363636365,"Saturday, Aug 30"
2025,WSN,TBR,0,0.43661971830985913,"Sunday, Aug 31"
2025,WSN,MIA,1,0.6710526315789473,"Monday, Sep 1"
2025,WSN,MIA,1,0.4568421052631578,"Tuesday, Sep 2"
2025,WSN,MIA,1,0.5414507772020726,"Wednesday, Sep 3"
2025,WSN,PIT,1,0.5695652173913044,"Friday, Sep 12"
2025,WSN,PIT,0,0.5414507772020726,"Saturday, Sep 13"
2025,WSN,PIT,1,0.5414507772020726,"Sunday, Sep 14"
2025,WSN,ATL,0,0.4568421052631578,"Monday, Sep 15"
2025,WSN,ATL,0,0.3709677419354839,"Tuesday, Sep 16 (1)"
2025,WSN,ATL,0,0.4568421052631578,"Tuesday, Sep 16 (2)"
2025,WSN,ATL,0,0.3983739837398374,"Wednesday, Sep 17"
2025,WSN,CHW,0,0.6710526315789473,"Friday, Sep 26"
2025,WSN,CHW,1,0.5414507772020726,"Saturday, Sep 27"
2025,WSN,CHW,0,0.4935064935064935,"Sunday, Sep 28"
