date,home_team,away_team,home_score,away_score,home_won
2021-10-15,Golden State Warriors,Oklahoma City Thunder,111,105,True
2021-10-15,Washington Wizards,Denver Nuggets,104,113,False
2021-10-15,LA Clippers,San Antonio Spurs,106,105,True
2021-10-15,Sacramento Kings,Oklahoma City Thunder,106,115,False
2021-10-15,Milwaukee Bucks,Washington Wizards,109,102,True
2021-10-15,Toronto Raptors,Sacramento Kings,109,136,False
2021-10-15,Brooklyn Nets,Milwaukee Bucks,110,121,False
2021-10-15,Miami Heat,Cleveland Cavaliers,113,112,True
2021-10-16,Sacramento Kings,Chicago Bulls,108,100,True
2021-10-16,Brooklyn Nets,Cleveland Cavaliers,125,105,True
2021-10-16,Indiana Pacers,Atlanta Hawks,111,125,False
2021-10-16,Washington Wizards,Indiana Pacers,121,109,True
2021-10-16,Indiana Pacers,Toronto Raptors,123,141,False
2021-10-16,Golden State Warriors,Dallas Mavericks,119,112,True
2021-10-16,Washington Wizards,Dallas Mavericks,131,139,False
2021-10-16,Memphis Grizzlies,Toronto Raptors,119,109,True
2021-10-16,Charlotte Hornets,Boston Celtics,112,120,False
2021-10-16,Phoenix Suns,Sacramento Kings,123,114,True
2021-10-16,New York Knicks,Houston Rockets,116,109,True
2021-10-16,Utah Jazz,Houston Rockets,138,91,True
2021-10-16,Houston Rockets,Cleveland Cavaliers,107,118,False
2021-10-16,Detroit Pistons,New Orleans Pelicans,122,117,True
2021-10-17,Oklahoma City Thunder,LA Lakers,135,99,True
2021-10-17,LA Clippers,Washington Wizards,104,118,False
2021-10-17,Detroit Pistons,Miami Heat,112,119,False
2021-10-17,Minnesota Timberwolves,Brooklyn Nets,120,91,True
2021-10-17,New York Knicks,Phoenix Suns,99,108,False
2021-10-17,Orlando Magic,Washington Wizards,103,96,True
2021-10-17,Memphis Grizzlies,Houston Rockets,124,101,True
2021-10-17,Memphis Grizzlies,Phoenix Suns,115,87,True
2021-10-17,Boston Celtics,New York Knicks,122,97,True
2021-10-17,Charlotte Hornets,LA Lakers,100,94,True
2021-10-18,Sacramento Kings,Brooklyn Nets,124,85,True
2021-10-18,Milwaukee Bucks,New Orleans Pelicans,110,109,True
2021-10-18,San Antonio Spurs,Milwaukee Bucks,118,124,False
2021-10-18,Phoenix Suns,Golden State Warriors,96,117,False
2021-10-18,Toronto Raptors,LA Clippers,99,98,True
2021-10-18,Denver Nuggets,Chicago Bulls,120,96,True
2021-10-18,Detroit Pistons,Milwaukee Bucks,117,118,False
2021-10-18,Phoenix Suns,San Antonio Spurs,113,110,True
2021-10-18,Denver Nuggets,Oklahoma City Thunder,106,131,False
2021-10-18,New Orleans Pelicans,Denver Nuggets,88,111,False
2021-10-18,San Antonio Spurs,Minnesota Timberwolves,108,115,False
2021-10-18,San Antonio Spurs,LA Lakers,107,115,False
2021-10-19,Milwaukee Bucks,LA Lakers,134,127,True
2021-10-19,New York Knicks,Dallas Mavericks,85,103,False
2021-10-19,San Antonio Spurs,Milwaukee Bucks,108,132,False
2021-10-19,LA Clippers,Houston Rockets,116,117,False
2021-10-19,Phoenix Suns,Oklahoma City Thunder,116,114,True
2021-10-20,Brooklyn Nets,New York Knicks,114,116,False
2021-10-20,Charlotte Hornets,Cleveland Cavaliers,121,108,True
2021-10-20,Utah Jazz,Denver Nuggets,112,111,True
2021-10-20,Portland Trail Blazers,Houston Rockets,119,115,True
2021-10-20,Milwaukee Bucks,Indiana Pacers,125,88,True
2021-10-20,Washington Wizards,Charlotte Hornets,123,124,False
2021-10-20,Cleveland Cavaliers,Brooklyn Nets,105,125,False
2021-10-20,Miami Heat,Detroit Pistons,117,85,True
2021-10-20,Miami Heat,Atlanta Hawks,114,97,True
2021-10-20,Boston Celtics,Denver Nuggets,99,122,False
2021-10-20,New York Knicks,San Antonio Spurs,122,121,True
2021-10-20,Atlanta Hawks,Brooklyn Nets,124,106,True
2021-10-21,Minnesota Timberwolves,Milwaukee Bucks,112,99,True
2021-10-21,Memphis Grizzlies,Minnesota Timberwolves,131,93,True
2021-10-21,San Antonio Spurs,Chicago Bulls,125,104,True
2021-10-21,LA Lakers,LA Clippers,124,109,True
2021-10-21,New York Knicks,New Orleans Pelicans,101,94,True
2021-10-21,Charlotte Hornets,Phoenix Suns,111,112,False
2021-10-21,Brooklyn Nets,LA Lakers,118,114,True
2021-10-21,New Orleans Pelicans,Houston Rockets,107,90,True
2021-10-21,Philadelphia 76ers,Memphis Grizzlies,129,108,True
2021-10-21,Cleveland Cavaliers,Chicago Bulls,118,102,True
2021-10-22,Memphis Grizzlies,Denver Nuggets,117,123,False
2021-10-22,Portland Trail Blazers,New Orleans Pelicans,122,116,True
2021-10-22,Houston Rockets,San Antonio Spurs,107,112,False
2021-10-22,Utah Jazz,New Orleans Pelicans,100,129,False
2021-10-22,Houston Rockets,Indiana Pacers,107,96,True
2021-10-22,Boston Celtics,Chicago Bulls,105,102,True
2021-10-22,Denver Nuggets,Sacramento Kings,143,103,True
2021-10-23,Indiana Pacers,Detroit Pistons,115,121,False
2021-10-23,Washington Wizards,Utah Jazz,121,107,True
2021-10-23,Atlanta Hawks,Toronto Raptors,104,111,False
2021-10-23,Boston Celtics,New York Knicks,113,114,False
2021-10-23,Toronto Raptors,Detroit Pistons,118,109,True
2021-10-23,San Antonio Spurs,New Orleans Pelicans,103,101,True
2021-10-23,Indiana Pacers,Utah Jazz,114,117,False
2021-10-23,Orlando Magic,Detroit Pistons,107,118,False
2021-10-23,Charlotte Hornets,Phoenix Suns,120,99,True
2021-10-24,Brooklyn Nets,Boston Celtics,90,103,False
2021-10-24,Orlando Magic,Minnesota Timberwolves,120,101,True
2021-10-24,LA Clippers,San Antonio Spurs,122,100,True
2021-10-24,Toronto Raptors,Oklahoma City Thunder,104,127,False
2021-10-24,Indiana Pacers,Chicago Bulls,110,100,True
2021-10-24,Cleveland Cavaliers,Detroit Pistons,115,92,True
2021-10-24,LA Lakers,Houston Rockets,122,105,True
2021-10-24,Milwaukee Bucks,Phoenix Suns,94,92,True
2021-10-24,New York Knicks,Chicago Bulls,112,97,True
2021-10-24,Philadelphia 76ers,Minnesota Timberwolves,118,111,True
2021-10-24,Cleveland Cavaliers,Charlotte Hornets,103,116,False
2021-10-24,Dallas Mavericks,Denver Nuggets,119,99,True
2021-10-24,Sacramento Kings,Chicago Bulls,121,116,True
2021-10-25,Portland Trail Blazers,Oklahoma City Thunder,104,107,False
2021-10-25,Charlotte Hornets,San Antonio Spurs,100,123,False
2021-10-25,Philadelphia 76ers,Toronto Raptors,103,100,True
2021-10-25,Charlotte Hornets,San Antonio Spurs,107,94,True
2021-10-25,New York Knicks,Washington Wizards,120,101,True
2021-10-25,Toronto Raptors,Denver Nuggets,98,126,False
2021-10-26,New Orleans Pelicans,Toronto Raptors,110,119,False
2021-10-26,Sacramento Kings,Chicago Bulls,110,111,False
2021-10-26,Phoenix Suns,Philadelphia 76ers,121,104,True
2021-10-26,Oklahoma City Thunder,New York Knicks,111,101,True
2021-10-26,Denver Nuggets,Dallas Mavericks,131,89,True
2021-10-26,Charlotte Hornets,Oklahoma City Thunder,117,112,True
2021-10-26,Sacramento Kings,Portland Trail Blazers,115,114,True
2021-10-26,Oklahoma City Thunder,Golden State Warriors,121,113,True
2021-10-26,LA Lakers,Cleveland Cavaliers,128,108,True
2021-10-26,Boston Celtics,Philadelphia 76ers,115,103,True
2021-10-26,Indiana Pacers,Phoenix Suns,110,128,False
2021-10-26,Houston Rockets,Cleveland Cavaliers,97,128,False
2021-10-26,LA Lakers,Detroit Pistons,118,104,True
2021-10-27,Miami Heat,Denver Nuggets,87,121,False
2021-10-27,Denver Nuggets,Oklahoma City Thunder,121,108,True
2021-10-27,Charlotte Hornets,Brooklyn Nets,93,122,False
2021-10-27,San Antonio Spurs,LA Lakers,107,104,True
2021-10-27,Washington Wizards,Minnesota Timberwolves,106,118,False
2021-10-27,Phoenix Suns,Minnesota Timberwolves,106,119,False
2021-10-27,Miami Heat,New Orleans Pelicans,102,100,True
2021-10-27,Sacramento Kings,New Orleans Pelicans,136,107,True
2021-10-27,Golden State Warriors,Minnesota Timberwolves,90,109,False
2021-10-27,Denver Nuggets,Washington Wizards,110,99,True
2021-10-27,Phoenix Suns,LA Lakers,116,112,True
2021-10-27,Philadelphia 76ers,New York Knicks,108,102,True
2021-10-28,Utah Jazz,LA Lakers,89,114,False
2021-10-28,Atlanta Hawks,LA Clippers,116,125,False
2021-10-28,Charlotte Hornets,Toronto Raptors,90,107,False
2021-10-28,New York Knicks,Chicago Bulls,102,111,False
2021-10-28,San Antonio Spurs,Atlanta Hawks,95,105,False
2021-10-28,Orlando Magic,Milwaukee Bucks,87,128,False
2021-10-28,Charlotte Hornets,Portland Trail Blazers,120,113,True
2021-10-28,LA Clippers,Charlotte Hornets,119,112,True
2021-10-28,Miami Heat,Utah Jazz,121,120,True
2021-10-29,New Orleans Pelicans,New York Knicks,114,94,True
2021-10-29,Houston Rockets,Memphis Grizzlies,124,115,True
2021-10-29,Houston Rockets,Oklahoma City Thunder,132,100,True
2021-10-29,Atlanta Hawks,Cleveland Cavaliers,103,104,False
2021-10-29,Indiana Pacers,Milwaukee Bucks,106,95,True
2021-10-29,Philadelphia 76ers,Boston Celtics,109,108,True
2021-10-29,Indiana Pacers,Orlando Magic,111,114,False
2021-10-29,Indiana Pacers,Sacramento Kings,121,104,True
2021-10-30,Utah Jazz,San Antonio Spurs,119,106,True
2021-10-30,Phoenix Suns,Orlando Magic,107,98,True
2021-10-30,Denver Nuggets,LA Lakers,121,107,True
2021-10-30,Utah Jazz,Golden State Warriors,120,104,True
2021-10-30,Dallas Mavericks,LA Clippers,100,109,False
2021-10-30,Washington Wizards,Phoenix Suns,120,119,True
2021-10-30,Memphis Grizzlies,Washington Wizards,103,110,False
2021-10-30,Minnesota Timberwolves,Detroit Pistons,116,85,True
2021-10-30,Orlando Magic,New Orleans Pelicans,99,125,False
2021-10-30,Dallas Mavericks,Detroit Pistons,110,96,True
2021-10-31,LA Clippers,Boston Celtics,110,107,True
2021-10-31,Detroit Pistons,Chicago Bulls,96,106,False
2021-10-31,LA Lakers,Chicago Bulls,133,130,True
2021-10-31,LA Clippers,LA Lakers,124,95,True
2021-10-31,Miami Heat,Indiana Pacers,132,131,True
2021-10-31,Portland Trail Blazers,Houston Rockets,103,111,False
2021-11-01,Atlanta Hawks,Houston Rockets,111,109,True
2021-11-01,Memphis Grizzlies,LA Lakers,116,141,False
2021-11-01,Indiana Pacers,New York Knicks,130,108,True
2021-11-01,Detroit Pistons,Boston Celtics,123,126,False
2021-11-01,Dallas Mavericks,Boston Celtics,92,107,False
2021-11-01,Charlotte Hornets,Oklahoma City Thunder,98,103,False
2021-11-01,Phoenix Suns,Houston Rockets,108,90,True
2021-11-01,Portland Trail Blazers,Denver Nuggets,135,100,True
2021-11-01,Dallas Mavericks,Philadelphia 76ers,120,115,True
2021-11-01,Washington Wizards,Toronto Raptors,118,108,True
2021-11-01,Detroit Pistons,Phoenix Suns,95,97,False
2021-11-01,Washington Wizards,Memphis Grizzlies,125,124,True
2021-11-01,New York Knicks,San Antonio Spurs,105,118,False
2021-11-02,New York Knicks,Minnesota Timberwolves,112,115,False
2021-11-02,Miami Heat,Toronto Raptors,128,116,True
2021-11-02,Minnesota Timberwolves,Detroit Pistons,139,104,True
2021-11-02,Utah Jazz,New York Knicks,112,131,False
2021-11-02,LA Lakers,Portland Trail Blazers,105,101,True
2021-11-02,Indiana Pacers,Sacramento Kings,111,105,True
2021-11-02,Toronto Raptors,Indiana Pacers,118,111,True
2021-11-02,Atlanta Hawks,Charlotte Hornets,122,113,True
2021-11-02,LA Lakers,New Orleans Pelicans,96,117,False
2021-11-02,Brooklyn Nets,Portland Trail Blazers,104,101,True
2021-11-02,Detroit Pistons,LA Lakers,88,124,False
2021-11-03,New York Knicks,Orlando Magic,121,99,True
2021-11-03,Indiana Pacers,Orlando Magic,96,120,False
2021-11-03,Miami Heat,Chicago Bulls,119,115,True
2021-11-03,New York Knicks,Philadelphia 76ers,106,102,True
2021-11-03,Dallas Mavericks,Brooklyn Nets,122,118,True
2021-11-03,Portland Trail Blazers,New York Knicks,128,123,True
2021-11-03,LA Clippers,Portland Trail Blazers,116,109,True
2021-11-03,Memphis Grizzlies,Toronto Raptors,122,128,False
2021-11-03,Denver Nuggets,Cleveland Cavaliers,105,100,True
2021-11-03,Phoenix Suns,Charlotte Hornets,119,105,True
2021-11-03,Milwaukee Bucks,LA Lakers,137,133,True
2021-11-04,Oklahoma City Thunder,Chicago Bulls,86,111,False
2021-11-04,Indiana Pacers,LA Clippers,116,102,True
2021-11-04,New Orleans Pelicans,Golden State Warriors,114,125,False
2021-11-04,Utah Jazz,Orlando Magic,97,106,False
2021-11-04,Phoenix Suns,Orlando Magic,108,103,True
2021-11-04,Boston Celtics,Denver Nuggets,121,112,True
2021-11-04,Golden State Warriors,Houston Rockets,120,116,True
2021-11-04,New Orleans Pelicans,San Antonio Spurs,116,105,True
2021-11-04,Orlando Magic,Boston Celtics,108,127,False
2021-11-04,Indiana Pacers,LA Lakers,115,120,False
2021-11-04,Houston Rockets,Orlando Magic,119,110,True
2021-11-04,Sacramento Kings,Phoenix Suns,111,118,False
2021-11-04,Sacramento Kings,Philadelphia 76ers,91,116,False
2021-11-05,Utah Jazz,Toronto Raptors,108,92,True
2021-11-05,Houston Rockets,Philadelphia 76ers,92,117,False
2021-11-05,Minnesota Timberwolves,Denver Nuggets,110,103,True
2021-11-05,Sacramento Kings,Dallas Mavericks,98,131,False
2021-11-05,Houston Rockets,Milwaukee Bucks,110,103,True
2021-11-05,LA Lakers,Philadelphia 76ers,99,103,False
2021-11-05,Portland Trail Blazers,Denver Nuggets,102,114,False
2021-11-05,Brooklyn Nets,Portland Trail Blazers,98,115,False
2021-11-05,Houston Rockets,Brooklyn Nets,101,116,False
2021-11-05,New York Knicks,Memphis Grizzlies,116,121,False
2021-11-05,Boston Celtics,Portland Trail Blazers,120,117,True
2021-11-06,Phoenix Suns,Milwaukee Bucks,104,118,False
2021-11-06,Houston Rockets,San Antonio Spurs,123,115,True
2021-11-06,Milwaukee Bucks,Houston Rockets,128,109,True
2021-11-06,Dallas Mavericks,New York Knicks,109,107,True
2021-11-06,Brooklyn Nets,San Antonio Spurs,95,124,False
2021-11-06,Oklahoma City Thunder,Orlando Magic,120,114,True
2021-11-06,Orlando Magic,Houston Rockets,119,104,True
2021-11-06,Memphis Grizzlies,Philadelphia 76ers,136,132,True
2021-11-06,Boston Celtics,Houston Rockets,124,105,True
2021-11-06,Boston Celtics,Portland Trail Blazers,120,104,True
2021-11-07,Chicago Bulls,New York Knicks,117,121,False
2021-11-07,Philadelphia 76ers,New York Knicks,128,111,True
2021-11-07,Indiana Pacers,Dallas Mavericks,123,97,True
2021-11-07,Miami Heat,Atlanta Hawks,118,109,True
2021-11-07,Oklahoma City Thunder,Indiana Pacers,111,89,True
2021-11-07,San Antonio Spurs,Portland Trail Blazers,88,107,False
2021-11-07,New York Knicks,Phoenix Suns,121,126,False
2021-11-08,Sacramento Kings,LA Lakers,113,95,True
2021-11-08,San Antonio Spurs,New York Knicks,128,111,True
2021-11-08,Houston Rockets,Utah Jazz,114,106,True
2021-11-08,Portland Trail Blazers,New York Knicks,105,103,True
2021-11-08,Oklahoma City Thunder,Indiana Pacers,107,98,True
2021-11-08,New Orleans Pelicans,LA Lakers,111,105,True
2021-11-08,Charlotte Hornets,Milwaukee Bucks,120,95,True
2021-11-08,Toronto Raptors,Sacramento Kings,90,108,False
2021-11-09,Utah Jazz,Dallas Mavericks,106,126,False
2021-11-09,New Orleans Pelicans,Utah Jazz,113,90,True
2021-11-09,Charlotte Hornets,Oklahoma City Thunder,102,107,False
2021-11-09,San Antonio Spurs,Portland Trail Blazers,97,114,False
2021-11-09,Sacramento Kings,Atlanta Hawks,110,122,False
2021-11-10,Detroit Pistons,New York Knicks,117,90,True
2021-11-10,San Antonio Spurs,Detroit Pistons,111,101,True
2021-11-10,Cleveland Cavaliers,Charlotte Hornets,128,98,True
2021-11-10,Portland Trail Blazers,Minnesota Timberwolves,122,114,True
2021-11-10,Brooklyn Nets,Denver Nuggets,102,114,False
2021-11-10,New Orleans Pelicans,Dallas Mavericks,106,104,True
2021-11-10,LA Clippers,Golden State Warriors,120,115,True
2021-11-11,Toronto Raptors,Detroit Pistons,112,100,True
2021-11-11,Detroit Pistons,Dallas Mavericks,120,121,False
2021-11-11,Sacramento Kings,Memphis Grizzlies,119,98,True
2021-11-11,Milwaukee Bucks,Denver Nuggets,110,119,False
2021-11-11,San Antonio Spurs,LA Clippers,108,133,False
2021-11-11,Oklahoma City Thunder,Chicago Bulls,102,96,True
2021-11-11,Golden State Warriors,Indiana Pacers,116,100,True
2021-11-11,New Orleans Pelicans,Chicago Bulls,93,120,False
2021-11-11,Houston Rockets,New York Knicks,115,111,True
2021-11-11,Memphis Grizzlies,Boston Celtics,109,111,False
2021-11-11,Washington Wizards,Chicago Bulls,105,115,False
2021-11-11,Denver Nuggets,Boston Celtics,119,105,True
2021-11-11,Golden State Warriors,New York Knicks,106,107,False
2021-11-11,Houston Rockets,Milwaukee Bucks,105,120,False
2021-11-12,Dallas Mavericks,Utah Jazz,109,102,True
2021-11-12,LA Lakers,Cleveland Cavaliers,99,98,True
2021-11-12,Sacramento Kings,Golden State Warriors,97,118,False
2021-11-12,LA Lakers,Washington Wizards,121,100,True
2021-11-12,Chicago Bulls,Toronto Raptors,102,106,False
2021-11-12,Sacramento Kings,Washington Wizards,122,88,True
2021-11-12,Charlotte Hornets,Brooklyn Nets,102,106,False
2021-11-13,Atlanta Hawks,Orlando Magic,119,124,False
2021-11-13,Chicago Bulls,Detroit Pistons,118,101,True
2021-11-13,Charlotte Hornets,Miami Heat,115,119,False
2021-11-13,Orlando Magic,Charlotte Hornets,88,118,False
2021-11-13,Toronto Raptors,LA Clippers,123,104,True
2021-11-13,Boston Celtics,New York Knicks,103,92,True
2021-11-13,Detroit Pistons,Phoenix Suns,108,120,False
2021-11-13,Detroit Pistons,Cleveland Cavaliers,113,99,True
2021-11-14,Toronto Raptors,Milwaukee Bucks,128,119,True
2021-11-14,Phoenix Suns,Toronto Raptors,122,110,True
2021-11-14,Minnesota Timberwolves,Denver Nuggets,113,120,False
2021-11-14,Orlando Magic,Detroit Pistons,115,113,True
2021-11-14,Milwaukee Bucks,Golden State Warriors,106,126,False
2021-11-14,Minnesota Timberwolves,Atlanta Hawks,115,105,True
2021-11-14,Charlotte Hornets,Miami Heat,116,96,True
2021-11-14,Minnesota Timberwolves,Detroit Pistons,131,105,True
2021-11-14,Boston Celtics,Cleveland Cavaliers,102,85,True
2021-11-14,Phoenix Suns,LA Lakers,126,101,True
2021-11-14,Sacramento Kings,New York Knicks,102,96,True
2021-11-14,Brooklyn Nets,LA Clippers,101,111,False
2021-11-15,Portland Trail Blazers,Dallas Mavericks,119,112,True
2021-11-15,Sacramento Kings,Milwaukee Bucks,107,108,False
2021-11-15,Sacramento Kings,LA Clippers,122,131,False
2021-11-15,Cleveland Cavaliers,Phoenix Suns,98,114,False
2021-11-15,Dallas Mavericks,Boston Celtics,101,99,True
2021-11-15,Philadelphia 76ers,New Orleans Pelicans,111,100,True
2021-11-15,Brooklyn Nets,Toronto Raptors,110,117,False
2021-11-15,Denver Nuggets,Sacramento Kings,120,104,True
2021-11-15,Atlanta Hawks,LA Lakers,116,141,False
2021-11-15,Memphis Grizzlies,San Antonio Spurs,103,99,True
2021-11-15,Indiana Pacers,Toronto Raptors,118,92,True
2021-11-15,Brooklyn Nets,Atlanta Hawks,106,101,True
2021-11-15,Orlando Magic,Miami Heat,104,85,True
2021-11-15,Houston Rockets,Phoenix Suns,87,113,False
2021-11-16,Minnesota Timberwolves,Orlando Magic,112,110,True
2021-11-16,Memphis Grizzlies,Indiana Pacers,114,99,True
2021-11-16,Indiana Pacers,Detroit Pistons,130,110,True
2021-11-16,Charlotte Hornets,Utah Jazz,109,106,True
2021-11-16,Houston Rockets,Atlanta Hawks,117,123,False
2021-11-16,Golden State Warriors,Chicago Bulls,127,87,True
2021-11-16,LA Lakers,Portland Trail Blazers,122,111,True
2021-11-16,New Orleans Pelicans,Milwaukee Bucks,129,134,False
2021-11-16,New Orleans Pelicans,Atlanta Hawks,121,106,True
2021-11-16,Cleveland Cavaliers,Philadelphia 76ers,124,103,True
2021-11-17,New Orleans Pelicans,Chicago Bulls,93,92,True
2021-11-17,Philadelphia 76ers,Golden State Warriors,105,96,True
2021-11-17,Miami Heat,LA Lakers,108,103,True
2021-11-17,Charlotte Hornets,Boston Celtics,106,112,False
2021-11-17,Golden State Warriors,Washington Wizards,124,86,True
2021-11-17,Brooklyn Nets,Cleveland Cavaliers,114,105,True
2021-11-17,Houston Rockets,LA Clippers,124,100,True
2021-11-17,Charlotte Hornets,Sacramento Kings,109,110,False
2021-11-17,Miami Heat,Orlando Magic,114,101,True
2021-11-17,Portland Trail Blazers,Cleveland Cavaliers,108,102,True
2021-11-18,Brooklyn Nets,Houston Rockets,90,104,False
2021-11-18,San Antonio Spurs,Washington Wizards,112,94,True
2021-11-18,Toronto Raptors,Oklahoma City Thunder,111,122,False
2021-11-18,Portland Trail Blazers,Oklahoma City Thunder,105,117,False
2021-11-18,Phoenix Suns,New York Knicks,115,114,True
2021-11-18,New York Knicks,Memphis Grizzlies,108,97,True
2021-11-18,New York Knicks,Oklahoma City Thunder,131,98,True
2021-11-18,Dallas Mavericks,Memphis Grizzlies,103,109,False
2021-11-18,Cleveland Cavaliers,Miami Heat,93,102,False
2021-11-18,Houston Rockets,Denver Nuggets,105,127,False
2021-11-19,Miami Heat,Portland Trail Blazers,124,105,True
2021-11-19,Denver Nuggets,Toronto Raptors,109,108,True
2021-11-19,LA Clippers,Indiana Pacers,122,116,True
2021-11-19,Brooklyn Nets,Sacramento Kings,102,124,False
2021-11-19,Charlotte Hornets,Dallas Mavericks,104,117,False
2021-11-19,Golden State Warriors,Minnesota Timberwolves,130,92,True
2021-11-19,Cleveland Cavaliers,Memphis Grizzlies,100,97,True
2021-11-19,Charlotte Hornets,Indiana Pacers,118,123,False
2021-11-19,Chicago Bulls,New York Knicks,115,125,False
2021-11-20,Phoenix Suns,Atlanta Hawks,128,96,True
2021-11-20,Oklahoma City Thunder,Sacramento Kings,119,113,True
2021-11-20,Cleveland Cavaliers,Denver Nuggets,125,100,True
2021-11-20,Memphis Grizzlies,Indiana Pacers,115,109,True
2021-11-20,Chicago Bulls,Brooklyn Nets,114,110,True
2021-11-20,Atlanta Hawks,Utah Jazz,110,98,True
2021-11-20,New Orleans Pelicans,Charlotte Hornets,120,100,True
2021-11-20,Charlotte Hornets,Oklahoma City Thunder,104,111,False
2021-11-20,LA Lakers,Minnesota Timberwolves,118,120,False
2021-11-20,Oklahoma City Thunder,Boston Celtics,116,123,False
2021-11-20,Miami Heat,Minnesota Timberwolves,109,95,True
2021-11-20,Detroit Pistons,Brooklyn Nets,96,104,False
2021-11-20,Memphis Grizzlies,Phoenix Suns,85,123,False
2021-11-20,Charlotte Hornets,Orlando Magic,120,107,True
2021-11-21,Charlotte Hornets,Houston Rockets,123,131,False
2021-11-21,Brooklyn Nets,Indiana Pacers,117,112,True
2021-11-21,Cleveland Cavaliers,Miami Heat,121,97,True
2021-11-21,LA Lakers,Memphis Grizzlies,103,96,True
2021-11-21,LA Clippers,New Orleans Pelicans,130,92,True
2021-11-21,Brooklyn Nets,Minnesota Timberwolves,104,123,False
2021-11-21,Toronto Raptors,LA Lakers,134,126,True
2021-11-21,Memphis Grizzlies,Washington Wizards,102,94,True
2021-11-21,Philadelphia 76ers,Toronto Raptors,119,97,True
2021-11-21,Chicago Bulls,Atlanta Hawks,112,107,True
2021-11-21,San Antonio Spurs,Milwaukee Bucks,123,127,False
2021-11-21,Atlanta Hawks,Brooklyn Nets,116,90,True
2021-11-22,Oklahoma City Thunder,Chicago Bulls,124,120,True
2021-11-22,Dallas Mavericks,Miami Heat,106,99,True
2021-11-22,Minnesota Timberwolves,New Orleans Pelicans,106,113,False
2021-11-22,Phoenix Suns,Chicago Bulls,93,130,False
2021-11-22,Oklahoma City Thunder,Golden State Warriors,103,87,True
2021-11-22,New Orleans Pelicans,San Antonio Spurs,99,112,False
2021-11-22,Charlotte Hornets,Toronto Raptors,116,111,True
2021-11-22,Oklahoma City Thunder,Toronto Raptors,118,95,True
2021-11-22,New York Knicks,Phoenix Suns,85,106,False
2021-11-22,Milwaukee Bucks,Boston Celtics,110,107,True
2021-11-22,Houston Rockets,Philadelphia 76ers,102,127,False
2021-11-22,Philadelphia 76ers,New York Knicks,89,140,False
2021-11-22,Houston Rockets,Washington Wizards,106,119,False
2021-11-22,Oklahoma City Thunder,Boston Celtics,108,110,False
2021-11-23,Phoenix Suns,Washington Wizards,121,110,True
2021-11-23,Utah Jazz,Philadelphia 76ers,105,99,True
2021-11-23,Houston Rockets,New York Knicks,113,112,True
2021-11-23,Miami Heat,San Antonio Spurs,121,118,True
2021-11-23,Miami Heat,Indiana Pacers,92,127,False
2021-11-24,Detroit Pistons,Atlanta Hawks,103,99,True
2021-11-24,Orlando Magic,Houston Rockets,99,93,True
2021-11-24,Portland Trail Blazers,LA Clippers,111,112,False
2021-11-24,San Antonio Spurs,Orlando Magic,127,108,True
2021-11-24,Charlotte Hornets,San Antonio Spurs,123,117,True
2021-11-24,Memphis Grizzlies,Milwaukee Bucks,86,98,False
2021-11-24,Detroit Pistons,Phoenix Suns,105,109,False
2021-11-24,Cleveland Cavaliers,Houston Rockets,100,125,False
2021-11-24,Sacramento Kings,New Orleans Pelicans,117,109,True
2021-11-24,Denver Nuggets,Toronto Raptors,115,109,True
2021-11-24,Indiana Pacers,Miami Heat,109,120,False
2021-11-25,Orlando Magic,Boston Celtics,106,115,False
2021-11-25,Minnesota Timberwolves,Oklahoma City Thunder,117,86,True
2021-11-25,New Orleans Pelicans,Cleveland Cavaliers,124,108,True
2021-11-25,Toronto Raptors,Dallas Mavericks,115,105,True
2021-11-25,Utah Jazz,Memphis Grizzlies,114,117,False
2021-11-25,Utah Jazz,Orlando Magic,115,117,False
2021-11-25,Oklahoma City Thunder,Houston Rockets,108,98,True
2021-11-25,Charlotte Hornets,LA Clippers,129,91,True
2021-11-25,San Antonio Spurs,Detroit Pistons,114,115,False
2021-11-25,Orlando Magic,San Antonio Spurs,127,97,True
2021-11-25,Washington Wizards,Sacramento Kings,119,116,True
2021-11-25,Minnesota Timberwolves,Washington Wizards,114,107,True
2021-11-25,Atlanta Hawks,Phoenix Suns,108,120,False
2021-11-26,Utah Jazz,New Orleans Pelicans,106,113,False
2021-11-26,San Antonio Spurs,New Orleans Pelicans,96,121,False
2021-11-26,Atlanta Hawks,Indiana Pacers,145,92,True
2021-11-26,Phoenix Suns,Chicago Bulls,136,87,True
2021-11-26,Boston Celtics,Memphis Grizzlies,125,107,True
2021-11-26,Golden State Warriors,Portland Trail Blazers,107,115,False
2021-11-26,Houston Rockets,Philadelphia 76ers,116,98,True
2021-11-26,Brooklyn Nets,Dallas Mavericks,103,118,False
2021-11-26,Orlando Magic,Dallas Mavericks,117,95,True
2021-11-26,Philadelphia 76ers,Utah Jazz,111,102,True
2021-11-26,Milwaukee Bucks,Denver Nuggets,90,122,False
2021-11-26,Cleveland Cavaliers,Memphis Grizzlies,114,86,True
2021-11-26,Orlando Magic,New York Knicks,103,108,False
2021-11-27,Toronto Raptors,Chicago Bulls,119,86,True
2021-11-27,New York Knicks,Washington Wizards,123,121,True
2021-11-27,Denver Nuggets,Orlando Magic,116,96,True
2021-11-27,Houston Rockets,Cleveland Cavaliers,113,103,True
2021-11-27,Phoenix Suns,Charlotte Hornets,130,122,True
2021-11-27,Orlando Magic,New York Knicks,123,117,True
2021-11-27,LA Clippers,Minnesota Timberwolves,136,128,True
2021-11-27,Philadelphia 76ers,Cleveland Cavaliers,96,123,False
2021-11-27,Portland Trail Blazers,Charlotte Hornets,136,93,True
2021-11-27,Toronto Raptors,New York Knicks,102,104,False
2021-11-28,Indiana Pacers,New York Knicks,124,123,True
2021-11-28,Memphis Grizzlies,Utah Jazz,119,106,True
2021-11-28,LA Lakers,Denver Nuggets,100,108,False
2021-11-28,Cleveland Cavaliers,Golden State Warriors,125,97,True
2021-11-28,Portland Trail Blazers,San Antonio Spurs,115,103,True
2021-11-28,Washington Wizards,Denver Nuggets,116,120,False
2021-11-28,LA Clippers,Charlotte Hornets,99,96,True
2021-11-28,Charlotte Hornets,Denver Nuggets,109,111,False
2021-11-28,Denver Nuggets,Golden State Warriors,123,109,True
2021-11-28,Detroit Pistons,New Orleans Pelicans,127,120,True
2021-11-28,Golden State Warriors,Houston Rockets,126,129,False
2021-11-28,Houston Rockets,Orlando Magic,126,122,True
2021-11-29,Detroit Pistons,Washington Wizards,138,109,True
2021-11-29,Golden State Warriors,Phoenix Suns,105,122,False
2021-11-29,Minnesota Timberwolves,LA Clippers,106,98,True
2021-11-29,Toronto Raptors,LA Lakers,107,125,False
2021-11-29,Cleveland Cavaliers,Utah Jazz,127,101,True
2021-11-29,Portland Trail Blazers,Cleveland Cavaliers,112,102,True
2021-11-29,Utah Jazz,New Orleans Pelicans,123,92,True
2021-11-29,Dallas Mavericks,Utah Jazz,116,95,True
2021-11-29,Orlando Magic,Dallas Mavericks,102,119,False
2021-11-29,Indiana Pacers,Chicago Bulls,145,93,True
2021-11-29,Cleveland Cavaliers,Orlando Magic,120,109,True
2021-11-29,Philadelphia 76ers,Orlando Magic,105,101,True
2021-11-29,Miami Heat,New Orleans Pelicans,126,108,True
2021-11-29,Orlando Magic,Detroit Pistons,123,105,True
2021-11-30,Brooklyn Nets,New York Knicks,104,100,True
2021-11-30,Denver Nuggets,Indiana Pacers,121,116,True
2021-11-30,Minnesota Timberwolves,Detroit Pistons,121,112,True
2021-11-30,San Antonio Spurs,Atlanta Hawks,112,119,False
2021-11-30,Phoenix Suns,Cleveland Cavaliers,131,107,True
2021-11-30,Golden State Warriors,Sacramento Kings,114,102,True
2021-11-30,Indiana Pacers,Washington Wizards,116,101,True
2021-11-30,Miami Heat,Indiana Pacers,126,117,True
2021-11-30,Indiana Pacers,Oklahoma City Thunder,85,110,False
2021-11-30,Golden State Warriors,San Antonio Spurs,125,107,True
2021-11-30,Denver Nuggets,Golden State Warriors,113,107,True
2021-12-01,Denver Nuggets,Golden State Warriors,111,110,True
2021-12-01,Boston Celtics,Oklahoma City Thunder,129,107,True
2021-12-01,Chicago Bulls,Toronto Raptors,101,94,True
2021-12-01,Washington Wizards,New York Knicks,104,93,True
2021-12-01,Phoenix Suns,Orlando Magic,115,105,True
2021-12-01,Orlando Magic,Milwaukee Bucks,95,124,False
2021-12-01,New York Knicks,Sacramento Kings,101,113,False
2021-12-01,New York Knicks,Boston Celtics,104,128,False
2021-12-01,Charlotte Hornets,Sacramento Kings,93,95,False
2021-12-01,LA Lakers,Toronto Raptors,117,108,True
2021-12-01,Atlanta Hawks,Toronto Raptors,112,97,True
2021-12-01,New York Knicks,Memphis Grizzlies,90,115,False
2021-12-01,Milwaukee Bucks,Orlando Magic,111,112,False
2021-12-02,Charlotte Hornets,Houston Rockets,122,113,True
2021-12-02,San Antonio Spurs,Toronto Raptors,110,109,True
2021-12-02,San Antonio Spurs,LA Clippers,91,110,False
2021-12-02,Houston Rockets,Golden State Warriors,121,99,True
2021-12-02,Houston Rockets,New York Knicks,121,113,True
2021-12-02,Denver Nuggets,Memphis Grizzlies,121,89,True
2021-12-02,Charlotte Hornets,Atlanta Hawks,108,117,False
2021-12-02,LA Clippers,Sacramento Kings,113,107,True
2021-12-02,New York Knicks,Charlotte Hornets,109,97,True
2021-12-03,LA Lakers,Sacramento Kings,113,109,True
2021-12-03,Portland Trail Blazers,Orlando Magic,98,102,False
2021-12-03,Phoenix Suns,Atlanta Hawks,109,107,True
2021-12-03,Cleveland Cavaliers,New York Knicks,123,107,True
2021-12-03,Charlotte Hornets,New York Knicks,105,122,False
2021-12-03,Detroit Pistons,Toronto Raptors,108,114,False
2021-12-03,Toronto Raptors,Denver Nuggets,98,115,False
2021-12-03,Minnesota Timberwolves,Memphis Grizzlies,109,97,True
2021-12-03,Denver Nuggets,Philadelphia 76ers,119,110,True
2021-12-03,Dallas Mavericks,Cleveland Cavaliers,124,107,True
2021-12-03,Miami Heat,Chicago Bulls,106,98,True
2021-12-03,Memphis Grizzlies,Minnesota Timberwolves,99,108,False
2021-12-03,LA Lakers,Phoenix Suns,117,126,False
2021-12-03,San Antonio Spurs,Detroit Pistons,103,107,False
2021-12-04,Utah Jazz,Dallas Mavericks,129,145,False
2021-12-04,Utah Jazz,Orlando Magic,87,128,False
2021-12-04,Portland Trail Blazers,Utah Jazz,129,102,True
2021-12-04,Denver Nuggets,Atlanta Hawks,111,92,True
2021-12-04,Oklahoma City Thunder,Indiana Pacers,101,95,True
2021-12-04,Toronto Raptors,Dallas Mavericks,124,126,False
2021-12-04,New Orleans Pelicans,Minnesota Timberwolves,109,120,False
2021-12-05,Golden State Warriors,Toronto Raptors,101,96,True
2021-12-05,Charlotte Hornets,Milwaukee Bucks,98,114,False
2021-12-05,Dallas Mavericks,LA Clippers,122,106,True
2021-12-05,Toronto Raptors,LA Lakers,108,118,False
2021-12-05,Oklahoma City Thunder,Atlanta Hawks,136,128,True
2021-12-05,LA Lakers,Toronto Raptors,96,110,False
2021-12-05,Oklahoma City Thunder,New Orleans Pelicans,133,115,True
2021-12-05,Chicago Bulls,Denver Nuggets,104,108,False
2021-12-05,Toronto Raptors,Memphis Grizzlies,117,109,True
2021-12-05,Philadelphia 76ers,Memphis Grizzlies,120,118,True
2021-12-06,Denver Nuggets,LA Lakers,126,100,True
2021-12-06,Denver Nuggets,Miami Heat,100,116,False
2021-12-06,Chicago Bulls,LA Lakers,106,109,False
2021-12-06,Portland Trail Blazers,Indiana Pacers,117,99,True
2021-12-06,New Orleans Pelicans,Golden State Warriors,119,118,True
2021-12-06,Boston Celtics,Detroit Pistons,127,121,True
2021-12-06,Brooklyn Nets,Portland Trail Blazers,117,115,True
2021-12-06,Charlotte Hornets,Brooklyn Nets,90,116,False
2021-12-06,Charlotte Hornets,Boston Celtics,114,117,False
2021-12-06,New Orleans Pelicans,New York Knicks,109,105,True
2021-12-06,Orlando Magic,Detroit Pistons,109,113,False
2021-12-06,Portland Trail Blazers,Denver Nuggets,100,108,False
2021-12-06,Chicago Bulls,Utah Jazz,118,115,True
2021-12-07,Sacramento Kings,Denver Nuggets,105,109,False
2021-12-07,Toronto Raptors,Phoenix Suns,123,107,True
2021-12-07,Phoenix Suns,Houston Rockets,108,113,False
2021-12-07,LA Lakers,Sacramento Kings,120,101,True
2021-12-07,Minnesota Timberwolves,Denver Nuggets,122,111,True
2021-12-07,Dallas Mavericks,Orlando Magic,126,122,True
2021-12-07,Cleveland Cavaliers,LA Lakers,117,125,False
2021-12-07,Oklahoma City Thunder,Toronto Raptors,121,97,True
2021-12-08,Houston Rockets,Philadelphia 76ers,110,116,False
2021-12-08,Houston Rockets,Minnesota Timberwolves,120,128,False
2021-12-08,Indiana Pacers,New Orleans Pelicans,97,104,False
2021-12-08,Portland Trail Blazers,Philadelphia 76ers,92,132,False
2021-12-08,Minnesota Timberwolves,Indiana Pacers,112,110,True
2021-12-08,Miami Heat,Golden State Warriors,114,102,True
2021-12-08,Detroit Pistons,Dallas Mavericks,98,114,False
2021-12-08,Portland Trail Blazers,Dallas Mavericks,97,110,False
2021-12-08,Houston Rockets,Sacramento Kings,122,114,True
2021-12-08,Chicago Bulls,New Orleans Pelicans,112,115,False
2021-12-08,New York Knicks,Detroit Pistons,121,117,True
2021-12-09,Oklahoma City Thunder,Boston Celtics,95,107,False
2021-12-09,Chicago Bulls,Orlando Magic,122,96,True
2021-12-09,Philadelphia 76ers,Golden State Warriors,121,131,False
2021-12-09,Oklahoma City Thunder,Orlando Magic,121,91,True
2021-12-09,Sacramento Kings,Miami Heat,120,106,True
2021-12-09,Chicago Bulls,New Orleans Pelicans,111,103,True
2021-12-09,Golden State Warriors,LA Lakers,102,106,False
2021-12-10,Washington Wizards,Brooklyn Nets,92,115,False
2021-12-10,Detroit Pistons,Minnesota Timberwolves,106,110,False
2021-12-10,LA Clippers,Boston Celtics,102,122,False
2021-12-10,Golden State Warriors,Atlanta Hawks,124,103,True
2021-12-10,Phoenix Suns,New York Knicks,121,115,True
2021-12-10,Indiana Pacers,Atlanta Hawks,101,97,True
2021-12-10,Orlando Magic,Golden State Warriors,114,112,True
2021-12-10,Dallas Mavericks,Chicago Bulls,107,95,True
2021-12-10,Oklahoma City Thunder,Orlando Magic,116,95,True
2021-12-10,Houston Rockets,Miami Heat,113,86,True
2021-12-10,Utah Jazz,Charlotte Hornets,107,104,True
2021-12-10,New Orleans Pelicans,Philadelphia 76ers,104,118,False
2021-12-10,Philadelphia 76ers,Atlanta Hawks,121,109,True
2021-12-11,Miami Heat,Denver Nuggets,104,112,False
2021-12-11,Golden State Warriors,Dallas Mavericks,110,96,True
2021-12-11,New Orleans Pelicans,Indiana Pacers,102,116,False
2021-12-11,Orlando Magic,Sacramento Kings,127,85,True
2021-12-11,Atlanta Hawks,Miami Heat,100,126,False
2021-12-11,LA Clippers,Atlanta Hawks,115,90,True
2021-12-11,Denver Nuggets,Golden State Warriors,127,120,True
2021-12-11,Miami Heat,Philadelphia 76ers,126,119,True
2021-12-11,Charlotte Hornets,Boston Celtics,116,122,False
2021-12-11,Milwaukee Bucks,Orlando Magic,114,106,True
2021-12-12,Charlotte Hornets,Milwaukee Bucks,121,124,False
2021-12-12,Charlotte Hornets,Dallas Mavericks,120,117,True
2021-12-12,Minnesota Timberwolves,LA Clippers,114,101,True
2021-12-12,Brooklyn Nets,Golden State Warriors,123,114,True
2021-12-12,Atlanta Hawks,Portland Trail Blazers,109,87,True
2021-12-12,Milwaukee Bucks,Brooklyn Nets,113,105,True
2021-12-12,Portland Trail Blazers,Indiana Pacers,111,114,False
2021-12-12,Chicago Bulls,Memphis Grizzlies,137,107,True
2021-12-12,Utah Jazz,LA Lakers,101,136,False
2021-12-12,Miami Heat,Dallas Mavericks,123,96,True
2021-12-12,Brooklyn Nets,LA Lakers,108,116,False
2021-12-12,Miami Heat,Denver Nuggets,116,109,True
2021-12-13,Sacramento Kings,Phoenix Suns,97,102,False
2021-12-13,San Antonio Spurs,Indiana Pacers,97,111,False
2021-12-13,Atlanta Hawks,Washington Wizards,122,91,True
2021-12-13,Atlanta Hawks,Minnesota Timberwolves,106,107,False
2021-12-13,Phoenix Suns,Brooklyn Nets,104,102,True
2021-12-13,Denver Nuggets,Detroit Pistons,113,111,True
2021-12-13,Charlotte Hornets,Sacramento Kings,97,129,False
2021-12-13,New York Knicks,Sacramento Kings,115,93,True
2021-12-13,Philadelphia 76ers,Denver Nuggets,124,122,True
2021-12-13,LA Clippers,Atlanta Hawks,129,124,True
2021-12-13,San Antonio Spurs,Orlando Magic,100,102,False
2021-12-13,LA Clippers,New York Knicks,136,96,True
2021-12-13,Utah Jazz,LA Clippers,115,122,False
2021-12-14,New Orleans Pelicans,Detroit Pistons,120,100,True
2021-12-14,LA Lakers,Detroit Pistons,126,116,True
2021-12-14,Memphis Grizzlies,New York Knicks,130,105,True
2021-12-14,New Orleans Pelicans,Oklahoma City Thunder,85,123,False
2021-12-14,Dallas Mavericks,Philadelphia 76ers,116,110,True
2021-12-14,Atlanta Hawks,Washington Wizards,129,109,True
2021-12-15,LA Lakers,Boston Celtics,117,119,False
2021-12-15,Philadelphia 76ers,Atlanta Hawks,121,112,True
2021-12-15,Atlanta Hawks,Houston Rockets,92,102,False
2021-12-15,Cleveland Cavaliers,LA Clippers,93,116,False
2021-12-15,Charlotte Hornets,San Antonio Spurs,107,92,True
2021-12-15,Phoenix Suns,LA Clippers,125,115,True
2021-12-15,Dallas Mavericks,Golden State Warriors,111,105,True
2021-12-15,Philadelphia 76ers,Chicago Bulls,100,91,True
2021-12-16,LA Lakers,New Orleans Pelicans,125,123,True
2021-12-16,Utah Jazz,Oklahoma City Thunder,97,110,False
2021-12-16,Boston Celtics,Indiana Pacers,114,103,True
2021-12-16,Cleveland Cavaliers,Chicago Bulls,113,109,True
2021-12-16,Toronto Raptors,Denver Nuggets,117,125,False
2021-12-16,Miami Heat,Cleveland Cavaliers,110,117,False
2021-12-16,Phoenix Suns,Chicago Bulls,134,108,True
2021-12-16,Miami Heat,LA Clippers,119,111,True
2021-12-17,Golden State Warriors,Denver Nuggets,125,130,False
2021-12-17,Indiana Pacers,Toronto Raptors,112,101,True
2021-12-17,Oklahoma City Thunder,Toronto Raptors,118,88,True
2021-12-17,Minnesota Timberwolves,New York Knicks,120,109,True
2021-12-17,Atlanta Hawks,Miami Heat,115,98,True
2021-12-17,Portland Trail Blazers,Memphis Grizzlies,99,122,False
2021-12-17,Cleveland Cavaliers,Indiana Pacers,112,111,True
2021-12-17,Denver Nuggets,Philadelphia 76ers,117,123,False
2021-12-18,Philadelphia 76ers,LA Lakers,125,119,True
2021-12-18,Golden State Warriors,Portland Trail Blazers,124,97,True
2021-12-18,Houston Rockets,Minnesota Timberwolves,108,112,False
2021-12-18,Charlotte Hornets,Phoenix Suns,98,101,False
2021-12-18,Charlotte Hornets,Cleveland Cavaliers,112,120,False
2021-12-18,Philadelphia 76ers,Memphis Grizzlies,116,114,True
2021-12-18,Sacramento Kings,Minnesota Timberwolves,128,115,True
2021-12-18,New Orleans Pelicans,Brooklyn Nets,108,111,False
2021-12-18,Washington Wizards,Charlotte Hornets,85,131,False
2021-12-18,Toronto Raptors,Chicago Bulls,110,117,False
2021-12-18,Houston Rockets,Philadelphia 76ers,119,99,True
2021-12-18,New Orleans Pelicans,Cleveland Cavaliers,111,98,True
2021-12-18,Orlando Magic,Indiana Pacers,93,120,False
2021-12-18,Atlanta Hawks,Indiana Pacers,95,111,False
2021-12-19,LA Lakers,Detroit Pistons,127,119,True
2021-12-19,San Antonio Spurs,Dallas Mavericks,109,119,False
2021-12-19,Detroit Pistons,San Antonio Spurs,100,122,False
2021-12-19,New York Knicks,Boston Celtics,111,105,True
2021-12-19,Houston Rockets,Denver Nuggets,108,112,False
2021-12-19,New Orleans Pelicans,Detroit Pistons,124,95,True
2021-12-19,Portland Trail Blazers,Cleveland Cavaliers,125,97,True
2021-12-19,Sacramento Kings,Washington Wizards,104,94,True
2021-12-19,Orlando Magic,Atlanta Hawks,105,126,False
2021-12-19,LA Clippers,Atlanta Hawks,109,104,True
2021-12-19,LA Lakers,Minnesota Timberwolves,111,122,False
2021-12-19,Minnesota Timberwolves,New Orleans Pelicans,106,98,True
2021-12-19,LA Clippers,Philadelphia 76ers,108,113,False
2021-12-19,Portland Trail Blazers,Philadelphia 76ers,102,98,True
2021-12-20,Dallas Mavericks,Memphis Grizzlies,98,114,False
2021-12-20,Boston Celtics,Denver Nuggets,91,115,False
2021-12-20,Minnesota Timberwolves,Memphis Grizzlies,100,101,False
2021-12-20,Toronto Raptors,Charlotte Hornets,109,122,False
2021-12-20,San Antonio Spurs,LA Clippers,116,124,False
2021-12-20,Portland Trail Blazers,Orlando Magic,113,131,False
2021-12-20,Portland Trail Blazers,Charlotte Hornets,114,107,True
2021-12-21,Portland Trail Blazers,Dallas Mavericks,103,132,False
2021-12-21,Milwaukee Bucks,LA Clippers,123,114,True
2021-12-21,Memphis Grizzlies,Houston Rockets,130,135,False
2021-12-21,New York Knicks,Indiana Pacers,115,119,False
2021-12-21,Oklahoma City Thunder,Sacramento Kings,90,112,False
2021-12-21,Orlando Magic,Portland Trail Blazers,122,102,True
2021-12-21,Philadelphia 76ers,Houston Rockets,129,122,True
2021-12-22,Indiana Pacers,Charlotte Hornets,102,114,False
2021-12-22,Golden State Warriors,Sacramento Kings,116,99,True
2021-12-22,Philadelphia 76ers,Utah Jazz,108,104,True
2021-12-22,Chicago Bulls,New Orleans Pelicans,107,123,False
2021-12-22,LA Lakers,Golden State Warriors,110,114,False
2021-12-22,Milwaukee Bucks,Miami Heat,116,111,True
2021-12-22,Houston Rockets,Oklahoma City Thunder,115,122,False
2021-12-22,Toronto Raptors,Chicago Bulls,123,117,True
2021-12-22,Orlando Magic,Toronto Raptors,120,103,True
2021-12-22,LA Lakers,Oklahoma City Thunder,88,125,False
2021-12-23,Dallas Mavericks,Chicago Bulls,120,115,True
2021-12-23,LA Clippers,Portland Trail Blazers,110,96,True
2021-12-23,Denver Nuggets,Sacramento Kings,125,116,True
2021-12-23,Sacramento Kings,Boston Celtics,125,100,True
2021-12-23,LA Lakers,Utah Jazz,118,111,True
2021-12-23,Philadelphia 76ers,Dallas Mavericks,113,106,True
2021-12-23,Toronto Raptors,Miami Heat,106,115,False
2021-12-23,LA Clippers,Toronto Raptors,122,106,True
2021-12-23,Philadelphia 76ers,Orlando Magic,112,118,False
2021-12-23,Atlanta Hawks,Toronto Raptors,117,111,True
2021-12-23,San Antonio Spurs,LA Clippers,108,114,False
2021-12-23,Brooklyn Nets,Sacramento Kings,115,139,False
2021-12-23,Washington Wizards,Memphis Grizzlies,109,103,True
2021-12-24,Minnesota Timberwolves,Orlando Magic,113,101,True
2021-12-24,Washington Wizards,Chicago Bulls,115,124,False
2021-12-24,Boston Celtics,Sacramento Kings,104,88,True
2021-12-24,Milwaukee Bucks,Detroit Pistons,120,88,True
2021-12-24,Toronto Raptors,Brooklyn Nets,105,95,True
2021-12-24,Cleveland Cavaliers,New York Knicks,117,97,True
2021-12-24,Washington Wizards,LA Clippers,111,119,False
2021-12-24,Minnesota Timberwolves,Miami Heat,121,102,True
2021-12-24,Golden State Warriors,Washington Wizards,119,85,True
2021-12-24,Indiana Pacers,San Antonio Spurs,108,90,True
2021-12-24,Indiana Pacers,Boston Celtics,98,96,True
2021-12-25,Golden State Warriors,Sacramento Kings,104,107,False
2021-12-25,Orlando Magic,Dallas Mavericks,115,107,True
2021-12-25,Cleveland Cavaliers,Oklahoma City Thunder,106,110,False
2021-12-25,Toronto Raptors,Memphis Grizzlies,126,117,True
2021-12-25,Dallas Mavericks,Denver Nuggets,111,101,True
2021-12-25,Memphis Grizzlies,Denver Nuggets,98,116,False
2021-12-25,Indiana Pacers,Detroit Pistons,108,97,True
2021-12-25,Indiana Pacers,Houston Rockets,117,95,True
2021-12-25,Chicago Bulls,Denver Nuggets,110,116,False
2021-12-25,Toronto Raptors,Milwaukee Bucks,106,113,False
2021-12-25,Miami Heat,New York Knicks,121,119,True
2021-12-25,Minnesota Timberwolves,Sacramento Kings,113,101,True
2021-12-25,Dallas Mavericks,Washington Wizards,132,103,True
2021-12-26,Brooklyn Nets,Denver Nuggets,130,109,True
2021-12-26,Dallas Mavericks,Detroit Pistons,122,118,True
2021-12-26,Sacramento Kings,Milwaukee Bucks,107,121,False
2021-12-26,Sacramento Kings,New York Knicks,104,98,True
2021-12-26,New York Knicks,Boston Celtics,112,110,True
2021-12-26,Boston Celtics,Memphis Grizzlies,97,96,True
2021-12-26,Miami Heat,LA Lakers,117,125,False
2021-12-26,Portland Trail Blazers,Chicago Bulls,114,94,True
2021-12-26,Brooklyn Nets,Houston Rockets,121,122,False
2021-12-26,Memphis Grizzlies,Brooklyn Nets,110,109,True
2021-12-26,Cleveland Cavaliers,Houston Rockets,119,105,True
2021-12-26,Dallas Mavericks,Minnesota Timberwolves,135,101,True
2021-12-27,Charlotte Hornets,LA Clippers,106,112,False
2021-12-27,Dallas Mavericks,LA Clippers,112,111,True
2021-12-27,Philadelphia 76ers,New York Knicks,105,99,True
2021-12-27,Brooklyn Nets,Boston Celtics,87,117,False
2021-12-27,Indiana Pacers,Detroit Pistons,115,114,True
2021-12-28,LA Lakers,Portland Trail Blazers,115,109,True
2021-12-28,LA Clippers,Denver Nuggets,106,112,False
2021-12-28,Charlotte Hornets,New Orleans Pelicans,119,104,True
2021-12-28,Orlando Magic,LA Clippers,114,119,False
2021-12-28,Milwaukee Bucks,LA Clippers,108,107,True
2021-12-28,New York Knicks,Indiana Pacers,127,115,True
2021-12-28,Brooklyn Nets,Detroit Pistons,118,115,True
2021-12-28,Memphis Grizzlies,Sacramento Kings,111,116,False
2021-12-28,Portland Trail Blazers,Utah Jazz,109,96,True
2021-12-28,New York Knicks,Toronto Raptors,123,85,True
2021-12-28,Houston Rockets,Charlotte Hornets,115,114,True
2021-12-29,Oklahoma City Thunder,Sacramento Kings,124,96,True
2021-12-29,Chicago Bulls,Miami Heat,110,114,False
2021-12-29,LA Lakers,Phoenix Suns,126,101,True
2021-12-29,Atlanta Hawks,Golden State Warriors,115,130,False
2021-12-29,Washington Wizards,Boston Celtics,95,118,False
2021-12-30,LA Clippers,Golden State Warriors,121,87,True
2021-12-30,San Antonio Spurs,Memphis Grizzlies,111,140,False
2021-12-30,Oklahoma City Thunder,Minnesota Timberwolves,116,102,True
2021-12-30,Golden State Warriors,Detroit Pistons,115,102,True
2021-12-30,Phoenix Suns,Sacramento Kings,124,107,True
2021-12-30,Atlanta Hawks,Cleveland Cavaliers,104,87,True
2021-12-30,San Antonio Spurs,Cleveland Cavaliers,109,105,True
2021-12-30,Sacramento Kings,Houston Rockets,115,117,False
2021-12-30,LA Lakers,Washington Wizards,111,93,True
2021-12-30,Portland Trail Blazers,New York Knicks,106,116,False
2021-12-31,Detroit Pistons,Milwaukee Bucks,110,112,False
2021-12-31,San Antonio Spurs,Miami Heat,121,94,True
2021-12-31,Cleveland Cavaliers,San Antonio Spurs,111,85,True
2021-12-31,Oklahoma City Thunder,Denver Nuggets,97,102,False
2021-12-31,LA Clippers,Denver Nuggets,115,119,False
2022-01-01,Dallas Mavericks,Phoenix Suns,122,118,True
2022-01-01,Sacramento Kings,Washington Wizards,116,124,False
2022-01-01,Sacramento Kings,Oklahoma City Thunder,107,123,False
2022-01-01,New Orleans Pelicans,Philadelphia 76ers,92,120,False
2022-01-01,Atlanta Hawks,Golden State Warriors,108,85,True
2022-01-01,Cleveland Cavaliers,Denver Nuggets,114,109,True
2022-01-02,Miami Heat,Brooklyn Nets,124,99,True
2022-01-02,Miami Heat,Milwaukee Bucks,128,134,False
2022-01-02,Chicago Bulls,Detroit Pistons,117,115,True
2022-01-02,Miami Heat,Brooklyn Nets,98,119,False
2022-01-02,Golden State Warriors,Minnesota Timberwolves,101,118,False
2022-01-02,Brooklyn Nets,Atlanta Hawks,131,95,True
2022-01-02,LA Lakers,Denver Nuggets,94,105,False
2022-01-02,Memphis Grizzlies,Oklahoma City Thunder,105,107,False
2022-01-02,Miami Heat,Atlanta Hawks,112,110,True
2022-01-02,Phoenix Suns,Milwaukee Bucks,107,136,False
2022-01-03,Golden State Warriors,San Antonio Spurs,129,108,True
2022-01-03,Washington Wizards,Memphis Grizzlies,125,115,True
2022-01-03,Phoenix Suns,Toronto Raptors,105,96,True
2022-01-03,Portland Trail Blazers,Toronto Raptors,108,96,True
2022-01-03,Boston Celtics,Milwaukee Bucks,116,117,False
2022-01-04,Washington Wizards,Orlando Magic,116,111,True
2022-01-04,Phoenix Suns,Chicago Bulls,128,97,True
2022-01-04,Indiana Pacers,San Antonio Spurs,117,113,True
2022-01-04,Utah Jazz,Philadelphia 76ers,101,85,True
2022-01-04,Detroit Pistons,LA Clippers,136,104,True
2022-01-04,Indiana Pacers,Oklahoma City Thunder,87,122,False
2022-01-04,Dallas Mavericks,Orlando Magic,112,104,True
2022-01-04,Atlanta Hawks,Sacramento Kings,113,106,True
2022-01-04,LA Lakers,Houston Rockets,119,97,True
2022-01-04,Memphis Grizzlies,Chicago Bulls,120,110,True
2022-01-05,Portland Trail Blazers,Utah Jazz,108,113,False
2022-01-05,Detroit Pistons,Portland Trail Blazers,125,98,True
2022-01-05,Charlotte Hornets,Chicago Bulls,106,107,False
2022-01-05,Atlanta Hawks,Dallas Mavericks,107,126,False
2022-01-05,Utah Jazz,Philadelphia 76ers,119,128,False
2022-01-05,Washington Wizards,Portland Trail Blazers,127,128,False
2022-01-05,Miami Heat,Denver Nuggets,117,119,False
2022-01-05,New York Knicks,Boston Celtics,122,119,True
2022-01-05,LA Clippers,Utah Jazz,114,107,True
2022-01-05,Sacramento Kings,Atlanta Hawks,134,127,True
2022-01-05,Denver Nuggets,Miami Heat,119,103,True
2022-01-06,Oklahoma City Thunder,Golden State Warriors,113,104,True
2022-01-06,Washington Wizards,Memphis Grizzlies,116,107,True
2022-01-06,Chicago Bulls,Brooklyn Nets,103,97,True
2022-01-06,Indiana Pacers,Philadelphia 76ers,133,125,True
2022-01-06,Toronto Raptors,LA Clippers,121,127,False
2022-01-07,LA Lakers,Chicago Bulls,131,102,True
2022-01-07,Memphis Grizzlies,Washington Wizards,119,112,True
2022-01-07,Brooklyn Nets,Denver Nuggets,92,129,False
2022-01-07,Memphis Grizzlies,Houston Rockets,122,120,True
2022-01-07,Charlotte Hornets,Milwaukee Bucks,105,110,False
2022-01-08,New Orleans Pelicans,Memphis Grizzlies,127,119,True
2022-01-08,Phoenix Suns,Dallas Mavericks,116,110,True
2022-01-08,Philadelphia 76ers,Houston Rockets,119,117,True
2022-01-08,Cleveland Cavaliers,Atlanta Hawks,105,117,False
2022-01-08,Miami Heat,Cleveland Cavaliers,106,89,True
2022-01-08,Orlando Magic,LA Clippers,111,133,False
2022-01-08,Oklahoma City Thunder,Boston Celtics,103,104,False
2022-01-08,LA Lakers,Orlando Magic,118,131,False
2022-01-08,Atlanta Hawks,Washington Wizards,111,116,False
2022-01-08,Boston Celtics,Dallas Mavericks,118,92,True
2022-01-08,Charlotte Hornets,Milwaukee Bucks,97,111,False
2022-01-09,Philadelphia 76ers,Cleveland Cavaliers,121,115,True
2022-01-09,Dallas Mavericks,Toronto Raptors,133,124,True
2022-01-09,Phoenix Suns,New York Knicks,113,115,False
2022-01-09,Denver Nuggets,Memphis Grizzlies,119,114,True
2022-01-09,Orlando Magic,Boston Celtics,112,113,False
2022-01-09,Boston Celtics,Phoenix Suns,111,108,True
2022-01-09,Houston Rockets,Detroit Pistons,116,124,False
2022-01-09,Brooklyn Nets,Houston Rockets,124,95,True
2022-01-09,Boston Celtics,Sacramento Kings,119,100,True
2022-01-09,Denver Nuggets,Golden State Warriors,136,105,True
2022-01-09,Toronto Raptors,Houston Rockets,132,97,True
2022-01-09,Chicago Bulls,Milwaukee Bucks,103,129,False
2022-01-10,Charlotte Hornets,Houston Rockets,126,135,False
2022-01-10,Philadelphia 76ers,Detroit Pistons,123,119,True
2022-01-10,LA Clippers,Denver Nuggets,115,113,True
2022-01-10,Atlanta Hawks,LA Lakers,87,135,False
2022-01-10,Toronto Raptors,Sacramento Kings,97,110,False
2022-01-10,Portland Trail Blazers,Minnesota Timberwolves,110,106,True
2022-01-10,Washington Wizards,Atlanta Hawks,118,95,True
2022-01-10,Cleveland Cavaliers,Atlanta Hawks,110,91,True
2022-01-10,New York Knicks,Oklahoma City Thunder,108,126,False
2022-01-10,Detroit Pistons,Indiana Pacers,119,120,False
2022-01-10,Memphis Grizzlies,Phoenix Suns,123,99,True
2022-01-11,New York Knicks,New Orleans Pelicans,99,113,False
2022-01-11,Charlotte Hornets,Brooklyn Nets,117,103,True
2022-01-11,Orlando Magic,Boston Celtics,117,119,False
2022-01-11,New Orleans Pelicans,Minnesota Timberwolves,128,131,False
2022-01-11,Dallas Mavericks,Golden State Warriors,121,129,False
2022-01-11,LA Lakers,Philadelphia 76ers,118,104,True
2022-01-11,Brooklyn Nets,Cleveland Cavaliers,110,97,True
2022-01-11,Utah Jazz,Miami Heat,112,122,False
2022-01-11,Detroit Pistons,Orlando Magic,115,108,True
2022-01-11,Phoenix Suns,Houston Rockets,109,103,True
2022-01-11,Miami Heat,Cleveland Cavaliers,124,111,True
2022-01-11,Philadelphia 76ers,Cleveland Cavaliers,116,98,True
2022-01-12,LA Lakers,Milwaukee Bucks,111,119,False
2022-01-12,LA Clippers,New York Knicks,122,97,True
2022-01-12,New Orleans Pelicans,Houston Rockets,108,113,False
2022-01-12,Portland Trail Blazers,Chicago Bulls,105,102,True
2022-01-12,Portland Trail Blazers,San Antonio Spurs,121,97,True
2022-01-12,Utah Jazz,Detroit Pistons,120,98,True
2022-01-12,Golden State Warriors,Boston Celtics,109,126,False
2022-01-12,Detroit Pistons,Golden State Warriors,128,136,False
2022-01-12,Charlotte Hornets,Chicago Bulls,106,115,False
2022-01-12,Dallas Mavericks,Miami Heat,132,103,True
2022-01-12,Atlanta Hawks,Detroit Pistons,123,118,True
2022-01-12,San Antonio Spurs,Charlotte Hornets,90,115,False
2022-01-13,LA Clippers,Dallas Mavericks,110,92,True
2022-01-13,New York Knicks,Denver Nuggets,133,125,True
2022-01-13,Atlanta Hawks,Orlando Magic,113,97,True
2022-01-13,Detroit Pistons,New Orleans Pelicans,124,109,True
2022-01-13,Dallas Mavericks,Charlotte Hornets,98,97,True
2022-01-13,Minnesota Timberwolves,Utah Jazz,123,98,True
2022-01-13,Washington Wizards,LA Clippers,111,119,False
2022-01-13,Oklahoma City Thunder,Philadelphia 76ers,115,110,True
2022-01-14,LA Clippers,Washington Wizards,122,118,True
2022-01-14,Milwaukee Bucks,Dallas Mavericks,97,103,False
2022-01-14,Atlanta Hawks,New York Knicks,116,125,False
2022-01-14,Houston Rockets,Philadelphia 76ers,117,101,True
2022-01-14,Toronto Raptors,Minnesota Timberwolves,107,106,True
2022-01-14,Miami Heat,Houston Rockets,127,120,True
2022-01-14,LA Lakers,Denver Nuggets,108,97,True
2022-01-14,Boston Celtics,Golden State Warriors,112,102,True
2022-01-14,New Orleans Pelicans,Minnesota Timberwolves,115,94,True
2022-01-14,Minnesota Timberwolves,Brooklyn Nets,115,104,True
2022-01-14,Atlanta Hawks,Milwaukee Bucks,110,116,False
2022-01-14,New York Knicks,New Orleans Pelicans,113,96,True
2022-01-14,Orlando Magic,San Antonio Spurs,121,89,True
2022-01-15,Memphis Grizzlies,Indiana Pacers,116,114,True
2022-01-15,Charlotte Hornets,Atlanta Hawks,106,99,True
2022-01-15,Brooklyn Nets,San Antonio Spurs,129,119,True
2022-01-15,Minnesota Timberwolves,Sacramento Kings,112,108,True
2022-01-15,San Antonio Spurs,Dallas Mavericks,114,111,True
2022-01-15,Cleveland Cavaliers,Sacramento Kings,119,107,True
2022-01-15,Milwaukee Bucks,Cleveland Cavaliers,103,85,True
2022-01-15,Milwaukee Bucks,Denver Nuggets,113,111,True
2022-01-15,Utah Jazz,Washington Wizards,107,97,True
2022-01-15,Miami Heat,Golden State Warriors,127,122,True
2022-01-15,Atlanta Hawks,Oklahoma City Thunder,120,122,False
2022-01-15,Orlando Magic,Portland Trail Blazers,130,107,True
2022-01-15,Houston Rockets,LA Clippers,110,112,False
2022-01-15,Cleveland Cavaliers,Toronto Raptors,126,112,True
2022-01-16,Miami Heat,Detroit Pistons,101,112,False
2022-01-16,Orlando Magic,Portland Trail Blazers,122,119,True
2022-01-16,Miami Heat,Detroit Pistons,113,85,True
2022-01-16,Atlanta Hawks,Detroit Pistons,125,112,True
2022-01-16,Houston Rockets,Memphis Grizzlies,108,110,False
2022-01-16,Indiana Pacers,Orlando Magic,109,107,True
2022-01-16,Portland Trail Blazers,Indiana Pacers,126,105,True
2022-01-16,Philadelphia 76ers,Dallas Mavericks,119,114,True
2022-01-16,Houston Rockets,Memphis Grizzlies,114,92,True
2022-01-17,LA Lakers,Milwaukee Bucks,117,108,True
2022-01-17,Charlotte Hornets,Sacramento Kings,97,123,False
2022-01-17,New Orleans Pelicans,Washington Wizards,128,104,True
2022-01-17,New Orleans Pelicans,Memphis Grizzlies,112,95,True
2022-01-17,Washington Wizards,Boston Celtics,116,100,True
2022-01-17,Philadelphia 76ers,Cleveland Cavaliers,115,102,True
2022-01-17,Brooklyn Nets,Indiana Pacers,122,128,False
2022-01-18,New Orleans Pelicans,Orlando Magic,86,117,False
2022-01-18,Minnesota Timberwolves,Washington Wizards,118,104,True
2022-01-18,Minnesota Timberwolves,Indiana Pacers,100,93,True
2022-01-18,Orlando Magic,Boston Celtics,117,119,False
2022-01-18,Houston Rockets,LA Lakers,103,102,True
2022-01-18,Memphis Grizzlies,Milwaukee Bucks,108,103,True
2022-01-18,Denver Nuggets,Portland Trail Blazers,113,108,True
2022-01-18,Denver Nuggets,Cleveland Cavaliers,105,102,True
2022-01-18,LA Lakers,Toronto Raptors,116,109,True
2022-01-19,Memphis Grizzlies,Detroit Pistons,114,118,False
2022-01-19,Brooklyn Nets,LA Clippers,98,111,False
2022-01-19,LA Lakers,Detroit Pistons,122,119,True
2022-01-19,Utah Jazz,Boston Celtics,125,85,True
2022-01-19,LA Lakers,Milwaukee Bucks,113,101,True
2022-01-19,Brooklyn Nets,Golden State Warriors,98,120,False
2022-01-19,Dallas Mavericks,Boston Celtics,105,106,False
2022-01-19,Oklahoma City Thunder,Miami Heat,120,107,True
2022-01-19,Utah Jazz,LA Clippers,88,118,False
2022-01-19,Phoenix Suns,Atlanta Hawks,125,87,True
2022-01-20,San Antonio Spurs,Cleveland Cavaliers,119,124,False
2022-01-20,Denver Nuggets,Memphis Grizzlies,124,112,True
2022-01-20,Oklahoma City Thunder,Milwaukee Bucks,123,119,True
2022-01-20,LA Lakers,Utah Jazz,119,113,True
2022-01-20,Brooklyn Nets,Phoenix Suns,97,106,False
2022-01-20,Boston Celtics,Houston Rockets,112,111,True
2022-01-20,Dallas Mavericks,Portland Trail Blazers,123,98,True
2022-01-20,Boston Celtics,Philadelphia 76ers,105,120,False
2022-01-21,Orlando Magic,San Antonio Spurs,119,104,True
2022-01-21,Charlotte Hornets,Phoenix Suns,111,132,False
2022-01-21,Detroit Pistons,Indiana Pacers,98,105,False
2022-01-21,Golden State Warriors,Philadelphia 76ers,118,107,True
2022-01-21,Utah Jazz,Houston Rockets,91,115,False
2022-01-21,Minnesota Timberwolves,Brooklyn Nets,108,86,True
2022-01-21,New York Knicks,San Antonio Spurs,115,106,True
2022-01-21,New Orleans Pelicans,Portland Trail Blazers,122,113,True
2022-01-21,Memphis Grizzlies,Philadelphia 76ers,113,111,True
2022-01-21,Minnesota Timberwolves,Boston Celtics,108,117,False
2022-01-21,LA Clippers,Detroit Pistons,115,108,True
2022-01-22,Minnesota Timberwolves,Chicago Bulls,107,109,False
2022-01-22,Houston Rockets,LA Lakers,117,109,True
2022-01-22,Toronto Raptors,San Antonio Spurs,118,95,True
2022-01-22,Oklahoma City Thunder,Phoenix Suns,131,89,True
2022-01-22,Portland Trail Blazers,Minnesota Timberwolves,100,113,False
2022-01-22,Atlanta Hawks,Sacramento Kings,106,107,False
2022-01-22,LA Clippers,Denver Nuggets,88,104,False
2022-01-22,Phoenix Suns,Atlanta Hawks,95,111,False
2022-01-23,Denver Nuggets,Cleveland Cavaliers,114,108,True
2022-01-23,Chicago Bulls,Golden State Warriors,130,117,True
2022-01-23,Chicago Bulls,Toronto Raptors,112,114,False
2022-01-23,Oklahoma City Thunder,Atlanta Hawks,126,98,True
2022-01-23,New York Knicks,Phoenix Suns,104,107,False
2022-01-24,Phoenix Suns,Detroit Pistons,119,116,True
2022-01-24,Portland Trail Blazers,Toronto Raptors,129,104,True
2022-01-24,Cleveland Cavaliers,San Antonio Spurs,138,132,True
2022-01-24,Toronto Raptors,Detroit Pistons,115,119,False
2022-01-24,Washington Wizards,Philadelphia 76ers,120,109,True
2022-01-24,Dallas Mavericks,Milwaukee Bucks,108,114,False
2022-01-25,Milwaukee Bucks,Brooklyn Nets,120,89,True
2022-01-25,Orlando Magic,LA Clippers,109,94,True
2022-01-25,Memphis Grizzlies,Boston Celtics,108,107,True
2022-01-25,Memphis Grizzlies,New Orleans Pelicans,122,99,True
2022-01-25,Orlando Magic,Memphis Grizzlies,118,104,True
2022-01-25,Detroit Pistons,New York Knicks,128,88,True
2022-01-25,Sacramento Kings,Memphis Grizzlies,108,104,True
2022-01-25,Oklahoma City Thunder,Brooklyn Nets,113,104,True
2022-01-26,San Antonio Spurs,Charlotte Hornets,135,108,True
2022-01-26,Portland Trail Blazers,Dallas Mavericks,105,112,False
2022-01-26,LA Lakers,Orlando Magic,139,135,True
2022-01-26,San Antonio Spurs,Brooklyn Nets,98,112,False
2022-01-26,Sacramento Kings,Utah Jazz,98,103,False
2022-01-26,Miami Heat,Orlando Magic,119,99,True
2022-01-26,Cleveland Cavaliers,Boston Celtics,100,114,False
2022-01-27,Philadelphia 76ers,Detroit Pistons,117,109,True
2022-01-27,Philadelphia 76ers,Portland Trail Blazers,121,120,True
2022-01-27,Phoenix Suns,Portland Trail Blazers,117,104,True
2022-01-27,Dallas Mavericks,Golden State Warriors,101,144,False
2022-01-27,Dallas Mavericks,Charlotte Hornets,106,86,True
2022-01-27,Toronto Raptors,Sacramento Kings,118,102,True
2022-01-27,Chicago Bulls,Orlando Magic,134,109,True
2022-01-27,Memphis Grizzlies,Miami Heat,104,128,False
2022-01-27,Chicago Bulls,Milwaukee Bucks,109,122,False
2022-01-28,Indiana Pacers,San Antonio Spurs,131,86,True
2022-01-28,Memphis Grizzlies,Philadelphia 76ers,120,107,True
2022-01-28,Miami Heat,Minnesota Timberwolves,118,110,True
2022-01-28,Milwaukee Bucks,LA Lakers,119,120,False
2022-01-28,Golden State Warriors,Orlando Magic,111,107,True
2022-01-28,Orlando Magic,Cleveland Cavaliers,106,91,True
2022-01-28,Brooklyn Nets,Sacramento Kings,117,119,False
2022-01-28,LA Lakers,Philadelphia 76ers,91,114,False
2022-01-28,Golden State Warriors,Oklahoma City Thunder,123,126,False
2022-01-28,Golden State Warriors,Atlanta Hawks,120,116,True
2022-01-28,Milwaukee Bucks,Detroit Pistons,116,113,True
2022-01-28,San Antonio Spurs,New Orleans Pelicans,111,117,False
2022-01-28,Golden State Warriors,Orlando Magic,97,99,False
2022-01-29,Washington Wizards,Oklahoma City Thunder,105,110,False
2022-01-29,Utah Jazz,Charlotte Hornets,112,110,True
2022-01-29,Atlanta Hawks,Toronto Raptors,114,95,True
2022-01-29,Indiana Pacers,Oklahoma City Thunder,115,114,True
2022-01-29,Memphis Grizzlies,Charlotte Hornets,99,125,False
2022-01-30,Minnesota Timberwolves,Chicago Bulls,114,107,True
2022-01-30,San Antonio Spurs,New Orleans Pelicans,129,111,True
2022-01-30,LA Lakers,Miami Heat,126,104,True
2022-01-30,LA Lakers,Phoenix Suns,110,101,True
2022-01-30,Milwaukee Bucks,San Antonio Spurs,129,101,True
2022-01-30,Atlanta Hawks,LA Lakers,105,100,True
2022-01-31,Boston Celtics,Dallas Mavericks,118,113,True
2022-01-31,Chicago Bulls,Phoenix Suns,129,95,True
2022-01-31,Indiana Pacers,LA Clippers,90,96,False
2022-01-31,Atlanta Hawks,Oklahoma City Thunder,108,113,False
2022-01-31,Minnesota Timberwolves,Charlotte Hornets,135,94,True
2022-02-01,Indiana Pacers,Minnesota Timberwolves,112,109,True
2022-02-01,Indiana Pacers,Boston Celtics,117,107,True
2022-02-01,Charlotte Hornets,Chicago Bulls,117,109,True
2022-02-01,Chicago Bulls,Dallas Mavericks,111,113,False
2022-02-01,LA Clippers,Dallas Mavericks,104,103,True
2022-02-01,LA Clippers,Brooklyn Nets,117,123,False
2022-02-01,LA Clippers,Miami Heat,109,95,True
2022-02-01,Atlanta Hawks,Boston Celtics,107,95,True
2022-02-01,Memphis Grizzlies,Chicago Bulls,117,108,True
2022-02-01,Memphis Grizzlies,Phoenix Suns,111,116,False
2022-02-01,New Orleans Pelicans,Sacramento Kings,106,111,False
2022-02-01,LA Clippers,Boston Celtics,97,116,False
2022-02-01,Indiana Pacers,Sacramento Kings,117,113,True
2022-02-02,New Orleans Pelicans,Charlotte Hornets,99,132,False
2022-02-02,Washington Wizards,Boston Celtics,117,118,False
2022-02-02,San Antonio Spurs,LA Clippers,87,108,False
2022-02-02,Philadelphia 76ers,Chicago Bulls,89,122,False
2022-02-02,Miami Heat,Chicago Bulls,120,100,True
2022-02-02,Utah Jazz,Atlanta Hawks,127,102,True
2022-02-02,Boston Celtics,Philadelphia 76ers,110,108,True
2022-02-02,Chicago Bulls,Atlanta Hawks,126,95,True
2022-02-02,Phoenix Suns,San Antonio Spurs,132,113,True
2022-02-02,Cleveland Cavaliers,Miami Heat,110,108,True
2022-02-03,Atlanta Hawks,Milwaukee Bucks,107,114,False
2022-02-03,Portland Trail Blazers,Philadelphia 76ers,104,105,False
2022-02-03,Detroit Pistons,Chicago Bulls,108,111,False
2022-02-03,Philadelphia 76ers,Dallas Mavericks,119,121,False
2022-02-03,Milwaukee Bucks,New Orleans Pelicans,117,111,True
2022-02-03,Philadelphia 76ers,Memphis Grizzlies,120,112,True
2022-02-04,Indiana Pacers,Milwaukee Bucks,122,106,True
2022-02-04,LA Clippers,Portland Trail Blazers,99,96,True
2022-02-04,Sacramento Kings,New Orleans Pelicans,98,128,False
2022-02-04,Toronto Raptors,Philadelphia 76ers,95,129,False
2022-02-04,Chicago Bulls,Philadelphia 76ers,91,134,False
2022-02-04,Indiana Pacers,Detroit Pistons,139,130,True
2022-02-04,Atlanta Hawks,Charlotte Hornets,107,117,False
2022-02-05,Atlanta Hawks,New Orleans Pelicans,118,106,True
2022-02-05,Phoenix Suns,LA Clippers,116,114,True
2022-02-05,LA Lakers,Memphis Grizzlies,125,117,True
2022-02-05,Philadelphia 76ers,Detroit Pistons,129,112,True
2022-02-05,Cleveland Cavaliers,Philadelphia 76ers,112,126,False
2022-02-05,Washington Wizards,Golden State Warriors,126,118,True
2022-02-05,Phoenix Suns,LA Clippers,107,85,True
2022-02-05,Phoenix Suns,Utah Jazz,112,106,True
2022-02-05,Indiana Pacers,Washington Wizards,112,131,False
2022-02-05,Oklahoma City Thunder,Memphis Grizzlies,113,109,True
2022-02-05,Chicago Bulls,Dallas Mavericks,108,96,True
2022-02-05,Boston Celtics,Minnesota Timberwolves,117,87,True
2022-02-06,Milwaukee Bucks,Utah Jazz,127,104,True
2022-02-06,Minnesota Timberwolves,Phoenix Suns,104,114,False
2022-02-06,Indiana Pacers,Toronto Raptors,109,119,False
2022-02-06,Minnesota Timberwolves,Cleveland Cavaliers,89,122,False
2022-02-06,Detroit Pistons,Milwaukee Bucks,111,109,True
2022-02-06,Portland Trail Blazers,Golden State Warriors,109,111,False
2022-02-06,New Orleans Pelicans,Boston Celtics,103,136,False
2022-02-06,Atlanta Hawks,LA Clippers,137,130,True
2022-02-06,Memphis Grizzlies,Toronto Raptors,102,128,False
2022-02-07,Minnesota Timberwolves,Brooklyn Nets,126,120,True
2022-02-07,Golden State Warriors,San Antonio Spurs,98,90,True
2022-02-07,Minnesota Timberwolves,Dallas Mavericks,118,122,False
2022-02-07,Indiana Pacers,Minnesota Timberwolves,110,122,False
2022-02-07,Indiana Pacers,Golden State Warriors,124,105,True
2022-02-08,Phoenix Suns,Golden State Warriors,115,103,True
2022-02-08,Minnesota Timberwolves,Utah Jazz,124,121,True
2022-02-08,Philadelphia 76ers,Milwaukee Bucks,101,114,False
2022-02-08,Utah Jazz,Sacramento Kings,103,109,False
2022-02-08,Brooklyn Nets,Portland Trail Blazers,112,106,True
2022-02-08,Utah Jazz,Sacramento Kings,120,106,True
2022-02-08,Phoenix Suns,Sacramento Kings,100,96,True
2022-02-08,Utah Jazz,Washington Wizards,100,103,False
2022-02-08,LA Clippers,Boston Celtics,92,123,False
2022-02-08,Washington Wizards,LA Clippers,92,114,False
2022-02-08,Minnesota Timberwolves,Oklahoma City Thunder,110,123,False
2022-02-08,Miami Heat,New Orleans Pelicans,125,98,True
2022-02-08,New Orleans Pelicans,Minnesota Timberwolves,94,102,False
2022-02-08,Golden State Warriors,Boston Celtics,113,114,False
2022-02-09,Philadelphia 76ers,Dallas Mavericks,108,128,False
2022-02-09,Boston Celtics,LA Clippers,115,85,True
2022-02-09,Oklahoma City Thunder,Utah Jazz,120,115,True
2022-02-09,Minnesota Timberwolves,Miami Heat,102,130,False
2022-02-09,Portland Trail Blazers,Washington Wizards,129,118,True
2022-02-09,Milwaukee Bucks,Washington Wizards,122,105,True
2022-02-09,Brooklyn Nets,Philadelphia 76ers,117,89,True
2022-02-09,Toronto Raptors,Oklahoma City Thunder,104,111,False
2022-02-09,Portland Trail Blazers,Toronto Raptors,104,100,True
2022-02-09,Miami Heat,Washington Wizards,130,100,True
2022-02-10,Washington Wizards,Minnesota Timberwolves,85,122,False
2022-02-10,Milwaukee Bucks,LA Clippers,90,85,True
2022-02-10,Minnesota Timberwolves,Phoenix Suns,120,109,True
2022-02-10,Utah Jazz,Sacramento Kings,110,98,True
2022-02-10,New Orleans Pelicans,Chicago Bulls,114,100,True
2022-02-10,Chicago Bulls,San Antonio Spurs,106,94,True
2022-02-10,New Orleans Pelicans,Brooklyn Nets,108,104,True
2022-02-10,Philadelphia 76ers,Milwaukee Bucks,116,112,True
2022-02-10,Brooklyn Nets,Cleveland Cavaliers,106,85,True
2022-02-10,Memphis Grizzlies,Golden State Warriors,120,126,False
2022-02-10,Golden State Warriors,Detroit Pistons,115,93,True
2022-02-11,Boston Celtics,Chicago Bulls,89,136,False
2022-02-11,Utah Jazz,Dallas Mavericks,114,118,False
2022-02-11,Brooklyn Nets,Minnesota Timberwolves,100,108,False
2022-02-11,Chicago Bulls,Dallas Mavericks,119,122,False
2022-02-11,Phoenix Suns,Sacramento Kings,101,99,True
2022-02-11,Dallas Mavericks,Cleveland Cavaliers,122,117,True
2022-02-11,Milwaukee Bucks,Memphis Grizzlies,107,123,False
2022-02-11,San Antonio Spurs,Portland Trail Blazers,109,94,True
2022-02-11,Oklahoma City Thunder,Portland Trail Blazers,114,103,True
2022-02-11,Phoenix Suns,Miami Heat,115,113,True
2022-02-12,Boston Celtics,Oklahoma City Thunder,119,124,False
2022-02-12,Minnesota Timberwolves,Milwaukee Bucks,113,110,True
2022-02-12,Washington Wizards,San Antonio Spurs,123,106,True
2022-02-12,Dallas Mavericks,Miami Heat,127,136,False
2022-02-12,Dallas Mavericks,Brooklyn Nets,117,115,True
2022-02-12,Miami Heat,New Orleans Pelicans,117,124,False
2022-02-12,Sacramento Kings,Utah Jazz,119,114,True
2022-02-12,Oklahoma City Thunder,Cleveland Cavaliers,114,106,True
2022-02-12,Boston Celtics,New Orleans Pelicans,119,92,True
2022-02-12,Utah Jazz,Washington Wizards,120,111,True
2022-02-12,Cleveland Cavaliers,Golden State Warriors,104,127,False
2022-02-12,Memphis Grizzlies,Miami Heat,108,126,False
2022-02-12,Utah Jazz,San Antonio Spurs,122,115,True
2022-02-13,Utah Jazz,Oklahoma City Thunder,91,118,False
2022-02-13,Boston Celtics,Oklahoma City Thunder,94,107,False
2022-02-13,Oklahoma City Thunder,Boston Celtics,132,125,True
2022-02-13,New Orleans Pelicans,Boston Celtics,104,123,False
2022-02-13,Chicago Bulls,Miami Heat,115,105,True
2022-02-13,Milwaukee Bucks,Chicago Bulls,120,114,True
2022-02-13,Portland Trail Blazers,Milwaukee Bucks,109,111,False
2022-02-13,Boston Celtics,Cleveland Cavaliers,100,108,False
2022-02-13,Utah Jazz,Golden State Warriors,105,106,False
2022-02-13,Washington Wizards,Utah Jazz,121,113,True
2022-02-14,Oklahoma City Thunder,San Antonio Spurs,125,93,True
2022-02-14,San Antonio Spurs,Washington Wizards,109,120,False
2022-02-14,Washington Wizards,San Antonio Spurs,109,106,True
2022-02-14,Miami Heat,Minnesota Timberwolves,115,104,True
2022-02-14,Oklahoma City Thunder,Cleveland Cavaliers,111,95,True
2022-02-14,Minnesota Timberwolves,Washington Wizards,119,114,True
2022-02-14,San Antonio Spurs,Cleveland Cavaliers,109,142,False
2022-02-14,Washington Wizards,Portland Trail Blazers,140,134,True
2022-02-14,Utah Jazz,Brooklyn Nets,105,102,True
2022-02-14,Golden State Warriors,New Orleans Pelicans,112,94,True
2022-02-14,Golden State Warriors,Cleveland Cavaliers,113,98,True
2022-02-14,Milwaukee Bucks,Portland Trail Blazers,111,94,True
2022-02-14,Oklahoma City Thunder,Golden State Warriors,133,99,True
2022-02-15,Cleveland Cavaliers,Utah Jazz,127,102,True
2022-02-15,Milwaukee Bucks,Brooklyn Nets,111,102,True
2022-02-15,Miami Heat,Milwaukee Bucks,111,121,False
2022-02-15,Washington Wizards,Portland Trail Blazers,122,119,True
2022-02-15,Brooklyn Nets,Utah Jazz,102,101,True
2022-02-15,Milwaukee Bucks,Golden State Warriors,123,98,True
2022-02-15,Miami Heat,Milwaukee Bucks,116,105,True
2022-02-15,Cleveland Cavaliers,Brooklyn Nets,122,102,True
2022-02-15,Miami Heat,Utah Jazz,127,107,True
2022-02-16,Utah Jazz,Brooklyn Nets,109,100,True
2022-02-16,Brooklyn Nets,Utah Jazz,114,92,True
2022-02-16,Brooklyn Nets,Utah Jazz,124,96,True
2022-02-16,Washington Wizards,Utah Jazz,137,115,True
2022-02-16,Utah Jazz,Washington Wizards,113,103,True
2022-02-16,Milwaukee Bucks,Utah Jazz,109,116,False
2022-02-16,Washington Wizards,Portland Trail Blazers,113,121,False
2022-02-16,Brooklyn Nets,Miami Heat,101,111,False
2022-02-16,Golden State Warriors,Brooklyn Nets,116,93,True
2022-02-16,Milwaukee Bucks,Miami Heat,92,121,False
2022-02-16,Cleveland Cavaliers,Milwaukee Bucks,117,109,True
2022-02-16,Oklahoma City Thunder,Utah Jazz,112,91,True
2022-02-16,Utah Jazz,Oklahoma City Thunder,113,119,False
2022-02-16,Golden State Warriors,Brooklyn Nets,103,97,True
2022-02-17,Washington Wizards,Utah Jazz,121,113,True
2022-02-17,Washington Wizards,Utah Jazz,98,118,False
2022-10-15,Orlando Magic,Miami Heat,116,109,True
2022-10-15,Chicago Bulls,Charlotte Hornets,114,105,True
2022-10-15,New York Knicks,Oklahoma City Thunder,99,118,False
2022-10-15,Miami Heat,Charlotte Hornets,116,105,True
2022-10-15,LA Lakers,Golden State Warriors,94,132,False
2022-10-15,New Orleans Pelicans,Washington Wizards,115,111,True
2022-10-15,Phoenix Suns,Chicago Bulls,104,115,False
2022-10-15,New York Knicks,Philadelphia 76ers,100,108,False
2022-10-16,Washington Wizards,Utah Jazz,121,95,True
2022-10-16,Detroit Pistons,Utah Jazz,111,119,False
2022-10-16,Houston Rockets,Golden State Warriors,93,122,False
2022-10-16,Denver Nuggets,Chicago Bulls,104,98,True
2022-10-16,Indiana Pacers,Milwaukee Bucks,115,118,False
2022-10-16,Portland Trail Blazers,Phoenix Suns,110,91,True
2022-10-16,Indiana Pacers,Portland Trail Blazers,113,86,True
2022-10-16,Memphis Grizzlies,Utah Jazz,109,107,True
2022-10-16,Utah Jazz,Charlotte Hornets,107,120,False
2022-10-16,LA Lakers,New Orleans Pelicans,116,108,True
2022-10-17,Sacramento Kings,Indiana Pacers,117,113,True
2022-10-17,Sacramento Kings,Minnesota Timberwolves,103,111,False
2022-10-17,Charlotte Hornets,Milwaukee Bucks,133,136,False
2022-10-17,Atlanta Hawks,Oklahoma City Thunder,116,118,False
2022-10-17,Denver Nuggets,Toronto Raptors,120,92,True
2022-10-17,Oklahoma City Thunder,LA Clippers,127,124,True
2022-10-17,Boston Celtics,New Orleans Pelicans,116,125,False
2022-10-17,Oklahoma City Thunder,New York Knicks,125,116,True
2022-10-18,Miami Heat,Oklahoma City Thunder,121,99,True
2022-10-18,Oklahoma City Thunder,Boston Celtics,128,97,True
2022-10-18,Chicago Bulls,LA Lakers,91,119,False
2022-10-18,New York Knicks,Memphis Grizzlies,114,105,True
2022-10-18,Orlando Magic,Chicago Bulls,113,107,True
2022-10-18,Dallas Mavericks,New York Knicks,119,98,True
2022-10-18,New Orleans Pelicans,Minnesota Timberwolves,123,114,True
2022-10-18,Minnesota Timberwolves,LA Lakers,103,85,True
2022-10-18,San Antonio Spurs,Memphis Grizzlies,114,111,True
2022-10-18,Phoenix Suns,Miami Heat,117,122,False
2022-10-18,Philadelphia 76ers,Sacramento Kings,131,130,True
2022-10-18,Boston Celtics,Philadelphia 76ers,109,118,False
2022-10-18,Minnesota Timberwolves,Cleveland Cavaliers,124,118,True
2022-10-19,Utah Jazz,Golden State Warriors,114,110,True
2022-10-19,Denver Nuggets,Houston Rockets,124,114,True
2022-10-19,Minnesota Timberwolves,Milwaukee Bucks,128,130,False
2022-10-19,Cleveland Cavaliers,Portland Trail Blazers,126,125,True
2022-10-19,Houston Rockets,Dallas Mavericks,89,125,False
2022-10-19,Dallas Mavericks,Cleveland Cavaliers,133,126,True
2022-10-19,San Antonio Spurs,Phoenix Suns,117,114,True
2022-10-19,Atlanta Hawks,Boston Celtics,128,120,True
2022-10-19,Sacramento Kings,LA Clippers,118,120,False
2022-10-19,Charlotte Hornets,San Antonio Spurs,114,96,True
2022-10-19,Minnesota Timberwolves,LA Clippers,123,131,False
2022-10-19,Orlando Magic,Houston Rockets,106,107,False
2022-10-20,Toronto Raptors,New Orleans Pelicans,109,104,True
2022-10-20,Miami Heat,LA Lakers,117,116,True
2022-10-20,Chicago Bulls,Detroit Pistons,107,99,True
2022-10-20,Chicago Bulls,Indiana Pacers,109,111,False
2022-10-20,Philadelphia 76ers,Miami Heat,123,113,True
2022-10-20,New Orleans Pelicans,Orlando Magic,104,109,False
2022-10-20,Indiana Pacers,Dallas Mavericks,110,113,False
2022-10-21,Dallas Mavericks,Golden State Warriors,120,100,True
2022-10-21,Portland Trail Blazers,Brooklyn Nets,137,133,True
2022-10-21,Miami Heat,San Antonio Spurs,105,128,False
2022-10-21,Toronto Raptors,Boston Celtics,106,128,False
2022-10-21,Sacramento Kings,Charlotte Hornets,120,96,True
2022-10-21,Sacramento Kings,Orlando Magic,113,101,True
2022-10-21,Miami Heat,Chicago Bulls,115,97,True
2022-10-21,Dallas Mavericks,Golden State Warriors,107,90,True
2022-10-22,Phoenix Suns,San Antonio Spurs,121,93,True
2022-10-22,Golden State Warriors,Toronto Raptors,116,109,True
2022-10-22,Minnesota Timberwolves,New Orleans Pelicans,115,112,True
2022-10-22,Portland Trail Blazers,Denver Nuggets,120,121,False
2022-10-22,Dallas Mavericks,Cleveland Cavaliers,115,132,False
2022-10-22,Oklahoma City Thunder,Boston Celtics,113,103,True
2022-10-22,Phoenix Suns,Dallas Mavericks,110,121,False
2022-10-22,New York Knicks,Indiana Pacers,119,113,True
2022-10-22,Orlando Magic,Phoenix Suns,111,126,False
2022-10-22,Sacramento Kings,LA Lakers,91,103,False
2022-10-23,New York Knicks,Memphis Grizzlies,100,122,False
2022-10-23,Dallas Mavericks,New York Knicks,105,127,False
2022-10-23,Chicago Bulls,Milwaukee Bucks,95,125,False
2022-10-23,Detroit Pistons,Houston Rockets,127,128,False
2022-10-23,Minnesota Timberwolves,Denver Nuggets,120,123,False
2022-10-23,San Antonio Spurs,Utah Jazz,117,114,True
2022-10-23,Toronto Raptors,San Antonio Spurs,112,93,True
2022-10-23,Cleveland Cavaliers,Phoenix Suns,119,126,False
2022-10-23,Denver Nuggets,LA Lakers,115,103,True
2022-10-23,Charlotte Hornets,Memphis Grizzlies,122,117,True
2022-10-23,Phoenix Suns,Golden State Warriors,117,96,True
2022-10-24,Toronto Raptors,Dallas Mavericks,98,112,False
2022-10-24,New Orleans Pelicans,Orlando Magic,112,93,True
2022-10-24,LA Lakers,Golden State Warriors,102,112,False
2022-10-24,Atlanta Hawks,Detroit Pistons,118,119,False
2022-10-24,Toronto Raptors,Utah Jazz,137,130,True
2022-10-24,Brooklyn Nets,Cleveland Cavaliers,85,113,False
2022-10-24,Sacramento Kings,LA Clippers,108,100,True
2022-10-24,Indiana Pacers,Phoenix Suns,87,116,False
2022-10-25,Minnesota Timberwolves,Sacramento Kings,112,108,True
2022-10-25,LA Lakers,Utah Jazz,124,109,True
2022-10-25,Indiana Pacers,Denver Nuggets,94,103,False
2022-10-25,San Antonio Spurs,Minnesota Timberwolves,100,131,False
2022-10-25,Oklahoma City Thunder,Atlanta Hawks,122,113,True
2022-10-25,Washington Wizards,Atlanta Hawks,100,94,True
2022-10-25,Denver Nuggets,LA Clippers,100,97,True
2022-10-25,Minnesota Timberwolves,Milwaukee Bucks,105,94,True
2022-10-25,Detroit Pistons,Indiana Pacers,125,109,True
2022-10-25,Philadelphia 76ers,Toronto Raptors,111,108,True
2022-10-25,Chicago Bulls,San Antonio Spurs,118,113,True
2022-10-25,LA Lakers,Cleveland Cavaliers,85,117,False
2022-10-25,San Antonio Spurs,Utah Jazz,111,105,True
2022-10-26,Detroit Pistons,Utah Jazz,112,106,True
2022-10-26,Washington Wizards,Sacramento Kings,115,116,False
2022-10-26,Dallas Mavericks,Phoenix Suns,98,111,False
2022-10-26,Oklahoma City Thunder,Golden State Warriors,108,99,True
2022-10-26,Brooklyn Nets,LA Lakers,104,90,True
2022-10-27,Philadelphia 76ers,Milwaukee Bucks,120,93,True
2022-10-27,Washington Wizards,Toronto Raptors,90,119,False
2022-10-27,New Orleans Pelicans,Washington Wizards,106,113,False
2022-10-27,Detroit Pistons,Washington Wizards,126,130,False
2022-10-27,Dallas Mavericks,LA Lakers,114,97,True
2022-10-27,Indiana Pacers,New Orleans Pelicans,120,113,True
2022-10-27,San Antonio Spurs,Sacramento Kings,118,95,True
2022-10-27,San Antonio Spurs,Minnesota Timberwolves,114,119,False
2022-10-27,Orlando Magic,LA Clippers,120,122,False
2022-10-27,Sacramento Kings,Philadelphia 76ers,112,113,False
2022-10-28,New Orleans Pelicans,Denver Nuggets,111,114,False
2022-10-28,Indiana Pacers,LA Clippers,119,102,True
2022-10-28,Boston Celtics,Atlanta Hawks,94,100,False
2022-10-28,Minnesota Timberwolves,Portland Trail Blazers,131,97,True
2022-10-28,Dallas Mavericks,Miami Heat,122,114,True
2022-10-28,LA Clippers,Indiana Pacers,114,113,True
2022-10-28,LA Lakers,Sacramento Kings,94,114,False
2022-10-28,Houston Rockets,Boston Celtics,105,119,False
2022-10-28,Sacramento Kings,LA Clippers,130,102,True
2022-10-28,Washington Wizards,Orlando Magic,97,123,False
2022-10-28,Sacramento Kings,Detroit Pistons,114,106,True
2022-10-28,Phoenix Suns,Charlotte Hornets,131,107,True
2022-10-29,Orlando Magic,Denver Nuggets,116,122,False
2022-10-29,Memphis Grizzlies,Dallas Mavericks,111,120,False
2022-10-29,Golden State Warriors,Memphis Grizzlies,111,107,True
2022-10-29,Miami Heat,LA Clippers,108,106,True
2022-10-29,Denver Nuggets,Portland Trail Blazers,127,92,True
2022-10-29,Chicago Bulls,Orlando Magic,98,109,False
2022-10-29,New Orleans Pelicans,Detroit Pistons,107,108,False
2022-10-29,Oklahoma City Thunder,Washington Wizards,128,115,True
2022-10-29,Portland Trail Blazers,Dallas Mavericks,96,107,False
2022-10-29,Orlando Magic,Charlotte Hornets,99,109,False
2022-10-29,Washington Wizards,LA Clippers,109,108,True
2022-10-30,Brooklyn Nets,Toronto Raptors,111,110,True
2022-10-30,Dallas Mavericks,Philadelphia 76ers,121,107,True
2022-10-30,Miami Heat,Chicago Bulls,115,101,True
2022-10-30,Washington Wizards,Memphis Grizzlies,99,112,False
2022-10-30,Orlando Magic,Boston Celtics,91,114,False
2022-10-31,Oklahoma City Thunder,Dallas Mavericks,118,110,True
2022-10-31,Utah Jazz,Brooklyn Nets,96,109,False
2022-10-31,Milwaukee Bucks,Minnesota Timberwolves,115,123,False
2022-10-31,Miami Heat,LA Clippers,130,108,True
2022-10-31,Portland Trail Blazers,Detroit Pistons,120,113,True
2022-10-31,LA Lakers,Boston Celtics,92,122,False
2022-10-31,Philadelphia 76ers,San Antonio Spurs,102,86,True
2022-10-31,Washington Wizards,Atlanta Hawks,105,100,True
2022-10-31,Philadelphia 76ers,Indiana Pacers,134,130,True
2022-10-31,Oklahoma City Thunder,Toronto Raptors,108,127,False
2022-10-31,Portland Trail Blazers,Golden State Warriors,111,120,False
2022-10-31,Brooklyn Nets,Minnesota Timberwolves,89,103,False
2022-10-31,Boston Celtics,Sacramento Kings,119,107,True
2022-11-01,Sacramento Kings,Miami Heat,121,120,True
2022-11-01,Charlotte Hornets,Boston Celtics,114,118,False
2022-11-01,Portland Trail Blazers,Detroit Pistons,120,114,True
2022-11-01,Detroit Pistons,Utah Jazz,115,88,True
2022-11-01,Chicago Bulls,Indiana Pacers,107,92,True
2022-11-01,Memphis Grizzlies,Houston Rockets,106,132,False
2022-11-01,Washington Wizards,Orlando Magic,92,117,False
2022-11-01,Milwaukee Bucks,Orlando Magic,115,114,True
2022-11-01,Dallas Mavericks,Sacramento Kings,123,90,True
2022-11-01,Dallas Mavericks,Brooklyn Nets,121,119,True
2022-11-02,San Antonio Spurs,Indiana Pacers,116,105,True
2022-11-02,Sacramento Kings,Milwaukee Bucks,119,127,False
2022-11-02,Washington Wizards,Dallas Mavericks,108,105,True
2022-11-02,Phoenix Suns,Charlotte Hornets,112,111,True
2022-11-02,Sacramento Kings,Atlanta Hawks,109,115,False
2022-11-02,Utah Jazz,Brooklyn Nets,109,92,True
2022-11-03,Minnesota Timberwolves,Boston Celtics,121,129,False
2022-11-03,Houston Rockets,Charlotte Hornets,120,118,True
2022-11-03,Orlando Magic,Houston Rockets,115,124,False
2022-11-03,Phoenix Suns,Chicago Bulls,125,94,True
2022-11-03,Charlotte Hornets,Memphis Grizzlies,116,120,False
2022-11-04,San Antonio Spurs,Chicago Bulls,108,119,False
2022-11-04,Oklahoma City Thunder,New Orleans Pelicans,115,96,True
2022-11-04,Golden State Warriors,Washington Wizards,117,106,True
2022-11-04,Philadelphia 76ers,Boston Celtics,109,114,False
2022-11-04,Indiana Pacers,LA Lakers,104,121,False
2022-11-05,Charlotte Hornets,Oklahoma City Thunder,136,96,True
2022-11-05,Toronto Raptors,Philadelphia 76ers,119,121,False
2022-11-05,Atlanta Hawks,Cleveland Cavaliers,124,114,True
2022-11-05,LA Lakers,Portland Trail Blazers,109,86,True
2022-11-05,Charlotte Hornets,Detroit Pistons,135,128,True
2022-11-05,Chicago Bulls,Brooklyn Nets,124,88,True
2022-11-05,Washington Wizards,Cleveland Cavaliers,112,115,False
2022-11-05,Portland Trail Blazers,Golden State Warriors,97,111,False
2022-11-05,Miami Heat,Orlando Magic,129,133,False
2022-11-05,Memphis Grizzlies,Indiana Pacers,112,117,False
2022-11-05,Brooklyn Nets,Atlanta Hawks,120,99,True
2022-11-05,Phoenix Suns,Oklahoma City Thunder,103,106,False
2022-11-05,Charlotte Hornets,New Orleans Pelicans,110,112,False
2022-11-05,San Antonio Spurs,Cleveland Cavaliers,105,96,True
2022-11-06,LA Clippers,Minnesota Timberwolves,107,88,True
2022-11-06,Orlando Magic,Houston Rockets,96,110,False
2022-11-06,Chicago Bulls,Portland Trail Blazers,131,122,True
2022-11-06,Miami Heat,Dallas Mavericks,122,106,True
2022-11-06,Oklahoma City Thunder,Toronto Raptors,115,119,False
2022-11-06,Golden State Warriors,Denver Nuggets,107,103,True
2022-11-06,Phoenix Suns,New York Knicks,115,103,True
2022-11-06,Utah Jazz,Dallas Mavericks,98,108,False
2022-11-07,Indiana Pacers,Boston Celtics,110,98,True
2022-11-07,Chicago Bulls,Dallas Mavericks,112,96,True
2022-11-07,Atlanta Hawks,Cleveland Cavaliers,111,102,True
2022-11-07,LA Lakers,New Orleans Pelicans,125,116,True
2022-11-07,Cleveland Cavaliers,Memphis Grizzlies,132,106,True
2022-11-08,LA Clippers,Denver Nuggets,127,107,True
2022-11-08,Toronto Raptors,Minnesota Timberwolves,87,104,False
2022-11-08,Oklahoma City Thunder,LA Clippers,117,114,True
2022-11-08,Dallas Mavericks,Indiana Pacers,108,85,True
2022-11-08,Denver Nuggets,Oklahoma City Thunder,93,123,False
2022-11-09,Washington Wizards,Minnesota Timberwolves,128,133,False
2022-11-09,Phoenix Suns,San Antonio Spurs,113,110,True
2022-11-09,Chicago Bulls,Portland Trail Blazers,121,118,True
2022-11-09,Phoenix Suns,Detroit Pistons,116,113,True
2022-11-09,Miami Heat,New Orleans Pelicans,85,115,False
2022-11-09,Milwaukee Bucks,Denver Nuggets,104,100,True
2022-11-09,LA Clippers,Charlotte Hornets,93,116,False
2022-11-09,Atlanta Hawks,Denver Nuggets,106,122,False
2022-11-09,Detroit Pistons,Indiana Pacers,131,98,True
2022-11-09,Atlanta Hawks,Washington Wizards,102,109,False
2022-11-09,Atlanta Hawks,Sacramento Kings,115,128,False
2022-11-09,Washington Wizards,Toronto Raptors,109,94,True
2022-11-09,New York Knicks,Indiana Pacers,111,113,False
2022-11-10,Cleveland Cavaliers,LA Clippers,88,102,False
2022-11-10,Portland Trail Blazers,New York Knicks,105,112,False
2022-11-10,LA Clippers,Houston Rockets,119,123,False
2022-11-10,Utah Jazz,Memphis Grizzlies,110,118,False
2022-11-10,New York Knicks,Washington Wizards,113,107,True
2022-11-11,Phoenix Suns,Portland Trail Blazers,115,105,True
2022-11-11,LA Clippers,Washington Wizards,106,104,True
2022-11-11,Philadelphia 76ers,Dallas Mavericks,129,123,True
2022-11-11,Portland Trail Blazers,Oklahoma City Thunder,96,110,False
2022-11-11,LA Clippers,LA Lakers,125,100,True
2022-11-11,Orlando Magic,LA Lakers,121,98,True
2022-11-11,Memphis Grizzlies,Boston Celtics,124,121,True
2022-11-11,San Antonio Spurs,Dallas Mavericks,92,103,False
2022-11-11,Miami Heat,Houston Rockets,118,96,True
2022-11-11,Phoenix Suns,Chicago Bulls,138,100,True
2022-11-11,Minnesota Timberwolves,Brooklyn Nets,107,102,True
2022-11-12,Dallas Mavericks,San Antonio Spurs,127,85,True
2022-11-12,San Antonio Spurs,New York Knicks,106,102,True
2022-11-12,Miami Heat,Milwaukee Bucks,101,114,False
2022-11-12,Chicago Bulls,New York Knicks,119,124,False
2022-11-12,Chicago Bulls,Phoenix Suns,104,107,False
2022-11-12,Memphis Grizzlies,Boston Celtics,96,110,False
2022-11-12,Washington Wizards,Orlando Magic,91,98,False
2022-11-13,Atlanta Hawks,Chicago Bulls,118,126,False
2022-11-13,Orlando Magic,Houston Rockets,122,105,True
2022-11-13,LA Clippers,Orlando Magic,123,114,True
2022-11-13,Orlando Magic,Denver Nuggets,87,124,False
2022-11-13,Golden State Warriors,New Orleans Pelicans,104,97,True
2022-11-13,San Antonio Spurs,Houston Rockets,103,123,False
2022-11-13,Miami Heat,Charlotte Hornets,110,103,True
2022-11-13,Milwaukee Bucks,Sacramento Kings,126,92,True
2022-11-14,LA Clippers,New Orleans Pelicans,100,92,True
2022-11-14,Philadelphia 76ers,Portland Trail Blazers,109,105,True
2022-11-14,Chicago Bulls,Houston Rockets,102,85,True
2022-11-14,LA Clippers,Memphis Grizzlies,111,103,True
2022-11-14,Cleveland Cavaliers,Brooklyn Nets,113,128,False
2022-11-14,Washington Wizards,Charlotte Hornets,126,106,True
2022-11-14,San Antonio Spurs,Portland Trail Blazers,104,85,True
2022-11-14,LA Lakers,Miami Heat,115,124,False
2022-11-14,LA Lakers,Philadelphia 76ers,105,113,False
2022-11-15,Toronto Raptors,Denver Nuggets,118,122,False
2022-11-15,Sacramento Kings,Golden State Warriors,105,116,False
2022-11-15,Minnesota Timberwolves,Toronto Raptors,125,97,True
2022-11-15,Memphis Grizzlies,Cleveland Cavaliers,124,85,True
2022-11-15,Utah Jazz,Atlanta Hawks,117,113,True
2022-11-15,LA Clippers,Charlotte Hornets,122,116,True
2022-11-15,Atlanta Hawks,Oklahoma City Thunder,114,104,True
2022-11-15,Charlotte Hornets,Dallas Mavericks,112,105,True
2022-11-15,Charlotte Hornets,Boston Celtics,102,126,False
2022-11-16,Philadelphia 76ers,Oklahoma City Thunder,88,122,False
2022-11-16,Utah Jazz,Memphis Grizzlies,112,105,True
2022-11-16,Denver Nuggets,Utah Jazz,99,119,False
2022-11-16,Oklahoma City Thunder,Chicago Bulls,122,119,True
2022-11-16,LA Clippers,Indiana Pacers,135,91,True
2022-11-16,Milwaukee Bucks,Chicago Bulls,110,95,True
2022-11-16,Sacramento Kings,Indiana Pacers,117,97,True
2022-11-16,Boston Celtics,Dallas Mavericks,98,136,False
2022-11-16,Oklahoma City Thunder,Brooklyn Nets,117,107,True
2022-11-16,Oklahoma City Thunder,San Antonio Spurs,119,115,True
2022-11-16,Chicago Bulls,LA Lakers,117,103,True
2022-11-17,Memphis Grizzlies,Minnesota Timberwolves,121,103,True
2022-11-17,Phoenix Suns,Detroit Pistons,143,108,True
2022-11-17,Boston Celtics,LA Lakers,135,112,True
2022-11-17,Detroit Pistons,Brooklyn Nets,113,103,True
2022-11-17,Toronto Raptors,Washington Wizards,119,118,True
2022-11-17,Houston Rockets,Boston Celtics,122,104,True
2022-11-17,Detroit Pistons,LA Lakers,102,110,False
2022-11-17,Charlotte Hornets,Boston Celtics,129,102,True
2022-11-17,Chicago Bulls,Indiana Pacers,126,105,True
2022-11-17,Boston Celtics,Washington Wizards,117,112,True
2022-11-17,Toronto Raptors,LA Lakers,131,110,True
2022-11-18,Phoenix Suns,San Antonio Spurs,111,105,True
2022-11-18,Portland Trail Blazers,Toronto Raptors,105,125,False
2022-11-18,Atlanta Hawks,Toronto Raptors,117,109,True
2022-11-18,Detroit Pistons,Denver Nuggets,120,104,True
2022-11-18,Houston Rockets,New York Knicks,107,110,False
2022-11-18,San Antonio Spurs,Milwaukee Bucks,121,125,False
2022-11-18,Philadelphia 76ers,Utah Jazz,115,102,True
2022-11-18,Miami Heat,Boston Celtics,123,105,True
2022-11-18,Houston Rockets,LA Lakers,127,109,True
2022-11-18,Chicago Bulls,Utah Jazz,94,116,False
2022-11-18,Philadelphia 76ers,Indiana Pacers,127,118,True
2022-11-18,Boston Celtics,Portland Trail Blazers,127,113,True
2022-11-18,Minnesota Timberwolves,Oklahoma City Thunder,125,110,True
2022-11-19,New York Knicks,Phoenix Suns,123,92,True
2022-11-19,Philadelphia 76ers,Charlotte Hornets,111,96,True
2022-11-19,New York Knicks,Atlanta Hawks,109,95,True
2022-11-19,Chicago Bulls,Washington Wizards,117,98,True
2022-11-19,Portland Trail Blazers,Memphis Grizzlies,131,130,True
2022-11-19,Orlando Magic,San Antonio Spurs,127,122,True
2022-11-20,Cleveland Cavaliers,Detroit Pistons,122,109,True
2022-11-20,Dallas Mavericks,Golden State Warriors,112,111,True
2022-11-20,Golden State Warriors,Indiana Pacers,112,100,True
2022-11-20,Minnesota Timberwolves,New Orleans Pelicans,121,112,True
2022-11-20,Utah Jazz,Golden State Warriors,116,113,True
2022-11-20,LA Lakers,New York Knicks,111,94,True
2022-11-20,Chicago Bulls,LA Lakers,119,106,True
2022-11-20,Minnesota Timberwolves,Boston Celtics,106,115,False
2022-11-20,San Antonio Spurs,Oklahoma City Thunder,109,108,True
2022-11-20,Washington Wizards,Orlando Magic,125,118,True
2022-11-20,LA Clippers,San Antonio Spurs,116,109,True
2022-11-20,Charlotte Hornets,Orlando Magic,119,95,True
2022-11-20,New York Knicks,Portland Trail Blazers,119,110,True
2022-11-20,Miami Heat,Orlando Magic,98,120,False
2022-11-21,LA Lakers,Cleveland Cavaliers,116,115,True
2022-11-21,Oklahoma City Thunder,LA Clippers,108,85,True
2022-11-21,Houston Rockets,Dallas Mavericks,122,117,True
2022-11-21,Charlotte Hornets,Washington Wizards,125,98,True
2022-11-21,Golden State Warriors,Memphis Grizzlies,96,103,False
2022-11-21,Golden State Warriors,LA Clippers,136,133,True
2022-11-21,Atlanta Hawks,Philadelphia 76ers,105,107,False
2022-11-21,Indiana Pacers,Sacramento Kings,141,133,True
2022-11-21,Dallas Mavericks,Denver Nuggets,118,121,False
2022-11-21,Washington Wizards,Philadelphia 76ers,100,125,False
2022-11-22,Milwaukee Bucks,Cleveland Cavaliers,126,116,True
2022-11-22,Chicago Bulls,New Orleans Pelicans,114,104,True
2022-11-22,Golden State Warriors,Philadelphia 76ers,102,128,False
2022-11-22,LA Lakers,Dallas Mavericks,110,98,True
2022-11-22,Dallas Mavericks,Sacramento Kings,98,96,True
2022-11-22,LA Lakers,Detroit Pistons,107,105,True
2022-11-22,Chicago Bulls,Miami Heat,117,107,True
2022-11-22,Denver Nuggets,Sacramento Kings,112,109,True
2022-11-22,Utah Jazz,Philadelphia 76ers,116,111,True
2022-11-22,Houston Rockets,LA Clippers,93,103,False
2022-11-22,Atlanta Hawks,Portland Trail Blazers,87,116,False
2022-11-22,Orlando Magic,New York Knicks,122,110,True
2022-11-23,Golden State Warriors,Memphis Grizzlies,114,118,False
2022-11-23,San Antonio Spurs,Orlando Magic,107,99,True
2022-11-23,Philadelphia 76ers,Boston Celtics,115,98,True
2022-11-23,Atlanta Hawks,Cleveland Cavaliers,112,133,False
2022-11-23,Boston Celtics,Cleveland Cavaliers,107,110,False
2022-11-23,Dallas Mavericks,Denver Nuggets,115,118,False
2022-11-23,Detroit Pistons,Denver Nuggets,116,104,True
2022-11-23,Detroit Pistons,Dallas Mavericks,110,109,True
2022-11-23,Golden State Warriors,Phoenix Suns,103,105,False
2022-11-23,Golden State Warriors,Denver Nuggets,101,116,False
2022-11-23,Charlotte Hornets,Brooklyn Nets,106,112,False
2022-11-24,Toronto Raptors,LA Clippers,104,94,True
2022-11-24,Milwaukee Bucks,LA Lakers,109,105,True
2022-11-24,New Orleans Pelicans,Detroit Pistons,96,107,False
2022-11-24,Philadelphia 76ers,Brooklyn Nets,123,121,True
2022-11-24,Golden State Warriors,Washington Wizards,118,102,True
2022-11-24,Oklahoma City Thunder,Washington Wizards,113,102,True
2022-11-24,Dallas Mavericks,Boston Celtics,125,116,True
2022-11-24,Brooklyn Nets,New York Knicks,109,112,False
2022-11-24,Boston Celtics,Cleveland Cavaliers,106,125,False
2022-11-24,Atlanta Hawks,Charlotte Hornets,127,98,True
2022-11-24,Toronto Raptors,Philadelphia 76ers,116,136,False
2022-11-25,Houston Rockets,Indiana Pacers,129,115,True
2022-11-25,Oklahoma City Thunder,Golden State Warriors,115,100,True
2022-11-25,Atlanta Hawks,Golden State Warriors,99,110,False
2022-11-25,Utah Jazz,Phoenix Suns,100,107,False
2022-11-25,Portland Trail Blazers,Sacramento Kings,102,112,False
2022-11-26,Dallas Mavericks,New Orleans Pelicans,106,104,True
2022-11-26,Sacramento Kings,LA Lakers,111,109,True
2022-11-26,Oklahoma City Thunder,Chicago Bulls,125,103,True
2022-11-26,Sacramento Kings,Miami Heat,98,120,False
2022-11-26,Golden State Warriors,Indiana Pacers,124,99,True
2022-11-26,Atlanta Hawks,Boston Celtics,133,139,False
2022-11-26,Detroit Pistons,New Orleans Pelicans,118,112,True
2022-11-26,Brooklyn Nets,Phoenix Suns,95,130,False
2022-11-26,New York Knicks,Toronto Raptors,105,94,True
2022-11-27,Orlando Magic,Brooklyn Nets,118,126,False
2022-11-27,Indiana Pacers,Utah Jazz,112,105,True
2022-11-27,New York Knicks,Dallas Mavericks,112,88,True
2022-11-27,Washington Wizards,LA Clippers,98,108,False
2022-11-27,Utah Jazz,LA Lakers,122,121,True
2022-11-27,Phoenix Suns,Indiana Pacers,123,102,True
2022-11-27,LA Lakers,Toronto Raptors,121,120,True
2022-11-27,Dallas Mavericks,Sacramento Kings,110,96,True
2022-11-27,Utah Jazz,Indiana Pacers,120,128,False
2022-11-27,Golden State Warriors,New York Knicks,123,114,True
2022-11-27,Oklahoma City Thunder,Indiana Pacers,118,95,True
2022-11-27,Cleveland Cavaliers,Oklahoma City Thunder,124,97,True
2022-11-27,New Orleans Pelicans,Orlando Magic,95,107,False
2022-11-27,Boston Celtics,Brooklyn Nets,112,99,True
2022-11-28,Minnesota Timberwolves,Utah Jazz,106,98,True
2022-11-28,Milwaukee Bucks,Denver Nuggets,123,126,False
2022-11-28,New Orleans Pelicans,Denver Nuggets,104,114,False
2022-11-28,LA Lakers,LA Clippers,105,125,False
2022-11-28,Dallas Mavericks,Atlanta Hawks,119,117,True
2022-11-29,Boston Celtics,Golden State Warriors,120,119,True
2022-11-29,Dallas Mavericks,Golden State Warriors,100,95,True
2022-11-29,Philadelphia 76ers,Cleveland Cavaliers,119,101,True
2022-11-29,Houston Rockets,Cleveland Cavaliers,112,116,False
2022-11-29,Dallas Mavericks,Brooklyn Nets,103,133,False
2022-11-29,Indiana Pacers,Portland Trail Blazers,108,113,False
2022-11-30,Washington Wizards,Oklahoma City Thunder,98,122,False
2022-11-30,Atlanta Hawks,Oklahoma City Thunder,112,129,False
2022-11-30,Orlando Magic,Boston Celtics,99,102,False
2022-11-30,Orlando Magic,Minnesota Timberwolves,111,114,False
2022-11-30,Detroit Pistons,New Orleans Pelicans,99,122,False
2022-12-01,Detroit Pistons,Philadelphia 76ers,92,113,False
2022-12-01,Indiana Pacers,Golden State Warriors,105,114,False
2022-12-01,Dallas Mavericks,Utah Jazz,114,96,True
2022-12-01,New York Knicks,New Orleans Pelicans,95,118,False
2022-12-01,Denver Nuggets,New York Knicks,106,95,True
2022-12-01,New Orleans Pelicans,Sacramento Kings,122,130,False
2022-12-01,Dallas Mavericks,Atlanta Hawks,103,102,True
2022-12-01,New York Knicks,Milwaukee Bucks,122,113,True
2022-12-02,Brooklyn Nets,Philadelphia 76ers,114,125,False
2022-12-02,New York Knicks,Miami Heat,95,108,False
2022-12-02,Portland Trail Blazers,Phoenix Suns,124,133,False
2022-12-02,Oklahoma City Thunder,Minnesota Timberwolves,108,104,True
2022-12-02,Toronto Raptors,New Orleans Pelicans,137,94,True
2022-12-02,Cleveland Cavaliers,Brooklyn Nets,140,115,True
2022-12-02,Miami Heat,Atlanta Hawks,106,85,True
2022-12-03,Milwaukee Bucks,Houston Rockets,129,96,True
2022-12-03,Brooklyn Nets,Washington Wizards,102,95,True
2022-12-03,Dallas Mavericks,Atlanta Hawks,118,96,True
2022-12-03,LA Clippers,Utah Jazz,123,91,True
2022-12-03,New Orleans Pelicans,LA Clippers,96,106,False
2022-12-03,Indiana Pacers,Boston Celtics,133,124,True
2022-12-03,Atlanta Hawks,New Orleans Pelicans,128,98,True
2022-12-03,Milwaukee Bucks,Chicago Bulls,105,124,False
2022-12-03,Denver Nuggets,Utah Jazz,113,99,True
2022-12-03,Dallas Mavericks,Portland Trail Blazers,124,102,True
2022-12-04,Miami Heat,Indiana Pacers,117,113,True
2022-12-04,San Antonio Spurs,New York Knicks,91,103,False
2022-12-04,Minnesota Timberwolves,Oklahoma City Thunder,113,120,False
2022-12-04,Phoenix Suns,Indiana Pacers,110,102,True
2022-12-04,Oklahoma City Thunder,Brooklyn Nets,113,109,True
2022-12-04,Phoenix Suns,Boston Celtics,111,108,True
2022-12-04,Charlotte Hornets,Orlando Magic,105,106,False
2022-12-04,Houston Rockets,Memphis Grizzlies,112,106,True
2022-12-04,Miami Heat,Golden State Warriors,106,101,True
2022-12-04,New York Knicks,Chicago Bulls,117,85,True
2022-12-04,Detroit Pistons,LA Clippers,104,108,False
2022-12-04,Phoenix Suns,Atlanta Hawks,101,92,True
2022-12-04,New Orleans Pelicans,LA Clippers,121,90,True
2022-12-05,Denver Nuggets,Atlanta Hawks,106,89,True
2022-12-05,New York Knicks,Sacramento Kings,120,115,True
2022-12-05,Toronto Raptors,Memphis Grizzlies,125,119,True
2022-12-05,Atlanta Hawks,LA Clippers,105,100,True
2022-12-05,Milwaukee Bucks,Oklahoma City Thunder,114,85,True
2022-12-05,Brooklyn Nets,Philadelphia 76ers,114,113,True
2022-12-05,Dallas Mavericks,Brooklyn Nets,111,85,True
2022-12-05,Memphis Grizzlies,Denver Nuggets,100,127,False
2022-12-05,Cleveland Cavaliers,Detroit Pistons,121,115,True
2022-12-05,Cleveland Cavaliers,New Orleans Pelicans,135,109,True
2022-12-05,Golden State Warriors,LA Lakers,124,113,True
2022-12-06,Portland Trail Blazers,Houston Rockets,113,115,False
2022-12-06,Denver Nuggets,Orlando Magic,106,103,True
2022-12-06,Cleveland Cavaliers,Charlotte Hornets,111,98,True
2022-12-06,Denver Nuggets,Golden State Warriors,124,132,False
2022-12-06,Atlanta Hawks,Sacramento Kings,116,94,True
2022-12-06,Detroit Pistons,Houston Rockets,116,124,False
2022-12-06,Philadelphia 76ers,Brooklyn Nets,117,132,False
2022-12-06,Boston Celtics,San Antonio Spurs,123,117,True
2022-12-06,Washington Wizards,New York Knicks,109,112,False
2022-12-06,Chicago Bulls,Denver Nuggets,87,116,False
2022-12-06,Oklahoma City Thunder,Dallas Mavericks,128,124,True
2022-12-07,Boston Celtics,Dallas Mavericks,111,110,True
2022-12-07,Orlando Magic,Portland Trail Blazers,118,102,True
2022-12-07,Golden State Warriors,Orlando Magic,119,110,True
2022-12-07,Chicago Bulls,Miami Heat,111,115,False
2022-12-07,Chicago Bulls,New Orleans Pelicans,85,95,False
2022-12-07,New Orleans Pelicans,Houston Rockets,107,104,True
2022-12-07,LA Clippers,Chicago Bulls,109,108,True
2022-12-07,LA Clippers,Indiana Pacers,138,96,True
2022-12-07,Atlanta Hawks,Washington Wizards,103,100,True
2022-12-07,LA Lakers,Toronto Raptors,117,114,True
2022-12-07,Phoenix Suns,Dallas Mavericks,107,101,True
2022-12-07,Orlando Magic,Cleveland Cavaliers,133,111,True
2022-12-08,LA Clippers,Miami Heat,105,100,True
2022-12-08,Golden State Warriors,Chicago Bulls,116,119,False
2022-12-08,Memphis Grizzlies,Detroit Pistons,122,126,False
2022-12-08,Washington Wizards,Portland Trail Blazers,110,105,True
2022-12-08,Chicago Bulls,Phoenix Suns,114,111,True
2022-12-08,Sacramento Kings,Miami Heat,104,134,False
2022-12-09,Utah Jazz,Toronto Raptors,118,114,True
2022-12-09,Philadelphia 76ers,Oklahoma City Thunder,85,112,False
2022-12-09,Portland Trail Blazers,Minnesota Timberwolves,120,109,True
2022-12-09,New Orleans Pelicans,Miami Heat,98,117,False
2022-12-09,Houston Rockets,Atlanta Hawks,112,110,True
2022-12-09,Detroit Pistons,San Antonio Spurs,110,114,False
2022-12-09,Oklahoma City Thunder,Sacramento Kings,123,120,True
2022-12-09,New Orleans Pelicans,Houston Rockets,119,126,False
2022-12-09,Denver Nuggets,Memphis Grizzlies,109,97,True
2022-12-09,New York Knicks,Boston Celtics,98,106,False
2022-12-10,Boston Celtics,Phoenix Suns,118,108,True
2022-12-10,Memphis Grizzlies,Indiana Pacers,116,111,True
2022-12-10,San Antonio Spurs,Toronto Raptors,112,111,True
2022-12-10,Charlotte Hornets,Denver Nuggets,97,130,False
2022-12-10,Utah Jazz,Golden State Warriors,117,118,False
2022-12-10,Denver Nuggets,LA Clippers,110,97,True
2022-12-10,Detroit Pistons,Minnesota Timberwolves,98,104,False
2022-12-11,Orlando Magic,Miami Heat,114,120,False
2022-12-11,New Orleans Pelicans,Brooklyn Nets,104,102,True
2022-12-11,Houston Rockets,Golden State Warriors,103,93,True
2022-12-11,Utah Jazz,Detroit Pistons,97,111,False
2022-12-11,LA Lakers,Dallas Mavericks,132,123,True
2022-12-11,Chicago Bulls,Memphis Grizzlies,96,99,False
2022-12-11,Milwaukee Bucks,Charlotte Hornets,94,91,True
2022-12-12,Boston Celtics,New Orleans Pelicans,122,109,True
2022-12-12,Memphis Grizzlies,Brooklyn Nets,104,102,True
2022-12-12,Boston Celtics,Denver Nuggets,105,88,True
2022-12-12,Charlotte Hornets,Chicago Bulls,124,122,True
2022-12-12,Dallas Mavericks,Utah Jazz,104,89,True
2022-12-12,Toronto Raptors,San Antonio Spurs,107,116,False
2022-12-12,Phoenix Suns,San Antonio Spurs,114,111,True
2022-12-12,Golden State Warriors,Utah Jazz,114,109,True
2022-12-12,Charlotte Hornets,LA Clippers,114,115,False
2022-12-12,Chicago Bulls,Charlotte Hornets,114,109,True
2022-12-12,Atlanta Hawks,Memphis Grizzlies,111,120,False
2022-12-12,Chicago Bulls,Houston Rockets,103,121,False
2022-12-12,Miami Heat,Washington Wizards,127,106,True
2022-12-12,Golden State Warriors,LA Clippers,115,112,True
2022-12-13,Portland Trail Blazers,Oklahoma City Thunder,104,110,False
2022-12-13,Memphis Grizzlies,New Orleans Pelicans,122,109,True
2022-12-13,Houston Rockets,Utah Jazz,115,109,True
2022-12-13,LA Lakers,New Orleans Pelicans,111,89,True
2022-12-13,Minnesota Timberwolves,Memphis Grizzlies,125,107,True
2022-12-13,Utah Jazz,Denver Nuggets,100,130,False
2022-12-13,Brooklyn Nets,Milwaukee Bucks,114,117,False
2022-12-13,Utah Jazz,Philadelphia 76ers,107,111,False
2022-12-13,LA Lakers,Portland Trail Blazers,111,100,True
2022-12-13,Portland Trail Blazers,Detroit Pistons,98,119,False
2022-12-13,LA Clippers,Toronto Raptors,109,85,True
2022-12-13,Brooklyn Nets,Toronto Raptors,114,134,False
2022-12-14,Minnesota Timberwolves,LA Clippers,111,93,True
2022-12-14,Boston Celtics,Memphis Grizzlies,114,122,False
2022-12-14,Phoenix Suns,Atlanta Hawks,110,103,True
2022-12-14,Miami Heat,Sacramento Kings,104,100,True
2022-12-14,Denver Nuggets,Philadelphia 76ers,112,93,True
2022-12-14,Minnesota Timberwolves,Memphis Grizzlies,124,98,True
2022-12-14,Houston Rockets,Toronto Raptors,112,104,True
2022-12-14,Houston Rockets,Golden State Warriors,101,106,False
2022-12-14,LA Lakers,Brooklyn Nets,120,114,True
2022-12-14,Orlando Magic,LA Clippers,126,135,False
2022-12-14,Sacramento Kings,Houston Rockets,131,109,True
2022-12-14,New Orleans Pelicans,Houston Rockets,94,118,False
2022-12-15,San Antonio Spurs,Miami Heat,96,118,False
2022-12-15,Phoenix Suns,New York Knicks,107,109,False
2022-12-15,Cleveland Cavaliers,Detroit Pistons,112,105,True
2022-12-15,Cleveland Cavaliers,Toronto Raptors,99,117,False
2022-12-15,Dallas Mavericks,Phoenix Suns,111,108,True
2022-12-16,Denver Nuggets,Philadelphia 76ers,113,95,True
2022-12-16,Brooklyn Nets,Washington Wizards,114,99,True
2022-12-16,Phoenix Suns,San Antonio Spurs,118,93,True
2022-12-16,Cleveland Cavaliers,LA Clippers,108,101,True
2022-12-16,Utah Jazz,Houston Rockets,122,126,False
2022-12-16,Charlotte Hornets,Utah Jazz,126,130,False
2022-12-16,Washington Wizards,Minnesota Timberwolves,113,108,True
2022-12-16,LA Clippers,Indiana Pacers,104,113,False
2022-12-16,Washington Wizards,Sacramento Kings,118,102,True
2022-12-16,Portland Trail Blazers,Toronto Raptors,102,113,False
2022-12-16,Sacramento Kings,Washington Wizards,113,109,True
2022-12-16,Orlando Magic,Minnesota Timberwolves,124,118,True
2022-12-16,Brooklyn Nets,Atlanta Hawks,103,119,False
2022-12-16,Atlanta Hawks,Phoenix Suns,106,108,False
2022-12-17,Denver Nuggets,Orlando Magic,121,130,False
2022-12-17,Denver Nuggets,LA Lakers,128,106,True
2022-12-17,Brooklyn Nets,Philadelphia 76ers,117,120,False
2022-12-17,Portland Trail Blazers,Oklahoma City Thunder,110,112,False
2022-12-17,Cleveland Cavaliers,Oklahoma City Thunder,103,117,False
2022-12-18,Oklahoma City Thunder,Charlotte Hornets,115,99,True
2022-12-18,LA Lakers,Atlanta Hawks,112,100,True
2022-12-18,Atlanta Hawks,Denver Nuggets,131,105,True
2022-12-18,Atlanta Hawks,Washington Wizards,107,114,False
2022-12-18,Dallas Mavericks,Portland Trail Blazers,123,119,True
2022-12-18,Detroit Pistons,Brooklyn Nets,119,109,True
2022-12-18,Oklahoma City Thunder,Boston Celtics,94,100,False
2022-12-18,Washington Wizards,New York Knicks,103,114,False
2022-12-18,Atlanta Hawks,Philadelphia 76ers,104,108,False
2022-12-18,Phoenix Suns,Sacramento Kings,120,114,True
2022-12-18,Sacramento Kings,Denver Nuggets,121,95,True
2022-12-18,Boston Celtics,LA Clippers,119,88,True
2022-12-19,Boston Celtics,Denver Nuggets,104,113,False
2022-12-19,Golden State Warriors,Denver Nuggets,97,129,False
2022-12-19,Indiana Pacers,Orlando Magic,103,138,False
2022-12-19,Orlando Magic,Memphis Grizzlies,128,98,True
2022-12-19,Charlotte Hornets,Golden State Warriors,106,120,False
2022-12-19,Sacramento Kings,Miami Heat,117,98,True
2022-12-19,New York Knicks,Indiana Pacers,111,100,True
2022-12-19,Sacramento Kings,Indiana Pacers,116,97,True
2022-12-20,Atlanta Hawks,Milwaukee Bucks,118,123,False
2022-12-20,Brooklyn Nets,Miami Heat,88,127,False
2022-12-20,New Orleans Pelicans,Philadelphia 76ers,109,113,False
2022-12-20,Atlanta Hawks,Sacramento Kings,117,92,True
2022-12-20,San Antonio Spurs,Denver Nuggets,105,117,False
2022-12-20,Portland Trail Blazers,New Orleans Pelicans,119,106,True
2022-12-20,Philadelphia 76ers,Denver Nuggets,122,99,True
2022-12-20,Orlando Magic,Houston Rockets,136,127,True
2022-12-20,Indiana Pacers,Portland Trail Blazers,112,98,True
2022-12-20,Utah Jazz,Cleveland Cavaliers,104,113,False
2022-12-20,San Antonio Spurs,New York Knicks,110,85,True
2022-12-20,LA Lakers,Memphis Grizzlies,90,118,False
2022-12-20,Memphis Grizzlies,Minnesota Timberwolves,102,104,False
2022-12-20,Utah Jazz,Toronto Raptors,96,115,False
2022-12-21,New Orleans Pelicans,Brooklyn Nets,125,88,True
2022-12-21,Chicago Bulls,Dallas Mavericks,118,113,True
2022-12-21,Orlando Magic,San Antonio Spurs,117,104,True
2022-12-21,Dallas Mavericks,LA Lakers,104,134,False
2022-12-21,Brooklyn Nets,Utah Jazz,111,105,True
2022-12-21,Detroit Pistons,New Orleans Pelicans,115,112,True
2022-12-21,Denver Nuggets,New York Knicks,124,113,True
2022-12-21,Oklahoma City Thunder,New Orleans Pelicans,109,86,True
2022-12-21,Sacramento Kings,Minnesota Timberwolves,136,98,True
2022-12-21,Utah Jazz,LA Clippers,117,114,True
2022-12-21,LA Clippers,Sacramento Kings,107,106,True
2022-12-21,San Antonio Spurs,LA Lakers,118,107,True
2022-12-21,Portland Trail Blazers,Sacramento Kings,114,111,True
2022-12-21,Portland Trail Blazers,LA Lakers,106,119,False
2022-12-22,Orlando Magic,San Antonio Spurs,119,87,True
2022-12-22,New Orleans Pelicans,Memphis Grizzlies,123,114,True
2022-12-22,Phoenix Suns,LA Clippers,122,95,True
2022-12-22,Charlotte Hornets,Indiana Pacers,118,109,True
2022-12-22,Portland Trail Blazers,Brooklyn Nets,107,94,True
2022-12-22,Indiana Pacers,Orlando Magic,117,111,True
2022-12-23,Detroit Pistons,Minnesota Timberwolves,96,99,False
2022-12-23,LA Lakers,Golden State Warriors,129,137,False
2022-12-23,Cleveland Cavaliers,Milwaukee Bucks,109,116,False
2022-12-23,San Antonio Spurs,Utah Jazz,102,87,True
2022-12-23,Atlanta Hawks,Dallas Mavericks,111,112,False
2022-12-23,Philadelphia 76ers,San Antonio Spurs,120,91,True
2022-12-23,LA Clippers,Phoenix Suns,105,109,False
2022-12-23,Miami Heat,Indiana Pacers,123,106,True
2022-12-23,New York Knicks,San Antonio Spurs,116,85,True
2022-12-23,Memphis Grizzlies,Toronto Raptors,113,109,True
2022-12-23,Toronto Raptors,Orlando Magic,102,115,False
2022-12-23,Washington Wizards,LA Clippers,112,130,False
2022-12-23,Philadelphia 76ers,San Antonio Spurs,126,110,True
2022-12-23,Denver Nuggets,Charlotte Hornets,119,114,True
2022-12-24,Detroit Pistons,LA Lakers,115,124,False
2022-12-24,Utah Jazz,Miami Heat,116,117,False
2022-12-24,New Orleans Pelicans,Memphis Grizzlies,118,113,True
2022-12-24,Milwaukee Bucks,Cleveland Cavaliers,105,104,True
2022-12-24,Brooklyn Nets,Philadelphia 76ers,108,126,False
2022-12-24,Atlanta Hawks,LA Clippers,103,88,True
2022-12-24,San Antonio Spurs,Dallas Mavericks,85,111,False
2022-12-24,San Antonio Spurs,Philadelphia 76ers,89,122,False
2022-12-24,Golden State Warriors,Cleveland Cavaliers,127,121,True
2022-12-24,Dallas Mavericks,Utah Jazz,130,108,True
2022-12-24,Miami Heat,Phoenix Suns,116,103,True
2022-12-25,Sacramento Kings,Phoenix Suns,109,114,False
2022-12-25,Atlanta Hawks,Portland Trail Blazers,115,109,True
2022-12-25,Denver Nuggets,New Orleans Pelicans,135,129,True
2022-12-25,Philadelphia 76ers,Boston Celtics,109,116,False
2022-12-25,Toronto Raptors,Oklahoma City Thunder,120,104,True
2022-12-25,Milwaukee Bucks,New Orleans Pelicans,113,100,True
2022-12-25,Milwaukee Bucks,Denver Nuggets,105,89,True
2022-12-25,Detroit Pistons,Portland Trail Blazers,105,110,False
2022-12-25,LA Lakers,Cleveland Cavaliers,113,107,True
2022-12-25,Charlotte Hornets,Houston Rockets,114,115,False
2022-12-25,Golden State Warriors,Houston Rockets,123,110,True
2022-12-25,LA Lakers,Sacramento Kings,119,107,True
2022-12-26,LA Clippers,Miami Heat,101,122,False
2022-12-26,Phoenix Suns,Indiana Pacers,118,113,True
2022-12-26,Dallas Mavericks,Detroit Pistons,123,116,True
2022-12-26,Sacramento Kings,Chicago Bulls,102,96,True
2022-12-26,Atlanta Hawks,San Antonio Spurs,115,103,True
2022-12-27,Golden State Warriors,Detroit Pistons,121,113,True
2022-12-27,Memphis Grizzlies,Charlotte Hornets,114,105,True
2022-12-27,Indiana Pacers,Cleveland Cavaliers,102,117,False
2022-12-27,Charlotte Hornets,Toronto Raptors,125,114,True
2022-12-27,Cleveland Cavaliers,Sacramento Kings,102,103,False
2022-12-27,Orlando Magic,Indiana Pacers,115,121,False
2022-12-27,Orlando Magic,Miami Heat,116,107,True
2022-12-27,Orlando Magic,Philadelphia 76ers,118,113,True
2022-12-27,Chicago Bulls,Brooklyn Nets,128,105,True
2022-12-27,Orlando Magic,New York Knicks,115,112,True
2022-12-27,Denver Nuggets,New Orleans Pelicans,133,106,True
2022-12-27,Utah Jazz,Orlando Magic,127,114,True
2022-12-27,Orlando Magic,Indiana Pacers,109,128,False
2022-12-28,Indiana Pacers,New Orleans Pelicans,102,110,False
2022-12-28,Philadelphia 76ers,San Antonio Spurs,110,97,True
2022-12-28,Oklahoma City Thunder,Brooklyn Nets,123,105,True
2022-12-28,Portland Trail Blazers,Denver Nuggets,105,113,False
2022-12-28,Houston Rockets,Philadelphia 76ers,103,111,False
2022-12-28,Minnesota Timberwolves,Houston Rockets,116,108,True
2022-12-28,Minnesota Timberwolves,Philadelphia 76ers,117,121,False
2022-12-28,LA Clippers,Brooklyn Nets,121,116,True
2022-12-28,Sacramento Kings,Golden State Warriors,116,112,True
2022-12-28,Orlando Magic,San Antonio Spurs,118,114,True
2022-12-28,Orlando Magic,LA Lakers,127,121,True
2022-12-28,New York Knicks,Detroit Pistons,117,102,True
2022-12-28,Houston Rockets,New Orleans Pelicans,107,115,False
2022-12-28,Dallas Mavericks,Memphis Grizzlies,102,118,False
2022-12-29,Washington Wizards,Phoenix Suns,108,116,False
2022-12-29,Milwaukee Bucks,Detroit Pistons,127,107,True
2022-12-29,Memphis Grizzlies,New Orleans Pelicans,106,110,False
2022-12-29,Orlando Magic,LA Lakers,88,108,False
2022-12-29,Portland Trail Blazers,Utah Jazz,106,96,True
2022-12-29,Milwaukee Bucks,Toronto Raptors,121,99,True
2022-12-29,Utah Jazz,Oklahoma City Thunder,110,113,False
2022-12-29,Minnesota Timberwolves,Brooklyn Nets,130,90,True
2022-12-29,Portland Trail Blazers,LA Lakers,85,104,False
2022-12-29,LA Lakers,Cleveland Cavaliers,123,100,True
2022-12-29,Utah Jazz,Phoenix Suns,105,110,False
2022-12-29,Milwaukee Bucks,San Antonio Spurs,93,131,False
2022-12-29,Denver Nuggets,LA Lakers,116,87,True
2022-12-29,LA Lakers,Dallas Mavericks,112,113,False
2022-12-30,Portland Trail Blazers,New Orleans Pelicans,127,134,False
2022-12-30,Chicago Bulls,Phoenix Suns,96,118,False
2022-12-30,Indiana Pacers,Milwaukee Bucks,108,117,False
2022-12-30,Golden State Warriors,Chicago Bulls,104,119,False
2022-12-30,LA Lakers,Detroit Pistons,120,116,True
2022-12-30,New Orleans Pelicans,Toronto Raptors,112,99,True
2022-12-30,Denver Nuggets,Toronto Raptors,110,85,True
2022-12-30,Phoenix Suns,Indiana Pacers,114,104,True
2022-12-30,Minnesota Timberwolves,LA Clippers,116,115,True
2022-12-30,Golden State Warriors,Toronto Raptors,123,114,True
2022-12-30,Detroit Pistons,Sacramento Kings,102,117,False
2022-12-30,Atlanta Hawks,Philadelphia 76ers,127,100,True
2022-12-31,Houston Rockets,Toronto Raptors,105,126,False
2022-12-31,Philadelphia 76ers,Charlotte Hornets,110,106,True
2022-12-31,Phoenix Suns,New Orleans Pelicans,116,106,True
2022-12-31,Phoenix Suns,Brooklyn Nets,129,126,True
2022-12-31,Boston Celtics,LA Clippers,111,104,True
2022-12-31,LA Clippers,Toronto Raptors,120,92,True
2022-12-31,Houston Rockets,Indiana Pacers,106,91,True
2022-12-31,San Antonio Spurs,Utah Jazz,103,101,True
2022-12-31,Detroit Pistons,Phoenix Suns,102,103,False
2022-12-31,Dallas Mavericks,Sacramento Kings,119,99,True
2022-12-31,Golden State Warriors,Sacramento Kings,120,103,True
2022-12-31,Minnesota Timberwolves,Boston Celtics,113,105,True
2022-12-31,San Antonio Spurs,Dallas Mavericks,120,112,True
2022-12-31,Miami Heat,Washington Wizards,114,102,True
2023-01-01,Toronto Raptors,San Antonio Spurs,118,114,True
2023-01-01,Toronto Raptors,Chicago Bulls,128,123,True
2023-01-01,Washington Wizards,Sacramento Kings,105,106,False
2023-01-01,Sacramento Kings,Boston Celtics,120,110,True
2023-01-01,Atlanta Hawks,Utah Jazz,128,118,True
2023-01-01,San Antonio Spurs,Houston Rockets,119,102,True
2023-01-01,Milwaukee Bucks,Charlotte Hornets,121,117,True
2023-01-01,Charlotte Hornets,Denver Nuggets,117,123,False
2023-01-01,Dallas Mavericks,New York Knicks,97,113,False
2023-01-01,Minnesota Timberwolves,San Antonio Spurs,128,121,True
2023-01-02,New Orleans Pelicans,Portland Trail Blazers,117,92,True
2023-01-02,Portland Trail Blazers,Utah Jazz,111,112,False
2023-01-02,Sacramento Kings,New Orleans Pelicans,118,122,False
2023-01-02,Brooklyn Nets,Sacramento Kings,108,95,True
2023-01-02,Dallas Mavericks,LA Clippers,104,85,True
2023-01-02,San Antonio Spurs,Memphis Grizzlies,87,115,False
2023-01-02,Golden State Warriors,Memphis Grizzlies,125,119,True
2023-01-02,Houston Rockets,Portland Trail Blazers,125,101,True
2023-01-02,Utah Jazz,New Orleans Pelicans,116,97,True
2023-01-02,Milwaukee Bucks,Orlando Magic,100,120,False
2023-01-03,Golden State Warriors,Boston Celtics,112,104,True
2023-01-03,Denver Nuggets,Indiana Pacers,128,95,True
2023-01-03,Sacramento Kings,Philadelphia 76ers,120,110,True
2023-01-03,Detroit Pistons,Utah Jazz,102,122,False
2023-01-03,Memphis Grizzlies,New Orleans Pelicans,117,90,True
2023-01-03,Golden State Warriors,Miami Heat,114,112,True
2023-01-03,Atlanta Hawks,Brooklyn Nets,97,93,True
2023-01-03,Miami Heat,Denver Nuggets,123,114,True
2023-01-03,Charlotte Hornets,Houston Rockets,123,115,True
2023-01-03,Orlando Magic,Phoenix Suns,92,121,False
2023-01-03,Toronto Raptors,Atlanta Hawks,120,126,False
2023-01-03,Denver Nuggets,LA Lakers,115,108,True
2023-01-03,Portland Trail Blazers,New Orleans Pelicans,90,98,False
2023-01-04,Sacramento Kings,New Orleans Pelicans,108,102,True
2023-01-04,Detroit Pistons,LA Clippers,121,102,True
2023-01-04,Phoenix Suns,Brooklyn Nets,121,95,True
2023-01-04,Miami Heat,Cleveland Cavaliers,104,103,True
2023-01-04,LA Clippers,Atlanta Hawks,112,121,False
2023-01-04,New Orleans Pelicans,Detroit Pistons,120,122,False
2023-01-04,Boston Celtics,LA Clippers,112,102,True
2023-01-04,Denver Nuggets,LA Lakers,118,110,True
2023-01-04,Boston Celtics,Philadelphia 76ers,125,116,True
2023-01-04,Atlanta Hawks,San Antonio Spurs,112,104,True
2023-01-04,Boston Celtics,San Antonio Spurs,86,123,False
2023-01-04,Washington Wizards,Houston Rockets,121,110,True
2023-01-04,Oklahoma City Thunder,Boston Celtics,128,110,True
2023-01-04,Toronto Raptors,LA Lakers,127,93,True
2023-01-05,Dallas Mavericks,Chicago Bulls,122,105,True
2023-01-05,Charlotte Hornets,Atlanta Hawks,106,112,False
2023-01-05,Charlotte Hornets,Orlando Magic,111,113,False
2023-01-05,Dallas Mavericks,Brooklyn Nets,110,117,False
2023-01-05,New Orleans Pelicans,LA Clippers,85,105,False
2023-01-05,Oklahoma City Thunder,Cleveland Cavaliers,107,97,True
2023-01-05,Washington Wizards,LA Lakers,120,104,True
2023-01-05,Dallas Mavericks,Denver Nuggets,98,122,False
2023-01-05,Toronto Raptors,Utah Jazz,126,100,True
2023-01-05,Atlanta Hawks,Golden State Warriors,104,111,False
2023-01-06,New York Knicks,LA Lakers,110,96,True
2023-01-06,Chicago Bulls,Philadelphia 76ers,91,102,False
2023-01-06,Denver Nuggets,Memphis Grizzlies,119,118,True
2023-01-06,LA Lakers,Philadelphia 76ers,96,120,False
2023-01-06,Dallas Mavericks,LA Clippers,85,117,False
2023-01-06,Detroit Pistons,Memphis Grizzlies,105,113,False
2023-01-06,LA Lakers,Dallas Mavericks,108,111,False
2023-01-06,Philadelphia 76ers,Chicago Bulls,117,90,True
2023-01-06,Houston Rockets,Dallas Mavericks,103,113,False
2023-01-06,Utah Jazz,Atlanta Hawks,121,115,True
2023-01-06,Oklahoma City Thunder,Denver Nuggets,112,100,True
2023-01-06,Cleveland Cavaliers,Philadelphia 76ers,114,121,False
2023-01-07,LA Lakers,Detroit Pistons,115,109,True
2023-01-07,LA Lakers,Cleveland Cavaliers,121,85,True
2023-01-07,Chicago Bulls,Golden State Warriors,103,127,False
2023-01-07,Orlando Magic,New Orleans Pelicans,128,104,True
2023-01-07,Chicago Bulls,LA Clippers,107,114,False
2023-01-07,Denver Nuggets,Detroit Pistons,117,105,True
2023-01-07,San Antonio Spurs,Denver Nuggets,127,128,False
2023-01-07,Indiana Pacers,San Antonio Spurs,104,97,True
2023-01-07,Sacramento Kings,San Antonio Spurs,122,85,True
2023-01-07,New York Knicks,Washington Wizards,132,92,True
2023-01-07,Utah Jazz,Washington Wizards,116,120,False
2023-01-08,Philadelphia 76ers,San Antonio Spurs,121,119,True
2023-01-08,Charlotte Hornets,Orlando Magic,104,107,False
2023-01-08,Oklahoma City Thunder,Milwaukee Bucks,108,113,False
2023-01-08,Boston Celtics,Orlando Magic,119,116,True
2023-01-08,Atlanta Hawks,Phoenix Suns,106,111,False
2023-01-08,Milwaukee Bucks,LA Clippers,135,116,True
2023-01-08,Utah Jazz,Houston Rockets,117,95,True
2023-01-08,Golden State Warriors,Memphis Grizzlies,129,120,True
2023-01-09,Sacramento Kings,Atlanta Hawks,112,106,True
2023-01-09,Chicago Bulls,San Antonio Spurs,124,107,True
2023-01-09,LA Lakers,Miami Heat,123,114,True
2023-01-09,Oklahoma City Thunder,Dallas Mavericks,106,97,True
2023-01-09,New Orleans Pelicans,Brooklyn Nets,120,111,True
2023-01-09,Sacramento Kings,Orlando Magic,111,93,True
2023-01-09,Philadelphia 76ers,Indiana Pacers,121,112,True
2023-01-09,Philadelphia 76ers,Memphis Grizzlies,127,120,True
2023-01-09,Portland Trail Blazers,LA Clippers,109,114,False
2023-01-09,Toronto Raptors,Atlanta Hawks,120,106,True
2023-01-09,Toronto Raptors,Denver Nuggets,113,115,False
2023-01-09,Denver Nuggets,Detroit Pistons,118,114,True
2023-01-10,LA Clippers,Indiana Pacers,114,110,True
2023-01-10,Memphis Grizzlies,Cleveland Cavaliers,110,89,True
2023-01-10,Charlotte Hornets,Denver Nuggets,112,122,False
2023-01-10,Utah Jazz,Chicago Bulls,122,99,True
2023-01-10,Chicago Bulls,Minnesota Timberwolves,131,124,True
2023-01-10,Washington Wizards,LA Lakers,116,123,False
2023-01-10,Atlanta Hawks,New Orleans Pelicans,103,99,True
2023-01-11,San Antonio Spurs,Indiana Pacers,111,109,True
2023-01-11,Minnesota Timberwolves,Brooklyn Nets,117,97,True
2023-01-11,LA Lakers,Portland Trail Blazers,104,100,True
2023-01-11,Atlanta Hawks,LA Clippers,102,104,False
2023-01-11,Philadelphia 76ers,Minnesota Timberwolves,129,85,True
2023-01-11,Milwaukee Bucks,Brooklyn Nets,111,119,False
2023-01-12,New York Knicks,Chicago Bulls,99,113,False
2023-01-12,Indiana Pacers,Dallas Mavericks,122,107,True
2023-01-12,Miami Heat,Boston Celtics,92,118,False
2023-01-12,Minnesota Timberwolves,Philadelphia 76ers,131,100,True
2023-01-12,Charlotte Hornets,Utah Jazz,119,105,True
2023-01-12,Golden State Warriors,Houston Rockets,115,111,True
2023-01-12,Detroit Pistons,Miami Heat,122,127,False
2023-01-12,Indiana Pacers,San Antonio Spurs,130,116,True
2023-01-12,LA Lakers,Minnesota Timberwolves,97,98,False
2023-01-13,Utah Jazz,Atlanta Hawks,114,103,True
2023-01-13,LA Lakers,Chicago Bulls,113,89,True
2023-01-13,Brooklyn Nets,San Antonio Spurs,130,106,True
2023-01-13,Houston Rockets,Philadelphia 76ers,112,116,False
2023-01-13,Boston Celtics,LA Lakers,115,113,True
2023-01-13,Phoenix Suns,Indiana Pacers,99,101,False
2023-01-13,Orlando Magic,Indiana Pacers,101,106,False
2023-01-13,Detroit Pistons,LA Clippers,103,111,False
2023-01-13,Indiana Pacers,Charlotte Hornets,110,142,False
2023-01-13,Houston Rockets,Washington Wizards,95,113,False
2023-01-13,Boston Celtics,Indiana Pacers,116,113,True
2023-01-13,Washington Wizards,New Orleans Pelicans,116,108,True
2023-01-14,Toronto Raptors,Portland Trail Blazers,137,106,True
2023-01-14,Golden State Warriors,Houston Rockets,125,122,True
2023-01-14,Milwaukee Bucks,Memphis Grizzlies,109,106,True
2023-01-14,Chicago Bulls,LA Lakers,128,104,True
2023-01-14,Chicago Bulls,Phoenix Suns,115,99,True
2023-01-15,Portland Trail Blazers,Minnesota Timberwolves,101,114,False
2023-01-15,Boston Celtics,New York Knicks,114,122,False
2023-01-15,Washington Wizards,New Orleans Pelicans,144,135,True
2023-01-15,LA Clippers,Denver Nuggets,104,105,False
2023-01-15,Milwaukee Bucks,Oklahoma City Thunder,135,109,True
2023-01-16,Oklahoma City Thunder,New Orleans Pelicans,120,117,True
2023-01-16,New York Knicks,Cleveland Cavaliers,98,90,True
2023-01-16,Memphis Grizzlies,Orlando Magic,103,93,True
2023-01-16,Oklahoma City Thunder,Charlotte Hornets,114,106,True
2023-01-16,New York Knicks,Sacramento Kings,126,90,True
2023-01-16,Atlanta Hawks,Miami Heat,119,93,True
2023-01-16,Chicago Bulls,Toronto Raptors,121,113,True
2023-01-16,Toronto Raptors,Atlanta Hawks,110,124,False
2023-01-16,Toronto Raptors,New Orleans Pelicans,123,104,True
2023-01-16,Charlotte Hornets,San Antonio Spurs,129,88,True
2023-01-16,Cleveland Cavaliers,Utah Jazz,121,114,True
2023-01-16,Houston Rockets,Portland Trail Blazers,111,103,True
2023-01-16,Phoenix Suns,Orlando Magic,129,105,True
2023-01-17,Memphis Grizzlies,Cleveland Cavaliers,108,103,True
2023-01-17,New Orleans Pelicans,Milwaukee Bucks,125,132,False
2023-01-17,Toronto Raptors,Miami Heat,105,106,False
2023-01-17,Detroit Pistons,Denver Nuggets,114,107,True
2023-01-17,Dallas Mavericks,Milwaukee Bucks,100,108,False
2023-01-17,Minnesota Timberwolves,Chicago Bulls,123,119,True
2023-01-17,Memphis Grizzlies,Orlando Magic,119,113,True
2023-01-17,Milwaukee Bucks,Orlando Magic,127,115,True
2023-01-18,Atlanta Hawks,Washington Wizards,117,115,True
2023-01-18,Philadelphia 76ers,Indiana Pacers,122,94,True
2023-01-18,New Orleans Pelicans,Boston Celtics,107,104,True
2023-01-18,Detroit Pistons,Milwaukee Bucks,109,136,False
2023-01-18,New York Knicks,Phoenix Suns,116,91,True
2023-01-18,New York Knicks,Cleveland Cavaliers,102,113,False
2023-01-18,Portland Trail Blazers,New Orleans Pelicans,120,103,True
2023-01-19,New Orleans Pelicans,Dallas Mavericks,123,127,False
2023-01-19,Milwaukee Bucks,Washington Wizards,121,104,True
2023-01-19,Denver Nuggets,New York Knicks,128,114,True
2023-01-19,Dallas Mavericks,Cleveland Cavaliers,125,99,True
2023-01-19,Oklahoma City Thunder,Dallas Mavericks,114,96,True
2023-01-19,Denver Nuggets,Dallas Mavericks,94,114,False
2023-01-19,Houston Rockets,Toronto Raptors,120,110,True
2023-01-19,LA Clippers,San Antonio Spurs,137,91,True
2023-01-19,LA Lakers,Memphis Grizzlies,119,93,True
2023-01-19,San Antonio Spurs,Oklahoma City Thunder,90,121,False
2023-01-19,Detroit Pistons,Boston Celtics,106,109,False
2023-01-19,Miami Heat,Toronto Raptors,125,108,True
2023-01-20,Atlanta Hawks,Boston Celtics,93,115,False
2023-01-20,Phoenix Suns,Brooklyn Nets,106,103,True
2023-01-20,Denver Nuggets,Sacramento Kings,109,95,True
2023-01-20,Oklahoma City Thunder,Dallas Mavericks,124,119,True
2023-01-20,Oklahoma City Thunder,San Antonio Spurs,118,113,True
2023-01-20,Denver Nuggets,Portland Trail Blazers,123,105,True
2023-01-20,Atlanta Hawks,Philadelphia 76ers,111,102,True
2023-01-20,Miami Heat,Toronto Raptors,116,108,True
2023-01-20,Orlando Magic,Detroit Pistons,124,101,True
2023-01-20,Minnesota Timberwolves,New Orleans Pelicans,102,119,False
2023-01-20,Oklahoma City Thunder,LA Clippers,120,93,True
2023-01-20,Denver Nuggets,Detroit Pistons,115,107,True
2023-01-21,Miami Heat,Golden State Warriors,105,114,False
2023-01-21,Washington Wizards,Brooklyn Nets,127,129,False
2023-01-21,Toronto Raptors,Denver Nuggets,132,103,True
2023-01-21,Chicago Bulls,Utah Jazz,104,117,False
2023-01-21,Charlotte Hornets,Dallas Mavericks,132,128,True
2023-01-21,Denver Nuggets,Washington Wizards,123,116,True
2023-01-21,Phoenix Suns,New Orleans Pelicans,114,100,True
2023-01-21,Oklahoma City Thunder,Denver Nuggets,103,101,True
2023-01-21,Sacramento Kings,Charlotte Hornets,124,132,False
2023-01-21,Denver Nuggets,Indiana Pacers,115,98,True
2023-01-21,Cleveland Cavaliers,Houston Rockets,120,112,True
2023-01-21,LA Lakers,Oklahoma City Thunder,100,119,False
2023-01-21,Phoenix Suns,Houston Rockets,113,88,True
2023-01-22,Golden State Warriors,Philadelphia 76ers,101,99,True
2023-01-22,Chicago Bulls,Detroit Pistons,108,102,True
2023-01-22,LA Lakers,LA Clippers,103,122,False
2023-01-22,Memphis Grizzlies,Atlanta Hawks,88,119,False
2023-01-22,Sacramento Kings,Denver Nuggets,108,99,True
2023-01-22,Cleveland Cavaliers,Indiana Pacers,133,108,True
2023-01-22,LA Lakers,Golden State Warriors,111,130,False
2023-01-22,LA Clippers,Boston Celtics,92,134,False
2023-01-22,Cleveland Cavaliers,Memphis Grizzlies,125,109,True
2023-01-22,Cleveland Cavaliers,Miami Heat,104,111,False
2023-01-23,Orlando Magic,Phoenix Suns,103,111,False
2023-01-23,Philadelphia 76ers,Chicago Bulls,119,112,True
2023-01-23,Phoenix Suns,Chicago Bulls,105,104,True
2023-01-23,Minnesota Timberwolves,Atlanta Hawks,120,100,True
2023-01-23,Orlando Magic,Utah Jazz,102,96,True
2023-01-23,Portland Trail Blazers,Brooklyn Nets,118,124,False
2023-01-23,Sacramento Kings,Boston Celtics,117,103,True
2023-01-23,New York Knicks,Miami Heat,118,116,True
2023-01-23,LA Lakers,Memphis Grizzlies,117,107,True
2023-01-23,Phoenix Suns,Indiana Pacers,116,94,True
2023-01-23,Houston Rockets,Phoenix Suns,119,100,True
2023-01-23,Miami Heat,Oklahoma City Thunder,111,116,False
2023-01-23,Minnesota Timberwolves,Golden State Warriors,116,121,False
2023-01-24,New York Knicks,Philadelphia 76ers,111,103,True
2023-01-24,Utah Jazz,Boston Celtics,108,113,False
2023-01-24,Atlanta Hawks,Memphis Grizzlies,115,91,True
2023-01-24,New Orleans Pelicans,Boston Celtics,119,127,False
2023-01-24,Philadelphia 76ers,Boston Celtics,118,110,True
2023-01-24,Boston Celtics,San Antonio Spurs,126,93,True
2023-01-24,San Antonio Spurs,Indiana Pacers,112,120,False
2023-01-24,New York Knicks,Boston Celtics,96,118,False
2023-01-24,Boston Celtics,Orlando Magic,88,130,False
2023-01-24,Philadelphia 76ers,Brooklyn Nets,112,111,True
2023-01-24,Oklahoma City Thunder,Philadelphia 76ers,115,128,False
2023-01-24,Philadelphia 76ers,Washington Wizards,116,106,True
2023-01-25,Brooklyn Nets,Boston Celtics,120,111,True
2023-01-25,Atlanta Hawks,Sacramento Kings,104,118,False
2023-01-25,Charlotte Hornets,San Antonio Spurs,127,101,True
2023-01-25,Sacramento Kings,Boston Celtics,133,88,True
2023-01-25,Toronto Raptors,Indiana Pacers,119,97,True
2023-01-26,Brooklyn Nets,Sacramento Kings,112,117,False
2023-01-26,Utah Jazz,Atlanta Hawks,118,94,True
2023-01-26,Detroit Pistons,Brooklyn Nets,106,100,True
2023-01-26,Brooklyn Nets,Milwaukee Bucks,91,112,False
2023-01-26,Houston Rockets,New York Knicks,106,105,True
2023-01-26,Boston Celtics,Cleveland Cavaliers,123,119,True
2023-01-26,Sacramento Kings,Portland Trail Blazers,122,97,True
2023-01-26,Utah Jazz,New Orleans Pelicans,118,99,True
2023-01-26,Miami Heat,Chicago Bulls,103,110,False
2023-01-26,LA Lakers,Sacramento Kings,113,109,True
2023-01-26,Milwaukee Bucks,Boston Celtics,110,97,True
2023-01-26,Washington Wizards,Milwaukee Bucks,115,127,False
2023-01-26,Detroit Pistons,Sacramento Kings,114,102,True
2023-01-26,Atlanta Hawks,Detroit Pistons,122,131,False
2023-01-27,Houston Rockets,Atlanta Hawks,96,93,True
2023-01-27,Philadelphia 76ers,Portland Trail Blazers,120,111,True
2023-01-27,Boston Celtics,Minnesota Timberwolves,108,100,True
2023-01-27,Golden State Warriors,Phoenix Suns,89,137,False
2023-01-27,Boston Celtics,Orlando Magic,120,118,True
2023-01-27,Charlotte Hornets,Utah Jazz,131,110,True
2023-01-28,Detroit Pistons,New Orleans Pelicans,101,106,False
2023-01-28,Golden State Warriors,Boston Celtics,105,123,False
2023-01-28,Cleveland Cavaliers,Orlando Magic,111,121,False
2023-01-28,Golden State Warriors,Cleveland Cavaliers,120,111,True
2023-01-28,Miami Heat,San Antonio Spurs,121,103,True
2023-01-28,Golden State Warriors,Portland Trail Blazers,119,114,True
2023-01-29,Boston Celtics,Toronto Raptors,115,112,True
2023-01-29,Atlanta Hawks,New York Knicks,119,108,True
2023-01-29,San Antonio Spurs,LA Clippers,104,111,False
2023-01-29,Portland Trail Blazers,Philadelphia 76ers,117,94,True
2023-01-29,Charlotte Hornets,Sacramento Kings,122,104,True
2023-01-29,Houston Rockets,Cleveland Cavaliers,115,117,False
2023-01-29,San Antonio Spurs,Cleveland Cavaliers,109,125,False
2023-01-30,Phoenix Suns,Indiana Pacers,121,100,True
2023-01-30,Chicago Bulls,Boston Celtics,99,107,False
2023-01-30,LA Clippers,Boston Celtics,106,108,False
2023-01-30,Toronto Raptors,LA Lakers,118,108,True
2023-01-30,Charlotte Hornets,Indiana Pacers,105,114,False
2023-01-30,Atlanta Hawks,Sacramento Kings,120,110,True
2023-01-30,Milwaukee Bucks,Chicago Bulls,109,105,True
2023-01-30,Orlando Magic,Sacramento Kings,121,111,True
2023-01-30,Sacramento Kings,Golden State Warriors,119,133,False
2023-01-30,Sacramento Kings,Charlotte Hornets,123,101,True
2023-01-31,Golden State Warriors,Atlanta Hawks,101,123,False
2023-01-31,Minnesota Timberwolves,Oklahoma City Thunder,90,103,False
2023-01-31,Oklahoma City Thunder,Milwaukee Bucks,103,88,True
2023-01-31,Brooklyn Nets,Memphis Grizzlies,95,113,False
2023-01-31,Minnesota Timberwolves,Philadelphia 76ers,108,103,True
2023-01-31,Milwaukee Bucks,Atlanta Hawks,108,88,True
2023-01-31,Detroit Pistons,Minnesota Timberwolves,105,116,False
2023-01-31,Washington Wizards,Indiana Pacers,114,107,True
2023-01-31,Orlando Magic,Golden State Warriors,117,120,False
2023-01-31,Boston Celtics,Brooklyn Nets,107,95,True
2023-01-31,Golden State Warriors,Minnesota Timberwolves,130,103,True
2023-02-01,Philadelphia 76ers,San Antonio Spurs,120,125,False
2023-02-01,Minnesota Timberwolves,Cleveland Cavaliers,86,124,False
2023-02-01,Orlando Magic,Charlotte Hornets,128,111,True
2023-02-01,LA Clippers,Memphis Grizzlies,117,91,True
2023-02-01,Minnesota Timberwolves,Toronto Raptors,123,117,True
2023-02-01,Philadelphia 76ers,Utah Jazz,103,108,False
2023-02-01,Washington Wizards,Milwaukee Bucks,103,122,False
2023-02-01,Toronto Raptors,Orlando Magic,115,104,True
2023-02-01,Toronto Raptors,Indiana Pacers,123,113,True
2023-02-02,Memphis Grizzlies,Phoenix Suns,126,135,False
2023-02-02,Golden State Warriors,Detroit Pistons,87,115,False
2023-02-02,San Antonio Spurs,Oklahoma City Thunder,118,99,True
2023-02-02,Orlando Magic,Utah Jazz,110,103,True
2023-02-02,Utah Jazz,Golden State Warriors,112,121,False
2023-02-02,Toronto Raptors,Philadelphia 76ers,102,106,False
2023-02-02,Miami Heat,Orlando Magic,129,98,True
2023-02-02,LA Clippers,Houston Rockets,104,101,True
2023-02-02,Philadelphia 76ers,Chicago Bulls,96,85,True
2023-02-02,Minnesota Timberwolves,Washington Wizards,116,94,True
2023-02-02,Toronto Raptors,New York Knicks,119,116,True
2023-02-02,LA Clippers,Philadelphia 76ers,119,111,True
2023-02-03,Phoenix Suns,Portland Trail Blazers,114,93,True
2023-02-03,Charlotte Hornets,Washington Wizards,121,122,False
2023-02-03,Cleveland Cavaliers,Oklahoma City Thunder,118,111,True
2023-02-03,Memphis Grizzlies,Minnesota Timberwolves,117,121,False
2023-02-03,Utah Jazz,Memphis Grizzlies,114,113,True
2023-02-03,Detroit Pistons,Brooklyn Nets,117,112,True
2023-02-03,Toronto Raptors,San Antonio Spurs,114,123,False
2023-02-03,Oklahoma City Thunder,San Antonio Spurs,127,90,True
2023-02-04,Miami Heat,Portland Trail Blazers,124,112,True
2023-02-04,Golden State Warriors,Oklahoma City Thunder,103,106,False
2023-02-04,Sacramento Kings,Golden State Warriors,112,93,True
2023-02-04,Toronto Raptors,Memphis Grizzlies,108,101,True
2023-02-04,Oklahoma City Thunder,Phoenix Suns,126,112,True
2023-02-04,Miami Heat,Golden State Warriors,120,117,True
2023-02-04,Golden State Warriors,Phoenix Suns,89,101,False
2023-02-04,Miami Heat,New York Knicks,128,88,True
2023-02-04,Indiana Pacers,Cleveland Cavaliers,121,106,True
2023-02-04,Toronto Raptors,Washington Wizards,119,121,False
2023-02-04,Golden State Warriors,Miami Heat,119,98,True
2023-02-04,Chicago Bulls,Utah Jazz,130,102,True
2023-02-04,Milwaukee Bucks,Golden State Warriors,129,92,True
2023-02-05,Minnesota Timberwolves,Cleveland Cavaliers,113,96,True
2023-02-05,Brooklyn Nets,Detroit Pistons,104,91,True
2023-02-05,Oklahoma City Thunder,Detroit Pistons,144,113,True
2023-02-05,Portland Trail Blazers,New York Knicks,126,118,True
2023-02-05,Chicago Bulls,Brooklyn Nets,128,106,True
2023-02-05,Milwaukee Bucks,Indiana Pacers,96,85,True
2023-02-05,Oklahoma City Thunder,Minnesota Timberwolves,112,103,True
2023-02-05,Cleveland Cavaliers,Detroit Pistons,126,118,True
2023-02-05,Cleveland Cavaliers,Detroit Pistons,113,100,True
2023-02-05,New York Knicks,Chicago Bulls,98,115,False
2023-02-05,New York Knicks,Chicago Bulls,102,123,False
2023-02-05,Utah Jazz,Charlotte Hornets,102,108,False
2023-02-05,Miami Heat,Detroit Pistons,123,122,True
2023-02-06,Golden State Warriors,New York Knicks,108,134,False
2023-02-06,Detroit Pistons,Cleveland Cavaliers,109,104,True
2023-02-06,Philadelphia 76ers,Minnesota Timberwolves,131,108,True
2023-02-06,Philadelphia 76ers,Chicago Bulls,108,105,True
2023-02-06,Indiana Pacers,Toronto Raptors,107,100,True
2023-02-06,Phoenix Suns,Milwaukee Bucks,94,118,False
2023-02-06,Phoenix Suns,Indiana Pacers,118,106,True
2023-02-06,Memphis Grizzlies,Philadelphia 76ers,134,98,True
2023-02-06,New York Knicks,Toronto Raptors,123,125,False
2023-02-06,Detroit Pistons,Minnesota Timberwolves,103,118,False
2023-02-07,Detroit Pistons,Minnesota Timberwolves,122,114,True
2023-02-07,New York Knicks,Toronto Raptors,90,121,False
2023-02-07,Detroit Pistons,Charlotte Hornets,136,127,True
2023-02-07,Portland Trail Blazers,Toronto Raptors,111,127,False
2023-02-07,Detroit Pistons,Oklahoma City Thunder,100,132,False
2023-02-07,Oklahoma City Thunder,Indiana Pacers,119,117,True
2023-02-07,Houston Rockets,Miami Heat,90,108,False
2023-02-07,Brooklyn Nets,Toronto Raptors,122,100,True
2023-02-07,Brooklyn Nets,Memphis Grizzlies,124,133,False
2023-02-07,Miami Heat,Utah Jazz,123,108,True
2023-02-07,Charlotte Hornets,Brooklyn Nets,105,97,True
2023-02-08,Phoenix Suns,Toronto Raptors,134,129,True
2023-02-08,Charlotte Hornets,Brooklyn Nets,104,103,True
2023-02-08,Brooklyn Nets,Detroit Pistons,120,103,True
2023-02-08,Portland Trail Blazers,Brooklyn Nets,118,116,True
2023-02-08,Oklahoma City Thunder,Cleveland Cavaliers,113,116,False
2023-02-08,Portland Trail Blazers,Houston Rockets,109,118,False
2023-02-08,Milwaukee Bucks,Chicago Bulls,110,98,True
2023-02-09,Toronto Raptors,Memphis Grizzlies,101,111,False
2023-02-09,Phoenix Suns,Utah Jazz,106,95,True
2023-02-09,Washington Wizards,Oklahoma City Thunder,93,109,False
2023-02-09,Utah Jazz,Oklahoma City Thunder,95,129,False
2023-02-09,Portland Trail Blazers,Memphis Grizzlies,116,114,True
2023-02-09,Cleveland Cavaliers,New York Knicks,112,107,True
2023-02-09,Detroit Pistons,Washington Wizards,114,94,True
2023-02-09,Cleveland Cavaliers,Charlotte Hornets,109,102,True
2023-02-09,New York Knicks,Memphis Grizzlies,112,101,True
2023-02-09,Milwaukee Bucks,Chicago Bulls,117,99,True
2023-02-09,Houston Rockets,Utah Jazz,97,116,False
2023-02-10,Phoenix Suns,Charlotte Hornets,116,101,True
2023-02-10,Portland Trail Blazers,Charlotte Hornets,130,125,True
2023-02-10,Phoenix Suns,Utah Jazz,142,103,True
2023-02-10,Phoenix Suns,Toronto Raptors,113,109,True
2023-02-10,Chicago Bulls,Houston Rockets,110,113,False
2023-02-10,New York Knicks,Miami Heat,111,106,True
2023-02-10,Brooklyn Nets,Charlotte Hornets,108,104,True
2023-02-10,New York Knicks,Phoenix Suns,107,137,False
2023-02-10,Charlotte Hornets,Miami Heat,105,112,False
2023-02-10,Milwaukee Bucks,Minnesota Timberwolves,108,119,False
2023-02-10,Milwaukee Bucks,Portland Trail Blazers,105,97,True
2023-02-10,Oklahoma City Thunder,Milwaukee Bucks,113,110,True
2023-02-11,Milwaukee Bucks,Charlotte Hornets,131,126,True
2023-02-11,Brooklyn Nets,Minnesota Timberwolves,103,132,False
2023-02-11,Miami Heat,Milwaukee Bucks,117,111,True
2023-02-11,Portland Trail Blazers,Miami Heat,119,122,False
2023-02-11,Milwaukee Bucks,Miami Heat,101,110,False
2023-02-11,New York Knicks,Milwaukee Bucks,112,93,True
2023-02-11,Minnesota Timberwolves,Memphis Grizzlies,114,110,True
2023-02-11,Milwaukee Bucks,Brooklyn Nets,113,106,True
2023-02-11,Houston Rockets,Memphis Grizzlies,128,106,True
2023-02-11,Houston Rockets,Utah Jazz,93,117,False
2023-02-11,Memphis Grizzlies,Brooklyn Nets,122,115,True
2023-02-11,Washington Wizards,Charlotte Hornets,106,107,False
2023-02-11,Minnesota Timberwolves,Memphis Grizzlies,118,111,True
2023-02-12,Memphis Grizzlies,Miami Heat,122,115,True
2023-02-12,Memphis Grizzlies,New York Knicks,116,112,True
2023-02-12,Houston Rockets,Minnesota Timberwolves,112,118,False
2023-02-12,Portland Trail Blazers,Minnesota Timberwolves,110,124,False
2023-02-12,New York Knicks,Memphis Grizzlies,106,113,False
2023-02-12,Charlotte Hornets,Cleveland Cavaliers,98,103,False
2023-02-12,Brooklyn Nets,Portland Trail Blazers,123,128,False
2023-02-12,Cleveland Cavaliers,Houston Rockets,129,104,True
2023-02-13,Miami Heat,Washington Wizards,122,85,True
2023-02-13,Cleveland Cavaliers,Brooklyn Nets,111,106,True
2023-02-13,Minnesota Timberwolves,Memphis Grizzlies,118,109,True
2023-02-13,Houston Rockets,Brooklyn Nets,91,107,False
2023-02-13,Minnesota Timberwolves,Houston Rockets,109,93,True
2023-02-13,Milwaukee Bucks,Memphis Grizzlies,124,107,True
2023-02-13,Brooklyn Nets,Memphis Grizzlies,128,116,True
2023-02-14,Miami Heat,Cleveland Cavaliers,117,112,True
2023-02-14,Washington Wizards,Miami Heat,131,102,True
2023-02-14,Washington Wizards,Portland Trail Blazers,126,100,True
2023-02-14,Washington Wizards,Houston Rockets,128,110,True
2023-02-14,Washington Wizards,Cleveland Cavaliers,104,125,False
2023-02-14,Cleveland Cavaliers,Washington Wizards,127,91,True
2023-02-14,Portland Trail Blazers,Miami Heat,104,114,False
2023-02-14,Charlotte Hornets,Minnesota Timberwolves,103,90,True
2023-02-15,Houston Rockets,Miami Heat,118,106,True
2023-02-15,Milwaukee Bucks,Portland Trail Blazers,131,103,True
2023-02-15,New York Knicks,Cleveland Cavaliers,111,109,True
2023-02-15,Charlotte Hornets,Washington Wizards,112,103,True
2023-02-15,Minnesota Timberwolves,Miami Heat,127,102,True
2023-02-15,Milwaukee Bucks,Cleveland Cavaliers,132,126,True
2023-02-15,Houston Rockets,Washington Wizards,120,111,True
2023-02-15,Cleveland Cavaliers,Portland Trail Blazers,104,122,False
2023-02-15,Miami Heat,Milwaukee Bucks,107,139,False
2023-02-15,Houston Rockets,Charlotte Hornets,106,99,True
2023-02-15,Charlotte Hornets,Milwaukee Bucks,94,117,False
2023-02-16,Milwaukee Bucks,Houston Rockets,128,122,True
2023-02-16,New York Knicks,Milwaukee Bucks,91,106,False
2023-02-16,Milwaukee Bucks,New York Knicks,112,93,True
2023-02-16,Houston Rockets,Washington Wizards,123,115,True
2023-02-16,Minnesota Timberwolves,Charlotte Hornets,114,91,True
2023-02-16,Houston Rockets,Washington Wizards,108,103,True
2023-02-16,Washington Wizards,Charlotte Hornets,127,103,True
2023-02-16,New York Knicks,Minnesota Timberwolves,96,119,False
2023-02-16,Cleveland Cavaliers,New York Knicks,122,119,True
2023-02-16,Houston Rockets,Miami Heat,107,111,False
2023-02-16,Washington Wizards,Minnesota Timberwolves,119,110,True
2023-02-17,Milwaukee Bucks,New York Knicks,133,109,True
2023-02-17,New York Knicks,Cleveland Cavaliers,100,134,False
2023-02-17,Cleveland Cavaliers,New York Knicks,100,114,False
2023-02-17,New York Knicks,Milwaukee Bucks,97,121,False
2023-02-17,New York Knicks,Milwaukee Bucks,122,124,False
2023-02-17,New York Knicks,Milwaukee Bucks,104,118,False
2023-10-15,Denver Nuggets,Indiana Pacers,112,108,True
2023-10-15,Oklahoma City Thunder,Milwaukee Bucks,112,106,True
2023-10-15,Denver Nuggets,Indiana Pacers,125,99,True
2023-10-15,Houston Rockets,LA Clippers,121,108,True
2023-10-15,Indiana Pacers,Utah Jazz,121,113,True
2023-10-16,Dallas Mavericks,Golden State Warriors,121,108,True
2023-10-16,San Antonio Spurs,New York Knicks,107,112,False
2023-10-16,Miami Heat,Charlotte Hornets,116,106,True
2023-10-16,Philadelphia 76ers,Washington Wizards,133,95,True
2023-10-16,Cleveland Cavaliers,Portland Trail Blazers,110,124,False
2023-10-16,Memphis Grizzlies,Boston Celtics,102,108,False
2023-10-16,Golden State Warriors,Washington Wizards,120,95,True
2023-10-16,Memphis Grizzlies,Oklahoma City Thunder,125,116,True
2023-10-16,Chicago Bulls,Minnesota Timberwolves,110,115,False
2023-10-17,Brooklyn Nets,Chicago Bulls,118,109,True
2023-10-17,Utah Jazz,Memphis Grizzlies,97,107,False
2023-10-17,Utah Jazz,Phoenix Suns,100,121,False
2023-10-17,Indiana Pacers,LA Lakers,108,106,True
2023-10-17,Detroit Pistons,Boston Celtics,114,119,False
2023-10-17,Houston Rockets,Indiana Pacers,133,100,True
2023-10-17,Sacramento Kings,LA Lakers,138,129,True
2023-10-17,Chicago Bulls,Portland Trail Blazers,108,122,False
2023-10-18,Toronto Raptors,San Antonio Spurs,102,130,False
2023-10-18,Chicago Bulls,Utah Jazz,114,100,True
2023-10-18,Minnesota Timberwolves,Oklahoma City Thunder,126,118,True
2023-10-18,New York Knicks,Denver Nuggets,101,107,False
2023-10-18,Brooklyn Nets,Milwaukee Bucks,102,129,False
2023-10-18,Indiana Pacers,Philadelphia 76ers,105,116,False
2023-10-18,Boston Celtics,Detroit Pistons,113,110,True
2023-10-18,Boston Celtics,Phoenix Suns,115,112,True
2023-10-18,Golden State Warriors,San Antonio Spurs,105,104,True
2023-10-18,Miami Heat,Detroit Pistons,112,106,True
2023-10-18,Houston Rockets,Cleveland Cavaliers,120,117,True
2023-10-18,Houston Rockets,Toronto Raptors,131,109,True
2023-10-19,Memphis Grizzlies,Miami Heat,99,102,False
2023-10-19,New Orleans Pelicans,Indiana Pacers,98,116,False
2023-10-19,Portland Trail Blazers,Orlando Magic,104,102,True
2023-10-19,Washington Wizards,Denver Nuggets,113,120,False
2023-10-19,Brooklyn Nets,LA Lakers,101,97,True
2023-10-19,Houston Rockets,San Antonio Spurs,98,121,False
2023-10-19,Phoenix Suns,Miami Heat,110,101,True
2023-10-19,Portland Trail Blazers,Boston Celtics,109,114,False
2023-10-19,Miami Heat,Denver Nuggets,103,125,False
2023-10-19,Utah Jazz,Charlotte Hornets,117,111,True
2023-10-19,New Orleans Pelicans,Toronto Raptors,105,116,False
2023-10-19,New Orleans Pelicans,San Antonio Spurs,98,113,False
2023-10-19,Philadelphia 76ers,Chicago Bulls,120,113,True
2023-10-20,Boston Celtics,LA Clippers,108,88,True
2023-10-20,Atlanta Hawks,Toronto Raptors,105,113,False
2023-10-20,Orlando Magic,LA Clippers,125,95,True
2023-10-20,Memphis Grizzlies,Boston Celtics,98,113,False
2023-10-20,Milwaukee Bucks,Houston Rockets,116,91,True
2023-10-20,Chicago Bulls,Golden State Warriors,123,128,False
2023-10-20,Phoenix Suns,Chicago Bulls,124,102,True
2023-10-21,Atlanta Hawks,Chicago Bulls,122,127,False
2023-10-21,LA Clippers,Washington Wizards,124,126,False
2023-10-21,Cleveland Cavaliers,Denver Nuggets,108,124,False
2023-10-21,Brooklyn Nets,Boston Celtics,131,118,True
2023-10-21,Cleveland Cavaliers,Orlando Magic,123,114,True
2023-10-21,Phoenix Suns,Utah Jazz,123,116,True
2023-10-21,New York Knicks,Charlotte Hornets,126,96,True
2023-10-22,Atlanta Hawks,Washington Wizards,114,107,True
2023-10-22,New York Knicks,Minnesota Timberwolves,135,128,True
2023-10-22,Denver Nuggets,Brooklyn Nets,111,97,True
2023-10-22,Memphis Grizzlies,Phoenix Suns,115,136,False
2023-10-22,Brooklyn Nets,Phoenix Suns,109,115,False
2023-10-23,Oklahoma City Thunder,New Orleans Pelicans,101,102,False
2023-10-23,Detroit Pistons,Brooklyn Nets,130,134,False
2023-10-23,Indiana Pacers,LA Clippers,100,119,False
2023-10-23,Brooklyn Nets,Oklahoma City Thunder,98,118,False
2023-10-23,New Orleans Pelicans,San Antonio Spurs,101,108,False
2023-10-23,Houston Rockets,LA Clippers,92,108,False
2023-10-23,LA Clippers,Milwaukee Bucks,108,111,False
2023-10-23,New York Knicks,LA Clippers,122,127,False
2023-10-23,Houston Rockets,Miami Heat,104,127,False
2023-10-23,New Orleans Pelicans,Memphis Grizzlies,92,105,False
2023-10-23,New Orleans Pelicans,Phoenix Suns,106,104,True
2023-10-23,Phoenix Suns,Chicago Bulls,109,105,True
2023-10-24,Sacramento Kings,Indiana Pacers,110,107,True
2023-10-24,Brooklyn Nets,LA Clippers,126,87,True
2023-10-24,Philadelphia 76ers,Cleveland Cavaliers,99,114,False
2023-10-24,Denver Nuggets,San Antonio Spurs,113,90,True
2023-10-24,Indiana Pacers,Minnesota Timberwolves,109,92,True
2023-10-24,Sacramento Kings,Orlando Magic,132,102,True
2023-10-24,Sacramento Kings,New York Knicks,105,122,False
2023-10-24,Orlando Magic,Houston Rockets,105,107,False
2023-10-25,Golden State Warriors,Oklahoma City Thunder,109,117,False
2023-10-25,San Antonio Spurs,Dallas Mavericks,116,124,False
2023-10-25,Denver Nuggets,Brooklyn Nets,132,124,True
2023-10-25,Philadelphia 76ers,Sacramento Kings,116,110,True
2023-10-25,Washington Wizards,Chicago Bulls,110,115,False
2023-10-25,Boston Celtics,Utah Jazz,112,98,True
2023-10-25,Detroit Pistons,Oklahoma City Thunder,109,116,False
2023-10-25,Toronto Raptors,Portland Trail Blazers,117,107,True
2023-10-25,Minnesota Timberwolves,New Orleans Pelicans,119,99,True
2023-10-25,Denver Nuggets,Sacramento Kings,118,109,True
2023-10-25,Indiana Pacers,Sacramento Kings,117,103,True
2023-10-25,New Orleans Pelicans,Orlando Magic,90,100,False
2023-10-25,San Antonio Spurs,Indiana Pacers,116,109,True
2023-10-25,Charlotte Hornets,LA Clippers,108,115,False
2023-10-26,Houston Rockets,Cleveland Cavaliers,99,135,False
2023-10-26,Detroit Pistons,Charlotte Hornets,114,102,True
2023-10-26,Orlando Magic,Charlotte Hornets,122,113,True
2023-10-26,Philadelphia 76ers,LA Lakers,106,109,False
2023-10-26,Milwaukee Bucks,Washington Wizards,110,107,True
2023-10-26,Atlanta Hawks,Minnesota Timberwolves,115,104,True
2023-10-27,San Antonio Spurs,Charlotte Hornets,122,115,True
2023-10-27,Charlotte Hornets,Houston Rockets,115,114,True
2023-10-27,New York Knicks,Philadelphia 76ers,96,111,False
2023-10-27,Washington Wizards,Sacramento Kings,117,111,True
2023-10-27,Denver Nuggets,Washington Wizards,93,109,False
2023-10-27,Sacramento Kings,Toronto Raptors,96,92,True
2023-10-27,Toronto Raptors,LA Lakers,85,129,False
2023-10-27,Utah Jazz,Philadelphia 76ers,105,122,False
2023-10-27,Golden State Warriors,Atlanta Hawks,128,91,True
2023-10-27,Dallas Mavericks,Minnesota Timberwolves,120,107,True
2023-10-27,Washington Wizards,Chicago Bulls,96,120,False
2023-10-27,Utah Jazz,Sacramento Kings,103,111,False
2023-10-27,Boston Celtics,Memphis Grizzlies,110,109,True
2023-10-28,Houston Rockets,Orlando Magic,106,97,True
2023-10-28,New York Knicks,LA Clippers,113,111,True
2023-10-28,Washington Wizards,Phoenix Suns,102,110,False
2023-10-28,Philadelphia 76ers,Detroit Pistons,93,85,True
2023-10-28,Milwaukee Bucks,Memphis Grizzlies,121,102,True
2023-10-28,Oklahoma City Thunder,Cleveland Cavaliers,132,126,True
2023-10-28,Philadelphia 76ers,Atlanta Hawks,109,98,True
2023-10-28,Oklahoma City Thunder,Brooklyn Nets,97,111,False
2023-10-28,Brooklyn Nets,Denver Nuggets,129,98,True
2023-10-29,Oklahoma City Thunder,Boston Celtics,97,122,False
2023-10-29,Phoenix Suns,Chicago Bulls,138,114,True
2023-10-29,Golden State Warriors,Dallas Mavericks,105,118,False
2023-10-29,Washington Wizards,Cleveland Cavaliers,91,125,False
2023-10-29,Charlotte Hornets,Cleveland Cavaliers,103,116,False
2023-10-29,LA Clippers,New Orleans Pelicans,100,125,False
2023-10-29,New York Knicks,Detroit Pistons,130,107,True
2023-10-30,Brooklyn Nets,Toronto Raptors,122,121,True
2023-10-30,Memphis Grizzlies,LA Lakers,113,109,True
2023-10-30,LA Lakers,Milwaukee Bucks,119,118,True
2023-10-30,Cleveland Cavaliers,Charlotte Hornets,118,102,True
2023-10-30,LA Lakers,Portland Trail Blazers,120,95,True
2023-10-30,Boston Celtics,Charlotte Hornets,117,95,True
2023-10-31,LA Clippers,Phoenix Suns,117,109,True
2023-10-31,Denver Nuggets,New Orleans Pelicans,111,107,True
2023-10-31,Sacramento Kings,Minnesota Timberwolves,101,125,False
2023-10-31,Chicago Bulls,Sacramento Kings,118,111,True
2023-10-31,Sacramento Kings,New Orleans Pelicans,109,95,True
2023-10-31,Milwaukee Bucks,Boston Celtics,126,101,True
2023-10-31,Charlotte Hornets,San Antonio Spurs,100,109,False
2023-10-31,Sacramento Kings,Dallas Mavericks,97,108,False
2023-10-31,Brooklyn Nets,Utah Jazz,90,121,False
2023-10-31,Memphis Grizzlies,Portland Trail Blazers,133,109,True
2023-10-31,Detroit Pistons,Milwaukee Bucks,110,117,False
2023-10-31,Phoenix Suns,Chicago Bulls,125,104,True
2023-11-01,Oklahoma City Thunder,Chicago Bulls,116,110,True
2023-11-01,Atlanta Hawks,Milwaukee Bucks,102,132,False
2023-11-01,Utah Jazz,Charlotte Hornets,115,108,True
2023-11-01,Toronto Raptors,Memphis Grizzlies,117,99,True
2023-11-01,Charlotte Hornets,New York Knicks,108,111,False
2023-11-01,Minnesota Timberwolves,New Orleans Pelicans,122,103,True
2023-11-02,Washington Wizards,Golden State Warriors,97,112,False
2023-11-02,Houston Rockets,Oklahoma City Thunder,85,118,False
2023-11-02,Milwaukee Bucks,Orlando Magic,129,99,True
2023-11-02,Indiana Pacers,San Antonio Spurs,120,125,False
2023-11-02,Washington Wizards,Denver Nuggets,88,122,False
2023-11-02,Washington Wizards,New Orleans Pelicans,120,117,True
2023-11-03,San Antonio Spurs,Portland Trail Blazers,102,126,False
2023-11-03,Boston Celtics,Brooklyn Nets,104,109,False
2023-11-03,Brooklyn Nets,Phoenix Suns,128,112,True
2023-11-03,Minnesota Timberwolves,Dallas Mavericks,108,96,True
2023-11-03,Charlotte Hornets,Sacramento Kings,112,89,True
2023-11-03,Phoenix Suns,San Antonio Spurs,125,107,True
2023-11-03,Detroit Pistons,Philadelphia 76ers,124,118,True
2023-11-03,LA Clippers,Washington Wizards,114,90,True
2023-11-03,Houston Rockets,Minnesota Timberwolves,102,143,False
2023-11-03,Charlotte Hornets,Miami Heat,104,125,False
2023-11-04,Miami Heat,Cleveland Cavaliers,126,122,True
2023-11-04,Golden State Warriors,Minnesota Timberwolves,118,115,True
2023-11-04,Washington Wizards,Atlanta Hawks,98,123,False
2023-11-04,Milwaukee Bucks,Portland Trail Blazers,109,107,True
2023-11-04,Houston Rockets,Sacramento Kings,97,115,False
2023-11-04,Phoenix Suns,New Orleans Pelicans,125,93,True
2023-11-05,Portland Trail Blazers,Memphis Grizzlies,114,101,True
2023-11-05,Detroit Pistons,Washington Wizards,111,119,False
2023-11-05,Brooklyn Nets,Chicago Bulls,110,112,False
2023-11-05,LA Clippers,New Orleans Pelicans,117,102,True
2023-11-05,New Orleans Pelicans,Toronto Raptors,113,101,True
2023-11-05,LA Lakers,Memphis Grizzlies,121,92,True
2023-11-05,Houston Rockets,Golden State Warriors,94,116,False
2023-11-05,Cleveland Cavaliers,Oklahoma City Thunder,117,102,True
2023-11-05,Cleveland Cavaliers,Phoenix Suns,86,101,False
2023-11-05,Sacramento Kings,Toronto Raptors,118,110,True
2023-11-05,Miami Heat,Dallas Mavericks,105,122,False
2023-11-05,Milwaukee Bucks,Dallas Mavericks,115,99,True
2023-11-06,New Orleans Pelicans,Orlando Magic,91,120,False
2023-11-06,Chicago Bulls,Miami Heat,119,90,True
2023-11-06,Detroit Pistons,Memphis Grizzlies,117,105,True
2023-11-06,Phoenix Suns,Cleveland Cavaliers,125,123,True
2023-11-06,Charlotte Hornets,Miami Heat,117,110,True
2023-11-06,Minnesota Timberwolves,Brooklyn Nets,125,124,True
2023-11-06,Toronto Raptors,Houston Rockets,116,108,True
2023-11-06,Milwaukee Bucks,Sacramento Kings,107,89,True
2023-11-06,Minnesota Timberwolves,Milwaukee Bucks,110,87,True
2023-11-06,Detroit Pistons,Memphis Grizzlies,118,120,False
2023-11-06,San Antonio Spurs,Atlanta Hawks,105,93,True
2023-11-07,Miami Heat,San Antonio Spurs,113,110,True
2023-11-07,Indiana Pacers,New York Knicks,122,107,True
2023-11-07,Dallas Mavericks,LA Clippers,120,113,True
2023-11-07,Boston Celtics,Milwaukee Bucks,108,114,False
2023-11-07,LA Clippers,Brooklyn Nets,110,91,True
2023-11-07,Phoenix Suns,Houston Rockets,108,99,True
2023-11-07,Orlando Magic,Detroit Pistons,120,121,False
2023-11-08,New Orleans Pelicans,New York Knicks,122,130,False
2023-11-08,Milwaukee Bucks,LA Lakers,94,115,False
2023-11-08,New York Knicks,Utah Jazz,109,93,True
2023-11-08,Denver Nuggets,New Orleans Pelicans,127,97,True
2023-11-08,LA Lakers,Cleveland Cavaliers,102,125,False
2023-11-08,Chicago Bulls,San Antonio Spurs,129,128,True
2023-11-08,New Orleans Pelicans,Toronto Raptors,99,124,False
2023-11-08,Chicago Bulls,Atlanta Hawks,121,92,True
2023-11-08,Chicago Bulls,Detroit Pistons,104,99,True
2023-11-08,Detroit Pistons,New York Knicks,90,114,False
2023-11-08,Cleveland Cavaliers,Detroit Pistons,115,102,True
2023-11-08,Phoenix Suns,Boston Celtics,138,100,True
2023-11-08,San Antonio Spurs,Memphis Grizzlies,117,122,False
2023-11-08,Oklahoma City Thunder,LA Lakers,118,123,False
2023-11-09,Chicago Bulls,Houston Rockets,123,106,True
2023-11-09,Charlotte Hornets,Miami Heat,103,130,False
2023-11-09,Detroit Pistons,Miami Heat,114,85,True
2023-11-09,Atlanta Hawks,Orlando Magic,122,96,True
2023-11-09,Minnesota Timberwolves,Atlanta Hawks,114,113,True
2023-11-09,Memphis Grizzlies,Boston Celtics,116,118,False
2023-11-09,New Orleans Pelicans,Milwaukee Bucks,85,110,False
2023-11-09,Orlando Magic,Milwaukee Bucks,116,118,False
2023-11-09,Golden State Warriors,New York Knicks,101,92,True
2023-11-09,Minnesota Timberwolves,Detroit Pistons,117,93,True
2023-11-10,Sacramento Kings,Orlando Magic,104,86,True
2023-11-10,New Orleans Pelicans,Charlotte Hornets,115,107,True
2023-11-10,Brooklyn Nets,Houston Rockets,105,115,False
2023-11-10,Orlando Magic,Atlanta Hawks,109,108,True
2023-11-10,Milwaukee Bucks,Dallas Mavericks,95,120,False
2023-11-10,Orlando Magic,Sacramento Kings,119,105,True
2023-11-11,Toronto Raptors,Charlotte Hornets,112,106,True
2023-11-11,Milwaukee Bucks,Boston Celtics,105,127,False
2023-11-11,Portland Trail Blazers,Detroit Pistons,114,98,True
2023-11-11,Memphis Grizzlies,Oklahoma City Thunder,124,116,True
2023-11-11,Brooklyn Nets,Detroit Pistons,113,106,True
2023-11-11,Cleveland Cavaliers,Utah Jazz,121,92,True
2023-11-12,Memphis Grizzlies,LA Lakers,124,102,True
2023-11-12,New York Knicks,Boston Celtics,104,126,False
2023-11-12,LA Clippers,Atlanta Hawks,133,94,True
2023-11-12,Chicago Bulls,Indiana Pacers,104,132,False
2023-11-12,San Antonio Spurs,Chicago Bulls,137,97,True
2023-11-12,Phoenix Suns,Portland Trail Blazers,100,99,True
2023-11-12,Atlanta Hawks,Brooklyn Nets,92,125,False
2023-11-12,Golden State Warriors,Washington Wizards,106,100,True
2023-11-12,Cleveland Cavaliers,Charlotte Hornets,121,100,True
2023-11-12,Phoenix Suns,Brooklyn Nets,120,87,True
2023-11-12,Charlotte Hornets,Orlando Magic,93,114,False
2023-11-13,New Orleans Pelicans,Charlotte Hornets,123,103,True
2023-11-13,LA Lakers,Boston Celtics,116,95,True
2023-11-13,Charlotte Hornets,Sacramento Kings,112,111,True
2023-11-13,New Orleans Pelicans,Charlotte Hornets,121,112,True
2023-11-13,Orlando Magic,LA Clippers,129,125,True
2023-11-13,Minnesota Timberwolves,San Antonio Spurs,117,101,True
2023-11-13,Portland Trail Blazers,Milwaukee Bucks,116,122,False
2023-11-13,Atlanta Hawks,Philadelphia 76ers,89,108,False
2023-11-13,Detroit Pistons,Memphis Grizzlies,107,109,False
2023-11-13,Sacramento Kings,Orlando Magic,89,97,False
2023-11-13,Denver Nuggets,Cleveland Cavaliers,124,123,True
2023-11-13,Portland Trail Blazers,Detroit Pistons,125,115,True
2023-11-13,Atlanta Hawks,Golden State Warriors,126,117,True
2023-11-14,Memphis Grizzlies,Atlanta Hawks,111,106,True
2023-11-14,Washington Wizards,Philadelphia 76ers,88,103,False
2023-11-14,San Antonio Spurs,Washington Wizards,117,95,True
2023-11-14,LA Clippers,Phoenix Suns,103,130,False
2023-11-14,Oklahoma City Thunder,Boston Celtics,105,111,False
2023-11-14,Orlando Magic,Toronto Raptors,89,118,False
2023-11-14,Cleveland Cavaliers,LA Clippers,127,118,True
2023-11-14,New York Knicks,LA Lakers,116,115,True
2023-11-14,Brooklyn Nets,Golden State Warriors,110,115,False
2023-11-14,Toronto Raptors,Atlanta Hawks,85,134,False
2023-11-14,Phoenix Suns,Utah Jazz,112,103,True
2023-11-15,Portland Trail Blazers,Golden State Warriors,113,98,True
2023-11-15,Charlotte Hornets,Miami Heat,111,114,False
2023-11-15,Sacramento Kings,Houston Rockets,101,134,False
2023-11-15,Phoenix Suns,Sacramento Kings,103,95,True
2023-11-15,Washington Wizards,Orlando Magic,110,105,True
2023-11-15,San Antonio Spurs,Denver Nuggets,91,105,False
2023-11-15,Orlando Magic,Washington Wizards,125,106,True
2023-11-16,Atlanta Hawks,Boston Celtics,104,114,False
2023-11-16,Milwaukee Bucks,Phoenix Suns,131,99,True
2023-11-16,Oklahoma City Thunder,Brooklyn Nets,153,145,True
2023-11-16,Atlanta Hawks,Toronto Raptors,113,114,False
2023-11-16,Atlanta Hawks,LA Clippers,126,104,True
2023-11-16,Milwaukee Bucks,LA Clippers,113,105,True
2023-11-16,Denver Nuggets,Boston Celtics,91,100,False
2023-11-16,Indiana Pacers,Orlando Magic,114,108,True
2023-11-17,LA Clippers,Philadelphia 76ers,119,98,True
2023-11-17,Milwaukee Bucks,Washington Wizards,109,112,False
2023-11-17,Denver Nuggets,Atlanta Hawks,124,105,True
2023-11-17,Detroit Pistons,Orlando Magic,119,94,True
2023-11-17,San Antonio Spurs,Miami Heat,96,109,False
2023-11-17,Chicago Bulls,Oklahoma City Thunder,93,124,False
2023-11-17,Philadelphia 76ers,Indiana Pacers,101,100,True
2023-11-17,Dallas Mavericks,Charlotte Hornets,112,106,True
2023-11-17,LA Lakers,Portland Trail Blazers,143,110,True
2023-11-17,Portland Trail Blazers,Toronto Raptors,113,104,True
2023-11-17,Charlotte Hornets,LA Lakers,86,128,False
2023-11-17,Houston Rockets,Miami Heat,116,125,False
2023-11-17,Oklahoma City Thunder,Philadelphia 76ers,114,106,True
2023-11-18,Milwaukee Bucks,Utah Jazz,115,105,True
2023-11-18,Sacramento Kings,Atlanta Hawks,114,105,True
2023-11-18,LA Lakers,Atlanta Hawks,98,87,True
2023-11-18,Brooklyn Nets,Charlotte Hornets,97,106,False
2023-11-18,Miami Heat,Boston Celtics,94,108,False
2023-11-18,Houston Rockets,Phoenix Suns,107,113,False
2023-11-19,Golden State Warriors,LA Lakers,98,116,False
2023-11-19,LA Lakers,Sacramento Kings,99,92,True
2023-11-19,Detroit Pistons,Sacramento Kings,100,88,True
2023-11-19,Cleveland Cavaliers,Houston Rockets,119,107,True
2023-11-19,Houston Rockets,Charlotte Hornets,138,105,True
2023-11-19,Milwaukee Bucks,Atlanta Hawks,112,105,True
2023-11-19,Chicago Bulls,Portland Trail Blazers,120,115,True
2023-11-19,San Antonio Spurs,Oklahoma City Thunder,110,118,False
2023-11-19,New York Knicks,Philadelphia 76ers,111,114,False
2023-11-19,Oklahoma City Thunder,Washington Wizards,101,93,True
2023-11-19,New York Knicks,Orlando Magic,121,105,True
2023-11-19,Chicago Bulls,New York Knicks,103,120,False
2023-11-19,Houston Rockets,San Antonio Spurs,119,103,True
2023-11-19,Houston Rockets,Toronto Raptors,113,118,False
2023-11-20,Dallas Mavericks,Utah Jazz,144,103,True
2023-11-20,Toronto Raptors,Miami Heat,117,128,False
2023-11-20,LA Clippers,LA Lakers,121,98,True
2023-11-20,San Antonio Spurs,Denver Nuggets,111,118,False
2023-11-20,Orlando Magic,Houston Rockets,104,97,True
2023-11-20,Cleveland Cavaliers,Minnesota Timberwolves,116,122,False
2023-11-20,LA Lakers,San Antonio Spurs,116,110,True
2023-11-20,Brooklyn Nets,San Antonio Spurs,111,109,True
2023-11-20,Oklahoma City Thunder,New Orleans Pelicans,114,109,True
2023-11-21,Washington Wizards,Minnesota Timberwolves,103,118,False
2023-11-21,Sacramento Kings,Chicago Bulls,116,111,True
2023-11-21,Houston Rockets,New York Knicks,90,85,True
2023-11-21,New York Knicks,Oklahoma City Thunder,97,93,True
2023-11-21,Denver Nuggets,Portland Trail Blazers,120,112,True
2023-11-21,Phoenix Suns,Indiana Pacers,116,111,True
2023-11-21,Philadelphia 76ers,Dallas Mavericks,93,124,False
2023-11-21,Memphis Grizzlies,LA Clippers,130,122,True
2023-11-21,Cleveland Cavaliers,Charlotte Hornets,119,117,True
2023-11-21,Memphis Grizzlies,Charlotte Hornets,114,112,True
2023-11-21,New York Knicks,Indiana Pacers,125,123,True
2023-11-21,Oklahoma City Thunder,Golden State Warriors,116,92,True
2023-11-21,Dallas Mavericks,Minnesota Timberwolves,122,90,True
2023-11-21,Indiana Pacers,Portland Trail Blazers,96,85,True
2023-11-22,Dallas Mavericks,LA Lakers,108,94,True
2023-11-22,Denver Nuggets,Orlando Magic,117,104,True
2023-11-22,Philadelphia 76ers,LA Clippers,124,106,True
2023-11-22,Milwaukee Bucks,Detroit Pistons,120,115,True
2023-11-22,Toronto Raptors,Utah Jazz,119,104,True
2023-11-22,Houston Rockets,Toronto Raptors,125,88,True
2023-11-23,Milwaukee Bucks,Phoenix Suns,122,111,True
2023-11-23,Houston Rockets,Washington Wizards,111,103,True
2023-11-23,Orlando Magic,Charlotte Hornets,128,105,True
2023-11-23,Atlanta Hawks,LA Clippers,113,128,False
2023-11-23,New York Knicks,Houston Rockets,127,108,True
2023-11-23,Philadelphia 76ers,Indiana Pacers,129,128,True
2023-11-23,Brooklyn Nets,Sacramento Kings,113,106,True
2023-11-24,Orlando Magic,Golden State Warriors,122,117,True
2023-11-24,Philadelphia 76ers,LA Clippers,118,111,True
2023-11-24,Detroit Pistons,Golden State Warriors,85,129,False
2023-11-24,Oklahoma City Thunder,New Orleans Pelicans,119,103,True
2023-11-24,New York Knicks,San Antonio Spurs,125,86,True
2023-11-24,Memphis Grizzlies,San Antonio Spurs,110,87,True
2023-11-24,Washington Wizards,Minnesota Timberwolves,92,115,False
2023-11-24,Minnesota Timberwolves,Washington Wizards,123,132,False
2023-11-24,Dallas Mavericks,Milwaukee Bucks,111,85,True
2023-11-24,Washington Wizards,Milwaukee Bucks,102,107,False
2023-11-24,Denver Nuggets,Charlotte Hornets,126,120,True
2023-11-25,Dallas Mavericks,Orlando Magic,118,102,True
2023-11-25,LA Clippers,Golden State Warriors,109,129,False
2023-11-25,Milwaukee Bucks,Cleveland Cavaliers,130,122,True
2023-11-25,LA Lakers,Oklahoma City Thunder,126,115,True
2023-11-25,Washington Wizards,Indiana Pacers,118,87,True
2023-11-25,Philadelphia 76ers,Utah Jazz,133,105,True
2023-11-26,Sacramento Kings,Houston Rockets,123,119,True
2023-11-26,Washington Wizards,Dallas Mavericks,86,110,False
2023-11-26,San Antonio Spurs,Cleveland Cavaliers,87,127,False
2023-11-26,Miami Heat,Dallas Mavericks,100,106,False
2023-11-26,New York Knicks,Phoenix Suns,108,103,True
2023-11-26,LA Lakers,Utah Jazz,113,100,True
2023-11-26,Oklahoma City Thunder,Philadelphia 76ers,104,119,False
2023-11-27,Charlotte Hornets,Indiana Pacers,135,101,True
2023-11-27,Dallas Mavericks,Chicago Bulls,126,101,True
2023-11-27,San Antonio Spurs,New Orleans Pelicans,115,108,True
2023-11-27,Brooklyn Nets,Denver Nuggets,96,106,False
2023-11-27,Milwaukee Bucks,Phoenix Suns,115,102,True
2023-11-27,Dallas Mavericks,Boston Celtics,95,109,False
2023-11-27,Chicago Bulls,Philadelphia 76ers,112,113,False
2023-11-27,Washington Wizards,New York Knicks,125,106,True
2023-11-27,Houston Rockets,Chicago Bulls,105,109,False
2023-11-27,Milwaukee Bucks,Miami Heat,129,125,True
2023-11-27,Denver Nuggets,Dallas Mavericks,109,95,True
2023-11-28,Charlotte Hornets,Orlando Magic,104,118,False
2023-11-28,New Orleans Pelicans,Indiana Pacers,114,104,True
2023-11-28,Sacramento Kings,New York Knicks,120,92,True
2023-11-28,Brooklyn Nets,Cleveland Cavaliers,110,85,True
2023-11-28,Orlando Magic,Philadelphia 76ers,100,111,False
2023-11-29,Washington Wizards,Oklahoma City Thunder,90,105,False
2023-11-29,Denver Nuggets,Phoenix Suns,95,122,False
2023-11-29,LA Lakers,Portland Trail Blazers,98,108,False
2023-11-29,Indiana Pacers,Sacramento Kings,105,112,False
2023-11-29,Orlando Magic,Denver Nuggets,119,102,True
2023-11-29,Boston Celtics,Chicago Bulls,126,119,True
2023-11-29,Atlanta Hawks,Indiana Pacers,98,87,True
2023-11-29,Detroit Pistons,Milwaukee Bucks,123,108,True
2023-11-29,Golden State Warriors,New Orleans Pelicans,128,122,True
2023-11-30,Utah Jazz,Brooklyn Nets,113,97,True
2023-11-30,Denver Nuggets,Utah Jazz,113,93,True
2023-11-30,Phoenix Suns,Dallas Mavericks,131,126,True
2023-11-30,LA Clippers,Utah Jazz,106,86,True
2023-11-30,Oklahoma City Thunder,Orlando Magic,121,87,True
2023-11-30,Atlanta Hawks,Denver Nuggets,118,128,False
2023-11-30,Philadelphia 76ers,Houston Rockets,94,115,False
2023-11-30,Boston Celtics,Orlando Magic,110,107,True
2023-11-30,Portland Trail Blazers,Boston Celtics,102,122,False
2023-11-30,Utah Jazz,Milwaukee Bucks,107,108,False
2023-11-30,New York Knicks,Brooklyn Nets,114,93,True
2023-12-01,Indiana Pacers,Portland Trail Blazers,107,105,True
2023-12-01,Oklahoma City Thunder,Detroit Pistons,99,93,True
2023-12-01,Brooklyn Nets,Miami Heat,117,109,True
2023-12-01,Charlotte Hornets,San Antonio Spurs,120,119,True
2023-12-01,Memphis Grizzlies,New York Knicks,126,119,True
2023-12-01,Houston Rockets,Boston Celtics,107,87,True
2023-12-01,Miami Heat,Atlanta Hawks,125,107,True
2023-12-02,New Orleans Pelicans,Milwaukee Bucks,85,115,False
2023-12-02,Washington Wizards,Denver Nuggets,101,109,False
2023-12-02,Indiana Pacers,Houston Rockets,97,123,False
2023-12-02,LA Clippers,Minnesota Timberwolves,111,110,True
2023-12-02,New York Knicks,Toronto Raptors,125,98,True
2023-12-02,Denver Nuggets,Minnesota Timberwolves,136,110,True
2023-12-02,Houston Rockets,Denver Nuggets,120,106,True
2023-12-03,Detroit Pistons,Brooklyn Nets,107,118,False
2023-12-03,Indiana Pacers,LA Clippers,92,100,False
2023-12-03,Memphis Grizzlies,New Orleans Pelicans,92,123,False
2023-12-03,Milwaukee Bucks,Utah Jazz,141,135,True
2023-12-03,Denver Nuggets,Orlando Magic,124,85,True
2023-12-03,New York Knicks,Golden State Warriors,115,109,True
2023-12-03,Chicago Bulls,Washington Wizards,117,113,True
2023-12-03,Sacramento Kings,Brooklyn Nets,119,92,True
2023-12-03,Minnesota Timberwolves,Dallas Mavericks,133,140,False
2023-12-03,Portland Trail Blazers,Orlando Magic,123,102,True
2023-12-04,Philadelphia 76ers,Phoenix Suns,119,108,True
2023-12-04,Oklahoma City Thunder,Indiana Pacers,112,94,True
2023-12-04,Dallas Mavericks,Phoenix Suns,93,121,False
2023-12-04,Golden State Warriors,Houston Rockets,116,107,True
2023-12-04,Miami Heat,Denver Nuggets,110,107,True
2023-12-05,Houston Rockets,LA Clippers,118,107,True
2023-12-05,Boston Celtics,Chicago Bulls,108,92,True
2023-12-05,Memphis Grizzlies,Washington Wizards,85,138,False
2023-12-05,Detroit Pistons,New Orleans Pelicans,97,85,True
2023-12-05,Brooklyn Nets,Oklahoma City Thunder,99,111,False
2023-12-05,LA Lakers,Detroit Pistons,130,105,True
2023-12-06,Miami Heat,New York Knicks,107,132,False
2023-12-06,Charlotte Hornets,Phoenix Suns,102,117,False
2023-12-06,LA Lakers,Miami Heat,106,134,False
2023-12-06,Cleveland Cavaliers,Sacramento Kings,114,90,True
2023-12-06,New York Knicks,Dallas Mavericks,116,113,True
2023-12-06,Memphis Grizzlies,Washington Wizards,127,95,True
2023-12-07,Houston Rockets,Golden State Warriors,118,108,True
2023-12-07,Memphis Grizzlies,Charlotte Hornets,117,109,True
2023-12-07,Orlando Magic,Miami Heat,107,115,False
2023-12-07,Utah Jazz,Cleveland Cavaliers,100,122,False
2023-12-07,Portland Trail Blazers,Detroit Pistons,124,105,True
2023-12-07,Indiana Pacers,New York Knicks,101,107,False
2023-12-07,Memphis Grizzlies,Boston Celtics,122,121,True
2023-12-07,Denver Nuggets,Milwaukee Bucks,104,118,False
2023-12-07,New Orleans Pelicans,Philadelphia 76ers,127,116,True
2023-12-07,Denver Nuggets,Memphis Grizzlies,124,119,True
2023-12-07,Dallas Mavericks,Memphis Grizzlies,96,118,False
2023-12-07,Brooklyn Nets,Phoenix Suns,109,114,False
2023-12-07,LA Lakers,Oklahoma City Thunder,100,124,False
2023-12-08,Philadelphia 76ers,Atlanta Hawks,118,117,True
2023-12-08,Chicago Bulls,Indiana Pacers,112,110,True
2023-12-08,Golden State Warriors,Memphis Grizzlies,122,117,True
2023-12-08,Chicago Bulls,Miami Heat,99,102,False
2023-12-08,Atlanta Hawks,Detroit Pistons,129,130,False
2023-12-09,New York Knicks,Golden State Warriors,110,101,True
2023-12-09,Toronto Raptors,New Orleans Pelicans,129,89,True
2023-12-09,Memphis Grizzlies,San Antonio Spurs,98,114,False
2023-12-09,San Antonio Spurs,Philadelphia 76ers,89,91,False
2023-12-09,Sacramento Kings,Memphis Grizzlies,101,100,True
2023-12-09,LA Clippers,Minnesota Timberwolves,113,114,False
2023-12-10,Cleveland Cavaliers,LA Clippers,116,113,True
2023-12-10,Philadelphia 76ers,Detroit Pistons,120,113,True
2023-12-10,Chicago Bulls,Golden State Warriors,111,115,False
2023-12-10,Cleveland Cavaliers,Chicago Bulls,130,125,True
2023-12-10,Miami Heat,Sacramento Kings,117,106,True
2023-12-10,Memphis Grizzlies,Oklahoma City Thunder,121,99,True
2023-12-10,Atlanta Hawks,Utah Jazz,116,99,True
2023-12-10,Cleveland Cavaliers,Chicago Bulls,132,125,True
2023-12-10,New Orleans Pelicans,Milwaukee Bucks,106,115,False
2023-12-11,Denver Nuggets,Utah Jazz,125,94,True
2023-12-11,Oklahoma City Thunder,Detroit Pistons,118,113,True
2023-12-11,Orlando Magic,Brooklyn Nets,120,105,True
2023-12-11,Oklahoma City Thunder,New York Knicks,104,122,False
2023-12-11,New Orleans Pelicans,Boston Celtics,112,126,False
2023-12-11,Atlanta Hawks,Dallas Mavericks,90,107,False
2023-12-11,Houston Rockets,Orlando Magic,122,86,True
2023-12-12,Milwaukee Bucks,Denver Nuggets,101,111,False
2023-12-12,Oklahoma City Thunder,Miami Heat,115,111,True
2023-12-12,Toronto Raptors,LA Clippers,103,106,False
2023-12-12,Golden State Warriors,Indiana Pacers,112,102,True
2023-12-12,Cleveland Cavaliers,Milwaukee Bucks,108,118,False
2023-12-12,Houston Rockets,Golden State Warriors,109,102,True
2023-12-12,Memphis Grizzlies,Sacramento Kings,121,115,True
2023-12-12,Milwaukee Bucks,Toronto Raptors,103,100,True
2023-12-12,Orlando Magic,Oklahoma City Thunder,112,106,True
2023-12-12,LA Lakers,Orlando Magic,119,112,True
2023-12-12,Sacramento Kings,Houston Rockets,129,103,True
2023-12-12,San Antonio Spurs,Sacramento Kings,122,114,True
2023-12-12,Golden State Warriors,Orlando Magic,110,107,True
2023-12-12,Washington Wizards,LA Clippers,110,113,False
2023-12-13,Portland Trail Blazers,Minnesota Timberwolves,85,127,False
2023-12-13,Miami Heat,Boston Celtics,101,106,False
2023-12-13,Miami Heat,Boston Celtics,124,102,True
2023-12-13,Atlanta Hawks,Houston Rockets,117,130,False
2023-12-13,Minnesota Timberwolves,Toronto Raptors,101,85,True
2023-12-13,LA Lakers,Houston Rockets,116,113,True
2023-12-13,Philadelphia 76ers,Denver Nuggets,119,111,True
2023-12-13,Philadelphia 76ers,Sacramento Kings,128,97,True
2023-12-13,Dallas Mavericks,Orlando Magic,114,109,True
2023-12-14,Detroit Pistons,Cleveland Cavaliers,103,100,True
2023-12-14,Washington Wizards,Detroit Pistons,123,129,False
2023-12-14,Miami Heat,Utah Jazz,113,104,True
2023-12-14,Miami Heat,Memphis Grizzlies,127,99,True
2023-12-14,Memphis Grizzlies,LA Clippers,127,94,True
2023-12-14,Dallas Mavericks,Toronto Raptors,114,103,True
2023-12-14,Washington Wizards,Houston Rockets,132,125,True
2023-12-14,Atlanta Hawks,Houston Rockets,123,115,True
2023-12-14,Utah Jazz,Boston Celtics,131,107,True
2023-12-14,Utah Jazz,Atlanta Hawks,129,90,True
2023-12-15,Philadelphia 76ers,Dallas Mavericks,117,115,True
2023-12-15,Houston Rockets,Charlotte Hornets,114,131,False
2023-12-15,LA Lakers,Memphis Grizzlies,115,114,True
2023-12-15,Indiana Pacers,Sacramento Kings,98,97,True
2023-12-15,Atlanta Hawks,Detroit Pistons,103,93,True
2023-12-15,LA Clippers,Chicago Bulls,120,85,True
2023-12-15,Denver Nuggets,Cleveland Cavaliers,114,107,True
2023-12-15,Sacramento Kings,Cleveland Cavaliers,93,109,False
2023-12-15,Washington Wizards,Houston Rockets,114,136,False
2023-12-16,LA Lakers,Boston Celtics,111,118,False
2023-12-16,Milwaukee Bucks,New Orleans Pelicans,115,111,True
2023-12-16,New Orleans Pelicans,Utah Jazz,103,100,True
2023-12-16,New York Knicks,Utah Jazz,127,126,True
2023-12-16,Houston Rockets,Toronto Raptors,120,97,True
2023-12-16,Sacramento Kings,Chicago Bulls,97,123,False
2023-12-16,Boston Celtics,Philadelphia 76ers,124,111,True
2023-12-16,San Antonio Spurs,Cleveland Cavaliers,95,102,False
2023-12-16,Toronto Raptors,Milwaukee Bucks,101,109,False
2023-12-16,Portland Trail Blazers,Memphis Grizzlies,107,115,False
2023-12-16,LA Lakers,Washington Wizards,122,118,True
2023-12-16,New Orleans Pelicans,LA Lakers,123,104,True
2023-12-17,Indiana Pacers,Portland Trail Blazers,109,105,True
2023-12-17,Oklahoma City Thunder,San Antonio Spurs,120,90,True
2023-12-17,Cleveland Cavaliers,Dallas Mavericks,102,126,False
2023-12-17,Charlotte Hornets,Golden State Warriors,98,106,False
2023-12-17,Dallas Mavericks,Golden State Warriors,108,119,False
2023-12-17,Denver Nuggets,Minnesota Timberwolves,113,98,True
2023-12-17,Memphis Grizzlies,Brooklyn Nets,121,109,True
2023-12-17,Miami Heat,Golden State Warriors,129,101,True
2023-12-17,Milwaukee Bucks,Chicago Bulls,131,128,True
2023-12-17,Miami Heat,Philadelphia 76ers,95,116,False
2023-12-17,Atlanta Hawks,Philadelphia 76ers,97,110,False
2023-12-17,Toronto Raptors,Atlanta Hawks,109,105,True
2023-12-17,Indiana Pacers,New Orleans Pelicans,130,97,True
2023-12-17,New Orleans Pelicans,Miami Heat,97,103,False
2023-12-18,Chicago Bulls,Cleveland Cavaliers,110,114,False
2023-12-18,Brooklyn Nets,New Orleans Pelicans,109,96,True
2023-12-18,Portland Trail Blazers,Boston Celtics,118,111,True
2023-12-18,Toronto Raptors,Washington Wizards,115,113,True
2023-12-18,Milwaukee Bucks,Indiana Pacers,109,135,False
2023-12-18,Minnesota Timberwolves,Chicago Bulls,113,108,True
2023-12-18,Indiana Pacers,Dallas Mavericks,88,117,False
2023-12-18,Washington Wizards,Chicago Bulls,91,121,False
2023-12-19,Denver Nuggets,Utah Jazz,107,106,True
2023-12-19,Chicago Bulls,LA Clippers,101,114,False
2023-12-19,San Antonio Spurs,Detroit Pistons,110,100,True
2023-12-19,Brooklyn Nets,Sacramento Kings,104,95,True
2023-12-19,New York Knicks,San Antonio Spurs,114,109,True
2023-12-19,Indiana Pacers,New York Knicks,114,108,True
2023-12-19,New York Knicks,San Antonio Spurs,125,106,True
2023-12-19,Detroit Pistons,Golden State Warriors,113,115,False
2023-12-19,New York Knicks,LA Lakers,114,106,True
2023-12-19,New Orleans Pelicans,New York Knicks,115,121,False
2023-12-19,Atlanta Hawks,Phoenix Suns,96,123,False
2023-12-19,Orlando Magic,Indiana Pacers,110,102,True
2023-12-19,Portland Trail Blazers,Dallas Mavericks,100,123,False
2023-12-20,Charlotte Hornets,LA Clippers,101,138,False
2023-12-20,Milwaukee Bucks,Boston Celtics,104,124,False
2023-12-20,Washington Wizards,Atlanta Hawks,116,97,True
2023-12-20,Philadelphia 76ers,Portland Trail Blazers,133,104,True
2023-12-20,Minnesota Timberwolves,Miami Heat,117,122,False
2023-12-21,Miami Heat,Dallas Mavericks,111,95,True
2023-12-21,Charlotte Hornets,Milwaukee Bucks,109,112,False
2023-12-21,Boston Celtics,Memphis Grizzlies,114,92,True
2023-12-21,Phoenix Suns,Atlanta Hawks,100,120,False
2023-12-21,Utah Jazz,Phoenix Suns,94,108,False
2023-12-21,Atlanta Hawks,Charlotte Hornets,110,118,False
2023-12-21,Atlanta Hawks,Brooklyn Nets,105,112,False
2023-12-22,Washington Wizards,Indiana Pacers,112,85,True
2023-12-22,Sacramento Kings,Memphis Grizzlies,107,109,False
2023-12-22,Atlanta Hawks,LA Lakers,121,116,True
2023-12-22,Milwaukee Bucks,Toronto Raptors,124,102,True
2023-12-22,Houston Rockets,Miami Heat,106,108,False
2023-12-22,Golden State Warriors,Chicago Bulls,125,116,True
2023-12-22,Atlanta Hawks,Utah Jazz,113,103,True
2023-12-22,Minnesota Timberwolves,New York Knicks,120,115,True
2023-12-22,Toronto Raptors,Denver Nuggets,111,120,False
2023-12-22,Toronto Raptors,Oklahoma City Thunder,104,112,False
2023-12-23,Sacramento Kings,LA Clippers,122,129,False
2023-12-23,LA Lakers,Boston Celtics,108,106,True
2023-12-23,Cleveland Cavaliers,Minnesota Timberwolves,111,106,True
2023-12-23,Washington Wizards,Dallas Mavericks,113,126,False
2023-12-23,Houston Rockets,Sacramento Kings,111,101,True
2023-12-24,Charlotte Hornets,Cleveland Cavaliers,113,128,False
2023-12-24,Orlando Magic,LA Clippers,111,91,True
2023-12-24,Indiana Pacers,Phoenix Suns,119,125,False
2023-12-24,Denver Nuggets,New Orleans Pelicans,119,113,True
2023-12-24,San Antonio Spurs,Detroit Pistons,92,103,False
2023-12-24,Phoenix Suns,Portland Trail Blazers,113,99,True
2023-12-24,Golden State Warriors,Chicago Bulls,108,104,True
2023-12-24,Cleveland Cavaliers,Washington Wizards,117,109,True
2023-12-24,Memphis Grizzlies,Toronto Raptors,91,126,False
2023-12-24,New York Knicks,LA Clippers,119,100,True
2023-12-24,Atlanta Hawks,Utah Jazz,122,120,True
2023-12-24,Boston Celtics,Milwaukee Bucks,114,122,False
2023-12-24,New York Knicks,Portland Trail Blazers,130,113,True
2023-12-25,Houston Rockets,Atlanta Hawks,124,120,True
2023-12-25,Memphis Grizzlies,Boston Celtics,96,114,False
2023-12-25,LA Lakers,Cleveland Cavaliers,111,102,True
2023-12-25,San Antonio Spurs,Sacramento Kings,108,110,False
2023-12-25,Indiana Pacers,LA Lakers,101,113,False
2023-12-25,Chicago Bulls,Charlotte Hornets,113,111,True
2023-12-25,Phoenix Suns,Cleveland Cavaliers,111,97,True
2023-12-25,Chicago Bulls,Charlotte Hornets,116,110,True
2023-12-25,New Orleans Pelicans,LA Lakers,107,104,True
2023-12-25,Phoenix Suns,New Orleans Pelicans,106,104,True
2023-12-25,Atlanta Hawks,Boston Celtics,117,88,True
2023-12-26,Orlando Magic,Houston Rockets,92,108,False
2023-12-26,Portland Trail Blazers,San Antonio Spurs,105,95,True
2023-12-26,Brooklyn Nets,Utah Jazz,111,117,False
2023-12-26,Utah Jazz,Portland Trail Blazers,120,106,True
2023-12-26,Dallas Mavericks,Sacramento Kings,122,93,True
2023-12-26,Milwaukee Bucks,Golden State Warriors,124,116,True
2023-12-26,Milwaukee Bucks,Boston Celtics,133,115,True
2023-12-26,LA Clippers,Cleveland Cavaliers,121,98,True
2023-12-26,Minnesota Timberwolves,Miami Heat,119,107,True
2023-12-27,Cleveland Cavaliers,Boston Celtics,107,119,False
2023-12-27,Charlotte Hornets,Toronto Raptors,130,124,True
2023-12-27,Oklahoma City Thunder,San Antonio Spurs,109,106,True
2023-12-27,Phoenix Suns,Denver Nuggets,131,92,True
2023-12-27,Philadelphia 76ers,Charlotte Hornets,113,92,True
2023-12-27,Miami Heat,Chicago Bulls,127,107,True
2023-12-27,Phoenix Suns,Portland Trail Blazers,117,112,True
2023-12-27,Utah Jazz,Milwaukee Bucks,118,129,False
2023-12-27,Milwaukee Bucks,LA Clippers,106,105,True
2023-12-28,Brooklyn Nets,Phoenix Suns,107,125,False
2023-12-28,Cleveland Cavaliers,Golden State Warriors,125,107,True
2023-12-28,Memphis Grizzlies,Oklahoma City Thunder,101,111,False
2023-12-28,Sacramento Kings,Detroit Pistons,126,124,True
2023-12-28,Detroit Pistons,Miami Heat,126,91,True
2023-12-28,Cleveland Cavaliers,Toronto Raptors,116,85,True
2023-12-28,New York Knicks,Detroit Pistons,133,107,True
2023-12-29,Utah Jazz,Houston Rockets,103,120,False
2023-12-29,San Antonio Spurs,Cleveland Cavaliers,136,105,True
2023-12-29,Orlando Magic,Detroit Pistons,110,107,True
2023-12-29,Washington Wizards,New York Knicks,103,118,False
2023-12-29,Memphis Grizzlies,Houston Rockets,114,124,False
2023-12-29,Cleveland Cavaliers,Portland Trail Blazers,124,113,True
2023-12-29,Utah Jazz,Cleveland Cavaliers,114,118,False
2023-12-29,Minnesota Timberwolves,Indiana Pacers,114,112,True
2023-12-29,Miami Heat,Boston Celtics,91,111,False
2023-12-29,LA Clippers,Indiana Pacers,133,108,True
2023-12-29,Philadelphia 76ers,Washington Wizards,116,115,True
2023-12-29,Chicago Bulls,Denver Nuggets,115,119,False
2023-12-29,LA Clippers,Boston Celtics,119,116,True
2023-12-30,Portland Trail Blazers,Cleveland Cavaliers,97,120,False
2023-12-30,Minnesota Timberwolves,Indiana Pacers,113,110,True
2023-12-30,San Antonio Spurs,Memphis Grizzlies,121,113,True
2023-12-30,Phoenix Suns,Milwaukee Bucks,106,115,False
2023-12-30,Milwaukee Bucks,Brooklyn Nets,112,100,True
2023-12-30,Milwaukee Bucks,Indiana Pacers,119,99,True
2023-12-30,Indiana Pacers,Sacramento Kings,92,108,False
2023-12-30,Charlotte Hornets,Phoenix Suns,96,115,False
2023-12-30,Toronto Raptors,Boston Celtics,101,106,False
2023-12-30,Miami Heat,Brooklyn Nets,104,127,False
2023-12-31,Minnesota Timberwolves,Cleveland Cavaliers,123,105,True
2023-12-31,Golden State Warriors,Miami Heat,116,121,False
2023-12-31,LA Clippers,Milwaukee Bucks,112,115,False
2023-12-31,LA Clippers,Philadelphia 76ers,106,99,True
2023-12-31,New York Knicks,Memphis Grizzlies,141,120,True
2023-12-31,Memphis Grizzlies,LA Clippers,131,111,True
2024-01-01,Washington Wizards,Charlotte Hornets,103,100,True
2024-01-01,Houston Rockets,Milwaukee Bucks,104,107,False
2024-01-01,Boston Celtics,Atlanta Hawks,112,105,True
2024-01-01,Memphis Grizzlies,Detroit Pistons,109,96,True
2024-01-01,Brooklyn Nets,New Orleans Pelicans,107,136,False
2024-01-01,Philadelphia 76ers,Charlotte Hornets,111,105,True
2024-01-01,San Antonio Spurs,Cleveland Cavaliers,123,107,True
2024-01-01,San Antonio Spurs,Detroit Pistons,106,128,False
2024-01-01,Denver Nuggets,Portland Trail Blazers,109,102,True
2024-01-01,Orlando Magic,Utah Jazz,123,96,True
2024-01-01,Portland Trail Blazers,Dallas Mavericks,140,99,True
2024-01-01,Boston Celtics,Memphis Grizzlies,119,96,True
2024-01-02,Milwaukee Bucks,New York Knicks,113,110,True
2024-01-02,Portland Trail Blazers,Philadelphia 76ers,91,101,False
2024-01-02,Milwaukee Bucks,Minnesota Timberwolves,125,116,True
2024-01-02,Miami Heat,Charlotte Hornets,129,117,True
2024-01-02,Golden State Warriors,Indiana Pacers,127,100,True
2024-01-02,Boston Celtics,Oklahoma City Thunder,115,94,True
2024-01-02,Brooklyn Nets,Sacramento Kings,101,99,True
2024-01-02,Sacramento Kings,Chicago Bulls,111,115,False
2024-01-02,New York Knicks,Memphis Grizzlies,120,105,True
2024-01-03,Sacramento Kings,Chicago Bulls,131,127,True
2024-01-03,Memphis Grizzlies,Portland Trail Blazers,111,99,True
2024-01-03,Dallas Mavericks,Toronto Raptors,108,103,True
2024-01-03,Golden State Warriors,Milwaukee Bucks,105,112,False
2024-01-03,Portland Trail Blazers,Brooklyn Nets,126,121,True
2024-01-03,Denver Nuggets,Boston Celtics,120,108,True
2024-01-03,Philadelphia 76ers,Indiana Pacers,106,105,True
2024-01-04,Miami Heat,Houston Rockets,126,122,True
2024-01-04,Denver Nuggets,Cleveland Cavaliers,125,98,True
2024-01-04,Brooklyn Nets,Indiana Pacers,92,108,False
2024-01-04,Detroit Pistons,Washington Wizards,118,113,True
2024-01-04,Miami Heat,Minnesota Timberwolves,99,127,False
2024-01-04,Phoenix Suns,Miami Heat,131,93,True
2024-01-04,Dallas Mavericks,Washington Wizards,114,102,True
2024-01-05,Phoenix Suns,Toronto Raptors,115,114,True
2024-01-05,Boston Celtics,Philadelphia 76ers,90,101,False
2024-01-05,Portland Trail Blazers,Philadelphia 76ers,121,110,True
2024-01-05,Miami Heat,Indiana Pacers,103,97,True
2024-01-05,LA Clippers,Brooklyn Nets,128,121,True
2024-01-05,Denver Nuggets,Orlando Magic,118,109,True
2024-01-05,Miami Heat,LA Clippers,117,89,True
2024-01-05,Charlotte Hornets,Milwaukee Bucks,112,126,False
2024-01-05,Memphis Grizzlies,Oklahoma City Thunder,114,116,False
2024-01-05,Oklahoma City Thunder,Toronto Raptors,117,108,True
2024-01-06,Brooklyn Nets,Philadelphia 76ers,100,102,False
2024-01-06,Golden State Warriors,Denver Nuggets,101,114,False
2024-01-06,Indiana Pacers,Portland Trail Blazers,94,111,False
2024-01-06,LA Lakers,Milwaukee Bucks,121,113,True
2024-01-06,Golden State Warriors,Atlanta Hawks,105,103,True
2024-01-07,Minnesota Timberwolves,Golden State Warriors,113,127,False
2024-01-07,Memphis Grizzlies,Miami Heat,98,108,False
2024-01-07,Miami Heat,Memphis Grizzlies,127,108,True
2024-01-07,Houston Rockets,Cleveland Cavaliers,125,98,True
2024-01-07,LA Lakers,Golden State Warriors,109,117,False
2024-01-07,Denver Nuggets,New York Knicks,111,110,True
2024-01-07,Toronto Raptors,Denver Nuggets,110,111,False
2024-01-07,Boston Celtics,Washington Wizards,136,85,True
2024-01-07,Detroit Pistons,Golden State Warriors,98,122,False
2024-01-07,Toronto Raptors,Philadelphia 76ers,109,125,False
2024-01-08,Indiana Pacers,Portland Trail Blazers,114,109,True
2024-01-08,LA Lakers,Golden State Warriors,119,95,True
2024-01-08,LA Clippers,Brooklyn Nets,122,131,False
2024-01-08,Chicago Bulls,Brooklyn Nets,126,95,True
2024-01-08,Orlando Magic,Detroit Pistons,113,95,True
2024-01-08,Miami Heat,Sacramento Kings,88,124,False
2024-01-08,Atlanta Hawks,Milwaukee Bucks,107,109,False
2024-01-08,Houston Rockets,Sacramento Kings,104,96,True
2024-01-08,Dallas Mavericks,Philadelphia 76ers,125,93,True
2024-01-08,Denver Nuggets,Portland Trail Blazers,120,113,True
2024-01-08,Cleveland Cavaliers,Miami Heat,119,112,True
2024-01-08,Houston Rockets,Boston Celtics,104,117,False
2024-01-08,Houston Rockets,Denver Nuggets,87,98,False
2024-01-08,Miami Heat,Toronto Raptors,114,101,True
2024-01-09,Detroit Pistons,New York Knicks,92,126,False
2024-01-09,Detroit Pistons,Indiana Pacers,108,98,True
2024-01-09,Boston Celtics,Milwaukee Bucks,112,104,True
2024-01-09,LA Lakers,Dallas Mavericks,120,113,True
2024-01-09,Chicago Bulls,New Orleans Pelicans,105,89,True
2024-01-09,LA Lakers,San Antonio Spurs,103,93,True
2024-01-09,Miami Heat,Phoenix Suns,97,119,False
2024-01-09,New York Knicks,Minnesota Timberwolves,122,113,True
2024-01-09,Washington Wizards,Indiana Pacers,122,126,False
2024-01-09,Chicago Bulls,Orlando Magic,120,123,False
2024-01-10,Chicago Bulls,Toronto Raptors,109,114,False
2024-01-10,Phoenix Suns,Golden State Warriors,97,85,True
2024-01-10,Dallas Mavericks,Memphis Grizzlies,117,97,True
2024-01-10,Milwaukee Bucks,Philadelphia 76ers,130,122,True
2024-01-10,Dallas Mavericks,Milwaukee Bucks,111,90,True
2024-01-10,New Orleans Pelicans,LA Lakers,104,88,True
2024-01-10,New Orleans Pelicans,LA Clippers,125,95,True
2024-01-10,Toronto Raptors,Houston Rockets,111,115,False
2024-01-10,Orlando Magic,LA Lakers,121,112,True
2024-01-10,Utah Jazz,San Antonio Spurs,99,132,False
2024-01-10,Houston Rockets,Utah Jazz,121,118,True
2024-01-11,Detroit Pistons,Minnesota Timberwolves,95,118,False
2024-01-11,Philadelphia 76ers,Dallas Mavericks,117,101,True
2024-01-11,Miami Heat,Phoenix Suns,121,109,True
2024-01-11,LA Clippers,Miami Heat,123,108,True
2024-01-11,Orlando Magic,New York Knicks,111,117,False
2024-01-11,Golden State Warriors,San Antonio Spurs,99,111,False
2024-01-11,Utah Jazz,San Antonio Spurs,110,120,False
2024-01-11,Minnesota Timberwolves,Sacramento Kings,114,108,True
2024-01-11,Phoenix Suns,Toronto Raptors,124,118,True
2024-01-11,Cleveland Cavaliers,New York Knicks,126,99,True
2024-01-12,Memphis Grizzlies,Detroit Pistons,103,96,True
2024-01-12,Sacramento Kings,Boston Celtics,93,127,False
2024-01-12,Memphis Grizzlies,Portland Trail Blazers,117,105,True
2024-01-12,Brooklyn Nets,Memphis Grizzlies,117,98,True
2024-01-12,New York Knicks,Sacramento Kings,124,100,True
2024-01-12,Charlotte Hornets,Atlanta Hawks,109,110,False
2024-01-12,Cleveland Cavaliers,Brooklyn Nets,99,121,False
2024-01-12,Charlotte Hornets,Golden State Warriors,111,117,False
2024-01-12,Utah Jazz,Denver Nuggets,100,114,False
2024-01-12,Miami Heat,New York Knicks,112,131,False
2024-01-12,Memphis Grizzlies,Golden State Warriors,108,110,False
2024-01-12,Memphis Grizzlies,LA Lakers,107,118,False
2024-01-13,Philadelphia 76ers,Toronto Raptors,98,115,False
2024-01-13,Minnesota Timberwolves,Brooklyn Nets,129,128,True
2024-01-13,Portland Trail Blazers,Milwaukee Bucks,111,85,True
2024-01-13,Memphis Grizzlies,Brooklyn Nets,110,107,True
2024-01-13,Oklahoma City Thunder,Dallas Mavericks,108,104,True
2024-01-14,San Antonio Spurs,Philadelphia 76ers,105,114,False
2024-01-14,New Orleans Pelicans,Cleveland Cavaliers,110,91,True
2024-01-14,Portland Trail Blazers,Cleveland Cavaliers,108,124,False
2024-01-14,Houston Rockets,LA Clippers,128,89,True
2024-01-14,LA Clippers,Boston Celtics,123,114,True
2024-01-14,Houston Rockets,LA Lakers,99,112,False
2024-01-14,Miami Heat,Orlando Magic,125,120,True
2024-01-14,Miami Heat,Houston Rockets,103,99,True
2024-01-14,LA Clippers,Philadelphia 76ers,116,124,False
2024-01-14,Orlando Magic,Utah Jazz,124,90,True
2024-01-14,Philadelphia 76ers,Toronto Raptors,122,99,True
2024-01-14,Boston Celtics,Portland Trail Blazers,124,115,True
2024-01-15,Golden State Warriors,Cleveland Cavaliers,119,96,True
2024-01-15,San Antonio Spurs,Oklahoma City Thunder,111,122,False
2024-01-15,New Orleans Pelicans,Sacramento Kings,97,112,False
2024-01-15,Golden State Warriors,Miami Heat,110,106,True
2024-01-15,Dallas Mavericks,Memphis Grizzlies,110,108,True
2024-01-15,Chicago Bulls,Miami Heat,128,110,True
2024-01-15,LA Clippers,LA Lakers,99,117,False
2024-01-15,Utah Jazz,Dallas Mavericks,120,113,True
2024-01-15,Detroit Pistons,Cleveland Cavaliers,93,117,False
2024-01-15,Denver Nuggets,Sacramento Kings,130,124,True
2024-01-15,Phoenix Suns,Toronto Raptors,129,102,True
2024-01-15,Toronto Raptors,Indiana Pacers,111,103,True
2024-01-16,Charlotte Hornets,Minnesota Timberwolves,105,122,False
2024-01-16,Atlanta Hawks,Houston Rockets,115,114,True
2024-01-16,Memphis Grizzlies,Boston Celtics,101,120,False
2024-01-16,San Antonio Spurs,Oklahoma City Thunder,90,113,False
2024-01-16,Philadelphia 76ers,New York Knicks,113,111,True
2024-01-16,Sacramento Kings,Miami Heat,91,116,False
2024-01-16,Atlanta Hawks,Indiana Pacers,115,121,False
2024-01-16,Philadelphia 76ers,Houston Rockets,124,118,True
2024-01-16,Toronto Raptors,Boston Celtics,105,122,False
2024-01-16,Sacramento Kings,Brooklyn Nets,116,113,True
2024-01-16,LA Clippers,Dallas Mavericks,126,95,True
2024-01-17,New York Knicks,Miami Heat,120,85,True
2024-01-17,Phoenix Suns,Atlanta Hawks,125,96,True
2024-01-17,San Antonio Spurs,LA Lakers,111,109,True
2024-01-17,Chicago Bulls,Utah Jazz,130,85,True
2024-01-17,Phoenix Suns,Portland Trail Blazers,114,106,True
2024-01-17,Chicago Bulls,Memphis Grizzlies,105,114,False
2024-01-17,LA Lakers,Sacramento Kings,114,113,True
2024-01-17,Chicago Bulls,Charlotte Hornets,97,114,False
2024-01-17,Brooklyn Nets,Miami Heat,96,102,False
2024-01-17,Indiana Pacers,Miami Heat,121,95,True
2024-01-17,Denver Nuggets,Indiana Pacers,126,122,True
2024-01-18,LA Clippers,Philadelphia 76ers,116,125,False
2024-01-18,Miami Heat,Philadelphia 76ers,110,120,False
2024-01-18,Atlanta Hawks,Portland Trail Blazers,105,112,False
2024-01-18,Detroit Pistons,Oklahoma City Thunder,110,101,True
2024-01-18,Dallas Mavericks,Washington Wizards,128,107,True
2024-01-18,Phoenix Suns,Denver Nuggets,89,128,False
2024-01-18,LA Lakers,Atlanta Hawks,113,104,True
2024-01-18,Denver Nuggets,Chicago Bulls,113,99,True
2024-01-18,New York Knicks,Orlando Magic,113,95,True
2024-01-19,LA Lakers,Boston Celtics,107,128,False
2024-01-19,Golden State Warriors,New York Knicks,125,111,True
2024-01-19,San Antonio Spurs,Sacramento Kings,99,105,False
2024-01-19,Golden State Warriors,San Antonio Spurs,109,107,True
2024-01-19,New Orleans Pelicans,San Antonio Spurs,101,125,False
2024-01-19,Detroit Pistons,Sacramento Kings,111,107,True
2024-01-19,Portland Trail Blazers,Philadelphia 76ers,101,112,False
2024-01-20,Houston Rockets,Cleveland Cavaliers,99,111,False
2024-01-20,San Antonio Spurs,Boston Celtics,119,93,True
2024-01-20,Toronto Raptors,Phoenix Suns,107,121,False
2024-01-20,Orlando Magic,Dallas Mavericks,97,110,False
2024-01-20,Orlando Magic,Sacramento Kings,120,100,True
2024-01-20,Indiana Pacers,LA Lakers,122,125,False
2024-01-20,Denver Nuggets,Brooklyn Nets,110,109,True
2024-01-20,Dallas Mavericks,San Antonio Spurs,125,119,True
2024-01-20,Denver Nuggets,Utah Jazz,129,124,True
2024-01-20,Portland Trail Blazers,Utah Jazz,102,104,False
2024-01-21,Golden State Warriors,Charlotte Hornets,101,104,False
2024-01-21,LA Clippers,New Orleans Pelicans,122,113,True
2024-01-21,Memphis Grizzlies,Brooklyn Nets,125,109,True
2024-01-21,Utah Jazz,Chicago Bulls,128,120,True
2024-01-21,Dallas Mavericks,New York Knicks,110,105,True
2024-01-21,LA Lakers,LA Clippers,106,105,True
2024-01-21,Detroit Pistons,Atlanta Hawks,108,109,False
2024-01-22,Oklahoma City Thunder,Toronto Raptors,111,103,True
2024-01-22,New York Knicks,Washington Wizards,120,106,True
2024-01-22,Portland Trail Blazers,Boston Celtics,95,111,False
2024-01-22,San Antonio Spurs,Oklahoma City Thunder,101,114,False
2024-01-22,Denver Nuggets,LA Lakers,111,105,True
2024-01-22,Memphis Grizzlies,Orlando Magic,106,112,False
2024-01-22,Chicago Bulls,Utah Jazz,129,108,True
2024-01-22,Utah Jazz,Minnesota Timberwolves,105,119,False
2024-01-23,Golden State Warriors,Dallas Mavericks,108,122,False
2024-01-23,Indiana Pacers,Utah Jazz,101,98,True
2024-01-23,Orlando Magic,Denver Nuggets,114,118,False
2024-01-23,Chicago Bulls,Cleveland Cavaliers,100,128,False
2024-01-23,Orlando Magic,Cleveland Cavaliers,124,119,True
2024-01-23,Sacramento Kings,Indiana Pacers,122,104,True
2024-01-24,Houston Rockets,Toronto Raptors,104,95,True
2024-01-24,Portland Trail Blazers,LA Lakers,96,110,False
2024-01-24,Detroit Pistons,Denver Nuggets,126,134,False
2024-01-24,Oklahoma City Thunder,Washington Wizards,126,107,True
2024-01-24,LA Lakers,Toronto Raptors,112,103,True
2024-01-24,Portland Trail Blazers,Chicago Bulls,108,104,True
2024-01-24,Atlanta Hawks,Milwaukee Bucks,117,118,False
2024-01-24,San Antonio Spurs,Milwaukee Bucks,98,118,False
2024-01-24,Dallas Mavericks,Brooklyn Nets,134,120,True
2024-01-24,New Orleans Pelicans,Utah Jazz,103,106,False
2024-01-24,New Orleans Pelicans,Denver Nuggets,103,116,False
2024-01-24,Phoenix Suns,Dallas Mavericks,97,110,False
2024-01-24,Denver Nuggets,New York Knicks,102,97,True
2024-01-25,Indiana Pacers,Toronto Raptors,105,117,False
2024-01-25,Orlando Magic,Portland Trail Blazers,107,103,True
2024-01-25,San Antonio Spurs,New Orleans Pelicans,110,90,True
2024-01-25,Brooklyn Nets,Atlanta Hawks,119,116,True
2024-01-25,Golden State Warriors,Cleveland Cavaliers,99,108,False
2024-01-25,Washington Wizards,Atlanta Hawks,121,105,True
2024-01-25,Utah Jazz,Milwaukee Bucks,124,128,False
2024-01-25,Philadelphia 76ers,San Antonio Spurs,97,121,False
2024-01-25,Dallas Mavericks,Boston Celtics,121,113,True
2024-01-26,Utah Jazz,LA Clippers,112,105,True
2024-01-26,Boston Celtics,Washington Wizards,114,113,True
2024-01-26,Phoenix Suns,Boston Celtics,119,104,True
2024-01-26,Sacramento Kings,Brooklyn Nets,115,93,True
2024-01-26,Orlando Magic,Minnesota Timberwolves,117,104,True
2024-01-26,Minnesota Timberwolves,LA Clippers,118,114,True
2024-01-26,Atlanta Hawks,Cleveland Cavaliers,97,87,True
2024-01-27,Charlotte Hornets,Toronto Raptors,117,85,True
2024-01-27,Toronto Raptors,Charlotte Hornets,127,122,True
2024-01-27,Brooklyn Nets,Golden State Warriors,119,103,True
2024-01-27,Orlando Magic,Memphis Grizzlies,113,116,False
2024-01-27,Toronto Raptors,Atlanta Hawks,116,114,True
2024-01-27,Toronto Raptors,Detroit Pistons,127,92,True
2024-01-27,Houston Rockets,Chicago Bulls,111,120,False
2024-01-27,Miami Heat,New York Knicks,126,98,True
2024-01-28,Phoenix Suns,Charlotte Hornets,108,94,True
2024-01-28,Orlando Magic,Detroit Pistons,120,111,True
2024-01-28,LA Clippers,Charlotte Hornets,114,100,True
2024-01-28,Washington Wizards,Chicago Bulls,109,101,True
2024-01-28,Chicago Bulls,Washington Wizards,117,101,True
2024-01-28,New York Knicks,Houston Rockets,116,108,True
2024-01-28,Cleveland Cavaliers,Miami Heat,123,112,True
2024-01-28,Utah Jazz,San Antonio Spurs,85,122,False
2024-01-28,LA Clippers,Oklahoma City Thunder,110,107,True
2024-01-28,San Antonio Spurs,Milwaukee Bucks,91,119,False
2024-01-28,Chicago Bulls,Miami Heat,135,128,True
2024-01-28,Brooklyn Nets,Sacramento Kings,123,124,False
2024-01-28,Philadelphia 76ers,Utah Jazz,106,103,True
2024-01-28,New York Knicks,Detroit Pistons,116,103,True
2024-01-29,New York Knicks,LA Clippers,115,136,False
2024-01-29,New Orleans Pelicans,Milwaukee Bucks,128,101,True
2024-01-29,Boston Celtics,Philadelphia 76ers,121,108,True
2024-01-29,Houston Rockets,Charlotte Hornets,112,98,True
2024-01-29,Washington Wizards,Golden State Warriors,98,114,False
2024-01-29,New Orleans Pelicans,Utah Jazz,115,92,True
2024-01-29,Cleveland Cavaliers,New Orleans Pelicans,122,120,True
2024-01-29,Boston Celtics,Memphis Grizzlies,110,106,True
2024-01-29,Denver Nuggets,Boston Celtics,116,115,True
2024-01-30,Cleveland Cavaliers,Detroit Pistons,121,114,True
2024-01-30,Dallas Mavericks,Golden State Warriors,127,104,True
2024-01-30,Minnesota Timberwolves,New Orleans Pelicans,111,92,True
2024-01-30,Brooklyn Nets,Chicago Bulls,113,102,True
2024-01-30,LA Clippers,Oklahoma City Thunder,123,114,True
2024-01-30,Charlotte Hornets,LA Clippers,89,118,False
2024-01-30,Washington Wizards,Oklahoma City Thunder,105,111,False
2024-01-30,Golden State Warriors,New York Knicks,111,110,True
2024-01-31,Washington Wizards,Phoenix Suns,107,111,False
2024-01-31,Miami Heat,Phoenix Suns,117,85,True
2024-01-31,Golden State Warriors,Boston Celtics,98,125,False
2024-01-31,Toronto Raptors,Minnesota Timberwolves,95,117,False
2024-01-31,Dallas Mavericks,Washington Wizards,113,100,True
2024-02-01,Boston Celtics,Memphis Grizzlies,129,101,True
2024-02-01,New Orleans Pelicans,Portland Trail Blazers,106,127,False
2024-02-01,Phoenix Suns,Orlando Magic,110,93,True
2024-02-01,Miami Heat,Portland Trail Blazers,111,101,True
2024-02-01,Boston Celtics,Minnesota Timberwolves,116,102,True
2024-02-01,Miami Heat,Dallas Mavericks,117,105,True
2024-02-01,Toronto Raptors,Utah Jazz,120,117,True
2024-02-01,Philadelphia 76ers,Dallas Mavericks,114,100,True
2024-02-01,Philadelphia 76ers,Toronto Raptors,121,118,True
2024-02-01,Portland Trail Blazers,Chicago Bulls,109,114,False
2024-02-02,Charlotte Hornets,Golden State Warriors,106,114,False
2024-02-02,New Orleans Pelicans,New York Knicks,121,109,True
2024-02-02,Indiana Pacers,Dallas Mavericks,112,107,True
2024-02-02,New York Knicks,Detroit Pistons,120,111,True
2024-02-02,Minnesota Timberwolves,Milwaukee Bucks,122,125,False
2024-02-02,Miami Heat,Utah Jazz,102,96,True
2024-02-02,Dallas Mavericks,Toronto Raptors,122,95,True
2024-02-02,Atlanta Hawks,LA Clippers,122,120,True
2024-02-02,Toronto Raptors,Charlotte Hornets,114,106,True
2024-02-02,Denver Nuggets,Indiana Pacers,125,117,True
2024-02-02,Atlanta Hawks,Philadelphia 76ers,121,127,False
2024-02-02,LA Lakers,Brooklyn Nets,113,98,True
2024-02-03,Houston Rockets,Portland Trail Blazers,114,102,True
2024-02-03,Washington Wizards,Miami Heat,110,124,False
2024-02-03,Boston Celtics,Utah Jazz,112,95,True
2024-02-03,Brooklyn Nets,Oklahoma City Thunder,118,108,True
2024-02-03,Oklahoma City Thunder,LA Clippers,113,116,False
2024-02-03,Sacramento Kings,Minnesota Timberwolves,115,101,True
2024-02-03,Charlotte Hornets,New York Knicks,120,125,False
2024-02-03,New York Knicks,Utah Jazz,112,106,True
2024-02-03,Oklahoma City Thunder,Memphis Grizzlies,119,114,True
2024-02-03,Philadelphia 76ers,Memphis Grizzlies,123,109,True
2024-02-04,Detroit Pistons,New York Knicks,130,121,True
2024-02-04,LA Lakers,Indiana Pacers,115,100,True
2024-02-04,Brooklyn Nets,Cleveland Cavaliers,103,120,False
2024-02-04,Atlanta Hawks,Houston Rockets,96,104,False
2024-02-04,Utah Jazz,New Orleans Pelicans,110,92,True
2024-02-04,Chicago Bulls,Denver Nuggets,116,124,False
2024-02-04,Miami Heat,Utah Jazz,105,107,False
2024-02-04,Charlotte Hornets,New Orleans Pelicans,112,106,True
2024-02-05,Chicago Bulls,Memphis Grizzlies,131,139,False
2024-02-05,Houston Rockets,Denver Nuggets,88,102,False
2024-02-05,New Orleans Pelicans,Brooklyn Nets,102,128,False
2024-02-05,Houston Rockets,Memphis Grizzlies,120,106,True
2024-02-05,Detroit Pistons,Miami Heat,94,130,False
2024-02-06,LA Clippers,Indiana Pacers,123,100,True
2024-02-06,Miami Heat,Cleveland Cavaliers,130,125,True
2024-02-06,Houston Rockets,Atlanta Hawks,93,120,False
2024-02-06,Portland Trail Blazers,New Orleans Pelicans,109,111,False
2024-02-06,Detroit Pistons,New York Knicks,110,112,False
2024-02-06,Orlando Magic,Indiana Pacers,110,92,True
2024-02-06,Atlanta Hawks,Charlotte Hornets,108,114,False
2024-02-07,Utah Jazz,New Orleans Pelicans,125,126,False
2024-02-07,LA Clippers,San Antonio Spurs,110,101,True
2024-02-07,New Orleans Pelicans,Boston Celtics,94,108,False
2024-02-07,Detroit Pistons,Philadelphia 76ers,93,120,False
2024-02-07,San Antonio Spurs,Oklahoma City Thunder,112,114,False
2024-02-07,New Orleans Pelicans,Oklahoma City Thunder,98,134,False
2024-02-07,Boston Celtics,Indiana Pacers,102,92,True
2024-02-08,Utah Jazz,LA Clippers,121,105,True
2024-02-08,Milwaukee Bucks,Phoenix Suns,134,95,True
2024-02-08,LA Lakers,Philadelphia 76ers,100,122,False
2024-02-08,LA Lakers,Philadelphia 76ers,115,113,True
2024-02-08,New York Knicks,New Orleans Pelicans,113,107,True
2024-02-08,San Antonio Spurs,LA Clippers,109,107,True
2024-02-08,Charlotte Hornets,Denver Nuggets,88,122,False
2024-02-08,Washington Wizards,Portland Trail Blazers,122,109,True
2024-02-08,Toronto Raptors,Denver Nuggets,108,122,False
2024-02-08,Golden State Warriors,Dallas Mavericks,102,141,False
2024-02-08,Memphis Grizzlies,Brooklyn Nets,123,101,True
2024-02-08,Golden State Warriors,New Orleans Pelicans,128,127,True
2024-02-08,Cleveland Cavaliers,Orlando Magic,106,104,True
2024-02-08,Sacramento Kings,Milwaukee Bucks,116,117,False
2024-02-09,Detroit Pistons,Indiana Pacers,114,94,True
2024-02-09,San Antonio Spurs,Minnesota Timberwolves,97,112,False
2024-02-09,Philadelphia 76ers,Denver Nuggets,136,128,True
2024-02-09,Cleveland Cavaliers,Houston Rockets,117,109,True
2024-02-09,Sacramento Kings,Philadelphia 76ers,116,125,False
2024-02-09,Boston Celtics,Miami Heat,126,117,True
2024-02-09,Brooklyn Nets,New Orleans Pelicans,105,131,False
2024-02-09,Atlanta Hawks,Sacramento Kings,118,110,True
2024-02-09,Brooklyn Nets,Orlando Magic,116,109,True
2024-02-09,Minnesota Timberwolves,Cleveland Cavaliers,131,129,True
2024-02-09,LA Clippers,Denver Nuggets,116,133,False
2024-02-09,Chicago Bulls,Minnesota Timberwolves,124,110,True
2024-02-10,New York Knicks,Detroit Pistons,120,102,True
2024-02-10,Portland Trail Blazers,Washington Wizards,106,115,False
2024-02-10,Cleveland Cavaliers,Philadelphia 76ers,105,108,False
2024-02-10,Phoenix Suns,Denver Nuggets,95,117,False
2024-02-10,Milwaukee Bucks,Memphis Grizzlies,137,95,True
2024-02-10,Memphis Grizzlies,Golden State Warriors,116,114,True
2024-02-10,Dallas Mavericks,Atlanta Hawks,118,109,True
2024-02-10,Washington Wizards,Cleveland Cavaliers,118,115,True
2024-02-10,Cleveland Cavaliers,Denver Nuggets,98,117,False
2024-02-11,Boston Celtics,Orlando Magic,118,104,True
2024-02-11,Toronto Raptors,Oklahoma City Thunder,99,115,False
2024-02-11,New York Knicks,Golden State Warriors,102,110,False
2024-02-11,Indiana Pacers,Toronto Raptors,112,87,True
2024-02-11,New Orleans Pelicans,New York Knicks,107,117,False
2024-02-11,Detroit Pistons,Golden State Warriors,108,116,False
2024-02-11,Portland Trail Blazers,Oklahoma City Thunder,91,107,False
2024-02-11,LA Lakers,Boston Celtics,110,108,True
2024-02-11,Atlanta Hawks,Memphis Grizzlies,104,103,True
2024-02-11,Sacramento Kings,Atlanta Hawks,115,95,True
2024-02-11,Houston Rockets,Golden State Warriors,110,105,True
2024-02-11,San Antonio Spurs,New York Knicks,126,113,True
2024-02-12,Sacramento Kings,LA Clippers,113,102,True
2024-02-12,New Orleans Pelicans,Detroit Pistons,123,104,True
2024-02-12,Sacramento Kings,Dallas Mavericks,94,143,False
2024-02-12,Brooklyn Nets,LA Clippers,111,96,True
2024-02-12,Boston Celtics,Detroit Pistons,99,98,True
2024-02-12,Boston Celtics,LA Lakers,115,111,True
2024-02-12,Milwaukee Bucks,New York Knicks,112,106,True
2024-02-12,Charlotte Hornets,Phoenix Suns,124,132,False
2024-02-12,LA Lakers,Golden State Warriors,121,97,True
2024-02-12,Oklahoma City Thunder,Atlanta Hawks,114,98,True
2024-02-12,Washington Wizards,Phoenix Suns,114,115,False
2024-02-12,Sacramento Kings,New Orleans Pelicans,111,106,True
2024-02-13,Philadelphia 76ers,Charlotte Hornets,98,125,False
2024-02-13,New Orleans Pelicans,Portland Trail Blazers,113,107,True
2024-02-13,Chicago Bulls,Cleveland Cavaliers,104,85,True
2024-02-13,LA Clippers,Phoenix Suns,119,100,True
2024-02-13,Oklahoma City Thunder,Washington Wizards,127,111,True
2024-02-13,Denver Nuggets,Toronto Raptors,114,97,True
2024-02-14,Golden State Warriors,Chicago Bulls,142,104,True
2024-02-14,Charlotte Hornets,Cleveland Cavaliers,104,113,False
2024-02-14,Minnesota Timberwolves,Toronto Raptors,107,102,True
2024-02-14,Denver Nuggets,Atlanta Hawks,102,96,True
2024-02-14,Oklahoma City Thunder,Orlando Magic,119,112,True
2024-02-14,Detroit Pistons,Philadelphia 76ers,121,124,False
2024-02-14,Portland Trail Blazers,Washington Wizards,121,122,False
2024-02-15,Denver Nuggets,Phoenix Suns,121,113,True
2024-02-15,Golden State Warriors,Phoenix Suns,107,130,False
2024-02-15,Detroit Pistons,Portland Trail Blazers,123,117,True
2024-02-15,Cleveland Cavaliers,Milwaukee Bucks,110,91,True
2024-02-15,Detroit Pistons,Cleveland Cavaliers,105,110,False
2024-02-15,Detroit Pistons,Orlando Magic,119,101,True
2024-02-15,Orlando Magic,Washington Wizards,124,117,True
2024-02-15,Washington Wizards,Charlotte Hornets,108,123,False
2024-02-16,Chicago Bulls,LA Lakers,126,124,True
2024-02-16,LA Lakers,Oklahoma City Thunder,109,111,False
2024-02-16,Denver Nuggets,Charlotte Hornets,122,103,True
2024-02-16,Brooklyn Nets,Sacramento Kings,117,119,False
2024-02-16,Oklahoma City Thunder,Dallas Mavericks,97,119,False
2024-02-16,New Orleans Pelicans,Phoenix Suns,88,112,False
2024-02-16,Indiana Pacers,Dallas Mavericks,115,105,True
2024-02-16,New Orleans Pelicans,Oklahoma City Thunder,127,98,True
2024-02-16,Phoenix Suns,LA Lakers,124,98,True
2024-02-16,San Antonio Spurs,New Orleans Pelicans,109,105,True
2024-02-16,Oklahoma City Thunder,Indiana Pacers,114,123,False
2024-02-16,Toronto Raptors,Utah Jazz,116,114,True
2024-02-16,Milwaukee Bucks,Washington Wizards,127,85,True
2024-02-17,Detroit Pistons,Chicago Bulls,102,92,True
2024-02-17,Toronto Raptors,Portland Trail Blazers,108,96,True
2024-02-17,LA Lakers,Phoenix Suns,119,124,False
2024-02-17,Atlanta Hawks,Denver Nuggets,106,114,False
2024-02-17,Philadelphia 76ers,Detroit Pistons,118,113,True
2024-02-17,Orlando Magic,Brooklyn Nets,114,103,True
2024-02-17,Golden State Warriors,Sacramento Kings,107,114,False
2024-02-17,Charlotte Hornets,New Orleans Pelicans,132,95,True
2024-02-17,Toronto Raptors,Oklahoma City Thunder,118,113,True
2024-02-18,Philadelphia 76ers,Orlando Magic,122,98,True
2024-02-18,Utah Jazz,Minnesota Timberwolves,90,115,False
2024-02-18,Portland Trail Blazers,Philadelphia 76ers,124,101,True
2024-02-18,Toronto Raptors,Oklahoma City Thunder,85,111,False
2024-02-18,Indiana Pacers,Atlanta Hawks,97,123,False
2024-02-18,Detroit Pistons,Atlanta Hawks,114,118,False
2024-02-18,Detroit Pistons,Orlando Magic,113,122,False
2024-02-18,LA Lakers,Atlanta Hawks,122,121,True
2024-02-18,Dallas Mavericks,Sacramento Kings,117,85,True
2024-02-18,Atlanta Hawks,Dallas Mavericks,85,112,False
2024-02-19,Utah Jazz,Golden State Warriors,91,108,False
2024-02-19,Philadelphia 76ers,Utah Jazz,100,85,True
2024-02-19,Chicago Bulls,Golden State Warriors,99,109,False
2024-02-19,Brooklyn Nets,Minnesota Timberwolves,113,124,False
2024-02-19,Chicago Bulls,Oklahoma City Thunder,115,101,True
2024-02-19,Golden State Warriors,Phoenix Suns,132,131,True
2024-02-19,Indiana Pacers,Minnesota Timberwolves,89,107,False
2024-02-19,San Antonio Spurs,Orlando Magic,100,122,False
2024-02-19,Golden State Warriors,Indiana Pacers,104,126,False
2024-02-19,San Antonio Spurs,Portland Trail Blazers,111,91,True
2024-02-19,Toronto Raptors,Dallas Mavericks,112,114,False
2024-02-19,Atlanta Hawks,Chicago Bulls,130,106,True
2024-02-19,Indiana Pacers,San Antonio Spurs,105,102,True
2024-02-19,Brooklyn Nets,Philadelphia 76ers,93,97,False
2024-02-20,Portland Trail Blazers,Minnesota Timberwolves,105,121,False
2024-02-20,Utah Jazz,Toronto Raptors,105,98,True
2024-02-20,Charlotte Hornets,Philadelphia 76ers,105,96,True
2024-02-20,LA Lakers,Toronto Raptors,123,118,True
2024-02-20,LA Lakers,San Antonio Spurs,122,90,True
2024-02-21,Washington Wizards,Minnesota Timberwolves,110,95,True
2024-02-21,Indiana Pacers,Charlotte Hornets,111,118,False
2024-02-21,Golden State Warriors,Brooklyn Nets,124,88,True
2024-02-21,LA Lakers,Phoenix Suns,114,103,True
2024-02-21,Charlotte Hornets,Dallas Mavericks,120,135,False
2024-02-21,Philadelphia 76ers,Toronto Raptors,95,85,True
2024-02-21,Brooklyn Nets,San Antonio Spurs,110,105,True
2024-02-21,San Antonio Spurs,Golden State Warriors,108,115,False
2024-02-21,Indiana Pacers,Dallas Mavericks,113,121,False
2024-02-21,Washington Wizards,Golden State Warriors,121,124,False
2024-02-21,Phoenix Suns,LA Lakers,117,116,True
2024-02-21,Toronto Raptors,San Antonio Spurs,119,109,True
2024-02-21,Washington Wizards,Oklahoma City Thunder,127,134,False
2024-02-21,Toronto Raptors,Sacramento Kings,99,113,False
2024-02-22,Oklahoma City Thunder,Dallas Mavericks,114,117,False
2024-02-22,Orlando Magic,Oklahoma City Thunder,85,127,False
2024-02-22,Orlando Magic,Indiana Pacers,101,87,True
2024-02-22,LA Lakers,Phoenix Suns,119,127,False
2024-02-22,Oklahoma City Thunder,Minnesota Timberwolves,107,106,True
2024-02-22,Charlotte Hornets,LA Lakers,101,116,False
2024-02-22,Orlando Magic,Indiana Pacers,107,109,False
2024-02-22,San Antonio Spurs,Dallas Mavericks,114,99,True
2024-02-22,Portland Trail Blazers,Orlando Magic,103,127,False
2024-02-22,LA Lakers,Minnesota Timberwolves,87,114,False
2024-02-22,Utah Jazz,Minnesota Timberwolves,113,121,False
2024-02-22,Golden State Warriors,Portland Trail Blazers,125,89,True
2024-02-22,Phoenix Suns,Washington Wizards,118,114,True
2024-02-22,Washington Wizards,Portland Trail Blazers,132,127,True
2024-02-23,Portland Trail Blazers,Oklahoma City Thunder,120,129,False
2024-02-23,Utah Jazz,Minnesota Timberwolves,95,105,False
2024-02-23,Utah Jazz,Dallas Mavericks,118,122,False
2024-02-23,Dallas Mavericks,Portland Trail Blazers,112,104,True
2024-02-23,Dallas Mavericks,Utah Jazz,110,92,True
2024-02-23,Dallas Mavericks,Utah Jazz,109,102,True
2024-02-23,Oklahoma City Thunder,Utah Jazz,133,90,True
2024-02-23,Dallas Mavericks,Oklahoma City Thunder,112,110,True
2024-02-23,Utah Jazz,LA Lakers,104,115,False
2024-02-23,Dallas Mavericks,Charlotte Hornets,124,93,True
2024-02-23,Minnesota Timberwolves,Phoenix Suns,111,98,True
2024-02-23,LA Lakers,Minnesota Timberwolves,102,123,False
2024-02-24,Minnesota Timberwolves,Oklahoma City Thunder,105,99,True
2024-02-24,Oklahoma City Thunder,Portland Trail Blazers,108,87,True
2024-02-24,Utah Jazz,Portland Trail Blazers,91,116,False
2024-02-24,LA Lakers,Portland Trail Blazers,110,116,False
2024-02-24,Oklahoma City Thunder,Minnesota Timberwolves,94,119,False
