game_id,season,home_team,away_team,home_elo,away_elo,elo_diff,elo_prob_home
566083,2019,OAK,SEA,1500.0,1500.0,0.0,0.5345
566084,2019,OAK,SEA,1485.91,1514.09,-28.19,0.494
565220,2019,CIN,PIT,1500.0,1500.0,0.0,0.5345
565702,2019,KC,CWS,1500.0,1500.0,0.0,0.5345
565799,2019,LAD,ARI,1500.0,1500.0,0.0,0.5345
565895,2019,WSH,NYM,1500.0,1500.0,0.0,0.5345
566086,2019,OAK,LAA,1477.79,1500.0,-22.21,0.5026
566275,2019,SD,SF,1500.0,1500.0,0.0,0.5345
566372,2019,SEA,BOS,1522.21,1500.0,22.21,0.5661
566664,2019,TB,HOU,1500.0,1500.0,0.0,0.5345
566763,2019,TEX,CHC,1500.0,1500.0,0.0,0.5345
566864,2019,TOR,DET,1500.0,1500.0,0.0,0.5345
566962,2019,MIN,CLE,1500.0,1500.0,0.0,0.5345
567059,2019,PHI,ATL,1500.0,1500.0,0.0,0.5345
567359,2019,MIA,COL,1500.0,1500.0,0.0,0.5345
567456,2019,NYY,BAL,1500.0,1500.0,0.0,0.5345
567552,2019,MIL,STL,1500.0,1500.0,0.0,0.5345
566665,2019,TB,HOU,1479.35,1520.65,-41.29,0.4751
566865,2019,TOR,DET,1485.91,1514.09,-28.19,0.494
567360,2019,MIA,COL,1482.22,1517.78,-35.57,0.4834
565221,2019,CIN,PIT,1512.27,1487.73,24.55,0.5694
565703,2019,KC,CWS,1512.27,1487.73,24.55,0.5694
565800,2019,LAD,ARI,1523.23,1476.77,46.46,0.6
565896,2019,WSH,NYM,1485.91,1514.09,-28.19,0.494
566087,2019,OAK,LAA,1496.82,1480.98,15.84,0.5571
566276,2019,SD,SF,1512.27,1487.73,24.55,0.5694
566373,2019,SEA,BOS,1544.86,1477.35,67.51,0.6287
566666,2019,TB,HOU,1492.94,1507.06,-14.12,0.5142
566866,2019,TOR,DET,1509.24,1490.76,18.48,0.5608
566963,2019,MIN,CLE,1512.27,1487.73,24.55,0.5694
567060,2019,PHI,ATL,1521.74,1478.26,43.48,0.5959
567361,2019,MIA,COL,1461.76,1538.24,-76.48,0.4251
567457,2019,NYY,BAL,1520.02,1479.98,40.04,0.5911
567553,2019,MIL,STL,1507.74,1492.26,15.49,0.5566
567554,2019,MIL,STL,1486.4,1513.6,-27.21,0.4954
565222,2019,CIN,PIT,1511.13,1488.87,22.26,0.5662
565704,2019,KC,CWS,1523.5,1476.5,47.0,0.6008
565801,2019,LAD,ARI,1513.46,1486.54,26.91,0.5728
565802,2019,LAD,ARI,1540.19,1459.81,80.38,0.6459
565897,2019,WSH,NYM,1469.68,1530.32,-60.64,0.4475
566088,2019,OAK,LAA,1475.45,1502.34,-26.89,0.4958
566089,2019,OAK,LAA,1488.58,1489.21,-0.63,0.5336
566277,2019,SD,SF,1526.44,1473.56,52.88,0.6089
566278,2019,SD,SF,1516.55,1483.45,33.1,0.5814
566374,2019,SEA,BOS,1534.71,1487.5,47.21,0.6011
566375,2019,SEA,BOS,1541.21,1481.0,60.21,0.6189
566667,2019,TB,HOU,1505.67,1494.33,11.33,0.5507
566764,2019,TEX,CHC,1471.81,1528.19,-56.37,0.4535
566765,2019,TEX,CHC,1485.86,1514.14,-28.27,0.4938
566867,2019,TOR,DET,1523.73,1476.27,47.46,0.6014
566964,2019,MIN,CLE,1502.91,1497.09,5.81,0.5428
567061,2019,PHI,ATL,1532.19,1467.81,64.38,0.6245
567362,2019,MIA,COL,1483.22,1516.78,-33.55,0.4863
567458,2019,NYY,BAL,1504.71,1495.29,9.42,0.5479
567555,2019,MIL,STL,1499.54,1500.46,-0.92,0.5332
565223,2019,CIN,MIL,1487.03,1507.3,-20.27,0.5054
565316,2019,CLE,CWS,1475.8,1496.07,-20.27,0.5054
566180,2019,PIT,STL,1512.97,1492.7,20.27,0.5634
566668,2019,TB,COL,1517.45,1499.94,17.51,0.5595
566868,2019,TOR,BAL,1513.94,1509.68,4.26,0.5406
567157,2019,ATL,CHC,1453.72,1505.82,-52.1,0.4596
567363,2019,MIA,NYM,1500.06,1521.37,-21.31,0.5039
567459,2019,NYY,DET,1490.32,1486.06,4.26,0.5406
565224,2019,CIN,MIL,1478.7,1515.63,-36.93,0.4814
565803,2019,LAD,SF,1545.87,1472.58,73.3,0.6365
565898,2019,WSH,PHI,1478.63,1546.28,-67.65,0.4375
566090,2019,OAK,BOS,1496.34,1471.22,25.12,0.5702
566279,2019,SD,ARI,1527.42,1454.13,73.3,0.6365
566376,2019,SEA,LAA,1550.99,1481.45,69.54,0.6314
566669,2019,TB,COL,1537.86,1479.53,58.34,0.6163
566766,2019,TEX,HOU,1494.18,1482.55,11.63,0.5511
566869,2019,TOR,BAL,1504.96,1518.65,-13.69,0.5148
567364,2019,MIA,NYM,1480.78,1540.65,-59.87,0.4486
567460,2019,NYY,DET,1502.41,1473.97,28.44,0.5749
565225,2019,CIN,MIL,1470.82,1523.51,-52.68,0.4588
565317,2019,CLE,CWS,1488.72,1483.15,5.57,0.5425
565705,2019,KC,MIN,1503.93,1524.2,-20.27,0.5054
565706,2019,KC,MIN,1495.6,1532.53,-36.93,0.4814
565804,2019,LAD,SF,1529.63,1488.82,40.82,0.5922
565899,2019,WSH,PHI,1458.8,1566.1,-107.3,0.3824
566091,2019,OAK,BOS,1517.55,1450.01,67.54,0.6288
566181,2019,PIT,STL,1503.68,1501.99,1.7,0.5369
566280,2019,SD,ARI,1496.68,1484.87,11.82,0.5514
566281,2019,SD,ARI,1478.44,1503.11,-24.68,0.499
566377,2019,SEA,LAA,1558.91,1469.57,89.35,0.6576
566670,2019,TB,COL,1552.3,1465.09,87.21,0.6548
566767,2019,TEX,HOU,1485.06,1491.67,-6.61,0.525
566870,2019,TOR,BAL,1496.45,1527.16,-30.71,0.4903
567158,2019,ATL,CHC,1481.56,1477.99,3.57,0.5396
567365,2019,MIA,NYM,1473.52,1547.91,-74.39,0.428
567461,2019,NYY,DET,1487.45,1488.94,-1.49,0.5324
564930,2019,BAL,NYY,1513.91,1478.6,35.31,0.5845
565318,2019,CLE,TOR,1465.45,1509.7,-44.25,0.4709
565510,2019,DET,KC,1497.79,1487.72,10.06,0.5489
565805,2019,LAD,SF,1536.29,1482.16,54.14,0.6106
565990,2019,NYM,WSH,1558.83,1468.6,90.23,0.6587
566092,2019,OAK,BOS,1523.54,1444.02,79.52,0.6447
566093,2019,OAK,BOS,1502.84,1471.62,31.21,0.5788
566182,2019,PIT,CIN,1494.76,1463.37,31.39,0.579
566567,2019,STL,SD,1510.91,1494.92,15.99,0.5573
566768,2019,TEX,HOU,1497.54,1479.18,18.36,0.5607
567159,2019,ATL,CHC,1493.68,1465.87,27.81,0.574
567263,2019,CWS,SEA,1506.41,1562.56,-56.15,0.4539
564734,2019,LAA,TEX,1464.09,1514.37,-50.28,0.4623
564833,2019,ARI,BOS,1486.63,1455.58,31.05,0.5786
565319,2019,CLE,TOR,1482.71,1492.45,-9.74,0.5205
565413,2019,COL,LAD,1475.57,1546.31,-70.75,0.4331
566183,2019,PIT,CIN,1505.7,1452.43,53.28,0.6094
566471,2019,SF,TB,1472.14,1545.32,-73.18,0.4297
566567,2019,STL,SD,1509.96,1495.87,14.1,0.5546
567062,2019,PHI,MIN,1559.57,1540.41,19.16,0.5618
567160,2019,ATL,MIA,1511.77,1462.6,49.16,0.6038
567263,2019,CWS,SEA,1507.16,1562.06,-54.9,0.4556
564735,2019,LAA,TEX,1441.54,1536.93,-95.39,0.3987
564736,2019,LAA,TEX,1461.8,1521.73,-59.93,0.4485
564931,2019,BAL,NYY,1491.69,1500.82,-9.13,0.5214
565320,2019,CLE,TOR,1490.65,1484.5,6.15,0.5433
565511,2019,DET,KC,1505.26,1480.25,25.0,0.5701
565606,2019,HOU,OAK,1462.35,1518.88,-56.53,0.4533
565607,2019,HOU,OAK,1471.22,1510.01,-38.79,0.4787
565991,2019,NYM,WSH,1542.54,1493.04,49.5,0.6042
566184,2019,PIT,CIN,1515.76,1442.37,73.39,0.6366
566472,2019,SF,TB,1458.3,1559.15,-100.85,0.3912
566568,2019,STL,SD,1495.43,1510.4,-14.96,0.513
567063,2019,PHI,MIN,1573.1,1520.12,52.98,0.609
567161,2019,ATL,MIA,1526.74,1447.63,79.1,0.6442
567264,2019,CWS,SEA,1521.17,1552.73,-31.56,0.4891
567556,2019,MIL,CHC,1530.96,1447.78,83.18,0.6495
567557,2019,MIL,CHC,1542.2,1432.8,109.4,0.6831
564737,2019,LAA,TEX,1482.54,1500.99,-18.45,0.508
564834,2019,ARI,BOS,1507.37,1434.84,72.53,0.6354
564835,2019,ARI,BOS,1513.24,1427.01,86.23,0.6535
564932,2019,BAL,NYY,1478.0,1514.51,-36.51,0.482
565321,2019,CLE,TOR,1510.24,1464.92,45.32,0.5985
565414,2019,COL,LAD,1459.36,1562.52,-103.16,0.388
565512,2019,DET,KC,1519.4,1466.11,53.29,0.6094
565608,2019,HOU,OAK,1495.14,1486.09,9.05,0.5474
565992,2019,NYM,WSH,1548.98,1486.6,62.37,0.6218
566185,2019,PIT,CIN,1521.61,1434.57,87.04,0.6546
566473,2019,SF,TB,1473.65,1548.92,-75.27,0.4267
566569,2019,STL,SD,1482.0,1523.83,-41.83,0.4744
567064,2019,PHI,MIN,1557.78,1543.09,14.69,0.5555
567162,2019,ATL,MIA,1510.34,1469.49,40.85,0.5923
567265,2019,CWS,SEA,1497.1,1568.77,-71.67,0.4318
567558,2019,MIL,CHC,1511.81,1473.32,38.49,0.589
564933,2019,BAL,OAK,1448.81,1478.59,-29.78,0.4917
565124,2019,CHC,PIT,1462.67,1530.37,-67.7,0.4374
565415,2019,COL,LAD,1443.42,1573.15,-129.73,0.3524
565609,2019,HOU,NYY,1502.64,1543.7,-41.06,0.4755
566570,2019,STL,LAD,1499.16,1583.51,-84.35,0.414
567065,2019,PHI,WSH,1562.68,1506.72,55.96,0.6131
567266,2019,CWS,TB,1476.23,1562.65,-86.42,0.4111
564738,2019,LAA,MIL,1503.52,1522.46,-18.94,0.5073
564934,2019,BAL,OAK,1484.07,1452.14,31.93,0.5798
565027,2019,BOS,TOR,1440.96,1454.55,-13.58,0.515
565226,2019,CIN,MIA,1422.89,1462.83,-39.95,0.4771
565416,2019,COL,ATL,1422.7,1517.0,-94.3,0.4002
565513,2019,DET,CLE,1529.46,1520.61,8.85,0.5471
565707,2019,KC,SEA,1456.06,1582.69,-126.63,0.3565
565993,2019,NYM,MIN,1528.86,1535.74,-6.89,0.5246
566474,2019,SF,SD,1459.92,1506.67,-46.75,0.4673
566571,2019,STL,LAD,1508.55,1577.25,-68.7,0.436
567066,2019,PHI,WSH,1566.87,1500.44,66.42,0.6273
567267,2019,CWS,TB,1460.95,1572.83,-111.89,0.3762
564739,2019,LAA,MIL,1519.77,1506.21,13.57,0.5539
564836,2019,ARI,TEX,1502.78,1480.01,22.77,0.5669
564935,2019,BAL,OAK,1449.99,1486.23,-36.24,0.4824
565227,2019,CIN,MIA,1467.4,1429.45,37.94,0.5882
565417,2019,COL,ATL,1409.21,1527.12,-117.91,0.3681
565418,2019,COL,ATL,1387.46,1543.43,-155.97,0.3187
565514,2019,DET,CLE,1504.01,1546.06,-42.05,0.474
565610,2019,HOU,NYY,1511.2,1535.13,-23.93,0.5001
565611,2019,HOU,NYY,1527.66,1518.68,8.98,0.5473
565708,2019,KC,SEA,1438.28,1594.53,-156.25,0.3184
565994,2019,NYM,MIN,1504.43,1560.17,-55.73,0.4545
566475,2019,SF,SD,1452.31,1514.28,-61.97,0.4456
566476,2019,SF,SD,1475.5,1491.09,-15.6,0.5121
566572,2019,STL,LAD,1529.67,1563.17,-33.49,0.4863
567067,2019,PHI,WSH,1551.19,1523.96,27.22,0.5732
567268,2019,CWS,TB,1445.56,1583.1,-137.54,0.3422
564740,2019,LAA,MIL,1534.53,1491.45,43.07,0.5953
564837,2019,ARI,TEX,1509.91,1472.88,37.03,0.5869
564936,2019,BAL,OAK,1418.41,1509.91,-91.5,0.4041
565028,2019,BOS,TOR,1422.97,1468.04,-45.07,0.4697
565125,2019,CHC,PIT,1494.07,1498.96,-4.89,0.5275
565126,2019,CHC,PIT,1476.56,1516.47,-39.91,0.4771
565228,2019,CIN,MIA,1474.13,1420.47,53.66,0.6099
565515,2019,DET,CLE,1521.18,1528.89,-7.71,0.5234
565709,2019,KC,SEA,1425.1,1601.13,-176.03,0.2942
565710,2019,KC,SEA,1419.05,1604.15,-185.09,0.2835
566573,2019,STL,LAD,1551.43,1548.66,2.77,0.5384
567163,2019,ATL,NYM,1540.62,1522.14,18.48,0.5608
564838,2019,ARI,SD,1490.7,1504.5,-13.8,0.5147
565029,2019,BOS,BAL,1434.49,1401.2,33.29,0.5817
565127,2019,CHC,LAA,1490.1,1544.99,-54.89,0.4557
565900,2019,WSH,PIT,1560.76,1502.93,57.83,0.6156
566477,2019,SF,COL,1462.09,1391.21,70.88,0.6332
566871,2019,TOR,TB,1459.4,1594.42,-135.02,0.3455
567164,2019,ATL,NYM,1522.11,1540.64,-18.53,0.5079
567366,2019,MIA,PHI,1398.64,1526.65,-128.01,0.3546
567462,2019,NYY,CWS,1506.79,1422.91,83.88,0.6504
564839,2019,ARI,SD,1482.2,1513.01,-30.81,0.4902
565030,2019,BOS,BAL,1448.98,1386.72,62.26,0.6217
565128,2019,CHC,LAA,1510.62,1524.48,-13.86,0.5146
565229,2019,CIN,STL,1490.5,1563.3,-72.8,0.4302
565711,2019,KC,CLE,1413.25,1549.04,-135.78,0.3445
565712,2019,KC,CLE,1454.34,1518.22,-63.88,0.4429
565806,2019,LAD,MIL,1530.86,1480.99,49.87,0.6047
565901,2019,WSH,PIT,1547.45,1522.89,24.57,0.5694
566378,2019,SEA,HOU,1607.05,1539.54,67.5,0.6287
566478,2019,SF,COL,1468.0,1383.33,84.67,0.6515
566479,2019,SF,COL,1473.58,1375.89,97.7,0.6683
566769,2019,TEX,OAK,1492.08,1522.82,-30.73,0.4903
566872,2019,TOR,TB,1446.82,1602.8,-155.98,0.3187
566965,2019,MIN,DET,1548.37,1501.03,47.34,0.6012
566966,2019,MIN,DET,1546.72,1502.68,44.04,0.5967
567165,2019,ATL,NYM,1502.66,1560.09,-57.43,0.452
567367,2019,MIA,PHI,1375.08,1544.33,-169.25,0.3024
567463,2019,NYY,CWS,1485.95,1450.71,35.24,0.5844
564840,2019,ARI,SD,1474.15,1521.05,-46.9,0.4671
564841,2019,ARI,SD,1466.55,1528.66,-62.11,0.4454
565031,2019,BOS,BAL,1417.84,1417.85,-0.01,0.5345
565129,2019,CHC,LAA,1502.11,1532.98,-30.87,0.4901
565230,2019,CIN,STL,1508.85,1551.07,-42.21,0.4738
565713,2019,KC,CLE,1472.35,1500.21,-27.86,0.4945
565807,2019,LAD,MIL,1511.18,1500.66,10.52,0.5495
565808,2019,LAD,MIL,1492.99,1518.86,-25.87,0.4973
565902,2019,WSH,PIT,1554.54,1515.81,38.73,0.5893
566379,2019,SEA,HOU,1591.34,1563.11,28.23,0.5746
566380,2019,SEA,HOU,1581.37,1573.08,8.29,0.5463
566480,2019,SF,COL,1484.15,1361.8,122.35,0.699
566770,2019,TEX,OAK,1479.33,1535.57,-56.23,0.4537
566771,2019,TEX,OAK,1480.08,1534.82,-54.73,0.4559
566873,2019,TOR,TB,1469.19,1591.62,-122.43,0.362
566967,2019,MIN,DET,1553.3,1496.1,57.19,0.6148
567166,2019,ATL,NYM,1523.29,1546.34,-23.06,0.5014
567368,2019,MIA,PHI,1418.19,1512.0,-93.81,0.4009
567464,2019,NYY,CWS,1501.74,1434.91,66.84,0.6278
565032,2019,BOS,BAL,1441.82,1393.88,47.94,0.6021
566968,2019,MIN,TOR,1559.9,1455.94,103.95,0.6762
567068,2019,PHI,NYM,1522.13,1527.28,-5.15,0.5271
567369,2019,MIA,CHC,1404.67,1502.27,-97.6,0.3956
567559,2019,MIL,STL,1495.65,1563.04,-67.39,0.4379
565516,2019,DET,PIT,1486.2,1525.44,-39.24,0.4781
565809,2019,LAD,CIN,1516.19,1490.9,25.29,0.5705
565903,2019,WSH,SF,1548.12,1458.57,89.54,0.6578
566282,2019,SD,COL,1507.82,1395.9,111.92,0.6862
566381,2019,SEA,CLE,1575.33,1491.9,83.43,0.6499
566671,2019,TB,BAL,1600.45,1433.08,167.36,0.7506
566772,2019,TEX,LAA,1488.92,1532.82,-43.9,0.4714
566969,2019,MIN,TOR,1548.55,1472.97,75.58,0.6395
567069,2019,PHI,NYM,1513.39,1536.03,-22.64,0.502
567167,2019,ATL,ARI,1542.35,1487.38,54.97,0.6117
567269,2019,CWS,KC,1461.94,1480.66,-18.72,0.5076
567370,2019,MIA,CHC,1382.95,1518.56,-135.62,0.3447
567465,2019,NYY,BOS,1481.47,1402.61,78.86,0.6439
567560,2019,MIL,STL,1513.8,1550.94,-37.14,0.4811
565517,2019,DET,PIT,1473.82,1537.82,-64.01,0.4427
565810,2019,LAD,CIN,1523.25,1483.83,39.42,0.5903
565811,2019,LAD,CIN,1540.56,1466.52,74.04,0.6375
565904,2019,WSH,SF,1523.7,1482.99,40.71,0.5921
566094,2019,OAK,HOU,1525.99,1579.12,-53.13,0.4582
566283,2019,SD,COL,1486.1,1424.87,61.23,0.6203
566382,2019,SEA,CLE,1564.33,1508.41,55.91,0.613
566383,2019,SEA,CLE,1553.82,1524.18,29.64,0.5766
566672,2019,TB,BAL,1604.52,1424.94,179.59,0.7635
566773,2019,TEX,LAA,1511.2,1510.53,0.67,0.5354
566970,2019,MIN,TOR,1538.26,1483.25,55.01,0.6118
567070,2019,PHI,NYM,1542.79,1506.63,36.16,0.5857
567168,2019,ATL,ARI,1522.49,1507.24,15.25,0.5563
567270,2019,CWS,KC,1470.06,1472.54,-2.47,0.5309
567271,2019,CWS,KC,1488.16,1454.44,33.72,0.5823
567371,2019,MIA,CHC,1366.23,1531.1,-164.88,0.3077
567466,2019,NYY,BOS,1499.6,1378.44,121.17,0.6975
567561,2019,MIL,STL,1533.51,1537.8,-4.29,0.5283
565518,2019,DET,CWS,1466.66,1478.62,-11.96,0.5173
565905,2019,WSH,SF,1537.03,1469.66,67.36,0.6285
566095,2019,OAK,HOU,1502.39,1594.84,-92.45,0.4027
566673,2019,TB,BAL,1611.8,1410.39,201.41,0.7854
566774,2019,TEX,LAA,1531.17,1490.56,40.61,0.5919
566971,2019,MIN,TOR,1550.86,1470.65,80.21,0.6456
567169,2019,ATL,ARI,1513.3,1516.43,-3.13,0.53
567467,2019,NYY,KC,1507.16,1463.98,43.18,0.5955
564741,2019,LAA,SEA,1483.9,1547.51,-63.61,0.4432
564937,2019,BAL,MIN,1426.35,1537.04,-110.7,0.3778
565130,2019,CHC,ARI,1544.47,1534.04,10.44,0.5494
565322,2019,CLE,ATL,1533.64,1495.69,37.95,0.5882
565419,2019,COL,PHI,1462.45,1549.57,-87.12,0.4101
565519,2019,DET,CWS,1479.32,1465.96,13.36,0.5536
566186,2019,PIT,SF,1544.98,1460.16,84.82,0.6517
566284,2019,SD,CIN,1457.92,1460.69,-2.77,0.5305
566674,2019,TB,BOS,1603.82,1368.36,235.46,0.8166
567372,2019,MIA,WSH,1348.4,1546.53,-198.12,0.2685
567468,2019,NYY,KC,1482.05,1489.09,-7.05,0.5244
567562,2019,MIL,LAD,1515.97,1546.4,-30.43,0.4907
564742,2019,LAA,SEA,1476.73,1554.67,-77.94,0.423
564937,2019,BAL,MIN,1428.93,1535.11,-106.18,0.3839
564938,2019,BAL,MIN,1401.94,1555.35,-153.4,0.3219
565131,2019,CHC,ARI,1561.8,1516.71,45.08,0.5981
565322,2019,CLE,ATL,1532.2,1497.14,35.06,0.5842
565323,2019,CLE,ATL,1522.63,1506.7,15.93,0.5572
565420,2019,COL,PHI,1484.36,1527.65,-43.29,0.4723
565520,2019,DET,CWS,1458.07,1487.21,-29.15,0.4926
566096,2019,OAK,TOR,1511.93,1491.38,20.55,0.5638
566097,2019,OAK,TOR,1490.35,1512.95,-22.6,0.502
566187,2019,PIT,SF,1556.14,1449.0,107.14,0.6802
566285,2019,SD,CIN,1440.29,1478.32,-38.03,0.4798
566574,2019,STL,NYM,1555.35,1499.85,55.5,0.6125
566575,2019,STL,NYM,1548.72,1509.79,38.93,0.5896
566675,2019,TB,BOS,1590.85,1394.29,196.56,0.7807
566775,2019,TEX,HOU,1537.84,1588.49,-50.65,0.4617
567373,2019,MIA,WSH,1363.29,1535.36,-172.08,0.2989
567469,2019,NYY,KC,1500.36,1470.78,29.58,0.5765
567563,2019,MIL,LAD,1503.2,1559.16,-55.96,0.4541
567564,2019,MIL,LAD,1491.53,1566.95,-75.42,0.4265
564743,2019,LAA,SEA,1465.96,1561.86,-95.89,0.398
564744,2019,LAA,SEA,1459.62,1566.08,-106.47,0.3835
564939,2019,BAL,MIN,1395.27,1558.68,-163.42,0.3095
565132,2019,CHC,ARI,1543.55,1544.09,-0.54,0.5337
565324,2019,CLE,ATL,1539.61,1489.72,49.89,0.6048
565421,2019,COL,PHI,1492.97,1519.04,-26.07,0.497
565422,2019,COL,PHI,1476.63,1535.38,-58.75,0.4502
565521,2019,DET,CWS,1458.19,1487.09,-28.9,0.4929
566098,2019,OAK,TOR,1462.89,1540.41,-77.52,0.4236
566188,2019,PIT,SF,1561.5,1438.28,123.22,0.7
566286,2019,SD,CIN,1429.83,1486.16,-56.34,0.4536
566287,2019,SD,CIN,1414.28,1497.83,-83.55,0.4151
566576,2019,STL,NYM,1569.99,1488.52,81.47,0.6473
566676,2019,TB,BOS,1582.9,1410.19,172.72,0.7563
566776,2019,TEX,HOU,1518.43,1601.43,-82.99,0.4159
566777,2019,TEX,HOU,1542.64,1585.29,-42.65,0.4732
567374,2019,MIA,WSH,1403.78,1505.0,-101.22,0.3907
567470,2019,NYY,KC,1521.21,1449.93,71.29,0.6338
567565,2019,MIL,LAD,1515.37,1551.05,-35.68,0.4832
564940,2019,BAL,CWS,1388.88,1478.77,-89.89,0.4063
565033,2019,BOS,DET,1425.74,1466.51,-40.77,0.4759
565995,2019,NYM,PHI,1479.55,1517.56,-38.01,0.4798
566189,2019,PIT,ARI,1554.15,1536.33,17.82,0.5599
566577,2019,STL,MIL,1575.97,1507.46,68.51,0.6301
566677,2019,TB,KC,1575.13,1442.06,133.07,0.7118
564745,2019,LAA,NYY,1475.12,1527.12,-51.99,0.4598
564941,2019,BAL,CWS,1358.93,1501.23,-142.31,0.336
565033,2019,BOS,DET,1426.27,1466.12,-39.85,0.4772
565034,2019,BOS,DET,1405.47,1481.71,-76.24,0.4254
565231,2019,CIN,ATL,1488.45,1517.34,-28.89,0.493
565325,2019,CLE,MIA,1511.99,1382.36,129.63,0.7077
565423,2019,COL,WSH,1494.45,1521.06,-26.61,0.4962
565612,2019,HOU,MIN,1579.56,1561.88,17.68,0.5597
565996,2019,NYM,PHI,1499.3,1497.81,1.49,0.5366
566099,2019,OAK,TEX,1456.09,1551.23,-95.15,0.399
566190,2019,PIT,ARI,1534.62,1565.62,-31.0,0.4899
566578,2019,STL,MIL,1588.58,1488.54,100.04,0.6713
566678,2019,TB,KC,1581.15,1430.0,151.15,0.7327
566874,2019,TOR,SF,1547.22,1452.99,94.23,0.6639
564746,2019,LAA,NYY,1467.65,1534.59,-66.94,0.4385
564942,2019,BAL,CWS,1402.77,1468.34,-65.57,0.4405
565035,2019,BOS,DET,1391.02,1492.55,-101.53,0.3902
565133,2019,CHC,LAD,1551.3,1556.32,-5.02,0.5273
565232,2019,CIN,ATL,1496.78,1509.01,-12.24,0.5169
565326,2019,CLE,MIA,1494.37,1405.86,88.51,0.6565
565424,2019,COL,WSH,1507.57,1507.94,-0.37,0.534
565425,2019,COL,WSH,1489.81,1525.7,-35.89,0.4829
565613,2019,HOU,MIN,1565.26,1576.18,-10.92,0.5188
565997,2019,NYM,PHI,1524.89,1472.22,52.67,0.6086
566100,2019,OAK,TEX,1480.86,1534.72,-53.86,0.4571
566101,2019,OAK,TEX,1505.61,1509.97,-4.36,0.5282
566191,2019,PIT,ARI,1526.58,1570.98,-44.39,0.4707
566288,2019,SD,SEA,1426.77,1555.75,-128.97,0.3534
566289,2019,SD,SEA,1453.87,1542.2,-88.33,0.4085
566579,2019,STL,MIL,1592.07,1483.31,108.75,0.6823
566679,2019,TB,KC,1586.7,1418.91,167.8,0.751
566875,2019,TOR,SF,1536.63,1463.58,73.05,0.6361
564747,2019,LAA,NYY,1456.43,1545.81,-89.38,0.407
565036,2019,BOS,DET,1429.8,1463.47,-33.66,0.4861
565134,2019,CHC,LAD,1564.82,1542.8,22.02,0.5658
565135,2019,CHC,LAD,1569.59,1535.65,33.94,0.5826
565233,2019,CIN,ATL,1483.22,1522.57,-39.34,0.4779
565614,2019,HOU,MIN,1580.17,1561.27,18.9,0.5614
566192,2019,PIT,ARI,1501.09,1587.97,-86.89,0.4105
567071,2019,PHI,MIA,1499.98,1388.85,111.13,0.6852
564748,2019,LAA,NYY,1449.92,1552.32,-102.39,0.3891
565037,2019,BOS,TB,1455.87,1562.17,-106.3,0.3837
565615,2019,HOU,CLE,1593.71,1507.13,86.58,0.654
565906,2019,WSH,SD,1506.04,1463.33,42.71,0.5948
565998,2019,NYM,MIL,1497.14,1473.24,23.9,0.5685
566384,2019,SEA,TEX,1532.74,1502.14,30.6,0.5779
566876,2019,TOR,OAK,1512.85,1513.44,-0.59,0.5336
567072,2019,PHI,MIA,1482.78,1411.78,71.0,0.6334
567170,2019,ATL,COL,1509.04,1509.46,-0.42,0.5339
564842,2019,ARI,CHC,1599.29,1563.23,36.07,0.5856
565038,2019,BOS,TB,1457.72,1560.94,-103.22,0.3879
565616,2019,HOU,CLE,1586.73,1517.59,69.13,0.6309
565617,2019,HOU,CLE,1573.16,1537.95,35.21,0.5844
565714,2019,KC,LAA,1467.97,1486.27,-18.3,0.5082
565715,2019,KC,LAA,1448.5,1505.74,-57.24,0.4523
565812,2019,LAD,PIT,1545.2,1484.11,61.09,0.6201
565907,2019,WSH,SD,1496.34,1473.04,23.3,0.5676
565999,2019,NYM,MIL,1467.48,1502.89,-35.41,0.4836
566385,2019,SEA,TEX,1558.36,1476.51,81.85,0.6478
566481,2019,SF,NYY,1487.36,1534.14,-46.78,0.4673
566482,2019,SF,NYY,1469.69,1551.81,-82.13,0.4171
566580,2019,STL,CIN,1598.78,1496.75,102.03,0.6738
566581,2019,STL,CIN,1573.18,1535.15,38.03,0.5883
566877,2019,TOR,OAK,1525.14,1501.15,23.99,0.5686
566972,2019,MIN,BAL,1547.73,1414.83,132.91,0.7116
566973,2019,MIN,BAL,1559.43,1399.23,160.19,0.7427
567073,2019,PHI,MIA,1496.5,1393.49,103.01,0.675
567171,2019,ATL,COL,1488.43,1530.08,-41.65,0.4746
567272,2019,CWS,DET,1459.31,1443.91,15.39,0.5564
567273,2019,CWS,DET,1466.63,1434.14,32.49,0.5806
564843,2019,ARI,CHC,1610.98,1551.54,59.44,0.6178
564844,2019,ARI,CHC,1589.83,1572.69,17.15,0.5589
565039,2019,BOS,TB,1451.55,1565.05,-113.5,0.374
565618,2019,HOU,CLE,1577.7,1531.14,46.56,0.6002
565716,2019,KC,LAA,1479.11,1482.79,-3.68,0.5292
565813,2019,LAD,PIT,1559.48,1469.83,89.65,0.658
565814,2019,LAD,PIT,1565.25,1461.16,104.09,0.6764
565908,2019,WSH,SD,1472.18,1497.19,-25.01,0.4985
566000,2019,NYM,MIL,1454.93,1515.44,-60.51,0.4476
566386,2019,SEA,TEX,1562.13,1470.86,91.27,0.6601
566387,2019,SEA,TEX,1534.67,1512.05,22.62,0.5667
566483,2019,SF,NYY,1459.08,1558.88,-99.8,0.3926
566582,2019,STL,CIN,1582.15,1521.69,60.47,0.6192
566878,2019,TOR,OAK,1545.07,1481.22,63.85,0.6238
566974,2019,MIN,BAL,1567.4,1383.28,184.13,0.7682
567074,2019,PHI,MIA,1506.83,1379.72,127.11,0.7047
567172,2019,ATL,COL,1470.43,1548.07,-77.64,0.4234
567274,2019,CWS,DET,1465.31,1435.91,29.41,0.5763
565040,2019,BOS,OAK,1439.72,1475.14,-35.41,0.4836
565909,2019,WSH,STL,1480.43,1590.37,-109.94,0.3788
566001,2019,NYM,CIN,1472.82,1509.36,-36.54,0.482
566975,2019,MIN,HOU,1572.15,1586.38,-14.23,0.5141
567173,2019,ATL,SD,1479.7,1488.95,-9.25,0.5212
567566,2019,MIL,COL,1497.56,1538.81,-41.25,0.4752
565041,2019,BOS,OAK,1468.86,1453.28,15.58,0.5567
565717,2019,KC,TB,1458.7,1572.94,-114.24,0.373
565910,2019,WSH,STL,1468.43,1598.38,-129.95,0.3521
566002,2019,NYM,CIN,1464.93,1517.24,-52.31,0.4593
566484,2019,SF,LAD,1441.54,1568.68,-127.14,0.3558
566976,2019,MIN,HOU,1577.5,1581.03,-3.52,0.5294
567075,2019,PHI,DET,1517.61,1417.36,100.26,0.6716
567179,2019,ATL,SD,1492.27,1476.37,15.89,0.5572
567275,2019,CWS,BAL,1479.22,1373.79,105.44,0.6781
567375,2019,MIA,CLE,1365.35,1518.11,-152.77,0.3227
567567,2019,MIL,COL,1517.46,1518.91,-1.45,0.5324
564749,2019,LAA,TOR,1503.19,1551.15,-47.96,0.4656
564845,2019,ARI,NYY,1583.68,1570.57,13.11,0.5532
564846,2019,ARI,NYY,1591.49,1562.77,28.72,0.5753
565042,2019,BOS,OAK,1485.86,1436.28,49.59,0.6043
565718,2019,KC,TB,1446.9,1580.8,-133.9,0.3469
565718,2019,KC,TB,1450.1,1579.2,-129.1,0.3532
565719,2019,KC,TB,1478.64,1560.18,-81.54,0.4179
565911,2019,WSH,STL,1462.9,1602.06,-139.16,0.3401
566003,2019,NYM,CIN,1473.72,1508.46,-34.74,0.4845
566388,2019,SEA,CHC,1499.14,1578.84,-79.69,0.4205
566389,2019,SEA,CHC,1492.39,1583.34,-90.95,0.4048
566485,2019,SF,LAD,1455.05,1561.93,-106.87,0.3829
566778,2019,TEX,PIT,1547.58,1456.02,91.56,0.6604
566779,2019,TEX,PIT,1530.86,1472.74,58.12,0.616
567076,2019,PHI,DET,1500.68,1439.94,60.74,0.6196
567180,2019,ATL,SD,1483.07,1485.58,-2.51,0.5309
567276,2019,CWS,BAL,1487.32,1362.99,124.34,0.7014
567276,2019,CWS,BAL,1484.15,1367.22,116.94,0.6924
567277,2019,CWS,BAL,1489.01,1360.74,128.27,0.7061
567376,2019,MIA,CLE,1351.96,1528.15,-176.2,0.294
567568,2019,MIL,COL,1525.23,1511.13,14.09,0.5546
564750,2019,LAA,TOR,1511.89,1545.35,-33.46,0.4864
565720,2019,KC,TB,1487.97,1553.96,-65.98,0.4399
565912,2019,WSH,STL,1450.54,1610.3,-159.76,0.314
566004,2019,NYM,CIN,1465.78,1516.39,-50.61,0.4618
566486,2019,SF,LAD,1436.83,1574.08,-137.25,0.3426
566977,2019,MIN,HOU,1556.49,1602.04,-45.56,0.469
566978,2019,MIN,HOU,1569.88,1588.65,-18.76,0.5075
567181,2019,ATL,SD,1501.17,1467.48,33.69,0.5823
567569,2019,MIL,COL,1497.73,1538.64,-40.91,0.4757
564751,2019,LAA,TOR,1528.73,1528.52,0.21,0.5348
564943,2019,BAL,TB,1375.54,1561.46,-185.93,0.2825
565136,2019,CHC,STL,1598.8,1603.21,-4.41,0.5282
565234,2019,CIN,SF,1507.64,1450.55,57.09,0.6146
565327,2019,CLE,SEA,1510.92,1469.21,41.71,0.5935
565522,2019,DET,KC,1420.87,1476.71,-55.84,0.4543
566193,2019,PIT,OAK,1488.56,1416.35,72.21,0.635
567077,2019,PHI,WSH,1514.98,1461.18,53.79,0.6101
567278,2019,CWS,BOS,1477.91,1500.81,-22.9,0.5016
567377,2019,MIA,ATL,1374.94,1469.47,-94.54,0.3999
567471,2019,NYY,MIN,1558.12,1585.09,-26.97,0.4957
564752,2019,LAA,HOU,1546.69,1573.44,-26.75,0.496
564944,2019,BAL,TB,1358.2,1570.13,-211.93,0.2532
565137,2019,CHC,STL,1610.92,1591.08,19.84,0.5628
565235,2019,CIN,SF,1497.67,1460.52,37.16,0.5871
565328,2019,CLE,SEA,1517.56,1462.57,54.99,0.6118
565426,2019,COL,ARI,1558.72,1596.14,-37.42,0.4807
565523,2019,DET,KC,1432.68,1467.86,-35.18,0.4839
566194,2019,PIT,OAK,1449.62,1468.27,-18.65,0.5077
566290,2019,SD,LAD,1499.17,1567.21,-68.04,0.437
566780,2019,TEX,TOR,1515.04,1510.55,4.49,0.5409
567078,2019,PHI,WSH,1525.01,1451.15,73.86,0.6372
567279,2019,CWS,BOS,1490.92,1487.8,3.11,0.5389
567280,2019,CWS,BOS,1467.78,1510.95,-43.17,0.4724
567378,2019,MIA,ATL,1352.96,1485.96,-133.0,0.3481
567472,2019,NYY,MIN,1569.17,1574.04,-4.87,0.5275
567570,2019,MIL,NYM,1477.64,1474.53,3.11,0.5389
567571,2019,MIL,NYM,1489.78,1462.39,27.39,0.5734
564753,2019,LAA,HOU,1516.53,1593.56,-77.03,0.4243
564945,2019,BAL,TB,1388.42,1555.02,-166.6,0.3056
565138,2019,CHC,STL,1615.73,1586.27,29.45,0.5763
565236,2019,CIN,SF,1517.94,1440.25,77.68,0.6423
565329,2019,CLE,SEA,1523.86,1456.27,67.59,0.6288
565427,2019,COL,ARI,1553.48,1601.38,-47.9,0.4657
565428,2019,COL,ARI,1538.31,1616.54,-78.23,0.4226
565524,2019,DET,KC,1393.58,1497.18,-103.6,0.3874
566195,2019,PIT,OAK,1466.78,1455.4,11.38,0.5507
566291,2019,SD,LAD,1492.12,1571.91,-79.8,0.4204
566292,2019,SD,LAD,1485.37,1576.41,-91.04,0.4047
566781,2019,TEX,TOR,1506.06,1519.53,-13.47,0.5151
566782,2019,TEX,TOR,1522.09,1503.5,18.6,0.561
567079,2019,PHI,WSH,1508.75,1467.4,41.35,0.593
567281,2019,CWS,BOS,1438.43,1540.29,-101.87,0.3898
567379,2019,MIA,ATL,1331.11,1502.34,-171.23,0.3
567473,2019,NYY,MIN,1555.61,1587.59,-31.98,0.4885
567572,2019,MIL,NYM,1496.79,1455.38,41.41,0.593
564946,2019,BAL,BOS,1392.43,1558.89,-166.45,0.3058
565237,2019,CIN,SF,1507.62,1454.01,53.6,0.6099
565330,2019,CLE,CWS,1488.75,1413.64,75.11,0.6389
566680,2019,TB,ARI,1553.02,1610.36,-57.35,0.4522
566879,2019,TOR,MIN,1480.54,1576.41,-95.87,0.398
567474,2019,NYY,SEA,1566.8,1491.38,75.42,0.6393
567573,2019,MIL,WSH,1503.44,1448.75,54.69,0.6114
564947,2019,BAL,BOS,1421.06,1544.57,-123.51,0.3606
565139,2019,CHC,MIA,1630.42,1321.33,309.09,0.8719
565331,2019,CLE,CWS,1456.17,1457.08,-0.91,0.5332
565525,2019,DET,LAA,1419.53,1497.38,-77.85,0.4231
565619,2019,HOU,KC,1606.32,1477.71,128.6,0.7065
565815,2019,LAD,ATL,1563.73,1509.68,54.05,0.6105
566196,2019,PIT,TEX,1478.57,1545.05,-66.48,0.4392
566293,2019,SD,NYM,1504.39,1448.74,55.65,0.6127
566583,2019,STL,PHI,1571.58,1527.41,44.16,0.5969
566584,2019,STL,PHI,1583.88,1508.96,74.93,0.6386
566681,2019,TB,ARI,1574.24,1589.13,-14.89,0.5131
566880,2019,TOR,MIN,1460.43,1589.82,-129.39,0.3528
567475,2019,NYY,SEA,1575.78,1477.91,97.87,0.6685
567574,2019,MIL,WSH,1513.44,1435.41,78.02,0.6427
564948,2019,BAL,BOS,1405.92,1555.93,-150.01,0.3262
565140,2019,CHC,MIA,1621.95,1338.29,283.66,0.8546
565141,2019,CHC,MIA,1624.8,1332.57,292.23,0.8606
565332,2019,CLE,CWS,1442.12,1471.13,-29.01,0.4928
565429,2019,COL,SF,1547.59,1433.93,113.66,0.6884
565526,2019,DET,LAA,1401.41,1510.98,-109.57,0.3793
565620,2019,HOU,KC,1611.19,1470.4,140.79,0.7208
565816,2019,LAD,ATL,1570.42,1499.66,70.76,0.6331
566102,2019,OAK,CIN,1443.62,1527.7,-84.08,0.4144
566197,2019,PIT,TEX,1487.62,1535.99,-48.37,0.465
566294,2019,SD,NYM,1518.98,1429.28,89.7,0.658
566295,2019,SD,NYM,1508.46,1443.31,65.16,0.6256
566585,2019,STL,PHI,1560.19,1544.5,15.69,0.5569
566682,2019,TB,ARI,1584.97,1578.41,6.56,0.5439
566881,2019,TOR,MIN,1449.34,1597.21,-147.87,0.3289
567476,2019,NYY,SEA,1579.3,1472.63,106.67,0.6797
567575,2019,MIL,WSH,1529.55,1413.93,115.62,0.6908
565142,2019,CHC,MIA,1626.17,1329.84,296.33,0.8634
565333,2019,CLE,CWS,1459.72,1457.93,1.79,0.537
565430,2019,COL,SF,1509.92,1484.15,25.77,0.5711
565431,2019,COL,SF,1508.75,1485.32,23.43,0.5678
565527,2019,DET,LAA,1440.75,1481.47,-40.72,0.476
565621,2019,HOU,KC,1585.2,1509.39,75.81,0.6398
565817,2019,LAD,ATL,1583.51,1480.01,103.5,0.6757
566103,2019,OAK,CIN,1463.45,1512.83,-49.38,0.4635
566104,2019,OAK,CIN,1472.18,1504.1,-31.92,0.4886
566586,2019,STL,PIT,1544.33,1472.49,71.85,0.6345
567477,2019,NYY,SEA,1555.42,1508.45,46.96,0.6007
564847,2019,ARI,ATL,1584.42,1466.69,117.73,0.6934
564949,2019,BAL,LAA,1399.14,1511.07,-111.92,0.3761
565043,2019,BOS,SEA,1559.32,1498.14,61.17,0.6202
565143,2019,CHC,MIL,1628.84,1540.9,87.94,0.6557
565622,2019,HOU,TEX,1598.03,1551.13,46.9,0.6006
565818,2019,LAD,WSH,1592.39,1398.8,193.59,0.7777
566005,2019,NYM,MIA,1435.24,1324.5,110.74,0.6847
566683,2019,TB,NYY,1578.96,1562.29,16.67,0.5583
566882,2019,TOR,CWS,1427.67,1438.04,-10.37,0.5196
564848,2019,ARI,ATL,1587.65,1461.85,125.8,0.7031
564950,2019,BAL,LAA,1378.62,1526.46,-147.83,0.329
565044,2019,BOS,SEA,1574.92,1474.74,100.18,0.6715
565144,2019,CHC,MIL,1607.86,1572.37,35.49,0.5848
565432,2019,COL,SD,1515.87,1514.51,1.35,0.5364
565623,2019,HOU,TEX,1604.9,1544.26,60.65,0.6195
565721,2019,KC,PHI,1490.15,1568.28,-78.13,0.4227
565722,2019,KC,PHI,1511.68,1553.92,-42.24,0.4738
565819,2019,LAD,WSH,1570.14,1443.31,126.83,0.7044
566006,2019,NYM,MIA,1457.36,1302.39,154.97,0.737
566105,2019,OAK,CLE,1456.15,1479.61,-23.46,0.5008
566106,2019,OAK,CLE,1464.37,1471.39,-7.02,0.5244
566487,2019,SF,CIN,1478.21,1520.12,-41.91,0.4742
566587,2019,STL,PIT,1566.75,1450.07,116.68,0.6921
566588,2019,STL,PIT,1559.46,1461.0,98.46,0.6693
566684,2019,TB,NYY,1572.81,1568.43,4.38,0.5408
566883,2019,TOR,CWS,1438.28,1427.43,10.84,0.55
566979,2019,MIN,DET,1608.04,1401.29,206.76,0.7906
566980,2019,MIN,DET,1614.0,1389.37,224.64,0.8071
564849,2019,ARI,ATL,1580.27,1472.91,107.36,0.6805
564850,2019,ARI,ATL,1568.87,1490.02,78.84,0.6438
564951,2019,BAL,LAA,1360.95,1539.71,-178.76,0.2909
565045,2019,BOS,SEA,1583.01,1462.6,120.41,0.6966
565145,2019,CHC,MIL,1612.39,1567.83,44.56,0.5974
565433,2019,COL,SD,1542.53,1487.85,54.68,0.6113
565434,2019,COL,SD,1532.61,1497.77,34.83,0.5839
565624,2019,HOU,TEX,1613.12,1531.94,81.18,0.6469
565625,2019,HOU,TEX,1624.45,1514.94,109.5,0.6832
565723,2019,KC,PHI,1488.48,1569.39,-80.9,0.4188
565820,2019,LAD,WSH,1578.15,1427.28,150.86,0.7324
565821,2019,LAD,WSH,1562.95,1457.69,105.26,0.6779
566007,2019,NYM,MIA,1465.53,1291.49,174.05,0.7577
566107,2019,OAK,CLE,1472.26,1463.5,8.75,0.547
566488,2019,SF,CIN,1454.99,1543.35,-88.36,0.4084
566489,2019,SF,CIN,1448.45,1549.88,-101.43,0.3904
566589,2019,STL,PIT,1552.36,1471.66,80.7,0.6463
566685,2019,TB,NYY,1585.95,1555.29,30.66,0.578
566884,2019,TOR,CWS,1406.9,1458.81,-51.92,0.4599
566965,2019,MIN,DET,1601.13,1415.11,186.02,0.7701
566981,2019,MIN,DET,1607.21,1402.96,204.25,0.7882
565528,2019,DET,HOU,1428.31,1636.02,-207.71,0.2578
566982,2019,MIN,LAA,1594.53,1514.38,80.15,0.6455
567080,2019,PHI,MIL,1580.97,1559.08,21.89,0.5657
567478,2019,NYY,BAL,1573.04,1394.72,178.32,0.7622
564851,2019,ARI,PIT,1557.94,1495.74,62.2,0.6216
565046,2019,BOS,COL,1593.61,1546.23,47.37,0.6013
565238,2019,CIN,CHC,1540.19,1621.14,-80.96,0.4188
565529,2019,DET,HOU,1412.64,1643.86,-231.22,0.2327
565913,2019,WSH,NYM,1443.33,1461.56,-18.23,0.5083
566390,2019,SEA,OAK,1446.71,1457.89,-11.19,0.5184
566983,2019,MIN,LAA,1587.62,1524.74,62.88,0.6225
567081,2019,PHI,MIL,1590.51,1549.54,40.96,0.5924
567182,2019,ATL,STL,1506.41,1536.3,-29.89,0.4915
567282,2019,CWS,CLE,1476.17,1477.87,-1.7,0.532
567283,2019,CWS,CLE,1491.72,1462.31,29.41,0.5763
567380,2019,MIA,TB,1296.78,1568.2,-271.42,0.194
567479,2019,NYY,BAL,1570.35,1400.1,170.25,0.7537
564852,2019,ARI,PIT,1569.4,1478.55,90.85,0.6595
564853,2019,ARI,PIT,1553.09,1503.02,50.07,0.605
565047,2019,BOS,COL,1587.08,1556.03,31.05,0.5786
565239,2019,CIN,CHC,1529.54,1628.24,-98.71,0.3941
565530,2019,DET,HOU,1398.62,1650.87,-252.24,0.2118
565724,2019,KC,TEX,1471.11,1497.57,-26.46,0.4965
565822,2019,LAD,SD,1572.52,1484.14,88.37,0.6563
565914,2019,WSH,NYM,1417.37,1481.03,-63.66,0.4432
566391,2019,SEA,OAK,1457.33,1449.92,7.41,0.5451
566490,2019,SF,TOR,1461.38,1383.76,77.62,0.6422
566491,2019,SF,TOR,1437.42,1415.7,21.71,0.5654
566984,2019,MIN,LAA,1591.69,1518.64,73.05,0.6361
567082,2019,PHI,MIL,1573.83,1574.55,-0.72,0.5335
567183,2019,ATL,STL,1477.49,1565.22,-87.73,0.4093
567381,2019,MIA,TB,1287.89,1572.65,-284.76,0.1823
567478,2019,NYY,BAL,1567.74,1405.32,162.42,0.7452
567480,2019,NYY,BAL,1571.91,1396.98,174.93,0.7586
565240,2019,CIN,CHC,1539.18,1621.81,-82.63,0.4164
565334,2019,CLE,BAL,1493.74,1389.12,104.62,0.6771
565531,2019,DET,OAK,1388.84,1439.86,-51.03,0.4612
565725,2019,KC,TEX,1494.35,1474.34,20.01,0.563
565726,2019,KC,TEX,1470.36,1498.33,-27.97,0.4943
565823,2019,LAD,SD,1579.85,1473.15,106.7,0.6797
565915,2019,WSH,NYM,1445.24,1460.13,-14.89,0.5131
567083,2019,PHI,MIL,1562.01,1586.38,-24.38,0.4995
567184,2019,ATL,STL,1499.43,1550.6,-51.16,0.461
565048,2019,BOS,HOU,1591.69,1655.76,-64.07,0.4426
565241,2019,CIN,LAD,1554.01,1585.22,-31.2,0.4896
565335,2019,CLE,BAL,1509.12,1368.61,140.51,0.7205
565532,2019,DET,OAK,1349.78,1478.92,-129.15,0.3531
565916,2019,WSH,CHC,1455.97,1611.93,-155.96,0.3187
566296,2019,SD,PIT,1465.1,1480.79,-15.7,0.5119
566392,2019,SEA,MIN,1464.88,1595.6,-130.72,0.3511
567084,2019,PHI,COL,1544.64,1551.42,-6.78,0.5248
567185,2019,ATL,MIL,1527.21,1603.75,-76.54,0.425
567284,2019,CWS,TOR,1460.3,1406.16,54.14,0.6106
567382,2019,MIA,NYM,1284.31,1452.08,-167.77,0.3041
567481,2019,NYY,TB,1575.84,1574.44,1.4,0.5365
564754,2019,LAA,KC,1512.78,1437.88,74.9,0.6386
564854,2019,ARI,SF,1567.91,1446.96,120.94,0.6973
565049,2019,BOS,HOU,1584.13,1663.32,-79.19,0.4212
565242,2019,CIN,LAD,1538.98,1600.25,-61.27,0.4466
565336,2019,CLE,BAL,1482.96,1403.49,79.47,0.6447
565533,2019,DET,OAK,1330.65,1493.27,-162.61,0.3105
565917,2019,WSH,CHC,1440.27,1622.39,-182.12,0.287
566297,2019,SD,PIT,1473.16,1472.73,0.43,0.5351
566393,2019,SEA,MIN,1450.63,1605.1,-154.47,0.3206
566783,2019,TEX,STL,1530.81,1532.08,-1.27,0.5327
566784,2019,TEX,STL,1548.85,1514.04,34.81,0.5838
567085,2019,PHI,COL,1552.52,1546.16,6.36,0.5436
567186,2019,ATL,MIL,1548.67,1589.44,-40.76,0.4759
567285,2019,CWS,TOR,1470.32,1392.8,77.52,0.6421
567286,2019,CWS,TOR,1437.61,1436.41,1.21,0.5362
567383,2019,MIA,NYM,1307.04,1435.04,-128.0,0.3547
567482,2019,NYY,TB,1580.98,1569.3,11.68,0.5512
564755,2019,LAA,KC,1524.41,1422.38,102.03,0.6738
564756,2019,LAA,KC,1534.78,1408.55,126.23,0.7037
564855,2019,ARI,SF,1577.45,1427.87,149.58,0.7309
564856,2019,ARI,SF,1562.27,1458.23,104.04,0.6764
565050,2019,BOS,HOU,1573.66,1673.79,-100.13,0.3922
565243,2019,CIN,LAD,1559.78,1586.38,-26.6,0.4963
565337,2019,CLE,BAL,1494.37,1388.28,106.1,0.6789
565534,2019,DET,OAK,1317.83,1502.89,-185.06,0.2835
565918,2019,WSH,CHC,1469.48,1607.78,-138.3,0.3412
566298,2019,SD,PIT,1459.05,1486.84,-27.78,0.4946
566299,2019,SD,PIT,1438.05,1507.84,-69.79,0.4345
566394,2019,SEA,MIN,1436.64,1614.42,-177.79,0.2921
566395,2019,SEA,MIN,1413.22,1626.13,-212.92,0.2521
566785,2019,TEX,STL,1522.01,1540.88,-18.87,0.5074
567086,2019,PHI,COL,1557.57,1538.59,18.98,0.5615
567187,2019,ATL,MIL,1557.23,1583.73,-26.5,0.4964
567287,2019,CWS,TOR,1458.18,1415.84,42.33,0.5943
567384,2019,MIA,NYM,1328.48,1413.6,-85.12,0.4129
567483,2019,NYY,TB,1574.9,1575.38,-0.48,0.5338
564952,2019,BAL,NYY,1364.77,1591.28,-226.51,0.2376
565338,2019,CLE,OAK,1512.0,1512.99,-0.99,0.5331
566008,2019,NYM,WSH,1388.52,1464.14,-75.62,0.4263
566885,2019,TOR,BOS,1441.71,1580.11,-138.4,0.3411
564757,2019,LAA,MIN,1509.07,1611.01,-101.93,0.3897
564953,2019,BAL,NYY,1355.22,1596.06,-240.85,0.223
565146,2019,CHC,PHI,1611.34,1565.21,46.13,0.5996
565147,2019,CHC,PHI,1604.83,1571.72,33.11,0.5815
565339,2019,CLE,OAK,1497.95,1527.04,-29.09,0.4927
565535,2019,DET,MIA,1304.36,1353.55,-49.19,0.4638
565626,2019,HOU,CWS,1667.34,1438.78,228.57,0.8106
566009,2019,NYM,WSH,1408.02,1449.52,-41.5,0.4748
566198,2019,PIT,COL,1518.94,1527.13,-8.19,0.5227
566300,2019,SD,ARI,1423.25,1555.11,-131.87,0.3496
566492,2019,SF,ATL,1468.97,1551.79,-82.82,0.4161
566686,2019,TB,LAD,1559.0,1600.44,-41.44,0.4749
566786,2019,TEX,SEA,1530.13,1443.47,86.66,0.6541
566886,2019,TOR,BOS,1417.09,1592.42,-175.33,0.295
567576,2019,MIL,CIN,1589.17,1545.72,43.45,0.5959
564758,2019,LAA,MIN,1499.25,1617.56,-118.3,0.3675
564954,2019,BAL,NYY,1341.84,1602.75,-260.91,0.2036
565340,2019,CLE,OAK,1485.13,1539.86,-54.73,0.4559
565536,2019,DET,MIA,1294.3,1363.61,-69.32,0.4351
565627,2019,HOU,CWS,1671.15,1431.16,239.99,0.8205
566010,2019,NYM,WSH,1419.46,1438.09,-18.63,0.5077
566199,2019,PIT,COL,1496.55,1549.53,-52.98,0.4584
566301,2019,SD,ARI,1436.86,1548.31,-111.45,0.3767
566302,2019,SD,ARI,1450.01,1538.44,-88.42,0.4083
566493,2019,SF,ATL,1455.63,1560.69,-105.06,0.3854
566590,2019,STL,KC,1532.75,1442.82,89.93,0.6583
566590,2019,STL,KC,1530.22,1446.19,84.03,0.6506
566591,2019,STL,KC,1547.02,1423.8,123.21,0.7
566687,2019,TB,LAD,1546.99,1612.44,-65.45,0.4406
566787,2019,TEX,SEA,1535.67,1436.09,99.58,0.6707
566788,2019,TEX,SEA,1543.97,1425.01,118.96,0.6949
566887,2019,TOR,BOS,1460.54,1570.69,-110.16,0.3785
567577,2019,MIL,CIN,1576.21,1565.17,11.04,0.5503
564759,2019,LAA,MIN,1484.26,1627.55,-143.3,0.3348
564759,2019,LAA,MIN,1486.84,1625.83,-139.0,0.3403
564955,2019,BAL,NYY,1335.44,1605.95,-270.51,0.1948
565148,2019,CHC,PHI,1609.4,1567.15,42.25,0.5942
565149,2019,CHC,PHI,1619.66,1556.9,62.76,0.6223
565341,2019,CLE,TB,1466.0,1574.1,-108.1,0.3813
565537,2019,DET,MIA,1275.58,1382.33,-106.75,0.3831
565628,2019,HOU,CWS,1675.32,1422.83,252.49,0.8308
566011,2019,NYM,WSH,1447.44,1410.1,37.35,0.5874
566200,2019,PIT,COL,1475.64,1570.43,-94.79,0.3995
566494,2019,SF,ATL,1465.39,1554.19,-88.8,0.4078
566495,2019,SF,ATL,1445.82,1567.23,-121.4,0.3634
566888,2019,TOR,BOS,1454.54,1574.69,-120.15,0.3651
565150,2019,CHC,CIN,1609.02,1557.3,51.72,0.6073
565342,2019,CLE,TB,1450.37,1584.52,-134.15,0.3466
565629,2019,HOU,CWS,1653.95,1465.56,188.39,0.7725
565919,2019,WSH,MIA,1395.83,1398.54,-2.7,0.5306
566012,2019,NYM,DET,1461.71,1259.37,202.33,0.7863
566201,2019,PIT,LAD,1506.0,1594.37,-88.37,0.4084
566889,2019,TOR,SD,1438.37,1468.94,-30.56,0.4906
564760,2019,LAA,TEX,1469.15,1548.79,-79.64,0.4206
565151,2019,CHC,CIN,1602.44,1563.88,38.56,0.5891
565343,2019,CLE,TB,1466.61,1573.7,-107.08,0.3827
565435,2019,COL,BAL,1550.19,1331.59,218.6,0.8016
565630,2019,HOU,BOS,1635.63,1585.47,50.16,0.6051
565631,2019,HOU,BOS,1639.91,1581.19,58.72,0.6168
565727,2019,KC,NYY,1465.08,1607.87,-142.79,0.3354
565728,2019,KC,NYY,1467.65,1606.16,-138.51,0.3409
565920,2019,WSH,MIA,1412.32,1382.06,30.26,0.5775
566013,2019,NYM,DET,1449.73,1275.35,174.38,0.758
566108,2019,OAK,SEA,1558.99,1418.59,140.4,0.7204
566109,2019,OAK,SEA,1565.75,1405.05,160.7,0.7433
566202,2019,PIT,LAD,1485.29,1608.17,-122.88,0.3614
566496,2019,SF,ARI,1438.19,1519.51,-81.33,0.4182
566497,2019,SF,ARI,1401.62,1546.94,-145.32,0.3322
566592,2019,STL,ATL,1516.06,1571.05,-54.99,0.4555
566593,2019,STL,ATL,1501.27,1580.9,-79.63,0.4206
566890,2019,TOR,SD,1416.91,1485.04,-68.13,0.4368
566985,2019,MIN,CWS,1637.63,1493.05,144.58,0.7252
566986,2019,MIN,CWS,1646.2,1480.18,166.03,0.7491
567578,2019,MIL,PHI,1584.08,1567.53,16.54,0.5581
567579,2019,MIL,PHI,1574.34,1577.27,-2.93,0.5303
564761,2019,LAA,TEX,1462.4,1555.54,-93.15,0.4018
564762,2019,LAA,TEX,1471.94,1549.18,-77.23,0.424
565152,2019,CHC,CIN,1609.54,1556.78,52.76,0.6087
565344,2019,CLE,TB,1452.52,1583.09,-130.58,0.3513
565436,2019,COL,BAL,1553.36,1325.25,228.11,0.8102
565437,2019,COL,BAL,1537.08,1357.81,179.27,0.7632
565632,2019,HOU,BOS,1644.05,1577.05,67.0,0.628
565727,2019,KC,NYY,1455.26,1614.42,-159.16,0.3147
565729,2019,KC,NYY,1450.38,1617.67,-167.29,0.3047
565921,2019,WSH,MIA,1436.21,1358.16,78.06,0.6428
566014,2019,NYM,DET,1454.7,1270.37,184.33,0.7684
566110,2019,OAK,SEA,1568.41,1399.75,168.66,0.752
566203,2019,PIT,LAD,1470.58,1617.99,-147.41,0.3295
566498,2019,SF,ARI,1382.22,1561.49,-179.27,0.2903
566594,2019,STL,ATL,1519.87,1568.5,-48.63,0.4646
566891,2019,TOR,SD,1379.32,1513.23,-133.91,0.3469
566987,2019,MIN,CWS,1653.97,1468.54,185.43,0.7695
567580,2019,MIL,PHI,1559.16,1592.45,-33.29,0.4866
564956,2019,BAL,DET,1352.96,1265.63,87.32,0.6549
565051,2019,BOS,CLE,1590.57,1441.48,149.08,0.7303
565221,2019,CIN,PIT,1577.68,1458.65,119.03,0.6949
565244,2019,CIN,PIT,1587.31,1444.2,143.1,0.7235
565438,2019,COL,ARI,1540.72,1568.4,-27.68,0.4947
565633,2019,HOU,CHC,1630.53,1588.64,41.89,0.5937
565922,2019,WSH,MIA,1451.52,1342.85,108.66,0.6822
566111,2019,OAK,LAA,1575.58,1481.2,94.38,0.6641
566688,2019,TB,TOR,1590.45,1424.68,165.77,0.7488
566988,2019,MIN,MIL,1661.04,1576.94,84.1,0.6507
567288,2019,CWS,KC,1457.93,1461.13,-3.2,0.5299
567484,2019,NYY,SD,1610.51,1479.21,131.3,0.7097
564957,2019,BAL,DET,1364.62,1253.96,110.66,0.6846
565052,2019,BOS,CLE,1598.97,1424.68,174.29,0.7579
565245,2019,CIN,PIT,1572.24,1474.34,97.9,0.6686
565824,2019,LAD,NYM,1625.94,1458.26,167.68,0.7509
566396,2019,SEA,TEX,1385.4,1539.92,-154.52,0.3205
566689,2019,TB,TOR,1597.14,1411.29,185.86,0.7699
567087,2019,PHI,STL,1574.67,1512.31,62.36,0.6218
567188,2019,ATL,WSH,1573.54,1440.7,132.84,0.7115
567288,2019,CWS,KC,1465.74,1453.32,12.42,0.5522
567385,2019,MIA,SF,1357.27,1368.39,-11.12,0.5185
567485,2019,NYY,SD,1616.59,1470.1,146.49,0.7274
564958,2019,BAL,DET,1335.71,1282.88,52.83,0.6088
565053,2019,BOS,CLE,1586.62,1449.37,137.26,0.7167
565246,2019,CIN,PIT,1581.34,1460.69,120.64,0.6969
565439,2019,COL,ARI,1549.03,1562.87,-13.84,0.5146
565634,2019,HOU,CHC,1634.95,1584.22,50.73,0.6059
565825,2019,LAD,NYM,1631.9,1449.32,182.58,0.7666
566112,2019,OAK,LAA,1582.72,1470.48,112.24,0.6866
566113,2019,OAK,LAA,1571.24,1487.71,83.53,0.65
566397,2019,SEA,TEX,1418.1,1515.4,-97.3,0.3961
566398,2019,SEA,TEX,1392.86,1534.33,-141.47,0.3371
566690,2019,TB,TOR,1600.87,1403.83,197.04,0.7812
566989,2019,MIN,MIL,1654.09,1583.89,70.2,0.6323
567088,2019,PHI,STL,1578.75,1506.19,72.56,0.6355
567189,2019,ATL,WSH,1566.1,1455.59,110.51,0.6845
567289,2019,CWS,KC,1473.14,1445.91,27.23,0.5732
567386,2019,MIA,SF,1390.96,1334.71,56.25,0.6135
567486,2019,NYY,SD,1609.02,1481.44,127.58,0.7053
565440,2019,COL,ARI,1567.66,1550.45,17.21,0.559
565441,2019,COL,ARI,1572.51,1545.59,26.92,0.5728
565635,2019,HOU,CHC,1643.49,1575.67,67.82,0.6291
565826,2019,LAD,NYM,1613.67,1485.77,127.9,0.7057
566204,2019,PIT,MIL,1489.11,1577.62,-88.52,0.4082
566691,2019,TB,MIN,1603.1,1660.35,-57.25,0.4523
567089,2019,PHI,STL,1590.49,1488.58,101.91,0.6737
567290,2019,CWS,KC,1480.16,1436.56,43.6,0.5961
567387,2019,MIA,SF,1404.21,1321.46,82.75,0.649
567487,2019,NYY,BOS,1618.29,1567.28,51.01,0.6063
564959,2019,BAL,SF,1314.81,1343.45,-28.64,0.4933
565247,2019,CIN,WSH,1562.4,1493.09,69.3,0.6311
565827,2019,LAD,NYM,1616.76,1481.14,135.61,0.7148
566205,2019,PIT,MIL,1470.78,1589.84,-119.06,0.3665
566399,2019,SEA,LAA,1385.83,1514.64,-128.8,0.3536
566692,2019,TB,MIN,1624.32,1639.13,-14.8,0.5132
566789,2019,TEX,KC,1539.59,1427.78,111.82,0.6861
567190,2019,ATL,DET,1541.1,1303.78,237.31,0.8182
567291,2019,CWS,CLE,1486.75,1488.05,-1.3,0.5326
567488,2019,NYY,BOS,1617.14,1568.44,48.7,0.6031
564857,2019,ARI,NYM,1538.57,1474.06,64.51,0.6247
564960,2019,BAL,SF,1337.0,1321.26,15.74,0.5569
565248,2019,CIN,WSH,1573.53,1476.39,97.14,0.6676
565442,2019,COL,TOR,1577.19,1399.37,177.82,0.7617
565828,2019,LAD,PHI,1621.48,1579.17,42.3,0.5943
566114,2019,OAK,HOU,1553.29,1636.73,-83.44,0.4153
566206,2019,PIT,MIL,1496.62,1572.61,-75.99,0.4257
566303,2019,SD,MIA,1467.54,1382.22,85.32,0.6523
566400,2019,SEA,LAA,1365.03,1530.24,-165.2,0.3073
566401,2019,SEA,LAA,1379.33,1519.52,-140.19,0.3388
566595,2019,STL,CHC,1505.56,1582.44,-76.88,0.4245
566596,2019,STL,CHC,1514.81,1576.28,-61.47,0.4463
566693,2019,TB,MIN,1615.36,1648.09,-32.73,0.4874
566790,2019,TEX,KC,1522.38,1450.73,71.65,0.6343
566791,2019,TEX,KC,1536.06,1437.05,99.01,0.67
567191,2019,ATL,DET,1506.61,1349.77,156.84,0.739
567292,2019,CWS,CLE,1508.56,1466.24,42.33,0.5943
567293,2019,CWS,CLE,1525.68,1449.12,76.56,0.6408
567489,2019,NYY,BOS,1625.75,1559.82,65.93,0.6266
564858,2019,ARI,NYM,1528.48,1484.16,44.32,0.5971
564859,2019,ARI,NYM,1535.05,1477.59,57.46,0.6151
564961,2019,BAL,SF,1302.56,1355.69,-53.13,0.4582
565249,2019,CIN,WSH,1559.35,1497.67,61.68,0.6209
565443,2019,COL,TOR,1584.53,1384.7,199.83,0.7839
565444,2019,COL,TOR,1588.01,1377.74,210.28,0.7939
565829,2019,LAD,PHI,1630.31,1570.35,59.96,0.6185
565830,2019,LAD,PHI,1634.43,1566.23,68.2,0.6297
566115,2019,OAK,HOU,1548.85,1641.16,-92.31,0.4029
566116,2019,OAK,HOU,1533.91,1651.12,-117.21,0.369
566207,2019,PIT,MIL,1485.77,1579.85,-94.08,0.4005
566304,2019,SD,MIA,1478.67,1367.37,111.3,0.6854
566305,2019,SD,MIA,1448.2,1408.0,40.21,0.5914
566402,2019,SEA,LAA,1365.2,1530.11,-164.92,0.3076
566597,2019,STL,CHC,1532.73,1564.33,-31.6,0.4891
566694,2019,TB,MIN,1602.99,1660.46,-57.46,0.452
566792,2019,TEX,KC,1548.26,1420.78,127.48,0.7052
567192,2019,ATL,DET,1517.08,1335.8,181.28,0.7652
567294,2019,CWS,CLE,1505.07,1476.59,28.48,0.575
567490,2019,NYY,BOS,1632.12,1553.45,78.67,0.6436
565129,2019,CHC,LAA,1558.74,1546.58,12.16,0.5518
564860,2019,ARI,LAD,1552.56,1647.05,-94.49,0.3999
565345,2019,CLE,MIN,1465.53,1668.2,-202.67,0.2634
565538,2019,DET,TB,1326.18,1595.25,-269.07,0.1961
565923,2019,WSH,CWS,1517.76,1516.14,1.62,0.5368
566015,2019,NYM,SF,1460.07,1385.46,74.61,0.6382
566208,2019,PIT,ATL,1475.64,1524.3,-48.65,0.4646
566306,2019,SD,PHI,1412.04,1553.6,-141.56,0.337
566403,2019,SEA,HOU,1343.24,1657.28,-314.04,0.1585
566892,2019,TOR,NYY,1368.05,1618.34,-250.29,0.2137
567581,2019,MIL,MIA,1586.6,1444.16,142.44,0.7227
564763,2019,LAA,OAK,1524.34,1524.68,-0.34,0.534
564861,2019,ARI,LAD,1545.82,1653.8,-107.97,0.3815
564862,2019,ARI,LAD,1525.73,1667.19,-141.46,0.3371
565153,2019,CHC,COL,1573.57,1592.85,-19.28,0.5068
565346,2019,CLE,MIN,1487.97,1653.24,-165.27,0.3072
565539,2019,DET,TB,1357.96,1579.36,-221.41,0.243
565730,2019,KC,BOS,1406.43,1567.23,-160.8,0.3127
565924,2019,WSH,CWS,1535.64,1498.26,37.38,0.5874
566016,2019,NYM,SF,1431.24,1423.9,7.34,0.545
566209,2019,PIT,ATL,1452.96,1546.98,-94.02,0.4006
566307,2019,SD,PHI,1450.83,1534.2,-83.37,0.4154
566308,2019,SD,PHI,1437.52,1547.52,-110.0,0.3787
566404,2019,SEA,HOU,1338.36,1659.72,-321.35,0.1529
566598,2019,STL,CIN,1541.11,1545.95,-4.84,0.5275
566793,2019,TEX,BAL,1559.02,1272.79,286.23,0.8564
566893,2019,TOR,NYY,1383.71,1610.51,-226.81,0.2373
567582,2019,MIL,MIA,1555.83,1505.7,50.13,0.6051
564764,2019,LAA,OAK,1510.26,1538.76,-28.49,0.4935
565154,2019,CHC,COL,1584.42,1582.01,2.41,0.5379
565155,2019,CHC,COL,1589.53,1576.89,12.64,0.5525
565347,2019,CLE,MIN,1504.96,1641.91,-136.95,0.3429
565540,2019,DET,TB,1346.59,1585.05,-238.46,0.2254
565731,2019,KC,BOS,1389.72,1575.59,-185.87,0.2826
565732,2019,KC,BOS,1371.4,1584.75,-213.35,0.2516
566017,2019,NYM,SF,1461.42,1393.72,67.7,0.629
566210,2019,PIT,ATL,1472.09,1527.85,-55.77,0.4544
566405,2019,SEA,HOU,1330.05,1663.87,-333.82,0.1439
566406,2019,SEA,HOU,1392.83,1632.49,-239.66,0.2242
566599,2019,STL,CIN,1523.6,1563.47,-39.87,0.4772
566600,2019,STL,CIN,1523.97,1563.22,-39.25,0.4781
566794,2019,TEX,BAL,1550.62,1289.6,261.02,0.8376
566894,2019,TOR,NYY,1419.31,1592.71,-173.39,0.2973
567583,2019,MIL,MIA,1538.87,1531.14,7.73,0.5455
564765,2019,LAA,OAK,1518.58,1530.44,-11.86,0.5175
565054,2019,BOS,TB,1588.78,1590.88,-2.1,0.5315
565156,2019,CHC,STL,1579.88,1537.49,42.39,0.5944
565348,2019,CLE,NYY,1499.59,1599.8,-100.22,0.392
565541,2019,DET,MIN,1334.93,1645.49,-310.56,0.1612
566018,2019,NYM,COL,1475.32,1586.55,-111.23,0.377
566309,2019,SD,WSH,1424.84,1546.33,-121.5,0.3633
566795,2019,TEX,BAL,1552.23,1286.38,265.85,0.8414
566895,2019,TOR,ARI,1405.12,1536.09,-130.97,0.3507
567090,2019,PHI,CIN,1557.03,1554.2,2.83,0.5385
567388,2019,MIA,ATL,1513.65,1504.97,8.67,0.5469
564766,2019,LAA,SEA,1501.46,1388.34,113.11,0.6877
565037,2019,BOS,TB,1575.11,1604.55,-29.44,0.4922
565055,2019,BOS,TB,1588.01,1591.65,-3.63,0.5293
565157,2019,CHC,STL,1586.87,1527.0,59.87,0.6184
565349,2019,CLE,NYY,1518.93,1586.91,-67.97,0.4371
565542,2019,DET,MIN,1328.66,1648.62,-319.96,0.154
565636,2019,HOU,BAL,1634.73,1283.24,351.48,0.8967
565637,2019,HOU,BAL,1635.71,1281.27,354.45,0.8983
565733,2019,KC,CWS,1363.34,1487.56,-124.22,0.3596
565734,2019,KC,CWS,1384.65,1471.58,-86.93,0.4104
566019,2019,NYM,COL,1461.46,1595.79,-134.33,0.3464
566310,2019,SD,WSH,1438.22,1536.3,-98.08,0.395
566499,2019,SF,LAD,1375.18,1660.28,-285.1,0.182
566500,2019,SF,LAD,1391.25,1652.25,-261.01,0.2035
566770,2019,TEX,OAK,1553.8,1547.56,6.24,0.5434
566796,2019,TEX,OAK,1566.85,1527.98,38.87,0.5895
566896,2019,TOR,ARI,1384.51,1551.55,-167.05,0.305
567091,2019,PHI,CIN,1565.13,1546.1,19.03,0.5616
567389,2019,MIA,ATL,1488.21,1530.41,-42.21,0.4738
567584,2019,MIL,PIT,1556.36,1494.97,61.39,0.6205
567585,2019,MIL,PIT,1567.86,1477.72,90.13,0.6586
564767,2019,LAA,SEA,1476.19,1422.03,54.16,0.6106
564768,2019,LAA,SEA,1497.19,1394.03,103.17,0.6752
565056,2019,BOS,TB,1570.43,1609.23,-38.8,0.4787
565158,2019,CHC,STL,1597.52,1511.02,86.5,0.6539
565350,2019,CLE,NYY,1540.03,1572.84,-32.82,0.4873
565543,2019,DET,MIN,1374.66,1625.63,-250.97,0.2131
565638,2019,HOU,BAL,1618.55,1315.59,302.97,0.8679
565735,2019,KC,CWS,1370.77,1481.99,-111.22,0.377
566020,2019,NYM,COL,1477.7,1584.96,-107.26,0.3824
566311,2019,SD,WSH,1451.07,1526.66,-75.59,0.4263
566312,2019,SD,WSH,1437.36,1540.37,-103.02,0.3882
566501,2019,SF,LAD,1380.81,1657.47,-276.65,0.1893
566797,2019,TEX,OAK,1556.67,1543.26,13.41,0.5536
566798,2019,TEX,OAK,1564.47,1531.56,32.91,0.5812
566897,2019,TOR,ARI,1366.85,1560.38,-193.53,0.2737
567092,2019,PHI,CIN,1574.77,1531.64,43.13,0.5954
567390,2019,MIA,ATL,1480.47,1538.15,-57.67,0.4517
567586,2019,MIL,PIT,1573.62,1469.08,104.54,0.677
565057,2019,BOS,TEX,1556.94,1558.12,-1.17,0.5328
566695,2019,TB,OAK,1622.71,1541.08,81.63,0.6475
567093,2019,PHI,ARI,1568.29,1568.21,0.08,0.5346
567193,2019,ATL,PIT,1545.47,1458.82,86.65,0.6541
567391,2019,MIA,STL,1473.15,1498.16,-25.01,0.4985
567491,2019,NYY,NYM,1578.17,1503.02,75.15,0.6389
564769,2019,LAA,LAD,1467.07,1659.33,-192.26,0.2752
564962,2019,BAL,TOR,1309.61,1351.19,-41.58,0.4747
565058,2019,BOS,TEX,1551.04,1564.02,-12.98,0.5158
565351,2019,CLE,CIN,1532.04,1541.36,-9.32,0.5211
565445,2019,COL,CHC,1568.08,1606.1,-38.02,0.4798
566696,2019,TB,OAK,1631.47,1527.96,103.51,0.6757
567094,2019,PHI,ARI,1552.97,1583.54,-30.57,0.4905
567199,2019,ATL,PIT,1561.01,1443.27,117.74,0.6934
567295,2019,CWS,WSH,1493.93,1552.71,-58.78,0.4501
567392,2019,MIA,STL,1456.75,1514.56,-57.81,0.4515
567491,2019,NYY,NYM,1576.68,1505.26,71.42,0.634
567492,2019,NYY,NYM,1588.48,1487.57,100.91,0.6724
564770,2019,LAA,LAD,1484.65,1647.62,-162.97,0.31
564963,2019,BAL,TOR,1327.73,1333.06,-5.33,0.5268
565059,2019,BOS,TEX,1537.83,1577.23,-39.4,0.4779
565352,2019,CLE,CIN,1539.97,1533.42,6.55,0.5438
565446,2019,COL,CHC,1573.75,1600.43,-26.68,0.4961
565447,2019,COL,CHC,1590.31,1583.86,6.45,0.5437
565639,2019,HOU,MIL,1621.55,1580.46,41.08,0.5926
565736,2019,KC,DET,1354.85,1359.98,-5.13,0.5271
566502,2019,SF,SD,1377.08,1420.9,-43.82,0.4715
566697,2019,TB,OAK,1624.31,1538.69,85.62,0.6527
566990,2019,MIN,SEA,1632.97,1434.19,198.77,0.7829
567095,2019,PHI,ARI,1564.11,1572.39,-8.28,0.5226
567200,2019,ATL,PIT,1566.13,1433.04,133.09,0.7118
567296,2019,CWS,WSH,1467.79,1570.14,-102.35,0.3891
567393,2019,MIA,STL,1436.21,1535.11,-98.9,0.3938
564964,2019,BAL,TOR,1309.25,1351.54,-42.28,0.4737
565060,2019,BOS,TEX,1546.37,1571.54,-25.17,0.4983
565640,2019,HOU,MIL,1628.58,1573.43,55.15,0.612
565737,2019,KC,DET,1365.31,1349.52,15.79,0.557
565925,2019,WSH,ARI,1559.88,1581.54,-21.66,0.5034
566021,2019,NYM,STL,1517.59,1503.05,14.54,0.5552
566503,2019,SF,SD,1388.58,1409.41,-20.83,0.5046
566698,2019,TB,LAA,1608.13,1501.58,106.55,0.6795
566991,2019,MIN,SEA,1635.17,1429.77,205.4,0.7893
566992,2019,MIN,SEA,1619.16,1461.8,157.36,0.7396
567201,2019,ATL,PIT,1569.14,1427.01,142.13,0.7224
564965,2019,BAL,BOS,1275.01,1554.62,-279.61,0.1867
565250,2019,CIN,TEX,1556.74,1566.04,-9.3,0.5211
565448,2019,COL,SD,1570.34,1392.16,178.18,0.762
565544,2019,DET,CLE,1361.78,1516.65,-154.87,0.3201
565738,2019,KC,DET,1353.04,1339.75,13.29,0.5535
565831,2019,LAD,CHC,1636.32,1603.84,32.49,0.5806
565926,2019,WSH,ARI,1545.59,1595.83,-50.24,0.4623
566021,2019,NYM,STL,1508.42,1512.23,-3.81,0.529
566022,2019,NYM,STL,1499.63,1521.01,-21.38,0.5038
566699,2019,TB,LAA,1596.74,1518.67,78.07,0.6428
567202,2019,ATL,PHI,1572.03,1554.96,17.07,0.5588
567297,2019,CWS,NYY,1483.18,1568.46,-85.28,0.4127
567394,2019,MIA,PIT,1478.95,1421.23,57.72,0.6155
564966,2019,BAL,BOS,1261.83,1561.21,-299.37,0.1701
565251,2019,CIN,TEX,1540.58,1582.2,-41.61,0.4747
565449,2019,COL,SD,1575.22,1382.39,192.83,0.777
565545,2019,DET,CLE,1316.89,1533.18,-216.29,0.2484
565641,2019,HOU,TOR,1615.33,1385.78,229.55,0.8115
565642,2019,HOU,TOR,1622.54,1371.37,251.17,0.8298
565832,2019,LAD,CHC,1646.97,1593.19,53.77,0.6101
565927,2019,WSH,ARI,1565.9,1582.3,-16.4,0.5109
566023,2019,NYM,STL,1480.36,1540.28,-59.92,0.4485
566117,2019,OAK,SEA,1562.96,1451.35,111.61,0.6858
566504,2019,SF,MIL,1405.83,1586.67,-180.84,0.2885
566505,2019,SF,MIL,1428.95,1575.12,-146.17,0.3311
566700,2019,TB,LAA,1606.63,1503.84,102.79,0.6748
566993,2019,MIN,KC,1626.13,1375.9,250.23,0.829
566994,2019,MIN,KC,1628.83,1370.51,258.32,0.8355
567203,2019,ATL,PHI,1576.89,1550.11,26.78,0.5726
567298,2019,CWS,NYY,1492.58,1562.19,-69.61,0.4347
567299,2019,CWS,NYY,1521.48,1542.93,-21.45,0.5037
567395,2019,MIA,PIT,1443.18,1468.92,-25.74,0.4975
564967,2019,BAL,BOS,1253.25,1565.5,-312.25,0.1599
565252,2019,CIN,TEX,1532.83,1587.36,-54.53,0.4562
565450,2019,COL,SD,1556.83,1419.18,137.65,0.7172
565451,2019,COL,SD,1565.12,1402.61,162.51,0.7453
565546,2019,DET,CLE,1308.94,1539.14,-230.21,0.2338
565643,2019,HOU,TOR,1626.92,1362.61,264.31,0.8402
565833,2019,LAD,CHC,1653.66,1586.5,67.15,0.6283
565834,2019,LAD,CHC,1646.9,1593.26,53.63,0.6099
565928,2019,WSH,ARI,1549.02,1599.17,-50.15,0.4624
566024,2019,NYM,STL,1489.29,1531.35,-42.06,0.474
566118,2019,OAK,SEA,1541.24,1483.92,57.32,0.6149
566119,2019,OAK,SEA,1561.98,1463.18,98.8,0.6697
566506,2019,SF,MIL,1442.86,1568.16,-125.3,0.3582
566701,2019,TB,LAA,1595.3,1520.84,74.46,0.638
566995,2019,MIN,KC,1630.46,1367.24,263.22,0.8393
567204,2019,ATL,PHI,1570.62,1556.38,14.24,0.5548
567300,2019,CWS,NYY,1502.21,1562.19,-59.98,0.4484
567396,2019,MIA,PIT,1454.2,1460.66,-6.46,0.5252
565253,2019,CIN,HOU,1560.82,1596.14,-35.32,0.4837
565929,2019,WSH,PHI,1579.27,1537.21,42.05,0.5939
566898,2019,TOR,LAA,1424.17,1515.01,-90.84,0.405
567205,2019,ATL,NYM,1589.78,1481.55,108.23,0.6816
567493,2019,NYY,TB,1576.72,1599.18,-22.46,0.5022
565254,2019,CIN,HOU,1566.45,1590.5,-24.05,0.4999
565835,2019,LAD,SF,1651.12,1430.94,220.18,0.8031
565930,2019,WSH,PHI,1578.25,1538.75,39.5,0.5904
566120,2019,OAK,BAL,1547.77,1248.33,299.44,0.8655
566211,2019,PIT,DET,1469.37,1294.06,175.31,0.759
566313,2019,SD,MIL,1418.0,1574.12,-156.11,0.3185
566407,2019,SEA,KC,1484.51,1393.59,90.91,0.6596
566601,2019,STL,MIA,1539.09,1445.48,93.61,0.6631
566799,2019,TEX,CLE,1568.71,1550.31,18.4,0.5607
566899,2019,TOR,LAA,1401.87,1531.74,-129.86,0.3522
566996,2019,MIN,BOS,1617.28,1567.96,49.33,0.604
567206,2019,ATL,NYM,1600.96,1464.78,136.18,0.7155
567494,2019,NYY,TB,1587.65,1588.25,-0.6,0.5336
564863,2019,ARI,COL,1579.01,1557.42,21.59,0.5652
565159,2019,CHC,CWS,1589.04,1480.43,108.62,0.6821
565255,2019,CIN,HOU,1571.94,1585.02,-13.08,0.5157
565836,2019,LAD,SF,1643.02,1447.14,195.89,0.78
565929,2019,WSH,PHI,1577.26,1540.23,37.04,0.5869
565931,2019,WSH,PHI,1587.72,1524.53,63.19,0.6229
566121,2019,OAK,BAL,1549.73,1245.7,304.03,0.8686
566122,2019,OAK,BAL,1557.24,1235.7,321.54,0.8796
566212,2019,PIT,DET,1457.67,1309.65,148.03,0.7291
566314,2019,SD,MIL,1440.37,1562.93,-122.56,0.3618
566315,2019,SD,MIL,1467.19,1549.52,-82.34,0.4168
566408,2019,SEA,KC,1467.81,1415.86,51.94,0.6076
566409,2019,SEA,KC,1435.01,1459.6,-24.59,0.4991
566602,2019,STL,MIA,1552.99,1426.95,126.03,0.7034
566800,2019,TEX,CLE,1581.2,1537.82,43.38,0.5958
566900,2019,TOR,LAA,1390.18,1540.5,-150.32,0.3258
566997,2019,MIN,BOS,1606.9,1578.34,28.56,0.5751
567207,2019,ATL,NYM,1577.28,1500.31,76.96,0.6413
567495,2019,NYY,TB,1597.99,1577.91,20.08,0.5631
564864,2019,ARI,COL,1560.38,1576.04,-15.66,0.512
564865,2019,ARI,COL,1551.45,1584.98,-33.53,0.4863
565160,2019,CHC,CWS,1577.62,1497.56,80.05,0.6454
565837,2019,LAD,SF,1650.47,1432.25,218.21,0.8013
565932,2019,WSH,PHI,1594.17,1514.87,79.3,0.6444
566603,2019,STL,MIA,1532.27,1468.38,63.89,0.6239
566604,2019,STL,MIA,1538.35,1462.3,76.05,0.6401
566801,2019,TEX,CLE,1561.76,1566.97,-5.22,0.527
566802,2019,TEX,CLE,1545.39,1583.34,-37.95,0.4799
566901,2019,TOR,LAA,1372.7,1553.62,-180.92,0.2884
566998,2019,MIN,BOS,1611.55,1573.69,37.86,0.5881
567496,2019,NYY,HOU,1615.2,1579.68,35.52,0.5848
565061,2019,BOS,TOR,1590.26,1395.81,194.45,0.7786
565161,2019,CHC,NYM,1586.43,1485.41,101.02,0.6725
565162,2019,CHC,NYM,1593.37,1474.99,118.38,0.6941
565353,2019,CLE,DET,1574.36,1304.02,270.34,0.8448
565739,2019,KC,MIN,1436.47,1594.98,-158.51,0.3155
565838,2019,LAD,SF,1656.48,1420.22,236.26,0.8173
565933,2019,WSH,ATL,1601.78,1587.21,14.57,0.5553
566123,2019,OAK,TB,1560.25,1560.69,-0.44,0.5338
566213,2019,PIT,SD,1461.9,1476.54,-14.64,0.5135
566410,2019,SEA,BAL,1465.85,1229.68,236.17,0.8172
567096,2019,PHI,MIA,1503.45,1472.6,30.86,0.5783
567497,2019,NYY,HOU,1625.72,1569.16,56.56,0.6139
567587,2019,MIL,CIN,1540.17,1577.28,-37.11,0.4811
564866,2019,ARI,SF,1543.03,1416.56,126.46,0.7039
565062,2019,BOS,TOR,1593.84,1388.66,205.18,0.7891
565163,2019,CHC,NYM,1586.07,1485.95,100.11,0.6714
565354,2019,CLE,DET,1575.89,1300.95,274.94,0.8482
565740,2019,KC,MIN,1464.79,1580.82,-116.03,0.3706
565741,2019,KC,MIN,1458.93,1584.72,-125.79,0.3576
565839,2019,LAD,COL,1658.31,1593.4,64.91,0.6252
565840,2019,LAD,COL,1664.71,1587.0,77.71,0.6423
565934,2019,WSH,ATL,1606.68,1582.31,24.37,0.5692
566124,2019,OAK,TB,1565.42,1555.52,9.89,0.5486
566125,2019,OAK,TB,1555.82,1565.13,-9.31,0.5211
566214,2019,PIT,SD,1469.94,1468.5,1.44,0.5365
566411,2019,SEA,BAL,1471.34,1222.35,248.99,0.828
566412,2019,SEA,BAL,1473.91,1218.93,254.98,0.8328
566605,2019,STL,LAA,1528.06,1542.06,-14.0,0.5144
566606,2019,STL,LAA,1546.7,1523.42,23.28,0.5676
566803,2019,TEX,CWS,1558.87,1484.35,74.52,0.6381
567097,2019,PHI,MIA,1493.96,1482.08,11.88,0.5515
567498,2019,NYY,HOU,1634.07,1560.81,73.26,0.6364
567588,2019,MIL,CIN,1518.07,1592.01,-73.94,0.4286
567589,2019,MIL,CIN,1502.06,1602.69,-100.63,0.3915
564867,2019,ARI,SF,1511.94,1458.01,53.92,0.6103
564868,2019,ARI,SF,1492.12,1477.83,14.29,0.5549
565063,2019,BOS,TOR,1585.83,1404.67,181.17,0.7651
565164,2019,CHC,NYM,1563.49,1519.81,43.68,0.5962
565355,2019,CLE,DET,1578.26,1296.21,282.05,0.8534
565742,2019,KC,MIN,1450.02,1590.66,-140.65,0.3382
565841,2019,LAD,COL,1668.54,1583.17,85.37,0.6524
565935,2019,WSH,ATL,1592.18,1596.81,-4.62,0.5279
566126,2019,OAK,TB,1564.2,1556.74,7.46,0.5451
566215,2019,PIT,SD,1485.35,1453.09,32.26,0.5803
566413,2019,SEA,BAL,1445.08,1257.37,187.72,0.7718
566607,2019,STL,LAA,1557.98,1512.14,45.84,0.5992
566804,2019,TEX,CWS,1552.02,1494.62,57.41,0.6151
566805,2019,TEX,CWS,1556.18,1488.37,67.81,0.6291
567098,2019,PHI,MIA,1479.5,1496.54,-17.04,0.51
567499,2019,NYY,HOU,1640.26,1554.62,85.63,0.6527
567590,2019,MIL,CIN,1511.74,1596.24,-84.5,0.4138
565064,2019,BOS,CWS,1565.57,1476.4,89.16,0.6573
565356,2019,CLE,KC,1581.99,1476.77,105.22,0.6778
567099,2019,PHI,NYM,1466.16,1509.37,-43.22,0.4724
567500,2019,NYY,TOR,1622.24,1445.2,177.04,0.7608
564869,2019,ARI,LAD,1499.48,1675.96,-176.49,0.2936
564968,2019,BAL,SD,1241.23,1446.21,-204.97,0.2608
565065,2019,BOS,CWS,1569.22,1470.93,98.29,0.6691
565165,2019,CHC,ATL,1570.45,1602.65,-32.2,0.4882
565357,2019,CLE,KC,1585.4,1471.65,113.74,0.6885
565547,2019,DET,TEX,1288.76,1564.16,-275.4,0.1904
566507,2019,SF,COL,1470.48,1575.74,-105.27,0.3851
567100,2019,PHI,NYM,1490.32,1485.21,5.12,0.5418
567397,2019,MIA,WSH,1509.89,1586.34,-76.45,0.4251
567501,2019,NYY,TOR,1626.14,1437.42,188.71,0.7729
564771,2019,LAA,CIN,1527.62,1586.31,-58.7,0.4502
564870,2019,ARI,LAD,1521.23,1661.46,-140.23,0.3387
564871,2019,ARI,LAD,1515.93,1664.99,-149.06,0.3274
564969,2019,BAL,SD,1227.55,1459.89,-232.33,0.2316
565066,2019,BOS,CWS,1576.25,1460.39,115.86,0.6911
565166,2019,CHC,ATL,1584.91,1588.19,-3.28,0.5298
565358,2019,CLE,KC,1573.89,1488.91,84.98,0.6519
565548,2019,DET,TEX,1282.81,1567.14,-284.33,0.1826
565644,2019,HOU,PIT,1572.64,1492.23,80.41,0.6459
566508,2019,SF,COL,1460.79,1582.21,-121.42,0.3634
566509,2019,SF,COL,1476.69,1571.6,-94.91,0.3994
566608,2019,STL,OAK,1547.66,1547.28,0.38,0.535
566609,2019,STL,OAK,1527.0,1567.95,-40.95,0.4756
566999,2019,MIN,TB,1572.83,1573.66,-0.83,0.5333
567101,2019,PHI,NYM,1502.38,1473.15,29.22,0.576
567398,2019,MIA,WSH,1492.22,1598.12,-105.9,0.3843
567502,2019,NYY,TOR,1628.46,1432.78,195.68,0.7798
567591,2019,MIL,SEA,1526.62,1461.21,65.41,0.6259
564772,2019,LAA,CIN,1548.3,1572.52,-24.22,0.4997
565167,2019,CHC,ATL,1579.04,1594.05,-15.01,0.5129
565168,2019,CHC,ATL,1570.09,1603.01,-32.92,0.4872
565549,2019,DET,TEX,1275.64,1570.73,-295.09,0.1736
565645,2019,HOU,PIT,1581.43,1479.03,102.4,0.6743
565646,2019,HOU,PIT,1554.99,1518.69,36.3,0.5859
567000,2019,MIN,TB,1586.21,1560.28,25.92,0.5714
567001,2019,MIN,TB,1593.65,1552.84,40.82,0.5922
567102,2019,PHI,NYM,1509.34,1466.19,43.14,0.5954
567399,2019,MIA,WSH,1482.56,1604.56,-122.01,0.3626
567592,2019,MIL,SEA,1500.48,1487.35,13.13,0.5532
567593,2019,MIL,SEA,1485.98,1501.85,-15.87,0.5117
564773,2019,LAA,OAK,1567.42,1576.16,-8.74,0.5219
564970,2019,BAL,CLE,1215.54,1579.78,-364.24,0.1236
565256,2019,CIN,CHC,1559.78,1578.97,-19.19,0.5069
565452,2019,COL,LAD,1580.09,1645.38,-65.29,0.4409
565550,2019,DET,WSH,1270.26,1612.18,-341.92,0.1382
566025,2019,NYM,ATL,1452.99,1594.13,-141.14,0.3375
566512,2019,SF,ARI,1463.96,1545.35,-81.4,0.4181
566702,2019,TB,TEX,1565.73,1573.42,-7.68,0.5235
566902,2019,TOR,KC,1428.29,1480.07,-51.78,0.4601
567400,2019,MIA,PHI,1471.13,1522.54,-51.41,0.4606
564774,2019,LAA,OAK,1581.07,1562.5,18.56,0.5609
564971,2019,BAL,CLE,1279.04,1548.03,-268.99,0.1962
565067,2019,BOS,NYY,1568.97,1630.7,-61.73,0.4459
565257,2019,CIN,CHC,1570.62,1568.13,2.49,0.5381
565453,2019,COL,LAD,1569.07,1656.4,-87.34,0.4098
565551,2019,DET,WSH,1266.05,1614.29,-348.23,0.134
565647,2019,HOU,SEA,1532.88,1489.07,43.81,0.5964
566026,2019,NYM,ATL,1440.74,1602.3,-161.56,0.3118
566316,2019,SD,STL,1468.9,1514.69,-45.79,0.4687
566510,2019,SF,ARI,1448.38,1560.93,-112.55,0.3753
566703,2019,TB,TEX,1550.78,1588.37,-37.59,0.4804
566903,2019,TOR,KC,1455.46,1459.7,-4.24,0.5284
567301,2019,CWS,MIN,1471.31,1580.76,-109.45,0.3795
567302,2019,CWS,MIN,1486.89,1570.37,-83.47,0.4152
567401,2019,MIA,PHI,1491.48,1502.18,-10.7,0.5191
567594,2019,MIL,PIT,1498.77,1551.87,-53.1,0.4582
564775,2019,LAA,OAK,1565.12,1578.45,-13.33,0.5153
564776,2019,LAA,OAK,1551.93,1591.64,-39.71,0.4774
564972,2019,BAL,CLE,1339.53,1502.67,-163.14,0.3098
565068,2019,BOS,NYY,1557.8,1641.87,-84.07,0.4144
565258,2019,CIN,CHC,1553.89,1584.86,-30.97,0.49
565454,2019,COL,LAD,1583.68,1641.79,-58.1,0.4511
565455,2019,COL,LAD,1593.08,1632.39,-39.3,0.478
565552,2019,DET,WSH,1292.34,1601.14,-308.8,0.1625
565648,2019,HOU,SEA,1539.46,1482.48,56.98,0.6145
565649,2019,HOU,SEA,1545.71,1476.23,69.48,0.6314
566027,2019,NYM,ATL,1434.3,1605.52,-171.22,0.3
566317,2019,SD,STL,1482.62,1500.97,-18.35,0.5081
566318,2019,SD,STL,1510.69,1472.89,37.8,0.588
566511,2019,SF,ARI,1474.75,1547.74,-73.0,0.4299
566513,2019,SF,ARI,1467.82,1554.67,-86.84,0.4105
566704,2019,TB,TEX,1562.11,1577.04,-14.93,0.513
566904,2019,TOR,KC,1467.87,1447.29,20.58,0.5638
567303,2019,CWS,MIN,1466.93,1583.68,-116.75,0.3696
567402,2019,MIA,PHI,1507.41,1486.26,21.15,0.5646
567595,2019,MIL,PIT,1491.32,1556.83,-65.51,0.4406
567596,2019,MIL,PIT,1505.65,1547.28,-41.63,0.4746
565259,2019,CIN,MIL,1562.73,1514.22,48.51,0.6029
566216,2019,PIT,CHC,1538.7,1576.02,-37.32,0.4808
566705,2019,TB,BAL,1574.56,1329.39,245.18,0.8248
566905,2019,TOR,KC,1458.58,1459.68,-1.1,0.5329
565260,2019,CIN,MIL,1552.36,1529.78,22.59,0.5666
565936,2019,WSH,MIA,1602.72,1479.5,123.23,0.7
566028,2019,NYM,NYY,1463.11,1652.15,-189.04,0.2789
566217,2019,PIT,CHC,1571.03,1554.46,16.57,0.5581
566319,2019,SD,SF,1495.45,1494.31,1.14,0.5361
566706,2019,TB,BAL,1578.06,1322.4,255.66,0.8334
566806,2019,TEX,LAA,1564.59,1534.65,29.93,0.577
566906,2019,TOR,BOS,1481.88,1547.52,-65.64,0.4404
567208,2019,ATL,PHI,1591.11,1514.17,76.94,0.6413
565261,2019,CIN,MIL,1557.12,1522.64,34.48,0.5834
565456,2019,COL,HOU,1579.62,1561.08,18.54,0.5609
565743,2019,KC,CLE,1436.38,1510.27,-73.89,0.4287
565842,2019,LAD,ARI,1645.85,1537.01,108.84,0.6824
565937,2019,WSH,MIA,1605.87,1474.77,131.1,0.7095
566029,2019,NYM,NYY,1480.62,1640.47,-159.85,0.3139
566127,2019,OAK,MIN,1608.92,1577.04,31.88,0.5797
566218,2019,PIT,CHC,1582.33,1543.17,39.16,0.5899
566320,2019,SD,SF,1463.49,1526.26,-62.77,0.4444
566414,2019,SEA,STL,1460.87,1488.14,-27.27,0.4953
566707,2019,TB,BAL,1581.37,1315.77,265.6,0.8412
566807,2019,TEX,LAA,1563.74,1535.92,27.83,0.574
566907,2019,TOR,BOS,1465.36,1564.04,-98.67,0.3942
567209,2019,ATL,PHI,1580.22,1530.51,49.71,0.6045
567273,2019,CWS,DET,1476.89,1289.18,187.71,0.7718
567304,2019,CWS,DET,1482.43,1281.79,200.64,0.7847
565262,2019,CIN,MIL,1566.22,1508.99,57.22,0.6148
565457,2019,COL,HOU,1573.45,1567.25,6.2,0.5434
565744,2019,KC,CLE,1415.02,1526.29,-111.27,0.377
565745,2019,KC,CLE,1396.54,1540.15,-143.62,0.3344
565843,2019,LAD,ARI,1649.21,1531.98,117.23,0.6927
565938,2019,WSH,MIA,1610.69,1467.54,143.15,0.7236
566128,2019,OAK,MIN,1616.2,1569.76,46.45,0.6
566129,2019,OAK,MIN,1609.68,1576.27,33.41,0.5819
566219,2019,PIT,CHC,1586.8,1536.47,50.33,0.6054
566321,2019,SD,SF,1443.31,1546.44,-103.13,0.3881
566415,2019,SEA,STL,1469.16,1479.84,-10.68,0.5192
566416,2019,SEA,STL,1451.97,1497.03,-45.06,0.4697
566708,2019,TB,NYY,1564.72,1648.01,-83.29,0.4155
566808,2019,TEX,LAA,1547.49,1560.29,-12.8,0.5161
566908,2019,TOR,BOS,1484.65,1551.17,-66.52,0.4391
567210,2019,ATL,PHI,1593.09,1511.21,81.88,0.6478
567305,2019,CWS,DET,1478.09,1287.57,190.52,0.7747
567306,2019,CWS,DET,1484.99,1278.37,206.62,0.7904
565553,2019,DET,BOS,1323.37,1555.9,-232.53,0.2314
565844,2019,LAD,SD,1652.44,1430.28,222.16,0.8049
565939,2019,WSH,KC,1616.45,1380.37,236.08,0.8171
566030,2019,NYM,PHI,1469.32,1495.35,-26.03,0.4971
566220,2019,PIT,MIL,1565.99,1502.75,63.24,0.623
566709,2019,TB,NYY,1554.41,1658.32,-103.9,0.387
566809,2019,TEX,LAA,1527.67,1573.51,-45.83,0.4686
566909,2019,TOR,BAL,1477.56,1349.07,128.49,0.7064
567211,2019,ATL,MIA,1603.66,1458.91,144.75,0.7254
564872,2019,ARI,COL,1527.12,1563.93,-36.8,0.4816
565263,2019,CIN,CLE,1570.38,1552.28,18.1,0.5603
565554,2019,DET,BOS,1314.08,1560.54,-246.46,0.2175
565650,2019,HOU,LAA,1576.77,1557.3,19.47,0.5622
565651,2019,HOU,LAA,1570.59,1563.48,7.11,0.5447
565845,2019,LAD,SD,1657.01,1421.15,235.85,0.817
565940,2019,WSH,KC,1600.08,1413.11,186.97,0.7711
566031,2019,NYM,PHI,1448.19,1516.47,-68.28,0.4366
566221,2019,PIT,MIL,1559.28,1512.82,46.45,0.6
566417,2019,SEA,OAK,1444.31,1621.49,-177.18,0.2928
566514,2019,SF,STL,1556.22,1504.69,51.53,0.607
566710,2019,TB,NYY,1544.9,1667.83,-122.94,0.3613
566910,2019,TOR,BAL,1455.36,1378.68,76.68,0.641
567002,2019,MIN,TEX,1564.46,1551.98,12.48,0.5523
567003,2019,MIN,TEX,1580.86,1535.58,45.28,0.5984
567212,2019,ATL,MIA,1606.52,1454.62,151.9,0.7335
567307,2019,CWS,CHC,1451.24,1567.68,-116.43,0.37
564873,2019,ARI,COL,1554.01,1546.0,8.01,0.5459
564874,2019,ARI,COL,1561.96,1534.07,27.89,0.5741
565264,2019,CIN,CLE,1554.45,1568.21,-13.76,0.5147
565555,2019,DET,BOS,1304.01,1565.58,-261.57,0.203
565652,2019,HOU,LAA,1582.28,1551.79,30.49,0.5778
565846,2019,LAD,SD,1648.82,1437.52,211.3,0.7949
565847,2019,LAD,SD,1636.07,1463.01,173.06,0.7566
565941,2019,WSH,KC,1606.65,1399.97,206.68,0.7905
566032,2019,NYM,PHI,1460.31,1507.38,-47.07,0.4668
566222,2019,PIT,MIL,1574.3,1490.28,84.02,0.6506
566418,2019,SEA,OAK,1432.29,1627.5,-195.21,0.2718
566419,2019,SEA,OAK,1461.96,1612.67,-150.7,0.3253
566515,2019,SF,STL,1539.21,1530.19,9.02,0.5474
566516,2019,SF,STL,1556.63,1512.78,43.84,0.5964
566711,2019,TB,NYY,1554.96,1661.13,-106.17,0.3839
566911,2019,TOR,BAL,1424.45,1419.89,4.55,0.541
567004,2019,MIN,TEX,1589.59,1522.49,67.1,0.6282
567213,2019,ATL,MIA,1598.91,1466.03,132.87,0.7116
567308,2019,CWS,CHC,1439.55,1575.47,-135.92,0.3443
564973,2019,BAL,TB,1393.63,1561.48,-167.85,0.3041
565069,2019,BOS,LAD,1569.6,1623.74,-54.14,0.4567
565169,2019,CHC,PIT,1564.62,1578.04,-13.42,0.5152
565359,2019,CLE,MIN,1587.83,1576.07,11.76,0.5513
566810,2019,TEX,HOU,1542.77,1586.9,-44.13,0.4711
567103,2019,PHI,WSH,1527.04,1610.9,-83.86,0.4147
567403,2019,MIA,NYM,1461.51,1440.66,20.85,0.5642
567503,2019,NYY,TOR,1654.61,1450.71,203.9,0.7878
564777,2019,LAA,SEA,1547.17,1451.83,95.34,0.6653
564945,2019,BAL,TB,1370.44,1573.07,-202.63,0.2634
564974,2019,BAL,TB,1385.4,1565.59,-180.19,0.2892
565070,2019,BOS,LAD,1587.24,1606.1,-18.86,0.5074
565170,2019,CHC,PIT,1569.96,1572.69,-2.73,0.5306
565360,2019,CLE,MIN,1578.19,1585.71,-7.52,0.5237
565458,2019,COL,CIN,1522.99,1534.82,-11.84,0.5175
565746,2019,KC,DET,1391.48,1295.96,95.51,0.6655
565747,2019,KC,DET,1405.7,1281.74,123.96,0.7009
566130,2019,OAK,CWS,1619.42,1461.26,158.16,0.7405
566131,2019,OAK,CWS,1625.65,1451.91,173.74,0.7574
566322,2019,SD,ATL,1481.51,1601.92,-120.41,0.3647
566610,2019,STL,ARI,1506.2,1569.36,-63.16,0.4439
566611,2019,STL,ARI,1494.82,1576.94,-82.12,0.4171
566811,2019,TEX,HOU,1565.07,1572.03,-6.96,0.5245
567104,2019,PHI,WSH,1511.61,1621.18,-109.58,0.3793
567404,2019,MIA,NYM,1478.19,1418.42,59.76,0.6183
567504,2019,NYY,TOR,1659.61,1443.21,216.4,0.7996
567597,2019,MIL,SF,1484.68,1561.01,-76.33,0.4253
567598,2019,MIL,SF,1471.01,1570.13,-99.12,0.3935
564778,2019,LAA,SEA,1567.49,1431.51,135.98,0.7152
564779,2019,LAA,SEA,1576.42,1413.67,162.75,0.7455
564975,2019,BAL,TB,1366.6,1574.99,-208.38,0.257
565071,2019,BOS,LAD,1568.71,1624.64,-55.93,0.4542
565171,2019,CHC,PIT,1584.56,1558.09,26.46,0.5721
565361,2019,CLE,MIN,1564.75,1599.15,-34.4,0.485
565459,2019,COL,CIN,1530.97,1526.84,4.13,0.5404
565460,2019,COL,CIN,1502.53,1555.28,-52.76,0.4587
565748,2019,KC,DET,1418.26,1269.18,149.07,0.7303
566132,2019,OAK,CWS,1634.59,1438.5,196.09,0.7802
566323,2019,SD,ATL,1472.39,1608.0,-135.61,0.3447
566324,2019,SD,ATL,1463.83,1613.71,-149.87,0.3264
566612,2019,STL,ARI,1509.64,1567.06,-57.43,0.452
566812,2019,TEX,HOU,1570.33,1566.78,3.55,0.5396
566813,2019,TEX,HOU,1564.35,1572.75,-8.4,0.5224
567105,2019,PHI,WSH,1505.6,1625.19,-119.59,0.3658
567405,2019,MIA,NYM,1462.31,1439.58,22.73,0.5668
567505,2019,NYY,TOR,1651.53,1459.36,192.18,0.7763
567599,2019,MIL,SF,1480.66,1563.69,-83.03,0.4159
565072,2019,BOS,TOR,1558.89,1453.93,104.95,0.6775
565362,2019,CLE,DET,1570.38,1304.41,265.97,0.8415
565430,2019,COL,SF,1511.32,1575.18,-63.86,0.4429
567106,2019,PHI,LAD,1515.6,1634.46,-118.86,0.3668
567506,2019,NYY,TB,1655.15,1580.2,74.95,0.6387
564780,2019,LAA,HOU,1581.67,1591.05,-9.38,0.521
564976,2019,BAL,WSH,1356.19,1618.52,-262.33,0.2023
565073,2019,BOS,TOR,1564.3,1445.82,118.48,0.6943
565172,2019,CHC,CIN,1596.68,1549.42,47.26,0.6011
565363,2019,CLE,DET,1572.86,1299.44,273.43,0.8471
565461,2019,COL,SF,1481.46,1595.09,-113.62,0.3738
565749,2019,KC,CWS,1383.03,1434.02,-50.99,0.4612
566613,2019,STL,PIT,1527.41,1545.97,-18.57,0.5078
567107,2019,PHI,LAD,1492.99,1649.54,-156.55,0.318
567406,2019,MIA,SD,1440.64,1453.67,-13.02,0.5158
567507,2019,NYY,TB,1648.3,1587.05,61.25,0.6203
567600,2019,MIL,ATL,1463.43,1620.48,-157.06,0.3174
564781,2019,LAA,HOU,1592.25,1580.47,11.78,0.5513
564977,2019,BAL,WSH,1344.16,1624.53,-280.37,0.1861
565074,2019,BOS,TOR,1543.78,1486.84,56.95,0.6144
565173,2019,CHC,CIN,1583.63,1569.0,14.62,0.5554
565174,2019,CHC,CIN,1588.52,1564.1,24.42,0.5692
565364,2019,CLE,DET,1577.64,1289.87,287.77,0.8575
565462,2019,COL,SF,1475.55,1599.03,-123.48,0.3606
565463,2019,COL,SF,1462.36,1607.82,-145.46,0.332
565750,2019,KC,CWS,1406.39,1410.67,-4.28,0.5284
566133,2019,OAK,SEA,1636.83,1403.16,233.67,0.8151
566134,2019,OAK,SEA,1642.39,1392.03,250.36,0.8291
566614,2019,STL,PIT,1551.76,1521.62,30.15,0.5773
566615,2019,STL,PIT,1541.75,1536.63,5.12,0.5418
566814,2019,TEX,ARI,1546.06,1555.22,-9.16,0.5213
567005,2019,MIN,NYM,1593.53,1468.48,125.05,0.7022
567006,2019,MIN,NYM,1586.16,1479.53,106.63,0.6796
567108,2019,PHI,LAD,1503.58,1642.48,-138.9,0.3404
567407,2019,MIA,SD,1468.24,1432.97,35.28,0.5845
567508,2019,NYY,TB,1658.89,1576.46,82.43,0.6486
567601,2019,MIL,ATL,1455.62,1625.69,-170.07,0.3014
567602,2019,MIL,ATL,1495.54,1599.08,-103.54,0.3875
564782,2019,LAA,HOU,1605.04,1567.67,37.37,0.5874
565075,2019,BOS,TOR,1550.04,1480.59,69.45,0.6313
565265,2019,CIN,STL,1554.65,1549.36,5.3,0.5421
565365,2019,CLE,DET,1581.26,1282.65,298.61,0.865
565751,2019,KC,CWS,1443.82,1373.23,70.59,0.6329
565752,2019,KC,CWS,1456.33,1360.73,95.6,0.6656
566815,2019,TEX,ARI,1520.15,1572.49,-52.35,0.4593
567109,2019,PHI,LAD,1489.81,1651.66,-161.85,0.3114
567214,2019,ATL,WSH,1592.59,1600.52,-7.93,0.5231
567408,2019,MIA,SD,1458.67,1445.73,12.95,0.553
567508,2019,NYY,TB,1657.3,1578.04,79.26,0.6444
567509,2019,NYY,TB,1666.14,1569.21,96.94,0.6673
564783,2019,LAA,HOU,1583.76,1588.95,-5.19,0.527
564875,2019,ARI,MIL,1592.39,1505.27,87.12,0.6547
564978,2019,BAL,BOS,1392.2,1560.28,-168.08,0.3038
565175,2019,CHC,SD,1597.97,1435.87,162.1,0.7448
565266,2019,CIN,STL,1542.66,1567.35,-24.69,0.499
565366,2019,CLE,KC,1583.89,1461.66,122.24,0.6988
565556,2019,DET,TOR,1277.37,1465.22,-187.84,0.2803
566223,2019,PIT,PHI,1529.03,1500.48,28.55,0.575
566517,2019,SF,NYM,1614.73,1516.83,97.89,0.6686
566712,2019,TB,CWS,1561.0,1353.62,207.38,0.7912
567007,2019,MIN,OAK,1561.29,1647.79,-86.5,0.411
567215,2019,ATL,WSH,1573.39,1619.72,-46.33,0.4679
567510,2019,NYY,COL,1674.35,1452.0,222.35,0.805
564876,2019,ARI,MIL,1576.18,1529.6,46.58,0.6002
564979,2019,BAL,BOS,1439.86,1536.45,-96.59,0.397
565176,2019,CHC,SD,1600.61,1430.6,170.01,0.7534
565267,2019,CIN,STL,1534.45,1572.82,-38.37,0.4793
565367,2019,CLE,KC,1592.07,1449.39,142.69,0.723
565557,2019,DET,TOR,1256.84,1480.62,-223.78,0.2405
565653,2019,HOU,TEX,1602.49,1490.29,112.2,0.6865
565654,2019,HOU,TEX,1605.8,1485.33,120.47,0.6967
565848,2019,LAD,MIA,1644.54,1466.07,178.48,0.7623
566224,2019,PIT,PHI,1504.62,1524.89,-20.28,0.5054
566420,2019,SEA,LAA,1381.25,1570.22,-188.98,0.2789
566518,2019,SF,NYM,1618.25,1511.56,106.69,0.6797
566519,2019,SF,NYM,1621.64,1506.47,115.16,0.6902
566713,2019,TB,CWS,1536.95,1401.73,135.21,0.7143
567008,2019,MIN,OAK,1573.86,1635.22,-61.36,0.4464
567009,2019,MIN,OAK,1566.23,1642.85,-76.63,0.4248
567216,2019,ATL,WSH,1579.17,1613.94,-34.77,0.4845
567511,2019,NYY,COL,1679.86,1443.73,236.13,0.8172
564877,2019,ARI,MIL,1584.86,1516.57,68.29,0.6298
564878,2019,ARI,MIL,1567.35,1542.84,24.51,0.5694
564980,2019,BAL,BOS,1409.62,1559.14,-149.52,0.3268
565177,2019,CHC,SD,1603.15,1425.52,177.63,0.7615
565268,2019,CIN,STL,1542.96,1567.15,-24.18,0.4997
565368,2019,CLE,KC,1584.54,1464.45,120.09,0.6962
565558,2019,DET,TOR,1249.17,1486.37,-237.21,0.2267
565655,2019,HOU,TEX,1614.04,1472.97,141.08,0.7212
565849,2019,LAD,MIA,1646.98,1462.41,184.57,0.7686
565850,2019,LAD,MIA,1652.48,1454.16,198.32,0.7824
566225,2019,PIT,PHI,1523.55,1505.96,17.59,0.5596
566421,2019,SEA,LAA,1432.2,1544.75,-112.55,0.3753
566422,2019,SEA,LAA,1413.81,1558.54,-144.73,0.3329
566520,2019,SF,NYM,1599.81,1539.21,60.61,0.6194
566714,2019,TB,CWS,1525.75,1416.66,109.09,0.6827
567010,2019,MIN,OAK,1561.67,1647.41,-85.73,0.4121
567217,2019,ATL,WSH,1570.78,1622.32,-51.54,0.4604
567512,2019,NYY,COL,1685.0,1433.45,251.55,0.8301
565942,2019,WSH,COL,1605.91,1471.82,134.09,0.713
566226,2019,PIT,STL,1514.31,1575.83,-61.52,0.4462
566715,2019,TB,BOS,1533.72,1541.06,-7.34,0.524
566912,2019,TOR,CLE,1474.76,1587.74,-112.98,0.3747
564879,2019,ARI,BAL,1554.86,1445.76,109.1,0.6827
565559,2019,DET,PHI,1264.65,1515.2,-250.54,0.2135
565656,2019,HOU,OAK,1618.65,1641.13,-22.48,0.5022
565943,2019,WSH,COL,1603.68,1475.16,128.53,0.7064
566033,2019,NYM,SD,1533.04,1461.81,71.24,0.6337
566227,2019,PIT,STL,1507.09,1580.65,-73.56,0.4292
566423,2019,SEA,TEX,1394.36,1466.06,-71.7,0.4318
566521,2019,SF,CHC,1603.92,1585.0,18.92,0.5615
566716,2019,TB,BOS,1511.27,1563.52,-52.26,0.4594
566913,2019,TOR,CLE,1461.0,1596.92,-135.92,0.3443
567011,2019,MIN,NYY,1567.95,1665.82,-97.87,0.3953
567218,2019,ATL,KC,1587.2,1459.66,127.54,0.7052
567309,2019,CWS,MIA,1406.03,1443.13,-37.1,0.4812
567603,2019,MIL,CIN,1561.57,1529.93,31.64,0.5794
564880,2019,ARI,BAL,1561.57,1432.35,129.22,0.7072
564881,2019,ARI,BAL,1542.42,1470.65,71.77,0.6344
565560,2019,DET,PHI,1260.4,1518.38,-257.98,0.2064
565657,2019,HOU,OAK,1637.56,1622.22,15.33,0.5564
565658,2019,HOU,OAK,1631.43,1628.35,3.08,0.5389
565851,2019,LAD,LAA,1659.83,1568.26,91.57,0.6604
565942,2019,WSH,COL,1614.32,1459.19,155.13,0.7371
565944,2019,WSH,COL,1617.05,1455.11,161.94,0.7447
566034,2019,NYM,SD,1544.85,1450.0,94.85,0.6647
566228,2019,PIT,STL,1500.18,1585.25,-85.07,0.413
566424,2019,SEA,TEX,1422.7,1444.8,-22.1,0.5027
566425,2019,SEA,TEX,1394.16,1473.34,-79.18,0.4213
566522,2019,SF,CHC,1608.74,1580.18,28.56,0.5751
566523,2019,SF,CHC,1613.4,1575.53,37.87,0.5881
566717,2019,TB,BOS,1503.8,1568.5,-64.7,0.4417
566914,2019,TOR,CLE,1471.27,1590.07,-118.8,0.3669
567012,2019,MIN,NYY,1578.12,1655.64,-77.52,0.4236
567219,2019,ATL,KC,1579.8,1470.75,109.06,0.6826
567310,2019,CWS,MIA,1441.91,1407.26,34.65,0.5836
567604,2019,MIL,CIN,1555.24,1539.43,15.81,0.557
567605,2019,MIL,CIN,1535.79,1568.6,-32.8,0.4873
565076,2019,BOS,NYY,1562.48,1662.83,-100.35,0.3919
565852,2019,LAD,LAA,1652.8,1575.3,77.51,0.6421
565945,2019,WSH,COL,1621.23,1448.84,172.39,0.7559
566035,2019,NYM,SD,1517.45,1477.4,40.04,0.5911
566229,2019,PIT,STL,1481.61,1597.63,-116.02,0.3706
567013,2019,MIN,NYY,1570.93,1636.47,-65.54,0.4405
567311,2019,CWS,MIA,1412.31,1436.85,-24.53,0.4992
564784,2019,LAA,BAL,1582.17,1458.87,123.31,0.7001
565077,2019,BOS,NYY,1588.85,1645.96,-57.11,0.4525
565269,2019,CIN,COL,1562.99,1464.39,98.61,0.6695
565753,2019,KC,CLE,1487.9,1599.03,-111.13,0.3772
565946,2019,WSH,LAD,1613.45,1645.92,-32.47,0.4878
566036,2019,NYM,PIT,1532.96,1469.9,63.06,0.6227
566135,2019,OAK,TEX,1620.26,1458.61,161.65,0.7443
566426,2019,SEA,DET,1413.8,1250.89,162.91,0.7457
566915,2019,TOR,TB,1457.82,1512.82,-55.0,0.4555
567110,2019,PHI,ATL,1525.52,1568.37,-42.85,0.4729
567312,2019,CWS,MIN,1394.96,1561.44,-166.49,0.3057
567409,2019,MIA,ARI,1454.21,1554.19,-99.99,0.3924
564785,2019,LAA,BAL,1570.52,1476.35,94.17,0.6638
565078,2019,BOS,NYY,1604.15,1630.66,-26.51,0.4964
565270,2019,CIN,COL,1538.41,1501.26,37.15,0.5871
565754,2019,KC,CLE,1481.92,1603.01,-121.09,0.3638
565755,2019,KC,CLE,1467.09,1612.9,-145.8,0.3316
565947,2019,WSH,LAD,1605.0,1654.37,-49.37,0.4636
566037,2019,NYM,PIT,1545.16,1457.7,87.46,0.6551
566136,2019,OAK,TEX,1595.88,1495.18,100.71,0.6721
566325,2019,SD,SF,1461.89,1600.57,-138.68,0.3407
566427,2019,SEA,DET,1430.45,1234.24,196.2,0.7803
566428,2019,SEA,DET,1434.92,1229.77,205.15,0.789
566616,2019,STL,HOU,1605.44,1639.52,-34.08,0.4855
566617,2019,STL,HOU,1614.35,1630.62,-16.27,0.5111
566916,2019,TOR,TB,1446.11,1524.54,-78.43,0.4223
567111,2019,PHI,ATL,1502.37,1583.8,-81.44,0.4181
567313,2019,CWS,MIN,1376.05,1570.9,-194.86,0.2722
567314,2019,CWS,MIN,1363.17,1577.34,-214.17,0.2507
567410,2019,MIA,ARI,1463.87,1547.75,-83.87,0.4147
567606,2019,MIL,CHC,1544.2,1588.35,-44.16,0.471
567607,2019,MIL,CHC,1552.82,1582.6,-29.78,0.4917
564786,2019,LAA,BAL,1550.7,1506.08,44.62,0.5975
564787,2019,LAA,BAL,1544.21,1515.82,28.39,0.5748
565079,2019,BOS,NYY,1616.96,1617.84,-0.88,0.5332
565271,2019,CIN,COL,1549.12,1490.55,58.56,0.6166
565756,2019,KC,CLE,1450.7,1623.83,-173.13,0.2977
565948,2019,WSH,LAD,1590.89,1668.49,-77.6,0.4235
566038,2019,NYM,PIT,1556.2,1446.66,109.53,0.6832
566137,2019,OAK,TEX,1581.62,1516.56,65.07,0.6254
566138,2019,OAK,TEX,1585.66,1510.51,75.15,0.6389
566326,2019,SD,SF,1456.56,1604.13,-147.57,0.3293
566327,2019,SD,SF,1480.84,1587.94,-107.1,0.3826
566429,2019,SEA,DET,1447.76,1216.93,230.83,0.8126
566618,2019,STL,HOU,1598.55,1646.41,-47.86,0.4657
566917,2019,TOR,TB,1458.48,1515.26,-56.78,0.453
567112,2019,PHI,ATL,1481.11,1597.98,-116.87,0.3694
567315,2019,CWS,MIN,1398.33,1559.76,-161.42,0.3119
567411,2019,MIA,ARI,1443.94,1567.68,-123.74,0.3603
567608,2019,MIL,CHC,1561.64,1573.79,-12.15,0.517
565272,2019,CIN,PIT,1555.33,1439.97,115.36,0.6904
565949,2019,WSH,ATL,1609.42,1580.81,28.6,0.5751
567412,2019,MIA,ARI,1475.13,1552.09,-76.96,0.4244
564788,2019,LAA,DET,1551.19,1213.17,338.02,0.8893
565080,2019,BOS,TB,1605.14,1522.61,82.53,0.6487
565273,2019,CIN,PIT,1563.76,1423.11,140.65,0.7207
565369,2019,CLE,HOU,1609.39,1658.15,-48.76,0.4644
565464,2019,COL,LAD,1484.34,1649.96,-165.62,0.3068
565757,2019,KC,TOR,1472.36,1451.13,21.23,0.5647
565950,2019,WSH,ATL,1618.72,1571.51,47.21,0.6011
566328,2019,SD,BAL,1474.77,1508.84,-34.07,0.4855
566329,2019,SD,BAL,1500.05,1483.55,16.5,0.558
567113,2019,PHI,SF,1506.86,1591.99,-85.13,0.4129
567413,2019,MIA,MIN,1499.05,1570.91,-71.86,0.4316
567513,2019,NYY,ARI,1629.67,1536.14,93.52,0.663
564789,2019,LAA,DET,1529.09,1257.37,271.72,0.8458
564790,2019,LAA,DET,1534.99,1249.5,285.49,0.8559
565081,2019,BOS,TB,1598.2,1533.01,65.2,0.6256
565274,2019,CIN,PIT,1541.22,1468.18,73.04,0.6361
565370,2019,CLE,HOU,1601.4,1666.14,-64.74,0.4416
565465,2019,COL,LAD,1518.34,1627.3,-108.96,0.3801
565466,2019,COL,LAD,1502.76,1637.68,-134.91,0.3456
565758,2019,KC,TOR,1450.76,1472.74,-21.98,0.5029
565759,2019,KC,TOR,1425.91,1497.59,-71.68,0.4318
565951,2019,WSH,ATL,1605.67,1584.56,21.11,0.5645
566139,2019,OAK,MIL,1589.53,1544.53,45.0,0.598
566619,2019,STL,CHC,1586.81,1590.9,-4.08,0.5286
566816,2019,TEX,SEA,1504.7,1451.52,53.18,0.6093
567114,2019,PHI,SF,1521.76,1582.05,-60.29,0.448
567316,2019,CWS,NYM,1376.03,1559.54,-183.51,0.2853
567414,2019,MIA,MIN,1492.1,1575.54,-83.44,0.4153
567514,2019,NYY,ARI,1618.49,1552.91,65.58,0.6261
564981,2019,BAL,TOR,1501.98,1511.5,-9.52,0.5208
565082,2019,BOS,TB,1584.73,1553.22,31.5,0.5792
565371,2019,CLE,HOU,1618.29,1649.25,-30.96,0.49
566140,2019,OAK,MIL,1593.9,1537.98,55.92,0.613
566141,2019,OAK,MIL,1583.39,1553.74,29.65,0.5766
566620,2019,STL,CHC,1592.03,1585.68,6.35,0.5436
566621,2019,STL,CHC,1582.5,1595.2,-12.7,0.5163
566817,2019,TEX,SEA,1484.91,1471.32,13.59,0.5539
567115,2019,PHI,SF,1504.92,1593.28,-88.36,0.4084
567220,2019,ATL,CIN,1590.76,1552.94,37.82,0.588
567317,2019,CWS,NYM,1364.35,1565.38,-201.03,0.2652
567318,2019,CWS,NYM,1355.81,1569.66,-213.85,0.2511
567415,2019,MIA,MIN,1478.79,1584.42,-105.63,0.3846
564982,2019,BAL,TOR,1473.32,1540.16,-66.84,0.4387
565178,2019,CHC,MIL,1578.3,1546.4,31.9,0.5798
565372,2019,CLE,LAA,1603.24,1495.04,108.2,0.6816
565853,2019,LAD,SD,1646.06,1481.63,164.44,0.7474
566230,2019,PIT,NYM,1456.46,1575.55,-119.09,0.3665
567116,2019,PHI,CWS,1534.91,1344.02,190.89,0.775
567221,2019,ATL,CIN,1599.75,1543.96,55.79,0.6128
567515,2019,NYY,BOS,1624.87,1568.36,56.51,0.6138
564882,2019,ARI,WSH,1546.53,1599.47,-52.94,0.4585
564983,2019,BAL,TOR,1459.16,1554.32,-95.17,0.399
565179,2019,CHC,MIL,1588.96,1530.4,58.57,0.6166
565373,2019,CLE,LAA,1611.06,1483.32,127.74,0.7055
565467,2019,COL,SF,1490.19,1573.29,-83.1,0.4158
565659,2019,HOU,SEA,1664.29,1459.63,204.67,0.7886
565660,2019,HOU,SEA,1671.09,1449.43,221.67,0.8044
565854,2019,LAD,SD,1653.38,1470.65,182.73,0.7668
566231,2019,PIT,NYM,1479.68,1560.07,-80.4,0.4195
566718,2019,TB,MIA,1569.59,1488.55,81.04,0.6467
566818,2019,TEX,DET,1496.6,1302.77,193.83,0.778
567014,2019,MIN,KC,1577.9,1407.35,170.55,0.754
567015,2019,MIN,KC,1581.92,1399.33,182.59,0.7666
567117,2019,PHI,CWS,1523.04,1359.84,163.2,0.746
567222,2019,ATL,CIN,1586.49,1563.84,22.65,0.5667
567487,2019,NYY,BOS,1631.49,1561.74,69.75,0.6317
567516,2019,NYY,BOS,1637.76,1555.46,82.3,0.6484
564883,2019,ARI,WSH,1531.63,1609.4,-77.76,0.4232
564884,2019,ARI,WSH,1564.86,1587.25,-22.39,0.5023
564984,2019,BAL,TOR,1474.35,1544.2,-69.85,0.4344
565180,2019,CHC,MIL,1597.25,1517.97,79.27,0.6444
565374,2019,CLE,LAA,1619.04,1471.35,147.69,0.7288
565468,2019,COL,SF,1499.55,1567.04,-67.49,0.4377
565469,2019,COL,SF,1492.49,1571.75,-79.27,0.4211
565661,2019,HOU,SEA,1677.64,1436.33,241.31,0.8216
565855,2019,LAD,SD,1637.68,1494.2,143.48,0.7239
565856,2019,LAD,SD,1643.43,1485.58,157.85,0.7402
566142,2019,OAK,STL,1590.74,1599.41,-8.68,0.522
566143,2019,OAK,STL,1604.38,1585.76,18.62,0.561
566232,2019,PIT,NYM,1469.0,1567.19,-98.18,0.3948
566719,2019,TB,MIA,1575.58,1479.57,96.01,0.6662
566824,2019,TEX,DET,1499.99,1298.24,201.75,0.7858
566825,2019,TEX,DET,1503.26,1293.89,209.37,0.793
567016,2019,MIN,KC,1589.49,1384.17,205.32,0.7892
567118,2019,PHI,CWS,1526.98,1354.6,172.38,0.7559
567223,2019,ATL,CIN,1591.25,1559.09,32.16,0.5801
567517,2019,NYY,BOS,1649.04,1544.19,104.85,0.6774
564985,2019,BAL,NYY,1483.47,1655.87,-172.4,0.2985
565083,2019,BOS,KC,1533.94,1375.62,158.32,0.7407
565275,2019,CIN,LAA,1569.14,1461.53,107.61,0.6808
565375,2019,CLE,TEX,1625.58,1511.38,114.2,0.689
565561,2019,DET,CWS,1283.05,1394.79,-111.74,0.3764
566007,2019,NYM,MIA,1582.21,1465.81,116.4,0.6917
566039,2019,NYM,MIA,1585.46,1460.94,124.52,0.7016
566233,2019,PIT,MIL,1446.46,1503.21,-56.75,0.453
566720,2019,TB,TOR,1584.75,1535.08,49.67,0.6045
564885,2019,ARI,PHI,1573.52,1496.83,76.68,0.641
564986,2019,BAL,NYY,1474.26,1662.01,-187.75,0.2804
565084,2019,BOS,KC,1540.32,1367.12,173.2,0.7568
565181,2019,CHC,OAK,1607.09,1612.04,-4.95,0.5274
565276,2019,CIN,LAA,1575.89,1451.41,124.48,0.7016
565376,2019,CLE,TEX,1618.32,1522.28,96.04,0.6662
565520,2019,DET,CWS,1267.16,1410.68,-143.51,0.3345
565562,2019,DET,CWS,1256.12,1421.72,-165.59,0.3068
565857,2019,LAD,STL,1646.12,1578.11,68.0,0.6294
566040,2019,NYM,MIA,1592.73,1450.03,142.7,0.723
566234,2019,PIT,MIL,1430.94,1514.86,-83.92,0.4146
566524,2019,SF,WSH,1557.36,1578.59,-21.22,0.504
566721,2019,TB,TOR,1574.36,1550.66,23.7,0.5682
567017,2019,MIN,ATL,1593.77,1581.19,12.58,0.5524
564886,2019,ARI,PHI,1557.57,1520.76,36.81,0.5866
564987,2019,BAL,NYY,1463.15,1669.42,-206.27,0.2594
565085,2019,BOS,KC,1513.22,1403.25,109.97,0.6838
565182,2019,CHC,OAK,1612.32,1606.81,5.51,0.5424
565183,2019,CHC,OAK,1594.32,1624.81,-30.49,0.4907
565376,2019,CLE,TEX,1616.55,1524.93,91.63,0.6605
565377,2019,CLE,TEX,1624.95,1512.34,112.61,0.6871
565563,2019,DET,CWS,1289.33,1388.51,-99.19,0.3935
565662,2019,HOU,COL,1680.47,1514.07,166.4,0.7495
565663,2019,HOU,COL,1687.14,1504.05,183.09,0.7671
565858,2019,LAD,STL,1658.75,1565.47,93.28,0.6626
565859,2019,LAD,STL,1664.44,1559.79,104.66,0.6771
566041,2019,NYM,MIA,1600.19,1438.85,161.34,0.744
566235,2019,PIT,MIL,1422.08,1521.5,-99.42,0.3931
566430,2019,SEA,SD,1430.68,1481.55,-50.87,0.4614
566431,2019,SEA,SD,1404.82,1500.94,-96.12,0.3977
566525,2019,SF,WSH,1544.51,1591.44,-46.93,0.467
566526,2019,SF,WSH,1532.45,1599.48,-67.03,0.4384
566722,2019,TB,TOR,1579.1,1545.93,33.17,0.5815
567018,2019,MIN,ATL,1601.59,1573.37,28.22,0.5746
567019,2019,MIN,ATL,1585.33,1589.64,-4.31,0.5283
564887,2019,ARI,PHI,1568.04,1505.05,62.98,0.6226
565086,2019,BOS,LAA,1518.23,1440.49,77.74,0.6424
565277,2019,CIN,CHC,1583.16,1612.82,-29.66,0.4919
565564,2019,DET,KC,1264.27,1396.57,-132.29,0.349
566918,2019,TOR,NYY,1555.46,1679.15,-123.69,0.3603
567416,2019,MIA,ATL,1425.18,1603.21,-178.04,0.2918
564988,2019,BAL,HOU,1448.55,1695.69,-247.14,0.2168
565087,2019,BOS,LAA,1529.72,1425.17,104.55,0.677
565278,2019,CIN,CHC,1567.01,1628.97,-61.96,0.4456
565565,2019,DET,KC,1285.86,1374.98,-89.12,0.4074
566042,2019,NYM,WSH,1607.03,1608.92,-1.89,0.5318
566330,2019,SD,COL,1491.34,1491.23,0.11,0.5346
566527,2019,SF,PHI,1518.3,1489.28,29.02,0.5757
566919,2019,TOR,NYY,1544.83,1689.77,-144.93,0.3327
567020,2019,MIN,CLE,1571.75,1630.18,-58.43,0.4506
567319,2019,CWS,OAK,1413.57,1606.3,-192.73,0.2746
567417,2019,MIA,ATL,1468.77,1581.42,-112.64,0.3751
564989,2019,BAL,HOU,1444.23,1697.85,-253.62,0.2105
565088,2019,BOS,LAA,1548.71,1399.86,148.84,0.7301
565279,2019,CIN,CHC,1578.97,1617.01,-38.04,0.4798
565566,2019,DET,KC,1311.13,1349.71,-38.59,0.479
565860,2019,LAD,ARI,1667.86,1578.55,89.31,0.6575
566043,2019,NYM,WSH,1612.22,1603.73,8.49,0.5466
566331,2019,SD,COL,1513.07,1469.5,43.57,0.596
566432,2019,SEA,TB,1417.62,1572.75,-155.12,0.3198
566528,2019,SF,PHI,1536.31,1471.27,65.04,0.6254
566529,2019,SF,PHI,1516.1,1491.48,24.62,0.5695
566622,2019,STL,PIT,1556.37,1400.51,155.86,0.7379
566623,2019,STL,PIT,1562.67,1387.91,174.76,0.7584
566920,2019,TOR,NYY,1574.07,1670.28,-96.2,0.3976
567021,2019,MIN,CLE,1564.04,1637.9,-73.86,0.4287
567022,2019,MIN,CLE,1553.35,1648.58,-95.22,0.3989
567320,2019,CWS,OAK,1396.76,1614.7,-217.93,0.2467
567418,2019,MIA,ATL,1454.99,1590.6,-135.62,0.3447
567609,2019,MIL,TEX,1537.67,1504.49,33.19,0.5816
567610,2019,MIL,TEX,1544.53,1497.63,46.9,0.6006
564990,2019,BAL,HOU,1425.56,1707.19,-281.63,0.185
565089,2019,BOS,LAA,1512.65,1447.94,64.7,0.625
565280,2019,CIN,CHC,1597.81,1598.17,-0.36,0.534
565567,2019,DET,KC,1279.8,1381.04,-101.24,0.3906
565861,2019,LAD,ARI,1660.85,1585.56,75.29,0.6391
565862,2019,LAD,ARI,1669.84,1576.58,93.26,0.6626
566044,2019,NYM,WSH,1617.23,1598.72,18.51,0.5609
566332,2019,SD,COL,1531.57,1451.0,80.57,0.6461
566333,2019,SD,COL,1542.93,1439.64,103.29,0.6754
566433,2019,SEA,TB,1407.12,1578.0,-170.87,0.3004
566434,2019,SEA,TB,1400.94,1581.09,-180.15,0.2893
566530,2019,SF,PHI,1527.32,1480.25,47.07,0.6009
566624,2019,STL,PIT,1566.6,1380.04,186.56,0.7707
566921,2019,TOR,NYY,1580.48,1663.87,-83.4,0.4153
567023,2019,MIN,CLE,1566.13,1635.8,-69.67,0.4347
567321,2019,CWS,OAK,1411.97,1607.1,-195.13,0.2719
567419,2019,MIA,ATL,1465.26,1583.76,-118.5,0.3673
567611,2019,MIL,TEX,1551.04,1491.13,59.91,0.6185
565378,2019,CLE,BOS,1646.65,1502.55,144.1,0.7247
565952,2019,WSH,CIN,1611.06,1585.97,25.08,0.5702
566922,2019,TOR,TEX,1576.04,1501.14,74.89,0.6386
567479,2019,NYY,BAL,1668.31,1441.58,226.73,0.809
567518,2019,NYY,BAL,1672.15,1433.9,238.25,0.819
564791,2019,LAA,PIT,1461.41,1372.61,88.8,0.6569
565379,2019,CLE,BOS,1649.51,1498.25,151.27,0.7328
565470,2019,COL,ARI,1476.63,1566.5,-89.87,0.4063
565568,2019,DET,SEA,1253.54,1395.01,-141.47,0.3371
565953,2019,WSH,CIN,1615.77,1581.26,34.51,0.5834
566334,2019,SD,TB,1515.19,1584.05,-68.86,0.4358
566923,2019,TOR,TEX,1591.54,1477.89,113.66,0.6883
567119,2019,PHI,CHC,1467.25,1610.01,-142.76,0.3355
567224,2019,ATL,NYM,1587.62,1604.89,-17.26,0.5097
567322,2019,CWS,HOU,1403.19,1699.17,-295.98,0.1728
567322,2019,CWS,HOU,1409.58,1695.97,-286.39,0.1809
567323,2019,CWS,HOU,1441.74,1679.9,-238.16,0.2257
567420,2019,MIA,LAD,1459.46,1679.92,-220.46,0.244
567519,2019,NYY,BAL,1675.78,1426.66,249.12,0.8281
564792,2019,LAA,PIT,1428.11,1417.0,11.11,0.5504
565380,2019,CLE,BOS,1641.91,1509.65,132.25,0.7108
565471,2019,COL,ARI,1466.34,1573.36,-107.02,0.3827
565472,2019,COL,ARI,1449.29,1584.73,-135.43,0.3449
565569,2019,DET,SEA,1235.38,1413.17,-177.79,0.2921
565760,2019,KC,STL,1407.3,1570.32,-163.02,0.31
565954,2019,WSH,CIN,1622.98,1574.05,48.93,0.6034
566335,2019,SD,TB,1495.45,1597.21,-101.76,0.3899
566336,2019,SD,TB,1485.63,1603.76,-118.13,0.3678
566531,2019,SF,OAK,1540.32,1611.49,-71.16,0.4325
566532,2019,SF,OAK,1549.47,1605.39,-55.92,0.4542
566924,2019,TOR,TEX,1598.12,1468.03,130.09,0.7083
567120,2019,PHI,CHC,1483.71,1599.04,-115.34,0.3715
567225,2019,ATL,NYM,1596.18,1596.34,-0.16,0.5343
567324,2019,CWS,HOU,1431.25,1685.14,-253.89,0.2103
567421,2019,MIA,LAD,1445.05,1689.53,-244.48,0.2194
567520,2019,NYY,BAL,1680.2,1417.8,262.4,0.8387
567612,2019,MIL,MIN,1544.36,1555.28,-10.92,0.5188
567613,2019,MIL,MIN,1530.75,1564.36,-33.61,0.4862
564793,2019,LAA,PIT,1403.82,1441.29,-37.47,0.4806
565281,2019,CIN,STL,1559.16,1575.39,-16.23,0.5112
565570,2019,DET,SEA,1249.91,1398.64,-148.73,0.3278
565761,2019,KC,STL,1397.15,1570.01,-172.86,0.298
567121,2019,PHI,CHC,1518.08,1576.13,-58.06,0.4511
567226,2019,ATL,NYM,1604.36,1588.15,16.21,0.5576
567422,2019,MIA,LAD,1431.16,1696.47,-265.3,0.1996
567521,2019,NYY,CLE,1681.8,1624.64,57.16,0.6147
564794,2019,LAA,CWS,1426.48,1467.71,-41.24,0.4752
564888,2019,ARI,SF,1577.88,1532.36,45.52,0.5987
565090,2019,BOS,BAL,1535.55,1414.61,120.95,0.6973
565282,2019,CIN,STL,1564.55,1578.61,-14.07,0.5143
565955,2019,WSH,MIL,1637.86,1539.17,98.69,0.6696
566144,2019,OAK,HOU,1616.8,1666.91,-50.11,0.4625
566236,2019,PIT,CHC,1418.64,1566.73,-148.09,0.3286
566723,2019,TB,DET,1586.56,1232.31,354.25,0.8982
566826,2019,TEX,MIN,1493.86,1558.75,-64.89,0.4414
566925,2019,TOR,SEA,1580.89,1416.25,164.65,0.7476
567122,2019,PHI,SD,1532.18,1511.43,20.74,0.564
567227,2019,ATL,LAD,1594.63,1674.23,-79.6,0.4207
567522,2019,NYY,CLE,1655.84,1650.6,5.24,0.542
564795,2019,LAA,CWS,1437.9,1459.14,-21.24,0.504
564889,2019,ARI,SF,1558.36,1561.63,-3.27,0.5298
565091,2019,BOS,BAL,1550.69,1394.43,156.26,0.7384
565283,2019,CIN,STL,1545.72,1597.44,-51.72,0.4602
565473,2019,COL,MIA,1462.98,1475.64,-12.66,0.5163
565762,2019,KC,NYM,1379.95,1597.88,-217.93,0.2467
565763,2019,KC,NYM,1410.36,1582.68,-172.32,0.2986
565956,2019,WSH,MIL,1641.37,1533.91,107.46,0.6806
566145,2019,OAK,HOU,1622.62,1661.08,-38.46,0.4792
566146,2019,OAK,HOU,1628.3,1655.41,-27.1,0.4955
566237,2019,PIT,CHC,1432.59,1559.76,-127.16,0.3557
566724,2019,TB,DET,1572.96,1259.5,313.46,0.8746
566827,2019,TEX,MIN,1472.46,1573.01,-100.55,0.3916
566926,2019,TOR,SEA,1586.94,1404.16,182.79,0.7668
567123,2019,PHI,SD,1548.86,1494.75,54.11,0.6106
567228,2019,ATL,LAD,1582.99,1685.87,-102.87,0.3884
567523,2019,NYY,CLE,1660.91,1645.53,15.37,0.5564
564796,2019,LAA,CWS,1409.28,1480.61,-71.33,0.4323
564797,2019,LAA,CWS,1421.48,1471.46,-49.98,0.4627
564890,2019,ARI,SF,1552.5,1567.5,-15.0,0.5129
564891,2019,ARI,SF,1537.89,1582.11,-44.21,0.4709
565092,2019,BOS,BAL,1556.98,1381.85,175.13,0.7588
565284,2019,CIN,STL,1568.4,1582.32,-13.92,0.5145
565474,2019,COL,MIA,1478.98,1459.64,19.34,0.562
565475,2019,COL,MIA,1500.65,1437.97,62.67,0.6222
565764,2019,KC,NYM,1398.07,1588.82,-190.75,0.2769
565957,2019,WSH,MIL,1634.17,1544.7,89.47,0.6577
566147,2019,OAK,HOU,1641.13,1642.57,-1.44,0.5324
566238,2019,PIT,CHC,1420.77,1565.67,-144.9,0.3327
566725,2019,TB,DET,1574.18,1257.07,317.11,0.8769
566828,2019,TEX,MIN,1466.23,1577.16,-110.94,0.3774
566829,2019,TEX,MIN,1450.78,1587.47,-136.69,0.3433
566927,2019,TOR,SEA,1579.09,1419.86,159.23,0.7417
567124,2019,PHI,SD,1533.15,1510.46,22.69,0.5668
567229,2019,ATL,LAD,1589.47,1679.39,-89.91,0.4063
567524,2019,NYY,CLE,1665.79,1640.65,25.14,0.5703
564991,2019,BAL,KC,1367.94,1382.2,-14.26,0.514
565285,2019,CIN,SD,1562.73,1519.79,42.94,0.5952
566239,2019,PIT,WSH,1401.33,1645.73,-244.4,0.2195
566625,2019,STL,MIL,1587.99,1527.36,60.63,0.6194
566726,2019,TB,SEA,1575.37,1465.88,109.49,0.6832
564892,2019,ARI,COL,1560.19,1506.76,53.44,0.6096
564992,2019,BAL,KC,1356.61,1393.53,-36.92,0.4814
565093,2019,BOS,PHI,1563.93,1523.81,40.12,0.5912
565286,2019,CIN,SD,1556.25,1529.5,26.75,0.5725
565664,2019,HOU,DET,1654.37,1254.68,399.69,0.9198
566045,2019,NYM,CLE,1596.75,1655.17,-58.41,0.4506
566240,2019,PIT,WSH,1384.65,1654.08,-269.42,0.1958
566626,2019,STL,MIL,1596.2,1515.04,81.17,0.6469
566727,2019,TB,SEA,1555.11,1496.28,58.83,0.617
566806,2019,TEX,LAA,1440.02,1456.44,-16.42,0.5109
566830,2019,TEX,LAA,1413.91,1476.03,-62.12,0.4454
567024,2019,MIN,CWS,1594.63,1445.24,149.39,0.7307
567230,2019,ATL,MIA,1599.5,1429.83,169.67,0.753
564893,2019,ARI,COL,1566.89,1496.71,70.18,0.6323
564894,2019,ARI,COL,1570.85,1490.78,80.06,0.6454
564993,2019,BAL,KC,1379.24,1370.91,8.33,0.5464
565094,2019,BOS,PHI,1557.49,1533.47,24.02,0.5687
565184,2019,CHC,SF,1575.39,1567.24,8.15,0.5461
565287,2019,CIN,SD,1560.94,1522.48,38.46,0.5889
565665,2019,HOU,DET,1655.13,1253.18,401.95,0.9207
565863,2019,LAD,TOR,1669.36,1556.08,113.28,0.6879
566046,2019,NYM,CLE,1614.56,1637.36,-22.8,0.5017
566148,2019,OAK,NYY,1629.33,1651.27,-21.94,0.503
566241,2019,PIT,WSH,1416.43,1638.18,-221.75,0.2426
566627,2019,STL,MIL,1605.97,1500.39,105.57,0.6783
566728,2019,TB,SEA,1541.78,1516.27,25.51,0.5708
566831,2019,TEX,LAA,1425.87,1467.05,-41.18,0.4753
566832,2019,TEX,LAA,1437.29,1458.49,-21.19,0.504
567025,2019,MIN,CWS,1582.61,1469.3,113.31,0.6879
567026,2019,MIN,CWS,1593.99,1452.22,141.78,0.722
567231,2019,ATL,MIA,1605.4,1418.02,187.38,0.7715
564994,2019,BAL,TB,1409.31,1548.84,-139.53,0.3396
565085,2019,BOS,KC,1545.01,1340.84,204.18,0.7881
565185,2019,CHC,SF,1583.33,1559.29,24.05,0.5687
565186,2019,CHC,SF,1588.07,1554.56,33.51,0.582
565666,2019,HOU,DET,1656.61,1250.2,406.41,0.9226
565864,2019,LAD,TOR,1681.89,1543.54,138.35,0.718
566047,2019,NYM,CLE,1620.03,1631.89,-11.87,0.5175
566149,2019,OAK,NYY,1642.0,1638.6,3.4,0.5394
566242,2019,PIT,WSH,1399.52,1646.64,-247.12,0.2168
566628,2019,STL,COL,1594.59,1517.56,77.03,0.6414
567232,2019,ATL,MIA,1611.44,1405.95,205.49,0.7894
564995,2019,BAL,TB,1395.14,1559.46,-164.32,0.3084
565187,2019,CHC,WSH,1592.63,1652.71,-60.08,0.4483
565381,2019,CLE,KC,1623.46,1336.53,286.92,0.8569
565667,2019,HOU,DET,1647.98,1267.47,380.5,0.9112
565865,2019,LAD,TOR,1684.84,1539.13,145.7,0.7265
566048,2019,NYM,ATL,1628.46,1613.58,14.89,0.5557
566150,2019,OAK,NYY,1650.09,1630.52,19.57,0.5624
566243,2019,PIT,CIN,1387.38,1568.04,-180.66,0.2887
567325,2019,CWS,TEX,1478.41,1448.19,30.22,0.5774
567423,2019,MIA,PHI,1401.67,1552.19,-150.52,0.3256
564996,2019,BAL,TB,1377.27,1568.4,-191.12,0.2765
565188,2019,CHC,WSH,1579.05,1666.29,-87.25,0.41
565382,2019,CLE,KC,1626.26,1330.92,295.35,0.8627
565668,2019,HOU,LAA,1649.66,1450.31,199.34,0.7834
565669,2019,HOU,LAA,1651.86,1447.01,204.85,0.7887
565866,2019,LAD,NYY,1687.68,1622.89,64.79,0.6251
565867,2019,LAD,NYY,1666.33,1644.24,22.1,0.566
566049,2019,NYM,ATL,1622.34,1619.7,2.64,0.5383
566244,2019,PIT,CIN,1401.96,1560.75,-158.79,0.3152
566337,2019,SD,BOS,1511.83,1548.24,-36.41,0.4821
566435,2019,SEA,TOR,1509.21,1534.86,-25.65,0.4976
566629,2019,STL,COL,1598.43,1511.8,86.63,0.654
566630,2019,STL,COL,1607.97,1497.49,110.49,0.6844
567027,2019,MIN,DET,1576.53,1264.12,312.41,0.874
567028,2019,MIN,DET,1559.55,1298.07,261.49,0.838
567326,2019,CWS,TEX,1496.34,1424.29,72.05,0.6348
567327,2019,CWS,TEX,1511.55,1404.01,107.53,0.6807
567424,2019,MIA,PHI,1446.06,1530.0,-83.94,0.4146
567614,2019,MIL,ARI,1517.46,1552.99,-35.53,0.4834
567615,2019,MIL,ARI,1539.32,1538.42,0.9,0.5358
564997,2019,BAL,TB,1418.73,1547.67,-128.94,0.3534
565189,2019,CHC,WSH,1567.74,1677.6,-109.86,0.3789
565383,2019,CLE,KC,1628.39,1326.66,301.73,0.867
565670,2019,HOU,LAA,1656.15,1438.44,217.71,0.8008
565868,2019,LAD,NYY,1671.1,1639.47,31.63,0.5794
566050,2019,NYM,ATL,1608.5,1633.54,-25.04,0.4985
566151,2019,OAK,SF,1657.71,1549.99,107.72,0.681
566152,2019,OAK,SF,1639.1,1577.91,61.2,0.6202
566245,2019,PIT,CIN,1457.31,1533.08,-75.76,0.4261
566338,2019,SD,BOS,1483.54,1576.53,-92.99,0.402
566339,2019,SD,BOS,1477.12,1580.8,-103.68,0.3873
566436,2019,SEA,TOR,1525.73,1518.34,7.39,0.5451
566437,2019,SEA,TOR,1511.41,1532.66,-21.26,0.5039
566631,2019,STL,COL,1617.33,1483.45,133.88,0.7128
567029,2019,MIN,DET,1562.76,1291.64,271.12,0.8454
567328,2019,CWS,TEX,1486.48,1437.44,49.04,0.6036
567425,2019,MIA,PHI,1421.19,1548.65,-127.46,0.3554
567616,2019,MIL,ARI,1557.24,1520.49,36.75,0.5865
565418,2019,COL,ATL,1469.94,1639.01,-169.07,0.3026
567125,2019,PHI,PIT,1538.51,1466.54,71.97,0.6347
567426,2019,MIA,CIN,1434.7,1523.85,-89.14,0.4073
567617,2019,MIL,STL,1544.45,1626.34,-81.89,0.4174
565571,2019,DET,CLE,1285.54,1619.94,-334.4,0.1435
565765,2019,KC,OAK,1343.58,1632.41,-288.83,0.1788
565958,2019,WSH,BAL,1683.94,1453.75,230.2,0.812
566051,2019,NYM,CHC,1603.03,1561.4,41.63,0.5933
566340,2019,SD,LAD,1492.55,1656.39,-163.84,0.309
566438,2019,SEA,NYY,1524.36,1654.18,-129.82,0.3523
566533,2019,SF,ARI,1584.6,1539.69,44.91,0.5979
566928,2019,TOR,ATL,1519.71,1627.62,-107.91,0.3815
567126,2019,PHI,PIT,1544.39,1460.66,83.74,0.6503
567427,2019,MIA,CIN,1417.34,1536.87,-119.53,0.3659
567618,2019,MIL,STL,1521.28,1641.78,-120.5,0.3646
564798,2019,LAA,TEX,1425.08,1423.81,1.27,0.5363
565476,2019,COL,BOS,1487.02,1570.52,-83.5,0.4152
565572,2019,DET,CLE,1276.36,1624.52,-348.16,0.134
565671,2019,HOU,TB,1662.82,1521.4,141.42,0.7216
565766,2019,KC,OAK,1329.55,1639.42,-309.87,0.1617
565959,2019,WSH,BAL,1671.02,1473.13,197.89,0.782
566052,2019,NYM,CHC,1590.12,1574.32,15.8,0.557
566341,2019,SD,LAD,1503.25,1649.26,-146.01,0.3313
566439,2019,SEA,NYY,1518.83,1657.87,-139.04,0.3402
566440,2019,SEA,NYY,1502.86,1668.52,-165.66,0.3067
566534,2019,SF,ARI,1574.3,1555.14,19.16,0.5618
566929,2019,TOR,ATL,1535.26,1617.26,-82.01,0.4173
567127,2019,PHI,PIT,1533.97,1471.08,62.9,0.6225
567329,2019,CWS,MIN,1496.7,1565.82,-69.12,0.4354
567428,2019,MIA,CIN,1401.94,1548.42,-146.47,0.3307
567619,2019,MIL,STL,1509.78,1649.45,-139.66,0.3394
564799,2019,LAA,TEX,1445.64,1403.25,42.39,0.5944
565477,2019,COL,BOS,1471.56,1580.82,-109.25,0.3797
565573,2019,DET,CLE,1272.29,1626.56,-354.26,0.13
565672,2019,HOU,TB,1674.16,1504.4,169.76,0.7531
565673,2019,HOU,TB,1678.19,1498.36,179.83,0.7637
565767,2019,KC,OAK,1326.41,1640.99,-314.58,0.1581
565768,2019,KC,OAK,1352.31,1628.05,-275.74,0.1901
566053,2019,NYM,CHC,1577.85,1586.58,-8.73,0.522
566342,2019,SD,LAD,1486.08,1660.71,-174.62,0.2959
567330,2019,CWS,MIN,1485.57,1573.24,-87.67,0.4094
567331,2019,CWS,MIN,1467.18,1585.5,-118.31,0.3675
567429,2019,MIA,CIN,1384.17,1561.75,-177.58,0.2923
564895,2019,ARI,LAD,1561.31,1665.52,-104.21,0.3866
565190,2019,CHC,MIL,1598.11,1530.45,67.66,0.6289
565478,2019,COL,PIT,1459.53,1450.8,8.73,0.547
565574,2019,DET,MIN,1268.36,1595.49,-327.14,0.1487
565960,2019,WSH,MIA,1676.17,1398.69,277.48,0.8501
566535,2019,SF,SD,1568.12,1478.85,89.27,0.6575
566729,2019,TB,CLE,1510.1,1628.53,-118.42,0.3674
566833,2019,TEX,SEA,1429.12,1491.84,-62.72,0.4445
566930,2019,TOR,HOU,1517.96,1670.36,-152.4,0.3232
567128,2019,PHI,NYM,1554.26,1566.32,-12.06,0.5172
567233,2019,ATL,CWS,1628.79,1452.19,176.61,0.7604
567525,2019,NYY,OAK,1675.86,1629.92,45.94,0.5993
564800,2019,LAA,BOS,1419.77,1588.84,-169.07,0.3026
564896,2019,ARI,LAD,1579.55,1647.29,-67.74,0.4374
565191,2019,CHC,MIL,1609.32,1513.64,95.68,0.6657
565479,2019,COL,PIT,1441.4,1468.92,-27.52,0.4949
565575,2019,DET,MIN,1259.26,1600.04,-340.79,0.139
565769,2019,KC,BAL,1348.56,1465.4,-116.84,0.3695
565770,2019,KC,BAL,1319.76,1487.0,-167.24,0.3048
565961,2019,WSH,MIA,1677.65,1395.74,281.91,0.8533
566536,2019,SF,SD,1557.02,1495.51,61.5,0.6206
566599,2019,STL,CIN,1635.67,1554.49,81.18,0.6469
566632,2019,STL,CIN,1644.44,1545.72,98.72,0.6696
566633,2019,STL,CIN,1642.64,1548.42,94.22,0.6639
566730,2019,TB,CLE,1533.29,1613.07,-79.77,0.4204
566834,2019,TEX,SEA,1413.93,1503.24,-89.31,0.4071
566931,2019,TOR,HOU,1507.9,1677.06,-169.16,0.3025
567129,2019,PHI,NYM,1538.24,1582.33,-44.09,0.4711
567234,2019,ATL,CWS,1633.71,1444.81,188.91,0.773
567526,2019,NYY,OAK,1657.58,1648.2,9.39,0.5479
564801,2019,LAA,BOS,1413.54,1591.96,-178.42,0.2913
564802,2019,LAA,BOS,1454.36,1571.55,-117.19,0.369
564897,2019,ARI,LAD,1585.6,1641.24,-55.63,0.4546
564898,2019,ARI,LAD,1591.5,1635.34,-43.83,0.4715
565192,2019,CHC,MIL,1598.11,1530.46,67.65,0.6289
565480,2019,COL,PIT,1413.38,1489.94,-76.57,0.4249
565481,2019,COL,PIT,1386.05,1510.44,-124.39,0.3594
565576,2019,DET,MIN,1292.33,1583.51,-291.18,0.1768
565771,2019,KC,BAL,1342.48,1469.97,-127.49,0.3553
565962,2019,WSH,MIA,1681.97,1387.09,294.89,0.8624
566537,2019,SF,SD,1567.6,1479.64,87.95,0.6558
566538,2019,SF,SD,1553.61,1500.62,52.99,0.609
566632,2019,STL,CIN,1646.21,1543.06,103.16,0.6752
566634,2019,STL,CIN,1634.88,1560.06,74.81,0.6385
566731,2019,TB,CLE,1551.9,1600.66,-48.76,0.4644
566835,2019,TEX,SEA,1439.2,1484.28,-45.08,0.4697
566836,2019,TEX,SEA,1450.73,1475.63,-24.91,0.4987
566932,2019,TOR,HOU,1524.98,1665.68,-140.7,0.3381
567130,2019,PHI,NYM,1522.87,1592.58,-69.7,0.4346
567235,2019,ATL,CWS,1640.22,1431.79,208.43,0.7922
567527,2019,NYY,OAK,1662.58,1643.2,19.37,0.5621
564899,2019,ARI,SD,1586.37,1523.59,62.78,0.6224
565193,2019,CHC,SEA,1582.4,1501.64,80.76,0.6463
565288,2019,CIN,PHI,1556.19,1541.11,15.08,0.556
565384,2019,CLE,CWS,1584.35,1425.12,159.23,0.7417
565577,2019,DET,MIN,1283.38,1587.99,-304.61,0.1659
565963,2019,WSH,NYM,1685.75,1580.42,105.33,0.678
566635,2019,STL,SF,1638.75,1538.3,100.46,0.6718
566732,2019,TB,BAL,1568.21,1453.9,114.32,0.6892
567236,2019,ATL,TOR,1643.56,1516.6,126.96,0.7045
567528,2019,NYY,TEX,1667.39,1424.72,242.67,0.8227
567620,2019,MIL,HOU,1554.03,1671.26,-117.23,0.369
565095,2019,BOS,MIN,1575.44,1589.6,-14.17,0.5141
565289,2019,CIN,PHI,1538.99,1566.9,-27.9,0.4944
565385,2019,CLE,CWS,1592.82,1408.18,184.63,0.7687
565869,2019,LAD,COL,1640.46,1368.53,271.93,0.846
565964,2019,WSH,NYM,1669.09,1597.08,72.01,0.6348
566246,2019,PIT,MIA,1523.58,1379.53,144.04,0.7246
566636,2019,STL,SF,1644.27,1530.02,114.25,0.6891
566733,2019,TB,BAL,1571.49,1448.98,122.51,0.6992
566734,2019,TB,BAL,1559.85,1472.27,87.58,0.6553
567237,2019,ATL,TOR,1649.76,1507.31,142.45,0.7228
567529,2019,NYY,TEX,1642.74,1474.03,168.7,0.752
567621,2019,MIL,HOU,1550.14,1675.15,-125.0,0.3586
564900,2019,ARI,SD,1598.59,1505.27,93.32,0.6627
565096,2019,BOS,MIN,1569.77,1595.27,-25.5,0.4978
565194,2019,CHC,SEA,1591.18,1488.46,102.72,0.6747
565290,2019,CIN,PHI,1520.14,1579.47,-59.33,0.4493
565386,2019,CLE,CWS,1584.95,1423.91,161.04,0.7437
565772,2019,KC,DET,1363.9,1280.14,83.75,0.6503
565870,2019,LAD,COL,1645.02,1359.41,285.61,0.856
565965,2019,WSH,NYM,1673.01,1593.16,79.85,0.6452
566153,2019,OAK,LAA,1638.39,1448.53,189.86,0.774
566247,2019,PIT,MIA,1512.26,1394.62,117.65,0.6933
566637,2019,STL,SF,1647.55,1525.11,122.44,0.6991
567530,2019,NYY,TEX,1651.22,1461.3,189.92,0.7741
564901,2019,ARI,SD,1602.18,1499.89,102.29,0.6741
564998,2019,BAL,TEX,1463.53,1454.38,9.14,0.5476
565097,2019,BOS,MIN,1582.55,1582.48,0.07,0.5346
565291,2019,CIN,PHI,1537.98,1567.58,-29.6,0.4919
565387,2019,CLE,CWS,1589.15,1415.51,173.63,0.7573
565773,2019,KC,DET,1371.37,1272.67,98.7,0.6696
565774,2019,KC,DET,1378.38,1265.66,112.73,0.6872
565871,2019,LAD,COL,1647.26,1354.93,292.33,0.8607
566154,2019,OAK,LAA,1642.05,1441.21,200.83,0.7849
566155,2019,OAK,LAA,1647.12,1431.06,216.06,0.7993
566248,2019,PIT,MIA,1517.11,1388.16,128.95,0.7069
566638,2019,STL,SF,1640.2,1536.12,104.08,0.6764
566735,2019,TB,TOR,1565.68,1496.11,69.57,0.6315
567238,2019,ATL,WSH,1657.22,1656.98,0.24,0.5348
567622,2019,MIL,CHC,1560.81,1600.09,-39.28,0.478
564999,2019,BAL,TEX,1449.15,1468.76,-19.61,0.5063
565098,2019,BOS,NYY,1576.62,1655.84,-79.21,0.4212
565292,2019,CIN,ARI,1546.32,1609.09,-62.77,0.4444
565674,2019,HOU,SEA,1664.48,1475.1,189.38,0.7735
566054,2019,NYM,PHI,1609.19,1562.02,47.17,0.601
566249,2019,PIT,STL,1494.89,1652.06,-157.17,0.3172
566736,2019,TB,TOR,1571.96,1486.69,85.27,0.6523
567239,2019,ATL,WSH,1665.4,1648.8,16.59,0.5582
567430,2019,MIA,KC,1417.78,1355.4,62.38,0.6218
565000,2019,BAL,TEX,1438.02,1477.11,-39.09,0.4783
565099,2019,BOS,NYY,1592.64,1639.82,-47.18,0.4667
565293,2019,CIN,ARI,1534.92,1616.68,-81.76,0.4176
565534,2019,DET,OAK,1288.64,1651.83,-363.19,0.1243
565675,2019,HOU,SEA,1668.14,1469.6,198.55,0.7826
565676,2019,HOU,SEA,1672.57,1462.96,209.6,0.7933
565872,2019,LAD,SF,1650.43,1518.34,132.09,0.7106
566055,2019,NYM,PHI,1613.52,1557.68,55.84,0.6129
566156,2019,OAK,DET,1654.58,1283.15,371.43,0.9069
566250,2019,PIT,STL,1522.29,1633.79,-111.5,0.3767
566343,2019,SD,COL,1489.53,1348.6,140.93,0.721
566737,2019,TB,TOR,1581.55,1472.29,109.26,0.6829
567030,2019,MIN,CLE,1588.41,1567.3,21.12,0.5646
567031,2019,MIN,CLE,1574.01,1581.7,-7.68,0.5235
567240,2019,ATL,WSH,1670.26,1643.94,26.32,0.5719
567332,2019,CWS,LAA,1459.22,1421.65,37.57,0.5877
567333,2019,CWS,LAA,1449.61,1434.47,15.14,0.5561
567431,2019,MIA,KC,1390.96,1382.23,8.73,0.547
567623,2019,MIL,CHC,1547.35,1613.55,-66.21,0.4396
567624,2019,MIL,CHC,1572.76,1596.61,-23.86,0.5002
565001,2019,BAL,TEX,1411.07,1497.32,-86.25,0.4114
565294,2019,CIN,ARI,1524.31,1623.76,-99.45,0.3931
565677,2019,HOU,SEA,1674.66,1459.82,214.84,0.7982
565873,2019,LAD,SF,1643.0,1529.49,113.5,0.6882
565874,2019,LAD,SF,1635.74,1540.38,95.36,0.6653
566056,2019,NYM,PHI,1596.39,1574.82,21.57,0.5652
566157,2019,OAK,DET,1645.97,1300.36,345.62,0.8936
566158,2019,OAK,DET,1649.21,1293.89,355.32,0.8988
566251,2019,PIT,STL,1502.48,1647.0,-144.52,0.3332
566344,2019,SD,COL,1478.25,1363.63,114.63,0.6895
566345,2019,SD,COL,1488.07,1350.54,137.54,0.7171
566738,2019,TB,TOR,1586.86,1464.33,122.53,0.6992
567032,2019,MIN,CLE,1582.36,1573.35,9.01,0.5474
567241,2019,ATL,WSH,1674.95,1639.25,35.7,0.5851
567334,2019,CWS,LAA,1437.36,1446.72,-9.36,0.5211
567432,2019,MIA,KC,1359.72,1413.46,-53.74,0.4573
567625,2019,MIL,CHC,1578.24,1591.13,-12.89,0.516
565100,2019,BOS,NYY,1580.87,1651.59,-70.71,0.4332
565101,2019,BOS,NYY,1568.84,1663.62,-94.77,0.3995
566057,2019,NYM,ARI,1583.97,1617.32,-33.35,0.4866
567131,2019,PHI,ATL,1587.23,1658.45,-71.21,0.4325
567433,2019,MIA,MIL,1398.76,1588.91,-190.16,0.2776
564803,2019,LAA,CLE,1422.15,1585.44,-163.29,0.3096
565002,2019,BAL,LAD,1386.42,1644.93,-258.51,0.2059
565578,2019,DET,NYY,1290.82,1674.6,-383.77,0.1119
565678,2019,HOU,OAK,1683.62,1650.74,32.88,0.5811
566058,2019,NYM,ARI,1592.86,1608.43,-15.57,0.5121
566346,2019,SD,CHC,1492.5,1580.46,-87.96,0.409
566539,2019,SF,PIT,1526.59,1494.24,32.35,0.5804
566933,2019,TOR,BOS,1452.08,1557.86,-105.79,0.3844
567033,2019,MIN,WSH,1570.27,1655.75,-85.49,0.4124
567132,2019,PHI,ATL,1575.23,1670.45,-95.23,0.3989
567434,2019,MIA,MIL,1384.11,1596.24,-212.13,0.2529
564804,2019,LAA,CLE,1407.31,1592.86,-185.56,0.2829
565003,2019,BAL,LAD,1376.93,1649.68,-272.74,0.1928
565482,2019,COL,STL,1344.63,1652.49,-307.86,0.1633
565579,2019,DET,NYY,1307.6,1666.21,-358.62,0.1272
565679,2019,HOU,OAK,1701.93,1632.43,69.5,0.6314
566059,2019,NYM,ARI,1598.23,1603.06,-4.82,0.5276
566347,2019,SD,CHC,1471.76,1594.28,-122.52,0.3619
566441,2019,SEA,CIN,1446.39,1533.97,-87.58,0.4095
566540,2019,SF,PIT,1511.5,1509.32,2.18,0.5376
566837,2019,TEX,TB,1515.8,1595.03,-79.23,0.4212
566934,2019,TOR,BOS,1461.85,1551.35,-89.5,0.4068
567034,2019,MIN,WSH,1586.48,1639.54,-53.06,0.4583
567133,2019,PHI,ATL,1581.61,1664.07,-82.45,0.4167
567335,2019,CWS,KC,1461.92,1374.43,87.49,0.6552
567435,2019,MIA,MIL,1378.99,1598.8,-219.81,0.2447
564805,2019,LAA,CLE,1388.96,1602.04,-213.07,0.2519
565004,2019,BAL,LAD,1413.92,1631.18,-217.26,0.2474
565483,2019,COL,STL,1360.91,1644.35,-283.44,0.1834
565484,2019,COL,STL,1376.95,1636.33,-259.38,0.2051
565579,2019,DET,NYY,1314.71,1662.66,-347.95,0.1341
565580,2019,DET,NYY,1310.63,1664.69,-354.06,0.1301
565680,2019,HOU,OAK,1675.41,1658.95,16.46,0.558
566060,2019,NYM,ARI,1615.6,1585.69,29.91,0.577
566348,2019,SD,CHC,1481.82,1587.58,-105.76,0.3845
566349,2019,SD,CHC,1504.5,1572.46,-67.95,0.4371
566442,2019,SEA,CIN,1458.98,1524.52,-65.53,0.4405
566541,2019,SF,PIT,1519.19,1501.63,17.55,0.5595
566542,2019,SF,PIT,1500.72,1520.1,-19.38,0.5066
566838,2019,TEX,TB,1505.09,1602.18,-97.09,0.3963
566935,2019,TOR,BOS,1491.9,1531.31,-39.41,0.4778
567035,2019,MIN,WSH,1574.96,1651.06,-76.1,0.4256
567134,2019,PHI,ATL,1574.56,1671.12,-96.57,0.3971
567336,2019,CWS,KC,1474.73,1357.35,117.38,0.6929
567337,2019,CWS,KC,1457.38,1380.48,76.91,0.6413
567436,2019,MIA,MIL,1371.17,1602.71,-231.54,0.2324
565195,2019,CHC,PIT,1581.86,1533.34,48.52,0.6029
565388,2019,CLE,MIN,1604.58,1562.15,42.43,0.5945
565581,2019,DET,BAL,1303.66,1406.01,-102.35,0.3891
565681,2019,HOU,OAK,1665.67,1668.68,-3.01,0.5302
565966,2019,WSH,ATL,1663.87,1656.25,7.62,0.5454
566061,2019,NYM,LAD,1631.61,1635.14,-3.53,0.5294
566443,2019,SEA,CIN,1473.31,1510.19,-36.88,0.4815
566839,2019,TEX,TB,1514.7,1595.77,-81.06,0.4186
566936,2019,TOR,NYY,1476.28,1668.18,-191.9,0.2756
564806,2019,LAA,TB,1383.87,1585.91,-202.04,0.2641
564902,2019,ARI,CIN,1569.68,1532.31,37.37,0.5874
565196,2019,CHC,PIT,1596.18,1511.87,84.3,0.651
565388,2019,CLE,MIN,1603.56,1563.18,40.38,0.5916
565389,2019,CLE,MIN,1593.34,1573.39,19.95,0.5629
565485,2019,COL,SD,1364.75,1490.4,-125.65,0.3578
565582,2019,DET,BAL,1284.51,1425.16,-140.65,0.3382
565775,2019,KC,HOU,1407.96,1659.8,-251.84,0.2122
565776,2019,KC,HOU,1399.51,1664.02,-264.51,0.2003
565967,2019,WSH,ATL,1648.29,1671.83,-23.54,0.5007
566062,2019,NYM,LAD,1614.03,1652.73,-38.7,0.4789
566444,2019,SEA,CWS,1451.2,1436.77,14.43,0.5551
566543,2019,SF,MIA,1487.48,1366.5,120.97,0.6973
566639,2019,STL,MIL,1642.43,1605.04,37.39,0.5874
566640,2019,STL,MIL,1658.0,1589.48,68.52,0.6301
566840,2019,TEX,OAK,1529.49,1674.56,-145.07,0.3325
566937,2019,TOR,NYY,1487.37,1660.79,-173.42,0.2973
567135,2019,PHI,BOS,1589.43,1546.93,42.5,0.5945
564807,2019,LAA,TB,1367.77,1593.96,-226.18,0.238
564808,2019,LAA,TB,1360.19,1597.75,-237.56,0.2263
564903,2019,ARI,CIN,1563.27,1541.92,21.35,0.5649
564904,2019,ARI,CIN,1568.05,1534.75,33.3,0.5817
565197,2019,CHC,PIT,1610.37,1490.58,119.78,0.6959
565390,2019,CLE,MIN,1578.98,1587.76,-8.78,0.5219
565486,2019,COL,SD,1386.11,1474.38,-88.27,0.4085
565487,2019,COL,SD,1398.72,1464.92,-66.2,0.4396
565583,2019,DET,BAL,1316.54,1393.12,-76.57,0.4249
565777,2019,KC,HOU,1389.26,1669.15,-279.89,0.1865
565968,2019,WSH,ATL,1630.04,1690.08,-60.04,0.4483
566063,2019,NYM,LAD,1625.39,1641.37,-15.98,0.5115
566445,2019,SEA,CWS,1436.65,1456.16,-19.5,0.5065
566446,2019,SEA,CWS,1447.51,1448.02,-0.51,0.5337
566544,2019,SF,MIA,1492.25,1360.14,132.11,0.7107
566545,2019,SF,MIA,1474.57,1383.71,90.87,0.6595
566641,2019,STL,MIL,1644.44,1603.03,41.41,0.593
566841,2019,TEX,OAK,1516.07,1683.5,-167.42,0.3046
566842,2019,TEX,OAK,1508.61,1688.47,-179.86,0.2896
566938,2019,TOR,NYY,1471.51,1671.37,-199.86,0.2665
567136,2019,PHI,BOS,1582.96,1556.63,26.33,0.5719
565584,2019,DET,BAL,1290.97,1418.69,-127.71,0.355
566642,2019,STL,WSH,1637.99,1647.91,-9.92,0.5203
567036,2019,MIN,CWS,1579.39,1437.68,141.71,0.7219
567626,2019,MIL,SD,1609.48,1441.52,167.96,0.7512
564905,2019,ARI,MIA,1557.98,1376.46,181.52,0.7655
565005,2019,BAL,TOR,1391.64,1489.24,-97.59,0.3956
565102,2019,BOS,SF,1569.17,1480.01,89.15,0.6573
565198,2019,CHC,CIN,1621.43,1549.86,71.58,0.6342
565391,2019,CLE,DET,1587.35,1318.02,269.33,0.844
565488,2019,COL,NYM,1429.91,1619.75,-189.84,0.278
566159,2019,OAK,KC,1696.15,1377.07,319.08,0.8781
566252,2019,PIT,SEA,1473.98,1457.84,16.14,0.5575
566643,2019,STL,WSH,1646.38,1639.51,6.87,0.5443
567037,2019,MIN,CWS,1583.98,1428.49,155.49,0.7375
567242,2019,ATL,PHI,1672.21,1570.42,101.79,0.6735
567531,2019,NYY,LAA,1659.55,1384.74,274.81,0.8481
567627,2019,MIL,SD,1615.44,1429.62,185.82,0.7699
564906,2019,ARI,MIA,1561.78,1368.84,192.94,0.7771
564907,2019,ARI,MIA,1539.54,1413.33,126.21,0.7036
565006,2019,BAL,TOR,1374.84,1501.84,-127.0,0.356
565103,2019,BOS,SF,1562.16,1490.52,71.64,0.6343
565199,2019,CHC,CIN,1632.46,1533.31,99.15,0.6702
565392,2019,CLE,DET,1591.33,1310.05,281.28,0.8529
565489,2019,COL,NYM,1468.03,1600.7,-132.67,0.3485
565490,2019,COL,NYM,1453.89,1610.12,-156.23,0.3184
565682,2019,HOU,TEX,1675.24,1497.1,178.14,0.762
565875,2019,LAD,TB,1647.0,1585.47,61.53,0.6207
566160,2019,OAK,KC,1687.64,1394.08,293.56,0.8615
566161,2019,OAK,KC,1689.0,1391.37,297.63,0.8643
566253,2019,PIT,SEA,1448.14,1483.69,-35.55,0.4834
566644,2019,STL,WSH,1632.41,1653.48,-21.07,0.5042
567038,2019,MIN,CWS,1586.7,1423.06,163.64,0.7465
567243,2019,ATL,PHI,1665.08,1577.56,87.51,0.6552
567532,2019,NYY,LAA,1664.29,1375.25,289.05,0.8584
567628,2019,MIL,SD,1619.17,1422.16,197.01,0.7811
565007,2019,BAL,TOR,1367.37,1507.44,-140.07,0.3389
565104,2019,BOS,SF,1540.57,1522.91,17.65,0.5597
565200,2019,CHC,CIN,1621.19,1550.22,70.97,0.6334
565201,2019,CHC,STL,1614.39,1645.06,-30.67,0.4904
565393,2019,CLE,DET,1592.78,1307.16,285.62,0.856
565683,2019,HOU,TEX,1680.13,1489.77,190.35,0.7745
565876,2019,LAD,TB,1653.49,1578.99,74.5,0.6381
566254,2019,PIT,SEA,1427.03,1499.52,-72.48,0.4307
567039,2019,MIN,KC,1574.48,1388.72,185.76,0.7699
567244,2019,ATL,PHI,1651.1,1591.54,59.56,0.618
567533,2019,NYY,LAA,1655.88,1392.07,263.8,0.8398
567629,2019,MIL,SD,1611.22,1438.06,173.15,0.7567
565008,2019,BAL,SEA,1350.96,1506.45,-155.49,0.3193
565202,2019,CHC,STL,1609.02,1650.42,-41.4,0.475
565295,2019,CIN,NYM,1557.02,1616.72,-59.69,0.4488
565394,2019,CLE,PHI,1597.02,1587.42,9.61,0.5482
565585,2019,DET,CWS,1298.67,1447.48,-148.81,0.3277
566739,2019,TB,BOS,1585.83,1547.83,38.0,0.5883
567245,2019,ATL,SF,1655.22,1515.65,139.58,0.7194
567437,2019,MIA,WSH,1407.11,1640.84,-233.73,0.2302
567534,2019,NYY,TOR,1660.91,1519.75,141.16,0.7213
565009,2019,BAL,SEA,1373.31,1489.69,-116.38,0.3701
565203,2019,CHC,STL,1603.85,1655.59,-51.74,0.4602
565296,2019,CIN,NYM,1542.49,1631.25,-88.77,0.4079
565395,2019,CLE,PHI,1607.0,1577.44,29.56,0.5765
565586,2019,DET,CWS,1276.06,1470.1,-194.05,0.2731
565684,2019,HOU,LAA,1682.43,1382.02,300.41,0.8662
565685,2019,HOU,LAA,1684.5,1377.88,306.62,0.8703
565877,2019,LAD,COL,1646.64,1444.0,202.64,0.7866
566162,2019,OAK,TEX,1690.32,1486.32,204.0,0.7879
566350,2019,SD,ARI,1426.45,1544.2,-117.76,0.3683
566740,2019,TB,BOS,1590.32,1541.1,49.22,0.6038
567040,2019,MIN,KC,1579.19,1379.31,199.88,0.7839
567041,2019,MIN,KC,1581.39,1374.91,206.47,0.7903
567246,2019,ATL,SF,1663.44,1503.33,160.11,0.7427
567438,2019,MIA,WSH,1399.8,1644.5,-244.7,0.2192
567535,2019,NYY,TOR,1653.39,1531.02,122.37,0.699
567630,2019,MIL,PIT,1617.02,1417.79,199.24,0.7833
567631,2019,MIL,PIT,1624.34,1403.15,221.2,0.804
565010,2019,BAL,SEA,1365.52,1495.54,-130.02,0.352
565204,2019,CHC,STL,1598.87,1660.58,-61.71,0.4459
565297,2019,CIN,NYM,1551.95,1624.94,-72.99,0.43
565396,2019,CLE,PHI,1590.69,1593.75,-3.05,0.5301
565587,2019,DET,CWS,1267.23,1476.72,-209.49,0.2558
565686,2019,HOU,LAA,1664.83,1417.21,247.62,0.8269
565878,2019,LAD,COL,1653.14,1431.0,222.15,0.8049
565879,2019,LAD,COL,1640.29,1456.7,183.6,0.7676
566163,2019,OAK,TEX,1697.15,1476.09,221.06,0.8039
566164,2019,OAK,TEX,1703.71,1466.24,237.48,0.8183
566351,2019,SD,ARI,1400.69,1563.52,-162.83,0.3102
566352,2019,SD,ARI,1390.54,1568.6,-178.06,0.2918
566741,2019,TB,BOS,1594.62,1534.66,59.96,0.6185
567042,2019,MIN,KC,1557.35,1422.99,134.36,0.7133
567247,2019,ATL,SF,1671.42,1491.35,180.06,0.764
567439,2019,MIA,WSH,1387.51,1650.64,-263.12,0.2016
567536,2019,NYY,TOR,1661.56,1518.76,142.8,0.7232
567632,2019,MIL,PIT,1630.9,1390.02,240.88,0.8212
565969,2019,WSH,PHI,1638.1,1576.46,61.64,0.6208
566064,2019,NYM,MIA,1634.17,1412.59,221.59,0.8044
566742,2019,TB,BOS,1581.26,1554.69,26.57,0.5723
566939,2019,TOR,BAL,1507.58,1379.09,128.49,0.7064
564908,2019,ARI,STL,1557.08,1665.39,-108.31,0.381
565298,2019,CIN,MIL,1542.72,1632.69,-89.97,0.4062
565588,2019,DET,MIN,1297.37,1564.31,-266.93,0.1981
565930,2019,WSH,PHI,1648.68,1565.88,82.79,0.649
565970,2019,WSH,PHI,1656.18,1558.38,97.8,0.6684
566065,2019,NYM,MIA,1615.35,1450.22,165.13,0.7481
566255,2019,PIT,CHC,1386.45,1594.06,-207.61,0.2579
566743,2019,TB,NYY,1590.64,1669.02,-78.38,0.4224
566940,2019,TOR,BAL,1512.2,1372.94,139.26,0.7191
564809,2019,LAA,OAK,1406.27,1682.54,-276.27,0.1897
564909,2019,ARI,STL,1550.7,1671.77,-121.07,0.3638
564910,2019,ARI,STL,1557.38,1665.08,-107.7,0.3818
565299,2019,CIN,MIL,1532.43,1639.55,-107.12,0.3826
565589,2019,DET,MIN,1291.17,1567.41,-276.25,0.1897
565778,2019,KC,ATL,1409.08,1655.76,-246.68,0.2172
565971,2019,WSH,PHI,1659.7,1554.86,104.84,0.6774
566066,2019,NYM,MIA,1617.95,1446.32,171.63,0.7551
566256,2019,PIT,CHC,1431.57,1571.5,-139.92,0.3391
566353,2019,SD,LAD,1413.57,1645.05,-231.48,0.2325
566447,2019,SEA,HOU,1485.36,1670.3,-184.94,0.2836
566546,2019,SF,COL,1514.85,1449.56,65.29,0.6257
566744,2019,TB,NYY,1596.82,1662.83,-66.01,0.4398
566843,2019,TEX,BOS,1498.0,1545.31,-47.31,0.4665
566941,2019,TOR,BAL,1478.45,1417.93,60.51,0.6193
567338,2019,CWS,CLE,1454.11,1607.98,-153.87,0.3214
564810,2019,LAA,OAK,1422.24,1674.55,-252.31,0.2118
565300,2019,CIN,MIL,1514.23,1651.69,-137.46,0.3423
565590,2019,DET,MIN,1282.49,1571.75,-289.27,0.1784
565779,2019,KC,ATL,1440.3,1640.14,-199.84,0.2665
565972,2019,WSH,PHI,1666.53,1548.03,118.5,0.6943
566067,2019,NYM,MIA,1625.51,1431.21,194.3,0.7784
566257,2019,PIT,CHC,1453.42,1560.57,-107.15,0.3826
566354,2019,SD,LAD,1404.24,1649.72,-245.48,0.2184
566355,2019,SD,LAD,1397.33,1653.17,-255.84,0.2084
566448,2019,SEA,HOU,1476.66,1676.1,-199.45,0.267
566547,2019,SF,COL,1494.63,1476.52,18.11,0.5603
566548,2019,SF,COL,1501.89,1469.27,32.62,0.5808
566844,2019,TEX,BOS,1485.96,1557.36,-71.4,0.4322
566845,2019,TEX,BOS,1465.07,1571.28,-106.22,0.3838
567339,2019,CWS,CLE,1436.2,1619.92,-183.72,0.2851
564811,2019,LAA,HOU,1418.03,1681.53,-263.51,0.2012
565105,2019,BOS,BAL,1560.95,1409.72,151.24,0.7328
565973,2019,WSH,CLE,1672.96,1601.0,71.96,0.6347
566068,2019,NYM,ATL,1612.94,1648.73,-35.8,0.483
566258,2019,PIT,CIN,1476.16,1505.73,-29.57,0.492
566449,2019,SEA,OAK,1468.51,1676.66,-208.15,0.2573
566942,2019,TOR,TB,1484.61,1610.83,-126.22,0.357
567137,2019,PHI,MIA,1538.38,1456.35,82.02,0.648
567304,2019,CWS,DET,1474.03,1272.67,201.37,0.7854
567340,2019,CWS,CLE,1469.68,1589.99,-120.31,0.3648
567341,2019,CWS,DET,1501.44,1278.47,222.98,0.8056
564812,2019,LAA,HOU,1433.85,1673.62,-239.77,0.2241
564911,2019,ARI,SD,1567.74,1393.19,174.55,0.7582
565106,2019,BOS,BAL,1545.74,1440.13,105.61,0.6783
565491,2019,COL,MIL,1451.5,1657.35,-205.85,0.2598
565780,2019,KC,MIN,1423.12,1576.66,-153.54,0.3218
565781,2019,KC,MIN,1407.63,1584.41,-176.78,0.2933
565974,2019,WSH,CLE,1683.98,1568.82,115.16,0.6902
566069,2019,NYM,ATL,1621.88,1639.79,-17.91,0.5088
566259,2019,PIT,CIN,1484.5,1497.39,-12.89,0.516
566450,2019,SEA,OAK,1462.31,1680.79,-218.48,0.2461
566549,2019,SF,LAD,1519.65,1655.24,-135.59,0.3447
566550,2019,SF,LAD,1503.45,1666.04,-162.6,0.3105
566645,2019,STL,CHC,1654.72,1545.41,109.31,0.683
566646,2019,STL,CHC,1634.47,1575.8,58.67,0.6168
566846,2019,TEX,NYY,1480.56,1648.83,-168.26,0.3036
566943,2019,TOR,TB,1471.57,1619.52,-147.95,0.3288
567138,2019,PHI,MIA,1544.02,1450.71,93.31,0.6627
567341,2019,CWS,DET,1496.82,1284.62,212.2,0.7957
567342,2019,CWS,DET,1484.75,1300.72,184.03,0.7681
564813,2019,LAA,HOU,1423.44,1678.83,-255.38,0.2088
564814,2019,LAA,HOU,1415.14,1682.98,-267.83,0.1972
564912,2019,ARI,SD,1572.71,1383.25,189.46,0.7736
564913,2019,ARI,SD,1575.02,1378.63,196.39,0.7805
565107,2019,BOS,BAL,1517.91,1477.24,40.67,0.592
565492,2019,COL,MIL,1477.65,1639.92,-162.28,0.3109
565493,2019,COL,MIL,1488.32,1632.81,-144.48,0.3332
565782,2019,KC,MIN,1401.61,1587.42,-185.81,0.2826
565975,2019,WSH,CLE,1690.51,1562.29,128.22,0.706
566070,2019,NYM,ATL,1632.69,1628.98,3.7,0.5398
566260,2019,PIT,CIN,1470.97,1510.92,-39.94,0.4771
566451,2019,SEA,OAK,1473.72,1673.19,-199.47,0.267
566452,2019,SEA,OAK,1469.65,1675.9,-206.25,0.2594
566551,2019,SF,LAD,1495.82,1671.13,-175.3,0.2951
566647,2019,STL,CHC,1623.91,1586.36,37.55,0.5877
566847,2019,TEX,NYY,1466.49,1658.21,-191.72,0.2758
566848,2019,TEX,NYY,1495.14,1639.11,-143.97,0.3339
566944,2019,TOR,TB,1492.49,1605.57,-113.08,0.3745
567139,2019,PHI,MIA,1559.14,1435.6,123.54,0.7004
567343,2019,CWS,DET,1494.75,1287.39,207.36,0.7911
630851,2020,WSH,NYY,1633.43,1581.2,52.24,0.608
630966,2020,TB,TOR,1559.31,1512.11,47.2,0.601
631121,2020,PHI,MIA,1534.69,1466.71,67.99,0.6294
631242,2020,NYM,ATL,1592.31,1583.01,9.31,0.5478
631377,2020,LAD,SF,1621.4,1487.08,134.32,0.7133
631563,2020,CLE,KC,1535.94,1443.91,92.03,0.661
631589,2020,CIN,DET,1515.59,1353.06,162.54,0.7453
631641,2020,CHC,MIL,1547.85,1584.33,-36.48,0.482
631664,2020,BOS,BAL,1516.46,1480.29,36.18,0.5857
630899,2020,WSH,NYY,1620.26,1594.37,25.89,0.5713
630941,2020,TEX,COL,1514.76,1499.15,15.61,0.5568
630942,2020,TEX,COL,1522.08,1491.83,30.25,0.5774
630967,2020,TB,TOR,1548.96,1527.63,21.34,0.5649
630989,2020,STL,PIT,1593.02,1472.27,120.75,0.697
630992,2020,STL,PIT,1596.21,1467.5,128.71,0.7066
631091,2020,SD,ARI,1415.69,1551.76,-136.07,0.3441
631108,2020,PHI,MIA,1514.38,1487.02,27.36,0.5734
631181,2020,OAK,LAA,1609.88,1437.92,171.96,0.7555
631182,2020,OAK,LAA,1594.34,1469.0,125.33,0.7026
631241,2020,NYM,ATL,1597.31,1578.01,19.3,0.562
631378,2020,LAD,SF,1630.39,1473.6,156.79,0.739
631382,2020,LAD,SF,1638.96,1460.75,178.21,0.7621
631438,2020,HOU,SEA,1625.21,1491.63,133.58,0.7124
631453,2020,HOU,SEA,1633.65,1478.97,154.68,0.7366
631514,2020,CWS,MIN,1499.85,1553.65,-53.8,0.4572
631515,2020,CWS,MIN,1480.66,1566.45,-85.79,0.412
631565,2020,CLE,KC,1544.52,1432.47,112.05,0.6864
631603,2020,CIN,DET,1526.67,1338.29,188.38,0.7725
631642,2020,CHC,MIL,1564.8,1573.03,-8.23,0.5227
631666,2020,BOS,BAL,1540.77,1455.98,84.79,0.6516
630856,2020,WSH,NYY,1634.36,1580.27,54.09,0.6105
630943,2020,TEX,COL,1512.6,1501.3,11.3,0.5506
630968,2020,TB,TOR,1563.3,1513.29,50.01,0.6049
630993,2020,STL,PIT,1605.95,1452.88,153.07,0.7348
631092,2020,SD,ARI,1451.11,1534.05,-82.95,0.416
631097,2020,SD,ARI,1472.85,1512.32,-39.47,0.4778
631126,2020,PHI,MIA,1534.06,1467.34,66.72,0.6277
631165,2020,OAK,LAA,1601.58,1458.13,143.45,0.7239
631240,2020,NYM,ATL,1587.52,1587.8,-0.29,0.5341
631441,2020,HOU,SEA,1640.7,1468.38,172.32,0.7559
631517,2020,CWS,MIN,1508.9,1547.62,-38.72,0.4788
631566,2020,CLE,KC,1533.65,1446.96,86.7,0.6541
631591,2020,CIN,DET,1507.91,1363.3,144.6,0.7252
631643,2020,CHC,MIL,1549.88,1587.96,-38.08,0.4797
631668,2020,BOS,BAL,1513.79,1482.96,30.82,0.5782
630861,2020,WSH,TOR,1627.75,1506.86,120.89,0.6972
630969,2020,TB,ATL,1567.59,1610.35,-42.77,0.473
631098,2020,SD,ARI,1465.04,1520.12,-55.09,0.4554
631127,2020,PHI,NYY,1507.86,1586.88,-79.02,0.4215
631130,2020,PIT,MIL,1479.42,1569.98,-90.56,0.4054
631168,2020,OAK,LAA,1606.14,1451.3,154.84,0.7368
631339,2020,MIA,BAL,1493.54,1501.94,-8.4,0.5224
631384,2020,LAD,SF,1631.14,1472.48,158.66,0.7411
631442,2020,HOU,SEA,1632.93,1480.04,152.88,0.7346
631489,2020,DET,KC,1378.4,1424.81,-46.42,0.4678
631567,2020,CLE,CWS,1550.26,1479.94,70.32,0.6325
631592,2020,CIN,CHC,1496.59,1576.84,-80.26,0.4197
631669,2020,BOS,NYM,1494.82,1564.97,-70.15,0.434
630866,2020,WSH,TOR,1613.09,1528.85,84.24,0.6509
630970,2020,TB,ATL,1586.63,1591.31,-4.68,0.5278
631129,2020,PHI,NYY,1509.12,1586.04,-76.92,0.4244
631132,2020,PIT,MIL,1472.94,1574.3,-101.35,0.3905
631340,2020,MIA,BAL,1493.16,1502.31,-9.15,0.5214
631490,2020,DET,KC,1346.19,1457.02,-110.84,0.3776
631567,2020,CLE,CWS,1548.84,1482.07,66.76,0.6277
631573,2020,CLE,CWS,1558.36,1472.55,85.82,0.653
631593,2020,CIN,CHC,1489.85,1581.33,-91.49,0.4041
631663,2020,BOS,NYM,1480.82,1574.3,-93.47,0.4013
630272,2020,ATL,TB,1580.86,1597.08,-16.23,0.5112
630495,2020,BAL,NYY,1502.66,1585.23,-82.57,0.4165
630575,2020,BAL,MIA,1483.92,1492.81,-8.89,0.5217
630916,2020,TOR,WSH,1553.07,1596.95,-43.88,0.4714
630940,2020,TEX,ARI,1494.38,1499.6,-5.23,0.527
630944,2020,TEX,ARI,1510.08,1483.9,26.18,0.5717
631014,2020,SF,SD,1490.7,1485.56,5.14,0.5418
631137,2020,PIT,MIL,1488.31,1564.06,-75.75,0.4261
631171,2020,OAK,COL,1611.59,1519.53,92.06,0.6611
631172,2020,OAK,COL,1593.4,1546.82,46.59,0.6002
631219,2020,NYY,PHI,1597.73,1510.34,87.39,0.655
631239,2020,NYM,BOS,1585.33,1464.27,121.06,0.6974
631269,2020,MIN,STL,1576.59,1588.26,-11.67,0.5177
631387,2020,LAA,SEA,1443.12,1471.79,-28.67,0.4933
631443,2020,HOU,LAD,1638.43,1618.99,19.44,0.5622
631444,2020,HOU,LAD,1626.07,1631.35,-5.28,0.5269
631492,2020,DET,KC,1359.33,1447.17,-87.84,0.4092
631569,2020,CLE,CWS,1562.07,1466.99,95.08,0.665
631594,2020,CIN,CHC,1476.94,1589.94,-113.0,0.3747
630346,2020,ATL,TB,1591.62,1586.32,5.3,0.5421
630496,2020,BAL,NYY,1483.56,1596.08,-112.52,0.3753
630591,2020,BAL,MIA,1474.14,1493.17,-19.03,0.5072
630917,2020,TOR,WSH,1541.16,1608.85,-67.69,0.4375
631033,2020,SF,SD,1476.45,1499.81,-23.37,0.5009
631220,2020,NYY,PHI,1602.35,1512.82,89.53,0.6578
631238,2020,NYM,BOS,1578.0,1475.27,102.74,0.6747
631270,2020,MIN,STL,1587.23,1577.62,9.61,0.5482
631271,2020,MIN,CLE,1597.2,1545.65,51.55,0.607
631389,2020,LAA,SEA,1478.29,1445.41,32.88,0.5811
631494,2020,DET,KC,1371.93,1434.56,-62.63,0.4446
631595,2020,CIN,CHC,1502.52,1572.89,-70.37,0.4337
630145,2020,ARI,LAD,1502.7,1640.59,-137.89,0.3417
630275,2020,ATL,NYM,1596.69,1566.67,30.01,0.5771
630592,2020,BAL,TB,1474.02,1581.25,-107.23,0.3825
631018,2020,SF,SD,1484.66,1491.6,-6.93,0.5245
631222,2020,NYY,BOS,1600.67,1492.26,108.41,0.6818
631289,2020,MIL,STL,1573.19,1567.64,5.55,0.5424
631341,2020,MIA,WSH,1493.29,1616.31,-123.02,0.3612
631390,2020,LAA,SEA,1459.24,1470.81,-11.57,0.5179
631480,2020,DET,CIN,1356.73,1503.59,-146.85,0.3302
630201,2020,ARI,LAD,1492.0,1647.72,-155.72,0.319
630278,2020,ATL,NYM,1601.31,1562.04,39.27,0.5901
630492,2020,BAL,TB,1493.61,1568.19,-74.58,0.4277
630918,2020,TOR,PHI,1529.97,1515.34,14.63,0.5554
630919,2020,TOR,PHI,1529.06,1516.26,12.8,0.5528
631019,2020,SF,TEX,1462.18,1491.28,-29.1,0.4927
631066,2020,SEA,OAK,1487.95,1578.27,-90.31,0.4057
631224,2020,NYY,BOS,1608.48,1480.55,127.93,0.7057
631272,2020,MIN,CLE,1586.78,1561.29,25.49,0.5707
631273,2020,MIN,CLE,1596.19,1551.88,44.31,0.5971
631288,2020,MIL,STL,1572.72,1568.11,4.61,0.5411
631342,2020,MIA,WSH,1495.47,1614.85,-119.38,0.3661
631391,2020,LAA,HOU,1442.1,1616.83,-174.73,0.2957
631392,2020,LAA,HOU,1429.95,1622.91,-192.96,0.2744
631410,2020,KC,CWS,1449.76,1491.61,-41.85,0.4743
631413,2020,KC,CWS,1439.44,1499.35,-59.92,0.4485
631469,2020,DET,CIN,1392.73,1476.59,-83.85,0.4147
631539,2020,COL,SD,1569.52,1514.08,55.44,0.6124
631647,2020,CHC,PIT,1572.17,1474.6,97.57,0.6682
630100,2020,ARI,LAD,1508.77,1636.54,-127.78,0.3549
630101,2020,ARI,LAD,1490.23,1648.9,-158.67,0.3153
630280,2020,ATL,NYM,1613.85,1549.5,64.35,0.6245
630493,2020,BAL,TB,1502.82,1562.05,-59.23,0.4495
630907,2020,TOR,PHI,1528.19,1517.13,11.06,0.5503
631020,2020,SF,TEX,1487.17,1466.29,20.88,0.5642
631021,2020,SF,TEX,1503.84,1449.61,54.23,0.6107
631067,2020,SEA,OAK,1503.0,1568.23,-65.23,0.4409
631068,2020,SEA,OAK,1495.88,1572.98,-77.1,0.4242
631210,2020,NYY,BOS,1614.65,1471.29,143.35,0.7238
631274,2020,MIN,CLE,1604.95,1543.12,61.83,0.6211
631289,2020,MIL,STL,1572.27,1568.57,3.7,0.5398
631292,2020,MIL,STL,1571.83,1569.01,2.82,0.5385
631329,2020,MIA,WSH,1497.59,1613.44,-115.86,0.3708
631393,2020,LAA,HOU,1444.74,1615.51,-170.77,0.3005
631415,2020,KC,CWS,1412.25,1519.74,-107.49,0.3821
631469,2020,DET,CIN,1394.56,1475.22,-80.67,0.4192
631470,2020,DET,CIN,1373.73,1490.84,-117.11,0.3691
631540,2020,COL,SD,1562.89,1524.02,38.87,0.5895
631541,2020,COL,SD,1574.46,1506.67,67.78,0.6291
631606,2020,CHC,PIT,1579.22,1464.03,115.19,0.6902
631622,2020,CHC,PIT,1582.49,1459.13,123.35,0.7002
630281,2020,ATL,NYM,1623.25,1535.41,87.84,0.6556
631219,2020,NYY,PHI,1619.2,1517.96,101.24,0.6728
631596,2020,CIN,CLE,1496.67,1533.4,-36.73,0.4817
630284,2020,ATL,TOR,1605.17,1527.35,77.82,0.6425
630575,2020,BAL,MIA,1523.53,1499.63,23.9,0.5685
630874,2020,WSH,NYM,1612.08,1562.52,49.56,0.6043
630971,2020,TB,BOS,1548.25,1464.46,83.79,0.6503
631070,2020,SEA,OAK,1489.06,1577.53,-88.46,0.4083
631090,2020,SD,LAD,1494.7,1655.43,-160.72,0.3128
631275,2020,MIN,PIT,1611.43,1454.41,157.02,0.7392
631276,2020,MIN,PIT,1614.13,1450.36,163.77,0.7467
631293,2020,MIL,CWS,1571.4,1537.93,33.47,0.582
631318,2020,MIA,PHI,1521.35,1507.55,13.8,0.5542
631472,2020,DET,STL,1365.96,1569.43,-203.48,0.2625
631542,2020,COL,SF,1582.44,1480.82,101.62,0.6733
631597,2020,CIN,CLE,1505.15,1524.92,-19.77,0.5061
631645,2020,CHC,KC,1585.64,1388.01,197.63,0.7817
630109,2020,ARI,HOU,1480.44,1618.6,-138.16,0.3414
630307,2020,ATL,TOR,1617.9,1508.27,109.62,0.6833
630497,2020,BAL,NYY,1501.81,1626.14,-124.34,0.3595
630591,2020,BAL,MIA,1504.02,1520.46,-16.44,0.5109
630878,2020,WSH,NYM,1618.88,1555.72,63.17,0.6229
630972,2020,TB,BOS,1561.26,1451.45,109.81,0.6836
630994,2020,STL,DET,1567.02,1370.78,196.24,0.7804
631057,2020,SEA,LAA,1466.47,1438.56,27.92,0.5742
631069,2020,SD,LAD,1505.36,1648.32,-142.97,0.3352
631127,2020,PHI,NYY,1508.45,1624.67,-116.22,0.3703
631140,2020,PIT,MIN,1441.25,1620.2,-178.95,0.2907
631173,2020,OAK,TEX,1592.59,1480.31,112.28,0.6866
631220,2020,NYY,PHI,1630.85,1499.18,131.67,0.7102
631294,2020,MIL,CWS,1561.32,1553.04,8.28,0.5463
631320,2020,MIA,PHI,1528.89,1525.06,3.83,0.54
631339,2020,MIA,BAL,1528.23,1495.58,32.64,0.5808
631471,2020,DET,STL,1376.49,1564.17,-187.68,0.2805
631543,2020,COL,SF,1585.9,1475.62,110.28,0.6842
631570,2020,CLE,CIN,1538.15,1491.93,46.22,0.5997
631608,2020,CHC,KC,1589.16,1380.97,208.19,0.7919
630110,2020,ARI,HOU,1465.44,1628.6,-163.16,0.3098
630111,2020,ARI,HOU,1497.51,1607.23,-109.72,0.3791
630313,2020,ATL,TOR,1610.68,1519.1,91.58,0.6605
630995,2020,STL,DET,1561.92,1380.98,180.95,0.7649
631042,2020,SEA,LAA,1451.53,1458.49,-6.96,0.5245
631043,2020,SEA,LAA,1429.04,1480.97,-51.93,0.4599
631085,2020,SD,LAD,1494.89,1655.3,-160.42,0.3132
631129,2020,PHI,NYY,1525.72,1613.6,-87.87,0.4091
631148,2020,PIT,MIN,1429.33,1626.16,-196.84,0.2699
631174,2020,OAK,TEX,1600.26,1468.79,131.47,0.7099
631175,2020,OAK,TEX,1605.07,1461.58,143.5,0.724
631321,2020,MIA,PHI,1535.1,1535.17,-0.07,0.5344
631340,2020,MIA,BAL,1534.53,1488.71,45.82,0.5991
631417,2020,KC,CHC,1376.75,1591.26,-214.51,0.2504
631425,2020,KC,CHC,1363.67,1597.8,-234.13,0.2298
631518,2020,CWS,MIL,1559.08,1555.29,3.79,0.5399
631544,2020,COL,SF,1592.57,1465.62,126.96,0.7045
631545,2020,COL,SF,1585.19,1476.7,108.49,0.6819
631571,2020,CLE,CIN,1548.48,1481.59,66.89,0.6279
630879,2020,WSH,BAL,1608.24,1482.18,126.06,0.7035
630974,2020,TB,NYY,1542.59,1607.29,-64.7,0.4417
631105,2020,PIT,DET,1444.19,1386.41,57.78,0.6156
631131,2020,PHI,ATL,1535.75,1614.29,-78.55,0.4221
631237,2020,NYM,MIA,1566.36,1541.06,25.3,0.5705
631513,2020,CWS,MIL,1553.1,1561.27,-8.17,0.5228
631623,2020,BOS,TOR,1479.44,1513.68,-34.23,0.4853
630880,2020,WSH,BAL,1581.79,1521.86,59.93,0.6185
630920,2020,TEX,LAA,1454.74,1472.19,-17.45,0.5094
630935,2020,TEX,LAA,1462.84,1464.1,-1.26,0.5327
630962,2020,TB,NYY,1551.62,1601.28,-49.66,0.4631
630973,2020,TB,NYY,1539.95,1612.94,-72.99,0.43
630996,2020,STL,CHC,1559.21,1570.13,-10.92,0.5188
631045,2020,SEA,COL,1440.75,1590.51,-149.77,0.3265
631073,2020,SD,ARI,1490.03,1507.35,-17.32,0.5096
631106,2020,PIT,DET,1413.3,1417.3,-4.0,0.5288
631133,2020,PHI,ATL,1537.0,1613.46,-76.46,0.4251
631176,2020,OAK,HOU,1609.63,1600.67,8.96,0.5473
631177,2020,OAK,HOU,1614.63,1595.67,18.96,0.5615
631236,2020,NYM,MIA,1560.11,1550.44,9.66,0.5483
631295,2020,MIL,CIN,1576.2,1458.72,117.48,0.6931
631296,2020,MIL,CIN,1557.34,1487.01,70.33,0.6325
631358,2020,LAD,SF,1658.54,1468.71,189.84,0.774
631419,2020,KC,MIN,1419.03,1618.73,-199.7,0.2667
631420,2020,KC,MIN,1433.94,1611.28,-177.34,0.2926
631503,2020,CWS,CLE,1538.17,1571.35,-33.19,0.4868
631504,2020,CWS,CLE,1515.77,1586.29,-70.51,0.4335
631658,2020,BOS,TOR,1492.81,1500.31,-7.5,0.5237
630882,2020,WSH,BAL,1571.21,1537.73,33.47,0.582
630922,2020,TEX,LAA,1475.16,1451.78,23.37,0.5678
630946,2020,TB,NYY,1554.5,1603.24,-48.74,0.4645
630997,2020,STL,CHC,1559.0,1570.33,-11.33,0.5182
630998,2020,STL,CHC,1558.8,1570.54,-11.73,0.5176
631046,2020,SEA,COL,1425.0,1598.39,-173.39,0.2974
631047,2020,SEA,COL,1409.2,1606.29,-197.09,0.2697
631074,2020,SD,ARI,1506.22,1491.16,15.06,0.556
631075,2020,SD,ARI,1497.03,1500.35,-3.31,0.5297
631110,2020,PIT,DET,1380.43,1450.16,-69.73,0.4346
631131,2020,PHI,ATL,1560.89,1597.53,-36.64,0.4818
631136,2020,PHI,ATL,1544.23,1614.19,-69.96,0.4342
631178,2020,OAK,HOU,1622.27,1588.02,34.25,0.583
631235,2020,NYM,MIA,1571.69,1538.86,32.83,0.5811
631297,2020,MIL,CIN,1543.74,1507.4,36.34,0.586
631343,2020,LAD,SF,1664.51,1459.76,204.75,0.7886
631373,2020,LAD,SF,1656.5,1471.76,184.74,0.7688
631421,2020,KC,MIN,1462.98,1596.76,-133.78,0.3471
631506,2020,CWS,CLE,1530.25,1576.64,-46.39,0.4678
631630,2020,BOS,TOR,1484.13,1509.0,-24.87,0.4987
631138,2020,PHI,ATL,1530.23,1623.53,-93.3,0.4016
631233,2020,NYM,WSH,1578.94,1556.44,22.5,0.5665
631473,2020,DET,CWS,1457.17,1522.62,-65.45,0.4406
631631,2020,BOS,TB,1497.19,1560.31,-63.12,0.4439
630901,2020,TOR,MIA,1495.93,1527.98,-32.05,0.4884
630923,2020,TEX,SEA,1491.68,1432.76,58.91,0.6171
630999,2020,STL,PIT,1558.61,1371.09,187.52,0.7716
631139,2020,PHI,BAL,1554.91,1559.88,-4.96,0.5274
631192,2020,NYY,ATL,1597.43,1607.07,-9.63,0.5207
631243,2020,NYM,WSH,1555.93,1579.46,-23.53,0.5007
631298,2020,MIL,MIN,1562.76,1585.94,-23.18,0.5012
631346,2020,LAD,SD,1662.0,1515.17,146.83,0.7278
631395,2020,LAA,OAK,1435.26,1634.04,-198.78,0.2677
631445,2020,HOU,SF,1576.25,1463.52,112.73,0.6872
631474,2020,DET,CWS,1478.15,1501.64,-23.49,0.5007
631546,2020,COL,ARI,1594.51,1482.21,112.3,0.6867
631572,2020,CLE,CHC,1581.72,1570.73,10.99,0.5502
631598,2020,CIN,KC,1488.38,1479.21,9.17,0.5476
631646,2020,BOS,TB,1490.02,1565.1,-75.08,0.427
630902,2020,TOR,MIA,1504.32,1519.59,-15.27,0.5126
630924,2020,TEX,SEA,1459.98,1475.02,-15.04,0.5129
630987,2020,STL,PIT,1555.83,1376.64,179.19,0.7631
631000,2020,STL,PIT,1553.13,1382.04,171.09,0.7546
631141,2020,PHI,BAL,1549.08,1565.71,-16.63,0.5106
631208,2020,NYY,ATL,1608.02,1596.48,11.54,0.551
631232,2020,NYM,WSH,1550.44,1584.95,-34.52,0.4849
631299,2020,MIL,MIN,1554.04,1594.66,-40.61,0.4761
631300,2020,MIL,MIN,1563.09,1585.61,-22.53,0.5021
631347,2020,LAD,SD,1654.43,1526.52,127.91,0.7057
631396,2020,LAA,OAK,1450.16,1626.59,-176.43,0.2937
631397,2020,LAA,OAK,1480.7,1606.24,-125.54,0.3579
631446,2020,HOU,SF,1581.48,1455.68,125.81,0.7032
631447,2020,HOU,SF,1574.11,1466.74,107.37,0.6805
631475,2020,DET,CWS,1459.02,1520.78,-61.76,0.4459
631535,2020,COL,ARI,1577.68,1507.44,70.24,0.6324
631547,2020,COL,ARI,1558.6,1536.06,22.54,0.5666
631568,2020,CLE,CHC,1564.67,1587.77,-23.1,0.5013
631599,2020,CIN,KC,1495.87,1471.71,24.16,0.5689
631648,2020,BOS,TB,1470.73,1577.95,-107.22,0.3825
630926,2020,TEX,SEA,1472.74,1462.26,10.47,0.5495
631142,2020,PHI,BAL,1540.65,1571.33,-30.68,0.4904
631231,2020,NYM,WSH,1564.98,1570.41,-5.44,0.5267
631350,2020,LAD,SD,1637.26,1552.28,84.98,0.6519
631471,2020,DET,STL,1447.58,1550.51,-102.93,0.3883
631472,2020,DET,STL,1449.95,1549.33,-99.38,0.3932
631600,2020,CIN,PIT,1486.51,1387.28,99.24,0.6703
631609,2020,CHC,MIL,1602.0,1544.02,57.98,0.6158
631650,2020,BOS,TB,1456.64,1587.35,-130.7,0.3511
630882,2020,WSH,BAL,1555.71,1587.42,-31.71,0.4889
630903,2020,TOR,TB,1487.38,1599.55,-112.18,0.3758
631150,2020,PHI,NYM,1516.51,1579.68,-63.17,0.4439
631196,2020,NYY,BOS,1617.93,1438.33,179.6,0.7635
631322,2020,MIA,ATL,1536.53,1586.57,-50.05,0.4626
631351,2020,LAD,SD,1647.69,1541.84,105.85,0.6786
631476,2020,DET,CLE,1452.21,1550.45,-98.24,0.3948
631601,2020,CIN,PIT,1465.18,1415.73,49.45,0.6042
631683,2020,BAL,WSH,1599.83,1543.3,56.53,0.6139
630115,2020,ARI,SD,1528.93,1524.9,4.03,0.5402
630568,2020,BAL,WSH,1575.27,1580.14,-4.87,0.5275
630905,2020,TOR,TB,1518.7,1578.67,-59.97,0.4484
631022,2020,SF,OAK,1454.98,1614.95,-159.98,0.3137
631023,2020,SF,OAK,1450.11,1618.2,-168.09,0.3038
631151,2020,PHI,NYM,1525.5,1573.68,-48.18,0.4653
631197,2020,NYY,BOS,1625.2,1423.78,201.42,0.7854
631279,2020,MIN,KC,1604.68,1481.07,123.61,0.7005
631279,2020,MIN,KC,1602.58,1484.23,118.35,0.6941
631280,2020,MIN,KC,1591.0,1501.6,89.4,0.6576
631330,2020,MIA,ATL,1561.07,1570.21,-9.15,0.5214
631381,2020,LAA,LAD,1467.62,1658.99,-191.37,0.2762
631448,2020,HOU,SEA,1581.95,1447.35,134.61,0.7136
631449,2020,HOU,SEA,1592.31,1426.64,165.67,0.7487
631477,2020,DET,CLE,1435.96,1561.28,-125.32,0.3582
631507,2020,CWS,STL,1532.21,1547.63,-15.42,0.5124
631507,2020,CWS,STL,1532.01,1547.83,-15.82,0.5118
631508,2020,CWS,STL,1515.1,1564.74,-49.63,0.4632
631516,2020,COL,TEX,1563.36,1487.66,75.7,0.6397
631602,2020,CIN,PIT,1484.5,1389.97,94.53,0.6643
631610,2020,CHC,MIL,1608.58,1534.15,74.43,0.638
631611,2020,CHC,MIL,1601.73,1544.41,57.32,0.6149
630116,2020,ARI,SD,1546.65,1507.17,39.48,0.5904
630117,2020,ARI,SD,1553.35,1500.48,52.87,0.6089
630872,2020,TOR,TB,1511.44,1583.52,-72.08,0.4313
630905,2020,TOR,TB,1500.43,1590.86,-90.43,0.4056
631024,2020,SF,OAK,1445.42,1621.33,-175.91,0.2943
631124,2020,PHI,NYM,1545.72,1560.21,-14.49,0.5137
631198,2020,NYY,BOS,1631.32,1411.54,219.78,0.8027
631252,2020,MIN,KC,1596.78,1492.92,103.86,0.6761
631324,2020,MIA,ATL,1555.31,1575.97,-20.66,0.5048
631363,2020,LAA,LAD,1459.16,1664.62,-205.46,0.2603
631364,2020,LAA,LAD,1455.2,1667.26,-212.06,0.253
631450,2020,HOU,SEA,1594.9,1421.45,173.44,0.7571
631479,2020,DET,CLE,1424.05,1567.24,-143.19,0.3349
631491,2020,CWS,STL,1497.61,1576.4,-78.8,0.4218
631521,2020,COL,TEX,1556.5,1497.95,58.56,0.6166
631533,2020,COL,TEX,1566.12,1483.52,82.6,0.6488
631590,2020,CIN,PIT,1481.88,1393.46,88.42,0.6564
631612,2020,CHC,MIL,1595.08,1554.38,40.7,0.5921
631679,2020,BAL,WSH,1587.41,1568.0,19.41,0.5621
630316,2020,ATL,WSH,1588.85,1574.18,14.67,0.5554
630996,2020,STL,CHC,1560.4,1588.64,-28.24,0.4939
631199,2020,NYY,BOS,1634.47,1405.23,229.24,0.8112
631325,2020,MIA,NYM,1542.43,1547.76,-5.33,0.5268
631613,2020,CHC,STL,1594.05,1554.99,39.05,0.5898
631678,2020,BAL,TOR,1581.23,1493.95,87.28,0.6549
630118,2020,ARI,OAK,1557.58,1632.51,-74.93,0.4272
630174,2020,ARI,OAK,1563.73,1626.37,-62.64,0.4446
630322,2020,ATL,WSH,1593.75,1569.28,24.46,0.5693
630927,2020,TEX,SD,1500.01,1494.12,5.88,0.5429
630928,2020,TEX,SD,1468.85,1525.28,-56.44,0.4535
631114,2020,PIT,CLE,1396.79,1574.22,-177.42,0.2925
631200,2020,NYY,TB,1638.27,1595.18,43.09,0.5954
631258,2020,MIN,KC,1602.22,1484.77,117.45,0.693
631326,2020,MIA,NYM,1516.2,1573.99,-57.79,0.4515
631352,2020,LAD,SEA,1673.88,1416.46,257.42,0.8348
631353,2020,LAD,SEA,1676.48,1411.26,265.22,0.8409
631365,2020,LAA,SF,1445.28,1423.05,22.23,0.5661
631366,2020,LAA,SF,1454.81,1413.52,41.29,0.5929
631451,2020,HOU,COL,1597.4,1555.13,42.27,0.5942
631452,2020,HOU,COL,1601.81,1550.71,51.1,0.6064
631493,2020,CWS,DET,1521.61,1410.1,111.51,0.6857
631651,2020,BOS,PHI,1397.65,1564.38,-166.73,0.3054
631681,2020,BAL,TOR,1563.17,1521.04,42.14,0.594
630323,2020,ATL,WSH,1581.26,1581.77,-0.51,0.5337
630997,2020,STL,CHC,1565.18,1583.86,-18.68,0.5077
631120,2020,PIT,CLE,1384.79,1580.22,-195.43,0.2715
631201,2020,NYY,TB,1625.32,1608.13,17.19,0.559
631260,2020,MIN,MIL,1608.68,1560.83,47.85,0.602
631327,2020,MIA,NYM,1497.28,1586.61,-89.32,0.4071
631418,2020,KC,CIN,1475.07,1479.38,-4.3,0.5283
631422,2020,KC,CIN,1493.26,1461.19,32.07,0.58
631422,2020,KC,CIN,1491.95,1462.5,29.44,0.5763
631496,2020,CWS,DET,1534.48,1392.95,141.53,0.7217
631620,2020,CHC,STL,1592.71,1556.33,36.38,0.586
631621,2020,CHC,STL,1601.74,1547.3,54.44,0.611
631652,2020,BOS,PHI,1378.76,1573.82,-195.07,0.272
631682,2020,BAL,TOR,1556.71,1530.73,25.98,0.5714
630918,2020,TOR,PHI,1549.52,1558.99,-9.47,0.5209
630919,2020,TOR,PHI,1557.46,1553.7,3.76,0.5399
631025,2020,SF,LAA,1449.76,1427.63,22.13,0.566
631048,2020,SEA,LAD,1408.11,1678.05,-269.94,0.1953
631049,2020,SEA,LAD,1433.31,1665.46,-232.15,0.2318
631076,2020,SD,TEX,1536.94,1457.19,79.75,0.645
631118,2020,PIT,CLE,1370.49,1587.37,-216.88,0.2478
631179,2020,OAK,ARI,1606.47,1583.62,22.85,0.567
631202,2020,NYY,TB,1615.57,1617.88,-2.31,0.5312
631248,2020,MIN,MIL,1613.0,1556.51,56.49,0.6138
631249,2020,MIN,MIL,1624.73,1544.79,79.94,0.6453
631323,2020,MIA,NYM,1486.97,1593.48,-106.52,0.3834
631497,2020,CWS,DET,1546.69,1376.67,170.02,0.7534
631498,2020,CWS,DET,1552.72,1368.62,184.1,0.7682
631522,2020,COL,HOU,1546.45,1606.08,-59.63,0.4489
631523,2020,COL,HOU,1524.63,1620.62,-95.98,0.3979
631684,2020,BAL,BOS,1544.18,1408.42,135.76,0.715
630324,2020,ATL,PHI,1580.89,1548.61,32.28,0.5803
630886,2020,WSH,MIA,1582.15,1488.82,93.33,0.6627
630960,2020,TB,TOR,1633.09,1562.55,70.54,0.6328
630986,2020,STL,CIN,1575.14,1486.96,88.18,0.6561
631026,2020,SF,LAA,1474.39,1402.99,71.4,0.6339
631077,2020,SD,TEX,1548.34,1445.79,102.55,0.6745
631103,2020,PIT,MIL,1362.56,1573.87,-211.31,0.2538
631180,2020,OAK,ARI,1615.98,1574.12,41.86,0.5937
631230,2020,NYM,NYY,1592.25,1600.35,-8.1,0.5229
631548,2020,CLE,DET,1591.33,1352.86,238.48,0.8192
631665,2020,BAL,BOS,1512.73,1450.36,62.38,0.6218
630338,2020,ATL,PHI,1596.12,1525.75,70.38,0.6326
630890,2020,WSH,MIA,1575.1,1499.39,75.71,0.6397
630948,2020,TB,TOR,1626.29,1569.35,56.94,0.6144
630990,2020,STL,CIN,1578.81,1481.46,97.35,0.6679
631027,2020,SF,ARI,1489.64,1563.85,-74.21,0.4282
631050,2020,SEA,TEX,1421.29,1438.89,-17.61,0.5092
631078,2020,SD,HOU,1553.51,1627.32,-73.81,0.4288
631104,2020,PIT,MIL,1401.59,1554.35,-152.76,0.3227
631154,2020,OAK,LAA,1626.25,1382.66,243.58,0.8235
631186,2020,OAK,LAA,1618.03,1399.11,218.92,0.8019
631229,2020,NYM,NYY,1592.0,1600.61,-8.61,0.5221
631341,2020,MIA,WSH,1493.6,1578.96,-85.36,0.4126
631348,2020,LAD,COL,1671.47,1514.58,156.88,0.7391
631403,2020,KC,MIN,1467.49,1605.34,-137.85,0.3418
631409,2020,KC,MIN,1453.66,1614.56,-160.9,0.3126
631564,2020,CLE,DET,1570.15,1395.23,174.91,0.7586
631633,2020,CHC,CWS,1583.18,1560.61,22.57,0.5666
631667,2020,BAL,BOS,1492.62,1470.48,22.14,0.566
630273,2020,ATL,PHI,1600.07,1519.82,80.25,0.6457
630897,2020,WSH,MIA,1569.02,1508.51,60.51,0.6193
630949,2020,TB,TOR,1630.46,1565.18,65.27,0.6257
630976,2020,STL,CIN,1567.57,1498.32,69.25,0.6311
630991,2020,STL,CIN,1576.78,1484.51,92.27,0.6614
631028,2020,SF,ARI,1511.0,1549.61,-38.6,0.479
631029,2020,SF,ARI,1530.78,1529.83,0.95,0.5359
631051,2020,SEA,TEX,1442.89,1417.29,25.59,0.5709
631052,2020,SEA,TEX,1474.14,1386.04,88.1,0.656
631079,2020,SD,HOU,1559.64,1621.19,-61.55,0.4462
631080,2020,SD,HOU,1581.06,1599.77,-18.71,0.5076
631107,2020,PIT,MIL,1443.73,1533.28,-89.55,0.4068
631170,2020,OAK,LAA,1621.19,1392.78,228.42,0.8105
631234,2020,NYM,NYY,1591.75,1600.85,-9.1,0.5214
631349,2020,LAD,COL,1677.74,1505.18,172.56,0.7561
631354,2020,LAD,COL,1680.25,1501.41,178.83,0.7627
631412,2020,KC,MIN,1481.21,1596.2,-114.99,0.372
631551,2020,CLE,DET,1576.56,1382.41,194.14,0.7783
631638,2020,CHC,CWS,1562.51,1581.27,-18.76,0.5075
631639,2020,CHC,CWS,1551.35,1592.43,-41.08,0.4754
631670,2020,BAL,BOS,1499.76,1463.33,36.44,0.5861
630898,2020,WSH,MIA,1580.56,1491.2,89.35,0.6576
630950,2020,TB,TOR,1634.49,1561.15,73.34,0.6365
631468,2020,DET,CHC,1414.14,1557.06,-142.92,0.3352
631552,2020,CLE,MIN,1560.69,1600.12,-39.42,0.4778
630193,2020,ARI,COL,1509.88,1489.84,20.04,0.563
630360,2020,ATL,NYY,1593.16,1601.09,-7.92,0.5231
630855,2020,WSH,PHI,1566.54,1530.19,36.35,0.586
630862,2020,TOR,BOS,1571.98,1456.55,115.43,0.6905
630929,2020,TEX,OAK,1371.36,1623.1,-251.73,0.2123
630951,2020,TB,BAL,1623.66,1506.54,117.12,0.6926
630977,2020,STL,KC,1583.99,1475.33,108.66,0.6821
631227,2020,NYM,MIA,1591.52,1512.23,79.29,0.6444
631301,2020,MIL,CIN,1523.8,1473.69,50.11,0.6051
631323,2020,MIA,NYM,1536.25,1575.5,-39.25,0.4781
631423,2020,HOU,LAA,1591.19,1388.97,202.22,0.7862
631426,2020,HOU,LAA,1595.53,1380.28,215.25,0.7985
631439,2020,HOU,LAA,1571.33,1428.68,142.65,0.723
631467,2020,DET,CHC,1394.54,1566.86,-172.33,0.2986
631553,2020,CLE,MIN,1555.49,1605.32,-49.84,0.4629
630194,2020,ARI,COL,1500.6,1499.12,1.47,0.5366
630360,2020,ATL,NYY,1592.91,1601.34,-8.43,0.5224
630361,2020,ATL,NYY,1598.19,1596.07,2.12,0.5375
630853,2020,WSH,PHI,1550.01,1554.98,-4.96,0.5274
630863,2020,TOR,BOS,1560.45,1473.85,86.59,0.654
630930,2020,TEX,OAK,1387.04,1615.26,-228.22,0.2359
630952,2020,TB,BAL,1628.79,1498.84,129.95,0.7081
630978,2020,STL,KC,1593.42,1461.18,132.24,0.7108
631015,2020,SF,LAD,1550.73,1687.96,-137.23,0.3426
631081,2020,SD,SEA,1589.64,1485.15,104.5,0.6769
631226,2020,NYM,MIA,1564.12,1553.31,10.81,0.5499
631302,2020,MIL,CIN,1533.98,1463.51,70.47,0.6327
631440,2020,HOU,LAA,1579.99,1411.37,168.61,0.7519
631455,2020,DET,CHC,1435.04,1546.61,-111.58,0.3766
631499,2020,CWS,PIT,1586.72,1456.37,130.35,0.7086
631500,2020,CWS,PIT,1593.81,1445.75,148.06,0.7292
631554,2020,CLE,MIN,1564.72,1596.09,-31.37,0.4894
630099,2020,ARI,COL,1491.67,1508.04,-16.37,0.511
630203,2020,ARI,COL,1483.24,1516.48,-33.24,0.4867
630865,2020,TOR,BOS,1572.15,1456.3,115.85,0.6911
630896,2020,WSH,PHI,1544.18,1560.81,-16.63,0.5106
630931,2020,TEX,OAK,1372.82,1622.37,-249.54,0.2144
630932,2020,TEX,OAK,1366.05,1625.75,-259.7,0.2048
630953,2020,TB,BAL,1631.85,1494.26,137.59,0.7171
630979,2020,STL,KC,1585.98,1472.33,113.65,0.6883
630999,2020,STL,PIT,1589.27,1428.86,160.41,0.743
631000,2020,STL,PIT,1581.59,1444.22,137.37,0.7169
631001,2020,SF,LAD,1561.61,1677.08,-115.47,0.3713
631001,2020,SF,LAD,1562.97,1675.73,-112.76,0.375
631017,2020,SF,LAD,1556.7,1682.0,-125.3,0.3582
631082,2020,SD,SEA,1571.12,1512.94,58.18,0.6161
631082,2020,SD,SEA,1569.86,1514.82,55.05,0.6118
631083,2020,SD,SEA,1552.75,1540.49,12.27,0.552
631223,2020,NYM,MIA,1569.09,1548.35,20.75,0.564
631290,2020,MIL,CIN,1539.9,1457.59,82.31,0.6484
631303,2020,MIL,CIN,1513.02,1484.47,28.56,0.5751
631303,2020,MIL,CIN,1511.79,1485.7,26.09,0.5716
631456,2020,DET,MIN,1448.2,1584.92,-136.73,0.3432
630871,2020,TOR,BAL,1570.14,1497.66,72.48,0.6354
631125,2020,PHI,ATL,1560.93,1610.08,-49.15,0.4639
631203,2020,NYY,NYM,1584.17,1568.39,15.78,0.557
631230,2020,NYM,NYY,1578.11,1574.45,3.66,0.5397
631304,2020,MIA,TB,1549.4,1629.58,-80.18,0.4198
631456,2020,DET,MIN,1451.47,1583.29,-131.82,0.3496
631457,2020,DET,MIN,1453.83,1581.71,-127.88,0.3548
631501,2020,CWS,KC,1602.25,1467.4,134.84,0.7139
631582,2020,CIN,CHC,1512.08,1536.74,-24.66,0.499
631653,2020,BOS,WSH,1459.32,1544.0,-84.69,0.4135
630216,2020,ARI,SF,1483.45,1545.42,-61.97,0.4456
630906,2020,TOR,BAL,1574.05,1491.78,82.27,0.6483
630933,2020,TEX,LAD,1371.91,1693.27,-321.36,0.1529
630934,2020,TEX,LAD,1409.97,1674.24,-264.27,0.2005
630980,2020,STL,CLE,1569.73,1575.89,-6.16,0.5257
630981,2020,STL,CLE,1548.22,1597.4,-49.18,0.4638
631134,2020,PHI,ATL,1572.56,1598.45,-25.89,0.4973
631204,2020,NYY,NYM,1569.35,1583.21,-13.85,0.5146
631277,2020,MIL,PIT,1485.41,1467.94,17.47,0.5594
631291,2020,MIL,PIT,1492.68,1460.67,32.01,0.5799
631319,2020,MIA,TB,1538.72,1636.7,-97.98,0.3951
631394,2020,LAA,SEA,1416.56,1525.66,-109.1,0.3799
631427,2020,HOU,OAK,1577.39,1622.82,-45.43,0.4692
631427,2020,HOU,OAK,1577.73,1622.49,-44.76,0.4702
631428,2020,HOU,OAK,1589.24,1610.97,-21.73,0.5033
631457,2020,DET,MIN,1456.11,1580.19,-124.08,0.3598
631458,2020,DET,MIN,1472.09,1569.54,-97.45,0.3958
631502,2020,CWS,KC,1605.24,1462.92,142.32,0.7226
631524,2020,COL,SD,1516.26,1562.63,-46.37,0.4679
631581,2020,CIN,CHC,1520.32,1528.5,-8.18,0.5228
631595,2020,CIN,CHC,1502.99,1545.83,-42.84,0.4729
631654,2020,BOS,WSH,1438.32,1565.0,-126.68,0.3564
630217,2020,ARI,SF,1501.4,1527.48,-26.08,0.497
630219,2020,ARI,SF,1485.05,1543.82,-58.77,0.4501
630852,2020,TOR,BAL,1583.77,1477.21,106.56,0.6795
630921,2020,TEX,LAD,1402.03,1678.21,-276.18,0.1897
630982,2020,STL,CLE,1540.67,1602.43,-61.76,0.4459
631135,2020,PHI,ATL,1583.58,1587.43,-3.85,0.529
631205,2020,NYY,NYM,1574.7,1577.86,-3.15,0.53
631229,2020,NYM,NYY,1572.65,1579.91,-7.26,0.5241
631278,2020,MIL,PIT,1514.51,1438.84,75.68,0.6396
631306,2020,MIA,TB,1524.11,1646.44,-122.33,0.3621
631369,2020,LAA,SEA,1429.67,1515.83,-86.17,0.4115
631371,2020,LAA,SEA,1477.49,1479.96,-2.47,0.5309
631429,2020,HOU,OAK,1597.89,1602.33,-4.44,0.5281
631459,2020,DET,MIN,1499.11,1551.53,-52.42,0.4592
631505,2020,CWS,KC,1590.18,1485.5,104.68,0.6772
631525,2020,COL,SD,1494.86,1576.9,-82.03,0.4173
631526,2020,COL,SD,1504.21,1570.67,-66.46,0.4392
631584,2020,CIN,CHC,1511.59,1537.23,-25.63,0.4976
631655,2020,BOS,WSH,1459.71,1554.31,-94.59,0.3998
630900,2020,TOR,BAL,1587.16,1472.12,115.04,0.6901
631143,2020,PHI,WSH,1574.3,1539.49,34.81,0.5838
631206,2020,NYY,TB,1591.49,1656.28,-64.79,0.4416
631223,2020,NYM,MIA,1561.06,1509.36,51.71,0.6073
631281,2020,MIL,PIT,1490.63,1470.68,19.95,0.5629
631374,2020,LAA,SEA,1468.67,1488.79,-20.12,0.5056
631585,2020,CIN,STL,1484.41,1563.85,-79.44,0.4209
631656,2020,BOS,ATL,1481.94,1596.71,-114.77,0.3723
631109,2020,PIT,CHC,1463.48,1564.41,-100.94,0.3911
631153,2020,PHI,WSH,1581.5,1528.68,52.82,0.6088
631207,2020,NYY,TB,1583.95,1663.82,-79.87,0.4203
631247,2020,MIN,CWS,1545.67,1597.02,-51.35,0.4607
631287,2020,MIL,DET,1497.84,1507.9,-10.06,0.52
631307,2020,MIA,TOR,1525.0,1579.89,-54.89,0.4557
631414,2020,KC,CLE,1475.25,1586.98,-111.73,0.3764
631527,2020,COL,SD,1478.79,1587.62,-108.83,0.3803
631586,2020,CIN,STL,1473.7,1570.99,-97.29,0.3961
631657,2020,BOS,ATL,1470.17,1604.56,-134.39,0.3463
631671,2020,BAL,NYM,1483.03,1550.63,-67.6,0.4376
631053,2020,SEA,OAK,1497.12,1602.64,-105.52,0.3848
631111,2020,PIT,CHC,1457.26,1568.56,-111.3,0.3769
631145,2020,PHI,WSH,1593.4,1510.84,82.55,0.6487
631194,2020,NYY,TB,1593.79,1653.98,-60.2,0.4481
631261,2020,MIN,CWS,1530.69,1607.01,-76.31,0.4253
631283,2020,MIL,DET,1466.96,1538.77,-71.81,0.4316
631308,2020,MIA,TOR,1533.84,1574.0,-40.16,0.4768
631355,2020,LAD,ARI,1683.04,1470.47,212.58,0.7961
631416,2020,KC,CLE,1485.12,1580.4,-95.27,0.3988
631430,2020,HOU,TEX,1597.58,1392.37,205.21,0.7891
631528,2020,COL,SF,1461.86,1558.41,-96.55,0.3971
631529,2020,COL,SF,1434.98,1576.33,-141.35,0.3373
631587,2020,CIN,STL,1449.05,1587.42,-138.37,0.3411
631624,2020,BOS,ATL,1453.88,1615.42,-161.53,0.3118
631673,2020,BAL,NYM,1504.11,1536.58,-32.48,0.4878
631054,2020,SEA,OAK,1498.95,1601.42,-102.47,0.389
631055,2020,SEA,OAK,1500.71,1600.24,-99.53,0.393
631112,2020,PIT,CHC,1440.5,1579.73,-139.23,0.34
631146,2020,PHI,WSH,1600.91,1499.58,101.33,0.6729
631234,2020,NYM,NYY,1557.26,1584.11,-26.86,0.4959
631253,2020,MIN,CWS,1539.93,1600.85,-60.91,0.4471
631356,2020,LAD,ARI,1687.17,1464.28,222.89,0.8055
631368,2020,LAA,SD,1460.34,1598.9,-138.56,0.3409
631379,2020,LAA,SD,1476.69,1588.0,-111.31,0.3769
631404,2020,KC,CLE,1463.99,1594.48,-130.48,0.3514
631431,2020,HOU,TEX,1589.57,1408.38,181.2,0.7652
631432,2020,HOU,TEX,1591.98,1403.56,188.42,0.7725
631614,2020,BOS,TOR,1446.22,1579.19,-132.97,0.3481
630323,2020,ATL,WSH,1620.52,1494.38,126.15,0.7036
630371,2020,ATL,WSH,1613.14,1505.45,107.7,0.6809
630497,2020,BAL,NYY,1483.44,1575.36,-91.92,0.4035
630865,2020,TOR,BOS,1587.65,1429.32,158.33,0.7407
630954,2020,TB,MIA,1663.66,1526.05,137.61,0.7171
631113,2020,PIT,CIN,1472.47,1462.8,9.67,0.5483
631221,2020,NYM,PHI,1566.01,1604.37,-38.36,0.4793
631262,2020,MIN,DET,1566.78,1520.46,46.32,0.5998
631370,2020,LAD,ARI,1689.13,1461.34,227.79,0.8099
631405,2020,KC,CWS,1449.73,1582.94,-133.21,0.3478
631456,2020,DET,MIN,1510.13,1573.67,-63.55,0.4433
631555,2020,CLE,MIL,1603.99,1485.27,118.71,0.6946
631602,2020,CIN,PIT,1477.19,1458.08,19.12,0.5617
631649,2020,BOS,TOR,1444.64,1579.98,-135.34,0.345
631674,2020,BAL,NYY,1502.49,1562.66,-60.17,0.4481
630383,2020,ATL,WSH,1622.61,1491.24,131.37,0.7098
630955,2020,TB,MIA,1666.61,1521.62,144.99,0.7257
630998,2020,STL,CHC,1580.55,1563.75,16.8,0.5584
631003,2020,SF,ARI,1562.52,1454.69,107.83,0.6811
631041,2020,SEA,TEX,1502.42,1392.77,109.64,0.6834
631115,2020,PIT,CIN,1467.34,1467.93,-0.59,0.5336
631156,2020,OAK,SD,1599.11,1599.94,-0.83,0.5333
631157,2020,OAK,SD,1581.37,1617.67,-36.3,0.4823
631228,2020,NYM,PHI,1557.73,1612.65,-54.93,0.4556
631264,2020,MIN,DET,1578.45,1502.96,75.49,0.6394
631345,2020,LAD,COL,1693.56,1462.61,230.96,0.8127
631357,2020,LAA,HOU,1458.78,1597.37,-138.59,0.3408
631388,2020,LAA,HOU,1469.1,1590.5,-121.4,0.3634
631406,2020,KC,CWS,1430.93,1592.35,-161.42,0.3119
631408,2020,KC,CWS,1418.03,1598.79,-180.76,0.2886
631440,2020,HOU,LAA,1583.81,1479.13,104.67,0.6771
631556,2020,CLE,MIL,1583.47,1516.05,67.42,0.6286
631607,2020,CHC,STL,1552.46,1591.83,-39.37,0.4779
631625,2020,BOS,TOR,1437.43,1583.59,-146.15,0.3311
631644,2020,CHC,STL,1544.21,1600.08,-55.88,0.4543
631675,2020,BAL,NYY,1495.23,1567.49,-72.26,0.431
630491,2020,ATL,WSH,1601.76,1522.52,79.24,0.6443
630956,2020,TB,MIA,1649.08,1547.92,101.16,0.6727
631004,2020,SF,ARI,1555.32,1465.49,89.83,0.6582
631005,2020,SF,ARI,1558.96,1460.03,98.93,0.6699
631030,2020,SEA,TEX,1512.45,1379.39,133.06,0.7118
631044,2020,SEA,TEX,1516.97,1373.37,143.61,0.7241
631116,2020,PIT,CIN,1446.73,1488.53,-41.8,0.4744
631158,2020,OAK,SD,1594.48,1604.56,-10.07,0.52
631209,2020,NYM,PHI,1571.41,1598.98,-27.57,0.4949
631254,2020,MIN,DET,1582.32,1497.16,85.16,0.6521
631328,2020,LAD,COL,1697.93,1456.06,241.87,0.8221
631359,2020,LAA,HOU,1489.89,1576.64,-86.75,0.4107
631407,2020,KC,CWS,1408.66,1603.48,-194.82,0.2722
631557,2020,CLE,MIL,1587.47,1510.06,77.41,0.6419
631604,2020,CHC,STL,1561.92,1588.28,-26.36,0.4966
631626,2020,BOS,TOR,1451.35,1576.63,-125.29,0.3582
631676,2020,BAL,NYY,1518.92,1551.7,-32.78,0.4874
630415,2020,ATL,MIA,1613.18,1542.71,70.47,0.6327
630857,2020,WSH,TB,1505.39,1652.55,-147.16,0.3298
630859,2020,TOR,NYY,1582.59,1538.69,43.9,0.5965
631031,2020,SEA,TEX,1523.8,1364.26,159.54,0.742
631225,2020,NYM,PHI,1592.47,1577.91,14.56,0.5553
631255,2020,MIN,DET,1571.28,1513.71,57.57,0.6153
631344,2020,LAD,COL,1681.5,1480.7,200.8,0.7848
631558,2020,CLE,KC,1595.14,1393.09,202.05,0.786
631605,2020,CHC,STL,1549.28,1600.92,-51.64,0.4603
630438,2020,ATL,MIA,1606.38,1552.91,53.47,0.6097
630860,2020,TOR,NYY,1593.93,1521.68,72.25,0.6351
630867,2020,WSH,TB,1532.4,1634.54,-102.14,0.3894
630983,2020,STL,MIN,1587.34,1580.94,6.4,0.5436
630984,2020,STL,MIN,1573.38,1594.89,-21.52,0.5036
631006,2020,SF,ARI,1564.51,1451.7,112.81,0.6873
631084,2020,SD,COL,1613.66,1492.67,120.99,0.6973
631096,2020,PIT,CWS,1458.17,1611.27,-153.09,0.3223
631149,2020,PHI,BOS,1584.03,1442.41,141.62,0.7218
631152,2020,PHI,BOS,1586.93,1436.61,150.32,0.7317
631159,2020,OAK,HOU,1585.38,1562.04,23.35,0.5677
631160,2020,OAK,HOU,1598.7,1548.72,49.98,0.6049
631211,2020,NYM,BAL,1586.35,1538.43,47.92,0.602
631429,2020,HOU,OAK,1558.56,1592.14,-33.58,0.4862
631460,2020,DET,MIL,1499.23,1498.55,0.68,0.5355
631559,2020,CLE,KC,1599.49,1384.39,215.09,0.7984
630220,2020,ARI,LAD,1443.85,1673.52,-229.67,0.2343
630439,2020,ATL,MIA,1585.46,1573.83,11.62,0.5511
630864,2020,TOR,NYY,1597.85,1515.8,82.05,0.648
630904,2020,TEX,LAA,1351.87,1511.79,-159.91,0.3138
631007,2020,SF,SEA,1569.74,1533.09,36.65,0.5864
631071,2020,SD,COL,1616.84,1487.89,128.95,0.7069
631100,2020,PIT,CWS,1468.71,1604.24,-135.53,0.3448
631212,2020,NYM,BAL,1564.65,1570.99,-6.35,0.5254
631461,2020,DET,MIL,1519.2,1478.58,40.62,0.5919
631560,2020,CLE,KC,1586.7,1409.96,176.74,0.7605
631615,2020,CHC,CIN,1569.65,1479.95,89.69,0.658
630221,2020,ARI,LAD,1439.15,1675.88,-236.73,0.2271
630869,2020,WSH,ATL,1547.79,1607.21,-59.42,0.4492
630908,2020,TEX,LAA,1391.71,1481.91,-90.21,0.4059
630925,2020,TEX,LAA,1371.63,1496.97,-125.34,0.3582
630957,2020,TB,BOS,1624.29,1467.0,157.29,0.7395
630994,2020,STL,DET,1582.02,1477.41,104.61,0.6771
630995,2020,STL,DET,1593.85,1459.67,134.18,0.7131
631008,2020,SF,SEA,1574.25,1526.33,47.93,0.6021
631056,2020,SD,COL,1627.04,1472.59,154.45,0.7364
631161,2020,OAK,HOU,1600.56,1550.14,50.42,0.6055
631162,2020,OAK,HOU,1604.84,1545.86,58.97,0.6172
631183,2020,NYY,BAL,1542.67,1565.74,-23.08,0.5013
631309,2020,MIA,PHI,1552.08,1571.74,-19.66,0.5063
631561,2020,CLE,KC,1571.09,1441.19,129.9,0.708
631616,2020,CHC,CIN,1576.94,1469.02,107.92,0.6812
630223,2020,ARI,LAD,1431.94,1679.48,-247.54,0.2164
630868,2020,TOR,NYM,1579.94,1569.89,10.04,0.5488
630873,2020,WSH,ATL,1540.51,1612.06,-71.55,0.432
630958,2020,TB,BOS,1616.63,1478.48,138.15,0.7178
631072,2020,SD,SF,1631.37,1588.6,42.77,0.5949
631183,2020,NYY,BAL,1542.65,1565.76,-23.11,0.5013
631184,2020,NYY,BAL,1569.92,1547.58,22.34,0.5663
631310,2020,MIA,PHI,1557.51,1566.31,-8.8,0.5219
631318,2020,MIA,PHI,1536.84,1586.97,-50.13,0.4625
631634,2020,CHC,CIN,1562.53,1490.63,71.91,0.6346
630224,2020,ARI,SEA,1463.18,1504.8,-41.62,0.4747
630870,2020,TOR,NYM,1554.67,1595.16,-40.49,0.4763
630877,2020,WSH,ATL,1549.66,1605.96,-56.3,0.4537
630909,2020,TEX,OAK,1402.9,1611.39,-208.49,0.2569
630910,2020,TEX,OAK,1390.82,1617.43,-226.62,0.2375
630932,2020,TEX,OAK,1421.48,1602.1,-180.62,0.2887
630959,2020,TB,BOS,1626.82,1463.2,163.62,0.7465
630985,2020,STL,CIN,1578.94,1478.85,100.08,0.6713
631058,2020,SD,SF,1642.76,1577.21,65.55,0.6261
631185,2020,NYY,BAL,1583.29,1527.53,55.76,0.6128
631256,2020,MIN,CLE,1586.25,1545.44,40.82,0.5922
631284,2020,MIL,CHC,1520.37,1570.38,-50.02,0.4626
631285,2020,MIL,CHC,1529.11,1564.55,-35.45,0.4835
631311,2020,MIA,PHI,1550.7,1577.74,-27.04,0.4956
631399,2020,KC,PIT,1492.49,1452.5,39.99,0.5911
631400,2020,KC,PIT,1499.17,1445.82,53.35,0.6095
631478,2020,CWS,DET,1615.05,1482.03,133.01,0.7117
631495,2020,CWS,DET,1618.06,1477.51,140.55,0.7206
631530,2020,COL,LAA,1466.1,1473.52,-7.42,0.5238
630225,2020,ARI,SEA,1471.76,1496.23,-24.46,0.4993
630226,2020,ARI,SEA,1452.69,1515.3,-62.62,0.4447
630875,2020,TOR,NYM,1560.38,1589.46,-29.08,0.4927
630883,2020,WSH,ATL,1542.3,1610.87,-68.56,0.4362
630911,2020,TEX,OAK,1401.82,1611.93,-210.11,0.2551
630947,2020,TB,BOS,1629.44,1459.27,170.17,0.7536
630961,2020,STL,CIN,1567.65,1495.79,71.87,0.6346
630988,2020,STL,CIN,1550.04,1522.21,27.83,0.574
631058,2020,SD,SF,1641.4,1578.57,62.84,0.6224
631059,2020,SD,SF,1647.86,1572.11,75.74,0.6397
631060,2020,SD,SF,1646.36,1573.61,72.75,0.6357
631187,2020,NYY,BAL,1587.48,1521.24,66.23,0.627
631257,2020,MIN,CLE,1593.29,1534.88,58.41,0.6164
631259,2020,MIN,CLE,1602.91,1520.45,82.46,0.6486
631286,2020,MIL,CHC,1516.56,1572.92,-56.36,0.4536
631312,2020,MIA,PHI,1535.46,1592.98,-57.52,0.4519
631320,2020,MIA,PHI,1544.34,1587.06,-42.72,0.4731
631331,2020,LAD,HOU,1663.86,1536.03,127.83,0.7056
631401,2020,KC,PIT,1511.86,1428.91,82.95,0.6492
631481,2020,CWS,DET,1629.44,1460.44,169.0,0.7523
631531,2020,COL,LAA,1484.43,1455.19,29.24,0.576
631532,2020,COL,LAA,1465.51,1474.1,-8.58,0.5222
631053,2020,SEA,OAK,1532.0,1596.85,-64.85,0.4415
631054,2020,SEA,OAK,1541.03,1590.83,-49.81,0.4629
631282,2020,MIL,STL,1489.34,1563.13,-73.8,0.4288
631288,2020,MIL,STL,1498.53,1557.0,-58.47,0.4506
631321,2020,MIA,PHI,1570.14,1569.86,0.28,0.5349
631332,2020,LAD,HOU,1652.14,1553.62,98.52,0.6694
631588,2020,CIN,PIT,1502.57,1402.03,100.53,0.6719
631590,2020,CIN,PIT,1510.84,1391.0,119.84,0.6959
631677,2020,BAL,ATL,1511.7,1621.76,-110.06,0.3786
630936,2020,TB,WSH,1613.92,1525.96,87.96,0.6558
631061,2020,SD,LAD,1657.34,1662.67,-5.33,0.5268
631144,2020,PHI,NYM,1557.88,1576.56,-18.68,0.5077
631195,2020,NYY,TOR,1593.84,1573.27,20.57,0.5638
631263,2020,MIL,STL,1491.23,1561.87,-70.64,0.4333
631314,2020,MIA,BOS,1582.11,1482.54,99.57,0.6707
631462,2020,DET,KC,1452.79,1532.02,-79.23,0.4212
631482,2020,CWS,MIN,1634.54,1608.87,25.68,0.571
631574,2020,CIN,PIT,1523.24,1374.47,148.77,0.73
631680,2020,BAL,ATL,1549.18,1596.77,-47.59,0.4661
630937,2020,TB,WSH,1623.41,1511.73,111.68,0.6859
631032,2020,SEA,SF,1516.01,1562.63,-46.62,0.4675
631062,2020,SD,LAD,1670.87,1649.14,21.73,0.5654
631063,2020,SD,LAD,1661.03,1658.98,2.05,0.5374
631119,2020,PHI,NYM,1568.71,1565.74,2.98,0.5387
631189,2020,NYY,TOR,1612.57,1554.54,58.02,0.6159
631265,2020,MIL,STL,1527.77,1537.51,-9.75,0.5205
631289,2020,MIL,STL,1514.1,1551.18,-37.07,0.4812
631315,2020,MIA,BOS,1570.83,1499.46,71.37,0.6339
631360,2020,LAA,ARI,1487.81,1435.99,51.83,0.6074
631433,2020,HOU,TEX,1543.09,1431.98,111.1,0.6852
631463,2020,DET,KC,1478.88,1505.93,-27.05,0.4956
631483,2020,CWS,MIN,1642.0,1601.41,40.58,0.5919
631509,2020,COL,OAK,1451.8,1607.51,-155.71,0.319
631520,2020,COL,OAK,1443.94,1612.75,-168.8,0.3029
631575,2020,CIN,PIT,1531.65,1363.25,168.4,0.7517
631618,2020,CHC,CLE,1591.07,1511.52,79.55,0.6448
631659,2020,BAL,ATL,1531.56,1608.52,-76.96,0.4244
630953,2020,TB,BAL,1611.94,1553.04,58.9,0.6171
631032,2020,SEA,SF,1516.54,1562.28,-45.74,0.4688
631034,2020,SEA,SF,1495.09,1576.58,-81.48,0.418
631034,2020,SEA,SF,1496.41,1575.7,-79.29,0.4211
631101,2020,PIT,STL,1358.13,1535.29,-177.16,0.2928
631117,2020,PHI,NYM,1562.75,1571.7,-8.96,0.5216
631190,2020,NYY,TOR,1627.44,1539.66,87.78,0.6555
631313,2020,MIA,BOS,1579.96,1485.76,94.2,0.6638
631361,2020,LAA,ARI,1477.94,1449.15,28.79,0.5754
631362,2020,LAA,ARI,1459.04,1474.34,-15.3,0.5125
631434,2020,HOU,TEX,1553.06,1418.69,134.37,0.7133
631435,2020,HOU,TEX,1545.6,1433.6,112.0,0.6863
631464,2020,DET,CLE,1459.97,1505.81,-45.85,0.4686
631484,2020,CWS,MIN,1652.32,1591.09,61.22,0.6202
631485,2020,CWS,MIN,1636.78,1606.63,30.14,0.5773
631619,2020,CHC,CLE,1594.87,1528.72,66.15,0.6269
631660,2020,BAL,TB,1543.44,1621.54,-78.1,0.4228
630907,2020,TOR,PHI,1528.64,1549.37,-20.72,0.5047
630987,2020,STL,PIT,1510.01,1391.84,118.17,0.6939
631102,2020,PIT,STL,1375.18,1522.5,-147.32,0.3296
631122,2020,PHI,TOR,1574.32,1503.69,70.63,0.6329
631213,2020,NYM,ATL,1585.08,1594.2,-9.12,0.5214
631316,2020,MIA,WSH,1568.78,1528.94,39.84,0.5908
631342,2020,MIA,WSH,1552.14,1553.9,-1.76,0.532
631465,2020,DET,CLE,1437.06,1522.7,-85.64,0.4122
631510,2020,COL,LAD,1466.71,1668.42,-201.71,0.2644
631576,2020,CIN,CWS,1535.49,1641.4,-105.91,0.3843
631627,2020,BOS,NYY,1502.55,1634.79,-132.24,0.3491
631661,2020,BAL,TB,1532.67,1628.72,-96.05,0.3978
631040,2020,SEA,SD,1485.69,1651.59,-165.89,0.3064
631123,2020,PHI,TOR,1578.27,1497.77,80.49,0.646
631147,2020,PIT,STL,1368.33,1527.64,-159.31,0.3146
631163,2020,OAK,SF,1601.37,1582.85,18.52,0.5609
631164,2020,OAK,SF,1614.93,1569.29,45.64,0.5989
631214,2020,NYM,ATL,1563.15,1616.12,-52.97,0.4584
631266,2020,MIL,KC,1537.93,1524.84,13.09,0.5532
631267,2020,MIL,KC,1555.09,1507.68,47.41,0.6013
631317,2020,MIA,WSH,1570.73,1535.3,35.43,0.5847
631367,2020,LAA,TEX,1477.74,1426.98,50.76,0.606
631436,2020,HOU,ARI,1550.57,1455.65,94.92,0.6648
631437,2020,HOU,ARI,1536.43,1476.85,59.58,0.618
631466,2020,DET,CLE,1428.26,1529.3,-101.04,0.3909
631511,2020,COL,LAD,1455.39,1675.96,-220.56,0.2439
631577,2020,CIN,CWS,1562.93,1623.11,-60.18,0.4481
631628,2020,BOS,NYY,1497.07,1638.44,-141.37,0.3372
631629,2020,CHC,MIN,1598.89,1602.01,-3.12,0.53
631662,2020,BAL,TB,1526.33,1632.94,-106.61,0.3833
631036,2020,SEA,SD,1473.44,1659.76,-186.32,0.282
631037,2020,SEA,SD,1495.46,1645.08,-149.61,0.3267
631086,2020,PIT,STL,1361.82,1532.52,-170.7,0.3006
631128,2020,PHI,TOR,1584.27,1488.77,95.5,0.6655
631166,2020,OAK,SF,1627.16,1557.05,70.11,0.6322
631215,2020,NYM,ATL,1578.32,1600.96,-22.65,0.5019
631268,2020,MIL,KC,1566.28,1490.9,75.38,0.6392
631305,2020,MIA,WSH,1581.26,1519.52,61.74,0.6209
631329,2020,MIA,WSH,1585.35,1513.38,71.96,0.6347
631372,2020,LAA,TEX,1492.62,1407.14,85.48,0.6525
631375,2020,LAA,TEX,1498.19,1399.73,98.46,0.6693
631424,2020,HOU,ARI,1542.62,1470.66,71.96,0.6347
631454,2020,DET,CLE,1454.09,1509.92,-55.83,0.4543
631512,2020,COL,LAD,1443.14,1684.12,-240.98,0.2229
631519,2020,COL,LAD,1431.63,1689.88,-258.26,0.2061
631578,2020,CIN,CWS,1550.42,1635.61,-85.19,0.4128
631617,2020,CHC,MIN,1604.09,1596.8,7.29,0.5449
631632,2020,CHC,MIN,1590.11,1610.79,-20.68,0.5048
631635,2020,BOS,NYY,1480.36,1649.58,-169.22,0.3024
631672,2020,BAL,TB,1516.69,1639.37,-122.68,0.3617
630440,2020,ATL,MIA,1617.49,1558.08,59.41,0.6178
630876,2020,TOR,NYY,1509.99,1626.81,-116.82,0.3695
630884,2020,WSH,PHI,1554.28,1570.12,-15.84,0.5117
631087,2020,PIT,CHC,1355.64,1573.47,-217.83,0.2468
631216,2020,NYM,TB,1561.79,1632.66,-70.88,0.4329
631376,2020,LAA,TEX,1470.64,1436.46,34.18,0.583
631562,2020,CLE,CWS,1524.66,1621.06,-96.39,0.3973
631579,2020,CIN,MIL,1564.98,1572.41,-7.43,0.5238
630385,2020,ATL,MIA,1621.62,1553.95,67.67,0.6289
630881,2020,TOR,NYY,1537.95,1608.17,-70.22,0.4339
630888,2020,WSH,PHI,1566.76,1557.64,9.12,0.5475
630896,2020,WSH,PHI,1578.36,1546.03,32.33,0.5804
631009,2020,SF,COL,1582.2,1463.14,119.05,0.695
631038,2020,SEA,HOU,1485.28,1548.5,-63.22,0.4438
631088,2020,PIT,CHC,1342.76,1579.91,-237.15,0.2267
631217,2020,NYM,TB,1557.13,1637.32,-80.18,0.4198
631251,2020,MIN,DET,1627.43,1439.35,188.08,0.7722
631402,2020,KC,STL,1481.7,1537.16,-55.46,0.4548
631550,2020,CLE,CWS,1543.87,1608.25,-64.38,0.4422
631580,2020,CIN,MIL,1575.5,1561.88,13.62,0.5539
631636,2020,BOS,BAL,1514.52,1526.75,-12.23,0.5169
630243,2020,ARI,TEX,1464.78,1418.24,46.54,0.6001
630263,2020,ARI,TEX,1484.32,1392.18,92.14,0.6612
630554,2020,ATL,MIA,1635.43,1540.14,95.29,0.6652
630885,2020,TOR,NYY,1512.88,1624.89,-112.01,0.376
630892,2020,WSH,PHI,1582.95,1539.15,43.8,0.5963
631010,2020,SF,COL,1563.3,1491.5,71.8,0.6345
631035,2020,SEA,HOU,1508.53,1525.25,-16.72,0.5105
631039,2020,SEA,HOU,1516.62,1517.17,-0.56,0.5337
631064,2020,SD,LAA,1651.86,1484.3,167.56,0.7508
631065,2020,SD,LAA,1639.6,1502.69,136.9,0.7163
631089,2020,PIT,CHC,1358.24,1572.16,-213.92,0.251
631218,2020,NYM,TB,1569.55,1624.9,-55.35,0.455
631250,2020,MIN,DET,1629.75,1434.7,195.06,0.7792
631333,2020,LAD,OAK,1674.12,1602.02,72.11,0.6349
631411,2020,KC,STL,1499.39,1519.47,-20.08,0.5056
631534,2020,CLE,CWS,1558.17,1598.72,-40.56,0.4762
631583,2020,CIN,MIL,1569.4,1567.99,1.41,0.5365
631637,2020,BOS,BAL,1535.18,1506.09,29.09,0.5758
630887,2020,TOR,NYY,1550.48,1599.81,-49.33,0.4636
630893,2020,WSH,NYM,1561.41,1559.71,1.7,0.5369
631011,2020,SF,COL,1571.15,1479.72,91.43,0.6603
631012,2020,SF,COL,1580.5,1465.69,114.81,0.6898
631099,2020,PIT,CHC,1373.39,1564.59,-191.21,0.2764
631334,2020,LAD,OAK,1684.26,1591.88,92.38,0.6615
631380,2020,KC,STL,1477.85,1541.02,-63.17,0.4439
631549,2020,CLE,CWS,1563.87,1593.02,-29.15,0.4926
631640,2020,BOS,BAL,1557.26,1484.01,73.24,0.6364
631685,2020,ATL,MIA,1644.63,1526.34,118.29,0.694
630203,2020,ARI,COL,1496.88,1476.6,20.28,0.5634
630270,2020,ARI,COL,1517.08,1456.39,60.69,0.6195
630569,2020,ATL,BOS,1633.05,1531.98,101.07,0.6726
630889,2020,TOR,BAL,1562.12,1521.93,40.19,0.5913
630894,2020,WSH,NYM,1555.46,1565.66,-10.2,0.5199
630912,2020,TEX,HOU,1375.43,1540.12,-164.68,0.3079
630938,2020,TB,PHI,1634.74,1571.47,63.28,0.623
630963,2020,STL,MIL,1511.14,1554.71,-43.56,0.4719
630975,2020,STL,MIL,1495.75,1564.97,-69.22,0.4353
631013,2020,SF,SD,1573.23,1624.64,-51.41,0.4606
631059,2020,SD,SF,1618.79,1579.07,39.72,0.5907
631191,2020,NYY,MIA,1588.18,1543.71,44.47,0.5973
631292,2020,MIL,STL,1555.35,1510.18,45.16,0.5982
631335,2020,LAD,OAK,1673.1,1603.04,70.06,0.6321
631398,2020,KC,DET,1507.72,1430.2,77.52,0.6421
631536,2020,CLE,PIT,1569.42,1417.69,151.74,0.7333
630570,2020,ATL,BOS,1636.52,1526.77,109.75,0.6835
630891,2020,TOR,BAL,1573.63,1504.67,68.96,0.6307
630894,2020,WSH,NYM,1555.24,1565.87,-10.63,0.5192
630895,2020,WSH,NYM,1563.65,1557.46,6.19,0.5433
630913,2020,TEX,HOU,1355.29,1555.22,-199.93,0.2664
630914,2020,TEX,HOU,1370.21,1547.77,-177.56,0.2924
630939,2020,TB,PHI,1641.19,1565.03,76.16,0.6403
630964,2020,STL,MIL,1541.1,1534.74,6.36,0.5436
631055,2020,SEA,OAK,1493.67,1593.86,-100.19,0.3921
631167,2020,OAK,SEA,1572.44,1525.8,46.63,0.6003
631169,2020,OAK,SEA,1579.32,1515.48,63.84,0.6238
631193,2020,NYY,MIA,1581.68,1553.45,28.24,0.5746
631245,2020,MIN,CIN,1632.0,1582.68,49.33,0.604
631246,2020,MIN,CIN,1641.98,1572.7,69.27,0.6311
631336,2020,LAD,LAA,1682.28,1525.13,157.15,0.7394
631383,2020,KC,DET,1513.47,1422.53,90.94,0.6596
631385,2020,KC,DET,1518.91,1415.28,103.63,0.6758
631486,2020,CWS,CHC,1587.47,1542.44,45.02,0.598
631487,2020,CWS,CHC,1564.98,1576.17,-11.19,0.5184
631537,2020,CLE,PIT,1572.19,1412.15,160.04,0.7426
630202,2020,ARI,COL,1531.39,1442.09,89.3,0.6575
630271,2020,ARI,COL,1548.74,1418.95,129.79,0.7079
630573,2020,ATL,BOS,1616.25,1557.18,59.08,0.6173
630854,2020,WSH,NYM,1568.7,1552.41,16.29,0.5577
630858,2020,TOR,BAL,1581.57,1492.76,88.81,0.6569
630915,2020,TEX,HOU,1407.75,1519.61,-111.86,0.3762
630945,2020,TB,PHI,1645.04,1561.17,83.87,0.6504
630965,2020,STL,MIL,1523.06,1552.77,-29.71,0.4918
631002,2020,SF,SD,1574.62,1623.25,-48.64,0.4646
631016,2020,SF,SD,1569.57,1628.29,-58.72,0.4502
631155,2020,OAK,SEA,1563.71,1538.9,24.81,0.5698
631188,2020,NYY,MIA,1595.66,1539.48,56.18,0.6134
631244,2020,MIN,CIN,1624.44,1590.24,34.19,0.583
631337,2020,LAD,LAA,1688.54,1515.74,172.81,0.7564
631338,2020,LAD,LAA,1691.05,1511.98,179.07,0.763
631386,2020,KC,DET,1508.17,1429.59,78.58,0.6435
631488,2020,CWS,CHC,1577.32,1563.83,13.49,0.5537
631538,2020,CLE,PIT,1547.85,1460.82,87.03,0.6546
634615,2021,COL,LAD,1475.5,1632.21,-156.71,0.3178
634618,2021,SD,ARI,1593.52,1510.31,83.22,0.6496
634622,2021,PHI,ATL,1534.52,1563.73,-29.21,0.4925
634627,2021,BOS,BAL,1552.47,1506.3,46.17,0.5996
634630,2021,KC,TEX,1511.56,1458.68,52.88,0.6089
634634,2021,CHC,PIT,1549.25,1467.88,81.37,0.6472
634636,2021,CIN,STL,1567.22,1526.63,40.59,0.5919
634638,2021,MIL,MIN,1527.9,1576.61,-48.71,0.4645
634642,2021,NYY,TOR,1552.6,1547.22,5.39,0.5422
634645,2021,DET,CLE,1444.72,1537.93,-93.21,0.4017
634647,2021,WSH,NYM,1557.32,1523.83,33.48,0.582
634652,2021,MIA,TB,1543.68,1603.65,-59.96,0.4484
634602,2021,MIA,TB,1536.42,1608.49,-72.07,0.4313
634625,2021,SEA,SF,1515.05,1539.05,-24.0,0.5
634627,2021,BOS,BAL,1551.39,1507.92,43.46,0.5959
634640,2021,OAK,HOU,1550.02,1497.77,52.25,0.608
634655,2021,LAA,CWS,1501.71,1545.32,-43.61,0.4718
634573,2021,DET,CLE,1457.45,1528.38,-70.93,0.4329
634575,2021,MIL,MIN,1536.62,1570.8,-34.18,0.4854
634576,2021,SD,ARI,1597.27,1504.69,92.58,0.6617
634577,2021,BOS,BAL,1538.43,1527.36,11.06,0.5503
634578,2021,SEA,SF,1523.28,1530.82,-7.54,0.5237
634580,2021,PHI,ATL,1542.85,1558.18,-15.33,0.5125
634596,2021,MIA,TB,1525.41,1615.83,-90.42,0.4056
634604,2021,KC,TEX,1526.31,1443.92,82.39,0.6485
634605,2021,OAK,HOU,1530.26,1527.41,2.85,0.5386
634620,2021,WSH,NYM,1556.42,1525.18,31.24,0.5788
634629,2021,OAK,HOU,1509.49,1548.19,-38.7,0.4789
634631,2021,LAA,CWS,1510.33,1536.71,-26.38,0.4966
634643,2021,CHC,PIT,1532.79,1484.34,48.46,0.6028
634644,2021,NYY,TOR,1546.6,1556.21,-9.61,0.5207
634653,2021,COL,LAD,1496.69,1618.09,-121.4,0.3634
634654,2021,CIN,STL,1550.56,1551.62,-1.06,0.533
634556,2021,WSH,NYM,1555.56,1526.47,29.09,0.5758
634557,2021,COL,LAD,1481.88,1627.96,-146.08,0.3312
634560,2021,CIN,STL,1560.92,1541.27,19.65,0.5625
634572,2021,SD,ARI,1602.97,1496.13,106.84,0.6799
634593,2021,KC,TEX,1543.22,1421.38,121.84,0.6984
634597,2021,MIL,MIN,1524.02,1579.2,-55.18,0.4552
634607,2021,NYY,TOR,1559.19,1547.82,11.36,0.5507
634610,2021,BOS,BAL,1523.99,1541.8,-17.81,0.5089
634611,2021,DET,CLE,1475.73,1510.1,-34.37,0.4851
634613,2021,CHC,PIT,1547.81,1469.32,78.48,0.6434
634617,2021,PHI,ATL,1561.55,1545.71,15.84,0.5571
634623,2021,SD,ARI,1591.58,1513.23,78.35,0.6432
634633,2021,COL,LAD,1473.69,1633.42,-159.73,0.314
634639,2021,SEA,SF,1505.92,1548.18,-42.27,0.4737
634646,2021,LAA,CWS,1491.37,1555.66,-64.29,0.4423
634651,2021,OAK,HOU,1484.67,1573.0,-88.33,0.4085
634558,2021,CIN,PIT,1578.16,1463.6,114.56,0.6895
634562,2021,MIA,STL,1549.96,1515.41,34.56,0.5835
634566,2021,CHC,MIL,1553.54,1503.28,50.26,0.6053
634587,2021,NYY,BAL,1549.56,1568.42,-18.87,0.5074
634588,2021,DET,MIN,1453.43,1593.03,-139.6,0.3395
634595,2021,WSH,ATL,1554.73,1538.39,16.34,0.5578
634601,2021,BOS,TB,1497.37,1599.46,-102.09,0.3895
634606,2021,PHI,NYM,1566.43,1527.71,38.71,0.5893
634612,2021,TEX,TOR,1455.46,1562.27,-106.81,0.383
634616,2021,CLE,KC,1532.41,1517.66,14.75,0.5555
634637,2021,LAA,CWS,1505.66,1546.14,-40.48,0.4763
634530,2021,CIN,PIT,1583.35,1455.81,127.53,0.7052
634551,2021,SEA,CWS,1525.86,1529.03,-3.17,0.5299
634552,2021,LAA,HOU,1522.77,1586.07,-63.3,0.4437
634559,2021,CHC,MIL,1560.32,1493.1,67.22,0.6283
634586,2021,LAA,HOU,1531.76,1580.07,-48.31,0.4651
634590,2021,BOS,TB,1529.61,1577.96,-48.35,0.465
634591,2021,SD,SF,1603.04,1528.24,74.8,0.6385
634594,2021,MIA,STL,1530.85,1534.52,-3.67,0.5292
634599,2021,NYY,BAL,1573.93,1552.17,21.76,0.5655
634600,2021,OAK,LAD,1465.08,1636.67,-171.59,0.2995
634603,2021,DET,MIN,1435.78,1604.79,-169.01,0.3026
634608,2021,PHI,NYM,1573.52,1517.07,56.45,0.6138
634624,2021,WSH,ATL,1554.09,1539.35,14.74,0.5555
634527,2021,WSH,ATL,1558.99,1532.0,26.99,0.5729
634529,2021,SD,SF,1596.19,1538.51,57.68,0.6154
634539,2021,NYY,BAL,1586.27,1539.84,46.43,0.6
634549,2021,CHC,MIL,1544.62,1516.65,27.96,0.5742
634563,2021,SD,SF,1602.78,1528.63,74.15,0.6376
634567,2021,OAK,LAD,1451.21,1645.91,-194.7,0.2724
634570,2021,CIN,PIT,1595.11,1438.17,156.94,0.7392
634583,2021,TEX,TOR,1441.35,1571.68,-130.33,0.3516
634585,2021,MIA,STL,1516.92,1548.45,-31.53,0.4892
634589,2021,CLE,KC,1514.05,1536.02,-21.97,0.5029
634592,2021,SEA,CWS,1501.15,1553.74,-52.59,0.4589
634595,2021,WSH,ATL,1552.71,1541.42,11.3,0.5506
634598,2021,DET,MIN,1450.15,1597.61,-147.46,0.3294
634609,2021,SEA,CWS,1521.56,1540.13,-18.57,0.5078
634619,2021,COL,ARI,1468.82,1496.03,-27.21,0.4954
634626,2021,PHI,NYM,1558.11,1540.19,17.93,0.56
634628,2021,OAK,LAD,1462.33,1638.5,-176.17,0.294
634635,2021,TEX,TOR,1454.92,1564.89,-109.96,0.3788
634641,2021,BOS,TB,1538.32,1572.16,-33.84,0.4858
634542,2021,COL,ARI,1455.92,1508.93,-53.02,0.4583
634544,2021,BAL,BOS,1549.61,1563.59,-13.98,0.5144
634545,2021,TOR,LAA,1551.76,1519.77,32.0,0.5799
634550,2021,MIN,SEA,1601.03,1498.04,102.99,0.675
634555,2021,PIT,CHC,1421.96,1529.67,-107.7,0.3818
634564,2021,COL,ARI,1483.81,1481.04,2.77,0.5384
634565,2021,CWS,KC,1563.65,1523.04,40.61,0.5919
634568,2021,STL,MIL,1572.52,1531.6,40.91,0.5923
634584,2021,NYM,MIA,1519.8,1492.85,26.95,0.5728
634494,2021,SF,COL,1538.89,1501.61,37.28,0.5873
634499,2021,TB,NYY,1555.31,1579.75,-24.44,0.4994
634505,2021,CLE,DET,1527.03,1445.01,82.01,0.648
634512,2021,TOR,LAA,1541.72,1534.84,6.88,0.5443
634533,2021,LAD,WSH,1645.51,1543.08,102.42,0.6743
634534,2021,ATL,PHI,1555.86,1571.7,-15.84,0.5117
634546,2021,HOU,OAK,1588.07,1451.81,136.26,0.7156
632169,2021,SF,COL,1549.59,1490.91,58.68,0.6168
632193,2021,TEX,SD,1474.61,1595.94,-121.33,0.3635
632195,2021,PIT,CHC,1409.17,1539.27,-130.1,0.3519
632201,2021,NYM,MIA,1526.82,1485.83,40.99,0.5925
632202,2021,HOU,OAK,1594.97,1441.47,153.5,0.7353
632205,2021,MIN,SEA,1611.95,1481.67,130.28,0.7085
632217,2021,TB,NYY,1569.5,1565.56,3.95,0.5401
632218,2021,CLE,DET,1538.32,1429.96,108.36,0.6818
632222,2021,STL,MIL,1579.55,1521.05,58.5,0.6165
632227,2021,TOR,LAA,1516.38,1560.18,-43.8,0.4715
634478,2021,TEX,SD,1463.15,1603.58,-140.43,0.3384
634491,2021,BAL,BOS,1529.87,1576.75,-46.89,0.4671
634524,2021,ATL,PHI,1571.99,1555.57,16.42,0.5579
634537,2021,HOU,OAK,1577.27,1476.87,100.4,0.6717
634540,2021,ARI,CIN,1463.23,1603.21,-139.98,0.339
634656,2021,CWS,KC,1576.12,1504.33,71.79,0.6345
632170,2021,CWS,KC,1574.68,1506.5,68.18,0.6296
632188,2021,SF,COL,1555.8,1484.7,71.1,0.6335
632191,2021,LAD,WSH,1648.96,1537.91,111.05,0.6851
632192,2021,NYM,MIA,1507.47,1505.18,2.29,0.5378
632196,2021,STL,MIL,1564.09,1544.25,19.84,0.5628
632200,2021,BAL,BOS,1517.81,1584.79,-66.99,0.4385
632207,2021,ATL,PHI,1576.86,1550.7,26.15,0.5717
632208,2021,TOR,LAA,1550.05,1537.73,12.32,0.5521
632209,2021,ARI,CIN,1457.93,1606.75,-148.81,0.3277
632214,2021,LAD,WSH,1656.68,1526.33,130.35,0.7086
632215,2021,MIN,SEA,1604.53,1492.8,111.73,0.686
632225,2021,PIT,CHC,1447.27,1510.69,-63.42,0.4435
632228,2021,CLE,DET,1554.31,1408.63,145.68,0.7265
632232,2021,TB,NYY,1581.33,1553.74,27.59,0.5737
632233,2021,TEX,SD,1452.56,1610.64,-158.07,0.3161
634484,2021,ARI,CIN,1489.36,1585.8,-96.44,0.3972
632198,2021,PIT,SD,1480.95,1615.82,-134.87,0.3457
632203,2021,TOR,NYY,1549.48,1568.33,-18.85,0.5074
632204,2021,TB,TEX,1566.74,1444.79,121.95,0.6985
632219,2021,ATL,MIA,1570.59,1497.5,73.09,0.6362
632221,2021,MIL,CHC,1570.3,1485.43,84.87,0.6517
632223,2021,MIN,BOS,1593.05,1596.99,-3.94,0.5288
632224,2021,BAL,SEA,1499.51,1510.01,-10.5,0.5194
632226,2021,NYM,PHI,1515.16,1556.97,-41.81,0.4744
632230,2021,STL,WSH,1546.72,1517.17,29.55,0.5765
632189,2021,NYM,PHI,1515.57,1556.69,-41.12,0.4754
632190,2021,MIN,BOS,1592.73,1597.31,-4.58,0.5279
632194,2021,MIL,CHC,1577.73,1474.27,103.46,0.6756
632197,2021,KC,LAA,1516.66,1538.59,-21.93,0.503
632206,2021,ARI,OAK,1514.19,1501.68,12.51,0.5523
632211,2021,ATL,MIA,1559.77,1513.73,46.03,0.5994
632213,2021,BAL,SEA,1499.19,1510.33,-11.14,0.5185
632216,2021,CWS,CLE,1567.91,1560.0,7.91,0.5458
632220,2021,HOU,DET,1560.73,1397.25,163.47,0.7463
632224,2021,BAL,SEA,1490.61,1518.91,-28.31,0.4938
632226,2021,NYM,PHI,1524.14,1550.98,-26.84,0.4959
632231,2021,ARI,OAK,1499.71,1516.16,-16.46,0.5109
634489,2021,TB,TEX,1569.9,1438.45,131.45,0.7099
634502,2021,STL,WSH,1527.8,1536.1,-8.3,0.5226
634535,2021,PIT,SD,1468.37,1624.21,-155.83,0.3189
634569,2021,TOR,NYY,1536.21,1577.17,-40.96,0.4756
634648,2021,SF,CIN,1564.94,1569.24,-4.3,0.5283
632199,2021,CWS,CLE,1572.93,1554.98,17.95,0.5601
632210,2021,KC,LAA,1491.8,1563.44,-71.64,0.4319
632212,2021,LAD,COL,1662.78,1470.99,191.79,0.7759
632223,2021,MIN,BOS,1583.47,1606.57,-23.1,0.5013
632229,2021,HOU,DET,1542.84,1433.03,109.81,0.6836
634472,2021,BAL,SEA,1498.92,1510.6,-11.68,0.5177
634495,2021,KC,LAA,1500.96,1557.34,-56.39,0.4535
634496,2021,TB,TEX,1550.7,1476.86,73.84,0.6372
634510,2021,SF,CIN,1553.25,1580.94,-27.69,0.4947
634513,2021,TOR,NYY,1556.1,1563.91,-7.82,0.5233
634521,2021,HOU,DET,1512.43,1473.57,38.86,0.5895
634523,2021,PIT,SD,1492.94,1607.83,-114.89,0.3721
634528,2021,NYM,PHI,1543.38,1538.15,5.22,0.542
634541,2021,STL,WSH,1556.16,1507.73,48.43,0.6027
634553,2021,MIL,CHC,1570.58,1485.0,85.57,0.6527
634574,2021,MIN,BOS,1568.03,1622.02,-53.99,0.457
634581,2021,ATL,MIA,1541.49,1541.16,0.33,0.535
634582,2021,SF,CIN,1558.78,1575.4,-16.62,0.5106
634472,2021,BAL,SEA,1498.63,1510.89,-12.27,0.5169
634481,2021,WSH,ARI,1535.28,1480.12,55.16,0.612
634501,2021,CWS,CLE,1563.16,1564.75,-1.58,0.5322
634515,2021,NYM,PHI,1561.03,1520.5,40.52,0.5918
634516,2021,CWS,CLE,1553.81,1574.1,-20.28,0.5054
634522,2021,TB,TEX,1534.82,1500.67,34.15,0.5829
634554,2021,MIN,BOS,1563.08,1626.96,-63.88,0.4429
634571,2021,BAL,SEA,1490.08,1519.44,-29.37,0.4923
634579,2021,ATL,MIA,1532.59,1550.05,-17.47,0.5094
634614,2021,LAD,COL,1669.64,1460.71,208.93,0.7926
634621,2021,PIT,SD,1515.99,1592.46,-76.47,0.4251
634464,2021,NYY,TB,1558.64,1519.69,38.95,0.5896
634469,2021,WSH,ARI,1509.6,1505.79,3.81,0.5399
634474,2021,PHI,STL,1522.0,1537.8,-15.8,0.5118
634475,2021,KC,TOR,1523.87,1561.37,-37.5,0.4806
634482,2021,CIN,CLE,1564.63,1556.86,7.77,0.5456
634518,2021,BOS,CWS,1620.96,1571.04,49.91,0.6048
634519,2021,MIA,SF,1544.66,1569.56,-24.9,0.4987
634547,2021,LAD,COL,1672.96,1455.71,217.25,0.8004
634548,2021,CHC,ATL,1468.32,1540.68,-72.37,0.4308
634632,2021,OAK,DET,1535.75,1488.85,46.9,0.6006
634450,2021,MIA,SF,1561.15,1558.56,2.59,0.5382
634460,2021,CIN,CLE,1579.7,1541.8,37.9,0.5881
634462,2021,CHC,ATL,1454.44,1554.56,-100.12,0.3922
634463,2021,TEX,BAL,1515.81,1477.27,38.54,0.589
634470,2021,PHI,STL,1546.19,1513.61,32.58,0.5807
634471,2021,BOS,CWS,1619.82,1572.18,47.64,0.6017
634473,2021,MIL,PIT,1581.7,1498.33,83.38,0.6498
634477,2021,KC,TOR,1537.33,1552.39,-15.05,0.5129
634479,2021,OAK,DET,1550.85,1473.74,77.11,0.6415
634483,2021,MIL,PIT,1592.21,1482.57,109.64,0.6834
634485,2021,COL,NYM,1450.92,1560.03,-109.1,0.3799
634500,2021,NYY,TB,1540.61,1546.75,-6.14,0.5257
634507,2021,WSH,ARI,1517.24,1498.15,19.09,0.5617
634517,2021,SEA,HOU,1532.25,1497.16,35.1,0.5842
634520,2021,KC,TOR,1517.66,1565.51,-47.85,0.4657
634520,2021,KC,TOR,1518.22,1565.13,-46.92,0.4671
634525,2021,OAK,DET,1562.38,1456.46,105.92,0.6787
634526,2021,LAA,MIN,1542.07,1569.09,-27.02,0.4957
634531,2021,SD,LAD,1604.24,1676.16,-71.92,0.4315
634543,2021,TEX,BAL,1496.55,1496.53,0.02,0.5345
634561,2021,COL,NYM,1444.9,1564.04,-119.14,0.3664
634561,2021,COL,NYM,1447.71,1562.64,-114.92,0.3721
634425,2021,MIA,SF,1566.26,1553.45,12.82,0.5528
634441,2021,LAA,MIN,1566.93,1552.51,14.42,0.5551
634442,2021,KC,TOR,1526.9,1559.35,-32.45,0.4878
634447,2021,SEA,HOU,1539.06,1490.35,48.71,0.6031
634449,2021,SD,LAD,1592.26,1688.14,-95.88,0.398
634455,2021,MIL,PIT,1573.55,1510.56,62.99,0.6226
634458,2021,NYY,TB,1523.16,1564.19,-41.02,0.4755
634465,2021,LAA,MIN,1566.32,1553.12,13.21,0.5533
634468,2021,COL,NYM,1481.93,1545.53,-63.6,0.4433
634480,2021,OAK,DET,1569.18,1446.26,122.92,0.6997
634487,2021,CIN,CLE,1584.19,1535.06,49.12,0.6037
634488,2021,SD,LAD,1585.56,1694.84,-109.28,0.3797
634493,2021,WSH,ARI,1534.03,1481.37,52.66,0.6086
634498,2021,PHI,STL,1521.59,1538.22,-16.63,0.5106
634506,2021,CHC,ATL,1486.57,1533.14,-46.58,0.4676
634511,2021,TEX,BAL,1473.56,1519.51,-45.95,0.4685
634518,2021,BOS,CWS,1628.47,1563.53,64.94,0.6253
634532,2021,BOS,CWS,1612.83,1579.17,33.66,0.5822
634538,2021,SEA,HOU,1529.24,1500.17,29.08,0.5758
634431,2021,WSH,STL,1514.25,1525.41,-11.16,0.5185
634445,2021,BOS,CWS,1606.47,1585.53,20.94,0.5643
634457,2021,PHI,SF,1534.39,1559.54,-25.15,0.4983
634390,2021,DET,PIT,1439.95,1520.63,-80.68,0.4192
634396,2021,KC,TB,1540.2,1572.39,-32.19,0.4882
634397,2021,CLE,CWS,1554.71,1571.17,-16.46,0.5108
634399,2021,SD,MIL,1598.66,1566.83,31.83,0.5797
634408,2021,CIN,ARI,1571.09,1501.14,69.94,0.632
634409,2021,BOS,TOR,1620.83,1550.47,70.36,0.6325
634411,2021,CHC,NYM,1461.27,1552.7,-91.43,0.4042
634417,2021,SEA,LAD,1547.25,1681.73,-134.48,0.3462
634421,2021,SEA,LAD,1541.82,1685.35,-143.53,0.3345
634422,2021,NYY,ATL,1510.86,1558.45,-47.59,0.4661
634427,2021,MIA,BAL,1560.17,1510.85,49.32,0.604
634439,2021,PHI,SF,1521.4,1568.2,-46.8,0.4672
634466,2021,OAK,MIN,1572.33,1553.71,18.63,0.561
634466,2021,OAK,MIN,1571.66,1554.38,17.28,0.5591
634490,2021,OAK,MIN,1576.51,1549.53,26.99,0.5729
634509,2021,WSH,STL,1488.51,1551.16,-62.65,0.4446
634536,2021,LAA,TEX,1565.74,1482.22,83.51,0.65
634390,2021,DET,PIT,1441.68,1519.33,-77.65,0.4234
634392,2021,SD,MIL,1588.62,1576.88,11.74,0.5513
634398,2021,LAA,TEX,1554.73,1498.73,55.99,0.6131
634405,2021,WSH,STL,1497.49,1545.17,-47.67,0.466
634406,2021,COL,HOU,1474.76,1482.16,-7.4,0.5239
634407,2021,KC,TB,1524.19,1583.07,-58.87,0.45
634408,2021,CIN,ARI,1564.29,1511.33,52.96,0.609
634423,2021,DET,PIT,1432.61,1526.13,-93.52,0.4013
634424,2021,COL,HOU,1493.09,1463.83,29.26,0.5761
634428,2021,PHI,SF,1506.18,1578.35,-72.17,0.4311
634430,2021,LAA,TEX,1564.44,1484.16,80.28,0.6457
634440,2021,OAK,MIN,1590.55,1528.47,62.08,0.6214
634444,2021,CIN,ARI,1557.7,1521.23,36.47,0.5862
634452,2021,CLE,CWS,1543.46,1582.42,-38.96,0.4785
634453,2021,CHC,NYM,1476.35,1542.64,-66.29,0.4394
634459,2021,BOS,TOR,1627.09,1544.22,82.87,0.6491
634476,2021,SD,MIL,1571.55,1593.95,-22.4,0.5023
634497,2021,MIA,BAL,1549.78,1526.43,23.36,0.5677
634504,2021,NYY,ATL,1524.64,1549.26,-24.63,0.4991
634419,2021,CHC,NYM,1509.85,1509.14,0.71,0.5355
634436,2021,CLE,NYY,1543.82,1508.21,35.6,0.5849
634446,2021,KC,TB,1502.32,1597.65,-95.33,0.3988
634492,2021,DET,PIT,1458.09,1507.03,-48.94,0.4642
634508,2021,BOS,SEA,1613.21,1552.22,61.0,0.6199
634514,2021,CIN,ARI,1544.91,1540.41,4.5,0.5409
634386,2021,BOS,SEA,1597.68,1567.75,29.93,0.577
634389,2021,BAL,OAK,1512.2,1594.63,-82.44,0.4167
634412,2021,DET,KC,1446.12,1511.91,-65.79,0.4401
634413,2021,TB,TOR,1591.26,1565.03,26.23,0.5718
634415,2021,ATL,ARI,1565.68,1558.37,7.31,0.5449
634420,2021,LAD,SD,1678.42,1562.81,115.61,0.6908
634426,2021,CHC,MIL,1517.57,1602.69,-85.12,0.4129
634429,2021,NYM,WSH,1501.42,1506.19,-4.77,0.5276
634432,2021,SF,MIA,1572.24,1564.02,8.22,0.5462
634437,2021,CLE,NYY,1524.66,1527.37,-2.7,0.5306
634438,2021,HOU,LAA,1449.91,1550.63,-100.71,0.3914
634358,2021,TB,TOR,1581.32,1574.96,6.36,0.5436
634366,2021,HOU,LAA,1486.15,1532.51,-46.35,0.4679
634367,2021,BAL,OAK,1501.61,1601.69,-100.09,0.3922
634369,2021,SF,MIA,1582.27,1553.99,28.28,0.5747
634370,2021,LAD,SD,1671.14,1570.09,101.06,0.6726
634373,2021,BOS,SEA,1602.31,1563.12,39.19,0.5899
634375,2021,DET,KC,1424.11,1528.42,-104.31,0.3864
634378,2021,STL,CIN,1536.47,1526.95,9.52,0.5481
634380,2021,ATL,ARI,1570.71,1553.34,17.37,0.5593
634383,2021,HOU,LAA,1520.02,1498.63,21.39,0.565
634384,2021,CWS,TEX,1582.19,1504.89,77.3,0.6418
634395,2021,STL,CIN,1543.96,1519.46,24.49,0.5693
634401,2021,COL,PHI,1507.01,1515.34,-8.33,0.5225
634416,2021,CHC,MIL,1553.37,1578.82,-25.45,0.4979
634434,2021,MIN,PIT,1522.34,1519.0,3.34,0.5393
634435,2021,CWS,TEX,1586.02,1499.13,86.89,0.6544
634443,2021,NYM,WSH,1523.43,1484.18,39.25,0.59
634467,2021,MIN,PIT,1534.47,1506.87,27.6,0.5737
634486,2021,CLE,NYY,1510.69,1541.34,-30.65,0.4904
634342,2021,SF,MIA,1589.65,1546.61,43.04,0.5953
634344,2021,NYM,WSH,1496.36,1511.25,-14.89,0.5131
634349,2021,MIN,PIT,1512.58,1528.76,-16.17,0.5113
634355,2021,BOS,SEA,1584.26,1581.17,3.1,0.5389
634356,2021,LAD,SD,1652.71,1588.52,64.19,0.6243
634361,2021,LAD,SD,1645.98,1595.25,50.73,0.6059
634372,2021,CLE,NYY,1502.64,1549.39,-46.74,0.4673
634376,2021,TB,TOR,1589.32,1566.96,22.36,0.5663
634380,2021,ATL,ARI,1570.06,1553.99,16.07,0.5574
634388,2021,COL,PHI,1514.93,1507.43,7.5,0.5452
634393,2021,CWS,TEX,1591.87,1490.37,101.5,0.6731
634400,2021,CHC,MIL,1547.91,1584.28,-36.37,0.4822
634403,2021,HOU,LAA,1527.19,1491.47,35.72,0.5851
634404,2021,ATL,ARI,1551.65,1572.4,-20.75,0.5047
634418,2021,COL,PHI,1541.01,1481.35,59.66,0.6181
634448,2021,DET,KC,1415.92,1534.55,-118.63,0.3671
634454,2021,BAL,OAK,1485.47,1612.45,-126.97,0.356
634456,2021,STL,CIN,1555.19,1508.23,46.95,0.6007
634503,2021,SF,MIA,1594.05,1540.0,54.05,0.6105
634343,2021,TB,OAK,1583.11,1592.19,-9.08,0.5215
634345,2021,STL,PHI,1563.86,1497.21,66.64,0.6276
634394,2021,CLE,MIN,1522.79,1492.98,29.81,0.5768
634402,2021,ATL,CHC,1537.32,1525.76,11.56,0.551
634433,2021,BAL,NYY,1515.86,1529.24,-13.38,0.5153
634451,2021,DET,KC,1397.98,1548.01,-150.02,0.3262
634461,2021,MIL,MIA,1599.05,1559.83,39.22,0.59
634318,2021,STL,PHI,1557.1,1507.35,49.76,0.6046
634320,2021,MIL,MIA,1578.67,1580.21,-1.53,0.5323
634331,2021,PIT,KC,1548.36,1553.09,-4.73,0.5277
634335,2021,TOR,WSH,1573.18,1492.57,80.61,0.6462
634339,2021,CLE,MIN,1533.8,1481.97,51.83,0.6074
634351,2021,ATL,CHC,1544.75,1518.33,26.42,0.5721
634363,2021,LAD,CIN,1650.25,1495.23,155.03,0.737
634368,2021,TB,OAK,1577.35,1597.95,-20.6,0.5049
634374,2021,SF,COL,1580.84,1525.14,55.69,0.6127
634377,2021,TEX,LAA,1478.3,1506.65,-28.35,0.4937
634382,2021,HOU,SEA,1512.01,1573.07,-61.06,0.4469
634387,2021,BAL,NYY,1528.56,1516.53,12.03,0.5517
634410,2021,NYM,BOS,1515.04,1592.36,-77.32,0.4239
634308,2021,TB,OAK,1582.79,1592.51,-9.72,0.5205
634310,2021,NYM,BOS,1508.22,1596.9,-88.67,0.408
634314,2021,STL,PHI,1565.68,1494.48,71.2,0.6337
634315,2021,PIT,KC,1556.2,1547.86,8.34,0.5464
634317,2021,MIL,MIA,1583.86,1575.02,8.83,0.5471
634332,2021,CWS,DET,1599.91,1391.21,208.7,0.7924
634333,2021,HOU,SEA,1529.92,1561.14,-31.22,0.4896
634348,2021,TOR,WSH,1581.97,1479.38,102.59,0.6745
634354,2021,SF,COL,1596.34,1501.89,94.45,0.6641
634359,2021,TEX,LAA,1457.34,1527.61,-70.27,0.4338
634362,2021,BAL,NYY,1507.37,1537.73,-30.36,0.4909
634364,2021,ARI,SD,1586.74,1590.98,-4.24,0.5284
634365,2021,LAD,CIN,1638.15,1513.38,124.77,0.7019
634371,2021,CLE,MIN,1546.56,1469.21,77.35,0.6419
634379,2021,LAD,CIN,1648.07,1498.5,149.56,0.7309
634414,2021,ATL,CHC,1562.93,1500.14,62.79,0.6224
634296,2021,TB,OAK,1591.18,1584.12,7.06,0.5446
634300,2021,BAL,NYY,1483.21,1561.89,-78.68,0.4219
634309,2021,SF,COL,1585.14,1518.68,66.46,0.6273
634322,2021,ARI,SD,1598.86,1578.85,20.0,0.563
634330,2021,CWS,DET,1583.86,1423.32,160.54,0.7431
634346,2021,MIL,LAD,1569.83,1640.48,-70.65,0.4333
634347,2021,ATL,CHC,1577.02,1479.01,98.0,0.6687
634350,2021,TEX,LAA,1480.93,1504.02,-23.09,0.5013
634352,2021,STL,PHI,1554.89,1510.67,44.23,0.5969
634353,2021,HOU,SEA,1543.19,1552.29,-9.1,0.5214
634357,2021,CWS,DET,1588.07,1414.9,173.17,0.7568
634357,2021,CWS,DET,1585.43,1420.18,165.25,0.7483
634360,2021,HOU,SEA,1534.55,1558.05,-23.5,0.5007
634274,2021,WSH,MIA,1509.48,1589.05,-79.57,0.4207
634275,2021,TB,HOU,1585.16,1547.57,37.59,0.5877
634280,2021,TOR,ATL,1561.9,1557.09,4.82,0.5414
634289,2021,TEX,BOS,1472.68,1601.25,-128.57,0.3539
634305,2021,CIN,CHC,1509.89,1508.91,0.98,0.5359
634325,2021,PIT,STL,1544.13,1559.27,-15.15,0.5127
634327,2021,NYY,DET,1555.7,1401.56,154.14,0.736
634336,2021,PHI,NYM,1504.09,1501.7,2.39,0.5379
634385,2021,ARI,COL,1578.3,1504.71,73.6,0.6369
634271,2021,TEX,BOS,1492.99,1587.71,-94.72,0.3996
634273,2021,CIN,CHC,1522.12,1496.68,25.44,0.5707
634276,2021,PHI,NYM,1511.77,1494.02,17.75,0.5598
634284,2021,PIT,STL,1524.46,1572.39,-47.93,0.4656
634287,2021,SEA,LAA,1549.36,1512.27,37.1,0.587
634288,2021,CWS,CLE,1594.74,1513.86,80.87,0.6465
634290,2021,MIL,LAD,1575.91,1634.39,-58.47,0.4506
634295,2021,NYY,DET,1565.17,1382.63,182.53,0.7665
634303,2021,SD,SF,1599.41,1594.46,4.95,0.5416
634304,2021,WSH,MIA,1518.78,1582.85,-64.07,0.4426
634307,2021,TB,HOU,1565.93,1576.41,-10.48,0.5194
634312,2021,TOR,ATL,1577.99,1541.0,36.99,0.5869
634319,2021,OAK,BAL,1590.14,1492.49,97.65,0.6682
634326,2021,CWS,CLE,1583.78,1530.3,53.47,0.6097
634328,2021,ARI,COL,1584.48,1495.44,89.04,0.6572
634329,2021,MIN,KC,1501.91,1565.97,-64.06,0.4426
634337,2021,TEX,BOS,1508.16,1577.59,-69.43,0.435
634338,2021,MIL,LAD,1585.32,1624.98,-39.66,0.4775
634381,2021,OAK,BAL,1573.66,1517.21,56.46,0.6138
634391,2021,MIN,KC,1479.23,1581.09,-101.86,0.3898
634256,2021,TOR,ATL,1582.5,1534.24,48.26,0.6025
634257,2021,PHI,NYM,1502.53,1503.26,-0.73,0.5334
634259,2021,WSH,MIA,1542.07,1567.33,-25.25,0.4982
634260,2021,PIT,STL,1501.71,1587.55,-85.83,0.4119
634268,2021,TEX,BOS,1490.03,1589.68,-99.65,0.3928
634272,2021,SEA,LAA,1562.88,1498.76,64.12,0.6242
634282,2021,MIL,LAD,1591.02,1619.29,-28.27,0.4939
634286,2021,ARI,COL,1593.93,1481.27,112.65,0.6871
634298,2021,CIN,CHC,1512.74,1506.06,6.67,0.544
634299,2021,ARI,COL,1570.95,1515.74,55.2,0.612
634301,2021,SD,SF,1604.48,1589.39,15.1,0.556
634302,2021,CWS,CLE,1593.59,1515.59,78.0,0.6427
634306,2021,OAK,BAL,1567.03,1527.16,39.87,0.5909
634311,2021,NYY,DET,1568.95,1375.05,193.9,0.778
634316,2021,SD,SF,1587.29,1606.58,-19.29,0.5068
634323,2021,TB,HOU,1556.84,1585.5,-28.65,0.4933
634340,2021,SEA,LAA,1545.49,1524.84,20.65,0.5639
634341,2021,MIN,KC,1509.98,1560.59,-50.6,0.4618
634244,2021,PHI,MIL,1493.66,1571.01,-77.34,0.4238
634264,2021,CHC,LAD,1498.5,1639.3,-140.8,0.338
634285,2021,MIN,TEX,1539.06,1505.35,33.71,0.5823
634292,2021,STL,NYM,1596.34,1512.13,84.21,0.6509
634229,2021,MIN,TEX,1545.9,1498.5,47.4,0.6013
634239,2021,STL,NYM,1600.07,1506.54,93.53,0.663
634241,2021,BOS,DET,1579.47,1367.88,211.58,0.7951
634242,2021,SEA,BAL,1556.88,1516.57,40.32,0.5915
634243,2021,SD,PIT,1599.88,1488.52,111.36,0.6855
634245,2021,MIA,ARI,1558.61,1580.69,-22.09,0.5028
634246,2021,COL,SF,1501.12,1593.99,-92.86,0.4022
634251,2021,CIN,CWS,1520.3,1575.79,-55.5,0.4548
634254,2021,COL,SF,1480.77,1607.55,-126.78,0.3563
634254,2021,COL,SF,1483.04,1606.05,-123.01,0.3612
634258,2021,KC,CLE,1541.21,1542.28,-1.07,0.5329
634264,2021,CHC,LAD,1501.04,1637.61,-136.57,0.3434
634269,2021,NYY,HOU,1572.54,1579.95,-7.41,0.5239
634293,2021,OAK,TOR,1574.09,1593.65,-19.56,0.5064
634297,2021,WSH,ATL,1555.15,1517.51,37.64,0.5878
634321,2021,CHC,LAD,1529.91,1618.36,-88.46,0.4083
634324,2021,PHI,MIL,1502.92,1564.83,-61.91,0.4457
634334,2021,LAA,TB,1513.45,1562.39,-48.95,0.4642
634217,2021,NYY,HOU,1584.76,1567.73,17.03,0.5588
634220,2021,SEA,BAL,1546.67,1531.88,14.79,0.5556
634225,2021,COL,SF,1498.99,1595.41,-96.43,0.3973
634228,2021,BOS,DET,1584.28,1358.26,226.02,0.8083
634230,2021,CHC,LAD,1539.37,1612.05,-72.68,0.4304
634239,2021,STL,NYM,1598.34,1509.14,89.2,0.6574
634249,2021,MIA,ARI,1573.93,1565.36,8.57,0.5467
634250,2021,STL,NYM,1580.22,1536.31,43.92,0.5965
634265,2021,SEA,BAL,1520.9,1557.66,-36.76,0.4816
634266,2021,WSH,ATL,1538.59,1542.36,-3.78,0.5291
634267,2021,LAA,TB,1495.91,1574.08,-78.18,0.4227
634270,2021,CIN,CWS,1495.78,1592.14,-96.35,0.3974
634277,2021,KC,CLE,1527.16,1556.32,-29.16,0.4926
634278,2021,OAK,TOR,1579.52,1588.22,-8.71,0.522
634279,2021,MIN,TEX,1526.32,1518.09,8.23,0.5463
634294,2021,PHI,MIL,1511.89,1558.85,-46.96,0.467
634313,2021,SD,PIT,1605.14,1480.63,124.51,0.7016
634223,2021,STL,NYM,1589.0,1523.14,65.86,0.6265
634224,2021,NYY,HOU,1594.47,1558.02,36.45,0.5861
634226,2021,KC,CLE,1508.38,1568.84,-60.46,0.4477
634227,2021,SD,PIT,1597.78,1491.68,106.1,0.6789
634231,2021,OAK,TOR,1590.08,1577.66,12.42,0.5522
634232,2021,WSH,ATL,1524.66,1556.29,-31.63,0.489
634233,2021,KC,CLE,1501.13,1573.67,-72.54,0.4306
634248,2021,OAK,TOR,1572.98,1594.76,-21.78,0.5032
634255,2021,BOS,DET,1576.15,1374.52,201.63,0.7856
634261,2021,MIN,TEX,1511.97,1532.44,-20.47,0.5051
634281,2021,LAA,TB,1478.36,1585.79,-107.43,0.3822
634283,2021,PHI,MIL,1520.57,1553.07,-32.49,0.4878
634291,2021,MIA,ARI,1589.81,1549.49,40.32,0.5915
634195,2021,MIA,MIL,1596.86,1544.19,52.67,0.6086
634203,2021,CLE,CIN,1584.41,1505.39,79.02,0.6441
634204,2021,DET,MIN,1365.81,1503.64,-137.84,0.3418
634209,2021,BAL,BOS,1546.35,1580.51,-34.16,0.4854
634216,2021,CHC,PIT,1548.54,1483.6,64.94,0.6253
634219,2021,ATL,PHI,1561.64,1533.88,27.76,0.5739
634234,2021,NYY,WSH,1581.68,1516.64,65.04,0.6254
634247,2021,LAA,TB,1468.75,1592.19,-123.44,0.3607
634252,2021,NYM,ARI,1543.38,1538.91,4.47,0.5409
634165,2021,STL,COL,1575.51,1508.59,66.91,0.6279
634171,2021,TEX,SEA,1540.76,1537.86,2.9,0.5386
634178,2021,SF,SD,1589.01,1603.16,-14.15,0.5142
634187,2021,CLE,CIN,1570.62,1526.07,44.54,0.5974
634190,2021,NYM,ARI,1551.0,1531.29,19.71,0.5626
634193,2021,HOU,TOR,1570.81,1609.04,-38.23,0.4795
634196,2021,BAL,BOS,1527.89,1592.81,-64.93,0.4414
634197,2021,KC,CWS,1485.03,1585.73,-100.7,0.3914
634199,2021,ATL,PHI,1539.89,1566.5,-26.61,0.4962
634200,2021,STL,COL,1579.51,1502.58,76.93,0.6413
634201,2021,HOU,TOR,1558.67,1621.18,-62.51,0.4448
634212,2021,CHC,PIT,1554.6,1477.55,77.05,0.6415
634213,2021,LAA,LAD,1454.06,1605.94,-151.88,0.3239
634214,2021,DET,MIN,1349.24,1516.07,-166.83,0.3053
634215,2021,MIA,MIL,1607.82,1527.75,80.06,0.6454
634221,2021,NYY,WSH,1561.47,1546.96,14.52,0.5552
634235,2021,KC,CWS,1465.3,1598.89,-133.59,0.3473
634236,2021,OAK,TB,1558.7,1601.98,-43.29,0.4723
634240,2021,SF,SD,1604.04,1588.13,15.91,0.5572
634253,2021,TEX,SEA,1548.43,1530.19,18.23,0.5605
634263,2021,OAK,TB,1570.18,1590.5,-20.33,0.5053
634167,2021,KC,CWS,1454.4,1606.15,-151.75,0.324
634173,2021,CLE,CIN,1583.75,1506.38,77.37,0.6419
634175,2021,ATL,PHI,1548.17,1560.98,-12.81,0.5161
634177,2021,BAL,BOS,1509.45,1605.1,-95.66,0.3983
634182,2021,TEX,SEA,1539.18,1539.44,-0.26,0.5341
634184,2021,NYM,ARI,1558.63,1519.86,38.76,0.5894
634185,2021,SF,SD,1608.92,1583.26,25.66,0.571
634192,2021,HOU,TOR,1575.48,1604.37,-28.89,0.493
634194,2021,STL,COL,1589.45,1487.68,101.77,0.6735
634205,2021,LAA,LAD,1485.63,1584.89,-99.27,0.3933
634207,2021,MIA,MIL,1591.78,1551.81,39.97,0.591
634211,2021,OAK,TB,1575.61,1585.07,-9.45,0.5209
634218,2021,NYY,WSH,1566.37,1539.61,26.77,0.5725
634222,2021,DET,MIN,1382.5,1491.12,-108.63,0.3806
634237,2021,CHC,PIT,1558.44,1471.78,86.66,0.6541
634262,2021,LAA,LAD,1495.28,1578.46,-83.17,0.4157
634152,2021,PIT,CIN,1482.25,1508.66,-26.41,0.4965
634176,2021,BAL,BOS,1503.1,1609.34,-106.24,0.3838
634144,2021,WSH,PHI,1532.58,1547.19,-14.61,0.5135
634153,2021,SF,TEX,1587.26,1563.74,23.52,0.568
634155,2021,COL,SD,1479.45,1604.91,-125.46,0.358
634157,2021,ARI,MIA,1509.22,1585.34,-76.12,0.4256
634159,2021,MIL,STL,1558.25,1594.93,-36.69,0.4818
634163,2021,ATL,TOR,1568.86,1593.27,-24.41,0.4994
634164,2021,SF,TEX,1594.78,1556.23,38.55,0.5891
634169,2021,TB,NYY,1590.82,1571.06,19.76,0.5626
634170,2021,NYM,BAL,1565.72,1522.66,43.06,0.5953
634174,2021,PIT,CIN,1451.18,1539.74,-88.56,0.4081
634179,2021,DET,KC,1385.02,1440.25,-55.23,0.4552
634181,2021,HOU,LAA,1586.58,1481.96,104.62,0.6771
634189,2021,CLE,CHC,1582.23,1551.46,30.77,0.5782
634202,2021,BOS,OAK,1596.3,1569.86,26.44,0.5721
634128,2021,NYM,BAL,1570.12,1516.05,54.07,0.6105
634129,2021,CLE,CHC,1586.84,1546.85,40.0,0.5911
634137,2021,PIT,CIN,1475.64,1515.27,-39.63,0.4775
634142,2021,LAD,SEA,1587.34,1514.88,72.46,0.6354
634147,2021,CWS,MIN,1615.59,1489.23,126.36,0.7038
634149,2021,COL,SD,1481.69,1603.42,-121.73,0.3629
634151,2021,WSH,PHI,1512.88,1566.89,-54.02,0.4569
634154,2021,BOS,OAK,1590.03,1576.13,13.9,0.5543
634155,2021,COL,SD,1464.52,1614.86,-150.34,0.3258
634156,2021,HOU,LAA,1579.41,1492.71,86.7,0.6541
634180,2021,ARI,MIA,1527.7,1573.03,-45.33,0.4693
634186,2021,DET,KC,1396.81,1428.46,-31.65,0.489
634198,2021,MIL,STL,1544.66,1608.52,-63.85,0.4429
634208,2021,COL,SD,1475.02,1607.86,-132.84,0.3483
634210,2021,TB,NYY,1581.02,1580.86,0.16,0.5347
634238,2021,ATL,TOR,1560.18,1601.95,-41.78,0.4744
634103,2021,WSH,PHI,1498.04,1576.78,-78.74,0.4219
634113,2021,PIT,SF,1457.52,1601.87,-144.35,0.3334
634114,2021,ATL,TOR,1549.85,1612.28,-62.43,0.4449
634117,2021,DET,KC,1414.52,1410.75,3.77,0.5399
634125,2021,CWS,MIN,1624.31,1476.15,148.16,0.7293
634126,2021,TB,NYY,1575.09,1586.79,-11.7,0.5177
634140,2021,LAD,SEA,1593.55,1505.57,87.98,0.6558
634150,2021,BOS,OAK,1577.81,1588.35,-10.53,0.5194
634158,2021,MIL,STL,1562.68,1596.51,-33.83,0.4859
634160,2021,CWS,MIN,1628.77,1469.46,159.31,0.7418
634172,2021,HOU,LAA,1587.98,1479.86,108.12,0.6815
634183,2021,ARI,MIA,1555.11,1554.75,0.37,0.535
634093,2021,TB,NYM,1591.95,1581.96,10.0,0.5488
634108,2021,PIT,SF,1449.27,1607.37,-158.1,0.3161
634119,2021,TOR,PHI,1623.42,1562.41,61.01,0.62
634135,2021,SEA,CLE,1490.11,1591.3,-101.18,0.3907
634136,2021,ARI,MIA,1549.18,1560.68,-11.5,0.518
634138,2021,BOS,LAA,1593.73,1463.85,129.88,0.708
634141,2021,HOU,TEX,1598.65,1549.13,49.52,0.6043
634146,2021,BAL,NYY,1498.3,1569.92,-71.62,0.4319
634191,2021,COL,CIN,1466.36,1533.39,-67.03,0.4384
634206,2021,DET,CHC,1424.71,1540.16,-115.46,0.3713
634656,2021,CWS,KC,1635.67,1400.56,235.11,0.8163
634080,2021,MIN,OAK,1459.11,1572.43,-113.32,0.3742
634085,2021,PIT,SF,1463.43,1600.3,-136.87,0.343
634095,2021,BOS,LAA,1596.78,1459.26,137.52,0.717
634104,2021,BAL,NYY,1491.34,1574.56,-83.22,0.4156
634105,2021,TB,NYM,1596.93,1576.97,19.96,0.5629
634106,2021,MIL,ATL,1554.26,1533.14,21.13,0.5646
634110,2021,SEA,CLE,1480.26,1597.86,-117.6,0.3685
634111,2021,DET,CHC,1412.31,1549.47,-137.16,0.3427
634118,2021,MIL,ATL,1539.86,1554.74,-14.87,0.5131
634121,2021,COL,CIN,1489.8,1509.95,-20.15,0.5055
634123,2021,HOU,TEX,1602.95,1542.69,60.25,0.6189
634127,2021,CWS,KC,1616.68,1438.54,178.14,0.762
634131,2021,MIN,OAK,1469.01,1565.83,-96.82,0.3967
634132,2021,SD,STL,1613.64,1604.92,8.72,0.5469
634139,2021,TOR,PHI,1607.89,1577.94,29.94,0.577
634145,2021,LAD,MIA,1603.85,1573.95,29.9,0.577
634161,2021,HOU,TEX,1614.49,1525.37,89.12,0.6573
634162,2021,ARI,WSH,1529.28,1519.6,9.68,0.5483
634166,2021,CWS,KC,1598.53,1474.85,123.68,0.7006
634068,2021,HOU,TEX,1618.15,1519.89,98.26,0.669
634069,2021,TOR,PHI,1618.63,1567.2,51.44,0.6069
634071,2021,TB,NYM,1611.35,1562.56,48.78,0.6032
634083,2021,DET,CHC,1426.03,1539.17,-113.14,0.3745
634084,2021,SEA,CLE,1503.42,1582.42,-79.0,0.4215
634086,2021,BAL,NYY,1472.64,1587.03,-114.39,0.3728
634087,2021,SEA,CLE,1524.99,1568.04,-43.05,0.4726
634090,2021,SD,STL,1618.64,1599.92,18.73,0.5612
634094,2021,PIT,SF,1479.73,1589.43,-109.69,0.3791
634096,2021,LAD,MIA,1613.11,1564.69,48.42,0.6027
634097,2021,ARI,WSH,1492.95,1555.92,-62.97,0.4441
634098,2021,COL,CIN,1506.1,1493.65,12.45,0.5523
634100,2021,BOS,LAA,1606.6,1444.54,162.05,0.7448
634122,2021,LAD,MIA,1626.04,1551.76,74.28,0.6378
634124,2021,CWS,KC,1603.51,1467.37,136.14,0.7154
634130,2021,ARI,WSH,1519.92,1537.95,-18.03,0.5086
634134,2021,MIL,ATL,1522.91,1566.04,-43.14,0.4725
634143,2021,SD,STL,1626.29,1592.27,34.02,0.5827
634148,2021,COL,CIN,1496.96,1502.79,-5.82,0.5261
634188,2021,MIN,OAK,1452.67,1576.72,-124.06,0.3599
634063,2021,ATL,NYM,1560.31,1550.48,9.83,0.5485
634070,2021,CIN,SF,1511.51,1597.44,-85.92,0.4118
634076,2021,CHC,WSH,1552.93,1554.73,-1.8,0.5319
634077,2021,MIN,CWS,1447.0,1606.48,-159.48,0.3143
634051,2021,PHI,MIA,1560.45,1558.6,1.84,0.5371
634052,2021,CHC,WSH,1564.97,1542.69,22.29,0.5662
634057,2021,SD,COL,1642.05,1488.23,153.82,0.7357
634058,2021,CIN,SF,1498.33,1606.23,-107.9,0.3816
634073,2021,MIN,CWS,1422.94,1618.51,-195.57,0.2714
634075,2021,BAL,TB,1495.67,1623.43,-127.76,0.355
634082,2021,SEA,DET,1533.6,1407.69,125.91,0.7033
634091,2021,LAD,ARI,1619.2,1503.14,116.06,0.6913
634099,2021,TEX,NYY,1507.65,1571.68,-64.02,0.4427
634101,2021,LAA,CLE,1459.93,1562.31,-102.38,0.3891
634107,2021,ATL,NYM,1550.71,1560.08,-9.37,0.521
634109,2021,STL,PIT,1576.5,1467.72,108.78,0.6823
634133,2021,TOR,BOS,1625.39,1598.9,26.48,0.5721
634026,2021,STL,PIT,1583.22,1457.65,125.57,0.7029
634030,2021,MIN,CWS,1437.79,1611.09,-173.31,0.2975
634031,2021,SD,COL,1650.27,1475.9,174.37,0.758
634043,2021,KC,MIL,1462.92,1531.51,-68.6,0.4362
634044,2021,PHI,MIA,1573.7,1545.34,28.36,0.5748
634050,2021,OAK,HOU,1580.5,1626.31,-45.8,0.4687
634053,2021,CHC,WSH,1574.5,1528.4,46.1,0.5995
634055,2021,BAL,TB,1478.93,1634.59,-155.67,0.3191
634061,2021,CIN,SF,1488.74,1612.62,-123.88,0.3601
634065,2021,SD,COL,1655.25,1468.45,186.8,0.7709
634066,2021,ATL,NYM,1544.95,1565.83,-20.88,0.5045
634067,2021,TEX,NYY,1525.67,1559.66,-33.99,0.4856
634092,2021,LAD,ARI,1624.35,1495.4,128.95,0.7069
634102,2021,LAA,CLE,1479.35,1549.36,-70.01,0.4342
634115,2021,SEA,DET,1511.46,1437.2,74.27,0.6378
634116,2021,TOR,BOS,1640.25,1584.04,56.21,0.6134
634018,2021,TOR,BOS,1624.85,1599.44,25.4,0.5706
634020,2021,CIN,SF,1475.57,1621.4,-145.83,0.3315
634029,2021,LAA,CLE,1472.35,1556.36,-84.01,0.4145
634033,2021,LAD,ARI,1634.09,1480.8,153.28,0.7351
634034,2021,OAK,HOU,1586.28,1620.53,-34.26,0.4852
634037,2021,KC,MIL,1477.33,1517.1,-39.76,0.4773
634039,2021,PHI,MIA,1563.73,1560.3,3.42,0.5394
634041,2021,ATL,PIT,1553.12,1448.29,104.82,0.6773
634045,2021,OAK,HOU,1570.38,1636.43,-66.05,0.4398
634046,2021,SEA,DET,1484.93,1472.57,12.36,0.5521
634047,2021,TEX,NYY,1509.76,1570.27,-60.51,0.4476
634112,2021,CHC,WSH,1567.99,1538.17,29.82,0.5768
634120,2021,BAL,TB,1471.07,1639.83,-168.76,0.3029
634168,2021,TEX,NYY,1498.27,1577.93,-79.66,0.4206
634441,2021,LAA,MIN,1465.71,1431.67,34.04,0.5828
634465,2021,LAA,MIN,1446.62,1457.13,-10.51,0.5194
634012,2021,WSH,BAL,1524.28,1455.52,68.76,0.6304
634014,2021,NYY,CWS,1585.06,1614.15,-29.09,0.4927
634015,2021,CLE,MIN,1560.79,1434.79,126.0,0.7034
634027,2021,CIN,MIL,1454.88,1503.56,-48.68,0.4645
634036,2021,ATL,PIT,1541.75,1471.02,70.73,0.633
634054,2021,PHI,BOS,1546.96,1605.7,-58.74,0.4502
634059,2021,LAD,ARI,1638.44,1474.27,164.17,0.7471
634078,2021,TOR,TB,1618.59,1650.2,-31.61,0.4891
634089,2021,MIA,NYM,1577.07,1560.39,16.68,0.5583
633984,2021,PHI,BOS,1523.84,1621.11,-97.27,0.3961
633999,2021,MIA,NYM,1570.93,1566.53,4.39,0.5408
634001,2021,KC,DET,1490.87,1493.78,-2.91,0.5303
634008,2021,TEX,HOU,1487.57,1647.42,-159.85,0.3139
634010,2021,COL,ARI,1464.93,1470.36,-5.43,0.5267
634011,2021,SF,LAD,1635.19,1641.05,-5.86,0.5261
634013,2021,SF,LAD,1623.55,1652.69,-29.13,0.4926
634016,2021,COL,ARI,1472.79,1462.51,10.28,0.5492
634017,2021,CIN,MIL,1477.41,1481.03,-3.62,0.5293
634019,2021,SD,SEA,1657.59,1463.73,193.86,0.778
634022,2021,STL,CHC,1589.45,1577.25,12.2,0.5519
634028,2021,LAA,OAK,1476.4,1559.38,-82.98,0.4159
634032,2021,STL,CHC,1569.23,1597.47,-28.24,0.4939
634035,2021,NYY,CWS,1590.62,1608.6,-17.98,0.5087
634038,2021,CLE,MIN,1535.26,1485.84,49.42,0.6041
634049,2021,ATL,PIT,1567.32,1445.46,121.85,0.6984
634062,2021,WSH,BAL,1533.73,1446.07,87.65,0.6554
634079,2021,TEX,HOU,1504.44,1636.18,-131.75,0.3497
634081,2021,TOR,TB,1610.11,1658.67,-48.56,0.4647
634088,2021,KC,DET,1503.24,1481.41,21.83,0.5656
633973,2021,STL,CHC,1574.77,1591.93,-17.16,0.5098
633975,2021,TOR,TB,1602.12,1666.66,-64.54,0.4419
633977,2021,WSH,BAL,1544.75,1431.37,113.38,0.688
633980,2021,SF,LAD,1618.16,1658.08,-39.92,0.4771
633985,2021,LAA,OAK,1460.92,1569.7,-108.79,0.3803
633989,2021,CIN,MIL,1468.62,1489.82,-21.2,0.504
633991,2021,SD,SEA,1666.64,1450.15,216.49,0.7997
633995,2021,COL,ARI,1493.74,1441.55,52.19,0.6079
633996,2021,SD,SEA,1669.84,1445.34,224.5,0.807
633998,2021,MIA,NYM,1578.98,1558.48,20.51,0.5637
634000,2021,LAA,OAK,1470.74,1563.16,-92.41,0.4028
634002,2021,KC,DET,1488.47,1496.18,-7.71,0.5234
634004,2021,PHI,BOS,1517.53,1625.32,-107.79,0.3817
634007,2021,CLE,MIN,1545.47,1475.63,69.84,0.6319
634009,2021,NYY,CWS,1606.83,1592.38,14.45,0.5551
634025,2021,TEX,HOU,1528.13,1620.38,-92.25,0.403
634060,2021,ATL,PIT,1575.51,1429.08,146.43,0.7273
633963,2021,TOR,TB,1594.58,1674.21,-79.63,0.4206
633976,2021,MIA,PHI,1590.11,1540.3,49.82,0.6047
633981,2021,DET,CLE,1488.28,1525.09,-36.82,0.4816
633982,2021,MIN,BAL,1496.01,1424.79,71.22,0.6337
633992,2021,MIL,SD,1511.29,1675.67,-164.38,0.3083
634056,2021,NYM,COL,1547.35,1500.11,47.23,0.6011
633941,2021,PIT,CHC,1413.16,1597.54,-184.38,0.2843
633955,2021,OAK,SEA,1573.11,1433.69,139.42,0.7192
633956,2021,NYY,TOR,1611.73,1581.94,29.79,0.5768
633958,2021,BOS,ATL,1610.14,1583.47,26.67,0.5724
633962,2021,MIL,SD,1528.26,1664.36,-136.1,0.3441
633965,2021,WSH,CIN,1549.69,1447.15,102.54,0.6745
633969,2021,MIA,PHI,1598.69,1527.43,71.25,0.6337
633970,2021,DET,CLE,1480.4,1532.97,-52.58,0.459
633990,2021,TB,KC,1686.85,1496.37,190.48,0.7746
633994,2021,CWS,STL,1587.48,1569.16,18.32,0.5606
634023,2021,NYM,COL,1537.56,1509.9,27.65,0.5738
634048,2021,MIN,BAL,1511.26,1404.44,106.82,0.6798
633890,2021,WSH,CIN,1538.97,1461.44,77.52,0.6421
633901,2021,MIA,PHI,1587.9,1543.62,44.28,0.597
633910,2021,NYY,TOR,1597.08,1596.59,0.49,0.5352
633912,2021,NYM,COL,1548.65,1498.81,49.85,0.6047
633927,2021,MIL,SD,1513.13,1674.45,-161.32,0.3121
633928,2021,MIN,BAL,1521.42,1390.9,130.52,0.7088
633940,2021,LAA,TEX,1455.81,1537.67,-81.86,0.4175
633945,2021,OAK,SEA,1561.22,1457.47,103.76,0.676
633951,2021,CWS,STL,1598.7,1557.94,40.76,0.5921
633953,2021,HOU,LAD,1614.03,1672.67,-58.64,0.4503
633967,2021,PIT,CHC,1407.34,1600.45,-193.11,0.2742
633971,2021,CWS,STL,1610.18,1546.46,63.72,0.6236
633972,2021,LAA,TEX,1465.15,1528.32,-63.17,0.4439
633979,2021,ARI,SF,1433.05,1603.57,-170.52,0.3008
633986,2021,DET,CLE,1465.48,1547.89,-82.41,0.4167
633993,2021,BOS,ATL,1600.2,1593.41,6.79,0.5442
634021,2021,HOU,LAD,1599.43,1687.26,-87.83,0.4092
634064,2021,TB,KC,1678.94,1508.23,170.71,0.7541
634074,2021,OAK,SEA,1554.06,1468.2,85.86,0.653
633888,2021,PIT,CHC,1396.16,1606.04,-209.88,0.2554
633890,2021,WSH,CIN,1548.08,1452.33,95.75,0.6658
633910,2021,NYY,TOR,1596.69,1596.98,-0.29,0.5341
633912,2021,NYM,COL,1546.95,1500.51,46.44,0.6
633915,2021,TB,KC,1681.47,1504.44,177.04,0.7608
633922,2021,NYM,COL,1557.28,1490.18,67.1,0.6282
633937,2021,MIL,SD,1508.29,1677.67,-169.38,0.3022
633939,2021,ARI,SF,1413.42,1613.39,-199.96,0.2664
633943,2021,DET,CLE,1474.84,1538.54,-63.7,0.4431
633957,2021,MIA,PHI,1594.84,1533.2,61.64,0.6208
633974,2021,NYY,TOR,1604.88,1588.79,16.08,0.5574
634003,2021,WSH,CIN,1556.53,1443.89,112.64,0.6871
633899,2021,NYM,ATL,1561.28,1581.71,-20.43,0.5051
633914,2021,ARI,STL,1408.01,1569.87,-161.86,0.3114
633916,2021,WSH,MIL,1542.03,1519.07,22.96,0.5672
633924,2021,CWS,BAL,1594.57,1384.8,209.77,0.7934
633930,2021,LAD,SF,1674.66,1616.09,58.57,0.6166
633934,2021,SEA,TEX,1457.09,1503.08,-45.98,0.4684
633961,2021,DET,NYY,1460.51,1595.15,-134.64,0.3459
633964,2021,OAK,LAA,1561.47,1490.4,71.07,0.6335
633966,2021,CLE,TOR,1552.86,1598.52,-45.66,0.4689
634005,2021,PIT,COL,1387.96,1484.18,-96.22,0.3975
634024,2021,CHC,CIN,1610.14,1472.88,137.25,0.7167
634040,2021,BOS,MIA,1611.9,1588.15,23.76,0.5683
633874,2021,HOU,SD,1612.04,1670.49,-58.45,0.4506
633875,2021,CHC,CIN,1613.09,1468.45,144.65,0.7253
633887,2021,CWS,BAL,1599.43,1375.09,224.34,0.8068
633887,2021,CWS,BAL,1596.34,1381.26,215.08,0.7984
633894,2021,TB,PHI,1687.82,1543.25,144.57,0.7252
633903,2021,BOS,MIA,1621.38,1578.67,42.7,0.5948
633916,2021,WSH,MIL,1540.92,1520.18,20.75,0.564
633918,2021,HOU,SD,1602.3,1680.22,-77.92,0.423
633921,2021,LAD,SF,1678.8,1611.95,66.85,0.6278
633929,2021,OAK,LAA,1571.65,1475.13,96.51,0.6668
633932,2021,MIN,KC,1526.0,1494.92,31.08,0.5786
633936,2021,PIT,COL,1390.14,1482.55,-92.41,0.4028
633938,2021,LAD,SF,1665.29,1625.47,39.82,0.5908
633944,2021,MIN,KC,1501.46,1519.45,-17.99,0.5086
633949,2021,DET,NYY,1470.76,1588.31,-117.55,0.3685
633950,2021,WSH,MIL,1522.33,1538.77,-16.43,0.5109
633959,2021,NYM,ATL,1561.22,1581.76,-20.54,0.505
633960,2021,CWS,BAL,1599.57,1374.81,224.76,0.8072
633987,2021,ARI,STL,1401.57,1573.09,-171.51,0.2996
633997,2021,SEA,TEX,1479.49,1480.68,-1.2,0.5328
634005,2021,PIT,COL,1419.65,1460.41,-40.75,0.4759
634006,2021,OAK,LAA,1555.2,1499.81,55.39,0.6123
634042,2021,CLE,TOR,1535.94,1615.44,-79.5,0.4208
633854,2021,DET,NYY,1496.54,1571.13,-74.59,0.4277
633872,2021,CWS,BAL,1603.45,1367.05,236.4,0.8174
633881,2021,MIN,KC,1509.57,1511.34,-1.78,0.5319
633889,2021,OAK,LAA,1561.85,1489.84,72.01,0.6348
633892,2021,TB,PHI,1692.35,1536.45,155.9,0.738
633913,2021,ARI,STL,1391.8,1577.97,-186.17,0.2822
633923,2021,LAD,SF,1648.65,1642.11,6.54,0.5438
633925,2021,NYM,ATL,1580.72,1562.27,18.46,0.5608
633931,2021,CHC,CIN,1622.16,1454.85,167.3,0.7505
633933,2021,WSH,MIL,1502.75,1558.35,-55.61,0.4546
633935,2021,CLE,TOR,1537.21,1614.6,-77.38,0.4238
633942,2021,HOU,SD,1588.71,1693.81,-105.11,0.3854
633946,2021,ARI,STL,1380.26,1583.74,-203.48,0.2625
633947,2021,SEA,TEX,1487.25,1472.92,14.34,0.555
633968,2021,SEA,TEX,1494.61,1465.56,29.05,0.5758
633978,2021,PIT,COL,1453.89,1434.73,19.17,0.5618
634042,2021,CLE,TOR,1523.59,1623.68,-100.08,0.3922
634072,2021,BOS,MIA,1628.36,1571.69,56.68,0.6141
633849,2021,SEA,OAK,1505.65,1551.04,-45.39,0.4693
633870,2021,CHC,SD,1604.2,1680.8,-76.61,0.4249
633884,2021,CLE,CWS,1533.26,1606.35,-73.09,0.4298
633896,2021,HOU,BOS,1601.72,1627.13,-25.41,0.498
633897,2021,SF,LAA,1648.12,1506.04,142.08,0.7223
633898,2021,NYY,TB,1556.88,1698.65,-141.78,0.3367
633917,2021,ATL,WSH,1562.93,1487.99,74.94,0.6387
633919,2021,BAL,MIN,1361.25,1491.88,-130.63,0.3512
633948,2021,MIL,DET,1568.19,1517.92,50.27,0.6053
633983,2021,CIN,PHI,1481.79,1527.0,-45.21,0.4695
634452,2021,CLE,CWS,1522.29,1613.66,-91.37,0.4042
633851,2021,LAD,STL,1642.64,1561.28,81.35,0.6471
633856,2021,BAL,MIN,1353.9,1497.4,-143.5,0.3345
633857,2021,TOR,MIA,1617.23,1572.92,44.31,0.5971
633861,2021,NYY,TB,1551.31,1704.21,-152.9,0.3226
633863,2021,ATL,WSH,1569.08,1478.78,90.3,0.6588
633868,2021,CIN,PHI,1511.71,1497.09,14.62,0.5554
633877,2021,CLE,CWS,1537.38,1603.61,-66.23,0.4395
633878,2021,MIL,DET,1572.47,1511.5,60.97,0.6199
633900,2021,KC,PIT,1529.03,1444.63,84.4,0.6511
633926,2021,ARI,NYM,1425.18,1580.06,-154.87,0.3201
633834,2021,ARI,NYM,1409.78,1587.76,-177.97,0.2919
633844,2021,TOR,MIA,1627.4,1562.75,64.65,0.6249
633853,2021,BAL,MIN,1381.61,1476.61,-95.0,0.3992
633855,2021,CHC,SD,1620.13,1664.87,-44.74,0.4702
633864,2021,SF,LAA,1655.6,1494.83,160.77,0.7434
633866,2021,CLE,CWS,1546.43,1597.57,-51.15,0.461
633867,2021,CIN,PHI,1475.85,1532.94,-57.09,0.4525
633871,2021,SEA,OAK,1514.3,1545.27,-30.97,0.49
633873,2021,HOU,BOS,1620.0,1608.84,11.16,0.5504
633879,2021,LAD,STL,1652.39,1551.53,100.86,0.6723
633880,2021,CHC,SD,1635.01,1649.98,-14.97,0.513
633882,2021,NYY,TB,1562.45,1693.08,-130.63,0.3512
633883,2021,ATL,WSH,1550.93,1505.99,44.94,0.5979
633885,2021,ARI,NYM,1403.79,1590.75,-186.96,0.2813
633891,2021,KC,PIT,1542.01,1427.32,114.68,0.6896
633895,2021,COL,TEX,1447.08,1454.52,-7.44,0.5238
633819,2021,NYY,TB,1569.24,1686.29,-117.04,0.3692
633831,2021,HOU,BOS,1631.52,1597.33,34.2,0.583
633835,2021,PIT,MIA,1410.41,1558.71,-148.3,0.3284
633836,2021,ATL,WSH,1540.63,1521.44,19.19,0.5618
633842,2021,HOU,BOS,1616.74,1612.11,4.63,0.5411
633848,2021,COL,TEX,1457.61,1446.62,10.98,0.5502
633860,2021,COL,TEX,1472.5,1426.77,45.73,0.599
633876,2021,MIL,ARI,1559.09,1418.49,140.61,0.7206
633954,2021,SEA,OAK,1491.74,1567.84,-76.1,0.4256
633988,2021,LAD,STL,1645.26,1558.66,86.61,0.654
633809,2021,STL,CIN,1545.42,1476.62,68.8,0.6305
633815,2021,TOR,HOU,1631.44,1621.82,9.62,0.5482
633818,2021,BAL,CLE,1407.16,1547.06,-139.9,0.3391
633820,2021,ATL,LAD,1557.41,1658.5,-101.08,0.3909
633823,2021,SF,CHC,1632.55,1640.38,-7.83,0.5233
633824,2021,NYY,BOS,1557.58,1607.03,-49.45,0.4634
633832,2021,LAA,SEA,1529.4,1472.53,56.87,0.6143
633833,2021,KC,MIN,1554.69,1457.45,97.24,0.6677
633841,2021,SD,NYM,1644.62,1583.4,61.21,0.6202
633858,2021,PIT,MIA,1432.53,1547.65,-115.12,0.3718
633859,2021,CWS,DET,1597.15,1531.57,65.58,0.6261
633862,2021,PHI,WSH,1532.17,1504.66,27.51,0.5736
633787,2021,PIT,MIA,1472.25,1517.85,-45.6,0.469
633795,2021,PHI,WSH,1522.75,1514.09,8.66,0.5469
633797,2021,STL,CIN,1529.3,1492.74,36.56,0.5863
633799,2021,KC,MIN,1558.22,1452.16,106.06,0.6789
633800,2021,TOR,HOU,1609.04,1644.22,-35.18,0.4839
633807,2021,BAL,CLE,1429.01,1530.68,-101.67,0.39
633816,2021,SD,NYM,1648.72,1579.31,69.41,0.6313
633817,2021,SF,CHC,1646.17,1626.76,19.41,0.5621
633825,2021,STL,CIN,1510.12,1511.93,-1.81,0.5319
633827,2021,MIL,ARI,1564.92,1406.84,158.08,0.7404
633828,2021,ATL,LAD,1547.79,1668.12,-120.33,0.3648
633830,2021,TEX,TB,1404.25,1697.95,-293.7,0.1747
633837,2021,LAA,SEA,1506.27,1495.66,10.61,0.5496
633838,2021,KC,MIN,1551.04,1462.93,88.1,0.656
633839,2021,TEX,TB,1420.4,1689.87,-269.48,0.1957
633840,2021,CWS,DET,1605.2,1519.49,85.71,0.6528
633846,2021,MIL,ARI,1569.17,1398.32,170.85,0.7543
633852,2021,NYY,BOS,1547.52,1617.08,-69.56,0.4348
633865,2021,COL,OAK,1489.39,1580.65,-91.25,0.4044
633886,2021,SF,CHC,1655.79,1617.13,38.66,0.5892
633920,2021,CWS,DET,1608.91,1513.93,94.98,0.6648
633774,2021,CWS,DET,1601.84,1524.53,77.31,0.6418
633780,2021,TOR,HOU,1622.12,1631.14,-9.02,0.5215
633786,2021,PHI,WSH,1537.77,1499.07,38.7,0.5893
633794,2021,PIT,MIA,1480.91,1509.2,-28.29,0.4938
633798,2021,MIL,ARI,1575.04,1386.58,188.46,0.7726
633802,2021,TEX,TB,1412.66,1693.74,-281.08,0.1854
633806,2021,SD,NYM,1655.0,1573.02,81.98,0.648
633808,2021,STL,CIN,1496.1,1525.94,-29.84,0.4916
633810,2021,ATL,LAD,1563.67,1657.53,-93.86,0.4008
633812,2021,NYY,BOS,1531.24,1627.94,-96.69,0.3969
633814,2021,BAL,CLE,1405.79,1548.09,-142.3,0.336
633821,2021,SD,NYM,1638.91,1589.11,49.8,0.6046
633843,2021,LAA,SEA,1513.72,1488.2,25.52,0.5708
633845,2021,LAA,SEA,1491.93,1510.0,-18.07,0.5085
633847,2021,COL,OAK,1474.39,1590.65,-116.25,0.3703
633850,2021,COL,OAK,1490.16,1580.13,-89.97,0.4062
633869,2021,SF,CHC,1660.27,1612.66,47.62,0.6016
633893,2021,KC,MIN,1563.22,1444.65,118.57,0.6944
634072,2021,BOS,MIA,1632.15,1522.05,110.1,0.6839
633766,2021,TB,WSH,1698.86,1480.22,218.64,0.8017
633772,2021,PIT,LAD,1468.05,1647.43,-179.38,0.2902
633773,2021,BAL,NYM,1458.46,1604.33,-145.88,0.3315
633779,2021,SD,CHC,1623.69,1619.19,4.5,0.5409
633785,2021,PHI,ATL,1556.62,1573.77,-17.15,0.5099
633793,2021,BOS,HOU,1637.44,1642.66,-5.22,0.527
633796,2021,LAA,KC,1516.26,1555.92,-39.66,0.4775
633801,2021,CIN,MIL,1534.01,1578.73,-44.72,0.4702
633813,2021,MIA,COL,1514.12,1477.18,36.94,0.5868
633822,2021,DET,SEA,1513.02,1485.67,27.35,0.5734
633738,2021,MIA,COL,1529.81,1461.48,68.33,0.6298
633739,2021,SD,CHC,1636.82,1606.05,30.77,0.5782
633752,2021,TEX,SF,1402.42,1653.74,-251.32,0.2127
633753,2021,PIT,LAD,1460.98,1652.15,-191.17,0.2764
633756,2021,TEX,SF,1391.47,1659.21,-267.74,0.1973
633759,2021,DET,SEA,1524.13,1474.56,49.57,0.6043
633764,2021,PHI,ATL,1543.59,1586.8,-43.21,0.4724
633765,2021,OAK,ARI,1588.79,1379.22,209.57,0.7932
633767,2021,TB,WSH,1702.03,1475.46,226.57,0.8088
633777,2021,SD,CHC,1626.8,1616.08,10.72,0.5498
633778,2021,STL,CLE,1488.03,1508.59,-20.56,0.505
633784,2021,OAK,ARI,1592.97,1370.84,222.13,0.8048
633788,2021,CWS,TOR,1609.52,1610.6,-1.08,0.5329
633791,2021,CIN,MIL,1516.21,1590.59,-74.39,0.428
633803,2021,BOS,HOU,1621.07,1659.03,-37.95,0.4799
633804,2021,MIN,NYY,1459.27,1524.92,-65.65,0.4403
633811,2021,BAL,NYM,1489.75,1583.47,-93.73,0.401
633826,2021,LAA,KC,1538.33,1541.2,-2.88,0.5304
633744,2021,PIT,LAD,1456.75,1654.97,-198.22,0.2684
633745,2021,WSH,SF,1494.8,1651.28,-156.48,0.3181
633748,2021,MIA,COL,1519.65,1471.65,48.01,0.6022
633754,2021,DET,SEA,1504.47,1494.22,10.25,0.5491
633757,2021,CIN,MIL,1537.58,1576.34,-38.77,0.4788
633758,2021,BOS,HOU,1607.55,1672.55,-65.01,0.4413
633762,2021,PHI,ATL,1552.2,1581.06,-28.86,0.493
633775,2021,STL,CLE,1460.39,1536.24,-75.85,0.4259
633776,2021,LAA,KC,1561.73,1517.8,43.94,0.5965
633783,2021,CWS,TOR,1622.9,1597.22,25.68,0.571
633792,2021,MIN,NYY,1442.75,1541.44,-98.68,0.3941
633733,2021,CWS,TOR,1608.36,1611.75,-3.39,0.5296
633735,2021,BOS,TOR,1621.52,1601.33,20.19,0.5633
633741,2021,CIN,COL,1517.35,1452.21,65.13,0.6255
633742,2021,CHC,STL,1633.11,1486.3,146.81,0.7278
633743,2021,CLE,SEA,1510.32,1474.92,35.4,0.5847
633746,2021,WSH,SF,1497.62,1649.39,-151.77,0.324
633770,2021,OAK,KC,1597.54,1500.79,96.75,0.6671
633771,2021,NYM,SD,1599.71,1609.76,-10.05,0.5201
633781,2021,TB,BAL,1689.14,1465.39,223.76,0.8063
633782,2021,MIA,ATL,1539.08,1575.51,-36.43,0.4821
633789,2021,DET,CWS,1523.77,1618.78,-95.02,0.3992
633790,2021,MIN,NYY,1426.02,1553.99,-127.97,0.3547
633698,2021,WSH,SF,1492.58,1652.75,-160.17,0.3135
633699,2021,TB,BAL,1692.23,1460.75,231.48,0.8132
633704,2021,MIA,ATL,1547.56,1569.86,-22.3,0.5024
633712,2021,ARI,LAA,1361.71,1573.07,-211.36,0.2538
633717,2021,OAK,KC,1579.22,1528.26,50.96,0.6062
633718,2021,OAK,KC,1583.49,1521.86,61.63,0.6208
633720,2021,MIN,HOU,1447.46,1658.58,-211.12,0.254
633721,2021,DET,CWS,1517.4,1623.03,-105.63,0.3846
633725,2021,CLE,SEA,1530.72,1454.52,76.2,0.6403
633726,2021,MIL,PIT,1589.83,1448.56,141.28,0.7214
633730,2021,CIN,COL,1534.33,1435.23,99.1,0.6701
633731,2021,ARI,LAA,1356.58,1575.64,-219.07,0.2455
633732,2021,NYM,SD,1605.01,1604.47,0.55,0.5353
633736,2021,MIN,HOU,1439.31,1662.65,-223.35,0.2409
633740,2021,CHC,STL,1638.77,1477.81,160.96,0.7436
633745,2021,WSH,SF,1487.72,1656.0,-168.28,0.3035
633751,2021,BOS,TOR,1626.32,1596.53,29.79,0.5768
633761,2021,LAD,TEX,1660.43,1407.35,253.08,0.8313
633763,2021,PHI,NYY,1557.75,1543.27,14.48,0.5552
633768,2021,MIL,PIT,1595.64,1436.94,158.7,0.7411
633688,2021,DET,CWS,1494.15,1638.52,-144.37,0.3334
633689,2021,CHC,STL,1645.62,1467.54,178.08,0.7619
633690,2021,CLE,SEA,1536.5,1448.74,87.76,0.6555
633696,2021,ARI,LAA,1351.62,1578.12,-226.49,0.2376
633707,2021,OAK,KC,1597.08,1501.48,95.6,0.6656
633710,2021,WSH,SF,1504.78,1644.62,-139.84,0.3392
633711,2021,CIN,COL,1550.09,1414.22,135.86,0.7151
633713,2021,MIL,PIT,1601.0,1426.23,174.76,0.7584
633715,2021,PHI,NYY,1562.65,1535.91,26.73,0.5725
633719,2021,LAD,TEX,1666.44,1395.32,271.13,0.8454
633722,2021,NYM,SD,1615.32,1594.16,21.16,0.5646
633723,2021,LAD,TEX,1668.86,1390.48,278.39,0.8508
633728,2021,BOS,TOR,1610.01,1612.85,-2.84,0.5304
633737,2021,TB,BAL,1694.11,1457.94,236.17,0.8172
633749,2021,MIN,HOU,1469.88,1647.37,-177.49,0.2924
633805,2021,MIA,ATL,1560.55,1561.2,-0.66,0.5335
633678,2021,NYM,CHC,1600.92,1649.49,-48.58,0.4647
633693,2021,WSH,PIT,1531.5,1416.3,115.19,0.6902
633700,2021,BOS,TOR,1587.06,1635.8,-48.74,0.4644
633705,2021,CLE,BAL,1512.15,1450.23,61.92,0.6212
633652,2021,LAD,PHI,1638.84,1576.7,62.14,0.6215
633653,2021,TOR,NYY,1629.99,1514.84,115.16,0.6902
633655,2021,KC,DET,1490.82,1483.74,7.07,0.5446
633673,2021,CWS,TB,1645.46,1699.25,-53.78,0.4572
633680,2021,MIL,CIN,1605.96,1557.0,48.96,0.6035
633681,2021,NYM,CHC,1612.53,1637.88,-25.34,0.4981
633684,2021,WSH,PIT,1536.39,1409.77,126.62,0.7041
633703,2021,COL,SD,1400.4,1608.56,-208.16,0.2573
633716,2021,SEA,MIN,1481.2,1453.74,27.47,0.5735
633724,2021,ATL,BOS,1570.58,1592.87,-22.29,0.5025
633727,2021,STL,MIA,1461.73,1551.17,-89.44,0.4069
633729,2021,OAK,LAA,1604.19,1585.29,18.9,0.5614
633734,2021,SF,ARI,1626.81,1337.29,289.52,0.8587
633769,2021,CLE,BAL,1518.28,1444.1,74.18,0.6377
633612,2021,KC,DET,1463.72,1510.84,-47.11,0.4668
633626,2021,SEA,MIN,1488.21,1446.73,41.48,0.5931
633628,2021,WSH,PIT,1550.36,1391.16,159.2,0.7417
633630,2021,NYM,CHC,1618.04,1632.37,-14.34,0.5139
633632,2021,OAK,LAA,1613.83,1575.64,38.19,0.5886
633634,2021,CWS,TB,1635.56,1709.15,-73.58,0.4291
633656,2021,OAK,LAA,1624.25,1565.23,59.02,0.6172
633659,2021,CLE,BAL,1533.36,1424.0,109.35,0.683
633665,2021,MIL,CIN,1585.21,1577.75,7.45,0.5451
633675,2021,LAD,PHI,1645.31,1570.23,75.08,0.6388
633676,2021,CWS,TB,1641.69,1703.02,-61.33,0.4465
633679,2021,SF,ARI,1629.58,1331.75,297.83,0.8644
633694,2021,STL,MIA,1476.76,1541.15,-64.39,0.4421
633695,2021,TOR,NYY,1622.72,1525.75,96.97,0.6674
633701,2021,COL,SD,1415.45,1601.04,-185.58,0.2829
633706,2021,COL,SD,1449.51,1584.01,-134.49,0.3461
633708,2021,ATL,BOS,1561.83,1601.61,-39.78,0.4773
633709,2021,STL,MIA,1485.77,1532.14,-46.36,0.4679
633714,2021,MIL,CIN,1579.18,1583.78,-4.6,0.5279
633755,2021,KC,DET,1456.12,1518.44,-62.32,0.4451
633829,2021,HOU,TEX,1658.13,1450.53,207.6,0.7914
633619,2021,HOU,TEX,1662.36,1444.19,218.17,0.8012
633622,2021,SF,ARI,1630.9,1329.1,301.8,0.8671
633633,2021,TOR,NYY,1615.63,1536.38,79.25,0.6444
633641,2021,CLE,BAL,1538.38,1417.31,121.08,0.6974
633645,2021,SF,ARI,1634.79,1321.32,313.47,0.8746
633658,2021,SEA,MIN,1511.19,1416.09,95.1,0.665
633677,2021,LAD,PHI,1651.45,1564.09,87.36,0.655
633691,2021,ATL,STL,1553.59,1494.44,59.15,0.6174
633692,2021,NYM,CHC,1628.75,1621.66,7.09,0.5446
633584,2021,PIT,CLE,1382.69,1552.69,-170.0,0.3014
633593,2021,BAL,TOR,1398.22,1599.61,-201.39,0.2648
633607,2021,ATL,STL,1563.19,1480.05,83.13,0.6495
633609,2021,NYY,OAK,1560.4,1630.8,-70.39,0.4336
633617,2021,SD,CIN,1577.17,1589.62,-12.45,0.5166
633618,2021,WSH,NYM,1554.59,1619.21,-64.62,0.4418
633623,2021,COL,MIL,1463.18,1573.34,-110.16,0.3785
633624,2021,LAA,DET,1558.68,1525.64,33.04,0.5814
633687,2021,HOU,CWS,1667.01,1653.63,13.38,0.5536
633697,2021,SEA,TB,1483.78,1691.08,-207.29,0.2582
633573,2021,BAL,TOR,1440.16,1578.64,-138.48,0.341
633576,2021,HOU,CWS,1682.61,1638.03,44.58,0.5974
633579,2021,TEX,MIN,1434.87,1452.64,-17.76,0.509
633583,2021,WSH,NYM,1560.6,1613.19,-52.59,0.4589
633585,2021,KC,BOS,1448.92,1609.85,-160.93,0.3125
633590,2021,PIT,CLE,1397.07,1545.5,-148.43,0.3282
633592,2021,SF,PHI,1638.21,1575.16,63.04,0.6227
633594,2021,TEX,MIN,1417.12,1465.95,-48.83,0.4643
633596,2021,SD,CIN,1585.62,1581.17,4.45,0.5409
633597,2021,SD,CIN,1599.89,1566.9,32.98,0.5813
633600,2021,SF,PHI,1618.07,1595.31,22.76,0.5669
633604,2021,ARI,LAD,1314.49,1640.37,-325.88,0.1496
633606,2021,NYY,OAK,1553.02,1638.18,-85.17,0.4129
633610,2021,ATL,STL,1575.06,1462.24,112.82,0.6873
633613,2021,CHC,MIA,1631.2,1523.47,107.74,0.681
633615,2021,SEA,TB,1495.06,1683.56,-188.5,0.2795
633616,2021,COL,MIL,1486.04,1558.1,-72.05,0.4313
633638,2021,CHC,MIA,1606.3,1560.83,45.47,0.5987
633654,2021,LAA,DET,1565.93,1514.76,51.16,0.6065
633683,2021,KC,BOS,1430.79,1618.92,-188.13,0.2799
633702,2021,HOU,CWS,1692.77,1627.87,64.9,0.6252
634647,2021,WSH,NYM,1574.21,1599.59,-25.37,0.498
633550,2021,PIT,CLE,1424.99,1524.56,-99.57,0.3929
633554,2021,SEA,TB,1520.69,1666.47,-145.78,0.3316
633557,2021,WSH,NYM,1561.53,1612.26,-50.73,0.4616
633558,2021,KC,BOS,1454.11,1607.26,-153.15,0.3222
633563,2021,LAA,DET,1579.44,1494.49,84.96,0.6519
633565,2021,ATL,STL,1573.08,1465.21,107.88,0.6812
633566,2021,SD,CIN,1607.14,1559.65,47.49,0.6015
633567,2021,COL,MIL,1495.2,1551.99,-56.79,0.453
633574,2021,TEX,MIN,1407.05,1473.51,-66.46,0.4392
633575,2021,NYY,OAK,1562.95,1628.25,-65.29,0.4409
633577,2021,COL,MIL,1487.86,1556.89,-69.03,0.4356
633582,2021,ARI,LAD,1308.71,1643.26,-334.55,0.1434
633598,2021,ARI,LAD,1305.95,1644.64,-338.69,0.1405
633602,2021,HOU,CWS,1696.81,1623.84,72.97,0.636
633610,2021,ATL,STL,1576.46,1460.15,116.31,0.6916
633611,2021,SF,PHI,1625.6,1587.77,37.83,0.5881
633629,2021,CHC,MIA,1585.67,1581.45,4.23,0.5405
633636,2021,BAL,TOR,1425.93,1585.76,-159.82,0.3139
633650,2021,LAA,DET,1568.41,1511.03,57.38,0.615
633661,2021,SEA,TB,1544.91,1650.33,-105.42,0.3849
633747,2021,BAL,HOU,1412.95,1707.78,-294.83,0.1738
633760,2021,NYM,ATL,1600.59,1553.36,47.23,0.6011
633899,2021,NYM,ATL,1607.46,1546.5,60.96,0.6199
633519,2021,TB,BOS,1643.82,1590.94,52.87,0.6089
633526,2021,DET,STL,1494.9,1494.79,0.11,0.5346
633533,2021,ARI,MIL,1298.37,1561.57,-263.2,0.2015
633542,2021,CHC,CLE,1593.74,1530.82,62.92,0.6225
633547,2021,BAL,HOU,1402.17,1713.17,-310.99,0.1608
633549,2021,PHI,WSH,1572.85,1573.21,-0.35,0.534
633571,2021,MIA,TOR,1573.39,1592.25,-18.86,0.5074
633572,2021,PIT,CWS,1416.65,1612.87,-196.22,0.2706
633580,2021,MIN,CIN,1484.75,1555.33,-70.58,0.4334
633588,2021,MIN,CIN,1470.78,1564.64,-93.86,0.4008
633605,2021,TEX,OAK,1392.06,1622.23,-230.16,0.2338
633621,2021,NYY,KC,1568.98,1478.58,90.39,0.6589
633651,2021,SD,LAD,1611.47,1648.43,-36.97,0.4813
633750,2021,NYM,ATL,1600.77,1556.53,44.23,0.597
633513,2021,MIA,TOR,1567.81,1597.83,-30.02,0.4913
633524,2021,TB,BOS,1628.51,1606.25,22.25,0.5662
633528,2021,SEA,COL,1554.67,1480.83,73.84,0.6372
633532,2021,TEX,OAK,1431.83,1602.34,-170.51,0.3008
633537,2021,CHC,CLE,1578.15,1554.19,23.96,0.5686
633540,2021,SD,LAD,1624.6,1635.3,-10.7,0.5191
633541,2021,DET,STL,1516.63,1473.06,43.57,0.596
633546,2021,PHI,WSH,1566.93,1579.13,-12.2,0.517
633551,2021,NYY,KC,1561.96,1489.11,72.85,0.6359
633561,2021,NYM,ATL,1587.79,1569.51,18.27,0.5605
633568,2021,BAL,HOU,1397.22,1715.64,-318.42,0.1551
633569,2021,PIT,CWS,1446.36,1598.02,-151.66,0.3241
633570,2021,LAA,SF,1579.17,1640.52,-61.36,0.4464
633578,2021,ARI,MIL,1335.1,1543.2,-208.1,0.2574
633603,2021,ARI,MIL,1329.89,1547.12,-217.23,0.2474
633614,2021,SEA,COL,1558.56,1474.99,83.57,0.65
633670,2021,LAA,SF,1565.65,1654.05,-88.4,0.4084
633503,2021,TEX,OAK,1413.25,1611.63,-198.38,0.2682
633514,2021,CIN,ATL,1554.54,1558.29,-3.75,0.5291
633517,2021,TB,BOS,1641.88,1592.88,49.0,0.6035
633548,2021,MIA,WSH,1559.29,1584.83,-25.54,0.4978
633553,2021,TEX,OAK,1400.58,1617.96,-217.38,0.2473
633559,2021,NYY,KC,1565.87,1483.25,82.62,0.6488
633560,2021,TOR,BAL,1606.35,1385.78,220.57,0.8034
633564,2021,DET,HOU,1531.93,1721.37,-189.43,0.2784
633627,2021,SD,LAD,1629.91,1629.99,-0.08,0.5344
633502,2021,STL,PIT,1457.76,1439.63,18.13,0.5603
633505,2021,LAD,CHC,1621.81,1591.44,30.37,0.5776
633521,2021,CIN,ATL,1562.8,1550.03,12.78,0.5527
633530,2021,DET,HOU,1517.77,1730.81,-213.04,0.252
633535,2021,TB,LAA,1646.18,1554.39,91.79,0.6607
633536,2021,TOR,BAL,1612.93,1372.61,240.32,0.8208
633538,2021,MIN,CLE,1485.93,1540.91,-54.98,0.4555
633543,2021,BOS,NYY,1588.58,1577.13,11.45,0.5508
633545,2021,NYM,PHI,1599.01,1561.23,37.78,0.588
633591,2021,MIA,WSH,1546.61,1597.5,-50.88,0.4614
633599,2021,MIL,COL,1556.8,1495.83,60.97,0.6199
634515,2021,NYM,PHI,1603.5,1556.74,46.77,0.6005
633492,2021,SD,ARI,1638.09,1316.97,321.12,0.8794
633498,2021,STL,PIT,1431.8,1474.24,-42.44,0.4735
633501,2021,CWS,SEA,1601.38,1544.67,56.71,0.6141
633509,2021,DET,HOU,1521.53,1728.3,-206.77,0.2588
633510,2021,CIN,ATL,1556.71,1556.12,0.59,0.5353
633518,2021,MIL,COL,1560.9,1489.68,71.23,0.6337
633520,2021,TOR,BAL,1604.72,1389.02,215.7,0.799
633523,2021,SF,OAK,1665.3,1605.92,59.38,0.6177
633525,2021,TB,LAA,1649.79,1550.78,99.01,0.67
633530,2021,DET,HOU,1517.59,1730.93,-213.33,0.2516
633531,2021,BOS,NYY,1596.43,1569.27,27.16,0.5731
633534,2021,TEX,KC,1424.66,1466.35,-41.69,0.4746
633539,2021,NYM,PHI,1596.98,1563.26,33.73,0.5823
633552,2021,MIA,WSH,1575.71,1578.11,-2.4,0.531
633555,2021,MIN,CLE,1471.14,1555.69,-84.55,0.4137
633556,2021,TEX,KC,1460.92,1439.16,21.76,0.5655
633562,2021,LAD,CHC,1607.14,1606.11,1.03,0.536
633581,2021,MIN,CLE,1480.53,1549.43,-68.9,0.4357
633589,2021,STL,PIT,1421.5,1481.97,-60.47,0.4477
633608,2021,LAD,CHC,1612.28,1600.97,11.31,0.5506
633620,2021,CWS,SEA,1594.74,1554.63,40.11,0.5912
633459,2021,TB,LAA,1661.91,1538.66,123.24,0.7001
633472,2021,LAD,CHC,1623.79,1589.45,34.34,0.5832
633473,2021,MIN,CLE,1481.57,1548.4,-66.83,0.4387
633477,2021,BOS,NYY,1603.85,1561.86,41.99,0.5938
633482,2021,STL,PIT,1440.4,1467.79,-27.4,0.4951
633486,2021,MIL,COL,1571.95,1473.11,98.84,0.6698
633489,2021,MIA,WSH,1580.9,1572.91,7.99,0.5459
633493,2021,CIN,ATL,1567.01,1545.82,21.19,0.5647
633494,2021,DET,HOU,1535.58,1718.93,-183.35,0.2855
633499,2021,CWS,SEA,1576.66,1572.71,3.95,0.5401
633500,2021,SF,OAK,1671.84,1599.38,72.46,0.6354
633501,2021,CWS,SEA,1584.73,1564.64,20.09,0.5631
633504,2021,NYM,PHI,1601.54,1558.69,42.85,0.595
633512,2021,SD,ARI,1641.37,1310.42,330.95,0.8853
633515,2021,TOR,BAL,1611.16,1376.15,235.01,0.8162
633516,2021,TEX,KC,1479.42,1414.49,64.93,0.6253
633527,2021,SF,OAK,1675.76,1595.47,80.29,0.6457
633544,2021,SD,ARI,1613.02,1367.12,245.9,0.8254
633465,2021,COL,PIT,1459.52,1488.82,-29.31,0.4924
633466,2021,CLE,DET,1522.95,1546.55,-23.6,0.5006
633475,2021,BOS,KC,1617.11,1398.34,218.76,0.8018
633601,2021,NYY,LAA,1548.6,1556.14,-7.54,0.5237
633867,2021,CIN,PHI,1552.61,1568.95,-16.35,0.511
634620,2021,WSH,NYM,1586.92,1591.28,-4.37,0.5282
633443,2021,WSH,TB,1599.04,1650.25,-51.21,0.4609
633444,2021,NYY,LAA,1534.84,1565.32,-30.47,0.4907
633450,2021,MIL,CHC,1581.01,1576.68,4.33,0.5407
633454,2021,CIN,SD,1569.67,1614.76,-45.09,0.4697
633458,2021,LAD,SF,1636.57,1659.72,-23.15,0.5012
633476,2021,CWS,MIN,1578.54,1507.01,71.53,0.6341
633483,2021,HOU,BAL,1711.62,1368.79,342.83,0.892
633490,2021,STL,ARI,1412.36,1363.64,48.72,0.6031
633495,2021,PHI,MIA,1551.89,1566.9,-15.01,0.5129
633496,2021,BOS,KC,1619.11,1394.34,224.76,0.8072
633497,2021,TOR,SEA,1614.84,1570.83,44.01,0.5966
633506,2021,CLE,DET,1549.01,1520.49,28.52,0.575
633587,2021,ATL,NYM,1567.42,1579.16,-11.74,0.5176
633419,2021,PHI,MIA,1557.25,1561.53,-4.28,0.5284
633426,2021,STL,ARI,1436.53,1339.46,97.07,0.6675
633427,2021,WSH,TB,1604.88,1644.41,-39.53,0.4777
633432,2021,CLE,DET,1547.78,1521.73,26.05,0.5715
633435,2021,CIN,SD,1564.57,1619.87,-55.3,0.4551
633437,2021,ATL,NYM,1561.71,1584.87,-23.16,0.5012
633445,2021,TOR,SEA,1627.15,1558.52,68.64,0.6302
633446,2021,MIL,CHC,1598.6,1559.09,39.51,0.5904
633449,2021,HOU,BAL,1698.05,1395.92,302.14,0.8673
633455,2021,COL,PIT,1472.72,1475.61,-2.89,0.5303
633467,2021,BOS,KC,1621.05,1390.47,230.58,0.8124
633471,2021,LAD,SF,1642.04,1654.24,-12.2,0.517
633474,2021,MIL,CHC,1603.06,1554.62,48.43,0.6028
633478,2021,CWS,MIN,1577.1,1509.17,67.93,0.6293
633484,2021,NYY,LAA,1558.3,1549.67,8.63,0.5468
633488,2021,OAK,TEX,1611.51,1491.53,119.97,0.6961
633491,2021,COL,PIT,1497.46,1450.88,46.58,0.6002
633506,2021,CLE,DET,1523.49,1546.02,-22.53,0.5021
633508,2021,STL,ARI,1450.66,1325.34,125.32,0.7026
633405,2021,OAK,TEX,1604.19,1502.52,101.67,0.6734
633418,2021,ATL,NYM,1584.96,1561.62,23.35,0.5677
633421,2021,NYY,LAA,1546.22,1567.8,-21.58,0.5035
633447,2021,PHI,MIA,1542.14,1576.65,-34.51,0.4849
633456,2021,TOR,SEA,1616.41,1569.26,47.15,0.601
633457,2021,BOS,KC,1625.42,1381.72,243.7,0.8236
633461,2021,OAK,TEX,1585.74,1530.19,55.54,0.6125
633463,2021,PIT,MIL,1435.76,1616.72,-180.97,0.2883
633469,2021,CLE,HOU,1500.28,1668.8,-168.52,0.3032
633479,2021,CWS,MIN,1581.09,1503.19,77.9,0.6426
633480,2021,CIN,SD,1556.76,1627.67,-70.9,0.4329
633481,2021,WSH,LAD,1623.79,1650.49,-26.7,0.4961
633485,2021,HOU,BAL,1676.87,1454.43,222.44,0.8051
633529,2021,CWS,MIN,1594.33,1483.33,111.01,0.6851
633404,2021,WSH,LAD,1611.17,1663.11,-51.94,0.4599
633420,2021,DET,CWS,1569.23,1600.98,-31.75,0.4888
633438,2021,ARI,SF,1319.09,1645.8,-326.7,0.149
633448,2021,PHI,SD,1542.38,1621.58,-79.19,0.4212
633451,2021,CLE,HOU,1488.16,1660.65,-172.49,0.2984
633460,2021,COL,STL,1512.58,1455.34,57.24,0.6148
633462,2021,CIN,CHC,1562.86,1540.96,21.9,0.5657
633464,2021,TOR,TB,1599.54,1625.51,-25.96,0.4972
633468,2021,ATL,MIA,1589.71,1576.48,13.22,0.5534
633507,2021,PIT,MIL,1420.48,1624.36,-203.88,0.262
633522,2021,NYY,NYM,1546.16,1556.87,-10.71,0.5191
633387,2021,PIT,MIL,1406.73,1631.24,-224.5,0.2397
633390,2021,PHI,SD,1551.68,1615.38,-63.7,0.4431
633401,2021,OAK,BOS,1592.38,1632.3,-39.92,0.4771
633402,2021,LAA,BAL,1567.83,1478.76,89.08,0.6572
633403,2021,TOR,TB,1618.61,1606.44,12.17,0.5519
633415,2021,COL,STL,1525.07,1442.85,82.22,0.6483
633416,2021,ATL,MIA,1594.63,1571.56,23.07,0.5673
633429,2021,CLE,HOU,1478.96,1666.79,-187.83,0.2803
633430,2021,WSH,LAD,1598.29,1675.99,-77.7,0.4233
633433,2021,KC,MIN,1367.96,1473.35,-105.39,0.385
633439,2021,KC,MIN,1393.99,1453.82,-59.83,0.4486
633440,2021,NYY,NYM,1545.85,1557.08,-11.24,0.5184
633441,2021,CIN,CHC,1567.63,1533.81,33.82,0.5825
633442,2021,DET,CWS,1554.22,1615.99,-61.76,0.4459
633452,2021,OAK,BOS,1598.08,1626.61,-28.53,0.4935
633470,2021,ARI,SF,1345.14,1632.77,-287.63,0.1798
633511,2021,SEA,TEX,1586.13,1520.23,65.9,0.6266
633374,2021,PHI,SD,1561.19,1605.87,-44.68,0.4703
633379,2021,SEA,TEX,1590.15,1514.2,75.95,0.64
633388,2021,ARI,SF,1334.56,1638.06,-303.5,0.1667
633391,2021,LAA,BAL,1571.49,1473.28,98.21,0.669
633398,2021,WSH,LAD,1591.1,1683.18,-92.08,0.4033
633399,2021,OAK,BOS,1592.67,1632.01,-39.34,0.4779
633408,2021,TOR,TB,1628.5,1596.56,31.94,0.5798
633410,2021,DET,CWS,1571.01,1599.2,-28.2,0.494
633414,2021,CLE,HOU,1474.66,1669.65,-194.99,0.272
633417,2021,NYY,NYM,1523.67,1571.87,-48.2,0.4652
633422,2021,PIT,MIL,1390.7,1639.25,-248.54,0.2154
633423,2021,ATL,MIA,1588.4,1577.79,10.62,0.5497
633424,2021,COL,STL,1495.89,1481.76,14.12,0.5546
633425,2021,SEA,TEX,1574.22,1538.09,36.13,0.5857
633428,2021,CIN,CHC,1572.19,1526.97,45.22,0.5983
633431,2021,KC,MIN,1417.81,1435.96,-18.16,0.5084
633434,2021,COL,STL,1503.25,1474.4,28.85,0.5755
633453,2021,LAA,BAL,1575.0,1468.01,107.0,0.6801
633522,2021,NYY,NYM,1537.47,1562.67,-25.2,0.4983
633353,2021,TB,CLE,1611.27,1470.5,140.77,0.7208
633361,2021,MIA,LAD,1572.82,1693.14,-120.33,0.3648
633380,2021,SF,STL,1639.69,1467.43,172.26,0.7558
633411,2021,PIT,ATL,1415.49,1593.37,-177.89,0.292
633412,2021,NYM,MIL,1576.79,1626.86,-50.07,0.4626
633436,2021,ARI,SF,1331.31,1627.37,-296.06,0.1728
633487,2021,MIN,CWS,1461.93,1593.66,-131.73,0.3497
633360,2021,TB,CLE,1614.18,1466.14,148.04,0.7292
633363,2021,KC,CIN,1391.84,1576.55,-184.72,0.2839
633376,2021,MIA,LAD,1579.49,1686.46,-106.97,0.3828
633378,2021,SD,WSH,1623.55,1581.13,42.42,0.5944
633384,2021,PIT,ATL,1465.75,1568.24,-102.49,0.3889
633386,2021,CHC,PHI,1520.42,1543.51,-23.09,0.5013
633389,2021,LAA,BOS,1581.77,1637.22,-55.45,0.4549
633395,2021,NYM,MIL,1586.03,1617.62,-31.59,0.4891
633400,2021,TEX,DET,1524.53,1576.55,-52.02,0.4598
633413,2021,BAL,TOR,1457.86,1613.78,-155.92,0.3188
633330,2021,PIT,ATL,1475.47,1561.77,-86.3,0.4113
633332,2021,BAL,TOR,1474.63,1602.6,-127.97,0.3547
633333,2021,MIA,LAD,1586.02,1679.94,-93.92,0.4007
633335,2021,MIN,CWS,1482.35,1580.06,-97.71,0.3955
633339,2021,TB,CLE,1611.8,1469.71,142.09,0.7223
633342,2021,NYM,MIL,1586.15,1617.5,-31.35,0.4894
633349,2021,TEX,DET,1507.18,1588.11,-80.93,0.4188
633352,2021,MIN,CWS,1466.06,1590.91,-124.85,0.3588
633358,2021,SF,STL,1630.75,1485.91,144.83,0.7255
633360,2021,TB,CLE,1620.48,1456.7,163.78,0.7467
633364,2021,TEX,DET,1496.53,1595.21,-98.68,0.3941
633369,2021,KC,CIN,1378.35,1583.3,-204.95,0.2608
633370,2021,LAA,BOS,1576.85,1642.14,-65.29,0.4409
633381,2021,ARI,COL,1324.56,1510.22,-185.66,0.2828
633382,2021,SEA,NYY,1583.26,1516.28,66.98,0.628
633383,2021,KC,CIN,1393.35,1575.8,-182.45,0.2866
633385,2021,LAA,BOS,1586.39,1632.59,-46.2,0.4681
633393,2021,CHC,PHI,1491.87,1572.06,-80.19,0.4198
633395,2021,NYM,MIL,1572.31,1631.34,-59.02,0.4498
633396,2021,SD,WSH,1613.3,1591.38,21.92,0.5657
633406,2021,HOU,OAK,1672.43,1587.47,84.96,0.6519
633315,2021,SEA,NYY,1559.03,1552.63,6.4,0.5436
633326,2021,NYM,PIT,1578.26,1451.86,126.4,0.7039
633331,2021,BAL,TOR,1456.95,1614.38,-157.43,0.3169
633334,2021,MIA,LAD,1598.77,1667.19,-68.42,0.4364
633347,2021,SF,STL,1623.2,1497.24,125.96,0.7033
633354,2021,HOU,OAK,1679.86,1580.03,99.83,0.671
633355,2021,ARI,COL,1339.23,1499.22,-159.99,0.3137
633362,2021,SD,WSH,1622.84,1581.84,40.99,0.5925
633368,2021,HOU,OAK,1672.74,1587.15,85.59,0.6527
633371,2021,SEA,NYY,1570.75,1540.91,29.84,0.5769
633375,2021,CHC,PHI,1474.45,1583.67,-109.22,0.3798
633392,2021,ARI,COL,1361.72,1482.35,-120.63,0.3644
633409,2021,CLE,KC,1447.59,1381.61,65.98,0.6267
633308,2021,NYM,PIT,1576.12,1455.07,121.05,0.6974
633336,2021,MIA,ATL,1586.64,1577.5,9.13,0.5475
633338,2021,TB,TOR,1626.55,1612.49,14.07,0.5546
633343,2021,SD,WSH,1600.52,1604.16,-3.64,0.5293
633351,2021,MIL,CIN,1625.39,1581.67,43.72,0.5962
633357,2021,BOS,PHI,1626.81,1566.73,60.08,0.6187
633359,2021,MIN,DET,1454.77,1578.59,-123.83,0.3602
633365,2021,CHC,STL,1499.86,1487.9,11.96,0.5516
633373,2021,CLE,KC,1463.67,1365.53,98.14,0.6689
633377,2021,BAL,CWS,1459.8,1598.44,-138.65,0.3407
633397,2021,CHC,PHI,1519.04,1555.17,-36.14,0.4825
633289,2021,MIN,DET,1470.74,1567.94,-97.21,0.3962
633293,2021,TB,TOR,1640.33,1598.71,41.63,0.5933
633294,2021,SF,WSH,1629.42,1598.95,30.47,0.5778
633295,2021,NYM,PIT,1586.69,1439.22,147.47,0.7285
633304,2021,HOU,NYY,1676.45,1550.38,126.07,0.7035
633312,2021,MIA,ATL,1571.0,1593.13,-22.13,0.5027
633313,2021,MIL,CIN,1632.35,1574.71,57.64,0.6154
633316,2021,TEX,OAK,1521.46,1583.44,-61.98,0.4456
633317,2021,CLE,KC,1468.94,1358.5,110.44,0.6844
633320,2021,LAD,ARI,1679.32,1340.2,339.12,0.89
633322,2021,SF,WSH,1642.39,1585.98,56.41,0.6137
633326,2021,NYM,PIT,1569.1,1474.38,94.72,0.6645
633341,2021,SEA,LAA,1564.44,1592.17,-27.74,0.4946
633344,2021,BOS,PHI,1638.37,1571.86,66.5,0.6274
633345,2021,TEX,OAK,1504.73,1594.6,-89.88,0.4063
633348,2021,HOU,NYY,1669.07,1557.76,111.31,0.6854
633350,2021,BAL,CWS,1440.68,1611.19,-170.51,0.3008
633356,2021,CHC,STL,1494.0,1468.72,25.28,0.5705
633366,2021,MIN,DET,1495.6,1551.37,-55.76,0.4544
633367,2021,SD,COL,1605.74,1498.48,107.25,0.6804
633407,2021,MIL,CIN,1625.7,1581.36,44.34,0.5971
633270,2021,TB,TOR,1649.18,1589.85,59.33,0.6177
633274,2021,MIL,CIN,1615.41,1591.65,23.76,0.5683
633279,2021,SF,WSH,1649.01,1579.36,69.65,0.6316
633282,2021,BAL,CWS,1424.67,1619.19,-194.52,0.2726
633288,2021,SEA,LAA,1577.29,1579.32,-2.03,0.5316
633297,2021,TEX,OAK,1514.21,1588.28,-74.06,0.4285
633301,2021,SD,COL,1611.09,1490.45,120.65,0.6969
633302,2021,LAD,ARI,1662.22,1374.41,287.81,0.8575
633307,2021,MIN,DET,1509.63,1542.01,-32.38,0.4879
633311,2021,LAD,ARI,1665.01,1368.82,296.19,0.8633
633314,2021,SD,COL,1596.44,1512.43,84.01,0.6506
633318,2021,SEA,LAA,1585.51,1571.09,14.42,0.5551
633324,2021,MIA,ATL,1565.48,1598.65,-33.17,0.4868
633325,2021,NYM,PIT,1574.76,1465.9,108.86,0.6824
633327,2021,BOS,PHI,1615.93,1594.3,21.63,0.5653
633337,2021,CHC,STL,1467.66,1495.06,-27.39,0.4951
633340,2021,HOU,NYY,1652.27,1574.56,77.71,0.6423
633394,2021,CLE,KC,1484.79,1337.37,147.42,0.7285
633291,2021,NYY,BOS,1570.73,1609.73,-39.0,0.4784
633263,2021,CIN,MIL,1601.53,1605.53,-4.0,0.5288
633265,2021,ATL,TB,1587.44,1638.61,-51.17,0.461
633266,2021,TOR,TEX,1600.43,1500.42,100.0,0.6712
633283,2021,PHI,MIA,1600.51,1576.7,23.81,0.5684
633305,2021,WSH,SD,1573.08,1585.42,-12.34,0.5168
633310,2021,NYY,BOS,1570.96,1609.49,-38.53,0.4791
633346,2021,PIT,NYM,1476.72,1567.55,-90.83,0.405
633372,2021,DET,MIN,1525.22,1526.42,-1.2,0.5328
633447,2021,PHI,MIA,1609.98,1567.23,42.75,0.5949
634222,2021,DET,MIN,1524.68,1526.97,-2.29,0.5312
633248,2021,KC,BAL,1342.11,1415.87,-73.75,0.4289
633253,2021,CIN,MIL,1586.4,1620.66,-34.26,0.4852
633262,2021,CWS,HOU,1623.59,1656.1,-32.51,0.4878
633264,2021,OAK,CLE,1597.47,1481.23,116.24,0.6915
633267,2021,WSH,SD,1549.79,1608.72,-58.93,0.4499
633275,2021,DET,MIN,1524.16,1527.49,-3.33,0.5297
633281,2021,STL,SF,1494.98,1655.29,-160.31,0.3133
633285,2021,STL,SF,1511.85,1644.04,-132.18,0.3492
633290,2021,PIT,NYM,1495.73,1554.87,-59.14,0.4496
633292,2021,TOR,TEX,1611.48,1483.84,127.64,0.7053
633296,2021,ARI,CHC,1356.91,1467.75,-110.84,0.3776
633298,2021,NYY,BOS,1558.84,1621.62,-62.78,0.4444
633299,2021,PHI,MIA,1590.56,1586.64,3.92,0.5401
633303,2021,ATL,TB,1582.44,1643.61,-61.17,0.4467
633306,2021,OAK,CLE,1600.72,1476.35,124.37,0.7014
633309,2021,CWS,HOU,1642.19,1637.5,4.69,0.5412
633319,2021,ARI,CHC,1338.39,1481.63,-143.24,0.3348
633321,2021,COL,LAD,1528.95,1670.97,-142.02,0.3364
633323,2021,LAA,SEA,1588.26,1568.34,19.92,0.5629
633328,2021,KC,BAL,1320.74,1437.24,-116.5,0.3699
634222,2021,DET,MIN,1531.97,1519.67,12.3,0.552
633228,2021,STL,SF,1497.69,1653.48,-155.79,0.3189
633235,2021,PIT,NYM,1509.86,1545.45,-35.59,0.4833
633237,2021,ATL,TB,1602.28,1623.78,-21.5,0.5036
633238,2021,OAK,CLE,1593.36,1487.4,105.96,0.6788
633239,2021,PHI,MIA,1598.63,1578.57,20.06,0.5631
633247,2021,CWS,HOU,1625.38,1654.32,-28.94,0.4929
633251,2021,ARI,CHC,1327.34,1489.92,-162.58,0.3105
633252,2021,CIN,MIL,1575.8,1631.26,-55.46,0.4549
633255,2021,COL,LAD,1514.19,1680.81,-166.62,0.3056
633256,2021,TOR,TEX,1609.33,1487.07,122.26,0.6989
633261,2021,COL,LAD,1524.93,1673.65,-148.72,0.3278
633267,2021,WSH,SD,1529.32,1622.36,-93.04,0.4019
633273,2021,NYY,BOS,1568.33,1612.12,-43.79,0.4716
633280,2021,DET,MIN,1539.38,1512.26,27.12,0.573
633284,2021,LAA,SEA,1582.08,1574.53,7.55,0.5453
633286,2021,LAA,SEA,1570.02,1586.58,-16.56,0.5107
633287,2021,KC,BAL,1360.56,1397.42,-36.86,0.4815
633292,2021,TOR,TEX,1617.51,1474.8,142.7,0.723
633299,2021,PHI,MIA,1608.24,1568.97,39.27,0.5901
633300,2021,WSH,SD,1511.31,1634.37,-123.05,0.3612
633218,2021,TOR,BOS,1627.48,1593.91,33.58,0.5821
633224,2021,ATL,SD,1593.51,1627.66,-34.15,0.4854
633233,2021,WSH,MIA,1521.38,1561.89,-40.51,0.4763
633236,2021,TB,BAL,1632.54,1424.58,207.97,0.7917
633271,2021,CIN,NYM,1560.2,1553.36,6.84,0.5443
633278,2021,CWS,MIN,1638.26,1491.22,147.05,0.728
633329,2021,DET,TEX,1560.43,1459.83,100.6,0.672
633476,2021,CWS,MIN,1630.7,1502.57,128.13,0.7059
633207,2021,OAK,LAA,1581.97,1583.95,-1.97,0.5317
633212,2021,DET,TEX,1574.02,1439.45,134.57,0.7136
633216,2021,NYY,PHI,1586.55,1615.32,-28.77,0.4931
633223,2021,MIL,KC,1646.86,1333.41,313.45,0.8746
633226,2021,STL,CHC,1508.27,1472.99,35.28,0.5845
633234,2021,CIN,NYM,1546.23,1567.34,-21.1,0.5042
633240,2021,ATL,SD,1593.67,1627.5,-33.83,0.4859
633242,2021,WSH,MIA,1557.05,1538.11,18.95,0.5615
633243,2021,ARI,PIT,1349.91,1501.95,-152.04,0.3237
633246,2021,TOR,BOS,1606.36,1615.03,-8.67,0.5221
633249,2021,OAK,LAA,1596.54,1569.38,27.16,0.5731
633257,2021,TB,BAL,1611.81,1466.05,145.76,0.7266
633259,2021,LAD,SF,1683.87,1646.42,37.44,0.5875
633277,2021,HOU,CLE,1641.43,1504.47,136.96,0.7164
633187,2021,TOR,BOS,1606.12,1615.27,-9.16,0.5214
633190,2021,COL,SEA,1509.61,1572.66,-63.05,0.444
633191,2021,WSH,MIA,1566.7,1523.64,43.06,0.5953
633196,2021,CIN,NYM,1554.4,1561.89,-7.49,0.5237
633199,2021,LAD,SF,1667.31,1662.99,4.32,0.5407
633200,2021,HOU,CLE,1644.39,1500.03,144.36,0.725
633203,2021,DET,TEX,1580.01,1427.48,152.53,0.7342
633213,2021,NYY,PHI,1595.34,1606.52,-11.18,0.5184
633224,2021,ATL,SD,1599.28,1621.88,-22.6,0.502
633225,2021,TB,BAL,1619.79,1454.07,165.72,0.7488
633227,2021,MIL,KC,1629.88,1367.37,262.51,0.8388
633230,2021,STL,CHC,1525.86,1455.4,70.45,0.6327
633245,2021,COL,SEA,1527.59,1560.67,-33.08,0.4869
633250,2021,ATL,SD,1593.77,1627.39,-33.62,0.4862
633254,2021,ARI,PIT,1372.15,1485.27,-113.12,0.3745
633260,2021,ARI,PIT,1406.26,1459.69,-53.42,0.4578
633268,2021,CWS,MIN,1635.58,1495.24,140.34,0.7203
633178,2021,STL,CHC,1515.66,1465.6,50.06,0.605
633180,2021,CLE,TB,1487.98,1622.38,-134.41,0.3463
633193,2021,BOS,NYY,1626.79,1600.66,26.13,0.5716
633205,2021,CWS,MIN,1642.35,1485.09,157.27,0.7395
633217,2021,LAD,SF,1675.37,1654.93,20.44,0.5636
633222,2021,HOU,CLE,1652.43,1482.55,169.88,0.7533
633241,2021,STL,CHC,1522.08,1459.18,62.91,0.6225
633258,2021,DET,TEX,1584.38,1418.74,165.64,0.7487
633269,2021,MIA,SD,1539.04,1632.7,-93.67,0.4011
633276,2021,PHI,ATL,1601.21,1588.46,12.75,0.5527
633164,2021,MIA,SD,1532.64,1636.97,-104.33,0.3864
633170,2021,CHC,ARI,1453.07,1424.88,28.2,0.5746
633176,2021,BAL,WSH,1450.19,1556.43,-106.25,0.3838
633181,2021,BOS,NYY,1631.48,1595.96,35.52,0.5848
633184,2021,CIN,STL,1537.04,1528.19,8.85,0.5471
633211,2021,CLE,TB,1494.18,1626.0,-131.82,0.3496
633214,2021,PHI,ATL,1585.46,1604.22,-18.76,0.5075
633220,2021,MIN,LAA,1514.76,1560.02,-45.26,0.4694
633221,2021,NYM,TOR,1579.26,1594.6,-15.35,0.5125
633231,2021,SEA,OAK,1569.11,1605.89,-36.79,0.4816
633244,2021,LAD,SF,1665.55,1664.74,0.81,0.5356
633154,2021,BOS,NYY,1642.0,1585.44,56.56,0.6139
633159,2021,MIN,LAA,1507.11,1565.13,-58.01,0.4512
633163,2021,MIL,CWS,1613.25,1622.57,-9.31,0.5211
633167,2021,MIL,CWS,1628.1,1607.72,20.38,0.5635
633173,2021,LAD,COL,1656.14,1514.94,141.2,0.7213
633175,2021,CIN,STL,1544.54,1520.69,23.85,0.5684
633185,2021,CLE,TB,1479.99,1635.46,-155.46,0.3194
633186,2021,CHC,ARI,1471.14,1400.79,70.35,0.6325
633195,2021,BAL,WSH,1475.46,1539.58,-64.12,0.4425
633197,2021,HOU,TEX,1644.67,1410.52,234.15,0.8155
633201,2021,KC,DET,1400.61,1588.48,-187.87,0.2802
633202,2021,PHI,ATL,1598.03,1591.64,6.39,0.5436
633208,2021,HOU,TEX,1648.37,1403.12,245.25,0.8249
633209,2021,MIN,LAA,1516.01,1559.2,-43.19,0.4724
633210,2021,MIA,SD,1520.36,1645.15,-124.79,0.3589
633215,2021,SF,PIT,1674.15,1445.73,228.43,0.8105
633229,2021,SEA,OAK,1558.6,1616.4,-57.8,0.4515
633232,2021,KC,DET,1415.32,1581.13,-165.81,0.3065
633272,2021,NYM,TOR,1590.0,1583.86,6.13,0.5433
633135,2021,MIA,SD,1530.46,1638.42,-107.97,0.3815
633136,2021,HOU,TEX,1652.43,1395.01,257.42,0.8348
633140,2021,SEA,OAK,1564.53,1610.47,-45.95,0.4685
633144,2021,SF,PIT,1661.25,1471.54,189.71,0.7739
633151,2021,MIL,CWS,1640.5,1595.32,45.18,0.5983
633156,2021,BAL,WSH,1489.75,1525.3,-35.55,0.4834
633169,2021,SEA,OAK,1570.3,1604.7,-34.4,0.485
633171,2021,SF,PIT,1636.2,1509.11,127.09,0.7047
633172,2021,LAD,COL,1641.1,1537.49,103.61,0.6758
633174,2021,NYM,TOR,1571.97,1601.89,-29.92,0.4915
633177,2021,CIN,STL,1555.8,1509.43,46.37,0.5999
633179,2021,MIN,LAA,1508.3,1564.33,-56.03,0.454
633183,2021,KC,DET,1437.99,1569.79,-131.8,0.3497
633188,2021,LAD,COL,1644.54,1532.34,112.19,0.6865
633192,2021,PHI,ATL,1575.78,1613.89,-38.1,0.4797
633194,2021,CLE,TB,1466.07,1644.74,-178.68,0.291
633198,2021,BOS,NYY,1635.37,1592.08,43.29,0.5956
633204,2021,CHC,ARI,1447.46,1432.36,15.1,0.556
633145,2021,NYM,ATL,1577.53,1608.21,-30.68,0.4904
633168,2021,PHI,WSH,1581.46,1516.84,64.61,0.6248
633219,2021,BOS,TOR,1639.76,1596.32,43.44,0.5959
633925,2021,NYM,ATL,1569.03,1616.72,-47.68,0.466
633121,2021,KC,CWS,1473.17,1605.63,-132.45,0.3488
633133,2021,MIN,DET,1491.2,1552.2,-61.01,0.4469
633143,2021,TB,NYY,1637.47,1587.68,49.79,0.6046
633147,2021,NYM,ATL,1574.83,1610.92,-36.09,0.4826
633152,2021,PHI,WSH,1585.5,1510.78,74.72,0.6384
633153,2021,BAL,MIA,1498.2,1557.99,-59.79,0.4487
633157,2021,LAA,COL,1575.74,1527.38,48.35,0.6026
633161,2021,PIT,MIL,1497.1,1630.19,-133.09,0.348
633162,2021,BOS,TOR,1644.16,1591.93,52.23,0.608
633182,2021,CHC,CIN,1470.17,1540.67,-70.5,0.4335
633189,2021,CLE,STL,1476.97,1532.12,-55.15,0.4553
633206,2021,SEA,HOU,1575.92,1655.03,-79.1,0.4214
633096,2021,SD,OAK,1620.07,1599.08,20.99,0.5644
633098,2021,BAL,MIA,1481.33,1569.24,-87.91,0.4091
633110,2021,BOS,TOR,1642.99,1593.1,49.89,0.6048
633113,2021,PIT,MIL,1478.97,1642.28,-163.31,0.3096
633122,2021,TB,NYY,1630.91,1594.24,36.68,0.5864
633123,2021,CLE,STL,1465.26,1543.83,-78.57,0.4221
633134,2021,PHI,WSH,1574.65,1527.06,47.59,0.6016
633137,2021,MIN,DET,1500.15,1546.24,-46.09,0.4683
633138,2021,MIN,DET,1492.52,1553.87,-61.35,0.4465
633139,2021,LAA,COL,1585.75,1512.36,73.38,0.6366
633146,2021,SEA,HOU,1588.31,1642.64,-54.32,0.4565
633148,2021,NYM,ATL,1559.03,1626.72,-67.68,0.4375
633149,2021,SF,LAD,1644.21,1647.84,-3.64,0.5293
633150,2021,TEX,ARI,1389.81,1409.65,-19.84,0.506
633155,2021,SD,OAK,1602.66,1616.48,-13.82,0.5146
633158,2021,SEA,HOU,1573.49,1657.46,-83.97,0.4145
633160,2021,CHC,CIN,1479.3,1531.54,-52.23,0.4595
633162,2021,BOS,TOR,1651.56,1584.53,67.04,0.6281
633166,2021,KC,CWS,1483.39,1598.81,-115.42,0.3714
633081,2021,PHI,WSH,1573.54,1528.71,44.83,0.5978
633083,2021,NYM,ATL,1565.08,1620.66,-55.58,0.4547
633093,2021,PIT,MIL,1467.84,1649.7,-181.87,0.2873
633097,2021,TEX,ARI,1400.67,1398.79,1.88,0.5372
633103,2021,CHC,CIN,1464.37,1546.47,-82.1,0.4172
633104,2021,TB,NYY,1620.77,1604.38,16.4,0.5579
633109,2021,SF,LAD,1649.42,1642.63,6.79,0.5442
633114,2021,KC,CWS,1474.09,1605.02,-130.93,0.3508
633115,2021,DET,BAL,1563.5,1490.78,72.72,0.6357
633124,2021,CHC,CIN,1445.59,1565.25,-119.66,0.3657
633125,2021,SF,LAD,1662.45,1629.61,32.84,0.5811
633126,2021,BOS,TOR,1638.04,1598.04,40.0,0.5911
633130,2021,LAA,COL,1563.05,1546.41,16.65,0.5582
633134,2021,PHI,WSH,1563.25,1544.16,19.09,0.5617
633141,2021,KC,CWS,1484.28,1598.22,-113.94,0.3734
633065,2021,SD,COL,1613.36,1539.11,74.25,0.6377
633073,2021,MIA,NYY,1562.94,1585.36,-22.42,0.5023
633091,2021,TOR,KC,1621.87,1509.9,111.97,0.6863
633094,2021,WSH,CHC,1529.7,1430.2,99.5,0.6706
633100,2021,NYM,CIN,1555.25,1572.94,-17.69,0.5091
633107,2021,DET,BAL,1572.58,1477.16,95.42,0.6654
633108,2021,PIT,PHI,1451.51,1572.88,-121.38,0.3634
633111,2021,LAA,OAK,1567.91,1605.78,-37.87,0.4801
633131,2021,ATL,MIL,1630.5,1660.59,-30.09,0.4912
633165,2021,TB,BOS,1639.79,1614.22,25.57,0.5709
633058,2021,CWS,CLE,1581.14,1489.26,91.88,0.6609
633063,2021,NYM,CIN,1542.24,1585.95,-43.7,0.4717
633076,2021,PIT,PHI,1481.61,1552.81,-71.2,0.4325
633080,2021,LAA,OAK,1555.76,1617.94,-62.18,0.4453
633085,2021,TOR,KC,1627.12,1502.03,125.09,0.7023
633088,2021,SF,HOU,1642.32,1664.48,-22.16,0.5026
633090,2021,TB,BOS,1650.71,1603.29,47.42,0.6014
633092,2021,MIA,NYY,1554.2,1594.1,-39.9,0.4771
633102,2021,ARI,LAD,1410.69,1649.73,-239.04,0.2248
633105,2021,DET,BAL,1565.51,1487.77,77.74,0.6424
633106,2021,TEX,SEA,1388.76,1566.47,-177.71,0.2922
633112,2021,SD,COL,1621.13,1527.45,93.68,0.6632
633116,2021,TEX,SEA,1403.29,1559.21,-155.92,0.3188
633117,2021,ATL,MIL,1618.02,1673.07,-55.05,0.4554
633118,2021,LAA,OAK,1561.74,1611.95,-50.21,0.4624
633119,2021,STL,MIN,1519.84,1478.07,41.77,0.5935
633120,2021,SF,HOU,1650.97,1655.82,-4.85,0.5275
633127,2021,STL,MIN,1535.25,1462.66,72.59,0.6355
633128,2021,CWS,CLE,1574.11,1499.81,74.3,0.6378
633132,2021,WSH,CHC,1534.94,1423.21,111.73,0.686
633024,2021,STL,MIN,1504.54,1493.36,11.18,0.5505
633044,2021,WSH,CHC,1513.22,1452.17,61.05,0.62
633047,2021,CWS,CLE,1580.26,1490.57,89.69,0.658
633048,2021,LAA,OAK,1553.8,1619.9,-66.1,0.4397
633050,2021,DET,BAL,1551.75,1508.41,43.33,0.5957
633067,2021,TOR,KC,1634.37,1491.15,143.22,0.7236
633069,2021,MIA,NYY,1545.96,1602.34,-56.38,0.4535
633075,2021,TEX,SEA,1387.96,1566.88,-178.92,0.2907
633082,2021,PIT,PHI,1490.76,1546.71,-55.96,0.4541
633084,2021,SD,COL,1602.9,1554.81,48.09,0.6023
633086,2021,SF,HOU,1639.3,1667.5,-28.2,0.494
633089,2021,TB,BOS,1660.76,1593.25,67.52,0.6287
633095,2021,ATL,MIL,1635.7,1655.4,-19.7,0.5062
633099,2021,ARI,LAD,1426.2,1641.98,-215.78,0.249
633101,2021,ARI,LAD,1413.2,1648.48,-235.28,0.2286
633129,2021,NYM,CIN,1550.86,1580.2,-29.34,0.4923
633142,2021,SD,COL,1615.85,1541.86,73.99,0.6374
633041,2021,TOR,CLE,1641.05,1485.1,155.95,0.738
633057,2021,WSH,PHI,1519.37,1573.13,-53.75,0.4573
633070,2021,TB,SEA,1664.76,1559.6,105.16,0.6778
633078,2021,NYY,BAL,1610.11,1493.1,117.01,0.6925
633079,2021,MIA,NYM,1534.3,1535.74,-1.43,0.5324
633005,2021,TB,SEA,1644.62,1579.74,64.88,0.6252
633023,2021,NYY,BAL,1589.64,1523.81,65.83,0.6265
633036,2021,TOR,CLE,1625.76,1508.04,117.73,0.6934
633045,2021,CIN,MIN,1595.33,1476.09,119.24,0.6952
633049,2021,MIA,NYM,1549.85,1520.19,29.66,0.5766
633054,2021,TEX,LAA,1402.51,1541.56,-139.05,0.3402
633066,2021,WSH,PHI,1507.6,1580.97,-73.37,0.4294
633072,2021,MIL,PIT,1660.96,1464.35,196.61,0.7807
633077,2021,ARI,SF,1395.76,1648.08,-252.32,0.2118
633087,2021,DET,BOS,1561.96,1589.25,-27.29,0.4953
633010,2021,OAK,SD,1632.14,1605.01,27.13,0.5731
633011,2021,TOR,CLE,1634.11,1495.52,138.59,0.7183
633018,2021,NYY,BAL,1604.52,1501.48,103.04,0.6751
633021,2021,MIA,NYM,1556.8,1513.24,43.56,0.596
633022,2021,OAK,SD,1636.81,1600.33,36.49,0.5862
633025,2021,ARI,SF,1387.33,1652.29,-264.96,0.1999
633027,2021,TB,SEA,1633.94,1590.41,43.53,0.596
633030,2021,CWS,KC,1583.91,1481.12,102.79,0.6748
633032,2021,STL,ATL,1521.82,1630.13,-108.31,0.381
633038,2021,COL,CHC,1558.12,1446.02,112.09,0.6864
633040,2021,WSH,PHI,1500.69,1585.58,-84.89,0.4133
633052,2021,DET,BOS,1570.72,1580.49,-9.77,0.5205
633056,2021,TEX,LAA,1430.04,1520.91,-90.88,0.4049
633059,2021,MIL,PIT,1666.14,1456.57,209.57,0.7932
633061,2021,LAD,HOU,1657.2,1658.72,-1.52,0.5323
633068,2021,MIL,PIT,1650.08,1480.67,169.41,0.7528
633071,2021,CIN,MIN,1583.74,1493.48,90.26,0.6588
632992,2021,WSH,PHI,1485.32,1595.83,-110.51,0.378
633003,2021,TOR,CLE,1638.77,1488.53,150.24,0.7316
633004,2021,TEX,LAA,1402.7,1541.42,-138.72,0.3406
633013,2021,NYY,SEA,1614.85,1586.02,28.83,0.5754
633019,2021,LAD,HOU,1645.4,1670.51,-25.11,0.4984
633026,2021,DET,BOS,1559.23,1591.98,-32.75,0.4874
633033,2021,MIA,NYM,1546.52,1528.65,17.87,0.56
633034,2021,CIN,PIT,1587.37,1474.62,112.76,0.6872
633037,2021,STL,ATL,1506.21,1640.54,-134.34,0.3463
633042,2021,ARI,SF,1412.44,1639.74,-227.3,0.2368
633046,2021,ARI,SF,1407.68,1642.12,-234.44,0.2295
633053,2021,CWS,KC,1593.58,1466.61,126.97,0.7045
633055,2021,TEX,LAA,1384.32,1555.2,-170.88,0.3004
633060,2021,COL,CHC,1568.04,1426.17,141.88,0.7221
633064,2021,COL,CHC,1560.52,1441.21,119.31,0.6953
632974,2021,TOR,BOS,1644.34,1575.18,69.16,0.6309
632980,2021,CHC,CWS,1434.8,1570.17,-135.36,0.345
632990,2021,CLE,DET,1480.17,1576.03,-95.86,0.398
632998,2021,HOU,MIN,1661.8,1488.02,173.77,0.7574
633002,2021,CIN,PIT,1593.97,1464.72,129.25,0.7073
633006,2021,BAL,TB,1485.99,1638.34,-152.35,0.3233
633015,2021,CWS,KC,1575.88,1501.74,74.14,0.6376
633031,2021,ATL,WSH,1647.78,1479.33,168.45,0.7517
633043,2021,STL,ATL,1495.35,1653.72,-158.38,0.3157
633062,2021,NYY,SEA,1622.22,1578.65,43.56,0.596
633074,2021,PHI,NYM,1599.82,1517.14,82.68,0.6489
632950,2021,NYY,SEA,1626.61,1574.26,52.35,0.6081
632962,2021,OAK,TEX,1617.63,1378.14,239.49,0.8201
632963,2021,TOR,BOS,1656.92,1562.6,94.32,0.664
632968,2021,STL,KC,1483.97,1512.0,-28.03,0.4942
632981,2021,PHI,NYM,1605.77,1508.22,97.55,0.6681
632982,2021,STL,KC,1500.59,1495.38,5.2,0.5419
632983,2021,MIL,SF,1654.11,1648.58,5.54,0.5424
632993,2021,CLE,DET,1504.98,1559.49,-54.52,0.4562
632994,2021,ATL,WSH,1661.31,1470.43,190.88,0.775
632995,2021,HOU,MIN,1649.46,1506.53,142.93,0.7233
632999,2021,CIN,PIT,1604.58,1448.81,155.77,0.7379
633008,2021,SD,ARI,1619.51,1394.77,224.75,0.8072
633012,2021,CHC,CWS,1423.38,1569.04,-145.66,0.3317
633014,2021,BAL,TB,1474.31,1646.12,-171.81,0.2993
633017,2021,OAK,TEX,1623.61,1366.18,257.42,0.8348
633020,2021,MIL,SF,1642.11,1660.58,-18.47,0.508
633028,2021,LAD,LAA,1654.12,1558.29,95.83,0.6659
633029,2021,HOU,MIN,1656.15,1496.5,159.65,0.7422
633035,2021,COL,MIA,1563.73,1558.03,5.69,0.5426
633246,2021,TOR,BOS,1660.49,1559.02,101.47,0.6731
632945,2021,MIL,SF,1647.52,1655.17,-7.64,0.5235
632953,2021,NYY,SEA,1630.85,1570.02,60.84,0.6197
632956,2021,LAD,LAA,1647.04,1565.37,81.67,0.6476
632957,2021,HOU,MIN,1648.47,1508.01,140.47,0.7205
632967,2021,PHI,NYM,1611.35,1499.84,111.52,0.6857
632970,2021,CHC,CWS,1407.35,1577.05,-169.7,0.3018
632971,2021,BAL,TB,1458.97,1656.35,-197.38,0.2693
632975,2021,ATL,WSH,1653.4,1482.29,171.11,0.7546
632977,2021,COL,MIA,1582.45,1539.31,43.14,0.5954
632985,2021,STL,KC,1512.64,1483.33,29.3,0.5761
632986,2021,LAD,LAA,1657.62,1554.79,102.83,0.6748
632988,2021,SD,ARI,1603.27,1427.26,176.01,0.7598
632991,2021,CLE,DET,1497.57,1564.43,-66.86,0.4386
633001,2021,COL,MIA,1593.82,1522.25,71.57,0.6342
633007,2021,TOR,BOS,1653.36,1566.16,87.2,0.6548
633009,2021,CIN,PIT,1613.18,1431.59,181.59,0.7656
633039,2021,OAK,TEX,1626.89,1359.62,267.27,0.8425
633051,2021,SD,ARI,1609.0,1415.8,193.2,0.7773
634173,2021,CLE,CIN,1511.94,1615.59,-103.65,0.3873
632208,2021,TOR,LAA,1657.04,1549.33,107.71,0.681
632942,2021,SD,MIA,1612.6,1510.46,102.14,0.6739
632948,2021,PIT,STL,1426.79,1503.18,-76.39,0.4252
632960,2021,BAL,DET,1450.75,1554.86,-104.1,0.3867
632964,2021,MIN,CWS,1525.86,1585.77,-59.91,0.4485
632966,2021,NYM,WSH,1489.89,1478.5,11.38,0.5507
632978,2021,CLE,OAK,1539.26,1630.0,-90.74,0.4051
632979,2021,KC,NYY,1492.79,1620.25,-127.46,0.3554
632984,2021,PHI,LAD,1617.99,1663.08,-45.09,0.4697
632989,2021,ATL,CIN,1655.92,1597.37,58.55,0.6166
632996,2021,BOS,TB,1562.48,1661.83,-99.35,0.3932
632997,2021,CHC,MIL,1389.9,1641.74,-251.84,0.2122
632997,2021,CHC,MIL,1395.63,1638.87,-243.24,0.2206
632904,2021,HOU,COL,1636.57,1601.68,34.89,0.5839
632912,2021,NYM,WSH,1497.32,1471.07,26.26,0.5718
632915,2021,PHI,LAD,1604.8,1676.28,-71.48,0.4321
632922,2021,BAL,DET,1434.87,1565.44,-130.57,0.3513
632923,2021,ATL,CIN,1660.06,1593.23,66.84,0.6278
632927,2021,MIN,CWS,1500.74,1602.52,-101.79,0.3899
632928,2021,PIT,STL,1408.56,1516.85,-108.29,0.381
632931,2021,BOS,TB,1552.79,1671.52,-118.73,0.367
632933,2021,SF,ARI,1660.95,1408.6,252.35,0.8307
632934,2021,MIN,CWS,1510.44,1596.06,-85.62,0.4122
632935,2021,KC,NYY,1483.93,1626.16,-142.22,0.3361
632937,2021,CLE,OAK,1532.79,1634.32,-101.53,0.3902
632940,2021,LAA,TOR,1570.93,1642.64,-71.71,0.4318
632955,2021,SEA,TEX,1580.62,1353.39,227.23,0.8094
632959,2021,SD,MIA,1621.53,1497.06,124.47,0.7015
632966,2021,NYM,WSH,1496.14,1472.25,23.89,0.5685
632973,2021,HOU,COL,1647.12,1591.13,55.98,0.6131
632976,2021,SD,MIA,1599.44,1530.2,69.24,0.6311
632987,2021,KC,NYY,1473.43,1633.16,-159.73,0.314
633000,2021,CHC,MIL,1388.65,1642.37,-253.72,0.2104
632900,2021,CLE,OAK,1520.38,1642.59,-122.21,0.3623
632903,2021,BOS,TB,1577.44,1646.87,-69.43,0.435
632912,2021,NYM,WSH,1503.24,1465.15,38.1,0.5884
632924,2021,CWS,NYY,1589.78,1616.69,-26.91,0.4958
632929,2021,ATL,CIN,1666.41,1586.88,79.53,0.6447
632938,2021,BAL,DET,1420.16,1572.8,-152.63,0.3229
632944,2021,PIT,STL,1389.86,1530.88,-141.02,0.3377
632946,2021,CHC,MIL,1380.28,1646.55,-266.27,0.1987
632947,2021,SEA,TEX,1572.48,1369.66,202.82,0.7868
632949,2021,NYM,WSH,1509.97,1458.42,51.56,0.6071
632951,2021,SF,ARI,1662.64,1405.24,257.4,0.8348
632952,2021,SEA,TEX,1575.91,1362.8,213.11,0.7966
632965,2021,LAA,TOR,1560.16,1653.41,-93.25,0.4016
632969,2021,PHI,LAD,1591.77,1689.31,-97.54,0.3957
633016,2021,CHC,MIL,1366.68,1653.35,-286.67,0.1806
632820,2021,PIT,MIL,1382.82,1660.1,-277.28,0.1888
632901,2021,PHI,CIN,1598.18,1609.8,-11.62,0.5178
632902,2021,BOS,BAL,1563.41,1409.55,153.86,0.7357
632911,2021,NYM,LAD,1522.75,1682.89,-160.14,0.3135
632914,2021,ARI,SD,1396.76,1603.4,-206.65,0.259
632918,2021,LAA,TOR,1546.61,1666.95,-120.34,0.3648
632920,2021,DET,CLE,1578.1,1496.57,81.53,0.6474
632921,2021,WSH,ATL,1445.64,1643.49,-197.85,0.2688
632930,2021,MIA,CHC,1524.25,1353.18,171.06,0.7545
632939,2021,SF,COL,1666.88,1580.32,86.56,0.6539
632818,2021,KC,STL,1498.13,1536.16,-38.02,0.4798
632819,2021,DET,CLE,1564.26,1517.34,46.92,0.6007
632820,2021,PIT,MIL,1388.95,1657.03,-268.08,0.197
632885,2021,WSH,ATL,1436.97,1647.82,-210.85,0.2543
632894,2021,TEX,OAK,1358.69,1658.47,-299.78,0.1697
632897,2021,PIT,MIL,1443.87,1629.57,-185.7,0.2828
632898,2021,CWS,NYY,1595.31,1611.17,-15.86,0.5117
632905,2021,BOS,BAL,1571.63,1393.11,178.52,0.7624
632906,2021,SF,COL,1677.96,1569.24,108.71,0.6822
632913,2021,MIN,TB,1519.85,1660.9,-141.05,0.3376
632916,2021,PHI,CIN,1583.42,1624.57,-41.15,0.4753
632926,2021,MIN,TB,1558.16,1635.35,-77.19,0.424
632932,2021,ARI,SD,1446.67,1578.45,-131.78,0.3497
632936,2021,TEX,OAK,1350.12,1662.75,-312.63,0.1596
632941,2021,MIA,CHC,1533.05,1341.45,191.59,0.7757
632943,2021,KC,STL,1477.85,1556.44,-78.59,0.4221
632954,2021,SEA,TOR,1577.97,1653.59,-75.63,0.4262
632958,2021,NYM,LAD,1517.88,1686.13,-168.25,0.3036
632972,2021,LAA,HOU,1566.65,1657.93,-91.28,0.4044
632847,2021,TEX,OAK,1375.99,1649.81,-273.82,0.1918
632857,2021,SEA,TOR,1584.12,1647.44,-63.32,0.4437
632860,2021,KC,STL,1458.82,1569.13,-110.31,0.3783
632863,2021,SF,COL,1681.31,1565.88,115.43,0.6905
632866,2021,MIN,TB,1545.41,1648.11,-102.7,0.3886
632867,2021,WSH,ATL,1419.16,1656.73,-237.57,0.2263
632874,2021,MIA,CHC,1536.48,1336.88,199.6,0.7837
632876,2021,PIT,MIL,1427.64,1637.69,-210.05,0.2552
632877,2021,ARI,SD,1460.28,1571.64,-111.36,0.3769
632881,2021,LAA,HOU,1558.04,1666.54,-108.51,0.3807
632889,2021,SF,COL,1687.84,1559.36,128.48,0.7063
632891,2021,PHI,CIN,1598.18,1609.8,-11.62,0.5178
632895,2021,NYM,LAD,1513.19,1689.26,-176.06,0.2941
632899,2021,CWS,NYY,1586.38,1620.1,-33.72,0.486
632907,2021,SEA,TOR,1571.76,1659.81,-88.05,0.4089
632910,2021,DET,CLE,1571.13,1507.03,64.1,0.6241
632917,2021,ARI,SD,1489.88,1551.91,-62.03,0.4455
632925,2021,LAA,HOU,1568.41,1656.17,-87.76,0.4093
632961,2021,BOS,BAL,1581.15,1374.06,207.09,0.7909
632858,2021,MIA,ATL,1543.08,1658.99,-115.92,0.3707
632878,2021,CIN,CHC,1621.23,1328.08,293.15,0.8612
632890,2021,TB,BAL,1641.63,1364.22,277.41,0.8501
633421,2021,NYY,LAA,1628.51,1556.16,72.35,0.6352
632813,2021,COL,SD,1574.16,1565.4,8.76,0.547
632825,2021,WSH,TOR,1414.63,1642.11,-227.48,0.2366
632864,2021,TB,BAL,1646.06,1355.36,290.7,0.8596
632868,2021,DET,LAA,1547.02,1552.24,-5.22,0.527
632871,2021,CIN,CHC,1625.74,1319.06,306.68,0.8703
632872,2021,MIA,ATL,1522.81,1672.5,-149.7,0.3266
632873,2021,MIN,CLE,1555.13,1543.2,11.93,0.5515
632882,2021,LAD,PIT,1699.71,1422.47,277.24,0.8499
632883,2021,KC,HOU,1443.33,1668.42,-225.1,0.2391
632884,2021,STL,MIL,1579.45,1640.27,-60.82,0.4472
632886,2021,SF,NYM,1673.03,1497.52,175.51,0.7592
632892,2021,CWS,OAK,1577.96,1633.87,-55.91,0.4542
632893,2021,NYY,BOS,1632.43,1586.07,46.36,0.5999
633291,2021,NYY,BOS,1639.32,1579.18,60.13,0.6188
632831,2021,MIN,CLE,1560.07,1535.78,24.3,0.5691
632839,2021,CIN,CHC,1617.27,1336.0,281.27,0.8529
632844,2021,STL,MIL,1571.8,1647.92,-76.12,0.4256
632849,2021,TB,BAL,1650.82,1345.84,304.98,0.8692
632850,2021,SF,NYM,1676.95,1491.64,185.31,0.7694
632851,2021,COL,SD,1579.17,1560.39,18.77,0.5612
632852,2021,NYY,BOS,1645.84,1572.66,73.18,0.6363
632853,2021,TEX,SEA,1407.87,1589.45,-181.58,0.2876
632856,2021,WSH,TOR,1457.71,1620.57,-162.86,0.3102
632861,2021,DET,LAA,1522.46,1568.61,-46.15,0.4682
632862,2021,COL,SD,1590.37,1549.19,41.18,0.5927
632865,2021,MIA,ATL,1514.75,1677.88,-163.13,0.3098
632869,2021,ARI,PHI,1469.64,1586.76,-117.11,0.3691
632875,2021,KC,HOU,1458.64,1660.77,-202.13,0.264
632880,2021,MIN,CLE,1564.8,1528.69,36.11,0.5857
632908,2021,CWS,OAK,1589.77,1622.07,-32.3,0.4881
632909,2021,LAD,PIT,1701.18,1419.51,281.67,0.8532
632919,2021,SF,NYM,1658.68,1519.05,139.63,0.7195
632816,2021,CIN,MIA,1593.73,1507.14,86.59,0.654
632823,2021,CWS,OAK,1608.36,1603.48,4.88,0.5415
632833,2021,TB,BAL,1653.78,1339.92,313.86,0.8749
632838,2021,TEX,SEA,1398.54,1594.12,-195.59,0.2714
632840,2021,NYY,MIN,1653.65,1554.67,98.98,0.6699
632841,2021,ARI,PHI,1479.61,1580.11,-100.5,0.3916
632843,2021,KC,HOU,1476.41,1648.92,-172.51,0.2984
632845,2021,STL,MIL,1564.57,1655.15,-90.58,0.4053
632846,2021,DET,LAA,1510.37,1576.67,-66.3,0.4394
632848,2021,ARI,PHI,1502.08,1565.13,-63.05,0.444
632854,2021,CWS,OAK,1602.36,1609.47,-7.11,0.5243
632855,2021,TEX,SEA,1393.01,1596.89,-203.88,0.262
632859,2021,KC,HOU,1467.21,1655.06,-187.85,0.2803
632887,2021,LAD,PIT,1702.63,1416.62,286.0,0.8563
632799,2021,NYY,MIN,1659.2,1549.12,110.08,0.6839
632814,2021,BAL,ATL,1333.65,1682.95,-349.3,0.1332
632826,2021,CHC,KC,1383.09,1478.24,-95.15,0.399
632827,2021,BOS,TEX,1564.85,1384.58,180.28,0.7642
632832,2021,CIN,MIA,1603.27,1492.82,110.45,0.6844
632835,2021,LAD,NYM,1707.32,1514.66,192.65,0.7768
632836,2021,TB,CWS,1656.92,1607.62,49.3,0.6039
632837,2021,CLE,LAA,1543.88,1586.13,-42.25,0.4738
632888,2021,TOR,DET,1606.32,1496.18,110.14,0.684
632774,2021,HOU,SEA,1647.7,1601.1,46.6,0.6002
632775,2021,TOR,DET,1591.87,1517.85,74.02,0.6374
632780,2021,CLE,LAA,1571.11,1567.98,3.12,0.539
632795,2021,LAD,NYM,1711.87,1507.84,204.03,0.788
632797,2021,CIN,MIA,1608.55,1484.9,123.65,0.7006
632804,2021,TB,CWS,1646.54,1618.01,28.53,0.575
632809,2021,OAK,SF,1604.21,1661.6,-57.39,0.4521
632810,2021,STL,PIT,1579.28,1407.25,172.03,0.7556
632811,2021,LAD,NYM,1714.02,1504.61,209.41,0.7931
632815,2021,STL,PIT,1571.51,1422.79,148.71,0.7299
632817,2021,SD,PHI,1538.65,1555.63,-16.98,0.5101
632821,2021,NYY,MIN,1669.78,1533.25,136.54,0.7159
632824,2021,CHC,KC,1363.39,1493.01,-129.62,0.3525
632828,2021,COL,ARI,1597.4,1516.33,81.07,0.6468
632829,2021,MIL,WSH,1640.45,1479.08,161.36,0.744
632834,2021,HOU,SEA,1662.13,1586.68,75.45,0.6393
632842,2021,OAK,SF,1616.06,1649.76,-33.7,0.486
632870,2021,BOS,TEX,1571.64,1371.01,200.63,0.7847
632879,2021,BAL,ATL,1328.55,1685.5,-356.95,0.1282
632896,2021,MIL,WSH,1645.74,1471.15,174.59,0.7583
632730,2021,NYY,MIN,1678.11,1520.75,157.36,0.7396
632771,2021,CHC,KC,1351.68,1501.79,-150.1,0.3261
632772,2021,BAL,ATL,1326.1,1686.72,-360.63,0.1259
632773,2021,BOS,TEX,1545.15,1423.99,121.16,0.6975
632784,2021,TOR,DET,1599.65,1506.18,93.47,0.6629
632785,2021,TB,CWS,1657.34,1607.2,50.14,0.6051
632786,2021,MIL,WSH,1630.15,1494.52,135.63,0.7148
632790,2021,COL,ARI,1607.16,1501.68,105.48,0.6782
632791,2021,OAK,SF,1610.75,1655.07,-44.32,0.4708
632793,2021,HOU,SEA,1677.24,1571.57,105.66,0.6784
632794,2021,STL,PIT,1553.9,1458.01,95.9,0.666
632796,2021,LAD,NYM,1716.11,1501.46,214.65,0.798
632801,2021,CIN,MIA,1614.84,1475.47,139.37,0.7192
632803,2021,COL,ARI,1613.98,1491.46,122.51,0.6992
632806,2021,SD,PHI,1530.23,1561.25,-31.02,0.4899
632812,2021,CLE,LAA,1582.96,1556.13,26.84,0.5726
632830,2021,SD,PHI,1538.6,1555.67,-17.07,0.51
632773,2021,BOS,TEX,1542.03,1428.14,113.89,0.6886
632787,2021,TOR,CWS,1588.48,1592.98,-4.5,0.528
632798,2021,PIT,ARI,1447.36,1517.05,-69.69,0.4346
632805,2021,ATL,NYY,1688.63,1675.63,12.99,0.553
632744,2021,PIT,ARI,1459.51,1507.93,-48.41,0.4649
632755,2021,BOS,MIN,1553.47,1524.47,28.99,0.5757
632758,2021,OAK,SEA,1605.63,1585.93,19.7,0.5626
632763,2021,ATL,NYY,1674.47,1689.79,-15.32,0.5125
632769,2021,OAK,SEA,1595.83,1595.73,0.1,0.5346
632770,2021,HOU,KC,1662.88,1517.89,144.99,0.7257
632777,2021,PHI,TB,1566.89,1671.56,-104.67,0.3859
632779,2021,TOR,CWS,1593.7,1587.76,5.95,0.543
632781,2021,STL,DET,1561.0,1522.95,38.05,0.5884
632783,2021,CLE,TEX,1592.33,1412.9,179.43,0.7633
632789,2021,MIA,WSH,1468.5,1484.15,-15.64,0.512
632792,2021,CHC,COL,1330.22,1596.92,-266.7,0.1983
632802,2021,NYM,SF,1532.73,1660.19,-127.46,0.3554
632807,2021,BAL,LAA,1322.3,1546.76,-224.46,0.2398
632727,2021,PHI,TB,1560.42,1678.04,-117.62,0.3684
632728,2021,MIL,CIN,1637.07,1619.48,17.59,0.5596
632738,2021,CHC,COL,1355.36,1584.35,-228.99,0.235
632747,2021,NYM,SF,1515.02,1672.0,-156.98,0.3175
632748,2021,SD,LAD,1521.76,1695.27,-173.51,0.2972
632751,2021,STL,DET,1554.59,1532.57,22.02,0.5658
632752,2021,TOR,CWS,1581.69,1599.77,-18.08,0.5085
632756,2021,BAL,LAA,1308.75,1556.92,-248.17,0.2158
632760,2021,MIA,WSH,1448.87,1503.78,-54.92,0.4556
632766,2021,CLE,TEX,1574.15,1449.25,124.91,0.7021
632767,2021,BOS,MIN,1560.83,1513.43,47.4,0.6013
632768,2021,HOU,KC,1641.68,1549.68,92.0,0.661
632776,2021,HOU,KC,1645.29,1544.27,101.02,0.6725
632778,2021,PIT,ARI,1473.32,1494.12,-20.81,0.5046
632822,2021,CHC,COL,1386.09,1568.98,-182.89,0.286
632822,2021,CHC,COL,1390.48,1566.79,-176.32,0.2938
632724,2021,TOR,CWS,1590.26,1591.2,-0.94,0.5331
632726,2021,MIL,CIN,1646.76,1609.79,36.97,0.5869
632729,2021,PIT,STL,1456.69,1559.36,-102.67,0.3887
632741,2021,BOS,MIN,1547.77,1533.02,14.76,0.5555
632743,2021,BAL,LAA,1345.04,1538.77,-193.73,0.2735
632745,2021,NYM,SF,1510.09,1675.28,-165.2,0.3073
632746,2021,PHI,ARI,1552.66,1510.76,41.9,0.5937
632754,2021,MIA,WSH,1460.65,1494.95,-34.3,0.4852
632761,2021,MIL,CIN,1631.9,1624.65,7.25,0.5448
632764,2021,SD,LAD,1512.59,1701.38,-188.79,0.2792
632788,2021,CLE,TEX,1582.23,1433.08,149.15,0.7304
632685,2021,SD,LAD,1505.82,1705.9,-200.08,0.2663
632709,2021,DET,TOR,1525.42,1578.44,-53.02,0.4583
632720,2021,BAL,TB,1399.85,1685.8,-285.95,0.1813
632732,2021,ATL,SF,1668.82,1678.45,-9.63,0.5207
632735,2021,CLE,BOS,1588.74,1573.18,15.56,0.5567
632739,2021,SEA,KC,1609.5,1532.17,77.32,0.6418
632742,2021,MIA,CIN,1474.01,1614.59,-140.58,0.3383
632749,2021,OAK,NYY,1582.06,1695.43,-113.37,0.3741
632762,2021,PIT,STL,1479.25,1544.32,-65.07,0.4412
632800,2021,NYM,WSH,1505.33,1481.58,23.75,0.5683
632808,2021,PHI,ARI,1546.2,1520.45,25.75,0.5711
632702,2021,TEX,HOU,1420.08,1653.35,-233.27,0.2306
632706,2021,OAK,NYY,1578.12,1699.38,-121.26,0.3636
632712,2021,PHI,ARI,1553.25,1513.4,39.85,0.5909
632713,2021,SEA,KC,1598.6,1548.52,50.08,0.605
632716,2021,MIN,MIL,1507.61,1641.96,-134.36,0.3463
632717,2021,NYM,WSH,1495.98,1490.94,5.04,0.5417
632718,2021,CWS,CHC,1603.02,1378.41,224.61,0.8071
632719,2021,DET,TOR,1534.22,1572.57,-38.35,0.4794
632721,2021,BAL,TB,1392.73,1689.36,-296.62,0.1723
632722,2021,CWS,CHC,1607.53,1369.39,238.13,0.8189
632723,2021,PIT,STL,1472.12,1551.44,-79.32,0.421
632725,2021,OAK,NYY,1584.81,1692.69,-107.89,0.3816
632733,2021,ATL,SF,1674.12,1673.16,0.96,0.5359
632734,2021,TEX,HOU,1410.83,1657.98,-247.15,0.2168
632737,2021,CLE,BOS,1582.61,1579.31,3.3,0.5392
632740,2021,LAD,COL,1712.19,1572.83,139.36,0.7192
632753,2021,SEA,KC,1588.2,1564.12,24.08,0.5688
632757,2021,MIA,CIN,1459.16,1624.49,-165.33,0.3071
632759,2021,MIN,MIL,1523.85,1631.13,-107.28,0.3824
632782,2021,LAA,SD,1497.67,1496.39,1.28,0.5363
632673,2021,PHI,ARI,1566.62,1493.34,73.28,0.6364
632684,2021,MIA,CIN,1486.88,1606.02,-119.14,0.3664
632693,2021,SEA,KC,1581.96,1570.36,11.6,0.5511
632696,2021,TEX,HOU,1406.51,1660.14,-253.63,0.2105
632697,2021,LAA,SD,1474.62,1519.44,-44.82,0.4701
632698,2021,PIT,STL,1446.38,1568.6,-122.22,0.3623
632700,2021,OAK,NYY,1573.48,1704.02,-130.53,0.3513
632701,2021,ATL,SF,1658.76,1688.51,-29.75,0.4917
632704,2021,CLE,BOS,1573.14,1588.77,-15.63,0.512
632705,2021,MIN,MIL,1539.38,1620.78,-81.4,0.4181
632707,2021,LAD,COL,1700.3,1584.72,115.58,0.6907
632711,2021,NYM,WSH,1508.03,1478.88,29.16,0.5759
632714,2021,LAD,COL,1706.82,1578.2,128.62,0.7065
632736,2021,BAL,TB,1389.37,1691.04,-301.67,0.1682
632750,2021,DET,TOR,1526.38,1577.8,-51.42,0.4606
632765,2021,CWS,CHC,1582.94,1418.56,164.38,0.7473
632664,2021,TB,BOS,1694.85,1580.26,114.59,0.6895
632668,2021,TOR,BAL,1582.79,1381.75,201.04,0.7851
632691,2021,WSH,PHI,1460.88,1574.42,-113.54,0.3739
632692,2021,CIN,STL,1599.35,1561.9,37.45,0.5875
633372,2021,DET,MIN,1518.89,1523.8,-4.91,0.5274
632192,2021,NYM,MIA,1526.03,1496.88,29.16,0.5759
632665,2021,SEA,HOU,1586.91,1631.99,-45.08,0.4697
632669,2021,TB,BOS,1703.31,1571.8,131.51,0.71
632674,2021,LAD,ATL,1687.68,1677.24,10.44,0.5494
632677,2021,WSH,PHI,1449.05,1582.31,-133.26,0.3477
632678,2021,TEX,COL,1462.79,1597.33,-134.54,0.3461
632679,2021,NYM,MIA,1533.0,1489.91,43.08,0.5954
632687,2021,SF,MIL,1670.04,1631.17,38.87,0.5895
632688,2021,DET,OAK,1510.14,1584.24,-74.11,0.4284
632690,2021,LAA,NYY,1502.01,1693.25,-191.24,0.2763
632699,2021,CIN,STL,1589.2,1572.06,17.14,0.5589
632703,2021,ARI,SD,1481.63,1492.05,-10.42,0.5195
632715,2021,TOR,BAL,1587.86,1371.6,216.26,0.7995
632640,2021,TOR,BAL,1575.06,1397.2,177.87,0.7617
632641,2021,TEX,COL,1473.05,1590.5,-117.45,0.3687
632648,2021,SEA,HOU,1581.81,1637.1,-55.29,0.4551
632653,2021,TB,BOS,1709.38,1565.73,143.65,0.7241
632655,2021,LAA,NYY,1513.08,1685.87,-172.78,0.2981
632657,2021,SEA,HOU,1587.7,1631.2,-43.5,0.472
632663,2021,LAD,ATL,1695.56,1669.35,26.21,0.5718
632666,2021,NYM,MIA,1543.46,1479.45,64.01,0.624
632670,2021,WSH,PHI,1428.63,1592.52,-163.89,0.3089
632672,2021,ARI,SD,1468.0,1505.68,-37.68,0.4803
632675,2021,LAA,NYY,1503.89,1692.0,-188.11,0.28
632676,2021,KC,CLE,1565.41,1581.66,-16.25,0.5111
632680,2021,TEX,COL,1459.53,1599.51,-139.98,0.339
632681,2021,ARI,SD,1452.29,1521.4,-69.11,0.4354
632682,2021,SF,MIL,1659.86,1641.35,18.51,0.5609
632683,2021,CWS,PIT,1592.59,1459.78,132.81,0.7115
632694,2021,MIN,CHC,1532.56,1399.26,133.29,0.7121
632699,2021,CIN,STL,1588.55,1572.71,15.84,0.5571
632710,2021,DET,OAK,1490.78,1597.15,-106.36,0.3836
632731,2021,CIN,STL,1582.41,1578.84,3.57,0.5396
632630,2021,TB,BOS,1701.84,1573.26,128.58,0.7065
632650,2021,NYM,MIA,1541.46,1481.45,60.0,0.6186
632656,2021,LAD,ATL,1700.26,1664.66,35.6,0.5849
632659,2021,SF,MIL,1645.53,1655.67,-10.14,0.5199
632661,2021,SF,MIL,1657.84,1643.36,14.47,0.5551
632662,2021,KC,CLE,1550.86,1596.2,-45.35,0.4693
632670,2021,WSH,PHI,1432.58,1590.55,-157.97,0.3162
632671,2021,CWS,PIT,1597.37,1452.61,144.77,0.7254
632686,2021,DET,OAK,1506.29,1586.81,-80.53,0.4194
632689,2021,MIN,CHC,1514.86,1422.87,91.99,0.661
632617,2021,WSH,NYM,1426.03,1547.63,-121.6,0.3631
632621,2021,MIA,PHI,1475.28,1593.82,-118.54,0.3672
632627,2021,TB,MIN,1684.65,1493.75,190.91,0.7751
632629,2021,TOR,OAK,1577.51,1593.92,-16.41,0.5109
632635,2021,KC,CLE,1542.78,1604.29,-61.51,0.4462
632639,2021,BOS,CLE,1590.45,1611.92,-21.47,0.5036
632642,2021,NYY,BAL,1680.34,1392.3,288.03,0.8577
632646,2021,CHC,PIT,1451.01,1444.03,6.98,0.5445
632654,2021,CIN,DET,1600.05,1495.62,104.43,0.6768
632660,2021,CHC,PIT,1458.57,1433.96,24.6,0.5695
632695,2021,COL,ATL,1592.62,1660.13,-67.51,0.4377
632600,2021,TB,MIN,1688.29,1488.29,200.0,0.7841
632611,2021,WSH,NYM,1408.31,1560.92,-152.61,0.3229
632616,2021,TOR,OAK,1582.89,1588.54,-5.65,0.5264
632622,2021,NYY,BAL,1681.73,1389.51,292.22,0.8606
632624,2021,CHC,PIT,1465.65,1424.52,41.13,0.5926
632626,2021,MIA,PHI,1505.24,1573.84,-68.6,0.4362
632632,2021,LAA,TEX,1521.38,1469.87,51.51,0.607
632633,2021,KC,CWS,1531.33,1603.09,-71.76,0.4317
632634,2021,BOS,CLE,1601.36,1601.01,0.34,0.535
632638,2021,MIL,STL,1655.6,1561.21,94.39,0.6641
632644,2021,COL,ATL,1587.91,1664.84,-76.93,0.4244
632645,2021,SF,LAD,1645.61,1704.79,-59.18,0.4495
632649,2021,CIN,DET,1575.26,1532.81,42.45,0.5945
632651,2021,SD,HOU,1497.86,1617.87,-120.01,0.3652
632652,2021,KC,CWS,1555.0,1587.31,-32.31,0.488
632667,2021,MIL,STL,1630.28,1586.52,43.76,0.5963
632708,2021,ARI,SEA,1475.83,1601.04,-125.21,0.3583
634556,2021,WSH,NYM,1422.36,1553.9,-131.55,0.35
632582,2021,NYY,BAL,1673.31,1406.36,266.94,0.8422
632592,2021,BOS,CLE,1606.51,1595.86,10.65,0.5497
632598,2021,WSH,NYM,1410.75,1559.71,-148.96,0.3275
632599,2021,SF,LAD,1651.55,1698.84,-47.29,0.4665
632601,2021,ARI,SEA,1470.19,1604.8,-134.61,0.346
632602,2021,MIA,PHI,1514.34,1567.78,-53.44,0.4577
632605,2021,TB,MIN,1694.88,1478.41,216.47,0.7997
632606,2021,COL,ATL,1594.08,1658.67,-64.59,0.4418
632607,2021,TOR,OAK,1591.2,1580.24,10.96,0.5501
632610,2021,MIL,STL,1640.47,1576.33,64.15,0.6242
632612,2021,SD,HOU,1486.34,1625.55,-139.22,0.34
632613,2021,CHC,PIT,1472.3,1415.65,56.65,0.614
632614,2021,KC,CWS,1544.33,1597.98,-53.65,0.4574
632615,2021,COL,ATL,1579.8,1672.95,-93.16,0.4018
632618,2021,CIN,DET,1584.08,1519.57,64.51,0.6247
632619,2021,LAA,TEX,1527.77,1463.48,64.29,0.6244
632623,2021,ARI,SEA,1454.96,1614.95,-159.99,0.3137
632625,2021,LAA,TEX,1504.33,1486.91,17.42,0.5593
632636,2021,SF,LAD,1660.73,1689.66,-28.93,0.4929
632647,2021,SD,HOU,1519.07,1603.73,-84.66,0.4136
632584,2021,MIL,PHI,1644.52,1572.73,71.79,0.6345
632585,2021,PIT,DET,1398.96,1539.76,-140.8,0.338
632591,2021,CLE,MIN,1612.89,1490.52,122.37,0.699
632593,2021,NYY,TOR,1664.98,1606.93,58.04,0.6159
632596,2021,HOU,SEA,1597.47,1621.43,-23.97,0.5
632597,2021,CHC,CIN,1484.82,1570.62,-85.8,0.412
632603,2021,BOS,TB,1589.48,1686.8,-97.32,0.396
632604,2021,WSH,NYM,1390.33,1569.91,-179.58,0.29
632608,2021,COL,SF,1586.16,1646.78,-60.62,0.4475
632628,2021,STL,LAD,1572.28,1703.61,-131.33,0.3503
632658,2021,BAL,KC,1423.02,1569.06,-146.04,0.3313
632558,2021,STL,LAD,1563.77,1712.12,-148.35,0.3283
632560,2021,PIT,DET,1426.56,1519.06,-92.5,0.4027
632569,2021,MIL,PHI,1619.31,1597.95,21.36,0.5649
632572,2021,MIA,NYM,1506.9,1562.63,-55.73,0.4545
632577,2021,NYY,TOR,1643.88,1628.03,15.85,0.5571
632583,2021,ATL,WSH,1666.59,1404.89,261.7,0.8382
632586,2021,CLE,MIN,1598.2,1512.55,85.65,0.6528
632588,2021,BOS,TB,1585.27,1691.01,-105.73,0.3845
632594,2021,BAL,KC,1416.13,1572.51,-156.38,0.3182
632620,2021,LAA,TEX,1518.88,1472.36,46.52,0.6001
632637,2021,CHC,CIN,1494.24,1564.34,-70.11,0.434
632554,2021,ATL,WSH,1669.8,1398.48,271.32,0.8455
632565,2021,MIL,PHI,1635.84,1581.42,54.43,0.611
632566,2021,CHC,CIN,1487.24,1569.01,-81.77,0.4176
632567,2021,NYY,TOR,1629.64,1642.27,-12.64,0.5163
632573,2021,ARI,TEX,1445.23,1495.06,-49.83,0.4629
632574,2021,MIA,NYM,1487.84,1575.34,-87.5,0.4096
632575,2021,BOS,TB,1574.76,1701.53,-126.77,0.3563
632576,2021,BAL,KC,1448.92,1556.12,-107.2,0.3825
632578,2021,OAK,CWS,1564.5,1581.49,-16.99,0.5101
632579,2021,CLE,MIN,1584.27,1533.46,50.81,0.606
632580,2021,HOU,SEA,1615.69,1603.21,12.47,0.5523
632581,2021,SD,LAA,1528.46,1496.18,32.28,0.5803
632587,2021,COL,SF,1573.68,1659.27,-85.59,0.4123
632589,2021,COL,SF,1559.06,1673.89,-114.83,0.3722
632590,2021,HOU,SEA,1603.51,1615.4,-11.89,0.5174
632595,2021,ARI,TEX,1425.15,1510.12,-84.97,0.4131
632609,2021,PIT,DET,1439.27,1509.52,-70.25,0.4338
632643,2021,STL,LAD,1554.95,1720.94,-165.99,0.3063
632536,2021,MIA,NYM,1497.29,1569.04,-71.75,0.4317
632545,2021,OAK,CWS,1553.27,1592.71,-39.44,0.4778
632546,2021,NYY,TOR,1618.25,1653.66,-35.41,0.4836
632548,2021,PHI,COL,1577.21,1551.21,25.99,0.5715
632556,2021,BAL,KC,1461.98,1549.59,-87.61,0.4095
632561,2021,CLE,MIN,1571.13,1553.17,17.96,0.5601
632562,2021,OAK,CWS,1566.48,1579.5,-13.02,0.5158
632564,2021,STL,LAD,1562.1,1713.78,-151.68,0.3241
632570,2021,ATL,WSH,1656.57,1424.94,231.63,0.8133
632631,2021,SD,LAA,1506.37,1518.27,-11.9,0.5174
632537,2021,PHI,COL,1570.94,1557.48,13.47,0.5537
632543,2021,DET,TB,1525.76,1694.78,-169.01,0.3026
632550,2021,CHC,SF,1505.92,1681.73,-175.81,0.2944
632552,2021,NYM,NYY,1562.94,1609.89,-46.95,0.467
632555,2021,PIT,WSH,1417.62,1421.19,-3.57,0.5294
632557,2021,CLE,MIL,1580.81,1640.05,-59.24,0.4495
632563,2021,BAL,TOR,1443.59,1662.03,-218.44,0.2461
632571,2021,ATL,MIA,1658.44,1506.45,151.99,0.7336
632501,2021,PIT,WSH,1428.04,1410.77,17.27,0.5591
632515,2021,DET,TB,1556.01,1674.61,-118.61,0.3671
632525,2021,STL,CIN,1569.12,1556.55,12.56,0.5524
632527,2021,MIN,KC,1543.49,1567.98,-24.49,0.4993
632528,2021,SEA,ARI,1610.07,1411.17,198.91,0.783
632529,2021,HOU,LAA,1608.83,1502.3,106.53,0.6795
632531,2021,CWS,BOS,1571.04,1581.51,-10.46,0.5195
632533,2021,CLE,MIL,1566.25,1654.61,-88.37,0.4084
632534,2021,STL,CIN,1576.94,1548.73,28.21,0.5746
632535,2021,OAK,TEX,1574.94,1520.61,54.33,0.6109
632538,2021,ATL,MIA,1664.86,1496.82,168.03,0.7513
632539,2021,BAL,TOR,1474.01,1646.82,-172.81,0.298
632540,2021,PHI,COL,1550.67,1577.75,-27.08,0.4956
632541,2021,MIN,KC,1568.2,1551.5,16.7,0.5583
632542,2021,LAD,SD,1706.77,1522.34,184.43,0.7685
632544,2021,OAK,TEX,1564.47,1536.33,28.14,0.5745
632547,2021,CHC,SF,1494.2,1689.55,-195.36,0.2716
632549,2021,HOU,LAA,1597.44,1519.39,78.05,0.6428
632551,2021,NYM,NYY,1580.3,1592.52,-12.22,0.5169
632559,2021,CWS,BOS,1565.31,1587.24,-21.93,0.503
633331,2021,BAL,TOR,1469.41,1649.88,-180.47,0.2889
632498,2021,BAL,TOR,1454.66,1659.72,-205.06,0.2607
632508,2021,CHC,SF,1479.32,1699.47,-220.15,0.2443
632510,2021,CLE,MIL,1557.54,1663.32,-105.79,0.3844
632512,2021,DET,TB,1546.02,1684.6,-138.58,0.3408
632513,2021,CWS,BOS,1570.77,1581.78,-11.02,0.5187
632514,2021,PHI,COL,1564.95,1563.47,1.49,0.5366
632516,2021,STL,CIN,1566.97,1563.69,3.28,0.5392
632517,2021,SEA,ARI,1612.28,1406.75,205.53,0.7894
632519,2021,MIN,KC,1558.46,1561.24,-2.78,0.5305
632523,2021,ATL,MIA,1652.59,1515.22,137.36,0.7168
632524,2021,SEA,ARI,1593.69,1443.93,149.76,0.7311
632526,2021,PIT,WSH,1447.45,1391.36,56.09,0.6133
632530,2021,LAD,SD,1711.51,1515.23,196.28,0.7804
632532,2021,HOU,LAA,1607.33,1504.55,102.78,0.6748
632553,2021,OAK,TEX,1576.51,1518.26,58.25,0.6162
632568,2021,LAD,SD,1713.75,1511.88,201.87,0.7859
632478,2021,NYM,STL,1574.6,1575.05,-0.45,0.5338
632489,2021,TOR,TB,1670.3,1677.72,-7.42,0.5238
632518,2021,WSH,MIA,1422.16,1508.2,-86.03,0.4117
632522,2021,NYM,NYY,1556.84,1598.22,-41.38,0.475
632730,2021,NYY,MIN,1592.51,1549.15,43.36,0.5957
632492,2021,NYM,STL,1562.56,1592.81,-30.26,0.491
632493,2021,MIN,CLE,1542.55,1543.46,-0.91,0.5332
632495,2021,PHI,CHC,1559.0,1475.62,83.38,0.6498
632496,2021,WSH,MIA,1404.59,1521.38,-116.79,0.3696
632497,2021,TOR,TB,1686.09,1661.93,24.15,0.5689
632499,2021,DET,MIL,1556.34,1677.39,-121.06,0.3638
632500,2021,BAL,NYY,1438.79,1596.91,-158.12,0.316
632502,2021,TEX,HOU,1528.25,1612.79,-84.54,0.4137
632503,2021,PIT,CIN,1416.65,1555.6,-138.95,0.3404
632504,2021,ATL,COL,1657.27,1569.41,87.86,0.6556
632507,2021,SEA,BOS,1586.1,1576.47,9.63,0.5482
632509,2021,LAD,ARI,1720.64,1459.12,261.52,0.838
632520,2021,SF,SD,1701.93,1501.54,200.4,0.7844
633581,2021,MIN,CLE,1558.08,1527.94,30.14,0.5773
632463,2021,MIN,CLE,1548.07,1542.95,5.11,0.5418
632465,2021,ATL,COL,1650.28,1576.4,73.88,0.6372
632477,2021,WSH,MIA,1441.87,1493.42,-51.55,0.4604
632479,2021,DET,MIL,1563.02,1670.71,-107.68,0.3818
632480,2021,SEA,BOS,1591.09,1571.48,19.6,0.5624
632481,2021,SEA,BOS,1576.73,1585.84,-9.11,0.5214
632482,2021,TEX,HOU,1502.35,1630.05,-127.7,0.355
632483,2021,TOR,TB,1676.2,1671.82,4.37,0.5407
632486,2021,PHI,CHC,1545.12,1496.45,48.67,0.6031
632487,2021,PIT,CIN,1430.41,1548.72,-118.31,0.3675
632491,2021,SF,SD,1708.88,1491.12,217.76,0.8009
632494,2021,BAL,NYY,1421.88,1605.36,-183.48,0.2854
632505,2021,LAD,ARI,1724.37,1453.52,270.84,0.8452
632506,2021,CWS,LAA,1576.08,1496.36,79.72,0.645
632511,2021,KC,OAK,1570.56,1569.85,0.7,0.5355
632521,2021,NYM,STL,1557.19,1598.18,-41.0,0.4756
632452,2021,BAL,NYY,1416.04,1608.28,-192.24,0.2752
632457,2021,ATL,COL,1643.44,1583.24,60.2,0.6189
632462,2021,PIT,CIN,1443.73,1538.73,-95.01,0.3992
632464,2021,SF,SD,1714.07,1483.33,230.75,0.8125
632468,2021,KC,OAK,1580.86,1559.55,21.3,0.5648
632471,2021,KC,OAK,1564.82,1575.59,-10.77,0.519
632473,2021,SF,SD,1697.76,1507.79,189.97,0.7741
632474,2021,TB,DET,1661.66,1576.1,85.56,0.6526
632475,2021,PHI,CHC,1551.58,1489.99,61.59,0.6207
632476,2021,CWS,LAA,1586.75,1480.36,106.39,0.6793
632484,2021,LAD,ARI,1727.92,1448.2,279.72,0.8517
632485,2021,TEX,HOU,1532.78,1609.77,-77.0,0.4243
632490,2021,CWS,LAA,1566.57,1510.62,55.95,0.6131
632430,2021,TOR,MIN,1686.36,1518.2,168.17,0.7514
632440,2021,TB,DET,1669.07,1568.68,100.39,0.6717
632450,2021,WSH,COL,1426.05,1584.52,-158.47,0.3156
632454,2021,BOS,BAL,1600.72,1430.82,169.9,0.7533
632458,2021,NYY,CLE,1600.89,1572.83,28.06,0.5744
632460,2021,MIA,PIT,1505.28,1435.24,70.04,0.6321
632467,2021,NYM,PHI,1541.65,1565.17,-23.52,0.5007
632470,2021,CIN,LAD,1545.1,1730.23,-185.13,0.2834
632472,2021,TEX,HOU,1515.15,1621.53,-106.38,0.3836
632417,2021,WSH,COL,1419.52,1587.79,-168.27,0.3035
632425,2021,MIL,CHC,1657.64,1469.6,188.03,0.7722
632427,2021,TB,DET,1676.04,1561.72,114.32,0.6892
632431,2021,TOR,MIN,1668.39,1545.16,123.23,0.7
632436,2021,STL,SD,1613.72,1531.5,82.21,0.6483
632439,2021,TEX,CWS,1493.32,1559.94,-66.62,0.439
632441,2021,NYY,CLE,1615.66,1558.05,57.61,0.6153
632445,2021,KC,SEA,1555.74,1561.84,-6.11,0.5257
632447,2021,NYM,PHI,1533.41,1570.66,-37.25,0.4809
632448,2021,MIA,PIT,1495.09,1448.83,46.26,0.5998
632449,2021,KC,SEA,1542.24,1575.34,-33.11,0.4869
632451,2021,BOS,BAL,1607.86,1416.56,191.29,0.7754
632453,2021,SF,ATL,1681.96,1642.16,39.8,0.5908
632455,2021,CIN,LAD,1562.53,1718.61,-156.08,0.3186
632456,2021,HOU,ARI,1636.07,1443.58,192.5,0.7767
632459,2021,TEX,CWS,1502.38,1553.9,-51.52,0.4605
632461,2021,MIL,CHC,1661.33,1464.07,197.26,0.7814
632466,2021,LAA,OAK,1520.57,1584.67,-64.1,0.4425
632469,2021,HOU,ARI,1623.52,1468.68,154.84,0.7368
632488,2021,STL,SD,1624.27,1515.67,108.61,0.6821
632380,2021,NYY,CLE,1594.58,1579.13,15.45,0.5565
632407,2021,NYM,PHI,1520.94,1578.98,-58.04,0.4512
632411,2021,MIA,PIT,1475.55,1474.88,0.66,0.5354
632413,2021,MIL,CHC,1665.78,1457.39,208.38,0.7921
632416,2021,KC,SEA,1567.47,1558.53,8.94,0.5473
632419,2021,BOS,BAL,1614.29,1403.7,210.59,0.7942
632420,2021,LAA,OAK,1513.41,1589.44,-76.02,0.4257
632421,2021,TB,DET,1668.77,1568.98,99.79,0.671
632422,2021,HOU,ARI,1626.25,1464.59,161.66,0.7444
632432,2021,CIN,LAD,1554.87,1726.27,-171.4,0.2997
632433,2021,SF,ATL,1686.41,1637.7,48.71,0.6031
632434,2021,TEX,CWS,1478.65,1569.72,-91.06,0.4047
632438,2021,WSH,COL,1401.96,1596.57,-194.61,0.2725
632442,2021,SF,ATL,1673.33,1650.79,22.54,0.5666
632443,2021,STL,SD,1627.63,1510.63,117.01,0.6925
632444,2021,LAA,OAK,1506.57,1594.0,-87.43,0.4097
632446,2021,TOR,MIN,1675.7,1534.19,141.51,0.7217
632406,2021,TB,TOR,1657.49,1680.3,-22.81,0.5017
632408,2021,MIA,WSH,1483.27,1431.61,51.66,0.6072
632414,2021,NYY,TEX,1573.38,1461.94,111.43,0.6856
632415,2021,MIL,STL,1653.06,1630.87,22.19,0.5661
632423,2021,DET,CWS,1580.26,1580.86,-0.6,0.5336
632429,2021,PHI,BAL,1573.05,1397.1,175.95,0.7597
632435,2021,CIN,PIT,1548.7,1467.16,81.54,0.6474
632437,2021,CLE,KC,1600.33,1550.5,49.84,0.6047
633394,2021,CLE,KC,1583.38,1567.45,15.94,0.5572
632379,2021,MIA,WSH,1489.66,1423.1,66.56,0.6274
632391,2021,TB,TOR,1666.16,1671.63,-5.47,0.5266
632396,2021,NYY,TEX,1576.7,1456.97,119.73,0.6958
632397,2021,MIL,STL,1640.63,1643.3,-2.68,0.5306
632398,2021,CLE,KC,1573.66,1577.17,-3.51,0.5294
632402,2021,PHI,BAL,1560.68,1421.83,138.86,0.7186
632403,2021,CIN,PIT,1561.83,1454.02,107.81,0.6811
632404,2021,CHC,MIN,1476.47,1527.29,-50.82,0.4615
632405,2021,DET,CWS,1585.43,1575.69,9.75,0.5484
632410,2021,BOS,NYM,1617.59,1529.84,87.75,0.6555
632412,2021,OAK,SEA,1600.93,1575.5,25.43,0.5707
632424,2021,LAA,HOU,1496.18,1628.89,-132.71,0.3485
632426,2021,ARI,ATL,1460.63,1643.25,-182.62,0.2864
632377,2021,TB,TOR,1656.92,1680.86,-23.94,0.5001
632378,2021,SD,SF,1505.77,1680.87,-175.1,0.2953
632381,2021,NYY,TEX,1585.68,1443.49,142.19,0.7225
632382,2021,PHI,BAL,1563.62,1415.95,147.66,0.7287
632385,2021,MIA,WSH,1461.21,1461.02,0.19,0.5348
632386,2021,MIL,STL,1634.75,1649.18,-14.43,0.5138
632388,2021,CIN,PIT,1545.11,1479.1,66.01,0.6267
632389,2021,BOS,NYM,1624.94,1518.82,106.12,0.679
632393,2021,DET,CWS,1593.34,1567.79,25.55,0.5708
632399,2021,COL,LAD,1581.74,1732.44,-150.7,0.3253
632400,2021,CHC,MIN,1459.05,1544.72,-85.67,0.4122
632401,2021,OAK,SEA,1591.01,1585.41,5.6,0.5425
632409,2021,CLE,KC,1584.08,1566.75,17.33,0.5592
632418,2021,LAA,HOU,1477.27,1641.5,-164.23,0.3085
632428,2021,ARI,ATL,1447.43,1652.05,-204.61,0.2612
632365,2021,PHI,PIT,1566.44,1481.15,85.29,0.6523
632367,2021,MIL,STL,1616.8,1667.12,-50.32,0.4622
632368,2021,OAK,SEA,1579.01,1597.42,-18.41,0.508
632370,2021,SD,SF,1501.22,1683.9,-182.68,0.2863
632372,2021,CLE,CWS,1583.43,1568.56,14.87,0.5557
632374,2021,ARI,ATL,1433.73,1658.9,-225.17,0.239
632375,2021,MIN,TOR,1551.32,1665.47,-114.15,0.3731
632376,2021,COL,LAD,1578.37,1735.82,-157.45,0.3169
632383,2021,OAK,SEA,1573.42,1603.0,-29.58,0.492
632384,2021,SD,SF,1512.18,1676.59,-164.41,0.3083
632387,2021,CIN,WSH,1543.07,1475.12,67.95,0.6293
632390,2021,BAL,TEX,1410.32,1430.07,-19.75,0.5061
632392,2021,ARI,ATL,1458.0,1646.76,-188.76,0.2792
632394,2021,COL,LAD,1573.17,1741.02,-167.85,0.3041
632395,2021,LAA,HOU,1464.92,1649.73,-184.81,0.2838
633866,2021,CLE,CWS,1591.19,1560.8,30.38,0.5776
632339,2021,CHC,STL,1452.45,1677.15,-224.7,0.2395
632358,2021,TB,MIA,1672.32,1447.12,225.2,0.8076
632360,2021,PHI,PIT,1576.86,1465.52,111.34,0.6855
632361,2021,DET,KC,1592.56,1567.4,25.16,0.5703
632363,2021,CLE,CWS,1574.85,1577.14,-2.29,0.5312
632364,2021,CIN,WSH,1532.91,1485.28,47.63,0.6017
632369,2021,BAL,TEX,1432.03,1408.35,23.68,0.5682
632371,2021,LAA,HOU,1454.81,1656.47,-201.66,0.2645
632373,2021,BOS,NYY,1635.13,1592.39,42.73,0.5949
632335,2021,TB,MIA,1678.46,1434.84,243.61,0.8235
632338,2021,CIN,WSH,1539.4,1478.79,60.61,0.6194
632340,2021,ARI,LAD,1445.17,1722.48,-277.31,0.1887
632341,2021,PHI,PIT,1582.12,1457.62,124.5,0.7016
632342,2021,OAK,HOU,1562.65,1649.0,-86.34,0.4112
632343,2021,SD,ATL,1504.62,1655.32,-150.7,0.3253
632346,2021,MIL,NYM,1606.78,1503.53,103.25,0.6754
632347,2021,DET,KC,1582.65,1577.31,5.34,0.5421
632348,2021,CLE,CWS,1568.97,1583.02,-14.06,0.5143
632350,2021,MIN,TOR,1568.4,1648.38,-79.98,0.4201
632351,2021,CHC,STL,1445.22,1681.97,-236.75,0.2271
632352,2021,SD,ATL,1496.59,1660.67,-164.08,0.3087
632354,2021,BOS,NYY,1618.4,1609.12,9.28,0.5477
632355,2021,BAL,TEX,1407.09,1433.29,-26.2,0.4968
632356,2021,OAK,HOU,1568.94,1642.71,-73.78,0.4289
632357,2021,MIN,TOR,1556.78,1660.0,-103.22,0.3879
632359,2021,LAA,SEA,1466.02,1613.77,-147.75,0.3291
632362,2021,COL,SF,1591.71,1681.63,-89.93,0.4062
632366,2021,MIL,NYM,1610.22,1498.37,111.85,0.6861
633224,2021,ATL,SD,1668.07,1485.5,182.57,0.7666
633337,2021,CHC,STL,1436.12,1686.52,-250.39,0.2136
632290,2021,TB,MIA,1682.55,1426.66,255.88,0.8336
632324,2021,OAK,HOU,1591.62,1620.03,-28.42,0.4936
632325,2021,SD,ATL,1497.27,1660.22,-162.95,0.3101
632326,2021,DET,KC,1594.41,1565.55,28.86,0.5755
632327,2021,LAA,SEA,1460.89,1617.19,-156.3,0.3183
632328,2021,MIL,NYM,1617.91,1486.83,131.08,0.7094
632329,2021,PHI,PIT,1588.39,1448.23,140.16,0.7201
632330,2021,CLE,CWS,1583.99,1568.0,15.99,0.5573
632331,2021,COL,SF,1580.52,1692.82,-112.31,0.3756
632332,2021,CHC,STL,1422.64,1693.26,-270.62,0.1947
632333,2021,CIN,WSH,1545.56,1472.63,72.93,0.636
632334,2021,BAL,TEX,1418.12,1422.26,-4.14,0.5286
632336,2021,MIN,TOR,1567.06,1649.73,-82.67,0.4164
632337,2021,ARI,LAD,1439.27,1725.42,-286.15,0.1811
632344,2021,LAA,SEA,1449.41,1624.84,-175.44,0.2949
632345,2021,BOS,NYY,1608.81,1618.71,-9.9,0.5203
632349,2021,COL,SF,1571.31,1702.02,-130.71,0.3511
632353,2021,ARI,LAD,1432.17,1728.98,-296.81,0.1722
632388,2021,CIN,PIT,1563.14,1490.38,72.76,0.6358
632393,2021,DET,CWS,1588.11,1580.27,7.84,0.5457
632409,2021,CLE,KC,1571.72,1571.85,-0.13,0.5343
632288,2021,TOR,NYY,1658.63,1630.2,28.43,0.5749
632289,2021,MIN,DET,1558.15,1582.08,-23.93,0.5001
632311,2021,NYM,MIA,1476.24,1423.36,52.89,0.6089
632313,2021,PIT,CHC,1468.68,1416.54,52.14,0.6078
632314,2021,STL,MIL,1696.31,1624.97,71.33,0.6339
632317,2021,BAL,BOS,1394.72,1597.32,-202.6,0.2634
632319,2021,COL,WSH,1561.81,1455.05,106.77,0.6798
632320,2021,ATL,PHI,1663.42,1567.31,96.11,0.6663
632323,2021,SEA,OAK,1597.27,1597.16,0.11,0.5346
632666,2021,NYM,MIA,1488.95,1406.41,82.54,0.6487
632287,2021,PIT,CHC,1478.78,1403.08,75.7,0.6397
632296,2021,TOR,NYY,1642.36,1646.47,-4.11,0.5286
632300,2021,MIN,DET,1563.64,1576.6,-12.96,0.5159
632301,2021,STL,MIL,1705.44,1615.84,89.6,0.6579
632303,2021,NYM,MIA,1494.58,1398.9,95.68,0.6657
632306,2021,ATL,PHI,1666.96,1563.76,103.2,0.6753
632307,2021,SF,ARI,1711.52,1473.99,237.54,0.8184
632308,2021,TEX,LAA,1445.66,1504.56,-58.89,0.45
632309,2021,BAL,BOS,1418.43,1585.47,-167.04,0.305
632310,2021,COL,WSH,1554.62,1465.83,88.79,0.6569
632312,2021,SEA,OAK,1614.41,1580.02,34.4,0.5833
632315,2021,KC,CLE,1558.5,1585.07,-26.57,0.4963
632316,2021,HOU,TB,1614.49,1684.2,-69.71,0.4346
632318,2021,LAD,SD,1708.07,1492.47,215.6,0.7989
632321,2021,CWS,CIN,1586.3,1577.61,8.69,0.5469
632322,2021,COL,WSH,1564.08,1451.65,112.43,0.6868
632275,2021,TEX,LAA,1469.43,1486.73,-17.3,0.5096
632280,2021,TOR,NYY,1647.57,1641.25,6.32,0.5435
632281,2021,STL,MIL,1689.16,1632.12,57.04,0.6146
632283,2021,NYM,MIA,1483.97,1413.05,70.92,0.6333
632285,2021,MIN,DET,1574.31,1565.92,8.39,0.5465
632286,2021,PIT,CHC,1468.49,1416.79,51.7,0.6072
632292,2021,HOU,TB,1620.57,1678.12,-57.55,0.4519
632293,2021,ATL,PHI,1675.86,1554.87,120.98,0.6973
632294,2021,BAL,BOS,1400.77,1594.29,-193.52,0.2737
632295,2021,TEX,LAA,1477.52,1478.64,-1.12,0.5329
632297,2021,LAD,SD,1710.1,1489.42,220.68,0.8035
632298,2021,SF,ARI,1714.41,1469.67,244.74,0.8245
632299,2021,SEA,OAK,1621.63,1572.8,48.82,0.6033
632302,2021,KC,CLE,1567.25,1576.32,-9.07,0.5215
632304,2021,CWS,CIN,1600.35,1563.56,36.79,0.5866
632305,2021,HOU,TB,1626.49,1672.2,-45.71,0.4688
632250,2021,PIT,CIN,1435.7,1551.91,-116.2,0.3703
632261,2021,WSH,BOS,1443.79,1577.1,-133.31,0.3477
632268,2021,TOR,BAL,1633.62,1435.16,198.46,0.7826
632271,2021,MIA,PHI,1386.88,1549.83,-162.95,0.3101
632277,2021,ATL,NYM,1680.9,1503.6,177.3,0.7611
632278,2021,SF,ARI,1716.16,1467.04,249.12,0.8281
632282,2021,NYY,TB,1655.21,1687.48,-32.27,0.4881
632284,2021,KC,CLE,1580.91,1562.66,18.25,0.5605
632291,2021,LAD,SD,1713.24,1484.71,228.52,0.8106
632244,2021,WSH,BOS,1432.27,1582.87,-150.6,0.3255
632247,2021,TOR,BAL,1637.12,1428.14,208.98,0.7927
632248,2021,TEX,CLE,1454.62,1578.6,-123.98,0.36
632249,2021,HOU,OAK,1611.21,1565.98,45.23,0.5983
632251,2021,TEX,CLE,1443.28,1586.15,-142.87,0.3353
632256,2021,SF,SD,1717.87,1477.33,240.54,0.8209
632257,2021,STL,CHC,1693.33,1460.51,232.82,0.8143
632258,2021,PIT,CIN,1475.5,1532.01,-56.51,0.4534
632259,2021,NYY,TB,1649.87,1692.81,-42.94,0.4728
632262,2021,ATL,NYM,1673.09,1515.32,157.77,0.7401
632263,2021,MIA,PHI,1370.33,1562.24,-191.92,0.2756
632264,2021,KC,MIN,1564.97,1562.24,2.74,0.5384
632265,2021,CWS,DET,1612.01,1578.0,34.01,0.5827
632266,2021,STL,CHC,1685.16,1472.76,212.4,0.7959
632267,2021,SF,SD,1709.66,1489.64,220.02,0.8029
632270,2021,SEA,LAA,1628.45,1501.54,126.9,0.7045
632272,2021,KC,MIN,1551.13,1576.09,-24.96,0.4986
632273,2021,LAD,MIL,1718.16,1627.95,90.2,0.6587
632274,2021,CWS,DET,1616.57,1573.44,43.13,0.5954
632276,2021,ARI,COL,1464.47,1569.32,-104.85,0.3857
632279,2021,HOU,OAK,1623.47,1553.73,69.74,0.6317
632234,2021,WSH,BOS,1421.56,1588.22,-166.66,0.3055
632235,2021,TOR,BAL,1644.1,1414.19,229.91,0.8118
632236,2021,TEX,CLE,1479.07,1568.26,-89.19,0.4073
632237,2021,SEA,LAA,1621.06,1512.62,108.44,0.6819
632238,2021,STL,CHC,1687.22,1469.66,217.56,0.8007
632239,2021,NYY,TB,1632.08,1710.6,-78.52,0.4222
632240,2021,PIT,CIN,1489.55,1517.96,-28.4,0.4937
632241,2021,SF,SD,1713.64,1483.68,229.95,0.8118
632242,2021,LAD,MIL,1723.92,1622.19,101.73,0.6734
632243,2021,KC,MIN,1565.34,1561.87,3.47,0.5394
632245,2021,HOU,OAK,1612.7,1564.49,48.21,0.6025
632246,2021,MIA,PHI,1393.75,1550.53,-156.78,0.3177
632252,2021,CWS,DET,1629.77,1560.24,69.53,0.6314
632253,2021,ARI,COL,1454.76,1575.79,-121.02,0.3639
632254,2021,ATL,NYM,1675.78,1511.28,164.49,0.7474
632255,2021,SEA,LAA,1604.33,1537.72,66.6,0.6275
632260,2021,LAD,MIL,1734.31,1611.8,122.5,0.6992
632269,2021,ARI,COL,1464.79,1569.1,-104.31,0.3864
661333,2022,NYY,BOS,1592.64,1562.45,30.19,0.5774
661750,2022,MIN,SEA,1550.75,1574.16,-23.41,0.5009
662021,2022,STL,PIT,1620.03,1482.14,137.89,0.7175
662571,2022,WSH,NYM,1440.75,1500.79,-60.04,0.4483
662766,2022,KC,CLE,1534.49,1553.9,-19.41,0.5066
663178,2022,CHC,MIL,1487.79,1569.44,-81.64,0.4178
661042,2022,LAA,HOU,1518.89,1578.4,-59.51,0.4491
661131,2022,PHI,OAK,1529.12,1540.32,-11.2,0.5184
661333,2022,NYY,BOS,1591.79,1563.3,28.49,0.575
661576,2022,ATL,CIN,1622.28,1522.89,99.39,0.6705
661577,2022,ATL,CIN,1625.78,1517.65,108.13,0.6815
661750,2022,MIN,SEA,1550.74,1574.17,-23.43,0.5008
661782,2022,TOR,TEX,1600.56,1473.73,126.83,0.7044
661918,2022,TB,BAL,1636.96,1434.48,202.48,0.7865
662124,2022,SF,MIA,1646.93,1438.28,208.66,0.7924
662559,2022,WSH,NYM,1418.28,1517.65,-99.37,0.3932
662888,2022,DET,CWS,1549.46,1577.85,-28.39,0.4937
662933,2022,COL,LAD,1531.84,1662.46,-130.62,0.3512
663147,2022,CHC,MIL,1497.13,1563.21,-66.08,0.4397
663418,2022,ARI,SD,1498.1,1483.37,14.73,0.5555
661041,2022,LAA,HOU,1507.36,1586.09,-78.73,0.4219
661130,2022,PHI,OAK,1547.63,1521.81,25.82,0.5712
661332,2022,NYY,BOS,1596.45,1558.64,37.8,0.588
661575,2022,ATL,CIN,1611.37,1539.26,72.11,0.6349
661756,2022,MIN,SEA,1545.24,1579.66,-34.42,0.485
661803,2022,TOR,TEX,1605.47,1466.36,139.11,0.7189
661917,2022,TB,BAL,1639.13,1430.14,208.98,0.7927
662020,2022,STL,PIT,1629.82,1467.44,162.38,0.7451
662123,2022,SF,MIA,1649.04,1434.07,214.97,0.7983
662588,2022,WSH,NYM,1398.9,1532.18,-133.28,0.3477
662765,2022,KC,CLE,1547.38,1545.3,2.08,0.5375
662864,2022,DET,CWS,1557.77,1572.3,-14.53,0.5136
663205,2022,CHC,MIL,1498.11,1562.56,-64.45,0.442
663417,2022,ARI,SD,1509.74,1471.73,38.01,0.5883
661039,2022,LAA,HOU,1487.03,1599.64,-112.61,0.3752
661040,2022,LAA,HOU,1475.16,1607.56,-132.4,0.3489
661129,2022,PHI,OAK,1558.8,1510.64,48.17,0.6024
661316,2022,NYY,BOS,1603.57,1551.53,52.04,0.6077
661573,2022,ATL,CIN,1615.29,1533.38,81.91,0.6479
661738,2022,MIN,SEA,1537.3,1584.96,-47.66,0.466
661802,2022,TOR,TEX,1608.41,1461.96,146.44,0.7273
661916,2022,TB,BAL,1642.46,1423.49,218.97,0.802
662019,2022,STL,PIT,1635.93,1458.28,177.66,0.7615
662122,2022,SF,MIA,1640.97,1450.2,190.77,0.7749
662570,2022,WSH,NYM,1380.1,1546.28,-166.17,0.3061
662755,2022,KC,CLE,1555.07,1537.61,17.45,0.5594
662887,2022,DET,CWS,1546.45,1583.62,-37.17,0.4811
662931,2022,COL,LAD,1523.1,1668.29,-145.19,0.3323
662934,2022,COL,LAD,1533.52,1661.34,-127.82,0.3549
663204,2022,CHC,MIL,1528.06,1542.59,-14.53,0.5136
663395,2022,ARI,SD,1490.5,1490.97,-0.47,0.5338
663404,2022,ARI,SD,1467.55,1513.92,-46.37,0.4679
661315,2022,NYY,TOR,1596.98,1587.17,9.81,0.5485
661572,2022,ATL,WSH,1601.44,1402.79,198.65,0.7827
661637,2022,PHI,NYM,1545.73,1529.27,16.46,0.558
661754,2022,MIN,SEA,1561.71,1568.68,-6.98,0.5245
661915,2022,TB,OAK,1648.79,1530.25,118.54,0.6943
662018,2022,STL,PIT,1615.73,1488.57,127.16,0.7048
662042,2022,TEX,COL,1493.81,1559.74,-65.93,0.44
662754,2022,KC,CLE,1531.02,1573.68,-42.66,0.4732
662863,2022,DET,BOS,1520.31,1558.11,-37.8,0.4802
663403,2022,BAL,MIL,1410.82,1551.08,-140.25,0.3387
661036,2022,LAA,MIA,1491.35,1446.76,44.59,0.5975
661038,2022,LAA,MIA,1506.59,1426.44,80.15,0.6456
661314,2022,NYY,TOR,1584.87,1599.29,-14.42,0.5138
661538,2022,CWS,SEA,1601.05,1556.48,44.57,0.5974
661571,2022,ATL,WSH,1574.99,1455.68,119.31,0.6953
661636,2022,PHI,NYM,1553.03,1521.97,31.06,0.5786
661753,2022,MIN,LAD,1573.91,1643.86,-69.95,0.4343
661944,2022,TB,OAK,1622.59,1569.54,53.05,0.6091
662017,2022,STL,KC,1613.59,1515.58,98.01,0.6687
662116,2022,SF,SD,1643.27,1529.17,114.1,0.6889
662318,2022,PIT,CHC,1491.79,1519.57,-27.78,0.4946
662862,2022,DET,BOS,1533.79,1549.13,-15.34,0.5125
663088,2022,CIN,CLE,1554.16,1583.98,-29.82,0.4916
663295,2022,BAL,MIL,1432.68,1540.15,-107.47,0.3821
661313,2022,NYY,TOR,1597.31,1586.85,10.46,0.5494
661530,2022,CWS,SEA,1605.43,1552.1,53.32,0.6095
661570,2022,ATL,WSH,1586.85,1437.89,148.96,0.7302
661643,2022,PHI,NYM,1543.0,1537.01,5.99,0.543
661734,2022,MIN,LAD,1561.85,1655.93,-94.08,0.4005
661943,2022,TB,OAK,1626.83,1565.31,61.52,0.6206
661995,2022,TEX,COL,1482.55,1567.24,-84.7,0.4135
662009,2022,STL,KC,1617.1,1510.3,106.8,0.6798
662104,2022,SF,SD,1631.76,1546.43,85.32,0.6523
662115,2022,SF,SD,1645.06,1526.47,118.59,0.6944
662317,2022,PIT,CHC,1483.67,1527.7,-44.03,0.4712
662885,2022,DET,BOS,1520.37,1562.54,-42.18,0.4739
663117,2022,CIN,CLE,1540.26,1597.89,-57.63,0.4518
663341,2022,ARI,HOU,1452.31,1596.76,-144.45,0.3333
663411,2022,ARI,HOU,1462.71,1589.82,-127.11,0.3558
663433,2022,BAL,MIL,1424.6,1546.21,-121.61,0.3631
661292,2022,MIL,STL,1555.28,1615.2,-59.92,0.4485
661312,2022,NYY,TOR,1587.7,1596.46,-8.76,0.5219
661418,2022,MIA,PHI,1418.85,1524.98,-106.13,0.384
661529,2022,CWS,SEA,1612.13,1545.4,66.73,0.6277
661942,2022,TB,OAK,1616.21,1575.92,40.29,0.5915
662307,2022,PIT,WSH,1503.69,1461.93,41.76,0.5935
661417,2022,MIA,PHI,1431.89,1515.2,-83.32,0.4155
661528,2022,CWS,TB,1596.44,1603.33,-6.89,0.5246
661792,2022,TOR,OAK,1585.9,1588.8,-2.91,0.5303
661993,2022,TEX,LAA,1469.3,1512.28,-42.98,0.4727
662237,2022,SD,ATL,1521.65,1574.83,-53.18,0.4581
662291,2022,PIT,WSH,1520.85,1444.78,76.07,0.6402
662485,2022,NYM,ARI,1555.03,1457.12,97.91,0.6686
662627,2022,LAD,CIN,1668.71,1523.25,145.45,0.7262
662702,2022,KC,DET,1513.16,1508.11,5.05,0.5417
662950,2022,COL,CHC,1576.08,1507.67,68.4,0.6299
663136,2022,CLE,SF,1609.22,1648.28,-39.06,0.4783
663265,2022,BOS,MIN,1570.72,1549.07,21.65,0.5653
663357,2022,BAL,NYY,1412.5,1598.26,-185.76,0.2827
661267,2022,MIL,STL,1569.11,1601.38,-32.27,0.4881
661335,2022,MIL,STL,1551.39,1619.1,-67.71,0.4374
661416,2022,MIA,PHI,1466.96,1488.9,-21.94,0.503
661527,2022,CWS,TB,1601.7,1598.07,3.62,0.5397
661759,2022,TOR,OAK,1596.3,1578.4,17.9,0.56
661981,2022,TEX,LAA,1491.54,1490.04,1.5,0.5366
662014,2022,TEX,LAA,1468.48,1513.1,-44.62,0.4704
662192,2022,SEA,HOU,1568.93,1593.55,-24.62,0.4991
662235,2022,SD,ATL,1553.21,1553.79,-0.59,0.5336
662236,2022,SD,ATL,1541.37,1565.63,-24.26,0.4996
662290,2022,PIT,WSH,1494.24,1480.26,13.98,0.5544
662620,2022,LAD,CIN,1676.7,1511.26,165.44,0.7485
662626,2022,NYM,ARI,1565.59,1441.28,124.3,0.7013
662701,2022,KC,DET,1498.91,1522.36,-23.45,0.5008
662798,2022,KC,DET,1490.66,1530.6,-39.94,0.4771
662960,2022,COL,CHC,1562.53,1528.0,34.52,0.5834
663076,2022,CLE,SF,1598.8,1658.7,-59.91,0.4485
663238,2022,BOS,MIN,1556.3,1570.69,-14.39,0.5138
663266,2022,BAL,NYY,1427.17,1590.92,-163.75,0.3091
661226,2022,MIL,STL,1546.68,1623.81,-77.13,0.4241
661415,2022,MIA,PHI,1442.1,1513.75,-71.65,0.4319
661462,2022,CWS,TB,1606.79,1592.98,13.82,0.5542
661804,2022,TOR,OAK,1586.54,1588.16,-1.63,0.5322
662038,2022,TEX,LAA,1453.14,1528.44,-75.3,0.4267
662174,2022,SEA,HOU,1587.94,1574.55,13.39,0.5536
662206,2022,SEA,HOU,1600.66,1561.83,38.83,0.5894
662234,2022,SD,ATL,1524.93,1576.59,-51.66,0.4603
662294,2022,PIT,WSH,1505.91,1468.58,37.33,0.5874
662618,2022,LAD,CIN,1680.81,1505.09,175.72,0.7595
662619,2022,LAD,CIN,1688.64,1493.34,195.3,0.7794
662625,2022,NYM,ARI,1558.22,1456.01,102.22,0.6741
662700,2022,KC,DET,1504.2,1517.06,-12.86,0.516
662930,2022,COL,CHC,1567.07,1521.18,45.9,0.5993
662966,2022,COL,CHC,1556.76,1536.66,20.1,0.5631
663132,2022,CLE,SF,1591.12,1666.38,-75.26,0.4268
663308,2022,BOS,MIN,1568.74,1558.26,10.48,0.5495
663365,2022,BAL,NYY,1414.41,1597.3,-182.89,0.286
661242,2022,MIL,PIT,1555.94,1516.61,39.32,0.5901
662587,2022,WSH,ARI,1457.88,1442.61,15.27,0.5563
662616,2022,NYM,SF,1567.15,1680.11,-112.95,0.3747
663087,2022,CLE,CWS,1577.39,1589.65,-12.25,0.5169
663197,2022,CHC,TB,1522.25,1610.12,-87.87,0.4091
663236,2022,BOS,MIN,1583.66,1543.34,40.32,0.5915
661211,2022,MIL,PIT,1567.48,1499.3,68.18,0.6296
661405,2022,MIA,STL,1480.79,1617.64,-136.84,0.3431
662233,2022,SD,CIN,1533.7,1486.6,47.1,0.6009
662350,2022,NYM,SF,1568.48,1678.79,-110.31,0.3783
662407,2022,OAK,BAL,1582.98,1452.21,130.77,0.7091
662583,2022,WSH,ARI,1456.96,1443.85,13.1,0.5532
662587,2022,WSH,ARI,1464.34,1434.0,30.34,0.5776
662616,2022,NYM,SF,1575.04,1672.22,-97.18,0.3962
662617,2022,LAD,ATL,1693.14,1570.74,122.4,0.699
662896,2022,DET,NYY,1517.33,1578.41,-61.08,0.4468
662928,2022,HOU,LAA,1576.74,1546.18,30.56,0.5779
662929,2022,COL,PHI,1566.36,1484.74,81.62,0.6475
663075,2022,CLE,CWS,1577.21,1589.83,-12.63,0.5164
663196,2022,CHC,TB,1537.23,1600.14,-62.9,0.4442
663249,2022,BOS,TOR,1567.01,1591.72,-24.72,0.499
661203,2022,MIL,PIT,1575.45,1487.34,88.1,0.656
661404,2022,MIA,STL,1468.31,1625.95,-157.64,0.3166
662161,2022,SEA,TEX,1585.74,1435.4,150.34,0.7318
662231,2022,SD,CIN,1546.7,1473.6,73.1,0.6362
662232,2022,SD,CIN,1563.15,1457.16,105.99,0.6788
662349,2022,NYM,SF,1585.21,1662.06,-76.85,0.4245
662392,2022,OAK,BAL,1590.05,1441.6,148.45,0.7296
662406,2022,OAK,BAL,1582.47,1456.76,125.71,0.703
662560,2022,WSH,ARI,1482.26,1410.11,72.15,0.6349
662717,2022,LAD,ATL,1699.46,1564.42,135.04,0.7141
662734,2022,LAD,ATL,1687.63,1576.24,111.39,0.6855
662753,2022,KC,MIN,1503.94,1568.32,-64.38,0.4422
662861,2022,DET,NYY,1505.86,1586.05,-80.19,0.4198
662924,2022,COL,PHI,1573.9,1473.43,100.47,0.6718
662925,2022,COL,PHI,1559.65,1494.81,64.84,0.6251
662926,2022,HOU,LAA,1588.68,1528.28,60.4,0.6191
662927,2022,HOU,LAA,1569.92,1556.42,13.5,0.5538
663075,2022,CLE,CWS,1577.03,1590.01,-12.99,0.5158
663094,2022,CLE,CWS,1582.36,1584.68,-2.31,0.5312
663146,2022,CHC,TB,1530.05,1604.93,-74.88,0.4273
663247,2022,BOS,TOR,1572.5,1586.23,-13.73,0.5148
661391,2022,MIA,STL,1460.52,1631.15,-170.62,0.3007
662178,2022,SEA,TEX,1592.21,1422.47,169.74,0.7531
662391,2022,OAK,BAL,1585.59,1452.09,133.5,0.7123
662558,2022,WSH,ARI,1448.29,1455.41,-7.12,0.5243
662593,2022,NYM,SF,1576.11,1671.16,-95.05,0.3992
662703,2022,KC,MIN,1512.96,1562.31,-49.35,0.4636
662742,2022,KC,MIN,1526.79,1553.08,-26.29,0.4967
662850,2022,DET,NYY,1495.18,1593.17,-97.99,0.3951
663093,2022,CLE,CWS,1600.33,1566.71,33.63,0.5822
663145,2022,CHC,PIT,1510.75,1478.62,32.13,0.5801
663225,2022,BOS,TOR,1557.83,1600.89,-43.06,0.4726
661311,2022,NYY,CLE,1580.32,1609.46,-29.14,0.4926
661569,2022,ATL,MIA,1568.54,1488.43,80.1,0.6455
661621,2022,PHI,MIL,1488.75,1581.26,-92.51,0.4027
661914,2022,TB,BOS,1617.79,1552.69,65.1,0.6255
662177,2022,SEA,TEX,1596.24,1414.41,181.83,0.7658
662557,2022,WSH,SF,1436.7,1656.32,-219.63,0.2449
662849,2022,DET,COL,1514.45,1563.68,-49.24,0.4637
663169,2022,CIN,STL,1445.32,1612.54,-167.22,0.3048
661037,2022,LAA,BAL,1572.2,1444.94,127.26,0.7049
661310,2022,NYY,CLE,1591.43,1598.35,-6.92,0.5246
661568,2022,ATL,MIA,1576.12,1477.05,99.07,0.6701
661620,2022,PHI,MIL,1503.86,1571.19,-67.32,0.438
661752,2022,MIN,CWS,1558.53,1557.58,0.95,0.5358
661755,2022,MIN,CWS,1573.96,1542.14,31.82,0.5796
661941,2022,TB,BOS,1611.05,1559.43,51.62,0.6071
662175,2022,SEA,KC,1583.8,1518.62,65.18,0.6256
662230,2022,SD,LAD,1571.04,1695.34,-124.3,0.3595
662389,2022,OAK,TEX,1590.35,1439.28,151.08,0.7326
662390,2022,OAK,TEX,1578.3,1463.38,114.93,0.6899
662549,2022,WSH,SF,1422.83,1663.26,-240.42,0.2234
662848,2022,DET,COL,1515.04,1563.29,-48.25,0.4652
662849,2022,DET,COL,1548.19,1541.19,7.0,0.5445
662875,2022,HOU,TOR,1554.14,1606.03,-51.89,0.4599
662922,2022,HOU,TOR,1549.16,1611.02,-61.86,0.4457
663100,2022,CIN,STL,1435.36,1617.52,-182.16,0.2869
663144,2022,CHC,PIT,1501.24,1488.13,13.1,0.5532
663195,2022,CHC,PIT,1534.19,1455.18,79.0,0.644
663394,2022,ARI,NYM,1464.1,1590.94,-126.84,0.3562
661033,2022,LAA,BAL,1560.48,1468.36,92.12,0.6612
661035,2022,LAA,BAL,1564.09,1462.95,101.14,0.6727
661317,2022,NYY,CLE,1596.69,1593.1,3.59,0.5396
661590,2022,ATL,MIA,1564.85,1493.96,70.9,0.6333
661640,2022,PHI,MIL,1492.66,1578.66,-86.0,0.4117
661781,2022,MIN,CWS,1578.56,1535.25,43.31,0.5957
661931,2022,TB,BOS,1615.31,1555.17,60.14,0.6188
662188,2022,SEA,KC,1591.87,1506.52,85.34,0.6524
662191,2022,SEA,KC,1595.58,1500.96,94.62,0.6644
662274,2022,SD,LAD,1561.28,1705.1,-143.82,0.3341
662276,2022,SD,LAD,1550.26,1716.12,-165.87,0.3065
662388,2022,OAK,TEX,1556.49,1496.1,60.39,0.6191
662539,2022,WSH,SF,1413.9,1667.72,-253.83,0.2103
662853,2022,DET,COL,1539.16,1550.22,-11.06,0.5186
662921,2022,HOU,TOR,1541.94,1615.82,-73.88,0.4287
663111,2022,CIN,STL,1420.17,1625.12,-204.95,0.2608
663166,2022,CHC,PIT,1517.8,1471.58,46.22,0.5997
663361,2022,ARI,NYM,1458.5,1594.67,-136.17,0.344
663384,2022,ARI,NYM,1445.99,1603.01,-157.03,0.3174
661210,2022,MIL,SF,1583.05,1674.67,-91.62,0.4039
661639,2022,PHI,COL,1486.07,1563.51,-77.44,0.4237
661760,2022,TOR,BOS,1609.69,1546.94,62.75,0.6223
662008,2022,STL,NYM,1610.12,1588.88,21.24,0.5647
661034,2022,LAA,CLE,1556.96,1576.94,-19.98,0.5058
661309,2022,NYY,BAL,1612.85,1473.65,139.2,0.719
661536,2022,CWS,KC,1524.79,1485.93,38.87,0.5895
661567,2022,PHI,COL,1512.07,1546.18,-34.11,0.4855
661589,2022,ATL,CHC,1558.05,1508.02,50.02,0.6049
661733,2022,MIN,DET,1585.53,1519.23,66.3,0.6271
661758,2022,TOR,BOS,1619.15,1532.76,86.39,0.6537
661929,2022,TB,SEA,1623.54,1605.6,17.95,0.5601
661979,2022,TEX,HOU,1486.32,1551.14,-64.82,0.4415
662007,2022,STL,NYM,1597.71,1601.29,-3.58,0.5294
662297,2022,PIT,MIL,1481.35,1576.23,-94.89,0.3994
662540,2022,WSH,MIA,1400.0,1504.16,-104.16,0.3866
663079,2022,CIN,SD,1450.17,1557.41,-107.24,0.3824
663382,2022,ARI,LAD,1474.25,1708.97,-234.72,0.2292
661032,2022,LAA,CLE,1567.82,1566.07,1.75,0.537
661306,2022,NYY,BAL,1619.65,1463.44,156.21,0.7383
661533,2022,CWS,KC,1497.74,1512.98,-15.24,0.5126
661552,2022,ATL,CHC,1564.84,1497.84,67.0,0.628
661638,2022,PHI,COL,1537.35,1520.89,16.46,0.558
661739,2022,MIN,DET,1589.54,1513.2,76.34,0.6405
661757,2022,TOR,BOS,1622.85,1527.22,95.63,0.6657
661909,2022,TB,SEA,1609.24,1619.9,-10.67,0.5192
661980,2022,TEX,HOU,1507.28,1537.17,-29.89,0.4915
662048,2022,STL,NYM,1585.99,1613.01,-27.02,0.4957
662086,2022,SF,OAK,1681.49,1563.01,118.48,0.6943
662289,2022,PIT,MIL,1466.56,1586.09,-119.54,0.3659
662546,2022,WSH,MIA,1383.63,1516.45,-132.82,0.3483
663148,2022,CIN,SD,1438.03,1565.5,-127.46,0.3554
663383,2022,ARI,LAD,1466.25,1714.3,-248.05,0.2159
663393,2022,ARI,LAD,1484.83,1701.92,-217.08,0.2476
661305,2022,NYY,BAL,1625.07,1455.31,169.76,0.7531
661532,2022,CWS,KC,1516.44,1494.29,22.15,0.566
661551,2022,ATL,CHC,1551.32,1518.12,33.2,0.5816
661641,2022,PHI,COL,1554.3,1503.94,50.36,0.6054
661729,2022,MIN,DET,1599.5,1498.26,101.24,0.6728
661827,2022,TOR,BOS,1602.98,1557.01,45.98,0.5994
661908,2022,TB,SEA,1614.54,1614.6,-0.05,0.5344
661912,2022,TEX,HOU,1488.55,1555.9,-67.35,0.4379
661964,2022,TEX,HOU,1481.48,1560.61,-79.14,0.4213
662047,2022,STL,ARI,1600.27,1502.89,97.38,0.6679
662066,2022,SF,OAK,1690.52,1553.97,136.55,0.7159
662295,2022,PIT,MIL,1457.41,1592.19,-134.78,0.3458
662538,2022,WSH,MIA,1376.34,1521.91,-145.57,0.3319
663078,2022,CIN,SD,1423.13,1572.95,-149.81,0.3265
663432,2022,LAA,CLE,1578.08,1555.81,22.27,0.5662
663439,2022,LAA,CLE,1587.61,1546.29,41.32,0.5929
661390,2022,MIA,SEA,1527.09,1609.43,-82.34,0.4168
661535,2022,CWS,LAA,1497.79,1597.9,-100.11,0.3922
661826,2022,TOR,HOU,1607.34,1565.12,42.21,0.5942
661907,2022,TB,MIN,1619.71,1609.24,10.47,0.5494
662296,2022,PIT,SD,1451.99,1578.32,-126.33,0.3568
662592,2022,NYM,PHI,1598.73,1566.31,32.42,0.5805
663337,2022,BAL,BOS,1445.46,1552.66,-107.2,0.3825
661208,2022,MIL,CHC,1595.81,1502.2,93.61,0.6631
661209,2022,MIL,CHC,1607.17,1485.15,122.01,0.6986
661389,2022,MIA,SEA,1541.91,1599.55,-57.64,0.4517
661534,2022,CWS,LAA,1483.3,1607.56,-124.25,0.3596
661825,2022,TOR,HOU,1592.32,1580.13,12.19,0.5519
661901,2022,TEX,ATL,1474.71,1561.93,-87.22,0.41
661906,2022,TB,MIN,1632.56,1596.39,36.18,0.5857
661911,2022,TEX,ATL,1489.67,1551.96,-62.28,0.4451
662036,2022,STL,ARI,1609.39,1489.21,120.18,0.6963
662037,2022,STL,ARI,1597.78,1506.62,91.16,0.6599
662081,2022,SF,WSH,1683.04,1369.44,313.61,0.8747
662084,2022,SF,WSH,1653.67,1428.18,225.49,0.8079
662288,2022,PIT,SD,1438.95,1587.01,-148.06,0.3287
662393,2022,OAK,CLE,1561.45,1530.85,30.6,0.5779
662405,2022,OAK,CLE,1551.43,1545.88,5.55,0.5424
662591,2022,NYM,PHI,1607.9,1557.14,50.76,0.606
662699,2022,LAD,DET,1689.88,1483.66,206.22,0.7901
662741,2022,KC,NYY,1512.93,1631.64,-118.71,0.367
662797,2022,KC,NYY,1492.89,1645.0,-152.11,0.3236
663009,2022,COL,CIN,1485.93,1412.39,73.54,0.6368
663364,2022,BAL,BOS,1432.64,1559.07,-126.43,0.3567
661216,2022,MIL,CHC,1618.13,1468.72,149.41,0.7307
661365,2022,MIA,SEA,1556.0,1590.16,-34.16,0.4854
661531,2022,CWS,LAA,1506.72,1591.95,-85.23,0.4128
661824,2022,TOR,HOU,1597.27,1575.19,22.07,0.5659
661905,2022,TB,MIN,1612.3,1616.65,-4.34,0.5283
661935,2022,TEX,ATL,1475.27,1561.56,-86.29,0.4113
661988,2022,STL,ARI,1581.47,1531.1,50.37,0.6054
662106,2022,SF,WSH,1659.1,1417.33,241.77,0.822
662293,2022,PIT,SD,1452.9,1580.03,-127.13,0.3558
662397,2022,OAK,CLE,1545.43,1554.88,-9.45,0.5209
662579,2022,NYM,PHI,1594.76,1570.28,24.48,0.5693
662691,2022,KC,NYY,1482.82,1651.71,-168.89,0.3028
662698,2022,LAD,DET,1694.82,1476.24,218.58,0.8016
662716,2022,LAD,DET,1676.04,1504.41,171.64,0.7551
663007,2022,COL,CIN,1502.34,1390.5,111.84,0.6861
663008,2022,COL,CIN,1518.85,1368.49,150.35,0.7318
663363,2022,BAL,BOS,1446.13,1552.32,-106.19,0.3839
661362,2022,MIA,ARI,1543.69,1520.93,22.76,0.5669
661526,2022,CWS,LAA,1500.11,1596.36,-96.25,0.3975
661823,2022,TOR,NYY,1602.03,1656.66,-54.62,0.456
662009,2022,STL,KC,1588.25,1475.41,112.84,0.6873
662578,2022,NYM,ATL,1605.73,1546.97,58.76,0.6169
663362,2022,BAL,MIN,1476.4,1633.06,-156.66,0.3179
661200,2022,MIL,CIN,1606.1,1362.92,243.17,0.8232
661364,2022,MIA,ARI,1534.36,1530.26,4.09,0.5403
661635,2022,PHI,TEX,1559.31,1497.15,62.16,0.6215
661796,2022,TOR,NYY,1597.1,1661.59,-64.49,0.442
662387,2022,OAK,TB,1525.39,1595.89,-70.5,0.4335
662459,2022,NYM,ATL,1592.4,1566.96,25.44,0.5707
662569,2022,NYM,ATL,1601.82,1557.55,44.27,0.597
662839,2022,DET,PIT,1496.85,1441.71,55.14,0.612
662920,2022,HOU,SEA,1570.43,1602.47,-32.04,0.4884
663068,2022,CLE,SD,1568.24,1587.5,-19.26,0.5068
663165,2022,CHC,CWS,1486.76,1519.31,-32.55,0.4877
663237,2022,BOS,LAA,1537.19,1583.55,-46.37,0.4679
663463,2022,BAL,MIN,1471.46,1636.35,-164.89,0.3077
661197,2022,MIL,CIN,1609.63,1355.86,253.77,0.8319
661363,2022,MIA,ARI,1525.38,1539.24,-13.85,0.5146
661634,2022,PHI,TEX,1548.69,1513.09,35.59,0.5849
661795,2022,TOR,NYY,1582.0,1676.69,-94.68,0.3997
662382,2022,OAK,TB,1507.33,1607.93,-100.6,0.3915
662386,2022,OAK,TB,1494.87,1616.23,-121.36,0.3634
662577,2022,NYM,ATL,1606.2,1553.17,53.03,0.6091
662690,2022,KC,STL,1470.46,1591.55,-121.09,0.3638
662708,2022,LAD,SF,1681.08,1636.04,45.04,0.5981
662739,2022,KC,STL,1498.62,1572.77,-74.15,0.4283
662835,2022,HOU,SEA,1581.61,1591.28,-9.67,0.5206
662838,2022,DET,PIT,1495.03,1444.14,50.9,0.6061
662839,2022,DET,PIT,1501.44,1435.6,65.84,0.6265
662919,2022,HOU,SEA,1595.29,1577.6,17.69,0.5597
662994,2022,COL,WSH,1523.02,1463.45,59.58,0.618
663067,2022,CLE,SD,1568.16,1587.57,-19.41,0.5066
663068,2022,CLE,SD,1562.6,1593.14,-30.54,0.4906
663164,2022,CHC,CWS,1474.09,1531.98,-57.9,0.4514
663248,2022,BOS,LAA,1557.32,1570.13,-12.82,0.5161
663462,2022,BAL,MIN,1459.15,1644.56,-185.4,0.2831
661204,2022,MIL,CIN,1616.16,1342.8,273.36,0.8471
661341,2022,BAL,MIN,1487.59,1625.6,-138.02,0.3416
661619,2022,PHI,NYM,1539.11,1586.41,-47.3,0.4665
662707,2022,LAD,SF,1688.01,1629.11,58.89,0.6171
662993,2022,COL,WSH,1491.29,1495.18,-3.88,0.5289
663013,2022,COL,WSH,1506.94,1479.53,27.41,0.5734
663066,2022,CLE,TOR,1568.17,1588.39,-20.22,0.5054
663227,2022,BOS,LAA,1542.61,1584.84,-42.24,0.4738
661304,2022,NYY,TEX,1670.3,1522.67,147.64,0.7287
661345,2022,BAL,KC,1503.92,1474.78,29.15,0.5759
661541,2022,ATL,MIL,1572.96,1620.06,-47.1,0.4668
661628,2022,PHI,NYM,1531.51,1591.47,-59.96,0.4484
662105,2022,SF,STL,1616.0,1588.67,27.33,0.5733
662189,2022,SEA,TB,1566.35,1623.87,-57.52,0.4519
662262,2022,SD,MIA,1587.57,1516.88,70.69,0.633
662816,2022,HOU,DET,1606.54,1475.28,131.26,0.7097
663057,2022,CLE,TOR,1573.6,1582.95,-9.35,0.5211
663071,2022,CIN,PIT,1335.0,1470.47,-135.48,0.3449
663142,2022,CHC,LAD,1466.77,1701.12,-234.34,0.2296
663224,2022,BOS,CWS,1518.09,1539.3,-21.21,0.504
661303,2022,NYY,TEX,1667.93,1526.23,141.7,0.7219
661349,2022,BAL,KC,1502.68,1476.02,26.65,0.5724
661540,2022,ATL,MIL,1562.82,1630.2,-67.38,0.4379
661627,2022,PHI,NYM,1532.35,1590.92,-58.57,0.4504
661701,2022,MIN,OAK,1614.71,1483.41,131.3,0.7097
661775,2022,MIN,OAK,1617.75,1478.86,138.89,0.7186
662102,2022,SF,STL,1598.37,1606.3,-7.93,0.5231
662103,2022,SF,STL,1613.17,1591.51,21.66,0.5653
662187,2022,SEA,TB,1561.47,1628.76,-67.29,0.438
662272,2022,SD,MIA,1591.51,1510.96,80.55,0.6461
662796,2022,HOU,DET,1609.58,1470.72,138.86,0.7186
662815,2022,HOU,DET,1612.52,1466.32,146.2,0.7271
663056,2022,CLE,TOR,1573.37,1583.18,-9.81,0.5204
663057,2022,CLE,TOR,1558.52,1598.04,-39.52,0.4777
663070,2022,CIN,PIT,1338.24,1468.04,-129.8,0.3523
663089,2022,CIN,PIT,1323.48,1479.11,-155.63,0.3191
663142,2022,CHC,LAD,1470.84,1698.41,-227.57,0.2365
663162,2022,CHC,LAD,1462.56,1703.93,-241.37,0.2225
663226,2022,BOS,CWS,1504.93,1552.46,-47.53,0.4662
663360,2022,ARI,COL,1547.74,1518.05,29.69,0.5767
663431,2022,LAA,WSH,1601.18,1468.42,132.76,0.7114
661302,2022,NYY,TEX,1665.61,1529.7,135.92,0.7152
661304,2022,NYY,TEX,1668.59,1525.24,143.35,0.7238
661307,2022,BAL,KC,1501.49,1477.21,24.27,0.569
661345,2022,BAL,KC,1486.65,1492.05,-5.4,0.5267
661550,2022,ATL,MIL,1568.87,1624.15,-55.28,0.4551
661626,2022,PHI,NYM,1533.15,1590.38,-57.23,0.4523
661627,2022,PHI,NYM,1542.03,1584.46,-42.43,0.4735
661700,2022,MIN,OAK,1620.68,1474.45,146.23,0.7271
662098,2022,SF,STL,1606.96,1597.72,9.24,0.5477
662159,2022,SEA,TB,1556.76,1633.47,-76.72,0.4247
662160,2022,SEA,TB,1543.98,1646.25,-102.27,0.3892
662260,2022,SD,MIA,1595.3,1505.28,90.02,0.6584
662261,2022,SD,MIA,1598.94,1499.82,99.11,0.6701
662795,2022,HOU,DET,1615.35,1462.06,153.29,0.7351
663069,2022,CIN,PIT,1365.8,1447.38,-81.58,0.4179
663086,2022,CLE,TOR,1574.49,1582.06,-7.57,0.5236
663161,2022,CHC,LAD,1452.55,1710.6,-258.04,0.2063
663278,2022,BOS,CWS,1492.9,1560.48,-67.59,0.4376
663359,2022,ARI,COL,1561.64,1504.15,57.49,0.6152
663368,2022,ARI,COL,1548.34,1524.1,24.25,0.569
663429,2022,LAA,WSH,1607.22,1459.37,147.85,0.7289
663430,2022,LAA,WSH,1610.04,1455.14,154.89,0.7369
661303,2022,NYY,TEX,1656.65,1543.15,113.49,0.6881
661349,2022,BAL,KC,1499.09,1479.6,19.49,0.5623
662287,2022,PIT,LAD,1418.47,1716.35,-297.88,0.1713
662837,2022,DET,OAK,1451.41,1470.2,-18.79,0.5075
663101,2022,CIN,MIL,1394.7,1606.46,-211.76,0.2533
661301,2022,NYY,TOR,1659.93,1576.8,83.14,0.6495
661525,2022,CWS,CLE,1565.19,1579.76,-14.56,0.5136
661549,2022,ATL,BOS,1586.55,1485.84,100.72,0.6722
661696,2022,MIN,HOU,1623.52,1622.45,1.07,0.536
661987,2022,STL,BAL,1592.72,1517.75,74.97,0.6387
662097,2022,SF,COL,1611.95,1507.63,104.32,0.6767
662158,2022,SEA,PHI,1553.69,1522.05,31.63,0.5794
662259,2022,SD,CHC,1576.39,1443.93,132.46,0.7111
662292,2022,PIT,LAD,1456.06,1697.55,-241.49,0.2224
662412,2022,OAK,DET,1483.47,1438.14,45.32,0.5985
662537,2022,WSH,NYM,1481.73,1597.78,-116.05,0.3706
662855,2022,DET,OAK,1474.66,1456.08,18.58,0.561
663090,2022,CIN,MIL,1433.76,1586.94,-153.18,0.3222
663366,2022,ARI,MIA,1564.81,1533.64,31.17,0.5787
663438,2022,LAA,TB,1592.31,1639.78,-47.47,0.4663
661300,2022,NYY,TOR,1663.68,1573.05,90.63,0.6592
661523,2022,CWS,CLE,1553.88,1591.07,-37.2,0.481
661524,2022,CWS,CLE,1554.08,1590.87,-36.78,0.4816
661548,2022,ATL,BOS,1568.13,1513.48,54.65,0.6113
661702,2022,MIN,HOU,1608.16,1637.81,-29.65,0.4919
662006,2022,STL,BAL,1581.86,1534.04,47.82,0.6019
662016,2022,TEX,KC,1538.22,1460.95,77.27,0.6418
662095,2022,SF,COL,1618.8,1497.36,121.44,0.6979
662096,2022,SF,COL,1627.71,1483.99,143.72,0.7242
662157,2022,SEA,PHI,1532.64,1553.62,-20.97,0.5044
662176,2022,SEA,PHI,1540.81,1548.17,-7.36,0.5239
662258,2022,SD,CHC,1555.51,1485.69,69.82,0.6318
662273,2022,SD,CHC,1559.47,1479.76,79.71,0.645
662385,2022,PIT,LAD,1444.53,1705.24,-260.71,0.2038
662526,2022,WSH,NYM,1472.45,1603.97,-131.51,0.35
662873,2022,DET,OAK,1456.15,1474.59,-18.44,0.508
663074,2022,CIN,MIL,1427.07,1590.28,-163.21,0.3097
663350,2022,ARI,MIA,1569.42,1526.73,42.69,0.5948
663358,2022,ARI,MIA,1581.79,1508.16,73.63,0.6369
663416,2022,LAA,TB,1610.68,1621.41,-10.73,0.5191
663450,2022,LAA,TB,1630.32,1601.77,28.55,0.5751
661694,2022,MIN,HOU,1591.1,1654.87,-63.77,0.443
661702,2022,MIN,HOU,1578.76,1667.22,-88.46,0.4083
661899,2022,TEX,KC,1547.35,1451.82,95.53,0.6655
662005,2022,STL,BAL,1596.22,1512.51,83.71,0.6502
662372,2022,PIT,CIN,1469.55,1455.58,13.97,0.5544
662548,2022,WSH,NYM,1498.83,1586.38,-87.56,0.4095
662872,2022,DET,OAK,1428.31,1502.43,-74.12,0.4284
661361,2022,MIA,MIL,1540.66,1576.03,-35.36,0.4837
661519,2022,CWS,NYY,1565.39,1669.43,-104.04,0.3868
661547,2022,ATL,SD,1574.79,1548.53,26.27,0.5718
661883,2022,TEX,KC,1517.56,1481.61,35.95,0.5854
661904,2022,TB,TOR,1611.75,1567.3,44.45,0.5973
662494,2022,PIT,CIN,1448.27,1476.86,-28.59,0.4934
662523,2022,NYM,SEA,1595.12,1527.04,68.08,0.6295
662525,2022,WSH,HOU,1485.72,1681.02,-195.29,0.2717
662706,2022,LAD,PHI,1692.72,1561.94,130.78,0.7091
662851,2022,DET,BAL,1413.74,1522.93,-109.19,0.3798
661147,2022,TEX,BOS,1528.31,1503.47,24.84,0.5698
661414,2022,MIA,MIL,1532.74,1581.31,-48.56,0.4647
661490,2022,CWS,NYY,1552.41,1682.42,-130.01,0.352
661491,2022,CWS,NYY,1559.19,1675.63,-116.44,0.37
661546,2022,ATL,SD,1558.59,1572.83,-14.23,0.5141
661695,2022,MIN,CLE,1564.96,1579.56,-14.6,0.5135
661698,2022,MIN,CLE,1559.3,1585.22,-25.91,0.4972
661882,2022,TEX,BOS,1498.6,1533.19,-34.59,0.4848
661903,2022,TB,TOR,1620.5,1558.54,61.96,0.6212
661985,2022,STL,SF,1589.27,1636.33,-47.06,0.4669
661986,2022,STL,SF,1602.71,1622.88,-20.17,0.5055
662379,2022,OAK,LAA,1513.35,1620.34,-106.98,0.3828
662381,2022,OAK,LAA,1523.15,1613.81,-90.67,0.4052
662384,2022,PIT,CIN,1417.94,1499.61,-81.66,0.4178
662547,2022,WSH,HOU,1474.99,1688.17,-213.18,0.2518
662568,2022,NYM,SEA,1588.35,1537.2,51.15,0.6065
662705,2022,LAD,PHI,1680.96,1573.71,107.25,0.6804
662844,2022,DET,BAL,1434.51,1507.35,-72.84,0.4302
663012,2022,COL,KC,1471.07,1470.85,0.22,0.5348
663349,2022,ARI,CHC,1560.13,1496.17,63.96,0.6239
661146,2022,TEX,BOS,1476.31,1555.48,-79.17,0.4213
661403,2022,MIA,MIL,1557.2,1565.0,-7.8,0.5233
661489,2022,CWS,NYY,1548.25,1686.57,-138.32,0.3412
661545,2022,ATL,SD,1563.95,1567.47,-3.52,0.5294
661732,2022,MIN,CLE,1572.1,1572.42,-0.32,0.534
661902,2022,TB,TOR,1604.95,1574.1,30.84,0.5783
661984,2022,STL,SF,1587.12,1638.48,-51.37,0.4607
662380,2022,OAK,LAA,1512.88,1620.65,-107.77,0.3817
662399,2022,OAK,LAA,1500.78,1628.72,-127.95,0.3547
662519,2022,PIT,CIN,1437.68,1484.81,-47.13,0.4668
662528,2022,WSH,HOU,1509.03,1665.48,-156.44,0.3181
662567,2022,NYM,SEA,1592.61,1530.8,61.81,0.621
662696,2022,LAD,PHI,1669.56,1585.11,84.45,0.6512
662704,2022,LAD,PHI,1673.28,1581.39,91.9,0.6609
662843,2022,DET,BAL,1458.98,1489.0,-30.02,0.4913
663010,2022,COL,KC,1450.41,1491.51,-41.09,0.4754
663011,2022,COL,KC,1442.65,1499.27,-56.62,0.4532
663348,2022,ARI,CHC,1564.18,1490.09,74.09,0.6375
663367,2022,ARI,CHC,1553.34,1506.35,46.99,0.6008
661212,2022,MIL,ATL,1578.43,1550.34,28.09,0.5744
661308,2022,BAL,NYY,1469.61,1694.84,-225.23,0.239
661402,2022,MIA,WSH,1543.78,1493.37,50.4,0.6055
661794,2022,TOR,SEA,1564.88,1540.85,24.02,0.5687
661961,2022,TB,DET,1614.17,1478.36,135.81,0.715
662566,2022,NYM,STL,1585.91,1606.53,-20.62,0.5049
663151,2022,CHC,PIT,1516.14,1449.26,66.88,0.6279
663275,2022,BOS,HOU,1538.08,1675.92,-137.83,0.3418
661145,2022,TEX,LAA,1502.4,1640.51,-138.11,0.3414
661196,2022,MIL,ATL,1583.09,1545.68,37.41,0.5875
661342,2022,BAL,NYY,1461.24,1700.42,-239.18,0.2247
661401,2022,MIA,WSH,1561.79,1475.36,86.43,0.6538
661625,2022,PHI,SD,1599.57,1581.09,18.49,0.5608
661765,2022,TOR,SEA,1575.86,1524.37,51.49,0.607
662053,2022,TB,DET,1606.7,1489.57,117.13,0.6926
662378,2022,OAK,MIN,1483.1,1580.29,-97.19,0.3962
662507,2022,NYM,STL,1585.86,1606.58,-20.72,0.5047
662566,2022,NYM,STL,1594.49,1597.96,-3.47,0.5295
662628,2022,LAD,ARI,1655.1,1546.81,108.28,0.6817
662695,2022,LAD,ARI,1658.46,1541.77,116.69,0.6921
662727,2022,KC,CWS,1474.38,1535.85,-61.48,0.4463
662728,2022,KC,CWS,1483.34,1526.89,-43.56,0.4719
662780,2022,KC,CWS,1471.14,1539.09,-67.96,0.4371
663005,2022,COL,SF,1475.85,1619.07,-143.22,0.3349
663032,2022,CLE,CIN,1564.23,1476.12,88.11,0.656
663157,2022,CHC,PIT,1536.09,1422.65,113.44,0.6881
663271,2022,BOS,HOU,1558.69,1662.18,-103.49,0.3876
661126,2022,TEX,LAA,1523.02,1626.76,-103.75,0.3872
661202,2022,MIL,ATL,1570.28,1564.9,5.38,0.5422
661344,2022,BAL,NYY,1457.87,1702.67,-244.8,0.2191
661400,2022,MIA,WSH,1570.37,1462.49,107.88,0.6812
661624,2022,PHI,SD,1587.24,1593.42,-6.19,0.5256
661767,2022,TOR,SEA,1584.38,1511.59,72.79,0.6358
662054,2022,TB,DET,1616.41,1475.0,141.41,0.7216
662370,2022,OAK,MIN,1473.1,1586.96,-113.86,0.3735
662377,2022,OAK,MIN,1492.91,1573.74,-80.83,0.4189
662554,2022,NYM,STL,1588.62,1603.82,-15.2,0.5127
662697,2022,LAD,ARI,1661.7,1536.9,124.8,0.7019
662744,2022,LAD,ARI,1672.09,1521.32,150.78,0.7323
663003,2022,COL,SF,1470.62,1622.55,-151.94,0.3238
663004,2022,COL,SF,1487.29,1611.43,-124.14,0.3597
663043,2022,CLE,CIN,1557.24,1486.61,70.62,0.6329
663156,2022,CHC,PIT,1550.9,1402.91,147.99,0.7291
663270,2022,BOS,HOU,1545.06,1675.82,-130.76,0.351
661125,2022,TEX,LAA,1548.18,1609.99,-61.81,0.4458
661347,2022,BAL,NYY,1454.59,1704.86,-250.27,0.2137
661623,2022,PHI,SD,1597.73,1582.93,14.8,0.5556
662520,2022,NYM,STL,1604.73,1587.72,17.01,0.5587
662715,2022,KC,CWS,1457.03,1553.2,-96.17,0.3976
662726,2022,KC,CWS,1444.36,1561.65,-117.29,0.3689
663043,2022,CLE,CIN,1555.81,1488.75,67.05,0.6281
663193,2022,CHC,ARI,1543.32,1514.71,28.61,0.5751
663269,2022,BOS,SEA,1568.72,1535.37,33.35,0.5818
661290,2022,NYY,CWS,1689.2,1546.22,142.98,0.7234
661339,2022,MIA,ATL,1563.17,1559.83,3.33,0.5393
661348,2022,BAL,TB,1478.08,1623.91,-145.83,0.3315
661632,2022,PHI,LAD,1588.03,1676.5,-88.47,0.4083
661766,2022,TOR,CIN,1568.53,1504.83,63.71,0.6236
662506,2022,PIT,STL,1418.06,1582.86,-164.8,0.3078
662778,2022,HOU,TEX,1660.04,1557.15,102.89,0.6749
663135,2022,CLE,DET,1545.09,1463.75,81.34,0.6471
663143,2022,CHC,ARI,1528.35,1529.68,-1.33,0.5326
663268,2022,BOS,SEA,1581.54,1516.13,65.42,0.6259
661195,2022,MIL,WSH,1575.34,1473.29,102.05,0.6738
661280,2022,MIL,WSH,1585.71,1457.74,127.97,0.7058
661289,2022,NYY,CWS,1686.87,1549.71,137.16,0.7166
661291,2022,BAL,TB,1494.61,1612.89,-118.28,0.3676
661399,2022,MIA,ATL,1553.7,1569.3,-15.59,0.5121
661631,2022,PHI,LAD,1579.32,1685.2,-105.88,0.3843
661793,2022,TOR,CIN,1572.59,1498.74,73.85,0.6372
662077,2022,SF,SD,1618.99,1592.63,26.36,0.572
662078,2022,SF,SD,1612.72,1598.9,13.82,0.5542
662478,2022,PIT,STL,1408.0,1587.9,-179.9,0.2896
662713,2022,KC,MIN,1475.21,1589.25,-114.03,0.3733
662714,2022,KC,MIN,1457.5,1601.05,-143.55,0.3344
662763,2022,HOU,TEX,1668.04,1549.15,118.89,0.6948
662764,2022,HOU,TEX,1671.25,1544.33,126.92,0.7045
663002,2022,COL,NYM,1475.96,1609.58,-133.62,0.3473
663002,2022,COL,NYM,1478.36,1607.99,-129.63,0.3525
663123,2022,CLE,DET,1559.73,1449.12,110.61,0.6846
663194,2022,CHC,ARI,1507.79,1550.24,-42.45,0.4735
663234,2022,BOS,SEA,1590.9,1502.09,88.8,0.6569
663449,2022,LAA,OAK,1604.01,1469.66,134.35,0.7133
661248,2022,MIL,WSH,1592.87,1447.0,145.88,0.7267
661279,2022,BAL,TB,1479.61,1622.89,-143.28,0.3348
661288,2022,NYY,CWS,1691.56,1542.68,148.88,0.7301
661290,2022,NYY,CWS,1679.54,1560.71,118.83,0.6947
661398,2022,MIA,ATL,1548.06,1574.93,-26.87,0.4959
661611,2022,PHI,LAD,1571.19,1693.34,-122.15,0.3624
661763,2022,TOR,CIN,1578.76,1489.49,89.27,0.6575
662076,2022,SF,SD,1606.61,1605.01,1.6,0.5368
662479,2022,PIT,STL,1402.06,1590.87,-188.81,0.2791
662712,2022,KC,MIN,1449.23,1606.57,-157.35,0.317
662857,2022,HOU,TEX,1656.48,1566.49,89.98,0.6584
662982,2022,COL,NYM,1465.5,1616.56,-151.06,0.3249
663001,2022,COL,NYM,1457.48,1621.9,-164.42,0.3083
663120,2022,CLE,DET,1557.78,1453.02,104.76,0.6773
663150,2022,CHC,ARI,1500.06,1555.39,-55.33,0.455
663277,2022,BOS,SEA,1594.56,1496.61,97.95,0.6686
663447,2022,LAA,OAK,1592.19,1487.38,104.81,0.6773
663448,2022,LAA,OAK,1599.02,1477.14,121.89,0.6984
661287,2022,NYY,BAL,1660.64,1490.0,170.65,0.7541
661544,2022,ATL,PHI,1569.41,1577.89,-8.48,0.5223
661730,2022,MIN,DET,1609.85,1470.06,139.79,0.7197
661999,2022,STL,TOR,1602.0,1571.75,30.25,0.5774
662455,2022,PIT,COL,1379.78,1491.43,-111.64,0.3765
662524,2022,WSH,LAD,1489.43,1686.64,-197.21,0.2695
663073,2022,CIN,CHC,1500.0,1508.91,-8.91,0.5217
661285,2022,NYY,BAL,1648.34,1508.45,139.89,0.7198
661543,2022,ATL,PHI,1556.01,1591.29,-35.27,0.4838
661699,2022,MIN,DET,1612.78,1465.68,147.1,0.7281
661978,2022,TB,MIA,1615.96,1556.35,59.62,0.6181
661998,2022,STL,TOR,1612.74,1561.02,51.72,0.6073
662075,2022,SF,NYM,1586.85,1599.27,-12.42,0.5167
662135,2022,SEA,OAK,1484.35,1469.6,14.75,0.5555
662257,2022,SD,MIL,1624.77,1571.65,53.11,0.6092
662454,2022,PIT,COL,1392.94,1481.55,-88.61,0.4081
662536,2022,WSH,LAD,1475.76,1695.75,-219.99,0.2445
662858,2022,HOU,CLE,1663.76,1546.41,117.34,0.6929
663103,2022,CIN,CHC,1482.71,1526.19,-43.49,0.472
663340,2022,ARI,KC,1549.49,1442.66,106.83,0.6799
661286,2022,NYY,BAL,1651.27,1504.07,147.2,0.7282
661488,2022,CWS,BOS,1579.6,1602.73,-23.12,0.5013
661542,2022,ATL,PHI,1561.65,1585.65,-24.0,0.5
661772,2022,MIN,DET,1617.26,1458.96,158.3,0.7407
662052,2022,TB,MIA,1625.54,1546.77,78.77,0.6437
662074,2022,SF,NYM,1567.14,1618.98,-51.85,0.46
662093,2022,SF,NYM,1572.99,1613.13,-40.14,0.4768
662133,2022,SEA,OAK,1491.7,1462.26,29.44,0.5763
662134,2022,SEA,OAK,1476.7,1477.25,-0.55,0.5337
662228,2022,SD,MIL,1629.0,1567.42,61.58,0.6207
662229,2022,SD,MIL,1622.3,1574.12,48.19,0.6024
662453,2022,PIT,COL,1384.24,1488.08,-103.84,0.3871
662527,2022,WSH,LAD,1466.2,1702.12,-235.92,0.228
662846,2022,HOU,CLE,1644.9,1574.7,70.2,0.6323
663082,2022,CIN,CHC,1459.61,1549.29,-89.68,0.4066
663339,2022,ARI,KC,1561.29,1426.94,134.35,0.7133
663381,2022,LAA,TEX,1604.05,1559.21,44.83,0.5978
661487,2022,CWS,BOS,1558.66,1623.67,-65.02,0.4412
661574,2022,ATL,PHI,1574.38,1572.92,1.47,0.5366
661771,2022,MIN,KC,1605.11,1417.44,187.67,0.7718
661997,2022,STL,MIL,1593.0,1587.19,5.8,0.5428
662051,2022,TB,NYY,1629.35,1655.74,-26.39,0.4966
662515,2022,WSH,COL,1477.8,1462.91,14.89,0.5557
662842,2022,DET,CLE,1477.17,1565.53,-88.35,0.4084
662845,2022,HOU,CLE,1654.07,1559.22,94.85,0.6647
663081,2022,CIN,CHC,1469.1,1539.81,-70.71,0.4332
663446,2022,LAA,TEX,1610.98,1552.29,58.69,0.6168
661486,2022,CWS,BOS,1568.2,1614.13,-45.94,0.4685
661539,2022,ATL,MIA,1562.49,1541.05,21.44,0.565
661960,2022,TB,NYY,1615.29,1669.81,-54.52,0.4562
662376,2022,OAK,TEX,1491.32,1569.51,-78.19,0.4226
662514,2022,WSH,COL,1494.85,1445.87,48.98,0.6035
662543,2022,NYM,PHI,1597.14,1584.81,12.33,0.5521
662841,2022,DET,CLE,1486.64,1555.65,-69.02,0.4356
663080,2022,CIN,SF,1505.64,1588.99,-83.35,0.4154
663276,2022,BOS,BAL,1631.04,1497.35,133.69,0.7125
663338,2022,ARI,LAD,1566.04,1694.39,-128.35,0.3542
663445,2022,LAA,TOR,1593.75,1580.76,12.99,0.553
661518,2022,CWS,CHC,1551.29,1503.27,48.02,0.6022
661537,2022,ATL,MIA,1570.06,1529.69,40.37,0.5916
661774,2022,MIN,KC,1597.23,1433.21,164.01,0.7469
661777,2022,MIN,KC,1579.33,1469.01,110.31,0.6842
661933,2022,TB,NYY,1607.46,1677.64,-70.17,0.4339
661991,2022,STL,MIL,1586.99,1593.2,-6.2,0.5256
661992,2022,STL,MIL,1600.56,1579.64,20.92,0.5643
662132,2022,SEA,HOU,1462.64,1657.64,-195.0,0.272
662281,2022,SD,PIT,1609.23,1417.8,191.43,0.7756
662369,2022,OAK,TEX,1477.74,1578.56,-100.82,0.3912
662375,2022,OAK,TEX,1465.3,1586.86,-121.56,0.3632
662513,2022,WSH,COL,1493.16,1448.11,45.05,0.5981
662514,2022,WSH,COL,1483.41,1461.11,22.3,0.5662
662556,2022,NYM,PHI,1604.97,1576.98,27.99,0.5743
662852,2022,DET,CLE,1487.67,1554.96,-67.29,0.438
663118,2022,CIN,SF,1527.4,1574.48,-47.09,0.4668
663257,2022,BOS,BAL,1613.74,1523.3,90.44,0.659
663309,2022,BOS,BAL,1619.5,1514.66,104.84,0.6774
663330,2022,ARI,LAD,1551.91,1708.52,-156.61,0.3179
663347,2022,ARI,LAD,1548.61,1711.81,-163.2,0.3098
663444,2022,LAA,TOR,1581.56,1592.95,-11.4,0.5181
661461,2022,CWS,CHC,1536.11,1526.03,10.08,0.5489
661517,2022,ATL,MIA,1557.18,1549.02,8.16,0.5461
661731,2022,MIN,KC,1586.0,1459.01,126.99,0.7046
661910,2022,TB,NYY,1617.11,1667.99,-50.89,0.4614
661990,2022,STL,MIL,1608.14,1572.05,36.09,0.5856
662130,2022,SEA,HOU,1491.39,1638.47,-147.08,0.3299
662131,2022,SEA,HOU,1486.25,1641.9,-155.65,0.3191
662279,2022,SD,PIT,1611.52,1413.22,198.3,0.7824
662280,2022,SD,PIT,1615.03,1406.2,208.82,0.7925
662374,2022,OAK,TEX,1448.12,1598.31,-150.19,0.326
662512,2022,WSH,COL,1503.47,1441.06,62.41,0.6219
662555,2022,NYM,PHI,1618.05,1563.89,54.16,0.6106
662840,2022,DET,CLE,1466.46,1569.1,-102.64,0.3887
663072,2022,CIN,SF,1536.08,1568.69,-32.62,0.4876
663299,2022,BOS,BAL,1608.13,1531.71,76.43,0.6406
663328,2022,ARI,LAD,1541.01,1716.88,-175.87,0.2944
663400,2022,LAA,TOR,1575.84,1598.67,-22.83,0.5017
663414,2022,LAA,TOR,1570.34,1604.18,-33.84,0.4858
661613,2022,PHI,SF,1559.68,1577.14,-17.46,0.5094
661989,2022,STL,SD,1587.89,1602.3,-14.42,0.5138
662373,2022,OAK,HOU,1462.11,1622.1,-159.98,0.3137
662545,2022,NYM,WSH,1622.27,1509.59,112.68,0.6871
662854,2022,DET,MIN,1476.18,1593.19,-117.01,0.3693
662992,2022,COL,MIA,1432.9,1533.97,-101.07,0.3909
663109,2022,CLE,KC,1562.62,1448.22,114.4,0.6893
663147,2022,CHC,MIL,1518.56,1592.3,-73.75,0.4289
663149,2022,CHC,MIL,1507.62,1599.6,-91.98,0.4034
663298,2022,BOS,BAL,1621.46,1511.72,109.74,0.6835
661075,2022,BAL,SEA,1549.19,1515.94,33.24,0.5816
661331,2022,NYY,LAA,1658.74,1565.03,93.71,0.6632
661618,2022,PHI,SF,1554.07,1582.74,-28.67,0.4933
661797,2022,TOR,CWS,1609.48,1543.58,65.9,0.6266
661900,2022,TEX,TB,1591.31,1626.36,-35.05,0.4841
661977,2022,STL,SD,1598.6,1591.59,7.01,0.5445
662544,2022,NYM,WSH,1632.73,1493.89,138.84,0.7186
662743,2022,LAD,PIT,1721.67,1431.65,290.02,0.8591
662806,2022,DET,MIN,1491.97,1582.66,-90.69,0.4052
662836,2022,DET,MIN,1473.8,1594.78,-120.98,0.3639
663034,2022,CLE,KC,1570.23,1433.01,137.22,0.7167
663297,2022,BOS,CIN,1596.48,1523.41,73.07,0.6362
663327,2022,ARI,ATL,1533.82,1567.21,-33.38,0.4865
661330,2022,NYY,LAA,1670.1,1553.67,116.42,0.6918
661343,2022,BAL,SEA,1516.21,1548.92,-32.71,0.4875
661612,2022,PHI,SF,1543.27,1593.55,-50.27,0.4623
661764,2022,TOR,CWS,1613.51,1537.55,75.95,0.64
661884,2022,TEX,TB,1604.39,1613.28,-8.89,0.5217
661982,2022,STL,SD,1603.64,1586.55,17.08,0.5588
662366,2022,OAK,HOU,1450.82,1629.63,-178.81,0.2909
662367,2022,OAK,HOU,1446.34,1632.61,-186.27,0.2821
662457,2022,NYM,WSH,1642.89,1478.66,164.23,0.7472
662735,2022,LAD,PIT,1713.25,1448.49,264.77,0.8405
662833,2022,DET,MIN,1497.08,1579.25,-82.17,0.4171
662981,2022,COL,MIA,1469.17,1506.78,-37.61,0.4804
662991,2022,COL,MIA,1439.25,1536.69,-97.44,0.3959
662991,2022,COL,MIA,1441.46,1535.03,-93.57,0.4012
663031,2022,CLE,KC,1577.88,1417.72,160.16,0.7427
663154,2022,CHC,MIL,1501.18,1603.89,-102.72,0.3886
663296,2022,BOS,CIN,1589.65,1533.65,56.0,0.6131
663326,2022,ARI,ATL,1553.36,1554.18,-0.82,0.5333
663329,2022,ARI,ATL,1536.76,1570.78,-34.02,0.4856
661247,2022,BAL,SEA,1541.41,1523.71,17.7,0.5597
661329,2022,NYY,LAA,1668.08,1555.69,112.38,0.6868
661330,2022,NYY,LAA,1671.38,1552.39,118.99,0.6949
661340,2022,MIL,SD,1597.41,1576.84,20.57,0.5638
661397,2022,MIA,SF,1525.48,1587.71,-62.24,0.4452
661762,2022,TOR,CWS,1622.47,1524.11,98.36,0.6691
661934,2022,TEX,TB,1614.95,1602.72,12.24,0.552
661963,2022,TEX,TB,1605.31,1612.37,-7.06,0.5244
662721,2022,LAD,PIT,1700.07,1474.86,225.2,0.8076
662832,2022,DET,MIN,1521.25,1563.14,-41.89,0.4743
663091,2022,CIN,WSH,1516.03,1468.54,47.49,0.6015
663184,2022,CHC,MIL,1510.89,1602.21,-91.32,0.4043
661058,2022,BAL,CLE,1532.18,1584.05,-51.87,0.46
661318,2022,NYY,DET,1679.68,1529.83,149.85,0.7312
661396,2022,MIA,SF,1543.43,1575.75,-32.32,0.488
661642,2022,PHI,LAA,1552.02,1544.09,7.93,0.5458
661761,2022,TOR,MIN,1631.55,1557.42,74.13,0.6376
661897,2022,TB,CWS,1618.16,1510.49,107.67,0.6809
662452,2022,PIT,ARI,1503.16,1545.19,-42.03,0.4741
662693,2022,LAD,NYM,1681.2,1649.63,31.57,0.5793
663000,2022,COL,ATL,1454.2,1565.16,-110.96,0.3774
663119,2022,CIN,WSH,1535.5,1449.07,86.43,0.6538
663139,2022,CHC,STL,1520.41,1613.35,-92.94,0.4021
663153,2022,CHC,STL,1535.53,1603.26,-67.73,0.4374
661214,2022,MIL,SD,1595.86,1572.05,23.81,0.5684
661278,2022,NYY,DET,1690.3,1513.89,176.41,0.7602
661334,2022,MIL,SD,1581.39,1586.53,-5.14,0.5271
661346,2022,BAL,CLE,1517.23,1594.02,-76.79,0.4246
661395,2022,MIA,SF,1516.85,1593.47,-76.62,0.4249
661615,2022,PHI,LAA,1569.38,1518.05,51.33,0.6067
661749,2022,TOR,MIN,1612.34,1576.62,35.72,0.5851
661896,2022,TB,CWS,1624.91,1500.37,124.54,0.7016
661913,2022,TEX,SEA,1599.51,1532.95,66.56,0.6274
661936,2022,TEX,SEA,1592.75,1543.08,49.67,0.6045
662364,2022,OAK,BOS,1437.2,1601.4,-164.2,0.3085
662365,2022,OAK,BOS,1417.01,1611.49,-194.48,0.2726
662451,2022,PIT,ARI,1490.89,1557.46,-66.56,0.4391
662689,2022,KC,HOU,1405.37,1637.18,-231.82,0.2321
662692,2022,KC,HOU,1448.62,1615.56,-166.93,0.3052
662720,2022,LAD,NYM,1688.49,1642.34,46.15,0.5996
662980,2022,COL,ATL,1436.27,1577.11,-140.84,0.3379
663102,2022,CIN,WSH,1514.57,1476.98,37.6,0.5877
663152,2022,CHC,STL,1512.08,1618.9,-106.81,0.383
663179,2022,CHC,STL,1499.93,1627.0,-127.07,0.3559
661151,2022,BAL,CLE,1526.48,1587.85,-61.38,0.4464
661241,2022,MIL,SD,1563.89,1604.03,-40.14,0.4768
661277,2022,NYY,DET,1695.23,1506.51,188.72,0.7729
661394,2022,MIA,SF,1526.1,1587.3,-61.21,0.4467
661633,2022,PHI,LAA,1580.4,1501.52,78.88,0.6439
661747,2022,TOR,MIN,1627.38,1561.58,65.8,0.6264
661895,2022,TB,CWS,1617.55,1511.42,106.13,0.679
661962,2022,TEX,SEA,1597.04,1536.65,60.4,0.6191
662363,2022,OAK,BOS,1402.65,1618.67,-216.02,0.2487
662450,2022,PIT,ARI,1499.95,1551.42,-51.47,0.4606
662612,2022,LAD,NYM,1699.73,1631.1,68.63,0.6302
662687,2022,LAD,NYM,1692.96,1637.88,55.08,0.6119
662688,2022,KC,HOU,1429.75,1624.99,-195.25,0.2717
662987,2022,COL,ATL,1425.11,1582.7,-157.59,0.3167
662990,2022,COL,ATL,1409.89,1590.31,-180.42,0.289
663058,2022,CIN,WSH,1499.34,1492.21,7.13,0.5447
663138,2022,CHC,STL,1526.12,1609.54,-83.42,0.4153
663065,2022,CIN,ARI,1490.31,1539.73,-49.42,0.4635
663134,2022,CLE,TEX,1592.67,1590.36,2.31,0.5378
661169,2022,MIA,WSH,1509.31,1501.24,8.07,0.546
661170,2022,BAL,CHC,1519.25,1515.57,3.68,0.5398
661516,2022,ATL,OAK,1593.27,1392.6,200.66,0.7847
661693,2022,MIN,NYY,1572.27,1697.55,-125.27,0.3582
661894,2022,TB,STL,1610.36,1616.57,-6.21,0.5256
662278,2022,SD,NYM,1612.26,1654.99,-42.73,0.4731
662449,2022,PIT,DET,1517.49,1503.02,14.46,0.5551
662613,2022,KC,TOR,1418.68,1616.69,-198.02,0.2686
662762,2022,HOU,SEA,1630.53,1546.67,83.86,0.6504
663064,2022,CIN,ARI,1516.49,1513.54,2.95,0.5387
663122,2022,CLE,TEX,1592.25,1590.78,1.47,0.5366
663134,2022,CLE,TEX,1602.52,1580.51,22.01,0.5658
663399,2022,LAA,BOS,1492.46,1623.7,-131.24,0.3504
661109,2022,BAL,CHC,1540.71,1494.11,46.6,0.6002
661150,2022,MIA,WSH,1535.34,1475.21,60.13,0.6188
661205,2022,MIL,PHI,1555.66,1586.44,-30.78,0.4902
661460,2022,CWS,LAD,1522.19,1675.84,-153.65,0.3216
661515,2022,ATL,OAK,1595.46,1388.23,207.23,0.791
661681,2022,MIN,NYY,1561.72,1708.1,-146.38,0.3308
661892,2022,TB,STL,1618.68,1608.26,10.42,0.5494
662092,2022,SF,COL,1598.49,1403.96,194.53,0.7787
662277,2022,SD,NYM,1597.81,1669.44,-71.63,0.4319
662448,2022,PIT,DET,1502.95,1517.57,-14.62,0.5135
662678,2022,KC,TOR,1401.35,1625.35,-224.01,0.2402
662679,2022,KC,TOR,1386.84,1632.61,-245.77,0.2181
662760,2022,HOU,SEA,1616.63,1567.52,49.11,0.6037
662761,2022,HOU,SEA,1603.54,1580.62,22.92,0.5671
663050,2022,CIN,ARI,1538.01,1492.02,45.98,0.5994
663055,2022,CLE,TEX,1590.1,1592.93,-2.84,0.5304
663391,2022,LAA,BOS,1486.95,1627.36,-140.41,0.3385
661149,2022,MIA,WSH,1541.52,1469.04,72.48,0.6354
661188,2022,MIL,PHI,1550.3,1591.8,-41.51,0.4748
661194,2022,MIL,PHI,1532.42,1609.68,-77.27,0.4239
661458,2022,CWS,LAD,1546.69,1659.51,-112.83,0.3749
661459,2022,CWS,LAD,1537.28,1665.78,-128.5,0.354
661514,2022,ATL,PIT,1603.05,1489.5,113.55,0.6882
661697,2022,MIN,NYY,1582.6,1687.23,-104.63,0.386
661891,2022,TB,STL,1634.44,1592.49,41.95,0.5938
662091,2022,SF,COL,1585.92,1429.11,156.81,0.739
662094,2022,SF,COL,1573.79,1453.36,120.43,0.6966
662223,2022,SD,NYM,1616.12,1651.13,-35.02,0.4842
663015,2022,CLE,OAK,1602.17,1373.04,229.13,0.8111
663049,2022,CIN,ARI,1508.71,1521.33,-12.62,0.5164
663398,2022,LAA,BOS,1481.66,1630.89,-149.23,0.3272
661284,2022,NYY,CHC,1695.4,1495.74,199.66,0.7837
661513,2022,ATL,PIT,1608.26,1481.68,126.58,0.7041
661617,2022,PHI,ARI,1621.42,1529.87,91.56,0.6604
662511,2022,WSH,MIL,1457.3,1514.8,-57.51,0.4519
662677,2022,KC,BAL,1423.06,1539.08,-116.01,0.3706
662831,2022,DET,TOR,1531.02,1614.5,-83.48,0.4152
663014,2022,CLE,OAK,1606.58,1364.23,242.35,0.8225
663413,2022,LAA,BOS,1476.56,1634.29,-157.73,0.3165
661160,2022,ATL,PIT,1613.18,1474.3,138.88,0.7186
661276,2022,NYY,CHC,1697.6,1492.44,205.16,0.789
661484,2022,CWS,TEX,1526.16,1580.86,-54.7,0.4559
661485,2022,CWS,TEX,1514.43,1588.68,-74.25,0.4282
661614,2022,PHI,ARI,1627.15,1521.27,105.88,0.6787
661678,2022,MIN,TB,1574.42,1638.87,-64.44,0.4421
661680,2022,MIN,TB,1589.96,1623.33,-33.36,0.4865
661976,2022,STL,CIN,1588.07,1500.17,87.9,0.6557
661983,2022,STL,CIN,1591.74,1494.66,97.08,0.6675
662089,2022,SF,LAD,1576.98,1673.2,-96.22,0.3975
662090,2022,SF,LAD,1583.38,1666.8,-83.42,0.4153
662129,2022,SEA,BOS,1571.11,1620.14,-49.03,0.464
662251,2022,SD,COL,1636.3,1448.58,187.72,0.7718
662275,2022,SD,COL,1638.63,1443.92,194.72,0.7789
662510,2022,WSH,MIL,1482.24,1489.86,-7.62,0.5236
662674,2022,KC,BAL,1444.08,1523.31,-79.23,0.4212
662676,2022,KC,BAL,1429.79,1534.03,-104.24,0.3865
662756,2022,HOU,MIA,1613.04,1553.26,59.78,0.6183
662759,2022,HOU,MIA,1597.54,1568.76,28.78,0.5754
662830,2022,DET,TOR,1508.91,1629.24,-120.33,0.3648
663084,2022,CLE,OAK,1608.35,1360.68,247.67,0.8269
663390,2022,LAA,NYM,1497.78,1630.94,-133.16,0.3479
661144,2022,ATL,PIT,1621.42,1461.94,159.48,0.742
661270,2022,NYY,CHC,1704.38,1482.27,222.12,0.8048
661483,2022,CWS,TEX,1538.21,1572.82,-34.61,0.4847
661622,2022,PHI,ARI,1635.05,1509.43,125.62,0.7029
661679,2022,MIN,TB,1595.57,1617.72,-22.14,0.5027
661975,2022,STL,CIN,1597.34,1486.26,111.08,0.6852
662085,2022,SF,LAD,1599.53,1650.65,-51.12,0.4611
662127,2022,SEA,BOS,1566.08,1625.18,-59.1,0.4497
662128,2022,SEA,BOS,1558.38,1632.88,-74.49,0.4278
662222,2022,SD,COL,1646.12,1428.95,217.17,0.8003
662256,2022,SD,COL,1627.36,1466.46,160.9,0.7435
662542,2022,WSH,MIL,1494.76,1477.34,17.42,0.5593
662673,2022,KC,BAL,1468.76,1504.8,-36.04,0.4827
662758,2022,HOU,MIA,1584.94,1581.36,3.58,0.5396
662829,2022,DET,TOR,1524.79,1618.65,-93.86,0.4008
663083,2022,CLE,OAK,1587.04,1403.3,183.75,0.7678
663397,2022,LAA,NYM,1485.11,1639.39,-154.28,0.3208
663412,2022,LAA,NYM,1475.14,1646.04,-170.9,0.3003
661629,2022,PHI,MIA,1607.76,1568.18,39.58,0.5905
661746,2022,TOR,BAL,1630.62,1520.6,110.02,0.6838
661974,2022,STL,PIT,1590.11,1455.6,134.51,0.7135
662505,2022,WSH,ATL,1476.3,1625.65,-149.35,0.327
662828,2022,DET,CWS,1506.84,1525.63,-18.79,0.5075
661328,2022,NYY,TB,1712.06,1633.21,78.85,0.6438
661616,2022,PHI,MIA,1612.22,1563.72,48.5,0.6028
661745,2022,TOR,BAL,1642.17,1503.27,138.9,0.7186
661881,2022,TEX,HOU,1581.21,1598.12,-16.91,0.5102
661973,2022,STL,PIT,1594.85,1448.48,146.37,0.7273
662018,2022,STL,PIT,1603.84,1430.5,173.34,0.7569
662069,2022,SF,KC,1608.79,1452.96,155.83,0.7379
662126,2022,SEA,MIN,1564.52,1580.08,-15.56,0.5121
662441,2022,NYM,MIL,1627.43,1495.8,131.63,0.7101
662503,2022,WSH,ATL,1464.47,1633.54,-169.07,0.3026
662884,2022,DET,CWS,1487.4,1545.07,-57.67,0.4517
663183,2022,CHC,SD,1470.74,1615.18,-144.44,0.3333
663279,2022,BOS,OAK,1626.74,1393.79,232.95,0.8144
663345,2022,ARI,CIN,1550.36,1497.11,53.25,0.6094
661327,2022,NYY,TB,1718.11,1627.17,90.94,0.6596
661583,2022,PHI,MIA,1601.85,1574.09,27.76,0.5739
661744,2022,TOR,BAL,1634.67,1514.52,120.16,0.6963
661845,2022,TEX,HOU,1589.75,1589.57,0.18,0.5347
661880,2022,TEX,HOU,1571.96,1607.36,-35.4,0.4836
661972,2022,STL,PIT,1607.8,1422.58,185.22,0.7693
662068,2022,SF,KC,1615.09,1443.51,171.59,0.7551
662082,2022,SF,KC,1619.09,1435.52,183.57,0.7676
662125,2022,SEA,MIN,1558.88,1585.72,-26.84,0.4959
662173,2022,SEA,MIN,1573.16,1571.44,1.72,0.5369
662480,2022,NYM,MIL,1634.47,1485.24,149.23,0.7305
662504,2022,WSH,ATL,1451.34,1642.28,-190.94,0.2767
662611,2022,LAD,LAA,1641.39,1503.06,138.34,0.718
662883,2022,DET,CWS,1470.4,1562.07,-91.67,0.4038
662935,2022,COL,CLE,1484.73,1591.8,-107.07,0.3827
663182,2022,CHC,SD,1460.34,1622.12,-161.78,0.3115
663235,2022,BOS,OAK,1631.55,1384.17,247.38,0.8267
663336,2022,ARI,CIN,1543.76,1507.01,36.75,0.5866
663342,2022,ARI,CIN,1557.29,1493.48,63.81,0.6237
661326,2022,NYY,TB,1721.73,1623.54,98.19,0.6689
661743,2022,TOR,BAL,1637.87,1509.73,128.14,0.7059
662501,2022,WSH,PHI,1439.45,1609.25,-169.79,0.3017
662535,2022,NYM,MIL,1610.42,1521.31,89.11,0.6573
662694,2022,LAD,LAA,1646.06,1496.06,150.0,0.7314
662827,2022,DET,TEX,1445.84,1566.68,-120.84,0.3641
662893,2022,COL,CLE,1478.66,1595.85,-117.19,0.369
662986,2022,COL,CLE,1469.42,1602.0,-132.58,0.3486
663125,2022,CHC,SD,1445.86,1631.77,-185.92,0.2825
663155,2022,CHC,SD,1436.7,1636.35,-199.65,0.2668
663267,2022,BOS,OAK,1637.29,1372.69,264.6,0.8404
661093,2022,BAL,TB,1544.91,1620.03,-75.12,0.427
661742,2022,TOR,NYY,1614.42,1725.25,-110.83,0.3776
662172,2022,SEA,LAA,1557.78,1487.69,70.08,0.6322
662437,2022,PIT,SF,1447.52,1611.23,-163.71,0.3091
662502,2022,WSH,PHI,1418.82,1619.57,-200.75,0.2655
662534,2022,NYM,MIA,1614.08,1566.69,47.38,0.6013
662580,2022,WSH,PHI,1413.42,1622.26,-208.84,0.2565
662826,2022,DET,TEX,1433.71,1572.75,-139.04,0.3402
663063,2022,CIN,MIL,1509.46,1515.83,-6.37,0.5253
663124,2022,CHC,ATL,1415.51,1650.21,-234.7,0.2292
663256,2022,BOS,STL,1628.97,1595.33,33.64,0.5822
661123,2022,PIT,SF,1437.41,1616.29,-178.88,0.2908
661127,2022,BAL,TB,1554.12,1613.88,-59.76,0.4487
661748,2022,TOR,NYY,1601.17,1738.49,-137.32,0.3425
662171,2022,SEA,LAA,1544.19,1508.08,36.11,0.5857
662194,2022,SEA,LAA,1564.53,1487.73,76.8,0.6411
662362,2022,OAK,KC,1389.33,1451.24,-61.91,0.4457
662368,2022,OAK,KC,1367.0,1467.98,-100.97,0.391
662500,2022,WSH,PHI,1405.18,1626.38,-221.2,0.2432
662533,2022,NYM,MIA,1626.23,1554.54,71.69,0.6343
662686,2022,LAD,CLE,1651.63,1607.78,43.85,0.5964
662719,2022,LAD,CLE,1663.95,1595.46,68.49,0.63
662752,2022,HOU,CWS,1612.64,1578.44,34.2,0.583
662757,2022,HOU,CWS,1593.54,1597.54,-4.0,0.5288
662802,2022,DET,TEX,1412.41,1583.4,-170.98,0.3002
662985,2022,COL,SD,1460.75,1646.95,-186.2,0.2822
663062,2022,CIN,MIL,1500.75,1524.55,-23.8,0.5003
663239,2022,CHC,ATL,1430.96,1642.49,-211.53,0.2536
663255,2022,BOS,STL,1633.53,1590.77,42.77,0.5949
663335,2022,ARI,MIN,1546.64,1586.82,-40.18,0.4767
661074,2022,BAL,TB,1549.28,1618.73,-69.45,0.435
661122,2022,PIT,SF,1427.95,1621.01,-193.06,0.2742
661741,2022,TOR,NYY,1592.87,1746.79,-153.92,0.3213
662169,2022,SEA,LAA,1553.64,1504.07,49.58,0.6043
662170,2022,SEA,LAA,1538.42,1526.89,11.53,0.551
662361,2022,OAK,KC,1353.86,1477.84,-123.97,0.36
662532,2022,NYM,MIA,1630.16,1550.61,79.54,0.6447
662553,2022,WSH,PHI,1400.28,1628.83,-228.55,0.2355
662590,2022,LAD,CLE,1657.18,1602.24,54.94,0.6117
662751,2022,HOU,CWS,1611.59,1579.49,32.1,0.58
662807,2022,DET,TEX,1455.62,1561.8,-106.18,0.3839
662998,2022,COL,SD,1491.66,1626.34,-134.68,0.3459
662999,2022,COL,SD,1518.17,1608.67,-90.51,0.4054
663061,2022,CIN,MIL,1481.63,1543.67,-62.03,0.4455
663218,2022,CHC,ATL,1461.16,1627.38,-166.22,0.306
663254,2022,BOS,STL,1612.03,1612.27,-0.23,0.5342
663334,2022,ARI,MIN,1568.74,1572.09,-3.35,0.5297
663351,2022,ARI,MIN,1583.36,1557.47,25.89,0.5713
661121,2022,PIT,CHC,1442.75,1447.87,-5.12,0.5271
661143,2022,ATL,SF,1636.24,1613.62,22.63,0.5667
661893,2022,TB,NYY,1612.65,1739.76,-127.1,0.3558
662522,2022,NYM,MIA,1614.13,1566.64,47.49,0.6015
663253,2022,BOS,DET,1620.22,1478.32,141.9,0.7221
661124,2022,PIT,CHC,1480.27,1410.36,69.91,0.6319
661142,2022,ATL,SF,1641.0,1608.86,32.14,0.5801
661148,2022,MIA,COL,1554.49,1527.67,26.82,0.5726
661186,2022,MIL,STL,1558.08,1604.08,-46.0,0.4684
661198,2022,BAL,WSH,1558.39,1443.41,114.98,0.69
661482,2022,CWS,TOR,1574.9,1599.91,-25.01,0.4986
661677,2022,MIN,CLE,1579.13,1612.73,-33.6,0.4862
661890,2022,TB,NYY,1606.74,1745.67,-138.93,0.3404
662221,2022,SD,ARI,1602.34,1561.69,40.65,0.592
663041,2022,CIN,LAD,1467.22,1646.69,-179.47,0.2901
663246,2022,BOS,DET,1626.01,1469.64,156.37,0.7385
663443,2022,LAA,KC,1545.13,1454.43,90.7,0.6593
661107,2022,PIT,CHC,1496.93,1388.15,108.78,0.6823
661141,2022,ATL,SF,1630.95,1618.91,12.04,0.5517
661192,2022,MIL,STL,1567.23,1594.92,-27.69,0.4947
661246,2022,BAL,WSH,1543.85,1472.49,71.35,0.6339
661393,2022,MIA,COL,1559.17,1520.64,38.53,0.589
661457,2022,CWS,TOR,1580.4,1594.41,-14.01,0.5144
661481,2022,CWS,TOR,1567.24,1607.57,-40.33,0.4765
661690,2022,MIN,CLE,1573.82,1618.04,-44.22,0.4709
661846,2022,TEX,PHI,1546.66,1607.27,-60.61,0.4475
661851,2022,TEX,PHI,1573.49,1589.38,-15.89,0.5117
661889,2022,TB,NYY,1613.62,1738.79,-125.17,0.3584
662245,2022,SD,ARI,1611.23,1552.81,58.42,0.6164
662248,2022,SD,ARI,1622.86,1541.17,81.69,0.6476
662360,2022,OAK,SEA,1385.07,1520.19,-135.12,0.3453
662749,2022,HOU,NYM,1616.18,1626.28,-10.1,0.52
662750,2022,HOU,NYM,1624.58,1617.88,6.7,0.5441
663040,2022,CIN,LAD,1454.69,1655.04,-200.35,0.266
663252,2022,BOS,DET,1628.72,1465.58,163.14,0.746
663442,2022,LAA,KC,1520.67,1478.89,41.78,0.5935
661106,2022,PIT,CHC,1461.0,1436.05,24.94,0.57
661140,2022,ATL,SF,1635.89,1613.96,21.93,0.5657
661183,2022,MIL,STL,1554.65,1607.5,-52.85,0.4586
661230,2022,MIL,STL,1563.95,1598.21,-34.26,0.4852
661325,2022,NYY,HOU,1742.55,1638.73,103.82,0.6761
661392,2022,MIA,COL,1568.13,1507.2,60.93,0.6198
661685,2022,MIN,CLE,1568.7,1623.16,-54.46,0.4563
662358,2022,OAK,SEA,1364.81,1535.38,-170.57,0.3007
662359,2022,OAK,SEA,1358.62,1540.02,-181.41,0.2878
663039,2022,CIN,LAD,1445.27,1661.31,-216.04,0.2487
663389,2022,LAA,KC,1510.98,1488.58,22.4,0.5664
661139,2022,ATL,LAD,1640.66,1667.81,-27.15,0.4955
661274,2022,NYY,HOU,1745.98,1635.3,110.68,0.6847
661382,2022,MIA,NYM,1572.23,1603.73,-31.49,0.4892
661456,2022,CWS,BAL,1572.94,1561.54,11.39,0.5508
661888,2022,TB,PIT,1609.86,1468.07,141.79,0.722
662227,2022,SD,PHI,1626.63,1580.86,45.77,0.5991
663054,2022,CLE,BOS,1617.28,1634.81,-17.53,0.5093
661138,2022,ATL,LAD,1629.81,1678.66,-48.86,0.4643
661190,2022,MIL,TOR,1558.65,1601.87,-43.22,0.4724
661264,2022,MIL,TOR,1545.37,1615.15,-69.78,0.4345
661271,2022,NYY,HOU,1734.52,1646.76,87.76,0.6555
661381,2022,MIA,NYM,1563.76,1612.2,-48.45,0.4649
661454,2022,CWS,BAL,1558.83,1575.65,-16.83,0.5103
661455,2022,CWS,BAL,1545.79,1588.7,-42.91,0.4728
661684,2022,MIN,COL,1574.59,1501.05,73.54,0.6368
661686,2022,MIN,COL,1567.75,1511.3,56.45,0.6138
661844,2022,TEX,WSH,1582.02,1454.8,127.22,0.7048
661887,2022,TB,PIT,1612.76,1463.73,149.03,0.7303
661898,2022,TEX,WSH,1574.63,1465.88,108.75,0.6823
661970,2022,STL,CHC,1603.51,1426.62,176.89,0.7607
661971,2022,STL,CHC,1607.4,1418.83,188.57,0.7727
662067,2022,SF,CIN,1609.19,1432.29,176.91,0.7607
662083,2022,SF,CIN,1596.82,1457.04,139.78,0.7197
662255,2022,SD,PHI,1611.52,1595.97,15.54,0.5567
662664,2022,KC,OAK,1470.12,1339.03,131.1,0.7095
662672,2022,KC,OAK,1477.35,1329.39,147.97,0.7291
663042,2022,CLE,BOS,1606.07,1646.02,-39.95,0.4771
663333,2022,ARI,DET,1535.52,1456.44,79.08,0.6441
663388,2022,LAA,SEA,1529.44,1554.72,-25.28,0.4982
661206,2022,MIL,TOR,1554.49,1609.07,-54.58,0.4561
661273,2022,NYY,HOU,1720.54,1660.74,59.8,0.6183
661380,2022,MIA,NYM,1555.76,1620.2,-64.44,0.4421
661453,2022,CWS,BAL,1530.36,1598.98,-68.63,0.4361
661512,2022,ATL,LAD,1639.02,1669.45,-30.43,0.4907
661692,2022,MIN,COL,1579.48,1493.71,85.76,0.6529
661847,2022,TEX,WSH,1577.99,1460.84,117.14,0.6926
661886,2022,TB,PIT,1615.56,1459.52,156.03,0.7381
661969,2022,STL,CHC,1591.62,1450.41,141.21,0.7213
662061,2022,SF,CIN,1605.59,1443.89,161.7,0.7444
662247,2022,SD,PHI,1616.4,1591.09,25.31,0.5705
662254,2022,SD,PHI,1606.48,1601.0,5.48,0.5423
662665,2022,KC,OAK,1459.34,1353.4,105.94,0.6787
663121,2022,CLE,BOS,1597.83,1654.25,-56.42,0.4535
663331,2022,ARI,DET,1511.5,1480.46,31.05,0.5786
663346,2022,ARI,DET,1527.56,1464.41,63.15,0.6229
663387,2022,LAA,SEA,1521.25,1560.18,-38.93,0.4785
663441,2022,LAA,SEA,1529.77,1554.5,-24.73,0.499
661275,2022,NYY,OAK,1728.78,1376.17,352.61,0.8973
661740,2022,TOR,BOS,1591.41,1666.93,-75.51,0.4264
661968,2022,STL,MIA,1584.1,1561.77,22.33,0.5663
662487,2022,WSH,PIT,1478.18,1453.08,25.11,0.5702
663016,2022,CLE,MIN,1585.16,1586.89,-1.73,0.532
661272,2022,NYY,OAK,1731.06,1371.61,359.45,0.9009
661580,2022,PHI,ATL,1613.0,1630.51,-17.51,0.5093
661728,2022,TOR,BOS,1607.31,1651.03,-43.72,0.4717
661885,2022,TB,MIL,1619.86,1572.14,47.71,0.6018
661967,2022,STL,MIA,1599.92,1545.95,53.96,0.6104
662168,2022,SEA,BAL,1563.17,1592.92,-29.75,0.4917
662484,2022,WSH,PIT,1485.25,1446.01,39.25,0.59
662521,2022,NYM,HOU,1614.19,1652.5,-38.31,0.4794
662681,2022,KC,TEX,1442.27,1566.43,-124.16,0.3597
662912,2022,COL,LAD,1482.6,1677.96,-195.36,0.2716
663033,2022,CLE,MIN,1564.76,1607.28,-42.52,0.4734
663045,2022,CLE,MIN,1550.3,1621.74,-71.44,0.4322
663440,2022,LAA,CWS,1516.76,1539.45,-22.69,0.5019
661134,2022,STL,MIA,1606.6,1535.93,70.68,0.633
661263,2022,NYY,OAK,1732.0,1369.72,362.28,0.9024
661584,2022,PHI,ATL,1604.12,1639.39,-35.27,0.4838
661727,2022,TOR,BOS,1613.06,1645.28,-32.23,0.4882
661879,2022,TB,MIL,1609.5,1582.5,27.0,0.5729
662060,2022,SF,DET,1582.52,1484.55,97.97,0.6687
662080,2022,SF,DET,1586.04,1479.27,106.76,0.6798
662151,2022,SEA,BAL,1547.03,1609.06,-62.03,0.4455
662186,2022,SEA,BAL,1572.21,1592.27,-20.05,0.5057
662440,2022,NYM,HOU,1597.62,1669.06,-71.44,0.4321
662493,2022,WSH,PIT,1495.87,1431.85,64.03,0.624
662615,2022,KC,TEX,1421.06,1577.03,-155.96,0.3187
662675,2022,KC,TEX,1404.0,1585.56,-181.56,0.2876
662911,2022,COL,LAD,1508.44,1660.73,-152.29,0.3233
663030,2022,CLE,MIN,1556.4,1615.64,-59.24,0.4495
663231,2022,CHC,CIN,1461.68,1490.03,-28.35,0.4937
663325,2022,ARI,SD,1507.41,1594.49,-87.07,0.4102
663344,2022,ARI,SD,1492.17,1604.65,-112.48,0.3754
663392,2022,LAA,CWS,1524.96,1531.25,-6.29,0.5255
661105,2022,PIT,MIL,1445.3,1592.44,-147.15,0.3298
661579,2022,PHI,ATL,1593.56,1649.95,-56.39,0.4535
661726,2022,TOR,TB,1607.72,1599.55,8.17,0.5462
662788,2022,HOU,NYY,1676.42,1733.48,-57.06,0.4526
662894,2022,COL,LAD,1529.5,1646.7,-117.2,0.369
662983,2022,CLE,MIN,1562.35,1609.7,-47.35,0.4665
663215,2022,CHC,CIN,1448.83,1502.88,-54.05,0.4569
663396,2022,LAA,CWS,1498.81,1557.4,-58.59,0.4504
661104,2022,PIT,MIL,1459.23,1585.48,-126.25,0.357
661582,2022,PHI,STL,1614.0,1599.8,14.2,0.5548
661725,2022,TOR,TB,1617.75,1589.52,28.22,0.5746
662150,2022,SEA,OAK,1580.82,1366.77,214.05,0.7974
662439,2022,NYM,TEX,1590.27,1578.26,12.0,0.5516
662492,2022,WSH,MIA,1485.79,1546.13,-60.34,0.4479
662733,2022,LAD,SD,1655.72,1598.06,57.66,0.6154
662834,2022,DET,KC,1490.06,1418.6,71.46,0.634
662964,2022,CLE,NYY,1571.53,1727.56,-156.03,0.3186
663038,2022,CIN,ATL,1480.09,1629.51,-149.43,0.327
663185,2022,CHC,BOS,1479.22,1650.62,-171.39,0.2998
663199,2022,CHC,CIN,1490.03,1463.94,26.09,0.5716
661103,2022,PIT,MIL,1435.81,1601.09,-165.28,0.3072
661581,2022,PHI,STL,1621.78,1592.03,29.75,0.5767
661683,2022,MIN,BAL,1600.52,1583.66,16.86,0.5585
661691,2022,MIN,BAL,1605.37,1578.8,26.58,0.5723
661724,2022,TOR,TB,1631.72,1575.55,56.17,0.6134
661836,2022,TOR,TB,1616.32,1590.95,25.37,0.5706
662079,2022,SF,CWS,1578.85,1545.53,33.32,0.5817
662101,2022,SF,CWS,1572.49,1555.06,17.43,0.5593
662149,2022,SEA,OAK,1584.07,1360.28,223.79,0.8063
662163,2022,SEA,OAK,1571.2,1386.01,185.19,0.7693
662456,2022,NYM,TEX,1595.21,1573.32,21.9,0.5657
662482,2022,WSH,MIA,1471.28,1560.63,-89.35,0.407
662609,2022,LAD,SD,1662.31,1591.47,70.84,0.6332
662718,2022,LAD,SD,1671.46,1582.32,89.14,0.6573
662748,2022,HOU,LAA,1682.34,1516.63,165.71,0.7488
662890,2022,HOU,LAA,1690.11,1504.97,185.15,0.7692
662904,2022,DET,KC,1473.87,1440.18,33.68,0.5823
662954,2022,CLE,NYY,1573.41,1725.68,-152.27,0.3234
662964,2022,CLE,NYY,1564.74,1734.35,-169.61,0.3019
662997,2022,COL,ARI,1515.96,1502.06,13.91,0.5543
663037,2022,CIN,ATL,1441.61,1640.27,-198.66,0.2679
663198,2022,CHC,BOS,1512.36,1643.41,-131.06,0.3506
661102,2022,PIT,MIL,1464.4,1586.8,-122.4,0.3621
661630,2022,PHI,STL,1615.47,1598.34,17.13,0.5589
661689,2022,MIN,BAL,1610.06,1574.11,35.95,0.5854
661723,2022,TOR,TB,1598.76,1608.51,-9.75,0.5205
662099,2022,SF,CWS,1562.74,1564.81,-2.08,0.5315
662162,2022,SEA,OAK,1573.56,1381.29,192.27,0.7764
662486,2022,WSH,MIA,1460.97,1567.51,-106.54,0.3834
662509,2022,NYM,TEX,1580.79,1587.74,-6.95,0.5245
662684,2022,LAD,SD,1680.9,1572.88,108.02,0.6814
662794,2022,DET,KC,1480.71,1431.06,49.65,0.6044
662889,2022,HOU,LAA,1697.6,1493.74,203.85,0.7878
662910,2022,COL,ARI,1490.24,1527.78,-37.54,0.4805
662913,2022,COL,ARI,1509.97,1508.05,1.91,0.5372
662957,2022,CLE,NYY,1554.41,1744.68,-190.27,0.2775
663052,2022,CIN,ATL,1430.72,1645.72,-215.01,0.2498
663186,2022,CHC,BOS,1528.52,1632.64,-104.12,0.3867
661073,2022,BAL,TEX,1584.24,1577.23,7.01,0.5445
661181,2022,MIL,CHC,1592.83,1518.78,74.04,0.6375
661511,2022,ATL,STL,1638.14,1587.07,51.08,0.6064
662270,2022,SD,SEA,1584.29,1575.85,8.45,0.5466
662541,2022,WSH,MIA,1448.8,1575.62,-126.82,0.3562
662841,2022,DET,CLE,1461.05,1566.1,-105.06,0.3854
662874,2022,HOU,KC,1701.01,1457.28,243.73,0.8236
662906,2022,DET,CLE,1476.51,1555.79,-79.28,0.4211
663036,2022,CIN,NYM,1445.87,1591.3,-145.43,0.332
663251,2022,BOS,TB,1639.13,1621.86,17.27,0.5591
663343,2022,ARI,SF,1500.36,1543.17,-42.81,0.473
661244,2022,BAL,TEX,1589.27,1572.19,17.08,0.5588
661379,2022,MIA,LAA,1579.35,1488.62,90.73,0.6594
661452,2022,CWS,MIN,1584.38,1599.94,-15.56,0.5121
661510,2022,ATL,STL,1646.68,1578.53,68.14,0.6296
661578,2022,PHI,WSH,1626.74,1441.33,185.41,0.7695
662226,2022,SD,SEA,1567.34,1592.8,-25.46,0.4979
662329,2022,PIT,NYY,1455.36,1732.99,-277.63,0.1885
662355,2022,OAK,TOR,1376.73,1585.42,-208.68,0.2567
662732,2022,LAD,COL,1669.48,1517.66,151.82,0.7334
662905,2022,DET,CLE,1495.1,1543.4,-48.3,0.4651
663035,2022,CIN,NYM,1432.06,1598.21,-166.15,0.3061
663245,2022,BOS,TB,1650.4,1610.59,39.8,0.5908
661187,2022,MIL,CHC,1600.61,1507.11,93.49,0.6629
661225,2022,MIL,CHC,1582.38,1534.46,47.92,0.602
661245,2022,BAL,TEX,1594.13,1567.34,26.79,0.5726
661378,2022,MIA,LAA,1582.98,1483.18,99.81,0.671
661413,2022,CWS,MIN,1573.1,1611.22,-38.12,0.4797
661426,2022,CWS,MIN,1578.77,1605.54,-26.77,0.496
661509,2022,ATL,STL,1657.86,1567.35,90.52,0.6591
661564,2022,PHI,WSH,1635.19,1424.43,210.76,0.7944
662328,2022,PIT,NYY,1479.33,1717.01,-237.68,0.2262
662353,2022,OAK,TOR,1411.7,1567.93,-156.24,0.3184
662354,2022,OAK,TOR,1405.1,1571.23,-166.13,0.3062
662731,2022,LAD,COL,1673.87,1511.08,162.78,0.7456
662814,2022,DET,CLE,1521.22,1517.28,3.95,0.5401
662847,2022,HOU,KC,1702.77,1454.64,248.13,0.8273
663051,2022,CIN,NYM,1446.37,1591.05,-144.69,0.333
663244,2022,BOS,TB,1635.45,1625.54,9.92,0.5487
663320,2022,ARI,SF,1522.59,1520.94,1.65,0.5368
661091,2022,BAL,LAA,1598.81,1504.53,94.28,0.6639
661521,2022,ATL,STL,1665.13,1560.08,105.04,0.6776
661566,2022,PHI,WSH,1627.15,1440.51,186.65,0.7708
662508,2022,NYM,MIA,1600.01,1568.75,31.27,0.5789
662630,2022,LAD,COL,1679.12,1503.2,175.92,0.7597
662746,2022,HOU,KC,1705.5,1450.55,254.95,0.8328
662747,2022,HOU,KC,1708.82,1445.56,263.26,0.8394
663071,2022,CIN,PIT,1428.45,1465.45,-37.0,0.4813
663140,2022,CIN,PIT,1411.81,1477.93,-66.12,0.4397
663233,2022,BOS,NYY,1618.45,1726.26,-107.81,0.3817
663318,2022,ARI,SF,1540.47,1503.06,37.4,0.5875
661108,2022,BAL,LAA,1605.96,1493.81,112.15,0.6865
661425,2022,CWS,DET,1563.51,1542.66,20.85,0.5642
661522,2022,ATL,WSH,1657.95,1433.08,224.88,0.8073
662156,2022,SEA,TOR,1605.47,1559.89,45.58,0.5988
662253,2022,SD,SF,1554.66,1518.29,36.37,0.586
662498,2022,NYM,MIA,1615.94,1552.81,63.13,0.6228
662730,2022,LAD,CHC,1681.59,1544.26,137.33,0.7168
663053,2022,CIN,TB,1439.83,1642.54,-202.71,0.2633
663202,2022,BOS,NYY,1614.41,1730.29,-115.88,0.3708
663317,2022,ARI,COL,1525.24,1499.5,25.74,0.5711
661071,2022,BAL,LAA,1609.27,1488.85,120.42,0.6966
661136,2022,STL,PHI,1567.26,1630.87,-63.61,0.4432
661137,2022,STL,PHI,1559.68,1638.44,-78.75,0.4219
661177,2022,MIL,PIT,1575.84,1456.92,118.92,0.6948
661224,2022,MIL,PIT,1579.05,1452.1,126.95,0.7045
661411,2022,CWS,DET,1557.31,1551.96,5.35,0.5421
661412,2022,CWS,DET,1573.37,1535.9,37.47,0.5875
661508,2022,ATL,WSH,1664.66,1419.66,245.0,0.8247
661842,2022,TEX,MIN,1562.65,1620.8,-58.15,0.451
661843,2022,TEX,MIN,1572.05,1611.4,-39.35,0.4779
662155,2022,SEA,TOR,1616.74,1548.62,68.12,0.6295
662225,2022,SD,SF,1559.18,1511.52,47.66,0.6017
662266,2022,SD,SF,1567.83,1498.55,69.28,0.6311
662351,2022,OAK,HOU,1427.78,1692.19,-264.41,0.2004
662352,2022,OAK,HOU,1443.62,1684.28,-240.66,0.2232
662497,2022,NYM,MIA,1602.51,1566.24,36.27,0.5859
662610,2022,LAD,CHC,1686.27,1537.23,149.04,0.7303
662614,2022,KC,CLE,1478.82,1495.84,-17.02,0.51
662663,2022,KC,CLE,1486.91,1487.75,-0.84,0.5333
663092,2022,CIN,TB,1454.79,1635.06,-180.27,0.2891
663223,2022,BOS,NYY,1602.69,1742.01,-139.32,0.3399
663310,2022,ARI,COL,1515.85,1508.89,6.96,0.5444
663319,2022,ARI,COL,1538.51,1486.23,52.29,0.6081
661092,2022,BAL,LAA,1612.46,1484.06,128.39,0.7063
661135,2022,STL,PHI,1555.17,1642.95,-87.79,0.4092
661178,2022,MIL,PIT,1571.67,1463.18,108.48,0.6819
661410,2022,CWS,DET,1563.22,1551.13,12.08,0.5517
661520,2022,ATL,WSH,1666.41,1416.16,250.25,0.829
661808,2022,TEX,MIN,1577.74,1605.71,-27.97,0.4943
662147,2022,SEA,TOR,1624.71,1536.67,88.04,0.6559
662183,2022,SEA,TOR,1628.38,1531.16,97.22,0.6677
662198,2022,SD,SF,1557.07,1514.68,42.39,0.5944
662215,2022,OAK,HOU,1432.08,1690.04,-257.96,0.2064
662496,2022,NYM,MIA,1607.03,1561.73,45.31,0.5984
662662,2022,KC,CLE,1454.09,1520.56,-66.47,0.4392
662683,2022,LAD,CHC,1689.07,1533.03,156.04,0.7382
662729,2022,LAD,CHC,1693.37,1526.58,166.79,0.7499
663048,2022,CIN,TB,1465.72,1627.78,-162.06,0.3112
663232,2022,BOS,NYY,1609.58,1735.13,-125.55,0.3579
663307,2022,ARI,COL,1528.63,1496.11,32.52,0.5806
661120,2022,STL,PHI,1561.47,1636.65,-75.19,0.4269
661324,2022,MIA,PIT,1572.03,1480.32,91.71,0.6606
661507,2022,ATL,NYM,1668.11,1596.72,71.39,0.6339
661878,2022,TB,BOS,1609.38,1626.99,-17.61,0.5092
662700,2022,KC,DET,1475.12,1543.3,-68.18,0.4368
662956,2022,CLE,CWS,1499.54,1571.05,-71.51,0.432
661119,2022,STL,LAD,1577.36,1697.46,-120.1,0.3651
661262,2022,NYY,CIN,1717.71,1493.31,224.4,0.8069
661377,2022,MIA,PIT,1555.7,1504.82,50.89,0.6061
661506,2022,ATL,NYM,1654.49,1610.34,44.15,0.5968
661688,2022,MIN,MIL,1611.12,1560.24,50.88,0.6061
661722,2022,TOR,PHI,1525.87,1620.77,-94.9,0.3994
661814,2022,TEX,OAK,1572.33,1421.49,150.84,0.7323
661877,2022,TB,BOS,1623.34,1613.03,10.31,0.5492
662100,2022,SF,ARI,1550.58,1519.11,31.47,0.5792
662531,2022,WSH,SEA,1412.76,1631.91,-219.15,0.2454
662661,2022,KC,DET,1489.52,1528.89,-39.37,0.4779
662976,2022,CLE,CWS,1520.78,1556.89,-36.1,0.4826
662996,2022,COL,SD,1505.63,1533.14,-27.52,0.4949
663087,2022,CLE,CWS,1497.09,1572.68,-75.6,0.4263
661118,2022,STL,LAD,1584.03,1690.78,-106.75,0.3831
661269,2022,NYY,CIN,1709.59,1505.49,204.1,0.788
661376,2022,MIA,PIT,1549.13,1514.67,34.46,0.5833
661505,2022,ATL,NYM,1663.26,1601.58,61.68,0.6209
661687,2022,MIN,MIL,1597.98,1573.38,24.6,0.5695
661721,2022,TOR,PHI,1535.45,1614.38,-78.93,0.4216
661813,2022,TEX,OAK,1576.73,1412.68,164.05,0.747
661876,2022,TB,BOS,1628.32,1608.06,20.26,0.5634
662107,2022,SF,ARI,1544.25,1528.61,15.64,0.5568
662108,2022,SF,ARI,1551.57,1521.29,30.28,0.5775
662517,2022,WSH,SEA,1417.89,1629.34,-211.45,0.2537
662531,2022,WSH,SEA,1409.76,1633.41,-223.65,0.2406
662659,2022,KC,DET,1509.33,1509.08,0.25,0.5348
662660,2022,KC,DET,1524.81,1493.61,31.2,0.5788
662949,2022,CLE,CWS,1515.54,1560.38,-44.84,0.47
662984,2022,COL,SD,1497.49,1541.27,-43.78,0.4716
663187,2022,CHC,BAL,1520.45,1619.6,-99.15,0.3935
663402,2022,LAA,HOU,1473.34,1695.34,-222.0,0.2424
661100,2022,COL,SD,1511.15,1527.61,-16.46,0.5109
661117,2022,STL,LAD,1579.98,1694.83,-114.85,0.3722
661261,2022,NYY,CIN,1711.74,1502.26,209.48,0.7932
661375,2022,MIA,PIT,1555.96,1507.85,48.11,0.6023
661675,2022,MIN,CWS,1607.43,1565.49,41.94,0.5938
661720,2022,TOR,KC,1561.52,1509.76,51.76,0.6073
661812,2022,TEX,OAK,1553.6,1458.94,94.67,0.6644
661875,2022,TB,BOS,1637.91,1598.46,39.45,0.5903
662518,2022,WSH,ATL,1404.91,1647.71,-242.8,0.2211
662895,2022,COL,SD,1527.31,1511.46,15.85,0.5571
663123,2022,CLE,DET,1507.88,1508.65,-0.77,0.5334
663230,2022,CHC,BAL,1510.53,1626.22,-115.7,0.371
663401,2022,LAA,HOU,1469.68,1697.78,-228.1,0.236
661101,2022,CHC,NYM,1494.06,1617.13,-123.06,0.3612
661115,2022,CHC,NYM,1476.03,1629.15,-153.13,0.3223
661260,2022,NYY,BOS,1703.71,1594.0,109.71,0.6835
661374,2022,MIA,PHI,1560.27,1597.0,-36.72,0.4817
661719,2022,TOR,KC,1551.09,1525.41,25.69,0.571
661811,2022,TEX,SEA,1560.74,1635.83,-75.09,0.427
661874,2022,TB,BAL,1642.38,1637.2,5.18,0.5419
662109,2022,SF,MIL,1569.17,1563.94,5.23,0.542
662516,2022,WSH,ATL,1400.5,1649.92,-249.42,0.2146
662942,2022,CLE,DET,1525.9,1490.64,35.26,0.5845
663386,2022,LAA,HOU,1502.01,1676.23,-174.22,0.2964
661081,2022,COL,PIT,1544.29,1501.37,42.92,0.5951
661113,2022,COL,PIT,1554.76,1490.9,63.86,0.6238
661114,2022,CHC,NYM,1478.79,1627.31,-148.52,0.3281
661116,2022,STL,CIN,1570.87,1514.31,56.56,0.6139
661259,2022,NYY,BOS,1696.49,1601.22,95.28,0.6652
661359,2022,MIA,PHI,1555.02,1602.25,-47.23,0.4666
661673,2022,MIN,CWS,1585.07,1587.85,-2.77,0.5305
661674,2022,MIN,CWS,1595.47,1577.44,18.03,0.5602
661718,2022,TOR,KC,1565.2,1504.25,60.96,0.6199
661809,2022,TEX,SEA,1556.16,1640.41,-84.25,0.4142
661810,2022,TEX,SEA,1551.74,1644.83,-93.1,0.4019
661873,2022,TB,BAL,1647.45,1632.13,15.32,0.5563
661966,2022,STL,CIN,1580.57,1499.77,80.8,0.6464
662072,2022,SF,MIL,1563.17,1569.93,-6.76,0.5248
662113,2022,SF,MIL,1573.68,1559.43,14.25,0.5548
662197,2022,SD,ARI,1494.47,1494.89,-0.42,0.5339
662483,2022,WSH,ATL,1390.57,1654.88,-264.31,0.2005
662909,2022,HOU,OAK,1679.27,1448.23,231.04,0.8128
662923,2022,HOU,OAK,1684.13,1438.52,245.61,0.8252
662952,2022,CLE,DET,1532.7,1483.83,48.87,0.6034
663385,2022,LAA,LAD,1497.44,1703.94,-206.5,0.2591
661080,2022,COL,PIT,1569.3,1469.1,100.2,0.6715
661082,2022,CHC,NYM,1473.68,1630.72,-157.04,0.3174
661115,2022,CHC,NYM,1484.28,1623.65,-139.38,0.3398
661258,2022,NYY,BOS,1710.04,1587.67,122.37,0.699
661373,2022,MIA,PHI,1537.49,1619.78,-82.29,0.4169
661672,2022,MIN,CWS,1581.17,1591.75,-10.59,0.5193
661717,2022,TOR,KC,1569.3,1498.09,71.21,0.6337
661821,2022,TEX,SEA,1540.68,1655.89,-115.2,0.3717
661872,2022,TB,BAL,1637.73,1641.84,-4.11,0.5286
661965,2022,STL,CIN,1592.56,1481.78,110.77,0.6848
662059,2022,SF,MIL,1578.58,1554.52,24.06,0.5687
662269,2022,SD,ARI,1506.76,1482.61,24.16,0.5689
662271,2022,SD,ARI,1491.92,1497.44,-5.52,0.5266
662530,2022,WSH,ATL,1382.63,1658.85,-276.22,0.1897
662908,2022,HOU,OAK,1665.02,1476.75,188.26,0.7724
662948,2022,CLE,DET,1555.03,1461.5,93.53,0.663
663415,2022,LAA,LAD,1484.95,1712.27,-227.32,0.2368
661421,2022,MIA,TEX,1521.97,1527.04,-5.07,0.5272
662408,2022,OAK,DET,1488.59,1464.1,24.49,0.5693
662411,2022,OAK,DET,1506.9,1445.79,61.12,0.6201
662775,2022,HOU,NYY,1657.12,1721.38,-64.25,0.4423
662776,2022,HOU,NYY,1666.65,1711.85,-45.21,0.4695
661072,2022,BAL,NYY,1633.57,1706.09,-72.52,0.4306
661504,2022,ATL,LAA,1640.31,1474.93,165.38,0.7484
661560,2022,PHI,CHC,1630.12,1478.96,151.16,0.7327
662327,2022,PIT,MIA,1496.72,1494.23,2.49,0.538
662481,2022,NYM,SD,1627.2,1499.78,127.42,0.7051
662685,2022,LAD,SF,1718.95,1589.57,129.38,0.7074
663060,2022,CIN,STL,1484.71,1590.61,-105.89,0.3843
663222,2022,BOS,TOR,1576.33,1575.54,0.79,0.5356
661057,2022,BAL,NYY,1628.95,1710.71,-81.77,0.4176
661193,2022,MIL,COL,1543.54,1550.89,-7.35,0.5239
661201,2022,MIL,COL,1551.43,1545.62,5.8,0.5428
661408,2022,CWS,CLE,1612.3,1553.3,59.0,0.6172
661409,2022,CWS,CLE,1616.43,1549.16,67.27,0.6284
661503,2022,ATL,LAA,1648.1,1463.25,184.85,0.7689
661523,2022,CWS,CLE,1597.45,1577.64,19.81,0.5627
661559,2022,PHI,CHC,1601.18,1522.38,78.79,0.6438
662146,2022,SEA,HOU,1664.98,1672.41,-7.43,0.5238
662167,2022,SEA,HOU,1655.81,1681.59,-25.79,0.4974
662344,2022,OAK,TEX,1480.96,1554.78,-73.82,0.4288
662436,2022,PIT,MIA,1469.9,1521.05,-51.16,0.461
662495,2022,NYM,SD,1612.41,1521.96,90.46,0.659
662589,2022,LAD,SF,1725.08,1583.44,141.64,0.7218
662608,2022,LAD,SF,1731.81,1576.71,155.1,0.7371
662657,2022,KC,TB,1488.74,1646.01,-157.27,0.3171
662658,2022,KC,TB,1509.94,1631.87,-121.93,0.3627
662902,2022,DET,MIN,1480.38,1560.62,-80.24,0.4198
663047,2022,CIN,STL,1507.4,1575.48,-68.08,0.4369
663221,2022,BOS,TOR,1549.11,1602.77,-53.66,0.4574
663306,2022,ARI,WSH,1489.59,1419.71,69.88,0.6319
661056,2022,BAL,NYY,1641.4,1698.26,-56.86,0.4529
661184,2022,MIL,COL,1564.5,1526.02,38.49,0.589
661407,2022,CWS,CLE,1585.08,1590.01,-4.93,0.5274
661502,2022,ATL,LAA,1654.21,1454.08,200.12,0.7842
661556,2022,PHI,CHC,1585.17,1546.39,38.78,0.5894
662145,2022,SEA,HOU,1644.9,1692.5,-47.6,0.4661
662343,2022,OAK,TEX,1490.15,1548.65,-58.5,0.4505
662348,2022,OAK,TEX,1475.55,1563.25,-87.7,0.4093
662357,2022,PIT,MIA,1478.66,1512.29,-33.63,0.4861
662458,2022,NYM,SD,1605.39,1532.49,72.91,0.636
662656,2022,KC,TB,1496.67,1640.72,-144.05,0.3338
662682,2022,LAD,SF,1736.13,1572.39,163.73,0.7466
662901,2022,DET,MIN,1464.74,1571.05,-106.31,0.3837
663059,2022,CIN,STL,1493.3,1584.88,-91.58,0.404
663220,2022,BOS,TOR,1534.25,1612.67,-78.42,0.4223
663305,2022,ARI,WSH,1509.3,1393.42,115.88,0.6911
663316,2022,ARI,WSH,1521.92,1376.6,145.32,0.7261
661055,2022,BAL,TB,1627.66,1629.73,-2.07,0.5315
661555,2022,PHI,ATL,1578.75,1628.94,-50.19,0.4624
662809,2022,DET,SD,1445.43,1520.76,-75.33,0.4267
663046,2022,CIN,MIA,1512.34,1520.26,-7.92,0.5231
663219,2022,BOS,CLE,1518.5,1579.55,-61.05,0.4469
661054,2022,BAL,TB,1639.71,1617.67,22.03,0.5659
661064,2022,CHC,PIT,1556.03,1470.69,85.33,0.6523
661065,2022,CHC,PIT,1561.91,1461.87,100.04,0.6713
661231,2022,MIL,COL,1568.98,1519.3,49.69,0.6045
661563,2022,PHI,ATL,1587.99,1619.7,-31.71,0.4889
661716,2022,TOR,STL,1623.17,1572.19,50.99,0.6063
662166,2022,SEA,TEX,1634.78,1553.27,81.51,0.6473
662347,2022,OAK,HOU,1490.53,1702.62,-212.09,0.253
662438,2022,NYM,NYY,1613.21,1712.0,-98.79,0.394
662576,2022,LAD,WSH,1741.36,1391.7,349.66,0.8958
662655,2022,KC,LAA,1513.15,1491.99,21.17,0.5646
662813,2022,DET,SD,1484.41,1491.53,-7.12,0.5243
663029,2022,CIN,MIA,1538.6,1494.0,44.6,0.5975
663203,2022,BOS,CLE,1532.69,1570.09,-37.4,0.4807
663315,2022,ARI,SF,1510.59,1567.16,-56.57,0.4533
661053,2022,BAL,TB,1647.26,1610.12,37.15,0.5871
661078,2022,COL,CWS,1534.88,1595.54,-60.66,0.4474
661079,2022,COL,CWS,1543.83,1589.57,-45.75,0.4687
661249,2022,MIL,MIN,1558.59,1583.91,-25.32,0.4981
661281,2022,MIL,MIN,1574.04,1568.47,5.57,0.5425
661554,2022,PHI,ATL,1577.3,1630.39,-53.09,0.4582
661715,2022,TOR,STL,1635.98,1559.38,76.59,0.6409
662165,2022,SEA,TEX,1638.55,1549.5,89.06,0.6572
662184,2022,SEA,TEX,1644.34,1540.81,103.53,0.6757
662345,2022,OAK,HOU,1508.49,1690.64,-182.15,0.2869
662346,2022,OAK,HOU,1525.86,1679.06,-153.21,0.3222
662420,2022,NYM,NYY,1626.07,1699.14,-73.06,0.4299
662565,2022,LAD,WSH,1724.21,1425.99,298.22,0.8647
662573,2022,LAD,WSH,1727.92,1418.57,309.35,0.872
662652,2022,KC,LAA,1534.68,1470.47,64.21,0.6243
662653,2022,KC,LAA,1511.25,1493.9,17.35,0.5592
662900,2022,DET,SD,1470.63,1505.31,-34.68,0.4846
663028,2022,CIN,MIA,1528.86,1503.74,25.12,0.5702
663191,2022,BOS,CLE,1512.36,1583.64,-71.28,0.4324
663294,2022,ARI,SF,1537.19,1549.43,-12.24,0.5169
663314,2022,ARI,SF,1549.86,1536.76,13.1,0.5532
661052,2022,BAL,TB,1637.12,1620.27,16.85,0.5585
661257,2022,NYY,KC,1693.02,1485.33,207.69,0.7915
661714,2022,TOR,DET,1618.22,1479.07,139.15,0.7189
662326,2022,PIT,PHI,1456.64,1592.46,-135.82,0.3444
663027,2022,CIN,MIA,1540.06,1492.53,47.53,0.6015
663200,2022,BOS,CLE,1505.4,1588.29,-82.89,0.416
661077,2022,COL,LAD,1536.19,1706.01,-169.82,0.3017
661256,2022,NYY,KC,1695.13,1482.16,212.97,0.7964
661372,2022,MIA,NYM,1502.33,1632.19,-129.86,0.3522
661501,2022,ATL,ARI,1615.22,1567.02,48.21,0.6024
661713,2022,TOR,DET,1622.87,1472.1,150.77,0.7322
661871,2022,TB,CLE,1610.55,1578.4,32.15,0.5801
662058,2022,SF,CHC,1519.6,1565.4,-45.79,0.4687
662435,2022,PIT,PHI,1451.24,1596.06,-144.82,0.3328
662477,2022,WSH,STL,1462.41,1577.14,-114.73,0.3723
662907,2022,HOU,SEA,1667.92,1647.78,20.15,0.5632
663026,2022,CIN,BAL,1530.27,1646.83,-116.57,0.3698
663190,2022,BOS,MIL,1520.23,1579.1,-58.87,0.45
663380,2022,LAA,TEX,1519.81,1535.66,-15.85,0.5117
661076,2022,COL,LAD,1518.45,1717.83,-199.38,0.2671
661255,2022,NYY,KC,1700.91,1473.49,227.42,0.8096
661371,2022,MIA,NYM,1493.56,1638.04,-144.48,0.3332
661406,2022,CWS,OAK,1594.67,1542.56,52.1,0.6078
661451,2022,CWS,OAK,1579.38,1565.5,13.88,0.5543
661499,2022,ATL,ARI,1623.85,1558.39,65.47,0.626
661712,2022,TOR,DET,1610.82,1490.17,120.65,0.6969
661870,2022,TB,CLE,1597.87,1591.08,6.79,0.5442
662057,2022,SF,CHC,1533.33,1556.25,-22.92,0.5016
662196,2022,SD,MIN,1496.87,1563.4,-66.54,0.4391
662268,2022,SD,MIN,1482.69,1572.86,-90.17,0.4059
662415,2022,PIT,PHI,1443.01,1601.55,-158.54,0.3155
662476,2022,WSH,STL,1448.74,1586.25,-137.51,0.3422
662738,2022,HOU,SEA,1675.53,1640.17,35.36,0.5846
662745,2022,HOU,SEA,1669.15,1646.55,22.6,0.5667
663025,2022,CIN,BAL,1516.7,1655.88,-139.18,0.3401
663192,2022,BOS,MIL,1505.65,1588.82,-83.17,0.4157
663379,2022,LAA,TEX,1506.41,1549.05,-42.64,0.4732
661254,2022,NYY,KC,1706.28,1465.43,240.85,0.8212
661370,2022,MIA,NYM,1481.48,1646.09,-164.61,0.308
661388,2022,CWS,OAK,1584.29,1560.59,23.7,0.5682
661498,2022,ATL,ARI,1633.21,1549.03,84.17,0.6508
661711,2022,TOR,DET,1615.87,1482.6,133.28,0.712
661869,2022,TB,CLE,1605.85,1583.09,22.76,0.5669
662071,2022,SF,CHC,1520.24,1564.97,-44.73,0.4702
662112,2022,SF,CHC,1540.3,1551.6,-11.3,0.5183
662267,2022,SD,MIN,1514.23,1551.83,-37.61,0.4804
662414,2022,PIT,PHI,1436.48,1604.81,-168.33,0.3035
662475,2022,WSH,STL,1462.47,1579.38,-116.91,0.3694
662918,2022,HOU,SEA,1685.61,1630.09,55.51,0.6125
662988,2022,COL,LAD,1514.38,1720.55,-206.17,0.2595
662989,2022,COL,LAD,1505.21,1726.66,-221.44,0.2429
663024,2022,CIN,BAL,1545.69,1636.55,-90.87,0.4049
663189,2022,BOS,MIL,1488.43,1600.3,-111.88,0.3762
663377,2022,LAA,TEX,1486.45,1569.01,-82.56,0.4165
663378,2022,LAA,TEX,1473.1,1577.92,-104.82,0.3857
661268,2022,NYY,SEA,1693.27,1625.9,67.37,0.6285
661369,2022,MIA,CIN,1468.1,1555.19,-87.09,0.4102
661671,2022,MIN,DET,1546.17,1473.56,72.6,0.6355
662474,2022,WSH,NYM,1447.39,1655.01,-207.63,0.2579
662947,2022,CLE,ARI,1592.95,1543.44,49.51,0.6042
661253,2022,NYY,SEA,1703.61,1615.57,88.04,0.6559
661368,2022,MIA,CIN,1457.69,1562.13,-104.43,0.3863
661387,2022,CWS,KC,1593.77,1484.95,108.81,0.6823
661496,2022,ATL,PHI,1636.94,1613.59,23.34,0.5677
661661,2022,MIN,DET,1555.47,1464.26,91.21,0.66
661820,2022,TEX,BAL,1567.61,1630.22,-62.6,0.4447
661868,2022,TB,TOR,1595.99,1621.9,-25.9,0.4973
661959,2022,STL,CHC,1589.44,1546.29,43.15,0.5955
662070,2022,SF,LAD,1548.27,1714.57,-166.3,0.3059
662224,2022,SD,COL,1522.72,1523.35,-0.62,0.5336
662250,2022,SD,COL,1538.24,1507.83,30.4,0.5777
662298,2022,PIT,MIL,1418.93,1583.29,-164.36,0.3083
662529,2022,WSH,NYM,1435.25,1661.08,-225.83,0.2383
662737,2022,HOU,BOS,1689.8,1513.96,175.84,0.7596
662941,2022,CLE,ARI,1597.25,1537.0,60.25,0.6189
661293,2022,NYY,SEA,1692.52,1626.65,65.87,0.6265
661367,2022,MIA,CIN,1451.56,1566.22,-114.66,0.3724
661385,2022,CWS,KC,1586.55,1495.77,90.79,0.6594
661386,2022,CWS,KC,1593.81,1484.88,108.92,0.6825
661500,2022,ATL,PHI,1654.49,1596.04,58.45,0.6165
661664,2022,MIN,DET,1544.33,1480.97,63.36,0.6231
661818,2022,TEX,BAL,1555.22,1642.61,-87.39,0.4098
661819,2022,TEX,BAL,1546.48,1651.35,-104.88,0.3857
661867,2022,TB,TOR,1587.35,1630.53,-43.18,0.4724
661945,2022,STL,CHC,1601.79,1527.76,74.04,0.6375
662056,2022,SF,LAD,1534.99,1723.42,-188.44,0.2796
662220,2022,SD,COL,1560.21,1485.87,74.34,0.6379
662324,2022,PIT,MIL,1441.55,1571.97,-130.42,0.3515
662552,2022,WSH,NYM,1470.83,1643.29,-172.47,0.2985
662725,2022,HOU,BOS,1682.0,1525.66,156.34,0.7385
662736,2022,HOU,BOS,1689.0,1515.16,173.84,0.7575
662946,2022,CLE,ARI,1583.88,1557.04,26.84,0.5726
663376,2022,LAA,OAK,1488.55,1551.11,-62.56,0.4447
661565,2022,PHI,WSH,1606.59,1460.14,146.46,0.7274
661660,2022,MIN,TOR,1556.52,1624.8,-68.28,0.4366
661932,2022,STL,CHC,1600.32,1529.97,70.35,0.6325
661945,2022,STL,CHC,1610.52,1514.66,95.87,0.666
662055,2022,SF,LAD,1525.04,1730.05,-205.02,0.2608
662114,2022,SF,LAD,1517.1,1735.34,-218.24,0.2464
662219,2022,SD,COL,1564.09,1480.04,84.05,0.6507
662244,2022,SD,COL,1547.95,1504.25,43.7,0.5962
662303,2022,PIT,MIL,1455.13,1565.18,-110.05,0.3786
662419,2022,NYM,ATL,1650.42,1643.93,6.49,0.5438
662812,2022,DET,TB,1468.78,1593.09,-124.31,0.3595
662975,2022,CLE,HOU,1593.25,1681.21,-87.97,0.409
663374,2022,LAA,OAK,1502.79,1541.62,-38.83,0.4787
663375,2022,LAA,OAK,1494.97,1549.45,-54.48,0.4562
661048,2022,BAL,PIT,1662.81,1464.98,197.84,0.7819
661063,2022,CHC,MIA,1509.33,1471.41,37.93,0.5882
661562,2022,PHI,WSH,1609.43,1455.88,153.54,0.7354
661817,2022,TEX,CWS,1529.28,1603.88,-74.59,0.4277
662418,2022,NYM,ATL,1658.42,1635.94,22.48,0.5665
662651,2022,KC,BOS,1469.79,1526.84,-57.05,0.4526
662811,2022,DET,TB,1455.64,1601.85,-146.22,0.331
662945,2022,CLE,HOU,1581.0,1693.46,-112.45,0.3754
661050,2022,BAL,PIT,1665.03,1461.65,203.38,0.7873
661062,2022,CHC,MIA,1516.07,1464.67,51.39,0.6068
661173,2022,MIL,CIN,1558.62,1552.99,5.63,0.5425
661174,2022,MIL,CIN,1549.11,1562.5,-13.39,0.5153
661561,2022,PHI,WSH,1616.52,1445.25,171.27,0.7547
661659,2022,MIN,TOR,1543.33,1637.98,-94.65,0.3997
661662,2022,MIN,TOR,1552.91,1631.6,-78.69,0.4219
661815,2022,TEX,CWS,1538.49,1597.74,-59.24,0.4495
661816,2022,TEX,CWS,1566.76,1578.89,-12.13,0.5171
661946,2022,STL,NYY,1614.07,1676.86,-62.78,0.4444
661949,2022,STL,NYY,1620.07,1670.87,-50.8,0.4615
662154,2022,SEA,LAA,1642.32,1483.23,159.09,0.7415
662164,2022,SEA,LAA,1644.99,1479.22,165.78,0.7488
662308,2022,OAK,SF,1561.19,1511.19,49.99,0.6049
662417,2022,NYM,ATL,1645.98,1648.38,-2.4,0.5311
662499,2022,NYM,ATL,1658.04,1636.31,21.73,0.5654
662564,2022,LAD,SD,1739.28,1568.83,170.45,0.7539
662649,2022,KC,BOS,1490.4,1506.23,-15.83,0.5118
662650,2022,KC,BOS,1498.46,1498.16,0.3,0.5349
662856,2022,DET,TB,1447.45,1607.31,-159.86,0.3139
662937,2022,CLE,HOU,1569.89,1704.58,-134.69,0.3459
663313,2022,ARI,COL,1547.68,1483.37,64.31,0.6244
661049,2022,BAL,PIT,1669.35,1455.17,214.18,0.7976
661061,2022,CHC,MIA,1530.91,1449.83,81.07,0.6468
661172,2022,MIL,CIN,1567.72,1550.09,17.63,0.5596
661558,2022,PHI,WSH,1623.6,1431.08,192.53,0.7767
661653,2022,MIN,TOR,1567.28,1617.23,-49.95,0.4627
661835,2022,TEX,CWS,1561.06,1584.59,-23.53,0.5007
661948,2022,STL,NYY,1625.9,1665.03,-39.13,0.4782
662153,2022,SEA,LAA,1637.27,1490.8,146.47,0.7274
662193,2022,SEA,LAA,1642.94,1482.3,160.64,0.7432
662332,2022,OAK,SF,1545.95,1534.04,11.92,0.5515
662416,2022,NYM,ATL,1667.59,1626.77,40.82,0.5922
662563,2022,LAD,SD,1746.88,1561.23,185.65,0.7697
662648,2022,KC,BOS,1480.67,1515.96,-35.29,0.4838
662654,2022,LAD,SD,1752.35,1555.76,196.59,0.7807
662810,2022,DET,TB,1492.43,1584.82,-92.4,0.4028
662944,2022,CLE,HOU,1583.56,1690.91,-107.35,0.3823
663288,2022,ARI,COL,1553.75,1477.3,76.45,0.6407
663300,2022,ARI,COL,1546.88,1487.6,59.28,0.6176
661047,2022,BAL,TOR,1645.17,1622.24,22.93,0.5671
662445,2022,NYM,CIN,1676.47,1559.85,116.62,0.692
661046,2022,BAL,TOR,1654.67,1612.74,41.93,0.5938
661060,2022,CHC,WSH,1510.15,1414.22,95.93,0.6661
661553,2022,PHI,MIA,1632.03,1477.5,154.53,0.7365
662152,2022,SEA,NYY,1621.37,1653.66,-32.28,0.4881
662218,2022,SD,SF,1549.99,1548.5,1.49,0.5366
662331,2022,OAK,LAA,1531.49,1514.65,16.85,0.5585
662444,2022,NYM,CIN,1684.0,1552.32,131.68,0.7102
662647,2022,KC,CWS,1507.46,1600.02,-92.56,0.4026
662779,2022,KC,CWS,1522.57,1589.94,-67.36,0.4379
662793,2022,DET,CLE,1473.13,1590.09,-116.96,0.3693
663201,2022,BOS,ATL,1489.16,1617.89,-128.72,0.3537
663304,2022,ARI,PIT,1556.7,1491.44,65.26,0.6257
661045,2022,BAL,TOR,1659.09,1608.32,50.77,0.606
661059,2022,CHC,WSH,1520.8,1400.03,120.77,0.6971
661182,2022,MIL,TB,1557.96,1597.69,-39.73,0.4774
661207,2022,MIL,TB,1566.98,1588.66,-21.68,0.5033
661557,2022,PHI,MIA,1637.49,1469.31,168.18,0.7514
662148,2022,SEA,NYY,1607.58,1667.45,-59.86,0.4486
662185,2022,SEA,NYY,1613.54,1661.49,-47.96,0.4656
662217,2022,SD,SF,1541.07,1557.42,-16.35,0.511
662246,2022,SD,SF,1563.74,1542.31,21.43,0.565
662316,2022,OAK,LAA,1522.27,1523.87,-1.59,0.5322
662330,2022,OAK,LAA,1513.42,1532.71,-19.29,0.5068
662443,2022,NYM,CIN,1691.04,1545.28,145.77,0.7266
662562,2022,LAD,MIN,1758.12,1562.26,195.86,0.78
662724,2022,HOU,TEX,1684.37,1545.64,138.74,0.7185
662791,2022,DET,CLE,1461.47,1597.87,-136.4,0.3437
662979,2022,COL,STL,1477.78,1637.27,-159.49,0.3143
663188,2022,BOS,ATL,1480.35,1623.76,-143.41,0.3346
663229,2022,CHC,WSH,1509.81,1414.68,95.12,0.665
663303,2022,ARI,PIT,1564.76,1479.35,85.41,0.6525
661608,2022,PHI,MIA,1640.05,1465.47,174.58,0.7583
662575,2022,LAD,MIN,1764.84,1555.54,209.3,0.793
662639,2022,KC,CWS,1515.51,1594.65,-79.14,0.4213
662645,2022,KC,CWS,1539.53,1578.64,-39.11,0.4783
662722,2022,HOU,TEX,1689.03,1538.65,150.38,0.7318
662723,2022,HOU,TEX,1695.49,1528.96,166.54,0.7497
662790,2022,DET,CLE,1456.08,1601.46,-145.37,0.3321
662891,2022,COL,STL,1515.91,1611.85,-95.95,0.3979
662892,2022,COL,STL,1531.12,1601.71,-70.59,0.4333
663023,2022,CIN,CHC,1531.75,1518.27,13.48,0.5537
663274,2022,BOS,BAL,1468.22,1657.94,-189.73,0.2781
663293,2022,ARI,PIT,1570.64,1470.53,100.12,0.6714
663302,2022,ARI,PIT,1580.43,1455.85,124.58,0.7017
661366,2022,MIA,ATL,1488.84,1631.85,-143.01,0.3351
661384,2022,CWS,DET,1569.63,1450.9,118.73,0.6946
661710,2022,TOR,CLE,1609.47,1604.91,4.56,0.541
661866,2022,TB,BAL,1583.21,1650.57,-67.37,0.4379
662434,2022,NYM,PHI,1700.06,1624.47,75.59,0.6395
662551,2022,WSH,SD,1403.39,1573.29,-169.9,0.3016
663177,2022,BOS,NYY,1479.27,1655.69,-176.42,0.2937
661360,2022,MIA,ATL,1483.61,1635.34,-151.73,0.324
661383,2022,CWS,DET,1574.72,1443.26,131.46,0.7099
661428,2022,MIA,ATL,1471.9,1643.15,-171.25,0.2999
661709,2022,TOR,CLE,1590.49,1623.89,-33.4,0.4865
661790,2022,TEX,SEA,1555.88,1619.34,-63.46,0.4435
661791,2022,TEX,SEA,1567.87,1607.34,-39.46,0.4778
661865,2022,TB,BAL,1569.07,1664.71,-95.64,0.3983
661947,2022,STL,MIL,1612.53,1572.44,40.09,0.5912
661951,2022,STL,MIL,1619.58,1565.38,54.2,0.6107
662111,2022,SF,PIT,1527.98,1473.36,54.62,0.6112
662428,2022,NYM,PHI,1693.2,1631.33,61.87,0.6211
662473,2022,WSH,SD,1387.34,1581.32,-193.98,0.2732
662670,2022,KC,LAD,1553.04,1769.04,-215.99,0.2488
662671,2022,KC,LAD,1544.35,1777.73,-233.38,0.2305
662817,2022,HOU,OAK,1677.55,1494.02,183.53,0.7676
662824,2022,HOU,OAK,1681.32,1488.36,192.96,0.7771
662978,2022,COL,ARI,1514.9,1568.76,-53.86,0.4571
663022,2022,CIN,CHC,1517.24,1532.78,-15.54,0.5122
663176,2022,BOS,NYY,1490.15,1648.44,-158.29,0.3158
663373,2022,LAA,MIN,1552.12,1551.35,0.77,0.5356
661338,2022,MIA,ATL,1462.64,1649.32,-186.68,0.2816
661450,2022,CWS,DET,1579.53,1433.64,145.9,0.7267
661708,2022,TOR,CLE,1596.1,1618.28,-22.18,0.5026
661789,2022,TEX,SEA,1555.79,1619.42,-63.64,0.4432
661864,2022,TB,BAL,1587.02,1646.76,-59.74,0.4488
661957,2022,STL,MIL,1612.97,1571.99,40.98,0.5924
662035,2022,SF,PIT,1537.98,1463.36,74.62,0.6382
662110,2022,SF,PIT,1543.8,1457.54,86.26,0.6536
662427,2022,NYM,PHI,1697.29,1627.24,70.05,0.6321
662472,2022,WSH,SD,1402.16,1573.91,-171.75,0.2993
662669,2022,KC,LAD,1535.39,1783.7,-248.31,0.2156
662801,2022,HOU,OAK,1688.52,1477.56,210.97,0.7945
662881,2022,COL,ARI,1528.87,1559.44,-30.57,0.4905
662882,2022,COL,ARI,1512.78,1570.17,-57.4,0.4521
663021,2022,CIN,CHC,1495.37,1554.65,-59.28,0.4494
663175,2022,BOS,NYY,1485.25,1651.71,-166.46,0.3058
663371,2022,LAA,MIN,1538.33,1565.13,-26.8,0.496
663372,2022,LAA,MIN,1551.46,1556.38,-4.92,0.5274
661283,2022,NYY,TB,1637.39,1598.93,38.47,0.5889
661358,2022,MIA,SD,1455.8,1582.56,-126.76,0.3563
661497,2022,ATL,NYM,1653.88,1708.39,-54.51,0.4562
661676,2022,MIN,KC,1548.09,1562.61,-14.52,0.5136
661707,2022,TOR,BAL,1581.83,1634.86,-53.02,0.4583
662471,2022,WSH,CHC,1384.87,1542.76,-157.89,0.3163
662948,2022,CLE,DET,1632.55,1424.63,207.92,0.7917
662977,2022,CLE,DET,1619.83,1450.05,169.78,0.7531
663020,2022,CIN,PHI,1513.21,1616.14,-102.93,0.3883
661199,2022,MIL,LAD,1563.12,1765.55,-202.44,0.2636
661250,2022,NYY,TB,1622.49,1613.83,8.66,0.5469
661357,2022,MIA,SD,1476.05,1569.06,-93.01,0.402
661449,2022,CWS,HOU,1584.04,1692.68,-108.64,0.3805
661495,2022,ATL,NYM,1675.66,1686.61,-10.95,0.5188
661682,2022,MIN,KC,1560.83,1554.12,6.71,0.5441
661706,2022,TOR,BAL,1570.31,1646.38,-76.07,0.4256
661834,2022,TEX,OAK,1565.3,1471.32,93.98,0.6636
661955,2022,STL,COL,1621.85,1492.2,129.65,0.7077
662034,2022,SF,ARI,1552.59,1583.89,-31.3,0.4895
662302,2022,PIT,BOS,1448.75,1506.72,-57.98,0.4513
662550,2022,WSH,CHC,1399.02,1532.15,-133.13,0.3479
662943,2022,CLE,DET,1624.92,1442.43,182.49,0.7665
663019,2022,CIN,PHI,1507.04,1620.25,-113.22,0.3744
663370,2022,LAA,SEA,1559.75,1609.91,-50.16,0.4624
661191,2022,MIL,LAD,1556.9,1771.77,-214.87,0.25
661266,2022,NYY,TB,1612.91,1623.41,-10.49,0.5194
661356,2022,MIA,SD,1485.59,1562.69,-77.1,0.4242
661448,2022,CWS,HOU,1594.41,1682.3,-87.89,0.4091
661494,2022,ATL,NYM,1689.39,1672.88,16.5,0.558
661654,2022,MIN,KC,1577.58,1537.38,40.2,0.5914
661705,2022,TOR,BAL,1563.08,1653.61,-90.53,0.4054
661833,2022,TEX,OAK,1568.88,1465.95,102.93,0.6749
661938,2022,STL,COL,1624.91,1487.61,137.3,0.7168
662004,2022,SF,ARI,1567.02,1569.46,-2.44,0.531
662301,2022,PIT,BOS,1433.29,1518.32,-85.03,0.4131
662470,2022,WSH,CHC,1387.49,1540.8,-153.31,0.322
662951,2022,CLE,DET,1617.07,1458.13,158.94,0.7414
663017,2022,CIN,PHI,1489.27,1632.1,-142.83,0.3354
663369,2022,LAA,SEA,1548.11,1621.55,-73.45,0.4293
663408,2022,LAA,SEA,1528.7,1634.49,-105.79,0.3844
661109,2022,BAL,CHC,1637.24,1545.81,91.43,0.6603
661171,2022,MIL,LAD,1564.48,1764.19,-199.72,0.2667
661179,2022,MIL,LAD,1561.77,1766.9,-205.14,0.2606
661265,2022,NYY,TOR,1618.22,1579.45,38.77,0.5894
661446,2022,CWS,HOU,1600.71,1676.0,-75.29,0.4267
661447,2022,CWS,HOU,1582.01,1694.71,-112.7,0.3751
661493,2022,ATL,NYM,1679.65,1682.62,-2.97,0.5302
661787,2022,TEX,OAK,1552.28,1490.86,61.42,0.6205
661788,2022,TEX,OAK,1564.56,1472.43,92.13,0.6612
661863,2022,TB,KC,1618.1,1521.87,96.23,0.6664
661937,2022,STL,COL,1631.77,1477.31,154.46,0.7364
662002,2022,SF,ARI,1572.22,1564.27,7.95,0.5458
662003,2022,SF,ARI,1556.62,1579.86,-23.24,0.5011
662413,2022,PIT,BOS,1410.49,1535.42,-124.93,0.3587
661044,2022,BAL,BOS,1630.21,1507.08,123.13,0.6999
661319,2022,NYY,TOR,1598.95,1598.72,0.23,0.5348
661492,2022,ATL,HOU,1684.85,1698.66,-13.81,0.5147
661607,2022,PHI,NYM,1625.18,1677.42,-52.24,0.4595
661862,2022,TB,KC,1628.05,1506.95,121.1,0.6975
662182,2022,SD,WSH,1576.33,1380.81,195.52,0.7797
662396,2022,PIT,CIN,1448.27,1499.65,-51.38,0.4607
662808,2022,DET,LAA,1448.81,1514.54,-65.72,0.4402
662936,2022,CLE,CWS,1623.28,1578.05,45.22,0.5983
663228,2022,CHC,MIL,1556.35,1573.65,-17.3,0.5096
661043,2022,BAL,BOS,1638.36,1494.86,143.5,0.724
661240,2022,NYY,TOR,1585.18,1612.49,-27.31,0.4952
661606,2022,PHI,NYM,1612.31,1690.28,-77.97,0.423
661610,2022,ATL,HOU,1697.27,1686.24,11.03,0.5502
661628,2022,PHI,NYM,1624.67,1677.92,-53.25,0.458
661655,2022,MIN,TEX,1587.91,1546.37,41.55,0.5932
661670,2022,MIN,TEX,1592.34,1539.72,52.62,0.6085
661861,2022,TB,KC,1620.72,1517.95,102.77,0.6748
662181,2022,SD,WSH,1563.74,1405.98,157.76,0.7401
662340,2022,OAK,SEA,1499.72,1643.93,-144.21,0.3336
662341,2022,OAK,SEA,1510.13,1637.0,-126.87,0.3561
662395,2022,PIT,CIN,1459.96,1490.89,-30.92,0.49
662574,2022,LAD,MIA,1755.02,1465.14,289.88,0.859
662880,2022,COL,SF,1461.71,1551.12,-89.41,0.407
662917,2022,DET,LAA,1439.33,1521.65,-82.32,0.4169
662953,2022,CLE,CWS,1632.01,1569.32,62.68,0.6222
663116,2022,CHC,MIL,1561.75,1568.26,-6.51,0.5252
663292,2022,ARI,STL,1585.36,1642.17,-56.82,0.4529
661051,2022,BAL,BOS,1630.82,1506.16,124.65,0.7018
661239,2022,NYY,TOR,1574.33,1623.34,-49.01,0.4641
661480,2022,ATL,HOU,1702.24,1681.28,20.96,0.5643
661602,2022,PHI,NYM,1610.75,1691.84,-81.09,0.4186
661652,2022,MIN,TEX,1585.75,1549.61,36.14,0.5857
661860,2022,TB,KC,1627.61,1507.61,120.01,0.6961
662179,2022,SD,WSH,1548.42,1436.61,111.81,0.6861
662180,2022,SD,WSH,1553.39,1429.99,123.41,0.7003
662300,2022,PIT,CIN,1433.26,1517.59,-84.33,0.414
662315,2022,OAK,SEA,1492.37,1648.84,-156.47,0.3181
662561,2022,LAD,MIA,1756.4,1463.07,293.33,0.8614
662600,2022,LAD,MIA,1760.47,1456.96,303.51,0.8682
662805,2022,DET,LAA,1451.8,1512.3,-60.5,0.4477
662878,2022,COL,SF,1480.67,1538.48,-57.81,0.4515
662879,2022,COL,SF,1473.35,1545.8,-72.45,0.4307
662974,2022,CLE,CWS,1621.37,1579.96,41.41,0.593
663115,2022,CHC,MIL,1567.0,1563.01,3.99,0.5402
663291,2022,ARI,STL,1573.99,1653.54,-79.56,0.4207
663301,2022,ARI,STL,1559.03,1668.5,-109.47,0.3794
661238,2022,NYY,NYM,1583.54,1696.32,-112.78,0.375
661601,2022,PHI,CIN,1606.27,1532.99,73.28,0.6365
661658,2022,MIN,TEX,1566.58,1578.37,-11.79,0.5176
661859,2022,TB,LAA,1630.81,1491.53,139.28,0.7191
662394,2022,PIT,ATL,1412.72,1696.04,-283.31,0.1835
662767,2022,KC,CWS,1502.81,1580.97,-78.16,0.4227
661237,2022,NYY,NYM,1594.0,1685.87,-91.87,0.4035
661600,2022,PHI,CIN,1614.08,1521.29,92.79,0.662
661858,2022,TB,LAA,1633.74,1487.14,146.6,0.7275
662314,2022,OAK,MIA,1509.15,1451.18,57.97,0.6158
662383,2022,PIT,ATL,1409.12,1697.84,-288.72,0.1789
662594,2022,LAD,MIL,1764.32,1574.97,189.35,0.7735
662914,2022,DET,SF,1472.56,1536.63,-64.07,0.4426
663114,2022,CHC,STL,1555.04,1674.86,-119.82,0.3655
663163,2022,CHC,STL,1551.2,1678.7,-127.5,0.3553
663174,2022,BOS,TOR,1498.72,1614.12,-115.4,0.3714
663461,2022,BAL,CWS,1635.78,1571.17,64.61,0.6248
661605,2022,PHI,CIN,1617.67,1515.89,101.78,0.6735
661857,2022,TB,LAA,1643.54,1472.44,171.1,0.7546
662142,2022,SEA,WSH,1637.65,1423.69,213.95,0.7973
662144,2022,SEA,WSH,1640.89,1417.2,223.69,0.8063
662212,2022,SD,CLE,1556.54,1620.36,-63.82,0.4429
662213,2022,SD,CLE,1542.22,1634.68,-92.46,0.4027
662338,2022,OAK,MIA,1489.19,1471.15,18.05,0.5602
662339,2022,OAK,MIA,1496.45,1463.89,32.56,0.5807
662371,2022,PIT,ATL,1400.05,1702.37,-302.32,0.1677
662605,2022,LAD,MIL,1745.98,1593.31,152.67,0.7344
662668,2022,KC,ARI,1517.51,1552.68,-35.16,0.4839
662800,2022,HOU,MIN,1687.48,1560.87,126.61,0.7041
662876,2022,COL,TEX,1482.52,1584.08,-101.56,0.3902
662877,2022,COL,TEX,1492.22,1577.61,-85.4,0.4126
662916,2022,DET,SF,1461.22,1547.97,-86.75,0.4107
663113,2022,CHC,STL,1561.91,1667.99,-106.08,0.384
663173,2022,BOS,TOR,1482.24,1625.11,-142.87,0.3353
663460,2022,BAL,CWS,1642.19,1564.76,77.42,0.6419
661604,2022,PHI,CIN,1623.16,1507.66,115.49,0.6906
661856,2022,TB,LAA,1646.07,1468.65,177.42,0.7612
662141,2022,SEA,CLE,1628.03,1641.48,-13.45,0.5152
662433,2022,NYM,COL,1675.8,1467.77,208.03,0.7918
662604,2022,LAD,MIL,1755.13,1584.16,170.98,0.7544
662640,2022,KC,ARI,1499.11,1564.94,-65.83,0.4401
662799,2022,HOU,MIN,1692.4,1555.95,136.45,0.7158
663172,2022,BOS,TOR,1477.0,1628.6,-151.6,0.3242
663216,2022,CHC,STL,1547.85,1682.04,-134.19,0.3465
663240,2022,CHC,STL,1576.62,1662.87,-86.25,0.4114
663459,2022,BAL,CWS,1631.29,1575.67,55.62,0.6126
661355,2022,MIA,LAD,1478.98,1762.23,-283.25,0.1836
661603,2022,PHI,PIT,1630.73,1387.95,242.78,0.8228
661704,2022,TOR,LAA,1631.97,1459.15,172.82,0.7564
662337,2022,OAK,NYY,1481.36,1604.06,-122.7,0.3617
662432,2022,NYM,COL,1679.15,1462.75,216.39,0.7996
662469,2022,WSH,CIN,1442.93,1496.31,-53.38,0.4578
662711,2022,HOU,MIN,1697.1,1551.25,145.86,0.7267
663171,2022,BOS,TB,1471.96,1652.4,-180.44,0.2889
661090,2022,HOU,BAL,1702.79,1635.48,67.31,0.6285
661180,2022,MIL,CHC,1577.06,1565.27,11.79,0.5513
661189,2022,MIL,CHC,1591.91,1550.42,41.49,0.5931
661354,2022,MIA,LAD,1472.69,1766.41,-293.72,0.1747
661444,2022,CWS,ARI,1571.47,1555.39,16.09,0.5574
661445,2022,CWS,ARI,1555.61,1571.25,-15.64,0.512
661599,2022,PHI,PIT,1634.27,1380.87,253.4,0.8316
661657,2022,MIN,SF,1545.56,1523.59,21.97,0.5658
661669,2022,MIN,SF,1552.71,1516.44,36.27,0.5859
661703,2022,TOR,LAA,1603.19,1502.32,100.87,0.6723
661785,2022,TEX,DET,1593.91,1485.6,108.31,0.6817
661786,2022,TEX,DET,1569.97,1521.51,48.47,0.6028
661939,2022,STL,ATL,1674.22,1708.42,-34.21,0.4853
661940,2022,STL,ATL,1679.84,1702.8,-22.97,0.5015
662143,2022,SEA,CLE,1636.5,1633.01,3.49,0.5395
662342,2022,OAK,NYY,1462.43,1616.68,-154.25,0.3209
662442,2022,NYM,COL,1681.17,1459.72,221.45,0.8042
662468,2022,WSH,CIN,1419.91,1513.58,-93.67,0.4011
662666,2022,KC,SD,1513.45,1532.03,-18.58,0.5078
662667,2022,KC,SD,1505.07,1540.41,-35.33,0.4837
662710,2022,HOU,BAL,1692.07,1646.19,45.87,0.5992
663170,2022,BOS,TB,1482.89,1645.11,-162.22,0.311
661089,2022,HOU,BAL,1681.75,1656.51,25.24,0.5704
661168,2022,MIL,CHC,1585.45,1556.88,28.58,0.5751
661353,2022,MIA,LAD,1484.81,1758.34,-273.53,0.1921
661443,2022,CWS,ARI,1541.03,1585.83,-44.79,0.4701
661598,2022,PHI,PIT,1638.97,1371.47,267.5,0.8426
661663,2022,MIN,SF,1567.72,1493.93,73.8,0.6371
661773,2022,TOR,LAA,1591.89,1519.27,72.62,0.6356
661784,2022,TEX,DET,1574.28,1515.04,59.24,0.6176
661950,2022,STL,ATL,1663.32,1719.32,-55.99,0.4541
662139,2022,SEA,CLE,1641.6,1627.91,13.69,0.554
662140,2022,SEA,CLE,1653.01,1616.49,36.52,0.5862
662335,2022,OAK,NYY,1457.44,1620.0,-162.56,0.3105
662336,2022,OAK,NYY,1478.8,1605.76,-126.96,0.356
662446,2022,NYM,COL,1685.12,1453.8,231.32,0.813
662467,2022,WSH,CIN,1400.1,1528.43,-128.34,0.3542
662638,2022,KC,SD,1479.97,1565.51,-85.54,0.4123
663211,2022,BOS,TB,1507.68,1628.59,-120.91,0.364
661352,2022,MIA,LAD,1476.28,1764.02,-287.74,0.1797
661651,2022,MIN,BOS,1577.79,1489.48,88.31,0.6562
661801,2022,TOR,CHC,1574.25,1549.5,24.75,0.5697
663018,2022,CIN,STL,1518.28,1675.13,-156.85,0.3176
661167,2022,MIL,PIT,1592.83,1414.54,178.28,0.7621
661351,2022,MIA,TB,1473.64,1640.72,-167.08,0.305
661479,2022,ATL,COL,1707.51,1466.04,241.47,0.8217
661648,2022,MIN,BOS,1583.6,1480.77,102.83,0.6748
661800,2022,TOR,CHC,1578.97,1542.42,36.54,0.5863
662001,2022,SF,SD,1478.83,1545.62,-66.8,0.4387
662426,2022,NYM,LAD,1676.96,1765.79,-88.83,0.4078
662466,2022,WSH,OAK,1413.63,1488.93,-75.3,0.4267
662804,2022,DET,SEA,1525.05,1646.62,-121.57,0.3632
662973,2022,CLE,BAL,1622.89,1649.05,-26.16,0.4969
663137,2022,CIN,STL,1501.9,1686.06,-184.16,0.2846
663332,2022,ARI,PHI,1590.94,1617.43,-26.5,0.4964
663424,2022,LAA,NYY,1545.73,1599.01,-53.29,0.458
661165,2022,MIL,PIT,1596.69,1406.81,189.89,0.774
661166,2022,MIL,PIT,1602.66,1394.88,207.78,0.7915
661350,2022,MIA,TB,1461.45,1648.84,-187.4,0.2808
661442,2022,CWS,KC,1533.37,1509.8,23.57,0.568
661478,2022,ATL,COL,1699.3,1478.36,220.94,0.8038
661649,2022,MIN,BOS,1592.5,1467.41,125.09,0.7023
661779,2022,TOR,CHC,1586.12,1531.69,54.43,0.611
661831,2022,TEX,HOU,1567.62,1689.22,-121.6,0.3631
661832,2022,TEX,HOU,1561.57,1695.27,-133.7,0.3472
662000,2022,SF,SD,1471.74,1552.71,-80.96,0.4188
662033,2022,SF,SD,1465.03,1557.19,-92.16,0.4031
662447,2022,NYM,LAD,1672.61,1770.13,-97.52,0.3957
662465,2022,WSH,OAK,1392.38,1504.87,-112.49,0.3753
662903,2022,DET,SEA,1508.98,1657.33,-148.35,0.3283
662972,2022,CLE,BAL,1635.69,1636.24,-0.55,0.5337
662995,2022,CIN,STL,1527.4,1669.05,-141.66,0.3369
663286,2022,ARI,PHI,1606.43,1601.94,4.49,0.5409
663437,2022,LAA,NYY,1554.53,1593.14,-38.61,0.479
661440,2022,CWS,KC,1518.55,1524.62,-6.06,0.5258
661441,2022,CWS,KC,1540.64,1502.53,38.11,0.5884
661477,2022,ATL,COL,1701.27,1475.39,225.88,0.8082
662410,2022,NYM,LAD,1679.03,1763.72,-84.69,0.4135
662491,2022,WSH,OAK,1422.99,1481.91,-58.93,0.4499
662785,2022,DET,SEA,1500.87,1662.74,-161.87,0.3114
662971,2022,CLE,BAL,1621.95,1649.98,-28.03,0.4942
663210,2022,BOS,TEX,1478.46,1555.81,-77.35,0.4238
663312,2022,ARI,PHI,1623.31,1585.06,38.25,0.5886
663410,2022,LAA,NYY,1544.09,1603.58,-59.49,0.4491
661476,2022,ATL,MIA,1705.13,1457.14,247.99,0.8272
661855,2022,TB,NYY,1651.71,1597.63,54.08,0.6105
662356,2022,PIT,TOR,1420.31,1575.64,-155.33,0.3195
662409,2022,NYM,WSH,1688.96,1441.82,247.13,0.8265
662915,2022,DET,KC,1486.39,1491.86,-5.47,0.5266
662961,2022,CLE,SEA,1611.13,1672.39,-61.26,0.4466
663133,2022,CIN,COL,1519.05,1469.6,49.45,0.6042
663212,2022,BOS,TEX,1487.72,1549.64,-61.92,0.4456
663290,2022,ARI,MIL,1597.08,1589.94,7.13,0.5447
663356,2022,BAL,OAK,1660.81,1467.79,193.02,0.7772
661438,2022,CWS,MIN,1551.3,1585.13,-33.83,0.4859
661439,2022,CWS,MIN,1572.68,1563.75,8.93,0.5473
661475,2022,ATL,MIA,1710.3,1449.39,260.91,0.8375
661854,2022,TB,NYY,1665.72,1583.63,82.09,0.6481
661920,2022,STL,CHC,1674.62,1547.41,127.2,0.7048
661928,2022,STL,CHC,1684.43,1532.7,151.73,0.7333
662031,2022,SF,PHI,1458.59,1611.29,-152.7,0.3228
662032,2022,SF,PHI,1469.12,1604.27,-135.14,0.3453
662286,2022,PIT,TOR,1404.94,1583.33,-178.39,0.2914
662425,2022,NYM,WSH,1692.97,1433.79,259.19,0.8362
662603,2022,LAD,SD,1753.79,1561.48,192.31,0.7765
662803,2022,DET,KC,1494.25,1484.01,10.24,0.5491
662963,2022,CLE,SEA,1598.67,1684.84,-86.17,0.4115
663108,2022,CIN,COL,1525.49,1463.16,62.33,0.6217
663214,2022,BOS,TEX,1516.15,1521.21,-5.05,0.5272
663285,2022,ARI,MIL,1610.09,1576.93,33.16,0.5815
663355,2022,BAL,OAK,1665.35,1460.97,204.38,0.7883
663428,2022,LAA,HOU,1553.01,1701.02,-148.01,0.3288
661437,2022,CWS,MIN,1577.69,1558.75,18.94,0.5615
661474,2022,ATL,MIA,1711.91,1446.17,265.74,0.8413
661853,2022,TB,NYY,1669.48,1579.87,89.61,0.6579
661927,2022,STL,CHC,1690.85,1523.06,167.79,0.751
662030,2022,SF,PHI,1507.09,1578.95,-71.86,0.4316
662299,2022,PIT,TOR,1392.98,1589.3,-196.32,0.2705
662424,2022,NYM,WSH,1669.68,1480.37,189.31,0.7735
662597,2022,LAD,SD,1731.56,1583.71,147.85,0.7289
662599,2022,LAD,SD,1741.66,1573.61,168.05,0.7513
662786,2022,DET,KC,1462.79,1515.46,-52.67,0.4588
662962,2022,CLE,SEA,1588.48,1695.04,-106.56,0.3834
663107,2022,CIN,COL,1523.53,1465.13,58.39,0.6164
663108,2022,CIN,COL,1500.33,1488.33,12.0,0.5516
663213,2022,BOS,TEX,1528.59,1508.77,19.82,0.5627
663311,2022,ARI,MIL,1614.66,1572.36,42.3,0.5943
663321,2022,ARI,MIL,1624.91,1562.11,62.8,0.6224
663354,2022,BAL,OAK,1671.8,1451.3,220.49,0.8034
663435,2022,LAA,HOU,1547.6,1706.43,-158.84,0.3151
663436,2022,LAA,HOU,1532.1,1716.77,-184.67,0.284
661045,2022,BAL,TOR,1650.86,1592.06,58.8,0.617
661088,2022,HOU,TEX,1709.44,1494.35,215.09,0.7984
661236,2022,NYY,MIN,1586.88,1573.09,13.79,0.5542
661852,2022,TB,BOS,1662.47,1543.01,119.46,0.6955
661926,2022,STL,WSH,1694.92,1513.63,181.29,0.7653
662121,2022,SEA,CWS,1703.15,1563.35,139.8,0.7197
662211,2022,SD,ARI,1566.99,1614.28,-47.29,0.4665
662283,2022,PIT,NYM,1387.47,1647.51,-260.04,0.2044
662860,2022,COL,MIL,1462.66,1572.75,-110.08,0.3786
663353,2022,BAL,TOR,1635.39,1607.53,27.86,0.5741
661235,2022,NYY,MIN,1596.71,1563.26,33.45,0.5819
661597,2022,PHI,MIA,1569.28,1437.35,131.92,0.7105
661925,2022,STL,WSH,1672.91,1546.65,126.26,0.7037
662043,2022,TB,BOS,1665.67,1538.2,127.47,0.7051
662282,2022,PIT,NYM,1393.33,1644.58,-251.24,0.2128
662602,2022,LAD,SF,1748.28,1521.61,226.67,0.8089
662646,2022,KC,CLE,1522.92,1580.37,-57.45,0.452
663242,2022,CHC,CIN,1516.96,1526.0,-9.03,0.5215
663434,2022,LAA,DET,1543.09,1455.34,87.75,0.6555
663458,2022,BAL,TOR,1620.79,1622.13,-1.34,0.5326
661087,2022,HOU,TEX,1711.48,1491.3,220.18,0.8031
661235,2022,NYY,MIN,1595.81,1564.15,31.66,0.5794
661251,2022,NYY,MIN,1608.72,1551.24,57.47,0.6151
661596,2022,PHI,MIA,1572.31,1431.29,141.01,0.7211
661924,2022,STL,WSH,1679.12,1537.32,141.8,0.722
662065,2022,TB,BOS,1672.85,1527.44,145.41,0.7262
662137,2022,SEA,CWS,1695.65,1570.86,124.79,0.7019
662138,2022,SEA,CWS,1680.91,1585.59,95.32,0.6653
662205,2022,SD,ARI,1553.89,1627.37,-73.48,0.4293
662283,2022,PIT,NYM,1437.33,1622.58,-185.25,0.2833
662285,2022,PIT,NYM,1423.87,1629.31,-205.44,0.2603
662312,2022,OAK,ATL,1482.7,1716.32,-233.61,0.2303
662313,2022,OAK,ATL,1474.66,1721.68,-247.02,0.2169
662582,2022,LAD,SF,1732.01,1546.01,186.01,0.7701
662601,2022,LAD,SF,1737.47,1537.82,199.65,0.7837
662644,2022,KC,CLE,1515.59,1585.25,-69.66,0.4347
662859,2022,COL,MIL,1453.16,1579.09,-125.93,0.3574
662871,2022,COL,MIL,1473.38,1565.6,-92.22,0.4031
663168,2022,CHC,CIN,1539.22,1503.74,35.48,0.5848
663407,2022,LAA,DET,1562.15,1436.27,125.88,0.7032
663409,2022,LAA,DET,1565.27,1430.04,135.22,0.7143
663457,2022,BAL,TOR,1631.15,1611.77,19.38,0.5621
661086,2022,HOU,TEX,1703.38,1503.44,199.94,0.784
661219,2022,MIL,SF,1550.85,1531.22,19.63,0.5625
661233,2022,MIL,SF,1555.66,1524.01,31.65,0.5794
661252,2022,NYY,MIN,1612.88,1547.09,65.79,0.6264
661595,2022,PHI,MIA,1575.21,1425.48,149.73,0.7311
661923,2022,STL,WSH,1682.02,1532.98,149.04,0.7303
662216,2022,SD,ARI,1560.02,1621.25,-61.23,0.4466
662643,2022,KC,CLE,1501.57,1594.6,-93.02,0.402
663241,2022,CHC,CIN,1512.34,1530.62,-18.28,0.5082
661234,2022,NYY,TB,1606.13,1675.7,-69.57,0.4348
661337,2022,MIA,NYM,1440.66,1638.44,-197.78,0.2689
661594,2022,PHI,WSH,1567.62,1562.39,5.23,0.542
662284,2022,PIT,STL,1405.6,1662.41,-256.81,0.2075
662334,2022,OAK,CWS,1471.42,1578.47,-107.05,0.3827
663217,2022,CHC,SF,1503.96,1513.08,-9.12,0.5214
663456,2022,BAL,BOS,1618.79,1523.17,95.63,0.6657
661084,2022,HOU,LAA,1705.58,1557.8,147.77,0.7289
661085,2022,HOU,LAA,1686.0,1577.38,108.61,0.6821
661175,2022,MIL,CIN,1562.95,1539.0,23.95,0.5686
661185,2022,MIL,CIN,1573.94,1522.52,51.42,0.6069
661282,2022,NYY,TB,1598.72,1683.11,-84.38,0.414
661323,2022,MIA,NYM,1470.42,1623.56,-153.14,0.3223
661593,2022,PHI,WSH,1575.65,1554.36,21.3,0.5648
661650,2022,MIN,CLE,1557.2,1588.23,-31.03,0.4899
661665,2022,MIN,CLE,1551.85,1593.59,-41.74,0.4745
661830,2022,TEX,TOR,1500.15,1624.13,-123.98,0.36
661841,2022,TEX,TOR,1494.48,1627.91,-133.43,0.3475
661850,2022,SD,LAD,1571.96,1741.87,-169.91,0.3016
662136,2022,SEA,ATL,1688.03,1723.84,-35.81,0.483
662265,2022,PIT,STL,1449.8,1640.32,-190.52,0.2772
662322,2022,OAK,CWS,1448.95,1593.45,-144.5,0.3332
662333,2022,OAK,CWS,1426.97,1604.44,-177.48,0.2925
662636,2022,KC,DET,1511.12,1444.97,66.14,0.6269
662637,2022,KC,DET,1487.61,1476.32,11.29,0.5506
662870,2022,COL,ARI,1495.51,1609.3,-113.79,0.3736
663127,2022,CHC,SF,1516.52,1500.51,16.01,0.5573
663455,2022,BAL,BOS,1622.35,1517.84,104.51,0.6769
661083,2022,HOU,LAA,1689.36,1574.02,115.33,0.6904
661176,2022,MIL,CIN,1555.47,1550.21,5.26,0.542
661232,2022,NYY,TB,1617.5,1664.33,-46.83,0.4672
661322,2022,MIA,NYM,1454.53,1634.16,-179.62,0.2899
661592,2022,PHI,WSH,1585.21,1544.8,40.42,0.5917
661647,2022,MIN,CLE,1543.66,1601.77,-58.11,0.4511
661839,2022,TEX,TOR,1481.82,1636.34,-154.52,0.3205
661848,2022,SD,LAD,1579.15,1734.68,-155.53,0.3193
661849,2022,SD,LAD,1568.17,1745.67,-177.5,0.2924
662088,2022,SEA,ATL,1679.67,1732.2,-52.52,0.459
662120,2022,SEA,ATL,1688.96,1722.91,-33.95,0.4857
662323,2022,OAK,CWS,1417.45,1609.2,-191.75,0.2758
662325,2022,PIT,STL,1440.83,1644.8,-203.97,0.2619
662635,2022,KC,DET,1458.72,1505.2,-46.48,0.4677
662868,2022,COL,ARI,1515.33,1596.09,-80.77,0.419
662869,2022,COL,ARI,1496.45,1608.68,-112.23,0.3757
663264,2022,BAL,BOS,1595.06,1558.77,36.29,0.5859
661419,2022,MIA,TEX,1442.01,1502.95,-60.93,0.4471
661420,2022,MIA,TEX,1469.73,1482.16,-12.44,0.5166
661799,2022,TOR,TB,1622.26,1648.09,-25.82,0.4974
662423,2022,NYM,CHC,1642.5,1498.11,144.39,0.725
662782,2022,DET,HOU,1485.07,1699.7,-214.63,0.2502
662970,2022,CLE,LAA,1611.52,1563.68,47.84,0.6019
663085,2022,CIN,PIT,1545.14,1435.51,109.63,0.6834
663130,2022,CHC,SF,1520.75,1518.92,1.83,0.5371
661320,2022,MIA,PHI,1461.18,1592.26,-131.08,0.3506
661645,2022,MIN,KC,1529.04,1478.86,50.18,0.6052
661798,2022,TOR,TB,1627.77,1642.58,-14.81,0.5132
661840,2022,TOR,TB,1641.63,1628.72,12.92,0.5529
661922,2022,STL,MIL,1647.46,1560.54,86.91,0.6544
662029,2022,SF,ATL,1533.07,1717.29,-184.22,0.2845
662430,2022,NYM,CHC,1627.41,1506.6,120.81,0.6971
662464,2022,WSH,BAL,1534.23,1588.67,-54.44,0.4563
662787,2022,DET,HOU,1473.69,1707.28,-233.59,0.2303
662965,2022,CLE,LAA,1615.84,1559.36,56.48,0.6138
663106,2022,CIN,PIT,1523.49,1464.39,59.1,0.6174
663158,2022,CIN,PIT,1513.49,1474.39,39.1,0.5898
663160,2022,BOS,NYY,1565.16,1633.75,-68.59,0.4362
663324,2022,ARI,LAD,1595.5,1752.63,-157.13,0.3173
661336,2022,MIA,PHI,1455.67,1595.93,-140.26,0.3387
661435,2022,CWS,COL,1587.03,1516.21,70.82,0.6332
661436,2022,CWS,COL,1573.43,1536.62,36.81,0.5866
661646,2022,MIN,KC,1541.88,1466.01,75.87,0.6399
661770,2022,TOR,TB,1631.97,1638.38,-6.41,0.5253
661838,2022,TEX,OAK,1490.71,1461.78,28.93,0.5756
661921,2022,STL,MIL,1631.25,1576.75,54.49,0.6111
662027,2022,SF,ATL,1544.05,1709.97,-165.92,0.3064
662028,2022,SF,ATL,1565.51,1695.66,-130.16,0.3518
662118,2022,SEA,SD,1694.58,1561.2,133.38,0.7122
662119,2022,SEA,SD,1702.36,1553.42,148.94,0.7302
662422,2022,NYM,CHC,1612.75,1528.59,84.17,0.6508
662463,2022,WSH,BAL,1526.82,1593.61,-66.79,0.4387
662792,2022,DET,HOU,1466.76,1711.9,-245.14,0.2187
662969,2022,CLE,LAA,1622.46,1552.74,69.72,0.6317
663006,2022,CIN,PIT,1488.57,1499.31,-10.74,0.5191
663159,2022,BOS,NYY,1560.47,1638.44,-77.97,0.423
663323,2022,ARI,LAD,1586.28,1761.85,-175.57,0.2947
661321,2022,MIA,PHI,1441.98,1605.06,-163.07,0.3099
661644,2022,MIN,KC,1555.33,1452.57,102.76,0.6747
661822,2022,TOR,TB,1644.16,1626.19,17.97,0.5601
661829,2022,TEX,OAK,1497.68,1454.81,42.86,0.5951
661919,2022,STL,CIN,1639.66,1464.44,175.22,0.7589
662398,2022,NYM,PIT,1598.85,1523.43,75.42,0.6393
662709,2022,HOU,OAK,1714.08,1464.52,249.56,0.8285
662974,2022,CLE,CWS,1628.74,1580.58,48.16,0.6024
663322,2022,ARI,LAD,1579.25,1768.88,-189.63,0.2782
661473,2022,ATL,PHI,1704.22,1593.77,110.45,0.6844
661776,2022,TOR,BAL,1622.07,1604.57,17.5,0.5594
662064,2022,TB,TEX,1648.28,1487.97,160.31,0.7429
662404,2022,NYM,PIT,1609.71,1507.15,102.56,0.6745
662490,2022,WSH,MIA,1510.37,1464.57,45.8,0.5991
662781,2022,DET,CWS,1463.49,1598.93,-135.44,0.3449
662959,2022,CLE,MIN,1610.38,1558.78,51.61,0.6071
663126,2022,CHC,COL,1549.44,1525.9,23.54,0.568
663209,2022,BOS,KC,1553.29,1447.4,105.89,0.6787
663284,2022,ARI,SD,1590.93,1565.44,25.5,0.5708
661163,2022,MIL,NYY,1568.34,1645.62,-77.28,0.4239
661164,2022,MIL,NYY,1580.68,1633.27,-52.59,0.4589
661472,2022,ATL,PHI,1712.83,1585.15,127.68,0.7054
661769,2022,TOR,BAL,1631.77,1594.88,36.89,0.5867
661952,2022,STL,CIN,1631.87,1476.14,155.73,0.7378
661953,2022,STL,CIN,1634.58,1472.06,162.52,0.7453
661965,2022,STL,CIN,1637.21,1468.12,169.1,0.7524
662015,2022,TB,TEX,1640.6,1499.49,141.11,0.7212
662026,2022,SF,LAD,1556.96,1757.2,-200.25,0.2661
662403,2022,NYM,PIT,1613.16,1501.97,111.18,0.6853
662462,2022,WSH,MIA,1516.9,1458.04,58.87,0.617
662740,2022,HOU,OAK,1717.5,1459.4,258.1,0.8353
662784,2022,DET,CWS,1473.75,1592.08,-118.33,0.3675
662823,2022,HOU,OAK,1721.73,1453.06,268.67,0.8435
662958,2022,CLE,MIN,1614.64,1554.52,60.12,0.6188
663129,2022,CHC,COL,1556.55,1518.79,37.76,0.588
663141,2022,CLE,MIN,1618.76,1550.4,68.35,0.6299
663208,2022,BOS,KC,1556.69,1440.6,116.09,0.6913
663283,2022,ARI,SD,1601.86,1554.51,47.35,0.6013
663427,2022,LAA,SEA,1546.47,1690.34,-143.87,0.334
661162,2022,MIL,NYY,1586.54,1627.41,-40.87,0.4757
661471,2022,ATL,PHI,1715.92,1582.06,133.86,0.7127
661780,2022,TOR,BAL,1640.78,1585.86,54.92,0.6117
661930,2022,STL,CIN,1643.13,1459.24,183.9,0.7679
661994,2022,TB,TEX,1647.35,1489.37,157.98,0.7403
662024,2022,SF,LAD,1549.96,1764.19,-214.23,0.2507
662025,2022,SF,LAD,1540.14,1770.74,-230.6,0.2334
662402,2022,NYM,PIT,1620.87,1490.4,130.47,0.7087
662461,2022,WSH,MIA,1526.74,1448.2,78.53,0.6434
662783,2022,DET,CWS,1467.95,1595.95,-128.0,0.3546
662822,2022,HOU,OAK,1705.05,1478.07,226.98,0.8092
662968,2022,CLE,MIN,1628.0,1541.16,86.84,0.6543
663112,2022,CHC,COL,1546.39,1534.03,12.36,0.5521
663207,2022,BOS,KC,1532.49,1488.99,43.51,0.5959
663287,2022,ARI,SD,1580.18,1576.2,3.98,0.5402
663289,2022,ARI,SD,1564.72,1591.65,-26.94,0.4958
663425,2022,LAA,SEA,1556.86,1683.4,-126.54,0.3566
663426,2022,LAA,SEA,1572.53,1667.74,-95.2,0.3989
661161,2022,MIL,NYM,1574.51,1627.95,-53.44,0.4577
661299,2022,MIA,CHC,1470.04,1537.26,-67.21,0.4381
661470,2022,ATL,WSH,1721.93,1510.36,211.57,0.7951
662013,2022,TB,HOU,1651.6,1711.43,-59.82,0.4486
663044,2022,CLE,MIN,1614.04,1562.1,51.94,0.6076
663263,2022,BAL,DET,1592.48,1452.3,140.18,0.7201
663423,2022,LAA,SEA,1578.92,1661.35,-82.42,0.4167
661159,2022,MIL,NYM,1561.7,1640.76,-79.06,0.4214
661229,2022,NYY,PIT,1639.44,1479.78,159.66,0.7422
661298,2022,MIA,CHC,1497.25,1510.05,-12.79,0.5161
661469,2022,ATL,WSH,1726.07,1504.14,221.93,0.8047
661591,2022,PHI,TOR,1576.06,1634.16,-58.11,0.4511
662012,2022,TB,HOU,1640.36,1722.67,-82.31,0.4169
662621,2022,LAD,ARI,1773.08,1556.11,216.98,0.8001
662622,2022,LAD,ARI,1775.1,1554.09,221.01,0.8038
662886,2022,COL,SF,1543.17,1536.63,6.54,0.5438
663104,2022,CIN,BOS,1482.82,1555.3,-72.48,0.4307
663262,2022,BAL,DET,1565.56,1492.67,72.89,0.6359
661070,2022,CIN,BOS,1471.82,1562.63,-90.8,0.405
661158,2022,MIL,NYM,1554.55,1647.91,-93.36,0.4015
661228,2022,NYY,PIT,1642.11,1475.78,166.33,0.7494
661297,2022,MIA,CHC,1488.72,1518.58,-29.87,0.4916
661434,2022,CWS,CLE,1606.39,1626.79,-20.41,0.5052
661468,2022,ATL,WSH,1728.04,1501.19,226.85,0.8091
661588,2022,PHI,TOR,1561.43,1648.78,-87.35,0.4098
661837,2022,TEX,LAA,1482.98,1564.8,-81.82,0.4175
662011,2022,TB,HOU,1628.84,1734.19,-105.35,0.385
662204,2022,SD,STL,1600.26,1627.41,-27.15,0.4955
662321,2022,OAK,SEA,1468.51,1675.47,-206.95,0.2586
662607,2022,LAD,ARI,1779.06,1550.14,228.92,0.8109
662634,2022,KC,MIN,1466.18,1549.35,-83.16,0.4157
662867,2022,COL,SF,1525.13,1554.67,-29.54,0.492
663261,2022,BAL,DET,1558.74,1502.91,55.82,0.6129
661069,2022,CIN,MIL,1493.89,1572.43,-78.53,0.4222
661243,2022,NYY,BOS,1651.67,1547.91,103.75,0.676
661433,2022,CWS,CLE,1595.28,1637.9,-42.61,0.4732
661609,2022,PHI,ATL,1567.73,1719.91,-152.18,0.3235
661783,2022,TEX,LAA,1469.58,1573.73,-104.15,0.3867
661806,2022,TEX,LAA,1494.77,1556.94,-62.18,0.4453
662041,2022,TB,TOR,1620.69,1642.49,-21.8,0.5032
662202,2022,SD,STL,1614.55,1613.13,1.42,0.5365
662203,2022,SD,STL,1608.6,1619.07,-10.47,0.5195
662264,2022,PIT,CHC,1461.44,1526.65,-65.21,0.441
662306,2022,OAK,SEA,1491.06,1660.44,-169.38,0.3022
662320,2022,OAK,SEA,1480.22,1667.66,-187.44,0.2807
662606,2022,LAD,ARI,1762.76,1566.43,196.34,0.7805
662632,2022,KC,MIN,1475.55,1539.98,-64.43,0.4421
662633,2022,KC,MIN,1493.58,1521.95,-28.36,0.4937
662898,2022,COL,SF,1508.97,1565.44,-56.46,0.4534
662899,2022,COL,SF,1494.26,1575.24,-80.98,0.4187
663260,2022,BAL,HOU,1571.3,1742.34,-171.04,0.3002
661068,2022,CIN,MIL,1478.15,1582.92,-104.77,0.3858
661222,2022,NYY,BOS,1655.1,1542.76,112.33,0.6867
661296,2022,MIA,WSH,1480.65,1513.39,-32.74,0.4874
661432,2022,CWS,CLE,1580.83,1652.35,-71.52,0.432
661587,2022,PHI,ATL,1574.75,1712.89,-138.14,0.3414
662040,2022,TB,TOR,1634.79,1628.39,6.41,0.5436
662263,2022,PIT,CHC,1454.31,1533.78,-79.46,0.4209
662586,2022,LAD,ARI,1742.22,1586.97,155.25,0.7373
663259,2022,BAL,HOU,1582.71,1730.93,-148.22,0.3285
661067,2022,CIN,MIL,1468.44,1589.4,-120.96,0.364
661221,2022,NYY,BOS,1658.4,1537.81,120.6,0.6969
661295,2022,MIA,WSH,1497.45,1496.58,0.87,0.5357
661430,2022,CWS,DET,1573.48,1484.07,89.4,0.6576
661431,2022,CWS,DET,1555.36,1511.25,44.11,0.5968
661586,2022,PHI,ATL,1596.53,1691.1,-94.57,0.3998
661656,2022,MIN,LAA,1505.32,1547.46,-42.14,0.4739
661668,2022,MIN,LAA,1525.25,1527.52,-2.27,0.5312
661805,2022,TEX,CLE,1508.99,1659.71,-150.71,0.3253
661807,2022,TEX,CLE,1500.96,1665.06,-164.09,0.3086
662039,2022,TB,TOR,1646.51,1616.67,29.84,0.5769
662249,2022,PIT,CHC,1447.56,1540.53,-92.98,0.402
662305,2022,OAK,NYM,1491.25,1630.04,-138.79,0.3406
662311,2022,OAK,NYM,1475.26,1640.7,-165.44,0.307
662585,2022,LAD,STL,1744.94,1613.77,131.18,0.7096
662641,2022,KC,SEA,1510.21,1660.31,-150.1,0.3261
662642,2022,KC,SEA,1505.14,1663.7,-158.56,0.3155
662897,2022,COL,SD,1476.9,1613.91,-137.01,0.3429
663258,2022,BAL,HOU,1602.3,1711.34,-109.04,0.38
663282,2022,ARI,SF,1584.25,1586.82,-2.57,0.5308
661066,2022,CIN,MIL,1450.24,1601.53,-151.28,0.3246
661220,2022,NYY,BOS,1663.45,1530.23,133.23,0.712
661294,2022,MIA,WSH,1512.89,1481.14,31.75,0.5795
661429,2022,CWS,DET,1545.07,1526.67,18.4,0.5607
661585,2022,PHI,ATL,1588.03,1699.61,-111.58,0.3766
661667,2022,MIN,LAA,1511.26,1541.51,-30.25,0.491
661828,2022,TEX,CLE,1491.41,1671.43,-180.02,0.2894
662063,2022,TB,TOR,1636.51,1626.67,9.83,0.5485
662243,2022,PIT,CHC,1483.28,1513.74,-30.46,0.4907
662310,2022,OAK,NYM,1505.36,1620.63,-115.27,0.3716
662584,2022,LAD,STL,1718.32,1640.39,77.93,0.6426
662598,2022,LAD,STL,1727.21,1631.5,95.7,0.6658
662631,2022,KC,SEA,1529.8,1647.26,-117.46,0.3687
662865,2022,COL,SD,1487.19,1607.05,-119.86,0.3654
662866,2022,COL,SD,1469.89,1618.58,-148.69,0.3279
663280,2022,ARI,SF,1578.37,1592.7,-14.33,0.5139
663281,2022,ARI,SF,1572.71,1598.36,-25.66,0.4976
663454,2022,BAL,HOU,1598.28,1715.35,-117.07,0.3692
661768,2022,TOR,NYY,1643.67,1668.23,-24.55,0.4992
662242,2022,PIT,CIN,1462.47,1460.76,1.71,0.5369
662460,2022,WSH,ATL,1505.71,1703.58,-197.87,0.2688
663250,2022,BOS,BAL,1523.07,1590.51,-67.44,0.4378
661155,2022,MIL,STL,1594.52,1624.4,-29.88,0.4915
661666,2022,MIN,CWS,1487.09,1526.57,-39.48,0.4777
661778,2022,TOR,NYY,1649.17,1662.74,-13.57,0.515
662241,2022,PIT,CIN,1482.37,1440.86,41.51,0.5932
662401,2022,NYM,MIA,1633.64,1488.33,145.31,0.726
662489,2022,WSH,ATL,1492.71,1712.25,-219.54,0.245
662774,2022,DET,KC,1545.18,1539.77,5.41,0.5422
662955,2022,CLE,TB,1679.76,1619.5,60.26,0.6189
663128,2022,CHC,PHI,1534.55,1584.05,-49.5,0.4634
663206,2022,BOS,BAL,1503.23,1603.73,-100.5,0.3916
661099,2022,WSH,ATL,1482.31,1719.19,-236.88,0.227
661133,2022,MIN,CWS,1506.91,1506.76,0.15,0.5347
661154,2022,MIL,STL,1582.03,1636.89,-54.86,0.4557
661737,2022,TOR,NYY,1637.81,1674.09,-36.27,0.4823
662046,2022,SF,COL,1587.35,1455.55,131.8,0.7103
662117,2022,SEA,TEX,1640.61,1478.91,161.7,0.7444
662210,2022,SD,LAD,1628.14,1734.31,-106.17,0.3839
662240,2022,PIT,CIN,1495.65,1423.15,72.51,0.6354
662400,2022,NYM,MIA,1621.67,1506.28,115.38,0.6905
662773,2022,DET,KC,1552.77,1532.17,20.6,0.5638
662821,2022,HOU,ARI,1723.13,1583.72,139.41,0.7192
662967,2022,CLE,TB,1673.08,1626.18,46.89,0.6006
663098,2022,CHC,PHI,1543.28,1578.23,-34.95,0.4842
663181,2022,BOS,BAL,1525.7,1588.75,-63.05,0.444
663422,2022,LAA,OAK,1565.69,1485.85,79.84,0.6451
661112,2022,SEA,TEX,1620.73,1508.73,112.0,0.6863
661132,2022,MIN,CWS,1524.88,1488.78,36.1,0.5856
661156,2022,MIL,MIA,1595.7,1501.39,94.31,0.664
662045,2022,SF,COL,1593.41,1446.46,146.95,0.7279
662214,2022,SD,LAD,1634.66,1727.8,-93.14,0.4018
662772,2022,DET,KC,1557.56,1524.98,32.58,0.5807
662820,2022,HOU,ARI,1732.41,1574.44,157.97,0.7403
662932,2022,CLE,TB,1677.41,1621.85,55.57,0.6125
663110,2022,CHC,PHI,1556.67,1569.31,-12.64,0.5163
663180,2022,BOS,BAL,1539.95,1579.25,-39.3,0.478
663421,2022,LAA,OAK,1569.48,1480.15,89.33,0.6576
661097,2022,WSH,PHI,1493.91,1560.86,-66.94,0.4385
661098,2022,WSH,PHI,1477.48,1571.82,-94.34,0.4001
661128,2022,SEA,TEX,1625.98,1500.86,125.11,0.7023
661218,2022,NYY,BAL,1687.69,1570.24,117.45,0.693
661467,2022,ATL,NYM,1711.45,1624.93,86.52,0.6539
661751,2022,TOR,BOS,1624.21,1553.47,70.74,0.6331
662050,2022,SF,COL,1599.07,1435.14,163.93,0.7468
662209,2022,SD,LAD,1630.38,1732.07,-101.69,0.39
662771,2022,DET,MIN,1571.31,1515.29,56.02,0.6132
662940,2022,CLE,KC,1681.6,1504.36,177.24,0.761
663099,2022,CHC,CIN,1565.12,1415.32,149.8,0.7312
663420,2022,LAA,OAK,1576.78,1469.2,107.58,0.6808
661098,2022,WSH,PHI,1479.07,1570.75,-91.68,0.4038
661110,2022,SEA,OAK,1629.1,1461.18,167.92,0.7512
661111,2022,SEA,OAK,1635.05,1452.25,182.81,0.7668
661152,2022,MIL,MIA,1584.51,1518.18,66.33,0.6271
661157,2022,MIL,MIA,1577.76,1528.31,49.45,0.6042
661217,2022,NYY,BAL,1680.4,1577.53,102.86,0.6749
661466,2022,ATL,NYM,1718.83,1617.54,101.29,0.6729
661736,2022,TOR,BOS,1637.31,1540.38,96.93,0.6673
661956,2022,STL,PIT,1623.21,1501.52,121.69,0.6982
661958,2022,STL,PIT,1634.19,1485.06,149.12,0.7304
662023,2022,SF,ARI,1603.21,1589.76,13.45,0.5537
662049,2022,SF,ARI,1589.04,1603.93,-14.89,0.5131
662208,2022,SD,CWS,1622.12,1498.37,123.75,0.7007
662572,2022,WSH,PHI,1460.97,1582.82,-121.86,0.3628
662596,2022,LAD,COL,1740.34,1426.86,313.48,0.8746
662770,2022,DET,MIN,1551.42,1545.14,6.28,0.5435
662818,2022,HOU,TB,1717.09,1617.66,99.44,0.6705
662819,2022,HOU,TB,1720.59,1614.16,106.43,0.6794
662939,2022,CLE,KC,1686.51,1497.01,189.5,0.7736
663167,2022,CHC,CIN,1572.34,1400.89,171.45,0.7549
663406,2022,LAA,TEX,1582.13,1496.18,85.96,0.6532
661096,2022,WSH,PHI,1494.33,1560.58,-66.25,0.4395
661153,2022,MIL,MIA,1582.05,1521.87,60.19,0.6188
661215,2022,NYY,BAL,1691.32,1566.61,124.7,0.7018
661465,2022,ATL,NYM,1724.33,1612.04,112.29,0.6867
661735,2022,TOR,BOS,1649.53,1522.04,127.49,0.7052
661954,2022,STL,PIT,1636.99,1480.86,156.12,0.7382
662022,2022,SF,ARI,1604.09,1588.87,15.22,0.5562
662087,2022,SEA,OAK,1637.44,1448.67,188.78,0.7729
662190,2022,SD,CWS,1610.46,1515.86,94.6,0.6643
662207,2022,SD,CWS,1603.39,1526.46,76.94,0.6413
662581,2022,LAD,COL,1744.38,1418.77,325.61,0.8821
662595,2022,LAD,COL,1727.34,1452.86,274.48,0.8479
662769,2022,DET,MIN,1556.47,1537.56,18.9,0.5614
662825,2022,HOU,TB,1703.9,1630.85,73.05,0.6361
662938,2022,CLE,KC,1664.33,1530.27,134.06,0.713
663097,2022,CHC,CIN,1574.86,1395.84,179.02,0.7629
663405,2022,LAA,TEX,1589.54,1485.07,104.47,0.6769
663419,2022,LAA,TEX,1592.96,1479.94,113.02,0.6876
661095,2022,NYM,WSH,1606.8,1473.04,133.76,0.7126
661213,2022,MIL,ARI,1575.37,1583.98,-8.61,0.5221
661424,2022,MIA,ATL,1531.89,1729.57,-197.68,0.269
662044,2022,TEX,NYY,1467.16,1679.64,-212.48,0.2526
662309,2022,PIT,STL,1499.04,1624.87,-125.83,0.3575
663096,2022,CIN,CHC,1381.25,1582.15,-200.9,0.2654
663105,2022,CLE,KC,1669.09,1523.14,145.95,0.7268
663273,2022,BAL,TOR,1578.29,1655.71,-77.43,0.4237
663453,2022,BOS,TB,1512.77,1624.66,-111.89,0.3761
661094,2022,NYM,WSH,1604.58,1476.37,128.21,0.706
661095,2022,NYM,WSH,1609.46,1469.05,140.41,0.7204
661223,2022,MIL,ARI,1580.65,1578.71,1.95,0.5373
661423,2022,MIA,ATL,1557.8,1712.3,-154.5,0.3206
661464,2022,CWS,MIN,1514.92,1523.09,-8.17,0.5228
662062,2022,TEX,NYY,1461.09,1683.69,-222.6,0.2417
662199,2022,SEA,DET,1613.76,1566.11,47.65,0.6017
662200,2022,SEA,DET,1622.41,1557.46,64.94,0.6253
662201,2022,SEA,DET,1626.44,1553.43,73.02,0.6361
662239,2022,SD,SF,1611.08,1608.98,2.1,0.5375
662319,2022,PIT,STL,1509.15,1618.13,-108.98,0.3801
662431,2022,OAK,LAA,1496.03,1601.48,-105.44,0.3849
662629,2022,LAD,COL,1729.72,1449.29,280.42,0.8523
662777,2022,HOU,PHI,1710.09,1574.77,135.32,0.7145
663077,2022,CLE,KC,1653.97,1545.81,108.16,0.6815
663243,2022,CIN,CHC,1404.92,1570.32,-165.4,0.307
663272,2022,BAL,TOR,1567.75,1666.25,-98.51,0.3944
663452,2022,BOS,TB,1522.64,1618.07,-95.43,0.3986
661227,2022,MIL,ARI,1590.91,1568.45,22.46,0.5665
661422,2022,MIA,ATL,1554.47,1715.62,-161.15,0.3123
661427,2022,CWS,MIN,1522.83,1515.19,7.65,0.5454
661463,2022,CWS,MIN,1492.8,1545.22,-52.42,0.4592
661996,2022,TEX,NYY,1457.43,1686.12,-228.69,0.2354
662010,2022,TEX,NYY,1475.7,1673.95,-198.25,0.2683
662195,2022,SEA,DET,1619.61,1560.25,59.36,0.6177
662238,2022,SD,SF,1621.33,1598.73,22.59,0.5667
662252,2022,SD,SF,1602.67,1617.39,-14.73,0.5133
662304,2022,PIT,STL,1503.13,1622.15,-119.02,0.3666
662421,2022,OAK,LAA,1505.8,1594.97,-89.17,0.4073
662429,2022,OAK,LAA,1515.27,1588.65,-73.38,0.4294
662488,2022,NYM,WSH,1618.7,1455.19,163.51,0.7464
662623,2022,LAD,COL,1721.33,1466.06,255.27,0.8331
662624,2022,LAD,COL,1725.62,1459.63,265.99,0.8415
662768,2022,HOU,PHI,1695.16,1589.7,105.46,0.6781
662789,2022,HOU,PHI,1706.95,1577.92,129.03,0.707
663095,2022,CLE,KC,1659.31,1537.81,121.5,0.6979
663131,2022,CIN,CHC,1419.22,1563.17,-143.96,0.3339
663272,2022,BAL,TOR,1568.87,1665.13,-96.26,0.3975
663352,2022,BOS,TB,1549.56,1600.13,-50.57,0.4618
663451,2022,BAL,TOR,1559.06,1674.94,-115.88,0.3708
718768,2023,HOU,CWS,1640.71,1510.39,130.32,0.7085
718772,2023,STL,TOR,1574.76,1612.77,-38.01,0.4799
718773,2023,CIN,PIT,1428.14,1512.71,-84.57,0.4137
718774,2023,MIA,NYM,1546.02,1584.79,-38.77,0.4788
718775,2023,KC,MIN,1515.76,1515.08,0.68,0.5355
718776,2023,TB,DET,1559.27,1537.6,21.66,0.5653
718777,2023,CHC,MIL,1551.19,1554.3,-3.11,0.53
718779,2023,TEX,PHI,1491.2,1550.15,-58.95,0.4499
718780,2023,WSH,ATL,1462.08,1634.94,-172.86,0.298
718781,2023,NYY,SF,1611.56,1570.31,41.24,0.5928
718782,2023,BOS,BAL,1544.93,1544.01,0.92,0.5358
718767,2023,SEA,CLE,1582.91,1613.12,-30.21,0.4911
718769,2023,OAK,LAA,1516.39,1555.29,-38.9,0.4786
718770,2023,LAD,ARI,1640.01,1552.47,87.54,0.6552
718771,2023,MIA,NYM,1533.62,1593.06,-59.45,0.4492
718778,2023,SD,COL,1577.13,1489.69,87.44,0.6551
718751,2023,KC,MIN,1501.65,1529.19,-27.55,0.4949
718752,2023,TEX,PHI,1511.89,1536.35,-24.46,0.4993
718753,2023,WSH,ATL,1450.2,1642.86,-192.66,0.2747
718754,2023,TB,DET,1570.35,1520.98,49.37,0.604
718755,2023,MIA,NYM,1542.54,1587.11,-44.58,0.4704
718756,2023,CIN,PIT,1419.3,1519.34,-100.03,0.3923
718757,2023,OAK,LAA,1524.91,1549.61,-24.7,0.499
718758,2023,CHC,MIL,1563.28,1542.22,21.06,0.5645
718759,2023,STL,TOR,1569.53,1618.0,-48.47,0.4648
718760,2023,HOU,CWS,1633.29,1521.52,111.77,0.686
718761,2023,BOS,BAL,1536.02,1552.92,-16.9,0.5102
718762,2023,NYY,SF,1623.02,1558.86,64.16,0.6242
718763,2023,SEA,CLE,1594.04,1601.98,-7.94,0.5231
718764,2023,HOU,CWS,1638.54,1513.64,124.9,0.7021
718765,2023,LAD,ARI,1650.33,1542.14,108.19,0.6816
718766,2023,SD,COL,1559.06,1516.78,42.28,0.5943
718733,2023,SD,COL,1546.13,1536.18,9.95,0.5487
718734,2023,OAK,LAA,1494.53,1579.99,-85.45,0.4125
718735,2023,SEA,CLE,1579.1,1616.92,-37.82,0.4801
718736,2023,LAD,ARI,1643.13,1552.95,90.18,0.6586
718737,2023,STL,TOR,1581.14,1606.38,-25.24,0.4982
718738,2023,CHC,MIL,1553.45,1556.96,-3.51,0.5295
718739,2023,TEX,PHI,1543.26,1504.99,38.26,0.5887
718740,2023,HOU,CWS,1644.8,1504.26,140.53,0.7205
718741,2023,MIA,NYM,1524.73,1598.99,-74.26,0.4282
718742,2023,TB,DET,1585.21,1498.69,86.52,0.6539
718743,2023,WSH,ATL,1438.41,1650.73,-212.32,0.2527
718744,2023,CIN,PIT,1449.24,1496.88,-47.64,0.466
718745,2023,KC,MIN,1488.76,1542.08,-53.32,0.4579
718746,2023,SEA,CLE,1573.87,1622.16,-48.29,0.4651
718747,2023,NYY,SF,1612.36,1569.52,42.84,0.595
718748,2023,BOS,BAL,1544.11,1547.53,-3.42,0.5296
718749,2023,LAD,ARI,1636.11,1559.97,76.15,0.6403
718750,2023,SD,COL,1557.98,1524.33,33.64,0.5822
718719,2023,KC,TOR,1473.89,1592.16,-118.28,0.3676
718724,2023,BOS,PIT,1562.25,1483.1,79.15,0.6442
718725,2023,NYY,PHI,1624.72,1498.27,126.46,0.7039
718727,2023,STL,ATL,1595.37,1635.61,-40.24,0.4766
718728,2023,CIN,CHC,1467.62,1539.84,-72.22,0.431
718729,2023,MIA,MIN,1508.73,1556.96,-48.23,0.4652
718730,2023,CWS,SF,1526.8,1557.15,-30.35,0.4909
718731,2023,MIL,NYM,1570.57,1609.65,-39.08,0.4783
718732,2023,WSH,TB,1468.64,1593.78,-125.15,0.3584
718708,2023,KC,TOR,1497.07,1576.71,-79.64,0.4206
718710,2023,NYY,PHI,1634.04,1484.29,149.75,0.7311
718711,2023,STL,ATL,1583.31,1647.66,-64.35,0.4422
718712,2023,MIL,NYM,1590.24,1589.99,0.25,0.5348
718713,2023,BOS,PIT,1555.35,1493.45,61.91,0.6212
718714,2023,MIA,MIN,1482.53,1574.42,-91.89,0.4035
718715,2023,WSH,TB,1455.54,1602.52,-146.98,0.3301
718716,2023,CIN,CHC,1476.78,1530.67,-53.89,0.4571
718717,2023,SD,ARI,1568.57,1547.16,21.42,0.565
718718,2023,LAD,COL,1648.92,1508.44,140.48,0.7205
718720,2023,SEA,LAA,1565.87,1592.35,-26.48,0.4964
718721,2023,OAK,CLE,1475.99,1630.16,-154.17,0.321
718722,2023,SD,ARI,1558.74,1561.91,-3.17,0.5299
718723,2023,HOU,DET,1629.78,1485.83,143.95,0.7245
718726,2023,TEX,BAL,1549.98,1529.39,20.59,0.5638
718689,2023,OAK,CLE,1471.0,1633.48,-162.48,0.3106
718691,2023,SEA,LAA,1553.23,1604.98,-51.74,0.4602
718692,2023,KC,TOR,1483.56,1585.71,-102.15,0.3894
718694,2023,TEX,BAL,1535.25,1544.12,-8.87,0.5218
718695,2023,CWS,SF,1500.04,1574.99,-74.95,0.4272
718696,2023,HOU,DET,1622.23,1497.14,125.09,0.7023
718697,2023,STL,ATL,1573.78,1657.19,-83.41,0.4153
718698,2023,MIL,NYM,1607.37,1572.85,34.52,0.5834
718699,2023,NYY,PHI,1618.86,1507.07,111.79,0.686
718700,2023,CIN,CHC,1454.51,1552.94,-98.43,0.3945
718701,2023,MIA,MIN,1492.06,1568.07,-76.01,0.4257
718702,2023,BOS,PIT,1541.95,1513.55,28.4,0.5748
718703,2023,LAD,COL,1658.6,1493.92,164.68,0.7477
718704,2023,WSH,TB,1443.59,1610.48,-166.9,0.3052
718705,2023,HOU,DET,1631.0,1483.99,147.02,0.728
718706,2023,SEA,LAA,1548.25,1609.97,-61.72,0.4459
718707,2023,OAK,CLE,1463.37,1638.57,-175.19,0.2952
718709,2023,TEX,BAL,1551.1,1528.27,22.83,0.567
718681,2023,ATL,SD,1666.07,1563.94,102.12,0.6739
718682,2023,COL,WSH,1486.11,1427.32,58.79,0.6169
718684,2023,MIN,HOU,1555.76,1615.87,-60.11,0.4482
718685,2023,PHI,CIN,1499.19,1456.19,43.0,0.5952
718686,2023,KC,TOR,1471.18,1593.97,-122.78,0.3616
718687,2023,CWS,SF,1521.44,1560.72,-39.29,0.478
718688,2023,BAL,NYY,1552.4,1624.11,-71.71,0.4318
718690,2023,DET,BOS,1506.69,1523.07,-16.38,0.511
718693,2023,NYM,MIA,1568.3,1510.53,57.78,0.6156
718675,2023,CHC,TEX,1551.82,1535.01,16.81,0.5585
718676,2023,ATL,SD,1669.52,1560.49,109.04,0.6826
718677,2023,CLE,SEA,1631.33,1578.03,53.3,0.6094
718678,2023,TB,OAK,1618.62,1474.23,144.38,0.725
718679,2023,PIT,CWS,1532.43,1494.41,38.02,0.5883
718680,2023,SF,KC,1578.74,1459.79,118.95,0.6948
718683,2023,ARI,LAD,1556.7,1663.81,-107.1,0.3826
718684,2023,MIN,HOU,1556.32,1615.31,-58.99,0.4498
718685,2023,PHI,CIN,1497.63,1457.75,39.89,0.5909
718688,2023,BAL,NYY,1553.14,1623.37,-70.24,0.4338
718693,2023,NYM,MIA,1567.06,1512.4,54.66,0.6113
718659,2023,ATL,SD,1662.31,1567.7,94.61,0.6644
718660,2023,MIL,STL,1611.92,1564.91,47.02,0.6008
718661,2023,NYM,MIA,1578.86,1494.69,84.18,0.6508
718662,2023,PIT,CWS,1548.06,1478.78,69.29,0.6311
718663,2023,CLE,SEA,1620.87,1588.49,32.38,0.5804
718664,2023,BAL,NYY,1559.22,1617.29,-58.07,0.4511
718665,2023,TB,OAK,1625.26,1464.27,161.0,0.7436
718666,2023,MIN,HOU,1562.26,1609.37,-47.11,0.4668
718667,2023,DET,BOS,1489.81,1539.95,-50.13,0.4625
718668,2023,PHI,CIN,1511.0,1444.38,66.62,0.6275
718669,2023,CHC,TEX,1559.52,1523.46,36.06,0.5856
718670,2023,LAA,TOR,1590.11,1601.56,-11.45,0.5181
718671,2023,ARI,LAD,1548.61,1671.9,-123.29,0.3609
718672,2023,SF,KC,1567.15,1477.17,89.98,0.6584
718673,2023,COL,WSH,1492.31,1419.05,73.27,0.6364
718674,2023,MIL,STL,1593.61,1583.22,10.39,0.5493
718639,2023,ARI,LAD,1568.75,1658.48,-89.73,0.4065
718642,2023,CHC,TEX,1573.09,1503.11,69.98,0.632
718643,2023,SF,KC,1560.14,1487.69,72.44,0.6353
718644,2023,LAA,TOR,1584.39,1607.28,-22.88,0.5016
718645,2023,COL,WSH,1465.83,1454.36,11.47,0.5509
718646,2023,CLE,SEA,1614.53,1594.84,19.69,0.5625
718647,2023,NYM,MIA,1586.32,1483.5,102.83,0.6748
718648,2023,ATL,SD,1648.18,1581.83,66.35,0.6272
718649,2023,MIN,HOU,1573.84,1597.79,-23.95,0.5001
718650,2023,MIL,STL,1605.16,1571.67,33.49,0.582
718651,2023,BAL,NYY,1549.47,1627.04,-77.57,0.4235
718652,2023,PHI,CIN,1517.02,1436.36,80.66,0.6462
718653,2023,PIT,CWS,1519.49,1507.35,12.14,0.5518
718654,2023,DET,BOS,1464.83,1564.93,-100.11,0.3922
718655,2023,TB,OAK,1634.76,1450.02,184.74,0.7688
718656,2023,ARI,LAD,1585.09,1642.13,-57.04,0.4526
718657,2023,LAA,TOR,1578.89,1612.78,-33.89,0.4858
718658,2023,COL,WSH,1473.26,1446.93,26.33,0.5719
718628,2023,CHC,SEA,1554.02,1590.03,-36.01,0.4827
718632,2023,PIT,HOU,1526.9,1610.53,-83.62,0.415
718633,2023,PHI,MIA,1500.58,1511.22,-10.64,0.5192
718634,2023,NYM,SD,1567.84,1603.23,-35.39,0.4836
718635,2023,BAL,OAK,1538.68,1437.3,101.39,0.673
718636,2023,ATL,CIN,1626.78,1458.28,168.5,0.7518
718637,2023,CLE,NYY,1619.33,1634.23,-14.9,0.5131
718638,2023,TB,BOS,1643.24,1573.25,69.99,0.6321
718640,2023,MIN,CWS,1561.1,1499.94,61.16,0.6202
718616,2023,MIN,CWS,1554.41,1509.97,44.43,0.5972
718617,2023,CHC,SEA,1559.66,1584.38,-24.72,0.499
718618,2023,BAL,OAK,1550.76,1421.2,129.56,0.7076
718619,2023,PHI,MIA,1530.03,1481.77,48.27,0.6025
718620,2023,ATL,CIN,1629.34,1454.44,174.9,0.7586
718621,2023,NYM,SD,1582.41,1588.66,-6.25,0.5255
718622,2023,TOR,DET,1599.74,1452.35,147.39,0.7284
718623,2023,PIT,HOU,1508.23,1622.98,-114.74,0.3723
718625,2023,TB,BOS,1647.2,1569.3,77.9,0.6426
718626,2023,CLE,NYY,1624.7,1628.87,-4.17,0.5285
718627,2023,ARI,MIL,1598.83,1616.96,-18.13,0.5084
718629,2023,COL,STL,1463.86,1559.87,-96.01,0.3978
718630,2023,TEX,KC,1531.72,1478.38,53.33,0.6095
718631,2023,LAA,WSH,1591.93,1459.46,132.47,0.7111
718641,2023,SF,LAD,1566.34,1628.39,-62.05,0.4455
718598,2023,ARI,MIL,1609.65,1606.15,3.5,0.5395
718599,2023,BAL,OAK,1557.87,1406.98,150.89,0.7324
718600,2023,TB,BOS,1657.09,1559.4,97.69,0.6683
718601,2023,ATL,CIN,1631.82,1450.72,181.1,0.7651
718602,2023,LAA,WSH,1580.14,1477.15,102.99,0.675
718603,2023,TOR,DET,1607.67,1440.46,167.21,0.7504
718604,2023,CLE,NYY,1605.26,1648.3,-43.04,0.4726
718605,2023,MIN,CWS,1558.79,1503.41,55.38,0.6123
718606,2023,CHC,SEA,1573.87,1570.18,3.69,0.5398
718607,2023,COL,STL,1483.06,1547.07,-64.01,0.4427
718608,2023,PIT,HOU,1528.08,1609.74,-81.66,0.4178
718609,2023,PHI,MIA,1507.26,1504.54,2.72,0.5384
718610,2023,NYM,SD,1573.2,1597.87,-24.68,0.499
718611,2023,ARI,MIL,1621.49,1594.31,27.18,0.5731
718613,2023,COL,STL,1468.74,1561.38,-92.64,0.4025
718614,2023,LAA,WSH,1583.58,1471.98,111.6,0.6858
718615,2023,TEX,KC,1552.79,1457.31,95.47,0.6655
718624,2023,SF,LAD,1551.11,1643.62,-92.51,0.4027
718590,2023,NYY,MIN,1653.44,1565.43,88.01,0.6558
718591,2023,STL,PIT,1569.95,1507.98,61.97,0.6213
718593,2023,TOR,DET,1610.24,1435.31,174.92,0.7586
718594,2023,TB,BOS,1662.67,1553.82,108.85,0.6824
718595,2023,TEX,KC,1559.9,1446.65,113.25,0.6878
718596,2023,BAL,OAK,1540.22,1442.28,97.94,0.6686
718597,2023,CIN,PHI,1447.11,1498.32,-51.21,0.4609
718612,2023,SF,LAD,1567.55,1627.19,-59.64,0.4489
718580,2023,BOS,LAA,1544.4,1588.84,-44.44,0.4706
718583,2023,CWS,BAL,1493.44,1545.5,-52.06,0.4597
718584,2023,MIA,ARI,1513.49,1603.86,-90.38,0.4056
718585,2023,DET,SF,1460.02,1555.02,-95.0,0.3992
718586,2023,CIN,PHI,1474.24,1477.97,-3.73,0.5291
718587,2023,TOR,TB,1597.89,1672.1,-74.21,0.4282
718588,2023,NYY,MIN,1630.21,1588.67,41.54,0.5932
718589,2023,SD,MIL,1586.89,1611.94,-25.05,0.4985
718592,2023,WSH,CLE,1464.1,1600.12,-136.02,0.3442
718560,2023,SD,MIL,1581.42,1617.4,-35.98,0.4828
718562,2023,HOU,TEX,1623.14,1535.8,87.35,0.655
718563,2023,KC,ATL,1494.85,1634.22,-139.38,0.3398
718565,2023,OAK,NYM,1435.24,1584.19,-148.95,0.3276
718566,2023,CIN,PHI,1451.52,1500.68,-49.16,0.4639
718567,2023,MIA,ARI,1535.54,1589.16,-53.62,0.4575
718568,2023,STL,PIT,1552.62,1533.96,18.66,0.5611
718569,2023,TOR,TB,1610.15,1659.83,-49.67,0.4631
718570,2023,CWS,BAL,1478.49,1560.44,-81.94,0.4174
718571,2023,DET,SF,1475.2,1544.89,-69.69,0.4346
718572,2023,NYY,MIN,1623.75,1595.12,28.63,0.5752
718573,2023,WSH,CLE,1458.71,1603.72,-145.01,0.3326
718574,2023,SD,MIL,1598.35,1600.47,-2.12,0.5314
718575,2023,LAD,CHC,1639.72,1561.91,77.8,0.6425
718576,2023,BOS,LAA,1558.08,1579.72,-21.64,0.5034
718577,2023,SEA,COL,1582.13,1455.89,126.24,0.7037
718578,2023,OAK,NYM,1428.44,1587.59,-159.15,0.3147
718579,2023,KC,ATL,1479.92,1644.17,-164.25,0.3085
718581,2023,HOU,TEX,1633.48,1520.3,113.18,0.6878
718582,2023,STL,PIT,1540.28,1552.47,-12.19,0.517
718545,2023,SEA,COL,1587.06,1448.5,138.55,0.7182
718546,2023,OAK,NYM,1405.1,1599.26,-194.16,0.273
718547,2023,LAD,CHC,1620.4,1581.23,39.17,0.5899
718548,2023,STL,PIT,1556.27,1541.82,14.45,0.5551
718549,2023,SD,MIL,1578.79,1620.03,-41.24,0.4752
718550,2023,MIA,ARI,1544.35,1583.29,-38.94,0.4785
718551,2023,KC,ATL,1465.6,1653.72,-188.12,0.2799
718552,2023,HOU,TEX,1616.63,1545.57,71.07,0.6335
718553,2023,CWS,BAL,1487.84,1554.21,-66.37,0.4393
718554,2023,CIN,PHI,1484.74,1467.47,17.27,0.5591
718555,2023,WSH,CLE,1450.48,1609.2,-158.72,0.3153
718556,2023,TOR,TB,1621.8,1648.18,-26.38,0.4966
718557,2023,NYY,MIN,1635.78,1583.1,52.67,0.6086
718558,2023,DET,SF,1484.32,1535.78,-51.46,0.4606
718559,2023,BOS,LAA,1566.72,1571.07,-4.35,0.5282
718561,2023,SEA,COL,1590.0,1442.63,147.37,0.7284
718564,2023,LAD,CHC,1613.97,1587.66,26.31,0.5719
718538,2023,STL,ARI,1561.17,1596.77,-35.6,0.4833
718539,2023,KC,TEX,1461.31,1577.93,-116.62,0.3698
718540,2023,BOS,LAA,1571.95,1565.85,6.09,0.5432
718541,2023,DET,CLE,1484.96,1602.12,-117.16,0.3691
718542,2023,CIN,TB,1451.66,1664.51,-212.85,0.2522
718543,2023,CWS,PHI,1471.37,1500.55,-29.19,0.4925
718544,2023,MIA,SF,1524.13,1535.14,-11.01,0.5187
718522,2023,KC,TEX,1447.75,1586.97,-139.22,0.34
718524,2023,BOS,MIN,1565.94,1576.38,-10.44,0.5195
718525,2023,CWS,PHI,1471.49,1500.43,-28.94,0.4929
718526,2023,CIN,TB,1485.69,1641.82,-156.14,0.3185
718527,2023,STL,ARI,1550.62,1607.31,-56.7,0.4531
718528,2023,MIA,SF,1532.1,1527.17,4.93,0.5415
718529,2023,NYY,LAA,1642.49,1571.86,70.63,0.6329
718530,2023,DET,CLE,1487.03,1600.74,-113.71,0.3737
718531,2023,WSH,BAL,1461.11,1565.19,-104.09,0.3867
718532,2023,LAD,NYM,1618.66,1602.04,16.62,0.5582
718533,2023,SD,ATL,1573.62,1656.58,-82.97,0.4159
718534,2023,SEA,MIL,1598.47,1625.2,-26.74,0.4961
718535,2023,COL,PIT,1425.69,1534.46,-108.78,0.3804
718536,2023,OAK,CHC,1399.53,1582.97,-183.43,0.2854
718537,2023,HOU,TOR,1595.06,1605.47,-10.41,0.5195
718541,2023,DET,CLE,1496.94,1594.14,-97.2,0.3962
718543,2023,CWS,PHI,1455.3,1516.62,-61.31,0.4465
718502,2023,SEA,MIL,1585.84,1637.82,-51.98,0.4598
718504,2023,NYY,LAA,1628.89,1585.46,43.43,0.5958
718505,2023,BOS,MIN,1571.24,1571.08,0.16,0.5347
718506,2023,OAK,CHC,1380.12,1592.67,-212.55,0.2525
718507,2023,SD,ATL,1566.57,1663.63,-97.06,0.3964
718508,2023,LAD,NYM,1608.92,1611.78,-2.86,0.5304
718509,2023,COL,PIT,1396.87,1556.08,-159.21,0.3147
718510,2023,CWS,PHI,1473.22,1498.7,-25.48,0.4979
718511,2023,MIA,SF,1544.16,1515.11,29.05,0.5758
718512,2023,STL,ARI,1545.72,1612.21,-66.49,0.4391
718513,2023,DET,CLE,1506.56,1587.72,-81.17,0.4185
718514,2023,KC,TEX,1423.21,1599.24,-176.03,0.2942
718515,2023,CIN,TB,1468.57,1653.23,-184.66,0.284
718516,2023,LAD,NYM,1599.61,1621.09,-21.48,0.5036
718517,2023,SEA,MIL,1577.95,1645.72,-67.77,0.4373
718518,2023,WSH,BAL,1454.96,1569.29,-114.32,0.3729
718519,2023,SD,ATL,1572.98,1657.22,-84.23,0.4142
718520,2023,HOU,TOR,1610.97,1589.56,21.41,0.565
718521,2023,COL,PIT,1373.53,1567.75,-194.21,0.2729
718523,2023,OAK,CHC,1362.46,1601.51,-239.05,0.2248
718496,2023,NYY,LAA,1633.29,1581.07,52.22,0.608
718497,2023,BOS,MIN,1554.59,1587.72,-33.13,0.4869
718498,2023,PHI,COL,1515.07,1364.72,150.36,0.7318
718499,2023,CHC,LAD,1606.73,1613.7,-6.98,0.5245
718500,2023,PIT,CIN,1572.15,1454.75,117.4,0.693
718501,2023,HOU,TOR,1601.13,1599.4,1.73,0.537
718486,2023,TB,CWS,1662.44,1456.84,205.6,0.7895
718487,2023,NYY,TOR,1645.21,1584.01,61.21,0.6202
718488,2023,CLE,MIA,1592.2,1525.25,66.95,0.628
718489,2023,ATL,HOU,1670.49,1616.53,53.96,0.6104
718491,2023,CHC,LAD,1593.27,1627.17,-33.9,0.4858
718492,2023,PIT,CIN,1575.39,1449.91,125.48,0.7028
718493,2023,PHI,COL,1485.62,1403.99,81.63,0.6475
718494,2023,ARI,SD,1592.16,1559.71,32.45,0.5805
718495,2023,BAL,DET,1578.41,1499.84,78.57,0.6435
718503,2023,SF,NYM,1534.01,1607.0,-72.98,0.43
718468,2023,MIN,WSH,1571.99,1441.27,130.71,0.709
718469,2023,TEX,OAK,1609.27,1352.01,257.26,0.8347
718470,2023,MIL,BOS,1650.43,1570.33,80.09,0.6455
718471,2023,ATL,HOU,1660.02,1627.0,33.02,0.5813
718472,2023,BAL,DET,1582.23,1494.12,88.12,0.656
718473,2023,CLE,MIA,1590.82,1527.32,63.5,0.6233
718474,2023,PIT,CIN,1580.33,1440.02,140.31,0.7203
718475,2023,PHI,COL,1491.27,1396.45,94.82,0.6646
718476,2023,NYY,TOR,1627.91,1601.3,26.61,0.5723
718477,2023,TB,CWS,1664.58,1453.64,210.94,0.7945
718478,2023,SF,NYM,1516.12,1618.93,-102.81,0.3885
718479,2023,CHC,LAD,1614.65,1605.78,8.87,0.5472
718480,2023,SF,NYM,1535.56,1605.97,-70.42,0.4336
718481,2023,SEA,STL,1573.24,1575.8,-2.56,0.5308
718482,2023,MIN,WSH,1551.15,1482.95,68.2,0.6297
718483,2023,MIL,BOS,1654.22,1566.54,87.68,0.6554
718484,2023,ARI,SD,1582.1,1569.77,12.33,0.5521
718485,2023,LAA,KC,1569.14,1403.14,166.0,0.7491
718488,2023,CLE,MIA,1573.45,1553.37,20.08,0.5631
718490,2023,TEX,OAK,1615.84,1338.88,276.96,0.8497
718450,2023,SEA,STL,1583.64,1565.41,18.23,0.5605
718451,2023,CHC,LAD,1599.03,1621.41,-22.38,0.5023
718452,2023,LAA,KC,1573.24,1394.94,178.31,0.7622
718453,2023,TEX,OAK,1607.47,1355.62,251.85,0.8303
718454,2023,MIN,WSH,1544.38,1493.11,51.27,0.6067
718455,2023,SF,NYM,1514.59,1619.95,-105.36,0.385
718456,2023,ARI,SD,1598.51,1553.36,45.15,0.5982
718457,2023,TB,CWS,1666.66,1450.52,216.14,0.7994
718458,2023,PHI,COL,1496.62,1389.32,107.3,0.6804
718459,2023,BAL,DET,1590.75,1481.34,109.41,0.6831
718460,2023,CLE,MIA,1567.26,1559.56,7.71,0.5455
718461,2023,MIL,BOS,1643.14,1577.62,65.52,0.6261
718462,2023,ATL,HOU,1647.31,1639.7,7.61,0.5454
718463,2023,PIT,CIN,1583.25,1434.19,149.06,0.7303
718464,2023,SEA,STL,1569.32,1579.72,-10.4,0.5196
718465,2023,NYY,TOR,1632.6,1596.62,35.98,0.5855
718466,2023,LAA,KC,1575.68,1390.06,185.63,0.7697
718467,2023,ARI,SD,1588.21,1563.66,24.54,0.5694
718441,2023,MIL,DET,1622.91,1476.32,146.6,0.7275
718442,2023,MIN,NYY,1554.51,1617.76,-63.25,0.4437
718443,2023,ATL,MIA,1635.26,1549.51,85.75,0.6529
718444,2023,TOR,CWS,1611.45,1444.44,167.01,0.7502
718445,2023,CIN,TEX,1425.31,1610.85,-185.54,0.2829
718447,2023,BAL,BOS,1594.1,1597.85,-3.75,0.5291
718448,2023,CLE,COL,1577.31,1370.35,206.96,0.7908
718449,2023,TB,HOU,1670.71,1651.76,18.95,0.5615
718426,2023,CHC,SD,1586.22,1573.56,12.66,0.5526
718427,2023,MIN,NYY,1570.01,1602.26,-32.25,0.4881
718428,2023,MIL,DET,1610.92,1494.3,116.62,0.692
718429,2023,ATL,MIA,1648.54,1529.59,118.95,0.6949
718430,2023,PHI,SEA,1510.85,1574.63,-63.78,0.443
718431,2023,NYM,WSH,1613.44,1482.97,130.47,0.7087
718432,2023,PIT,LAD,1587.69,1634.21,-46.53,0.4676
718433,2023,TOR,CWS,1616.6,1434.14,182.46,0.7665
718434,2023,CIN,TEX,1439.98,1603.51,-163.54,0.3093
718435,2023,BAL,BOS,1599.31,1592.63,6.68,0.544
718436,2023,TB,HOU,1683.17,1639.29,43.88,0.5965
718437,2023,LAA,OAK,1559.94,1348.87,211.07,0.7947
718438,2023,ARI,KC,1578.31,1421.55,156.76,0.739
718440,2023,CLE,COL,1554.81,1415.35,139.45,0.7193
718446,2023,SF,STL,1524.35,1574.42,-50.07,0.4626
718407,2023,CHC,SD,1600.07,1559.71,40.36,0.5916
718411,2023,ATL,MIA,1654.96,1519.96,135.01,0.7141
718412,2023,NYM,WSH,1594.26,1511.74,82.52,0.6487
718413,2023,PIT,LAD,1582.61,1639.29,-56.68,0.4531
718414,2023,TB,HOU,1666.41,1656.06,10.35,0.5493
718415,2023,PHI,SEA,1499.5,1582.19,-82.69,0.4163
718416,2023,BAL,BOS,1589.78,1602.17,-12.39,0.5167
718417,2023,MIN,NYY,1583.0,1589.27,-6.27,0.5255
718418,2023,ARI,KC,1581.01,1416.14,164.87,0.7479
718419,2023,MIL,DET,1603.64,1505.23,98.4,0.6692
718420,2023,TOR,CWS,1623.78,1419.79,203.98,0.7879
718421,2023,CLE,COL,1537.39,1450.19,87.2,0.6548
718422,2023,ARI,KC,1585.13,1407.89,177.24,0.761
718424,2023,CIN,TEX,1454.24,1596.38,-142.15,0.3362
718425,2023,LAA,OAK,1551.9,1364.95,186.95,0.7711
718439,2023,SF,STL,1544.65,1560.89,-16.24,0.5112
718396,2023,CWS,TB,1406.15,1660.35,-254.2,0.21
718398,2023,NYM,WSH,1580.39,1532.54,47.85,0.602
718400,2023,MIN,KC,1566.69,1423.52,143.17,0.7236
718402,2023,LAA,OAK,1555.61,1357.53,198.08,0.7822
718403,2023,PIT,LAD,1600.35,1621.55,-21.21,0.504
718404,2023,PHI,SEA,1508.86,1575.96,-67.1,0.4383
718405,2023,DET,BAL,1493.0,1602.15,-109.15,0.3799
718406,2023,CHC,SD,1589.86,1569.92,19.94,0.5629
718408,2023,LAA,OAK,1557.82,1353.1,204.73,0.7886
718409,2023,SF,STL,1552.72,1555.51,-2.79,0.5305
718410,2023,ATL,MIA,1659.7,1512.85,146.85,0.7278
718423,2023,SF,STL,1536.23,1572.0,-35.78,0.4831
718387,2023,MIN,KC,1574.77,1407.36,167.41,0.7506
718391,2023,MIA,CHC,1524.2,1599.47,-75.27,0.4268
718392,2023,TOR,SEA,1630.6,1569.91,60.69,0.6195
718393,2023,CWS,TB,1392.28,1667.28,-275.0,0.1908
718394,2023,NYM,ATL,1584.71,1652.13,-67.42,0.4378
718395,2023,BOS,CLE,1589.79,1548.44,41.35,0.593
718397,2023,TEX,NYY,1585.42,1605.59,-20.16,0.5055
718399,2023,WSH,PIT,1526.06,1613.0,-86.93,0.4104
718401,2023,DET,BAL,1480.96,1610.18,-129.22,0.353
718371,2023,NYM,ATL,1573.77,1663.07,-89.3,0.4071
718372,2023,HOU,PHI,1662.12,1517.93,144.2,0.7248
718373,2023,CWS,TB,1388.52,1669.16,-280.64,0.1858
718374,2023,TEX,NYY,1576.62,1614.39,-37.77,0.4802
718375,2023,MIA,CHC,1533.42,1593.32,-59.9,0.4485
718376,2023,MIL,LAA,1611.79,1564.62,47.17,0.601
718377,2023,OAK,CIN,1339.5,1470.67,-131.17,0.3505
718378,2023,MIN,KC,1578.84,1399.21,179.63,0.7635
718379,2023,TOR,SEA,1634.71,1565.8,68.9,0.6306
718380,2023,OAK,CIN,1332.16,1476.18,-144.01,0.3338
718381,2023,DET,BAL,1483.27,1608.64,-125.37,0.3581
718382,2023,LAD,STL,1608.9,1558.9,50.0,0.6049
718383,2023,WSH,PIT,1527.5,1612.04,-84.55,0.4137
718384,2023,SD,SF,1560.31,1555.87,4.44,0.5408
718385,2023,BOS,CLE,1576.88,1567.8,9.08,0.5475
718386,2023,MIL,LAA,1618.66,1557.76,60.9,0.6198
718388,2023,TEX,NYY,1585.6,1605.41,-19.81,0.506
718389,2023,HOU,PHI,1642.62,1547.18,95.45,0.6654
718390,2023,COL,ARI,1439.14,1577.32,-138.18,0.3414
718399,2023,WSH,PIT,1514.24,1620.88,-106.64,0.3833
718401,2023,DET,BAL,1503.48,1595.17,-91.7,0.4038
718354,2023,HOU,PHI,1631.41,1563.99,67.42,0.6286
718355,2023,CWS,TB,1376.37,1675.23,-298.86,0.1705
718356,2023,TEX,NYY,1596.46,1594.55,1.91,0.5372
718357,2023,OAK,CIN,1316.03,1488.28,-172.25,0.2987
718358,2023,COL,ARI,1416.56,1588.61,-172.05,0.299
718359,2023,LAD,STL,1618.85,1548.96,69.89,0.6319
718360,2023,DET,BAL,1493.25,1601.98,-108.73,0.3804
718361,2023,NYM,ATL,1574.76,1662.08,-87.32,0.4099
718362,2023,MIN,KC,1571.01,1414.87,156.15,0.7383
718363,2023,TOR,SEA,1638.68,1561.83,76.85,0.6412
718364,2023,MIA,CHC,1542.36,1587.37,-45.01,0.4698
718365,2023,MIL,LAA,1622.76,1553.65,69.11,0.6309
718366,2023,COL,ARI,1462.28,1565.76,-103.48,0.3876
718367,2023,WSH,PIT,1489.91,1637.09,-147.18,0.3298
718368,2023,SD,SF,1573.45,1542.74,30.71,0.5781
718369,2023,LAD,STL,1626.76,1537.09,89.68,0.658
718370,2023,BOS,CLE,1581.88,1562.8,19.08,0.5617
718349,2023,WSH,CHC,1516.93,1581.61,-64.68,0.4417
718351,2023,NYY,CLE,1575.03,1549.27,25.75,0.5711
718352,2023,NYM,ATL,1575.73,1661.12,-85.4,0.4126
718353,2023,BOS,TOR,1595.41,1627.79,-32.38,0.4879
718361,2023,NYM,ATL,1571.32,1665.53,-94.2,0.4003
718336,2023,KC,BAL,1402.28,1608.36,-206.08,0.2596
718338,2023,STL,LAA,1531.62,1567.22,-35.6,0.4833
718339,2023,NYY,CLE,1568.77,1558.66,10.1,0.5489
718340,2023,CWS,MIN,1408.77,1577.31,-168.54,0.3032
718341,2023,BOS,TOR,1601.01,1622.19,-21.19,0.504
718343,2023,LAD,PHI,1630.41,1559.99,70.41,0.6326
718344,2023,WSH,CHC,1500.35,1592.66,-92.3,0.403
718345,2023,SD,CIN,1580.76,1477.46,103.3,0.6754
718346,2023,MIA,ATL,1551.0,1655.42,-104.42,0.3863
718347,2023,TB,PIT,1659.03,1619.09,39.95,0.591
718348,2023,DET,NYM,1483.7,1581.43,-97.73,0.3955
718350,2023,HOU,SF,1635.41,1531.77,103.64,0.6759
718314,2023,KC,BAL,1390.06,1614.47,-224.41,0.2398
718320,2023,STL,LAA,1513.25,1579.47,-66.22,0.4395
718321,2023,MIA,ATL,1539.52,1666.9,-127.38,0.3555
718322,2023,CWS,MIN,1423.13,1570.13,-147.0,0.33
718323,2023,BOS,TOR,1606.45,1616.74,-10.29,0.5197
718324,2023,NYY,CLE,1576.66,1550.77,25.89,0.5713
718325,2023,TEX,ARI,1615.98,1578.07,37.91,0.5882
718326,2023,HOU,SF,1643.38,1519.81,123.57,0.7005
718327,2023,LAD,PHI,1643.52,1546.88,96.64,0.667
718328,2023,TB,PIT,1667.94,1610.18,57.77,0.6155
718329,2023,DET,NYM,1485.36,1580.32,-94.96,0.3993
718330,2023,SD,CIN,1589.65,1464.13,125.52,0.7028
718331,2023,LAD,PHI,1651.74,1534.56,117.18,0.6927
718332,2023,OAK,SEA,1330.45,1572.72,-242.27,0.2216
718333,2023,WSH,CHC,1519.42,1579.95,-60.53,0.4476
718334,2023,COL,MIL,1443.8,1609.19,-165.39,0.3071
718335,2023,SD,CIN,1598.41,1451.0,147.41,0.7284
718337,2023,HOU,SF,1631.72,1537.29,94.43,0.6641
718342,2023,TEX,ARI,1599.41,1594.65,4.76,0.5413
718348,2023,DET,NYM,1514.1,1561.16,-47.06,0.4669
718304,2023,OAK,SEA,1326.03,1574.94,-248.91,0.2151
718308,2023,MIA,ATL,1521.8,1678.71,-156.91,0.3175
718309,2023,TB,PIT,1680.41,1597.71,82.7,0.6489
718310,2023,CWS,MIN,1445.2,1559.09,-113.89,0.3735
718311,2023,STL,LAA,1502.0,1586.97,-84.97,0.4131
718312,2023,KC,BAL,1433.01,1592.99,-159.98,0.3137
718313,2023,COL,MIL,1458.1,1602.04,-143.95,0.3339
718315,2023,COL,MIL,1478.9,1588.18,-109.28,0.3797
718316,2023,BOS,TOR,1620.16,1603.04,17.12,0.5589
718317,2023,WSH,CHC,1528.36,1573.98,-45.62,0.4689
718318,2023,DET,NYM,1522.78,1555.37,-32.59,0.4876
718319,2023,OAK,SEA,1319.23,1578.33,-259.1,0.2053
718298,2023,ATL,BAL,1685.29,1599.48,85.81,0.653
718300,2023,TB,NYY,1684.16,1581.36,102.8,0.6748
718301,2023,PHI,BOS,1516.6,1633.79,-117.19,0.369
718302,2023,NYM,COL,1546.5,1506.5,40.0,0.5911
718303,2023,CHC,MIA,1568.21,1511.94,56.28,0.6135
718305,2023,CIN,CWS,1462.36,1426.92,35.44,0.5847
718306,2023,CLE,MIN,1546.07,1568.23,-22.16,0.5026
718307,2023,PIT,TOR,1593.96,1589.41,4.55,0.541
718280,2023,KC,OAK,1420.04,1308.7,111.33,0.6855
718281,2023,CIN,CWS,1452.78,1439.68,13.1,0.5532
718283,2023,ATL,BAL,1667.27,1617.5,49.77,0.6046
718284,2023,PHI,BOS,1507.36,1639.94,-132.59,0.3486
718285,2023,CLE,MIN,1532.95,1576.98,-44.03,0.4712
718286,2023,PIT,TOR,1580.06,1603.31,-23.26,0.5011
718287,2023,SF,MIL,1554.08,1569.78,-15.69,0.512
718288,2023,STL,DET,1486.63,1536.1,-49.46,0.4634
718289,2023,CHC,MIA,1576.57,1499.4,77.17,0.6416
718290,2023,NYM,COL,1553.18,1499.81,53.36,0.6095
718291,2023,TB,NYY,1687.61,1577.91,109.69,0.6834
718292,2023,STL,DET,1479.09,1543.64,-64.54,0.4419
718293,2023,SF,MIL,1564.83,1559.03,5.8,0.5428
718294,2023,LAA,TEX,1597.21,1607.45,-10.24,0.5198
718295,2023,SD,LAD,1590.83,1663.71,-72.88,0.4301
718296,2023,ARI,WSH,1586.6,1537.02,49.59,0.6043
718297,2023,SEA,HOU,1583.6,1620.53,-36.93,0.4814
718299,2023,KC,OAK,1405.56,1323.17,82.39,0.6485
718262,2023,CIN,CWS,1464.49,1424.07,40.43,0.5917
718263,2023,ARI,WSH,1593.4,1526.81,66.59,0.6275
718264,2023,LAA,TEX,1602.51,1602.15,0.36,0.535
718265,2023,SEA,HOU,1575.28,1628.85,-53.57,0.4575
718266,2023,SD,LAD,1603.07,1651.48,-48.41,0.4649
718267,2023,SF,MIL,1572.85,1551.01,21.84,0.5656
718268,2023,KC,OAK,1373.37,1355.37,18.0,0.5602
718269,2023,CHC,MIA,1582.66,1490.27,92.39,0.6615
718270,2023,PHI,BOS,1496.42,1647.24,-150.82,0.3252
718271,2023,TB,NYY,1680.39,1585.13,95.25,0.6652
718272,2023,STL,DET,1471.95,1550.78,-78.83,0.4217
718273,2023,CLE,MIN,1541.58,1571.23,-29.66,0.4919
718274,2023,SEA,HOU,1584.58,1619.54,-34.96,0.4842
718275,2023,LAA,TEX,1583.71,1620.96,-37.25,0.4809
718276,2023,NYM,COL,1539.98,1519.61,20.36,0.5635
718277,2023,ATL,BAL,1671.56,1613.21,58.35,0.6163
718278,2023,PIT,TOR,1564.62,1618.75,-54.13,0.4567
718279,2023,SD,LAD,1592.98,1661.57,-68.59,0.4362
718282,2023,ARI,WSH,1586.65,1536.95,49.7,0.6045
718253,2023,KC,CWS,1395.84,1473.13,-77.29,0.4239
718255,2023,NYY,OAK,1581.57,1332.9,248.68,0.8277
718256,2023,CHC,STL,1575.62,1498.02,77.6,0.6422
718257,2023,MIL,LAD,1565.43,1666.26,-100.82,0.3912
718258,2023,PIT,COL,1548.2,1547.48,0.72,0.5355
718259,2023,BAL,TB,1609.06,1683.94,-74.88,0.4273
718261,2023,CLE,DET,1554.79,1533.4,21.4,0.565
718238,2023,KC,CWS,1432.87,1445.36,-12.48,0.5166
718240,2023,CHC,STL,1564.71,1514.38,50.34,0.6054
718241,2023,MIL,LAD,1583.56,1648.13,-64.58,0.4419
718242,2023,MIN,SD,1562.42,1588.29,-25.87,0.4973
718243,2023,CIN,NYM,1427.7,1512.11,-84.42,0.4139
718244,2023,PHI,TOR,1523.57,1635.18,-111.6,0.3765
718245,2023,ATL,BOS,1675.7,1629.13,46.57,0.6002
718246,2023,BAL,TB,1599.9,1693.11,-93.21,0.4017
718247,2023,NYY,OAK,1586.01,1324.02,261.99,0.8384
718248,2023,CLE,DET,1540.39,1555.01,-14.62,0.5135
718249,2023,ARI,MIA,1590.94,1500.83,90.11,0.6586
718251,2023,SEA,TEX,1593.51,1638.38,-44.87,0.47
718252,2023,PIT,COL,1560.44,1535.24,25.2,0.5703
718254,2023,LAA,HOU,1566.28,1610.62,-44.33,0.4708
718260,2023,SF,WSH,1558.43,1530.51,27.92,0.5742
718220,2023,ATL,BOS,1687.89,1616.94,70.95,0.6333
718221,2023,CHC,STL,1554.31,1529.98,24.33,0.5691
718222,2023,KC,CWS,1414.82,1463.41,-48.6,0.4647
718224,2023,MIN,SD,1548.33,1602.38,-54.05,0.4569
718225,2023,CIN,NYM,1440.21,1502.72,-62.51,0.4448
718226,2023,ARI,MIA,1598.21,1489.92,108.3,0.6817
718227,2023,BAL,TB,1609.99,1683.02,-73.04,0.4299
718228,2023,MIL,LAD,1572.5,1659.19,-86.68,0.4108
718229,2023,SEA,TEX,1588.4,1643.49,-55.09,0.4554
718230,2023,SF,WSH,1543.83,1552.41,-8.58,0.5222
718231,2023,PIT,COL,1539.67,1566.4,-26.73,0.4961
718232,2023,NYY,OAK,1590.15,1315.74,274.41,0.8478
718233,2023,PHI,TOR,1546.49,1619.9,-73.4,0.4294
718234,2023,CLE,DET,1553.13,1546.51,6.62,0.5439
718235,2023,LAA,HOU,1575.4,1601.5,-26.1,0.497
718236,2023,ARI,MIA,1591.01,1500.73,90.28,0.6588
718237,2023,LAA,HOU,1569.96,1606.95,-36.99,0.4813
718239,2023,SEA,TEX,1583.47,1648.42,-64.94,0.4413
718250,2023,SF,WSH,1521.46,1567.32,-45.86,0.4686
718216,2023,MIN,SD,1557.14,1596.5,-39.35,0.4779
718218,2023,KC,CWS,1451.64,1435.79,15.85,0.5571
718219,2023,NYY,TB,1594.91,1676.9,-82.0,0.4173
718223,2023,CIN,NYM,1430.62,1509.92,-79.3,0.4211
718205,2023,CLE,LAA,1537.58,1561.64,-24.05,0.4999
718206,2023,TOR,ATL,1613.77,1674.28,-60.51,0.4476
718208,2023,DET,SEA,1569.84,1599.03,-29.19,0.4925
718210,2023,NYY,TB,1582.38,1689.43,-107.05,0.3827
718211,2023,BOS,STL,1630.55,1510.08,120.47,0.6967
718212,2023,MIA,CIN,1525.17,1462.66,62.51,0.622
718213,2023,BAL,PIT,1616.11,1531.51,84.59,0.6514
718214,2023,WSH,NYM,1555.78,1485.89,69.89,0.6319
718215,2023,ARI,SF,1574.71,1538.78,35.93,0.5854
718217,2023,OAK,TEX,1306.23,1632.86,-326.63,0.149
718183,2023,MIL,KC,1559.36,1458.96,100.4,0.6717
718185,2023,LAD,SD,1672.34,1587.48,84.85,0.6517
718189,2023,CWS,HOU,1426.04,1615.27,-189.23,0.2787
718190,2023,OAK,TEX,1299.55,1636.2,-336.66,0.1419
718191,2023,CLE,LAA,1529.36,1567.12,-37.76,0.4802
718192,2023,TOR,ATL,1625.7,1662.36,-36.66,0.4818
718193,2023,BAL,PIT,1623.55,1520.34,103.21,0.6753
718194,2023,DET,SEA,1553.66,1615.2,-61.54,0.4462
718195,2023,MIN,CHC,1566.16,1567.58,-1.42,0.5324
718196,2023,BOS,STL,1618.94,1527.5,91.45,0.6603
718197,2023,NYY,TB,1588.91,1682.9,-93.99,0.4006
718198,2023,MIA,CIN,1505.05,1482.78,22.26,0.5662
718199,2023,ARI,SF,1559.88,1561.03,-1.15,0.5328
718200,2023,OAK,TEX,1292.49,1639.73,-347.24,0.1346
718201,2023,LAD,SD,1678.23,1581.59,96.64,0.667
718202,2023,COL,PHI,1571.83,1555.68,16.15,0.5575
718203,2023,WSH,NYM,1548.98,1496.08,52.9,0.6089
718204,2023,MIL,KC,1562.84,1453.74,109.1,0.6827
718207,2023,CWS,HOU,1449.39,1603.59,-154.2,0.3209
718209,2023,MIN,CHC,1584.09,1549.65,34.43,0.5833
718168,2023,LAD,SD,1683.84,1575.98,107.86,0.6811
718169,2023,ARI,SF,1568.09,1552.82,15.27,0.5563
718172,2023,OAK,TEX,1318.77,1626.59,-307.82,0.1633
718173,2023,DET,SEA,1541.22,1627.65,-86.43,0.4111
718174,2023,COL,PHI,1559.56,1567.96,-8.4,0.5224
718175,2023,MIN,CHC,1569.3,1571.84,-2.54,0.5308
718176,2023,CWS,HOU,1433.94,1611.31,-177.37,0.2926
718177,2023,MIL,KC,1570.62,1442.06,128.56,0.7065
718178,2023,MIA,CIN,1495.72,1492.11,3.62,0.5397
718179,2023,BAL,PIT,1629.0,1512.16,116.84,0.6923
718180,2023,NYY,TB,1595.28,1676.52,-81.24,0.4184
718181,2023,TOR,ATL,1637.0,1651.05,-14.05,0.5143
718182,2023,CLE,LAA,1542.83,1558.14,-15.31,0.5125
718184,2023,ARI,SF,1572.97,1547.93,25.04,0.5701
718186,2023,WSH,NYM,1555.34,1489.73,65.61,0.6262
718187,2023,BOS,STL,1611.91,1538.04,73.87,0.6372
718188,2023,COL,PHI,1571.81,1555.71,16.1,0.5575
718203,2023,WSH,NYM,1536.41,1518.12,18.28,0.5606
718163,2023,BOS,SEA,1590.24,1617.69,-27.45,0.495
718164,2023,TOR,NYY,1642.35,1590.81,51.54,0.607
718166,2023,STL,MIL,1570.55,1576.77,-6.22,0.5256
718167,2023,WSH,NYM,1543.66,1510.87,32.78,0.581
718171,2023,BAL,LAA,1612.08,1552.77,59.31,0.6176
718149,2023,BOS,SEA,1572.22,1635.7,-63.48,0.4434
718150,2023,NYM,TB,1490.27,1681.0,-190.73,0.2769
718151,2023,STL,MIL,1592.43,1554.9,37.54,0.5876
718153,2023,MIA,WSH,1507.84,1564.26,-56.42,0.4535
718154,2023,BAL,LAA,1596.59,1568.26,28.33,0.5747
718155,2023,DET,PIT,1556.16,1537.56,18.6,0.561
718157,2023,TOR,NYY,1629.2,1603.97,25.23,0.5704
718158,2023,HOU,CHC,1614.32,1552.05,62.27,0.6217
718159,2023,LAD,MIN,1691.67,1589.09,102.58,0.6745
718160,2023,OAK,ARI,1308.69,1585.16,-276.47,0.1895
718161,2023,COL,CIN,1559.53,1479.99,79.54,0.6448
718162,2023,SD,KC,1568.15,1429.76,138.4,0.7181
718165,2023,TEX,ATL,1631.63,1645.7,-14.07,0.5143
718170,2023,SF,PHI,1529.66,1567.98,-38.32,0.4794
718131,2023,STL,MIL,1586.02,1561.3,24.72,0.5697
718132,2023,MIA,WSH,1516.7,1558.35,-41.65,0.4746
718133,2023,BOS,SEA,1587.73,1620.19,-32.46,0.4878
718134,2023,TOR,NYY,1616.69,1616.47,0.22,0.5348
718135,2023,NYM,TB,1481.79,1686.65,-204.86,0.2609
718136,2023,LAD,MIN,1695.11,1585.64,109.48,0.6832
718137,2023,BAL,LAA,1607.4,1557.44,49.96,0.6049
718138,2023,COL,CIN,1563.33,1474.28,89.05,0.6572
718139,2023,OAK,ARI,1301.23,1588.89,-287.67,0.1798
718140,2023,SD,KC,1574.98,1416.09,158.89,0.7413
718141,2023,LAD,MIN,1702.89,1577.86,125.02,0.7022
718142,2023,DET,PIT,1567.37,1520.74,46.63,0.6003
718143,2023,SF,PHI,1546.68,1556.63,-9.95,0.5202
718144,2023,SD,KC,1567.32,1431.43,135.89,0.7151
718145,2023,COL,CIN,1572.78,1460.12,112.66,0.6871
718146,2023,OAK,ARI,1295.64,1591.69,-296.05,0.1728
718147,2023,CWS,CLE,1427.94,1550.88,-122.94,0.3613
718148,2023,TEX,ATL,1610.66,1666.67,-56.02,0.4541
718152,2023,HOU,CHC,1620.78,1545.58,75.2,0.639
718156,2023,SF,PHI,1562.57,1546.04,16.54,0.5581
718121,2023,TOR,NYY,1627.01,1606.16,20.85,0.5642
718122,2023,NYM,TB,1493.04,1679.15,-186.12,0.2823
718124,2023,STL,LAD,1595.46,1685.78,-90.31,0.4057
718125,2023,CWS,CLE,1462.62,1533.54,-70.92,0.4329
718126,2023,TEX,ATL,1622.47,1654.86,-32.4,0.4879
718127,2023,HOU,CHC,1629.77,1532.1,97.67,0.6683
718128,2023,BAL,LAA,1614.19,1550.65,63.54,0.6234
718129,2023,CWS,CLE,1451.56,1544.6,-93.04,0.4019
718130,2023,MIA,WSH,1525.28,1552.63,-27.35,0.4952
718110,2023,ATL,SEA,1660.2,1601.6,58.6,0.6167
718115,2023,TOR,BAL,1617.18,1607.47,9.71,0.5484
718116,2023,PHI,CHC,1538.74,1526.82,11.92,0.5515
718117,2023,TB,MIL,1671.81,1551.86,119.95,0.6961
718118,2023,PIT,ARI,1551.74,1583.6,-31.86,0.4887
718119,2023,NYM,CLE,1504.05,1519.93,-15.88,0.5117
718120,2023,CIN,NYY,1477.35,1615.98,-138.63,0.3408
718123,2023,WSH,DET,1543.87,1546.7,-2.84,0.5304
718093,2023,TB,MIL,1675.01,1548.67,126.34,0.7038
718094,2023,ATL,SEA,1669.81,1591.98,77.83,0.6425
718095,2023,CIN,NYY,1464.97,1624.23,-159.27,0.3146
718097,2023,PHI,CHC,1508.43,1557.13,-48.7,0.4645
718098,2023,HOU,OAK,1633.3,1311.81,321.49,0.8796
718099,2023,NYM,CLE,1512.11,1511.86,0.25,0.5348
718100,2023,TEX,COL,1617.13,1561.29,55.84,0.6129
718101,2023,PIT,ARI,1571.08,1564.27,6.81,0.5442
718102,2023,TOR,BAL,1603.12,1621.53,-18.41,0.508
718103,2023,SF,MIA,1567.44,1538.43,29.01,0.5757
718104,2023,CWS,KC,1476.24,1446.37,29.87,0.5769
718105,2023,SF,MIA,1561.13,1547.88,13.25,0.5534
718106,2023,LAA,MIN,1557.37,1594.97,-37.6,0.4804
718107,2023,SD,BOS,1559.85,1606.33,-46.48,0.4677
718108,2023,WSH,DET,1529.9,1560.67,-30.77,0.4903
718109,2023,STL,LAD,1615.53,1665.71,-50.18,0.4624
718111,2023,CWS,KC,1492.36,1424.87,67.49,0.6287
718112,2023,HOU,OAK,1634.46,1309.48,324.98,0.8817
718113,2023,STL,LAD,1621.36,1659.88,-38.52,0.4791
718114,2023,TEX,COL,1628.89,1549.54,79.35,0.6445
718076,2023,TEX,COL,1638.72,1534.78,103.94,0.6762
718078,2023,SF,MIA,1566.06,1540.5,25.56,0.5708
718079,2023,SD,BOS,1546.72,1619.46,-72.74,0.4303
718080,2023,LAA,MIN,1563.04,1589.31,-26.27,0.4967
718081,2023,TB,MIL,1682.22,1537.85,144.38,0.725
718082,2023,NYM,CLE,1511.53,1512.44,-0.91,0.5332
718083,2023,STL,LAD,1607.86,1673.38,-65.52,0.4405
718084,2023,CWS,KC,1501.86,1412.21,89.65,0.658
718085,2023,CIN,NYY,1455.21,1630.74,-175.53,0.2948
718086,2023,HOU,OAK,1637.11,1304.17,332.94,0.8864
718087,2023,TOR,BAL,1597.54,1627.12,-29.58,0.492
718088,2023,PHI,CHC,1537.38,1537.83,-0.45,0.5338
718089,2023,WSH,DET,1546.63,1549.52,-2.9,0.5303
718090,2023,ATL,SEA,1653.83,1607.96,45.87,0.5992
718091,2023,PIT,ARI,1565.06,1570.28,-5.22,0.527
718092,2023,SD,BOS,1574.24,1601.11,-26.87,0.4959
718096,2023,LAA,MIN,1571.78,1580.57,-8.79,0.5219
718099,2023,NYM,CLE,1519.29,1504.68,14.62,0.5553
718066,2023,KC,DET,1397.63,1537.15,-139.53,0.3396
718067,2023,MIN,SF,1593.95,1573.52,20.44,0.5636
718068,2023,MIL,HOU,1555.79,1638.85,-83.06,0.4158
718071,2023,CIN,STL,1446.12,1623.44,-177.31,0.2927
718072,2023,CLE,CWS,1497.33,1512.79,-15.46,0.5123
718073,2023,PHI,ARI,1545.13,1585.35,-40.22,0.4767
718074,2023,ATL,LAD,1658.19,1657.8,0.38,0.535
718075,2023,PIT,TEX,1549.99,1650.58,-100.6,0.3915
718077,2023,TB,TOR,1670.26,1583.62,86.65,0.6541
718049,2023,KC,DET,1383.46,1547.78,-164.32,0.3084
718054,2023,MIN,SF,1581.57,1585.9,-4.33,0.5283
718055,2023,CHC,NYM,1530.08,1526.64,3.43,0.5394
718056,2023,MIL,HOU,1540.41,1654.22,-113.81,0.3736
718057,2023,ATL,LAD,1648.78,1667.21,-18.42,0.508
718058,2023,NYY,BAL,1636.8,1641.04,-4.24,0.5284
718059,2023,CIN,STL,1460.64,1616.18,-155.53,0.3193
718060,2023,PHI,ARI,1529.56,1595.74,-66.18,0.4396
718061,2023,TB,TOR,1676.12,1577.77,98.35,0.6691
718062,2023,SEA,OAK,1603.61,1300.7,302.9,0.8678
718063,2023,CLE,CWS,1513.44,1496.68,16.76,0.5584
718064,2023,WSH,SD,1558.99,1565.63,-6.63,0.525
718065,2023,PIT,TEX,1565.33,1640.36,-75.03,0.4271
718069,2023,COL,MIA,1516.99,1529.31,-12.32,0.5168
718070,2023,LAA,BOS,1558.39,1609.72,-51.33,0.4608
718038,2023,CHC,NYM,1549.85,1506.87,42.99,0.5952
718039,2023,KC,DET,1412.01,1526.37,-114.36,0.3728
718040,2023,NYY,BAL,1642.02,1635.82,6.2,0.5434
718041,2023,CIN,STL,1450.72,1622.79,-172.07,0.2989
718042,2023,ATL,LAD,1632.02,1683.97,-51.95,0.4599
718043,2023,PHI,ARI,1522.46,1600.47,-78.01,0.4229
718044,2023,TB,TOR,1645.41,1608.47,36.95,0.5868
718045,2023,PIT,TEX,1553.49,1652.2,-98.71,0.3941
718046,2023,MIL,HOU,1568.23,1635.68,-67.45,0.4378
718047,2023,MIN,SF,1575.72,1591.75,-16.03,0.5115
718048,2023,CLE,CWS,1498.83,1511.29,-12.46,0.5166
718050,2023,SEA,OAK,1607.89,1292.14,315.74,0.8761
718051,2023,COL,MIA,1529.66,1516.64,13.02,0.5531
718052,2023,WSH,SD,1547.38,1577.24,-29.85,0.4916
718053,2023,LAA,BOS,1564.24,1603.88,-39.64,0.4775
718024,2023,CHC,NYM,1560.32,1496.4,63.92,0.6239
718026,2023,ATL,PHI,1637.87,1531.73,106.14,0.679
718028,2023,MIL,SF,1582.28,1576.65,5.63,0.5425
718029,2023,NYY,BAL,1630.0,1647.83,-17.83,0.5089
718030,2023,CIN,STL,1483.17,1601.16,-117.99,0.3679
718031,2023,DET,CWS,1535.71,1535.28,0.43,0.5351
718032,2023,TB,TOR,1655.88,1598.01,57.87,0.6157
718033,2023,COL,MIA,1537.05,1509.25,27.8,0.574
718034,2023,LAA,BOS,1577.45,1590.66,-13.21,0.5155
718035,2023,WSH,SD,1560.61,1568.42,-7.81,0.5233
718036,2023,COL,MIA,1544.05,1502.25,41.8,0.5936
718037,2023,SEA,OAK,1609.09,1289.74,319.35,0.8783
718018,2023,TB,LAD,1664.18,1678.12,-13.93,0.5145
718019,2023,ATL,PHI,1644.67,1521.54,123.13,0.6999
718020,2023,BAL,TEX,1656.71,1656.38,0.33,0.535
718021,2023,DET,CWS,1555.7,1515.29,40.41,0.5916
718022,2023,CLE,STL,1474.84,1605.03,-130.19,0.3518
718023,2023,NYY,SD,1621.13,1577.58,43.54,0.596
718025,2023,SEA,OAK,1612.14,1283.65,328.49,0.8838
718027,2023,CHC,CIN,1537.98,1477.36,60.62,0.6194
717991,2023,ARI,BOS,1594.29,1578.26,16.03,0.5574
717996,2023,CLE,STL,1485.02,1598.24,-113.22,0.3743
717997,2023,ATL,PHI,1633.01,1539.02,94.0,0.6636
717999,2023,MIL,SF,1566.76,1592.16,-25.4,0.498
718000,2023,KC,WSH,1399.55,1551.44,-151.89,0.3238
718001,2023,BAL,TEX,1636.19,1676.9,-40.72,0.476
718002,2023,TB,LAD,1679.21,1663.09,16.11,0.5575
718003,2023,OAK,HOU,1281.4,1621.63,-340.23,0.1394
718004,2023,SEA,PIT,1613.26,1549.31,63.95,0.6239
718005,2023,DET,CWS,1534.3,1547.4,-13.1,0.5157
718006,2023,NYY,SD,1606.08,1592.63,13.44,0.5537
718007,2023,CHC,CIN,1504.67,1510.68,-6.01,0.5259
718008,2023,MIN,TOR,1590.82,1589.7,1.12,0.5361
718009,2023,OAK,HOU,1276.05,1624.31,-348.26,0.1339
718010,2023,ARI,BOS,1588.15,1584.4,3.76,0.5399
718012,2023,SEA,PIT,1623.73,1533.59,90.14,0.6586
718013,2023,MIN,TOR,1598.97,1581.55,17.42,0.5593
718014,2023,KC,WSH,1388.9,1556.77,-167.87,0.304
718015,2023,LAA,MIA,1589.86,1532.97,56.89,0.6143
718016,2023,COL,NYM,1513.33,1529.9,-16.57,0.5107
718017,2023,MIL,SF,1558.11,1600.82,-42.71,0.4731
717980,2023,OAK,HOU,1270.92,1626.87,-355.95,0.1289
717981,2023,ARI,BOS,1572.7,1599.85,-27.14,0.4955
717982,2023,COL,NYM,1496.47,1546.77,-50.3,0.4622
717983,2023,SEA,PIT,1605.6,1560.8,44.8,0.5977
717984,2023,LAA,MIA,1574.43,1556.1,18.33,0.5606
717985,2023,KC,WSH,1378.97,1561.73,-182.76,0.2862
717986,2023,MIL,SF,1538.0,1620.92,-82.92,0.416
717987,2023,CHC,CIN,1487.22,1528.12,-40.9,0.4757
717988,2023,MIN,TOR,1589.22,1591.3,-2.09,0.5315
717989,2023,DET,CWS,1552.89,1528.8,24.09,0.5688
717990,2023,BAL,TEX,1627.97,1685.12,-57.14,0.4524
717992,2023,ATL,PHI,1625.96,1549.6,76.35,0.6405
717993,2023,CLE,STL,1479.1,1602.19,-123.09,0.3611
717994,2023,TB,LAD,1673.07,1669.23,3.84,0.54
717995,2023,NYY,SD,1611.0,1587.71,23.28,0.5676
717998,2023,LAA,MIA,1564.66,1565.87,-1.21,0.5327
718011,2023,COL,NYM,1505.21,1538.02,-32.81,0.4873
717968,2023,HOU,MIN,1630.96,1577.44,53.52,0.6097
717974,2023,BAL,CLE,1633.89,1489.16,144.73,0.7254
717975,2023,STL,KC,1595.48,1393.59,201.89,0.7859
717976,2023,CHC,TB,1471.68,1678.16,-206.48,0.2591
717977,2023,ARI,COL,1581.46,1522.02,59.44,0.6178
717978,2023,SF,PIT,1611.03,1552.05,58.98,0.6172
717979,2023,DET,TEX,1557.62,1679.2,-121.57,0.3632
717960,2023,STL,KC,1571.53,1441.49,130.05,0.7082
717962,2023,NYM,PHI,1521.21,1532.27,-11.05,0.5186
717963,2023,MIA,SD,1577.68,1578.22,-0.54,0.5337
717964,2023,DET,TEX,1547.76,1689.06,-141.3,0.3373
717965,2023,TOR,MIL,1603.08,1552.84,50.24,0.6052
717966,2023,BOS,CIN,1591.09,1543.66,47.42,0.6014
717967,2023,BAL,CLE,1614.38,1518.43,95.95,0.6661
717969,2023,SEA,NYY,1614.34,1620.49,-6.15,0.5257
717970,2023,OAK,ATL,1262.75,1637.52,-374.77,0.1172
717971,2023,CWS,LAA,1521.71,1552.85,-31.14,0.4897
717973,2023,LAD,WSH,1664.14,1554.43,109.71,0.6835
717943,2023,CWS,LAA,1508.97,1561.34,-52.36,0.4593
717944,2023,NYM,PHI,1533.84,1519.64,14.21,0.5548
717945,2023,MIA,SD,1562.39,1593.52,-31.13,0.4897
717946,2023,BAL,CLE,1621.48,1507.79,113.69,0.6884
717947,2023,TOR,MIL,1614.15,1541.77,72.37,0.6352
717948,2023,BOS,CIN,1584.56,1553.46,31.1,0.5786
717949,2023,OAK,ATL,1305.99,1615.89,-309.9,0.1617
717950,2023,CHC,TB,1482.95,1670.65,-187.7,0.2804
717951,2023,DET,TEX,1535.51,1697.22,-161.71,0.3116
717952,2023,SEA,NYY,1598.02,1636.81,-38.79,0.4787
717953,2023,SF,PIT,1625.34,1537.75,87.59,0.6553
717954,2023,LAD,WSH,1672.78,1545.78,127.0,0.7046
717955,2023,ARI,COL,1588.0,1512.21,75.8,0.6398
717956,2023,HOU,MIN,1620.5,1587.9,32.59,0.5807
717957,2023,LAD,WSH,1655.63,1571.51,84.12,0.6508
717958,2023,OAK,ATL,1301.01,1618.38,-317.37,0.1559
717959,2023,CWS,LAA,1486.59,1576.26,-89.68,0.4066
717961,2023,CHC,TB,1478.65,1673.52,-194.86,0.2722
717972,2023,SF,PIT,1607.27,1564.85,42.42,0.5944
717932,2023,BOS,CIN,1578.23,1559.78,18.45,0.5608
717933,2023,ARI,COL,1596.97,1498.76,98.21,0.669
717934,2023,NYM,PHI,1548.56,1504.92,43.64,0.5961
717937,2023,MIN,CLE,1577.26,1533.07,44.19,0.5969
717938,2023,HOU,MIN,1631.13,1581.64,49.49,0.6042
717939,2023,SEA,NYY,1581.48,1653.35,-71.87,0.4315
717940,2023,ARI,COL,1600.48,1493.49,107.0,0.6801
717941,2023,MIA,SD,1567.97,1587.94,-19.97,0.5058
717942,2023,TOR,MIL,1603.34,1557.99,45.34,0.5985
717927,2023,MIA,OAK,1549.5,1317.37,232.13,0.8137
717928,2023,BOS,TB,1591.79,1666.1,-74.31,0.4281
717929,2023,NYM,TOR,1559.0,1610.25,-51.25,0.4609
717930,2023,PIT,STL,1571.32,1574.59,-3.27,0.5298
717931,2023,CIN,MIL,1546.22,1551.08,-4.85,0.5275
717935,2023,WSH,PHI,1561.04,1494.48,66.56,0.6275
717936,2023,HOU,LAA,1612.74,1561.58,51.16,0.6065
717885,2023,BOS,TB,1592.56,1665.33,-72.77,0.4303
717905,2023,LAD,NYY,1666.1,1647.24,18.86,0.5614
717906,2023,CIN,MIL,1537.47,1556.91,-19.45,0.5066
717907,2023,PIT,STL,1579.57,1566.34,13.23,0.5534
717908,2023,HOU,LAA,1621.27,1553.05,68.21,0.6297
717909,2023,KC,COL,1435.38,1479.24,-43.86,0.4714
717910,2023,NYM,TOR,1549.01,1620.24,-71.23,0.4325
717911,2023,MIA,OAK,1556.01,1308.7,247.31,0.8266
717912,2023,TEX,SEA,1690.11,1587.59,102.53,0.6744
717913,2023,MIN,CLE,1600.04,1526.5,73.55,0.6368
717914,2023,WSH,PHI,1565.05,1488.46,76.59,0.6408
717915,2023,CWS,DET,1508.61,1546.18,-37.57,0.4805
717917,2023,LAD,NYY,1653.76,1659.59,-5.83,0.5261
717918,2023,BOS,TB,1585.24,1672.65,-87.41,0.4097
717919,2023,ARI,ATL,1609.98,1610.2,-0.22,0.5342
717920,2023,SF,BAL,1600.8,1604.62,-3.82,0.529
717921,2023,SD,CHC,1606.41,1489.78,116.63,0.692
717922,2023,TEX,SEA,1702.05,1575.65,126.4,0.7039
717923,2023,KC,COL,1419.13,1491.43,-72.3,0.4309
717924,2023,MIN,CLE,1589.21,1542.74,46.47,0.6
717925,2023,CWS,DET,1517.11,1537.69,-20.58,0.5049
717926,2023,HOU,LAA,1629.23,1545.08,84.15,0.6508
717888,2023,LAD,NYY,1665.93,1647.42,18.51,0.5609
717889,2023,SD,CHC,1599.12,1500.71,98.41,0.6692
717890,2023,SF,BAL,1594.94,1610.48,-15.53,0.5122
717891,2023,CWS,DET,1533.43,1521.37,12.06,0.5517
717892,2023,ARI,ATL,1615.15,1605.04,10.11,0.5489
717893,2023,KC,COL,1395.2,1509.37,-114.16,0.3731
717894,2023,TEX,SEA,1706.97,1570.73,136.24,0.7155
717895,2023,MIN,CLE,1593.56,1536.23,57.33,0.6149
717896,2023,MIA,OAK,1562.21,1296.3,265.9,0.8414
717897,2023,CIN,MIL,1524.23,1565.74,-41.51,0.4748
717898,2023,PIT,STL,1584.49,1561.41,23.08,0.5673
717899,2023,HOU,LAA,1637.89,1532.09,105.8,0.6786
717900,2023,NYM,TOR,1542.04,1624.89,-82.84,0.4161
717901,2023,ARI,ATL,1603.03,1617.16,-14.13,0.5142
717902,2023,WSH,PHI,1554.16,1504.79,49.37,0.6041
717903,2023,SD,CHC,1579.18,1530.62,48.55,0.6029
717904,2023,BOS,TB,1597.83,1660.06,-62.23,0.4452
717916,2023,SF,BAL,1580.36,1625.06,-44.69,0.4703
717878,2023,TOR,HOU,1631.93,1630.71,1.22,0.5362
717883,2023,CIN,MIL,1506.23,1577.74,-71.51,0.432
717884,2023,PIT,OAK,1589.24,1291.33,297.91,0.8645
717886,2023,PHI,DET,1535.94,1504.14,31.8,0.5796
717887,2023,MIA,KC,1564.69,1416.16,148.54,0.7297
717928,2023,BOS,TB,1586.68,1671.21,-84.52,0.4138
717867,2023,MIL,BAL,1568.07,1611.69,-43.62,0.4718
717870,2023,CIN,LAD,1520.73,1653.59,-132.86,0.3483
717871,2023,TOR,HOU,1614.1,1648.55,-34.44,0.485
717872,2023,ATL,NYM,1628.49,1531.47,97.02,0.6674
717873,2023,CLE,BOS,1546.2,1577.84,-31.65,0.489
717874,2023,PIT,OAK,1590.57,1288.68,301.88,0.8671
717875,2023,PHI,DET,1553.76,1486.32,67.44,0.6286
717876,2023,MIA,KC,1570.31,1404.93,165.38,0.7484
717877,2023,NYY,CWS,1659.75,1550.65,109.1,0.6827
717879,2023,TEX,STL,1716.84,1556.66,160.18,0.7427
717880,2023,SD,CHC,1591.27,1512.48,78.79,0.6438
717881,2023,WSH,ARI,1533.39,1591.7,-58.3,0.4508
717882,2023,TB,MIN,1680.05,1586.91,93.14,0.6625
717850,2023,ATL,NYM,1634.09,1523.07,111.01,0.6851
717851,2023,MIL,BAL,1573.81,1605.94,-32.13,0.4883
717853,2023,CIN,LAD,1530.95,1646.77,-115.82,0.3709
717856,2023,TOR,HOU,1627.16,1635.49,-8.33,0.5225
717857,2023,NYY,CWS,1652.54,1557.86,94.68,0.6644
717858,2023,CLE,BOS,1538.18,1583.19,-45.01,0.4698
717859,2023,TB,MIN,1690.82,1576.13,114.69,0.6896
717860,2023,MIA,KC,1577.02,1391.51,185.51,0.7696
717861,2023,LAA,CHC,1542.86,1497.69,45.17,0.5983
717862,2023,PHI,DET,1557.76,1480.33,77.43,0.642
717863,2023,SD,SEA,1601.13,1560.86,40.27,0.5915
717864,2023,SD,SEA,1614.48,1547.51,66.97,0.628
717865,2023,PIT,OAK,1562.47,1344.86,217.61,0.8007
717866,2023,WSH,ARI,1514.51,1604.29,-89.78,0.4065
717868,2023,TEX,STL,1719.5,1554.0,165.49,0.7485
717869,2023,COL,SF,1493.65,1593.73,-100.08,0.3922
717840,2023,ATL,NYM,1639.36,1515.17,124.19,0.7012
717842,2023,CLE,BOS,1555.46,1571.67,-16.2,0.5112
717843,2023,TOR,HOU,1632.44,1630.21,2.22,0.5377
717844,2023,CIN,LAD,1546.71,1636.27,-89.56,0.4068
717845,2023,TB,MIN,1694.09,1572.86,121.23,0.6976
717846,2023,COL,SF,1476.13,1605.41,-129.28,0.353
717847,2023,WSH,ARI,1499.42,1614.34,-114.92,0.3721
717848,2023,NYY,CWS,1650.79,1559.61,91.18,0.6599
717849,2023,MIL,BAL,1591.54,1588.21,3.33,0.5393
717852,2023,COL,SF,1467.34,1611.27,-143.93,0.3339
717854,2023,TEX,STL,1723.61,1549.89,173.72,0.7573
717855,2023,LAA,CHC,1555.96,1484.59,71.37,0.6339
717857,2023,NYY,CWS,1643.76,1566.64,77.12,0.6416
717862,2023,PHI,DET,1556.24,1482.61,73.63,0.6369
717827,2023,TB,TEX,1699.13,1715.82,-16.7,0.5105
717829,2023,ATL,WSH,1645.63,1501.45,144.18,0.7247
717833,2023,CLE,HOU,1571.61,1625.09,-53.48,0.4577
717834,2023,DET,ARI,1476.77,1612.99,-136.23,0.3439
717835,2023,TOR,MIN,1637.56,1567.82,69.73,0.6317
717836,2023,PIT,NYM,1543.71,1505.76,37.95,0.5882
717837,2023,PHI,LAD,1560.14,1648.44,-88.3,0.4085
717838,2023,LAA,CHC,1565.09,1470.9,94.2,0.6638
717839,2023,BAL,KC,1600.16,1379.33,220.83,0.8037
717841,2023,NYY,BOS,1651.44,1555.52,95.92,0.666
717811,2023,PHI,LAD,1566.44,1642.13,-75.69,0.4262
717812,2023,PIT,NYM,1563.91,1485.56,78.36,0.6432
717813,2023,TB,TEX,1713.06,1701.9,11.16,0.5504
717814,2023,MIL,OAK,1579.6,1382.39,197.21,0.7813
717815,2023,CLE,HOU,1577.48,1619.22,-41.74,0.4745
717816,2023,ATL,WSH,1648.49,1497.15,151.34,0.7329
717817,2023,STL,CIN,1561.57,1528.46,33.11,0.5815
717818,2023,BAL,KC,1602.13,1375.37,226.77,0.809
717819,2023,COL,SD,1462.13,1600.96,-138.83,0.3405
717820,2023,CWS,MIA,1558.96,1583.11,-24.15,0.4998
717821,2023,DET,ARI,1462.84,1622.28,-159.44,0.3144
717822,2023,TOR,MIN,1630.77,1574.62,56.15,0.6133
717823,2023,SF,CHC,1614.75,1462.4,152.35,0.734
717824,2023,LAA,SEA,1570.76,1567.79,2.97,0.5387
717825,2023,NYY,BOS,1644.37,1562.6,81.76,0.6477
717826,2023,SF,CHC,1607.14,1473.82,133.32,0.7121
717828,2023,CWS,MIA,1546.23,1595.84,-49.61,0.4632
717830,2023,COL,SD,1456.8,1604.51,-147.71,0.3291
717831,2023,MIL,OAK,1571.65,1398.3,173.35,0.757
717832,2023,STL,CIN,1546.82,1550.59,-3.77,0.5291
717795,2023,CWS,MIA,1554.96,1590.02,-35.06,0.4841
717796,2023,SF,CHC,1589.85,1499.75,90.1,0.6585
717797,2023,STL,CIN,1562.46,1540.16,22.3,0.5662
717798,2023,COL,SD,1446.54,1611.35,-164.82,0.3078
717799,2023,LAA,SEA,1575.87,1562.68,13.19,0.5533
717800,2023,MIL,OAK,1556.09,1429.42,126.66,0.7042
717801,2023,TB,TEX,1698.95,1716.0,-17.05,0.51
717802,2023,CLE,HOU,1569.29,1627.4,-58.11,0.4511
717803,2023,PIT,NYM,1547.92,1509.55,38.37,0.5888
717804,2023,DET,ARI,1450.24,1630.68,-180.45,0.2889
717805,2023,TOR,MIN,1613.62,1591.76,21.86,0.5656
717806,2023,PHI,LAD,1551.26,1657.31,-106.04,0.3841
717807,2023,ATL,WSH,1652.89,1490.56,162.33,0.7451
717808,2023,BAL,KC,1607.1,1365.44,241.66,0.8219
717809,2023,LAA,SEA,1588.6,1549.95,38.65,0.5892
717810,2023,NYY,BOS,1650.34,1556.63,93.71,0.6632
717790,2023,DET,ATL,1443.19,1635.02,-191.82,0.2757
717791,2023,STL,SF,1556.24,1602.43,-46.19,0.4681
717794,2023,BOS,COL,1563.68,1460.82,102.86,0.6749
717779,2023,NYM,NYY,1502.82,1643.28,-140.46,0.3384
717781,2023,STL,SF,1551.16,1607.52,-56.36,0.4536
717783,2023,MIN,MIL,1586.99,1544.38,42.61,0.5947
717784,2023,DET,ATL,1457.97,1627.63,-169.66,0.3019
717785,2023,ARI,PHI,1635.38,1566.4,68.98,0.6307
717786,2023,SEA,MIA,1572.32,1595.3,-22.99,0.5015
717787,2023,BAL,TOR,1612.74,1618.39,-5.65,0.5264
717788,2023,BOS,COL,1556.53,1471.55,84.99,0.6519
717789,2023,OAK,TB,1452.83,1711.47,-258.64,0.2058
717792,2023,TEX,LAA,1703.48,1573.69,129.79,0.7079
717793,2023,KC,CIN,1354.16,1549.48,-195.33,0.2717
717766,2023,NYM,NYY,1497.53,1646.81,-149.28,0.3271
717767,2023,STL,SF,1535.61,1623.06,-87.45,0.4097
717768,2023,BOS,COL,1549.57,1481.99,67.58,0.6288
717769,2023,BAL,TOR,1626.28,1604.85,21.43,0.565
717770,2023,DET,ATL,1461.03,1625.59,-164.56,0.3081
717771,2023,MIN,MIL,1593.98,1533.9,60.08,0.6187
717772,2023,SD,CLE,1604.21,1584.63,19.59,0.5624
717773,2023,SEA,MIA,1588.73,1578.89,9.84,0.5486
717774,2023,OAK,TB,1464.65,1703.59,-238.94,0.2249
717775,2023,ARI,PHI,1639.35,1562.42,76.92,0.6413
717776,2023,LAD,CWS,1642.18,1549.67,92.5,0.6616
717777,2023,KC,CIN,1348.62,1553.63,-205.01,0.2608
717778,2023,HOU,WSH,1612.07,1517.36,94.71,0.6645
717780,2023,TEX,LAA,1688.65,1588.51,100.14,0.6714
717782,2023,CHC,PIT,1480.87,1554.64,-73.77,0.4289
717784,2023,DET,ATL,1451.5,1631.95,-180.45,0.2889
717752,2023,MIN,DET,1600.5,1447.05,153.45,0.7353
717753,2023,BAL,TOR,1616.45,1614.69,1.76,0.537
717754,2023,ATL,COL,1634.91,1470.01,164.9,0.7479
717755,2023,ARI,PHI,1613.92,1587.85,26.07,0.5716
717756,2023,OAK,TB,1476.28,1695.84,-219.55,0.245
717757,2023,ARI,PHI,1607.65,1594.12,13.54,0.5538
717758,2023,SD,CLE,1613.83,1575.01,38.83,0.5894
717759,2023,SEA,MIA,1602.72,1564.89,37.83,0.5881
717760,2023,LAD,CWS,1650.54,1537.13,113.41,0.688
717761,2023,OAK,TB,1472.58,1698.31,-225.73,0.2384
717762,2023,HOU,WSH,1621.29,1503.53,117.76,0.6934
717763,2023,CHC,PIT,1510.01,1535.21,-25.2,0.4983
717764,2023,KC,CIN,1343.33,1556.28,-212.95,0.2521
717765,2023,TEX,LAA,1672.11,1605.05,67.06,0.6281
717742,2023,BOS,NYY,1561.55,1639.82,-78.27,0.4225
717743,2023,NYM,STL,1508.01,1522.5,-14.49,0.5137
717744,2023,CHC,BAL,1529.17,1624.58,-95.41,0.3987
717745,2023,ATL,COL,1641.63,1459.92,181.71,0.7657
717746,2023,HOU,WSH,1624.52,1498.69,125.83,0.7032
717747,2023,CHC,PIT,1557.94,1516.05,41.88,0.5937
717748,2023,LAD,CWS,1633.69,1562.41,71.28,0.6338
717749,2023,WSH,MIA,1520.82,1577.72,-56.9,0.4528
717750,2023,SD,CLE,1625.4,1563.44,61.96,0.6212
717751,2023,TEX,LAA,1680.12,1597.05,83.07,0.6494
717717,2023,SD,TB,1614.78,1703.11,-88.33,0.4085
717718,2023,NYM,STL,1528.79,1501.73,27.06,0.573
717720,2023,MIL,PIT,1524.11,1498.91,25.2,0.5703
717722,2023,SEA,CWS,1589.9,1558.47,31.43,0.5791
717723,2023,TEX,TOR,1669.12,1606.55,62.57,0.6221
717724,2023,ATL,COL,1648.83,1449.12,199.71,0.7838
717725,2023,OAK,PHI,1465.38,1600.22,-134.84,0.3457
717726,2023,KC,LAA,1333.14,1608.05,-274.91,0.1909
717727,2023,HOU,CIN,1609.77,1561.38,48.39,0.6027
717728,2023,MIN,DET,1582.81,1482.45,100.35,0.6717
717729,2023,CHC,BAL,1569.37,1605.4,-36.04,0.4827
717730,2023,BOS,NYY,1582.95,1618.43,-35.48,0.4835
717731,2023,LAD,SF,1637.62,1631.8,5.82,0.5428
717732,2023,SD,TB,1624.77,1693.11,-68.33,0.4365
717733,2023,SEA,CWS,1583.57,1564.8,18.76,0.5612
717734,2023,WSH,MIA,1513.48,1582.61,-69.13,0.4354
717735,2023,OAK,PHI,1459.97,1603.83,-143.87,0.334
717736,2023,KC,LAA,1349.09,1600.07,-250.98,0.2131
717737,2023,HOU,CIN,1590.15,1581.0,9.15,0.5476
717738,2023,MIN,DET,1588.32,1474.17,114.15,0.689
717739,2023,ARI,CLE,1601.55,1574.06,27.49,0.5736
717740,2023,MIL,PIT,1542.38,1480.64,61.74,0.6209
717741,2023,TEX,TOR,1675.58,1600.09,75.49,0.6394
717702,2023,LAD,SF,1628.11,1641.32,-13.21,0.5155
717703,2023,SD,TB,1613.87,1704.01,-90.14,0.406
717704,2023,SEA,CWS,1588.39,1559.98,28.41,0.5749
717705,2023,OAK,PHI,1446.48,1612.82,-166.34,0.3059
717706,2023,ARI,CLE,1612.4,1563.21,49.18,0.6038
717707,2023,HOU,CIN,1584.1,1587.05,-2.95,0.5303
717708,2023,CHC,BAL,1575.01,1599.76,-24.75,0.4989
717709,2023,TEX,TOR,1668.72,1606.95,61.77,0.621
717710,2023,MIL,PIT,1548.51,1474.51,74.01,0.6374
717711,2023,MIN,DET,1567.93,1504.76,63.17,0.6229
717712,2023,KC,LAA,1340.61,1604.31,-263.7,0.201
717713,2023,NYM,STL,1513.87,1516.65,-2.78,0.5305
717714,2023,WSH,MIA,1499.43,1591.97,-92.54,0.4026
717715,2023,BOS,NYY,1583.13,1618.25,-35.12,0.484
717716,2023,ATL,COL,1655.8,1435.18,220.62,0.8035
717719,2023,ARI,CLE,1590.64,1584.97,5.66,0.5426
717721,2023,LAD,SF,1614.91,1654.52,-39.6,0.4776
717730,2023,BOS,NYY,1594.39,1606.98,-12.59,0.5164
717692,2023,DET,KC,1520.73,1332.64,188.08,0.7722
717693,2023,MIN,BOS,1557.29,1606.78,-49.49,0.4634
717698,2023,PIT,CHC,1462.84,1564.07,-101.23,0.3906
717699,2023,WSH,STL,1489.24,1525.46,-36.22,0.4824
717700,2023,MIA,TOR,1598.77,1597.46,1.31,0.5364
717701,2023,CIN,COL,1596.35,1422.63,173.73,0.7574
717679,2023,CLE,OAK,1574.85,1440.18,134.68,0.7137
717681,2023,DET,KC,1526.26,1325.27,200.99,0.785
717683,2023,MIN,BOS,1543.18,1620.89,-77.71,0.4233
717684,2023,NYY,SEA,1594.6,1599.2,-4.6,0.5279
717685,2023,CIN,COL,1598.85,1417.64,181.21,0.7652
717686,2023,PIT,CHC,1443.14,1577.2,-134.06,0.3467
717687,2023,TB,BAL,1697.68,1610.7,86.98,0.6545
717689,2023,PHI,ATL,1615.98,1662.08,-46.11,0.4682
717690,2023,MIA,TOR,1617.19,1579.03,38.16,0.5885
717691,2023,WSH,STL,1476.73,1537.98,-61.25,0.4466
717694,2023,HOU,NYM,1574.79,1505.05,69.74,0.6317
717695,2023,CWS,TEX,1549.17,1678.22,-129.05,0.3533
717696,2023,MIL,ARI,1560.18,1600.76,-40.57,0.4762
717697,2023,SF,SD,1675.33,1620.2,55.13,0.6119
717663,2023,CLE,OAK,1577.85,1434.19,143.65,0.7241
717664,2023,PHI,ATL,1607.92,1670.14,-62.23,0.4452
717665,2023,MIN,BOS,1524.08,1633.62,-109.53,0.3793
717666,2023,NYY,SEA,1602.88,1590.92,11.96,0.5516
717668,2023,DET,KC,1514.29,1341.22,173.07,0.7567
717669,2023,CIN,COL,1602.66,1410.01,192.65,0.7768
717670,2023,HOU,NYM,1551.3,1540.29,11.01,0.5502
717671,2023,PIT,CHC,1426.31,1585.61,-159.3,0.3146
717672,2023,MIL,ARI,1543.75,1617.19,-73.45,0.4293
717673,2023,WSH,STL,1456.44,1558.27,-101.83,0.3898
717675,2023,CWS,TEX,1538.07,1685.62,-147.55,0.3293
717676,2023,MIA,TOR,1607.02,1589.2,17.82,0.5599
717677,2023,TB,BAL,1686.62,1621.77,64.85,0.6251
717678,2023,LAA,LAD,1608.29,1594.1,14.19,0.5547
717680,2023,MIL,ARI,1527.7,1627.89,-100.19,0.3921
717682,2023,HOU,NYM,1559.17,1528.49,30.68,0.578
717688,2023,SF,SD,1683.72,1611.8,71.92,0.6346
717652,2023,NYY,SEA,1610.72,1583.08,27.64,0.5738
717654,2023,MIA,PIT,1594.7,1409.49,185.21,0.7693
717657,2023,PHI,ATL,1608.51,1669.55,-61.05,0.4469
717658,2023,MIN,BOS,1533.92,1627.06,-93.14,0.4018
717659,2023,TB,KC,1697.05,1328.29,368.77,0.9056
717660,2023,CLE,OAK,1580.72,1428.45,152.27,0.7339
717661,2023,SF,SD,1687.65,1607.88,79.77,0.645
717662,2023,LAA,LAD,1598.6,1603.79,-5.18,0.5271
717667,2023,CWS,TEX,1548.52,1678.65,-130.12,0.3519
717674,2023,SF,SD,1663.77,1631.76,32.0,0.5799
717847,2023,WSH,ARI,1475.84,1617.67,-141.83,0.3366
717646,2023,TOR,OAK,1601.52,1414.18,187.34,0.7715
717647,2023,DET,MIN,1524.0,1560.72,-36.73,0.4817
717648,2023,CLE,MIL,1587.85,1543.03,44.82,0.5978
717649,2023,TB,KC,1688.45,1345.49,342.96,0.8921
717650,2023,CIN,ATL,1606.27,1680.75,-74.48,0.4279
717651,2023,BAL,SEA,1611.33,1603.0,8.33,0.5464
717653,2023,MIA,PIT,1598.44,1402.01,196.43,0.7806
717655,2023,NYY,TEX,1590.8,1686.02,-95.22,0.3989
717656,2023,PHI,NYM,1597.31,1517.52,79.79,0.6451
717625,2023,CLE,MIL,1569.61,1570.39,-0.78,0.5334
717626,2023,LAD,HOU,1613.03,1566.48,46.55,0.6002
717628,2023,BAL,SEA,1588.99,1625.34,-36.35,0.4822
717629,2023,CWS,BOS,1537.47,1609.19,-71.72,0.4318
717630,2023,MIA,PIT,1585.85,1427.2,158.64,0.741
717631,2023,CIN,ATL,1612.41,1674.61,-62.21,0.4452
717632,2023,TB,KC,1691.73,1338.93,352.81,0.8974
717633,2023,DET,MIN,1508.23,1571.23,-63.0,0.4441
717634,2023,TOR,OAK,1593.64,1429.95,163.69,0.7466
717635,2023,PHI,NYM,1606.13,1504.29,101.84,0.6736
717636,2023,NYY,TEX,1584.08,1692.74,-108.66,0.3805
717637,2023,STL,CHC,1545.33,1594.02,-48.69,0.4645
717639,2023,SF,ARI,1671.04,1623.23,47.81,0.6019
717641,2023,SF,ARI,1675.36,1618.91,56.46,0.6138
717642,2023,SD,WSH,1624.48,1467.5,156.98,0.7392
717643,2023,LAD,HOU,1617.37,1562.14,55.24,0.6121
717644,2023,COL,LAA,1402.8,1589.36,-186.57,0.2817
717645,2023,CWS,BOS,1546.63,1603.09,-56.46,0.4534
717610,2023,SD,WSH,1633.82,1453.49,180.33,0.7643
717612,2023,SF,ARI,1683.72,1610.56,73.16,0.6363
717613,2023,CLE,MIL,1577.81,1562.19,15.62,0.5568
717614,2023,CWS,BOS,1534.97,1610.86,-75.89,0.4259
717615,2023,LAD,HOU,1621.57,1557.94,63.63,0.6235
717616,2023,COL,LAA,1432.17,1574.68,-142.51,0.3358
717617,2023,TOR,OAK,1599.71,1417.8,181.91,0.7659
717618,2023,CIN,ATL,1607.6,1679.41,-71.81,0.4316
717619,2023,TB,KC,1669.56,1383.27,286.29,0.8565
717620,2023,MIA,PIT,1588.53,1421.85,166.68,0.7498
717621,2023,DET,MIN,1517.22,1565.24,-48.02,0.4655
717622,2023,NYY,TEX,1590.63,1686.19,-95.56,0.3984
717623,2023,STL,CHC,1521.37,1610.0,-88.63,0.408
717624,2023,PHI,NYM,1594.81,1521.26,73.55,0.6368
717627,2023,BAL,SEA,1597.94,1616.39,-18.44,0.508
717638,2023,SD,WSH,1613.57,1483.87,129.7,0.7078
717640,2023,COL,LAA,1446.0,1567.76,-121.75,0.3629
717607,2023,NYM,MIL,1515.41,1568.32,-52.91,0.4585
717609,2023,ATL,MIN,1684.05,1575.34,108.71,0.6822
717611,2023,BAL,CIN,1603.36,1602.97,0.39,0.535
717597,2023,NYM,MIL,1507.97,1573.29,-65.32,0.4408
717598,2023,STL,HOU,1536.37,1564.66,-28.29,0.4938
717600,2023,ATL,MIN,1690.77,1568.62,122.14,0.6987
717601,2023,BAL,CIN,1618.82,1587.5,31.32,0.5789
717602,2023,SEA,WSH,1610.98,1501.49,109.48,0.6832
717603,2023,PIT,SD,1413.67,1601.82,-188.15,0.2799
717604,2023,TOR,SF,1608.31,1670.06,-61.75,0.4459
717605,2023,BOS,MIA,1598.55,1592.61,5.94,0.543
717606,2023,TEX,DET,1676.06,1502.07,173.99,0.7576
717608,2023,LAA,CWS,1585.47,1553.44,32.03,0.5799
717581,2023,NYM,MIL,1531.32,1557.72,-26.4,0.4965
717582,2023,STL,HOU,1549.55,1555.88,-6.33,0.5254
717583,2023,BOS,MIA,1578.6,1612.56,-33.96,0.4857
717585,2023,PIT,SD,1451.71,1582.81,-131.1,0.3506
717586,2023,TOR,SF,1598.69,1679.68,-80.99,0.4187
717587,2023,SEA,WSH,1618.75,1489.83,128.91,0.7069
717588,2023,ATL,MIN,1698.12,1561.27,136.84,0.7162
717589,2023,BAL,CIN,1608.79,1597.54,11.25,0.5506
717590,2023,SEA,WSH,1603.94,1512.05,91.89,0.6609
717591,2023,KC,CLE,1378.81,1571.68,-192.87,0.2745
717592,2023,LAA,CWS,1590.06,1548.84,41.22,0.5928
717593,2023,ARI,TB,1624.22,1671.79,-47.58,0.4661
717594,2023,COL,LAD,1410.58,1614.85,-204.27,0.2616
717595,2023,OAK,NYY,1400.61,1600.76,-200.15,0.2662
717596,2023,CHC,PHI,1600.0,1598.71,1.29,0.5363
717599,2023,TEX,DET,1655.93,1532.26,123.67,0.7006
717560,2023,LAA,CWS,1597.09,1538.3,58.78,0.6169
717564,2023,TOR,SF,1614.76,1663.61,-48.85,0.4643
717565,2023,NYM,MIL,1514.99,1568.6,-53.61,0.4575
717566,2023,STL,HOU,1532.12,1567.5,-35.38,0.4836
717568,2023,ARI,TB,1637.67,1658.34,-20.67,0.5048
717569,2023,BOS,MIA,1566.28,1624.88,-58.6,0.4504
717570,2023,TEX,DET,1664.06,1520.07,143.99,0.7245
717571,2023,PIT,SD,1480.33,1563.72,-83.39,0.4153
717573,2023,KC,CLE,1373.21,1574.48,-201.27,0.2649
717574,2023,OAK,NYY,1415.53,1593.3,-177.77,0.2921
717575,2023,ARI,TB,1623.34,1672.67,-49.34,0.4636
717576,2023,LAA,CWS,1586.52,1554.15,32.38,0.5804
717577,2023,KC,CLE,1388.15,1567.01,-178.86,0.2908
717578,2023,COL,LAD,1396.86,1621.71,-224.86,0.2394
717579,2023,OAK,NYY,1398.7,1601.72,-203.02,0.263
717580,2023,TEX,DET,1648.97,1542.69,106.28,0.6792
717584,2023,CHC,PHI,1586.19,1612.51,-26.32,0.4967
717555,2023,TOR,BOS,1620.57,1558.57,62.0,0.6213
717556,2023,NYM,SF,1507.57,1657.79,-150.23,0.3259
717557,2023,CIN,SD,1611.64,1557.48,54.16,0.6106
717558,2023,ATL,MIA,1704.04,1632.59,71.45,0.634
717559,2023,CHC,CLE,1575.31,1578.37,-3.06,0.5301
717561,2023,BAL,MIN,1594.68,1555.35,39.33,0.5901
717562,2023,PIT,MIL,1489.7,1573.55,-83.85,0.4147
717563,2023,PHI,WSH,1623.4,1533.16,90.24,0.6587
717567,2023,CHC,PHI,1592.6,1616.38,-23.79,0.5003
717572,2023,COL,LAD,1412.16,1614.06,-201.89,0.2642
717534,2023,SEA,TB,1589.87,1677.7,-87.84,0.4092
717535,2023,NYM,SF,1502.49,1661.18,-158.69,0.3153
717536,2023,ATL,MIA,1718.59,1618.04,100.55,0.6719
717537,2023,KC,LAD,1365.43,1623.68,-258.25,0.2061
717538,2023,OAK,CWS,1379.55,1571.96,-192.4,0.275
717539,2023,CIN,SD,1618.32,1550.8,67.52,0.6287
717540,2023,PIT,MIL,1499.08,1567.3,-68.22,0.4367
717541,2023,BAL,MIN,1575.39,1574.64,0.75,0.5356
717542,2023,TEX,HOU,1659.73,1588.12,71.61,0.6342
717543,2023,PHI,WSH,1625.08,1543.68,81.4,0.6472
717545,2023,STL,NYY,1501.18,1611.29,-110.11,0.3786
717546,2023,CHC,CLE,1583.9,1561.08,22.82,0.567
717547,2023,TOR,BOS,1603.25,1575.89,27.35,0.5734
717548,2023,SEA,TB,1606.16,1661.42,-55.26,0.4551
717549,2023,LAA,ARI,1568.72,1618.31,-49.59,0.4632
717550,2023,STL,NYY,1530.72,1591.6,-60.88,0.4471
717550,2023,STL,NYY,1531.57,1591.03,-59.45,0.4492
717551,2023,OAK,CWS,1394.34,1564.56,-170.22,0.3012
717552,2023,COL,DET,1392.92,1526.55,-133.63,0.3473
717553,2023,KC,LAD,1390.41,1611.19,-220.78,0.2436
717554,2023,TEX,HOU,1667.59,1580.26,87.33,0.6549
717518,2023,OAK,CWS,1423.11,1550.17,-127.06,0.3559
717519,2023,SEA,TB,1588.5,1679.07,-90.56,0.4054
717520,2023,TEX,HOU,1656.52,1591.34,65.18,0.6256
717521,2023,CHC,CLE,1566.42,1578.55,-12.12,0.5171
717522,2023,LAA,ARI,1557.05,1629.97,-72.92,0.4301
717523,2023,COL,DET,1420.22,1506.08,-85.86,0.4119
717524,2023,STL,NYY,1514.68,1602.29,-87.61,0.4095
717525,2023,NYM,SF,1523.74,1647.01,-123.28,0.3609
717526,2023,CIN,SD,1598.02,1571.09,26.93,0.5728
717527,2023,KC,LAD,1376.62,1618.09,-241.46,0.2224
717528,2023,PHI,WSH,1640.17,1521.04,119.13,0.6951
717529,2023,BAL,MIN,1569.46,1580.58,-11.12,0.5185
717530,2023,TOR,BOS,1596.97,1582.18,14.79,0.5556
717531,2023,PIT,MIL,1484.99,1576.7,-91.71,0.4038
717532,2023,ATL,MIA,1729.03,1607.61,121.42,0.6979
717533,2023,LAA,ARI,1569.29,1617.74,-48.45,0.4649
717544,2023,COL,DET,1397.49,1523.13,-125.64,0.3578
717511,2023,MIL,CHC,1585.29,1557.39,27.91,0.5742
717512,2023,CLE,ATL,1587.59,1735.38,-147.79,0.329
717513,2023,NYY,BAL,1587.66,1574.77,12.89,0.5529
717514,2023,TEX,HOU,1645.84,1602.02,43.82,0.5964
717515,2023,MIA,STL,1601.25,1536.62,64.64,0.6249
717517,2023,WSH,CIN,1532.01,1602.71,-70.69,0.4332
717494,2023,DET,OAK,1532.05,1415.65,116.4,0.6917
717495,2023,CLE,ATL,1582.17,1740.8,-158.63,0.3154
717497,2023,SD,LAA,1566.41,1561.29,5.12,0.5418
717498,2023,ARI,NYM,1625.73,1547.11,78.62,0.6435
717499,2023,TB,PHI,1672.73,1632.86,39.87,0.5909
717500,2023,MIN,KC,1575.26,1425.89,149.37,0.7307
717501,2023,BOS,TEX,1588.3,1639.35,-51.06,0.4611
717502,2023,MIA,STL,1605.3,1530.56,74.74,0.6384
717503,2023,MIL,CHC,1592.69,1549.99,42.69,0.5948
717504,2023,HOU,COL,1608.5,1385.59,222.91,0.8055
717505,2023,SD,LAA,1576.55,1551.15,25.4,0.5706
717506,2023,LAD,PIT,1593.45,1472.09,121.36,0.6978
717507,2023,WSH,CIN,1525.03,1607.36,-82.33,0.4168
717508,2023,NYY,BAL,1597.52,1564.91,32.61,0.5808
717509,2023,SF,SEA,1631.43,1594.84,36.59,0.5863
717510,2023,MIN,KC,1583.12,1410.19,172.93,0.7565
717516,2023,SF,SEA,1613.47,1612.79,0.68,0.5355
717482,2023,MIN,KC,1588.93,1398.56,190.37,0.7745
717484,2023,BOS,TEX,1576.69,1650.96,-74.27,0.4282
717485,2023,DET,OAK,1521.12,1430.22,90.9,0.6596
717486,2023,CLE,ATL,1589.25,1733.72,-144.47,0.3333
717487,2023,NYY,BAL,1608.16,1554.27,53.89,0.6103
717488,2023,MIA,STL,1620.06,1508.4,111.66,0.6859
717489,2023,HOU,COL,1612.42,1377.76,234.66,0.8159
717491,2023,TB,PHI,1662.53,1643.06,19.47,0.5622
717492,2023,LAD,PIT,1599.81,1462.56,137.25,0.7167
717493,2023,WSH,CIN,1509.51,1617.71,-108.2,0.3811
717496,2023,CWS,TOR,1553.91,1590.85,-36.94,0.4814
717468,2023,CWS,TOR,1548.66,1596.1,-47.44,0.4663
717469,2023,CLE,KC,1578.85,1386.66,192.19,0.7763
717471,2023,BOS,TEX,1586.41,1641.23,-54.82,0.4558
717472,2023,TB,PHI,1648.18,1657.41,-9.23,0.5212
717473,2023,MIA,STL,1623.38,1503.43,119.95,0.6961
717474,2023,MIL,CHC,1586.22,1559.7,26.51,0.5722
717475,2023,NYY,BAL,1594.95,1567.48,27.47,0.5735
717476,2023,DET,OAK,1486.12,1476.89,9.22,0.5477
717477,2023,ARI,NYM,1611.95,1567.79,44.17,0.5969
717478,2023,SD,LAA,1590.67,1537.03,53.65,0.6099
717479,2023,LAD,PIT,1587.95,1480.35,107.6,0.6808
717480,2023,CWS,TOR,1531.02,1607.85,-76.83,0.4246
717480,2023,CWS,TOR,1532.24,1607.04,-74.81,0.4274
717481,2023,WSH,CIN,1491.38,1629.79,-138.41,0.3411
717483,2023,MIL,CHC,1590.9,1555.01,35.89,0.5853
717490,2023,SF,SEA,1607.54,1618.73,-11.19,0.5184
717457,2023,DET,TOR,1511.01,1611.63,-100.62,0.3915
717460,2023,TB,ATL,1639.06,1744.12,-105.06,0.3854
717461,2023,BOS,OAK,1600.09,1452.0,148.09,0.7292
717462,2023,LAD,PIT,1593.3,1472.33,120.97,0.6973
717463,2023,CLE,KC,1584.74,1374.87,209.88,0.7935
717464,2023,NYY,CHC,1571.03,1561.4,9.63,0.5482
717465,2023,WSH,TEX,1486.04,1627.56,-141.52,0.337
717466,2023,MIA,PHI,1608.74,1666.54,-57.8,0.4515
717467,2023,HOU,SEA,1615.34,1610.31,5.03,0.5417
717470,2023,ARI,NYM,1605.46,1574.27,31.19,0.5788
717438,2023,MIA,PHI,1603.86,1671.42,-67.56,0.4376
717439,2023,ARI,PIT,1584.44,1462.78,121.66,0.6981
717440,2023,HOU,SEA,1601.42,1624.22,-22.8,0.5017
717441,2023,TB,ATL,1634.98,1748.2,-113.22,0.3743
717442,2023,DET,TOR,1489.47,1625.99,-136.53,0.3435
717443,2023,CLE,KC,1588.92,1366.51,222.42,0.8051
717444,2023,MIL,CIN,1584.52,1633.35,-48.84,0.4643
717445,2023,CWS,STL,1525.36,1525.39,-0.03,0.5344
717446,2023,MIN,BAL,1594.88,1591.4,3.48,0.5395
717447,2023,NYY,CHC,1558.92,1573.51,-14.58,0.5135
717448,2023,SF,COL,1615.96,1371.91,244.05,0.8239
717449,2023,BOS,OAK,1606.62,1442.2,164.42,0.7474
717450,2023,WSH,TEX,1472.43,1636.64,-164.21,0.3085
717451,2023,SF,COL,1599.51,1404.81,194.7,0.7788
717452,2023,ARI,PIT,1587.61,1458.02,129.59,0.7077
717453,2023,HOU,SEA,1606.89,1618.76,-11.86,0.5175
717454,2023,SD,NYM,1597.37,1595.3,2.07,0.5374
717455,2023,CWS,STL,1507.58,1543.17,-35.59,0.4833
717456,2023,LAD,LAA,1599.66,1526.99,72.67,0.6356
717458,2023,MIN,BAL,1581.01,1605.27,-24.26,0.4996
717459,2023,MIL,CIN,1574.44,1643.43,-68.99,0.4356
717422,2023,SF,COL,1603.08,1397.67,205.41,0.7893
717423,2023,SD,NYM,1587.93,1604.74,-16.81,0.5103
717424,2023,CWS,STL,1516.04,1534.72,-18.68,0.5077
717425,2023,ARI,PIT,1594.72,1447.36,147.36,0.7284
717426,2023,MIA,PHI,1613.45,1661.83,-48.38,0.465
717427,2023,MIL,CIN,1588.53,1629.34,-40.8,0.4758
717428,2023,MIN,BAL,1572.32,1613.96,-41.64,0.4746
717429,2023,TB,ATL,1624.77,1758.41,-133.64,0.3473
717430,2023,HOU,SEA,1587.93,1637.72,-49.78,0.463
717431,2023,DET,TOR,1505.76,1615.13,-109.36,0.3796
717432,2023,WSH,TEX,1500.1,1618.19,-118.1,0.3678
717433,2023,NYY,CHC,1569.64,1562.79,6.85,0.5443
717434,2023,CLE,KC,1593.48,1357.39,236.09,0.8172
717435,2023,BOS,OAK,1614.44,1426.56,187.88,0.772
717436,2023,SD,NYM,1600.44,1592.22,8.22,0.5462
717437,2023,LAD,LAA,1611.4,1509.39,102.01,0.6738
717407,2023,STL,WSH,1543.09,1525.9,17.19,0.559
717412,2023,CIN,MIL,1623.63,1594.24,29.39,0.5762
717413,2023,NYM,LAD,1584.28,1620.33,-36.06,0.4827
717414,2023,ATL,CWS,1739.25,1507.66,231.58,0.8132
717416,2023,PIT,SF,1471.36,1605.22,-133.86,0.347
717417,2023,BAL,MIA,1633.63,1626.93,6.7,0.5441
717418,2023,PHI,SD,1648.35,1608.39,39.96,0.591
717420,2023,TOR,ARI,1619.14,1582.72,36.42,0.5861
717392,2023,CIN,MIL,1617.32,1600.55,16.78,0.5584
717393,2023,KC,TB,1390.13,1643.93,-253.8,0.2103
717395,2023,ATL,CWS,1745.47,1498.33,247.15,0.8265
717396,2023,STL,WSH,1528.46,1540.52,-12.06,0.5172
717397,2023,PHI,SD,1631.71,1625.03,6.67,0.544
717398,2023,PIT,SF,1462.73,1610.97,-148.23,0.3285
717399,2023,OAK,MIN,1421.9,1552.65,-130.75,0.351
717400,2023,NYM,LAD,1569.49,1635.12,-65.63,0.4404
717401,2023,BAL,MIA,1643.71,1616.85,26.86,0.5727
717402,2023,TEX,CLE,1600.99,1577.11,23.88,0.5685
717403,2023,CHC,BOS,1574.82,1616.77,-41.95,0.4742
717404,2023,TOR,ARI,1630.81,1571.05,59.76,0.6183
717405,2023,LAA,HOU,1495.98,1579.97,-84.0,0.4145
717406,2023,SEA,DET,1645.67,1499.75,145.93,0.7267
717407,2023,STL,WSH,1544.44,1524.55,19.9,0.5628
717408,2023,PHI,SD,1644.74,1612.0,32.74,0.5809
717409,2023,OAK,MIN,1407.2,1560.0,-152.8,0.3227
717410,2023,COL,NYY,1393.39,1557.61,-164.22,0.3085
717411,2023,KC,TB,1383.5,1647.24,-263.75,0.201
717411,2023,KC,TB,1389.42,1644.28,-254.87,0.2093
717415,2023,TEX,CLE,1608.49,1569.61,38.89,0.5895
717419,2023,CHC,BOS,1590.89,1600.71,-9.82,0.5204
717373,2023,SEA,DET,1638.12,1511.09,127.03,0.7046
717376,2023,CHC,BOS,1576.04,1615.56,-39.52,0.4777
717377,2023,TEX,CLE,1622.67,1555.43,67.25,0.6284
717378,2023,COL,NYY,1430.29,1539.16,-108.87,0.3802
717379,2023,OAK,MIN,1400.51,1563.35,-162.84,0.3102
717380,2023,STL,WSH,1529.73,1539.25,-9.52,0.5208
717381,2023,LAA,HOU,1485.45,1586.99,-101.54,0.3902
717382,2023,KC,TB,1378.66,1649.66,-271.0,0.1944
717383,2023,CIN,MIL,1605.03,1612.84,-7.81,0.5233
717384,2023,BAL,MIA,1648.39,1612.17,36.23,0.5858
717385,2023,NYM,LAD,1558.48,1646.13,-87.65,0.4094
717386,2023,TOR,ARI,1639.05,1562.8,76.25,0.6404
717387,2023,PHI,SD,1652.0,1604.74,47.26,0.6011
717388,2023,PIT,SF,1454.62,1616.37,-161.76,0.3115
717389,2023,LAA,HOU,1479.25,1591.13,-111.88,0.3762
717390,2023,SEA,DET,1643.03,1503.72,139.3,0.7191
717391,2023,ATL,CWS,1737.23,1510.69,226.55,0.8088
717394,2023,COL,NYY,1443.38,1529.34,-85.95,0.4118
717371,2023,PIT,CLE,1443.41,1551.43,-108.02,0.3814
717372,2023,BAL,LAD,1652.91,1639.83,13.08,0.5532
717374,2023,STL,MIA,1548.16,1607.65,-59.48,0.4491
717375,2023,CIN,SF,1599.25,1623.85,-24.6,0.4991
717357,2023,STL,MIA,1562.31,1598.22,-35.91,0.4829
717358,2023,ATL,ARI,1712.84,1556.69,156.14,0.7383
717359,2023,NYM,CWS,1564.78,1547.28,17.5,0.5594
717360,2023,CIN,SF,1590.57,1632.52,-41.95,0.4742
717361,2023,BAL,LAD,1643.25,1649.5,-6.25,0.5255
717362,2023,TOR,SD,1645.16,1600.41,44.75,0.5977
717363,2023,PHI,MIL,1656.33,1618.62,37.71,0.5879
717364,2023,PIT,CLE,1414.5,1565.88,-151.38,0.3245
717365,2023,SEA,MIN,1621.97,1566.55,55.42,0.6123
717366,2023,OAK,BOS,1394.1,1630.17,-236.07,0.2278
717367,2023,TEX,TB,1626.67,1631.19,-4.52,0.528
717368,2023,KC,DET,1415.6,1535.31,-119.7,0.3657
717369,2023,LAA,NYY,1489.12,1542.52,-53.4,0.4578
717370,2023,CHC,WSH,1561.43,1520.82,40.6,0.5919
717375,2023,CIN,SF,1585.41,1637.68,-52.27,0.4594
717338,2023,TOR,SD,1624.57,1621.0,3.57,0.5396
717339,2023,LAA,NYY,1497.93,1533.71,-35.79,0.483
717340,2023,ATL,ARI,1697.55,1571.98,125.56,0.7029
717341,2023,NYM,CWS,1569.63,1540.01,29.62,0.5766
717342,2023,CIN,SF,1577.52,1645.57,-68.05,0.4369
717343,2023,BAL,LAD,1625.81,1666.93,-41.12,0.4754
717344,2023,OAK,BOS,1380.41,1637.01,-256.6,0.2077
717345,2023,COL,HOU,1425.8,1584.55,-158.74,0.3153
717346,2023,TEX,TB,1631.9,1625.97,5.93,0.543
717347,2023,PHI,MIL,1660.82,1614.13,46.69,0.6004
717348,2023,PIT,CLE,1392.13,1577.07,-184.93,0.2837
717349,2023,OAK,BOS,1396.15,1629.15,-232.99,0.2309
717350,2023,SEA,MIN,1626.16,1562.36,63.8,0.6237
717351,2023,STL,MIA,1573.59,1586.93,-13.34,0.5153
717352,2023,LAA,NYY,1517.58,1514.07,3.51,0.5395
717353,2023,CHC,WSH,1551.21,1536.15,15.06,0.556
717354,2023,TEX,TB,1643.63,1614.23,29.4,0.5763
717355,2023,COL,HOU,1412.76,1591.07,-178.31,0.2915
717356,2023,KC,DET,1407.91,1541.08,-133.16,0.3479
717327,2023,SEA,MIN,1606.0,1582.53,23.47,0.5679
717328,2023,TB,BAL,1606.88,1637.23,-30.35,0.4909
717329,2023,PHI,MIL,1650.49,1624.46,26.03,0.5715
717330,2023,NYM,CWS,1580.39,1523.87,56.51,0.6138
717331,2023,TOR,SD,1615.1,1630.47,-15.37,0.5124
717332,2023,KC,DET,1421.55,1530.85,-109.3,0.3797
717333,2023,KC,DET,1405.51,1542.88,-137.38,0.3424
717334,2023,CIN,SF,1583.58,1639.52,-55.94,0.4542
717335,2023,SEA,MIN,1618.25,1570.27,47.98,0.6021
717336,2023,CHC,WSH,1570.32,1507.49,62.83,0.6224
717337,2023,ATL,ARI,1685.86,1583.67,102.19,0.674
717315,2023,CLE,PHI,1565.45,1635.94,-70.49,0.4335
717317,2023,DET,SD,1548.24,1618.0,-69.76,0.4345
717318,2023,NYY,KC,1496.31,1398.36,97.95,0.6686
717319,2023,MIA,COL,1578.46,1427.3,151.17,0.7327
717320,2023,TB,BAL,1601.51,1642.6,-41.09,0.4754
717321,2023,CIN,ARI,1597.29,1578.2,19.09,0.5617
717322,2023,CHC,STL,1580.84,1582.06,-1.22,0.5327
717323,2023,OAK,HOU,1427.0,1583.8,-156.8,0.3177
717324,2023,BOS,NYM,1613.72,1564.98,48.75,0.6032
717325,2023,CHC,STL,1565.58,1597.32,-31.75,0.4889
717326,2023,WSH,SF,1491.7,1625.81,-134.11,0.3466
717293,2023,MIN,CWS,1583.34,1546.99,36.35,0.586
717296,2023,MIL,ATL,1639.01,1691.33,-52.33,0.4593
717299,2023,DET,SD,1541.24,1622.67,-81.44,0.4181
717300,2023,TB,BAL,1612.93,1631.18,-18.25,0.5083
717301,2023,SEA,TOR,1605.18,1627.57,-22.39,0.5023
717302,2023,CLE,PHI,1571.54,1629.85,-58.31,0.4508
717303,2023,CIN,ARI,1606.92,1568.56,38.37,0.5888
717304,2023,NYY,KC,1501.59,1391.32,110.26,0.6841
717305,2023,TEX,LAD,1650.99,1655.51,-4.52,0.528
717306,2023,MIA,COL,1558.81,1466.61,92.2,0.6613
717307,2023,WSH,SF,1507.94,1614.98,-107.05,0.3827
717308,2023,CHC,STL,1571.17,1591.74,-20.57,0.5049
717309,2023,BOS,NYM,1607.18,1571.52,35.66,0.585
717310,2023,OAK,HOU,1416.58,1589.01,-172.43,0.2985
717311,2023,SEA,TOR,1610.65,1622.1,-11.46,0.518
717312,2023,LAA,PIT,1535.34,1415.36,119.97,0.6961
717313,2023,MIL,ATL,1644.86,1685.48,-40.61,0.4761
717314,2023,MIN,CWS,1587.86,1540.21,47.64,0.6017
717316,2023,TEX,LAD,1628.74,1677.76,-49.02,0.4641
717324,2023,BOS,NYM,1614.35,1564.34,50.01,0.6049
717278,2023,LAA,PIT,1544.92,1402.58,142.34,0.7226
717279,2023,OAK,HOU,1406.85,1593.88,-187.03,0.2812
717281,2023,SEA,TOR,1615.96,1616.79,-0.82,0.5333
717283,2023,CLE,PHI,1577.47,1623.92,-46.45,0.4677
717284,2023,TEX,LAD,1614.6,1691.89,-77.29,0.4239
717285,2023,MIN,CWS,1599.03,1523.45,75.59,0.6395
717286,2023,CHC,STL,1579.79,1583.11,-3.33,0.5297
717287,2023,MIL,ATL,1636.65,1693.69,-57.05,0.4526
717288,2023,DET,SD,1517.19,1638.7,-121.51,0.3632
717289,2023,CIN,ARI,1614.03,1561.45,52.58,0.6085
717290,2023,WSH,SF,1540.47,1593.3,-52.83,0.4586
717291,2023,TB,BAL,1607.34,1636.77,-29.43,0.4922
717292,2023,MIA,COL,1551.77,1477.16,74.61,0.6382
717294,2023,NYY,KC,1511.59,1377.98,133.61,0.7124
717295,2023,OAK,HOU,1401.1,1596.75,-195.65,0.2713
717297,2023,LAA,PIT,1551.79,1393.42,158.37,0.7407
717298,2023,BOS,NYM,1607.79,1570.9,36.89,0.5867
717275,2023,MIN,SEA,1602.9,1610.05,-7.15,0.5242
717277,2023,CLE,KC,1567.31,1365.95,201.36,0.7854
717280,2023,PHI,BAL,1634.08,1645.31,-11.23,0.5184
717282,2023,WSH,COL,1563.2,1471.34,91.86,0.6608
718558,2023,DET,SF,1533.1,1578.14,-45.04,0.4698
717260,2023,CLE,KC,1554.67,1391.25,163.42,0.7463
717261,2023,BOS,ATL,1619.45,1701.45,-82.0,0.4173
717264,2023,MIN,SEA,1608.16,1604.79,3.37,0.5393
717265,2023,DET,LAA,1553.17,1536.47,16.71,0.5583
717266,2023,NYY,NYM,1520.61,1559.25,-38.64,0.4789
717267,2023,PHI,BAL,1628.36,1651.03,-22.67,0.5019
717268,2023,ARI,STL,1551.61,1569.65,-18.05,0.5086
717269,2023,WSH,COL,1546.87,1495.85,51.02,0.6063
717270,2023,TB,MIA,1598.8,1555.65,43.15,0.5955
717271,2023,LAD,TOR,1677.56,1622.7,54.86,0.6116
717273,2023,MIL,CIN,1628.89,1623.88,5.01,0.5417
717274,2023,HOU,TEX,1581.91,1628.93,-47.03,0.4669
717276,2023,SD,PIT,1628.1,1424.07,204.02,0.7879
717242,2023,BOS,ATL,1636.94,1683.96,-47.02,0.4669
717244,2023,ARI,STL,1538.62,1582.64,-44.03,0.4712
717245,2023,PHI,BAL,1633.83,1645.56,-11.73,0.5176
717246,2023,SD,PIT,1609.53,1461.21,148.32,0.7295
717247,2023,DET,LAA,1547.03,1545.68,1.34,0.5364
717248,2023,NYY,NYM,1498.63,1573.9,-75.27,0.4267
717249,2023,CLE,KC,1560.75,1379.08,181.66,0.7656
717250,2023,MIN,SEA,1598.69,1614.26,-15.56,0.5121
717252,2023,TB,MIA,1607.6,1546.85,60.75,0.6196
717253,2023,LAD,TOR,1664.32,1635.93,28.39,0.5748
717254,2023,MIL,CIN,1633.96,1618.8,15.16,0.5561
717255,2023,HOU,TEX,1587.7,1623.15,-35.45,0.4835
717256,2023,LAD,TOR,1645.44,1654.82,-9.37,0.521
717257,2023,WSH,COL,1553.27,1489.44,63.82,0.6238
717258,2023,SD,PIT,1601.95,1472.58,129.37,0.7074
717259,2023,ARI,STL,1520.77,1594.54,-73.77,0.4289
717262,2023,MIL,CIN,1643.74,1609.03,34.71,0.5837
717263,2023,CWS,CHC,1517.65,1593.25,-75.6,0.4263
717272,2023,SF,OAK,1564.76,1430.78,133.98,0.7129
717238,2023,STL,CHC,1584.82,1603.86,-19.04,0.5071
717239,2023,HOU,TEX,1593.33,1617.51,-24.18,0.4997
717240,2023,CWS,CHC,1501.73,1620.59,-118.86,0.3668
717241,2023,NYM,WSH,1564.16,1557.32,6.84,0.5443
717243,2023,DET,LAA,1546.42,1546.29,0.13,0.5347
717247,2023,DET,LAA,1521.45,1571.26,-49.8,0.4629
717251,2023,SF,OAK,1567.76,1424.78,142.98,0.7234
717228,2023,CWS,CLE,1490.15,1566.95,-76.8,0.4246
717230,2023,NYM,WSH,1569.2,1552.28,16.92,0.5586
717231,2023,ATL,MIL,1674.78,1637.37,37.42,0.5875
717233,2023,CWS,CLE,1508.65,1554.62,-45.97,0.4684
717234,2023,PIT,PHI,1461.91,1642.26,-180.36,0.289
717235,2023,TOR,LAA,1649.53,1586.32,63.21,0.6229
717236,2023,MIA,DET,1575.01,1498.86,76.15,0.6403
717237,2023,BAL,NYY,1637.13,1513.24,123.88,0.7008
717207,2023,KC,MIN,1366.67,1593.05,-226.38,0.2378
717211,2023,ATL,MIL,1683.78,1628.37,55.41,0.6123
717213,2023,STL,CHC,1568.1,1628.31,-60.21,0.4481
717214,2023,HOU,TB,1575.96,1588.83,-12.88,0.516
717215,2023,NYM,WSH,1580.48,1541.0,39.47,0.5903
717216,2023,PIT,PHI,1457.46,1645.22,-187.76,0.2804
717217,2023,CWS,CLE,1493.39,1564.8,-71.41,0.4322
717218,2023,MIA,DET,1578.87,1493.08,85.79,0.6529
717219,2023,BAL,NYY,1640.27,1508.53,131.73,0.7102
717220,2023,SF,BOS,1575.21,1646.11,-70.9,0.4329
717221,2023,SF,BOS,1570.56,1650.76,-80.21,0.4198
717222,2023,TOR,LAA,1657.66,1578.19,79.47,0.6447
717223,2023,ARI,SEA,1535.34,1619.9,-84.55,0.4137
717224,2023,SD,TEX,1609.06,1634.89,-25.82,0.4974
717225,2023,LAD,CIN,1650.73,1615.4,35.33,0.5846
717226,2023,STL,CHC,1556.87,1639.54,-82.67,0.4164
717227,2023,COL,OAK,1483.36,1409.89,73.47,0.6367
717229,2023,HOU,TB,1596.27,1568.51,27.76,0.5739
717232,2023,KC,MIN,1397.33,1577.72,-180.39,0.289
717191,2023,SD,TEX,1624.53,1619.42,5.11,0.5418
717193,2023,ARI,SEA,1522.09,1628.73,-106.65,0.3833
717194,2023,LAD,CIN,1644.35,1621.78,22.57,0.5666
717195,2023,STL,CHC,1552.41,1643.99,-91.57,0.404
717196,2023,HOU,TB,1589.99,1574.8,15.19,0.5562
717197,2023,SF,BOS,1576.76,1644.55,-67.79,0.4373
717198,2023,KC,MIN,1426.48,1563.15,-136.67,0.3433
717199,2023,COL,OAK,1462.86,1437.22,25.64,0.571
717200,2023,BAL,NYY,1621.06,1537.35,83.71,0.6502
717201,2023,TOR,LAA,1667.49,1568.36,99.13,0.6701
717202,2023,MIA,DET,1560.85,1520.1,40.75,0.5921
717203,2023,NYM,WSH,1563.85,1565.94,-2.09,0.5315
717204,2023,CWS,CLE,1517.04,1549.03,-32.0,0.4885
717205,2023,LAD,CIN,1623.69,1642.44,-18.75,0.5075
717206,2023,ATL,MIL,1695.55,1616.6,78.96,0.644
717208,2023,PIT,PHI,1468.49,1637.87,-169.38,0.3022
717209,2023,SD,TEX,1632.57,1611.38,21.18,0.5647
717210,2023,ARI,SEA,1507.97,1638.15,-130.18,0.3518
717212,2023,COL,OAK,1474.05,1422.31,51.73,0.6073
717185,2023,NYY,TB,1521.61,1592.0,-70.38,0.4336
717186,2023,TOR,BAL,1660.38,1631.55,28.83,0.5754
717187,2023,ATL,LAA,1701.6,1575.47,126.13,0.7035
717189,2023,MIA,PHI,1567.89,1626.48,-58.59,0.4504
717192,2023,WSH,MIL,1555.56,1610.56,-55.0,0.4555
717174,2023,STL,MIN,1565.11,1556.29,8.82,0.5471
717175,2023,NYY,TB,1505.38,1602.82,-97.44,0.3959
717176,2023,ATL,LAA,1686.84,1590.23,96.61,0.6669
717177,2023,TOR,BAL,1650.39,1641.53,8.86,0.5471
717178,2023,PIT,DET,1485.58,1509.54,-23.97,0.5
717179,2023,COL,SD,1442.76,1643.67,-200.91,0.2653
717181,2023,SEA,BOS,1631.36,1638.5,-7.14,0.5242
717182,2023,MIA,PHI,1560.18,1634.19,-74.02,0.4285
717183,2023,WSH,MIL,1564.9,1601.22,-36.32,0.4823
717184,2023,HOU,CLE,1572.79,1569.74,3.05,0.5389
717188,2023,CHC,CIN,1631.3,1637.03,-5.73,0.5263
717190,2023,SF,ARI,1582.82,1518.15,64.67,0.6249
717155,2023,STL,MIN,1559.06,1562.33,-3.27,0.5298
717157,2023,TOR,BAL,1629.49,1662.44,-32.96,0.4871
717158,2023,COL,SD,1457.69,1636.2,-178.52,0.2912
717159,2023,MIA,PHI,1552.89,1641.48,-88.59,0.4081
717160,2023,NYY,TB,1492.77,1611.23,-118.46,0.3673
717161,2023,SEA,BOS,1643.57,1626.29,17.28,0.5591
717162,2023,WSH,MIL,1556.56,1609.56,-53.0,0.4584
717163,2023,HOU,CLE,1584.65,1557.88,26.77,0.5725
717165,2023,ATL,LAA,1695.05,1582.01,113.04,0.6876
717166,2023,PIT,DET,1502.03,1493.09,8.94,0.5473
717167,2023,SEA,BOS,1653.27,1616.59,36.69,0.5865
717168,2023,TEX,CWS,1600.28,1496.33,103.95,0.6762
717169,2023,COL,SD,1442.19,1646.54,-204.35,0.2615
717170,2023,KC,NYM,1440.2,1574.23,-134.04,0.3467
717171,2023,LAD,OAK,1629.1,1464.03,165.07,0.7481
717172,2023,HOU,CLE,1589.33,1553.2,36.14,0.5857
717173,2023,CHC,CIN,1625.48,1642.85,-17.37,0.5095
717180,2023,SF,ARI,1576.09,1528.25,47.84,0.6019
717142,2023,NYY,HOU,1518.59,1596.5,-77.91,0.423
717143,2023,MIL,PIT,1603.69,1483.9,119.8,0.6959
717145,2023,STL,MIN,1571.15,1550.24,20.91,0.5643
717147,2023,MIA,PHI,1559.2,1635.17,-75.97,0.4258
717148,2023,KC,NYM,1453.85,1567.41,-113.55,0.3739
717149,2023,TEX,CWS,1605.71,1488.18,117.54,0.6931
717150,2023,TOR,BAL,1640.69,1651.23,-10.54,0.5194
717151,2023,SF,ARI,1580.41,1521.77,58.64,0.6167
717152,2023,TEX,CWS,1610.84,1480.5,130.34,0.7086
717153,2023,CHC,CIN,1644.82,1623.5,21.32,0.5649
717154,2023,LAD,OAK,1635.14,1454.98,180.16,0.7641
717156,2023,KC,NYM,1483.57,1547.6,-64.03,0.4426
717164,2023,SF,ARI,1584.55,1515.56,68.99,0.6307
717132,2023,CLE,CWS,1546.03,1464.66,81.37,0.6472
717134,2023,BAL,NYM,1666.05,1526.68,139.37,0.7192
717135,2023,DET,TB,1511.22,1594.01,-82.79,0.4162
717136,2023,BOS,TOR,1626.73,1625.88,0.85,0.5357
717137,2023,LAD,OAK,1643.17,1442.93,200.24,0.7843
717138,2023,NYY,HOU,1527.86,1590.32,-62.46,0.4449
717139,2023,CIN,WSH,1606.97,1562.42,44.54,0.5974
717140,2023,PHI,KC,1642.4,1504.49,137.92,0.7175
717141,2023,CHC,ATL,1661.36,1704.94,-43.58,0.4719
717144,2023,LAA,SEA,1572.13,1643.13,-71.01,0.4328
717146,2023,CHC,CIN,1645.09,1593.98,51.11,0.6064
717114,2023,BAL,NYM,1674.84,1513.5,161.34,0.744
717115,2023,CLE,CWS,1555.0,1455.69,99.31,0.6704
717116,2023,MIL,PIT,1615.87,1465.63,150.24,0.7317
717117,2023,OAK,SF,1430.62,1590.84,-160.22,0.3134
717118,2023,MIN,ARI,1560.07,1506.11,53.95,0.6103
717119,2023,STL,COL,1561.33,1431.57,129.76,0.7079
717120,2023,CIN,WSH,1587.22,1575.41,11.81,0.5513
717121,2023,CHC,ATL,1651.85,1721.21,-69.35,0.4351
717122,2023,DET,TB,1490.07,1608.12,-118.04,0.3679
717123,2023,PHI,KC,1630.54,1522.29,108.25,0.6816
717124,2023,TEX,MIA,1621.39,1551.97,69.42,0.6313
717125,2023,BOS,TOR,1612.94,1639.66,-26.73,0.4961
717126,2023,NYY,HOU,1511.15,1601.46,-90.31,0.4057
717127,2023,STL,COL,1568.43,1417.36,151.07,0.7326
717128,2023,MIN,ARI,1575.19,1483.43,91.76,0.6607
717129,2023,SD,LAD,1651.85,1649.33,2.52,0.5381
717130,2023,LAA,SEA,1564.76,1650.5,-85.75,0.4121
717131,2023,MIL,PIT,1618.66,1461.45,157.21,0.7394
717133,2023,TEX,MIA,1625.36,1548.0,77.35,0.6419
717093,2023,SD,LAD,1636.44,1664.74,-28.3,0.4938
717098,2023,CHC,ATL,1661.48,1711.58,-50.1,0.4625
717099,2023,STL,COL,1548.78,1456.67,92.11,0.6611
717100,2023,OAK,SF,1444.81,1583.74,-138.93,0.3404
717101,2023,LAA,SEA,1557.78,1657.47,-99.69,0.3928
717102,2023,TEX,MIA,1634.26,1534.64,99.63,0.6708
717103,2023,DET,TB,1505.89,1597.57,-91.68,0.4038
717104,2023,CIN,WSH,1573.1,1589.53,-16.44,0.5109
717105,2023,MIL,PIT,1600.89,1488.11,112.78,0.6873
717106,2023,MIN,ARI,1578.8,1478.01,100.79,0.6722
717107,2023,BAL,NYM,1680.98,1504.29,176.69,0.7605
717108,2023,CLE,CWS,1540.78,1477.03,63.74,0.6237
717109,2023,LAA,SEA,1553.62,1661.64,-108.02,0.3814
717110,2023,NYY,HOU,1526.2,1591.42,-65.23,0.4409
717111,2023,BOS,TOR,1607.5,1645.1,-37.6,0.4804
717112,2023,SD,LAD,1621.26,1679.92,-58.66,0.4503
717113,2023,PHI,KC,1637.27,1512.19,125.07,0.7023
717087,2023,CLE,TOR,1524.79,1664.49,-139.69,0.3394
717089,2023,BOS,KC,1588.11,1501.31,86.8,0.6543
717091,2023,DET,MIN,1490.92,1584.31,-93.4,0.4014
717092,2023,NYM,CHC,1498.44,1670.72,-172.28,0.2987
717094,2023,SD,LAD,1636.61,1664.57,-27.96,0.4943
717095,2023,PIT,ATL,1509.86,1702.34,-192.48,0.2749
717096,2023,PHI,WSH,1644.52,1600.78,43.74,0.5963
717097,2023,CIN,MIA,1561.85,1519.93,41.92,0.5937
717074,2023,CLE,TOR,1516.38,1670.1,-153.72,0.3215
717076,2023,DET,MIN,1472.93,1596.3,-123.37,0.3608
717077,2023,BOS,KC,1596.68,1488.46,108.22,0.6816
717079,2023,PIT,ATL,1520.95,1694.95,-174.0,0.2966
717080,2023,NYM,CHC,1534.38,1646.76,-112.37,0.3755
717081,2023,OAK,TEX,1466.62,1644.07,-177.45,0.2925
717082,2023,PHI,WSH,1643.47,1601.83,41.65,0.5934
717083,2023,CIN,MIA,1570.69,1506.67,64.03,0.624
717084,2023,BAL,HOU,1684.88,1598.95,85.92,0.6531
717085,2023,TB,STL,1607.55,1538.22,69.33,0.6312
717086,2023,MIL,COL,1586.38,1467.23,119.16,0.6951
717088,2023,CWS,NYY,1493.01,1514.91,-21.89,0.503
717090,2023,LAA,SF,1549.59,1572.84,-23.25,0.5011
717096,2023,PHI,WSH,1653.75,1591.55,62.2,0.6216
717058,2023,PIT,ATL,1513.7,1699.78,-186.08,0.2823
717059,2023,BOS,KC,1576.45,1518.8,57.65,0.6154
717060,2023,CLE,TOR,1526.93,1663.06,-136.13,0.344
717061,2023,DET,MIN,1501.2,1577.46,-76.26,0.4254
717062,2023,NYM,CHC,1528.44,1650.72,-122.28,0.3622
717063,2023,OAK,TEX,1459.49,1648.83,-189.34,0.2785
717064,2023,TB,STL,1613.84,1528.8,85.04,0.652
717065,2023,MIL,COL,1597.88,1449.98,147.91,0.729
717066,2023,PHI,WSH,1647.05,1598.26,48.79,0.6032
717067,2023,BAL,HOU,1677.9,1605.92,71.98,0.6347
717068,2023,LAA,SF,1528.26,1587.05,-58.79,0.4501
717069,2023,OAK,TEX,1477.0,1637.15,-160.15,0.3135
717070,2023,CIN,MIA,1563.97,1516.75,47.21,0.6011
717072,2023,SEA,SD,1665.67,1621.41,44.26,0.597
717073,2023,ARI,LAD,1469.75,1679.76,-210.01,0.2553
717075,2023,CWS,NYY,1512.02,1495.9,16.12,0.5575
717078,2023,MIL,COL,1600.7,1444.34,156.36,0.7385
717048,2023,TB,STL,1602.8,1545.35,57.46,0.6151
717049,2023,PHI,WSH,1659.96,1585.34,74.62,0.6382
717050,2023,DET,MIN,1522.65,1563.15,-40.5,0.4763
717051,2023,BOS,KC,1580.61,1512.57,68.04,0.6294
717052,2023,CLE,TOR,1521.54,1666.66,-145.11,0.3324
717053,2023,BAL,HOU,1658.77,1625.06,33.71,0.5823
717054,2023,CWS,NYY,1486.17,1521.75,-35.57,0.4834
717055,2023,SEA,SD,1672.62,1614.47,58.15,0.6161
717056,2023,PIT,ATL,1509.37,1702.67,-193.29,0.274
717057,2023,ARI,LAD,1465.87,1682.35,-216.47,0.2483
717071,2023,LAA,SF,1542.39,1577.64,-35.25,0.4838
717038,2023,TB,CLE,1589.51,1531.96,57.55,0.6152
717040,2023,NYM,ATL,1538.49,1690.93,-152.44,0.3231
717041,2023,TOR,CHC,1659.71,1644.02,15.69,0.5569
717042,2023,BOS,DET,1586.93,1539.76,47.17,0.601
717043,2023,WSH,OAK,1576.33,1464.44,111.9,0.6862
717044,2023,PHI,MIN,1668.97,1551.75,117.22,0.6927
717045,2023,LAD,COL,1686.32,1479.86,206.46,0.7903
717046,2023,PIT,CIN,1526.97,1557.44,-30.47,0.4907
717047,2023,MIA,NYY,1526.54,1496.37,30.17,0.5773
717019,2023,KC,STL,1503.09,1565.29,-62.2,0.4452
717021,2023,NYM,ATL,1523.41,1700.99,-177.58,0.2923
717022,2023,HOU,LAA,1620.5,1559.29,61.21,0.6202
717023,2023,CWS,MIL,1511.55,1582.94,-71.4,0.4322
717024,2023,TB,CLE,1593.67,1525.72,67.94,0.6293
717025,2023,MIA,NYY,1502.05,1520.86,-18.81,0.5075
717026,2023,TOR,CHC,1645.47,1658.26,-12.78,0.5161
717027,2023,PIT,CIN,1502.82,1573.54,-70.73,0.4332
717028,2023,PHI,MIN,1680.57,1540.15,140.42,0.7204
717030,2023,WSH,OAK,1585.63,1450.49,135.14,0.7142
717031,2023,SF,TEX,1566.37,1645.53,-79.16,0.4213
717032,2023,LAD,COL,1688.45,1476.67,211.78,0.7953
717033,2023,BOS,DET,1595.59,1526.77,68.83,0.6305
717034,2023,SEA,BAL,1683.34,1663.33,20.01,0.563
717035,2023,ARI,SD,1459.92,1603.74,-143.83,0.3341
717036,2023,CWS,MIL,1504.58,1587.59,-83.0,0.4159
717037,2023,HOU,LAA,1633.49,1546.3,87.19,0.6548
717039,2023,KC,STL,1495.89,1570.09,-74.21,0.4282
718371,2023,NYM,ATL,1510.78,1709.41,-198.64,0.2679
717003,2023,ARI,SD,1446.43,1612.73,-166.3,0.3059
717004,2023,HOU,LAA,1645.16,1528.79,116.37,0.6917
717005,2023,SEA,BAL,1697.75,1648.92,48.83,0.6033
717006,2023,CWS,MIL,1497.92,1592.03,-94.11,0.4004
717007,2023,LAD,COL,1693.8,1468.64,225.16,0.8076
717008,2023,SF,TEX,1561.86,1650.04,-88.18,0.4087
717009,2023,PHI,MIN,1658.04,1573.95,84.09,0.6507
717010,2023,TB,CLE,1597.65,1519.74,77.91,0.6426
717011,2023,MIA,NYY,1514.93,1507.99,6.94,0.5444
717012,2023,TOR,CHC,1639.78,1663.95,-24.17,0.4998
717013,2023,NYM,ATL,1493.41,1720.99,-227.58,0.2365
717014,2023,BOS,DET,1579.85,1550.38,29.47,0.5763
717015,2023,PIT,CIN,1503.89,1572.82,-68.93,0.4357
717016,2023,WSH,OAK,1588.62,1446.01,142.61,0.7229
717017,2023,LAD,COL,1698.8,1461.13,237.67,0.8185
717018,2023,SEA,BAL,1687.37,1659.3,28.08,0.5744
717020,2023,ARI,SD,1460.74,1605.58,-144.83,0.3328
717027,2023,PIT,CIN,1518.32,1563.21,-44.89,0.47
717029,2023,SF,TEX,1568.16,1643.73,-75.57,0.4263
716995,2023,STL,OAK,1555.85,1440.24,115.61,0.6908
717000,2023,MIA,HOU,1522.48,1637.87,-115.39,0.3714
717001,2023,ATL,NYY,1713.31,1500.43,212.88,0.7963
717002,2023,NYM,PIT,1504.92,1510.66,-5.74,0.5263
716983,2023,MIN,DET,1587.85,1541.11,46.74,0.6004
716984,2023,STL,OAK,1561.01,1429.91,131.11,0.7095
716987,2023,ATL,NYY,1719.84,1490.64,229.2,0.8112
716988,2023,NYM,PIT,1525.24,1490.34,34.9,0.584
716990,2023,TOR,PHI,1656.24,1644.14,12.11,0.5518
716991,2023,MIA,HOU,1545.55,1622.49,-76.94,0.4244
716992,2023,CIN,CLE,1568.32,1550.71,17.6,0.5596
716993,2023,WSH,BOS,1591.5,1589.12,2.38,0.5379
716994,2023,KC,SEA,1517.25,1681.08,-163.83,0.309
716996,2023,SD,BAL,1591.69,1665.59,-73.9,0.4287
716997,2023,TEX,LAA,1656.57,1539.72,116.85,0.6923
716998,2023,COL,ARI,1455.68,1481.57,-25.89,0.4973
716999,2023,SF,TB,1555.33,1577.0,-21.67,0.5033
716967,2023,TOR,PHI,1661.19,1639.19,21.99,0.5658
716969,2023,STL,OAK,1568.08,1415.79,152.29,0.734
716970,2023,ATL,NYY,1724.74,1483.28,241.46,0.8217
716972,2023,MIA,HOU,1538.73,1627.04,-88.31,0.4085
716973,2023,CIN,CLE,1556.0,1563.03,-7.02,0.5244
716974,2023,NYM,PIT,1506.11,1509.46,-3.35,0.5297
716975,2023,SF,TB,1537.81,1594.53,-56.72,0.4531
716976,2023,MIN,DET,1594.73,1530.79,63.93,0.6239
716977,2023,COL,ARI,1468.78,1468.47,0.31,0.5349
716978,2023,COL,ARI,1454.68,1482.57,-27.89,0.4944
716979,2023,LAD,MIL,1702.44,1601.92,100.51,0.6719
716980,2023,SD,BAL,1582.49,1674.79,-92.29,0.403
716981,2023,KC,SEA,1527.95,1673.95,-146.0,0.3313
716982,2023,WSH,BOS,1585.54,1595.08,-9.54,0.5208
716985,2023,TEX,LAA,1668.56,1521.73,146.83,0.7278
716986,2023,CHC,CWS,1647.48,1483.08,164.4,0.7473
716989,2023,SF,TB,1518.82,1607.19,-88.37,0.4084
716958,2023,STL,NYM,1543.94,1526.31,17.63,0.5596
716959,2023,CLE,DET,1549.43,1540.88,8.56,0.5467
716962,2023,LAD,MIL,1710.52,1593.84,116.67,0.6921
716963,2023,KC,SEA,1519.76,1679.41,-159.65,0.3141
716964,2023,KC,SEA,1514.89,1682.66,-167.77,0.3041
716965,2023,SD,BAL,1601.56,1655.72,-54.17,0.4567
716966,2023,WSH,BOS,1597.83,1582.79,15.03,0.5559
716968,2023,CHC,CWS,1635.26,1501.42,133.84,0.7127
716971,2023,TEX,LAA,1675.13,1511.87,163.26,0.7461
716949,2023,ATL,SF,1727.57,1547.2,180.37,0.7643
716953,2023,NYY,BOS,1479.05,1573.01,-93.96,0.4007
716954,2023,CIN,TOR,1569.59,1645.13,-75.53,0.4264
716955,2023,CHC,KC,1638.26,1507.44,130.83,0.7092
716956,2023,CLE,DET,1548.66,1541.65,7.01,0.5445
716957,2023,SD,ARI,1613.32,1498.82,114.5,0.6894
716959,2023,CLE,DET,1534.35,1555.96,-21.61,0.5034
716960,2023,WSH,PHI,1607.61,1655.25,-47.64,0.466
716961,2023,LAD,MIL,1719.62,1584.74,134.88,0.7139
716909,2023,LAD,MIA,1722.61,1519.13,203.48,0.7874
716915,2023,LAA,TB,1530.18,1588.27,-58.08,0.4511
716919,2023,SD,ARI,1601.8,1516.09,85.71,0.6528
716932,2023,HOU,SEA,1640.11,1687.63,-47.52,0.4662
716934,2023,ATL,SF,1733.18,1538.79,194.39,0.7785
716935,2023,CIN,TOR,1575.74,1638.98,-63.23,0.4438
716936,2023,MIN,PIT,1588.0,1489.27,98.73,0.6696
716937,2023,CHC,KC,1630.84,1518.57,112.27,0.6866
716938,2023,TEX,MIL,1662.92,1581.75,81.17,0.6469
716939,2023,CLE,DET,1550.71,1545.06,5.65,0.5426
716940,2023,STL,NYM,1529.3,1540.95,-11.64,0.5178
716941,2023,WSH,PHI,1613.41,1649.46,-36.05,0.4827
716942,2023,SD,ARI,1590.75,1532.66,58.09,0.616
716943,2023,NYY,BOS,1462.53,1584.03,-121.5,0.3633
716944,2023,OAK,BAL,1464.05,1643.96,-179.91,0.2896
716945,2023,LAA,TB,1539.08,1582.34,-43.25,0.4723
716946,2023,LAD,MIA,1726.03,1514.0,212.03,0.7955
716947,2023,COL,CWS,1438.44,1496.91,-58.48,0.4505
716948,2023,HOU,SEA,1624.93,1702.81,-77.89,0.4231
716950,2023,TEX,MIL,1645.04,1599.63,45.4,0.5986
716951,2023,MIN,PIT,1573.79,1510.59,63.19,0.6229
716952,2023,STL,NYM,1498.59,1571.66,-73.07,0.4298
716914,2023,OAK,BAL,1452.54,1651.64,-199.09,0.2674
716916,2023,COL,CWS,1483.64,1463.01,20.62,0.5639
716917,2023,CHC,KC,1636.08,1510.71,125.37,0.7026
716918,2023,TEX,MIL,1638.53,1606.14,32.39,0.5805
716920,2023,HOU,SEA,1617.74,1709.99,-92.25,0.403
716921,2023,STL,NYM,1479.16,1584.62,-105.46,0.3849
716922,2023,CLE,DET,1544.71,1554.06,-9.35,0.5211
716923,2023,MIN,PIT,1583.23,1496.43,86.79,0.6542
716924,2023,CIN,TOR,1570.96,1643.76,-72.8,0.4302
716925,2023,LAA,TB,1523.67,1592.61,-68.94,0.4357
716926,2023,LAD,MIA,1700.52,1552.26,148.26,0.7294
716927,2023,ATL,SF,1735.43,1535.4,200.03,0.7841
716928,2023,NYY,BOS,1445.35,1595.48,-150.13,0.3261
716929,2023,WSH,PHI,1595.91,1666.95,-71.04,0.4327
716930,2023,OAK,BAL,1437.92,1661.38,-223.46,0.2408
716931,2023,SD,ARI,1600.39,1518.21,82.18,0.6482
716933,2023,COL,CWS,1459.61,1487.04,-27.42,0.4951
716910,2023,ATL,NYM,1727.46,1569.5,157.96,0.7403
716911,2023,PHI,SF,1660.86,1547.36,113.5,0.6882
716912,2023,PIT,STL,1487.66,1501.83,-14.17,0.5141
716913,2023,DET,CHC,1565.57,1639.2,-73.63,0.4291
716891,2023,ATL,NYM,1705.96,1591.0,114.95,0.6899
716896,2023,DET,CHC,1560.96,1643.81,-82.84,0.4161
716897,2023,CLE,LAD,1527.45,1704.98,-177.53,0.2924
716898,2023,TB,COL,1610.91,1482.9,128.01,0.7058
716899,2023,PHI,SF,1670.09,1533.51,136.58,0.7159
716900,2023,NYY,WSH,1438.58,1602.01,-163.43,0.3095
716901,2023,PIT,STL,1515.45,1474.05,41.39,0.593
716902,2023,BAL,TOR,1667.65,1657.62,10.04,0.5488
716903,2023,LAA,CIN,1496.21,1557.1,-60.89,0.4471
716904,2023,OAK,KC,1425.39,1506.03,-80.64,0.4192
716905,2023,CWS,SEA,1463.75,1714.28,-250.54,0.2135
716906,2023,ARI,TEX,1549.4,1623.8,-74.41,0.428
716907,2023,SD,MIA,1579.6,1547.81,31.79,0.5796
716908,2023,HOU,BOS,1613.45,1598.87,14.59,0.5553
716874,2023,BAL,TOR,1655.53,1669.73,-14.2,0.5141
716875,2023,CLE,LAD,1555.6,1686.21,-130.6,0.3512
716876,2023,ATL,NYM,1709.23,1587.74,121.49,0.6979
716877,2023,NYY,WSH,1432.19,1605.2,-173.02,0.2978
716879,2023,PHI,SF,1673.06,1529.06,144.0,0.7245
716880,2023,TB,COL,1620.69,1468.24,152.45,0.7341
716881,2023,CWS,SEA,1451.95,1722.15,-270.2,0.1951
716882,2023,MIL,MIN,1620.87,1589.07,31.79,0.5796
716883,2023,SD,MIA,1590.27,1531.8,58.47,0.6165
716884,2023,OAK,KC,1445.08,1491.26,-46.18,0.4681
716885,2023,DET,CHC,1570.85,1633.91,-63.06,0.444
716886,2023,PIT,STL,1528.74,1460.76,67.98,0.6294
716887,2023,SD,MIA,1599.89,1517.37,82.52,0.6487
716888,2023,OAK,KC,1421.47,1508.97,-87.5,0.4096
716889,2023,ARI,TEX,1558.6,1617.66,-59.06,0.4497
716890,2023,LAA,CIN,1497.07,1556.53,-59.46,0.4491
716892,2023,LAA,CIN,1478.26,1569.07,-90.81,0.405
716893,2023,CWS,SEA,1463.87,1714.2,-250.33,0.2137
716894,2023,MIL,MIN,1625.46,1584.48,40.99,0.5924
716895,2023,HOU,BOS,1626.12,1586.2,39.92,0.591
716865,2023,BAL,TOR,1671.6,1653.67,17.92,0.56
716867,2023,MIN,TEX,1574.17,1605.78,-31.6,0.4891
716869,2023,TB,COL,1623.45,1464.11,159.34,0.7418
716870,2023,PIT,CHC,1512.64,1641.5,-128.86,0.3535
716871,2023,CLE,LAD,1546.1,1695.71,-149.61,0.3267
716872,2023,NYY,WSH,1477.96,1582.32,-104.36,0.3864
716873,2023,HOU,BOS,1636.46,1575.86,60.61,0.6194
716875,2023,CLE,LAD,1531.81,1705.23,-173.42,0.2973
716878,2023,HOU,BOS,1609.14,1603.18,5.96,0.543
716903,2023,LAA,CIN,1471.79,1573.38,-101.59,0.3902
716854,2023,TB,NYY,1627.68,1471.82,155.86,0.7379
716855,2023,NYM,LAA,1578.21,1457.39,120.83,0.6971
716856,2023,CWS,OAK,1457.49,1434.06,23.43,0.5678
716858,2023,DET,HOU,1563.27,1599.62,-36.35,0.4822
716859,2023,BAL,COL,1679.27,1457.76,221.51,0.8043
716860,2023,TOR,CLE,1646.0,1519.96,126.04,0.7034
716861,2023,PHI,STL,1661.1,1476.86,184.25,0.7683
716862,2023,PIT,CHC,1507.08,1645.21,-138.12,0.3414
716863,2023,MIA,WSH,1538.17,1586.41,-48.23,0.4652
716864,2023,CWS,OAK,1427.86,1473.57,-45.7,0.4688
716866,2023,BOS,LAD,1612.7,1713.13,-100.43,0.3917
716868,2023,ARI,CIN,1570.49,1582.99,-12.5,0.5165
716832,2023,SEA,KC,1718.45,1499.52,218.93,0.8019
716837,2023,BAL,COL,1681.24,1454.8,226.44,0.8087
716838,2023,MIL,SD,1635.77,1586.02,49.74,0.6046
716839,2023,MIN,TEX,1583.03,1596.92,-13.9,0.5145
716840,2023,NYM,LAA,1566.6,1474.81,91.79,0.6607
716841,2023,CWS,OAK,1407.49,1488.85,-81.36,0.4182
716842,2023,PIT,CHC,1517.39,1638.33,-120.94,0.364
716843,2023,DET,HOU,1574.56,1588.32,-13.76,0.5147
716844,2023,MIA,WSH,1523.03,1596.5,-73.47,0.4293
716845,2023,TB,NYY,1609.93,1498.44,111.49,0.6857
716846,2023,TOR,CLE,1631.24,1542.1,89.15,0.6573
716847,2023,PHI,STL,1667.23,1467.66,199.57,0.7836
716848,2023,SF,ATL,1546.99,1718.75,-171.76,0.2993
716849,2023,BOS,LAD,1604.39,1721.44,-117.05,0.3692
716850,2023,MIN,TEX,1569.86,1610.09,-40.23,0.4767
716851,2023,ARI,CIN,1575.82,1577.66,-1.84,0.5319
716852,2023,SF,ATL,1536.27,1725.9,-189.63,0.2782
716853,2023,SEA,KC,1726.06,1488.11,237.95,0.8187
716857,2023,MIL,SD,1640.05,1581.73,58.32,0.6163
716819,2023,SF,ATL,1526.37,1732.49,-206.12,0.2595
716820,2023,SEA,KC,1728.94,1483.8,245.14,0.8248
716821,2023,ARI,CIN,1584.04,1569.43,14.61,0.5553
716822,2023,MIL,SD,1649.68,1572.11,77.57,0.6421
716824,2023,MIN,TEX,1589.58,1590.37,-0.79,0.5333
716825,2023,TOR,CLE,1640.68,1527.93,112.75,0.6872
716826,2023,CWS,OAK,1436.38,1467.17,-30.79,0.4902
716827,2023,MIA,WSH,1516.12,1601.11,-84.99,0.4131
716828,2023,TB,NYY,1616.57,1488.49,128.08,0.7059
716829,2023,NYM,LAA,1555.45,1491.54,63.91,0.6239
716830,2023,DET,HOU,1557.55,1605.34,-47.79,0.4658
716831,2023,BOS,LAD,1617.68,1708.16,-90.48,0.4055
716833,2023,ARI,CIN,1593.84,1559.64,34.2,0.583
716834,2023,PIT,CHC,1504.07,1647.22,-143.15,0.3349
716835,2023,PHI,STL,1675.12,1455.83,219.29,0.8023
716836,2023,BAL,COL,1683.16,1451.92,231.25,0.813
716808,2023,DET,NYY,1538.29,1479.24,59.05,0.6173
716809,2023,STL,SD,1449.85,1563.21,-113.36,0.3742
716813,2023,MIN,CLE,1594.75,1549.68,45.07,0.5981
716814,2023,BOS,HOU,1609.04,1624.59,-15.55,0.5122
716815,2023,BAL,CWS,1675.0,1465.21,209.8,0.7934
716816,2023,TOR,WSH,1626.18,1594.84,31.34,0.579
716817,2023,PHI,LAA,1679.11,1485.45,193.65,0.7778
716818,2023,NYM,TEX,1559.5,1585.2,-25.7,0.4976
716795,2023,DET,NYY,1518.29,1499.24,19.05,0.5616
716796,2023,MIN,CLE,1604.89,1534.47,70.42,0.6326
716797,2023,STL,SD,1434.06,1571.1,-137.03,0.3428
716799,2023,NYM,TEX,1554.05,1590.65,-36.61,0.4819
716800,2023,BAL,CWS,1681.95,1454.79,227.16,0.8094
716801,2023,TOR,WSH,1635.39,1585.64,49.76,0.6046
716802,2023,BOS,HOU,1591.16,1642.47,-51.31,0.4608
716804,2023,SEA,OAK,1730.68,1445.56,285.13,0.8556
716805,2023,LAD,ARI,1716.8,1587.47,129.33,0.7074
716806,2023,PHI,LAA,1682.7,1480.07,202.63,0.7866
716807,2023,MIA,TB,1525.52,1622.73,-97.21,0.3962
716810,2023,CHC,MIL,1658.8,1658.58,0.22,0.5348
716811,2023,KC,PIT,1481.18,1486.69,-5.51,0.5266
716812,2023,COL,ATL,1464.15,1717.48,-253.32,0.2108
716823,2023,SF,CIN,1548.9,1566.0,-17.1,0.5099
716778,2023,MIA,TB,1504.55,1636.71,-132.16,0.3492
716779,2023,CHC,MIL,1645.03,1672.35,-27.32,0.4952
716781,2023,DET,NYY,1503.61,1513.92,-10.31,0.5197
716782,2023,STL,SD,1447.79,1564.24,-116.45,0.37
716783,2023,NYM,TEX,1548.79,1595.91,-47.12,0.4668
716784,2023,MIN,CLE,1594.12,1550.63,43.48,0.5959
716785,2023,TOR,WSH,1628.84,1592.19,36.64,0.5864
716786,2023,BAL,CWS,1687.33,1446.72,240.61,0.821
716787,2023,PHI,LAA,1688.3,1471.67,216.63,0.7998
716788,2023,SEA,OAK,1734.94,1437.05,297.88,0.8645
716789,2023,SF,CIN,1565.08,1555.22,9.86,0.5486
716790,2023,SEA,OAK,1736.26,1434.4,301.86,0.8671
716791,2023,COL,ATL,1453.27,1724.73,-271.46,0.194
716792,2023,LAD,ARI,1722.93,1581.34,141.59,0.7218
716793,2023,KC,PIT,1458.59,1509.27,-50.68,0.4617
716794,2023,BOS,HOU,1579.56,1654.06,-74.5,0.4278
716798,2023,CHC,MIL,1650.56,1666.82,-16.26,0.5111
716803,2023,SF,CIN,1552.96,1567.33,-14.37,0.5139
716773,2023,COL,ATL,1448.72,1727.77,-279.04,0.1872
716774,2023,LAD,ARI,1732.12,1572.15,159.97,0.7425
716775,2023,DET,NYY,1483.63,1533.9,-50.27,0.4623
716776,2023,WSH,MIA,1578.66,1493.59,85.07,0.652
716780,2023,KC,PIT,1443.58,1524.29,-80.71,0.4191
716767,2023,CLE,TB,1563.6,1644.02,-80.42,0.4195
716768,2023,LAD,ATL,1740.11,1732.04,8.06,0.546
716769,2023,NYM,SEA,1557.48,1722.86,-165.38,0.3071
716770,2023,CIN,CHC,1553.48,1655.95,-102.46,0.389
716771,2023,WSH,MIA,1560.66,1520.59,40.08,0.5912
716777,2023,SD,SF,1557.6,1566.81,-9.21,0.5213
718700,2023,CIN,CHC,1559.96,1649.47,-89.51,0.4068
716744,2023,STL,PIT,1461.06,1537.74,-76.68,0.4248
716745,2023,MIL,PHI,1661.44,1675.5,-14.06,0.5143
716746,2023,HOU,NYY,1663.24,1525.16,138.09,0.7177
716749,2023,CWS,DET,1489.15,1492.38,-3.23,0.5299
716750,2023,KC,BOS,1425.64,1570.38,-144.74,0.3329
716751,2023,NYM,SEA,1564.62,1715.71,-151.09,0.3249
716752,2023,TEX,MIN,1590.12,1581.16,8.96,0.5473
716753,2023,CIN,CHC,1549.89,1659.54,-109.65,0.3792
716754,2023,CLE,TB,1569.81,1637.81,-68.0,0.437
716755,2023,OAK,LAA,1461.21,1490.87,-29.66,0.4919
716756,2023,ARI,BAL,1564.16,1666.11,-101.95,0.3897
716757,2023,LAD,ATL,1734.07,1738.08,-4.0,0.5287
716758,2023,OAK,LAA,1469.55,1482.53,-12.97,0.5159
716759,2023,COL,TOR,1440.16,1642.37,-202.21,0.2639
716760,2023,WSH,MIA,1547.78,1539.9,7.88,0.5458
716761,2023,SD,SF,1542.72,1581.69,-38.97,0.4785
716762,2023,CWS,DET,1458.7,1522.83,-64.12,0.4425
716763,2023,HOU,NYY,1655.75,1536.39,119.36,0.6954
716764,2023,KC,BOS,1409.55,1578.43,-168.87,0.3028
716765,2023,MIL,PHI,1669.92,1667.02,2.91,0.5386
716766,2023,STL,PIT,1454.23,1544.57,-90.34,0.4057
716772,2023,TEX,MIN,1580.54,1590.74,-10.2,0.5199
716725,2023,LAD,ATL,1722.37,1749.78,-27.42,0.4951
716728,2023,SD,SF,1562.52,1568.5,-5.98,0.5259
716729,2023,CLE,TB,1575.86,1631.75,-55.89,0.4542
716730,2023,COL,TOR,1427.72,1648.59,-220.88,0.2436
716731,2023,OAK,LAA,1493.57,1458.51,35.07,0.5842
716732,2023,ARI,BAL,1574.42,1655.86,-81.44,0.4181
716733,2023,STL,PIT,1443.96,1554.84,-110.89,0.3775
716734,2023,CWS,DET,1447.36,1534.16,-86.8,0.4106
716735,2023,HOU,NYY,1638.77,1561.87,76.9,0.6413
716736,2023,MIL,PHI,1678.02,1658.92,19.1,0.5617
716737,2023,TEX,MIN,1567.21,1604.06,-36.85,0.4815
716738,2023,CIN,CHC,1559.73,1652.98,-93.25,0.4016
716739,2023,KC,BOS,1461.04,1552.68,-91.64,0.4039
716740,2023,WSH,MIA,1522.39,1565.3,-42.91,0.4728
716741,2023,LAD,ATL,1731.13,1741.02,-9.89,0.5203
716742,2023,NYM,SEA,1561.25,1719.08,-157.83,0.3164
716743,2023,SD,SF,1574.69,1556.32,18.37,0.5607
716747,2023,ARI,BAL,1565.48,1664.8,-99.33,0.3933
716748,2023,COL,TOR,1419.94,1652.48,-232.55,0.2314
716681,2023,KC,CWS,1446.06,1438.6,7.46,0.5452
716718,2023,PIT,MIL,1544.42,1668.23,-123.81,0.3602
716719,2023,CLE,MIN,1564.46,1598.41,-33.95,0.4857
716720,2023,SD,PHI,1587.18,1668.71,-81.53,0.418
716721,2023,ARI,COL,1555.79,1435.36,120.43,0.6967
716722,2023,TB,BOS,1643.16,1562.67,80.49,0.646
716723,2023,CHC,SF,1666.52,1543.83,122.69,0.6994
716724,2023,TEX,HOU,1572.87,1621.01,-48.14,0.4653
716726,2023,OAK,TOR,1509.38,1644.78,-135.4,0.345
716727,2023,CIN,SEA,1546.18,1704.93,-158.75,0.3153
716704,2023,KC,CWS,1482.11,1402.56,79.55,0.6448
716708,2023,CHC,SF,1674.69,1531.59,143.1,0.7235
716709,2023,ATL,STL,1750.12,1464.79,285.33,0.8558
716710,2023,MIA,LAD,1573.45,1722.03,-148.58,0.328
716711,2023,NYY,DET,1579.63,1540.73,38.9,0.5895
716712,2023,CIN,SEA,1567.43,1690.77,-123.33,0.3608
716713,2023,LAA,BAL,1442.7,1674.49,-231.8,0.2322
716714,2023,PIT,MIL,1560.4,1657.59,-97.19,0.3962
716715,2023,WSH,NYM,1510.16,1575.4,-65.24,0.4409
716716,2023,TB,BOS,1627.11,1578.72,48.39,0.6027
716717,2023,CLE,MIN,1543.73,1619.13,-75.4,0.4266
716688,2023,KC,CWS,1487.81,1394.95,92.86,0.6621
716689,2023,ATL,STL,1730.62,1494.05,236.57,0.8176
716691,2023,SD,PHI,1580.1,1675.79,-95.69,0.3983
716692,2023,ARI,COL,1560.84,1425.24,135.6,0.7148
716693,2023,CIN,SEA,1574.14,1684.05,-109.91,0.3788
716694,2023,NYY,DET,1590.02,1525.16,64.86,0.6252
716695,2023,MIA,LAD,1587.41,1708.07,-120.65,0.3644
716696,2023,TB,BOS,1633.94,1571.88,62.06,0.6214
716697,2023,PIT,MIL,1550.62,1667.36,-116.73,0.3696
716698,2023,OAK,TOR,1503.97,1648.38,-144.41,0.3333
716699,2023,CHC,SF,1680.45,1522.95,157.5,0.7398
716700,2023,CLE,MIN,1526.0,1630.96,-104.96,0.3856
716701,2023,WSH,NYM,1490.16,1588.73,-98.57,0.3943
716702,2023,ARI,COL,1569.78,1407.37,162.41,0.7452
716703,2023,SD,PHI,1570.27,1685.62,-115.35,0.3715
716705,2023,TEX,HOU,1557.72,1636.16,-78.44,0.4223
716706,2023,LAA,BAL,1433.38,1679.15,-245.77,0.2181
716707,2023,OAK,TOR,1524.79,1634.5,-109.72,0.3791
716680,2023,ATL,STL,1709.45,1525.79,183.66,0.7677
716682,2023,MIA,LAD,1607.46,1688.02,-80.56,0.4193
716683,2023,TB,SEA,1640.42,1693.35,-52.93,0.4585
716685,2023,CHC,ARI,1688.01,1562.08,125.92,0.7033
716686,2023,NYY,DET,1594.06,1519.1,74.96,0.6387
716687,2023,TEX,HOU,1540.5,1653.37,-112.87,0.3748
716690,2023,LAA,BAL,1429.03,1681.33,-252.3,0.2118
716670,2023,NYY,MIL,1573.51,1660.72,-87.21,0.41
716671,2023,TB,SEA,1635.45,1698.31,-62.86,0.4443
716672,2023,BOS,BAL,1565.41,1687.65,-122.24,0.3623
716673,2023,TOR,KC,1645.75,1471.06,174.68,0.7584
716674,2023,ATL,PIT,1714.21,1557.26,156.95,0.7392
716675,2023,DET,CWS,1549.92,1417.29,132.64,0.7113
716676,2023,WSH,LAD,1499.8,1703.54,-203.73,0.2622
716677,2023,CIN,STL,1564.85,1518.66,46.19,0.5997
716678,2023,CHC,ARI,1670.88,1579.21,91.66,0.6606
716679,2023,PHI,MIA,1664.62,1591.94,72.68,0.6357
716684,2023,LAA,CLE,1416.38,1535.75,-119.37,0.3661
716649,2023,HOU,SD,1666.51,1591.26,75.25,0.6391
716651,2023,ATL,PIT,1721.79,1549.68,172.11,0.7556
716653,2023,PHI,MIA,1657.8,1598.77,59.03,0.6173
716654,2023,MIN,NYM,1624.45,1582.3,42.15,0.5941
716655,2023,CIN,STL,1548.02,1543.92,4.1,0.5403
716656,2023,TB,SEA,1647.43,1686.33,-38.89,0.4786
716657,2023,TEX,OAK,1520.8,1507.93,12.87,0.5529
716658,2023,DET,CWS,1518.59,1459.06,59.53,0.6179
716659,2023,NYY,MIL,1561.23,1673.0,-111.77,0.3763
716660,2023,CHC,ARI,1663.84,1586.25,77.6,0.6422
716661,2023,TOR,KC,1648.23,1467.34,180.89,0.7648
716662,2023,WSH,LAD,1491.82,1708.86,-217.04,0.2476
716664,2023,BOS,BAL,1552.77,1700.29,-147.53,0.3294
716665,2023,TEX,OAK,1528.19,1500.53,27.66,0.5738
716666,2023,MIN,NYM,1634.71,1572.05,62.66,0.6222
716667,2023,LAA,CLE,1429.72,1525.75,-96.03,0.3978
716668,2023,SF,COL,1511.61,1422.76,88.85,0.6569
716669,2023,HOU,SD,1672.64,1585.13,87.51,0.6552
716633,2023,LAA,CLE,1412.81,1538.43,-125.62,0.3578
716637,2023,TEX,OAK,1509.34,1519.38,-10.04,0.5201
716638,2023,CHC,ARI,1656.96,1593.13,63.84,0.6238
716639,2023,MIN,NYM,1642.86,1563.9,78.96,0.644
716640,2023,HOU,SD,1649.43,1608.34,41.09,0.5926
716641,2023,TOR,KC,1653.82,1458.95,194.88,0.779
716642,2023,CIN,STL,1539.04,1552.89,-13.85,0.5146
716643,2023,PHI,MIA,1667.4,1589.17,78.23,0.643
716644,2023,ATL,PIT,1703.74,1576.75,126.99,0.7046
716645,2023,TB,SEA,1656.44,1677.32,-20.88,0.5045
716646,2023,NYY,MIL,1549.31,1684.91,-135.6,0.3447
716647,2023,WSH,LAD,1503.21,1701.26,-198.05,0.2686
716648,2023,DET,CWS,1528.4,1449.25,79.15,0.6442
716650,2023,LAA,CLE,1426.29,1528.33,-102.04,0.3895
716652,2023,BOS,BAL,1549.34,1703.72,-154.37,0.3207
716663,2023,SF,COL,1517.09,1415.45,101.65,0.6733
716590,2023,PHI,ATL,1660.51,1709.94,-49.43,0.4635
716626,2023,MIL,MIA,1678.07,1596.05,82.01,0.648
716627,2023,NYM,ARI,1574.83,1585.02,-10.19,0.5199
716628,2023,BOS,NYY,1573.86,1559.58,14.28,0.5549
716629,2023,MIN,TB,1631.93,1667.33,-35.4,0.4836
716630,2023,TOR,TEX,1658.33,1529.88,128.44,0.7063
716631,2023,CWS,KC,1441.63,1452.19,-10.56,0.5193
716634,2023,SF,COL,1533.56,1393.49,140.07,0.72
716635,2023,PIT,WSH,1570.56,1493.69,76.86,0.6412
716636,2023,BAL,STL,1687.37,1537.87,149.5,0.7308
717664,2023,PHI,ATL,1669.74,1700.71,-30.98,0.49
716610,2023,MIL,MIA,1691.99,1582.13,109.87,0.6836
716611,2023,CWS,KC,1441.21,1452.51,-11.3,0.5183
716612,2023,BOS,NYY,1573.26,1560.18,13.07,0.5531
716613,2023,MIN,TB,1621.37,1677.88,-56.51,0.4533
716615,2023,NYM,ARI,1569.09,1590.76,-21.67,0.5034
716616,2023,TOR,TEX,1637.55,1561.05,76.5,0.6407
716617,2023,DET,CIN,1534.11,1561.57,-27.46,0.495
716618,2023,PHI,ATL,1661.24,1709.21,-47.96,0.4656
716620,2023,PIT,WSH,1554.6,1517.63,36.98,0.5869
716621,2023,BAL,STL,1695.22,1526.1,169.12,0.7524
716622,2023,LAD,SD,1707.61,1593.0,114.61,0.6895
716623,2023,SEA,LAA,1666.43,1456.33,210.1,0.7937
716624,2023,HOU,OAK,1664.77,1498.84,165.93,0.749
716625,2023,COL,CHC,1381.81,1665.07,-283.26,0.1836
716628,2023,BOS,NYY,1561.06,1572.38,-11.32,0.5182
716631,2023,CWS,KC,1465.89,1434.0,31.89,0.5797
716632,2023,SF,CLE,1542.32,1505.79,36.53,0.5862
716592,2023,MIL,MIA,1697.29,1576.83,120.46,0.6967
716594,2023,TOR,TEX,1623.81,1574.78,49.03,0.6036
716595,2023,NYM,ARI,1580.0,1579.85,0.15,0.5347
716596,2023,HOU,OAK,1646.84,1525.74,121.1,0.6975
716597,2023,BOS,NYY,1555.34,1578.1,-22.76,0.5018
716598,2023,CWS,KC,1456.38,1446.67,9.71,0.5484
716599,2023,COL,CHC,1378.21,1666.88,-288.67,0.1789
716600,2023,PIT,WSH,1565.07,1501.93,63.13,0.6228
716601,2023,DET,CIN,1525.98,1566.99,-41.01,0.4755
716602,2023,SEA,LAA,1650.36,1480.44,169.92,0.7533
716603,2023,PHI,ATL,1656.19,1714.26,-58.07,0.4511
716604,2023,BAL,STL,1679.72,1549.35,130.37,0.7086
716605,2023,SF,CLE,1549.09,1499.02,50.07,0.605
716606,2023,SEA,LAA,1652.9,1476.63,176.27,0.76
716607,2023,MIN,TB,1627.28,1671.97,-44.69,0.4703
716608,2023,LAD,SD,1693.07,1607.54,85.54,0.6526
716609,2023,COL,CHC,1415.59,1648.19,-232.6,0.2313
716614,2023,HOU,OAK,1654.22,1514.67,139.56,0.7194
716619,2023,SF,CLE,1555.51,1492.6,62.92,0.6225
716580,2023,CWS,MIN,1430.89,1622.17,-191.28,0.2763
716584,2023,DET,CIN,1518.21,1572.17,-53.96,0.457
716585,2023,MIL,MIA,1685.68,1588.44,97.24,0.6677
716586,2023,BAL,TB,1672.3,1677.08,-4.78,0.5276
716587,2023,TOR,TEX,1601.16,1597.44,3.73,0.5398
716588,2023,NYM,ARI,1594.48,1565.36,29.12,0.5759
716589,2023,LAD,SD,1705.39,1595.22,110.17,0.684
716591,2023,PIT,WSH,1569.13,1495.83,73.3,0.6365
716593,2023,BOS,NYY,1555.32,1578.12,-22.8,0.5017
716597,2023,BOS,NYY,1544.31,1589.13,-44.83,0.4701
716573,2023,CWS,MIN,1413.02,1631.11,-218.09,0.2465
716574,2023,NYM,CIN,1610.54,1555.67,54.87,0.6116
716575,2023,CLE,TEX,1508.55,1615.37,-106.81,0.383
716576,2023,TOR,BOS,1583.23,1566.64,16.59,0.5582
716579,2023,PIT,NYY,1575.32,1574.24,1.07,0.536
716581,2023,COL,SF,1440.03,1544.87,-104.85,0.3857
716582,2023,MIA,ATL,1582.85,1724.01,-141.16,0.3375
716583,2023,BAL,TB,1666.46,1682.92,-16.46,0.5108
716555,2023,NYM,CIN,1600.05,1566.16,33.9,0.5826
716556,2023,CWS,MIN,1397.25,1638.99,-241.75,0.2221
716557,2023,STL,PHI,1560.48,1646.44,-85.96,0.4118
716559,2023,MIL,WSH,1691.27,1486.56,204.72,0.7886
716560,2023,KC,HOU,1480.67,1636.8,-156.13,0.3185
716561,2023,BAL,TB,1650.68,1698.71,-48.03,0.4655
716562,2023,CLE,TEX,1541.07,1593.69,-52.62,0.4589
716563,2023,PIT,NYY,1565.9,1583.66,-17.76,0.509
716564,2023,OAK,SD,1540.8,1613.89,-73.09,0.4298
716565,2023,MIA,ATL,1596.66,1710.2,-113.54,0.3739
716566,2023,TOR,BOS,1592.96,1556.91,36.05,0.5856
716567,2023,ARI,CHC,1549.3,1635.97,-86.67,0.4108
716568,2023,SEA,LAD,1660.71,1686.72,-26.0,0.4971
716569,2023,OAK,SD,1526.96,1623.12,-96.16,0.3976
716570,2023,LAA,DET,1464.91,1542.97,-78.05,0.4228
716571,2023,COL,SF,1442.45,1543.06,-100.61,0.3915
716572,2023,STL,PHI,1549.12,1657.8,-108.69,0.3805
716577,2023,KC,HOU,1497.45,1625.62,-128.17,0.3544
716578,2023,MIL,WSH,1696.25,1479.09,217.17,0.8003
716581,2023,COL,SF,1455.35,1533.38,-78.03,0.4229
716536,2023,ARI,CHC,1564.25,1626.0,-61.75,0.4459
716537,2023,SEA,LAD,1649.82,1697.61,-47.8,0.4658
716538,2023,OAK,SD,1510.57,1634.04,-123.47,0.3606
716540,2023,COL,SF,1476.88,1511.85,-34.97,0.4842
716541,2023,STL,PHI,1543.08,1661.82,-118.74,0.3669
716542,2023,CWS,MIN,1412.79,1631.22,-218.43,0.2462
716543,2023,MIL,WSH,1699.45,1474.29,225.15,0.8076
716544,2023,LAA,DET,1442.35,1565.53,-123.18,0.361
716545,2023,NYM,CIN,1593.69,1572.52,21.17,0.5646
716546,2023,MIA,ATL,1615.19,1691.66,-76.47,0.4251
716547,2023,KC,HOU,1513.53,1614.89,-101.36,0.3905
716548,2023,TOR,BOS,1597.48,1552.39,45.09,0.5981
716549,2023,CLE,TEX,1549.86,1587.83,-37.97,0.4799
716550,2023,COL,SF,1468.95,1519.78,-50.83,0.4615
716551,2023,PIT,NYY,1554.7,1594.86,-40.16,0.4768
716552,2023,SEA,LAD,1636.75,1710.68,-73.94,0.4286
716553,2023,BAL,TB,1669.07,1680.32,-11.25,0.5183
716554,2023,LAA,DET,1430.33,1571.54,-141.21,0.3374
716558,2023,ARI,CHC,1578.13,1612.12,-34.0,0.4856
716529,2023,KC,CLE,1496.1,1575.38,-79.28,0.4211
716531,2023,STL,MIL,1553.08,1691.32,-138.25,0.3413
716532,2023,ATL,PHI,1667.59,1655.16,12.43,0.5522
716534,2023,CIN,MIN,1561.42,1636.99,-75.57,0.4263
716535,2023,MIA,NYM,1639.27,1604.79,34.47,0.5834
716539,2023,WSH,CWS,1486.48,1401.26,85.22,0.6522
716515,2023,STL,MIL,1559.95,1684.45,-124.5,0.3593
716517,2023,KC,CLE,1510.83,1565.55,-54.72,0.4559
716518,2023,CHC,PIT,1606.5,1560.4,46.11,0.5995
716520,2023,NYY,TOR,1589.16,1601.85,-12.69,0.5163
716521,2023,ATL,PHI,1650.49,1672.26,-21.77,0.5032
716522,2023,CIN,MIN,1575.7,1622.7,-47.0,0.4669
716523,2023,MIA,NYM,1632.9,1611.16,21.73,0.5654
716524,2023,TB,LAA,1675.01,1423.3,251.71,0.8302
716525,2023,WSH,CWS,1459.48,1437.26,22.22,0.5661
716526,2023,SD,COL,1646.62,1486.47,160.15,0.7427
716527,2023,OAK,SEA,1491.7,1626.07,-134.36,0.3463
716528,2023,LAD,DET,1721.36,1575.06,146.3,0.7272
716530,2023,HOU,BAL,1626.52,1674.38,-47.86,0.4657
716533,2023,TEX,BOS,1570.82,1548.02,22.79,0.5669
716495,2023,STL,MIL,1551.19,1693.21,-142.01,0.3364
716497,2023,CHC,PIT,1623.07,1543.84,79.23,0.6443
716499,2023,ARI,SF,1583.75,1502.27,81.48,0.6473
716500,2023,SD,COL,1650.84,1480.14,170.69,0.7541
716501,2023,TB,LAA,1678.93,1415.45,263.48,0.8395
716502,2023,NYY,TOR,1573.18,1617.83,-44.65,0.4703
716503,2023,MIA,NYM,1637.67,1606.39,31.28,0.5789
716504,2023,OAK,SEA,1477.67,1635.42,-157.76,0.3165
716505,2023,KC,CLE,1519.66,1559.67,-40.0,0.477
716506,2023,CIN,MIN,1560.49,1637.91,-77.43,0.4237
716507,2023,TEX,BOS,1560.95,1562.82,-1.86,0.5318
716508,2023,HOU,BAL,1621.46,1679.44,-57.97,0.4513
716509,2023,ATL,PHI,1665.81,1656.94,8.87,0.5472
716510,2023,LAD,DET,1728.7,1567.72,160.97,0.7436
716511,2023,ARI,SF,1594.33,1486.38,107.95,0.6813
716512,2023,OAK,SEA,1467.84,1641.97,-174.13,0.2965
716513,2023,WSH,CWS,1466.63,1427.73,38.89,0.5895
716514,2023,HOU,BAL,1627.39,1673.51,-46.12,0.4682
716516,2023,SD,COL,1653.37,1476.35,177.02,0.7608
716519,2023,TEX,BOS,1578.9,1544.87,34.03,0.5827
716489,2023,CLE,BAL,1546.44,1685.32,-138.88,0.3405
716490,2023,PHI,NYM,1662.99,1622.75,40.23,0.5914
716491,2023,STL,MIL,1541.35,1703.04,-161.69,0.3116
716492,2023,NYY,TOR,1559.97,1631.05,-71.08,0.4327
716493,2023,CHC,PIT,1603.7,1572.88,30.82,0.5782
716494,2023,LAD,DET,1731.35,1565.07,166.27,0.7494
716496,2023,WSH,ATL,1489.84,1659.76,-169.93,0.3015
716498,2023,TB,LAA,1657.43,1458.44,199.0,0.7831
716478,2023,BOS,CWS,1534.04,1396.78,137.25,0.7167
716479,2023,TB,TOR,1659.64,1621.39,38.26,0.5886
716480,2023,NYY,ARI,1569.63,1602.16,-32.53,0.4877
716481,2023,PHI,NYM,1667.44,1618.3,49.13,0.6037
716482,2023,MIA,MIL,1621.31,1712.08,-90.77,0.4051
716483,2023,CLE,BAL,1567.08,1671.56,-104.47,0.3862
716484,2023,LAD,SF,1719.1,1474.65,244.45,0.8242
716485,2023,WSH,ATL,1475.87,1669.08,-193.21,0.2741
716486,2023,CHC,COL,1593.68,1470.51,123.17,0.7
716487,2023,CIN,PIT,1553.29,1582.91,-29.61,0.4919
716488,2023,OAK,DET,1456.03,1577.32,-121.29,0.3635
716455,2023,HOU,KC,1615.58,1539.51,76.07,0.6402
716460,2023,MIA,MIL,1604.05,1729.34,-125.29,0.3582
716461,2023,TEX,SEA,1586.13,1649.85,-63.72,0.4431
716462,2023,CIN,PIT,1544.76,1591.44,-46.68,0.4674
716463,2023,TB,TOR,1644.74,1636.28,8.46,0.5466
716464,2023,CLE,BAL,1573.58,1665.06,-91.48,0.4041
716465,2023,MIN,LAA,1645.11,1455.13,189.98,0.7741
716466,2023,PHI,NYM,1671.74,1614.01,57.73,0.6155
716467,2023,WSH,ATL,1467.49,1674.67,-207.18,0.2584
716468,2023,BOS,CWS,1538.47,1390.87,147.6,0.7287
716469,2023,CHC,COL,1602.53,1457.24,145.28,0.726
716470,2023,OAK,DET,1442.72,1586.19,-143.47,0.3345
716471,2023,NYY,ARI,1585.34,1586.44,-1.1,0.5329
716472,2023,OAK,DET,1470.43,1572.34,-101.9,0.3897
716473,2023,HOU,KC,1608.72,1549.8,58.92,0.6171
716474,2023,LAD,SF,1723.63,1467.85,255.79,0.8335
716475,2023,MIN,LAA,1637.21,1466.98,170.22,0.7536
716476,2023,SD,STL,1657.26,1527.8,129.46,0.7075
716477,2023,TEX,SEA,1595.64,1640.34,-44.7,0.4703
716439,2023,LAD,SF,1704.41,1496.69,207.72,0.7915
716442,2023,OAK,DET,1497.67,1554.18,-56.5,0.4534
716444,2023,SD,STL,1662.11,1520.51,141.6,0.7218
716445,2023,MIN,LAA,1641.23,1460.95,180.27,0.7642
716446,2023,TEX,SEA,1607.16,1628.82,-21.66,0.5034
716447,2023,MIA,MIL,1610.78,1722.61,-111.82,0.3762
716448,2023,HOU,KC,1598.15,1565.65,32.51,0.5806
716449,2023,CHC,COL,1608.23,1448.69,159.54,0.742
716450,2023,CLE,BAL,1569.28,1669.36,-100.08,0.3922
716451,2023,CIN,PIT,1537.15,1596.51,-59.37,0.4493
716452,2023,TB,TOR,1649.75,1631.28,18.48,0.5608
716453,2023,BOS,CWS,1527.11,1406.02,121.1,0.6975
716454,2023,PHI,NYM,1678.32,1607.42,70.9,0.6333
716456,2023,LAD,SF,1706.52,1493.52,213.0,0.7965
716457,2023,SD,STL,1672.14,1505.47,166.67,0.7498
716458,2023,NYY,ARI,1584.98,1586.81,-1.83,0.5319
716459,2023,WSH,ATL,1471.16,1672.22,-201.06,0.2652
716467,2023,WSH,ATL,1482.36,1664.75,-182.39,0.2866
716443,2023,CWS,ARI,1420.68,1603.35,-182.67,0.2863
716471,2023,NYY,ARI,1568.43,1601.16,-32.73,0.4874
716421,2023,MIN,OAK,1648.01,1486.02,161.99,0.7447
716423,2023,MIL,STL,1705.59,1528.66,176.93,0.7607
716427,2023,CWS,ARI,1425.06,1592.29,-167.23,0.3048
716428,2023,BOS,TB,1516.12,1635.43,-119.31,0.3662
716429,2023,ATL,CHC,1670.62,1610.89,59.73,0.6182
716430,2023,NYM,MIA,1599.54,1627.8,-28.26,0.4939
716431,2023,TOR,NYY,1645.6,1577.31,68.29,0.6298
716432,2023,PHI,PIT,1686.2,1587.09,99.11,0.6701
716433,2023,DET,KC,1561.95,1571.99,-10.04,0.5201
716434,2023,BAL,WSH,1679.02,1473.55,205.47,0.7893
716435,2023,CLE,CIN,1559.62,1551.29,8.33,0.5464
716436,2023,SEA,HOU,1623.36,1591.81,31.56,0.5793
716438,2023,COL,LAD,1443.35,1712.69,-269.34,0.1959
716440,2023,LAA,TEX,1450.77,1612.61,-161.83,0.3114
716441,2023,SF,SD,1484.26,1656.68,-172.43,0.2985
716408,2023,MIL,STL,1689.97,1552.09,137.88,0.7175
716410,2023,MIN,OAK,1656.37,1473.48,182.89,0.7669
716411,2023,NYM,MIA,1599.61,1627.73,-28.13,0.4941
716412,2023,ATL,CHC,1674.74,1606.77,67.97,0.6294
716413,2023,TOR,NYY,1634.86,1588.05,46.81,0.6005
716414,2023,DET,KC,1572.54,1561.4,11.15,0.5504
716415,2023,PHI,PIT,1689.7,1583.59,106.12,0.679
716416,2023,BAL,WSH,1681.16,1470.35,210.81,0.7944
716417,2023,CWS,ARI,1402.53,1603.55,-201.02,0.2652
716418,2023,CLE,CIN,1545.6,1565.3,-19.7,0.5062
716419,2023,BOS,TB,1506.96,1641.54,-134.58,0.346
716422,2023,LAA,TEX,1439.57,1620.08,-180.51,0.2889
716424,2023,COL,LAD,1475.14,1696.8,-221.67,0.2427
716425,2023,SEA,HOU,1608.66,1606.51,2.14,0.5376
716430,2023,NYM,MIA,1618.01,1609.33,8.68,0.5469
716437,2023,SF,SD,1495.08,1649.47,-154.39,0.3207
716396,2023,MIL,STL,1692.92,1549.14,143.78,0.7243
716399,2023,ATL,CHC,1678.73,1602.78,75.95,0.64
716400,2023,MIN,OAK,1660.15,1467.81,192.35,0.7765
716401,2023,DET,KC,1588.27,1545.67,42.6,0.5947
716402,2023,BAL,BOS,1685.99,1492.94,193.05,0.7772
716403,2023,TOR,NYY,1616.55,1606.35,10.2,0.5491
716404,2023,NYM,MIA,1608.44,1618.9,-10.47,0.5195
716406,2023,COL,LAD,1462.95,1704.93,-241.98,0.2219
716407,2023,SEA,HOU,1620.56,1594.62,25.94,0.5714
716409,2023,PHI,PIT,1693.1,1580.19,112.91,0.6874
716414,2023,DET,KC,1598.51,1530.31,68.2,0.6297
716420,2023,LAA,TEX,1480.49,1599.62,-119.12,0.3664
716426,2023,SF,SD,1483.5,1657.18,-173.68,0.297
716443,2023,CWS,ARI,1391.75,1608.94,-217.19,0.2475
716390,2023,BAL,BOS,1689.59,1487.54,202.05,0.786
716391,2023,CWS,SD,1415.83,1663.29,-247.46,0.2165
716392,2023,TOR,TB,1630.53,1650.88,-20.36,0.5052
716393,2023,NYM,PHI,1613.74,1685.85,-72.11,0.4312
716394,2023,ATL,WSH,1684.85,1463.1,221.75,0.8045
716395,2023,DET,CLE,1611.14,1553.74,57.4,0.615
716397,2023,SEA,TEX,1604.37,1609.58,-5.22,0.527
716398,2023,PIT,MIA,1587.44,1613.6,-26.16,0.4969
716405,2023,COL,LAD,1453.62,1711.15,-257.53,0.2068
716366,2023,SEA,TEX,1609.6,1604.35,5.25,0.542
716369,2023,ATL,WSH,1666.03,1491.33,174.7,0.7584
716372,2023,STL,CIN,1540.53,1559.87,-19.35,0.5067
716373,2023,MIL,CHC,1698.66,1596.67,101.99,0.6738
716374,2023,CWS,SD,1411.51,1665.45,-253.94,0.2102
716375,2023,KC,NYY,1511.37,1592.38,-81.01,0.4187
716376,2023,NYM,PHI,1614.48,1685.11,-70.63,0.4333
716377,2023,BAL,BOS,1673.62,1511.49,162.13,0.7449
716378,2023,PIT,MIA,1582.0,1619.05,-37.05,0.4812
716379,2023,SEA,TEX,1594.1,1619.85,-25.75,0.4975
716380,2023,DET,CLE,1600.6,1564.28,36.32,0.586
716382,2023,SF,LAD,1474.34,1684.99,-210.65,0.2546
716383,2023,TOR,TB,1646.84,1634.57,12.26,0.552
716384,2023,ARI,HOU,1596.9,1610.81,-13.91,0.5145
716385,2023,MIL,CHC,1682.08,1613.25,68.83,0.6305
716386,2023,LAA,OAK,1465.55,1479.69,-14.14,0.5142
716387,2023,COL,MIN,1492.86,1652.23,-159.38,0.3145
716388,2023,STL,CIN,1567.55,1541.86,25.69,0.571
716389,2023,KC,NYY,1497.93,1601.34,-103.4,0.3877
716393,2023,NYM,PHI,1620.57,1679.02,-58.45,0.4506
716352,2023,KC,NYY,1527.12,1581.88,-54.76,0.4559
716353,2023,STL,CIN,1541.45,1581.01,-39.57,0.4776
716354,2023,ATL,WSH,1669.96,1485.43,184.53,0.7686
716355,2023,NYM,PHI,1638.37,1661.21,-22.84,0.5017
716356,2023,CWS,SD,1400.71,1670.85,-270.15,0.1951
716357,2023,TOR,TB,1637.19,1644.22,-7.03,0.5244
716358,2023,ARI,HOU,1591.23,1616.48,-25.25,0.4982
716359,2023,COL,MIN,1487.98,1655.49,-167.51,0.3045
716360,2023,SEA,TEX,1611.56,1602.39,9.17,0.5476
716361,2023,DET,CLE,1614.92,1549.96,64.96,0.6253
716362,2023,PIT,MIA,1569.81,1631.23,-61.42,0.4463
716363,2023,SF,LAD,1465.37,1690.97,-225.6,0.2386
716364,2023,MIL,CHC,1686.05,1609.27,76.78,0.6411
716365,2023,LAA,OAK,1484.19,1461.04,23.15,0.5674
716367,2023,BAL,BOS,1678.89,1503.58,175.31,0.759
716368,2023,COL,MIN,1498.73,1648.32,-149.59,0.3267
716370,2023,ARI,HOU,1574.84,1632.87,-58.02,0.4512
716371,2023,LAA,OAK,1500.73,1444.51,56.22,0.6134
716381,2023,SF,LAD,1458.17,1695.77,-237.6,0.2263
716404,2023,NYM,MIA,1620.92,1619.29,1.63,0.5368
745444,2024,SD,LAD,1615.76,1625.98,-10.22,0.5198
746175,2024,LAD,SD,1637.45,1604.29,33.17,0.5815
745039,2024,TEX,CHC,1565.25,1567.23,-1.98,0.5316
745116,2024,TB,TOR,1605.65,1582.9,22.75,0.5669
745445,2024,SD,SF,1619.04,1479.76,139.28,0.7191
745604,2024,PHI,ATL,1619.71,1608.61,11.1,0.5503
745848,2024,NYM,MIL,1584.45,1630.64,-46.18,0.4681
746089,2024,MIA,PIT,1576.48,1554.78,21.71,0.5654
746165,2024,LAD,STL,1622.7,1533.49,89.21,0.6574
746335,2024,KC,MIN,1530.01,1606.58,-76.57,0.4249
746418,2024,HOU,NYY,1592.29,1546.97,45.32,0.5985
746737,2024,CIN,WSH,1550.47,1498.14,52.33,0.6081
746821,2024,CWS,DET,1430.89,1582.41,-151.52,0.3243
747060,2024,BAL,LAA,1606.35,1485.01,121.35,0.6978
745117,2024,TB,TOR,1588.18,1600.37,-12.19,0.517
745283,2024,SEA,BOS,1578.09,1522.65,55.44,0.6124
745604,2024,PHI,ATL,1619.15,1609.16,9.99,0.5488
745687,2024,OAK,CLE,1483.46,1525.36,-41.9,0.4743
745848,2024,NYM,MIL,1584.8,1630.29,-45.49,0.4691
746091,2024,MIA,PIT,1570.27,1560.99,9.29,0.5478
747224,2024,ARI,COL,1546.88,1488.34,58.54,0.6166
745037,2024,TEX,CHC,1570.44,1562.04,8.4,0.5465
745119,2024,TB,TOR,1603.13,1585.41,17.72,0.5598
745276,2024,SEA,BOS,1567.59,1538.4,29.19,0.576
745435,2024,SD,SF,1623.68,1472.79,150.89,0.7324
745436,2024,SD,SF,1604.03,1502.26,101.77,0.6735
745599,2024,PHI,ATL,1602.14,1626.17,-24.03,0.5
745682,2024,OAK,CLE,1458.92,1549.9,-90.98,0.4048
745684,2024,OAK,CLE,1448.67,1560.15,-111.48,0.3767
745850,2024,NYM,MIL,1576.72,1638.37,-61.65,0.446
746087,2024,MIA,PIT,1554.64,1576.62,-21.99,0.5029
746167,2024,LAD,STL,1632.95,1518.11,114.84,0.6898
746333,2024,KC,MIN,1516.34,1615.69,-99.34,0.3932
746410,2024,HOU,NYY,1585.78,1556.72,29.06,0.5758
746412,2024,HOU,NYY,1575.79,1566.71,9.08,0.5475
746736,2024,CIN,WSH,1562.38,1480.26,82.12,0.6481
746818,2024,CWS,DET,1424.16,1585.77,-161.61,0.3117
747063,2024,BAL,LAA,1616.42,1469.9,146.52,0.7274
747223,2024,ARI,COL,1571.73,1463.49,108.24,0.6816
745035,2024,TEX,CHC,1587.09,1545.4,41.69,0.5934
745115,2024,TB,TOR,1614.38,1574.17,40.22,0.5914
745278,2024,SEA,BOS,1572.23,1531.44,40.79,0.5922
745279,2024,SEA,BOS,1576.68,1524.78,51.89,0.6075
745438,2024,SD,SF,1589.76,1523.68,66.07,0.6268
745602,2024,PHI,ATL,1584.76,1643.56,-58.8,0.4501
745683,2024,OAK,CLE,1422.25,1573.36,-151.11,0.3248
745845,2024,NYM,MIL,1571.91,1643.18,-71.27,0.4324
746090,2024,MIA,PIT,1539.13,1592.13,-52.99,0.4584
746166,2024,LAD,STL,1639.49,1508.3,131.19,0.7096
746168,2024,LAD,STL,1642.53,1503.75,138.79,0.7185
746332,2024,KC,MIN,1501.81,1625.38,-123.56,0.3605
746413,2024,HOU,NYY,1558.82,1583.69,-24.87,0.4988
746739,2024,CIN,WSH,1555.45,1490.66,64.8,0.6251
746815,2024,CWS,DET,1417.72,1588.99,-171.27,0.2999
747062,2024,BAL,LAA,1625.84,1455.78,170.06,0.7534
747221,2024,ARI,COL,1579.54,1451.77,127.78,0.7055
747222,2024,ARI,COL,1560.43,1480.44,79.99,0.6453
744875,2024,WSH,PIT,1484.6,1599.99,-115.39,0.3714
745109,2024,TB,TEX,1595.06,1572.09,22.97,0.5672
745600,2024,PHI,CIN,1590.7,1559.49,31.2,0.5788
745842,2024,NYM,DET,1562.62,1592.08,-29.46,0.4921
746085,2024,MIA,LAA,1527.33,1479.05,48.28,0.6025
746817,2024,CWS,ATL,1411.55,1637.62,-226.07,0.2381
746899,2024,CHC,COL,1567.89,1467.22,100.67,0.6721
747058,2024,BAL,KC,1610.33,1537.92,72.41,0.6353
745111,2024,TB,TEX,1577.58,1589.57,-11.98,0.5173
745277,2024,SEA,CLE,1561.39,1566.35,-4.96,0.5274
745437,2024,SD,STL,1603.1,1514.99,88.11,0.656
745598,2024,PHI,CIN,1578.04,1572.15,5.89,0.5429
745675,2024,OAK,BOS,1436.26,1547.71,-111.44,0.3768
745844,2024,NYM,DET,1548.7,1606.0,-57.3,0.4522
746009,2024,MIL,MIN,1652.47,1601.3,51.17,0.6065
746086,2024,MIA,LAA,1507.72,1498.67,9.05,0.5474
746170,2024,LAD,SF,1635.04,1503.66,131.38,0.7098
746409,2024,HOU,TOR,1553.35,1593.49,-40.14,0.4768
746814,2024,CWS,ATL,1395.64,1645.57,-249.93,0.2141
746898,2024,CHC,COL,1576.88,1453.74,123.14,0.6999
747057,2024,BAL,KC,1616.53,1528.61,87.92,0.6557
747218,2024,ARI,NYY,1569.24,1589.16,-19.92,0.5059
744869,2024,WSH,PIT,1470.97,1609.08,-138.11,0.3414
745114,2024,TB,TEX,1588.23,1578.92,9.31,0.5478
745273,2024,SEA,CLE,1566.62,1561.12,5.5,0.5424
745275,2024,SEA,CLE,1554.62,1573.12,-18.5,0.5079
745439,2024,SD,STL,1586.86,1539.35,47.51,0.6015
745440,2024,SD,STL,1573.8,1558.94,14.86,0.5557
745603,2024,PHI,CIN,1591.11,1559.08,32.02,0.5799
745678,2024,OAK,BOS,1409.84,1567.52,-157.68,0.3166
745680,2024,OAK,BOS,1403.29,1570.8,-167.51,0.3045
745843,2024,NYM,DET,1549.47,1605.48,-56.01,0.4541
746008,2024,MIL,MIN,1656.74,1597.04,59.7,0.6182
746083,2024,MIA,LAA,1493.34,1513.04,-19.7,0.5062
746169,2024,LAD,SF,1642.89,1491.88,151.0,0.7325
746411,2024,HOU,TOR,1573.06,1573.77,-0.71,0.5335
746816,2024,CWS,ATL,1411.29,1637.74,-226.45,0.2377
746900,2024,CHC,COL,1587.78,1437.38,150.4,0.7318
747059,2024,BAL,KC,1602.55,1549.59,52.96,0.609
747219,2024,ARI,NYY,1558.12,1600.28,-42.16,0.4739
747220,2024,ARI,NYY,1552.96,1605.43,-52.47,0.4591
744870,2024,WSH,PIT,1487.31,1598.19,-110.88,0.3775
745200,2024,STL,MIA,1554.05,1466.88,87.16,0.6547
745843,2024,NYM,DET,1550.22,1604.99,-54.77,0.4558
745844,2024,NYM,DET,1556.11,1599.1,-42.99,0.4727
745928,2024,MIN,CLE,1612.54,1590.83,21.71,0.5654
746163,2024,LAD,SF,1645.66,1487.72,157.94,0.7403
746327,2024,KC,CWS,1543.24,1416.57,126.67,0.7042
746407,2024,HOU,TOR,1567.15,1579.69,-12.54,0.5165
744874,2024,WSH,PHI,1475.35,1578.43,-103.08,0.3881
745361,2024,SF,SD,1483.69,1578.7,-95.01,0.3992
745524,2024,PIT,BAL,1606.16,1606.78,-0.62,0.5336
745764,2024,NYY,TOR,1587.86,1562.79,25.07,0.5702
746328,2024,KC,CWS,1558.69,1395.96,162.73,0.7455
746497,2024,DET,OAK,1609.38,1397.01,212.37,0.7959
746576,2024,COL,TB,1431.82,1576.13,-144.31,0.3335
746733,2024,CIN,NYM,1571.76,1545.82,25.94,0.5714
746897,2024,CHC,LAD,1590.57,1648.35,-57.78,0.4515
747143,2024,ATL,ARI,1635.11,1570.54,64.57,0.6248
744873,2024,WSH,PHI,1461.03,1587.98,-126.95,0.356
745031,2024,TEX,HOU,1591.02,1584.05,6.97,0.5444
745033,2024,TEX,HOU,1604.03,1571.03,33.0,0.5813
745197,2024,STL,MIA,1561.41,1455.84,105.58,0.6783
745522,2024,PIT,BAL,1594.33,1618.61,-24.29,0.4996
745766,2024,NYY,TOR,1575.35,1575.29,0.06,0.5346
745926,2024,MIN,CLE,1602.69,1600.67,2.02,0.5374
746006,2024,MIL,SEA,1641.24,1536.91,104.32,0.6767
746007,2024,MIL,SEA,1629.88,1553.95,75.93,0.64
746249,2024,LAA,BOS,1539.5,1573.94,-34.44,0.485
746329,2024,KC,CWS,1561.32,1390.7,170.62,0.754
746498,2024,DET,OAK,1611.45,1392.89,218.56,0.8016
746731,2024,CIN,NYM,1565.5,1555.22,10.28,0.5492
746896,2024,CHC,LAD,1599.96,1638.96,-38.99,0.4784
747140,2024,ATL,ARI,1639.15,1566.5,72.65,0.6356
744871,2024,WSH,PHI,1449.83,1595.44,-145.61,0.3318
745032,2024,TEX,HOU,1618.54,1556.53,62.01,0.6213
745198,2024,STL,MIA,1566.81,1447.74,119.07,0.695
745359,2024,SF,SD,1493.27,1572.31,-79.04,0.4214
745362,2024,SF,SD,1477.55,1582.79,-105.23,0.3852
745523,2024,PIT,BAL,1599.82,1613.12,-13.31,0.5154
745765,2024,NYY,TOR,1580.51,1570.13,10.39,0.5493
745927,2024,MIN,CLE,1593.26,1610.11,-16.85,0.5103
746003,2024,MIL,SEA,1633.74,1550.09,83.65,0.6501
746248,2024,LAA,BOS,1526.91,1582.33,-55.42,0.4549
746251,2024,LAA,BOS,1535.75,1576.43,-40.68,0.476
746330,2024,KC,CWS,1566.38,1380.58,185.81,0.7699
746493,2024,DET,OAK,1592.67,1430.44,162.23,0.745
746574,2024,COL,TB,1459.57,1562.26,-102.69,0.3887
746575,2024,COL,TB,1453.39,1566.37,-112.99,0.3747
746734,2024,CIN,NYM,1575.45,1545.26,30.19,0.5774
746895,2024,CHC,LAD,1589.53,1649.38,-59.85,0.4486
747141,2024,ATL,ARI,1643.06,1562.58,80.48,0.646
744956,2024,TOR,SEA,1557.27,1538.24,19.03,0.5616
745194,2024,STL,PHI,1544.87,1588.49,-43.62,0.4718
745520,2024,PIT,DET,1605.16,1571.07,34.09,0.5828
745761,2024,NYY,MIA,1593.37,1491.61,101.76,0.6735
745925,2024,MIN,LAD,1593.14,1631.52,-38.38,0.4793
746654,2024,CLE,CWS,1610.22,1373.12,237.1,0.818
746735,2024,CIN,MIL,1565.44,1645.59,-80.15,0.4199
747142,2024,ATL,NYM,1650.64,1560.28,90.35,0.6589
744957,2024,TOR,SEA,1566.91,1523.78,43.13,0.5954
745034,2024,TEX,HOU,1607.91,1567.15,40.76,0.5921
745195,2024,STL,PHI,1532.67,1596.62,-63.95,0.4428
745363,2024,SF,WSH,1487.32,1463.73,23.59,0.5681
745432,2024,SD,CHC,1576.28,1607.39,-31.12,0.4898
745517,2024,PIT,DET,1614.27,1561.96,52.32,0.6081
745762,2024,NYY,MIA,1603.76,1476.04,127.72,0.7054
745924,2024,MIN,LAD,1584.86,1639.8,-54.94,0.4556
746252,2024,LAA,TB,1508.85,1572.64,-63.78,0.443
746326,2024,KC,HOU,1570.11,1583.82,-13.7,0.5148
746569,2024,COL,ARI,1443.99,1555.01,-111.02,0.3773
746653,2024,CLE,CWS,1614.45,1364.66,249.79,0.8286
746732,2024,CIN,MIL,1575.28,1635.75,-60.47,0.4477
746981,2024,BOS,BAL,1594.36,1607.78,-13.42,0.5152
747138,2024,ATL,NYM,1643.62,1567.3,76.32,0.6405
744950,2024,TOR,SEA,1573.88,1513.32,60.57,0.6194
745030,2024,TEX,OAK,1591.25,1473.64,117.61,0.6932
745196,2024,STL,PHI,1550.69,1584.61,-33.92,0.4857
745355,2024,SF,WSH,1459.27,1491.78,-32.51,0.4878
745357,2024,SF,WSH,1482.84,1468.2,14.64,0.5554
745429,2024,SD,CHC,1581.86,1601.81,-19.96,0.5058
745433,2024,SD,CHC,1599.08,1584.6,14.48,0.5551
745763,2024,NYY,MIA,1606.84,1471.41,135.44,0.7146
745923,2024,MIN,LAD,1575.0,1649.66,-74.66,0.4276
746247,2024,LAA,TB,1534.13,1555.79,-21.65,0.5034
746250,2024,LAA,TB,1520.99,1564.55,-43.56,0.4719
746323,2024,KC,HOU,1575.46,1578.47,-3.01,0.5302
746571,2024,COL,ARI,1464.83,1544.59,-79.76,0.4204
746573,2024,COL,ARI,1458.08,1551.34,-93.26,0.4016
746655,2024,CLE,CWS,1601.37,1390.82,210.55,0.7942
746728,2024,CIN,MIL,1564.06,1646.97,-82.91,0.416
746980,2024,BOS,BAL,1578.42,1623.73,-45.31,0.4694
747139,2024,ATL,NYM,1647.47,1563.45,84.02,0.6506
745024,2024,TEX,OAK,1583.95,1484.59,99.36,0.6704
745029,2024,TEX,OAK,1592.07,1472.41,119.66,0.6957
745601,2024,PHI,PIT,1589.92,1603.83,-13.91,0.5145
746322,2024,KC,HOU,1592.75,1561.19,31.56,0.5793
746490,2024,DET,MIN,1572.4,1581.14,-8.75,0.5219
746730,2024,CIN,MIL,1552.57,1658.47,-105.9,0.3843
746977,2024,BOS,BAL,1570.34,1631.81,-61.47,0.4463
747137,2024,ATL,NYM,1645.86,1565.06,80.81,0.6464
744954,2024,TOR,COL,1556.6,1447.92,108.68,0.6822
745112,2024,TB,SF,1572.68,1468.29,104.39,0.6768
745596,2024,PHI,PIT,1602.34,1591.41,10.93,0.5501
745838,2024,NYM,KC,1590.64,1608.66,-18.02,0.5086
746084,2024,MIA,ATL,1493.8,1620.27,-126.47,0.3567
746491,2024,DET,MIN,1572.15,1581.39,-9.23,0.5212
746656,2024,CLE,NYY,1603.45,1591.91,11.54,0.551
746812,2024,CWS,CIN,1386.65,1553.79,-167.14,0.3049
746978,2024,BOS,LAA,1557.89,1508.79,49.1,0.6037
747055,2024,BAL,MIL,1644.26,1657.24,-12.98,0.5158
744953,2024,TOR,COL,1533.75,1493.63,40.12,0.5912
745110,2024,TB,SF,1576.1,1463.16,112.94,0.6875
745274,2024,SEA,CHC,1539.24,1598.8,-59.56,0.449
745594,2024,PHI,PIT,1590.2,1603.55,-13.35,0.5153
745676,2024,OAK,WSH,1483.38,1482.75,0.63,0.5354
745679,2024,OAK,WSH,1469.27,1496.86,-27.59,0.4948
745839,2024,NYM,KC,1604.62,1594.69,9.93,0.5487
746082,2024,MIA,ATL,1476.97,1631.49,-154.52,0.3205
746162,2024,LAD,SD,1643.52,1584.87,58.65,0.6167
746405,2024,HOU,TEX,1545.27,1584.75,-39.48,0.4777
746408,2024,HOU,TEX,1570.88,1567.68,3.19,0.5391
746489,2024,DET,MIN,1587.0,1566.54,20.46,0.5636
746490,2024,DET,MIN,1569.61,1583.93,-14.32,0.5139
746656,2024,CLE,NYY,1602.89,1592.48,10.41,0.5494
746658,2024,CLE,NYY,1596.83,1598.54,-1.71,0.532
746811,2024,CWS,CIN,1364.91,1564.66,-199.76,0.2666
746979,2024,BOS,LAA,1538.24,1538.26,-0.02,0.5345
747054,2024,BAL,MIL,1624.58,1676.92,-52.33,0.4593
747217,2024,ARI,STL,1558.11,1545.39,12.73,0.5527
744952,2024,TOR,COL,1544.34,1483.04,61.29,0.6203
745113,2024,TB,SF,1552.01,1499.3,52.72,0.6086
745271,2024,SEA,CHC,1553.38,1589.37,-35.99,0.4828
745272,2024,SEA,CHC,1548.12,1594.64,-46.52,0.4676
745595,2024,PHI,PIT,1595.54,1598.21,-2.66,0.5307
745681,2024,OAK,WSH,1477.57,1488.56,-10.99,0.5187
745841,2024,NYM,KC,1590.55,1608.75,-18.2,0.5083
746079,2024,MIA,ATL,1501.49,1615.15,-113.65,0.3738
746161,2024,LAD,SD,1636.86,1591.54,45.33,0.5985
746164,2024,LAD,SD,1645.59,1582.81,62.78,0.6224
746404,2024,HOU,TEX,1557.02,1581.54,-24.53,0.4992
746492,2024,DET,MIN,1558.29,1595.25,-36.97,0.4813
746648,2024,CLE,NYY,1580.28,1615.09,-34.82,0.4844
746810,2024,CWS,CIN,1350.89,1571.67,-220.78,0.2437
746975,2024,BOS,LAA,1558.26,1518.24,40.02,0.5911
747056,2024,BAL,MIL,1610.61,1690.88,-80.27,0.4197
747215,2024,ARI,STL,1545.92,1563.67,-17.74,0.509
747216,2024,ARI,STL,1558.77,1555.11,3.66,0.5397
744951,2024,TOR,NYY,1560.22,1609.46,-49.24,0.4637
745106,2024,TB,LAA,1562.97,1511.56,51.41,0.6068
745597,2024,PHI,COL,1577.91,1467.16,110.75,0.6847
745840,2024,NYM,PIT,1595.96,1615.84,-19.88,0.5059
746002,2024,MIL,SD,1681.04,1596.23,84.81,0.6517
746080,2024,MIA,SF,1492.12,1482.86,9.26,0.5477
746488,2024,DET,TEX,1563.94,1570.56,-6.62,0.525
746813,2024,CWS,KC,1336.16,1603.34,-267.19,0.1978
746974,2024,BOS,CLE,1562.72,1585.9,-23.19,0.5012
747053,2024,BAL,MIN,1620.45,1589.6,30.86,0.5783
744944,2024,TOR,NYY,1569.44,1600.24,-30.8,0.4902
745108,2024,TB,LAA,1547.7,1534.47,13.23,0.5534
745268,2024,SEA,CIN,1532.88,1579.04,-46.16,0.4682
745593,2024,PHI,COL,1581.24,1462.17,119.07,0.695
745677,2024,OAK,STL,1485.54,1541.93,-56.39,0.4535
745837,2024,NYM,PIT,1606.82,1604.98,1.84,0.5371
746004,2024,MIL,SD,1664.89,1612.39,52.5,0.6083
746081,2024,MIA,SF,1483.05,1491.93,-8.89,0.5217
746158,2024,LAD,WSH,1632.17,1480.6,151.57,0.7331
746406,2024,HOU,ATL,1568.0,1621.39,-53.39,0.4578
746486,2024,DET,TEX,1558.14,1576.36,-18.23,0.5083
746809,2024,CWS,KC,1329.96,1606.45,-276.49,0.1895
746976,2024,BOS,CLE,1547.28,1601.35,-54.07,0.4568
747051,2024,BAL,MIN,1629.68,1580.37,49.31,0.604
747213,2024,ARI,CHC,1571.94,1604.8,-32.86,0.4873
744948,2024,TOR,NYY,1575.02,1594.67,-19.65,0.5063
745105,2024,TB,LAA,1555.08,1527.08,28.0,0.5743
745267,2024,SEA,CIN,1557.21,1562.82,-5.61,0.5264
745270,2024,SEA,CIN,1569.37,1550.66,18.71,0.5612
745591,2024,PHI,COL,1589.53,1449.73,139.81,0.7197
745671,2024,OAK,STL,1473.88,1553.59,-79.71,0.4205
745674,2024,OAK,STL,1492.49,1541.19,-48.7,0.4645
745836,2024,NYM,PIT,1614.95,1596.85,18.1,0.5603
746005,2024,MIL,SD,1651.71,1625.57,26.14,0.5717
746076,2024,MIA,SF,1498.9,1476.09,22.81,0.567
746157,2024,LAD,WSH,1620.11,1498.68,121.43,0.6979
746159,2024,LAD,WSH,1627.48,1487.62,139.86,0.7198
746400,2024,HOU,ATL,1555.19,1634.21,-79.02,0.4215
746401,2024,HOU,ATL,1544.71,1644.68,-99.97,0.3924
746487,2024,DET,TEX,1566.71,1567.79,-1.08,0.5329
746807,2024,CWS,KC,1336.07,1603.39,-267.31,0.1977
746809,2024,CWS,KC,1329.88,1606.49,-276.61,0.1894
746973,2024,BOS,CLE,1532.44,1611.23,-78.79,0.4218
747049,2024,BAL,MIN,1643.3,1566.76,76.54,0.6408
747212,2024,ARI,CHC,1566.62,1610.12,-43.5,0.472
747214,2024,ARI,CHC,1558.48,1618.25,-59.77,0.4487
745104,2024,TB,LAA,1548.8,1536.51,12.28,0.552
746485,2024,DET,TEX,1560.8,1573.7,-12.9,0.516
746891,2024,CHC,MIA,1612.3,1484.1,128.2,0.706
746970,2024,BOS,CLE,1547.16,1601.42,-54.26,0.4566
744872,2024,WSH,HOU,1505.47,1538.47,-33.0,0.487
745356,2024,SF,ARI,1490.88,1564.43,-73.55,0.4292
745518,2024,PIT,BOS,1581.52,1539.75,41.77,0.5935
745592,2024,PHI,CWS,1592.45,1345.85,246.61,0.826
745758,2024,NYY,TB,1603.49,1556.21,47.28,0.6012
746325,2024,KC,BAL,1598.5,1649.4,-50.9,0.4614
746650,2024,CLE,OAK,1606.36,1484.93,121.44,0.6979
746729,2024,CIN,LAA,1543.01,1529.1,13.9,0.5543
746892,2024,CHC,MIA,1610.14,1487.34,122.8,0.6995
747136,2024,ATL,TEX,1648.85,1582.72,66.13,0.6269
744865,2024,WSH,HOU,1492.81,1551.12,-58.31,0.4508
745189,2024,STL,MIL,1548.75,1656.4,-107.65,0.3819
745190,2024,STL,MIL,1542.69,1660.44,-117.75,0.3683
745352,2024,SF,ARI,1514.63,1548.6,-33.96,0.4857
745354,2024,SF,ARI,1482.11,1581.12,-99.01,0.3937
745430,2024,SD,TOR,1620.87,1566.2,54.68,0.6113
745515,2024,PIT,BOS,1562.14,1568.82,-6.68,0.5249
745590,2024,PHI,CWS,1597.66,1335.44,262.22,0.8386
745760,2024,NYY,TB,1610.35,1549.34,61.01,0.62
745921,2024,MIN,DET,1560.65,1551.79,8.87,0.5472
745922,2024,MIN,DET,1565.66,1546.78,18.87,0.5614
746156,2024,LAD,NYM,1615.59,1630.28,-14.69,0.5134
746160,2024,LAD,NYM,1606.62,1639.25,-32.62,0.4876
746324,2024,KC,BAL,1613.59,1634.31,-20.71,0.5047
746572,2024,COL,SEA,1443.88,1577.02,-133.14,0.3479
746651,2024,CLE,OAK,1616.43,1469.83,146.6,0.7275
746726,2024,CIN,LAA,1563.69,1508.42,55.27,0.6121
746891,2024,CHC,MIA,1618.3,1475.1,143.2,0.7236
746893,2024,CHC,MIA,1622.86,1468.26,154.6,0.7366
747135,2024,ATL,TEX,1659.23,1572.33,86.9,0.6544
744866,2024,WSH,HOU,1501.71,1545.19,-43.47,0.472
745192,2024,STL,MIL,1525.25,1672.07,-146.82,0.3303
745353,2024,SF,ARI,1504.52,1566.18,-61.66,0.446
745431,2024,SD,TOR,1605.51,1581.56,23.96,0.5686
745434,2024,SD,TOR,1593.04,1594.03,-0.99,0.5331
745514,2024,PIT,BOS,1552.94,1578.02,-25.08,0.4985
745588,2024,PHI,CWS,1601.37,1328.01,273.36,0.8471
745759,2024,NYY,TB,1599.75,1565.25,34.5,0.5834
745920,2024,MIN,DET,1559.48,1556.04,3.44,0.5394
746154,2024,LAD,NYM,1592.85,1653.02,-60.17,0.4481
746316,2024,KC,BAL,1604.8,1643.1,-38.29,0.4794
746568,2024,COL,SEA,1447.06,1575.43,-128.37,0.3542
746570,2024,COL,SEA,1460.6,1568.66,-108.07,0.3813
746652,2024,CLE,OAK,1622.1,1461.33,160.77,0.7434
746727,2024,CIN,LAA,1570.34,1498.44,71.9,0.6346
746894,2024,CHC,MIA,1615.23,1479.71,135.52,0.7147
747133,2024,ATL,TEX,1666.6,1564.96,101.65,0.6733
745107,2024,TB,DET,1560.7,1571.48,-10.78,0.519
745191,2024,STL,ARI,1517.08,1573.81,-56.72,0.453
745519,2024,PIT,MIL,1538.81,1677.51,-138.7,0.3407
745757,2024,NYY,OAK,1604.3,1452.09,152.21,0.7339
745916,2024,MIN,CWS,1544.04,1319.54,224.5,0.807
746319,2024,KC,TOR,1591.29,1583.68,7.61,0.5454
746572,2024,COL,SEA,1442.46,1580.75,-138.3,0.3412
746723,2024,CIN,PHI,1578.19,1605.61,-27.42,0.4951
747134,2024,ATL,MIA,1655.29,1502.11,153.18,0.735
744863,2024,WSH,LAD,1525.89,1613.46,-87.56,0.4095
745102,2024,TB,DET,1544.62,1587.56,-42.94,0.4728
745193,2024,STL,ARI,1531.14,1564.43,-33.29,0.4866
745351,2024,SF,NYM,1493.08,1632.41,-139.33,0.3399
745516,2024,PIT,MIL,1555.16,1666.61,-111.44,0.3767
745754,2024,NYY,OAK,1592.23,1470.19,122.04,0.6986
745917,2024,MIN,CWS,1552.78,1307.88,244.9,0.8246
746242,2024,LAA,BAL,1486.67,1656.6,-169.93,0.3015
746321,2024,KC,TOR,1581.74,1593.23,-11.49,0.518
746565,2024,COL,SD,1419.88,1603.39,-183.5,0.2853
746647,2024,CLE,BOS,1628.25,1592.14,36.11,0.5857
746722,2024,CIN,PHI,1561.92,1621.88,-59.96,0.4484
746888,2024,CHC,HOU,1600.3,1521.0,79.29,0.6444
747130,2024,ATL,MIA,1660.79,1493.86,166.92,0.7501
744864,2024,WSH,LAD,1512.79,1622.19,-109.4,0.3795
745026,2024,TEX,SEA,1576.27,1592.04,-15.77,0.5118
745099,2024,TB,DET,1532.39,1595.71,-63.32,0.4437
745188,2024,STL,ARI,1500.78,1584.67,-83.9,0.4146
745346,2024,SF,NYM,1513.74,1618.64,-104.9,0.3856
745348,2024,SF,NYM,1496.55,1630.1,-133.55,0.3474
745513,2024,PIT,MIL,1561.74,1660.03,-98.29,0.3947
745753,2024,NYY,OAK,1595.4,1465.44,129.96,0.7081
745919,2024,MIN,CWS,1554.53,1304.38,250.15,0.8289
746244,2024,LAA,BAL,1479.29,1661.52,-182.23,0.2868
746246,2024,LAA,BAL,1474.89,1664.46,-189.58,0.2783
746317,2024,KC,TOR,1587.06,1587.91,-0.86,0.5333
746566,2024,COL,SD,1410.63,1608.02,-197.39,0.2693
746649,2024,CLE,BOS,1637.3,1583.1,54.19,0.6107
746725,2024,CIN,PHI,1579.78,1604.01,-24.23,0.4997
746889,2024,CHC,HOU,1610.14,1506.25,103.89,0.6762
747132,2024,ATL,MIA,1667.45,1483.87,183.57,0.7676
744867,2024,WSH,LAD,1492.81,1635.51,-142.7,0.3355
745027,2024,TEX,SEA,1563.18,1605.13,-41.94,0.4742
745028,2024,TEX,SEA,1558.02,1610.29,-52.26,0.4594
745512,2024,PIT,MIL,1557.55,1664.22,-106.67,0.3832
745755,2024,NYY,OAK,1602.49,1454.79,147.7,0.7288
745918,2024,MIN,CWS,1557.94,1297.57,260.37,0.8371
746320,2024,KC,TOR,1592.23,1582.74,9.49,0.548
746564,2024,COL,SD,1440.37,1593.15,-152.77,0.3227
746567,2024,COL,SD,1454.42,1586.12,-131.7,0.3498
746646,2024,CLE,BOS,1616.34,1604.05,12.29,0.552
746724,2024,CIN,PHI,1590.76,1593.04,-2.28,0.5312
746887,2024,CHC,HOU,1613.57,1501.1,112.47,0.6869
744949,2024,TOR,LAD,1577.75,1639.01,-61.26,0.4466
745835,2024,NYM,STL,1614.26,1522.56,91.7,0.6606
746078,2024,MIA,WSH,1480.31,1487.57,-7.26,0.5241
746482,2024,DET,KC,1586.21,1597.22,-11.01,0.5187
746808,2024,CWS,TB,1291.11,1546.65,-255.54,0.2087
746972,2024,BOS,CHC,1596.22,1618.8,-22.58,0.502
747050,2024,BAL,OAK,1649.72,1472.8,176.92,0.7607
747129,2024,ATL,CLE,1669.83,1624.17,45.65,0.5989
744946,2024,TOR,LAD,1561.08,1655.68,-94.6,0.3998
745020,2024,TEX,CIN,1571.62,1575.55,-3.93,0.5289
745025,2024,TEX,CIN,1558.03,1589.14,-31.12,0.4898
745269,2024,SEA,ARI,1596.69,1570.15,26.53,0.5722
745347,2024,SF,PIT,1520.32,1551.13,-30.81,0.4902
745424,2024,SD,PHI,1593.44,1608.25,-14.81,0.5132
745833,2024,NYM,STL,1603.11,1539.28,63.83,0.6238
745998,2024,MIL,NYY,1670.64,1590.49,80.15,0.6456
746000,2024,MIL,NYY,1645.08,1616.05,29.03,0.5757
746075,2024,MIA,WSH,1466.53,1501.34,-34.81,0.4845
746243,2024,LAA,MIN,1496.99,1561.17,-64.18,0.4424
746484,2024,DET,KC,1568.06,1615.37,-47.3,0.4665
746560,2024,COL,HOU,1443.44,1493.25,-49.81,0.4629
746803,2024,CWS,TB,1331.76,1516.16,-184.41,0.2843
746971,2024,BOS,CHC,1580.75,1634.28,-53.52,0.4576
747052,2024,BAL,OAK,1641.92,1484.51,157.4,0.7397
747131,2024,ATL,CLE,1679.94,1614.06,65.89,0.6265
744947,2024,TOR,LAD,1554.34,1662.42,-108.07,0.3813
745022,2024,TEX,CIN,1563.61,1583.56,-19.96,0.5058
745265,2024,SEA,ARI,1608.81,1558.04,50.77,0.606
745266,2024,SEA,ARI,1602.24,1564.61,37.63,0.5878
745349,2024,SF,PIT,1537.04,1539.98,-2.93,0.5303
745350,2024,SF,PIT,1544.85,1532.17,12.67,0.5526
745425,2024,SD,PHI,1577.57,1624.12,-46.55,0.4676
745428,2024,SD,PHI,1565.78,1635.91,-70.14,0.434
745834,2024,NYM,STL,1589.66,1559.45,30.22,0.5774
746001,2024,MIL,NYY,1649.73,1611.41,38.32,0.5887
746077,2024,MIA,WSH,1442.73,1525.14,-82.41,0.4167
746237,2024,LAA,MIN,1485.66,1568.73,-83.07,0.4158
746245,2024,LAA,MIN,1466.95,1581.2,-114.26,0.373
746483,2024,DET,KC,1573.86,1609.57,-35.72,0.4831
746561,2024,COL,HOU,1411.61,1517.12,-105.51,0.3848
746805,2024,CWS,TB,1346.41,1505.18,-158.77,0.3152
746967,2024,BOS,CHC,1605.24,1609.79,-4.55,0.528
747045,2024,BAL,OAK,1650.0,1472.39,177.61,0.7614
747125,2024,ATL,CLE,1669.25,1624.75,44.5,0.5973
744945,2024,TOR,KC,1564.71,1598.29,-33.58,0.4862
745832,2024,NYM,CHC,1596.99,1604.56,-7.57,0.5236
745999,2024,MIL,TB,1627.53,1488.34,139.19,0.719
746074,2024,MIA,WSH,1424.91,1538.51,-113.59,0.3738
746481,2024,DET,STL,1585.14,1552.12,33.02,0.5813
746804,2024,CWS,MIN,1368.86,1595.3,-226.44,0.2377
747046,2024,BAL,NYY,1642.18,1633.61,8.58,0.5467
744942,2024,TOR,KC,1570.32,1592.68,-22.36,0.5024
745263,2024,SEA,ATL,1609.36,1673.63,-64.27,0.4423
745427,2024,SD,CIN,1558.39,1578.13,-19.74,0.5061
745672,2024,OAK,PIT,1484.11,1541.31,-57.2,0.4524
745831,2024,NYM,CHC,1587.82,1613.74,-25.92,0.4972
745997,2024,MIL,TB,1620.03,1499.59,120.44,0.6967
746073,2024,MIA,COL,1404.53,1388.75,15.79,0.557
746236,2024,LAA,PHI,1445.8,1643.31,-197.5,0.2692
746477,2024,DET,STL,1584.25,1553.01,31.24,0.5788
746481,2024,DET,STL,1577.92,1559.34,18.58,0.561
746806,2024,CWS,MIN,1364.08,1597.69,-233.61,0.2303
746968,2024,BOS,SF,1610.46,1535.71,74.76,0.6384
747047,2024,BAL,NYY,1650.12,1625.67,24.45,0.5693
747211,2024,ARI,LAD,1557.48,1652.05,-94.57,0.3998
744939,2024,TOR,KC,1559.29,1603.71,-44.42,0.4706
745018,2024,TEX,WSH,1569.04,1553.79,15.24,0.5562
745260,2024,SEA,ATL,1615.37,1667.62,-52.25,0.4594
745261,2024,SEA,ATL,1621.23,1661.76,-40.54,0.4762
745423,2024,SD,CIN,1547.26,1589.26,-42.0,0.4741
745426,2024,SD,CIN,1567.19,1575.97,-8.78,0.5219
745670,2024,OAK,PIT,1504.73,1520.7,-15.97,0.5116
745673,2024,OAK,PIT,1523.46,1501.96,21.49,0.5651
745829,2024,NYM,CHC,1596.55,1605.0,-8.45,0.5224
745996,2024,MIL,TB,1628.98,1486.16,142.82,0.7232
746072,2024,MIA,COL,1414.29,1378.99,35.3,0.5845
746238,2024,LAA,PHI,1460.68,1635.87,-175.19,0.2952
746239,2024,LAA,PHI,1456.13,1638.9,-182.77,0.2862
746398,2024,HOU,CLE,1534.27,1620.37,-86.1,0.4116
746478,2024,DET,STL,1590.4,1546.86,43.54,0.596
746800,2024,CWS,MIN,1359.46,1600.0,-240.54,0.2233
746966,2024,BOS,SF,1619.47,1522.2,97.27,0.6678
747048,2024,BAL,NYY,1657.61,1618.18,39.42,0.5903
747210,2024,ARI,LAD,1547.61,1661.92,-114.31,0.3729
745021,2024,TEX,WSH,1582.76,1540.07,42.69,0.5948
745023,2024,TEX,WSH,1595.13,1521.51,73.62,0.6369
745830,2024,NYM,CHC,1590.78,1610.77,-19.99,0.5058
746070,2024,MIA,COL,1432.43,1360.85,71.58,0.6342
746399,2024,HOU,CLE,1543.69,1614.09,-70.4,0.4336
746969,2024,BOS,SF,1627.66,1509.91,117.75,0.6934
747044,2024,BAL,NYY,1647.42,1628.38,19.04,0.5616
747207,2024,ARI,LAD,1557.53,1655.31,-97.78,0.3954
744868,2024,WSH,TOR,1531.76,1546.06,-14.3,0.514
745101,2024,TB,NYM,1474.02,1596.21,-122.2,0.3623
745510,2024,PIT,COL,1487.63,1352.99,134.64,0.7137
745589,2024,PHI,SF,1643.55,1527.26,116.28,0.6916
745756,2024,NYY,DET,1615.92,1599.19,16.73,0.5583
746318,2024,KC,TEX,1616.94,1588.3,28.64,0.5752
746403,2024,HOU,CLE,1536.7,1618.75,-82.05,0.4172
746645,2024,CLE,LAA,1601.26,1449.16,152.1,0.7337
746721,2024,CIN,BAL,1567.6,1659.88,-92.28,0.403
746890,2024,CHC,MIL,1605.34,1637.07,-31.73,0.4889
744862,2024,WSH,TOR,1554.31,1523.51,30.8,0.5782
745100,2024,TB,NYM,1489.95,1585.59,-95.65,0.3983
745183,2024,STL,CWS,1533.68,1347.92,185.76,0.7698
745187,2024,STL,CWS,1521.87,1363.67,158.2,0.7406
745511,2024,PIT,COL,1476.45,1367.91,108.54,0.682
745583,2024,PHI,SF,1646.8,1522.39,124.41,0.7015
745665,2024,OAK,MIA,1537.79,1440.29,97.5,0.6681
745666,2024,OAK,MIA,1546.17,1429.11,117.05,0.6925
745750,2024,NYY,DET,1620.78,1594.33,26.45,0.5721
745911,2024,MIN,BOS,1605.77,1616.09,-10.32,0.5197
745914,2024,MIN,BOS,1614.17,1607.69,6.48,0.5438
746152,2024,LAD,ATL,1668.62,1672.14,-3.52,0.5294
746311,2024,KC,TEX,1629.99,1575.24,54.75,0.6114
746394,2024,HOU,SEA,1562.94,1610.86,-47.92,0.4656
746402,2024,HOU,SEA,1549.87,1623.92,-74.05,0.4285
746644,2024,CLE,LAA,1579.89,1491.9,88.0,0.6558
746720,2024,CIN,BAL,1559.02,1668.45,-109.44,0.3795
746884,2024,CHC,MIL,1596.87,1645.55,-48.68,0.4645
747208,2024,ARI,SD,1544.22,1575.56,-31.34,0.4894
744861,2024,WSH,TOR,1541.67,1542.48,-0.82,0.5333
745103,2024,TB,NYM,1505.15,1575.46,-70.31,0.4337
745185,2024,STL,CWS,1529.92,1352.93,176.99,0.7608
745504,2024,PIT,COL,1481.49,1361.19,120.3,0.6965
745587,2024,PHI,SF,1658.03,1505.54,152.49,0.7342
745667,2024,OAK,MIA,1566.02,1402.64,163.37,0.7462
745751,2024,NYY,DET,1628.21,1586.89,41.32,0.5929
745913,2024,MIN,BOS,1624.26,1597.6,26.66,0.5724
746153,2024,LAD,ATL,1673.83,1666.92,6.9,0.5444
746155,2024,LAD,ATL,1685.53,1655.23,30.3,0.5775
746314,2024,KC,TEX,1606.27,1598.96,7.31,0.5449
746395,2024,HOU,SEA,1564.45,1614.2,-49.75,0.463
746643,2024,CLE,LAA,1590.2,1476.44,113.76,0.6885
746719,2024,CIN,BAL,1555.01,1672.46,-117.45,0.3687
746883,2024,CHC,MIL,1602.68,1639.74,-37.06,0.4812
747206,2024,ARI,SD,1521.68,1590.59,-68.9,0.4357
747209,2024,ARI,SD,1548.99,1572.38,-23.4,0.5009
745098,2024,TB,CWS,1514.28,1389.19,125.08,0.7023
745182,2024,STL,NYM,1502.72,1569.37,-66.65,0.4389
745509,2024,PIT,LAA,1489.08,1466.59,22.49,0.5665
745585,2024,PHI,SF,1660.79,1501.4,159.38,0.7419
745912,2024,MIN,SEA,1605.45,1619.22,-13.78,0.5147
746313,2024,KC,MIL,1600.25,1625.11,-24.86,0.4988
746639,2024,CLE,DET,1596.77,1578.03,18.74,0.5612
746886,2024,CHC,SD,1617.31,1592.72,24.58,0.5695
744859,2024,WSH,BAL,1557.19,1685.89,-128.7,0.3537
745095,2024,TB,CWS,1527.43,1371.65,155.78,0.7379
745186,2024,STL,NYM,1495.63,1574.1,-78.46,0.4223
745508,2024,PIT,LAA,1503.35,1452.31,51.04,0.6063
745586,2024,PHI,TOR,1667.69,1526.96,140.72,0.7208
745668,2024,OAK,TEX,1540.43,1604.99,-64.56,0.4419
745669,2024,OAK,TEX,1519.0,1619.27,-100.27,0.392
745752,2024,NYY,HOU,1637.07,1559.43,77.65,0.6422
745915,2024,MIN,SEA,1613.92,1610.75,3.18,0.539
746149,2024,LAD,MIA,1700.88,1453.83,247.05,0.8264
746315,2024,KC,MIL,1605.75,1619.61,-13.87,0.5146
746638,2024,CLE,DET,1601.59,1573.21,28.39,0.5748
746718,2024,CIN,ARI,1541.58,1518.48,23.1,0.5674
746885,2024,CHC,SD,1604.81,1605.21,-0.4,0.5339
747126,2024,ATL,BOS,1639.87,1616.42,23.46,0.5679
744858,2024,WSH,BAL,1570.73,1672.35,-101.62,0.3901
745097,2024,TB,CWS,1536.89,1359.04,177.84,0.7617
745184,2024,STL,NYM,1484.88,1581.27,-96.38,0.3973
745507,2024,PIT,LAA,1470.6,1485.06,-14.45,0.5137
745584,2024,PHI,TOR,1677.36,1512.46,164.9,0.7479
745659,2024,OAK,TEX,1509.12,1625.86,-116.74,0.3696
745664,2024,OAK,TEX,1503.28,1629.75,-126.47,0.3567
745749,2024,NYY,HOU,1648.57,1547.93,100.64,0.6721
745906,2024,MIN,SEA,1600.06,1624.61,-24.54,0.4992
746147,2024,LAD,MIA,1704.34,1448.63,255.71,0.8334
746151,2024,LAD,MIA,1708.99,1439.34,269.64,0.8443
746312,2024,KC,MIL,1600.08,1625.28,-25.21,0.4983
746559,2024,COL,SF,1351.07,1491.05,-139.98,0.339
746640,2024,CLE,DET,1586.98,1587.82,-0.84,0.5333
746717,2024,CIN,ARI,1519.89,1540.17,-20.27,0.5054
746879,2024,CHC,SD,1609.98,1600.05,9.94,0.5487
747127,2024,ATL,BOS,1647.39,1608.9,38.49,0.589
745748,2024,NYY,HOU,1657.56,1534.45,123.12,0.6999
745910,2024,MIN,SEA,1611.05,1613.62,-2.57,0.5308
745995,2024,MIL,STL,1616.56,1486.52,130.04,0.7082
746562,2024,COL,SF,1332.79,1504.76,-171.97,0.2991
746563,2024,COL,SF,1323.04,1512.07,-189.03,0.2789
746715,2024,CIN,ARI,1511.56,1548.5,-36.93,0.4814
746802,2024,CWS,CLE,1390.31,1592.15,-201.85,0.2643
744940,2024,TOR,MIN,1530.8,1629.03,-98.23,0.3948
745094,2024,TB,NYY,1513.44,1650.21,-136.77,0.3432
745506,2024,PIT,CHC,1462.11,1597.87,-135.75,0.3445
745827,2024,NYM,ATL,1580.17,1658.97,-78.8,0.4218
746071,2024,MIA,PHI,1434.47,1665.13,-230.66,0.2333
746241,2024,LAA,KC,1493.55,1608.8,-115.25,0.3716
746479,2024,DET,HOU,1582.64,1545.47,37.17,0.5871
746801,2024,CWS,CLE,1405.25,1584.68,-179.43,0.2901
746964,2024,BOS,WSH,1597.32,1566.59,30.72,0.5781
747043,2024,BAL,ARI,1676.48,1556.37,120.11,0.6963
744943,2024,TOR,MIN,1524.52,1633.22,-108.7,0.3805
745096,2024,TB,NYY,1504.92,1655.89,-150.97,0.325
745264,2024,SEA,OAK,1595.64,1529.44,66.2,0.627
745340,2024,SF,CIN,1477.05,1503.69,-26.63,0.4962
745344,2024,SF,CIN,1464.13,1516.62,-52.49,0.4591
745421,2024,SD,LAD,1612.16,1711.43,-99.26,0.3933
745505,2024,PIT,CHC,1448.16,1607.17,-159.01,0.3149
745828,2024,NYM,ATL,1573.02,1666.13,-93.11,0.4018
745993,2024,MIL,STL,1625.14,1473.65,151.49,0.7331
745994,2024,MIL,STL,1634.34,1459.85,174.49,0.7582
746069,2024,MIA,PHI,1421.32,1671.7,-250.39,0.2136
746240,2024,LAA,KC,1477.06,1619.79,-142.73,0.3355
746480,2024,DET,HOU,1569.84,1564.68,5.16,0.5419
746553,2024,COL,TEX,1369.73,1612.31,-242.58,0.2213
746797,2024,CWS,CLE,1434.37,1570.12,-135.75,0.3445
746963,2024,BOS,WSH,1582.64,1581.28,1.36,0.5364
747041,2024,BAL,ARI,1681.55,1551.31,130.24,0.7084
744941,2024,TOR,MIN,1540.08,1622.84,-82.76,0.4162
745092,2024,TB,NYY,1532.09,1637.78,-105.7,0.3845
745255,2024,SEA,OAK,1607.69,1511.37,96.32,0.6666
745262,2024,SEA,OAK,1615.92,1499.03,116.89,0.6923
745345,2024,SF,CIN,1484.53,1496.21,-11.68,0.5177
745419,2024,SD,LAD,1618.6,1704.99,-86.39,0.4112
745422,2024,SD,LAD,1633.19,1690.4,-57.21,0.4524
745499,2024,PIT,CHC,1462.33,1600.08,-137.75,0.3419
745825,2024,NYM,ATL,1564.47,1674.68,-110.21,0.3784
745990,2024,MIL,STL,1638.28,1453.95,184.34,0.7684
746068,2024,MIA,PHI,1410.32,1677.2,-266.88,0.1981
746232,2024,LAA,KC,1471.82,1623.28,-151.47,0.3244
746234,2024,LAA,KC,1501.34,1603.6,-102.27,0.3892
746476,2024,DET,HOU,1584.07,1550.45,33.62,0.5822
746554,2024,COL,TEX,1394.39,1599.98,-205.59,0.2601
746555,2024,COL,TEX,1433.19,1580.58,-147.4,0.3295
746798,2024,CWS,CLE,1456.07,1559.27,-103.19,0.388
746965,2024,BOS,WSH,1590.78,1573.13,17.65,0.5596
747042,2024,BAL,ARI,1684.6,1548.26,136.34,0.7157
745826,2024,NYM,PHI,1571.03,1669.27,-98.24,0.3948
745991,2024,MIL,PIT,1630.42,1456.98,173.44,0.757
746471,2024,DET,MIA,1566.22,1426.18,140.04,0.72
746799,2024,CWS,WSH,1437.58,1568.29,-130.71,0.3511
746961,2024,BOS,TB,1595.63,1517.91,77.71,0.6423
747040,2024,BAL,TOR,1662.18,1524.59,137.59,0.7171
747128,2024,ATL,CHC,1668.11,1603.65,64.46,0.6246
745019,2024,TEX,CLE,1569.54,1571.6,-2.06,0.5315
745256,2024,SEA,KC,1594.04,1610.14,-16.1,0.5114
745343,2024,SF,LAD,1492.51,1703.04,-210.52,0.2547
745420,2024,SD,COL,1620.55,1455.28,165.27,0.7483
745821,2024,NYM,PHI,1566.84,1673.46,-106.62,0.3833
745909,2024,MIN,NYY,1633.17,1647.23,-14.06,0.5143
745989,2024,MIL,PIT,1618.08,1475.48,142.6,0.7229
746233,2024,LAA,STL,1491.53,1465.74,25.79,0.5712
746393,2024,HOU,OAK,1568.3,1531.83,36.47,0.5862
746473,2024,DET,MIA,1569.14,1420.34,148.8,0.73
746796,2024,CWS,WSH,1440.7,1566.73,-126.03,0.3572
746799,2024,CWS,WSH,1425.71,1574.22,-148.52,0.3281
746962,2024,BOS,TB,1584.72,1534.27,50.45,0.6055
747039,2024,BAL,TOR,1654.69,1535.82,118.88,0.6948
747124,2024,ATL,CHC,1674.53,1597.24,77.28,0.6418
747204,2024,ARI,CIN,1581.89,1488.23,93.66,0.6631
745014,2024,TEX,CLE,1551.87,1589.27,-37.4,0.4807
745257,2024,SEA,KC,1606.53,1597.65,8.88,0.5472
745259,2024,SEA,KC,1596.95,1607.23,-10.28,0.5197
745342,2024,SF,LAD,1486.39,1707.12,-220.74,0.2437
745417,2024,SD,COL,1612.83,1466.86,145.97,0.7268
745418,2024,SD,COL,1588.87,1502.8,86.07,0.6533
745582,2024,PHI,NYM,1682.87,1557.43,125.45,0.7027
745908,2024,MIN,NYY,1620.01,1660.39,-40.38,0.4764
745992,2024,MIL,PIT,1620.97,1471.15,149.82,0.7312
746235,2024,LAA,STL,1467.25,1490.02,-22.76,0.5018
746396,2024,HOU,OAK,1581.85,1511.52,70.33,0.6325
746472,2024,DET,MIA,1561.55,1435.51,126.05,0.7034
746795,2024,CWS,WSH,1458.12,1558.02,-99.89,0.3925
746960,2024,BOS,TB,1589.0,1527.86,61.14,0.6201
747038,2024,BAL,TOR,1652.64,1538.89,113.75,0.6885
747123,2024,ATL,CHC,1686.04,1585.73,100.31,0.6716
747203,2024,ARI,CIN,1585.47,1482.85,102.62,0.6746
747205,2024,ARI,CIN,1588.92,1477.68,111.24,0.6854
745015,2024,TEX,CLE,1541.38,1599.75,-58.37,0.4507
745341,2024,SF,LAD,1474.71,1714.91,-240.2,0.2236
745580,2024,PHI,NYM,1690.94,1549.36,141.57,0.7217
745907,2024,MIN,NYY,1607.96,1672.44,-64.47,0.442
746231,2024,LAA,STL,1458.99,1498.28,-39.29,0.478
746397,2024,HOU,OAK,1585.8,1505.59,80.2,0.6456
746881,2024,CHC,PIT,1605.73,1457.88,147.85,0.7289
746959,2024,BOS,TB,1582.3,1537.89,44.41,0.5972
744934,2024,TOR,TB,1533.96,1553.33,-19.37,0.5067
745579,2024,PHI,WSH,1683.42,1547.8,135.61,0.7148
745747,2024,NYY,CWS,1684.75,1473.45,211.3,0.7949
746065,2024,MIA,NYM,1458.9,1560.64,-101.75,0.3899
746150,2024,LAD,CIN,1699.38,1502.88,196.5,0.7806
746310,2024,KC,OAK,1598.83,1494.22,104.61,0.6771
746391,2024,HOU,OAK,1593.38,1482.31,111.07,0.6851
746641,2024,CLE,MIN,1585.97,1595.65,-9.68,0.5206
746878,2024,CHC,PIT,1598.15,1469.24,128.91,0.7069
747037,2024,BAL,SEA,1655.93,1605.36,50.57,0.6057
747122,2024,ATL,SD,1666.04,1574.92,91.12,0.6599
744938,2024,TOR,TB,1525.61,1558.9,-33.29,0.4866
745013,2024,TEX,LAA,1562.05,1481.04,81.01,0.6467
745016,2024,TEX,LAA,1565.83,1475.37,90.46,0.659
745177,2024,STL,BOS,1476.23,1572.02,-95.79,0.3981
745178,2024,STL,BOS,1501.03,1555.48,-54.45,0.4563
745335,2024,SF,COL,1497.99,1523.72,-25.72,0.4975
745339,2024,SF,COL,1519.35,1502.36,16.99,0.5587
745581,2024,PHI,WSH,1688.14,1540.72,147.42,0.7284
745744,2024,NYY,CWS,1688.04,1468.51,219.53,0.8025
746067,2024,MIA,NYM,1489.65,1540.14,-50.5,0.4619
746148,2024,LAD,CIN,1678.84,1533.7,145.14,0.7259
746308,2024,KC,OAK,1606.77,1467.35,139.41,0.7192
746388,2024,HOU,MIL,1603.35,1629.82,-26.46,0.4965
746389,2024,HOU,MIL,1608.87,1624.3,-15.43,0.5123
746642,2024,CLE,MIN,1591.26,1590.36,0.9,0.5358
746882,2024,CHC,PIT,1577.36,1500.43,76.93,0.6413
747036,2024,BAL,SEA,1668.75,1592.53,76.22,0.6404
747121,2024,ATL,SD,1654.9,1586.06,68.84,0.6305
747201,2024,ARI,DET,1572.12,1549.86,22.26,0.5662
744937,2024,TOR,TB,1517.63,1564.21,-46.58,0.4675
745012,2024,TEX,LAA,1546.13,1504.94,41.19,0.5927
745179,2024,STL,BOS,1521.52,1541.82,-20.3,0.5053
745336,2024,SF,COL,1544.55,1477.16,67.4,0.6286
745577,2024,PHI,WSH,1690.96,1536.48,154.48,0.7364
745745,2024,NYY,CWS,1693.19,1460.79,232.4,0.814
746064,2024,MIA,NYM,1498.4,1531.39,-33.0,0.4871
746142,2024,LAD,CIN,1685.46,1523.76,161.7,0.7444
746144,2024,LAD,CIN,1691.59,1514.57,177.03,0.7608
746306,2024,KC,OAK,1611.41,1460.39,151.02,0.7325
746392,2024,HOU,MIL,1599.93,1633.24,-33.31,0.4866
746636,2024,CLE,MIN,1606.7,1574.92,31.78,0.5796
746880,2024,CHC,PIT,1581.21,1494.66,86.54,0.6539
747035,2024,BAL,SEA,1661.89,1599.4,62.49,0.622
747120,2024,ATL,SD,1653.5,1587.47,66.03,0.6267
747198,2024,ARI,DET,1548.45,1585.36,-36.91,0.4814
747202,2024,ARI,DET,1561.9,1576.39,-14.49,0.5137
744857,2024,WSH,MIN,1524.98,1565.73,-40.75,0.4759
744935,2024,TOR,CWS,1534.98,1453.55,81.43,0.6472
745093,2024,TB,BOS,1552.65,1568.22,-15.57,0.5121
745181,2024,STL,BAL,1495.12,1670.04,-174.92,0.2955
745746,2024,NYY,SEA,1698.01,1591.24,106.77,0.6798
746066,2024,MIA,MIL,1479.86,1618.74,-138.88,0.3404
746307,2024,KC,DET,1617.85,1591.02,26.83,0.5726
746637,2024,CLE,NYM,1615.9,1549.93,65.97,0.6267
747119,2024,ATL,SD,1632.11,1608.86,23.25,0.5676
747121,2024,ATL,SD,1625.88,1615.09,10.79,0.5499
744860,2024,WSH,MIN,1553.42,1546.77,6.64,0.544
744936,2024,TOR,CWS,1550.87,1437.67,113.2,0.6878
745090,2024,TB,BOS,1538.07,1582.8,-44.73,0.4702
745180,2024,STL,BAL,1516.83,1655.57,-138.74,0.3406
745503,2024,PIT,SF,1505.13,1556.54,-51.41,0.4606
745578,2024,PHI,TEX,1698.63,1526.77,171.86,0.7554
745742,2024,NYY,SEA,1690.82,1598.43,92.39,0.6615
746058,2024,MIA,MIL,1490.18,1611.86,-121.68,0.363
746146,2024,LAD,ARI,1694.05,1547.27,146.78,0.7277
746309,2024,KC,DET,1629.96,1578.92,51.04,0.6063
746390,2024,HOU,LAA,1614.43,1524.29,90.13,0.6586
746633,2024,CLE,NYM,1622.27,1540.37,81.89,0.6478
746716,2024,CIN,SD,1510.88,1605.15,-94.27,0.4002
746875,2024,CHC,ATL,1574.23,1635.81,-61.59,0.4461
744856,2024,WSH,MIN,1532.61,1577.98,-45.38,0.4693
744933,2024,TOR,CWS,1532.11,1475.17,56.94,0.6144
745089,2024,TB,BOS,1522.74,1593.02,-70.28,0.4338
745173,2024,STL,BAL,1533.18,1644.66,-111.48,0.3767
745180,2024,STL,BAL,1543.05,1638.09,-95.03,0.3992
745502,2024,PIT,SF,1513.9,1550.7,-36.8,0.4816
745576,2024,PHI,TEX,1703.66,1519.22,184.44,0.7685
745662,2024,OAK,COL,1450.72,1465.17,-14.44,0.5137
745743,2024,NYY,SEA,1676.74,1612.51,64.23,0.6243
746063,2024,MIA,MIL,1481.11,1617.91,-136.8,0.3431
746145,2024,LAD,ARI,1698.54,1540.54,157.99,0.7403
746304,2024,KC,DET,1642.76,1566.12,76.64,0.6409
746385,2024,HOU,LAA,1603.31,1540.98,62.33,0.6217
746386,2024,HOU,LAA,1607.39,1534.86,72.53,0.6355
746634,2024,CLE,NYM,1626.03,1534.72,91.31,0.6601
746712,2024,CIN,SD,1526.05,1595.04,-68.99,0.4356
746876,2024,CHC,ATL,1580.2,1629.84,-49.64,0.4632
745500,2024,PIT,SF,1495.6,1562.89,-67.29,0.438
745573,2024,PHI,TEX,1710.77,1508.56,202.21,0.7862
745660,2024,OAK,COL,1458.76,1457.13,1.63,0.5368
745661,2024,OAK,COL,1466.46,1449.43,17.03,0.5588
745741,2024,NYY,SEA,1686.14,1603.11,83.03,0.6493
746143,2024,LAD,ARI,1680.75,1567.22,113.53,0.6882
746474,2024,DET,TOR,1556.17,1550.87,5.3,0.5421
746714,2024,CIN,SD,1509.73,1605.92,-96.19,0.3976
746792,2024,CWS,BAL,1456.41,1627.96,-171.55,0.2996
746874,2024,CHC,ATL,1565.13,1644.91,-79.78,0.4204
744853,2024,WSH,SEA,1524.96,1593.43,-68.47,0.4364
745087,2024,TB,KC,1508.75,1652.7,-143.95,0.3339
745501,2024,PIT,ATL,1488.53,1653.91,-165.38,0.3071
745822,2024,NYM,SF,1523.87,1567.61,-43.74,0.4716
745905,2024,MIN,TEX,1583.08,1502.04,81.04,0.6467
746475,2024,DET,TOR,1537.16,1569.88,-32.72,0.4875
746713,2024,CIN,LAD,1499.69,1660.37,-160.69,0.3129
746793,2024,CWS,BAL,1449.09,1632.85,-183.76,0.285
746956,2024,BOS,MIL,1602.35,1611.05,-8.71,0.522
744851,2024,WSH,SEA,1548.47,1577.76,-29.29,0.4924
745086,2024,TB,KC,1493.11,1663.13,-170.02,0.3014
745175,2024,STL,CHC,1558.24,1556.13,2.11,0.5375
745176,2024,STL,CHC,1557.82,1556.55,1.27,0.5363
745415,2024,SD,NYY,1612.61,1695.83,-83.21,0.4156
745493,2024,PIT,ATL,1518.63,1633.84,-115.21,0.3717
745658,2024,OAK,HOU,1457.23,1600.56,-143.33,0.3347
745663,2024,OAK,HOU,1473.7,1589.59,-115.88,0.3708
745823,2024,NYM,SF,1516.17,1572.74,-56.56,0.4533
745901,2024,MIN,TEX,1586.86,1496.38,90.49,0.659
746227,2024,LAA,CLE,1545.09,1633.27,-88.18,0.4087
746470,2024,DET,TOR,1556.67,1556.88,-0.21,0.5342
746558,2024,COL,PHI,1461.73,1715.11,-253.38,0.2107
746710,2024,CIN,LAD,1520.99,1646.17,-125.18,0.3584
746794,2024,CWS,BAL,1439.84,1637.47,-197.63,0.269
746958,2024,BOS,MIL,1587.44,1625.96,-38.52,0.4791
747200,2024,ARI,MIA,1587.6,1491.4,96.2,0.6664
744855,2024,WSH,SEA,1561.68,1568.95,-7.28,0.524
745088,2024,TB,KC,1483.8,1669.34,-185.54,0.2829
745172,2024,STL,CHC,1562.96,1551.41,11.55,0.551
745411,2024,SD,NYY,1598.54,1709.91,-111.37,0.3768
745413,2024,SD,NYY,1590.58,1717.86,-127.28,0.3556
745498,2024,PIT,ATL,1538.49,1620.6,-82.1,0.4172
745653,2024,OAK,HOU,1461.98,1597.4,-135.41,0.3449
745824,2024,NYM,SF,1497.17,1585.41,-88.24,0.4086
745902,2024,MIN,TEX,1592.62,1487.74,104.88,0.6774
746226,2024,LAA,CLE,1526.74,1645.5,-118.76,0.3669
746230,2024,LAA,CLE,1520.95,1649.37,-128.42,0.3541
746469,2024,DET,TOR,1561.83,1551.71,10.12,0.5489
746556,2024,COL,PHI,1473.5,1707.26,-233.76,0.2301
746557,2024,COL,PHI,1465.47,1712.62,-247.15,0.2168
746711,2024,CIN,LAD,1537.0,1635.5,-98.5,0.3944
746789,2024,CWS,BAL,1431.16,1641.81,-210.65,0.2546
746957,2024,BOS,MIL,1577.0,1636.4,-59.41,0.4492
747197,2024,ARI,MIA,1573.44,1512.64,60.79,0.6197
747199,2024,ARI,MIA,1562.84,1528.54,34.3,0.5831
745338,2024,SF,PHI,1579.1,1697.0,-117.9,0.3681
745416,2024,SD,MIA,1604.09,1521.71,82.38,0.6485
745816,2024,NYM,LAD,1506.63,1622.64,-116.01,0.3706
745904,2024,MIN,KC,1575.97,1654.67,-78.7,0.4219
745986,2024,MIL,CHC,1630.45,1546.46,84.0,0.6506
746549,2024,COL,CLE,1488.89,1653.08,-164.18,0.3085
746708,2024,CIN,STL,1556.29,1567.92,-11.63,0.5178
746788,2024,CWS,TOR,1420.85,1541.75,-120.9,0.3641
747034,2024,BAL,BOS,1646.96,1582.94,64.02,0.624
747118,2024,ATL,WSH,1633.98,1548.22,85.75,0.6529
745091,2024,TB,OAK,1505.8,1451.17,54.63,0.6113
745254,2024,SEA,HOU,1582.4,1604.61,-22.2,0.5026
745816,2024,NYM,LAD,1508.67,1621.28,-112.6,0.3752
745818,2024,NYM,LAD,1496.8,1629.2,-132.4,0.3489
745903,2024,MIN,KC,1582.16,1648.48,-66.32,0.4394
745987,2024,MIL,CHC,1639.12,1533.46,105.66,0.6784
746468,2024,DET,PIT,1571.79,1518.42,53.37,0.6095
746709,2024,CIN,STL,1564.72,1559.49,5.23,0.542
746791,2024,CWS,TOR,1403.08,1555.08,-152.0,0.3237
747033,2024,BAL,BOS,1659.81,1570.1,89.71,0.658
747115,2024,ATL,WSH,1617.8,1572.5,45.3,0.5984
745011,2024,TEX,ARI,1512.72,1567.39,-54.67,0.456
745017,2024,TEX,ARI,1535.54,1552.17,-16.63,0.5106
745084,2024,TB,OAK,1485.96,1471.02,14.94,0.5558
745258,2024,SEA,HOU,1587.86,1599.14,-11.28,0.5183
745333,2024,SF,PHI,1594.54,1681.56,-87.01,0.4103
745337,2024,SF,PHI,1583.23,1692.87,-109.64,0.3792
745412,2024,SD,MIA,1607.85,1516.07,91.77,0.6607
745414,2024,SD,MIA,1616.24,1503.49,112.74,0.6872
745817,2024,NYM,LAD,1485.85,1636.49,-150.64,0.3254
745900,2024,MIN,KC,1591.72,1638.92,-47.19,0.4667
745988,2024,MIL,CHC,1624.76,1554.99,69.77,0.6318
746229,2024,LAA,NYY,1515.38,1704.35,-188.97,0.279
746467,2024,DET,PIT,1570.61,1520.2,50.4,0.6055
746468,2024,DET,PIT,1584.17,1499.86,84.3,0.651
746552,2024,COL,CLE,1505.86,1641.77,-135.91,0.3443
746706,2024,CIN,STL,1547.88,1576.32,-28.44,0.4936
746790,2024,CWS,TOR,1385.72,1563.76,-178.04,0.2918
747031,2024,BAL,BOS,1641.68,1588.23,53.46,0.6097
747117,2024,ATL,WSH,1624.71,1565.58,59.13,0.6174
745081,2024,TB,OAK,1493.3,1463.68,29.62,0.5766
745249,2024,SEA,HOU,1596.29,1590.72,5.57,0.5424
745250,2024,SEA,HOU,1582.35,1604.65,-22.3,0.5024
745819,2024,NYM,ARI,1470.65,1543.63,-72.98,0.43
745898,2024,MIN,KC,1578.63,1652.01,-73.39,0.4294
745985,2024,MIL,CHC,1633.95,1545.8,88.15,0.656
746228,2024,LAA,NYY,1526.43,1696.99,-170.56,0.3008
746551,2024,COL,CLE,1490.72,1651.86,-161.15,0.3123
746954,2024,BOS,DET,1577.3,1562.12,15.18,0.5561
747114,2024,ATL,WSH,1607.48,1582.82,24.66,0.5696
744928,2024,TOR,PIT,1568.51,1532.93,35.58,0.5849
745574,2024,PHI,STL,1686.31,1584.89,101.43,0.6731
745820,2024,NYM,ARI,1479.83,1534.45,-54.62,0.456
746059,2024,MIA,TEX,1537.97,1548.35,-10.38,0.5196
746225,2024,LAA,NYY,1521.79,1700.08,-178.3,0.2915
746635,2024,CLE,WSH,1637.65,1592.72,44.93,0.5979
746877,2024,CHC,CIN,1537.08,1535.04,2.05,0.5374
746955,2024,BOS,DET,1561.47,1577.96,-16.49,0.5108
747032,2024,BAL,TB,1652.61,1500.25,152.36,0.734
747116,2024,ATL,OAK,1597.58,1456.73,140.85,0.7209
744932,2024,TOR,PIT,1575.69,1522.16,53.53,0.6098
745251,2024,SEA,LAA,1587.82,1510.19,77.62,0.6422
745253,2024,SEA,LAA,1600.55,1491.09,109.45,0.6831
745331,2024,SF,NYY,1589.79,1707.81,-118.02,0.3679
745575,2024,PHI,STL,1691.81,1579.39,112.42,0.6868
745812,2024,NYM,ARI,1488.66,1525.62,-36.96,0.4814
745980,2024,MIL,CWS,1639.77,1376.23,263.54,0.8396
745983,2024,MIL,CWS,1641.36,1373.05,268.3,0.8433
746062,2024,MIA,TEX,1560.3,1526.02,34.28,0.5831
746140,2024,LAD,COL,1646.63,1512.03,134.59,0.7136
746303,2024,KC,SD,1645.89,1593.25,52.63,0.6085
746305,2024,KC,SD,1632.71,1606.44,26.27,0.5718
746384,2024,HOU,MIN,1599.19,1584.75,14.44,0.5551
746387,2024,HOU,MIN,1608.99,1574.95,34.05,0.5828
746629,2024,CLE,WSH,1649.92,1580.45,69.47,0.6314
746870,2024,CHC,CIN,1528.15,1543.97,-15.82,0.5118
746952,2024,BOS,DET,1573.97,1565.46,8.51,0.5467
747029,2024,BAL,TB,1656.98,1493.69,163.29,0.7461
747111,2024,ATL,OAK,1602.19,1449.81,152.37,0.7341
744929,2024,TOR,PIT,1555.88,1551.86,4.02,0.5402
745252,2024,SEA,LAA,1603.9,1486.07,117.82,0.6935
745330,2024,SF,NYY,1580.8,1716.8,-136.01,0.3442
745332,2024,SF,NYY,1575.1,1722.5,-147.4,0.3295
745572,2024,PHI,STL,1700.35,1570.85,129.5,0.7076
745813,2024,NYM,ARI,1468.3,1545.98,-77.68,0.4234
745984,2024,MIL,CWS,1646.0,1363.76,282.25,0.8536
746061,2024,MIA,TEX,1541.2,1554.67,-13.48,0.5151
746138,2024,LAD,COL,1631.71,1534.41,97.3,0.6678
746141,2024,LAD,COL,1638.77,1523.82,114.94,0.6899
746301,2024,KC,SD,1618.15,1620.99,-2.83,0.5304
746383,2024,HOU,MIN,1592.54,1591.4,1.14,0.5361
746632,2024,CLE,WSH,1653.88,1576.49,77.39,0.6419
746871,2024,CHC,CIN,1540.93,1531.19,9.74,0.5484
746953,2024,BOS,DET,1583.99,1555.44,28.55,0.5751
747030,2024,BAL,TB,1663.06,1484.56,178.5,0.7624
747110,2024,ATL,OAK,1590.12,1473.95,116.17,0.6914
744854,2024,WSH,NYM,1590.24,1461.5,128.74,0.7067
744930,2024,TOR,BAL,1560.97,1655.24,-94.27,0.4002
745569,2024,PHI,MIL,1692.94,1648.88,44.05,0.5967
744850,2024,WSH,NYM,1582.84,1472.61,110.23,0.6841
744931,2024,TOR,BAL,1549.97,1666.25,-116.28,0.3702
745009,2024,TEX,DET,1570.61,1570.06,0.56,0.5353
745497,2024,PIT,LAD,1546.77,1646.36,-99.58,0.3929
745568,2024,PHI,MIL,1699.89,1641.93,57.95,0.6158
745739,2024,NYY,MIN,1730.45,1597.34,133.11,0.7119
746060,2024,MIA,TB,1517.28,1496.29,20.99,0.5644
746224,2024,LAA,SD,1474.83,1615.79,-140.95,0.3378
746382,2024,HOU,STL,1586.6,1578.26,8.34,0.5464
746548,2024,COL,CIN,1512.44,1549.35,-36.91,0.4814
746630,2024,CLE,KC,1640.13,1623.36,16.77,0.5584
746949,2024,BOS,ATL,1569.37,1595.27,-25.9,0.4973
747194,2024,ARI,SF,1552.78,1567.15,-14.36,0.5139
744852,2024,WSH,NYM,1568.39,1494.28,74.11,0.6376
744927,2024,TOR,BAL,1530.54,1679.2,-148.66,0.3279
745010,2024,TEX,DET,1564.68,1575.99,-11.31,0.5182
745494,2024,PIT,LAD,1556.44,1639.91,-83.48,0.4152
745570,2024,PHI,MIL,1704.04,1637.78,66.26,0.627
745656,2024,OAK,SEA,1466.22,1611.39,-145.17,0.3324
745740,2024,NYY,MIN,1737.45,1590.34,147.11,0.7281
746056,2024,MIA,TB,1495.69,1517.89,-22.2,0.5026
746222,2024,LAA,SD,1485.19,1608.89,-123.7,0.3603
746379,2024,HOU,STL,1596.62,1568.24,28.38,0.5748
746380,2024,HOU,STL,1586.65,1578.21,8.43,0.5465
746544,2024,COL,CIN,1485.19,1576.6,-91.41,0.4042
746550,2024,COL,CIN,1468.51,1587.73,-119.22,0.3663
746628,2024,CLE,KC,1649.85,1613.64,36.21,0.5858
746872,2024,CHC,CWS,1522.77,1358.0,164.77,0.7477
746950,2024,BOS,ATL,1555.28,1609.36,-54.08,0.4568
747195,2024,ARI,SF,1561.27,1558.66,2.62,0.5382
747196,2024,ARI,SF,1544.54,1575.39,-30.86,0.4901
744844,2024,WSH,ATL,1546.7,1589.83,-43.12,0.4725
744923,2024,TOR,BAL,1541.01,1672.22,-131.21,0.3504
745007,2024,TEX,DET,1555.62,1585.06,-29.44,0.4922
745174,2024,STL,COL,1568.19,1456.94,111.25,0.6854
745495,2024,PIT,LAD,1570.94,1625.41,-54.46,0.4563
745654,2024,OAK,SEA,1461.03,1614.85,-153.81,0.3214
745657,2024,OAK,SEA,1471.58,1607.81,-136.23,0.3439
745738,2024,NYY,MIN,1744.01,1583.78,160.23,0.7428
746221,2024,LAA,SD,1501.15,1598.24,-97.09,0.3963
746631,2024,CLE,KC,1648.91,1614.57,34.34,0.5832
746707,2024,CIN,CHC,1595.43,1526.67,68.76,0.6304
746873,2024,CHC,CWS,1512.83,1352.79,160.03,0.7426
744845,2024,WSH,ATL,1531.29,1600.11,-68.82,0.4359
745083,2024,TB,BAL,1531.01,1665.42,-134.41,0.3462
745169,2024,STL,COL,1560.96,1467.8,93.16,0.6625
745408,2024,SD,ARI,1591.83,1561.27,30.56,0.5779
745496,2024,PIT,MIN,1559.48,1578.46,-18.98,0.5072
745737,2024,NYY,LAD,1749.33,1636.87,112.46,0.6869
746053,2024,MIA,CLE,1482.57,1642.54,-159.97,0.3137
746466,2024,DET,MIL,1567.44,1631.42,-63.98,0.4427
746704,2024,CIN,CHC,1604.66,1516.82,87.84,0.6556
746784,2024,CWS,BOS,1347.47,1574.81,-227.34,0.2368
744848,2024,WSH,ATL,1540.39,1594.04,-53.65,0.4574
745001,2024,TEX,SF,1573.23,1564.24,8.99,0.5473
745008,2024,TEX,SF,1563.65,1573.82,-10.17,0.5199
745082,2024,TB,BAL,1520.15,1672.66,-152.51,0.3231
745166,2024,STL,COL,1568.14,1457.02,111.12,0.6852
745406,2024,SD,ARI,1585.51,1567.59,17.92,0.56
745492,2024,PIT,MIN,1570.32,1567.63,2.69,0.5383
745652,2024,OAK,TOR,1460.81,1551.21,-90.4,0.4056
745655,2024,OAK,TOR,1441.37,1564.17,-122.8,0.3615
745735,2024,NYY,LAD,1742.08,1644.12,97.96,0.6686
745814,2024,NYM,PHI,1526.81,1710.4,-183.6,0.2852
746057,2024,MIA,CLE,1493.21,1635.45,-142.23,0.3361
746220,2024,LAA,HOU,1510.77,1596.67,-85.89,0.4119
746300,2024,KC,SEA,1620.94,1614.99,5.95,0.543
746302,2024,KC,SEA,1632.68,1603.26,29.42,0.5763
746461,2024,DET,MIL,1550.93,1647.92,-96.99,0.3965
746703,2024,CIN,CHC,1608.33,1511.31,97.03,0.6675
746785,2024,CWS,BOS,1329.86,1583.62,-253.76,0.2104
746786,2024,CWS,BOS,1370.45,1563.32,-192.87,0.2745
744849,2024,WSH,ATL,1560.84,1580.4,-19.56,0.5064
745003,2024,TEX,SF,1552.17,1585.3,-33.13,0.4869
745085,2024,TB,BAL,1507.16,1681.32,-174.16,0.2964
745167,2024,STL,COL,1560.91,1467.88,93.03,0.6623
745407,2024,SD,ARI,1600.03,1553.07,46.96,0.6007
745410,2024,SD,ARI,1581.71,1571.38,10.34,0.5493
745491,2024,PIT,MIN,1582.19,1555.75,26.44,0.5721
745571,2024,PHI,NYM,1717.95,1515.48,202.47,0.7864
745651,2024,OAK,TOR,1454.78,1557.46,-102.68,0.3887
745736,2024,NYY,LAD,1719.58,1666.62,52.96,0.609
746054,2024,MIA,CLE,1476.56,1646.55,-169.98,0.3015
746216,2024,LAA,HOU,1492.26,1609.01,-116.75,0.3696
746223,2024,LAA,HOU,1508.04,1598.49,-90.44,0.4055
746297,2024,KC,SEA,1637.31,1598.62,38.69,0.5893
746463,2024,DET,MIL,1546.72,1652.13,-105.41,0.3849
746705,2024,CIN,CHC,1611.87,1506.01,105.86,0.6786
746787,2024,CWS,BOS,1408.7,1544.2,-135.5,0.3448
745080,2024,TB,BAL,1493.45,1690.46,-197.01,0.2697
745897,2024,MIN,COL,1573.35,1455.36,117.99,0.6937
745077,2024,TB,CHC,1485.21,1523.08,-37.87,0.4801
745170,2024,STL,PIT,1569.25,1564.59,4.66,0.5412
745248,2024,SEA,CWS,1605.04,1397.28,207.76,0.7915
745334,2024,SF,HOU,1570.81,1609.65,-38.84,0.4787
745409,2024,SD,OAK,1600.13,1444.99,155.14,0.7371
745815,2024,NYM,MIA,1527.47,1467.25,60.21,0.6189
745899,2024,MIN,COL,1581.69,1442.86,138.83,0.7186
745982,2024,MIL,TOR,1631.5,1563.99,67.51,0.6287
746295,2024,KC,NYY,1630.89,1726.29,-95.4,0.3987
746464,2024,DET,WSH,1577.67,1571.7,5.98,0.543
746702,2024,CIN,CLE,1600.49,1652.75,-52.27,0.4594
746951,2024,BOS,PHI,1552.76,1709.96,-157.2,0.3172
747027,2024,BAL,ATL,1695.95,1569.55,126.4,0.7039
745079,2024,TB,CHC,1502.22,1506.08,-3.86,0.529
745171,2024,STL,PIT,1563.26,1570.58,-7.32,0.524
745244,2024,SEA,CWS,1609.95,1387.47,222.48,0.8052
745327,2024,SF,HOU,1576.49,1603.97,-27.48,0.495
745328,2024,SF,HOU,1567.9,1612.56,-44.67,0.4703
745404,2024,SD,OAK,1607.17,1430.91,176.25,0.76
745405,2024,SD,OAK,1609.63,1425.98,183.65,0.7677
745811,2024,NYM,MIA,1511.58,1483.14,28.45,0.5749
745896,2024,MIN,COL,1574.19,1457.85,116.34,0.6917
745978,2024,MIL,TOR,1637.83,1557.66,80.17,0.6456
745981,2024,MIL,TOR,1641.62,1553.87,87.76,0.6555
746139,2024,LAD,TEX,1659.91,1566.67,93.25,0.6626
746296,2024,KC,NYY,1624.17,1733.01,-108.83,0.3803
746462,2024,DET,WSH,1571.67,1577.7,-6.04,0.5258
746701,2024,CIN,CLE,1592.6,1660.64,-68.04,0.437
746948,2024,BOS,PHI,1546.2,1716.53,-170.33,0.301
747028,2024,BAL,ATL,1703.16,1562.34,140.82,0.7209
747190,2024,ARI,LAA,1552.97,1491.29,61.67,0.6209
745075,2024,TB,CHC,1493.44,1514.86,-21.42,0.5037
745168,2024,STL,PIT,1571.6,1562.24,9.36,0.5479
745246,2024,SEA,CWS,1611.91,1383.54,228.37,0.8104
745809,2024,NYM,MIA,1531.18,1463.54,67.64,0.6289
745894,2024,MIN,OAK,1584.49,1421.23,163.26,0.7461
746137,2024,LAD,TEX,1673.58,1553.0,120.58,0.6968
746294,2024,KC,NYY,1610.83,1746.36,-135.53,0.3448
746299,2024,KC,NYY,1600.71,1756.47,-155.76,0.319
746465,2024,DET,WSH,1562.45,1586.92,-24.47,0.4993
746944,2024,BOS,PHI,1563.3,1705.13,-141.83,0.3367
747026,2024,BAL,ATL,1707.77,1557.73,150.05,0.7314
747193,2024,ARI,LAA,1563.54,1475.43,88.11,0.656
744847,2024,WSH,MIA,1572.73,1457.55,115.18,0.6902
744924,2024,TOR,CLE,1567.85,1651.04,-83.19,0.4156
745245,2024,SEA,CWS,1613.81,1379.73,234.08,0.8154
745810,2024,NYM,SD,1537.17,1612.01,-74.84,0.4274
746136,2024,LAD,TEX,1666.25,1560.32,105.93,0.6787
746869,2024,CHC,STL,1506.68,1576.59,-69.91,0.4343
746947,2024,BOS,NYY,1582.7,1749.42,-166.71,0.3054
747025,2024,BAL,PHI,1692.58,1685.72,6.86,0.5443
747112,2024,ATL,TB,1572.91,1501.61,71.3,0.6338
747192,2024,ARI,LAA,1545.46,1502.56,42.9,0.5951
744846,2024,WSH,MIA,1582.52,1442.86,139.66,0.7195
744925,2024,TOR,CLE,1560.81,1658.08,-97.27,0.3961
745241,2024,SEA,TEX,1605.64,1571.71,33.93,0.5826
745247,2024,SEA,TEX,1612.87,1564.48,48.38,0.6027
745326,2024,SF,LAA,1577.02,1479.7,97.32,0.6678
745329,2024,SF,LAA,1565.78,1496.56,69.22,0.631
745805,2024,NYM,SD,1546.38,1605.87,-59.48,0.4491
745891,2024,MIN,OAK,1590.57,1409.05,181.52,0.7655
745892,2024,MIN,OAK,1587.85,1414.49,173.36,0.757
745976,2024,MIL,CIN,1627.64,1602.2,25.44,0.5707
745979,2024,MIL,CIN,1635.1,1594.74,40.37,0.5916
746134,2024,LAD,KC,1654.87,1607.77,47.1,0.6009
746378,2024,HOU,DET,1603.44,1576.64,26.79,0.5726
746381,2024,HOU,DET,1614.31,1565.77,48.54,0.6029
746545,2024,COL,PIT,1442.41,1557.25,-114.84,0.3722
746865,2024,CHC,STL,1492.68,1585.93,-93.25,0.4016
746946,2024,BOS,NYY,1573.26,1758.86,-185.61,0.2829
747024,2024,BAL,PHI,1683.05,1695.26,-12.21,0.517
747113,2024,ATL,TB,1582.05,1487.91,94.14,0.6637
747191,2024,ARI,CWS,1568.31,1396.08,172.23,0.7558
744839,2024,WSH,MIA,1589.31,1429.27,160.04,0.7426
744926,2024,TOR,CLE,1577.39,1641.5,-64.11,0.4425
745242,2024,SEA,TEX,1617.18,1560.17,57.01,0.6145
745321,2024,SF,LAA,1559.0,1506.74,52.26,0.608
745807,2024,NYM,SD,1567.1,1592.05,-24.95,0.4986
745891,2024,MIN,OAK,1590.35,1409.5,180.86,0.7648
745895,2024,MIN,OAK,1592.76,1404.68,188.09,0.7722
745977,2024,MIL,CIN,1628.66,1601.18,27.48,0.5735
746130,2024,LAD,KC,1659.2,1603.43,55.77,0.6128
746135,2024,LAD,KC,1667.58,1595.06,72.52,0.6354
746377,2024,HOU,DET,1593.57,1586.51,7.07,0.5446
746546,2024,COL,PIT,1426.72,1565.09,-138.37,0.3411
746547,2024,COL,PIT,1406.73,1575.08,-168.35,0.3034
746866,2024,CHC,STL,1514.85,1571.15,-56.3,0.4537
746945,2024,BOS,NYY,1590.29,1741.83,-151.55,0.3243
747023,2024,BAL,PHI,1695.42,1682.89,12.53,0.5524
747109,2024,ATL,TB,1592.78,1471.82,120.96,0.6973
747187,2024,ARI,CWS,1575.37,1381.98,193.39,0.7775
747189,2024,ARI,CWS,1551.59,1429.53,122.05,0.6986
744918,2024,TOR,BOS,1583.39,1609.97,-26.57,0.4963
745490,2024,PIT,CIN,1548.53,1596.51,-47.98,0.4655
745567,2024,PHI,SD,1670.13,1577.84,92.29,0.6614
746055,2024,MIA,STL,1420.84,1576.05,-155.21,0.3197
747108,2024,ATL,DET,1581.16,1576.44,4.72,0.5412
744843,2024,WSH,ARI,1593.53,1561.09,32.44,0.5805
744917,2024,TOR,BOS,1570.77,1622.6,-51.83,0.46
745005,2024,TEX,NYM,1549.4,1581.31,-31.92,0.4886
745488,2024,PIT,CIN,1565.93,1584.91,-18.98,0.5072
745563,2024,PHI,SD,1680.94,1567.03,113.92,0.6887
745733,2024,NYY,BAL,1722.15,1708.18,13.97,0.5544
745893,2024,MIN,TB,1598.17,1489.25,108.92,0.6825
746049,2024,MIA,STL,1414.22,1579.36,-165.15,0.3074
746215,2024,LAA,MIL,1487.63,1633.33,-145.7,0.3317
746543,2024,COL,LAD,1459.84,1649.94,-190.1,0.2776
746627,2024,CLE,SEA,1635.49,1627.95,7.54,0.5453
746868,2024,CHC,SF,1507.49,1571.74,-64.24,0.4423
747107,2024,ATL,DET,1586.24,1571.36,14.87,0.5557
744842,2024,WSH,ARI,1577.13,1577.49,-0.36,0.534
744920,2024,TOR,BOS,1565.78,1627.58,-61.8,0.4458
745004,2024,TEX,NYM,1519.75,1601.08,-81.33,0.4182
745489,2024,PIT,CIN,1560.35,1590.48,-30.13,0.4912
745561,2024,PHI,SD,1684.23,1563.75,120.48,0.6967
745650,2024,OAK,KC,1393.87,1612.69,-218.82,0.2457
745732,2024,NYY,BAL,1729.93,1700.39,29.54,0.5764
745887,2024,MIN,TB,1601.52,1484.21,117.31,0.6928
746050,2024,MIA,STL,1428.51,1572.22,-143.71,0.3342
746217,2024,LAA,MIL,1504.16,1622.31,-118.16,0.3677
746542,2024,COL,LAD,1449.97,1656.52,-206.55,0.2591
746625,2024,CLE,SEA,1623.44,1640.0,-16.56,0.5107
746783,2024,CWS,HOU,1410.53,1603.64,-193.11,0.2742
746864,2024,CHC,SF,1500.34,1576.5,-76.16,0.4255
746867,2024,CHC,SF,1509.58,1570.34,-60.76,0.4473
747106,2024,ATL,DET,1591.13,1566.47,24.66,0.5696
744841,2024,WSH,ARI,1585.32,1569.3,16.02,0.5573
745002,2024,TEX,NYM,1513.04,1605.55,-92.51,0.4027
745164,2024,STL,SF,1565.29,1558.41,6.87,0.5443
745645,2024,OAK,KC,1417.99,1600.63,-182.65,0.2863
745646,2024,OAK,KC,1412.12,1603.57,-191.44,0.2761
745734,2024,NYY,BAL,1723.62,1706.7,16.92,0.5586
745889,2024,MIN,TB,1594.23,1495.16,99.07,0.6701
746219,2024,LAA,MIL,1492.55,1630.05,-137.51,0.3422
746538,2024,COL,LAD,1441.64,1660.69,-219.04,0.2455
746539,2024,COL,LAD,1456.86,1653.08,-196.21,0.2706
746626,2024,CLE,SEA,1640.51,1622.93,17.58,0.5596
746781,2024,CWS,HOU,1433.99,1591.91,-157.92,0.3163
746782,2024,CWS,HOU,1420.9,1598.46,-177.56,0.2924
745401,2024,SD,MIL,1578.4,1635.72,-57.32,0.4522
745483,2024,PIT,TB,1565.92,1505.82,60.1,0.6187
745562,2024,PHI,ARI,1669.58,1581.57,88.01,0.6558
745729,2024,NYY,ATL,1700.87,1605.29,95.58,0.6656
746052,2024,MIA,SEA,1442.37,1613.24,-170.87,0.3004
746460,2024,DET,CWS,1552.31,1411.39,140.92,0.721
746624,2024,CLE,TOR,1650.21,1554.62,95.59,0.6656
746698,2024,CIN,BOS,1584.92,1638.75,-53.83,0.4572
746861,2024,CHC,NYM,1527.48,1595.48,-68.0,0.437
744997,2024,TEX,KC,1528.15,1586.42,-58.26,0.4509
745006,2024,TEX,KC,1553.14,1569.76,-16.62,0.5106
745163,2024,STL,SF,1570.33,1553.38,16.95,0.5587
745402,2024,SD,MIL,1584.32,1629.79,-45.48,0.4691
745403,2024,SD,MIL,1593.46,1620.65,-27.19,0.4954
745486,2024,PIT,TB,1545.88,1535.88,10.0,0.5488
745564,2024,PHI,ARI,1662.58,1588.56,74.02,0.6374
745644,2024,OAK,MIN,1446.42,1587.12,-140.7,0.3381
745649,2024,OAK,MIN,1424.08,1598.29,-174.21,0.2964
745731,2024,NYY,ATL,1679.65,1626.51,53.14,0.6092
746048,2024,MIA,SEA,1456.77,1606.04,-149.27,0.3271
746131,2024,LAD,LAA,1657.45,1484.05,173.39,0.757
746375,2024,HOU,BAL,1603.22,1729.45,-126.24,0.357
746376,2024,HOU,BAL,1616.7,1715.96,-99.26,0.3934
746459,2024,DET,CWS,1555.21,1405.57,149.64,0.731
746540,2024,COL,WSH,1450.31,1573.05,-122.73,0.3616
746622,2024,CLE,TOR,1660.18,1544.64,115.54,0.6907
746700,2024,CIN,BOS,1596.67,1627.0,-30.32,0.4909
746863,2024,CHC,NYM,1503.08,1611.74,-108.66,0.3805
745000,2024,TEX,KC,1565.65,1557.25,8.39,0.5465
745165,2024,STL,SF,1582.88,1540.82,42.06,0.5939
745396,2024,SD,MIL,1606.3,1607.82,-1.52,0.5323
745485,2024,PIT,TB,1553.36,1528.41,24.95,0.57
745566,2024,PHI,ARI,1676.53,1574.62,101.91,0.6737
745648,2024,OAK,MIN,1438.54,1591.06,-152.52,0.323
745727,2024,NYY,ATL,1690.59,1615.58,75.01,0.6388
746051,2024,MIA,SEA,1439.84,1617.33,-177.49,0.2924
746132,2024,LAD,LAA,1649.66,1495.73,153.94,0.7358
746373,2024,HOU,BAL,1631.65,1701.02,-69.37,0.4351
746457,2024,DET,CWS,1537.59,1440.82,96.77,0.6671
746536,2024,COL,WSH,1434.32,1583.71,-149.39,0.327
746541,2024,COL,WSH,1427.53,1587.11,-159.58,0.3142
746621,2024,CLE,TOR,1666.7,1534.86,131.84,0.7104
746699,2024,CIN,BOS,1591.3,1632.37,-41.07,0.4755
746862,2024,CHC,NYM,1532.54,1592.1,-59.56,0.449
745078,2024,TB,SEA,1543.27,1605.82,-62.55,0.4447
745160,2024,STL,ATL,1589.89,1626.43,-36.55,0.4819
746458,2024,DET,PHI,1555.21,1683.45,-128.24,0.3543
746696,2024,CIN,PIT,1580.95,1543.45,37.5,0.5876
746941,2024,BOS,TOR,1642.72,1530.31,112.4,0.6868
747021,2024,BAL,CLE,1682.8,1669.73,13.06,0.5531
745076,2024,TB,SEA,1552.25,1599.83,-47.58,0.4661
745157,2024,STL,ATL,1595.54,1620.78,-25.25,0.4982
745323,2024,SF,CHC,1530.32,1518.0,12.32,0.5521
745397,2024,SD,WSH,1592.6,1580.01,12.58,0.5525
745806,2024,NYM,NYY,1601.8,1679.73,-77.94,0.423
745974,2024,MIL,TEX,1621.51,1577.28,44.23,0.597
746218,2024,LAA,OAK,1485.11,1425.14,59.97,0.6185
746298,2024,KC,MIA,1545.62,1462.85,82.76,0.649
746454,2024,DET,PHI,1544.07,1694.59,-150.51,0.3256
746697,2024,CIN,PIT,1593.57,1524.51,69.06,0.6308
746780,2024,CWS,LAD,1417.33,1656.74,-239.41,0.2244
746943,2024,BOS,TOR,1646.02,1525.36,120.67,0.6969
747022,2024,BAL,CLE,1676.7,1675.83,0.87,0.5357
745073,2024,TB,SEA,1570.62,1581.46,-10.84,0.5189
745157,2024,STL,ATL,1595.56,1620.76,-25.21,0.4983
745158,2024,STL,ATL,1582.87,1633.45,-50.58,0.4618
745322,2024,SF,CHC,1537.73,1510.59,27.14,0.5731
745399,2024,SD,WSH,1597.53,1575.08,22.45,0.5665
745400,2024,SD,WSH,1605.08,1567.54,37.54,0.5876
745808,2024,NYM,NYY,1611.59,1669.94,-58.34,0.4507
745973,2024,MIL,TEX,1630.28,1568.52,61.76,0.621
745975,2024,MIL,TEX,1636.76,1562.04,74.72,0.6384
746212,2024,LAA,OAK,1499.45,1406.01,93.44,0.6629
746213,2024,LAA,OAK,1510.21,1391.67,118.55,0.6944
746291,2024,KC,MIA,1556.87,1451.6,105.28,0.6779
746293,2024,KC,MIA,1564.79,1439.73,125.06,0.7023
746372,2024,HOU,COL,1649.87,1441.71,208.16,0.7919
746374,2024,HOU,COL,1654.09,1433.27,220.82,0.8037
746456,2024,DET,PHI,1565.07,1680.58,-115.51,0.3713
746695,2024,CIN,PIT,1577.82,1548.14,29.69,0.5767
746775,2024,CWS,LAD,1408.35,1661.23,-252.88,0.2112
746942,2024,BOS,TOR,1627.08,1553.77,73.31,0.6365
747019,2024,BAL,CLE,1667.28,1685.24,-17.96,0.5087
747188,2024,ARI,MIN,1567.7,1597.76,-30.06,0.4913
744919,2024,TOR,NYY,1567.43,1649.41,-81.98,0.4173
745162,2024,STL,CIN,1594.54,1561.51,33.03,0.5813
745324,2024,SF,CHC,1554.01,1494.3,59.72,0.6182
745325,2024,SF,CHC,1543.44,1510.16,33.27,0.5817
745565,2024,PHI,MIA,1689.67,1454.47,235.2,0.8164
746777,2024,CWS,LAD,1404.15,1663.33,-259.18,0.2052
746816,2024,CWS,ATL,1394.69,1621.78,-227.09,0.237
747020,2024,BAL,TEX,1675.85,1558.16,117.69,0.6933
747184,2024,ARI,MIN,1573.27,1592.19,-18.93,0.5073
747185,2024,ARI,MIN,1558.85,1606.61,-47.76,0.4659
744922,2024,TOR,NYY,1586.12,1630.72,-44.6,0.4704
745070,2024,TB,WSH,1559.17,1558.54,0.62,0.5354
745560,2024,PHI,MIA,1673.31,1479.0,194.3,0.7785
745804,2024,NYM,HOU,1632.12,1659.64,-27.52,0.4949
746210,2024,LAA,DET,1517.86,1555.99,-38.13,0.4797
746288,2024,KC,CLE,1557.42,1676.68,-119.26,0.3662
746776,2024,CWS,COL,1410.03,1422.16,-12.13,0.5171
746939,2024,BOS,SD,1613.42,1614.07,-0.65,0.5336
747017,2024,BAL,TEX,1686.58,1547.43,139.14,0.7189
747105,2024,ATL,PIT,1614.11,1572.6,41.51,0.5932
744921,2024,TOR,NYY,1567.79,1649.05,-81.26,0.4183
745071,2024,TB,WSH,1567.33,1550.38,16.95,0.5587
745159,2024,STL,CIN,1575.48,1580.57,-5.08,0.5272
745161,2024,STL,CIN,1560.41,1595.65,-35.24,0.4838
745238,2024,SEA,MIN,1592.91,1621.78,-28.87,0.493
745317,2024,SF,LAD,1550.29,1668.06,-117.77,0.3682
745319,2024,SF,LAD,1538.66,1679.69,-141.03,0.3377
745559,2024,PHI,MIA,1676.89,1473.64,203.25,0.7872
745801,2024,NYM,HOU,1646.42,1645.34,1.08,0.536
745970,2024,MIL,CHC,1640.64,1503.31,137.33,0.7168
745972,2024,MIL,CHC,1645.32,1496.28,149.04,0.7303
746214,2024,LAA,DET,1539.85,1541.33,-1.47,0.5324
746289,2024,KC,CLE,1564.09,1670.01,-105.92,0.3842
746292,2024,KC,CLE,1553.58,1680.52,-126.94,0.356
746778,2024,CWS,COL,1426.92,1405.28,21.64,0.5653
746940,2024,BOS,SD,1595.67,1631.82,-36.14,0.4825
747018,2024,BAL,TEX,1689.51,1543.04,146.47,0.7274
747104,2024,ATL,PIT,1625.56,1561.16,64.4,0.6245
747183,2024,ARI,OAK,1543.68,1381.47,162.21,0.745
747186,2024,ARI,OAK,1513.84,1421.25,92.59,0.6618
744916,2024,TOR,NYY,1585.26,1631.58,-46.33,0.4679
745072,2024,TB,WSH,1548.89,1568.82,-19.94,0.5058
745154,2024,STL,CIN,1566.04,1590.01,-23.97,0.5
745239,2024,SEA,MIN,1598.46,1616.23,-17.77,0.509
745243,2024,SEA,MIN,1585.46,1629.23,-43.77,0.4716
745320,2024,SF,LAD,1555.07,1668.75,-113.68,0.3737
745555,2024,PHI,MIA,1668.89,1485.62,183.27,0.7673
745802,2024,NYM,HOU,1634.54,1657.23,-22.69,0.5019
745971,2024,MIL,CHC,1633.3,1514.32,118.99,0.6949
746209,2024,LAA,DET,1555.4,1525.78,29.62,0.5766
746211,2024,LAA,DET,1549.09,1535.24,13.85,0.5543
746290,2024,KC,CLE,1573.83,1660.26,-86.43,0.4111
746779,2024,CWS,COL,1457.18,1375.01,82.17,0.6482
746938,2024,BOS,SD,1577.46,1650.03,-72.57,0.4306
747016,2024,BAL,TEX,1692.34,1538.78,153.56,0.7354
747101,2024,ATL,PIT,1629.6,1557.11,72.49,0.6354
747182,2024,ARI,OAK,1524.64,1406.85,117.79,0.6934
744840,2024,WSH,NYM,1554.78,1620.3,-65.51,0.4405
744914,2024,TOR,HOU,1570.01,1671.47,-101.46,0.3903
744838,2024,WSH,NYM,1547.26,1627.82,-80.55,0.4193
744913,2024,TOR,HOU,1563.45,1678.03,-114.58,0.3725
745482,2024,PIT,STL,1567.92,1574.73,-6.81,0.5247
745730,2024,NYY,CIN,1646.83,1581.32,65.51,0.626
745886,2024,MIN,DET,1637.36,1527.87,109.49,0.6832
746047,2024,MIA,BOS,1482.05,1589.69,-107.64,0.3819
746535,2024,COL,MIL,1388.87,1642.31,-253.44,0.2107
746623,2024,CLE,CWS,1645.67,1446.79,198.88,0.783
747102,2024,ATL,SF,1618.79,1573.61,45.18,0.5983
744837,2024,WSH,NYM,1529.87,1639.41,-109.54,0.3793
744915,2024,TOR,HOU,1570.06,1671.41,-101.35,0.3905
744999,2024,TEX,SD,1576.77,1637.8,-61.03,0.4469
745240,2024,SEA,BAL,1577.33,1667.02,-89.69,0.4066
745487,2024,PIT,STL,1556.32,1586.34,-30.02,0.4913
745647,2024,OAK,LAA,1391.86,1556.46,-164.6,0.308
745728,2024,NYY,CIN,1640.09,1588.06,52.03,0.6077
746045,2024,MIA,BOS,1466.39,1600.12,-133.73,0.3471
746133,2024,LAD,ARI,1650.21,1535.88,114.33,0.6892
746282,2024,KC,TB,1588.43,1569.94,18.48,0.5608
746537,2024,COL,MIL,1404.57,1634.46,-229.89,0.2341
746617,2024,CLE,CWS,1647.88,1442.37,205.51,0.7894
746860,2024,CHC,PHI,1500.8,1671.28,-170.48,0.3009
747100,2024,ATL,SF,1608.48,1583.92,24.57,0.5694
744834,2024,WSH,NYM,1545.46,1629.02,-83.56,0.4151
744912,2024,TOR,HOU,1557.64,1683.83,-126.19,0.357
744996,2024,TEX,SD,1594.68,1619.9,-25.22,0.4982
744998,2024,TEX,SD,1586.02,1628.56,-42.54,0.4733
745234,2024,SEA,BAL,1570.47,1673.88,-103.42,0.3877
745236,2024,SEA,BAL,1562.25,1682.1,-119.84,0.3655
745484,2024,PIT,STL,1561.89,1580.77,-18.89,0.5074
745641,2024,OAK,LAA,1414.5,1545.14,-130.65,0.3512
745643,2024,OAK,LAA,1449.61,1518.81,-69.19,0.4353
745726,2024,NYY,CIN,1633.5,1594.64,38.86,0.5895
745888,2024,MIN,DET,1642.66,1519.92,122.75,0.6995
745890,2024,MIN,DET,1620.62,1552.98,67.64,0.6289
746043,2024,MIA,BOS,1452.32,1609.51,-157.18,0.3172
746128,2024,LAD,ARI,1653.49,1530.97,122.52,0.6992
746283,2024,KC,TB,1574.1,1584.27,-10.16,0.5199
746534,2024,COL,MIL,1399.87,1636.81,-236.94,0.2269
746619,2024,CLE,CWS,1625.4,1487.33,138.08,0.7177
746857,2024,CHC,PHI,1493.44,1676.19,-182.75,0.2862
746858,2024,CHC,PHI,1528.19,1653.02,-124.83,0.3588
747103,2024,ATL,SF,1615.97,1576.43,39.54,0.5904
744836,2024,WSH,STL,1554.83,1586.35,-31.52,0.4892
745479,2024,PIT,NYM,1556.31,1622.77,-66.46,0.4392
745725,2024,NYY,BOS,1618.59,1612.79,5.8,0.5428
746046,2024,MIA,CWS,1447.4,1477.07,-29.67,0.4918
746126,2024,LAD,ARI,1630.2,1565.89,64.31,0.6244
746285,2024,KC,TB,1582.5,1575.87,6.64,0.544
746532,2024,COL,MIL,1390.78,1641.36,-250.58,0.2134
746620,2024,CLE,SF,1632.24,1586.63,45.61,0.5989
746693,2024,CIN,DET,1609.56,1539.72,69.85,0.6319
746859,2024,CHC,LAA,1519.24,1495.27,23.97,0.5686
747097,2024,ATL,PHI,1605.77,1658.99,-53.21,0.4581
744835,2024,WSH,STL,1549.48,1591.7,-42.22,0.4738
744992,2024,TEX,TB,1577.85,1585.4,-7.54,0.5237
744995,2024,TEX,TB,1588.38,1574.87,13.51,0.5538
745235,2024,SEA,TOR,1577.75,1551.71,26.04,0.5715
745237,2024,SEA,TOR,1571.48,1557.97,13.51,0.5538
745398,2024,SD,ARI,1636.72,1584.78,51.94,0.6076
745476,2024,PIT,NYM,1578.65,1600.43,-21.78,0.5032
745639,2024,OAK,BAL,1481.0,1666.6,-185.6,0.2829
745642,2024,OAK,BAL,1476.66,1669.49,-192.83,0.2745
745724,2024,NYY,BOS,1609.07,1622.3,-13.23,0.5155
745884,2024,MIN,HOU,1633.89,1689.77,-55.88,0.4542
745885,2024,MIN,HOU,1628.97,1694.68,-65.71,0.4403
746044,2024,MIA,CWS,1436.63,1485.14,-48.51,0.4648
746127,2024,LAD,MIL,1611.31,1633.53,-22.21,0.5026
746129,2024,LAD,MIL,1622.24,1622.6,-0.37,0.534
746533,2024,COL,KC,1406.44,1572.97,-166.53,0.3057
746615,2024,CLE,SF,1621.93,1596.94,24.99,0.57
746694,2024,CIN,DET,1602.77,1549.9,52.87,0.6088
746856,2024,CHC,LAA,1535.72,1478.78,56.94,0.6144
747099,2024,ATL,PHI,1597.91,1666.85,-68.93,0.4357
744832,2024,WSH,STL,1576.71,1573.55,3.16,0.539
744993,2024,TEX,TB,1593.3,1569.95,23.35,0.5677
745233,2024,SEA,TOR,1576.4,1553.05,23.35,0.5677
745391,2024,SD,ARI,1643.46,1578.04,65.42,0.6259
745395,2024,SD,ARI,1622.09,1599.41,22.68,0.5668
745477,2024,PIT,NYM,1567.59,1611.48,-43.89,0.4714
745637,2024,OAK,BAL,1516.44,1642.97,-126.53,0.3566
745723,2024,NYY,BOS,1627.55,1603.83,23.72,0.5682
745883,2024,MIN,HOU,1645.9,1677.76,-31.86,0.4887
746039,2024,MIA,CWS,1448.25,1476.43,-28.18,0.494
746122,2024,LAD,MIL,1630.43,1614.41,16.01,0.5573
746529,2024,COL,KC,1429.14,1561.63,-132.49,0.3488
746530,2024,COL,KC,1450.73,1550.83,-100.1,0.3922
746616,2024,CLE,SF,1626.65,1592.23,34.42,0.5833
746691,2024,CIN,DET,1592.32,1565.58,26.74,0.5725
746855,2024,CHC,LAA,1505.83,1508.67,-2.84,0.5304
747098,2024,ATL,PHI,1612.0,1652.76,-40.75,0.4759
744833,2024,WSH,STL,1561.28,1588.98,-27.7,0.4947
745480,2024,PIT,NYM,1562.47,1616.61,-54.14,0.4567
746455,2024,DET,CLE,1580.15,1631.2,-51.05,0.4612
746692,2024,CIN,COL,1577.75,1430.0,147.75,0.7288
745074,2024,TB,NYY,1552.94,1615.08,-62.14,0.4453
745155,2024,STL,KC,1604.19,1564.65,39.54,0.5904
745557,2024,PHI,LAD,1636.74,1612.02,24.72,0.5697
745803,2024,NYM,WSH,1600.1,1546.07,54.03,0.6104
746208,2024,LAA,TEX,1488.5,1610.31,-121.8,0.3629
746451,2024,DET,CLE,1585.99,1625.35,-39.37,0.4779
746690,2024,CIN,COL,1585.66,1414.18,171.49,0.755
746771,2024,CWS,MIN,1459.8,1651.48,-191.68,0.2758
746937,2024,BOS,OAK,1616.3,1505.22,111.07,0.6851
747014,2024,BAL,CHC,1650.45,1526.0,124.46,0.7015
747181,2024,ARI,ATL,1609.27,1628.02,-18.75,0.5076
745069,2024,TB,NYY,1562.43,1605.6,-43.17,0.4724
745155,2024,STL,KC,1603.2,1565.63,37.57,0.5877
745156,2024,STL,KC,1593.05,1575.79,17.26,0.5591
745316,2024,SF,TOR,1587.68,1559.28,28.39,0.5748
745393,2024,SD,SEA,1612.23,1570.17,42.05,0.5939
745394,2024,SD,SEA,1595.52,1586.88,8.64,0.5468
745556,2024,PHI,LAD,1652.41,1596.34,56.08,0.6132
745796,2024,NYM,WSH,1606.78,1536.04,70.74,0.6331
745968,2024,MIL,PIT,1632.82,1578.98,53.84,0.6102
746206,2024,LAA,TEX,1473.72,1620.16,-146.45,0.3307
746368,2024,HOU,MIA,1672.17,1470.41,201.76,0.7858
746453,2024,DET,CLE,1580.78,1630.56,-49.78,0.463
746689,2024,CIN,COL,1592.74,1400.02,192.72,0.7769
746772,2024,CWS,MIN,1453.11,1655.94,-202.83,0.2632
746773,2024,CWS,MIN,1470.9,1644.09,-173.18,0.2976
746773,2024,CWS,MIN,1474.02,1642.01,-167.98,0.3039
746934,2024,BOS,OAK,1622.94,1495.25,127.69,0.7054
747015,2024,BAL,CHC,1628.36,1559.13,69.23,0.631
747180,2024,ARI,ATL,1603.69,1633.6,-29.92,0.4915
745065,2024,TB,NYY,1557.29,1610.74,-53.45,0.4577
745313,2024,SF,TOR,1592.33,1554.63,37.7,0.5879
745318,2024,SF,TOR,1582.17,1564.79,17.38,0.5593
745558,2024,PHI,LAD,1656.6,1592.16,64.44,0.6246
745799,2024,NYM,WSH,1615.94,1522.31,93.63,0.6631
745967,2024,MIL,PIT,1609.97,1601.83,8.14,0.5461
745969,2024,MIL,PIT,1603.94,1607.86,-3.93,0.5289
746205,2024,LAA,TEX,1468.56,1623.6,-155.04,0.3199
746366,2024,HOU,MIA,1674.35,1467.15,207.2,0.791
746452,2024,DET,CLE,1586.6,1624.74,-38.13,0.4797
746688,2024,CIN,COL,1584.82,1415.87,168.95,0.7523
746935,2024,BOS,OAK,1608.16,1517.44,90.72,0.6593
747011,2024,BAL,CHC,1612.61,1574.89,37.72,0.5879
747179,2024,ARI,ATL,1591.2,1646.09,-54.89,0.4557
745064,2024,TB,CLE,1563.16,1605.89,-42.74,0.4731
745552,2024,PHI,OAK,1665.99,1501.11,164.88,0.7479
745800,2024,NYM,COL,1626.69,1400.56,226.13,0.8084
746204,2024,LAA,SEA,1495.88,1596.45,-100.57,0.3916
746367,2024,HOU,MIA,1681.06,1457.07,223.99,0.8065
746450,2024,DET,LAD,1605.45,1582.76,22.68,0.5668
746685,2024,CIN,MIA,1592.47,1451.23,141.24,0.7214
746936,2024,BOS,KC,1619.04,1588.1,30.95,0.5784
747012,2024,BAL,NYY,1592.29,1604.87,-12.58,0.5164
747178,2024,ARI,ATL,1600.54,1636.76,-36.22,0.4824
745067,2024,TB,CLE,1572.25,1596.81,-24.56,0.4992
745152,2024,STL,CHC,1580.74,1595.21,-14.47,0.5137
745153,2024,STL,CHC,1597.73,1578.22,19.5,0.5623
745311,2024,SF,MIN,1567.88,1645.14,-77.25,0.424
745312,2024,SF,MIN,1560.68,1652.34,-91.65,0.4039
745390,2024,SD,ATL,1585.94,1631.11,-45.16,0.4696
745392,2024,SD,ATL,1572.75,1644.3,-71.55,0.432
745549,2024,PHI,OAK,1648.07,1527.98,120.09,0.6962
745798,2024,NYM,COL,1628.62,1396.7,231.91,0.8135
745963,2024,MIL,WSH,1621.26,1506.18,115.08,0.6901
745965,2024,MIL,WSH,1613.99,1517.09,96.9,0.6673
746207,2024,LAA,SEA,1473.55,1611.34,-137.79,0.3419
746369,2024,HOU,TEX,1684.96,1605.39,79.57,0.6448
746371,2024,HOU,TEX,1678.06,1612.29,65.76,0.6264
746447,2024,DET,LAD,1599.22,1588.99,10.24,0.5491
746687,2024,CIN,MIA,1598.28,1442.52,155.76,0.7378
746766,2024,CWS,PIT,1469.33,1590.54,-121.21,0.3636
746774,2024,CWS,PIT,1456.01,1599.41,-143.4,0.3346
746930,2024,BOS,KC,1602.69,1604.45,-1.76,0.532
747013,2024,BAL,NYY,1580.9,1616.26,-35.36,0.4837
747175,2024,ARI,TOR,1606.19,1579.08,27.11,0.573
745066,2024,TB,CLE,1563.57,1605.49,-41.92,0.4742
745151,2024,STL,CHC,1583.37,1592.57,-9.2,0.5213
745175,2024,STL,CHC,1568.49,1607.46,-38.97,0.4785
745314,2024,SF,MIN,1578.5,1634.52,-56.02,0.4541
745385,2024,SD,ATL,1586.92,1630.13,-43.21,0.4724
745551,2024,PHI,OAK,1657.04,1514.53,142.51,0.7228
745797,2024,NYM,COL,1632.96,1388.02,244.94,0.8246
745962,2024,MIL,WSH,1599.81,1538.36,61.46,0.6206
746201,2024,LAA,SEA,1483.85,1604.47,-120.62,0.3644
746202,2024,LAA,SEA,1493.88,1597.79,-103.91,0.387
746370,2024,HOU,TEX,1686.1,1604.24,81.86,0.6478
746449,2024,DET,LAD,1607.11,1581.1,26.02,0.5715
746686,2024,CIN,MIA,1604.59,1429.91,174.67,0.7584
746769,2024,CWS,PIT,1445.56,1606.38,-160.82,0.3127
746932,2024,BOS,KC,1616.1,1591.04,25.06,0.5701
747009,2024,BAL,NYY,1567.25,1629.9,-62.65,0.4446
747176,2024,ARI,TOR,1610.86,1574.4,36.46,0.5861
747177,2024,ARI,TOR,1604.47,1580.79,23.67,0.5682
744829,2024,WSH,CIN,1521.12,1596.79,-75.68,0.4262
744911,2024,TOR,DET,1563.81,1611.81,-48.0,0.4655
745481,2024,PIT,PHI,1614.73,1626.93,-12.19,0.517
745721,2024,NYY,TB,1623.91,1572.64,51.28,0.6067
746040,2024,MIA,NYM,1445.49,1616.5,-171.01,0.3002
746618,2024,CLE,SD,1596.42,1576.64,19.77,0.5627
746854,2024,CHC,ARI,1601.77,1621.45,-19.68,0.5062
747093,2024,ATL,STL,1640.41,1574.17,66.24,0.627
744830,2024,WSH,CIN,1539.58,1584.49,-44.91,0.4699
744910,2024,TOR,DET,1558.76,1616.86,-58.11,0.4511
744990,2024,TEX,BAL,1615.22,1573.24,41.98,0.5938
744994,2024,TEX,BAL,1594.74,1593.73,1.01,0.5359
745228,2024,SEA,HOU,1591.3,1675.12,-83.83,0.4147
745478,2024,PIT,PHI,1620.06,1621.6,-1.54,0.5323
745638,2024,OAK,LAA,1559.7,1503.62,56.09,0.6133
745640,2024,OAK,LAA,1571.44,1486.0,85.44,0.6525
745720,2024,NYY,TB,1634.93,1561.62,73.31,0.6365
745880,2024,MIN,MIL,1628.61,1611.31,17.31,0.5592
746041,2024,MIA,NYM,1468.32,1605.09,-136.77,0.3432
746121,2024,LAD,BOS,1576.4,1620.81,-44.41,0.4707
746123,2024,LAD,BOS,1582.15,1615.06,-32.9,0.4872
746284,2024,KC,CWS,1586.33,1428.85,157.47,0.7397
746286,2024,KC,CWS,1593.89,1413.73,180.16,0.7641
746531,2024,COL,SF,1420.93,1584.41,-163.47,0.3094
746613,2024,CLE,SD,1610.84,1562.22,48.62,0.603
746852,2024,CHC,ARI,1590.64,1632.58,-41.94,0.4742
747093,2024,ATL,STL,1639.04,1575.54,63.5,0.6233
747096,2024,ATL,STL,1643.1,1571.48,71.62,0.6342
744831,2024,WSH,CIN,1548.22,1578.73,-30.51,0.4906
744909,2024,TOR,DET,1547.44,1628.18,-80.74,0.4191
744991,2024,TEX,BAL,1580.94,1607.52,-26.58,0.4963
745229,2024,SEA,HOU,1582.44,1683.99,-101.55,0.3902
745230,2024,SEA,HOU,1575.88,1690.54,-114.66,0.3724
745470,2024,PIT,PHI,1630.43,1611.23,19.2,0.5618
745633,2024,OAK,LAA,1584.28,1466.75,117.53,0.6931
745722,2024,NYY,TB,1613.28,1583.27,30.01,0.5771
745882,2024,MIN,MIL,1614.33,1625.59,-11.27,0.5183
746042,2024,MIA,NYM,1462.95,1608.67,-145.72,0.3317
746125,2024,LAD,BOS,1593.36,1603.85,-10.49,0.5194
746287,2024,KC,CWS,1600.14,1401.23,198.91,0.783
746527,2024,COL,SF,1454.04,1567.85,-113.81,0.3736
746528,2024,COL,SF,1463.95,1561.25,-97.3,0.3961
746610,2024,CLE,SD,1591.21,1581.85,9.36,0.5479
746853,2024,CHC,ARI,1580.32,1642.9,-62.58,0.4447
747094,2024,ATL,STL,1627.29,1587.3,39.99,0.5911
745473,2024,PIT,STL,1613.09,1602.25,10.84,0.55
745717,2024,NYY,TB,1603.27,1593.28,9.99,0.5488
745881,2024,MIN,PHI,1608.61,1628.57,-19.97,0.5058
746034,2024,MIA,NYM,1479.47,1597.65,-118.18,0.3677
746612,2024,CLE,DET,1585.16,1621.96,-36.81,0.4816
747095,2024,ATL,CIN,1612.34,1567.58,44.75,0.5977
744828,2024,WSH,SD,1564.93,1587.9,-22.97,0.5015
744904,2024,TOR,TB,1556.76,1577.49,-20.73,0.5047
744988,2024,TEX,CWS,1586.46,1392.4,194.06,0.7782
745232,2024,SEA,LAA,1586.37,1488.64,97.72,0.6683
745475,2024,PIT,STL,1618.05,1597.28,20.77,0.5641
745635,2024,OAK,HOU,1569.68,1680.06,-110.37,0.3782
745715,2024,NYY,NYM,1619.06,1603.79,15.27,0.5563
745878,2024,MIN,PHI,1622.65,1614.53,8.11,0.5461
746036,2024,MIA,BAL,1470.27,1602.0,-131.73,0.3498
746124,2024,LAD,SF,1603.97,1565.45,38.52,0.589
746280,2024,KC,ARI,1604.55,1636.92,-32.36,0.488
746526,2024,COL,BOS,1457.64,1593.24,-135.6,0.3447
746614,2024,CLE,DET,1570.41,1636.71,-66.3,0.4394
746850,2024,CHC,MIL,1586.31,1631.31,-45.0,0.4698
747090,2024,ATL,CIN,1599.34,1580.58,18.77,0.5612
744824,2024,WSH,SD,1552.15,1600.68,-48.53,0.4648
744905,2024,TOR,TB,1547.97,1586.28,-38.3,0.4794
744985,2024,TEX,CWS,1588.72,1387.88,200.84,0.7849
745227,2024,SEA,LAA,1575.12,1505.52,69.6,0.6315
745231,2024,SEA,LAA,1559.35,1529.16,30.19,0.5774
745472,2024,PIT,STL,1611.86,1603.48,8.38,0.5465
745632,2024,OAK,HOU,1584.93,1664.81,-79.88,0.4203
745634,2024,OAK,HOU,1602.35,1647.39,-45.04,0.4698
745716,2024,NYY,NYM,1612.93,1609.91,3.02,0.5388
745877,2024,MIN,PHI,1610.58,1626.6,-16.02,0.5115
746035,2024,MIA,BAL,1490.69,1588.39,-97.71,0.3955
746118,2024,LAD,SF,1608.45,1560.97,47.48,0.6014
746281,2024,KC,ARI,1620.26,1621.21,-0.94,0.5331
746524,2024,COL,BOS,1467.91,1586.39,-118.49,0.3673
746525,2024,COL,BOS,1451.63,1597.25,-145.61,0.3318
746611,2024,CLE,DET,1576.45,1630.68,-54.23,0.4566
746848,2024,CHC,MIL,1595.44,1622.18,-26.73,0.4961
746851,2024,CHC,MIL,1590.01,1627.61,-37.61,0.4804
747090,2024,ATL,CIN,1598.67,1581.25,17.42,0.5593
747091,2024,ATL,CIN,1598.02,1581.9,16.11,0.5575
744827,2024,WSH,SD,1535.4,1617.43,-82.04,0.4172
744907,2024,TOR,TB,1565.0,1574.93,-9.93,0.5202
744984,2024,TEX,CWS,1590.91,1383.51,207.4,0.7912
744989,2024,TEX,CWS,1593.03,1379.27,213.75,0.7972
745794,2024,NYM,ATL,1629.74,1582.15,47.58,0.6016
746037,2024,MIA,BAL,1509.94,1575.56,-65.61,0.4404
746117,2024,LAD,SF,1617.1,1552.32,64.78,0.6251
746119,2024,LAD,SF,1623.51,1545.92,77.59,0.6422
746279,2024,KC,ARI,1606.54,1634.93,-28.39,0.4937
746609,2024,CLE,DET,1582.33,1624.8,-42.47,0.4734
744906,2024,TOR,TEX,1543.13,1599.52,-56.4,0.4535
745068,2024,TB,CIN,1596.8,1597.77,-0.97,0.5331
745554,2024,PHI,CLE,1621.22,1572.03,49.2,0.6038
745792,2024,NYM,ATL,1634.06,1577.83,56.23,0.6135
746199,2024,LAA,OAK,1538.64,1587.03,-48.4,0.4649
746448,2024,DET,MIN,1635.1,1615.96,19.14,0.5618
746933,2024,BOS,NYY,1570.78,1593.11,-22.33,0.5024
747010,2024,BAL,SD,1580.3,1626.36,-46.06,0.4683
744908,2024,TOR,TEX,1551.99,1593.62,-41.62,0.4747
745059,2024,TB,CIN,1590.89,1603.68,-12.79,0.5161
745146,2024,STL,WSH,1590.53,1522.02,68.51,0.6301
745150,2024,STL,WSH,1579.78,1538.13,41.66,0.5934
745307,2024,SF,COL,1572.59,1491.33,81.27,0.647
745310,2024,SF,COL,1580.14,1480.0,100.14,0.6714
745315,2024,SF,COL,1589.15,1466.49,122.67,0.6994
745553,2024,PHI,CLE,1610.84,1582.41,28.43,0.5749
745793,2024,NYM,ATL,1643.77,1568.12,75.65,0.6396
745964,2024,MIL,MIA,1632.85,1502.83,130.02,0.7082
745966,2024,MIL,MIA,1615.63,1528.66,86.98,0.6545
746200,2024,LAA,OAK,1531.07,1592.08,-61.01,0.4469
746277,2024,KC,CHC,1597.97,1584.77,13.2,0.5533
746278,2024,KC,CHC,1611.8,1570.95,40.85,0.5923
746361,2024,HOU,LAD,1662.71,1605.72,56.99,0.6145
746362,2024,HOU,LAD,1673.48,1594.95,78.53,0.6434
746446,2024,DET,MIN,1617.76,1633.3,-15.54,0.5122
746767,2024,CWS,SEA,1366.27,1553.04,-186.76,0.2815
746768,2024,CWS,SEA,1346.36,1562.99,-216.63,0.2481
746931,2024,BOS,NYY,1579.44,1584.45,-5.01,0.5273
747006,2024,BAL,SD,1572.24,1634.42,-62.18,0.4453
747174,2024,ARI,PIT,1643.5,1624.81,18.69,0.5611
744902,2024,TOR,TEX,1565.27,1580.34,-15.07,0.5128
745063,2024,TB,CIN,1603.27,1591.29,11.98,0.5516
745145,2024,STL,WSH,1556.63,1572.86,-16.23,0.5112
745305,2024,SF,COL,1598.63,1452.28,146.35,0.7272
745550,2024,PHI,CLE,1625.6,1567.65,57.94,0.6158
745795,2024,NYM,ATL,1627.84,1584.04,43.8,0.5964
745961,2024,MIL,MIA,1599.42,1552.98,46.44,0.6
746195,2024,LAA,OAK,1523.83,1596.9,-73.07,0.4299
746203,2024,LAA,OAK,1538.38,1587.2,-48.82,0.4643
746274,2024,KC,CHC,1595.13,1587.62,7.51,0.5452
746364,2024,HOU,LAD,1677.3,1591.13,86.17,0.6534
746445,2024,DET,MIN,1631.65,1619.41,12.23,0.552
746770,2024,CWS,SEA,1336.34,1568.0,-231.66,0.2323
746929,2024,BOS,NYY,1567.77,1596.12,-28.35,0.4937
747008,2024,BAL,SD,1559.82,1646.83,-87.01,0.4103
747171,2024,ARI,PIT,1648.32,1619.98,28.34,0.5748
747173,2024,ARI,PIT,1659.13,1609.17,49.96,0.6049
745147,2024,STL,TEX,1562.01,1567.88,-5.87,0.5261
745547,2024,PHI,NYY,1618.94,1611.3,7.64,0.5454
745791,2024,NYM,MIN,1608.39,1635.15,-26.76,0.496
746444,2024,DET,CLE,1615.91,1574.31,41.6,0.5933
746684,2024,CIN,CHC,1586.34,1601.61,-15.26,0.5126
746928,2024,BOS,SEA,1552.59,1572.66,-20.07,0.5057
747007,2024,BAL,TOR,1569.79,1577.73,-7.94,0.5231
747039,2024,BAL,TOR,1584.59,1562.93,21.65,0.5653
745060,2024,TB,MIA,1608.22,1542.89,65.33,0.6258
745149,2024,STL,TEX,1550.38,1579.52,-29.14,0.4926
745546,2024,PHI,NYY,1598.09,1632.15,-34.06,0.4855
745787,2024,NYM,MIN,1629.42,1614.12,15.29,0.5563
745959,2024,MIL,ATL,1609.51,1603.5,6.01,0.5431
746360,2024,HOU,PIT,1661.11,1615.73,45.38,0.5985
746441,2024,DET,CLE,1600.91,1589.3,11.61,0.5511
746683,2024,CIN,CHC,1601.42,1586.54,14.88,0.5557
746765,2024,CWS,KC,1327.02,1581.14,-254.12,0.21
746926,2024,BOS,SEA,1568.89,1556.37,12.53,0.5524
747005,2024,BAL,TOR,1570.17,1577.35,-7.18,0.5242
747172,2024,ARI,WSH,1652.57,1567.48,85.1,0.652
745061,2024,TB,MIA,1619.54,1525.92,93.62,0.6631
745148,2024,STL,TEX,1567.04,1562.86,4.18,0.5405
745309,2024,SF,OAK,1601.46,1595.19,6.28,0.5435
745389,2024,SD,LAD,1636.86,1607.32,29.54,0.5764
745543,2024,PHI,NYY,1592.79,1637.45,-44.67,0.4703
745789,2024,NYM,MIN,1637.16,1606.38,30.78,0.5782
745958,2024,MIL,ATL,1622.57,1590.44,32.14,0.5801
745960,2024,MIL,ATL,1607.85,1605.16,2.69,0.5383
746197,2024,LAA,COL,1526.41,1448.02,78.38,0.6432
746365,2024,HOU,PIT,1650.8,1626.04,24.76,0.5697
746678,2024,CIN,CHC,1611.2,1576.75,34.46,0.5833
746763,2024,CWS,KC,1318.67,1585.31,-266.64,0.1983
746764,2024,CWS,KC,1314.74,1587.27,-272.53,0.193
746925,2024,BOS,SEA,1554.75,1570.51,-15.76,0.5119
747003,2024,BAL,TOR,1582.38,1565.14,17.25,0.5591
747167,2024,ARI,WSH,1656.29,1563.76,92.53,0.6617
747170,2024,ARI,WSH,1671.3,1548.75,122.56,0.6992
745306,2024,SF,OAK,1589.44,1607.21,-17.76,0.509
745386,2024,SD,LAD,1641.5,1602.69,38.81,0.5894
746198,2024,LAA,COL,1537.87,1432.74,105.13,0.6777
746363,2024,HOU,PIT,1636.29,1640.55,-4.25,0.5284
746442,2024,DET,KC,1585.2,1592.99,-7.79,0.5233
746607,2024,CLE,BAL,1605.02,1596.0,9.01,0.5474
747092,2024,ATL,MIA,1619.0,1550.48,68.52,0.6301
744825,2024,WSH,MIL,1544.01,1594.0,-50.0,0.4627
745471,2024,PIT,ARI,1635.33,1674.46,-39.14,0.4782
745719,2024,NYY,TOR,1642.57,1551.52,91.05,0.6598
746196,2024,LAA,COL,1527.11,1447.08,80.02,0.6454
746443,2024,DET,KC,1568.96,1609.22,-40.26,0.4766
746605,2024,CLE,BAL,1620.02,1581.01,39.01,0.5897
746679,2024,CIN,SF,1590.04,1594.84,-4.8,0.5276
746845,2024,CHC,STL,1597.91,1583.93,13.97,0.5544
746849,2024,CHC,STL,1607.73,1574.11,33.62,0.5822
747089,2024,ATL,MIA,1625.31,1544.18,81.13,0.6468
744823,2024,WSH,MIL,1524.55,1606.97,-82.42,0.4167
744986,2024,TEX,BOS,1545.96,1560.12,-14.17,0.5141
744987,2024,TEX,BOS,1523.99,1574.77,-50.78,0.4615
745224,2024,SEA,PHI,1565.13,1587.67,-22.54,0.5021
745387,2024,SD,COL,1654.92,1460.9,194.02,0.7782
745474,2024,PIT,ARI,1630.11,1679.67,-49.56,0.4633
745631,2024,OAK,LAD,1601.8,1589.27,12.54,0.5524
745714,2024,NYY,TOR,1628.51,1565.57,62.94,0.6226
745875,2024,MIN,CWS,1622.72,1303.32,319.41,0.8783
745876,2024,MIN,CWS,1626.46,1295.85,330.61,0.8851
746193,2024,LAA,NYM,1516.75,1620.81,-104.07,0.3868
746354,2024,HOU,TB,1641.51,1603.16,38.35,0.5888
746358,2024,HOU,TB,1645.99,1598.67,47.32,0.6012
746440,2024,DET,KC,1553.39,1624.8,-71.41,0.4322
746608,2024,CLE,BAL,1630.4,1570.63,59.77,0.6183
746681,2024,CIN,SF,1578.37,1606.52,-28.15,0.494
746846,2024,CHC,STL,1612.29,1569.55,42.74,0.5949
747087,2024,ATL,MIA,1631.3,1535.2,96.1,0.6663
744826,2024,WSH,MIL,1539.38,1597.09,-57.71,0.4516
744979,2024,TEX,BOS,1541.5,1563.1,-21.59,0.5035
745222,2024,SEA,PHI,1582.46,1570.35,12.11,0.5518
745225,2024,SEA,PHI,1565.37,1587.43,-22.06,0.5028
745384,2024,SD,COL,1639.06,1484.69,154.37,0.7363
745388,2024,SD,COL,1647.72,1471.7,176.03,0.7598
745468,2024,PIT,ARI,1639.34,1670.45,-31.11,0.4898
745627,2024,OAK,LAD,1606.74,1584.33,22.41,0.5664
745636,2024,OAK,LAD,1600.52,1590.55,9.97,0.5487
745718,2024,NYY,TOR,1639.03,1555.05,83.98,0.6506
745879,2024,MIN,CWS,1629.03,1290.7,338.33,0.8895
746191,2024,LAA,NYM,1502.48,1630.32,-127.84,0.3549
746194,2024,LAA,NYM,1512.63,1623.56,-110.94,0.3774
746356,2024,HOU,TB,1629.12,1615.55,13.57,0.5539
746439,2024,DET,KC,1559.49,1618.7,-59.21,0.4495
746606,2024,CLE,BAL,1617.05,1583.98,33.07,0.5814
746680,2024,CIN,SF,1587.15,1597.74,-10.59,0.5193
746844,2024,CHC,STL,1605.82,1576.02,29.8,0.5768
747088,2024,ATL,MIA,1624.22,1545.82,78.4,0.6432
744821,2024,WSH,SF,1548.27,1613.83,-65.56,0.4405
745184,2024,STL,NYM,1565.27,1616.99,-51.72,0.4602
746038,2024,MIA,CIN,1576.82,1571.06,5.76,0.5427
746600,2024,CLE,ARI,1602.3,1675.8,-73.51,0.4292
744817,2024,WSH,SF,1534.04,1623.32,-89.28,0.4071
744901,2024,TOR,BAL,1551.32,1598.73,-47.41,0.4664
744982,2024,TEX,HOU,1520.06,1623.02,-102.95,0.3883
745141,2024,STL,TB,1551.27,1621.65,-70.38,0.4336
745467,2024,PIT,SD,1633.98,1650.19,-16.2,0.5112
745628,2024,OAK,CWS,1579.56,1284.74,294.82,0.8624
745713,2024,NYY,LAA,1642.77,1522.49,120.28,0.6965
746033,2024,MIA,CIN,1558.81,1589.07,-30.26,0.491
746116,2024,LAD,PHI,1611.51,1581.97,29.53,0.5764
746276,2024,KC,BOS,1623.55,1577.39,46.16,0.5996
746602,2024,CLE,ARI,1597.69,1680.41,-82.72,0.4163
746847,2024,CHC,MIN,1616.57,1632.01,-15.44,0.5123
747086,2024,ATL,MIL,1603.55,1591.16,12.39,0.5522
744822,2024,WSH,SF,1560.64,1605.58,-44.94,0.4699
744903,2024,TOR,BAL,1562.9,1587.14,-24.24,0.4997
744981,2024,TEX,HOU,1529.78,1616.54,-86.75,0.4107
744983,2024,TEX,HOU,1519.37,1623.48,-104.11,0.3867
745142,2024,STL,TB,1557.36,1615.57,-58.21,0.4509
745221,2024,SEA,DET,1570.83,1554.64,16.2,0.5576
745469,2024,PIT,SD,1618.18,1665.99,-47.81,0.4658
745629,2024,OAK,CWS,1582.69,1278.49,304.2,0.8687
745630,2024,OAK,CWS,1563.04,1317.79,245.24,0.8249
745709,2024,NYY,LAA,1640.7,1525.58,115.11,0.6901
745713,2024,NYY,LAA,1647.23,1515.79,131.44,0.7099
746031,2024,MIA,CIN,1543.73,1604.15,-60.42,0.4478
746120,2024,LAD,PHI,1618.85,1574.63,44.23,0.5969
746273,2024,KC,BOS,1608.43,1592.51,15.92,0.5572
746519,2024,COL,NYM,1468.0,1630.99,-162.99,0.31
746602,2024,CLE,ARI,1598.58,1679.52,-80.93,0.4188
746604,2024,CLE,ARI,1591.48,1686.62,-95.13,0.399
746840,2024,CHC,MIN,1605.29,1643.3,-38.01,0.4798
746842,2024,CHC,MIN,1618.46,1630.13,-11.68,0.5177
747085,2024,ATL,MIL,1582.49,1612.23,-29.74,0.4917
744819,2024,WSH,SF,1550.43,1615.79,-65.36,0.4408
744899,2024,TOR,BAL,1550.18,1599.87,-49.69,0.4631
745143,2024,STL,TB,1569.22,1603.7,-34.48,0.4849
745223,2024,SEA,DET,1561.1,1564.37,-3.26,0.5298
745466,2024,PIT,SD,1613.13,1671.05,-57.92,0.4513
745710,2024,NYY,LAA,1626.37,1547.07,79.3,0.6444
746030,2024,MIA,CIN,1557.9,1594.7,-36.8,0.4816
746115,2024,LAD,PHI,1603.78,1589.7,14.09,0.5546
746272,2024,KC,BOS,1602.29,1598.65,3.65,0.5397
746521,2024,COL,NYM,1489.37,1616.74,-127.37,0.3555
746522,2024,COL,NYM,1480.51,1622.64,-142.14,0.3363
747081,2024,ATL,MIL,1571.72,1622.99,-51.27,0.4608
744818,2024,WSH,LAA,1539.41,1573.82,-34.41,0.485
744900,2024,TOR,OAK,1556.0,1564.78,-8.78,0.5219
745062,2024,TB,BAL,1612.09,1594.04,18.05,0.5602
745226,2024,SEA,DET,1547.48,1577.99,-30.51,0.4906
745708,2024,NYY,TEX,1608.54,1509.63,98.91,0.6699
745927,2024,MIN,CLE,1615.2,1581.63,33.56,0.5821
746032,2024,MIA,SD,1543.15,1675.92,-132.77,0.3484
746927,2024,BOS,HOU,1586.81,1629.97,-43.16,0.4725
747169,2024,ARI,PHI,1696.47,1605.49,90.97,0.6597
744820,2024,WSH,LAA,1547.84,1568.2,-20.35,0.5052
744897,2024,TOR,OAK,1564.37,1556.41,7.96,0.5459
745056,2024,TB,BAL,1599.77,1606.37,-6.6,0.525
745220,2024,SEA,NYM,1555.84,1633.75,-77.91,0.423
745304,2024,SF,DET,1626.82,1572.42,54.4,0.6109
745308,2024,SF,DET,1633.49,1565.74,67.75,0.629
745708,2024,NYY,TEX,1606.74,1512.33,94.41,0.6641
745712,2024,NYY,TEX,1588.48,1539.72,48.77,0.6032
745871,2024,MIN,CLE,1622.43,1574.4,48.03,0.6022
745873,2024,MIN,CLE,1631.07,1565.76,65.3,0.6258
745955,2024,MIL,CIN,1639.58,1609.45,30.14,0.5773
745957,2024,MIL,CIN,1644.21,1604.82,39.38,0.5902
746026,2024,MIA,SD,1530.46,1684.38,-153.92,0.3213
746113,2024,LAD,PIT,1587.99,1608.25,-20.27,0.5054
746269,2024,KC,STL,1614.13,1560.83,53.3,0.6094
746275,2024,KC,STL,1625.06,1549.9,75.16,0.639
746523,2024,COL,ATL,1463.85,1555.13,-91.28,0.4044
746760,2024,CWS,CHC,1314.3,1633.39,-319.09,0.1546
746761,2024,CWS,CHC,1311.3,1634.89,-323.59,0.1513
746922,2024,BOS,HOU,1574.88,1641.9,-67.02,0.4384
747168,2024,ARI,PHI,1685.33,1616.63,68.7,0.6303
744816,2024,WSH,LAA,1556.0,1562.76,-6.76,0.5248
744895,2024,TOR,OAK,1558.34,1562.45,-4.11,0.5286
745057,2024,TB,BAL,1590.57,1615.57,-25.0,0.4986
745216,2024,SEA,NYM,1573.19,1616.4,-43.21,0.4724
745219,2024,SEA,NYM,1593.76,1595.83,-2.06,0.5315
745303,2024,SF,DET,1637.48,1561.75,75.73,0.6397
745711,2024,NYY,TEX,1602.13,1519.25,82.88,0.6491
745872,2024,MIN,CLE,1624.33,1572.5,51.82,0.6074
745956,2024,MIL,CIN,1655.75,1593.28,62.47,0.6219
746025,2024,MIA,SD,1525.46,1687.71,-162.25,0.3109
746112,2024,LAD,PIT,1600.61,1595.63,4.98,0.5416
746114,2024,LAD,PIT,1610.75,1585.49,25.26,0.5704
746517,2024,COL,ATL,1473.37,1548.79,-75.42,0.4265
746520,2024,COL,ATL,1482.59,1539.57,-56.98,0.4527
746923,2024,BOS,HOU,1570.16,1646.62,-76.46,0.4251
747164,2024,ARI,PHI,1689.31,1612.65,76.65,0.6409
747166,2024,ARI,PHI,1702.62,1599.34,103.28,0.6754
745058,2024,TB,HOU,1596.07,1661.06,-65.0,0.4413
745874,2024,MIN,KC,1613.89,1611.35,2.54,0.5381
746603,2024,CLE,CHC,1582.94,1637.21,-54.27,0.4565
746682,2024,CIN,STL,1599.99,1570.45,29.53,0.5764
746921,2024,BOS,TEX,1555.72,1513.62,42.1,0.594
745055,2024,TB,HOU,1583.78,1673.35,-89.57,0.4067
745300,2024,SF,ATL,1630.62,1554.25,76.37,0.6406
745383,2024,SD,PIT,1680.6,1580.78,99.82,0.671
745548,2024,PHI,MIA,1589.03,1536.14,52.89,0.6089
745788,2024,NYM,OAK,1583.77,1576.03,7.74,0.5456
745867,2024,MIN,KC,1627.12,1598.13,28.99,0.5757
745953,2024,MIL,LAD,1649.04,1615.46,33.58,0.5821
746192,2024,LAA,TOR,1571.96,1544.75,27.2,0.5732
746435,2024,DET,SEA,1568.61,1605.81,-37.2,0.481
746601,2024,CLE,CHC,1588.82,1631.33,-42.51,0.4734
746673,2024,CIN,STL,1611.97,1558.47,53.5,0.6097
746762,2024,CWS,NYY,1306.67,1605.88,-299.21,0.1702
746924,2024,BOS,TEX,1560.14,1507.0,53.14,0.6092
747004,2024,BAL,WSH,1610.07,1546.8,63.27,0.623
747165,2024,ARI,COL,1712.93,1467.91,245.02,0.8247
745053,2024,TB,HOU,1579.44,1677.68,-98.24,0.3948
745302,2024,SF,ATL,1623.76,1561.11,62.64,0.6222
745381,2024,SD,PIT,1684.09,1577.29,106.8,0.6798
745382,2024,SD,PIT,1693.59,1567.78,125.82,0.7032
745544,2024,PHI,MIA,1571.98,1561.71,10.27,0.5492
745790,2024,NYM,OAK,1568.19,1591.62,-23.43,0.5008
745869,2024,MIN,KC,1643.19,1582.06,61.13,0.6201
745954,2024,MIL,LAD,1636.32,1628.18,8.15,0.5461
746187,2024,LAA,TOR,1562.0,1559.68,2.32,0.5378
746436,2024,DET,SEA,1590.72,1583.7,7.02,0.5445
746598,2024,CLE,CHC,1594.55,1625.6,-31.05,0.4899
746677,2024,CIN,STL,1620.42,1550.02,70.4,0.6326
746757,2024,CWS,NYY,1362.72,1577.86,-215.14,0.2497
746919,2024,BOS,TEX,1571.08,1490.59,80.49,0.646
747000,2024,BAL,WSH,1591.22,1575.08,16.13,0.5575
747160,2024,ARI,COL,1714.68,1465.29,249.4,0.8283
747163,2024,ARI,COL,1716.39,1462.72,253.67,0.8318
745298,2024,SF,ATL,1617.05,1567.82,49.23,0.6038
745301,2024,SF,ATL,1629.11,1555.76,73.35,0.6365
745545,2024,PHI,WSH,1583.54,1565.34,18.2,0.5604
745783,2024,NYM,OAK,1585.55,1574.25,11.3,0.5506
745950,2024,MIL,LAD,1620.72,1643.78,-23.05,0.5014
745951,2024,MIL,LAD,1629.4,1635.1,-5.7,0.5263
746188,2024,LAA,TOR,1546.6,1575.08,-28.48,0.4936
746437,2024,DET,SEA,1595.76,1578.67,17.09,0.5589
746759,2024,CWS,NYY,1352.63,1582.9,-230.27,0.2337
747002,2024,BAL,BOS,1600.96,1560.12,40.83,0.5922
744980,2024,TEX,MIN,1507.02,1629.81,-122.79,0.3615
745054,2024,TB,ARI,1575.25,1721.41,-146.16,0.3311
745462,2024,PIT,SEA,1561.55,1573.81,-12.26,0.5169
745542,2024,PHI,WSH,1600.26,1548.61,51.65,0.6072
745784,2024,NYM,MIA,1579.48,1550.15,29.32,0.5761
746438,2024,DET,NYY,1600.61,1590.34,10.27,0.5492
746674,2024,CIN,KC,1632.27,1595.44,36.82,0.5866
746843,2024,CHC,TOR,1611.17,1591.29,19.88,0.5628
747001,2024,BAL,BOS,1611.27,1549.81,61.45,0.6206
744974,2024,TEX,MIN,1501.32,1633.6,-132.28,0.349
744977,2024,TEX,MIN,1495.85,1637.25,-141.41,0.3372
745049,2024,TB,ARI,1582.21,1714.46,-132.25,0.3491
745140,2024,STL,LAD,1538.18,1629.86,-91.69,0.4038
745144,2024,STL,LAD,1557.22,1617.17,-59.95,0.4484
745463,2024,PIT,SEA,1570.0,1565.37,4.63,0.5411
745537,2024,PHI,WSH,1604.52,1542.23,62.29,0.6217
745626,2024,OAK,SF,1580.33,1604.62,-24.29,0.4996
745785,2024,NYM,MIA,1590.25,1539.38,50.87,0.6061
745949,2024,MIL,CLE,1634.64,1608.97,25.67,0.571
745952,2024,MIL,CLE,1642.09,1601.51,40.58,0.5919
746189,2024,LAA,ATL,1522.29,1580.25,-57.96,0.4513
746355,2024,HOU,CWS,1681.88,1337.75,344.12,0.8927
746357,2024,HOU,CWS,1684.53,1332.43,352.1,0.8971
746434,2024,DET,NYY,1588.49,1602.46,-13.97,0.5144
746518,2024,COL,SD,1455.19,1699.82,-244.63,0.2193
746675,2024,CIN,KC,1614.3,1613.41,0.89,0.5358
746841,2024,CHC,TOR,1615.98,1586.49,29.49,0.5764
746997,2024,BAL,BOS,1600.66,1565.73,34.92,0.584
744975,2024,TEX,MIN,1485.3,1644.28,-158.98,0.315
745051,2024,TB,ARI,1599.81,1696.85,-97.04,0.3964
745139,2024,STL,LAD,1552.38,1622.01,-69.63,0.4347
745464,2024,PIT,SEA,1583.12,1552.24,30.89,0.5783
745539,2024,PHI,WSH,1613.99,1528.02,85.97,0.6532
745621,2024,OAK,SF,1589.03,1595.92,-6.89,0.5246
745786,2024,NYM,MIA,1600.16,1524.51,75.65,0.6396
745948,2024,MIL,CLE,1646.54,1597.07,49.47,0.6042
746186,2024,LAA,ATL,1531.18,1574.32,-43.14,0.4725
746190,2024,LAA,ATL,1518.96,1582.47,-63.5,0.4434
746359,2024,HOU,CWS,1675.96,1349.59,326.37,0.8826
746431,2024,DET,NYY,1600.91,1590.04,10.88,0.55
746515,2024,COL,SD,1482.33,1681.73,-199.39,0.267
746516,2024,COL,SD,1471.8,1688.75,-216.94,0.2477
746676,2024,CIN,KC,1592.32,1635.39,-43.06,0.4726
746838,2024,CHC,TOR,1620.62,1581.85,38.76,0.5894
746999,2024,BAL,BOS,1585.85,1580.54,5.32,0.5421
744898,2024,TOR,CIN,1588.27,1576.9,11.37,0.5507
745780,2024,NYM,BAL,1593.3,1593.88,-0.58,0.5337
746027,2024,MIA,ARI,1534.8,1690.44,-155.64,0.3191
744814,2024,WSH,COL,1544.59,1483.2,61.4,0.6205
744896,2024,TOR,CIN,1576.12,1589.05,-12.93,0.5159
744976,2024,TEX,PIT,1495.93,1564.15,-68.22,0.4367
745136,2024,STL,MIL,1547.7,1653.34,-105.64,0.3846
745294,2024,SF,CWS,1605.11,1345.99,259.12,0.8361
745380,2024,SD,MIN,1681.15,1637.2,43.96,0.5966
745620,2024,OAK,TB,1579.84,1606.22,-26.39,0.4966
745707,2024,NYY,CLE,1585.07,1590.27,-5.19,0.527
745782,2024,NYM,BAL,1598.48,1588.71,9.76,0.5484
746029,2024,MIA,ARI,1524.88,1697.05,-172.17,0.2988
746109,2024,LAD,SEA,1626.68,1571.21,55.47,0.6124
746270,2024,KC,LAA,1650.81,1496.24,154.57,0.7365
746351,2024,HOU,BOS,1677.76,1572.51,105.25,0.6779
747083,2024,ATL,PHI,1597.62,1602.94,-5.33,0.5268
744812,2024,WSH,COL,1528.68,1499.11,29.57,0.5765
744893,2024,TOR,CIN,1592.13,1573.04,19.09,0.5617
744973,2024,TEX,PIT,1505.02,1558.09,-53.07,0.4583
744978,2024,TEX,PIT,1513.82,1552.22,-38.4,0.4793
745138,2024,STL,MIL,1541.6,1657.41,-115.81,0.3709
745295,2024,SF,CWS,1607.69,1340.84,266.85,0.8421
745297,2024,SF,CWS,1610.81,1334.59,276.22,0.8492
745374,2024,SD,MIN,1688.11,1630.24,57.86,0.6157
745375,2024,SD,MIN,1694.69,1623.66,71.03,0.6334
745624,2024,OAK,TB,1590.87,1595.19,-4.32,0.5283
745704,2024,NYY,CLE,1571.53,1603.81,-32.27,0.4881
745781,2024,NYM,BAL,1584.41,1602.77,-18.36,0.5081
746028,2024,MIA,ARI,1517.57,1701.92,-184.35,0.2843
746107,2024,LAD,SEA,1635.07,1562.83,72.24,0.6351
746266,2024,KC,LAA,1655.14,1489.74,165.39,0.7484
746349,2024,HOU,BOS,1681.17,1569.1,112.07,0.6864
746350,2024,HOU,BOS,1673.92,1576.34,97.58,0.6682
746839,2024,CHC,DET,1614.19,1605.88,8.31,0.5464
747084,2024,ATL,PHI,1605.91,1594.65,11.27,0.5506
744815,2024,WSH,COL,1546.65,1481.14,65.51,0.626
744894,2024,TOR,LAA,1577.79,1516.63,61.16,0.6202
745137,2024,STL,MIL,1564.68,1642.02,-77.34,0.4238
745465,2024,PIT,CIN,1564.35,1587.38,-23.03,0.5014
745622,2024,OAK,TB,1585.02,1601.04,-16.01,0.5115
745623,2024,OAK,TB,1576.1,1609.96,-33.87,0.4858
745705,2024,NYY,CLE,1588.32,1587.02,1.3,0.5363
746110,2024,LAD,SEA,1642.91,1554.99,87.92,0.6557
746267,2024,KC,LAA,1637.21,1506.89,130.32,0.7085
746836,2024,CHC,DET,1622.14,1597.94,24.2,0.5689
746837,2024,CHC,DET,1637.13,1582.95,54.18,0.6106
746998,2024,BAL,HOU,1597.36,1659.73,-62.37,0.445
747082,2024,ATL,PHI,1599.84,1600.72,-0.88,0.5332
744889,2024,TOR,LAA,1584.29,1497.73,86.56,0.6539
745379,2024,SD,NYM,1674.27,1589.82,84.45,0.6512
745460,2024,PIT,CIN,1580.77,1570.97,9.8,0.5485
745702,2024,NYY,COL,1602.75,1465.52,137.22,0.7167
746024,2024,MIA,CHC,1510.66,1618.57,-107.91,0.3815
746597,2024,CLE,TEX,1572.59,1495.63,76.97,0.6413
746920,2024,BOS,ARI,1590.53,1706.53,-116.0,0.3706
746995,2024,BAL,HOU,1583.89,1673.2,-89.32,0.4071
747080,2024,ATL,WSH,1605.01,1562.26,42.75,0.5949
744890,2024,TOR,LAA,1587.98,1492.19,95.79,0.6659
745217,2024,SEA,SF,1546.47,1591.38,-44.92,0.4699
745218,2024,SEA,SF,1555.11,1585.62,-30.52,0.4906
745378,2024,SD,NYM,1656.29,1607.8,48.49,0.6028
745457,2024,PIT,CIN,1585.76,1565.98,19.78,0.5627
745617,2024,OAK,MIL,1585.0,1629.68,-44.68,0.4703
745625,2024,OAK,MIL,1573.13,1641.54,-68.42,0.4364
745703,2024,NYY,COL,1608.66,1456.65,152.01,0.7336
745868,2024,MIN,STL,1644.08,1577.03,67.05,0.6281
745870,2024,MIN,STL,1655.31,1565.79,89.52,0.6578
746022,2024,MIA,CHC,1498.56,1626.64,-128.08,0.3545
746111,2024,LAD,TB,1651.43,1601.06,50.37,0.6054
746268,2024,KC,PHI,1643.31,1595.55,47.77,0.6018
746271,2024,KC,PHI,1651.96,1586.9,65.06,0.6254
746599,2024,CLE,TEX,1561.7,1511.96,49.74,0.6045
746756,2024,CWS,DET,1373.45,1601.5,-228.05,0.236
746758,2024,CWS,DET,1357.69,1609.38,-251.69,0.2124
746917,2024,BOS,ARI,1577.02,1720.04,-143.02,0.3351
746996,2024,BAL,HOU,1593.9,1663.19,-69.28,0.4352
747077,2024,ATL,WSH,1609.42,1557.86,51.56,0.6071
744892,2024,TOR,LAA,1593.61,1483.75,109.86,0.6836
745212,2024,SEA,SF,1549.74,1590.99,-41.25,0.4752
745376,2024,SD,NYM,1669.22,1594.87,74.35,0.6379
745377,2024,SD,NYM,1673.11,1590.99,82.12,0.6481
745459,2024,PIT,CIN,1566.15,1585.58,-19.43,0.5066
745618,2024,OAK,MIL,1558.25,1656.42,-98.18,0.3948
745706,2024,NYY,COL,1585.83,1490.9,94.93,0.6648
745863,2024,MIN,STL,1637.19,1583.91,53.28,0.6094
746023,2024,MIA,CHC,1477.93,1640.39,-162.46,0.3107
746106,2024,LAD,TB,1661.36,1591.13,70.24,0.6324
746108,2024,LAD,TB,1667.63,1584.87,82.76,0.649
746263,2024,KC,PHI,1629.58,1609.28,20.3,0.5634
746595,2024,CLE,TEX,1575.3,1491.57,83.72,0.6502
746754,2024,CWS,DET,1349.24,1613.61,-264.37,0.2004
746918,2024,BOS,ARI,1570.04,1727.02,-156.98,0.3175
746994,2024,BAL,HOU,1599.98,1657.12,-57.14,0.4525
747078,2024,ATL,WSH,1616.17,1551.11,65.06,0.6254
744813,2024,WSH,NYY,1566.75,1596.52,-29.77,0.4917
745133,2024,STL,SD,1590.51,1653.66,-63.14,0.4439
745458,2024,PIT,CHC,1571.58,1621.98,-50.41,0.4621
745538,2024,PHI,HOU,1628.91,1666.9,-37.99,0.4799
745865,2024,MIN,ATL,1630.6,1600.53,30.07,0.5772
746596,2024,CLE,KC,1581.22,1609.95,-28.73,0.4932
746628,2024,CLE,KC,1567.26,1623.91,-56.65,0.4532
746915,2024,BOS,TOR,1564.84,1602.99,-38.16,0.4796
746942,2024,BOS,TOR,1552.7,1615.13,-62.44,0.4449
744811,2024,WSH,NYY,1555.99,1607.28,-51.29,0.4608
745132,2024,STL,SD,1580.94,1663.23,-82.28,0.4169
745215,2024,SEA,TB,1558.31,1591.8,-33.49,0.4863
745461,2024,PIT,CHC,1554.24,1639.32,-85.07,0.413
745540,2024,PHI,HOU,1634.58,1661.23,-26.65,0.4962
745864,2024,MIN,ATL,1615.93,1615.19,0.74,0.5355
746429,2024,DET,LAA,1618.74,1469.68,149.06,0.7303
746513,2024,COL,MIA,1474.86,1505.54,-30.68,0.4904
746594,2024,CLE,KC,1562.36,1628.81,-66.45,0.4392
746671,2024,CIN,OAK,1580.16,1564.67,15.49,0.5566
746753,2024,CWS,DET,1338.98,1625.24,-286.26,0.181
746916,2024,BOS,TOR,1543.1,1624.73,-81.63,0.4178
744809,2024,WSH,NYY,1565.25,1598.02,-32.77,0.4874
745134,2024,STL,SD,1573.88,1670.29,-96.41,0.3973
745211,2024,SEA,TB,1571.34,1578.77,-7.43,0.5238
745213,2024,SEA,TB,1583.56,1566.55,17.01,0.5587
745452,2024,PIT,CHC,1544.0,1649.55,-105.55,0.3847
745541,2024,PHI,HOU,1648.85,1646.96,1.89,0.5372
745866,2024,MIN,ATL,1606.52,1624.6,-18.08,0.5085
745946,2024,MIL,SF,1650.0,1585.28,64.72,0.625
746105,2024,LAD,BAL,1660.69,1590.2,70.49,0.6327
746430,2024,DET,LAA,1628.79,1459.92,168.87,0.7522
746510,2024,COL,MIA,1483.22,1497.18,-13.95,0.5145
746589,2024,CLE,KC,1550.14,1641.03,-90.89,0.4049
746672,2024,CIN,OAK,1574.03,1570.8,3.23,0.5391
746755,2024,CWS,TEX,1331.87,1482.69,-150.81,0.3252
746755,2024,CWS,TEX,1321.17,1490.71,-169.54,0.302
746913,2024,BOS,TOR,1561.78,1612.28,-50.5,0.4619
747162,2024,ARI,NYM,1732.23,1610.44,121.79,0.6983
745135,2024,STL,SD,1580.28,1663.89,-83.61,0.4151
745531,2024,PHI,ATL,1628.26,1637.59,-9.33,0.5211
745943,2024,MIL,SF,1643.27,1592.01,51.26,0.6066
745945,2024,MIL,SF,1650.02,1585.25,64.77,0.625
746103,2024,LAD,BAL,1653.89,1596.99,56.9,0.6144
746432,2024,DET,LAA,1631.35,1456.1,175.25,0.759
746512,2024,COL,MIA,1474.72,1505.68,-30.96,0.49
746514,2024,COL,MIA,1498.21,1482.19,16.01,0.5573
746670,2024,CIN,OAK,1562.09,1582.74,-20.65,0.5048
746748,2024,CWS,TEX,1311.32,1498.11,-186.79,0.2815
746752,2024,CWS,TEX,1305.56,1502.42,-196.86,0.2699
746914,2024,BOS,TOR,1573.44,1600.61,-27.17,0.4954
747159,2024,ARI,NYM,1713.26,1629.41,83.85,0.6504
747161,2024,ARI,NYM,1706.31,1636.36,69.95,0.632
744810,2024,WSH,CHC,1576.46,1659.01,-82.55,0.4165
745052,2024,TB,SD,1572.7,1651.39,-78.69,0.4219
745533,2024,PHI,ATL,1633.54,1632.3,1.25,0.5363
745700,2024,NYY,STL,1586.82,1592.78,-5.96,0.5259
746102,2024,LAD,BAL,1660.5,1590.39,70.11,0.6322
746352,2024,HOU,KC,1667.55,1630.98,36.57,0.5863
746433,2024,DET,BOS,1615.75,1564.84,50.91,0.6062
746593,2024,CLE,PIT,1560.18,1529.82,30.36,0.5776
746665,2024,CIN,MIL,1567.53,1661.36,-93.83,0.4008
746730,2024,CIN,MIL,1550.87,1678.02,-127.15,0.3558
744808,2024,WSH,CHC,1572.0,1663.46,-91.46,0.4041
744969,2024,TEX,OAK,1506.54,1577.3,-70.76,0.4331
744971,2024,TEX,OAK,1485.6,1591.26,-105.66,0.3846
745050,2024,TB,SD,1558.38,1665.71,-107.33,0.3823
745299,2024,SF,MIA,1573.91,1503.56,70.35,0.6325
745532,2024,PHI,ATL,1618.18,1647.66,-29.48,0.4921
745699,2024,NYY,STL,1597.3,1582.29,15.01,0.5559
745859,2024,MIN,TOR,1593.53,1609.21,-15.68,0.512
745862,2024,MIN,TOR,1570.98,1631.76,-60.78,0.4473
746184,2024,LAA,SEA,1479.48,1577.41,-97.93,0.3952
746348,2024,HOU,KC,1676.58,1621.96,54.62,0.6112
746353,2024,HOU,KC,1684.99,1613.54,71.45,0.634
746424,2024,DET,BOS,1605.34,1575.25,30.08,0.5772
746511,2024,COL,BAL,1476.83,1582.48,-105.65,0.3846
746590,2024,CLE,PIT,1567.51,1518.84,48.67,0.6031
746667,2024,CIN,MIL,1547.14,1681.75,-134.61,0.346
746749,2024,CWS,NYM,1300.07,1628.45,-328.38,0.1478
746751,2024,CWS,NYM,1293.45,1631.76,-338.32,0.1407
747156,2024,ARI,LAD,1714.22,1668.4,45.82,0.5991
744806,2024,WSH,CHC,1565.18,1670.28,-105.1,0.3854
744970,2024,TEX,OAK,1495.37,1584.75,-89.38,0.407
745048,2024,TB,SD,1577.98,1646.11,-68.14,0.4368
745292,2024,SF,MIA,1580.17,1494.18,86.0,0.6532
745296,2024,SF,MIA,1569.12,1510.75,58.37,0.6164
745536,2024,PHI,ATL,1629.3,1636.55,-7.25,0.5241
745701,2024,NYY,STL,1591.18,1588.42,2.76,0.5384
745861,2024,MIN,TOR,1580.44,1622.31,-41.87,0.4743
746182,2024,LAA,SEA,1464.87,1587.15,-122.28,0.3622
746183,2024,LAA,SEA,1474.92,1580.45,-105.53,0.3848
746347,2024,HOU,KC,1688.92,1609.61,79.31,0.6444
746426,2024,DET,BOS,1609.97,1570.63,39.34,0.5902
746505,2024,COL,BAL,1467.16,1588.93,-121.78,0.3629
746507,2024,COL,BAL,1452.37,1598.79,-146.42,0.3308
746592,2024,CLE,PIT,1554.42,1538.47,15.95,0.5572
746669,2024,CIN,MIL,1541.72,1685.37,-143.65,0.3343
746750,2024,CWS,NYM,1289.16,1633.9,-344.75,0.1363
747157,2024,ARI,LAD,1707.71,1674.91,32.8,0.581
747158,2024,ARI,LAD,1724.13,1658.5,65.63,0.6262
745046,2024,TB,MIN,1573.28,1586.16,-12.88,0.516
745373,2024,SD,DET,1650.81,1618.9,31.92,0.5798
745619,2024,OAK,SEA,1574.73,1573.94,0.79,0.5356
745779,2024,NYM,BOS,1635.98,1561.7,74.28,0.6378
745947,2024,MIL,STL,1678.44,1606.31,72.13,0.6349
746265,2024,KC,CLE,1599.77,1567.02,32.75,0.581
746668,2024,CIN,HOU,1552.12,1698.76,-146.64,0.3305
746833,2024,CHC,PIT,1685.81,1519.57,166.24,0.7493
746992,2024,BAL,CWS,1587.76,1285.01,302.75,0.8677
747155,2024,ARI,LAD,1713.44,1669.19,44.25,0.597
744891,2024,TOR,PHI,1616.59,1634.56,-17.97,0.5087
744972,2024,TEX,NYY,1510.39,1573.29,-62.89,0.4443
745047,2024,TB,MIN,1567.59,1591.85,-24.26,0.4996
745778,2024,NYM,BOS,1643.75,1553.93,89.82,0.6582
745944,2024,MIL,STL,1689.44,1595.3,94.14,0.6638
746020,2024,MIA,WSH,1520.74,1549.65,-28.91,0.4929
746264,2024,KC,CLE,1589.71,1577.08,12.63,0.5525
746834,2024,CHC,PIT,1673.56,1537.94,135.63,0.7148
746991,2024,BAL,CWS,1592.22,1276.09,316.13,0.8763
747079,2024,ATL,COL,1631.29,1468.91,162.37,0.7451
744887,2024,TOR,PHI,1610.99,1640.15,-29.16,0.4926
744968,2024,TEX,NYY,1493.71,1584.41,-90.7,0.4052
745045,2024,TB,MIN,1573.08,1586.36,-13.28,0.5154
745293,2024,SF,ARI,1562.46,1696.66,-134.2,0.3465
745615,2024,OAK,SEA,1579.88,1568.79,11.09,0.5503
745776,2024,NYM,BOS,1653.16,1544.51,108.65,0.6821
745938,2024,MIL,STL,1675.32,1609.42,65.9,0.6266
746019,2024,MIA,WSH,1501.95,1568.45,-66.5,0.4391
746185,2024,LAA,LAD,1484.69,1685.96,-201.28,0.2649
746262,2024,KC,CLE,1572.61,1594.19,-21.58,0.5035
746666,2024,CIN,HOU,1563.15,1687.73,-124.58,0.3592
746835,2024,CHC,PIT,1654.26,1566.89,87.37,0.655
746990,2024,BAL,CWS,1596.21,1268.12,328.08,0.8836
747075,2024,ATL,COL,1636.55,1461.02,175.53,0.7593
744964,2024,TEX,NYY,1512.72,1571.74,-59.02,0.4498
745042,2024,TB,MIN,1586.88,1572.55,14.33,0.5549
745289,2024,SF,ARI,1558.84,1700.28,-141.44,0.3371
745290,2024,SF,ARI,1565.75,1693.38,-127.63,0.3551
745370,2024,SD,DET,1660.0,1609.71,50.29,0.6053
745451,2024,PIT,WSH,1553.27,1562.41,-9.14,0.5214
745612,2024,OAK,SEA,1584.85,1563.83,21.01,0.5644
745614,2024,OAK,SEA,1575.02,1573.66,1.36,0.5364
746021,2024,MIA,PHI,1511.0,1648.7,-137.7,0.342
746178,2024,LAA,LAD,1475.31,1692.22,-216.9,0.2478
746664,2024,CIN,HOU,1583.33,1667.55,-84.22,0.4142
747073,2024,ATL,COL,1641.5,1453.6,187.9,0.772
744966,2024,TEX,LAA,1533.42,1513.15,20.27,0.5634
745369,2024,SD,DET,1664.28,1605.43,58.85,0.617
745455,2024,PIT,WSH,1566.94,1548.74,18.19,0.5604
745777,2024,NYM,CIN,1661.85,1589.58,72.26,0.6351
745941,2024,MIL,COL,1668.58,1472.35,196.22,0.7804
746016,2024,MIA,PHI,1500.29,1655.84,-155.54,0.3193
746832,2024,CHC,NYY,1667.88,1557.94,109.94,0.6837
746912,2024,BOS,CWS,1531.49,1319.29,212.2,0.7957
746993,2024,BAL,TB,1570.62,1580.77,-10.15,0.5199
747074,2024,ATL,TOR,1628.99,1602.45,26.55,0.5722
744963,2024,TEX,LAA,1544.82,1501.74,43.08,0.5954
744967,2024,TEX,LAA,1555.29,1491.28,64.01,0.624
745125,2024,STL,SEA,1616.17,1596.3,19.87,0.5628
745131,2024,STL,SEA,1623.78,1588.68,35.11,0.5842
745371,2024,SD,SF,1657.62,1559.85,97.77,0.6684
745455,2024,PIT,WSH,1566.27,1549.74,16.53,0.5581
745456,2024,PIT,WSH,1556.54,1564.35,-7.81,0.5233
745611,2024,OAK,DET,1552.38,1612.09,-59.71,0.4488
745613,2024,OAK,DET,1558.33,1606.14,-47.81,0.4658
745775,2024,NYM,CIN,1668.06,1583.37,84.68,0.6515
745942,2024,MIL,COL,1660.63,1484.27,176.36,0.7601
746018,2024,MIA,PHI,1480.92,1668.76,-187.84,0.2803
746104,2024,LAD,CLE,1666.99,1583.28,83.71,0.6502
746257,2024,KC,MIN,1583.51,1578.66,4.85,0.5414
746259,2024,KC,MIN,1596.63,1565.55,31.08,0.5786
746343,2024,HOU,ARI,1661.29,1699.28,-37.99,0.4799
746344,2024,HOU,ARI,1679.27,1681.3,-2.04,0.5316
746829,2024,CHC,NYY,1653.44,1572.38,81.05,0.6467
746911,2024,BOS,CWS,1536.4,1312.74,223.66,0.8062
746986,2024,BAL,TB,1579.02,1572.37,6.65,0.544
747076,2024,ATL,TOR,1636.42,1595.02,41.41,0.593
744965,2024,TEX,LAA,1539.67,1514.7,24.97,0.57
745128,2024,STL,SEA,1607.3,1605.17,2.13,0.5375
745368,2024,SD,SF,1665.79,1551.67,114.12,0.6889
745372,2024,SD,SF,1658.53,1558.93,99.59,0.6707
745453,2024,PIT,WSH,1547.37,1573.51,-26.14,0.4969
745616,2024,OAK,DET,1553.28,1611.2,-57.92,0.4513
745774,2024,NYM,CIN,1676.7,1574.73,101.97,0.6737
745940,2024,MIL,COL,1665.56,1476.88,188.67,0.7728
746017,2024,MIA,PHI,1506.53,1651.68,-145.15,0.3324
746098,2024,LAD,CLE,1655.98,1594.29,61.69,0.6209
746099,2024,LAD,CLE,1665.48,1584.8,80.68,0.6462
746258,2024,KC,MIN,1603.94,1558.24,45.69,0.599
746345,2024,HOU,ARI,1693.84,1666.73,27.11,0.573
746827,2024,CHC,NYY,1642.47,1583.35,59.12,0.6174
746910,2024,BOS,CWS,1541.04,1306.55,234.48,0.8158
746989,2024,BAL,TB,1562.14,1589.26,-27.12,0.4955
747072,2024,ATL,TOR,1621.43,1610.01,11.43,0.5508
744888,2024,TOR,NYM,1605.05,1665.38,-60.33,0.4479
745454,2024,PIT,MIA,1566.57,1541.14,25.44,0.5707
745534,2024,PHI,TB,1628.61,1597.86,30.75,0.5781
745698,2024,NYY,KC,1579.22,1610.84,-31.63,0.489
745860,2024,MIN,LAA,1551.34,1500.55,50.78,0.606
746746,2024,CWS,CLE,1348.82,1575.01,-226.19,0.238
746909,2024,BOS,BAL,1509.34,1553.53,-44.2,0.471
747090,2024,ATL,CIN,1626.39,1586.05,40.34,0.5915
744807,2024,WSH,ATL,1560.71,1619.95,-59.24,0.4495
744886,2024,TOR,NYM,1600.22,1670.21,-70.0,0.4342
745126,2024,STL,CIN,1590.58,1592.49,-1.91,0.5317
745446,2024,PIT,MIA,1571.28,1534.08,37.2,0.5872
745535,2024,PHI,TB,1633.22,1593.25,39.97,0.591
745694,2024,NYY,KC,1594.9,1595.16,-0.26,0.5341
745856,2024,MIN,LAA,1536.08,1523.43,12.65,0.5526
746101,2024,LAD,CHC,1675.26,1646.6,28.65,0.5752
746428,2024,DET,COL,1626.66,1500.57,126.09,0.7035
746747,2024,CWS,CLE,1341.24,1578.81,-237.57,0.2263
746907,2024,BOS,BAL,1537.99,1534.43,3.57,0.5396
744804,2024,WSH,ATL,1542.75,1637.91,-95.16,0.399
744881,2024,TOR,NYM,1614.34,1656.09,-41.76,0.4745
745127,2024,STL,CIN,1578.79,1604.28,-25.48,0.4979
745210,2024,SEA,SD,1621.89,1644.29,-22.41,0.5023
745291,2024,SF,MIL,1573.17,1649.77,-76.6,0.4249
745450,2024,PIT,MIA,1578.42,1523.37,55.04,0.6118
745525,2024,PHI,TB,1644.74,1581.73,63.0,0.6227
745697,2024,NYY,KC,1579.59,1610.47,-30.88,0.4901
745857,2024,MIN,LAA,1555.22,1504.3,50.91,0.6062
746097,2024,LAD,CHC,1657.58,1664.28,-6.7,0.5249
746346,2024,HOU,OAK,1676.21,1537.82,138.4,0.7181
746425,2024,DET,COL,1637.81,1483.84,153.97,0.7358
746745,2024,CWS,CLE,1329.53,1584.66,-255.13,0.2091
746908,2024,BOS,BAL,1523.79,1548.63,-24.84,0.4988
747152,2024,ARI,TEX,1684.35,1553.82,130.54,0.7088
747154,2024,ARI,TEX,1692.91,1545.26,147.65,0.7287
744805,2024,WSH,MIA,1565.0,1513.39,51.61,0.6071
745129,2024,STL,CIN,1584.3,1598.77,-14.47,0.5137
745214,2024,SEA,SD,1609.08,1657.1,-48.02,0.4655
745285,2024,SF,MIL,1568.61,1654.32,-85.71,0.4121
745695,2024,NYY,BOS,1585.17,1536.86,48.31,0.6026
746100,2024,LAD,CHC,1645.97,1675.89,-29.92,0.4915
746337,2024,HOU,OAK,1668.72,1549.06,119.67,0.6957
746342,2024,HOU,OAK,1675.12,1539.45,135.67,0.7149
746427,2024,DET,COL,1643.28,1475.63,167.66,0.7509
746591,2024,CLE,TB,1587.95,1577.66,10.29,0.5492
744800,2024,WSH,MIA,1551.84,1533.13,18.71,0.5612
744882,2024,TOR,STL,1602.35,1598.15,4.2,0.5405
745208,2024,SEA,TEX,1620.68,1530.63,90.05,0.6585
745288,2024,SF,MIL,1591.11,1631.83,-40.72,0.476
745447,2024,PIT,KC,1585.07,1604.89,-19.82,0.506
745529,2024,PHI,NYM,1648.8,1668.08,-19.28,0.5068
745696,2024,NYY,BOS,1589.48,1530.39,59.09,0.6173
746423,2024,DET,BAL,1631.02,1535.56,95.46,0.6654
746586,2024,CLE,TB,1575.83,1589.79,-13.96,0.5144
746744,2024,CWS,OAK,1322.94,1550.66,-227.71,0.2364
747069,2024,ATL,LAD,1623.07,1654.79,-31.72,0.4889
744803,2024,WSH,MIA,1561.49,1518.65,42.84,0.595
744884,2024,TOR,STL,1607.43,1593.06,14.37,0.555
745207,2024,SEA,TEX,1613.67,1541.15,72.51,0.6354
745286,2024,SF,SD,1580.75,1645.5,-64.75,0.4416
745448,2024,PIT,KC,1570.7,1619.27,-48.57,0.4647
745528,2024,PHI,NYM,1631.14,1685.75,-54.6,0.4561
745689,2024,NYY,BOS,1593.61,1524.19,69.42,0.6313
745855,2024,MIN,CIN,1561.98,1584.92,-22.94,0.5015
745858,2024,MIN,CIN,1549.2,1597.7,-48.5,0.4648
746181,2024,LAA,HOU,1494.15,1667.65,-173.5,0.2972
746422,2024,DET,BAL,1634.58,1530.23,104.35,0.6767
746509,2024,COL,CHC,1494.02,1667.07,-173.05,0.2978
746584,2024,CLE,TB,1566.84,1598.77,-31.93,0.4886
746740,2024,CWS,OAK,1315.41,1554.42,-239.01,0.2248
747070,2024,ATL,LAD,1636.05,1641.82,-5.77,0.5262
747153,2024,ARI,MIL,1702.67,1642.19,60.47,0.6192
744801,2024,WSH,MIA,1570.3,1505.43,64.87,0.6252
744883,2024,TOR,STL,1620.11,1580.39,39.72,0.5907
745206,2024,SEA,TEX,1617.58,1535.28,82.3,0.6484
745209,2024,SEA,TEX,1628.86,1518.37,110.49,0.6844
745284,2024,SF,SD,1568.45,1657.79,-89.35,0.4071
745287,2024,SF,SD,1554.7,1671.55,-116.85,0.3695
745449,2024,PIT,KC,1558.99,1630.98,-71.99,0.4314
745530,2024,PHI,NYM,1640.47,1676.42,-35.95,0.4828
745693,2024,NYY,BOS,1574.56,1552.77,21.79,0.5655
745852,2024,MIN,CIN,1523.03,1615.15,-92.12,0.4032
746177,2024,LAA,HOU,1486.89,1672.5,-185.61,0.2829
746180,2024,LAA,HOU,1480.01,1677.08,-197.07,0.2697
746419,2024,DET,BAL,1623.22,1547.26,75.95,0.64
746506,2024,COL,CHC,1519.17,1650.31,-131.14,0.3505
746508,2024,COL,CHC,1506.39,1658.82,-152.43,0.3232
746585,2024,CLE,TB,1581.3,1584.32,-3.03,0.5301
746741,2024,CWS,OAK,1330.92,1546.67,-215.75,0.249
747071,2024,ATL,LAD,1653.46,1624.41,29.05,0.5758
747148,2024,ARI,MIL,1695.98,1648.88,47.11,0.6009
747151,2024,ARI,MIL,1676.41,1668.45,7.96,0.5459
745130,2024,STL,PIT,1575.93,1565.1,10.83,0.55
745773,2024,NYM,WSH,1670.77,1574.34,96.43,0.6667
745939,2024,MIL,PHI,1663.43,1646.11,17.32,0.5592
746260,2024,KC,DET,1624.87,1629.34,-4.47,0.5281
746588,2024,CLE,MIN,1589.54,1551.62,37.93,0.5882
746828,2024,CHC,OAK,1651.8,1535.29,116.52,0.6919
747067,2024,ATL,LAD,1634.55,1643.31,-8.76,0.5219
745044,2024,TB,BOS,1576.07,1543.23,32.85,0.5811
745122,2024,STL,PIT,1587.46,1553.56,33.9,0.5826
745367,2024,SD,HOU,1675.44,1681.43,-6.0,0.5259
745772,2024,NYM,WSH,1674.31,1570.8,103.51,0.6757
745935,2024,MIL,PHI,1674.69,1634.85,39.84,0.5909
746015,2024,MIA,LAD,1499.38,1662.47,-163.09,0.3099
746179,2024,LAA,CWS,1473.49,1346.09,127.4,0.7051
746261,2024,KC,DET,1619.03,1635.18,-16.16,0.5113
746502,2024,COL,ARI,1516.92,1681.43,-164.51,0.3081
746587,2024,CLE,MIN,1594.03,1547.13,46.91,0.6006
746659,2024,CIN,ATL,1596.09,1615.4,-19.31,0.5068
746830,2024,CHC,OAK,1661.54,1520.68,140.86,0.7209
746987,2024,BAL,SF,1538.09,1550.8,-12.72,0.5162
744961,2024,TEX,TOR,1513.37,1624.57,-111.2,0.3771
745040,2024,TB,BOS,1587.91,1525.48,62.43,0.6219
745121,2024,STL,PIT,1594.69,1546.34,48.35,0.6026
745205,2024,SEA,NYY,1632.19,1584.1,48.09,0.6023
745365,2024,SD,HOU,1683.75,1673.12,10.63,0.5497
745366,2024,SD,HOU,1695.29,1661.58,33.71,0.5823
745771,2024,NYM,WSH,1685.73,1559.39,126.34,0.7038
745933,2024,MIL,PHI,1659.75,1649.8,9.95,0.5487
746014,2024,MIA,LAD,1516.32,1651.17,-134.86,0.3457
746172,2024,LAA,CWS,1447.74,1380.41,67.33,0.6285
746176,2024,LAA,CWS,1455.74,1372.42,83.32,0.6497
746254,2024,KC,DET,1610.1,1644.1,-34.0,0.4856
746500,2024,COL,ARI,1527.63,1674.29,-146.66,0.3305
746503,2024,COL,ARI,1514.31,1683.17,-168.86,0.3028
746582,2024,CLE,MIN,1580.99,1566.69,14.3,0.5549
746662,2024,CIN,ATL,1601.52,1609.98,-8.46,0.5223
746831,2024,CHC,OAK,1654.03,1531.96,122.07,0.6986
746988,2024,BAL,SF,1508.55,1570.5,-61.95,0.4456
744959,2024,TEX,TOR,1538.87,1607.57,-68.7,0.436
744962,2024,TEX,TOR,1553.29,1597.95,-44.67,0.4703
745041,2024,TB,BOS,1581.2,1535.54,45.66,0.5989
745120,2024,STL,PIT,1605.83,1529.62,76.22,0.6404
745199,2024,SEA,NYY,1610.48,1605.81,4.66,0.5412
745204,2024,SEA,NYY,1604.49,1611.8,-7.32,0.524
745769,2024,NYM,PHI,1696.47,1644.81,51.66,0.6072
745937,2024,MIL,ARI,1664.73,1663.01,1.72,0.5369
746011,2024,MIA,LAD,1503.74,1659.56,-155.82,0.3189
746579,2024,CLE,MIN,1585.89,1561.79,24.1,0.5688
746663,2024,CIN,ATL,1585.32,1626.18,-40.86,0.4758
746823,2024,CHC,WSH,1642.39,1548.64,93.75,0.6633
746985,2024,BAL,SF,1497.12,1578.12,-80.99,0.4187
745043,2024,TB,TOR,1588.11,1609.82,-21.72,0.5033
745770,2024,NYM,PHI,1706.36,1634.93,71.42,0.634
746013,2024,MIA,ATL,1483.49,1645.35,-161.86,0.3114
746341,2024,HOU,LAA,1667.94,1470.25,197.69,0.7818
746661,2024,CIN,PIT,1566.15,1539.91,26.23,0.5718
746824,2024,CHC,WSH,1645.97,1543.27,102.7,0.6747
746905,2024,BOS,MIN,1525.18,1557.06,-31.88,0.4887
746984,2024,BAL,DET,1511.91,1652.51,-140.6,0.3382
744958,2024,TEX,SEA,1541.42,1609.75,-68.33,0.4365
744960,2024,TEX,SEA,1525.06,1620.65,-95.59,0.3984
745038,2024,TB,TOR,1593.56,1604.37,-10.81,0.519
745123,2024,STL,CLE,1598.97,1590.62,8.35,0.5464
745124,2024,STL,CLE,1584.95,1604.64,-19.69,0.5062
745364,2024,SD,CWS,1688.93,1353.07,335.86,0.8881
745606,2024,OAK,NYY,1549.41,1606.54,-57.13,0.4525
745768,2024,NYM,PHI,1682.8,1658.49,24.31,0.5691
745934,2024,MIL,ARI,1650.92,1676.83,-25.91,0.4973
745936,2024,MIL,ARI,1640.02,1687.73,-47.71,0.4659
746012,2024,MIA,ATL,1494.16,1638.23,-144.08,0.3338
746094,2024,LAD,COL,1673.06,1544.55,128.51,0.7064
746255,2024,KC,SF,1601.7,1568.26,33.44,0.5819
746256,2024,KC,SF,1580.58,1589.38,-8.8,0.5219
746338,2024,HOU,LAA,1671.46,1464.97,206.49,0.7903
746340,2024,HOU,LAA,1677.43,1456.02,221.41,0.8042
746660,2024,CIN,PIT,1578.28,1521.72,56.56,0.6139
746826,2024,CHC,WSH,1651.44,1535.07,116.36,0.6917
746906,2024,BOS,MIN,1512.48,1565.53,-53.05,0.4583
746983,2024,BAL,DET,1540.96,1633.14,-92.19,0.4031
744955,2024,TEX,SEA,1507.23,1632.54,-125.31,0.3582
745036,2024,TB,TOR,1598.87,1599.06,-0.19,0.5342
745118,2024,STL,CLE,1590.38,1599.21,-8.83,0.5218
745358,2024,SD,CWS,1690.01,1350.91,339.09,0.8899
745360,2024,SD,CWS,1691.68,1347.56,344.12,0.8927
745608,2024,OAK,NYY,1537.78,1614.29,-76.51,0.425
745610,2024,OAK,NYY,1524.12,1623.4,-99.29,0.3933
745767,2024,NYM,PHI,1692.25,1649.04,43.22,0.5955
745929,2024,MIL,ARI,1626.94,1700.8,-73.86,0.4287
746010,2024,MIA,ATL,1482.06,1646.3,-164.24,0.3085
746092,2024,LAD,COL,1677.94,1537.23,140.7,0.7207
746096,2024,LAD,COL,1680.85,1532.87,147.98,0.7291
746253,2024,KC,SF,1574.82,1595.14,-20.33,0.5053
746339,2024,HOU,LAA,1680.56,1451.33,229.23,0.8112
746657,2024,CIN,PIT,1590.0,1504.14,85.86,0.653
746825,2024,CHC,WSH,1634.52,1560.45,74.07,0.6375
746903,2024,BOS,MIN,1513.16,1565.07,-51.92,0.4599
746906,2024,BOS,MIN,1539.49,1547.52,-8.03,0.523
746982,2024,BAL,DET,1530.75,1639.94,-109.19,0.3798
744885,2024,TOR,BOS,1593.9,1561.69,32.21,0.5802
745527,2024,PHI,CHC,1644.64,1644.57,0.06,0.5346
744802,2024,WSH,KC,1550.39,1566.01,-15.62,0.5121
744876,2024,TOR,BOS,1581.21,1574.37,6.84,0.5443
745441,2024,PIT,MIL,1520.71,1633.07,-112.36,0.3755
745526,2024,PHI,CHC,1656.62,1632.59,24.03,0.5687
745688,2024,NYY,BAL,1637.84,1524.74,113.11,0.6877
745851,2024,MIN,MIA,1525.32,1477.28,48.04,0.6022
746334,2024,HOU,SEA,1672.41,1625.81,46.6,0.6002
746421,2024,DET,TB,1643.96,1604.04,39.92,0.591
746581,2024,CLE,CIN,1593.93,1578.95,14.98,0.5559
746743,2024,CWS,LAA,1342.78,1463.55,-120.77,0.3642
747068,2024,ATL,NYM,1649.48,1696.65,-47.17,0.4667
747150,2024,ARI,SF,1694.67,1603.94,90.73,0.6594
744795,2024,WSH,KC,1544.76,1571.65,-26.9,0.4958
744877,2024,TOR,BOS,1575.19,1580.39,-5.19,0.527
745442,2024,PIT,MIL,1505.35,1643.31,-137.97,0.3416
745521,2024,PHI,CHC,1639.11,1650.1,-11.0,0.5187
745605,2024,OAK,TEX,1502.46,1517.33,-14.87,0.5131
745690,2024,NYY,BAL,1626.35,1541.98,84.37,0.6511
745854,2024,MIN,MIA,1505.71,1496.89,8.82,0.5471
746093,2024,LAD,SD,1665.69,1694.07,-28.38,0.4937
746331,2024,HOU,SEA,1655.56,1642.66,12.9,0.5529
746336,2024,HOU,SEA,1637.27,1660.95,-23.68,0.5005
746420,2024,DET,TB,1648.41,1599.58,48.83,0.6033
746504,2024,COL,STL,1555.59,1595.66,-40.07,0.4769
746583,2024,CLE,CIN,1606.58,1566.3,40.27,0.5915
746742,2024,CWS,LAA,1356.15,1453.52,-97.37,0.396
747064,2024,ATL,NYM,1662.93,1683.21,-20.28,0.5054
747149,2024,ARI,SF,1680.63,1617.99,62.64,0.6222
744796,2024,WSH,KC,1528.46,1582.52,-54.06,0.4568
745443,2024,PIT,MIL,1515.65,1636.44,-120.79,0.3642
745607,2024,OAK,TEX,1510.5,1509.29,1.22,0.5362
745609,2024,OAK,TEX,1489.8,1529.99,-40.19,0.4767
745691,2024,NYY,BAL,1615.32,1558.51,56.81,0.6142
745853,2024,MIN,MIA,1525.11,1477.49,47.62,0.6016
746095,2024,LAD,SD,1657.13,1702.64,-45.51,0.4691
746415,2024,DET,TB,1660.49,1587.5,73.0,0.6361
746495,2024,COL,STL,1543.53,1607.72,-64.19,0.4424
746501,2024,COL,STL,1557.82,1598.2,-40.38,0.4764
746738,2024,CWS,LAA,1368.98,1443.9,-74.92,0.4272
747139,2024,ATL,NYM,1662.87,1683.26,-20.4,0.5052
747144,2024,ARI,SF,1656.58,1642.04,14.53,0.5552
744797,2024,WSH,PHI,1513.62,1649.73,-136.11,0.344
744879,2024,TOR,MIA,1588.72,1493.02,95.7,0.6658
745692,2024,NYY,PIT,1629.18,1504.16,125.01,0.7022
746088,2024,LAD,SD,1662.9,1696.87,-33.97,0.4857
746417,2024,DET,CWS,1664.4,1405.84,258.56,0.8357
746580,2024,CLE,HOU,1615.48,1642.75,-27.27,0.4953
746822,2024,CHC,CIN,1639.48,1557.4,82.08,0.6481
746904,2024,BOS,TB,1566.86,1583.59,-16.73,0.5105
747065,2024,ATL,KC,1662.81,1592.41,70.4,0.6326
744799,2024,WSH,PHI,1546.2,1628.01,-81.81,0.4176
744878,2024,TOR,MIA,1564.24,1529.74,34.51,0.5834
745202,2024,SEA,OAK,1655.46,1498.35,157.11,0.7393
745280,2024,SF,STL,1628.28,1608.58,19.71,0.5626
745281,2024,SF,STL,1615.92,1620.95,-5.03,0.5273
745685,2024,NYY,PIT,1617.5,1521.68,95.81,0.6659
745847,2024,MIN,BAL,1509.58,1544.66,-35.07,0.4841
745849,2024,MIN,BAL,1489.09,1565.15,-76.05,0.4256
745930,2024,MIL,NYM,1644.1,1683.32,-39.22,0.4781
745931,2024,MIL,NYM,1657.3,1670.12,-12.81,0.5161
746173,2024,LAA,TEX,1407.04,1521.44,-114.4,0.3728
746414,2024,DET,CWS,1667.66,1399.32,268.34,0.8433
746494,2024,COL,LAD,1547.44,1677.42,-129.98,0.352
746578,2024,CLE,HOU,1604.63,1653.6,-48.98,0.4641
746819,2024,CHC,CIN,1643.24,1553.64,89.6,0.6579
746902,2024,BOS,TB,1561.24,1589.21,-27.97,0.4943
747066,2024,ATL,KC,1670.71,1584.51,86.2,0.6535
747145,2024,ARI,SD,1670.33,1682.35,-12.02,0.5172
744798,2024,WSH,PHI,1564.88,1615.56,-50.67,0.4617
744880,2024,TOR,MIA,1545.13,1558.4,-13.27,0.5154
745201,2024,SEA,OAK,1659.74,1491.94,167.8,0.751
745203,2024,SEA,OAK,1663.81,1485.84,177.97,0.7618
745282,2024,SF,STL,1621.15,1615.71,5.43,0.5423
745686,2024,NYY,PIT,1599.2,1549.12,50.08,0.605
745846,2024,MIN,BAL,1468.56,1578.84,-110.27,0.3783
745932,2024,MIL,NYM,1672.28,1655.14,17.14,0.5589
746171,2024,LAA,TEX,1391.32,1533.23,-141.9,0.3365
746174,2024,LAA,TEX,1384.31,1538.49,-154.18,0.321
746416,2024,DET,CWS,1648.31,1438.03,210.28,0.7939
746496,2024,COL,LAD,1530.85,1688.48,-157.62,0.3167
746499,2024,COL,LAD,1525.94,1691.75,-165.82,0.3065
746577,2024,CLE,HOU,1599.59,1658.64,-59.05,0.4497
746820,2024,CHC,CIN,1650.53,1546.35,104.18,0.6765
746901,2024,BOS,TB,1547.25,1603.2,-55.95,0.4541
747061,2024,ATL,KC,1674.41,1580.81,93.59,0.663
747146,2024,ARI,SD,1661.29,1691.39,-30.1,0.4912
747147,2024,ARI,SD,1647.4,1705.28,-57.89,0.4514
747064,2024,ATL,NYM,1663.23,1671.04,-7.81,0.5233
747139,2024,ATL,NYM,1673.76,1660.5,13.26,0.5534
778563,2025,CHC,LAD,1591.26,1636.07,-44.81,0.4701
778564,2025,CHC,LAD,1581.04,1646.29,-65.25,0.4409
778545,2025,SD,ATL,1624.34,1612.33,12.01,0.5516
778546,2025,LAD,DET,1655.79,1586.86,68.92,0.6306
778551,2025,STL,MIN,1587.92,1469.61,118.31,0.6941
778553,2025,TEX,BOS,1536.38,1541.06,-4.68,0.5278
778554,2025,CWS,LAA,1483.48,1408.36,75.12,0.6389
778555,2025,WSH,PHI,1536.76,1584.13,-47.36,0.4664
778556,2025,TOR,BAL,1521.19,1559.04,-37.85,0.4801
778557,2025,NYY,MIL,1571.02,1604.78,-33.76,0.486
778558,2025,KC,CLE,1561.64,1567.09,-5.45,0.5267
778559,2025,HOU,NYM,1605.92,1611.62,-5.7,0.5263
778561,2025,CIN,SF,1545.45,1570.78,-25.32,0.4981
778562,2025,MIA,PIT,1545.16,1526.09,19.07,0.5617
778547,2025,SEA,OAK,1611.39,1488.05,123.33,0.7002
778548,2025,MIA,PIT,1552.39,1518.86,33.53,0.582
778549,2025,TOR,BAL,1494.03,1577.14,-83.12,0.4157
778552,2025,ARI,CHC,1611.95,1571.54,40.41,0.5916
778560,2025,TB,COL,1562.88,1505.99,56.89,0.6143
778518,2025,HOU,NYM,1614.23,1603.32,10.91,0.5501
778520,2025,SD,ATL,1634.24,1602.44,31.79,0.5796
778528,2025,STL,MIN,1593.02,1461.96,131.06,0.7094
778529,2025,KC,CLE,1549.98,1578.74,-28.76,0.4932
778530,2025,HOU,NYM,1604.61,1612.94,-8.33,0.5225
778531,2025,TEX,BOS,1518.86,1558.58,-39.72,0.4774
778534,2025,CWS,LAA,1500.91,1385.12,115.78,0.691
778535,2025,WSH,PHI,1519.13,1595.89,-76.76,0.4247
778536,2025,TOR,BAL,1520.32,1559.62,-39.3,0.478
778537,2025,TB,COL,1567.05,1499.73,67.31,0.6285
778538,2025,NYY,MIL,1579.91,1595.88,-15.96,0.5116
778539,2025,MIA,PIT,1546.03,1528.4,17.64,0.5596
778540,2025,CIN,SF,1532.47,1579.43,-46.96,0.467
778541,2025,SEA,OAK,1616.38,1480.57,135.81,0.715
778542,2025,SD,ATL,1638.83,1597.85,40.98,0.5924
778543,2025,ARI,CHC,1596.99,1586.5,10.49,0.5495
778544,2025,LAD,DET,1659.76,1582.89,76.87,0.6412
778550,2025,TEX,BOS,1527.4,1552.89,-25.49,0.4979
778510,2025,KC,CLE,1558.31,1573.19,-14.89,0.5131
778513,2025,SEA,OAK,1593.97,1514.18,79.79,0.6451
778514,2025,SD,ATL,1643.27,1593.41,49.86,0.6047
778515,2025,ARI,CHC,1611.91,1571.58,40.32,0.5915
778516,2025,TEX,BOS,1543.92,1541.88,2.04,0.5374
778517,2025,STL,MIN,1600.08,1451.37,148.72,0.7299
778519,2025,MIA,PIT,1553.3,1521.13,32.17,0.5801
778521,2025,SEA,OAK,1597.77,1508.48,89.29,0.6575
778522,2025,CIN,SF,1541.15,1573.65,-32.49,0.4878
778523,2025,NYY,MIL,1599.19,1576.6,22.6,0.5667
778524,2025,TB,COL,1560.28,1509.88,50.4,0.6055
778525,2025,TOR,BAL,1502.18,1571.71,-69.53,0.4349
778526,2025,WSH,PHI,1501.48,1607.65,-106.17,0.3839
778527,2025,CWS,LAA,1489.99,1399.68,90.3,0.6588
778532,2025,ARI,CHC,1622.24,1561.25,60.98,0.6199
778533,2025,LAD,DET,1667.45,1575.2,92.24,0.6613
778502,2025,PHI,COL,1592.52,1499.71,92.81,0.662
778503,2025,STL,LAA,1608.5,1413.72,194.78,0.7789
778504,2025,MIL,KC,1560.8,1545.18,15.61,0.5568
778506,2025,CWS,MIN,1479.46,1438.74,40.72,0.5921
778507,2025,TOR,WSH,1516.62,1524.18,-7.56,0.5236
778508,2025,TB,PIT,1567.06,1514.25,52.81,0.6088
778509,2025,MIA,NYM,1557.89,1607.66,-49.77,0.463
778511,2025,CIN,TEX,1525.16,1551.61,-26.45,0.4965
778512,2025,BAL,BOS,1562.08,1534.19,27.89,0.5741
778488,2025,MIL,KC,1539.59,1577.0,-37.41,0.4807
778490,2025,CWS,MIN,1501.59,1409.23,92.36,0.6615
778491,2025,TOR,WSH,1532.42,1508.39,24.03,0.5687
778492,2025,NYY,ARI,1615.0,1615.55,-0.55,0.5337
778493,2025,TB,PIT,1578.01,1497.82,80.2,0.6456
778495,2025,STL,LAA,1600.56,1429.59,170.97,0.7544
778496,2025,SEA,DET,1586.66,1566.83,19.83,0.5627
778497,2025,MIA,NYM,1543.8,1621.76,-77.97,0.423
778498,2025,CIN,TEX,1554.83,1531.82,23.01,0.5672
778499,2025,SD,CLE,1654.35,1586.32,68.03,0.6294
778500,2025,LAD,ATL,1675.82,1582.33,93.49,0.6629
778501,2025,OAK,CHC,1525.14,1567.94,-42.8,0.473
778505,2025,HOU,SF,1609.88,1584.31,25.57,0.5709
778469,2025,SEA,DET,1574.29,1579.2,-4.91,0.5274
778471,2025,OAK,CHC,1494.27,1588.53,-94.26,0.4002
778473,2025,STL,LAA,1588.26,1454.2,134.06,0.713
778474,2025,CWS,MIN,1474.3,1445.63,28.67,0.5752
778475,2025,HOU,SF,1593.7,1600.49,-6.78,0.5248
778476,2025,SD,CLE,1664.65,1576.01,88.64,0.6567
778477,2025,MIL,KC,1561.54,1562.36,-0.82,0.5333
778478,2025,TOR,WSH,1543.67,1497.14,46.53,0.6001
778479,2025,TB,PIT,1589.39,1480.75,108.64,0.6821
778480,2025,CIN,TEX,1548.61,1541.16,7.44,0.5451
778481,2025,MIA,NYM,1558.49,1611.96,-53.48,0.4577
778482,2025,PHI,COL,1601.81,1485.76,116.05,0.6913
778483,2025,BAL,BOS,1571.41,1520.2,51.21,0.6066
778484,2025,NYY,ARI,1605.62,1624.93,-19.31,0.5068
778485,2025,SD,CLE,1671.98,1568.69,103.28,0.6754
778486,2025,SEA,DET,1579.52,1573.97,5.55,0.5424
778487,2025,LAD,ATL,1685.09,1573.06,112.03,0.6863
778489,2025,HOU,SF,1582.1,1612.09,-29.99,0.4914
778494,2025,OAK,CHC,1474.03,1602.02,-127.99,0.3547
778462,2025,MIN,HOU,1478.18,1573.58,-95.39,0.3987
778466,2025,NYY,ARI,1600.05,1630.5,-30.45,0.4907
778467,2025,PHI,COL,1609.36,1474.44,134.93,0.714
778468,2025,MIL,CIN,1566.72,1539.57,27.15,0.5731
778470,2025,BAL,BOS,1558.26,1539.92,18.34,0.5606
778472,2025,LAD,ATL,1690.33,1567.81,122.52,0.6992
778444,2025,SF,SEA,1620.61,1567.52,53.09,0.6092
778455,2025,KC,BAL,1557.19,1543.94,13.24,0.5534
778456,2025,COL,OAK,1467.33,1462.88,4.45,0.5409
778457,2025,WSH,ARI,1486.82,1621.67,-134.85,0.3457
778458,2025,DET,CWS,1585.97,1449.88,136.1,0.7154
778459,2025,PHI,LAD,1614.1,1693.49,-79.39,0.421
778460,2025,CHC,SD,1609.45,1682.29,-72.84,0.4302
778461,2025,PIT,NYY,1497.89,1608.88,-110.98,0.3774
778463,2025,BOS,STL,1561.4,1597.26,-35.86,0.4829
778464,2025,ATL,MIA,1564.65,1553.53,11.12,0.5504
778465,2025,NYM,TOR,1616.92,1553.99,62.93,0.6226
778438,2025,TEX,TB,1550.2,1577.97,-27.76,0.4946
778439,2025,MIL,CIN,1571.39,1532.55,38.84,0.5895
778440,2025,MIN,HOU,1465.47,1582.05,-116.58,0.3698
778441,2025,KC,BAL,1571.01,1523.21,47.8,0.6019
778443,2025,BOS,STL,1574.5,1584.16,-9.66,0.5206
778445,2025,DET,CWS,1591.92,1437.99,153.93,0.7358
778446,2025,NYM,TOR,1627.44,1543.47,83.97,0.6506
778447,2025,LAA,CLE,1440.7,1558.38,-117.68,0.3684
778448,2025,PHI,LAD,1620.3,1687.3,-67.0,0.4384
778449,2025,PIT,NYY,1482.44,1619.18,-136.73,0.3432
778450,2025,CHC,SD,1619.15,1672.6,-53.45,0.4577
778451,2025,ATL,MIA,1581.82,1536.37,45.45,0.5986
778452,2025,WSH,ARI,1478.23,1627.39,-149.17,0.3273
778453,2025,MIL,CIN,1556.48,1554.93,1.55,0.5367
778454,2025,TEX,TB,1558.97,1569.19,-10.22,0.5198
778419,2025,MIN,HOU,1491.21,1564.9,-73.69,0.429
778420,2025,TEX,TB,1569.58,1558.59,10.99,0.5502
778421,2025,MIL,CIN,1561.61,1549.79,11.82,0.5514
778422,2025,KC,BAL,1551.41,1552.61,-1.2,0.5328
778423,2025,COL,OAK,1449.37,1480.84,-31.46,0.4893
778425,2025,LAA,CLE,1428.41,1564.52,-136.11,0.344
778427,2025,SF,SEA,1624.84,1563.29,61.55,0.6207
778428,2025,PIT,NYY,1467.35,1629.24,-161.88,0.3114
778429,2025,WSH,ARI,1488.71,1620.41,-131.7,0.3498
778430,2025,CHC,SD,1635.63,1656.11,-20.48,0.5051
778431,2025,ATL,MIA,1566.71,1559.02,7.69,0.5455
778432,2025,BOS,STL,1574.27,1584.39,-10.12,0.52
778433,2025,DET,CWS,1599.0,1423.83,175.17,0.7589
778434,2025,PHI,LAD,1612.82,1694.77,-81.95,0.4174
778435,2025,NYM,TOR,1631.17,1537.87,93.3,0.6627
778436,2025,SF,SEA,1628.94,1559.2,69.74,0.6317
778437,2025,LAA,CLE,1460.22,1548.62,-88.39,0.4084
778442,2025,COL,OAK,1482.88,1455.71,27.17,0.5731
778443,2025,BOS,STL,1593.27,1565.39,27.88,0.5741
778411,2025,CHC,TEX,1630.08,1574.54,55.54,0.6125
778412,2025,KC,MIN,1561.77,1480.26,81.5,0.6473
778415,2025,PIT,STL,1478.02,1560.73,-82.7,0.4163
778416,2025,NYM,MIA,1634.76,1559.53,75.23,0.639
778418,2025,WSH,LAD,1498.91,1688.54,-189.63,0.2782
778424,2025,DET,NYY,1601.48,1622.12,-20.65,0.5048
778426,2025,BOS,TOR,1597.93,1532.49,65.44,0.6259
778400,2025,KC,MIN,1567.74,1471.3,96.45,0.6667
778401,2025,CHC,TEX,1642.66,1561.96,80.69,0.6463
778402,2025,CLE,CWS,1522.05,1418.88,103.18,0.6753
778403,2025,DET,NYY,1614.11,1609.49,4.62,0.5411
778404,2025,BOS,TOR,1582.28,1555.97,26.31,0.5719
778405,2025,SEA,HOU,1551.28,1572.19,-20.92,0.5044
778406,2025,ATL,PHI,1566.21,1619.05,-52.84,0.4586
778407,2025,NYM,MIA,1640.9,1553.39,87.5,0.6552
778408,2025,PIT,STL,1499.75,1546.24,-46.49,0.4677
778409,2025,WSH,LAD,1516.44,1676.86,-160.43,0.3132
778410,2025,SF,CIN,1636.85,1528.95,107.9,0.6812
778413,2025,ARI,BAL,1613.6,1542.25,71.35,0.6339
778414,2025,OAK,SD,1474.54,1661.66,-187.12,0.2811
778417,2025,TB,LAA,1553.63,1486.79,66.84,0.6278
778376,2025,SF,CIN,1625.44,1546.07,79.37,0.6445
778380,2025,ARI,BAL,1597.79,1565.97,31.83,0.5797
778381,2025,OAK,SD,1470.23,1664.54,-194.3,0.2728
778383,2025,SEA,HOU,1556.72,1566.75,-10.03,0.5201
778385,2025,CHC,TEX,1651.44,1553.18,98.26,0.669
778386,2025,BOS,TOR,1566.08,1572.17,-6.09,0.5257
778387,2025,DET,NYY,1627.24,1596.36,30.87,0.5783
778388,2025,KC,MIN,1571.28,1465.98,105.3,0.6779
778389,2025,PIT,STL,1487.68,1558.32,-70.64,0.4333
778390,2025,NYM,MIA,1650.4,1543.89,106.52,0.6795
778391,2025,CLE,CWS,1527.21,1412.0,115.22,0.6903
778392,2025,WSH,LAD,1546.33,1656.93,-110.6,0.3779
778393,2025,ATL,PHI,1575.5,1609.76,-34.25,0.4853
778394,2025,COL,MIL,1464.04,1575.51,-111.46,0.3767
778395,2025,OAK,SD,1466.06,1667.32,-201.25,0.265
778396,2025,ARI,BAL,1613.06,1550.7,62.36,0.6218
778397,2025,SF,CIN,1631.47,1537.03,94.44,0.6641
778398,2025,SEA,HOU,1562.02,1561.45,0.57,0.5353
778399,2025,TB,LAA,1546.87,1496.92,49.95,0.6048
778371,2025,COL,MIL,1447.3,1586.67,-139.37,0.3398
778373,2025,KC,MIN,1554.62,1490.97,63.65,0.6235
778377,2025,BOS,TOR,1560.26,1577.99,-17.72,0.509
778378,2025,CLE,CWS,1532.11,1405.47,126.64,0.7042
778379,2025,COL,MIL,1482.9,1568.87,-85.97,0.4117
778382,2025,TB,LAA,1553.3,1490.49,62.8,0.6224
778384,2025,ATL,PHI,1570.21,1615.06,-44.85,0.47
778366,2025,CWS,BOS,1389.43,1565.67,-176.24,0.2939
778367,2025,TB,ATL,1530.08,1579.33,-49.25,0.4637
778369,2025,MIA,WSH,1571.75,1540.35,31.41,0.5791
778370,2025,NYY,SF,1602.69,1624.41,-21.72,0.5033
778372,2025,BAL,TOR,1546.62,1572.59,-25.96,0.4972
778374,2025,CIN,PIT,1547.62,1496.81,50.81,0.606
778375,2025,CLE,KC,1544.14,1558.68,-14.54,0.5136
778346,2025,OAK,NYM,1497.51,1631.82,-134.31,0.3464
778347,2025,STL,PHI,1552.23,1605.93,-53.7,0.4574
778348,2025,MIN,DET,1484.89,1620.91,-136.02,0.3441
778349,2025,CWS,BOS,1439.59,1540.59,-101.0,0.391
778351,2025,HOU,LAA,1567.39,1525.32,42.07,0.594
778353,2025,TB,ATL,1547.53,1567.7,-20.17,0.5055
778354,2025,MIA,WSH,1559.09,1559.34,-0.25,0.5341
778355,2025,NYY,SF,1585.17,1641.93,-56.76,0.453
778356,2025,LAD,CHC,1660.92,1634.95,25.97,0.5714
778357,2025,CIN,PIT,1557.77,1486.66,71.12,0.6336
778358,2025,OAK,NYM,1513.76,1621.0,-107.24,0.3824
778359,2025,CLE,KC,1568.25,1542.61,25.65,0.571
778360,2025,SEA,TEX,1556.09,1569.67,-13.58,0.515
778361,2025,SD,COL,1646.35,1456.53,189.82,0.774
778362,2025,BAL,TOR,1546.67,1572.55,-25.89,0.4973
778363,2025,MIN,DET,1472.37,1629.26,-156.89,0.3176
778364,2025,ARI,MIL,1617.14,1586.45,30.69,0.5781
778365,2025,STL,PHI,1542.32,1615.83,-73.51,0.4292
778368,2025,HOU,LAA,1554.46,1544.71,9.75,0.5484
778329,2025,HOU,LAA,1572.33,1517.9,54.44,0.611
778330,2025,SD,COL,1653.66,1445.56,208.11,0.7919
778331,2025,LAD,CHC,1670.32,1625.56,44.76,0.5977
778332,2025,ARI,MIL,1598.17,1605.42,-7.25,0.5241
778333,2025,OAK,NYM,1507.69,1625.04,-117.35,0.3688
778334,2025,SEA,TEX,1564.56,1561.2,3.36,0.5393
778335,2025,MIN,DET,1467.44,1632.55,-165.11,0.3074
778336,2025,STL,PHI,1556.89,1606.12,-49.23,0.4637
778337,2025,MIA,WSH,1564.26,1554.17,10.08,0.5489
778338,2025,CWS,BOS,1452.5,1530.9,-78.4,0.4224
778339,2025,NYY,SF,1598.9,1628.2,-29.3,0.4924
778340,2025,TB,ATL,1539.2,1573.26,-34.06,0.4855
778341,2025,SEA,TEX,1572.65,1553.11,19.53,0.5623
778342,2025,CLE,KC,1577.66,1528.5,49.16,0.6038
778343,2025,CIN,PIT,1565.65,1474.85,90.8,0.6594
778344,2025,BAL,TOR,1554.93,1567.04,-12.11,0.5171
778345,2025,LAD,CHC,1660.02,1635.85,24.17,0.5689
778350,2025,ARI,MIL,1608.69,1594.9,13.79,0.5542
778352,2025,SD,COL,1659.58,1433.71,225.87,0.8082
778320,2025,PHI,SF,1588.67,1633.59,-44.92,0.4699
778321,2025,PIT,WSH,1462.21,1539.23,-77.02,0.4243
778322,2025,TOR,ATL,1572.75,1558.73,14.02,0.5545
778323,2025,MIL,DET,1589.98,1615.96,-25.97,0.4972
778324,2025,MIN,NYM,1492.32,1637.35,-145.03,0.3325
778325,2025,STL,HOU,1574.34,1582.11,-7.77,0.5233
778327,2025,NYY,KC,1593.51,1544.07,49.44,0.6041
778328,2025,TB,BOS,1560.99,1541.65,19.33,0.562
778307,2025,MIN,NYM,1480.27,1645.38,-165.11,0.3074
778308,2025,STL,HOU,1587.95,1568.49,19.46,0.5622
778309,2025,CWS,OAK,1441.75,1489.23,-47.48,0.4663
778310,2025,MIL,DET,1572.71,1633.23,-60.52,0.4476
778311,2025,TOR,ATL,1558.56,1572.92,-14.36,0.5139
778312,2025,NYY,KC,1602.1,1531.19,70.91,0.6333
778313,2025,PHI,SF,1574.33,1647.92,-73.59,0.4291
778314,2025,PIT,WSH,1489.97,1511.47,-21.5,0.5036
778315,2025,SD,CHC,1662.64,1661.36,1.28,0.5363
778316,2025,CIN,SEA,1574.07,1587.08,-13.01,0.5158
778317,2025,BAL,CLE,1549.23,1567.28,-18.05,0.5086
778318,2025,MIA,ARI,1579.2,1613.6,-34.41,0.485
778319,2025,TB,BOS,1580.24,1512.76,67.48,0.6287
778326,2025,LAD,COL,1634.51,1427.6,206.91,0.7907
778288,2025,SD,CHC,1677.07,1646.93,30.14,0.5773
778290,2025,STL,HOU,1578.16,1578.29,-0.13,0.5343
778293,2025,PIT,WSH,1473.38,1528.07,-54.69,0.456
778294,2025,CWS,OAK,1408.12,1514.45,-106.33,0.3837
778295,2025,MIL,DET,1588.12,1617.82,-29.7,0.4918
778296,2025,PHI,SF,1584.04,1638.21,-54.17,0.4567
778297,2025,TOR,ATL,1569.27,1562.21,7.06,0.5446
778298,2025,TB,BOS,1566.71,1533.06,33.66,0.5822
778299,2025,MIN,NYM,1501.71,1631.09,-129.39,0.3528
778300,2025,NYY,KC,1608.34,1521.82,86.52,0.6539
778301,2025,BAL,CLE,1532.45,1578.47,-46.02,0.4684
778302,2025,LAD,COL,1637.88,1420.87,217.0,0.8002
778303,2025,MIA,ARI,1564.33,1628.47,-64.14,0.4425
778304,2025,CIN,SEA,1586.46,1574.68,11.78,0.5513
778305,2025,SD,CHC,1684.4,1639.6,44.8,0.5977
778306,2025,TEX,LAA,1538.68,1503.23,35.44,0.5847
778278,2025,NYM,STL,1624.31,1588.49,35.83,0.5853
778279,2025,PHI,SF,1569.21,1653.04,-83.83,0.4147
778280,2025,PIT,WSH,1496.21,1505.24,-9.03,0.5215
778282,2025,TB,NYY,1560.36,1612.03,-51.68,0.4602
778283,2025,CWS,OAK,1395.25,1524.1,-128.85,0.3535
778285,2025,CIN,SEA,1576.82,1584.32,-7.5,0.5237
778286,2025,DET,KC,1604.91,1516.28,88.63,0.6566
778287,2025,LAD,COL,1642.56,1411.51,231.05,0.8128
778289,2025,TEX,LAA,1554.46,1487.45,67.02,0.6281
778291,2025,MIA,ARI,1553.26,1639.54,-86.29,0.4113
778292,2025,BAL,CLE,1559.91,1560.16,-0.25,0.5341
778268,2025,CHC,ARI,1646.1,1646.5,-0.4,0.5339
778270,2025,NYM,STL,1633.37,1579.43,53.93,0.6103
778271,2025,PIT,CLE,1504.14,1548.16,-44.03,0.4712
778272,2025,TB,NYY,1550.38,1622.01,-71.63,0.4319
778273,2025,TOR,SEA,1577.25,1597.76,-20.51,0.505
778274,2025,PHI,MIA,1579.12,1546.3,32.82,0.5811
778275,2025,BOS,CWS,1542.6,1371.77,170.83,0.7543
778276,2025,BAL,CIN,1571.9,1563.38,8.52,0.5467
778277,2025,DET,KC,1614.37,1502.09,112.28,0.6867
778281,2025,TEX,LAA,1560.81,1477.93,82.88,0.6491
778284,2025,ATL,MIN,1554.23,1511.87,42.35,0.5943
778247,2025,COL,WSH,1407.75,1497.31,-89.56,0.4068
778251,2025,TEX,LAD,1566.75,1644.44,-77.69,0.4233
778252,2025,PHI,MIA,1590.96,1528.55,62.41,0.6218
778253,2025,MIL,OAK,1601.03,1541.71,59.32,0.6177
778254,2025,PIT,CLE,1488.77,1563.53,-74.77,0.4275
778255,2025,TB,NYY,1545.74,1626.65,-80.91,0.4188
778256,2025,NYM,STL,1637.58,1575.22,62.37,0.6218
778257,2025,CHC,ARI,1654.29,1638.31,15.98,0.5573
778258,2025,TOR,SEA,1585.87,1589.14,-3.27,0.5298
778259,2025,HOU,SD,1567.96,1677.9,-109.94,0.3788
778260,2025,LAA,SF,1469.01,1643.13,-174.12,0.2965
778261,2025,MIL,OAK,1590.46,1557.57,32.89,0.5811
778262,2025,BAL,CIN,1556.29,1579.0,-22.7,0.5019
778263,2025,TEX,LAD,1572.93,1638.26,-65.33,0.4408
778264,2025,BOS,CWS,1553.98,1356.6,197.38,0.7815
778265,2025,DET,KC,1622.05,1490.57,131.48,0.7099
778266,2025,COL,WSH,1399.08,1503.81,-104.73,0.3859
778267,2025,ATL,MIN,1561.22,1501.38,59.84,0.6184
778269,2025,HOU,SD,1574.52,1671.34,-96.82,0.3967
778232,2025,LAA,SF,1486.2,1631.67,-145.47,0.332
778234,2025,TEX,LAD,1563.43,1647.76,-84.32,0.414
778235,2025,COL,WSH,1401.5,1502.0,-100.51,0.3916
778236,2025,CHC,ARI,1665.61,1626.99,38.62,0.5892
778237,2025,HOU,SD,1584.68,1661.18,-76.5,0.425
778239,2025,MIL,OAK,1597.71,1550.31,47.4,0.6013
778240,2025,TB,NYY,1560.52,1616.79,-56.27,0.4537
778241,2025,TOR,SEA,1572.25,1602.77,-30.52,0.4906
778242,2025,PIT,CLE,1475.01,1572.7,-97.69,0.3955
778243,2025,LAA,SF,1496.63,1624.72,-128.1,0.3545
778244,2025,NYM,STL,1645.74,1567.06,78.68,0.6436
778245,2025,BOS,CWS,1556.2,1352.15,204.05,0.788
778246,2025,DET,KC,1626.86,1483.35,143.5,0.724
778248,2025,PHI,MIA,1595.03,1522.43,72.6,0.6355
778249,2025,ATL,MIN,1565.34,1495.2,70.14,0.6323
778250,2025,BAL,CIN,1568.99,1566.3,2.69,0.5383
778225,2025,NYM,PHI,1653.37,1584.22,69.16,0.6309
778227,2025,CLE,NYY,1576.9,1628.19,-51.28,0.4608
778228,2025,DET,SD,1619.32,1665.74,-46.42,0.4678
778230,2025,MIA,CIN,1538.65,1593.27,-54.62,0.456
778233,2025,ATL,STL,1574.52,1559.43,15.09,0.556
778238,2025,BOS,CWS,1537.63,1389.29,148.34,0.7295
778266,2025,COL,WSH,1393.19,1508.23,-115.04,0.3719
778215,2025,KC,COL,1494.66,1414.17,80.49,0.646
778216,2025,MIN,CWS,1481.43,1380.38,101.06,0.6726
778218,2025,CLE,NYY,1586.17,1618.92,-32.76,0.4874
778219,2025,MIA,CIN,1556.31,1581.5,-25.19,0.4983
778220,2025,CHC,LAD,1659.19,1652.18,7.01,0.5445
778221,2025,DET,SD,1628.48,1656.58,-28.1,0.4941
778222,2025,WSH,BAL,1492.49,1542.01,-49.52,0.4633
778223,2025,NYM,PHI,1657.34,1580.25,77.09,0.6415
778224,2025,BOS,SEA,1544.31,1616.64,-72.33,0.4309
778226,2025,SF,MIL,1628.44,1614.19,14.25,0.5548
778229,2025,ATL,STL,1579.41,1554.54,24.87,0.5699
778231,2025,HOU,TOR,1580.12,1558.38,21.75,0.5655
778195,2025,KC,COL,1500.34,1406.6,93.74,0.6632
778200,2025,HOU,TOR,1594.44,1544.06,50.38,0.6054
778201,2025,MIN,CWS,1489.69,1369.37,120.31,0.6965
778203,2025,NYM,PHI,1666.26,1571.33,94.93,0.6648
778204,2025,WSH,BAL,1518.69,1515.82,2.87,0.5386
778205,2025,CHC,LAD,1664.22,1647.14,17.08,0.5588
778206,2025,CLE,NYY,1591.77,1613.32,-21.56,0.5035
778207,2025,BOS,SEA,1568.01,1600.84,-32.84,0.4873
778208,2025,MIA,CIN,1561.81,1576.0,-14.18,0.5141
778209,2025,DET,SD,1619.91,1665.15,-45.25,0.4695
778210,2025,SF,MIL,1638.25,1604.38,33.87,0.5825
778211,2025,LAA,PIT,1491.05,1468.71,22.34,0.5663
778212,2025,ARI,TB,1633.41,1549.13,84.28,0.651
778213,2025,OAK,TEX,1533.84,1559.01,-25.18,0.4983
778214,2025,ATL,STL,1561.87,1572.08,-10.21,0.5198
778217,2025,HOU,TOR,1601.22,1533.89,67.33,0.6285
778189,2025,MIN,CWS,1499.26,1356.61,142.65,0.723
778190,2025,KC,COL,1497.73,1410.07,87.66,0.6554
778193,2025,WSH,BAL,1526.35,1508.16,18.2,0.5604
778194,2025,SF,MIL,1618.08,1624.55,-6.47,0.5252
778195,2025,KC,COL,1508.76,1395.37,113.39,0.688
778196,2025,BOS,SEA,1557.36,1611.49,-54.13,0.4567
778197,2025,OAK,TEX,1517.44,1569.94,-52.49,0.4591
778198,2025,SF,MIL,1623.33,1619.3,4.03,0.5403
778199,2025,ARI,TB,1642.07,1536.15,105.92,0.6787
778202,2025,LAA,PIT,1464.87,1494.89,-30.02,0.4913
778179,2025,CLE,BOS,1578.93,1552.41,26.51,0.5722
778180,2025,DET,BAL,1636.09,1517.4,118.69,0.6945
778182,2025,CHC,PHI,1669.08,1567.77,101.31,0.6729
778183,2025,WSH,NYM,1517.11,1669.83,-152.72,0.3228
778185,2025,NYY,TOR,1626.16,1519.97,106.2,0.6791
778186,2025,MIN,LAA,1476.67,1448.75,27.93,0.5742
778187,2025,KC,HOU,1520.22,1610.5,-90.28,0.4058
778188,2025,ARI,TB,1634.89,1546.92,87.97,0.6558
778191,2025,LAA,PIT,1420.77,1511.02,-90.25,0.4058
778192,2025,OAK,TEX,1535.02,1558.22,-23.2,0.5012
778159,2025,SF,TEX,1631.4,1552.75,78.65,0.6436
778161,2025,COL,CIN,1380.09,1587.33,-207.24,0.2583
778164,2025,STL,MIL,1561.48,1611.23,-49.75,0.463
778165,2025,OAK,CWS,1543.23,1386.73,156.5,0.7387
778166,2025,MIN,LAA,1497.66,1433.43,64.23,0.6243
778167,2025,KC,HOU,1535.27,1600.47,-65.2,0.441
778168,2025,DET,BAL,1634.04,1520.47,113.57,0.6882
778169,2025,CLE,BOS,1578.14,1553.21,24.93,0.57
778170,2025,NYY,TOR,1614.78,1537.05,77.73,0.6424
778171,2025,SF,TEX,1635.22,1548.93,86.29,0.6536
778172,2025,SD,TB,1648.97,1567.9,81.07,0.6468
778173,2025,WSH,NYM,1527.64,1662.8,-135.16,0.3453
778174,2025,CHC,PHI,1677.13,1559.72,117.41,0.693
778175,2025,SEA,MIA,1616.44,1550.48,65.95,0.6266
778176,2025,LAD,PIT,1642.29,1501.53,140.76,0.7208
778177,2025,ARI,ATL,1620.9,1572.47,48.43,0.6028
778178,2025,OAK,CWS,1508.82,1432.62,76.2,0.6403
778179,2025,CLE,BOS,1563.62,1567.72,-4.09,0.5286
778180,2025,DET,BAL,1637.33,1515.54,121.79,0.6983
778181,2025,COL,CIN,1371.79,1591.48,-219.69,0.2448
778184,2025,STL,MIL,1567.3,1605.41,-38.11,0.4797
778136,2025,SEA,MIA,1600.77,1566.15,34.62,0.5836
778144,2025,MIN,LAA,1511.76,1414.63,97.13,0.6676
778145,2025,LAD,PIT,1627.26,1524.07,103.2,0.6753
778146,2025,SD,TB,1642.05,1574.82,67.23,0.6284
778147,2025,ARI,ATL,1602.54,1590.83,11.71,0.5512
778148,2025,COL,CIN,1366.85,1593.95,-227.09,0.237
778149,2025,OAK,CWS,1514.6,1424.91,89.69,0.658
778150,2025,STL,MIL,1572.98,1599.74,-26.76,0.496
778151,2025,SF,TEX,1624.16,1565.51,58.65,0.6167
778152,2025,KC,HOU,1549.59,1590.93,-41.34,0.4751
778153,2025,WSH,NYM,1519.06,1668.52,-149.46,0.3269
778154,2025,SEA,MIA,1605.32,1561.6,43.71,0.5962
778155,2025,DET,BAL,1644.69,1504.5,140.19,0.7201
778156,2025,NYY,TOR,1613.25,1539.33,73.92,0.6373
778157,2025,CLE,BOS,1568.84,1562.5,6.34,0.5436
778158,2025,CHC,PHI,1656.65,1580.2,76.45,0.6407
778160,2025,SD,TB,1631.33,1585.53,45.8,0.5991
778162,2025,ARI,ATL,1610.39,1582.98,27.4,0.5734
778163,2025,LAD,PIT,1637.58,1508.59,129.0,0.707
778170,2025,NYY,TOR,1626.18,1519.94,106.24,0.6791
778138,2025,WSH,NYM,1529.55,1661.53,-131.98,0.3494
778139,2025,CLE,MIN,1548.05,1525.45,22.6,0.5667
778140,2025,BAL,NYY,1491.37,1634.06,-142.69,0.3355
778141,2025,CIN,STL,1601.1,1557.72,43.38,0.5958
778125,2025,CWS,MIL,1417.62,1615.0,-197.38,0.2693
778127,2025,TOR,BOS,1508.12,1583.29,-75.18,0.4269
778128,2025,TB,KC,1598.55,1531.58,66.98,0.628
778129,2025,CLE,MIN,1515.77,1557.73,-41.96,0.4742
778130,2025,NYM,ARI,1675.81,1604.1,71.71,0.6344
778131,2025,PHI,WSH,1591.08,1508.12,82.96,0.6492
778132,2025,LAD,MIA,1644.71,1544.45,100.26,0.6716
778133,2025,BAL,NYY,1501.75,1627.14,-125.39,0.3581
778134,2025,CIN,STL,1608.06,1550.75,57.31,0.6149
778135,2025,PIT,CHC,1497.89,1645.76,-147.87,0.3289
778137,2025,COL,ATL,1352.56,1589.26,-236.71,0.2272
778142,2025,HOU,DET,1602.93,1653.45,-50.51,0.4619
778143,2025,TEX,OAK,1561.37,1520.07,41.31,0.5929
778102,2025,COL,ATL,1343.46,1593.81,-250.35,0.2137
778104,2025,SEA,LAA,1622.47,1396.37,226.1,0.8084
778105,2025,SD,SF,1618.31,1628.3,-9.99,0.5202
778109,2025,LAD,MIA,1648.19,1539.22,108.97,0.6825
778110,2025,HOU,DET,1614.6,1641.78,-27.18,0.4954
778111,2025,CWS,MIL,1403.45,1622.08,-218.63,0.2459
778112,2025,PIT,CHC,1480.86,1657.12,-176.26,0.2939
778113,2025,TB,KC,1587.84,1547.64,40.19,0.5913
778114,2025,TOR,BOS,1486.35,1597.81,-111.45,0.3767
778115,2025,BAL,NYY,1480.89,1641.04,-160.15,0.3135
778116,2025,CLE,MIN,1524.35,1552.0,-27.65,0.4947
778117,2025,NYM,ARI,1685.97,1593.95,92.01,0.661
778118,2025,PHI,WSH,1594.83,1502.5,92.33,0.6614
778119,2025,CIN,STL,1606.82,1551.99,54.83,0.6115
778120,2025,COL,ATL,1359.12,1585.98,-226.87,0.2373
778121,2025,SEA,LAA,1627.88,1385.55,242.32,0.8225
778122,2025,TEX,OAK,1554.92,1529.75,25.17,0.5703
778123,2025,LAD,MIA,1656.87,1526.22,130.65,0.7089
778124,2025,HOU,DET,1603.75,1652.63,-48.89,0.4642
778126,2025,SD,SF,1626.71,1619.9,6.81,0.5442
778134,2025,CIN,STL,1585.85,1572.97,12.88,0.5529
778094,2025,CWS,MIL,1395.58,1626.01,-230.43,0.2336
778095,2025,TOR,BOS,1496.22,1591.23,-95.01,0.3992
778096,2025,TEX,OAK,1572.86,1502.84,70.02,0.6321
778097,2025,TB,KC,1574.96,1566.97,7.99,0.5459
778099,2025,PHI,WSH,1604.14,1488.53,115.62,0.6908
778100,2025,PIT,CHC,1491.74,1649.87,-158.13,0.316
778103,2025,NYM,ARI,1678.93,1600.99,77.94,0.6426
778106,2025,TEX,OAK,1559.27,1523.22,36.05,0.5856
778107,2025,CIN,STL,1568.73,1590.08,-21.35,0.5038
778108,2025,CLE,MIN,1537.51,1543.23,-5.73,0.5263
778079,2025,CWS,HOU,1444.36,1612.96,-168.6,0.3031
778081,2025,TOR,CLE,1511.4,1545.37,-33.96,0.4857
778086,2025,PHI,ARI,1592.61,1611.9,-19.29,0.5068
778087,2025,CIN,WSH,1586.01,1505.83,80.18,0.6456
778088,2025,NYY,TB,1633.95,1558.02,75.93,0.64
778089,2025,BOS,MIN,1581.1,1535.37,45.73,0.599
778090,2025,PIT,SD,1479.06,1636.79,-157.73,0.3165
778091,2025,MIA,OAK,1508.82,1550.13,-41.31,0.4751
778092,2025,ATL,LAD,1592.68,1668.47,-75.79,0.426
778093,2025,BAL,KC,1491.54,1583.9,-92.36,0.4029
778098,2025,SF,COL,1609.83,1345.73,264.1,0.84
778101,2025,LAA,DET,1379.93,1643.42,-263.49,0.2012
778064,2025,TOR,CLE,1524.76,1532.01,-7.25,0.5241
778065,2025,PIT,SD,1466.36,1645.26,-178.9,0.2908
778066,2025,CWS,HOU,1477.7,1596.29,-118.59,0.3671
778068,2025,STL,NYM,1572.81,1668.02,-95.21,0.3989
778069,2025,SF,COL,1601.51,1362.36,239.15,0.8198
778070,2025,TEX,SEA,1541.33,1630.69,-89.36,0.407
778071,2025,MIL,CHC,1601.62,1658.32,-56.7,0.4531
778072,2025,BAL,KC,1510.61,1571.19,-60.58,0.4475
778073,2025,BOS,MIN,1592.36,1518.48,73.88,0.6373
778074,2025,NYY,TB,1641.67,1550.3,91.36,0.6602
778075,2025,MIA,OAK,1488.76,1563.5,-74.74,0.4275
778076,2025,ATL,LAD,1588.11,1673.03,-84.92,0.4132
778077,2025,CIN,WSH,1595.81,1491.13,104.68,0.6772
778078,2025,PHI,ARI,1598.03,1606.48,-8.44,0.5224
778080,2025,MIL,CHC,1590.25,1669.7,-79.45,0.4209
778082,2025,SF,COL,1605.11,1355.15,249.96,0.8288
778083,2025,TEX,SEA,1534.82,1635.03,-100.2,0.3921
778084,2025,STL,NYM,1573.88,1666.94,-93.06,0.4019
778085,2025,LAA,DET,1368.74,1649.02,-280.27,0.1861
778048,2025,SF,COL,1609.07,1347.23,261.84,0.8383
778050,2025,LAA,DET,1357.13,1654.82,-297.69,0.1714
778051,2025,PIT,SD,1461.88,1648.24,-186.35,0.282
778052,2025,TEX,SEA,1511.74,1650.42,-138.68,0.3407
778053,2025,STL,NYM,1561.87,1678.95,-117.07,0.3692
778054,2025,MIL,CHC,1574.66,1685.28,-110.62,0.3779
778055,2025,CWS,HOU,1462.72,1606.28,-143.56,0.3344
778056,2025,TOR,CLE,1510.99,1545.79,-34.8,0.4845
778057,2025,NYY,TB,1634.64,1557.33,77.31,0.6418
778058,2025,CIN,WSH,1577.28,1518.92,58.36,0.6163
778059,2025,PHI,ARI,1611.67,1592.84,18.84,0.5613
778060,2025,ATL,LAD,1574.88,1686.27,-111.4,0.3768
778061,2025,MIA,OAK,1507.18,1551.22,-44.03,0.4712
778062,2025,BAL,KC,1493.78,1582.41,-88.62,0.4081
778063,2025,BOS,MIN,1585.53,1528.74,56.79,0.6142
778067,2025,LAA,DET,1344.74,1661.02,-316.28,0.1568
778068,2025,STL,NYM,1568.52,1672.31,-103.79,0.3872
778036,2025,STL,PIT,1575.01,1451.84,123.16,0.7
778042,2025,MIL,HOU,1589.92,1599.35,-9.43,0.521
778043,2025,KC,CWS,1593.65,1473.11,120.54,0.6968
778044,2025,CHC,SF,1670.03,1613.57,56.45,0.6138
778045,2025,NYY,SD,1623.74,1654.93,-31.19,0.4896
778046,2025,WSH,CLE,1538.9,1553.72,-14.82,0.5132
778047,2025,MIA,LAD,1499.5,1679.69,-180.19,0.2892
778049,2025,ATL,CIN,1581.45,1563.96,17.49,0.5594
778026,2025,WSH,CLE,1538.68,1553.87,-15.18,0.5127
778027,2025,CHC,SF,1682.56,1601.04,81.51,0.6473
778028,2025,MIN,BAL,1538.7,1476.91,61.78,0.621
778030,2025,STL,PIT,1581.31,1442.39,138.92,0.7187
778031,2025,MIL,HOU,1602.2,1587.07,15.14,0.5561
778033,2025,KC,CWS,1600.03,1463.55,136.48,0.7158
778034,2025,ATL,CIN,1592.71,1552.71,40.0,0.5911
778035,2025,MIA,LAD,1490.6,1685.62,-195.02,0.272
778037,2025,BOS,TEX,1578.89,1542.69,36.19,0.5858
778038,2025,OAK,SEA,1556.34,1629.78,-73.44,0.4293
778039,2025,ARI,NYM,1602.62,1665.82,-63.2,0.4438
778040,2025,TB,PHI,1568.23,1601.89,-33.66,0.4861
778041,2025,NYY,SD,1618.38,1660.29,-41.9,0.4743
778046,2025,WSH,CLE,1546.73,1548.5,-1.76,0.532
778010,2025,OAK,SEA,1562.46,1623.66,-61.2,0.4467
778011,2025,MIN,BAL,1558.14,1457.47,100.66,0.6721
778012,2025,KC,CWS,1603.0,1459.1,143.9,0.7244
778014,2025,ARI,NYM,1597.83,1670.6,-72.77,0.4303
778015,2025,MIL,HOU,1607.09,1582.18,24.91,0.5699
778016,2025,STL,PIT,1584.24,1436.52,147.72,0.7288
778017,2025,MIA,LAD,1501.73,1678.21,-176.48,0.2936
778018,2025,BOS,TEX,1562.36,1567.47,-5.11,0.5272
778019,2025,NYY,SD,1637.39,1641.28,-3.89,0.5289
778020,2025,CHC,SF,1659.56,1624.04,35.52,0.5848
778021,2025,TB,PHI,1555.9,1614.22,-58.32,0.4508
778022,2025,WSH,CLE,1518.7,1576.53,-57.82,0.4515
778023,2025,ATL,CIN,1597.16,1548.25,48.91,0.6034
778024,2025,OAK,SEA,1557.64,1628.48,-70.83,0.433
778025,2025,LAA,TOR,1377.44,1503.05,-125.61,0.3578
778029,2025,COL,DET,1338.23,1644.67,-306.43,0.1644
778032,2025,ARI,NYM,1584.87,1683.57,-98.7,0.3941
778003,2025,ATL,CIN,1590.62,1558.07,32.55,0.5807
778004,2025,COL,DET,1344.77,1641.4,-296.63,0.1723
778005,2025,TB,PHI,1541.29,1628.83,-87.54,0.4096
778006,2025,BOS,TEX,1570.66,1559.18,11.47,0.5509
778007,2025,MIN,BAL,1565.09,1447.04,118.05,0.6938
778008,2025,KC,CWS,1605.86,1454.79,151.07,0.7326
778009,2025,LAA,TOR,1412.28,1476.93,-64.65,0.4418
778013,2025,COL,DET,1334.09,1646.74,-312.65,0.1596
778029,2025,COL,DET,1329.18,1649.19,-320.01,0.1539
777990,2025,KC,BOS,1615.46,1583.47,32.0,0.5799
777991,2025,CWS,MIA,1440.39,1486.71,-46.31,0.4679
777995,2025,WSH,STL,1507.11,1591.53,-84.42,0.4139
777996,2025,DET,TEX,1654.35,1546.37,107.97,0.6813
777997,2025,CLE,PHI,1584.26,1633.2,-48.94,0.4642
777998,2025,PIT,ATL,1421.95,1595.2,-173.25,0.2975
777999,2025,ARI,LAD,1599.8,1688.22,-88.42,0.4083
778000,2025,LAA,TOR,1424.3,1467.91,-43.6,0.4718
778001,2025,NYM,CHC,1668.64,1649.44,19.19,0.5618
778002,2025,TB,MIL,1534.74,1587.28,-52.54,0.459
777972,2025,OAK,NYY,1550.27,1642.61,-92.34,0.4029
777974,2025,MIN,SF,1571.54,1634.16,-62.62,0.4447
777977,2025,KC,BOS,1620.06,1578.87,41.18,0.5927
777978,2025,CWS,MIA,1467.23,1466.58,0.65,0.5354
777979,2025,HOU,CIN,1601.99,1553.49,48.5,0.6028
777980,2025,WSH,STL,1484.17,1606.82,-122.66,0.3617
777981,2025,TB,MIL,1543.53,1581.42,-37.89,0.48
777982,2025,NYM,CHC,1681.09,1636.99,44.1,0.5968
777983,2025,CLE,PHI,1600.58,1616.88,-16.3,0.5111
777984,2025,SEA,TOR,1635.85,1483.3,152.55,0.7343
777985,2025,PIT,ATL,1436.39,1587.98,-151.58,0.3242
777986,2025,LAA,BAL,1403.78,1434.15,-30.37,0.4908
777987,2025,DET,TEX,1657.72,1541.32,116.4,0.6917
777988,2025,ARI,LAD,1609.8,1678.22,-68.43,0.4364
777989,2025,HOU,CIN,1586.8,1568.68,18.12,0.5603
777992,2025,MIN,SF,1577.53,1628.17,-50.64,0.4617
777993,2025,COL,SD,1318.87,1636.06,-317.2,0.1561
777994,2025,OAK,NYY,1565.03,1627.85,-62.82,0.4444
777954,2025,ARI,LAD,1600.41,1687.61,-87.2,0.41
777955,2025,COL,SD,1311.84,1639.58,-327.74,0.1482
777956,2025,MIN,SF,1586.78,1618.92,-32.14,0.4883
777957,2025,OAK,NYY,1549.84,1643.04,-93.2,0.4017
777958,2025,SEA,TOR,1620.62,1506.15,114.48,0.6894
777961,2025,LAA,BAL,1382.3,1455.63,-73.32,0.4295
777962,2025,WSH,STL,1475.13,1612.85,-137.71,0.342
777963,2025,HOU,CIN,1596.47,1559.01,37.47,0.5875
777964,2025,TB,MIL,1552.03,1575.75,-23.72,0.5004
777965,2025,KC,BOS,1598.62,1600.31,-1.69,0.5321
777966,2025,CWS,MIA,1453.12,1480.69,-27.57,0.4949
777967,2025,PIT,ATL,1429.67,1591.34,-161.68,0.3116
777968,2025,NYM,CHC,1674.6,1643.48,31.12,0.5787
777969,2025,DET,TEX,1635.86,1574.11,61.75,0.621
777970,2025,SEA,TOR,1597.59,1540.7,56.89,0.6143
777971,2025,CLE,PHI,1584.78,1632.67,-47.89,0.4657
777973,2025,LAA,BAL,1360.9,1471.68,-110.78,0.3776
777975,2025,ARI,LAD,1587.29,1700.73,-113.45,0.374
777976,2025,COL,SD,1358.0,1616.5,-258.49,0.2059
777950,2025,NYM,PIT,1685.3,1443.89,241.41,0.8217
777951,2025,DET,BOS,1618.54,1609.65,8.89,0.5472
777952,2025,CHC,MIA,1632.78,1467.54,165.24,0.7483
777953,2025,PHI,STL,1642.78,1622.07,20.71,0.564
777959,2025,ATL,WSH,1584.23,1461.29,122.94,0.6997
777960,2025,CLE,MIL,1574.68,1584.45,-9.78,0.5205
777933,2025,PHI,STL,1636.58,1628.27,8.32,0.5464
777935,2025,TOR,TB,1560.62,1543.33,17.29,0.5591
777936,2025,CHC,MIA,1637.97,1459.75,178.23,0.7621
777938,2025,BAL,MIN,1451.97,1592.37,-140.4,0.3385
777939,2025,SF,ARI,1613.33,1600.49,12.84,0.5528
777940,2025,DET,BOS,1637.05,1591.15,45.91,0.5993
777941,2025,SEA,NYY,1584.3,1657.82,-73.52,0.4292
777942,2025,ATL,WSH,1587.38,1456.56,130.82,0.7091
777943,2025,NYM,PIT,1687.08,1440.32,246.76,0.8262
777944,2025,CLE,MIL,1588.36,1570.77,17.6,0.5596
777945,2025,CIN,CWS,1546.38,1466.27,80.11,0.6455
777947,2025,SD,LAA,1625.61,1387.18,238.43,0.8192
777948,2025,HOU,KC,1609.1,1589.28,19.82,0.5627
777949,2025,TEX,COL,1591.42,1339.78,251.64,0.8302
777915,2025,SEA,NYY,1571.37,1670.76,-99.38,0.3932
777916,2025,SF,ARI,1607.23,1606.59,0.65,0.5354
777919,2025,NYM,PIT,1688.81,1436.86,251.96,0.8304
777921,2025,CHC,MIA,1640.41,1456.08,184.33,0.7684
777922,2025,PHI,STL,1636.07,1628.78,7.29,0.5449
777923,2025,TOR,TB,1550.87,1557.96,-7.09,0.5243
777924,2025,BAL,MIN,1454.49,1590.69,-136.19,0.3439
777925,2025,CLE,MIL,1596.04,1563.09,32.96,0.5812
777926,2025,SEA,NYY,1567.2,1674.93,-107.73,0.3818
777927,2025,DET,BOS,1641.41,1586.79,54.61,0.6112
777928,2025,CIN,CWS,1522.32,1490.33,31.99,0.5799
777929,2025,ATL,WSH,1593.47,1447.43,146.05,0.7269
777930,2025,SF,ARI,1601.29,1612.52,-11.23,0.5184
777931,2025,HOU,KC,1599.29,1599.08,0.22,0.5348
777932,2025,SD,LAA,1606.58,1425.25,181.33,0.7653
777933,2025,PHI,STL,1641.1,1623.75,17.35,0.5592
777934,2025,TEX,COL,1593.11,1336.4,256.71,0.8342
777937,2025,LAD,OAK,1687.53,1527.66,159.87,0.7424
777938,2025,BAL,MIN,1443.72,1597.87,-154.15,0.321
777909,2025,ATL,WSH,1585.91,1462.55,123.37,0.7002
777911,2025,BAL,MIN,1433.17,1603.14,-169.97,0.3015
777912,2025,CIN,CWS,1507.25,1505.4,1.85,0.5371
777913,2025,TOR,TB,1559.21,1549.62,9.58,0.5482
777914,2025,SD,LAA,1610.39,1417.62,192.77,0.7769
777917,2025,LAD,OAK,1660.98,1567.49,93.49,0.6629
777918,2025,TEX,COL,1596.41,1329.81,266.59,0.8419
777920,2025,HOU,KC,1604.45,1593.92,10.53,0.5495
777900,2025,CHC,CWS,1627.95,1483.8,144.15,0.7247
777901,2025,KC,STL,1588.95,1642.21,-53.26,0.458
777902,2025,CIN,CLE,1528.85,1581.3,-52.45,0.4592
777903,2025,MIA,TB,1474.78,1573.09,-98.32,0.3947
777904,2025,NYY,NYM,1668.39,1669.63,-1.24,0.5327
777905,2025,PHI,PIT,1622.64,1475.23,147.41,0.7284
777906,2025,TOR,DET,1543.56,1645.61,-102.05,0.3895
777907,2025,BAL,WSH,1418.76,1453.1,-34.34,0.4851
777908,2025,BOS,ATL,1582.59,1592.21,-9.62,0.5207
777910,2025,TEX,HOU,1600.45,1609.43,-8.98,0.5216
777946,2025,LAD,OAK,1671.04,1557.42,113.62,0.6883
777881,2025,CHC,CWS,1637.86,1468.93,168.93,0.7522
777882,2025,TEX,HOU,1605.73,1604.14,1.59,0.5368
777883,2025,MIL,MIN,1577.83,1610.35,-32.52,0.4877
777885,2025,KC,STL,1574.07,1657.09,-83.02,0.4159
777886,2025,TOR,DET,1537.37,1649.74,-112.37,0.3755
777888,2025,NYY,NYM,1680.42,1657.6,22.82,0.567
777889,2025,MIA,TB,1499.7,1556.48,-56.79,0.453
777890,2025,BAL,WSH,1408.16,1461.05,-52.89,0.4585
777891,2025,SF,OAK,1613.63,1543.72,69.92,0.632
777892,2025,CIN,CLE,1537.64,1575.44,-37.8,0.4802
777893,2025,BOS,ATL,1573.47,1601.32,-27.85,0.4945
777894,2025,PHI,PIT,1629.2,1465.4,163.8,0.7467
777895,2025,TEX,HOU,1617.65,1592.22,25.43,0.5707
777896,2025,SD,SEA,1615.67,1573.74,41.93,0.5938
777897,2025,ARI,COL,1600.18,1321.73,278.45,0.8508
777898,2025,MIL,MIN,1561.84,1626.34,-64.5,0.442
777899,2025,LAD,LAA,1684.75,1407.06,277.69,0.8503
777864,2025,KC,STL,1569.63,1661.53,-91.91,0.4035
777865,2025,MIL,MIN,1552.32,1635.87,-83.55,0.4151
777866,2025,LAD,LAA,1665.31,1445.94,219.37,0.8023
777867,2025,SF,OAK,1626.17,1524.91,101.27,0.6729
777868,2025,SD,SEA,1600.67,1588.74,11.93,0.5515
777869,2025,TEX,HOU,1605.14,1604.73,0.4,0.5351
777870,2025,ARI,COL,1604.84,1312.42,292.42,0.8607
777871,2025,TOR,DET,1547.25,1643.15,-95.9,0.398
777872,2025,CHC,CWS,1643.79,1460.04,183.74,0.7678
777873,2025,BAL,WSH,1385.1,1478.34,-93.24,0.4017
777874,2025,CIN,CLE,1554.64,1564.1,-9.46,0.5209
777875,2025,SD,SEA,1584.94,1604.47,-19.52,0.5064
777876,2025,BOS,ATL,1579.01,1595.79,-16.78,0.5104
777877,2025,MIA,TB,1482.64,1567.85,-85.21,0.4128
777878,2025,NYY,NYM,1674.19,1663.83,10.37,0.5493
777879,2025,SF,OAK,1629.64,1519.7,109.94,0.6837
777880,2025,PHI,PIT,1634.43,1457.56,176.87,0.7607
777884,2025,LAD,LAA,1652.48,1471.59,180.89,0.7649
777887,2025,ARI,COL,1606.2,1309.69,296.51,0.8635
777856,2025,BOS,NYM,1563.24,1649.86,-86.62,0.4108
777857,2025,CWS,SEA,1451.77,1615.6,-163.83,0.309
777858,2025,TB,HOU,1553.3,1610.67,-57.37,0.4521
777859,2025,PIT,CIN,1453.87,1563.03,-109.16,0.3798
777860,2025,MIL,BAL,1564.81,1361.11,203.71,0.7876
777861,2025,MIN,CLE,1623.37,1555.72,67.65,0.6289
777862,2025,STL,DET,1655.18,1647.38,7.8,0.5456
777863,2025,MIA,CHC,1504.48,1649.31,-144.83,0.3328
777839,2025,MIN,CLE,1627.36,1551.72,75.64,0.6396
777840,2025,STL,DET,1670.25,1632.32,37.93,0.5882
777841,2025,WSH,ATL,1496.34,1611.56,-115.22,0.3717
777844,2025,MIL,BAL,1566.97,1356.8,210.17,0.7938
777845,2025,TOR,SD,1540.91,1573.81,-32.9,0.4872
777846,2025,CWS,SEA,1440.66,1623.0,-182.35,0.2867
777847,2025,PIT,CIN,1436.97,1574.29,-137.32,0.3425
777848,2025,TB,HOU,1548.41,1615.55,-67.15,0.4382
777849,2025,NYY,TEX,1688.16,1599.21,88.96,0.6571
777850,2025,MIA,CHC,1514.89,1642.37,-127.48,0.3553
777851,2025,BOS,NYM,1573.2,1639.89,-66.69,0.4389
777852,2025,COL,PHI,1336.45,1636.88,-300.44,0.1692
777853,2025,OAK,LAA,1514.69,1490.22,24.47,0.5693
777854,2025,LAD,ARI,1640.06,1592.82,47.24,0.6011
777855,2025,SF,KC,1632.98,1575.98,57.01,0.6145
777819,2025,SF,KC,1622.45,1586.51,35.95,0.5854
777825,2025,WSH,ATL,1512.08,1601.06,-88.98,0.4076
777826,2025,MIL,BAL,1571.14,1348.45,222.7,0.8054
777827,2025,STL,DET,1663.83,1638.73,25.1,0.5702
777829,2025,MIN,CLE,1625.86,1553.22,72.64,0.6356
777830,2025,CWS,SEA,1455.27,1615.7,-160.43,0.3132
777831,2025,BOS,NYM,1582.78,1630.32,-47.55,0.4662
777832,2025,TB,HOU,1557.48,1609.51,-52.03,0.4597
777833,2025,MIA,CHC,1493.62,1656.55,-162.93,0.3101
777834,2025,PIT,CIN,1450.7,1567.43,-116.73,0.3696
777835,2025,NYY,TEX,1695.47,1591.89,103.58,0.6758
777836,2025,SF,KC,1607.62,1601.34,6.28,0.5435
777837,2025,TOR,SD,1557.72,1562.6,-4.88,0.5275
777838,2025,LAD,ARI,1624.91,1607.98,16.93,0.5586
777842,2025,COL,PHI,1327.18,1641.52,-314.34,0.1582
777843,2025,OAK,LAA,1505.33,1499.59,5.73,0.5427
777861,2025,MIN,CLE,1610.02,1569.06,40.96,0.5924
777812,2025,OAK,LAA,1491.05,1513.86,-22.81,0.5017
777814,2025,PIT,MIL,1466.48,1552.31,-85.83,0.4119
777815,2025,BOS,BAL,1571.03,1386.11,184.91,0.769
777816,2025,TOR,SD,1578.15,1542.17,35.97,0.5855
777817,2025,COL,PHI,1321.03,1644.59,-323.55,0.1513
777818,2025,NYY,TEX,1698.91,1588.46,110.45,0.6844
777820,2025,WSH,ATL,1513.56,1600.08,-86.52,0.411
777821,2025,DET,CLE,1653.25,1564.63,88.62,0.6566
777823,2025,COL,PHI,1316.4,1646.91,-330.51,0.1462
777824,2025,LAD,ARI,1629.77,1603.12,26.64,0.5724
777828,2025,OAK,LAA,1469.7,1535.22,-65.52,0.4405
777801,2025,WSH,SF,1522.99,1612.67,-89.68,0.4066
777805,2025,CWS,TEX,1450.41,1585.13,-134.71,0.3459
777806,2025,PIT,MIL,1453.29,1561.11,-107.82,0.3817
777807,2025,DET,CLE,1632.25,1585.63,46.62,0.6003
777808,2025,NYM,LAD,1642.07,1637.19,4.88,0.5415
777809,2025,BOS,BAL,1568.27,1391.62,176.66,0.7604
777810,2025,TB,TOR,1571.07,1582.67,-11.6,0.5178
777811,2025,CIN,CHC,1556.91,1659.75,-102.84,0.3884
777813,2025,ATL,SD,1593.79,1535.39,58.41,0.6164
777815,2025,BOS,BAL,1565.6,1396.96,168.64,0.7519
777822,2025,HOU,SEA,1595.92,1618.94,-23.02,0.5014
777782,2025,COL,NYY,1309.85,1702.24,-392.39,0.1071
777786,2025,STL,ARI,1649.32,1595.69,53.62,0.6099
777787,2025,HOU,SEA,1612.33,1602.52,9.82,0.5485
777788,2025,MIN,KC,1614.46,1596.29,18.17,0.5604
777789,2025,NYM,LAD,1632.58,1646.69,-14.11,0.5142
777790,2025,BOS,BAL,1575.58,1377.0,198.59,0.7827
777791,2025,CIN,CHC,1544.56,1672.1,-127.54,0.3553
777792,2025,CWS,TEX,1470.92,1571.45,-100.53,0.3916
777793,2025,WSH,SF,1507.9,1622.73,-114.83,0.3722
777794,2025,PIT,MIL,1463.1,1554.57,-91.47,0.4041
777795,2025,TB,TOR,1579.5,1574.24,5.26,0.542
777796,2025,DET,CLE,1621.91,1595.96,25.95,0.5714
777797,2025,STL,ARI,1653.54,1591.47,62.07,0.6214
777798,2025,LAA,MIA,1553.61,1488.81,64.8,0.6251
777799,2025,MIN,KC,1619.29,1591.45,27.84,0.5741
777800,2025,HOU,SEA,1617.32,1597.53,19.78,0.5627
777802,2025,COL,NYY,1302.39,1705.97,-403.58,0.1011
777803,2025,ATL,SD,1587.13,1545.38,41.76,0.5935
777804,2025,OAK,PHI,1451.3,1650.18,-198.88,0.2676
777809,2025,BOS,BAL,1567.62,1392.92,174.7,0.7584
777765,2025,OAK,PHI,1447.22,1652.9,-205.68,0.26
777766,2025,STL,ARI,1657.62,1587.39,70.24,0.6324
777767,2025,LAA,MIA,1561.69,1476.7,84.99,0.6519
777768,2025,COL,NYY,1319.24,1697.55,-378.31,0.1151
777772,2025,MIN,KC,1626.69,1584.06,42.63,0.5947
777773,2025,NYM,LAD,1643.28,1635.98,7.3,0.5449
777774,2025,HOU,SEA,1607.52,1607.34,0.18,0.5347
777775,2025,TB,TOR,1587.53,1566.21,21.32,0.5649
777776,2025,PIT,MIL,1472.61,1548.22,-75.61,0.4263
777777,2025,CWS,TEX,1495.94,1554.78,-58.83,0.45
777778,2025,WSH,SF,1527.75,1609.5,-81.75,0.4177
777779,2025,CIN,CHC,1560.63,1661.38,-100.76,0.3913
777780,2025,DET,CLE,1611.99,1605.89,6.1,0.5432
777781,2025,LAA,MIA,1547.77,1497.58,50.19,0.6052
777783,2025,ATL,SD,1599.55,1526.75,72.81,0.6358
777784,2025,OAK,PHI,1462.23,1645.4,-183.17,0.2857
777785,2025,BOS,BAL,1570.1,1387.95,182.15,0.7661
777757,2025,CHC,COL,1669.68,1317.06,352.63,0.8973
777758,2025,NYM,CWS,1651.25,1488.65,162.6,0.7454
777759,2025,TEX,TOR,1559.64,1548.01,11.63,0.5511
777760,2025,KC,CIN,1590.53,1552.33,38.2,0.5886
777762,2025,TB,MIN,1605.73,1620.22,-14.49,0.5137
777764,2025,MIL,BOS,1555.08,1551.88,3.2,0.5391
777769,2025,CLE,LAD,1592.83,1628.01,-35.18,0.4839
777770,2025,DET,SF,1625.05,1613.96,11.09,0.5503
777771,2025,BAL,STL,1424.4,1661.57,-237.18,0.2267
777746,2025,TB,MIN,1619.58,1606.37,13.21,0.5533
777747,2025,MIL,BOS,1560.18,1546.78,13.4,0.5536
777748,2025,PHI,ATL,1651.25,1588.73,62.51,0.622
777749,2025,NYM,CWS,1653.88,1484.71,169.18,0.7525
777750,2025,KC,CIN,1577.7,1565.16,12.54,0.5524
777753,2025,CLE,LAD,1579.17,1641.66,-62.49,0.4448
777754,2025,BAL,STL,1455.36,1646.09,-190.73,0.2769
777755,2025,DET,SF,1632.91,1606.1,26.81,0.5726
777756,2025,SD,MIA,1542.97,1520.43,22.54,0.5666
777761,2025,ARI,PIT,1583.44,1465.76,117.68,0.6933
777763,2025,LAA,NYY,1524.91,1698.64,-173.72,0.297
777726,2025,SD,MIA,1550.11,1513.3,36.81,0.5866
777729,2025,ARI,PIT,1591.78,1453.24,138.54,0.7182
777732,2025,TB,MIN,1609.91,1616.03,-6.12,0.5257
777733,2025,KC,CIN,1561.95,1580.91,-18.96,0.5073
777734,2025,HOU,OAK,1615.69,1453.46,162.24,0.745
777735,2025,PHI,ATL,1657.71,1582.27,75.44,0.6393
777736,2025,MIL,BOS,1571.61,1529.64,41.97,0.5938
777737,2025,NYM,CWS,1657.92,1478.65,179.28,0.7632
777738,2025,DET,SF,1640.33,1598.67,41.66,0.5934
777739,2025,CLE,LAD,1568.03,1652.8,-84.77,0.4134
777740,2025,BAL,STL,1446.88,1651.74,-204.86,0.2609
777741,2025,TEX,TOR,1553.56,1557.13,-3.57,0.5294
777742,2025,SD,MIA,1539.97,1528.51,11.46,0.5509
777743,2025,SEA,WSH,1599.16,1521.05,78.11,0.6429
777744,2025,ARI,PIT,1566.89,1490.58,76.31,0.6405
777745,2025,LAA,NYY,1514.28,1705.72,-191.44,0.2761
777751,2025,CHC,COL,1671.24,1313.95,357.29,0.8998
777752,2025,HOU,OAK,1619.87,1447.19,172.68,0.7562
777723,2025,PHI,ATL,1656.22,1583.77,72.45,0.6353
777724,2025,TEX,TOR,1561.82,1548.87,12.95,0.553
777727,2025,TOR,OAK,1563.36,1429.85,133.51,0.7123
777728,2025,LAA,NYY,1510.06,1708.54,-198.48,0.2681
777730,2025,SEA,WSH,1611.28,1502.86,108.42,0.6818
777731,2025,CHC,COL,1672.19,1312.03,360.16,0.9013
777735,2025,PHI,ATL,1637.07,1602.92,34.15,0.5829
777712,2025,CHC,CIN,1673.14,1575.49,97.65,0.6682
777715,2025,PHI,MIL,1641.62,1576.03,65.59,0.6261
777716,2025,TOR,OAK,1574.49,1407.59,166.9,0.7501
777717,2025,MIA,SF,1516.73,1594.25,-77.52,0.4236
777718,2025,NYM,COL,1637.69,1310.15,327.54,0.8833
777719,2025,ATL,BOS,1598.36,1523.01,75.35,0.6392
777720,2025,BAL,CWS,1438.49,1508.99,-70.5,0.4335
777721,2025,CLE,LAA,1580.56,1505.97,74.59,0.6382
777722,2025,SEA,WSH,1587.34,1538.77,48.57,0.6029
777725,2025,HOU,TB,1628.54,1623.47,5.07,0.5417
777693,2025,HOU,TB,1607.8,1644.21,-36.4,0.4822
777694,2025,KC,DET,1567.37,1644.76,-77.39,0.4238
777695,2025,SEA,MIN,1568.98,1602.47,-33.5,0.4863
777697,2025,TEX,STL,1552.15,1655.94,-103.79,0.3872
777698,2025,LAD,NYY,1640.28,1711.27,-70.99,0.4328
777699,2025,BAL,CWS,1450.67,1499.86,-49.19,0.4638
777700,2025,NYM,COL,1639.48,1306.58,332.9,0.8864
777701,2025,TOR,OAK,1580.48,1395.62,184.85,0.7689
777702,2025,PHI,MIL,1625.96,1591.69,34.28,0.5831
777703,2025,CLE,LAA,1566.87,1526.5,40.37,0.5916
777704,2025,CHC,CIN,1656.66,1591.97,64.69,0.6249
777705,2025,MIA,SF,1505.94,1601.44,-95.5,0.3985
777706,2025,ATL,BOS,1582.45,1546.88,35.56,0.5849
777707,2025,SD,PIT,1551.75,1511.17,40.58,0.5919
777708,2025,LAD,NYY,1665.18,1686.36,-21.17,0.5041
777709,2025,TEX,STL,1545.65,1662.44,-116.78,0.3696
777710,2025,ARI,WSH,1553.16,1566.32,-13.16,0.5156
777711,2025,KC,DET,1573.54,1638.59,-65.04,0.4412
777713,2025,SEA,MIN,1574.59,1596.86,-22.27,0.5025
777714,2025,HOU,TB,1587.78,1664.23,-76.46,0.4251
777677,2025,KC,DET,1566.01,1646.12,-80.11,0.4199
777678,2025,TEX,STL,1580.11,1639.47,-59.36,0.4493
777679,2025,ARI,WSH,1544.15,1575.33,-31.18,0.4897
777680,2025,SEA,MIN,1559.1,1612.35,-53.25,0.458
777681,2025,SD,PIT,1556.19,1504.51,51.69,0.6072
777682,2025,LAD,NYY,1676.08,1675.46,0.62,0.5354
777683,2025,CLE,LAA,1573.92,1515.93,57.99,0.6159
777684,2025,BAL,CWS,1464.5,1486.03,-21.53,0.5035
777685,2025,TOR,OAK,1582.84,1390.9,191.94,0.7761
777686,2025,NYM,COL,1642.55,1300.44,342.12,0.8916
777687,2025,CHC,CIN,1663.06,1585.56,77.5,0.6421
777688,2025,PHI,MIL,1603.94,1613.71,-9.78,0.5205
777689,2025,MIA,SF,1515.53,1595.05,-79.52,0.4208
777690,2025,HOU,TB,1593.94,1658.07,-64.13,0.4425
777691,2025,SD,PIT,1562.94,1494.39,68.55,0.6301
777692,2025,ATL,BOS,1594.16,1529.32,64.84,0.6251
777696,2025,ARI,WSH,1557.42,1566.49,-9.07,0.5215
777670,2025,BOS,LAA,1545.33,1506.06,39.27,0.5901
777671,2025,CIN,MIL,1576.66,1625.21,-48.55,0.4647
777673,2025,MIA,COL,1504.82,1297.14,207.68,0.7914
777674,2025,CWS,DET,1477.85,1650.61,-172.76,0.2981
777659,2025,WSH,CHC,1579.86,1671.97,-92.11,0.4032
777660,2025,STL,KC,1621.63,1561.52,60.11,0.6187
777661,2025,CWS,DET,1460.84,1661.96,-201.12,0.2651
777662,2025,TB,TEX,1652.06,1597.95,54.12,0.6106
777663,2025,PIT,HOU,1520.67,1599.95,-79.28,0.4211
777664,2025,NYY,CLE,1689.24,1580.5,108.75,0.6823
777665,2025,TOR,PHI,1588.14,1592.44,-4.3,0.5283
777666,2025,MIA,COL,1485.75,1322.56,163.19,0.746
777667,2025,BOS,LAA,1535.68,1515.71,19.98,0.563
777668,2025,CIN,MIL,1571.62,1630.25,-58.63,0.4503
777669,2025,OAK,MIN,1380.29,1606.48,-226.19,0.238
777672,2025,ATL,ARI,1583.48,1544.04,39.44,0.5903
777675,2025,LAD,NYM,1662.3,1644.2,18.1,0.5603
777676,2025,SF,SD,1602.19,1545.42,56.77,0.6142
777639,2025,CWS,DET,1494.44,1639.55,-145.11,0.3324
777642,2025,STL,KC,1608.27,1574.88,33.39,0.5819
777646,2025,TB,TEX,1661.85,1588.16,73.69,0.637
777647,2025,CIN,MIL,1581.03,1620.84,-39.81,0.4773
777648,2025,PIT,HOU,1507.14,1608.96,-101.82,0.3898
777649,2025,BOS,LAA,1526.4,1524.99,1.42,0.5365
777650,2025,WSH,CHC,1568.77,1683.06,-114.3,0.3729
777651,2025,TOR,PHI,1573.03,1607.56,-34.53,0.4848
777652,2025,MIA,COL,1474.2,1337.97,136.23,0.7155
777653,2025,NYY,CLE,1692.6,1577.14,115.46,0.6906
777654,2025,ATL,ARI,1566.86,1568.98,-2.12,0.5314
777655,2025,SEA,BAL,1564.97,1472.68,92.29,0.6614
777656,2025,SF,SD,1595.55,1555.38,40.17,0.5913
777657,2025,LAD,NYM,1656.13,1650.36,5.77,0.5427
777658,2025,OAK,MIN,1366.85,1613.2,-246.35,0.2176
777628,2025,SEA,BAL,1548.62,1497.19,51.43,0.6069
777629,2025,TB,TEX,1665.75,1584.27,81.48,0.6473
777630,2025,PIT,HOU,1526.54,1596.03,-69.48,0.4349
777631,2025,LAD,NYM,1661.19,1645.31,15.89,0.5572
777632,2025,WSH,CHC,1579.24,1672.58,-93.34,0.4015
777633,2025,SF,SD,1589.11,1561.82,27.29,0.5733
777634,2025,CWS,DET,1489.25,1643.01,-153.76,0.3215
777635,2025,STL,KC,1607.37,1575.77,31.6,0.5793
777636,2025,OAK,MIN,1353.84,1619.71,-265.87,0.199
777637,2025,TOR,PHI,1578.65,1601.93,-23.28,0.501
777638,2025,LAD,NYM,1666.07,1640.43,25.64,0.571
777640,2025,ATL,ARI,1560.97,1574.87,-13.9,0.5145
777641,2025,SF,SD,1593.78,1557.15,36.63,0.5864
777642,2025,STL,KC,1597.34,1585.81,11.53,0.5509
777643,2025,OAK,MIN,1410.66,1591.3,-180.64,0.2887
777644,2025,NYY,CLE,1675.71,1594.04,81.67,0.6475
777645,2025,SEA,BAL,1538.76,1507.06,31.7,0.5795
777618,2025,CWS,KC,1499.8,1580.86,-81.05,0.4186
777621,2025,PIT,PHI,1506.85,1584.58,-77.72,0.4233
777622,2025,CLE,HOU,1585.29,1609.15,-23.87,0.5002
777623,2025,CIN,ARI,1564.55,1580.54,-15.99,0.5115
777624,2025,WSH,TEX,1567.25,1580.49,-13.24,0.5155
777625,2025,TB,MIA,1669.52,1462.99,206.53,0.7903
777626,2025,DET,CHC,1635.98,1684.58,-48.6,0.4647
777627,2025,NYY,BOS,1684.46,1538.62,145.84,0.7266
777597,2025,MIL,SD,1637.32,1552.63,84.69,0.6515
777598,2025,SF,ATL,1598.29,1555.3,42.99,0.5952
777600,2025,MIN,TOR,1598.95,1596.01,2.94,0.5387
777601,2025,STL,LAD,1602.29,1649.89,-47.6,0.4661
777605,2025,NYY,BOS,1690.14,1530.09,160.06,0.7426
777606,2025,CWS,KC,1523.92,1564.78,-40.87,0.4757
777607,2025,PIT,PHI,1516.12,1578.4,-62.28,0.4451
777608,2025,CLE,HOU,1576.59,1617.85,-41.26,0.4752
777609,2025,DET,CHC,1645.19,1675.37,-30.18,0.4911
777610,2025,WSH,TEX,1575.72,1572.03,3.69,0.5398
777611,2025,TB,MIA,1671.64,1459.8,211.84,0.7954
777612,2025,CIN,ARI,1569.93,1575.16,-5.24,0.527
777613,2025,OAK,BAL,1395.36,1516.56,-121.2,0.3637
777614,2025,LAA,SEA,1512.77,1529.26,-16.48,0.5108
777615,2025,MIN,TOR,1592.98,1601.98,-9.0,0.5216
777616,2025,COL,NYM,1352.91,1656.61,-303.7,0.1666
777617,2025,MIL,SD,1641.04,1548.91,92.13,0.6612
777619,2025,SF,ATL,1602.7,1550.9,51.8,0.6074
777620,2025,STL,LAD,1608.09,1644.09,-36.01,0.4827
777623,2025,CIN,ARI,1589.29,1555.8,33.5,0.582
777582,2025,STL,LAD,1622.68,1629.5,-6.83,0.5247
777583,2025,COL,NYM,1347.77,1659.18,-311.41,0.1605
777585,2025,MIN,TOR,1583.85,1611.11,-27.26,0.4953
777586,2025,MIL,SD,1629.89,1565.64,64.24,0.6243
777587,2025,SF,ATL,1606.95,1546.64,60.31,0.619
777588,2025,OAK,BAL,1408.74,1506.53,-97.79,0.3954
777589,2025,LAA,SEA,1520.85,1521.18,-0.33,0.534
777590,2025,CWS,KC,1541.04,1553.36,-12.32,0.5168
777591,2025,CLE,HOU,1568.39,1626.05,-57.66,0.4517
777592,2025,TB,MIA,1663.6,1471.87,191.73,0.7759
777593,2025,NYY,BOS,1674.79,1553.12,121.67,0.6982
777594,2025,DET,CHC,1631.3,1689.26,-57.96,0.4513
777595,2025,PIT,PHI,1525.1,1572.41,-47.32,0.4665
777596,2025,WSH,TEX,1560.27,1587.48,-27.21,0.4954
777599,2025,OAK,BAL,1438.55,1484.17,-45.61,0.4689
777602,2025,CIN,ARI,1593.86,1551.23,42.63,0.5947
777603,2025,LAA,SEA,1511.97,1530.06,-18.09,0.5085
777604,2025,COL,NYM,1337.88,1664.12,-326.24,0.1493
777574,2025,PIT,MIA,1533.79,1468.44,65.34,0.6258
777575,2025,MIL,ATL,1623.16,1540.47,82.68,0.6489
777578,2025,PHI,CHC,1566.62,1675.49,-108.87,0.3802
777580,2025,CLE,CIN,1577.78,1600.85,-23.06,0.5013
777581,2025,STL,TOR,1609.21,1600.05,9.16,0.5476
777584,2025,BOS,TB,1570.15,1665.88,-95.73,0.3982
777557,2025,MIN,TEX,1594.91,1596.08,-1.17,0.5328
777558,2025,STL,TOR,1603.16,1606.1,-2.94,0.5303
777565,2025,BOS,TB,1563.45,1672.59,-109.15,0.3799
777566,2025,PIT,MIA,1551.92,1450.31,101.61,0.6733
777568,2025,MIL,ATL,1603.69,1569.68,34.01,0.5827
777569,2025,CLE,CIN,1566.78,1611.85,-45.07,0.4697
777570,2025,NYM,WSH,1668.45,1551.67,116.78,0.6922
777571,2025,PHI,CHC,1573.17,1668.94,-95.77,0.3982
777572,2025,KC,NYY,1562.4,1657.75,-95.35,0.3987
777573,2025,BAL,DET,1499.45,1645.06,-145.61,0.3318
777576,2025,LAA,OAK,1524.82,1418.17,106.65,0.6796
777577,2025,ARI,SEA,1544.24,1517.21,27.03,0.5729
777579,2025,SD,LAD,1572.37,1642.97,-70.6,0.4333
777542,2025,LAA,OAK,1534.99,1404.62,130.37,0.7086
777543,2025,SD,LAD,1567.72,1647.63,-79.91,0.4202
777545,2025,STL,TOR,1597.29,1611.97,-14.68,0.5134
777548,2025,ARI,SEA,1560.54,1500.91,59.63,0.6181
777549,2025,CLE,CIN,1561.67,1616.96,-55.28,0.4551
777551,2025,KC,NYY,1548.96,1671.19,-122.23,0.3623
777552,2025,PIT,MIA,1544.78,1461.01,83.77,0.6503
777553,2025,PHI,CHC,1563.35,1678.77,-115.42,0.3714
777554,2025,MIL,ATL,1612.8,1560.57,52.24,0.608
777555,2025,NYM,WSH,1671.69,1548.43,123.27,0.7001
777556,2025,MIN,TEX,1573.05,1617.93,-44.88,0.47
777559,2025,ARI,SEA,1568.79,1488.54,80.25,0.6457
777560,2025,SD,LAD,1558.72,1656.62,-97.9,0.3952
777561,2025,BOS,TB,1573.83,1662.21,-88.37,0.4084
777562,2025,BAL,DET,1491.25,1650.53,-159.29,0.3146
777563,2025,COL,SF,1329.23,1611.06,-281.83,0.1848
777564,2025,LAA,OAK,1539.56,1398.52,141.05,0.7211
777567,2025,HOU,CWS,1616.66,1527.49,89.17,0.6573
777532,2025,MIL,STL,1597.51,1585.97,11.54,0.551
777533,2025,MIN,TEX,1586.43,1604.56,-18.13,0.5084
777534,2025,COL,SF,1325.59,1612.88,-287.28,0.1801
777536,2025,KC,NYY,1537.54,1678.8,-141.26,0.3374
777540,2025,BAL,DET,1526.57,1626.99,-100.42,0.3918
777544,2025,NYM,WSH,1679.83,1536.21,143.62,0.7241
777547,2025,COL,SF,1341.68,1604.84,-263.16,0.2015
777550,2025,HOU,CWS,1605.55,1544.15,61.41,0.6205
777526,2025,CHC,PIT,1661.64,1555.99,105.65,0.6784
777528,2025,NYM,TB,1682.71,1655.9,26.81,0.5726
777530,2025,WSH,MIA,1531.91,1449.81,82.1,0.6481
777531,2025,PHI,TOR,1580.47,1623.28,-42.81,0.473
777535,2025,ATL,COL,1575.86,1333.69,242.17,0.8223
777537,2025,BOS,NYY,1580.14,1682.32,-102.18,0.3894
777538,2025,DET,CIN,1635.3,1597.37,37.92,0.5882
777539,2025,BAL,LAA,1514.1,1543.92,-29.82,0.4916
777541,2025,CHC,PIT,1654.47,1563.17,91.29,0.6601
777546,2025,HOU,CWS,1618.53,1524.68,93.86,0.6634
777508,2025,TEX,CWS,1625.85,1519.31,106.54,0.6795
777509,2025,PHI,TOR,1598.64,1605.11,-6.46,0.5252
777510,2025,HOU,MIN,1622.11,1565.13,56.98,0.6145
777511,2025,KC,OAK,1532.27,1392.7,139.57,0.7194
777512,2025,MIL,STL,1611.42,1572.07,39.35,0.5902
777513,2025,CHC,PIT,1658.08,1559.55,98.53,0.6694
777514,2025,WSH,MIA,1515.43,1471.77,43.66,0.5962
777515,2025,ARI,SD,1580.16,1580.94,-0.78,0.5334
777516,2025,BOS,NYY,1586.61,1675.85,-89.23,0.4072
777517,2025,DET,CIN,1647.9,1584.77,63.13,0.6228
777518,2025,NYM,TB,1672.76,1665.84,6.92,0.5444
777519,2025,BAL,LAA,1527.33,1530.7,-3.37,0.5297
777520,2025,SEA,CLE,1471.48,1581.25,-109.78,0.379
777521,2025,ARI,SD,1585.33,1575.76,9.57,0.5482
777522,2025,LAD,SF,1634.41,1608.83,25.58,0.5709
777523,2025,ATL,COL,1581.49,1322.44,259.05,0.8361
777524,2025,TEX,CWS,1629.24,1514.22,115.02,0.69
777525,2025,MIL,STL,1598.56,1584.93,13.63,0.5539
777527,2025,HOU,MIN,1626.28,1560.97,65.31,0.6258
777529,2025,KC,OAK,1506.14,1427.54,78.59,0.6435
777491,2025,ARI,SD,1596.92,1564.18,32.74,0.5809
777492,2025,MIL,STL,1603.47,1580.01,23.46,0.5679
777493,2025,TEX,CWS,1634.42,1506.45,127.96,0.7057
777494,2025,HOU,MIN,1638.37,1548.87,89.5,0.6578
777495,2025,SEA,CLE,1496.91,1564.3,-67.38,0.4379
777496,2025,KC,OAK,1489.76,1449.39,40.37,0.5916
777497,2025,CHC,PIT,1661.59,1556.04,105.55,0.6783
777498,2025,LAD,SF,1619.88,1623.36,-3.48,0.5295
777499,2025,PHI,TOR,1603.89,1599.86,4.04,0.5403
777500,2025,BOS,NYY,1592.93,1669.53,-76.6,0.4249
777501,2025,BAL,LAA,1535.14,1522.89,12.25,0.552
777502,2025,NYM,TB,1658.79,1679.82,-21.03,0.5043
777503,2025,WSH,MIA,1505.71,1481.49,24.21,0.5689
777504,2025,ATL,COL,1584.74,1315.93,268.8,0.8436
777505,2025,DET,CIN,1624.67,1608.0,16.68,0.5583
777506,2025,LAD,SF,1625.09,1618.15,6.94,0.5444
777507,2025,SEA,CLE,1522.39,1547.32,-24.93,0.4987
777483,2025,MIA,PHI,1496.33,1619.16,-122.83,0.3615
777484,2025,TB,BAL,1698.22,1559.76,138.46,0.7181
777487,2025,NYY,LAA,1659.76,1498.27,161.49,0.7442
777488,2025,WSH,COL,1490.87,1371.33,119.54,0.6956
777467,2025,CWS,STL,1501.83,1575.27,-73.44,0.4293
777475,2025,DET,PIT,1610.41,1552.64,57.77,0.6155
777476,2025,NYY,LAA,1652.07,1509.8,142.27,0.7225
777477,2025,TB,BAL,1706.48,1551.5,154.97,0.737
777478,2025,CIN,MIN,1622.27,1543.4,78.86,0.6439
777479,2025,TOR,ARI,1584.59,1579.1,5.49,0.5423
777480,2025,WSH,COL,1473.48,1394.52,78.95,0.644
777481,2025,MIA,PHI,1484.94,1626.76,-141.81,0.3367
777485,2025,OAK,HOU,1462.27,1642.02,-179.75,0.2898
777486,2025,SEA,BOS,1530.63,1602.7,-72.07,0.4313
777489,2025,ATL,NYM,1557.04,1640.39,-83.34,0.4154
777490,2025,LAD,SD,1639.23,1582.0,57.23,0.6148
777453,2025,SEA,BOS,1519.62,1610.04,-90.42,0.4056
777458,2025,CWS,STL,1477.92,1591.21,-113.29,0.3743
777461,2025,WSH,COL,1449.46,1426.54,22.93,0.5671
777462,2025,TOR,ARI,1589.65,1574.03,15.62,0.5568
777463,2025,TB,BAL,1688.75,1569.23,119.51,0.6955
777464,2025,DET,PIT,1620.05,1542.99,77.06,0.6415
777465,2025,MIA,PHI,1511.74,1608.89,-97.15,0.3963
777466,2025,NYY,LAA,1634.59,1536.01,98.58,0.6694
777468,2025,TEX,KC,1637.5,1480.09,157.41,0.7397
777469,2025,OAK,HOU,1479.58,1630.48,-150.89,0.3251
777470,2025,ATL,NYM,1563.29,1634.14,-70.85,0.433
777471,2025,LAD,SD,1647.55,1573.67,73.88,0.6373
777472,2025,SF,CLE,1604.01,1539.07,64.94,0.6253
777473,2025,SEA,BOS,1509.35,1616.89,-107.54,0.382
777474,2025,CIN,MIN,1626.08,1537.68,88.39,0.6563
777482,2025,CHC,MIL,1665.0,1608.22,56.78,0.6142
777440,2025,SF,CLE,1597.27,1549.17,48.1,0.6023
777443,2025,TEX,KC,1617.71,1509.78,107.94,0.6812
777444,2025,MIA,PHI,1501.73,1615.56,-113.83,0.3735
777445,2025,WSH,COL,1429.73,1446.27,-16.54,0.5107
777446,2025,TB,BAL,1696.18,1561.8,134.39,0.7134
777447,2025,CWS,STL,1479.91,1589.88,-109.97,0.3787
777448,2025,TOR,ARI,1604.3,1559.39,44.91,0.5979
777449,2025,NYY,LAA,1627.49,1546.67,80.82,0.6464
777450,2025,CHC,MIL,1671.61,1601.6,70.01,0.6321
777451,2025,DET,PIT,1618.54,1545.26,73.27,0.6364
777452,2025,CIN,MIN,1631.89,1528.97,102.91,0.6749
777454,2025,SF,CLE,1601.59,1542.7,58.89,0.6171
777455,2025,ATL,NYM,1579.04,1618.39,-39.35,0.4779
777456,2025,OAK,HOU,1462.08,1642.15,-180.07,0.2894
777457,2025,LAD,SD,1653.72,1567.5,86.22,0.6535
777458,2025,CWS,STL,1473.91,1593.88,-119.97,0.3653
777459,2025,CHC,MIL,1664.82,1608.4,56.42,0.6137
777460,2025,TEX,KC,1603.31,1531.38,71.93,0.6346
777464,2025,DET,PIT,1630.24,1527.7,102.54,0.6745
777431,2025,TB,DET,1681.27,1613.65,67.62,0.6289
777432,2025,PIT,TEX,1552.6,1589.68,-37.08,0.4812
777433,2025,STL,CIN,1599.97,1610.43,-10.46,0.5195
777435,2025,TOR,CWS,1589.21,1464.77,124.43,0.7015
777436,2025,CHC,SEA,1663.59,1540.42,123.17,0.7
777437,2025,PHI,NYM,1619.5,1602.42,17.08,0.5588
777438,2025,NYY,BAL,1636.27,1576.71,59.56,0.618
777439,2025,MIA,ATL,1495.82,1595.01,-99.18,0.3935
777441,2025,OAK,HOU,1448.73,1651.05,-202.32,0.2638
777442,2025,LAD,SD,1657.42,1563.81,93.62,0.6631
777412,2025,MIN,MIL,1561.15,1609.63,-48.48,0.4648
777413,2025,SD,KC,1574.99,1551.83,23.16,0.5674
777415,2025,STL,CIN,1613.68,1596.72,16.96,0.5587
777417,2025,SF,BOS,1591.03,1596.17,-5.15,0.5271
777418,2025,TOR,CWS,1568.54,1495.78,72.75,0.6357
777419,2025,CHC,SEA,1644.58,1568.92,75.66,0.6396
777420,2025,TB,DET,1692.48,1602.44,90.04,0.6585
777421,2025,PIT,TEX,1540.41,1601.86,-61.45,0.4463
777422,2025,NYY,BAL,1625.69,1587.29,38.41,0.5889
777423,2025,PHI,NYM,1634.89,1587.03,47.86,0.602
777424,2025,MIA,ATL,1518.24,1580.06,-61.82,0.4458
777425,2025,SF,BOS,1596.26,1590.94,5.32,0.5421
777426,2025,SD,KC,1586.01,1540.81,45.2,0.5983
777427,2025,LAD,WSH,1646.24,1440.5,205.74,0.7896
777428,2025,LAA,HOU,1533.5,1639.2,-105.7,0.3845
777429,2025,OAK,CLE,1472.43,1558.55,-86.11,0.4115
777430,2025,COL,ARI,1435.5,1574.48,-138.98,0.3403
777434,2025,MIN,MIL,1544.4,1626.38,-81.99,0.4173
777395,2025,SF,BOS,1586.75,1600.45,-13.69,0.5148
777396,2025,SD,KC,1579.51,1550.56,28.95,0.5756
777397,2025,LAA,HOU,1527.39,1643.27,-115.87,0.3708
777398,2025,LAD,WSH,1648.37,1436.23,212.14,0.7957
777399,2025,COL,ARI,1415.57,1584.44,-168.88,0.3028
777400,2025,OAK,CLE,1494.3,1543.96,-49.66,0.4631
777401,2025,MIN,MIL,1520.4,1642.38,-121.98,0.3626
777402,2025,MIA,ATL,1496.6,1594.49,-97.88,0.3952
777403,2025,CHC,SEA,1652.31,1561.2,91.12,0.6599
777404,2025,PIT,TEX,1533.19,1606.68,-73.49,0.4293
777405,2025,PHI,NYM,1615.29,1606.63,8.65,0.5469
777406,2025,NYY,BAL,1640.58,1572.4,68.18,0.6296
777407,2025,STL,CIN,1618.54,1591.87,26.67,0.5724
777408,2025,TOR,CWS,1579.51,1479.31,100.2,0.6715
777409,2025,TB,DET,1701.89,1593.03,108.86,0.6824
777410,2025,COL,ARI,1438.33,1573.06,-134.73,0.3458
777411,2025,OAK,CLE,1479.24,1559.03,-79.8,0.4204
777414,2025,LAA,HOU,1521.53,1647.17,-125.64,0.3578
777416,2025,LAD,WSH,1654.18,1424.63,229.55,0.8115
777388,2025,MIN,SEA,1514.69,1583.47,-68.78,0.4359
777389,2025,NYM,ATL,1592.58,1584.31,8.27,0.5463
777390,2025,CIN,NYY,1604.41,1646.89,-42.48,0.4734
777391,2025,MIL,PIT,1646.19,1556.94,89.25,0.6574
777392,2025,STL,CHC,1605.99,1630.04,-24.04,0.4999
777393,2025,CWS,ARI,1496.25,1578.79,-82.54,0.4165
777394,2025,BAL,TEX,1566.08,1590.85,-24.76,0.4989
777373,2025,STL,CHC,1621.39,1614.64,6.76,0.5442
777374,2025,MIL,PIT,1639.18,1563.95,75.24,0.6391
777375,2025,MIN,SEA,1491.33,1599.04,-107.72,0.3818
777378,2025,KC,TB,1545.91,1681.64,-135.73,0.3445
777380,2025,BAL,TEX,1581.51,1575.42,6.09,0.5432
777381,2025,LAA,BOS,1553.57,1588.03,-34.46,0.485
777382,2025,SD,WSH,1584.15,1462.47,121.68,0.6982
777383,2025,CWS,ARI,1473.14,1594.19,-121.05,0.3639
777384,2025,CLE,TOR,1566.16,1568.22,-2.06,0.5315
777385,2025,CIN,NYY,1619.22,1632.08,-12.86,0.516
777386,2025,DET,OAK,1613.28,1468.54,144.74,0.7254
777387,2025,NYM,ATL,1586.54,1590.35,-3.8,0.529
777357,2025,STL,CHC,1626.43,1609.6,16.84,0.5585
777359,2025,KC,TB,1533.38,1690.0,-156.62,0.3179
777360,2025,SD,WSH,1567.12,1488.03,79.09,0.6442
777361,2025,MIL,PIT,1650.05,1553.08,96.97,0.6674
777362,2025,LAA,BOS,1566.63,1574.97,-8.34,0.5225
777363,2025,MIN,SEA,1485.27,1603.08,-117.81,0.3682
777364,2025,SF,MIA,1599.17,1511.87,87.3,0.6549
777365,2025,BAL,TEX,1575.5,1581.43,-5.92,0.526
777367,2025,CIN,NYY,1624.56,1626.75,-2.19,0.5313
777368,2025,CLE,TOR,1552.49,1581.9,-29.41,0.4922
777369,2025,NYM,ATL,1574.83,1602.06,-27.23,0.4954
777370,2025,CWS,ARI,1461.67,1601.84,-140.17,0.3388
777371,2025,DET,OAK,1621.85,1455.68,166.17,0.7493
777372,2025,SD,WSH,1570.92,1482.31,88.61,0.6566
777376,2025,LAA,BOS,1577.18,1564.42,12.76,0.5527
777377,2025,HOU,PHI,1625.82,1629.34,-3.53,0.5294
777379,2025,COL,LAD,1426.87,1635.26,-208.38,0.257
777344,2025,COL,LAD,1418.62,1639.38,-220.76,0.2437
777347,2025,SF,MIA,1588.1,1528.48,59.62,0.6181
777348,2025,STL,CHC,1606.95,1629.08,-22.13,0.5027
777350,2025,HOU,PHI,1631.03,1624.13,6.89,0.5443
777351,2025,DET,OAK,1606.4,1478.86,127.54,0.7052
777352,2025,NYM,ATL,1587.67,1589.22,-1.56,0.5323
777353,2025,KC,TB,1523.51,1696.58,-173.08,0.2977
777354,2025,CLE,TOR,1558.05,1576.34,-18.3,0.5082
777355,2025,SF,MIA,1568.08,1558.51,9.57,0.5482
777356,2025,MIN,SEA,1501.08,1592.54,-91.45,0.4041
777358,2025,COL,LAD,1410.83,1643.28,-232.44,0.2315
777366,2025,HOU,PHI,1636.06,1619.09,16.97,0.5587
777334,2025,DET,MIN,1616.19,1532.7,83.49,0.6499
777337,2025,NYY,OAK,1643.28,1464.17,179.11,0.763
777338,2025,CWS,SF,1485.68,1555.97,-70.29,0.4338
777341,2025,PIT,NYM,1547.48,1599.7,-52.22,0.4595
777342,2025,ATL,PHI,1577.19,1611.4,-34.21,0.4853
777343,2025,BAL,TB,1558.05,1703.69,-145.64,0.3318
777345,2025,BOS,TOR,1559.49,1592.03,-32.54,0.4877
777346,2025,CIN,SD,1608.03,1574.59,33.44,0.5819
777349,2025,CLE,STL,1542.35,1595.91,-53.56,0.4576
777318,2025,ARI,MIA,1585.84,1570.62,15.22,0.5562
777319,2025,KC,LAD,1512.84,1650.24,-137.4,0.3424
777320,2025,HOU,CHC,1643.76,1640.12,3.64,0.5397
777321,2025,MIL,COL,1655.65,1396.9,258.75,0.8358
777322,2025,TEX,SEA,1598.88,1571.46,27.42,0.5735
777323,2025,BOS,TOR,1541.78,1609.74,-67.96,0.4371
777324,2025,DET,MIN,1602.3,1553.53,48.77,0.6032
777325,2025,PIT,NYM,1575.32,1581.14,-5.82,0.5261
777326,2025,NYY,OAK,1648.14,1456.87,191.26,0.7754
777327,2025,CWS,SF,1474.6,1563.36,-88.76,0.4079
777328,2025,CIN,SD,1621.73,1560.88,60.85,0.6197
777329,2025,CLE,STL,1523.14,1608.72,-85.57,0.4123
777330,2025,BAL,TB,1585.21,1676.53,-91.33,0.4043
777331,2025,LAA,WSH,1582.11,1476.82,105.29,0.6779
777332,2025,ARI,MIA,1579.71,1576.74,2.97,0.5387
777333,2025,ATL,PHI,1557.01,1631.57,-74.57,0.4277
777335,2025,KC,LAD,1536.75,1634.3,-97.55,0.3957
777336,2025,HOU,CHC,1623.91,1659.97,-36.06,0.4827
777339,2025,MIL,COL,1659.86,1388.48,271.38,0.8456
777340,2025,TEX,SEA,1603.55,1566.79,36.76,0.5866
777301,2025,MIL,COL,1663.4,1381.4,282.0,0.8534
777302,2025,TEX,SEA,1597.15,1573.19,23.97,0.5686
777303,2025,ARI,MIA,1573.74,1582.71,-8.96,0.5216
777304,2025,KC,LAD,1530.45,1638.5,-108.06,0.3813
777305,2025,LAA,WSH,1561.97,1507.04,54.94,0.6117
777307,2025,NYY,OAK,1624.4,1492.48,131.92,0.7105
777308,2025,HOU,CHC,1635.2,1648.68,-13.48,0.5151
777309,2025,CLE,STL,1509.94,1617.52,-107.58,0.382
777310,2025,BOS,TOR,1577.27,1586.08,-8.81,0.5219
777311,2025,CWS,SF,1484.07,1557.05,-72.98,0.43
777312,2025,CIN,SD,1611.13,1571.48,39.65,0.5906
777313,2025,PIT,NYM,1591.05,1565.42,25.63,0.5709
777314,2025,DET,MIN,1613.43,1542.4,71.03,0.6334
777315,2025,LAA,WSH,1548.73,1526.89,21.84,0.5656
777316,2025,ATL,PHI,1572.88,1615.71,-42.83,0.4729
777317,2025,BAL,TB,1571.56,1690.18,-118.62,0.3671
777295,2025,TOR,NYY,1595.22,1633.49,-38.27,0.4795
777296,2025,TB,OAK,1674.72,1478.84,195.87,0.78
777299,2025,PIT,STL,1607.91,1629.64,-21.73,0.5033
777300,2025,BOS,CIN,1568.14,1615.59,-47.45,0.4663
777306,2025,PHI,SD,1620.85,1567.02,53.83,0.6102
777283,2025,TOR,NYY,1600.89,1627.82,-26.93,0.4958
777284,2025,WSH,DET,1506.8,1621.31,-114.5,0.3726
777286,2025,TB,OAK,1662.13,1497.73,164.4,0.7473
777288,2025,PIT,STL,1624.27,1613.27,11.0,0.5502
777289,2025,NYM,MIL,1548.55,1655.01,-106.46,0.3835
777290,2025,PHI,SD,1630.65,1557.23,73.42,0.6366
777291,2025,ARI,SF,1564.61,1544.81,19.8,0.5627
777292,2025,TEX,BAL,1587.27,1587.02,0.24,0.5348
777293,2025,MIA,MIN,1591.84,1530.59,61.25,0.6203
777294,2025,BOS,CIN,1585.52,1598.21,-12.69,0.5163
777297,2025,SEA,KC,1583.07,1516.41,66.67,0.6276
777298,2025,ATL,LAA,1567.73,1568.82,-1.09,0.5329
777265,2025,WSH,DET,1508.82,1619.96,-111.15,0.3772
777271,2025,TB,OAK,1654.42,1509.3,145.12,0.7258
777272,2025,PIT,STL,1629.24,1608.31,20.93,0.5643
777273,2025,PHI,SD,1629.18,1558.69,70.49,0.6327
777274,2025,TOR,NYY,1617.46,1611.24,6.22,0.5434
777275,2025,MIA,MIN,1598.33,1520.85,77.48,0.642
777276,2025,NYM,MIL,1550.4,1653.78,-103.37,0.3877
777277,2025,BOS,CIN,1593.97,1589.76,4.22,0.5405
777278,2025,ARI,SF,1572.23,1533.38,38.85,0.5895
777279,2025,ATL,LAA,1554.02,1582.54,-28.52,0.4935
777280,2025,LAD,CWS,1647.86,1502.42,145.44,0.7262
777281,2025,SEA,KC,1592.38,1502.45,89.93,0.6583
777282,2025,TEX,BAL,1573.49,1600.79,-27.3,0.4953
777284,2025,WSH,DET,1534.31,1602.97,-68.65,0.4361
777285,2025,COL,HOU,1398.18,1643.67,-245.49,0.2184
777287,2025,CHC,CLE,1640.21,1491.77,148.44,0.7296
777289,2025,NYM,MIL,1565.46,1638.72,-73.26,0.4296
777290,2025,PHI,SD,1618.41,1569.47,48.94,0.6035
777294,2025,BOS,CIN,1580.08,1603.65,-23.57,0.5006
777257,2025,NYM,MIL,1553.54,1650.64,-97.09,0.3963
777258,2025,WSH,DET,1510.94,1618.55,-107.6,0.382
777260,2025,TOR,NYY,1625.47,1603.24,22.23,0.5661
777261,2025,ATL,LAA,1568.35,1568.2,0.15,0.5347
777262,2025,SEA,KC,1578.35,1523.49,54.86,0.6116
777263,2025,MIA,MIN,1591.46,1531.17,60.29,0.619
777264,2025,COL,HOU,1393.82,1645.85,-252.03,0.212
777266,2025,CHC,CLE,1645.83,1483.34,162.49,0.7453
777267,2025,LAD,CWS,1655.23,1491.38,163.85,0.7467
777268,2025,TEX,BAL,1591.02,1583.27,7.75,0.5456
777269,2025,COL,HOU,1409.5,1638.01,-228.51,0.2355
777270,2025,ARI,SF,1584.79,1514.54,70.25,0.6324
777236,2025,SEA,PIT,1582.56,1641.61,-59.05,0.4497
777239,2025,SD,TEX,1559.48,1605.12,-45.64,0.4689
777242,2025,TOR,LAA,1634.99,1581.97,53.02,0.6091
777245,2025,WSH,BOS,1533.7,1588.77,-55.06,0.4554
777246,2025,CHC,STL,1648.46,1595.93,52.52,0.6084
777247,2025,MIN,TB,1518.83,1657.27,-138.44,0.341
777249,2025,CLE,DET,1479.39,1603.37,-123.98,0.36
777250,2025,NYM,NYY,1559.96,1593.71,-33.76,0.486
777251,2025,SEA,KC,1599.24,1517.19,82.05,0.6481
777252,2025,ATL,BAL,1554.58,1569.17,-14.59,0.5135
777253,2025,LAD,CWS,1657.84,1487.46,170.38,0.7538
777254,2025,MIA,MIL,1599.68,1644.23,-44.54,0.4705
777255,2025,PHI,CIN,1628.4,1594.96,33.43,0.5819
777256,2025,ARI,SF,1577.99,1524.74,53.26,0.6094
777259,2025,CHC,CLE,1661.9,1473.72,188.18,0.7723
777221,2025,LAD,HOU,1663.73,1641.76,21.96,0.5658
777228,2025,WSH,BOS,1509.15,1605.13,-95.98,0.3979
777229,2025,CHC,STL,1664.23,1582.49,81.74,0.6476
777230,2025,MIN,TB,1529.14,1650.39,-121.25,0.3636
777231,2025,TOR,LAA,1639.23,1577.74,61.49,0.6206
777233,2025,PHI,CIN,1615.68,1607.68,8.01,0.5459
777234,2025,ARI,KC,1560.94,1527.58,33.36,0.5818
777235,2025,LAD,HOU,1653.88,1651.61,2.27,0.5377
777237,2025,ATL,BAL,1548.92,1574.83,-25.9,0.4973
777238,2025,MIA,MIL,1594.57,1649.34,-54.77,0.4558
777240,2025,CLE,DET,1470.23,1607.15,-136.92,0.343
777241,2025,NYM,NYY,1565.57,1588.1,-22.53,0.5021
777243,2025,COL,CWS,1402.0,1478.63,-76.63,0.4248
777244,2025,OAK,SF,1505.02,1550.32,-45.3,0.4694
777248,2025,ARI,KC,1573.76,1508.34,65.42,0.6259
777205,2025,SEA,PIT,1592.31,1624.93,-32.61,0.4876
777206,2025,LAD,HOU,1629.04,1676.45,-47.41,0.4664
777213,2025,WSH,BOS,1490.12,1617.82,-127.69,0.3551
777214,2025,TOR,LAA,1643.32,1573.64,69.68,0.6316
777215,2025,COL,CWS,1392.89,1485.46,-92.57,0.4026
777216,2025,NYM,NYY,1580.91,1572.75,8.16,0.5462
777217,2025,PHI,CIN,1627.33,1596.03,31.31,0.5789
777218,2025,ARI,KC,1554.84,1536.73,18.11,0.5603
777219,2025,CHC,STL,1653.25,1593.46,59.79,0.6183
777220,2025,MIN,TB,1539.18,1643.7,-104.53,0.3861
777222,2025,ATL,BAL,1532.57,1585.73,-53.16,0.4581
777223,2025,SD,TEX,1565.25,1599.35,-34.1,0.4855
777224,2025,MIA,MIL,1603.9,1640.01,-36.11,0.4826
777225,2025,SEA,PIT,1597.91,1619.33,-21.41,0.5037
777226,2025,CLE,DET,1464.86,1610.73,-145.87,0.3315
777227,2025,OAK,SF,1533.75,1531.17,2.58,0.5382
777232,2025,COL,CWS,1413.05,1470.34,-57.3,0.4522
777201,2025,MIL,LAD,1648.35,1617.28,31.07,0.5786
777204,2025,KC,PIT,1558.19,1613.87,-55.68,0.4545
777207,2025,SD,TEX,1554.65,1609.95,-55.31,0.4551
777208,2025,CIN,MIA,1588.73,1595.55,-6.83,0.5247
777209,2025,BOS,COL,1623.72,1383.72,240.0,0.8205
777210,2025,OAK,SF,1510.63,1554.28,-43.65,0.4718
777211,2025,DET,TB,1619.65,1650.18,-30.54,0.4906
777212,2025,CWS,TOR,1492.34,1647.28,-154.94,0.32
777187,2025,NYY,SEA,1582.32,1603.36,-21.04,0.5043
777188,2025,CWS,TOR,1480.79,1654.98,-174.19,0.2964
777190,2025,MIN,CHC,1529.46,1668.03,-138.57,0.3408
777191,2025,STL,WSH,1578.69,1481.28,97.41,0.6679
777193,2025,MIL,LAD,1662.96,1602.67,60.29,0.619
777194,2025,KC,PIT,1574.76,1597.31,-22.55,0.5021
777195,2025,DET,TB,1632.58,1637.24,-4.66,0.5278
777196,2025,BOS,COL,1628.76,1373.64,255.12,0.833
777197,2025,CIN,MIA,1575.26,1609.02,-33.77,0.486
777198,2025,BAL,NYM,1590.69,1571.35,19.34,0.562
777199,2025,SF,PHI,1566.2,1634.63,-68.44,0.4364
777200,2025,LAA,TEX,1569.68,1598.16,-28.48,0.4936
777202,2025,HOU,CLE,1688.21,1451.49,236.71,0.8177
777203,2025,SD,ARI,1566.44,1540.53,25.91,0.5713
777163,2025,SF,PHI,1575.8,1625.02,-49.22,0.4638
777172,2025,CWS,TOR,1468.98,1662.85,-193.87,0.2733
777173,2025,MIN,CHC,1560.4,1647.4,-86.99,0.4103
777175,2025,MIL,LAD,1669.48,1596.15,73.33,0.6365
777177,2025,KC,PIT,1580.22,1591.85,-11.62,0.5178
777178,2025,STL,WSH,1584.28,1472.89,111.39,0.6855
777179,2025,BOS,COL,1634.02,1363.12,270.9,0.8452
777180,2025,LAA,TEX,1575.23,1592.62,-17.39,0.5095
777181,2025,BAL,NYM,1584.51,1577.53,6.98,0.5445
777182,2025,DET,TB,1640.87,1628.96,11.9,0.5515
777183,2025,CIN,MIA,1556.9,1627.39,-70.49,0.4335
777184,2025,NYY,SEA,1598.66,1587.02,11.63,0.5511
777185,2025,SD,ARI,1553.91,1559.31,-5.4,0.5267
777186,2025,SF,PHI,1556.65,1644.18,-87.53,0.4096
777189,2025,OAK,ATL,1492.77,1525.13,-32.36,0.488
777192,2025,HOU,CLE,1675.23,1470.96,204.27,0.7882
777162,2025,SD,ARI,1559.15,1554.08,5.07,0.5417
777164,2025,CWS,CLE,1480.09,1498.82,-18.73,0.5076
777165,2025,BAL,NYM,1584.02,1578.02,6.0,0.5431
777166,2025,MIN,CHC,1570.37,1637.43,-67.05,0.4384
777167,2025,STL,WSH,1563.96,1503.37,60.6,0.6194
777168,2025,CIN,MIA,1572.63,1611.65,-39.02,0.4784
777169,2025,NYY,SEA,1608.56,1577.12,31.44,0.5791
777170,2025,BOS,TB,1638.86,1643.09,-4.22,0.5284
777171,2025,LAA,TEX,1554.48,1613.36,-58.88,0.45
777174,2025,HOU,CLE,1656.66,1498.94,157.71,0.74
777176,2025,OAK,ATL,1520.65,1497.25,23.41,0.5678
777181,2025,BAL,NYM,1592.03,1570.01,22.02,0.5658
777153,2025,NYY,CHC,1613.16,1651.58,-38.42,0.4793
777155,2025,BOS,TB,1644.08,1637.87,6.22,0.5434
777156,2025,OAK,ATL,1492.61,1525.28,-32.67,0.4875
777157,2025,BAL,MIA,1603.1,1595.69,7.4,0.5451
777158,2025,SD,ARI,1542.32,1570.91,-28.59,0.4934
777159,2025,LAA,TEX,1566.37,1601.48,-35.12,0.484
777160,2025,CIN,COL,1588.59,1353.43,235.16,0.8164
777161,2025,DET,SEA,1626.74,1572.52,54.22,0.6107
777164,2025,CWS,CLE,1479.97,1517.15,-37.18,0.481
777126,2025,SD,PHI,1550.64,1637.88,-87.24,0.41
777127,2025,SF,LAD,1562.95,1592.25,-29.31,0.4924
777133,2025,STL,ATL,1576.29,1516.88,59.4,0.6178
777134,2025,MIN,PIT,1556.22,1586.53,-30.31,0.4909
777135,2025,MIL,WSH,1673.38,1484.88,188.5,0.7726
777136,2025,KC,NYM,1585.54,1558.94,26.6,0.5723
777137,2025,HOU,TEX,1644.52,1617.33,27.19,0.5731
777138,2025,CWS,CLE,1467.49,1529.62,-62.13,0.4453
777139,2025,SD,PHI,1556.93,1631.59,-74.65,0.4276
777140,2025,CIN,COL,1580.41,1369.79,210.63,0.7942
777141,2025,BAL,MIA,1613.15,1585.64,27.52,0.5736
777142,2025,NYY,CHC,1633.51,1631.23,2.28,0.5377
777143,2025,SF,LAD,1557.56,1597.64,-40.08,0.4769
777144,2025,BOS,TB,1649.13,1632.82,16.32,0.5578
777145,2025,DET,SEA,1604.78,1594.48,10.31,0.5492
777146,2025,CWS,CLE,1450.76,1546.35,-95.59,0.3984
777147,2025,STL,ATL,1569.62,1526.89,42.73,0.5949
777148,2025,MIN,PIT,1573.87,1568.87,5.0,0.5416
777149,2025,MIL,WSH,1675.7,1481.4,194.31,0.7785
777150,2025,LAA,ARI,1550.52,1565.36,-14.84,0.5132
777151,2025,KC,NYM,1575.6,1568.88,6.72,0.5441
777152,2025,OAK,TOR,1501.01,1655.45,-154.43,0.3206
777154,2025,HOU,TEX,1649.2,1612.66,36.54,0.5863
777113,2025,MIN,PIT,1578.95,1563.8,15.15,0.5561
777115,2025,LAA,ARI,1555.88,1560.0,-4.12,0.5286
777116,2025,OAK,TOR,1496.03,1658.77,-162.74,0.3103
777117,2025,SD,PHI,1566.66,1621.85,-55.19,0.4552
777118,2025,STL,ATL,1563.14,1536.6,26.55,0.5722
777119,2025,SF,LAD,1563.26,1591.94,-28.69,0.4933
777120,2025,CWS,CLE,1460.36,1536.76,-76.41,0.4251
777121,2025,DET,SEA,1585.57,1613.69,-28.13,0.4941
777122,2025,NYY,CHC,1621.6,1643.15,-21.55,0.5035
777123,2025,MIL,WSH,1681.54,1472.64,208.9,0.7926
777124,2025,KC,NYM,1560.05,1584.43,-24.38,0.4995
777125,2025,HOU,TEX,1634.35,1627.51,6.84,0.5443
777128,2025,CIN,COL,1582.49,1365.62,216.87,0.8
777129,2025,BAL,MIA,1595.52,1603.27,-7.76,0.5234
777130,2025,BOS,TB,1654.0,1627.95,26.05,0.5715
777131,2025,LAA,ARI,1542.29,1573.58,-31.29,0.4895
777132,2025,OAK,TOR,1517.4,1644.52,-127.13,0.3558
777101,2025,CHC,BOS,1654.21,1663.39,-9.19,0.5213
777105,2025,CLE,OAK,1543.6,1527.53,16.07,0.5574
777106,2025,PHI,LAA,1626.78,1563.94,62.84,0.6224
777107,2025,PIT,CWS,1569.93,1453.52,116.4,0.6917
777108,2025,TOR,SF,1637.77,1552.46,85.31,0.6523
777109,2025,MIA,KC,1623.28,1565.54,57.74,0.6155
777110,2025,TB,BAL,1618.56,1575.51,43.05,0.5953
777111,2025,NYM,CIN,1578.94,1585.69,-6.75,0.5248
777112,2025,WSH,SD,1463.19,1561.74,-98.55,0.3943
777114,2025,ATL,NYY,1529.57,1610.54,-80.97,0.4187
777081,2025,ARI,STL,1559.15,1567.83,-8.68,0.522
777088,2025,TEX,DET,1641.48,1573.0,68.48,0.63
777089,2025,PHI,LAA,1620.07,1570.65,49.42,0.6041
777090,2025,PIT,CWS,1545.72,1489.83,55.9,0.613
777091,2025,WSH,SD,1446.96,1572.56,-125.6,0.3578
777092,2025,NYM,CIN,1565.47,1599.17,-33.7,0.486
777093,2025,MIA,KC,1627.44,1561.39,66.05,0.6268
777094,2025,TOR,SF,1646.39,1543.84,102.55,0.6745
777095,2025,TB,BAL,1633.78,1560.28,73.51,0.6368
777096,2025,CHC,BOS,1664.78,1652.82,11.96,0.5516
777097,2025,ATL,NYY,1551.22,1596.1,-44.88,0.47
777098,2025,TEX,DET,1649.44,1565.05,84.39,0.6511
777099,2025,SEA,HOU,1626.26,1620.37,5.88,0.5429
777100,2025,ARI,STL,1576.69,1550.29,26.4,0.572
777102,2025,COL,MIN,1359.22,1572.82,-213.6,0.2514
777103,2025,LAD,MIL,1602.74,1687.84,-85.1,0.413
777104,2025,CLE,OAK,1555.18,1515.94,39.24,0.59
777067,2025,SEA,HOU,1639.33,1607.3,32.02,0.5799
777070,2025,LAD,MIL,1595.75,1694.83,-99.08,0.3936
777071,2025,ARI,STL,1587.58,1539.4,48.18,0.6024
777072,2025,COL,MIN,1383.21,1560.83,-177.61,0.2923
777073,2025,TEX,DET,1655.34,1559.14,96.2,0.6664
777074,2025,PIT,CWS,1517.8,1517.74,0.06,0.5346
777075,2025,CHC,BOS,1678.67,1638.93,39.73,0.5907
777076,2025,TB,BAL,1637.68,1556.38,81.3,0.6471
777077,2025,WSH,SD,1468.32,1561.88,-93.56,0.4012
777078,2025,PHI,LAA,1630.04,1560.68,69.36,0.6312
777079,2025,TOR,SF,1653.29,1533.49,119.8,0.6959
777080,2025,COL,MIN,1366.37,1569.25,-202.88,0.2631
777082,2025,MIA,KC,1633.81,1555.02,78.79,0.6438
777083,2025,ATL,NYY,1541.0,1606.31,-65.31,0.4408
777084,2025,CLE,OAK,1537.13,1543.01,-5.88,0.5261
777085,2025,LAD,MIL,1591.58,1699.01,-107.43,0.3822
777086,2025,SEA,HOU,1619.23,1627.4,-8.17,0.5228
777087,2025,NYM,CIN,1554.85,1609.78,-54.93,0.4556
777059,2025,TB,CWS,1626.71,1540.73,85.98,0.6532
777060,2025,PIT,DET,1494.82,1566.22,-71.4,0.4322
777061,2025,NYM,LAA,1560.74,1579.73,-18.99,0.5072
777062,2025,MIA,SD,1620.02,1574.68,45.34,0.5985
777063,2025,PHI,BOS,1610.99,1655.57,-44.58,0.4704
777064,2025,WSH,CIN,1449.11,1603.89,-154.78,0.3202
777066,2025,TOR,NYY,1658.36,1613.84,44.52,0.5973
777068,2025,CLE,BAL,1559.21,1567.35,-8.14,0.5228
777069,2025,ATL,SF,1529.72,1525.88,3.83,0.54
777042,2025,WSH,CIN,1471.44,1592.73,-121.29,0.3635
777044,2025,PIT,DET,1513.11,1554.02,-40.91,0.4757
777045,2025,PHI,BOS,1616.74,1649.81,-33.07,0.487
777046,2025,TOR,NYY,1667.11,1605.09,62.03,0.6213
777048,2025,TB,CWS,1608.69,1567.76,40.93,0.5924
777050,2025,SEA,MIL,1624.5,1703.05,-78.55,0.4221
777051,2025,LAD,MIN,1587.54,1551.87,35.66,0.585
777052,2025,MIA,SD,1613.52,1581.19,32.33,0.5804
777053,2025,COL,STL,1401.12,1529.14,-128.03,0.3546
777054,2025,NYM,LAA,1569.33,1571.14,-1.81,0.5319
777055,2025,ARI,HOU,1594.42,1622.13,-27.7,0.4947
777056,2025,CLE,BAL,1572.84,1553.72,19.12,0.5617
777057,2025,TEX,OAK,1648.26,1520.94,127.32,0.705
777058,2025,ATL,SF,1547.46,1508.15,39.31,0.5901
777065,2025,CHC,KC,1662.03,1568.8,93.23,0.6626
777022,2025,LAD,MIN,1596.59,1542.82,53.78,0.6101
777024,2025,SEA,MIL,1611.81,1715.74,-103.93,0.387
777026,2025,WSH,CIN,1497.38,1575.44,-78.06,0.4228
777027,2025,TOR,NYY,1660.41,1611.79,48.62,0.603
777028,2025,COL,STL,1383.86,1542.09,-158.23,0.3159
777029,2025,PIT,DET,1530.24,1542.6,-12.36,0.5167
777030,2025,TB,CWS,1613.13,1563.33,49.8,0.6046
777031,2025,CHC,KC,1639.69,1591.15,48.54,0.6029
777032,2025,ARI,HOU,1583.59,1632.96,-49.38,0.4635
777034,2025,NYM,LAA,1574.52,1565.95,8.56,0.5467
777035,2025,SEA,MIL,1598.82,1728.73,-129.91,0.3521
777036,2025,CLE,BAL,1582.48,1544.08,38.39,0.5888
777037,2025,MIA,SD,1618.11,1576.6,41.5,0.5932
777038,2025,PHI,BOS,1627.95,1638.6,-10.65,0.5192
777039,2025,LAD,MIN,1600.81,1536.48,64.33,0.6244
777040,2025,ARI,HOU,1578.56,1637.99,-59.43,0.4492
777041,2025,ATL,SF,1515.42,1540.18,-24.77,0.4989
777043,2025,TEX,OAK,1656.26,1508.95,147.31,0.7283
777047,2025,CHC,KC,1624.5,1606.34,18.16,0.5604
777049,2025,COL,STL,1423.6,1512.28,-88.69,0.408
777019,2025,CLE,BAL,1586.96,1537.36,49.6,0.6044
777021,2025,DET,TOR,1521.94,1670.41,-148.47,0.3282
777023,2025,STL,SD,1490.3,1572.17,-81.87,0.4175
777033,2025,TEX,OAK,1662.81,1499.11,163.7,0.7466
777005,2025,STL,SD,1505.11,1562.3,-57.19,0.4524
777008,2025,MIL,MIA,1721.94,1622.53,99.41,0.6705
777012,2025,BOS,LAD,1644.33,1587.36,56.97,0.6145
777013,2025,CIN,TB,1587.14,1602.74,-15.6,0.5121
777014,2025,PIT,ARI,1550.9,1570.87,-19.97,0.5058
777015,2025,NYY,PHI,1601.79,1622.22,-20.44,0.5051
777016,2025,DET,TOR,1506.6,1680.64,-174.04,0.2966
777017,2025,CWS,CHC,1573.72,1638.07,-64.35,0.4422
777018,2025,LAA,SEA,1555.94,1605.61,-49.67,0.4631
777020,2025,BAL,COL,1547.19,1452.91,94.29,0.6639
777025,2025,HOU,OAK,1645.68,1495.19,150.49,0.7319
776990,2025,KC,CLE,1592.76,1580.4,12.36,0.5521
776991,2025,HOU,OAK,1630.48,1517.98,112.5,0.6869
776992,2025,STL,SD,1522.87,1550.46,-27.59,0.4948
776993,2025,TEX,ATL,1665.43,1492.38,173.05,0.7566
776994,2025,CWS,CHC,1591.75,1620.04,-28.29,0.4938
776996,2025,MIL,MIA,1705.43,1639.05,66.37,0.6272
776997,2025,MIN,WSH,1556.67,1479.82,76.85,0.6412
776998,2025,BOS,LAD,1631.05,1600.64,30.4,0.5777
776999,2025,BAL,COL,1536.6,1463.5,73.1,0.6362
777000,2025,CIN,TB,1601.03,1588.85,12.18,0.5519
777001,2025,NYY,PHI,1585.13,1638.88,-53.74,0.4573
777002,2025,PIT,ARI,1545.35,1576.43,-31.08,0.4898
777003,2025,DET,TOR,1495.98,1687.72,-191.73,0.2758
777004,2025,SF,NYM,1563.22,1584.53,-21.31,0.5039
777006,2025,LAA,SEA,1547.98,1613.57,-65.59,0.4404
777007,2025,HOU,OAK,1613.65,1543.22,70.43,0.6326
777009,2025,TEX,ATL,1667.93,1488.62,179.31,0.7632
777010,2025,KC,CLE,1583.11,1590.05,-6.94,0.5245
777010,2025,KC,CLE,1582.84,1590.33,-7.48,0.5238
777011,2025,MIN,WSH,1537.38,1508.75,28.63,0.5752
776974,2025,SF,NYM,1546.62,1601.13,-54.51,0.4562
776975,2025,KC,CLE,1591.19,1581.98,9.2,0.5476
776976,2025,HOU,OAK,1588.5,1580.96,7.54,0.5453
776977,2025,LAA,SEA,1557.02,1607.54,-50.52,0.4619
776978,2025,MIL,MIA,1691.92,1652.56,39.36,0.5902
776979,2025,MIN,WSH,1544.36,1501.78,42.58,0.5947
776980,2025,STL,SD,1509.98,1559.05,-49.07,0.464
776981,2025,TEX,ATL,1674.21,1479.21,195.0,0.7791
776982,2025,CIN,TB,1612.51,1577.37,35.13,0.5843
776983,2025,BOS,LAD,1638.37,1593.32,45.05,0.5981
776984,2025,PIT,ARI,1558.61,1567.59,-8.98,0.5216
776985,2025,SF,NYM,1534.88,1608.96,-74.08,0.4284
776986,2025,BAL,COL,1561.48,1438.62,122.86,0.6996
776987,2025,DET,TOR,1485.07,1694.99,-209.91,0.2554
776988,2025,NYY,PHI,1572.34,1651.67,-79.34,0.421
776989,2025,CWS,CHC,1577.77,1634.02,-56.24,0.4537
776995,2025,LAA,SEA,1568.68,1595.87,-27.19,0.4954
776960,2025,STL,MIA,1487.33,1648.09,-160.76,0.3128
776961,2025,MIN,BOS,1519.27,1642.74,-123.46,0.3606
776965,2025,MIL,CHC,1696.39,1638.92,57.46,0.6151
776966,2025,BAL,TOR,1568.81,1673.82,-105.02,0.3855
776967,2025,CIN,LAD,1617.05,1588.95,28.09,0.5744
776968,2025,CLE,COL,1571.99,1423.96,148.03,0.7291
776970,2025,NYY,TB,1578.53,1572.84,5.7,0.5426
776971,2025,KC,ATL,1601.18,1469.08,132.09,0.7107
776972,2025,CWS,PHI,1572.87,1645.48,-72.61,0.4305
776973,2025,DET,ARI,1516.82,1552.75,-35.93,0.4828
776946,2025,STL,MIA,1517.24,1628.15,-110.91,0.3775
776949,2025,NYY,TB,1569.02,1582.35,-13.33,0.5154
776951,2025,CLE,COL,1559.98,1447.98,112.0,0.6863
776952,2025,CWS,PHI,1587.06,1631.28,-44.22,0.4709
776953,2025,DET,ARI,1536.48,1539.65,-3.17,0.5299
776954,2025,MIN,BOS,1529.34,1636.02,-106.68,0.3832
776955,2025,KC,ATL,1586.31,1491.39,94.92,0.6648
776956,2025,MIL,CHC,1706.04,1629.27,76.78,0.6411
776957,2025,OAK,SEA,1597.88,1609.9,-12.03,0.5172
776958,2025,LAA,TEX,1554.66,1680.96,-126.3,0.3569
776959,2025,SD,NYM,1574.15,1613.56,-39.4,0.4778
776962,2025,BAL,TOR,1588.32,1654.31,-65.99,0.4399
776963,2025,CIN,LAD,1604.47,1601.53,2.93,0.5387
776964,2025,SF,PIT,1527.99,1573.44,-45.46,0.4692
776969,2025,HOU,WSH,1571.58,1526.86,44.72,0.5976
778372,2025,BAL,TOR,1594.35,1648.28,-53.93,0.457
776929,2025,MIL,CHC,1716.84,1618.47,98.37,0.6692
776931,2025,SD,NYM,1579.84,1607.87,-28.03,0.4942
776933,2025,SF,PIT,1520.34,1578.54,-58.2,0.4509
776934,2025,STL,MIA,1501.79,1638.45,-136.67,0.3433
776935,2025,MIN,BOS,1517.18,1644.13,-126.95,0.356
776936,2025,KC,ATL,1593.44,1480.7,112.74,0.6872
776937,2025,HOU,WSH,1565.08,1536.61,28.48,0.575
776938,2025,NYY,TB,1577.49,1573.88,3.61,0.5396
776939,2025,CWS,PHI,1576.82,1641.52,-64.7,0.4417
776940,2025,DET,ARI,1563.49,1512.64,50.85,0.6061
776941,2025,CIN,LAD,1598.5,1607.5,-9.0,0.5216
776942,2025,CLE,COL,1569.28,1429.39,139.88,0.7198
776943,2025,SF,PIT,1513.03,1583.41,-70.38,0.4336
776944,2025,OAK,SEA,1588.84,1618.95,-30.11,0.4912
776945,2025,LAA,TEX,1565.35,1670.27,-104.92,0.3856
776947,2025,SD,NYM,1594.16,1593.55,0.61,0.5354
776948,2025,BAL,TOR,1616.1,1626.53,-10.43,0.5195
776950,2025,HOU,WSH,1579.83,1514.48,65.36,0.6258
776927,2025,NYY,TB,1582.59,1568.78,13.8,0.5542
776928,2025,CIN,ATL,1609.07,1475.75,133.32,0.7121
776930,2025,OAK,SEA,1603.23,1604.56,-1.33,0.5326
776932,2025,LAA,TEX,1578.35,1657.26,-78.91,0.4216
776913,2025,PHI,DET,1624.63,1574.53,50.11,0.6051
776915,2025,CHC,BAL,1639.78,1610.37,29.41,0.5763
776917,2025,WSH,MIL,1502.39,1695.53,-193.14,0.2742
776918,2025,TB,LAD,1558.96,1596.93,-37.97,0.4799
776920,2025,TOR,KC,1632.26,1596.74,35.53,0.5848
776921,2025,CIN,ATL,1601.62,1486.92,114.71,0.6896
776922,2025,BOS,HOU,1657.94,1587.89,70.05,0.6321
776923,2025,SEA,TEX,1599.38,1666.29,-66.91,0.4386
776924,2025,CLE,MIN,1576.83,1496.46,80.37,0.6458
776925,2025,MIA,NYY,1644.14,1592.41,51.72,0.6073
776926,2025,NYM,SF,1579.09,1501.95,77.13,0.6416
776897,2025,SEA,TEX,1616.34,1649.32,-32.98,0.4871
776900,2025,TOR,KC,1614.34,1614.65,-0.31,0.534
776901,2025,TB,LAD,1545.43,1610.45,-65.02,0.4412
776902,2025,CHC,BAL,1644.42,1605.73,38.69,0.5892
776903,2025,WSH,MIL,1489.81,1703.92,-214.11,0.2508
776904,2025,COL,PIT,1414.29,1590.8,-176.51,0.2936
776905,2025,CLE,MIN,1580.62,1490.78,89.84,0.6582
776906,2025,SD,STL,1608.62,1493.27,115.36,0.6904
776907,2025,CIN,ATL,1604.89,1482.01,122.88,0.6996
776908,2025,SEA,TEX,1607.91,1657.76,-49.85,0.4629
776909,2025,BOS,HOU,1661.9,1583.94,77.96,0.6427
776910,2025,MIA,NYY,1648.39,1588.16,60.23,0.6189
776911,2025,NYM,SF,1572.21,1512.27,59.95,0.6185
776912,2025,PHI,DET,1628.92,1570.24,58.67,0.6168
776914,2025,OAK,ARI,1608.41,1496.08,112.33,0.6867
776916,2025,LAA,CWS,1569.33,1593.71,-24.38,0.4994
776919,2025,COL,PIT,1443.3,1576.3,-133.0,0.3481
776881,2025,OAK,ARI,1616.08,1484.57,131.52,0.71
776883,2025,SEA,TEX,1613.73,1651.93,-38.2,0.4796
776884,2025,SD,STL,1615.15,1483.48,131.67,0.7101
776885,2025,LAA,CWS,1558.37,1604.67,-46.3,0.468
776886,2025,COL,PIT,1456.93,1569.48,-112.55,0.3753
776887,2025,NYM,SF,1583.78,1494.92,88.85,0.6569
776888,2025,CHC,BAL,1637.99,1612.15,25.84,0.5712
776889,2025,TB,LAD,1566.4,1596.48,-30.08,0.4912
776890,2025,PHI,DET,1618.36,1580.8,37.55,0.5877
776891,2025,MIA,NYY,1654.91,1581.64,73.28,0.6364
776892,2025,CLE,MIN,1584.26,1485.31,98.95,0.6699
776893,2025,TOR,KC,1622.53,1606.47,16.07,0.5574
776894,2025,WSH,MIL,1479.14,1711.03,-231.9,0.2321
776895,2025,BOS,HOU,1670.78,1575.05,95.73,0.6658
776896,2025,SD,STL,1622.19,1472.92,149.27,0.7306
776898,2025,LAA,CWS,1569.93,1593.11,-23.18,0.5012
776899,2025,OAK,ARI,1604.31,1502.23,102.08,0.6739
776907,2025,CIN,ATL,1593.25,1499.48,93.77,0.6633
776874,2025,DET,MIN,1573.68,1495.98,77.7,0.6423
776875,2025,MIA,HOU,1663.97,1565.87,98.1,0.6688
776876,2025,NYM,CLE,1561.58,1577.15,-15.57,0.5121
776877,2025,PHI,BAL,1625.48,1604.7,20.78,0.5641
776879,2025,PIT,SF,1578.67,1528.22,50.45,0.6055
776880,2025,BOS,KC,1679.97,1618.74,61.23,0.6202
776882,2025,ATL,MIL,1516.25,1719.38,-203.13,0.2629
776861,2025,DET,MIN,1581.34,1484.48,96.86,0.6672
776862,2025,MIA,HOU,1644.04,1585.81,58.23,0.6162
776863,2025,NYM,CLE,1555.94,1582.79,-26.85,0.4959
776864,2025,BOS,KC,1688.16,1610.54,77.62,0.6422
776865,2025,WSH,OAK,1466.62,1585.84,-119.23,0.3663
776866,2025,PIT,SF,1582.95,1521.8,61.14,0.6201
776867,2025,LAA,TB,1564.43,1555.65,8.78,0.547
776868,2025,PHI,BAL,1642.05,1588.14,53.91,0.6103
776869,2025,ATL,MIL,1509.91,1723.61,-213.7,0.2512
776870,2025,LAD,STL,1607.23,1495.68,111.55,0.6857
776871,2025,TEX,NYY,1646.26,1572.58,73.68,0.637
776872,2025,COL,TOR,1443.14,1610.26,-167.12,0.3049
776873,2025,ARI,SD,1529.92,1607.01,-77.09,0.4242
776878,2025,CHC,CIN,1645.44,1582.06,63.38,0.6232
776836,2025,COL,TOR,1418.58,1622.54,-203.96,0.2619
776839,2025,LAD,STL,1599.99,1506.53,93.46,0.6629
776843,2025,LAA,TB,1576.04,1544.03,32.02,0.5799
776844,2025,PIT,SF,1562.87,1551.92,10.96,0.5501
776845,2025,TEX,NYY,1654.05,1564.79,89.27,0.6575
776846,2025,NYM,CLE,1550.5,1588.22,-37.72,0.4803
776847,2025,CHC,CIN,1638.73,1588.78,49.95,0.6048
776848,2025,LAA,TB,1569.71,1553.54,16.17,0.5575
776849,2025,MIA,HOU,1628.58,1601.26,27.32,0.5733
776850,2025,WSH,OAK,1447.42,1598.64,-151.23,0.3247
776851,2025,PHI,BAL,1652.95,1577.23,75.72,0.6397
776852,2025,ARI,SD,1551.41,1592.69,-41.28,0.4752
776853,2025,ATL,MIL,1500.06,1730.17,-230.11,0.2339
776854,2025,COL,TOR,1395.6,1634.03,-238.43,0.2254
776855,2025,TEX,NYY,1647.05,1571.79,75.25,0.6391
776856,2025,BOS,KC,1697.06,1601.64,95.42,0.6654
776857,2025,SEA,CWS,1619.4,1598.61,20.8,0.5641
776858,2025,LAD,STL,1588.81,1523.3,65.51,0.626
776859,2025,DET,MIN,1567.17,1505.75,61.42,0.6205
776860,2025,CHC,CIN,1649.8,1577.7,72.1,0.6349
776830,2025,SEA,CWS,1631.78,1586.23,45.55,0.5988
776837,2025,WSH,OAK,1461.43,1591.64,-130.21,0.3517
776838,2025,ARI,SD,1538.04,1606.06,-68.02,0.437
776840,2025,PIT,CIN,1553.25,1593.53,-40.28,0.4766
776841,2025,SEA,CWS,1636.14,1581.87,54.27,0.6108
776842,2025,ATL,MIA,1496.54,1635.99,-139.45,0.3397
776829,2025,PIT,CIN,1570.35,1576.43,-6.08,0.5258
776831,2025,BAL,OAK,1593.16,1601.98,-8.82,0.5218
776832,2025,DET,LAA,1549.86,1555.45,-5.59,0.5265
776833,2025,CWS,CLE,1575.19,1598.7,-23.5,0.5007
776834,2025,ATL,MIA,1512.91,1625.07,-112.16,0.3758
776835,2025,NYY,HOU,1565.66,1593.86,-28.2,0.494
776802,2025,SF,WSH,1561.54,1445.92,115.62,0.6908
776810,2025,TEX,PHI,1653.18,1637.03,16.15,0.5575
776811,2025,BAL,OAK,1598.44,1596.69,1.74,0.537
776812,2025,PIT,CIN,1575.6,1571.19,4.41,0.5408
776813,2025,DET,LAA,1557.72,1550.21,7.5,0.5452
776814,2025,CWS,CLE,1562.44,1611.45,-49.02,0.4641
776815,2025,NYY,HOU,1557.09,1602.43,-45.34,0.4693
776816,2025,MIN,KC,1531.71,1618.07,-86.36,0.4112
776817,2025,MIL,NYM,1732.52,1540.03,192.49,0.7766
776818,2025,STL,CHC,1506.34,1633.97,-127.63,0.3551
776819,2025,ATL,MIA,1499.1,1634.28,-135.18,0.3452
776820,2025,SD,BOS,1610.76,1680.64,-69.88,0.4344
776821,2025,TEX,PHI,1647.04,1643.17,3.87,0.54
776822,2025,SF,WSH,1550.0,1468.99,81.01,0.6467
776823,2025,LAD,TOR,1600.12,1640.36,-40.24,0.4766
776824,2025,SEA,TB,1642.82,1567.79,75.03,0.6388
776825,2025,ARI,COL,1530.99,1382.94,148.05,0.7292
776826,2025,STL,CHC,1488.64,1645.77,-157.13,0.3173
776827,2025,MIN,KC,1521.27,1625.02,-103.75,0.3872
776828,2025,MIL,NYM,1737.08,1533.2,203.88,0.7878
778431,2025,ATL,MIA,1515.36,1623.44,-108.07,0.3813
776788,2025,LAD,TOR,1613.35,1627.13,-13.77,0.5147
776789,2025,SD,BOS,1595.96,1695.44,-99.48,0.3931
776791,2025,SEA,TB,1646.69,1563.92,82.78,0.649
776793,2025,SF,WSH,1559.77,1454.34,105.43,0.6781
776794,2025,ARI,COL,1541.9,1368.39,173.51,0.7571
776795,2025,STL,CHC,1516.04,1627.51,-111.46,0.3767
776796,2025,MIN,KC,1546.44,1608.25,-61.81,0.4458
776797,2025,NYY,HOU,1562.85,1596.66,-33.81,0.4859
776798,2025,CWS,CLE,1554.46,1619.43,-64.98,0.4413
776799,2025,MIL,NYM,1739.23,1529.97,209.26,0.7929
776800,2025,TEX,PHI,1628.09,1662.12,-34.03,0.4856
776801,2025,PIT,CIN,1569.61,1577.17,-7.56,0.5236
776803,2025,ATL,MIA,1542.9,1605.08,-62.17,0.4453
776804,2025,BAL,OAK,1579.57,1615.56,-35.98,0.4828
776805,2025,SEA,TB,1654.2,1556.41,97.78,0.6684
776806,2025,DET,LAA,1545.66,1562.27,-16.6,0.5106
776807,2025,SD,BOS,1610.91,1680.48,-69.57,0.4348
776808,2025,LAD,TOR,1607.68,1632.8,-25.12,0.4984
776809,2025,ARI,COL,1553.14,1353.41,199.73,0.7838
776781,2025,CWS,DET,1563.99,1564.43,-0.43,0.5339
776783,2025,STL,COL,1525.91,1349.01,176.9,0.7607
776784,2025,KC,WSH,1598.77,1488.46,110.31,0.6842
776786,2025,MIL,PIT,1741.33,1553.36,187.96,0.7721
776790,2025,NYY,MIN,1547.95,1560.65,-12.7,0.5163
776792,2025,CIN,PHI,1593.42,1670.53,-77.1,0.4242
776768,2025,TOR,CHC,1615.36,1620.93,-5.56,0.5265
776770,2025,KC,WSH,1605.44,1478.46,126.98,0.7046
776771,2025,MIL,PIT,1747.87,1546.83,201.04,0.7851
776772,2025,NYM,ATL,1526.82,1568.1,-41.28,0.4752
776773,2025,CWS,DET,1558.08,1570.34,-12.27,0.5169
776774,2025,NYY,MIN,1566.53,1548.27,18.27,0.5605
776775,2025,STL,COL,1529.6,1344.1,185.5,0.7696
776776,2025,BAL,SEA,1574.31,1661.24,-86.93,0.4104
776777,2025,CIN,PHI,1584.33,1679.61,-95.28,0.3988
776778,2025,CLE,MIA,1609.89,1588.28,21.61,0.5653
776779,2025,LAA,LAD,1549.76,1625.12,-75.36,0.4266
776780,2025,SF,SD,1537.02,1616.99,-79.97,0.4201
776782,2025,HOU,BOS,1611.56,1674.41,-62.85,0.4443
776785,2025,TEX,ARI,1619.68,1555.33,64.35,0.6245
776787,2025,OAK,TB,1620.83,1549.37,71.45,0.634
776746,2025,TEX,ARI,1623.73,1551.29,72.44,0.6353
776749,2025,SF,SD,1523.53,1625.98,-102.45,0.389
776753,2025,HOU,BOS,1617.55,1668.42,-50.86,0.4614
776754,2025,CWS,DET,1568.73,1559.69,9.04,0.5474
776755,2025,MIL,PIT,1756.4,1534.03,222.37,0.8051
776756,2025,NYM,ATL,1553.99,1549.99,4.0,0.5402
776757,2025,TOR,CHC,1627.53,1608.76,18.76,0.5612
776758,2025,STL,COL,1505.98,1375.58,130.4,0.7086
776759,2025,KC,WSH,1611.64,1469.16,142.47,0.7228
776760,2025,NYY,MIN,1581.85,1525.28,56.57,0.6139
776761,2025,BAL,SEA,1569.93,1665.62,-95.69,0.3983
776762,2025,OAK,TB,1607.2,1569.8,37.4,0.5875
776763,2025,LAA,LAD,1568.2,1612.82,-44.62,0.4704
776764,2025,TEX,ARI,1612.92,1562.1,50.82,0.606
776765,2025,CIN,PHI,1600.85,1663.1,-62.25,0.4452
776766,2025,CLE,MIA,1614.67,1583.51,31.16,0.5787
776767,2025,SF,SD,1502.14,1640.24,-138.1,0.3415
776769,2025,HOU,BOS,1629.23,1656.74,-27.51,0.4949
776743,2025,WSH,PHI,1480.46,1644.13,-163.67,0.3092
776744,2025,MIN,DET,1545.2,1565.73,-20.54,0.505
776745,2025,CLE,MIA,1593.65,1604.53,-10.88,0.5189
776747,2025,TOR,CHC,1615.18,1621.11,-5.92,0.526
776748,2025,NYM,ATL,1538.53,1573.18,-34.64,0.4847
776750,2025,BAL,SEA,1576.32,1659.22,-82.9,0.416
776751,2025,OAK,TB,1619.83,1557.17,62.66,0.6222
776752,2025,LAA,LAD,1573.96,1607.06,-33.1,0.4869
776735,2025,TOR,TEX,1620.43,1606.35,14.08,0.5546
776736,2025,NYM,SEA,1530.59,1649.33,-118.74,0.3669
776737,2025,CHC,PIT,1615.86,1525.19,90.67,0.6593
776738,2025,CLE,ATL,1607.37,1578.47,28.9,0.5756
776739,2025,WSH,PHI,1491.15,1637.0,-145.84,0.3315
776740,2025,CIN,MIL,1619.82,1762.29,-142.47,0.3358
776741,2025,BOS,MIA,1677.38,1590.8,86.58,0.654
776742,2025,COL,ARI,1390.42,1568.67,-178.25,0.2915
776712,2025,KC,CWS,1604.11,1562.69,41.42,0.5931
776713,2025,STL,NYY,1494.85,1568.58,-73.73,0.4289
776716,2025,MIN,DET,1536.87,1571.28,-34.41,0.485
776719,2025,CHC,PIT,1608.84,1535.72,73.12,0.6362
776720,2025,CLE,ATL,1597.38,1588.45,8.93,0.5473
776721,2025,CIN,MIL,1614.27,1767.83,-153.56,0.3217
776722,2025,HOU,BAL,1608.59,1586.22,22.37,0.5663
776723,2025,TOR,TEX,1625.33,1601.44,23.89,0.5685
776724,2025,BOS,MIA,1681.07,1587.11,93.96,0.6635
776725,2025,WSH,PHI,1479.14,1645.0,-165.86,0.3065
776726,2025,NYM,SEA,1521.41,1655.45,-134.04,0.3467
776727,2025,LAD,SD,1601.46,1648.52,-47.06,0.4669
776728,2025,KC,CWS,1614.39,1552.4,61.99,0.6213
776729,2025,SF,TB,1489.73,1576.01,-86.27,0.4113
776730,2025,COL,ARI,1373.63,1577.07,-203.44,0.2625
776731,2025,STL,NYY,1478.82,1579.27,-100.44,0.3917
776732,2025,MIN,DET,1520.98,1581.88,-60.89,0.4471
776733,2025,HOU,BAL,1613.35,1581.45,31.9,0.5798
776734,2025,OAK,LAA,1601.0,1579.57,21.43,0.565
776697,2025,LAD,SD,1607.25,1642.73,-35.48,0.4835
776698,2025,STL,NYY,1472.59,1583.42,-110.83,0.3776
776699,2025,OAK,LAA,1615.33,1565.23,50.1,0.605
776700,2025,MIN,DET,1499.27,1596.35,-97.08,0.3964
776701,2025,COL,ARI,1388.6,1569.58,-180.98,0.2883
776702,2025,KC,CWS,1620.87,1545.93,74.94,0.6387
776703,2025,SF,TB,1483.15,1580.4,-97.25,0.3961
776704,2025,CHC,PIT,1615.03,1526.44,88.59,0.6566
776705,2025,HOU,BAL,1594.34,1600.47,-6.13,0.5257
776706,2025,CLE,ATL,1577.3,1608.53,-31.23,0.4896
776707,2025,NYM,SEA,1537.65,1644.63,-106.98,0.3828
776708,2025,WSH,PHI,1496.15,1633.67,-137.52,0.3422
776709,2025,CIN,MIL,1610.94,1771.17,-160.23,0.3134
776710,2025,TOR,TEX,1642.85,1583.92,58.93,0.6171
776711,2025,SF,TB,1510.16,1562.39,-52.23,0.4595
776714,2025,BOS,MIA,1686.75,1581.44,105.31,0.6779
776715,2025,COL,ARI,1403.19,1562.29,-159.1,0.3148
776717,2025,LAD,SD,1612.88,1637.09,-24.21,0.4997
776718,2025,OAK,LAA,1596.91,1583.65,13.26,0.5534
776688,2025,MIA,STL,1592.81,1458.71,134.11,0.713
776689,2025,PHI,SEA,1639.33,1629.47,9.86,0.5486
776690,2025,KC,TEX,1629.87,1602.64,27.23,0.5732
776692,2025,DET,HOU,1577.12,1572.82,4.29,0.5406
776694,2025,PIT,TOR,1520.95,1624.14,-103.19,0.388
776695,2025,BOS,BAL,1675.37,1621.98,53.39,0.6096
776696,2025,ATL,CWS,1613.89,1532.43,81.46,0.6473
777459,2025,CHC,MIL,1618.69,1764.07,-145.38,0.3321
776674,2025,MIN,OAK,1528.12,1609.64,-81.52,0.418
776675,2025,KC,TEX,1634.54,1597.96,36.58,0.5863
776677,2025,TB,NYY,1567.37,1592.68,-25.31,0.4981
776678,2025,WSH,NYM,1487.66,1560.38,-72.73,0.4303
776679,2025,PIT,TOR,1540.4,1611.17,-70.77,0.4331
776680,2025,PHI,SEA,1652.21,1616.59,35.63,0.585
776681,2025,LAA,CIN,1570.93,1618.04,-47.11,0.4668
776682,2025,ARI,CLE,1548.11,1571.95,-23.84,0.5002
776683,2025,SD,SF,1621.68,1502.69,118.99,0.6949
776684,2025,BOS,BAL,1662.17,1635.18,26.99,0.5729
776685,2025,DET,HOU,1594.71,1555.23,39.47,0.5903
776686,2025,MIA,STL,1573.55,1487.61,85.94,0.6531
776687,2025,ATL,CWS,1597.81,1556.54,41.28,0.5929
776691,2025,CHC,MIL,1608.33,1774.43,-166.11,0.3062
776691,2025,CHC,MIL,1610.33,1772.44,-162.11,0.3111
776693,2025,COL,LAD,1431.53,1628.29,-196.76,0.27
776658,2025,ARI,CLE,1535.07,1580.65,-45.58,0.469
776659,2025,WSH,NYM,1466.87,1574.24,-107.37,0.3823
776661,2025,PIT,TOR,1524.19,1621.98,-97.78,0.3954
776662,2025,PHI,SEA,1659.39,1609.41,49.98,0.6049
776664,2025,TB,NYY,1548.48,1611.57,-63.09,0.444
776665,2025,MIN,OAK,1514.71,1618.58,-103.87,0.387
776666,2025,KC,TEX,1643.57,1588.93,54.63,0.6113
776667,2025,SD,SF,1614.37,1513.66,100.71,0.6721
776668,2025,LAA,CIN,1560.79,1628.17,-67.38,0.4379
776669,2025,ATL,CWS,1602.25,1552.1,50.14,0.6051
776670,2025,MIA,STL,1559.6,1508.52,51.08,0.6064
776671,2025,COL,LAD,1446.4,1620.86,-174.46,0.2961
776672,2025,ARI,CLE,1543.72,1574.88,-31.16,0.4897
776673,2025,DET,HOU,1599.17,1550.77,48.4,0.6027
776676,2025,CHC,MIL,1621.61,1761.16,-139.55,0.3396
776631,2025,TB,STL,1537.1,1493.66,43.44,0.5958
776642,2025,SD,SF,1622.44,1501.55,120.89,0.6972
776644,2025,COL,LAD,1428.14,1629.99,-201.84,0.2643
776650,2025,WSH,NYM,1476.67,1567.71,-91.04,0.4047
776651,2025,CHC,MIL,1635.38,1747.38,-112.0,0.376
776652,2025,LAA,CIN,1553.32,1635.64,-82.32,0.4169
776653,2025,MIN,OAK,1504.97,1625.08,-120.11,0.3651
776654,2025,NYY,BOS,1619.16,1655.9,-36.74,0.4817
776655,2025,BAL,HOU,1641.46,1539.62,101.83,0.6736
776656,2025,SD,SF,1629.83,1490.46,139.37,0.7192
776657,2025,KC,TEX,1630.34,1602.16,28.17,0.5745
776660,2025,COL,LAD,1415.68,1636.22,-220.54,0.2439
776663,2025,CHC,MIL,1627.44,1755.32,-127.87,0.3548
776633,2025,TB,STL,1517.66,1513.1,4.55,0.541
776637,2025,PIT,COL,1533.82,1455.08,78.75,0.6437
776639,2025,CWS,MIN,1547.82,1490.08,57.74,0.6155
776643,2025,BAL,HOU,1623.0,1567.31,55.69,0.6127
776645,2025,ATL,NYM,1606.53,1549.91,56.62,0.614
776646,2025,MIA,TOR,1569.51,1615.56,-46.05,0.4683
776647,2025,NYY,BOS,1608.65,1666.41,-57.76,0.4516
776648,2025,PHI,WSH,1673.62,1503.36,170.26,0.7537
776649,2025,DET,KC,1610.31,1637.72,-27.41,0.4951
776619,2025,CWS,MIN,1532.01,1505.89,26.11,0.5716
776621,2025,MIL,SF,1748.56,1477.28,271.27,0.8455
776623,2025,TEX,CLE,1594.78,1569.3,25.48,0.5707
776625,2025,DET,KC,1619.08,1628.96,-9.88,0.5203
776626,2025,ATL,NYM,1589.37,1575.65,13.72,0.5541
776627,2025,NYY,BOS,1603.77,1671.29,-67.52,0.4377
776628,2025,PHI,WSH,1665.87,1515.0,150.87,0.7324
776629,2025,BAL,HOU,1609.75,1580.56,29.18,0.5759
776630,2025,MIA,TOR,1559.33,1625.73,-66.4,0.4393
776632,2025,PIT,COL,1552.83,1436.07,116.77,0.6922
776634,2025,MIL,SF,1725.12,1512.44,212.69,0.7962
776635,2025,ARI,CIN,1552.09,1629.41,-77.32,0.4239
776636,2025,SD,LAD,1638.62,1616.52,22.1,0.566
776638,2025,SEA,OAK,1595.17,1635.0,-39.83,0.4772
776640,2025,LAA,CHC,1559.56,1634.21,-74.65,0.4276
776641,2025,TEX,CLE,1611.06,1553.02,58.04,0.6159
776602,2025,SEA,OAK,1600.87,1629.31,-28.44,0.4936
776603,2025,SD,LAD,1643.39,1611.75,31.63,0.5794
776605,2025,LAA,CHC,1554.97,1638.79,-83.82,0.4147
776606,2025,TB,STL,1535.35,1495.41,39.94,0.591
776607,2025,CWS,MIN,1548.36,1489.54,58.82,0.617
776608,2025,MIL,SF,1727.18,1509.34,217.84,0.8009
776609,2025,ARI,CIN,1558.26,1623.23,-64.97,0.4413
776610,2025,PIT,COL,1560.36,1421.01,139.35,0.7192
776611,2025,TEX,CLE,1615.21,1548.87,66.34,0.6272
776612,2025,BAL,HOU,1603.44,1586.87,16.58,0.5581
776613,2025,PHI,WSH,1670.27,1508.4,161.87,0.7446
776614,2025,MIA,TOR,1554.61,1630.46,-75.86,0.4259
776615,2025,DET,KC,1627.47,1620.56,6.91,0.5444
776616,2025,NYY,BOS,1586.88,1688.17,-101.29,0.3906
776617,2025,SD,LAD,1625.6,1629.54,-3.93,0.5288
776618,2025,LAA,CHC,1550.54,1643.22,-92.69,0.4024
776620,2025,SEA,OAK,1617.5,1612.67,4.83,0.5414
776622,2025,ARI,CIN,1545.97,1635.52,-89.55,0.4068
776624,2025,ATL,NYM,1571.05,1593.97,-22.92,0.5015
776589,2025,STL,PIT,1478.13,1567.16,-89.03,0.4075
776593,2025,MIL,ARI,1719.1,1577.48,141.63,0.7218
776596,2025,TOR,MIN,1620.71,1469.87,150.84,0.7323
776597,2025,NYY,WSH,1603.59,1504.44,99.15,0.6702
776598,2025,NYM,PHI,1588.5,1672.91,-84.41,0.4139
776599,2025,CWS,KC,1568.03,1630.1,-62.07,0.4454
776600,2025,MIA,ATL,1564.36,1576.52,-12.16,0.517
776601,2025,CLE,TB,1533.31,1552.62,-19.32,0.5067
776604,2025,BAL,BOS,1608.31,1671.47,-63.16,0.4439
776578,2025,STL,PIT,1487.61,1560.85,-73.24,0.4296
776581,2025,MIA,ATL,1569.69,1571.19,-1.51,0.5323
776582,2025,TOR,MIN,1628.51,1458.17,170.33,0.7537
776583,2025,CWS,KC,1585.98,1612.16,-26.18,0.4969
776584,2025,CLE,TB,1505.55,1571.13,-65.58,0.4404
776585,2025,NYM,PHI,1610.16,1651.25,-41.1,0.4754
776586,2025,MIL,ARI,1723.7,1572.88,150.81,0.7323
776588,2025,NYY,WSH,1612.63,1490.87,121.77,0.6983
776590,2025,OAK,DET,1618.66,1617.93,0.73,0.5355
776591,2025,BAL,BOS,1603.52,1676.25,-72.73,0.4303
776592,2025,TEX,LAA,1625.59,1535.19,90.4,0.6589
776594,2025,LAD,CIN,1617.42,1614.52,2.9,0.5386
776595,2025,SEA,SD,1611.51,1637.71,-26.2,0.4968
776561,2025,SEA,SD,1622.54,1626.68,-4.15,0.5285
776565,2025,MIA,ATL,1550.09,1590.79,-40.7,0.476
776566,2025,NYM,PHI,1615.87,1645.54,-29.67,0.4918
776567,2025,TOR,MIN,1616.21,1476.62,139.59,0.7194
776568,2025,STL,PIT,1469.73,1572.77,-103.04,0.3882
776569,2025,CWS,KC,1580.53,1617.6,-37.07,0.4812
776570,2025,NYY,WSH,1620.0,1479.82,140.17,0.7201
776572,2025,MIL,ARI,1726.47,1570.1,156.37,0.7385
776573,2025,OAK,DET,1631.98,1604.62,27.35,0.5734
776574,2025,LAD,CIN,1632.75,1599.19,33.56,0.5821
776575,2025,TEX,LAA,1609.29,1559.63,49.66,0.6044
776576,2025,SF,CHC,1521.47,1658.58,-137.11,0.3427
776577,2025,SEA,SD,1627.76,1621.47,6.29,0.5435
776579,2025,BAL,BOS,1591.58,1688.2,-96.61,0.397
776580,2025,CLE,TB,1523.62,1559.08,-35.45,0.4835
776587,2025,HOU,COL,1582.0,1407.41,174.59,0.7583
776550,2025,SF,CHC,1542.05,1644.85,-102.8,0.3885
776553,2025,MIL,ARI,1718.83,1577.75,141.08,0.7212
776554,2025,STL,PIT,1463.56,1576.88,-113.32,0.3742
776555,2025,HOU,COL,1561.86,1447.69,114.17,0.689
776556,2025,CWS,NYY,1561.72,1629.69,-67.97,0.4371
776557,2025,SF,CHC,1551.77,1638.37,-86.6,0.4109
776558,2025,NYM,MIA,1631.48,1531.51,99.97,0.6712
776559,2025,OAK,DET,1636.65,1599.95,36.7,0.5865
776560,2025,PHI,ATL,1629.93,1609.37,20.56,0.5638
776562,2025,LAD,CIN,1641.88,1590.06,51.82,0.6074
776563,2025,TEX,LAA,1619.25,1549.67,69.58,0.6315
776564,2025,BAL,BOS,1587.36,1692.41,-105.05,0.3854
776571,2025,HOU,COL,1565.14,1441.13,124.01,0.701
776544,2025,CWS,NYY,1548.52,1642.89,-94.37,0.4001
776545,2025,WSH,TB,1465.28,1553.44,-88.16,0.4087
776546,2025,TOR,MIL,1619.14,1706.91,-87.78,0.4092
776547,2025,CLE,SEA,1532.08,1621.75,-89.67,0.4066
776548,2025,NYM,MIA,1617.24,1552.87,64.37,0.6245
776549,2025,BOS,PIT,1696.49,1563.68,132.81,0.7115
776551,2025,CIN,STL,1580.19,1483.36,96.83,0.6672
776552,2025,PHI,ATL,1649.1,1590.2,58.9,0.6171
776516,2025,SF,BAL,1572.65,1583.28,-10.63,0.5192
776525,2025,WSH,TB,1452.21,1562.16,-109.95,0.3788
776527,2025,TOR,MIL,1607.85,1718.2,-110.34,0.3782
776528,2025,KC,DET,1636.42,1586.42,50.0,0.6049
776529,2025,CWS,NYY,1528.29,1656.38,-128.09,0.3545
776530,2025,MIN,SD,1472.23,1627.48,-155.25,0.3196
776531,2025,HOU,LAA,1572.43,1524.89,47.54,0.6015
776532,2025,PHI,ATL,1653.24,1586.06,67.18,0.6283
776533,2025,SF,BAL,1552.83,1603.11,-50.28,0.4623
776534,2025,LAD,ARI,1651.76,1589.66,62.1,0.6214
776535,2025,NYM,MIA,1631.23,1538.87,92.36,0.6615
776536,2025,CIN,STL,1568.95,1500.21,68.74,0.6304
776537,2025,CLE,SEA,1541.56,1615.42,-73.86,0.4287
776538,2025,OAK,TEX,1650.18,1635.77,14.41,0.5551
776539,2025,BOS,PIT,1684.7,1575.47,109.23,0.6829
776540,2025,KC,DET,1643.21,1579.63,63.58,0.6234
776541,2025,MIN,SD,1455.73,1638.48,-182.75,0.2862
776542,2025,COL,CHC,1426.55,1617.49,-190.94,0.2767
776543,2025,HOU,LAA,1559.37,1544.48,14.89,0.5557
776507,2025,SF,BAL,1570.32,1585.62,-15.3,0.5125
776508,2025,OAK,TEX,1637.95,1648.0,-10.05,0.5201
776509,2025,LAD,ARI,1638.36,1603.07,35.29,0.5845
776510,2025,HOU,LAA,1567.13,1532.85,34.28,0.5831
776511,2025,COL,CHC,1413.44,1624.05,-210.61,0.2546
776512,2025,KC,DET,1632.56,1590.28,42.28,0.5942
776513,2025,MIN,SD,1477.66,1623.86,-146.2,0.331
776514,2025,CWS,NYY,1519.45,1662.27,-142.81,0.3354
776515,2025,TOR,MIL,1599.86,1726.18,-126.32,0.3569
776517,2025,BOS,PIT,1663.05,1597.12,65.94,0.6266
776518,2025,CIN,STL,1558.21,1516.33,41.88,0.5937
776519,2025,NYM,MIA,1617.15,1559.99,57.16,0.6147
776520,2025,WSH,TB,1440.21,1570.16,-129.95,0.3521
776521,2025,CLE,SEA,1550.76,1609.29,-58.54,0.4505
776522,2025,PHI,ATL,1657.24,1582.06,75.18,0.639
776523,2025,LAD,ARI,1642.89,1598.53,44.36,0.5971
776524,2025,OAK,TEX,1626.47,1659.48,-33.02,0.487
776526,2025,COL,CHC,1428.53,1616.5,-187.97,0.2801
776492,2025,COL,SF,1422.81,1589.57,-166.76,0.3054
776494,2025,SD,BAL,1605.87,1566.37,39.51,0.5904
776497,2025,STL,OAK,1503.06,1611.53,-108.47,0.3808
776498,2025,WSH,MIA,1425.46,1575.42,-149.96,0.3263
776499,2025,HOU,LAA,1554.39,1551.95,2.44,0.538
776500,2025,MIL,PHI,1710.52,1646.38,64.14,0.6242
776501,2025,DET,NYM,1606.99,1601.72,5.27,0.542
776502,2025,MIN,CWS,1504.63,1529.84,-25.21,0.4983
776503,2025,CIN,TOR,1567.05,1615.53,-48.48,0.4648
776504,2025,TB,SEA,1577.53,1617.01,-39.48,0.4777
776505,2025,BOS,CLE,1671.09,1543.05,128.05,0.7058
776506,2025,CHC,ATL,1619.37,1592.92,26.44,0.5721
776482,2025,WSH,MIA,1447.63,1564.33,-116.7,0.3697
776483,2025,STL,OAK,1483.93,1624.29,-140.36,0.3385
776484,2025,MIN,CWS,1496.44,1538.03,-41.6,0.4747
776485,2025,TB,SEA,1595.57,1598.97,-3.4,0.5296
776487,2025,CHC,ATL,1624.06,1588.23,35.82,0.5852
776488,2025,KC,LAA,1615.84,1538.72,77.12,0.6416
776490,2025,DET,NYM,1597.49,1611.23,-13.74,0.5148
776491,2025,CIN,TOR,1572.86,1609.72,-36.86,0.4815
776493,2025,BOS,CLE,1675.98,1535.72,140.26,0.7202
776495,2025,ARI,TEX,1615.31,1674.42,-59.11,0.4496
776496,2025,PIT,LAD,1589.08,1626.11,-37.04,0.4812
776465,2025,SD,BAL,1599.44,1572.8,26.64,0.5724
776466,2025,KC,LAA,1599.88,1562.66,37.22,0.5872
776468,2025,ARI,TEX,1607.62,1682.12,-74.5,0.4278
776469,2025,MIN,CWS,1470.69,1563.78,-93.09,0.4019
776470,2025,STL,OAK,1494.27,1617.39,-123.12,0.3611
776471,2025,MIL,PHI,1699.86,1657.04,42.82,0.595
776473,2025,CHC,ATL,1628.58,1583.71,44.87,0.5978
776474,2025,BOS,CLE,1682.75,1525.56,157.2,0.7394
776475,2025,CIN,TOR,1562.35,1620.22,-57.87,0.4514
776476,2025,TB,SEA,1600.78,1593.76,7.01,0.5445
776477,2025,WSH,MIA,1474.19,1551.06,-76.87,0.4245
776478,2025,DET,NYM,1580.47,1628.25,-47.78,0.4658
776479,2025,PIT,LAD,1598.04,1617.14,-19.1,0.5071
776480,2025,SD,BAL,1589.5,1582.74,6.76,0.5442
776481,2025,ARI,TEX,1617.34,1672.39,-55.05,0.4554
776486,2025,COL,SF,1405.13,1598.4,-193.27,0.274
776489,2025,HOU,NYY,1567.62,1655.34,-87.72,0.4093
776458,2025,TB,CLE,1613.79,1560.0,53.79,0.6101
776459,2025,MIL,PHI,1708.67,1648.23,60.45,0.6192
776461,2025,PIT,LAD,1608.88,1606.3,2.58,0.5382
776462,2025,MIN,CWS,1464.28,1568.05,-103.78,0.3872
776463,2025,KC,LAA,1593.48,1569.07,24.41,0.5692
776464,2025,HOU,NYY,1555.37,1667.6,-112.23,0.3757
776467,2025,COL,SF,1393.96,1603.99,-210.03,0.2552
776472,2025,HOU,NYY,1546.16,1676.8,-130.64,0.3512
776446,2025,KC,MIN,1598.2,1451.97,146.23,0.7271
776450,2025,CIN,NYM,1551.03,1614.79,-63.76,0.443
776451,2025,TB,CLE,1620.48,1553.31,67.17,0.6283
776452,2025,DET,CWS,1593.93,1576.25,17.68,0.5597
776453,2025,PIT,MIL,1616.99,1698.08,-81.09,0.4186
776454,2025,BAL,LAD,1596.71,1598.2,-1.48,0.5324
776455,2025,CHC,WSH,1613.49,1498.1,115.4,0.6905
776456,2025,MIA,PHI,1535.12,1658.82,-123.7,0.3603
776457,2025,NYY,TOR,1670.01,1631.55,38.46,0.5889
776460,2025,ATL,SEA,1598.79,1580.75,18.05,0.5602
776432,2025,TEX,HOU,1663.05,1556.35,106.7,0.6797
776433,2025,MIA,PHI,1519.18,1669.44,-150.26,0.3259
776434,2025,KC,MIN,1601.04,1447.72,153.32,0.7351
776435,2025,DET,CWS,1584.17,1586.01,-1.84,0.5318
776436,2025,NYY,TOR,1651.99,1649.57,2.42,0.5379
776437,2025,STL,SF,1517.64,1608.09,-90.45,0.4055
776438,2025,TB,CLE,1601.5,1572.29,29.21,0.576
776439,2025,CIN,NYM,1546.25,1619.56,-73.31,0.4295
776440,2025,CHC,WSH,1622.65,1484.36,138.29,0.7179
776441,2025,PIT,MIL,1608.04,1707.03,-99.0,0.3937
776442,2025,COL,SD,1385.77,1575.53,-189.77,0.278
776443,2025,BAL,LAD,1601.89,1593.01,8.88,0.5472
776444,2025,LAA,OAK,1564.34,1601.81,-37.47,0.4806
776445,2025,STL,SF,1527.14,1601.75,-74.62,0.4277
776447,2025,ATL,SEA,1608.47,1571.07,37.4,0.5875
776448,2025,ARI,BOS,1626.68,1659.79,-33.11,0.4869
776449,2025,TEX,HOU,1637.28,1582.13,55.15,0.612
776414,2025,LAA,OAK,1549.63,1616.52,-66.9,0.4386
776415,2025,ARI,BOS,1641.17,1645.3,-4.13,0.5286
776416,2025,STL,SF,1507.82,1614.63,-106.81,0.383
776417,2025,COL,SD,1415.25,1560.79,-145.54,0.3319
776418,2025,TEX,HOU,1641.48,1577.93,63.55,0.6234
776419,2025,PIT,MIL,1599.68,1715.39,-115.71,0.371
776420,2025,CHC,WSH,1615.16,1495.6,119.56,0.6956
776421,2025,TB,CLE,1595.2,1578.6,16.6,0.5582
776422,2025,KC,MIN,1610.16,1429.47,180.69,0.7646
776423,2025,NYY,TOR,1660.1,1641.46,18.65,0.5611
776424,2025,ARI,BOS,1629.47,1657.0,-27.53,0.4949
776425,2025,DET,CWS,1598.73,1571.45,27.28,0.5733
776426,2025,MIA,PHI,1511.14,1674.8,-163.66,0.3092
776427,2025,BAL,LAD,1606.9,1588.01,18.88,0.5614
776428,2025,ATL,SEA,1588.16,1591.38,-3.21,0.5299
776429,2025,CIN,NYM,1564.62,1607.32,-42.69,0.4731
776430,2025,LAA,OAK,1558.69,1610.48,-51.79,0.4601
776431,2025,COL,SD,1394.54,1571.15,-176.61,0.2935
776405,2025,PHI,NYM,1667.67,1601.58,66.09,0.6268
776409,2025,MIA,WSH,1521.84,1517.55,4.29,0.5406
776412,2025,ATL,CHC,1564.18,1600.53,-36.35,0.4822
776413,2025,CLE,KC,1584.74,1591.97,-7.23,0.5241
776388,2025,CWS,TB,1581.4,1589.05,-7.65,0.5235
776393,2025,TOR,HOU,1636.63,1571.49,65.14,0.6255
776397,2025,MIA,WSH,1493.38,1546.0,-52.62,0.4589
776398,2025,NYY,DET,1664.93,1588.78,76.15,0.6403
776399,2025,SF,ARI,1608.11,1642.32,-34.21,0.4853
776400,2025,SEA,STL,1615.36,1517.61,97.75,0.6684
776401,2025,BAL,PIT,1594.55,1587.29,7.26,0.5449
776402,2025,ATL,CHC,1575.48,1589.23,-13.75,0.5147
776403,2025,CLE,KC,1601.41,1575.29,26.12,0.5716
776404,2025,PHI,NYM,1671.69,1597.57,74.13,0.6376
776406,2025,TEX,MIL,1647.91,1727.78,-79.87,0.4203
776407,2025,SD,CIN,1575.92,1570.35,5.57,0.5425
776408,2025,LAD,COL,1600.36,1384.99,215.37,0.7987
776410,2025,OAK,BOS,1629.46,1644.16,-14.7,0.5134
776411,2025,LAA,MIN,1539.71,1465.86,73.85,0.6372
776374,2025,SF,ARI,1623.89,1626.54,-2.65,0.5307
776375,2025,TEX,MIL,1663.95,1711.75,-47.8,0.4658
776376,2025,LAA,MIN,1505.64,1499.93,5.71,0.5426
776378,2025,CWS,TB,1575.62,1594.84,-19.22,0.5069
776379,2025,OAK,BOS,1612.49,1661.12,-48.63,0.4646
776381,2025,ATL,CHC,1560.81,1603.89,-43.08,0.4726
776382,2025,CLE,KC,1608.86,1567.85,41.01,0.5925
776383,2025,NYY,DET,1641.19,1612.52,28.66,0.5752
776384,2025,PHI,NYM,1682.61,1586.65,95.96,0.6661
776385,2025,TOR,HOU,1640.66,1567.46,73.2,0.6363
776386,2025,MIA,WSH,1481.57,1557.82,-76.25,0.4254
776387,2025,BAL,PIT,1599.58,1582.26,17.32,0.5592
776389,2025,LAD,COL,1603.58,1378.54,225.04,0.8075
776390,2025,LAA,MIN,1513.23,1492.34,20.88,0.5642
776391,2025,SEA,STL,1620.94,1509.24,111.71,0.6859
776392,2025,SD,CIN,1580.98,1565.29,15.69,0.5569
776394,2025,SF,ARI,1614.57,1635.85,-21.29,0.5039
776395,2025,TEX,MIL,1675.54,1700.15,-24.6,0.4991
776396,2025,OAK,BOS,1618.3,1655.32,-37.01,0.4813
776364,2025,CWS,TB,1581.04,1589.42,-8.38,0.5225
776367,2025,MIA,WSH,1505.45,1541.9,-36.45,0.4821
776368,2025,NYY,DET,1619.4,1634.31,-14.91,0.5131
776369,2025,TOR,HOU,1633.83,1574.29,59.54,0.618
776370,2025,CLE,KC,1602.41,1574.3,28.1,0.5744
776371,2025,PHI,NYM,1693.86,1575.4,118.45,0.6942
776372,2025,BAL,PIT,1604.43,1577.41,27.02,0.5729
776373,2025,SEA,STL,1626.2,1501.36,124.84,0.702
776377,2025,SD,CIN,1571.27,1575.01,-3.75,0.5291
776380,2025,LAD,COL,1608.59,1368.52,240.06,0.8206
776351,2025,WSH,PIT,1519.99,1572.73,-52.74,0.4587
776352,2025,CHC,TB,1609.03,1577.17,31.87,0.5797
776353,2025,TOR,BAL,1645.42,1609.11,36.31,0.5859
776354,2025,PHI,KC,1698.96,1569.64,129.32,0.7074
776359,2025,NYM,TEX,1570.3,1681.04,-110.74,0.3777
776360,2025,ATL,HOU,1555.67,1562.71,-7.04,0.5244
776361,2025,CLE,CWS,1607.07,1593.29,13.78,0.5542
776362,2025,SEA,LAA,1631.15,1538.07,93.08,0.6624
776363,2025,BOS,NYY,1670.05,1634.46,35.59,0.5849
776365,2025,SD,COL,1565.41,1356.6,208.81,0.7925
776366,2025,MIA,DET,1527.36,1619.25,-91.89,0.4035
776336,2025,WSH,PIT,1528.78,1566.87,-38.08,0.4797
776337,2025,MIN,ARI,1467.5,1627.22,-159.72,0.3141
776338,2025,CHC,TB,1616.32,1569.89,46.43,0.6
776342,2025,PHI,KC,1707.56,1561.03,146.53,0.7274
776343,2025,TOR,BAL,1657.09,1597.43,59.66,0.6181
776344,2025,BOS,NYY,1657.28,1647.23,10.06,0.5489
776345,2025,SEA,LAA,1634.75,1532.68,102.06,0.6739
776346,2025,ATL,HOU,1537.29,1581.09,-43.79,0.4715
776347,2025,MIA,DET,1554.1,1601.42,-47.33,0.4665
776348,2025,CLE,CWS,1618.48,1581.88,36.59,0.5863
776349,2025,NYM,TEX,1559.99,1691.35,-131.36,0.3502
776350,2025,SF,LAD,1623.21,1614.55,8.66,0.5469
776355,2025,MIN,ARI,1457.76,1633.71,-175.95,0.2943
776356,2025,MIL,STL,1694.65,1493.92,200.73,0.7848
776357,2025,SD,COL,1568.74,1349.94,218.8,0.8018
776358,2025,OAK,CIN,1603.57,1580.87,22.7,0.5668
776317,2025,SEA,LAA,1638.2,1527.5,110.71,0.6847
776320,2025,WSH,PIT,1510.57,1579.01,-68.44,0.4364
776321,2025,CHC,TB,1609.8,1576.4,33.4,0.5819
776322,2025,TOR,BAL,1661.22,1593.31,67.91,0.6293
776323,2025,SD,COL,1555.92,1375.58,180.34,0.7643
776324,2025,MIN,ARI,1468.63,1626.47,-157.83,0.3164
776325,2025,SF,LAD,1634.83,1602.93,31.9,0.5798
776326,2025,MIL,STL,1700.8,1484.71,216.09,0.7993
776327,2025,OAK,CIN,1613.08,1571.36,41.72,0.5935
776328,2025,SF,LAD,1614.74,1623.02,-8.28,0.5226
776329,2025,ATL,HOU,1519.44,1592.99,-73.56,0.4292
776330,2025,BOS,NYY,1647.68,1656.83,-9.15,0.5214
776331,2025,CLE,CWS,1625.63,1574.73,50.9,0.6061
776332,2025,MIA,DET,1563.28,1592.24,-28.97,0.4929
776333,2025,SEA,LAA,1649.26,1510.91,138.35,0.718
776334,2025,PHI,KC,1712.05,1556.54,155.51,0.7376
776335,2025,NYM,TEX,1556.33,1695.01,-138.69,0.3407
776339,2025,MIL,STL,1692.72,1496.82,195.91,0.78
776340,2025,OAK,CIN,1621.93,1562.51,59.42,0.6178
776341,2025,SD,COL,1560.75,1365.91,194.84,0.779
776312,2025,STL,CIN,1493.46,1550.92,-57.46,0.452
776313,2025,MIN,NYY,1460.85,1648.45,-187.61,0.2805
776314,2025,CWS,BAL,1570.46,1580.06,-9.6,0.5207
776315,2025,WSH,ATL,1519.66,1543.19,-23.53,0.5007
776316,2025,TB,TOR,1571.83,1674.47,-102.63,0.3887
776318,2025,PIT,CHC,1572.95,1614.37,-41.42,0.475
776295,2025,MIL,LAA,1694.96,1503.91,191.05,0.7752
776298,2025,MIN,NYY,1493.93,1626.4,-132.46,0.3488
776300,2025,STL,CIN,1474.52,1563.55,-89.03,0.4075
776302,2025,KC,SEA,1579.46,1653.93,-74.46,0.4279
776303,2025,DET,CLE,1600.79,1629.9,-29.1,0.4927
776304,2025,NYM,SD,1570.08,1567.89,2.19,0.5376
776305,2025,TB,TOR,1567.71,1678.59,-110.87,0.3775
776306,2025,CWS,BAL,1558.96,1591.56,-32.6,0.4876
776307,2025,WSH,ATL,1493.54,1569.31,-75.77,0.426
776308,2025,PIT,CHC,1560.94,1626.37,-65.43,0.4407
776309,2025,ARI,SF,1631.65,1598.53,33.13,0.5815
776310,2025,BOS,OAK,1656.06,1633.51,22.55,0.5666
776311,2025,LAD,PHI,1639.23,1689.13,-49.91,0.4628
776319,2025,HOU,TEX,1577.16,1681.26,-104.1,0.3867
777825,2025,WSH,ATL,1475.83,1581.12,-105.29,0.3851
776279,2025,ARI,SF,1645.37,1584.81,60.56,0.6193
776283,2025,STL,CIN,1493.46,1550.92,-57.46,0.452
776284,2025,MIN,NYY,1488.46,1630.05,-141.59,0.337
776285,2025,CWS,BAL,1553.63,1596.89,-43.26,0.4723
776286,2025,WSH,ATL,1463.6,1589.27,-125.67,0.3577
776287,2025,PIT,CHC,1551.45,1635.86,-84.41,0.4139
776288,2025,NYM,SD,1583.33,1554.65,28.68,0.5752
776289,2025,KC,SEA,1565.69,1667.7,-102.0,0.3896
776290,2025,TB,TOR,1563.73,1682.57,-118.84,0.3668
776291,2025,MIL,LAA,1701.85,1493.59,208.25,0.792
776293,2025,COL,MIA,1351.64,1554.73,-203.09,0.2629
776294,2025,ARI,SF,1629.85,1600.33,29.52,0.5764
776296,2025,DET,CLE,1592.25,1638.44,-46.2,0.4681
776297,2025,LAD,PHI,1634.21,1694.15,-59.94,0.4485
776299,2025,BOS,OAK,1649.84,1639.73,10.11,0.5489
776301,2025,HOU,TEX,1590.14,1668.27,-78.12,0.4227
776269,2025,TB,TOR,1570.39,1675.91,-105.52,0.3848
776270,2025,COL,MIA,1346.3,1557.4,-211.1,0.2541
776272,2025,KC,SEA,1575.95,1657.44,-81.5,0.418
776274,2025,MIL,LAA,1708.17,1484.11,224.06,0.8066
776275,2025,DET,CLE,1580.44,1650.25,-69.81,0.4345
776276,2025,NYM,SD,1570.73,1567.24,3.49,0.5395
776277,2025,COL,MIA,1338.15,1561.47,-223.32,0.241
776278,2025,BAL,NYY,1605.03,1639.12,-34.09,0.4855
776280,2025,LAD,PHI,1624.53,1703.84,-79.31,0.4211
776281,2025,BOS,OAK,1654.82,1634.75,20.07,0.5631
776282,2025,CIN,CHC,1562.26,1646.13,-83.87,0.4147
776292,2025,HOU,TEX,1596.33,1662.09,-65.76,0.4402
776259,2025,NYM,WSH,1583.91,1449.05,134.86,0.7139
776260,2025,KC,TOR,1568.86,1660.79,-91.93,0.4035
776261,2025,TB,BOS,1585.51,1645.01,-59.5,0.4491
776264,2025,CWS,SD,1545.49,1554.06,-8.57,0.5222
776266,2025,PIT,OAK,1541.19,1644.56,-103.38,0.3877
776267,2025,CIN,CHC,1568.52,1639.88,-71.36,0.4323
776268,2025,DET,ATL,1573.04,1598.97,-25.93,0.4972
776271,2025,LAD,SF,1640.54,1595.7,44.85,0.5978
776273,2025,BAL,NYY,1589.12,1655.03,-65.9,0.44
776242,2025,TEX,MIA,1650.03,1567.1,82.92,0.6492
776243,2025,MIN,CLE,1474.85,1657.65,-182.81,0.2861
776244,2025,STL,MIL,1476.45,1712.06,-235.61,0.2283
776245,2025,KC,TOR,1596.31,1633.35,-37.04,0.4812
776247,2025,TB,BOS,1574.25,1656.27,-82.02,0.4173
776248,2025,HOU,SEA,1608.38,1664.53,-56.14,0.4539
776249,2025,PIT,OAK,1535.03,1648.67,-113.64,0.3738
776250,2025,CWS,SD,1553.41,1548.78,4.62,0.5411
776251,2025,TEX,MIA,1643.09,1574.04,69.05,0.6308
776252,2025,NYM,WSH,1592.3,1432.26,160.04,0.7426
776253,2025,COL,LAA,1326.88,1478.27,-151.38,0.3245
776254,2025,CIN,CHC,1580.71,1627.68,-46.97,0.467
776255,2025,ARI,PHI,1634.49,1687.82,-53.33,0.4579
776256,2025,LAD,SF,1644.92,1591.32,53.59,0.6098
776257,2025,BAL,NYY,1598.68,1645.47,-46.79,0.4673
776258,2025,DET,ATL,1554.93,1617.08,-62.14,0.4453
776262,2025,HOU,SEA,1600.6,1672.31,-71.7,0.4318
776263,2025,MIN,CLE,1460.91,1666.94,-206.03,0.2596
776265,2025,STL,MIL,1473.02,1714.35,-241.33,0.2225
777839,2025,MIN,CLE,1451.74,1673.05,-221.31,0.2431
776225,2025,MIN,CLE,1441.43,1679.93,-238.5,0.2253
776226,2025,TEX,MIA,1632.34,1584.79,47.55,0.6015
776227,2025,LAD,SF,1653.36,1582.88,70.49,0.6327
776228,2025,HOU,SEA,1589.84,1683.08,-93.24,0.4017
776229,2025,KC,TOR,1601.97,1627.69,-25.72,0.4975
776230,2025,ARI,PHI,1620.57,1701.74,-81.17,0.4185
776231,2025,STL,MIL,1505.74,1692.53,-186.8,0.2815
776232,2025,COL,LAA,1340.9,1467.75,-126.85,0.3562
776233,2025,LAD,SF,1642.59,1593.65,48.93,0.6034
776234,2025,PIT,OAK,1550.73,1638.2,-87.48,0.4097
776235,2025,CWS,SD,1539.5,1569.64,-30.14,0.4912
776236,2025,TB,BOS,1565.33,1665.19,-99.87,0.3925
776237,2025,NYM,WSH,1580.14,1456.6,123.54,0.7004
776238,2025,DET,ATL,1550.13,1621.88,-71.75,0.4317
776239,2025,CIN,CHC,1592.29,1616.1,-23.82,0.5003
776240,2025,BAL,NYY,1585.57,1658.59,-73.02,0.4299
776241,2025,COL,LAA,1362.3,1451.7,-89.4,0.407
776246,2025,ARI,PHI,1639.23,1683.08,-43.85,0.4715
776221,2025,ATL,WSH,1632.65,1467.63,165.01,0.748
776209,2025,CHC,NYM,1610.62,1572.78,37.84,0.5881
776215,2025,PHI,MIA,1677.33,1595.14,82.18,0.6482
776216,2025,NYY,CWS,1671.54,1531.44,140.1,0.72
776217,2025,TOR,BOS,1638.6,1650.23,-11.63,0.5178
776218,2025,CLE,DET,1661.93,1539.37,122.57,0.6992
776219,2025,ATL,WSH,1639.94,1456.68,183.26,0.7673
776220,2025,SF,STL,1586.83,1531.32,55.51,0.6125
776222,2025,SD,MIL,1575.01,1675.48,-100.47,0.3917
776223,2025,BAL,TB,1572.61,1580.29,-7.68,0.5235
776224,2025,CIN,PIT,1597.77,1573.3,24.47,0.5693
776198,2025,SD,MIL,1581.46,1669.03,-87.56,0.4095
776199,2025,NYY,CWS,1674.46,1527.06,147.4,0.7284
776200,2025,ATL,WSH,1642.33,1453.11,189.22,0.7734
776201,2025,PHI,MIA,1670.4,1602.07,68.32,0.6298
776202,2025,CIN,PIT,1587.87,1583.2,4.68,0.5412
776203,2025,BAL,TB,1587.39,1565.5,21.89,0.5657
776204,2025,CLE,DET,1668.25,1529.89,138.36,0.718
776206,2025,TOR,BOS,1627.17,1661.65,-34.48,0.4849
776207,2025,LAA,KC,1464.71,1591.06,-126.34,0.3568
776208,2025,OAK,HOU,1615.63,1579.91,35.71,0.5851
776210,2025,TEX,MIN,1621.99,1477.42,144.57,0.7252
776211,2025,SF,STL,1580.21,1541.26,38.95,0.5896
776212,2025,SEA,COL,1693.0,1344.95,348.04,0.8949
776213,2025,ARI,LAD,1644.97,1649.41,-4.43,0.5281
776214,2025,SD,MIL,1574.54,1675.95,-101.41,0.3904
776182,2025,OAK,HOU,1626.14,1569.4,56.74,0.6141
776183,2025,TEX,MIN,1606.9,1500.06,106.83,0.6799
776184,2025,NYY,CWS,1682.93,1514.36,168.57,0.7519
776185,2025,ARI,LAD,1650.2,1644.18,6.01,0.5431
776186,2025,TOR,BOS,1612.31,1676.52,-64.21,0.4424
776187,2025,CHC,NYM,1600.46,1582.94,17.51,0.5595
776188,2025,PHI,MIA,1684.17,1588.3,95.87,0.666
776189,2025,CLE,DET,1675.08,1519.64,155.44,0.7375
776190,2025,CIN,PIT,1581.88,1589.19,-7.3,0.524
776191,2025,BAL,TB,1572.97,1579.93,-6.96,0.5245
776192,2025,TEX,MIN,1590.2,1525.11,65.09,0.6255
776193,2025,ARI,LAD,1631.16,1663.22,-32.07,0.4884
776194,2025,SEA,COL,1694.0,1342.94,351.06,0.8965
776195,2025,OAK,HOU,1607.5,1588.04,19.46,0.5622
776196,2025,SF,STL,1573.78,1550.9,22.89,0.5671
776197,2025,LAA,KC,1451.68,1599.75,-148.07,0.3287
776205,2025,CHC,NYM,1588.15,1595.26,-7.11,0.5243
776165,2025,WSH,CWS,1464.96,1508.28,-43.33,0.4722
776167,2025,CHC,STL,1603.92,1546.14,57.78,0.6156
776173,2025,MIA,NYM,1584.75,1579.48,5.27,0.542
776174,2025,NYY,BAL,1686.98,1578.23,108.75,0.6823
776175,2025,CLE,TEX,1662.98,1596.59,66.38,0.6272
776176,2025,PHI,MIN,1687.72,1515.52,172.21,0.7557
776177,2025,TOR,TB,1627.84,1574.67,53.17,0.6093
776178,2025,LAA,KC,1462.14,1592.77,-130.63,0.3512
776179,2025,SEA,COL,1696.97,1337.0,359.97,0.9012
776180,2025,ATL,PIT,1634.43,1583.92,50.5,0.6056
776181,2025,BOS,DET,1660.99,1537.8,123.18,0.7
776146,2025,SF,COL,1578.54,1332.63,245.91,0.8255
776153,2025,MIL,CIN,1656.56,1587.15,69.42,0.6313
776156,2025,ATL,PIT,1616.0,1602.36,13.64,0.554
776157,2025,BOS,DET,1664.14,1533.08,131.06,0.7094
776158,2025,CLE,TEX,1647.3,1612.27,35.02,0.5841
776159,2025,TOR,TB,1634.54,1567.96,66.58,0.6275
776160,2025,WSH,CWS,1457.25,1515.99,-58.73,0.4502
776161,2025,MIA,NYM,1596.51,1567.71,28.8,0.5754
776162,2025,NYY,BAL,1694.78,1570.43,124.34,0.7014
776163,2025,PHI,MIN,1691.7,1509.54,182.16,0.7662
776164,2025,CHC,STL,1618.82,1523.8,95.01,0.6649
776166,2025,SF,COL,1580.28,1329.14,251.13,0.8297
776168,2025,SEA,LAD,1699.16,1668.56,30.6,0.5779
776169,2025,LAA,HOU,1447.89,1574.53,-126.64,0.3564
776170,2025,SD,ARI,1593.93,1625.82,-31.89,0.4886
776171,2025,MIL,CIN,1642.99,1600.72,42.27,0.5942
776172,2025,OAK,KC,1621.01,1602.28,18.74,0.5612
776135,2025,LAA,HOU,1461.39,1567.78,-106.4,0.3836
776136,2025,SD,ARI,1605.11,1614.64,-9.53,0.5208
776137,2025,SF,COL,1583.67,1322.37,261.3,0.8379
776138,2025,OAK,KC,1625.84,1597.45,28.39,0.5748
776139,2025,SEA,LAD,1692.84,1674.88,17.95,0.5601
776140,2025,NYY,BAL,1702.88,1562.33,140.55,0.7206
776141,2025,PHI,MIN,1671.42,1539.97,131.45,0.7099
776142,2025,CHC,STL,1627.09,1511.4,115.69,0.6909
776143,2025,WSH,CWS,1466.16,1507.08,-40.92,0.4757
776144,2025,MIL,CIN,1632.74,1610.97,21.77,0.5655
776145,2025,TOR,TB,1643.86,1558.65,85.2,0.6522
776147,2025,CLE,TEX,1651.84,1607.73,44.1,0.5968
776148,2025,MIA,NYM,1580.23,1584.0,-3.76,0.5291
776149,2025,ATL,PIT,1606.32,1612.03,-5.72,0.5263
776150,2025,SEA,LAD,1676.91,1690.81,-13.9,0.5145
776151,2025,BOS,DET,1656.71,1544.21,112.5,0.6869
776152,2025,SD,ARI,1621.88,1597.86,24.02,0.5687
776154,2025,OAK,KC,1606.96,1616.33,-9.38,0.521
776155,2025,LAA,HOU,1447.25,1577.2,-129.95,0.3521
