game_id,game_date,season,away_team,home_team,away_team_id,home_team_id,away_score,home_score,total_runs,home_win,innings,extra_innings,away_starter_id,away_starter_name,home_starter_id,home_starter_name,winning_pitcher_id,losing_pitcher_id,venue_id,venue_name,day_night,game_type
718780,2023-03-30,2023,ATL,WSH,144,120,7,2,9,0,9,0,608331.0,Max Fried,571578.0,Patrick Corbin,476595.0,571578.0,3309,Nationals Park,day,R
718781,2023-03-30,2023,SF,NYY,137,147,0,5,5,1,9,0,657277.0,Logan Webb,543037.0,Gerrit Cole,543037.0,657277.0,3313,Yankee Stadium,day,R
718782,2023-03-30,2023,BAL,BOS,110,111,10,9,19,0,9,0,502043.0,Kyle Gibson,446372.0,Corey Kluber,502043.0,446372.0,3,Fenway Park,day,R
718777,2023-03-30,2023,MIL,CHC,158,112,0,4,4,1,9,0,669203.0,Corbin Burnes,573186.0,Marcus Stroman,573186.0,669203.0,17,Wrigley Field,day,R
718776,2023-03-30,2023,DET,TB,116,139,0,4,4,1,9,0,593958.0,Eduardo Rodriguez,663556.0,Shane McClanahan,663556.0,593958.0,12,Tropicana Field,day,R
718779,2023-03-30,2023,PHI,TEX,143,140,7,11,18,1,9,0,605400.0,Aaron Nola,594798.0,Jacob deGrom,666142.0,642397.0,5325,Globe Life Field,day,R
718773,2023-03-30,2023,PIT,CIN,134,113,5,4,9,0,9,0,656605.0,Mitch Keller,668881.0,Hunter Greene,642239.0,571656.0,2602,Great American Ball Park,day,R
718772,2023-03-30,2023,TOR,STL,141,138,10,9,19,0,9,0,666201.0,Alek Manoah,571945.0,Miles Mikolas,554340.0,664854.0,2889,Busch Stadium,day,R
718775,2023-03-30,2023,MIN,KC,142,118,2,0,2,0,9,0,641154.0,Pablo López,425844.0,Zack Greinke,641154.0,425844.0,7,Kauffman Stadium,day,R
718774,2023-03-30,2023,NYM,MIA,121,146,5,3,8,0,9,0,453286.0,Max Scherzer,645261.0,Sandy Alcantara,453286.0,656945.0,4169,loanDepot park,day,R
718768,2023-03-30,2023,CWS,HOU,145,117,3,2,5,0,9,0,656302.0,Dylan Cease,664285.0,Framber Valdez,608665.0,519151.0,2392,Minute Maid Park,night,R
718778,2023-03-31,2023,COL,SD,115,135,7,2,9,0,9,0,608566.0,Germán Márquez,605483.0,Blake Snell,608566.0,605483.0,2680,Petco Park,night,R
718769,2023-03-31,2023,LAA,OAK,108,133,1,2,3,1,9,0,660271.0,Shohei Ohtani,666205.0,Kyle Muller,543507.0,571901.0,10,Oakland Coliseum,night,R
718770,2023-03-31,2023,ARI,LAD,109,119,2,8,10,1,9,0,668678.0,Zac Gallen,628711.0,Julio Urías,628711.0,668678.0,22,Dodger Stadium,night,R
718767,2023-03-31,2023,CLE,SEA,114,136,0,3,3,1,9,0,669456.0,Shane Bieber,622491.0,Luis Castillo,623149.0,675916.0,680,T-Mobile Park,night,R
718771,2023-03-31,2023,NYM,MIA,121,146,1,2,3,1,9,0,656849.0,David Peterson,666200.0,Jesús Luzardo,666200.0,656849.0,4169,loanDepot park,night,R
718764,2023-04-01,2023,CWS,HOU,145,117,3,6,9,1,9,0,458681.0,Lance Lynn,664299.0,Cristian Javier,661527.0,608665.0,2392,Minute Maid Park,night,R
718766,2023-04-01,2023,COL,SD,115,135,4,1,5,0,9,0,607536.0,Kyle Freeland,607259.0,Nick Martinez,607536.0,607259.0,2680,Petco Park,night,R
718765,2023-04-01,2023,ARI,LAD,109,119,2,1,3,0,9,0,518876.0,Merrill Kelly,669160.0,Dustin May,686753.0,681911.0,22,Dodger Stadium,night,R
718763,2023-04-01,2023,CLE,SEA,114,136,9,4,13,0,9,0,683769.0,Hunter Gaddis,592662.0,Robbie Ray,680704.0,592662.0,680,T-Mobile Park,night,R
718760,2023-04-01,2023,CWS,HOU,145,117,4,6,10,1,9,0,608337.0,Lucas Giolito,664353.0,José Urquidy,592773.0,523260.0,2392,Minute Maid Park,day,R
718759,2023-04-01,2023,TOR,STL,141,138,1,4,5,1,9,0,592332.0,Kevin Gausman,656427.0,Jack Flaherty,656427.0,592332.0,2889,Busch Stadium,day,R
718758,2023-04-01,2023,MIL,CHC,158,112,3,1,4,0,9,0,605540.0,Brandon Woodruff,657006.0,Justin Steele,657265.0,665871.0,17,Wrigley Field,day,R
718752,2023-04-01,2023,PHI,TEX,143,140,3,16,19,1,9,0,554430.0,Zack Wheeler,543135.0,Nathan Eovaldi,543135.0,554430.0,5325,Globe Life Field,day,R
718753,2023-04-01,2023,ATL,WSH,144,120,7,1,8,0,9,0,675911.0,Spencer Strider,680686.0,Josiah Gray,675911.0,680686.0,3309,Nationals Park,day,R
718762,2023-04-01,2023,SF,NYY,137,147,7,5,12,0,9,0,502171.0,Alex Cobb,657376.0,Clarke Schmidt,596001.0,650633.0,3313,Yankee Stadium,day,R
718757,2023-04-01,2023,LAA,OAK,108,133,13,1,14,0,9,0,663776.0,Patrick Sandoval,660261.0,Shintaro Fujinami,663776.0,660261.0,10,Oakland Coliseum,day,R
718761,2023-04-01,2023,BAL,BOS,110,111,8,9,17,1,9,0,665152.0,Dean Kremer,519242.0,Chris Sale,445276.0,642585.0,3,Fenway Park,day,R
718756,2023-04-01,2023,PIT,CIN,134,113,2,6,8,1,9,0,448179.0,Rich Hill,666157.0,Nick Lodolo,666157.0,448179.0,2602,Great American Ball Park,day,R
718754,2023-04-01,2023,DET,TB,116,139,2,12,14,1,9,0,605513.0,Spencer Turnbull,621107.0,Zach Eflin,621107.0,605513.0,12,Tropicana Field,day,R
718751,2023-04-01,2023,MIN,KC,142,118,2,0,2,0,9,0,543243.0,Sonny Gray,543475.0,Jordan Lyles,543243.0,543475.0,7,Kauffman Stadium,day,R
718755,2023-04-01,2023,NYM,MIA,121,146,6,2,8,0,9,0,656731.0,Tylor Megill,665795.0,Edward Cabrera,656731.0,677053.0,4169,loanDepot park,day,R
718750,2023-04-02,2023,COL,SD,115,135,4,8,12,1,9,0,570632.0,José Ureña,608379.0,Michael Wacha,608379.0,570632.0,2680,Petco Park,night,R
718749,2023-04-02,2023,ARI,LAD,109,119,1,10,11,1,9,0,518516.0,Madison Bumgarner,477132.0,Clayton Kershaw,477132.0,518516.0,22,Dodger Stadium,night,R
718746,2023-04-02,2023,CLE,SEA,114,136,2,0,2,0,9,0,650644.0,Aaron Civale,669302.0,Logan Gilbert,650644.0,669302.0,680,T-Mobile Park,night,R
718742,2023-04-02,2023,DET,TB,116,139,1,5,6,1,9,0,666214.0,Joey Wentz,605488.0,Jeffrey Springs,605488.0,666214.0,12,Tropicana Field,day,R
718748,2023-04-02,2023,BAL,BOS,110,111,5,9,14,1,9,0,608344.0,Cole Irvin,656557.0,Tanner Houck,656557.0,608344.0,3,Fenway Park,day,R
718743,2023-04-02,2023,ATL,WSH,144,120,1,4,5,1,9,0,694363.0,Jared Shuster,669022.0,MacKenzie Gore,669022.0,694363.0,3309,Nationals Park,day,R
718747,2023-04-02,2023,SF,NYY,137,147,0,6,6,1,9,0,548389.0,Ross Stripling,666745.0,Jhony Brito,666745.0,548389.0,3313,Yankee Stadium,day,R
718744,2023-04-02,2023,PIT,CIN,134,113,1,3,4,1,9,0,592826.0,Vince Velasquez,668933.0,Graham Ashcraft,668933.0,592826.0,2602,Great American Ball Park,day,R
718741,2023-04-02,2023,NYM,MIA,121,146,5,1,6,0,9,0,673540.0,Kodai Senga,669432.0,Trevor Rogers,673540.0,669432.0,4169,loanDepot park,day,R
718745,2023-04-02,2023,MIN,KC,142,118,7,4,11,0,9,0,657746.0,Joe Ryan,641745.0,Brad Keller,657746.0,641745.0,7,Kauffman Stadium,day,R
718740,2023-04-02,2023,CWS,HOU,145,117,6,3,9,0,9,0,605182.0,Mike Clevinger,677651.0,Luis Garcia,605182.0,677651.0,2392,Minute Maid Park,day,R
718737,2023-04-02,2023,TOR,STL,141,138,4,9,13,1,9,0,605135.0,Chris Bassitt,656756.0,Jordan Montgomery,656756.0,605135.0,2889,Busch Stadium,day,R
718738,2023-04-02,2023,MIL,CHC,158,112,9,5,14,0,9,0,641778.0,Eric Lauer,592791.0,Jameson Taillon,641778.0,592791.0,17,Wrigley Field,day,R
718734,2023-04-02,2023,LAA,OAK,108,133,6,0,6,0,9,0,542881.0,Tyler Anderson,686610.0,Ken Waldichuk,542881.0,686610.0,10,Oakland Coliseum,day,R
718736,2023-04-02,2023,ARI,LAD,109,119,2,1,3,0,9,0,605200.0,Zach Davies,592789.0,Noah Syndergaard,605177.0,660813.0,22,Dodger Stadium,day,R
718733,2023-04-02,2023,COL,SD,115,135,1,3,4,1,9,0,596295.0,Austin Gomber,607625.0,Seth Lugo,607625.0,596295.0,2680,Petco Park,day,R
718735,2023-04-02,2023,CLE,SEA,114,136,6,5,11,0,10,1,615698.0,Cal Quantrill,594835.0,Marco Gonzales,660853.0,682171.0,680,T-Mobile Park,day,R
718739,2023-04-02,2023,PHI,TEX,143,140,1,2,3,1,9,0,663559.0,Bailey Falter,527048.0,Martín Pérez,527048.0,663559.0,5325,Globe Life Field,night,R
718731,2023-04-03,2023,NYM,MIL,121,158,0,10,10,1,9,0,471911.0,Carlos Carrasco,642547.0,Freddy Peralta,642547.0,471911.0,32,American Family Field,day,R
718730,2023-04-03,2023,SF,CWS,137,145,12,3,15,0,9,0,543101.0,Anthony DeSclafani,656629.0,Michael Kopech,543101.0,656629.0,4,Guaranteed Rate Field,day,R
718728,2023-04-03,2023,CHC,CIN,112,113,6,7,13,1,9,0,592767.0,Drew Smyly,656818.0,Connor Overton,518585.0,592767.0,2602,Great American Ball Park,night,R
718729,2023-04-03,2023,MIN,MIA,142,146,11,1,12,0,9,0,641816.0,Tyler Mahle,456501.0,Johnny Cueto,641816.0,456501.0,4169,loanDepot park,night,R
718732,2023-04-03,2023,TB,WSH,139,120,6,2,8,0,9,0,656876.0,Drew Rasmussen,592866.0,Trevor Williams,656876.0,592866.0,3309,Nationals Park,night,R
718725,2023-04-03,2023,PHI,NYY,143,147,1,8,9,1,9,0,592836.0,Taijuan Walker,641482.0,Nestor Cortes,641482.0,592836.0,3313,Yankee Stadium,night,R
718724,2023-04-03,2023,PIT,BOS,134,111,7,6,13,0,9,0,670912.0,Johan Oviedo,676710.0,Kutter Crawford,621249.0,676710.0,3,Fenway Park,night,R
718719,2023-04-03,2023,TOR,KC,141,118,5,9,14,1,9,0,621244.0,José Berríos,663903.0,Brady Singer,663903.0,621244.0,7,Kauffman Stadium,night,R
718727,2023-04-03,2023,ATL,STL,144,138,8,4,12,0,9,0,450203.0,Charlie Morton,663765.0,Jake Woodford,450203.0,663765.0,2889,Busch Stadium,night,R
718726,2023-04-04,2023,BAL,TEX,110,140,2,0,2,0,9,0,680694.0,Kyle Bradish,592351.0,Jon Gray,543056.0,592351.0,5325,Globe Life Field,night,R
718723,2023-04-04,2023,DET,HOU,116,117,7,6,13,0,11,1,571510.0,Matthew Boyd,686613.0,Hunter Brown,622259.0,593576.0,2392,Minute Maid Park,night,R
718721,2023-04-04,2023,CLE,OAK,114,133,12,11,23,0,10,1,668676.0,Zach Plesac,621076.0,James Kaprielian,661403.0,543507.0,10,Oakland Coliseum,night,R
718722,2023-04-04,2023,ARI,SD,109,135,4,5,9,1,9,0,669194.0,Ryne Nelson,677960.0,Ryan Weathers,657612.0,543518.0,2680,Petco Park,night,R
718720,2023-04-04,2023,LAA,SEA,108,136,7,3,10,0,9,0,672282.0,Reid Detmers,669923.0,George Kirby,572193.0,669923.0,680,T-Mobile Park,night,R
718718,2023-04-04,2023,COL,LAD,115,119,4,13,17,1,9,0,663372.0,Ryan Feltner,675627.0,Michael Grove,622075.0,663372.0,22,Dodger Stadium,night,R
718717,2023-04-04,2023,ARI,SD,109,135,8,6,14,0,9,0,668678.0,Zac Gallen,506433.0,Yu Darvish,656464.0,472610.0,2680,Petco Park,day,R
718716,2023-04-04,2023,CHC,CIN,112,113,12,5,17,0,9,0,669713.0,Hayden Wesneski,570666.0,Luis Cessa,640470.0,571656.0,2602,Great American Ball Park,night,R
718714,2023-04-04,2023,MIN,MIA,142,146,0,1,1,1,9,0,628317.0,Kenta Maeda,645261.0,Sandy Alcantara,645261.0,628317.0,4169,loanDepot park,night,R
718715,2023-04-04,2023,TB,WSH,139,120,10,6,16,0,9,0,676596.0,Josh Fleming,641771.0,Chad Kuhl,657044.0,640448.0,3309,Nationals Park,night,R
718710,2023-04-04,2023,PHI,NYY,143,147,4,1,5,0,9,0,621381.0,Matt Strahm,593334.0,Domingo Germán,571479.0,593334.0,3313,Yankee Stadium,night,R
718713,2023-04-04,2023,PIT,BOS,134,111,4,1,5,0,9,0,672710.0,Roansy Contreras,601713.0,Nick Pivetta,672710.0,601713.0,3,Fenway Park,night,R
718708,2023-04-04,2023,TOR,KC,141,118,4,1,5,0,9,0,579328.0,Yusei Kikuchi,663460.0,Kris Bubic,579328.0,663460.0,7,Kauffman Stadium,night,R
718712,2023-04-04,2023,NYM,MIL,121,158,0,9,9,1,9,0,453286.0,Max Scherzer,489119.0,Wade Miley,489119.0,453286.0,32,American Family Field,night,R
718711,2023-04-04,2023,ATL,STL,144,138,4,1,5,0,9,0,689266.0,Dylan Dodd,571927.0,Steven Matz,689266.0,571927.0,2889,Busch Stadium,night,R
718709,2023-04-05,2023,BAL,TEX,110,140,7,2,9,0,9,0,502043.0,Kyle Gibson,571760.0,Andrew Heaney,502043.0,571760.0,5325,Globe Life Field,night,R
718705,2023-04-05,2023,DET,HOU,116,117,6,3,9,0,9,0,666159.0,Matt Manning,664285.0,Framber Valdez,666159.0,664285.0,2392,Minute Maid Park,night,R
718707,2023-04-05,2023,CLE,OAK,114,133,3,4,7,1,9,0,669456.0,Shane Bieber,676664.0,JP Sears,543507.0,675916.0,10,Oakland Coliseum,night,R
718706,2023-04-05,2023,LAA,SEA,108,136,2,11,13,1,9,0,660761.0,José Suarez,622491.0,Luis Castillo,622491.0,660761.0,680,T-Mobile Park,night,R
718703,2023-04-05,2023,COL,LAD,115,119,2,5,7,1,9,0,608566.0,Germán Márquez,628711.0,Julio Urías,628711.0,608566.0,22,Dodger Stadium,night,R
718704,2023-04-05,2023,TB,WSH,139,120,7,2,9,0,9,0,663556.0,Shane McClanahan,571578.0,Patrick Corbin,663556.0,571578.0,3309,Nationals Park,day,R
718699,2023-04-05,2023,PHI,NYY,143,147,2,4,6,1,9,0,605400.0,Aaron Nola,543037.0,Gerrit Cole,543037.0,605400.0,3313,Yankee Stadium,day,R
718701,2023-04-05,2023,MIN,MIA,142,146,2,5,7,1,9,0,641154.0,Pablo López,666200.0,Jesús Luzardo,571670.0,643377.0,4169,loanDepot park,day,R
718697,2023-04-05,2023,ATL,STL,144,138,5,2,7,0,9,0,693821.0,Bryce Elder,571945.0,Miles Mikolas,693821.0,571945.0,2889,Busch Stadium,day,R
718702,2023-04-05,2023,PIT,BOS,134,111,4,1,5,0,9,0,656605.0,Mitch Keller,446372.0,Corey Kluber,656605.0,446372.0,3,Fenway Park,day,R
718698,2023-04-05,2023,NYM,MIL,121,158,6,7,13,1,9,0,656849.0,David Peterson,669203.0,Corbin Burnes,642207.0,493603.0,32,American Family Field,day,R
718694,2023-04-05,2023,BAL,TEX,110,140,2,5,7,1,9,0,680570.0,Grayson Rodriguez,594798.0,Jacob deGrom,594798.0,608723.0,5325,Globe Life Field,day,R
718696,2023-04-05,2023,DET,HOU,116,117,2,8,10,1,9,0,593958.0,Eduardo Rodriguez,664299.0,Cristian Javier,664299.0,593958.0,2392,Minute Maid Park,day,R
718695,2023-04-05,2023,SF,CWS,137,145,3,7,10,1,9,0,657277.0,Logan Webb,656302.0,Dylan Cease,656302.0,657277.0,4,Guaranteed Rate Field,day,R
718689,2023-04-05,2023,CLE,OAK,114,133,6,4,10,0,10,1,683769.0,Hunter Gaddis,666205.0,Kyle Muller,669212.0,667427.0,10,Oakland Coliseum,day,R
718691,2023-04-05,2023,LAA,SEA,108,136,4,3,7,0,9,0,660271.0,Shohei Ohtani,623167.0,Chris Flexen,660271.0,623167.0,680,T-Mobile Park,day,R
718692,2023-04-05,2023,TOR,KC,141,118,3,0,3,0,9,0,666201.0,Alek Manoah,425844.0,Zack Greinke,666201.0,425844.0,7,Kauffman Stadium,night,R
718700,2023-04-05,2023,CHC,CIN,112,113,0,0,0,0,9,0,573186.0,Marcus Stroman,668881.0,Hunter Greene,,,2602,Great American Ball Park,day,R
718690,2023-04-06,2023,BOS,DET,111,116,6,3,9,0,9,0,519242.0,Chris Sale,605513.0,Spencer Turnbull,519242.0,605513.0,2394,Comerica Park,day,R
718686,2023-04-06,2023,TOR,KC,141,118,6,3,9,0,9,0,592332.0,Kevin Gausman,543475.0,Jordan Lyles,592332.0,543475.0,7,Kauffman Stadium,day,R
718687,2023-04-06,2023,SF,CWS,137,145,16,6,22,0,9,0,622072.0,Alex Wood,458681.0,Lance Lynn,596001.0,458681.0,4,Guaranteed Rate Field,day,R
718682,2023-04-06,2023,WSH,COL,120,115,0,1,1,1,9,0,680686.0,Josiah Gray,607536.0,Kyle Freeland,607536.0,680686.0,19,Coors Field,day,R
718681,2023-04-06,2023,SD,ATL,135,144,6,7,13,1,9,0,605483.0,Blake Snell,675911.0,Spencer Strider,621345.0,622503.0,4705,Truist Park,night,R
718683,2023-04-07,2023,LAD,ARI,119,109,5,2,7,0,9,0,669160.0,Dustin May,518876.0,Merrill Kelly,669160.0,518876.0,15,Chase Field,night,R
718693,2023-04-06,2023,MIA,NYM,146,121,0,0,0,0,9,0,665795.0,Edward Cabrera,656731.0,Tylor Megill,,,3289,Citi Field,day,R
718685,2023-04-06,2023,CIN,PHI,113,143,0,0,0,0,9,0,668881.0,Hunter Greene,554430.0,Zack Wheeler,,,2681,Citizens Bank Park,day,R
718688,2023-04-06,2023,NYY,BAL,147,110,0,0,0,0,9,0,657376.0,Clarke Schmidt,665152.0,Dean Kremer,,,2,Oriole Park at Camden Yards,day,R
718684,2023-04-06,2023,HOU,MIN,117,142,0,0,0,0,9,0,,,,,,,3312,Target Field,day,R
718693,2023-04-07,2023,MIA,NYM,146,121,3,9,12,1,9,0,665795.0,Edward Cabrera,656731.0,Tylor Megill,656731.0,665795.0,3289,Citi Field,day,R
718675,2023-04-07,2023,TEX,CHC,140,112,0,2,2,1,9,0,543135.0,Nathan Eovaldi,573186.0,Marcus Stroman,573186.0,543135.0,17,Wrigley Field,day,R
718685,2023-04-07,2023,CIN,PHI,113,143,2,5,7,1,9,0,668881.0,Hunter Greene,554430.0,Zack Wheeler,642397.0,571882.0,2681,Citizens Bank Park,day,R
718688,2023-04-07,2023,NYY,BAL,147,110,6,7,13,1,9,0,657376.0,Clarke Schmidt,665152.0,Dean Kremer,672335.0,676760.0,2,Oriole Park at Camden Yards,day,R
718677,2023-04-07,2023,SEA,CLE,136,114,5,3,8,0,9,0,669302.0,Logan Gilbert,650644.0,Aaron Civale,682171.0,650644.0,5,Progressive Field,day,R
718684,2023-04-07,2023,HOU,MIN,117,142,2,3,5,1,10,1,664353.0,José Urquidy,543243.0,Sonny Gray,605347.0,592773.0,3312,Target Field,day,R
718679,2023-04-07,2023,CWS,PIT,145,134,9,13,22,1,9,0,608337.0,Lucas Giolito,448179.0,Rich Hill,664294.0,518617.0,31,PNC Park,day,R
718680,2023-04-07,2023,KC,SF,118,137,3,1,4,0,9,0,641745.0,Brad Keller,502171.0,Alex Cobb,641745.0,502171.0,2395,Oracle Park,day,R
718678,2023-04-07,2023,OAK,TB,133,139,5,9,14,1,9,0,686610.0,Ken Waldichuk,621107.0,Zach Eflin,621107.0,686610.0,12,Tropicana Field,night,R
718676,2023-04-07,2023,SD,ATL,135,144,5,4,9,0,9,0,607259.0,Nick Martinez,694363.0,Jared Shuster,641703.0,543859.0,4705,Truist Park,night,R
718674,2023-04-08,2023,STL,MIL,138,158,0,4,4,1,9,0,656427.0,Jack Flaherty,605540.0,Brandon Woodruff,605540.0,656427.0,32,American Family Field,night,R
718673,2023-04-08,2023,WSH,COL,120,115,10,5,15,0,9,0,669022.0,MacKenzie Gore,570632.0,José Ureña,669022.0,570632.0,19,Coors Field,night,R
718670,2023-04-08,2023,TOR,LAA,141,108,4,3,7,0,9,0,605135.0,Chris Bassitt,663776.0,Patrick Sandoval,605135.0,623474.0,1,Angel Stadium,night,R
718671,2023-04-08,2023,LAD,ARI,119,109,3,6,9,1,9,0,477132.0,Clayton Kershaw,518516.0,Madison Bumgarner,686753.0,477132.0,15,Chase Field,night,R
718666,2023-04-08,2023,HOU,MIN,117,142,6,9,15,1,9,0,677651.0,Luis Garcia,657746.0,Joe Ryan,657746.0,661527.0,3312,Target Field,day,R
718672,2023-04-08,2023,KC,SF,118,137,6,5,11,0,9,0,663903.0,Brady Singer,640455.0,Sean Manaea,664199.0,666808.0,2395,Oracle Park,day,R
718669,2023-04-08,2023,TEX,CHC,140,112,3,10,13,1,9,0,527048.0,Martín Pérez,657006.0,Justin Steele,657006.0,527048.0,17,Wrigley Field,day,R
718668,2023-04-08,2023,CIN,PHI,113,143,2,3,5,1,9,0,666157.0,Nick Lodolo,663559.0,Bailey Falter,607755.0,664747.0,2681,Citizens Bank Park,day,R
718667,2023-04-08,2023,BOS,DET,111,116,14,5,19,0,9,0,656557.0,Tanner Houck,666214.0,Joey Wentz,656557.0,666214.0,2394,Comerica Park,day,R
718665,2023-04-08,2023,OAK,TB,133,139,0,11,11,1,9,0,660261.0,Shintaro Fujinami,605488.0,Jeffrey Springs,605488.0,660261.0,12,Tropicana Field,day,R
718661,2023-04-08,2023,MIA,NYM,146,121,2,5,7,1,9,0,669432.0,Trevor Rogers,673540.0,Kodai Senga,673540.0,669432.0,3289,Citi Field,day,R
718663,2023-04-08,2023,SEA,CLE,136,114,3,2,5,0,9,0,594835.0,Marco Gonzales,615698.0,Cal Quantrill,594835.0,615698.0,5,Progressive Field,night,R
718662,2023-04-08,2023,CWS,PIT,145,134,11,5,16,0,9,0,605182.0,Mike Clevinger,592826.0,Vince Velasquez,605182.0,592826.0,31,PNC Park,night,R
718664,2023-04-08,2023,NYY,BAL,147,110,4,1,5,0,9,0,666745.0,Jhony Brito,608344.0,Cole Irvin,666745.0,608344.0,2,Oriole Park at Camden Yards,night,R
718660,2023-04-08,2023,STL,MIL,138,158,6,0,6,0,9,0,656756.0,Jordan Montgomery,641778.0,Eric Lauer,656756.0,641778.0,32,American Family Field,night,R
718659,2023-04-08,2023,SD,ATL,135,144,4,1,5,0,9,0,608379.0,Michael Wacha,450203.0,Charlie Morton,608379.0,450203.0,4705,Truist Park,night,R
718656,2023-04-09,2023,LAD,ARI,119,109,8,12,20,1,9,0,592789.0,Noah Syndergaard,605200.0,Zach Davies,669459.0,592789.0,15,Chase Field,night,R
718658,2023-04-09,2023,WSH,COL,120,115,7,6,13,0,9,0,592866.0,Trevor Williams,596295.0,Austin Gomber,592866.0,596295.0,19,Coors Field,night,R
718657,2023-04-09,2023,TOR,LAA,141,108,5,9,14,1,9,0,621244.0,José Berríos,542881.0,Tyler Anderson,642545.0,621244.0,1,Angel Stadium,night,R
718652,2023-04-09,2023,CIN,PHI,113,143,6,4,10,0,9,0,656818.0,Connor Overton,592836.0,Taijuan Walker,643361.0,622554.0,2681,Citizens Bank Park,day,R
718654,2023-04-09,2023,BOS,DET,111,116,4,1,5,0,9,0,676710.0,Kutter Crawford,571510.0,Matthew Boyd,676710.0,571510.0,2394,Comerica Park,day,R
718655,2023-04-09,2023,OAK,TB,133,139,0,11,11,1,9,0,621076.0,James Kaprielian,656876.0,Drew Rasmussen,656876.0,621076.0,12,Tropicana Field,day,R
718653,2023-04-09,2023,CWS,PIT,145,134,0,1,1,1,9,0,656629.0,Michael Kopech,670912.0,Johan Oviedo,670912.0,656629.0,31,PNC Park,day,R
718651,2023-04-09,2023,NYY,BAL,147,110,5,3,8,0,9,0,641482.0,Nestor Cortes,669330.0,Tyler Wells,641482.0,669330.0,2,Oriole Park at Camden Yards,day,R
718646,2023-04-09,2023,SEA,CLE,136,114,6,7,13,1,12,1,669923.0,George Kirby,668676.0,Zach Plesac,682120.0,682171.0,5,Progressive Field,day,R
718647,2023-04-09,2023,MIA,NYM,146,121,7,2,9,0,9,0,666129.0,Braxton Garrett,471911.0,Carlos Carrasco,656945.0,471911.0,3289,Citi Field,day,R
718649,2023-04-09,2023,HOU,MIN,117,142,5,1,6,0,9,0,686613.0,Hunter Brown,641816.0,Tyler Mahle,686613.0,641816.0,3312,Target Field,day,R
718650,2023-04-09,2023,STL,MIL,138,158,1,6,7,1,9,0,663765.0,Jake Woodford,642547.0,Freddy Peralta,642547.0,663765.0,32,American Family Field,day,R
718642,2023-04-09,2023,TEX,CHC,140,112,8,2,10,0,9,0,592351.0,Jon Gray,592791.0,Jameson Taillon,592351.0,592791.0,17,Wrigley Field,day,R
718645,2023-04-09,2023,WSH,COL,120,115,6,7,13,1,9,0,641771.0,Chad Kuhl,663372.0,Ryan Feltner,659275.0,541640.0,19,Coors Field,day,R
718643,2023-04-09,2023,KC,SF,118,137,1,3,4,1,9,0,663460.0,Kris Bubic,543101.0,Anthony DeSclafani,605154.0,642232.0,2395,Oracle Park,day,R
718644,2023-04-09,2023,TOR,LAA,141,108,12,11,23,0,10,1,579328.0,Yusei Kikuchi,672282.0,Reid Detmers,605447.0,608032.0,1,Angel Stadium,day,R
718639,2023-04-09,2023,LAD,ARI,119,109,6,11,17,1,9,0,675627.0,Michael Grove,669194.0,Ryne Nelson,669194.0,675627.0,15,Chase Field,day,R
718648,2023-04-09,2023,SD,ATL,135,144,10,2,12,0,9,0,607625.0,Seth Lugo,689266.0,Dylan Dodd,607625.0,689266.0,4705,Truist Park,night,R
718640,2023-04-10,2023,CWS,MIN,145,142,4,3,7,0,9,0,656302.0,Dylan Cease,628317.0,Kenta Maeda,656302.0,628317.0,3312,Target Field,day,R
718637,2023-04-10,2023,NYY,CLE,147,114,2,3,5,1,9,0,593334.0,Domingo Germán,669456.0,Shane Bieber,669456.0,641656.0,5,Progressive Field,night,R
718635,2023-04-10,2023,OAK,BAL,133,110,1,5,6,1,9,0,676664.0,JP Sears,502043.0,Kyle Gibson,502043.0,676664.0,2,Oriole Park at Camden Yards,night,R
718632,2023-04-10,2023,HOU,PIT,117,134,8,2,10,0,9,0,664285.0,Framber Valdez,672710.0,Roansy Contreras,664285.0,672710.0,31,PNC Park,night,R
718638,2023-04-10,2023,BOS,TB,111,139,0,1,1,1,9,0,601713.0,Nick Pivetta,656222.0,Jalen Beeks,621363.0,455119.0,12,Tropicana Field,night,R
718633,2023-04-10,2023,MIA,PHI,146,143,3,15,18,1,9,0,645261.0,Sandy Alcantara,621381.0,Matt Strahm,621381.0,645261.0,2681,Citizens Bank Park,night,R
718634,2023-04-10,2023,SD,NYM,135,121,0,5,5,1,9,0,506433.0,Yu Darvish,453286.0,Max Scherzer,453286.0,506433.0,3289,Citi Field,night,R
718636,2023-04-10,2023,CIN,ATL,113,144,4,5,9,1,10,1,668933.0,Graham Ashcraft,693821.0,Bryce Elder,669276.0,571882.0,4705,Truist Park,night,R
718628,2023-04-10,2023,SEA,CHC,136,112,2,3,5,1,10,1,622491.0,Luis Castillo,592767.0,Drew Smyly,624522.0,666374.0,17,Wrigley Field,night,R
718630,2023-04-11,2023,KC,TEX,118,140,2,11,13,1,9,0,425844.0,Zack Greinke,571760.0,Andrew Heaney,571760.0,425844.0,5325,Globe Life Field,night,R
718629,2023-04-11,2023,STL,COL,138,115,4,7,11,1,9,0,571927.0,Steven Matz,608566.0,Germán Márquez,608566.0,571927.0,19,Coors Field,night,R
718631,2023-04-11,2023,WSH,LAA,120,108,6,4,10,0,9,0,571578.0,Patrick Corbin,660761.0,José Suarez,571578.0,656353.0,1,Angel Stadium,night,R
718627,2023-04-11,2023,MIL,ARI,158,109,0,3,3,1,9,0,489119.0,Wade Miley,668678.0,Zac Gallen,668678.0,489119.0,15,Chase Field,night,R
718641,2023-04-11,2023,LAD,SF,119,137,9,1,10,0,9,0,628711.0,Julio Urías,657277.0,Logan Webb,628711.0,657277.0,2395,Oracle Park,night,R
718626,2023-04-11,2023,NYY,CLE,147,114,11,2,13,0,9,0,543037.0,Gerrit Cole,683769.0,Hunter Gaddis,543037.0,683769.0,5,Progressive Field,night,R
718618,2023-04-11,2023,OAK,BAL,133,110,8,12,20,1,9,0,666205.0,Kyle Muller,680570.0,Grayson Rodriguez,641329.0,594580.0,2,Oriole Park at Camden Yards,night,R
718623,2023-04-11,2023,HOU,PIT,117,134,4,7,11,1,9,0,664299.0,Cristian Javier,656605.0,Mitch Keller,670280.0,519151.0,31,PNC Park,night,R
718625,2023-04-11,2023,BOS,TB,111,139,2,7,9,1,9,0,676477.0,Garrett Whitlock,663556.0,Shane McClanahan,663556.0,676477.0,12,Tropicana Field,night,R
718619,2023-04-11,2023,MIA,PHI,146,143,8,4,12,0,9,0,666200.0,Jesús Luzardo,605400.0,Aaron Nola,666200.0,605400.0,2681,Citizens Bank Park,night,R
718622,2023-04-11,2023,DET,TOR,116,141,3,9,12,1,9,0,666159.0,Matt Manning,666201.0,Alek Manoah,647315.0,666159.0,14,Rogers Centre,night,R
718621,2023-04-11,2023,SD,NYM,135,121,4,2,6,0,9,0,677960.0,Ryan Weathers,656849.0,David Peterson,677960.0,656849.0,3289,Citi Field,night,R
718620,2023-04-11,2023,CIN,ATL,113,144,6,7,13,1,9,0,570666.0,Luis Cessa,657140.0,Kyle Wright,543859.0,570666.0,4705,Truist Park,night,R
718617,2023-04-11,2023,SEA,CHC,136,112,9,14,23,1,9,0,623167.0,Chris Flexen,669713.0,Hayden Wesneski,621074.0,623167.0,17,Wrigley Field,night,R
718616,2023-04-11,2023,CWS,MIN,145,142,3,4,7,1,10,1,458681.0,Lance Lynn,641154.0,Pablo López,643377.0,669947.0,3312,Target Field,night,R
718615,2023-04-12,2023,KC,TEX,118,140,5,8,13,1,10,1,543475.0,Jordan Lyles,594798.0,Jacob deGrom,666142.0,605130.0,5325,Globe Life Field,night,R
718613,2023-04-12,2023,STL,COL,138,115,9,6,15,0,9,0,571945.0,Miles Mikolas,607536.0,Kyle Freeland,606149.0,572955.0,19,Coors Field,night,R
718614,2023-04-12,2023,WSH,LAA,120,108,0,2,2,1,9,0,680686.0,Josiah Gray,660271.0,Shohei Ohtani,660271.0,680686.0,1,Angel Stadium,night,R
718611,2023-04-12,2023,MIL,ARI,158,109,7,1,8,0,9,0,669203.0,Corbin Burnes,518876.0,Merrill Kelly,669203.0,518876.0,15,Chase Field,night,R
718624,2023-04-12,2023,LAD,SF,119,137,0,5,5,1,9,0,669160.0,Dustin May,622072.0,Alex Wood,518397.0,669160.0,2395,Oracle Park,night,R
718608,2023-04-12,2023,HOU,PIT,117,134,7,0,7,0,9,0,664353.0,José Urquidy,448179.0,Rich Hill,664353.0,448179.0,31,PNC Park,day,R
718610,2023-04-12,2023,SD,NYM,135,121,2,5,7,1,9,0,605483.0,Blake Snell,656731.0,Tylor Megill,656731.0,605483.0,3289,Citi Field,day,R
718605,2023-04-12,2023,CWS,MIN,145,142,1,3,4,1,9,0,608337.0,Lucas Giolito,543243.0,Sonny Gray,543243.0,608337.0,3312,Target Field,day,R
718604,2023-04-12,2023,NYY,CLE,147,114,4,3,7,0,9,0,657376.0,Clarke Schmidt,685410.0,Peyton Battenfield,593974.0,661403.0,5,Progressive Field,day,R
718606,2023-04-12,2023,SEA,CHC,136,112,5,2,7,0,9,0,669302.0,Logan Gilbert,573186.0,Marcus Stroman,669302.0,573186.0,17,Wrigley Field,day,R
718607,2023-04-12,2023,STL,COL,138,115,7,4,11,0,9,0,656427.0,Jack Flaherty,570632.0,José Ureña,669467.0,664875.0,19,Coors Field,day,R
718598,2023-04-12,2023,MIL,ARI,158,109,3,7,10,1,9,0,676083.0,Janson Junk,686753.0,Drey Jameson,669459.0,676083.0,15,Chase Field,day,R
718609,2023-04-12,2023,MIA,PHI,146,143,3,2,5,0,10,1,665795.0,Edward Cabrera,554430.0,Zack Wheeler,640462.0,642397.0,2681,Citizens Bank Park,day,R
718602,2023-04-12,2023,WSH,LAA,120,108,2,3,5,1,9,0,669022.0,MacKenzie Gore,656288.0,Griffin Canning,519043.0,666168.0,1,Angel Stadium,day,R
718599,2023-04-12,2023,OAK,BAL,133,110,8,4,12,0,9,0,686610.0,Ken Waldichuk,665152.0,Dean Kremer,663385.0,669211.0,2,Oriole Park at Camden Yards,night,R
718600,2023-04-12,2023,BOS,TB,111,139,7,9,16,1,9,0,519242.0,Chris Sale,671737.0,Taj Bradley,671737.0,519242.0,12,Tropicana Field,night,R
718603,2023-04-12,2023,DET,TOR,116,141,3,4,7,1,10,1,593958.0,Eduardo Rodriguez,592332.0,Kevin Gausman,605447.0,592741.0,14,Rogers Centre,night,R
718601,2023-04-12,2023,CIN,ATL,113,144,4,5,9,1,9,0,668881.0,Hunter Greene,675911.0,Spencer Strider,489446.0,571656.0,4705,Truist Park,night,R
718595,2023-04-13,2023,KC,TEX,118,140,10,1,11,0,9,0,641745.0,Brad Keller,543135.0,Nathan Eovaldi,641745.0,543135.0,5325,Globe Life Field,night,R
718612,2023-04-13,2023,LAD,SF,119,137,10,5,15,0,9,0,477132.0,Clayton Kershaw,502171.0,Alex Cobb,477132.0,573124.0,2395,Oracle Park,night,R
718596,2023-04-13,2023,OAK,BAL,133,110,7,8,15,1,9,0,670124.0,Adam Oller,608344.0,Cole Irvin,642585.0,543507.0,2,Oriole Park at Camden Yards,day,R
718594,2023-04-13,2023,BOS,TB,111,139,3,9,12,1,9,0,446372.0,Corey Kluber,605488.0,Jeffrey Springs,687330.0,446372.0,12,Tropicana Field,day,R
718597,2023-04-13,2023,PHI,CIN,143,113,2,6,8,1,9,0,663559.0,Bailey Falter,666157.0,Nick Lodolo,666157.0,663559.0,2602,Great American Ball Park,night,R
718590,2023-04-13,2023,MIN,NYY,142,147,11,2,13,0,9,0,657746.0,Joe Ryan,666745.0,Jhony Brito,657746.0,666745.0,3313,Yankee Stadium,night,R
718593,2023-04-13,2023,DET,TOR,116,141,3,1,4,0,9,0,605513.0,Spencer Turnbull,605135.0,Chris Bassitt,605513.0,605135.0,14,Rogers Centre,night,R
718591,2023-04-13,2023,PIT,STL,134,138,5,0,5,0,9,0,592826.0,Vince Velasquez,656756.0,Jordan Montgomery,592826.0,656756.0,2889,Busch Stadium,night,R
718589,2023-04-14,2023,MIL,SD,158,135,4,3,7,0,10,1,607067.0,Colin Rea,607259.0,Nick Martinez,642207.0,472610.0,2680,Petco Park,night,R
718585,2023-04-14,2023,SF,DET,137,116,5,7,12,1,11,1,640455.0,Sean Manaea,666214.0,Joey Wentz,542585.0,666808.0,2394,Comerica Park,night,R
718586,2023-04-14,2023,PHI,CIN,143,113,8,3,11,0,9,0,592836.0,Taijuan Walker,656818.0,Connor Overton,592836.0,656818.0,2602,Great American Ball Park,night,R
718584,2023-04-14,2023,ARI,MIA,109,146,1,5,6,1,9,0,518516.0,Madison Bumgarner,669432.0,Trevor Rogers,669432.0,518516.0,4169,loanDepot park,night,R
718592,2023-04-14,2023,CLE,WSH,114,120,4,3,7,0,9,0,615698.0,Cal Quantrill,592866.0,Trevor Williams,663986.0,605218.0,3309,Nationals Park,night,R
718588,2023-04-14,2023,MIN,NYY,142,147,4,3,7,0,9,0,686973.0,Louis Varland,641482.0,Nestor Cortes,641941.0,605280.0,3313,Yankee Stadium,night,R
718587,2023-04-14,2023,TB,TOR,139,141,3,6,9,1,9,0,656876.0,Drew Rasmussen,621244.0,José Berríos,621244.0,656876.0,14,Rogers Centre,night,R
718580,2023-04-14,2023,LAA,BOS,108,111,3,5,8,1,9,0,663776.0,Patrick Sandoval,656557.0,Tanner Houck,670174.0,623474.0,3,Fenway Park,night,R
718583,2023-04-14,2023,BAL,CWS,110,145,6,3,9,0,9,0,669330.0,Tyler Wells,605182.0,Mike Clevinger,657508.0,625643.0,4,Guaranteed Rate Field,night,R
718581,2023-04-15,2023,TEX,HOU,140,117,6,2,8,0,9,0,527048.0,Martín Pérez,677651.0,Luis Garcia,527048.0,677651.0,2392,Minute Maid Park,night,R
718579,2023-04-15,2023,ATL,KC,144,118,10,3,13,0,9,0,450203.0,Charlie Morton,663903.0,Brady Singer,450203.0,663903.0,7,Kauffman Stadium,night,R
718582,2023-04-15,2023,PIT,STL,134,138,0,3,3,1,9,0,670912.0,Johan Oviedo,663765.0,Jake Woodford,668868.0,670912.0,2889,Busch Stadium,night,R
718578,2023-04-15,2023,NYM,OAK,121,133,17,6,23,0,9,0,673540.0,Kodai Senga,621076.0,James Kaprielian,642701.0,621076.0,10,Oakland Coliseum,night,R
718574,2023-04-15,2023,MIL,SD,158,135,11,2,13,0,9,0,641778.0,Eric Lauer,608379.0,Michael Wacha,641778.0,608379.0,2680,Petco Park,night,R
718575,2023-04-15,2023,CHC,LAD,112,119,8,2,10,0,9,0,657006.0,Justin Steele,592789.0,Noah Syndergaard,657006.0,592789.0,22,Dodger Stadium,night,R
718577,2023-04-15,2023,COL,SEA,115,136,3,5,8,1,9,0,596295.0,Austin Gomber,543548.0,Tommy Milone,666374.0,596295.0,680,T-Mobile Park,night,R
718572,2023-04-15,2023,MIN,NYY,142,147,1,6,7,1,9,0,641816.0,Tyler Mahle,593334.0,Domingo Germán,593334.0,641816.0,3313,Yankee Stadium,day,R
718571,2023-04-15,2023,SF,DET,137,116,6,7,13,1,11,1,543101.0,Anthony DeSclafani,547179.0,Michael Lorenzen,592741.0,573124.0,2394,Comerica Park,day,R
718570,2023-04-15,2023,BAL,CWS,110,145,6,7,13,1,10,1,502043.0,Kyle Gibson,656629.0,Michael Kopech,669424.0,670810.0,4,Guaranteed Rate Field,day,R
718568,2023-04-15,2023,PIT,STL,134,138,6,3,9,0,10,1,672710.0,Roansy Contreras,571927.0,Steven Matz,670280.0,663855.0,2889,Busch Stadium,day,R
718569,2023-04-15,2023,TB,TOR,139,141,2,5,7,1,9,0,676534.0,Calvin Faucher,579328.0,Yusei Kikuchi,579328.0,665001.0,14,Rogers Centre,day,R
718573,2023-04-15,2023,CLE,WSH,114,120,6,4,10,0,9,0,668676.0,Zach Plesac,641771.0,Chad Kuhl,668676.0,641771.0,3309,Nationals Park,day,R
718560,2023-04-15,2023,MIL,SD,158,135,3,10,13,1,9,0,642547.0,Freddy Peralta,607625.0,Seth Lugo,621051.0,642547.0,2680,Petco Park,day,R
718565,2023-04-15,2023,NYM,OAK,121,133,3,2,5,0,9,0,471911.0,Carlos Carrasco,660261.0,Shintaro Fujinami,622098.0,660261.0,10,Oakland Coliseum,day,R
718576,2023-04-15,2023,LAA,BOS,108,111,7,9,16,1,9,0,542881.0,Tyler Anderson,601713.0,Nick Pivetta,518489.0,572193.0,3,Fenway Park,day,R
718566,2023-04-15,2023,PHI,CIN,143,113,0,13,13,1,9,0,621381.0,Matt Strahm,668933.0,Graham Ashcraft,668933.0,621381.0,2602,Great American Ball Park,day,R
718563,2023-04-15,2023,ATL,KC,144,118,9,3,12,0,9,0,693821.0,Bryce Elder,663460.0,Kris Bubic,693821.0,663460.0,7,Kauffman Stadium,day,R
718567,2023-04-15,2023,ARI,MIA,109,146,2,3,5,1,9,0,669194.0,Ryne Nelson,666129.0,Braxton Garrett,677053.0,543518.0,4169,loanDepot park,day,R
718562,2023-04-15,2023,TEX,HOU,140,117,2,8,10,1,9,0,592351.0,Jon Gray,686613.0,Hunter Brown,686613.0,666142.0,2392,Minute Maid Park,night,R
718564,2023-04-16,2023,CHC,LAD,112,119,1,2,3,1,9,0,592791.0,Jameson Taillon,675627.0,Michael Grove,571946.0,605242.0,22,Dodger Stadium,night,R
718561,2023-04-16,2023,COL,SEA,115,136,2,9,11,1,9,0,663372.0,Ryan Feltner,669923.0,George Kirby,669923.0,663372.0,680,T-Mobile Park,night,R
718559,2023-04-16,2023,LAA,BOS,108,111,1,2,3,1,9,0,672282.0,Reid Detmers,676477.0,Garrett Whitlock,676477.0,672282.0,3,Fenway Park,day,R
718555,2023-04-16,2023,CLE,WSH,114,120,6,7,13,1,9,0,669456.0,Shane Bieber,571578.0,Patrick Corbin,666168.0,680704.0,3309,Nationals Park,day,R
718557,2023-04-16,2023,MIN,NYY,142,147,0,2,2,1,9,0,641154.0,Pablo López,543037.0,Gerrit Cole,543037.0,641154.0,3313,Yankee Stadium,day,R
718556,2023-04-16,2023,TB,TOR,139,141,8,1,9,0,9,0,663556.0,Shane McClanahan,666201.0,Alek Manoah,663556.0,666201.0,14,Rogers Centre,day,R
718554,2023-04-16,2023,PHI,CIN,143,113,14,3,17,0,9,0,605400.0,Aaron Nola,570666.0,Luis Cessa,605400.0,570666.0,2602,Great American Ball Park,day,R
718550,2023-04-16,2023,ARI,MIA,109,146,5,0,5,0,9,0,668678.0,Zac Gallen,645261.0,Sandy Alcantara,668678.0,645261.0,4169,loanDepot park,day,R
718551,2023-04-16,2023,ATL,KC,144,118,5,4,9,0,9,0,657140.0,Kyle Wright,425844.0,Zack Greinke,623433.0,605130.0,7,Kauffman Stadium,day,R
718553,2023-04-16,2023,BAL,CWS,110,145,8,4,12,0,9,0,680570.0,Grayson Rodriguez,656302.0,Dylan Cease,657508.0,607481.0,4,Guaranteed Rate Field,day,R
718548,2023-04-16,2023,PIT,STL,134,138,4,5,9,1,10,1,656605.0,Mitch Keller,571945.0,Miles Mikolas,572403.0,640444.0,2889,Busch Stadium,day,R
718546,2023-04-16,2023,NYM,OAK,121,133,4,3,7,0,10,1,676130.0,José Buttó,676664.0,JP Sears,642231.0,594580.0,10,Oakland Coliseum,day,R
718547,2023-04-16,2023,CHC,LAD,112,119,3,2,5,0,9,0,592767.0,Drew Smyly,628711.0,Julio Urías,592767.0,628711.0,22,Dodger Stadium,day,R
718545,2023-04-16,2023,COL,SEA,115,136,0,1,1,1,9,0,663562.0,Noah Davis,622491.0,Luis Castillo,622491.0,659275.0,680,T-Mobile Park,day,R
718549,2023-04-16,2023,MIL,SD,158,135,1,0,1,0,9,0,489119.0,Wade Miley,506433.0,Yu Darvish,489119.0,506433.0,2680,Petco Park,day,R
718552,2023-04-16,2023,TEX,HOU,140,117,9,1,10,0,9,0,571760.0,Andrew Heaney,664285.0,Framber Valdez,656271.0,664285.0,2392,Minute Maid Park,night,R
718558,2023-04-16,2023,SF,DET,137,116,0,0,0,0,9,0,657277.0,Logan Webb,571510.0,Matthew Boyd,,,2394,Comerica Park,day,R
718540,2023-04-17,2023,LAA,BOS,108,111,5,4,9,0,9,0,660271.0,Shohei Ohtani,678394.0,Brayan Bello,656353.0,678394.0,3,Fenway Park,day,R
718542,2023-04-17,2023,TB,CIN,139,113,1,8,9,1,9,0,656222.0,Jalen Beeks,668881.0,Hunter Greene,664139.0,656222.0,2602,Great American Ball Park,night,R
718544,2023-04-17,2023,SF,MIA,137,146,3,4,7,1,9,0,657277.0,Logan Webb,666200.0,Jesús Luzardo,598264.0,657277.0,4169,loanDepot park,night,R
718539,2023-04-17,2023,TEX,KC,140,118,4,0,4,0,9,0,594798.0,Jacob deGrom,543475.0,Jordan Lyles,641540.0,543475.0,7,Kauffman Stadium,night,R
718538,2023-04-17,2023,ARI,STL,109,138,6,3,9,0,9,0,518876.0,Merrill Kelly,656427.0,Jack Flaherty,518876.0,656427.0,2889,Busch Stadium,night,R
718537,2023-04-18,2023,TOR,HOU,141,117,2,9,11,1,9,0,592332.0,Kevin Gausman,664299.0,Cristian Javier,664299.0,592332.0,2392,Minute Maid Park,night,R
718535,2023-04-18,2023,PIT,COL,134,115,14,3,17,0,9,0,448179.0,Rich Hill,607536.0,Kyle Freeland,448179.0,607536.0,19,Coors Field,night,R
718536,2023-04-18,2023,CHC,OAK,112,133,10,1,11,0,9,0,669713.0,Hayden Wesneski,666205.0,Kyle Muller,669713.0,666205.0,10,Oakland Coliseum,night,R
718533,2023-04-18,2023,ATL,SD,144,135,2,0,2,0,9,0,608331.0,Max Fried,677960.0,Ryan Weathers,608331.0,677960.0,2680,Petco Park,night,R
718534,2023-04-18,2023,MIL,SEA,158,136,7,3,10,0,9,0,669203.0,Corbin Burnes,623167.0,Chris Flexen,669203.0,623167.0,680,T-Mobile Park,night,R
718532,2023-04-18,2023,NYM,LAD,121,119,8,6,14,0,9,0,656849.0,David Peterson,669160.0,Dustin May,656849.0,681911.0,22,Dodger Stadium,night,R
718541,2023-04-17,2023,CLE,DET,114,116,0,0,0,0,9,0,683769.0,Hunter Gaddis,571510.0,Matthew Boyd,,,2394,Comerica Park,night,R
718543,2023-04-17,2023,PHI,CWS,143,145,0,0,0,0,9,0,554430.0,Zack Wheeler,458681.0,Lance Lynn,,,4,Guaranteed Rate Field,night,R
718530,2023-04-18,2023,CLE,DET,114,116,3,4,7,1,9,0,683769.0,Hunter Gaddis,571510.0,Matthew Boyd,656638.0,675916.0,2394,Comerica Park,day,R
718541,2023-04-18,2023,CLE,DET,114,116,0,1,1,1,9,0,685410.0,Peyton Battenfield,593958.0,Eduardo Rodriguez,593958.0,685410.0,2394,Comerica Park,day,R
718525,2023-04-18,2023,PHI,CWS,143,145,7,4,11,0,9,0,554430.0,Zack Wheeler,458681.0,Lance Lynn,554430.0,458681.0,4,Guaranteed Rate Field,day,R
718543,2023-04-18,2023,PHI,CWS,143,145,0,3,3,1,9,0,663559.0,Bailey Falter,608337.0,Lucas Giolito,608337.0,663559.0,4,Guaranteed Rate Field,day,R
718526,2023-04-18,2023,TB,CIN,139,113,10,0,10,0,9,0,671737.0,Taj Bradley,666157.0,Nick Lodolo,671737.0,666157.0,2602,Great American Ball Park,night,R
718528,2023-04-18,2023,SF,MIA,137,146,2,4,6,1,9,0,622072.0,Alex Wood,665795.0,Edward Cabrera,665795.0,596001.0,4169,loanDepot park,night,R
718531,2023-04-18,2023,BAL,WSH,110,120,1,0,1,0,9,0,665152.0,Dean Kremer,680686.0,Josiah Gray,665152.0,680686.0,3309,Nationals Park,night,R
718529,2023-04-18,2023,LAA,NYY,108,147,5,2,7,0,9,0,660761.0,José Suarez,657376.0,Clarke Schmidt,681806.0,657376.0,3313,Yankee Stadium,night,R
718524,2023-04-18,2023,MIN,BOS,142,111,4,5,9,1,10,1,543243.0,Sonny Gray,519242.0,Chris Sale,670167.0,663558.0,3,Fenway Park,night,R
718522,2023-04-18,2023,TEX,KC,140,118,12,2,14,0,9,0,543135.0,Nathan Eovaldi,641745.0,Brad Keller,543135.0,641745.0,7,Kauffman Stadium,night,R
718527,2023-04-18,2023,ARI,STL,109,138,8,7,15,0,9,0,686753.0,Drey Jameson,656756.0,Jordan Montgomery,669459.0,656756.0,2889,Busch Stadium,night,R
718520,2023-04-19,2023,TOR,HOU,141,117,4,2,6,0,9,0,605135.0,Chris Bassitt,664353.0,José Urquidy,605135.0,664353.0,2392,Minute Maid Park,night,R
718521,2023-04-19,2023,PIT,COL,134,115,5,3,8,0,9,0,592826.0,Vince Velasquez,570632.0,José Ureña,592826.0,570632.0,19,Coors Field,night,R
718523,2023-04-19,2023,CHC,OAK,112,133,4,0,4,0,9,0,573186.0,Marcus Stroman,686610.0,Ken Waldichuk,643410.0,543507.0,10,Oakland Coliseum,night,R
718519,2023-04-19,2023,ATL,SD,144,135,8,1,9,0,9,0,675911.0,Spencer Strider,605483.0,Blake Snell,675911.0,605483.0,2680,Petco Park,night,R
718517,2023-04-19,2023,MIL,SEA,158,136,6,5,11,0,11,1,607067.0,Colin Rea,669302.0,Logan Gilbert,669060.0,623437.0,680,T-Mobile Park,night,R
718516,2023-04-19,2023,NYM,LAD,121,119,0,5,5,1,9,0,656731.0,Tylor Megill,477132.0,Clayton Kershaw,477132.0,656731.0,22,Dodger Stadium,night,R
718515,2023-04-19,2023,TB,CIN,139,113,8,0,8,0,9,0,656876.0,Drew Rasmussen,686651.0,Levi Stoudt,656876.0,686651.0,2602,Great American Ball Park,day,R
718513,2023-04-19,2023,CLE,DET,114,116,3,2,5,0,9,0,615698.0,Cal Quantrill,605513.0,Spencer Turnbull,615698.0,605513.0,2394,Comerica Park,day,R
718511,2023-04-19,2023,SF,MIA,137,146,5,2,7,0,11,1,502171.0,Alex Cobb,669432.0,Trevor Rogers,666808.0,656970.0,4169,loanDepot park,day,R
718512,2023-04-19,2023,ARI,STL,109,138,5,14,19,1,9,0,518516.0,Madison Bumgarner,663765.0,Jake Woodford,663765.0,518516.0,2889,Busch Stadium,day,R
718514,2023-04-19,2023,TEX,KC,140,118,12,3,15,0,9,0,527048.0,Martín Pérez,663903.0,Brady Singer,527048.0,663903.0,7,Kauffman Stadium,day,R
718510,2023-04-19,2023,PHI,CWS,143,145,5,2,7,0,9,0,592836.0,Taijuan Walker,605182.0,Mike Clevinger,592836.0,605182.0,4,Guaranteed Rate Field,day,R
718508,2023-04-19,2023,NYM,LAD,121,119,5,3,8,0,9,0,453286.0,Max Scherzer,592789.0,Noah Syndergaard,642231.0,592789.0,22,Dodger Stadium,day,R
718509,2023-04-19,2023,PIT,COL,134,115,14,3,17,0,9,0,670912.0,Johan Oviedo,596295.0,Austin Gomber,670912.0,596295.0,19,Coors Field,day,R
718506,2023-04-19,2023,CHC,OAK,112,133,12,2,14,0,9,0,657006.0,Justin Steele,695243.0,Mason Miller,657006.0,663385.0,10,Oakland Coliseum,day,R
718507,2023-04-19,2023,ATL,SD,144,135,0,1,1,1,9,0,450203.0,Charlie Morton,607259.0,Nick Martinez,607259.0,450203.0,2680,Petco Park,day,R
718502,2023-04-19,2023,MIL,SEA,158,136,5,3,8,0,9,0,641778.0,Eric Lauer,594835.0,Marco Gonzales,641778.0,666374.0,680,T-Mobile Park,day,R
718518,2023-04-19,2023,BAL,WSH,110,120,4,0,4,0,9,0,680694.0,Kyle Bradish,669022.0,MacKenzie Gore,680694.0,669022.0,3309,Nationals Park,night,R
718504,2023-04-19,2023,LAA,NYY,108,147,2,3,5,1,10,1,656288.0,Griffin Canning,666745.0,Jhony Brito,641656.0,519043.0,3313,Yankee Stadium,night,R
718505,2023-04-19,2023,MIN,BOS,142,111,10,4,14,0,9,0,657746.0,Joe Ryan,446372.0,Corey Kluber,657746.0,446372.0,3,Fenway Park,night,R
718501,2023-04-20,2023,TOR,HOU,141,117,1,8,9,1,9,0,621244.0,José Berríos,677651.0,Luis Garcia,677651.0,621244.0,2392,Minute Maid Park,night,R
718497,2023-04-20,2023,MIN,BOS,142,111,5,11,16,1,9,0,628317.0,Kenta Maeda,656557.0,Tanner Houck,656557.0,628317.0,3,Fenway Park,day,R
718496,2023-04-20,2023,LAA,NYY,108,147,3,9,12,1,9,0,663776.0,Patrick Sandoval,641482.0,Nestor Cortes,641482.0,663776.0,3313,Yankee Stadium,day,R
718500,2023-04-20,2023,CIN,PIT,113,134,3,4,7,1,9,0,596133.0,Luke Weaver,672710.0,Roansy Contreras,672710.0,596133.0,31,PNC Park,night,R
718498,2023-04-20,2023,COL,PHI,115,143,5,0,5,0,9,0,663372.0,Ryan Feltner,621381.0,Matt Strahm,663372.0,621381.0,2681,Citizens Bank Park,night,R
718499,2023-04-20,2023,LAD,CHC,119,112,6,2,8,0,9,0,675627.0,Michael Grove,665871.0,Javier Assad,657571.0,605242.0,17,Wrigley Field,night,R
718494,2023-04-21,2023,SD,ARI,135,109,7,5,12,0,9,0,608379.0,Michael Wacha,669194.0,Ryne Nelson,641703.0,669459.0,15,Chase Field,night,R
718503,2023-04-21,2023,NYM,SF,121,137,9,4,13,0,9,0,673540.0,Kodai Senga,640455.0,Sean Manaea,673540.0,640455.0,2395,Oracle Park,night,R
718491,2023-04-21,2023,LAD,CHC,119,112,0,13,13,1,9,0,628711.0,Julio Urías,592767.0,Drew Smyly,592767.0,628711.0,17,Wrigley Field,day,R
718492,2023-04-21,2023,CIN,PIT,113,134,2,4,6,1,9,0,668933.0,Graham Ashcraft,656605.0,Mitch Keller,656605.0,571882.0,31,PNC Park,night,R
718486,2023-04-21,2023,CWS,TB,145,139,7,8,15,1,9,0,656629.0,Michael Kopech,676534.0,Calvin Faucher,687330.0,625643.0,12,Tropicana Field,night,R
718495,2023-04-21,2023,DET,BAL,116,110,1,2,3,1,9,0,547179.0,Michael Lorenzen,669330.0,Tyler Wells,642585.0,671345.0,2,Oriole Park at Camden Yards,night,R
718493,2023-04-21,2023,COL,PHI,115,143,3,4,7,1,9,0,663562.0,Noah Davis,605400.0,Aaron Nola,622554.0,543272.0,2681,Citizens Bank Park,night,R
718487,2023-04-21,2023,TOR,NYY,141,147,6,1,7,0,9,0,579328.0,Yusei Kikuchi,593334.0,Domingo Germán,579328.0,593334.0,3313,Yankee Stadium,night,R
718489,2023-04-21,2023,HOU,ATL,117,144,6,4,10,0,9,0,686613.0,Hunter Brown,693821.0,Bryce Elder,593576.0,621345.0,4705,Truist Park,night,R
718490,2023-04-22,2023,OAK,TEX,133,140,5,4,9,0,9,0,676664.0,JP Sears,592351.0,Jon Gray,667427.0,519293.0,5325,Globe Life Field,night,R
718482,2023-04-22,2023,WSH,MIN,120,142,3,2,5,0,9,0,592866.0,Trevor Williams,641816.0,Tyler Mahle,541640.0,643377.0,3312,Target Field,night,R
718483,2023-04-22,2023,BOS,MIL,111,158,5,3,8,0,9,0,601713.0,Nick Pivetta,642547.0,Freddy Peralta,601713.0,642547.0,32,American Family Field,night,R
718485,2023-04-22,2023,KC,LAA,118,108,0,2,2,1,9,0,664199.0,Taylor Clarke,660271.0,Shohei Ohtani,660271.0,642232.0,1,Angel Stadium,night,R
718484,2023-04-22,2023,SD,ARI,135,109,0,9,9,1,9,0,607625.0,Seth Lugo,668678.0,Zac Gallen,668678.0,607625.0,15,Chase Field,night,R
718481,2023-04-22,2023,STL,SEA,138,136,2,5,7,1,9,0,571927.0,Steven Matz,669923.0,George Kirby,669923.0,571927.0,680,T-Mobile Park,night,R
718480,2023-04-22,2023,NYM,SF,121,137,7,0,7,0,9,0,664192.0,Joey Lucchesi,543101.0,Anthony DeSclafani,664192.0,543101.0,2395,Oracle Park,night,R
718488,2023-04-21,2023,MIA,CLE,146,114,0,0,0,0,9,0,666129.0,Braxton Garrett,668676.0,Zach Plesac,,,5,Progressive Field,night,R
718476,2023-04-22,2023,TOR,NYY,141,147,2,3,5,1,9,0,666201.0,Alek Manoah,543037.0,Gerrit Cole,622772.0,605447.0,3313,Yankee Stadium,day,R
718468,2023-04-22,2023,WSH,MIN,120,142,10,4,14,0,9,0,641771.0,Chad Kuhl,641154.0,Pablo López,666168.0,641154.0,3312,Target Field,day,R
718479,2023-04-22,2023,LAD,CHC,119,112,9,4,13,0,9,0,669160.0,Dustin May,669713.0,Hayden Wesneski,669160.0,669713.0,17,Wrigley Field,day,R
718475,2023-04-22,2023,COL,PHI,115,143,3,4,7,1,9,0,607536.0,Kyle Freeland,650911.0,Cristopher Sánchez,641401.0,607536.0,2681,Citizens Bank Park,day,R
718473,2023-04-22,2023,MIA,CLE,146,114,6,1,7,0,9,0,656970.0,Devin Smeltzer,669456.0,Shane Bieber,677053.0,669456.0,5,Progressive Field,day,R
718488,2023-04-22,2023,MIA,CLE,146,114,3,2,5,0,9,0,666129.0,Braxton Garrett,668676.0,Zach Plesac,666129.0,668676.0,5,Progressive Field,day,R
718478,2023-04-22,2023,NYM,SF,121,137,4,7,11,1,9,0,656849.0,David Peterson,657277.0,Logan Webb,657277.0,656849.0,2395,Oracle Park,day,R
718477,2023-04-22,2023,CWS,TB,145,139,3,4,7,1,10,1,656302.0,Dylan Cease,663556.0,Shane McClanahan,664076.0,669424.0,12,Tropicana Field,day,R
718474,2023-04-22,2023,CIN,PIT,113,134,1,2,3,1,9,0,570666.0,Luis Cessa,448179.0,Rich Hill,448179.0,570666.0,31,PNC Park,night,R
718472,2023-04-22,2023,DET,BAL,116,110,1,5,6,1,9,0,666214.0,Joey Wentz,502043.0,Kyle Gibson,502043.0,666214.0,2,Oriole Park at Camden Yards,night,R
718469,2023-04-22,2023,OAK,TEX,133,140,3,18,21,1,9,0,660261.0,Shintaro Fujinami,571760.0,Andrew Heaney,571760.0,660261.0,5325,Globe Life Field,night,R
718470,2023-04-22,2023,BOS,MIL,111,158,4,5,9,1,9,0,676477.0,Garrett Whitlock,489119.0,Wade Miley,489119.0,676477.0,32,American Family Field,night,R
718471,2023-04-22,2023,HOU,ATL,117,144,6,3,9,0,9,0,664285.0,Framber Valdez,657140.0,Kyle Wright,664285.0,657140.0,4705,Truist Park,night,R
718467,2023-04-23,2023,SD,ARI,135,109,5,3,8,0,9,0,605397.0,Joe Musgrove,518876.0,Merrill Kelly,605397.0,518876.0,15,Chase Field,night,R
718466,2023-04-23,2023,KC,LAA,118,108,11,8,19,0,9,0,425844.0,Zack Greinke,542881.0,Tyler Anderson,621016.0,650671.0,1,Angel Stadium,night,R
718464,2023-04-23,2023,STL,SEA,138,136,4,5,9,1,9,0,571945.0,Miles Mikolas,622491.0,Luis Castillo,666374.0,668868.0,680,T-Mobile Park,night,R
718458,2023-04-23,2023,COL,PHI,115,143,3,9,12,1,9,0,570632.0,José Ureña,554430.0,Zack Wheeler,554430.0,570632.0,2681,Citizens Bank Park,day,R
718459,2023-04-23,2023,DET,BAL,116,110,1,2,3,1,10,1,593958.0,Eduardo Rodriguez,680570.0,Grayson Rodriguez,669211.0,669438.0,2,Oriole Park at Camden Yards,day,R
718463,2023-04-23,2023,CIN,PIT,113,134,0,2,2,1,9,0,668881.0,Hunter Greene,592826.0,Vince Velasquez,592826.0,668881.0,31,PNC Park,day,R
718462,2023-04-23,2023,HOU,ATL,117,144,5,2,7,0,9,0,664299.0,Cristian Javier,608331.0,Max Fried,593576.0,621345.0,4705,Truist Park,day,R
718465,2023-04-23,2023,TOR,NYY,141,147,5,1,6,0,9,0,592332.0,Kevin Gausman,657376.0,Clarke Schmidt,592332.0,657376.0,3313,Yankee Stadium,day,R
718457,2023-04-23,2023,CWS,TB,145,139,1,4,5,1,9,0,608337.0,Lucas Giolito,621107.0,Zach Eflin,621107.0,608337.0,12,Tropicana Field,day,R
718460,2023-04-23,2023,MIA,CLE,146,114,4,7,11,1,9,0,666200.0,Jesús Luzardo,671106.0,Logan Allen,671106.0,666200.0,5,Progressive Field,day,R
718454,2023-04-23,2023,WSH,MIN,120,142,1,3,4,1,9,0,571578.0,Patrick Corbin,641927.0,Bailey Ober,641927.0,571578.0,3312,Target Field,day,R
718461,2023-04-23,2023,BOS,MIL,111,158,12,5,17,0,9,0,678394.0,Brayan Bello,669203.0,Corbin Burnes,672391.0,456713.0,32,American Family Field,day,R
718451,2023-04-23,2023,LAD,CHC,119,112,7,3,10,0,9,0,477132.0,Clayton Kershaw,573186.0,Marcus Stroman,477132.0,573186.0,17,Wrigley Field,day,R
718453,2023-04-23,2023,OAK,TEX,133,140,2,5,7,1,9,0,666205.0,Kyle Muller,594798.0,Jacob deGrom,594798.0,666205.0,5325,Globe Life Field,day,R
718452,2023-04-23,2023,KC,LAA,118,108,3,4,7,1,9,0,543475.0,Jordan Lyles,672282.0,Reid Detmers,681810.0,543475.0,1,Angel Stadium,day,R
718456,2023-04-23,2023,SD,ARI,135,109,7,5,12,0,9,0,506433.0,Yu Darvish,686753.0,Drey Jameson,506433.0,686753.0,15,Chase Field,day,R
718450,2023-04-23,2023,STL,SEA,138,136,7,3,10,0,9,0,656427.0,Jack Flaherty,623167.0,Chris Flexen,656427.0,623167.0,680,T-Mobile Park,day,R
718455,2023-04-23,2023,NYM,SF,121,137,4,5,9,1,9,0,656731.0,Tylor Megill,548389.0,Ross Stripling,518397.0,622098.0,2395,Oracle Park,day,R
718448,2023-04-24,2023,COL,CLE,115,114,6,0,6,0,9,0,596295.0,Austin Gomber,615698.0,Cal Quantrill,596295.0,615698.0,5,Progressive Field,night,R
718447,2023-04-24,2023,BOS,BAL,111,110,4,5,9,1,9,0,519242.0,Chris Sale,665152.0,Dean Kremer,665152.0,519242.0,2,Oriole Park at Camden Yards,night,R
718449,2023-04-24,2023,HOU,TB,117,139,3,8,11,1,9,0,664353.0,José Urquidy,671737.0,Taj Bradley,671737.0,664353.0,12,Tropicana Field,night,R
718445,2023-04-24,2023,TEX,CIN,140,113,6,7,13,1,9,0,543135.0,Nathan Eovaldi,666157.0,Nick Lodolo,664747.0,600917.0,2602,Great American Ball Park,night,R
718444,2023-04-24,2023,CWS,TOR,145,141,2,5,7,1,9,0,458681.0,Lance Lynn,605135.0,Chris Bassitt,605135.0,458681.0,14,Rogers Centre,night,R
718443,2023-04-24,2023,MIA,ATL,146,144,0,11,11,1,9,0,665795.0,Edward Cabrera,675911.0,Spencer Strider,675911.0,665795.0,4705,Truist Park,night,R
718442,2023-04-24,2023,NYY,MIN,147,142,1,6,7,1,9,0,666745.0,Jhony Brito,543243.0,Sonny Gray,543243.0,666745.0,3312,Target Field,night,R
718441,2023-04-24,2023,DET,MIL,116,158,4,2,6,0,9,0,571510.0,Matthew Boyd,607067.0,Colin Rea,571510.0,607067.0,32,American Family Field,night,R
718437,2023-04-25,2023,OAK,LAA,133,108,11,10,21,0,10,1,686610.0,Ken Waldichuk,660761.0,José Suarez,670124.0,642545.0,1,Angel Stadium,night,R
718438,2023-04-25,2023,KC,ARI,118,109,4,5,9,1,9,0,641745.0,Brad Keller,674072.0,Tommy Henry,605177.0,547973.0,15,Chase Field,night,R
718446,2023-04-25,2023,STL,SF,138,137,0,4,4,1,9,0,656756.0,Jordan Montgomery,502171.0,Alex Cobb,502171.0,656756.0,2395,Oracle Park,night,R
718440,2023-04-25,2023,COL,CLE,115,114,5,1,6,0,9,0,663372.0,Ryan Feltner,685410.0,Peyton Battenfield,663372.0,685410.0,5,Progressive Field,night,R
718435,2023-04-25,2023,BOS,BAL,111,110,8,6,14,0,9,0,446372.0,Corey Kluber,680694.0,Kyle Bradish,446372.0,680694.0,2,Oriole Park at Camden Yards,night,R
718432,2023-04-25,2023,LAD,PIT,119,134,8,7,15,0,9,0,592789.0,Noah Syndergaard,670912.0,Johan Oviedo,622075.0,670059.0,31,PNC Park,night,R
718436,2023-04-25,2023,HOU,TB,117,139,5,0,5,0,9,0,677651.0,Luis Garcia,656876.0,Drew Rasmussen,677651.0,656876.0,12,Tropicana Field,night,R
718434,2023-04-25,2023,TEX,CIN,140,113,6,7,13,1,9,0,527048.0,Martín Pérez,596133.0,Luke Weaver,665665.0,453178.0,2602,Great American Ball Park,night,R
718430,2023-04-25,2023,SEA,PHI,136,143,5,3,8,0,9,0,594835.0,Marco Gonzales,663559.0,Bailey Falter,594835.0,663559.0,2681,Citizens Bank Park,night,R
718433,2023-04-25,2023,CWS,TOR,145,141,0,7,7,1,9,0,605182.0,Mike Clevinger,621244.0,José Berríos,621244.0,605182.0,14,Rogers Centre,night,R
718431,2023-04-25,2023,WSH,NYM,120,121,5,0,5,0,9,0,680686.0,Josiah Gray,676130.0,José Buttó,680686.0,676130.0,3289,Citi Field,night,R
718429,2023-04-25,2023,MIA,ATL,146,144,4,7,11,1,9,0,663773.0,Bryan Hoeing,450203.0,Charlie Morton,450203.0,663773.0,4705,Truist Park,night,R
718426,2023-04-25,2023,SD,CHC,135,112,0,6,6,1,9,0,605483.0,Blake Snell,657006.0,Justin Steele,657006.0,605483.0,17,Wrigley Field,night,R
718427,2023-04-25,2023,NYY,MIN,147,142,2,6,8,1,9,0,641482.0,Nestor Cortes,657746.0,Joe Ryan,657746.0,641482.0,3312,Target Field,night,R
718428,2023-04-25,2023,DET,MIL,116,158,4,3,7,0,9,0,605513.0,Spencer Turnbull,641778.0,Eric Lauer,669438.0,641778.0,32,American Family Field,night,R
718425,2023-04-26,2023,OAK,LAA,133,108,3,5,8,1,9,0,695243.0,Mason Miller,656288.0,Griffin Canning,656288.0,695243.0,1,Angel Stadium,night,R
718422,2023-04-26,2023,KC,ARI,118,109,5,4,9,0,9,0,663903.0,Brady Singer,669194.0,Ryne Nelson,663903.0,669194.0,15,Chase Field,night,R
718439,2023-04-26,2023,STL,SF,138,137,4,5,9,1,9,0,663765.0,Jake Woodford,605154.0,John Brebbia,663546.0,664854.0,2395,Oracle Park,night,R
718424,2023-04-26,2023,TEX,CIN,140,113,3,5,8,1,9,0,592351.0,Jon Gray,668933.0,Graham Ashcraft,608371.0,642546.0,2602,Great American Ball Park,day,R
718416,2023-04-26,2023,BOS,BAL,111,110,2,6,8,1,9,0,656557.0,Tanner Houck,669330.0,Tyler Wells,669330.0,656557.0,2,Oriole Park at Camden Yards,day,R
718420,2023-04-26,2023,CWS,TOR,145,141,0,8,8,1,9,0,656629.0,Michael Kopech,579328.0,Yusei Kikuchi,579328.0,656629.0,14,Rogers Centre,day,R
718421,2023-04-26,2023,COL,CLE,115,114,1,4,5,1,9,0,608566.0,Germán Márquez,676440.0,Tanner Bibee,676440.0,608566.0,5,Progressive Field,day,R
718417,2023-04-26,2023,NYY,MIN,147,142,12,6,18,0,9,0,593334.0,Domingo Germán,628317.0,Kenta Maeda,593334.0,628317.0,3312,Target Field,day,R
718419,2023-04-26,2023,DET,MIL,116,158,2,6,8,1,9,0,547179.0,Michael Lorenzen,642547.0,Freddy Peralta,642547.0,547179.0,32,American Family Field,day,R
718418,2023-04-26,2023,KC,ARI,118,109,0,2,2,1,9,0,642232.0,Ryan Yarbrough,668678.0,Zac Gallen,668678.0,642232.0,15,Chase Field,day,R
718413,2023-04-26,2023,LAD,PIT,119,134,1,8,9,1,9,0,664062.0,Tony Gonsolin,672710.0,Roansy Contreras,672710.0,641360.0,31,PNC Park,night,R
718414,2023-04-26,2023,HOU,TB,117,139,1,0,1,0,9,0,686613.0,Hunter Brown,676534.0,Calvin Faucher,686613.0,676534.0,12,Tropicana Field,night,R
718415,2023-04-26,2023,SEA,PHI,136,143,5,6,11,1,9,0,669302.0,Logan Gilbert,592836.0,Taijuan Walker,518886.0,623437.0,2681,Citizens Bank Park,night,R
718412,2023-04-26,2023,WSH,NYM,120,121,4,1,5,0,9,0,669022.0,MacKenzie Gore,673540.0,Kodai Senga,669022.0,673540.0,3289,Citi Field,night,R
718411,2023-04-26,2023,MIA,ATL,146,144,4,6,10,1,9,0,645261.0,Sandy Alcantara,693821.0,Bryce Elder,543859.0,571670.0,4705,Truist Park,night,R
718407,2023-04-26,2023,SD,CHC,135,112,5,3,8,0,9,0,608379.0,Michael Wacha,592767.0,Drew Smyly,607259.0,676714.0,17,Wrigley Field,night,R
718408,2023-04-27,2023,OAK,LAA,133,108,3,11,14,1,9,0,665622.0,Luis Medina,663776.0,Patrick Sandoval,663776.0,665622.0,1,Angel Stadium,night,R
718423,2023-04-27,2023,STL,SF,138,137,3,7,10,1,9,0,571927.0,Steven Matz,543101.0,Anthony DeSclafani,543101.0,663855.0,2395,Oracle Park,night,R
718410,2023-04-27,2023,MIA,ATL,146,144,5,4,9,0,9,0,666129.0,Braxton Garrett,657140.0,Kyle Wright,640462.0,621345.0,4705,Truist Park,day,R
718403,2023-04-27,2023,LAD,PIT,119,134,2,6,8,1,9,0,628711.0,Julio Urías,656605.0,Mitch Keller,656605.0,628711.0,31,PNC Park,day,R
718404,2023-04-27,2023,SEA,PHI,136,143,0,1,1,1,9,0,669923.0,George Kirby,621381.0,Matt Strahm,621381.0,669923.0,2681,Citizens Bank Park,day,R
718406,2023-04-27,2023,SD,CHC,135,112,2,5,7,1,9,0,607625.0,Seth Lugo,669713.0,Hayden Wesneski,669713.0,607625.0,17,Wrigley Field,day,R
718409,2023-04-27,2023,STL,SF,138,137,6,0,6,0,9,0,571945.0,Miles Mikolas,657277.0,Logan Webb,571945.0,657277.0,2395,Oracle Park,day,R
718402,2023-04-27,2023,OAK,LAA,133,108,7,8,15,1,9,0,676664.0,JP Sears,660271.0,Shohei Ohtani,660271.0,676664.0,1,Angel Stadium,day,R
718405,2023-04-27,2023,BAL,DET,110,116,7,4,11,0,9,0,502043.0,Kyle Gibson,666214.0,Joey Wentz,641329.0,592741.0,2394,Comerica Park,night,R
718398,2023-04-27,2023,WSH,NYM,120,121,8,9,17,1,9,0,592866.0,Trevor Williams,664192.0,Joey Lucchesi,502085.0,666168.0,3289,Citi Field,night,R
718396,2023-04-27,2023,TB,CWS,139,145,14,5,19,0,9,0,663556.0,Shane McClanahan,656302.0,Dylan Cease,663556.0,656302.0,4,Guaranteed Rate Field,night,R
718400,2023-04-27,2023,KC,MIN,118,142,1,7,8,1,9,0,425844.0,Zack Greinke,641816.0,Tyler Mahle,592779.0,425844.0,3312,Target Field,night,R
718397,2023-04-28,2023,NYY,TEX,147,140,4,2,6,0,9,0,543037.0,Gerrit Cole,571760.0,Andrew Heaney,543037.0,571760.0,5325,Globe Life Field,night,R
718387,2023-04-28,2023,KC,MIN,118,142,6,8,14,1,9,0,543475.0,Jordan Lyles,641154.0,Pablo López,641154.0,543475.0,3312,Target Field,day,R
718391,2023-04-28,2023,CHC,MIA,112,146,2,3,5,1,9,0,573186.0,Marcus Stroman,666200.0,Jesús Luzardo,640462.0,621074.0,4169,loanDepot park,night,R
718392,2023-04-28,2023,SEA,TOR,136,141,2,3,5,1,9,0,622491.0,Luis Castillo,666201.0,Alek Manoah,641835.0,641627.0,14,Rogers Centre,night,R
718395,2023-04-28,2023,CLE,BOS,114,111,5,2,7,0,9,0,669456.0,Shane Bieber,601713.0,Nick Pivetta,669456.0,601713.0,3,Fenway Park,night,R
718394,2023-04-28,2023,ATL,NYM,144,121,4,0,4,0,5,0,608331.0,Max Fried,656849.0,David Peterson,608331.0,656849.0,3289,Citi Field,night,R
718393,2023-04-28,2023,TB,CWS,139,145,3,2,5,0,9,0,621107.0,Zach Eflin,608337.0,Lucas Giolito,621363.0,608665.0,4,Guaranteed Rate Field,night,R
718388,2023-04-29,2023,NYY,TEX,147,140,2,5,7,1,9,0,657376.0,Clarke Schmidt,594798.0,Jacob deGrom,641540.0,657376.0,5325,Globe Life Field,night,R
718389,2023-04-29,2023,PHI,HOU,143,117,3,1,4,0,9,0,605400.0,Aaron Nola,664285.0,Framber Valdez,605400.0,664285.0,2392,Minute Maid Park,night,R
718386,2023-04-29,2023,LAA,MIL,108,158,1,2,3,1,9,0,542881.0,Tyler Anderson,489119.0,Wade Miley,657265.0,571901.0,32,American Family Field,night,R
718390,2023-04-29,2023,ARI,COL,109,115,9,1,10,0,9,0,518876.0,Merrill Kelly,607536.0,Kyle Freeland,518876.0,607536.0,19,Coors Field,night,R
718380,2023-04-29,2023,CIN,OAK,113,133,11,7,18,0,9,0,570666.0,Luis Cessa,607968.0,Drew Rucinski,570666.0,607968.0,10,Oakland Coliseum,night,R
718382,2023-04-29,2023,STL,LAD,138,119,3,7,10,1,9,0,656427.0,Jack Flaherty,669160.0,Dustin May,669160.0,656427.0,22,Dodger Stadium,night,R
718401,2023-04-28,2023,BAL,DET,110,116,0,0,0,0,9,0,680570.0,Grayson Rodriguez,593958.0,Eduardo Rodriguez,,,2394,Comerica Park,night,R
718399,2023-04-28,2023,PIT,WSH,134,120,0,0,0,0,9,0,448179.0,Rich Hill,641771.0,Chad Kuhl,,,3309,Nationals Park,night,R
718381,2023-04-29,2023,BAL,DET,110,116,4,7,11,1,9,0,665152.0,Dean Kremer,593958.0,Eduardo Rodriguez,593958.0,665152.0,2394,Comerica Park,day,R
718401,2023-04-29,2023,BAL,DET,110,116,6,4,10,0,9,0,680570.0,Grayson Rodriguez,571510.0,Matthew Boyd,680570.0,571510.0,2394,Comerica Park,night,R
718383,2023-04-29,2023,PIT,WSH,134,120,6,3,9,0,9,0,448179.0,Rich Hill,571578.0,Patrick Corbin,448179.0,571578.0,3309,Nationals Park,day,R
718399,2023-04-29,2023,PIT,WSH,134,120,16,1,17,0,9,0,592826.0,Vince Velasquez,641771.0,Chad Kuhl,592826.0,641771.0,3309,Nationals Park,night,R
718378,2023-04-29,2023,KC,MIN,118,142,3,2,5,0,9,0,641745.0,Brad Keller,641927.0,Bailey Ober,547973.0,661395.0,3312,Target Field,day,R
718379,2023-04-29,2023,SEA,TOR,136,141,0,1,1,1,10,1,668834.0,Easton McGee,592332.0,Kevin Gausman,657024.0,641627.0,14,Rogers Centre,day,R
718375,2023-04-29,2023,CHC,MIA,112,146,6,7,13,1,9,0,668873.0,Caleb Kilian,665795.0,Edward Cabrera,665795.0,668873.0,4169,loanDepot park,day,R
718377,2023-04-29,2023,CIN,OAK,113,133,3,2,5,0,9,0,668881.0,Hunter Greene,666205.0,Kyle Muller,668984.0,544727.0,10,Oakland Coliseum,day,R
718385,2023-04-29,2023,CLE,BOS,114,111,7,8,15,1,10,1,668676.0,Zach Plesac,678394.0,Brayan Bello,657514.0,661403.0,3,Fenway Park,day,R
718372,2023-04-29,2023,PHI,HOU,143,117,6,1,7,0,9,0,554430.0,Zack Wheeler,664299.0,Cristian Javier,554430.0,664299.0,2392,Minute Maid Park,day,R
718384,2023-04-29,2023,SF,SD,137,135,11,16,27,1,9,0,640455.0,Sean Manaea,605397.0,Joe Musgrove,676680.0,643511.0,5340,Estadio Alfredo Harp Helu,day,R
718374,2023-04-29,2023,NYY,TEX,147,140,0,2,2,1,9,0,666745.0,Jhony Brito,543135.0,Nathan Eovaldi,543135.0,666745.0,5325,Globe Life Field,night,R
718373,2023-04-29,2023,TB,CWS,139,145,12,3,15,0,9,0,676534.0,Calvin Faucher,458681.0,Lance Lynn,630023.0,458681.0,4,Guaranteed Rate Field,night,R
718376,2023-04-29,2023,LAA,MIL,108,158,5,7,12,1,9,0,672282.0,Reid Detmers,669203.0,Corbin Burnes,669203.0,672282.0,32,American Family Field,night,R
718366,2023-04-30,2023,ARI,COL,109,115,11,4,15,0,9,0,674072.0,Tommy Henry,663562.0,Noah Davis,674072.0,663562.0,19,Coors Field,night,R
718369,2023-04-30,2023,STL,LAD,138,119,0,1,1,1,9,0,656756.0,Jordan Montgomery,477132.0,Clayton Kershaw,477132.0,656756.0,22,Dodger Stadium,night,R
718371,2023-04-29,2023,ATL,NYM,144,121,0,0,0,0,9,0,675911.0,Spencer Strider,656731.0,Tylor Megill,,,3289,Citi Field,day,R
718364,2023-04-30,2023,CHC,MIA,112,146,3,4,7,1,9,0,657006.0,Justin Steele,663773.0,Bryan Hoeing,656945.0,624522.0,4169,loanDepot park,day,R
718370,2023-04-30,2023,CLE,BOS,114,111,1,7,8,1,9,0,671106.0,Logan Allen,519242.0,Chris Sale,519242.0,671106.0,3,Fenway Park,day,R
718367,2023-04-30,2023,PIT,WSH,134,120,2,7,9,1,9,0,670912.0,Johan Oviedo,680686.0,Josiah Gray,680686.0,670912.0,3309,Nationals Park,day,R
718363,2023-04-30,2023,SEA,TOR,136,141,10,8,18,0,10,1,594835.0,Marco Gonzales,605135.0,Chris Bassitt,623149.0,647315.0,14,Rogers Centre,day,R
718360,2023-04-30,2023,BAL,DET,110,116,5,3,8,0,9,0,680694.0,Kyle Bradish,605513.0,Spencer Turnbull,608723.0,605513.0,2394,Comerica Park,day,R
718362,2023-04-30,2023,KC,MIN,118,142,4,8,12,1,9,0,663903.0,Brady Singer,543243.0,Sonny Gray,543243.0,663903.0,3312,Target Field,day,R
718355,2023-04-30,2023,TB,CWS,139,145,9,12,21,1,9,0,656876.0,Drew Rasmussen,605182.0,Mike Clevinger,607481.0,656222.0,4,Guaranteed Rate Field,day,R
718365,2023-04-30,2023,LAA,MIL,108,158,3,0,3,0,9,0,660761.0,José Suarez,607067.0,Colin Rea,660761.0,607067.0,32,American Family Field,day,R
718356,2023-04-30,2023,NYY,TEX,147,140,2,15,17,1,9,0,641482.0,Nestor Cortes,527048.0,Martín Pérez,527048.0,641482.0,5325,Globe Life Field,day,R
718358,2023-04-30,2023,ARI,COL,109,115,4,12,16,1,9,0,669194.0,Ryne Nelson,596295.0,Austin Gomber,596295.0,669194.0,19,Coors Field,day,R
718368,2023-04-30,2023,SF,SD,137,135,4,6,10,1,9,0,502171.0,Alex Cobb,506433.0,Yu Darvish,472610.0,643511.0,5340,Estadio Alfredo Harp Helu,day,R
718357,2023-04-30,2023,CIN,OAK,113,133,4,5,9,1,9,0,666157.0,Nick Lodolo,686610.0,Ken Waldichuk,667427.0,571882.0,10,Oakland Coliseum,day,R
718359,2023-04-30,2023,STL,LAD,138,119,3,6,9,1,9,0,663765.0,Jake Woodford,592789.0,Noah Syndergaard,592789.0,668868.0,22,Dodger Stadium,day,R
718354,2023-04-30,2023,PHI,HOU,143,117,3,4,7,1,9,0,663559.0,Bailey Falter,664353.0,José Urquidy,664353.0,663559.0,2392,Minute Maid Park,night,R
718361,2023-04-30,2023,ATL,NYM,144,121,0,0,0,0,9,0,675911.0,Spencer Strider,656731.0,Tylor Megill,,,3289,Citi Field,day,R
718352,2023-05-01,2023,ATL,NYM,144,121,9,8,17,0,9,0,675911.0,Spencer Strider,660593.0,Denyi Reyes,675911.0,660593.0,3289,Citi Field,day,R
718361,2023-05-01,2023,ATL,NYM,144,121,3,5,8,1,9,0,450203.0,Charlie Morton,656731.0,Tylor Megill,622098.0,450203.0,3289,Citi Field,day,R
718349,2023-05-01,2023,CHC,WSH,112,120,5,1,6,0,9,0,592767.0,Drew Smyly,669022.0,MacKenzie Gore,592767.0,669022.0,3309,Nationals Park,night,R
718351,2023-05-01,2023,CLE,NYY,114,147,3,2,5,0,9,0,615698.0,Cal Quantrill,593334.0,Domingo Germán,660853.0,605280.0,3313,Yankee Stadium,night,R
718353,2023-05-01,2023,TOR,BOS,141,111,5,6,11,1,9,0,621244.0,José Berríos,446372.0,Corey Kluber,670174.0,605447.0,3,Fenway Park,night,R
718350,2023-05-02,2023,SF,HOU,137,117,3,7,10,1,9,0,548389.0,Ross Stripling,677651.0,Luis Garcia,592773.0,663546.0,2392,Minute Maid Park,night,R
718345,2023-05-02,2023,CIN,SD,113,135,3,8,11,1,9,0,596133.0,Luke Weaver,605483.0,Blake Snell,605483.0,596133.0,2680,Petco Park,night,R
718343,2023-05-02,2023,PHI,LAD,143,119,4,13,17,1,9,0,592836.0,Taijuan Walker,664062.0,Tony Gonsolin,624647.0,592836.0,22,Dodger Stadium,night,R
718347,2023-05-02,2023,PIT,TB,134,139,1,4,5,1,9,0,672710.0,Roansy Contreras,642770.0,Javy Guerra,621363.0,672710.0,12,Tropicana Field,night,R
718346,2023-05-02,2023,ATL,MIA,144,146,6,0,6,0,9,0,693821.0,Bryce Elder,645261.0,Sandy Alcantara,693821.0,645261.0,4169,loanDepot park,night,R
718344,2023-05-02,2023,CHC,WSH,112,120,1,4,5,1,9,0,669713.0,Hayden Wesneski,592866.0,Trevor Williams,640451.0,624522.0,3309,Nationals Park,night,R
718339,2023-05-02,2023,CLE,NYY,114,147,2,4,6,1,9,0,676440.0,Tanner Bibee,543037.0,Gerrit Cole,593974.0,675916.0,3313,Yankee Stadium,night,R
718341,2023-05-02,2023,TOR,BOS,141,111,6,7,13,1,9,0,579328.0,Yusei Kikuchi,656557.0,Tanner Houck,542947.0,657024.0,3,Fenway Park,night,R
718340,2023-05-02,2023,MIN,CWS,142,145,2,3,5,1,10,1,657746.0,Joe Ryan,656629.0,Michael Kopech,669424.0,573204.0,4,Guaranteed Rate Field,night,R
718336,2023-05-02,2023,BAL,KC,110,118,11,7,18,0,9,0,669330.0,Tyler Wells,642232.0,Ryan Yarbrough,669330.0,642232.0,7,Kauffman Stadium,night,R
718338,2023-05-02,2023,LAA,STL,108,138,5,1,6,0,9,0,663776.0,Patrick Sandoval,571927.0,Steven Matz,663776.0,571927.0,2889,Busch Stadium,night,R
718342,2023-05-03,2023,ARI,TEX,109,140,4,6,10,1,9,0,668678.0,Zac Gallen,592351.0,Jon Gray,656271.0,543518.0,5325,Globe Life Field,night,R
718337,2023-05-03,2023,SF,HOU,137,117,2,0,2,0,9,0,543101.0,Anthony DeSclafani,686613.0,Hunter Brown,543101.0,686613.0,2392,Minute Maid Park,night,R
718334,2023-05-03,2023,MIL,COL,158,115,2,3,5,1,9,0,642547.0,Freddy Peralta,663372.0,Ryan Feltner,664875.0,657265.0,19,Coors Field,night,R
718335,2023-05-03,2023,CIN,SD,113,135,2,1,3,0,10,1,668933.0,Graham Ashcraft,608379.0,Michael Wacha,571882.0,472610.0,2680,Petco Park,night,R
718332,2023-05-03,2023,SEA,OAK,136,133,2,1,3,0,9,0,682243.0,Bryce Miller,695243.0,Mason Miller,642100.0,663992.0,10,Oakland Coliseum,night,R
718331,2023-05-03,2023,PHI,LAD,143,119,1,13,14,1,9,0,621381.0,Matt Strahm,628711.0,Julio Urías,628711.0,621381.0,22,Dodger Stadium,night,R
718348,2023-05-02,2023,NYM,DET,121,116,0,0,0,0,9,0,664192.0,Joey Lucchesi,547179.0,Michael Lorenzen,,,2394,Comerica Park,night,R
718348,2023-05-03,2023,NYM,DET,121,116,5,6,11,1,9,0,664192.0,Joey Lucchesi,666214.0,Joey Wentz,641302.0,493603.0,2394,Comerica Park,day,R
718329,2023-05-03,2023,NYM,DET,121,116,1,8,9,1,9,0,453286.0,Max Scherzer,547179.0,Michael Lorenzen,547179.0,453286.0,2394,Comerica Park,night,R
718325,2023-05-03,2023,ARI,TEX,109,140,12,7,19,0,9,0,694297.0,Brandon Pfaadt,571760.0,Andrew Heaney,573009.0,622250.0,5325,Globe Life Field,day,R
718326,2023-05-03,2023,SF,HOU,137,117,4,2,6,0,9,0,657277.0,Logan Webb,664285.0,Framber Valdez,657277.0,664285.0,2392,Minute Maid Park,day,R
718330,2023-05-03,2023,CIN,SD,113,135,1,7,8,1,9,0,570666.0,Luis Cessa,607625.0,Seth Lugo,607625.0,570666.0,2680,Petco Park,day,R
718327,2023-05-03,2023,PHI,LAD,143,119,6,10,16,1,9,0,605400.0,Aaron Nola,694813.0,Gavin Stone,660813.0,518886.0,22,Dodger Stadium,day,R
718328,2023-05-03,2023,PIT,TB,134,139,1,8,9,1,9,0,656605.0,Mitch Keller,663556.0,Shane McClanahan,663556.0,656605.0,12,Tropicana Field,night,R
718321,2023-05-03,2023,ATL,MIA,144,146,14,6,20,0,9,0,657140.0,Kyle Wright,666129.0,Braxton Garrett,543521.0,666129.0,4169,loanDepot park,night,R
718333,2023-05-03,2023,CHC,WSH,112,120,1,2,3,1,9,0,573186.0,Marcus Stroman,663623.0,Jake Irvin,605218.0,640470.0,3309,Nationals Park,night,R
718324,2023-05-03,2023,CLE,NYY,114,147,3,4,7,1,10,1,669456.0,Shane Bieber,657376.0,Clarke Schmidt,656061.0,663986.0,3313,Yankee Stadium,night,R
718323,2023-05-03,2023,TOR,BOS,141,111,3,8,11,1,9,0,666201.0,Alek Manoah,601713.0,Nick Pivetta,601713.0,666201.0,3,Fenway Park,night,R
718322,2023-05-03,2023,MIN,CWS,142,145,4,6,10,1,9,0,686973.0,Louis Varland,656302.0,Dylan Cease,666619.0,643377.0,4,Guaranteed Rate Field,night,R
718314,2023-05-03,2023,BAL,KC,110,118,0,6,6,1,9,0,502043.0,Kyle Gibson,425844.0,Zack Greinke,425844.0,502043.0,7,Kauffman Stadium,night,R
718320,2023-05-03,2023,LAA,STL,108,138,6,4,10,0,9,0,660271.0,Shohei Ohtani,571945.0,Miles Mikolas,572193.0,606149.0,2889,Busch Stadium,night,R
718315,2023-05-04,2023,MIL,COL,158,115,1,7,8,1,9,0,641778.0,Eric Lauer,607536.0,Kyle Freeland,607536.0,641778.0,19,Coors Field,night,R
718319,2023-05-04,2023,SEA,OAK,136,133,7,2,9,0,10,1,669302.0,Logan Gilbert,676664.0,JP Sears,666374.0,670124.0,10,Oakland Coliseum,night,R
718317,2023-05-04,2023,CHC,WSH,112,120,3,4,7,1,9,0,592791.0,Jameson Taillon,571578.0,Patrick Corbin,640448.0,502202.0,3309,Nationals Park,day,R
718318,2023-05-04,2023,NYM,DET,121,116,0,2,2,1,9,0,434378.0,Justin Verlander,593958.0,Eduardo Rodriguez,593958.0,434378.0,2394,Comerica Park,day,R
718309,2023-05-04,2023,PIT,TB,134,139,2,3,5,1,9,0,592826.0,Vince Velasquez,621107.0,Zach Eflin,621107.0,592826.0,12,Tropicana Field,day,R
718311,2023-05-04,2023,LAA,STL,108,138,11,7,18,0,9,0,656288.0,Griffin Canning,656427.0,Jack Flaherty,656288.0,656427.0,2889,Busch Stadium,day,R
718312,2023-05-04,2023,BAL,KC,110,118,13,10,23,0,9,0,680570.0,Grayson Rodriguez,543475.0,Jordan Lyles,666974.0,547973.0,7,Kauffman Stadium,day,R
718310,2023-05-04,2023,MIN,CWS,142,145,7,3,10,0,12,1,641154.0,Pablo López,608337.0,Lucas Giolito,641941.0,517008.0,4,Guaranteed Rate Field,day,R
718313,2023-05-04,2023,MIL,COL,158,115,6,9,15,1,9,0,489119.0,Wade Miley,657756.0,Connor Seabold,543272.0,657265.0,19,Coors Field,day,R
718304,2023-05-04,2023,SEA,OAK,136,133,5,3,8,0,9,0,669923.0,George Kirby,607968.0,Drew Rucinski,669923.0,607968.0,10,Oakland Coliseum,day,R
718308,2023-05-04,2023,ATL,MIA,144,146,6,3,9,0,9,0,689266.0,Dylan Dodd,666200.0,Jesús Luzardo,689266.0,666200.0,4169,loanDepot park,day,R
718316,2023-05-04,2023,TOR,BOS,141,111,5,11,16,1,9,0,592332.0,Kevin Gausman,678394.0,Brayan Bello,678394.0,592332.0,3,Fenway Park,night,R
718303,2023-05-05,2023,MIA,CHC,146,112,1,4,5,1,9,0,665795.0,Edward Cabrera,657006.0,Justin Steele,657006.0,665795.0,17,Wrigley Field,day,R
718307,2023-05-05,2023,TOR,PIT,141,134,4,0,4,0,9,0,605135.0,Chris Bassitt,448179.0,Rich Hill,605135.0,448179.0,31,PNC Park,night,R
718305,2023-05-05,2023,CWS,CIN,145,113,5,4,9,0,9,0,458681.0,Lance Lynn,668881.0,Hunter Greene,458681.0,668881.0,2602,Great American Ball Park,night,R
718300,2023-05-05,2023,NYY,TB,147,139,4,5,9,1,9,0,666745.0,Jhony Brito,630023.0,Yonny Chirinos,687330.0,622772.0,12,Tropicana Field,night,R
718301,2023-05-05,2023,BOS,PHI,111,143,5,3,8,0,9,0,519242.0,Chris Sale,554430.0,Zack Wheeler,519242.0,554430.0,2681,Citizens Bank Park,night,R
718302,2023-05-05,2023,COL,NYM,115,121,0,1,1,1,9,0,622608.0,Antonio Senzatela,673540.0,Kodai Senga,673540.0,622608.0,3289,Citi Field,night,R
718306,2023-05-05,2023,MIN,CLE,142,114,2,0,2,0,9,0,641927.0,Bailey Ober,685410.0,Peyton Battenfield,641927.0,685410.0,5,Progressive Field,night,R
718298,2023-05-05,2023,BAL,ATL,110,144,9,4,13,0,9,0,665152.0,Dean Kremer,608331.0,Max Fried,665152.0,608331.0,4705,Truist Park,night,R
718299,2023-05-06,2023,OAK,KC,133,118,12,8,20,0,9,0,666205.0,Kyle Muller,641745.0,Brad Keller,666205.0,641745.0,7,Kauffman Stadium,night,R
718292,2023-05-06,2023,DET,STL,116,138,5,4,9,0,9,0,571510.0,Matthew Boyd,656756.0,Jordan Montgomery,571510.0,663855.0,2889,Busch Stadium,night,R
718294,2023-05-06,2023,TEX,LAA,140,108,4,5,9,1,10,1,641540.0,Dane Dunning,542881.0,Tyler Anderson,608032.0,519293.0,1,Angel Stadium,night,R
718296,2023-05-06,2023,WSH,ARI,120,109,1,3,4,1,9,0,680686.0,Josiah Gray,518876.0,Merrill Kelly,518876.0,680686.0,15,Chase Field,night,R
718295,2023-05-06,2023,LAD,SD,119,135,2,5,7,1,9,0,477132.0,Clayton Kershaw,506433.0,Yu Darvish,506433.0,477132.0,2680,Petco Park,night,R
718297,2023-05-06,2023,HOU,SEA,117,136,6,4,10,0,9,0,664299.0,Cristian Javier,622491.0,Luis Castillo,650556.0,666374.0,680,T-Mobile Park,night,R
718293,2023-05-06,2023,MIL,SF,158,137,4,6,10,1,9,0,669203.0,Corbin Burnes,640455.0,Sean Manaea,640455.0,669203.0,2395,Oracle Park,night,R
718288,2023-05-06,2023,DET,STL,116,138,6,5,11,0,10,1,605513.0,Spencer Turnbull,425794.0,Adam Wainwright,542585.0,606149.0,2889,Busch Stadium,day,R
718289,2023-05-06,2023,MIA,CHC,146,112,2,4,6,1,9,0,598264.0,Matt Barnes,592767.0,Drew Smyly,624522.0,640462.0,17,Wrigley Field,day,R
718290,2023-05-06,2023,COL,NYM,115,121,5,2,7,0,9,0,596295.0,Austin Gomber,656731.0,Tylor Megill,596295.0,656731.0,3289,Citi Field,day,R
718291,2023-05-06,2023,NYY,TB,147,139,3,2,5,0,9,0,593334.0,Domingo Germán,656876.0,Drew Rasmussen,676760.0,687330.0,12,Tropicana Field,day,R
718285,2023-05-06,2023,MIN,CLE,142,114,3,4,7,1,9,0,543243.0,Sonny Gray,671106.0,Logan Allen,663986.0,660896.0,5,Progressive Field,night,R
718286,2023-05-06,2023,TOR,PIT,141,134,8,2,10,0,9,0,621244.0,José Berríos,670912.0,Johan Oviedo,621244.0,670912.0,31,PNC Park,night,R
718281,2023-05-06,2023,CWS,CIN,145,113,3,5,8,1,9,0,605182.0,Mike Clevinger,666157.0,Nick Lodolo,571882.0,605182.0,2602,Great American Ball Park,night,R
718280,2023-05-06,2023,OAK,KC,133,118,5,4,9,0,9,0,686610.0,Ken Waldichuk,663903.0,Brady Singer,686610.0,663903.0,7,Kauffman Stadium,night,R
718284,2023-05-06,2023,BOS,PHI,111,143,7,4,11,0,9,0,446372.0,Corey Kluber,663559.0,Bailey Falter,446372.0,663559.0,2681,Citizens Bank Park,night,R
718283,2023-05-06,2023,BAL,ATL,110,144,4,5,9,1,9,0,680694.0,Kyle Bradish,675911.0,Spencer Strider,621345.0,543056.0,4705,Truist Park,night,R
718287,2023-05-06,2023,MIL,SF,158,137,1,4,5,1,9,0,607067.0,Colin Rea,502171.0,Alex Cobb,502171.0,607067.0,2395,Oracle Park,day,R
718282,2023-05-07,2023,WSH,ARI,120,109,7,8,15,1,9,0,669022.0,MacKenzie Gore,674072.0,Tommy Henry,612434.0,640448.0,15,Chase Field,night,R
718279,2023-05-07,2023,LAD,SD,119,135,2,1,3,0,9,0,669160.0,Dustin May,605483.0,Blake Snell,669160.0,605483.0,2680,Petco Park,night,R
718275,2023-05-07,2023,TEX,LAA,140,108,10,1,11,0,9,0,543135.0,Nathan Eovaldi,672282.0,Reid Detmers,543135.0,672282.0,1,Angel Stadium,night,R
718274,2023-05-07,2023,HOU,SEA,117,136,5,7,12,1,9,0,641585.0,J.P. France,594835.0,Marco Gonzales,642048.0,606160.0,680,T-Mobile Park,night,R
718277,2023-05-07,2023,BAL,ATL,110,144,2,3,5,1,12,1,669330.0,Tyler Wells,693821.0,Bryce Elder,543859.0,672335.0,4705,Truist Park,day,R
718278,2023-05-07,2023,TOR,PIT,141,134,10,1,11,0,9,0,579328.0,Yusei Kikuchi,672710.0,Roansy Contreras,579328.0,672710.0,31,PNC Park,day,R
718270,2023-05-07,2023,BOS,PHI,111,143,1,6,7,1,9,0,656557.0,Tanner Houck,592836.0,Taijuan Walker,592836.0,656557.0,2681,Citizens Bank Park,day,R
718276,2023-05-07,2023,COL,NYM,115,121,13,6,19,0,9,0,663372.0,Ryan Feltner,664192.0,Joey Lucchesi,608718.0,642231.0,3289,Citi Field,day,R
718273,2023-05-07,2023,MIN,CLE,142,114,0,2,2,1,9,0,657746.0,Joe Ryan,615698.0,Cal Quantrill,615698.0,657746.0,5,Progressive Field,day,R
718271,2023-05-07,2023,NYY,TB,147,139,7,8,15,1,10,1,543037.0,Gerrit Cole,642770.0,Javy Guerra,656222.0,656061.0,12,Tropicana Field,day,R
718268,2023-05-07,2023,OAK,KC,133,118,1,5,6,1,9,0,695243.0,Mason Miller,642232.0,Ryan Yarbrough,642232.0,695243.0,7,Kauffman Stadium,day,R
718272,2023-05-07,2023,DET,STL,116,138,6,12,18,1,9,0,656412.0,Alex Faedo,571927.0,Steven Matz,572403.0,669438.0,2889,Busch Stadium,day,R
718269,2023-05-07,2023,MIA,CHC,146,112,5,4,9,0,14,1,645261.0,Sandy Alcantara,669713.0,Hayden Wesneski,595345.0,640470.0,17,Wrigley Field,day,R
718267,2023-05-07,2023,MIL,SF,158,137,7,3,10,0,9,0,605288.0,Adrian Houser,548389.0,Ross Stripling,606303.0,548389.0,2395,Oracle Park,day,R
718264,2023-05-07,2023,TEX,LAA,140,108,16,8,24,0,9,0,527048.0,Martín Pérez,660761.0,José Suarez,622250.0,660761.0,1,Angel Stadium,day,R
718263,2023-05-07,2023,WSH,ARI,120,109,9,8,17,0,9,0,592866.0,Trevor Williams,669194.0,Ryne Nelson,541640.0,612434.0,15,Chase Field,day,R
718265,2023-05-07,2023,HOU,SEA,117,136,1,3,4,1,9,0,656232.0,Brandon Bielak,682243.0,Bryce Miller,682243.0,656232.0,680,T-Mobile Park,day,R
718262,2023-05-07,2023,CWS,CIN,145,113,17,4,21,0,9,0,656629.0,Michael Kopech,668933.0,Graham Ashcraft,656629.0,668933.0,2602,Great American Ball Park,day,R
718266,2023-05-07,2023,LAD,SD,119,135,5,2,7,0,10,1,628711.0,Julio Urías,605397.0,Joe Musgrove,657571.0,641703.0,2680,Petco Park,day,R
718261,2023-05-08,2023,DET,CLE,116,114,6,2,8,0,9,0,666214.0,Joey Wentz,676440.0,Tanner Bibee,666214.0,676440.0,5,Progressive Field,night,R
718258,2023-05-08,2023,COL,PIT,115,134,0,2,2,1,9,0,607536.0,Kyle Freeland,656605.0,Mitch Keller,656605.0,607536.0,31,PNC Park,night,R
718259,2023-05-08,2023,TB,BAL,139,110,3,0,3,0,9,0,663556.0,Shane McClanahan,502043.0,Kyle Gibson,663556.0,502043.0,2,Oriole Park at Camden Yards,night,R
718255,2023-05-08,2023,OAK,NYY,133,147,2,7,9,1,9,0,676664.0,JP Sears,641482.0,Nestor Cortes,676760.0,676664.0,3313,Yankee Stadium,night,R
718256,2023-05-08,2023,STL,CHC,138,112,3,1,4,0,9,0,571945.0,Miles Mikolas,573186.0,Marcus Stroman,650893.0,573186.0,17,Wrigley Field,night,R
718253,2023-05-08,2023,CWS,KC,145,118,5,12,17,1,9,0,656302.0,Dylan Cease,425844.0,Zack Greinke,621016.0,656302.0,7,Kauffman Stadium,night,R
718257,2023-05-08,2023,LAD,MIL,119,158,3,9,12,1,9,0,664062.0,Tony Gonsolin,642547.0,Freddy Peralta,642547.0,664062.0,32,American Family Field,night,R
718254,2023-05-09,2023,HOU,LAA,117,108,4,6,10,1,9,0,686613.0,Hunter Brown,663776.0,Patrick Sandoval,519043.0,606160.0,1,Angel Stadium,night,R
718251,2023-05-09,2023,TEX,SEA,140,136,2,1,3,0,9,0,592351.0,Jon Gray,669302.0,Logan Gilbert,592351.0,669302.0,680,T-Mobile Park,night,R
718249,2023-05-09,2023,MIA,ARI,146,109,2,5,7,1,9,0,666129.0,Braxton Garrett,668678.0,Zac Gallen,668678.0,666129.0,15,Chase Field,night,R
718260,2023-05-09,2023,WSH,SF,120,137,5,1,6,0,9,0,663623.0,Jake Irvin,543101.0,Anthony DeSclafani,663623.0,543101.0,2395,Oracle Park,night,R
718248,2023-05-09,2023,DET,CLE,116,114,0,2,2,1,9,0,547179.0,Michael Lorenzen,669456.0,Shane Bieber,669456.0,547179.0,5,Progressive Field,night,R
718252,2023-05-09,2023,COL,PIT,115,134,10,1,11,0,9,0,657756.0,Connor Seabold,682847.0,Luis Ortiz,657756.0,682847.0,31,PNC Park,night,R
718246,2023-05-09,2023,TB,BAL,139,110,2,4,6,1,9,0,621107.0,Zach Eflin,680570.0,Grayson Rodriguez,680570.0,621107.0,2,Oriole Park at Camden Yards,night,R
718243,2023-05-09,2023,NYM,CIN,121,113,6,7,13,1,9,0,656849.0,David Peterson,596133.0,Luke Weaver,596133.0,656849.0,2602,Great American Ball Park,night,R
718244,2023-05-09,2023,TOR,PHI,141,143,4,8,12,1,9,0,666201.0,Alek Manoah,605400.0,Aaron Nola,605400.0,666201.0,2681,Citizens Bank Park,night,R
718247,2023-05-09,2023,OAK,NYY,133,147,5,10,15,1,9,0,607968.0,Drew Rucinski,657376.0,Clarke Schmidt,657376.0,607968.0,3313,Yankee Stadium,night,R
718245,2023-05-09,2023,BOS,ATL,111,144,3,9,12,1,9,0,601713.0,Nick Pivetta,450203.0,Charlie Morton,450203.0,601713.0,4705,Truist Park,night,R
718240,2023-05-09,2023,STL,CHC,138,112,6,4,10,0,9,0,656427.0,Jack Flaherty,592791.0,Jameson Taillon,608717.0,665871.0,17,Wrigley Field,night,R
718242,2023-05-09,2023,SD,MIN,135,142,6,1,7,0,9,0,608379.0,Michael Wacha,686973.0,Louis Varland,608379.0,643377.0,3312,Target Field,night,R
718238,2023-05-09,2023,CWS,KC,145,118,4,2,6,0,9,0,608337.0,Lucas Giolito,543475.0,Jordan Lyles,608337.0,543475.0,7,Kauffman Stadium,night,R
718241,2023-05-09,2023,LAD,MIL,119,158,6,2,8,0,9,0,592789.0,Noah Syndergaard,641778.0,Eric Lauer,677865.0,641778.0,32,American Family Field,night,R
718237,2023-05-10,2023,HOU,LAA,117,108,3,1,4,0,9,0,664285.0,Framber Valdez,660271.0,Shohei Ohtani,664285.0,660271.0,1,Angel Stadium,night,R
718239,2023-05-10,2023,TEX,SEA,140,136,0,5,5,1,9,0,571760.0,Andrew Heaney,669923.0,George Kirby,669923.0,571760.0,680,T-Mobile Park,night,R
718236,2023-05-10,2023,MIA,ARI,146,109,6,2,8,0,9,0,666200.0,Jesús Luzardo,694297.0,Brandon Pfaadt,666200.0,694297.0,15,Chase Field,night,R
718250,2023-05-10,2023,WSH,SF,120,137,1,4,5,1,9,0,571578.0,Patrick Corbin,657277.0,Logan Webb,657277.0,571578.0,2395,Oracle Park,night,R
718231,2023-05-10,2023,COL,PIT,115,134,4,3,7,0,9,0,622608.0,Antonio Senzatela,448179.0,Rich Hill,543272.0,596112.0,31,PNC Park,day,R
718232,2023-05-10,2023,OAK,NYY,133,147,3,11,14,1,9,0,666205.0,Kyle Muller,666745.0,Jhony Brito,622772.0,666205.0,3313,Yankee Stadium,day,R
718234,2023-05-10,2023,DET,CLE,116,114,5,0,5,0,9,0,593958.0,Eduardo Rodriguez,685410.0,Peyton Battenfield,593958.0,685410.0,5,Progressive Field,day,R
718228,2023-05-10,2023,LAD,MIL,119,158,8,1,9,0,9,0,477132.0,Clayton Kershaw,489119.0,Wade Miley,477132.0,489119.0,32,American Family Field,day,R
718229,2023-05-10,2023,TEX,SEA,140,136,4,3,7,0,9,0,641540.0,Dane Dunning,622491.0,Luis Castillo,641540.0,622491.0,680,T-Mobile Park,day,R
718226,2023-05-10,2023,MIA,ARI,146,109,5,4,9,0,9,0,665795.0,Edward Cabrera,518876.0,Merrill Kelly,571670.0,605177.0,15,Chase Field,day,R
718230,2023-05-10,2023,WSH,SF,120,137,11,6,17,0,9,0,680686.0,Josiah Gray,640455.0,Sean Manaea,680686.0,640455.0,2395,Oracle Park,day,R
718233,2023-05-10,2023,TOR,PHI,141,143,1,2,3,1,10,1,592332.0,Kevin Gausman,554430.0,Zack Wheeler,518886.0,641835.0,2681,Citizens Bank Park,day,R
718235,2023-05-10,2023,HOU,LAA,117,108,5,4,9,0,9,0,664299.0,Cristian Javier,656288.0,Griffin Canning,664299.0,656288.0,1,Angel Stadium,day,R
718227,2023-05-10,2023,TB,BAL,139,110,1,2,3,1,9,0,656222.0,Jalen Beeks,665152.0,Dean Kremer,665152.0,630023.0,2,Oriole Park at Camden Yards,night,R
718225,2023-05-10,2023,NYM,CIN,121,113,2,1,3,0,9,0,434378.0,Justin Verlander,668881.0,Hunter Greene,434378.0,668881.0,2602,Great American Ball Park,night,R
718220,2023-05-10,2023,BOS,ATL,111,144,5,2,7,0,9,0,678394.0,Brayan Bello,669276.0,Dylan Lee,678394.0,621345.0,4705,Truist Park,night,R
718221,2023-05-10,2023,STL,CHC,138,112,4,10,14,1,9,0,656756.0,Jordan Montgomery,657006.0,Justin Steele,657006.0,656756.0,17,Wrigley Field,night,R
718224,2023-05-10,2023,SD,MIN,135,142,3,4,7,1,11,1,607625.0,Seth Lugo,641154.0,Pablo López,643377.0,593619.0,3312,Target Field,night,R
718222,2023-05-10,2023,CWS,KC,145,118,1,9,10,1,9,0,458681.0,Lance Lynn,641745.0,Brad Keller,641745.0,458681.0,7,Kauffman Stadium,night,R
718223,2023-05-11,2023,NYM,CIN,121,113,0,5,5,1,9,0,673540.0,Kodai Senga,571882.0,Derek Law,594902.0,673540.0,2602,Great American Ball Park,day,R
718216,2023-05-11,2023,SD,MIN,135,142,3,5,8,1,9,0,506433.0,Yu Darvish,641927.0,Bailey Ober,641941.0,641703.0,3312,Target Field,day,R
718218,2023-05-11,2023,CWS,KC,145,118,3,4,7,1,9,0,605182.0,Mike Clevinger,663903.0,Brady Singer,605130.0,625643.0,7,Kauffman Stadium,day,R
718219,2023-05-11,2023,TB,NYY,139,147,8,2,10,0,9,0,656876.0,Drew Rasmussen,593334.0,Domingo Germán,656876.0,593334.0,3313,Yankee Stadium,night,R
718215,2023-05-12,2023,SF,ARI,137,109,6,2,8,0,9,0,502171.0,Alex Cobb,674072.0,Tommy Henry,502171.0,674072.0,15,Chase Field,night,R
718217,2023-05-12,2023,TEX,OAK,140,133,4,0,4,0,9,0,543135.0,Nathan Eovaldi,665622.0,Luis Medina,543135.0,665622.0,10,Oakland Coliseum,night,R
718208,2023-05-12,2023,SEA,DET,136,116,9,2,11,0,9,0,594835.0,Marco Gonzales,571510.0,Matthew Boyd,594835.0,571510.0,2394,Comerica Park,night,R
718212,2023-05-12,2023,CIN,MIA,113,146,7,4,11,0,9,0,668933.0,Graham Ashcraft,691587.0,Eury Pérez,664139.0,571670.0,4169,loanDepot park,night,R
718214,2023-05-12,2023,NYM,WSH,121,120,3,2,5,0,9,0,656731.0,Tylor Megill,669022.0,MacKenzie Gore,656731.0,605218.0,3309,Nationals Park,night,R
718213,2023-05-12,2023,PIT,BAL,134,110,3,6,9,1,9,0,670912.0,Johan Oviedo,680694.0,Kyle Bradish,641329.0,669796.0,2,Oriole Park at Camden Yards,night,R
718210,2023-05-12,2023,TB,NYY,139,147,5,6,11,1,9,0,665001.0,Trevor Kelley,543037.0,Gerrit Cole,605280.0,592094.0,3313,Yankee Stadium,night,R
718206,2023-05-12,2023,ATL,TOR,144,141,0,3,3,1,9,0,675911.0,Spencer Strider,605135.0,Chris Bassitt,605135.0,675911.0,14,Rogers Centre,night,R
718205,2023-05-12,2023,LAA,CLE,108,114,5,4,9,0,9,0,542881.0,Tyler Anderson,671106.0,Logan Allen,519043.0,661403.0,5,Progressive Field,night,R
718211,2023-05-12,2023,STL,BOS,138,111,8,6,14,0,9,0,425794.0,Adam Wainwright,572020.0,James Paxton,664854.0,445276.0,3,Fenway Park,night,R
718209,2023-05-13,2023,CHC,MIN,112,142,6,2,8,0,9,0,592767.0,Drew Smyly,543243.0,Sonny Gray,592767.0,643377.0,3312,Target Field,night,R
718207,2023-05-13,2023,HOU,CWS,117,145,5,1,6,0,9,0,641585.0,J.P. France,656629.0,Michael Kopech,641585.0,656629.0,4,Guaranteed Rate Field,night,R
718204,2023-05-13,2023,KC,MIL,118,158,1,5,6,1,9,0,657031.0,Josh Taylor,669203.0,Corbin Burnes,669203.0,657031.0,32,American Family Field,night,R
718202,2023-05-13,2023,PHI,COL,143,115,6,3,9,0,9,0,592836.0,Taijuan Walker,596295.0,Austin Gomber,621381.0,664875.0,19,Coors Field,night,R
718199,2023-05-13,2023,SF,ARI,137,109,5,7,12,1,9,0,605154.0,John Brebbia,669194.0,Ryne Nelson,664948.0,596001.0,15,Chase Field,night,R
718200,2023-05-13,2023,TEX,OAK,140,133,7,9,16,1,10,1,527048.0,Martín Pérez,686610.0,Ken Waldichuk,660261.0,656271.0,10,Oakland Coliseum,night,R
718201,2023-05-13,2023,SD,LAD,135,119,2,4,6,1,9,0,605483.0,Blake Snell,669160.0,Dustin May,657571.0,657612.0,22,Dodger Stadium,night,R
718197,2023-05-13,2023,TB,NYY,139,147,8,9,17,1,9,0,663556.0,Shane McClanahan,641482.0,Nestor Cortes,622772.0,657044.0,3313,Yankee Stadium,day,R
718194,2023-05-13,2023,SEA,DET,136,116,5,0,5,0,9,0,682243.0,Bryce Miller,656412.0,Alex Faedo,682243.0,656412.0,2394,Comerica Park,day,R
718198,2023-05-13,2023,CIN,MIA,113,146,6,5,11,0,9,0,571882.0,Derek Law,645261.0,Sandy Alcantara,664139.0,645261.0,4169,loanDepot park,day,R
718195,2023-05-13,2023,CHC,MIN,112,142,1,11,12,1,9,0,669713.0,Hayden Wesneski,657746.0,Joe Ryan,657746.0,669713.0,3312,Target Field,day,R
718192,2023-05-13,2023,ATL,TOR,144,141,2,5,7,1,9,0,693821.0,Bryce Elder,621244.0,José Berríos,657024.0,621345.0,14,Rogers Centre,day,R
718203,2023-05-13,2023,NYM,WSH,121,120,2,3,5,1,9,0,668665.0,Stephen Nogosek,592866.0,Trevor Williams,640451.0,608678.0,3309,Nationals Park,day,R
718190,2023-05-13,2023,TEX,OAK,140,133,5,0,5,0,9,0,592351.0,Jon Gray,621076.0,James Kaprielian,592351.0,621076.0,10,Oakland Coliseum,day,R
718196,2023-05-13,2023,STL,BOS,138,111,4,3,7,0,9,0,571927.0,Steven Matz,519242.0,Chris Sale,669467.0,445276.0,3,Fenway Park,day,R
718191,2023-05-13,2023,LAA,CLE,108,114,6,8,14,1,9,0,672282.0,Reid Detmers,615698.0,Cal Quantrill,669212.0,572193.0,5,Progressive Field,night,R
718193,2023-05-13,2023,PIT,BAL,134,110,0,2,2,1,9,0,672710.0,Roansy Contreras,669330.0,Tyler Wells,669330.0,672710.0,2,Oriole Park at Camden Yards,night,R
718183,2023-05-13,2023,KC,MIL,118,158,3,4,7,1,9,0,425844.0,Zack Greinke,605288.0,Adrian Houser,642207.0,672578.0,32,American Family Field,night,R
718185,2023-05-13,2023,SD,LAD,135,119,2,4,6,1,9,0,605397.0,Joe Musgrove,628711.0,Julio Urías,628711.0,605397.0,22,Dodger Stadium,day,R
718189,2023-05-13,2023,HOU,CWS,117,145,1,3,4,1,9,0,656232.0,Brandon Bielak,656302.0,Dylan Cease,523260.0,606160.0,4,Guaranteed Rate Field,night,R
718184,2023-05-14,2023,SF,ARI,137,109,2,7,9,1,9,0,543101.0,Anthony DeSclafani,668678.0,Zac Gallen,668678.0,543101.0,15,Chase Field,night,R
718188,2023-05-14,2023,PHI,COL,143,115,7,4,11,0,9,0,624133.0,Ranger Suárez,663372.0,Ryan Feltner,641401.0,663372.0,19,Coors Field,night,R
718182,2023-05-14,2023,LAA,CLE,108,114,3,4,7,1,9,0,663776.0,Patrick Sandoval,676440.0,Tanner Bibee,675916.0,663776.0,5,Progressive Field,day,R
718203,2023-05-14,2023,NYM,WSH,121,120,2,3,5,1,9,0,668665.0,Stephen Nogosek,592866.0,Trevor Williams,640451.0,608678.0,3309,Nationals Park,day,R
718179,2023-05-14,2023,PIT,BAL,134,110,4,0,4,0,9,0,656605.0,Mitch Keller,502043.0,Kyle Gibson,656605.0,502043.0,2,Oriole Park at Camden Yards,day,R
718180,2023-05-14,2023,TB,NYY,139,147,8,7,15,0,9,0,621107.0,Zach Eflin,657376.0,Clarke Schmidt,621107.0,657376.0,3313,Yankee Stadium,day,R
718181,2023-05-14,2023,ATL,TOR,144,141,5,6,11,1,9,0,543521.0,Collin McHugh,579328.0,Yusei Kikuchi,663878.0,628452.0,14,Rogers Centre,day,R
718173,2023-05-14,2023,SEA,DET,136,116,3,5,8,1,9,0,669302.0,Logan Gilbert,666214.0,Joey Wentz,671345.0,642100.0,2394,Comerica Park,day,R
718178,2023-05-14,2023,CIN,MIA,113,146,1,3,4,1,9,0,596133.0,Luke Weaver,666129.0,Braxton Garrett,656945.0,643361.0,4169,loanDepot park,day,R
718175,2023-05-14,2023,CHC,MIN,112,142,3,16,19,1,9,0,573186.0,Marcus Stroman,686973.0,Louis Varland,686973.0,573186.0,3312,Target Field,day,R
718176,2023-05-14,2023,HOU,CWS,117,145,4,3,7,0,9,0,686613.0,Hunter Brown,608337.0,Lucas Giolito,686613.0,608337.0,4,Guaranteed Rate Field,day,R
718177,2023-05-14,2023,KC,MIL,118,158,6,9,15,1,9,0,543475.0,Jordan Lyles,607067.0,Colin Rea,641778.0,543475.0,32,American Family Field,day,R
718174,2023-05-14,2023,PHI,COL,143,115,0,4,4,1,9,0,605400.0,Aaron Nola,607536.0,Kyle Freeland,607536.0,605400.0,19,Coors Field,day,R
718172,2023-05-14,2023,TEX,OAK,140,133,11,3,14,0,9,0,571760.0,Andrew Heaney,676664.0,JP Sears,642546.0,643493.0,10,Oakland Coliseum,day,R
718168,2023-05-14,2023,SD,LAD,135,119,0,4,4,1,9,0,677960.0,Ryan Weathers,664062.0,Tony Gonsolin,664062.0,677960.0,22,Dodger Stadium,day,R
718169,2023-05-14,2023,SF,ARI,137,109,1,2,3,1,9,0,657277.0,Logan Webb,694297.0,Brandon Pfaadt,612434.0,643511.0,15,Chase Field,day,R
718186,2023-05-14,2023,NYM,WSH,121,120,8,2,10,0,9,0,453286.0,Max Scherzer,663623.0,Jake Irvin,453286.0,663623.0,3309,Nationals Park,day,R
718187,2023-05-14,2023,STL,BOS,138,111,9,1,10,0,9,0,571945.0,Miles Mikolas,446372.0,Corey Kluber,571945.0,446372.0,3,Fenway Park,night,R
718167,2023-05-15,2023,NYM,WSH,121,120,3,10,13,1,9,0,656849.0,David Peterson,571578.0,Patrick Corbin,571578.0,656849.0,3309,Nationals Park,day,R
718171,2023-05-15,2023,LAA,BAL,108,110,9,5,14,0,9,0,660271.0,Shohei Ohtani,680570.0,Grayson Rodriguez,660271.0,680570.0,2,Oriole Park at Camden Yards,night,R
718164,2023-05-15,2023,NYY,TOR,147,141,7,4,11,0,9,0,622772.0,Jimmy Cordero,666201.0,Alek Manoah,666745.0,666201.0,14,Rogers Centre,night,R
718163,2023-05-15,2023,SEA,BOS,136,111,10,1,11,0,9,0,669923.0,George Kirby,656557.0,Tanner Houck,669923.0,656557.0,3,Fenway Park,night,R
718166,2023-05-15,2023,MIL,STL,158,138,1,18,19,1,9,0,642547.0,Freddy Peralta,656427.0,Jack Flaherty,656427.0,642547.0,2889,Busch Stadium,night,R
718165,2023-05-16,2023,ATL,TEX,144,140,12,0,12,0,9,0,450203.0,Charlie Morton,674003.0,Cody Bradford,450203.0,674003.0,5325,Globe Life Field,night,R
718158,2023-05-16,2023,CHC,HOU,112,117,4,6,10,1,9,0,592791.0,Jameson Taillon,664285.0,Framber Valdez,606160.0,605242.0,2392,Minute Maid Park,night,R
718161,2023-05-16,2023,CIN,COL,113,115,8,9,17,1,9,0,668881.0,Hunter Greene,657756.0,Connor Seabold,453268.0,594902.0,19,Coors Field,night,R
718160,2023-05-16,2023,ARI,OAK,109,133,5,2,7,0,9,0,518876.0,Merrill Kelly,607968.0,Drew Rucinski,518876.0,607968.0,10,Oakland Coliseum,night,R
718162,2023-05-16,2023,KC,SD,118,135,0,4,4,1,9,0,641745.0,Brad Keller,608379.0,Michael Wacha,608379.0,641745.0,2680,Petco Park,night,R
718170,2023-05-16,2023,PHI,SF,143,137,3,6,9,1,9,0,641401.0,Connor Brogdon,622072.0,Alex Wood,518397.0,663559.0,2395,Oracle Park,night,R
718159,2023-05-16,2023,MIN,LAD,142,119,8,9,17,1,12,1,641154.0,Pablo López,592789.0,Noah Syndergaard,641360.0,605347.0,22,Dodger Stadium,night,R
718154,2023-05-16,2023,LAA,BAL,108,110,3,7,10,1,9,0,681217.0,Chase Silseth,665152.0,Dean Kremer,665152.0,681217.0,2,Oriole Park at Camden Yards,night,R
718155,2023-05-16,2023,PIT,DET,134,116,0,4,4,1,9,0,682847.0,Luis Ortiz,547179.0,Michael Lorenzen,547179.0,682847.0,2394,Comerica Park,night,R
718153,2023-05-16,2023,WSH,MIA,120,146,4,5,9,1,9,0,680686.0,Josiah Gray,666200.0,Jesús Luzardo,677053.0,640451.0,4169,loanDepot park,night,R
718157,2023-05-16,2023,NYY,TOR,147,141,6,3,9,0,9,0,593334.0,Domingo Germán,592332.0,Kevin Gausman,543901.0,657024.0,14,Rogers Centre,night,R
718149,2023-05-16,2023,SEA,BOS,136,111,4,9,13,1,9,0,622491.0,Luis Castillo,601713.0,Nick Pivetta,601713.0,622491.0,3,Fenway Park,night,R
718150,2023-05-16,2023,TB,NYM,139,121,8,5,13,0,9,0,656222.0,Jalen Beeks,434378.0,Justin Verlander,630023.0,434378.0,3289,Citi Field,night,R
718151,2023-05-16,2023,MIL,STL,158,138,3,2,5,0,9,0,489119.0,Wade Miley,656756.0,Jordan Montgomery,606303.0,656756.0,2889,Busch Stadium,night,R
718148,2023-05-17,2023,ATL,TEX,144,140,4,7,11,1,9,0,694363.0,Jared Shuster,641540.0,Dane Dunning,641540.0,694363.0,5325,Globe Life Field,night,R
718152,2023-05-17,2023,CHC,HOU,112,117,3,7,10,1,9,0,657006.0,Justin Steele,664299.0,Cristian Javier,664299.0,657006.0,2392,Minute Maid Park,night,R
718147,2023-05-17,2023,CLE,CWS,114,145,3,8,11,1,9,0,669456.0,Shane Bieber,458681.0,Lance Lynn,458681.0,669456.0,4,Guaranteed Rate Field,night,R
718145,2023-05-17,2023,CIN,COL,113,115,3,1,4,0,9,0,682227.0,Brandon Williamson,502624.0,Chase Anderson,571882.0,663567.0,19,Coors Field,night,R
718146,2023-05-17,2023,ARI,OAK,109,133,8,9,17,1,12,1,674072.0,Tommy Henry,666205.0,Kyle Muller,643493.0,543518.0,10,Oakland Coliseum,night,R
718144,2023-05-17,2023,KC,SD,118,135,5,4,9,0,9,0,663903.0,Brady Singer,607625.0,Seth Lugo,663903.0,607625.0,2680,Petco Park,night,R
718156,2023-05-17,2023,PHI,SF,143,137,3,4,7,1,9,0,554430.0,Zack Wheeler,502171.0,Alex Cobb,573124.0,554430.0,2395,Oracle Park,night,R
718141,2023-05-17,2023,MIN,LAD,142,119,5,1,6,0,9,0,641927.0,Bailey Ober,477132.0,Clayton Kershaw,641927.0,477132.0,22,Dodger Stadium,night,R
718142,2023-05-17,2023,PIT,DET,134,116,8,0,8,0,9,0,448179.0,Rich Hill,593958.0,Eduardo Rodriguez,448179.0,593958.0,2394,Comerica Park,day,R
718138,2023-05-17,2023,CIN,COL,113,115,6,11,17,1,9,0,668933.0,Graham Ashcraft,596295.0,Austin Gomber,608718.0,668933.0,19,Coors Field,day,R
718136,2023-05-17,2023,MIN,LAD,142,119,3,7,10,1,9,0,543243.0,Sonny Gray,669160.0,Dustin May,660813.0,592254.0,22,Dodger Stadium,day,R
718139,2023-05-17,2023,ARI,OAK,109,133,5,3,8,0,9,0,669194.0,Ryne Nelson,665622.0,Luis Medina,614179.0,660261.0,10,Oakland Coliseum,day,R
718143,2023-05-17,2023,PHI,SF,143,137,4,7,11,1,9,0,592836.0,Taijuan Walker,548389.0,Ross Stripling,605154.0,642397.0,2395,Oracle Park,day,R
718140,2023-05-17,2023,KC,SD,118,135,4,3,7,0,9,0,672578.0,Carlos Hernández,506433.0,Yu Darvish,657031.0,506433.0,2680,Petco Park,day,R
718137,2023-05-17,2023,LAA,BAL,108,110,1,3,4,1,9,0,656288.0,Griffin Canning,680694.0,Kyle Bradish,680694.0,656288.0,2,Oriole Park at Camden Yards,night,R
718132,2023-05-17,2023,WSH,MIA,120,146,3,4,7,1,9,0,669022.0,MacKenzie Gore,665795.0,Edward Cabrera,665795.0,669022.0,4169,loanDepot park,night,R
718134,2023-05-17,2023,NYY,TOR,147,141,0,3,3,1,10,1,543037.0,Gerrit Cole,605135.0,Chris Bassitt,605447.0,593974.0,14,Rogers Centre,night,R
718133,2023-05-17,2023,SEA,BOS,136,111,3,12,15,1,9,0,594835.0,Marco Gonzales,678394.0,Brayan Bello,678394.0,594835.0,3,Fenway Park,night,R
718135,2023-05-17,2023,TB,NYM,139,121,7,8,15,1,10,1,676596.0,Josh Fleming,673540.0,Kodai Senga,502085.0,664126.0,3289,Citi Field,night,R
718131,2023-05-17,2023,MIL,STL,158,138,0,3,3,1,9,0,669203.0,Corbin Burnes,669461.0,Matthew Liberatore,669461.0,669203.0,2889,Busch Stadium,night,R
718126,2023-05-18,2023,ATL,TEX,144,140,6,5,11,0,9,0,675911.0,Spencer Strider,543135.0,Nathan Eovaldi,623433.0,656271.0,5325,Globe Life Field,night,R
718127,2023-05-18,2023,CHC,HOU,112,117,6,7,13,1,9,0,592767.0,Drew Smyly,641585.0,J.P. France,650556.0,676714.0,2392,Minute Maid Park,night,R
718129,2023-05-18,2023,CLE,CWS,114,145,2,7,9,1,9,0,685410.0,Peyton Battenfield,605182.0,Mike Clevinger,605182.0,685410.0,4,Guaranteed Rate Field,night,R
718128,2023-05-18,2023,LAA,BAL,108,110,6,5,11,0,9,0,542881.0,Tyler Anderson,669330.0,Tyler Wells,606965.0,641329.0,2,Oriole Park at Camden Yards,day,R
718122,2023-05-18,2023,TB,NYM,139,121,2,3,5,1,9,0,671737.0,Taj Bradley,656731.0,Tylor Megill,656731.0,641793.0,3289,Citi Field,day,R
718130,2023-05-18,2023,WSH,MIA,120,146,3,5,8,1,9,0,592866.0,Trevor Williams,691587.0,Eury Pérez,691587.0,592866.0,4169,loanDepot park,day,R
718125,2023-05-18,2023,CLE,CWS,114,145,3,1,4,0,9,0,671106.0,Logan Allen,656302.0,Dylan Cease,680704.0,656302.0,4,Guaranteed Rate Field,day,R
718121,2023-05-18,2023,NYY,TOR,147,141,4,2,6,0,9,0,641482.0,Nestor Cortes,621244.0,José Berríos,641482.0,621244.0,14,Rogers Centre,night,R
718124,2023-05-18,2023,LAD,STL,119,138,8,16,24,1,9,0,628711.0,Julio Urías,425794.0,Adam Wainwright,425794.0,628711.0,2889,Busch Stadium,night,R
718118,2023-05-19,2023,ARI,PIT,109,134,3,13,16,1,9,0,668678.0,Zac Gallen,670912.0,Johan Oviedo,670912.0,668678.0,31,PNC Park,night,R
718120,2023-05-19,2023,NYY,CIN,147,113,6,2,8,0,9,0,657376.0,Clarke Schmidt,594902.0,Ben Lively,657376.0,594902.0,2602,Great American Ball Park,night,R
718117,2023-05-19,2023,MIL,TB,158,139,0,1,1,1,9,0,605288.0,Adrian Houser,663556.0,Shane McClanahan,592094.0,657265.0,12,Tropicana Field,night,R
718123,2023-05-19,2023,DET,WSH,116,120,8,6,14,0,9,0,571510.0,Matthew Boyd,663623.0,Jake Irvin,571510.0,663623.0,3309,Nationals Park,night,R
718116,2023-05-19,2023,CHC,PHI,112,143,10,1,11,0,9,0,573186.0,Marcus Stroman,624133.0,Ranger Suárez,573186.0,624133.0,2681,Citizens Bank Park,night,R
718115,2023-05-19,2023,BAL,TOR,110,141,6,2,8,0,9,0,502043.0,Kyle Gibson,579328.0,Yusei Kikuchi,502043.0,579328.0,14,Rogers Centre,night,R
718119,2023-05-19,2023,CLE,NYM,114,121,9,10,19,1,10,1,615698.0,Cal Quantrill,471911.0,Carlos Carrasco,622098.0,661403.0,3289,Citi Field,night,R
718110,2023-05-19,2023,SEA,ATL,136,144,2,6,8,1,9,0,682243.0,Bryce Miller,693821.0,Bryce Elder,543521.0,682243.0,4705,Truist Park,night,R
718114,2023-05-20,2023,COL,TEX,115,140,2,7,9,1,9,0,666154.0,Karl Kauffmann,527048.0,Martín Pérez,527048.0,666154.0,5325,Globe Life Field,night,R
718112,2023-05-20,2023,OAK,HOU,133,117,1,5,6,1,9,0,686610.0,Ken Waldichuk,656232.0,Brandon Bielak,656232.0,686610.0,2392,Minute Maid Park,night,R
718111,2023-05-20,2023,KC,CWS,118,145,0,2,2,1,9,0,425844.0,Zack Greinke,656629.0,Michael Kopech,656629.0,425844.0,4,Guaranteed Rate Field,night,R
718113,2023-05-20,2023,LAD,STL,119,138,5,0,5,0,9,0,664062.0,Tony Gonsolin,571927.0,Steven Matz,664062.0,571927.0,2889,Busch Stadium,night,R
718106,2023-05-20,2023,MIN,LAA,142,108,4,5,9,1,9,0,657746.0,Joe Ryan,672282.0,Reid Detmers,592848.0,643377.0,1,Angel Stadium,night,R
718107,2023-05-20,2023,BOS,SD,111,135,6,1,7,0,9,0,572020.0,James Paxton,605483.0,Blake Snell,572020.0,605483.0,2680,Petco Park,night,R
718105,2023-05-20,2023,MIA,SF,146,137,3,4,7,1,9,0,645261.0,Sandy Alcantara,543101.0,Anthony DeSclafani,518397.0,645261.0,2395,Oracle Park,night,R
718104,2023-05-20,2023,KC,CWS,118,145,1,5,6,1,9,0,543475.0,Jordan Lyles,608337.0,Lucas Giolito,608337.0,543475.0,4,Guaranteed Rate Field,day,R
718102,2023-05-20,2023,BAL,TOR,110,141,6,5,11,0,10,1,680570.0,Grayson Rodriguez,666201.0,Alek Manoah,642585.0,554340.0,14,Rogers Centre,day,R
718108,2023-05-20,2023,DET,WSH,116,120,2,5,7,1,9,0,656412.0,Alex Faedo,571578.0,Patrick Corbin,571578.0,656412.0,3309,Nationals Park,day,R
718101,2023-05-20,2023,ARI,PIT,109,134,4,3,7,0,9,0,694297.0,Brandon Pfaadt,656605.0,Mitch Keller,669459.0,596112.0,31,PNC Park,day,R
718100,2023-05-20,2023,COL,TEX,115,140,5,11,16,1,9,0,607536.0,Kyle Freeland,592351.0,Jon Gray,592351.0,607536.0,5325,Globe Life Field,day,R
718097,2023-05-20,2023,CHC,PHI,112,143,3,12,15,1,9,0,592791.0,Jameson Taillon,605400.0,Aaron Nola,605400.0,592791.0,2681,Citizens Bank Park,day,R
718103,2023-05-20,2023,MIA,SF,146,137,1,0,1,0,9,0,666129.0,Braxton Garrett,657277.0,Logan Webb,608638.0,643511.0,2395,Oracle Park,day,R
718098,2023-05-20,2023,OAK,HOU,133,117,2,3,5,1,9,0,676664.0,JP Sears,686613.0,Hunter Brown,593576.0,663992.0,2392,Minute Maid Park,day,R
718095,2023-05-20,2023,NYY,CIN,147,113,7,4,11,0,10,1,666745.0,Jhony Brito,596133.0,Luke Weaver,605280.0,664139.0,2602,Great American Ball Park,day,R
718093,2023-05-20,2023,MIL,TB,158,139,4,8,12,1,9,0,641778.0,Eric Lauer,621107.0,Zach Eflin,621107.0,641778.0,12,Tropicana Field,day,R
718109,2023-05-20,2023,LAD,STL,119,138,5,6,11,1,9,0,592789.0,Noah Syndergaard,571945.0,Miles Mikolas,664854.0,624647.0,2889,Busch Stadium,night,R
718094,2023-05-20,2023,SEA,ATL,136,144,7,3,10,0,9,0,669302.0,Logan Gilbert,445926.0,Jesse Chavez,669302.0,543859.0,4705,Truist Park,night,R
718096,2023-05-21,2023,MIN,LAA,142,108,6,2,8,0,9,0,686973.0,Louis Varland,663776.0,Patrick Sandoval,686973.0,663776.0,1,Angel Stadium,night,R
718092,2023-05-21,2023,BOS,SD,111,135,4,2,6,0,9,0,519242.0,Chris Sale,605397.0,Joe Musgrove,519242.0,605397.0,2680,Petco Park,night,R
718099,2023-05-20,2023,CLE,NYM,114,121,0,0,0,0,9,0,676440.0,Tanner Bibee,453286.0,Max Scherzer,,,3289,Citi Field,day,R
718085,2023-05-21,2023,NYY,CIN,147,113,4,1,5,0,9,0,622663.0,Luis Severino,668881.0,Hunter Greene,656061.0,668881.0,2602,Great American Ball Park,day,R
718089,2023-05-21,2023,DET,WSH,116,120,4,6,10,1,9,0,666214.0,Joey Wentz,680686.0,Josiah Gray,680686.0,666214.0,3309,Nationals Park,day,R
718091,2023-05-21,2023,ARI,PIT,109,134,8,3,11,0,9,0,518876.0,Merrill Kelly,672710.0,Roansy Contreras,518876.0,664294.0,31,PNC Park,day,R
718088,2023-05-21,2023,CHC,PHI,112,143,1,2,3,1,9,0,657006.0,Justin Steele,592836.0,Taijuan Walker,621381.0,640470.0,2681,Citizens Bank Park,day,R
718090,2023-05-21,2023,SEA,ATL,136,144,2,3,5,1,9,0,669923.0,George Kirby,694363.0,Jared Shuster,694363.0,669923.0,4705,Truist Park,day,R
718087,2023-05-21,2023,BAL,TOR,110,141,8,3,11,0,11,1,665152.0,Dean Kremer,592332.0,Kevin Gausman,657508.0,554340.0,14,Rogers Centre,day,R
718099,2023-05-21,2023,CLE,NYM,114,121,4,5,9,1,9,0,676440.0,Tanner Bibee,453286.0,Max Scherzer,502085.0,663986.0,3289,Citi Field,day,R
718082,2023-05-21,2023,CLE,NYM,114,121,1,2,3,1,9,0,669456.0,Shane Bieber,434378.0,Justin Verlander,434378.0,669456.0,3289,Citi Field,night,R
718081,2023-05-21,2023,MIL,TB,158,139,6,4,10,0,9,0,642547.0,Freddy Peralta,656222.0,Jalen Beeks,642547.0,681867.0,12,Tropicana Field,day,R
718086,2023-05-21,2023,OAK,HOU,133,117,0,2,2,1,9,0,621076.0,James Kaprielian,664285.0,Framber Valdez,664285.0,621076.0,2392,Minute Maid Park,day,R
718084,2023-05-21,2023,KC,CWS,118,145,2,5,7,1,9,0,672578.0,Carlos Hernández,458681.0,Lance Lynn,458681.0,666721.0,4,Guaranteed Rate Field,day,R
718083,2023-05-21,2023,LAD,STL,119,138,5,10,15,1,9,0,477132.0,Clayton Kershaw,656427.0,Jack Flaherty,572403.0,477132.0,2889,Busch Stadium,day,R
718076,2023-05-21,2023,COL,TEX,115,140,3,13,16,1,9,0,657756.0,Connor Seabold,571760.0,Andrew Heaney,571760.0,657756.0,5325,Globe Life Field,day,R
718078,2023-05-21,2023,MIA,SF,146,137,5,7,12,1,9,0,666200.0,Jesús Luzardo,622072.0,Alex Wood,676254.0,666200.0,2395,Oracle Park,day,R
718080,2023-05-21,2023,MIN,LAA,142,108,2,4,6,1,9,0,641154.0,Pablo López,660271.0,Shohei Ohtani,606965.0,641154.0,1,Angel Stadium,day,R
718079,2023-05-21,2023,BOS,SD,111,135,0,7,7,1,9,0,446372.0,Corey Kluber,608379.0,Michael Wacha,608379.0,446372.0,2680,Petco Park,day,R
718072,2023-05-22,2023,CWS,CLE,145,114,0,3,3,1,9,0,669424.0,Jimmy Lambert,683769.0,Hunter Gaddis,683769.0,669947.0,5,Progressive Field,night,R
718075,2023-05-22,2023,TEX,PIT,140,134,4,6,10,1,9,0,641540.0,Dane Dunning,682847.0,Luis Ortiz,682847.0,622250.0,31,PNC Park,night,R
718071,2023-05-22,2023,STL,CIN,138,113,5,6,11,1,10,1,656756.0,Jordan Montgomery,682227.0,Brandon Williamson,664139.0,664854.0,2602,Great American Ball Park,night,R
718077,2023-05-22,2023,TOR,TB,141,139,4,6,10,1,9,0,605135.0,Chris Bassitt,665001.0,Trevor Kelley,676596.0,605135.0,12,Tropicana Field,night,R
718073,2023-05-22,2023,ARI,PHI,109,143,6,3,9,0,9,0,674072.0,Tommy Henry,554430.0,Zack Wheeler,674072.0,554430.0,2681,Citizens Bank Park,night,R
718074,2023-05-22,2023,LAD,ATL,119,144,8,6,14,0,9,0,694813.0,Gavin Stone,450203.0,Charlie Morton,623465.0,450203.0,4705,Truist Park,night,R
718066,2023-05-22,2023,DET,KC,116,118,8,5,13,0,10,1,547179.0,Michael Lorenzen,663903.0,Brady Singer,656638.0,605130.0,7,Kauffman Stadium,night,R
718067,2023-05-22,2023,SF,MIN,137,142,4,1,5,0,9,0,605154.0,John Brebbia,641927.0,Bailey Ober,640455.0,641927.0,3312,Target Field,night,R
718068,2023-05-22,2023,HOU,MIL,117,158,12,2,14,0,9,0,664299.0,Cristian Javier,669203.0,Corbin Burnes,664299.0,669203.0,32,American Family Field,night,R
718069,2023-05-23,2023,MIA,COL,146,115,3,5,8,1,9,0,665795.0,Edward Cabrera,502624.0,Chase Anderson,656234.0,665795.0,19,Coors Field,night,R
718070,2023-05-23,2023,BOS,LAA,111,108,1,2,3,1,9,0,656557.0,Tanner Houck,642545.0,Jaime Barria,681217.0,676710.0,1,Angel Stadium,night,R
718062,2023-05-23,2023,OAK,SEA,133,136,2,11,13,1,9,0,666205.0,Kyle Muller,622491.0,Luis Castillo,622491.0,666205.0,680,T-Mobile Park,night,R
718063,2023-05-23,2023,CWS,CLE,145,114,4,2,6,0,9,0,656302.0,Dylan Cease,671106.0,Logan Allen,656302.0,671106.0,5,Progressive Field,night,R
718065,2023-05-23,2023,TEX,PIT,140,134,6,1,7,0,9,0,543135.0,Nathan Eovaldi,448179.0,Rich Hill,543135.0,448179.0,31,PNC Park,night,R
718059,2023-05-23,2023,STL,CIN,138,113,8,5,13,0,9,0,425794.0,Adam Wainwright,668933.0,Graham Ashcraft,425794.0,668933.0,2602,Great American Ball Park,night,R
718061,2023-05-23,2023,TOR,TB,141,139,20,1,21,0,9,0,621244.0,José Berríos,671737.0,Taj Bradley,621244.0,671737.0,12,Tropicana Field,night,R
718060,2023-05-23,2023,ARI,PHI,109,143,4,3,7,0,9,0,669194.0,Ryne Nelson,621381.0,Matt Strahm,612434.0,622554.0,2681,Citizens Bank Park,night,R
718064,2023-05-23,2023,SD,WSH,135,120,7,4,11,0,9,0,506433.0,Yu Darvish,669022.0,MacKenzie Gore,506433.0,541640.0,3309,Nationals Park,night,R
718058,2023-05-23,2023,BAL,NYY,110,147,5,6,11,1,10,1,680694.0,Kyle Bradish,543037.0,Gerrit Cole,650633.0,641329.0,3313,Yankee Stadium,night,R
718057,2023-05-23,2023,LAD,ATL,119,144,8,1,9,0,9,0,676272.0,Bobby Miller,675911.0,Spencer Strider,676272.0,675911.0,4705,Truist Park,night,R
718049,2023-05-23,2023,DET,KC,116,118,1,4,5,1,9,0,593958.0,Eduardo Rodriguez,594577.0,Mike Mayers,621016.0,593958.0,7,Kauffman Stadium,night,R
718055,2023-05-23,2023,NYM,CHC,121,112,2,7,9,1,9,0,656731.0,Tylor Megill,592767.0,Drew Smyly,592767.0,656731.0,17,Wrigley Field,night,R
718054,2023-05-23,2023,SF,MIN,137,142,4,3,7,0,9,0,502171.0,Alex Cobb,543243.0,Sonny Gray,502171.0,605347.0,3312,Target Field,night,R
718056,2023-05-23,2023,HOU,MIL,117,158,0,6,6,1,9,0,641585.0,J.P. France,607067.0,Colin Rea,607067.0,641585.0,32,American Family Field,night,R
718051,2023-05-24,2023,MIA,COL,146,115,4,5,9,1,9,0,691587.0,Eury Pérez,596295.0,Austin Gomber,596295.0,691587.0,19,Coors Field,night,R
718053,2023-05-24,2023,BOS,LAA,111,108,0,4,4,1,9,0,678394.0,Brayan Bello,656288.0,Griffin Canning,656288.0,678394.0,1,Angel Stadium,night,R
718050,2023-05-24,2023,OAK,SEA,133,136,2,3,5,1,9,0,665622.0,Luis Medina,594835.0,Marco Gonzales,594835.0,665622.0,680,T-Mobile Park,night,R
718045,2023-05-24,2023,TEX,PIT,140,134,3,2,5,0,9,0,527048.0,Martín Pérez,670912.0,Johan Oviedo,527048.0,670912.0,31,PNC Park,day,R
718043,2023-05-24,2023,ARI,PHI,109,143,5,6,11,1,10,1,668678.0,Zac Gallen,624133.0,Ranger Suárez,518886.0,614179.0,2681,Citizens Bank Park,day,R
718047,2023-05-24,2023,SF,MIN,137,142,1,7,8,1,9,0,543101.0,Anthony DeSclafani,657746.0,Joe Ryan,657746.0,543101.0,3312,Target Field,day,R
718048,2023-05-24,2023,CWS,CLE,145,114,6,0,6,0,9,0,656629.0,Michael Kopech,615698.0,Cal Quantrill,656629.0,615698.0,5,Progressive Field,day,R
718046,2023-05-24,2023,HOU,MIL,117,158,0,4,4,1,9,0,656232.0,Brandon Bielak,605288.0,Adrian Houser,605288.0,656232.0,32,American Family Field,day,R
718041,2023-05-24,2023,STL,CIN,138,113,3,10,13,1,9,0,571927.0,Steven Matz,594902.0,Ben Lively,594902.0,571927.0,2602,Great American Ball Park,night,R
718044,2023-05-24,2023,TOR,TB,141,139,3,7,10,1,9,0,579328.0,Yusei Kikuchi,663556.0,Shane McClanahan,663556.0,579328.0,12,Tropicana Field,night,R
718052,2023-05-24,2023,SD,WSH,135,120,3,5,8,1,9,0,677960.0,Ryan Weathers,592866.0,Trevor Williams,592866.0,677960.0,3309,Nationals Park,night,R
718040,2023-05-24,2023,BAL,NYY,110,147,9,6,15,0,9,0,669330.0,Tyler Wells,641482.0,Nestor Cortes,657508.0,622772.0,3313,Yankee Stadium,night,R
718042,2023-05-24,2023,LAD,ATL,119,144,3,4,7,1,9,0,664062.0,Tony Gonsolin,693821.0,Bryce Elder,628452.0,641360.0,4705,Truist Park,night,R
718039,2023-05-24,2023,DET,KC,116,118,6,4,10,0,9,0,571510.0,Matthew Boyd,425844.0,Zack Greinke,676684.0,657031.0,7,Kauffman Stadium,night,R
718038,2023-05-24,2023,NYM,CHC,121,112,2,4,6,1,9,0,673540.0,Kodai Senga,573186.0,Marcus Stroman,573186.0,673540.0,17,Wrigley Field,night,R
718036,2023-05-25,2023,MIA,COL,146,115,10,2,12,0,9,0,645261.0,Sandy Alcantara,666154.0,Karl Kauffmann,645261.0,666154.0,19,Coors Field,night,R
718034,2023-05-25,2023,BOS,LAA,111,108,3,7,10,1,9,0,572020.0,James Paxton,542881.0,Tyler Anderson,542881.0,572020.0,1,Angel Stadium,night,R
718037,2023-05-25,2023,OAK,SEA,133,136,1,6,7,1,9,0,686610.0,Ken Waldichuk,682243.0,Bryce Miller,682243.0,686610.0,680,T-Mobile Park,night,R
718030,2023-05-25,2023,STL,CIN,138,113,2,1,3,0,9,0,571945.0,Miles Mikolas,596133.0,Luke Weaver,571945.0,608371.0,2602,Great American Ball Park,day,R
718032,2023-05-25,2023,TOR,TB,141,139,3,6,9,1,9,0,666201.0,Alek Manoah,621107.0,Zach Eflin,621107.0,666201.0,12,Tropicana Field,day,R
718033,2023-05-25,2023,MIA,COL,146,115,6,7,13,1,9,0,666129.0,Braxton Garrett,607536.0,Kyle Freeland,608718.0,623211.0,19,Coors Field,day,R
718035,2023-05-25,2023,SD,WSH,135,120,8,6,14,0,9,0,605483.0,Blake Snell,663623.0,Jake Irvin,656290.0,640451.0,3309,Nationals Park,day,R
718031,2023-05-25,2023,CWS,DET,145,116,2,7,9,1,9,0,608337.0,Lucas Giolito,656412.0,Alex Faedo,656412.0,608337.0,2394,Comerica Park,night,R
718029,2023-05-25,2023,BAL,NYY,110,147,3,1,4,0,9,0,502043.0,Kyle Gibson,657376.0,Clarke Schmidt,502043.0,657376.0,3313,Yankee Stadium,night,R
718026,2023-05-25,2023,PHI,ATL,143,144,5,8,13,1,9,0,605400.0,Aaron Nola,689266.0,Dylan Dodd,623433.0,642397.0,4705,Truist Park,night,R
718024,2023-05-25,2023,NYM,CHC,121,112,10,1,11,0,9,0,471911.0,Carlos Carrasco,543294.0,Kyle Hendricks,471911.0,543294.0,17,Wrigley Field,night,R
718028,2023-05-25,2023,SF,MIL,137,158,5,0,5,0,9,0,518397.0,Scott Alexander,527054.0,Julio Teheran,596001.0,527054.0,32,American Family Field,night,R
718025,2023-05-26,2023,OAK,SEA,133,136,2,3,5,1,9,0,676664.0,JP Sears,669302.0,Logan Gilbert,669302.0,663992.0,680,T-Mobile Park,night,R
718027,2023-05-26,2023,CIN,CHC,113,112,9,0,9,0,9,0,668881.0,Hunter Greene,657006.0,Justin Steele,668881.0,657006.0,17,Wrigley Field,day,R
718018,2023-05-26,2023,LAD,TB,119,139,3,9,12,1,9,0,592789.0,Noah Syndergaard,656222.0,Jalen Beeks,681867.0,592789.0,12,Tropicana Field,night,R
718021,2023-05-26,2023,CWS,DET,145,116,12,3,15,0,9,0,458681.0,Lance Lynn,666214.0,Joey Wentz,458681.0,666214.0,2394,Comerica Park,night,R
718020,2023-05-26,2023,TEX,BAL,140,110,12,2,14,0,9,0,592351.0,Jon Gray,680570.0,Grayson Rodriguez,592351.0,680570.0,2,Oriole Park at Camden Yards,night,R
718023,2023-05-26,2023,SD,NYY,135,147,5,1,6,0,9,0,605397.0,Joe Musgrove,681190.0,Randy Vásquez,605397.0,681190.0,3313,Yankee Stadium,night,R
718022,2023-05-26,2023,STL,CLE,138,114,3,4,7,1,9,0,669461.0,Matthew Liberatore,669456.0,Shane Bieber,669456.0,669461.0,5,Progressive Field,night,R
718019,2023-05-26,2023,PHI,ATL,143,144,6,4,10,0,9,0,592836.0,Taijuan Walker,694363.0,Jared Shuster,592836.0,641729.0,4705,Truist Park,night,R
718014,2023-05-27,2023,WSH,KC,120,118,12,10,22,0,9,0,571578.0,Patrick Corbin,543475.0,Jordan Lyles,571578.0,543475.0,7,Kauffman Stadium,night,R
718013,2023-05-27,2023,TOR,MIN,141,142,3,1,4,0,9,0,592332.0,Kevin Gausman,686973.0,Louis Varland,592332.0,686973.0,3312,Target Field,night,R
718017,2023-05-27,2023,SF,MIL,137,158,15,1,16,0,9,0,622072.0,Alex Wood,642547.0,Freddy Peralta,622072.0,642547.0,32,American Family Field,night,R
718016,2023-05-27,2023,NYM,COL,121,115,5,2,7,0,9,0,453286.0,Max Scherzer,657756.0,Connor Seabold,453286.0,657756.0,19,Coors Field,night,R
718015,2023-05-27,2023,MIA,LAA,146,108,6,2,8,0,9,0,666200.0,Jesús Luzardo,672282.0,Reid Detmers,666200.0,672282.0,1,Angel Stadium,night,R
718010,2023-05-27,2023,BOS,ARI,111,109,7,2,9,0,9,0,519242.0,Chris Sale,694297.0,Brandon Pfaadt,519242.0,694297.0,15,Chase Field,night,R
718009,2023-05-27,2023,HOU,OAK,117,133,5,2,7,0,9,0,686613.0,Hunter Brown,621076.0,James Kaprielian,686613.0,621076.0,10,Oakland Coliseum,night,R
718012,2023-05-27,2023,PIT,SEA,134,136,11,6,17,0,9,0,656605.0,Mitch Keller,669923.0,George Kirby,656605.0,669923.0,680,T-Mobile Park,night,R
718006,2023-05-27,2023,SD,NYY,135,147,2,3,5,1,10,1,608379.0,Michael Wacha,622663.0,Luis Severino,605280.0,607259.0,3313,Yankee Stadium,day,R
718005,2023-05-27,2023,CWS,DET,145,116,3,7,10,1,9,0,669947.0,Jesse Scholtens,547179.0,Michael Lorenzen,671345.0,523260.0,2394,Comerica Park,day,R
718008,2023-05-27,2023,TOR,MIN,141,142,7,9,16,1,9,0,605135.0,Chris Bassitt,641154.0,Pablo López,641154.0,605135.0,3312,Target Field,day,R
718001,2023-05-27,2023,TEX,BAL,140,110,5,3,8,0,9,0,571760.0,Andrew Heaney,665152.0,Dean Kremer,571760.0,665152.0,2,Oriole Park at Camden Yards,day,R
718003,2023-05-27,2023,HOU,OAK,117,133,6,3,9,0,9,0,664285.0,Framber Valdez,643493.0,Austin Pruitt,664285.0,643493.0,10,Oakland Coliseum,day,R
718000,2023-05-27,2023,WSH,KC,120,118,4,2,6,0,9,0,680686.0,Josiah Gray,663903.0,Brady Singer,666168.0,657031.0,7,Kauffman Stadium,day,R
718004,2023-05-27,2023,PIT,SEA,134,136,0,5,5,1,9,0,592826.0,Vince Velasquez,622491.0,Luis Castillo,622491.0,592826.0,680,T-Mobile Park,day,R
718002,2023-05-27,2023,LAD,TB,119,139,6,5,11,0,9,0,477132.0,Clayton Kershaw,607192.0,Tyler Glasnow,622075.0,621363.0,12,Tropicana Field,day,R
717997,2023-05-27,2023,PHI,ATL,143,144,2,1,3,0,9,0,554430.0,Zack Wheeler,450203.0,Charlie Morton,554430.0,450203.0,4705,Truist Park,day,R
717999,2023-05-27,2023,SF,MIL,137,158,3,1,4,0,9,0,657277.0,Logan Webb,669203.0,Corbin Burnes,657277.0,657265.0,32,American Family Field,day,R
717991,2023-05-27,2023,BOS,ARI,111,109,2,1,3,0,9,0,676477.0,Garrett Whitlock,605200.0,Zach Davies,676477.0,605200.0,15,Chase Field,day,R
718007,2023-05-27,2023,CIN,CHC,113,112,8,5,13,0,9,0,682227.0,Brandon Williamson,592791.0,Jameson Taillon,571656.0,605242.0,17,Wrigley Field,night,R
717996,2023-05-27,2023,STL,CLE,138,114,2,1,3,0,10,1,656427.0,Jack Flaherty,676440.0,Tanner Bibee,664854.0,680704.0,5,Progressive Field,night,R
718011,2023-05-28,2023,NYM,COL,121,115,7,10,17,1,9,0,434378.0,Justin Verlander,502624.0,Chase Anderson,664875.0,656257.0,19,Coors Field,night,R
717998,2023-05-28,2023,MIA,LAA,146,108,8,5,13,0,10,1,665795.0,Edward Cabrera,660271.0,Shohei Ohtani,571670.0,642545.0,1,Angel Stadium,night,R
717994,2023-05-28,2023,LAD,TB,119,139,10,11,21,1,9,0,694813.0,Gavin Stone,676596.0,Josh Fleming,656222.0,624647.0,12,Tropicana Field,day,R
717990,2023-05-28,2023,TEX,BAL,140,110,2,3,5,1,9,0,674003.0,Cody Bradford,680694.0,Kyle Bradish,543056.0,666142.0,2,Oriole Park at Camden Yards,day,R
717995,2023-05-28,2023,SD,NYY,135,147,7,10,17,1,9,0,506433.0,Yu Darvish,543037.0,Gerrit Cole,543037.0,506433.0,3313,Yankee Stadium,day,R
717993,2023-05-28,2023,STL,CLE,138,114,3,4,7,1,9,0,656756.0,Jordan Montgomery,683769.0,Hunter Gaddis,675540.0,664854.0,5,Progressive Field,day,R
717989,2023-05-28,2023,CWS,DET,145,116,5,6,11,1,10,1,656302.0,Dylan Cease,593958.0,Eduardo Rodriguez,656638.0,625643.0,2394,Comerica Park,day,R
717985,2023-05-28,2023,WSH,KC,120,118,2,3,5,1,9,0,669022.0,MacKenzie Gore,663738.0,Daniel Lynch IV,605130.0,641771.0,7,Kauffman Stadium,day,R
717988,2023-05-28,2023,TOR,MIN,141,142,3,0,3,0,9,0,621244.0,José Berríos,641927.0,Bailey Ober,621244.0,641927.0,3312,Target Field,day,R
717986,2023-05-28,2023,SF,MIL,137,158,5,7,12,1,9,0,502171.0,Alex Cobb,607067.0,Colin Rea,607067.0,502171.0,32,American Family Field,day,R
717987,2023-05-28,2023,CIN,CHC,113,112,8,5,13,0,9,0,668933.0,Graham Ashcraft,592767.0,Drew Smyly,668933.0,592767.0,17,Wrigley Field,day,R
717982,2023-05-28,2023,NYM,COL,121,115,10,11,21,1,9,0,656731.0,Tylor Megill,596295.0,Austin Gomber,663567.0,668665.0,19,Coors Field,day,R
717980,2023-05-28,2023,HOU,OAK,117,133,10,1,11,0,9,0,664299.0,Cristian Javier,686610.0,Ken Waldichuk,664299.0,665622.0,10,Oakland Coliseum,day,R
717984,2023-05-28,2023,MIA,LAA,146,108,2,0,2,0,9,0,691587.0,Eury Pérez,663776.0,Patrick Sandoval,691587.0,663776.0,1,Angel Stadium,day,R
717981,2023-05-28,2023,BOS,ARI,111,109,2,4,6,1,9,0,656557.0,Tanner Houck,518876.0,Merrill Kelly,518876.0,656557.0,15,Chase Field,day,R
717983,2023-05-28,2023,PIT,SEA,134,136,3,6,9,1,10,1,682847.0,Luis Ortiz,594835.0,Marco Gonzales,642048.0,596112.0,680,T-Mobile Park,day,R
717992,2023-05-28,2023,PHI,ATL,143,144,4,11,15,1,9,0,592229.0,Dylan Covey,675911.0,Spencer Strider,675911.0,592229.0,4705,Truist Park,night,R
717974,2023-05-29,2023,CLE,BAL,114,110,5,0,5,0,9,0,671106.0,Logan Allen,669330.0,Tyler Wells,671106.0,669330.0,2,Oriole Park at Camden Yards,day,R
717979,2023-05-29,2023,TEX,DET,140,116,5,0,5,0,9,0,543135.0,Nathan Eovaldi,571510.0,Matthew Boyd,543135.0,571510.0,2394,Comerica Park,day,R
717975,2023-05-29,2023,KC,STL,118,138,7,0,7,0,9,0,622251.0,Josh Staumont,425794.0,Adam Wainwright,594577.0,425794.0,2889,Busch Stadium,day,R
717976,2023-05-29,2023,TB,CHC,139,112,0,1,1,1,9,0,671737.0,Taj Bradley,573186.0,Marcus Stroman,573186.0,671737.0,17,Wrigley Field,day,R
717977,2023-05-29,2023,COL,ARI,115,109,5,7,12,1,9,0,666154.0,Karl Kauffmann,669194.0,Ryne Nelson,669194.0,666154.0,15,Chase Field,day,R
717968,2023-05-29,2023,MIN,HOU,142,117,7,5,12,0,10,1,543243.0,Sonny Gray,641585.0,J.P. France,661395.0,650556.0,2392,Minute Maid Park,day,R
717978,2023-05-29,2023,PIT,SF,134,137,4,14,18,1,9,0,448179.0,Rich Hill,543101.0,Anthony DeSclafani,543101.0,448179.0,2395,Oracle Park,day,R
717970,2023-05-30,2023,ATL,OAK,144,133,2,7,9,1,9,0,647336.0,Michael Soroka,621112.0,Paul Blackburn,668674.0,647336.0,10,Oakland Coliseum,night,R
717971,2023-05-30,2023,LAA,CWS,108,145,6,4,10,0,9,0,656288.0,Griffin Canning,656629.0,Michael Kopech,656288.0,656629.0,4,Guaranteed Rate Field,night,R
717973,2023-05-30,2023,WSH,LAD,120,119,1,6,7,1,9,0,592866.0,Trevor Williams,676272.0,Bobby Miller,676272.0,592866.0,22,Dodger Stadium,night,R
717969,2023-05-30,2023,NYY,SEA,147,136,10,4,14,0,9,0,593334.0,Domingo Germán,682243.0,Bryce Miller,593334.0,682243.0,680,T-Mobile Park,night,R
717964,2023-05-30,2023,TEX,DET,140,116,10,6,16,0,9,0,527048.0,Martín Pérez,656412.0,Alex Faedo,681982.0,656412.0,2394,Comerica Park,night,R
717963,2023-05-30,2023,SD,MIA,135,146,9,4,13,0,9,0,677960.0,Ryan Weathers,645261.0,Sandy Alcantara,607259.0,571670.0,4169,loanDepot park,night,R
717967,2023-05-30,2023,CLE,BAL,114,110,5,8,13,1,9,0,615698.0,Cal Quantrill,502043.0,Kyle Gibson,502043.0,615698.0,2,Oriole Park at Camden Yards,night,R
717965,2023-05-30,2023,MIL,TOR,158,141,2,7,9,1,9,0,605288.0,Adrian Houser,579328.0,Yusei Kikuchi,579328.0,605288.0,14,Rogers Centre,night,R
717966,2023-05-30,2023,CIN,BOS,113,111,9,8,17,0,9,0,594902.0,Ben Lively,678394.0,Brayan Bello,594902.0,678394.0,3,Fenway Park,night,R
717962,2023-05-30,2023,PHI,NYM,143,121,0,2,2,1,9,0,624133.0,Ranger Suárez,673540.0,Kodai Senga,673540.0,624133.0,3289,Citi Field,night,R
717960,2023-05-30,2023,KC,STL,118,138,1,2,3,1,9,0,425844.0,Zack Greinke,571945.0,Miles Mikolas,571945.0,672578.0,2889,Busch Stadium,night,R
717961,2023-05-31,2023,TB,CHC,139,112,1,2,3,1,9,0,663556.0,Shane McClanahan,543294.0,Kyle Hendricks,657240.0,663556.0,17,Wrigley Field,night,R
717956,2023-05-31,2023,MIN,HOU,142,117,1,5,6,1,9,0,657746.0,Joe Ryan,656232.0,Brandon Bielak,656232.0,657746.0,2392,Minute Maid Park,night,R
717959,2023-05-31,2023,LAA,CWS,108,145,3,7,10,1,9,0,542881.0,Tyler Anderson,608337.0,Lucas Giolito,608337.0,542881.0,4,Guaranteed Rate Field,night,R
717955,2023-05-31,2023,COL,ARI,115,109,1,5,6,1,9,0,607536.0,Kyle Freeland,668678.0,Zac Gallen,668678.0,607536.0,15,Chase Field,night,R
717958,2023-05-31,2023,ATL,OAK,144,133,1,2,3,1,9,0,693821.0,Bryce Elder,676664.0,JP Sears,660261.0,628452.0,10,Oakland Coliseum,night,R
717952,2023-05-31,2023,NYY,SEA,147,136,10,2,12,0,9,0,641482.0,Nestor Cortes,669302.0,Logan Gilbert,641482.0,669302.0,680,T-Mobile Park,night,R
717972,2023-05-31,2023,PIT,SF,134,137,2,1,3,0,9,0,670912.0,Johan Oviedo,605154.0,John Brebbia,664294.0,640455.0,2395,Oracle Park,night,R
717957,2023-05-31,2023,WSH,LAD,120,119,3,9,12,1,9,0,663623.0,Jake Irvin,664062.0,Tony Gonsolin,664062.0,663623.0,22,Dodger Stadium,night,R
717951,2023-05-31,2023,TEX,DET,140,116,2,3,5,1,9,0,641540.0,Dane Dunning,666214.0,Joey Wentz,676684.0,641540.0,2394,Comerica Park,day,R
717943,2023-05-31,2023,LAA,CWS,108,145,12,5,17,0,9,0,642545.0,Jaime Barria,458681.0,Lance Lynn,642545.0,458681.0,4,Guaranteed Rate Field,day,R
717950,2023-05-31,2023,TB,CHC,139,112,4,3,7,0,9,0,621107.0,Zach Eflin,657006.0,Justin Steele,621363.0,643410.0,17,Wrigley Field,day,R
717946,2023-05-31,2023,CLE,BAL,114,110,12,8,20,0,9,0,669456.0,Shane Bieber,669211.0,Keegan Akin,675540.0,571710.0,2,Oriole Park at Camden Yards,day,R
717949,2023-05-31,2023,ATL,OAK,144,133,4,2,6,0,9,0,694363.0,Jared Shuster,621076.0,James Kaprielian,694363.0,621076.0,10,Oakland Coliseum,day,R
717953,2023-05-31,2023,PIT,SF,134,137,9,4,13,0,9,0,656605.0,Mitch Keller,622072.0,Alex Wood,656605.0,622072.0,2395,Oracle Park,day,R
717954,2023-05-31,2023,WSH,LAD,120,119,10,6,16,0,9,0,571578.0,Patrick Corbin,592789.0,Noah Syndergaard,640448.0,660813.0,22,Dodger Stadium,day,R
717945,2023-05-31,2023,SD,MIA,135,146,1,2,3,1,9,0,605483.0,Blake Snell,666129.0,Braxton Garrett,595345.0,623352.0,4169,loanDepot park,night,R
717947,2023-05-31,2023,MIL,TOR,158,141,4,2,6,0,9,0,527054.0,Julio Teheran,666201.0,Alek Manoah,527054.0,666201.0,14,Rogers Centre,night,R
717948,2023-05-31,2023,CIN,BOS,113,111,5,4,9,0,9,0,596133.0,Luke Weaver,572020.0,James Paxton,664139.0,670174.0,3,Fenway Park,night,R
717944,2023-05-31,2023,PHI,NYM,143,121,1,4,5,1,9,0,605400.0,Aaron Nola,471911.0,Carlos Carrasco,471911.0,605400.0,3289,Citi Field,night,R
717938,2023-06-01,2023,MIN,HOU,142,117,8,2,10,0,9,0,686973.0,Louis Varland,686613.0,Hunter Brown,686973.0,686613.0,2392,Minute Maid Park,night,R
717940,2023-06-01,2023,COL,ARI,115,109,0,6,6,1,9,0,659275.0,Dinelson Lamet,674072.0,Tommy Henry,674072.0,659275.0,15,Chase Field,night,R
717939,2023-06-01,2023,NYY,SEA,147,136,0,1,1,1,10,1,657376.0,Clarke Schmidt,669923.0,George Kirby,623437.0,676760.0,680,T-Mobile Park,night,R
717942,2023-06-01,2023,MIL,TOR,158,141,1,3,4,1,9,0,642547.0,Freddy Peralta,592332.0,Kevin Gausman,592332.0,642547.0,14,Rogers Centre,day,R
717934,2023-06-01,2023,PHI,NYM,143,121,2,4,6,1,9,0,592836.0,Taijuan Walker,453286.0,Max Scherzer,453286.0,592836.0,3289,Citi Field,day,R
717941,2023-06-01,2023,SD,MIA,135,146,10,1,11,0,9,0,605397.0,Joe Musgrove,666200.0,Jesús Luzardo,605397.0,666200.0,4169,loanDepot park,day,R
717933,2023-06-01,2023,COL,ARI,115,109,4,5,9,1,9,0,657756.0,Connor Seabold,605200.0,Zach Davies,656464.0,572955.0,15,Chase Field,day,R
717932,2023-06-01,2023,CIN,BOS,113,111,2,8,10,1,9,0,668881.0,Hunter Greene,519242.0,Chris Sale,455119.0,643361.0,3,Fenway Park,night,R
717937,2023-06-01,2023,CLE,MIN,114,142,6,7,13,1,9,0,676440.0,Tanner Bibee,641154.0,Pablo López,643377.0,669212.0,3312,Target Field,night,R
717936,2023-06-02,2023,LAA,HOU,108,117,2,5,7,1,9,0,672282.0,Reid Detmers,669854.0,Ronel Blanco,669854.0,672282.0,2392,Minute Maid Park,night,R
717931,2023-06-02,2023,MIL,CIN,158,113,5,4,9,0,11,1,669203.0,Corbin Burnes,682227.0,Brandon Williamson,665625.0,518585.0,2602,Great American Ball Park,night,R
717927,2023-06-02,2023,OAK,MIA,133,146,0,4,4,1,9,0,660261.0,Shintaro Fujinami,665795.0,Edward Cabrera,665795.0,660261.0,4169,loanDepot park,night,R
717930,2023-06-02,2023,STL,PIT,138,134,5,7,12,1,9,0,656427.0,Jack Flaherty,672710.0,Roansy Contreras,670990.0,606149.0,31,PNC Park,night,R
717935,2023-06-02,2023,PHI,WSH,143,120,7,8,15,1,9,0,554430.0,Zack Wheeler,680686.0,Josiah Gray,640448.0,641401.0,3309,Nationals Park,night,R
717929,2023-06-02,2023,TOR,NYM,141,121,3,0,3,0,9,0,605135.0,Chris Bassitt,434378.0,Justin Verlander,605135.0,434378.0,3289,Citi Field,night,R
717922,2023-06-03,2023,SEA,TEX,136,140,0,2,2,1,9,0,622491.0,Luis Castillo,592351.0,Jon Gray,592351.0,622491.0,5325,Globe Life Field,night,R
717926,2023-06-03,2023,LAA,HOU,108,117,2,6,8,1,9,0,660271.0,Shohei Ohtani,664285.0,Framber Valdez,664285.0,660271.0,2392,Minute Maid Park,night,R
717923,2023-06-03,2023,COL,KC,115,118,7,2,9,0,9,0,502624.0,Chase Anderson,543475.0,Jordan Lyles,608718.0,672578.0,7,Kauffman Stadium,night,R
717924,2023-06-03,2023,CLE,MIN,114,142,0,1,1,1,9,0,650644.0,Aaron Civale,641927.0,Bailey Ober,592779.0,680704.0,3312,Target Field,night,R
717925,2023-06-03,2023,DET,CWS,116,145,0,3,3,1,9,0,681857.0,Reese Olson,605182.0,Mike Clevinger,641871.0,681857.0,4,Guaranteed Rate Field,night,R
717921,2023-06-03,2023,CHC,SD,112,135,2,1,3,0,9,0,592791.0,Jameson Taillon,608379.0,Michael Wacha,592791.0,608379.0,2680,Petco Park,night,R
717919,2023-06-03,2023,ATL,ARI,144,109,2,3,5,1,9,0,450203.0,Charlie Morton,518876.0,Merrill Kelly,518876.0,450203.0,15,Chase Field,night,R
717917,2023-06-03,2023,NYY,LAD,147,119,4,8,12,1,9,0,622663.0,Luis Severino,477132.0,Clayton Kershaw,477132.0,622663.0,22,Dodger Stadium,night,R
717920,2023-06-03,2023,BAL,SF,110,137,3,2,5,0,9,0,665152.0,Dean Kremer,657277.0,Logan Webb,665152.0,657277.0,2395,Oracle Park,night,R
717928,2023-06-02,2023,TB,BOS,139,111,0,0,0,0,9,0,607192.0,Tyler Glasnow,676477.0,Garrett Whitlock,,,3,Fenway Park,night,R
717918,2023-06-03,2023,TB,BOS,139,111,5,8,13,1,9,0,665001.0,Trevor Kelley,676477.0,Garrett Whitlock,446372.0,656222.0,3,Fenway Park,day,R
717885,2023-06-03,2023,TB,BOS,139,111,4,2,6,0,9,0,607192.0,Tyler Glasnow,676710.0,Kutter Crawford,676534.0,445276.0,3,Fenway Park,night,R
717915,2023-06-03,2023,DET,CWS,116,145,1,2,3,1,10,1,547179.0,Michael Lorenzen,656302.0,Dylan Cease,625643.0,542585.0,4,Guaranteed Rate Field,day,R
717907,2023-06-03,2023,STL,PIT,138,134,3,4,7,1,9,0,656756.0,Jordan Montgomery,682847.0,Luis Ortiz,664294.0,656756.0,31,PNC Park,day,R
717912,2023-06-03,2023,SEA,TEX,136,140,6,16,22,1,9,0,693433.0,Bryan Woo,571760.0,Andrew Heaney,622250.0,693433.0,5325,Globe Life Field,day,R
717914,2023-06-03,2023,PHI,WSH,143,120,4,2,6,0,9,0,621381.0,Matt Strahm,669022.0,MacKenzie Gore,592229.0,669022.0,3309,Nationals Park,day,R
717908,2023-06-03,2023,LAA,HOU,108,117,6,9,15,1,9,0,663776.0,Patrick Sandoval,664299.0,Cristian Javier,664299.0,663776.0,2392,Minute Maid Park,day,R
717909,2023-06-03,2023,COL,KC,115,118,6,4,10,0,9,0,596295.0,Austin Gomber,663738.0,Daniel Lynch IV,571539.0,663738.0,7,Kauffman Stadium,day,R
717910,2023-06-03,2023,TOR,NYM,141,121,2,1,3,0,9,0,621244.0,José Berríos,656731.0,Tylor Megill,663878.0,502085.0,3289,Citi Field,day,R
717911,2023-06-03,2023,OAK,MIA,133,146,1,12,13,1,9,0,665622.0,Luis Medina,691587.0,Eury Pérez,691587.0,665622.0,4169,loanDepot park,day,R
717906,2023-06-03,2023,MIL,CIN,158,113,10,8,18,0,9,0,607067.0,Colin Rea,668933.0,Graham Ashcraft,607067.0,668933.0,2602,Great American Ball Park,day,R
717913,2023-06-03,2023,CLE,MIN,114,142,4,2,6,0,9,0,671106.0,Logan Allen,543243.0,Sonny Gray,671106.0,543243.0,3312,Target Field,night,R
717905,2023-06-03,2023,NYY,LAD,147,119,6,3,9,0,9,0,543037.0,Gerrit Cole,675627.0,Michael Grove,543037.0,675627.0,22,Dodger Stadium,day,R
717916,2023-06-04,2023,BAL,SF,110,137,0,4,4,1,9,0,680694.0,Kyle Bradish,502171.0,Alex Cobb,502171.0,680694.0,2395,Oracle Park,night,R
717903,2023-06-04,2023,CHC,SD,112,135,0,6,6,1,9,0,592767.0,Drew Smyly,506433.0,Yu Darvish,506433.0,592767.0,2680,Petco Park,night,R
717901,2023-06-04,2023,ATL,ARI,144,109,5,2,7,0,9,0,675911.0,Spencer Strider,669194.0,Ryne Nelson,675911.0,669194.0,15,Chase Field,night,R
717898,2023-06-04,2023,STL,PIT,138,134,1,2,3,1,9,0,571945.0,Miles Mikolas,448179.0,Rich Hill,448179.0,571945.0,31,PNC Park,day,R
717904,2023-06-04,2023,TB,BOS,139,111,6,2,8,0,9,0,671737.0,Taj Bradley,656557.0,Tanner Houck,671737.0,656557.0,3,Fenway Park,day,R
717902,2023-06-04,2023,PHI,WSH,143,120,11,3,14,0,9,0,624133.0,Ranger Suárez,592866.0,Trevor Williams,624133.0,592866.0,3309,Nationals Park,day,R
717900,2023-06-04,2023,TOR,NYM,141,121,6,4,10,0,9,0,579328.0,Yusei Kikuchi,673540.0,Kodai Senga,663878.0,608678.0,3289,Citi Field,day,R
717896,2023-06-04,2023,OAK,MIA,133,146,5,7,12,1,9,0,621112.0,Paul Blackburn,645261.0,Sandy Alcantara,656945.0,643493.0,4169,loanDepot park,day,R
717897,2023-06-04,2023,MIL,CIN,158,113,5,1,6,0,9,0,605288.0,Adrian Houser,594902.0,Ben Lively,605288.0,594902.0,2602,Great American Ball Park,day,R
717899,2023-06-04,2023,LAA,HOU,108,117,2,1,3,0,9,0,656288.0,Griffin Canning,641585.0,J.P. France,606965.0,664208.0,2392,Minute Maid Park,day,R
717893,2023-06-04,2023,COL,KC,115,118,0,2,2,1,9,0,607536.0,Kyle Freeland,663903.0,Brady Singer,663903.0,607536.0,7,Kauffman Stadium,day,R
717895,2023-06-04,2023,CLE,MIN,114,142,2,1,3,0,9,0,663474.0,Triston McKenzie,657746.0,Joe Ryan,675916.0,657746.0,3312,Target Field,day,R
717891,2023-06-04,2023,DET,CWS,116,145,2,6,8,1,9,0,571510.0,Matthew Boyd,656629.0,Michael Kopech,521230.0,656638.0,4,Guaranteed Rate Field,day,R
717894,2023-06-04,2023,SEA,TEX,136,140,3,12,15,1,9,0,682243.0,Bryce Miller,543135.0,Nathan Eovaldi,543135.0,682243.0,5325,Globe Life Field,day,R
717890,2023-06-04,2023,BAL,SF,110,137,8,3,11,0,9,0,669330.0,Tyler Wells,543101.0,Anthony DeSclafani,669330.0,543101.0,2395,Oracle Park,day,R
717892,2023-06-04,2023,ATL,ARI,144,109,8,5,13,0,9,0,647336.0,Michael Soroka,668678.0,Zac Gallen,621345.0,612434.0,15,Chase Field,day,R
717889,2023-06-04,2023,CHC,SD,112,135,7,1,8,0,9,0,573186.0,Marcus Stroman,677960.0,Ryan Weathers,573186.0,677960.0,2680,Petco Park,day,R
717888,2023-06-04,2023,NYY,LAD,147,119,4,1,5,0,9,0,593334.0,Domingo Germán,676272.0,Bobby Miller,605280.0,623465.0,22,Dodger Stadium,day,R
717928,2023-06-05,2023,TB,BOS,139,111,4,1,5,0,9,0,663556.0,Shane McClanahan,678394.0,Brayan Bello,663556.0,678394.0,3,Fenway Park,day,R
717886,2023-06-05,2023,DET,PHI,116,143,3,8,11,1,9,0,666214.0,Joey Wentz,605400.0,Aaron Nola,605400.0,666214.0,2681,Citizens Bank Park,night,R
717887,2023-06-05,2023,KC,MIA,118,146,6,9,15,1,9,0,672578.0,Carlos Hernández,666129.0,Braxton Garrett,666129.0,594577.0,4169,loanDepot park,night,R
717884,2023-06-05,2023,OAK,PIT,133,134,4,5,9,1,9,0,676664.0,JP Sears,670912.0,Johan Oviedo,622780.0,594580.0,31,PNC Park,night,R
717878,2023-06-05,2023,HOU,TOR,117,141,11,4,15,0,9,0,656232.0,Brandon Bielak,666201.0,Alek Manoah,656232.0,666201.0,14,Rogers Centre,night,R
717883,2023-06-05,2023,MIL,CIN,158,113,0,2,2,1,9,0,527054.0,Julio Teheran,671096.0,Andrew Abbott,671096.0,527054.0,2602,Great American Ball Park,night,R
717879,2023-06-06,2023,STL,TEX,138,140,3,4,7,1,9,0,425794.0,Adam Wainwright,527048.0,Martín Pérez,519293.0,650893.0,5325,Globe Life Field,night,R
717880,2023-06-06,2023,CHC,SD,112,135,0,5,5,1,9,0,543294.0,Kyle Hendricks,605483.0,Blake Snell,605483.0,543294.0,2680,Petco Park,night,R
717882,2023-06-06,2023,MIN,TB,142,139,0,7,7,1,9,0,686973.0,Louis Varland,621107.0,Zach Eflin,621107.0,686973.0,12,Tropicana Field,night,R
717875,2023-06-06,2023,DET,PHI,116,143,0,1,1,1,9,0,641302.0,Tyler Alexander,592836.0,Taijuan Walker,592836.0,641302.0,2681,Citizens Bank Park,night,R
717876,2023-06-06,2023,KC,MIA,118,146,1,6,7,1,9,0,425844.0,Zack Greinke,666200.0,Jesús Luzardo,666200.0,425844.0,4169,loanDepot park,night,R
717881,2023-06-06,2023,ARI,WSH,109,120,10,5,15,0,9,0,674072.0,Tommy Henry,663623.0,Jake Irvin,614179.0,541640.0,3309,Nationals Park,night,R
717874,2023-06-06,2023,OAK,PIT,133,134,11,2,13,0,9,0,621076.0,James Kaprielian,656605.0,Mitch Keller,621076.0,656605.0,31,PNC Park,night,R
717877,2023-06-06,2023,CWS,NYY,145,147,3,2,5,0,9,0,608337.0,Lucas Giolito,657376.0,Clarke Schmidt,608337.0,657376.0,3313,Yankee Stadium,night,R
717871,2023-06-06,2023,HOU,TOR,117,141,1,5,6,1,9,0,686613.0,Hunter Brown,592332.0,Kevin Gausman,592332.0,686613.0,14,Rogers Centre,night,R
717873,2023-06-06,2023,BOS,CLE,111,114,5,4,9,0,9,0,572020.0,James Paxton,669456.0,Shane Bieber,572020.0,660853.0,5,Progressive Field,night,R
717870,2023-06-06,2023,LAD,CIN,119,113,8,9,17,1,9,0,664062.0,Tony Gonsolin,596133.0,Luke Weaver,674285.0,657571.0,2602,Great American Ball Park,night,R
717872,2023-06-06,2023,NYM,ATL,121,144,4,6,10,1,9,0,471911.0,Carlos Carrasco,693821.0,Bryce Elder,693821.0,622098.0,4705,Truist Park,night,R
717867,2023-06-06,2023,BAL,MIL,110,158,3,4,7,1,10,1,502043.0,Kyle Gibson,642547.0,Freddy Peralta,657265.0,608723.0,32,American Family Field,night,R
717868,2023-06-07,2023,STL,TEX,138,140,4,6,10,1,9,0,669461.0,Matthew Liberatore,641540.0,Dane Dunning,641540.0,669461.0,5325,Globe Life Field,night,R
717869,2023-06-07,2023,SF,COL,137,115,10,4,14,0,9,0,605154.0,John Brebbia,659275.0,Dinelson Lamet,676254.0,659275.0,19,Coors Field,night,R
717861,2023-06-07,2023,CHC,LAA,112,108,4,7,11,1,9,0,669713.0,Hayden Wesneski,542881.0,Tyler Anderson,542881.0,676714.0,1,Angel Stadium,night,R
717864,2023-06-07,2023,SEA,SD,136,135,4,1,5,0,9,0,669302.0,Logan Gilbert,605397.0,Joe Musgrove,669302.0,641703.0,2680,Petco Park,night,R
717865,2023-06-07,2023,OAK,PIT,133,134,9,5,14,0,9,0,663687.0,Hogan Harris,672710.0,Roansy Contreras,663687.0,672710.0,31,PNC Park,day,R
717863,2023-06-07,2023,SEA,SD,136,135,3,10,13,1,9,0,669923.0,George Kirby,608379.0,Michael Wacha,608379.0,669923.0,2680,Petco Park,day,R
717860,2023-06-07,2023,KC,MIA,118,146,1,6,7,1,9,0,543475.0,Jordan Lyles,665795.0,Edward Cabrera,665795.0,543475.0,4169,loanDepot park,night,R
717859,2023-06-07,2023,MIN,TB,142,139,1,2,3,1,9,0,641154.0,Pablo López,542888.0,Shawn Armstrong,592094.0,661395.0,12,Tropicana Field,night,R
717866,2023-06-07,2023,ARI,WSH,109,120,6,2,8,0,9,0,605200.0,Zach Davies,571578.0,Patrick Corbin,605200.0,571578.0,3309,Nationals Park,night,R
717856,2023-06-07,2023,HOU,TOR,117,141,2,3,5,1,9,0,669854.0,Ronel Blanco,605135.0,Chris Bassitt,605135.0,593576.0,14,Rogers Centre,night,R
717858,2023-06-07,2023,BOS,CLE,111,114,2,5,7,1,9,0,676710.0,Kutter Crawford,676440.0,Tanner Bibee,676440.0,676710.0,5,Progressive Field,night,R
717853,2023-06-07,2023,LAD,CIN,119,113,6,8,14,1,9,0,592789.0,Noah Syndergaard,682227.0,Brandon Williamson,664747.0,623465.0,2602,Great American Ball Park,night,R
717850,2023-06-07,2023,NYM,ATL,121,144,5,7,12,1,9,0,453286.0,Max Scherzer,450203.0,Charlie Morton,623433.0,548384.0,4705,Truist Park,night,R
717851,2023-06-07,2023,BAL,MIL,110,158,2,10,12,1,9,0,665152.0,Dean Kremer,669203.0,Corbin Burnes,669203.0,665152.0,32,American Family Field,night,R
717854,2023-06-08,2023,STL,TEX,138,140,1,0,1,0,9,0,656427.0,Jack Flaherty,592351.0,Jon Gray,663855.0,592351.0,5325,Globe Life Field,night,R
717852,2023-06-08,2023,SF,COL,137,115,5,4,9,0,9,0,657277.0,Logan Webb,657756.0,Connor Seabold,573124.0,664875.0,19,Coors Field,night,R
717855,2023-06-08,2023,CHC,LAA,112,108,2,6,8,1,9,0,592791.0,Jameson Taillon,642545.0,Jaime Barria,690829.0,592791.0,1,Angel Stadium,night,R
717862,2023-06-07,2023,DET,PHI,116,143,0,0,0,0,9,0,681857.0,Reese Olson,554430.0,Zack Wheeler,,,2681,Citizens Bank Park,night,R
717857,2023-06-07,2023,CWS,NYY,145,147,0,0,0,0,9,0,458681.0,Lance Lynn,,,,,3313,Yankee Stadium,night,R
717844,2023-06-08,2023,LAD,CIN,119,113,6,0,6,0,9,0,477132.0,Clayton Kershaw,668933.0,Graham Ashcraft,477132.0,668933.0,2602,Great American Ball Park,day,R
717845,2023-06-08,2023,MIN,TB,142,139,2,4,6,1,9,0,641927.0,Bailey Ober,630023.0,Yonny Chirinos,630023.0,641927.0,12,Tropicana Field,day,R
717849,2023-06-08,2023,BAL,MIL,110,158,6,3,9,0,9,0,680694.0,Kyle Bradish,607067.0,Colin Rea,669211.0,657265.0,32,American Family Field,day,R
717846,2023-06-08,2023,SF,COL,137,115,6,4,10,0,9,0,502171.0,Alex Cobb,502624.0,Chase Anderson,518397.0,572955.0,19,Coors Field,day,R
717848,2023-06-08,2023,CWS,NYY,145,147,6,5,11,0,9,0,458681.0,Lance Lynn,622663.0,Luis Severino,666619.0,650633.0,3313,Yankee Stadium,night,R
717857,2023-06-08,2023,CWS,NYY,145,147,0,3,3,1,9,0,605182.0,Mike Clevinger,681190.0,Randy Vásquez,681190.0,605182.0,3313,Yankee Stadium,night,R
717862,2023-06-08,2023,DET,PHI,116,143,2,3,5,1,9,0,663947.0,Tyler Holton,554430.0,Zack Wheeler,518886.0,656638.0,2681,Citizens Bank Park,night,R
717843,2023-06-08,2023,HOU,TOR,117,141,2,3,5,1,9,0,664285.0,Framber Valdez,621244.0,José Berríos,621244.0,664285.0,14,Rogers Centre,night,R
717842,2023-06-08,2023,BOS,CLE,111,114,3,10,13,1,9,0,571616.0,Matt Dermody,650644.0,Aaron Civale,650644.0,571616.0,5,Progressive Field,night,R
717840,2023-06-08,2023,NYM,ATL,121,144,10,13,23,1,10,1,434378.0,Justin Verlander,675911.0,Spencer Strider,628452.0,488984.0,4705,Truist Park,night,R
717838,2023-06-09,2023,CHC,LAA,112,108,1,3,4,1,9,0,592767.0,Drew Smyly,672282.0,Reid Detmers,672282.0,592767.0,1,Angel Stadium,night,R
717847,2023-06-08,2023,ARI,WSH,109,120,0,0,0,0,9,0,518876.0,Merrill Kelly,680686.0,Josiah Gray,,,3309,Nationals Park,day,R
717834,2023-06-09,2023,ARI,DET,109,116,11,6,17,0,9,0,518876.0,Merrill Kelly,547179.0,Michael Lorenzen,518876.0,547179.0,2394,Comerica Park,night,R
717827,2023-06-09,2023,TEX,TB,140,139,3,8,11,1,9,0,571760.0,Andrew Heaney,607192.0,Tyler Glasnow,607192.0,571760.0,12,Tropicana Field,night,R
717839,2023-06-09,2023,KC,BAL,118,110,2,3,5,1,9,0,663738.0,Daniel Lynch IV,669330.0,Tyler Wells,669330.0,663738.0,2,Oriole Park at Camden Yards,night,R
717836,2023-06-09,2023,NYM,PIT,121,134,7,14,21,1,9,0,656731.0,Tylor Megill,448179.0,Rich Hill,448179.0,656731.0,31,PNC Park,night,R
717837,2023-06-09,2023,LAD,PHI,119,143,4,5,9,1,9,0,675627.0,Michael Grove,624133.0,Ranger Suárez,642397.0,657571.0,2681,Citizens Bank Park,night,R
717841,2023-06-09,2023,BOS,NYY,111,147,3,2,5,0,9,0,676477.0,Garrett Whitlock,543037.0,Gerrit Cole,676477.0,543037.0,3313,Yankee Stadium,night,R
717835,2023-06-09,2023,MIN,TOR,142,141,3,2,5,0,10,1,543243.0,Sonny Gray,579328.0,Yusei Kikuchi,661395.0,643256.0,14,Rogers Centre,night,R
717833,2023-06-09,2023,HOU,CLE,117,114,9,10,19,1,14,1,664299.0,Cristian Javier,671106.0,Logan Allen,675540.0,661527.0,5,Progressive Field,night,R
717829,2023-06-09,2023,WSH,ATL,120,144,2,3,5,1,9,0,680686.0,Josiah Gray,700363.0,AJ Smith-Shawver,489446.0,640448.0,4705,Truist Park,night,R
717828,2023-06-10,2023,MIA,CWS,146,145,1,2,3,1,9,0,691587.0,Eury Pérez,656302.0,Dylan Cease,521230.0,571670.0,4,Guaranteed Rate Field,night,R
717831,2023-06-10,2023,OAK,MIL,133,158,5,2,7,0,9,0,594580.0,Sam Moll,605288.0,Adrian Houser,665622.0,605288.0,32,American Family Field,night,R
717832,2023-06-10,2023,CIN,STL,113,138,4,7,11,1,9,0,594902.0,Ben Lively,656756.0,Jordan Montgomery,656756.0,594902.0,2889,Busch Stadium,night,R
717830,2023-06-10,2023,SD,COL,135,115,9,6,15,0,9,0,506433.0,Yu Darvish,596295.0,Austin Gomber,506433.0,596295.0,19,Coors Field,night,R
717824,2023-06-10,2023,SEA,LAA,136,108,4,5,9,1,9,0,622491.0,Luis Castillo,660271.0,Shohei Ohtani,657097.0,622491.0,1,Angel Stadium,night,R
717823,2023-06-10,2023,CHC,SF,112,137,3,2,5,0,9,0,573186.0,Marcus Stroman,543101.0,Anthony DeSclafani,573186.0,543101.0,2395,Oracle Park,night,R
717821,2023-06-10,2023,ARI,DET,109,116,5,0,5,0,9,0,669194.0,Ryne Nelson,571510.0,Matthew Boyd,669194.0,571510.0,2394,Comerica Park,day,R
717820,2023-06-10,2023,MIA,CWS,146,145,5,1,6,0,9,0,645261.0,Sandy Alcantara,656629.0,Michael Kopech,595345.0,523260.0,4,Guaranteed Rate Field,day,R
717817,2023-06-10,2023,CIN,STL,113,138,8,4,12,0,9,0,671096.0,Andrew Abbott,571945.0,Miles Mikolas,671096.0,571945.0,2889,Busch Stadium,day,R
717822,2023-06-10,2023,MIN,TOR,142,141,9,4,13,0,9,0,657746.0,Joe Ryan,670950.0,Trevor Richards,605347.0,643256.0,14,Rogers Centre,day,R
717819,2023-06-10,2023,SD,COL,135,115,3,2,5,0,9,0,677960.0,Ryan Weathers,607536.0,Kyle Freeland,656290.0,656234.0,19,Coors Field,day,R
717818,2023-06-10,2023,KC,BAL,118,110,1,6,7,1,9,0,663903.0,Brady Singer,608344.0,Cole Irvin,608344.0,663903.0,2,Oriole Park at Camden Yards,day,R
717812,2023-06-10,2023,NYM,PIT,121,134,5,1,6,0,9,0,673540.0,Kodai Senga,670912.0,Johan Oviedo,673540.0,670912.0,31,PNC Park,day,R
717811,2023-06-10,2023,LAD,PHI,119,143,9,0,9,0,9,0,676272.0,Bobby Miller,605400.0,Aaron Nola,676272.0,605400.0,2681,Citizens Bank Park,day,R
717813,2023-06-10,2023,TEX,TB,140,139,8,4,12,0,9,0,543135.0,Nathan Eovaldi,671737.0,Taj Bradley,543135.0,671737.0,12,Tropicana Field,day,R
717816,2023-06-10,2023,WSH,ATL,120,144,4,6,10,1,9,0,669022.0,MacKenzie Gore,694363.0,Jared Shuster,694363.0,669022.0,4705,Truist Park,day,R
717814,2023-06-10,2023,OAK,MIL,133,158,2,1,3,0,10,1,621112.0,Paul Blackburn,527054.0,Julio Teheran,660261.0,606303.0,32,American Family Field,day,R
717815,2023-06-10,2023,HOU,CLE,117,114,6,4,10,0,9,0,641585.0,J.P. France,663474.0,Triston McKenzie,641585.0,663474.0,5,Progressive Field,night,R
717826,2023-06-10,2023,CHC,SF,112,137,4,0,4,0,9,0,543294.0,Kyle Hendricks,605154.0,John Brebbia,543294.0,596001.0,2395,Oracle Park,day,R
717825,2023-06-10,2023,BOS,NYY,111,147,1,3,4,1,9,0,656557.0,Tanner Houck,593334.0,Domingo Germán,593334.0,656557.0,3313,Yankee Stadium,night,R
717809,2023-06-11,2023,SEA,LAA,136,108,6,2,8,0,9,0,693433.0,Bryan Woo,663776.0,Patrick Sandoval,642100.0,663776.0,1,Angel Stadium,night,R
717804,2023-06-11,2023,ARI,DET,109,116,7,5,12,0,9,0,668678.0,Zac Gallen,676684.0,Will Vest,656464.0,671345.0,2394,Comerica Park,day,R
717802,2023-06-11,2023,HOU,CLE,117,114,0,5,5,1,9,0,656232.0,Brandon Bielak,669456.0,Shane Bieber,669456.0,656232.0,5,Progressive Field,day,R
717808,2023-06-11,2023,KC,BAL,118,110,3,11,14,1,9,0,672578.0,Carlos Hernández,502043.0,Kyle Gibson,502043.0,594577.0,2,Oriole Park at Camden Yards,day,R
717803,2023-06-11,2023,NYM,PIT,121,134,1,2,3,1,9,0,471911.0,Carlos Carrasco,656605.0,Mitch Keller,656605.0,471911.0,31,PNC Park,day,R
717806,2023-06-11,2023,LAD,PHI,119,143,3,7,10,1,9,0,657571.0,Caleb Ferguson,592836.0,Taijuan Walker,592836.0,657571.0,2681,Citizens Bank Park,day,R
717807,2023-06-11,2023,WSH,ATL,120,144,6,2,8,0,9,0,592866.0,Trevor Williams,693821.0,Bryce Elder,592866.0,693821.0,4705,Truist Park,day,R
717805,2023-06-11,2023,MIN,TOR,142,141,6,7,13,1,9,0,686973.0,Louis Varland,592332.0,Kevin Gausman,663878.0,641941.0,14,Rogers Centre,day,R
717801,2023-06-11,2023,TEX,TB,140,139,3,7,10,1,9,0,527048.0,Martín Pérez,663556.0,Shane McClanahan,663556.0,527048.0,12,Tropicana Field,day,R
717795,2023-06-11,2023,MIA,CWS,146,145,6,5,11,0,9,0,666129.0,Braxton Garrett,608337.0,Lucas Giolito,663773.0,608665.0,4,Guaranteed Rate Field,day,R
717800,2023-06-11,2023,OAK,MIL,133,158,8,6,14,0,9,0,676664.0,JP Sears,642547.0,Freddy Peralta,676664.0,642547.0,32,American Family Field,day,R
717797,2023-06-11,2023,CIN,STL,113,138,4,3,7,0,9,0,668881.0,Hunter Greene,425794.0,Adam Wainwright,664139.0,663855.0,2889,Busch Stadium,day,R
717798,2023-06-11,2023,SD,COL,135,115,4,5,9,1,9,0,605483.0,Blake Snell,659275.0,Dinelson Lamet,664875.0,641703.0,19,Coors Field,day,R
717796,2023-06-11,2023,CHC,SF,112,137,3,13,16,1,9,0,669713.0,Hayden Wesneski,605154.0,John Brebbia,663941.0,669713.0,2395,Oracle Park,day,R
717799,2023-06-11,2023,SEA,LAA,136,108,4,9,13,1,9,0,669302.0,Logan Gilbert,656288.0,Griffin Canning,656288.0,669302.0,1,Angel Stadium,day,R
717810,2023-06-11,2023,BOS,NYY,111,147,3,2,5,0,10,1,678394.0,Brayan Bello,657376.0,Clarke Schmidt,445276.0,676760.0,3313,Yankee Stadium,night,R
717790,2023-06-12,2023,ATL,DET,144,116,5,6,11,1,10,1,450203.0,Charlie Morton,669438.0,Mason Englert,656638.0,641729.0,2394,Comerica Park,night,R
717794,2023-06-12,2023,COL,BOS,115,111,4,3,7,0,10,1,657756.0,Connor Seabold,572020.0,James Paxton,453268.0,601713.0,3,Fenway Park,night,R
717791,2023-06-12,2023,SF,STL,137,138,4,3,7,0,9,0,657277.0,Logan Webb,669461.0,Matthew Liberatore,657277.0,608717.0,2889,Busch Stadium,night,R
717792,2023-06-13,2023,LAA,TEX,108,140,9,6,15,0,12,1,542881.0,Tyler Anderson,641540.0,Dane Dunning,696147.0,666142.0,5325,Globe Life Field,night,R
717793,2023-06-13,2023,CIN,KC,113,118,5,4,9,0,10,1,596133.0,Luke Weaver,425844.0,Zack Greinke,571656.0,672578.0,7,Kauffman Stadium,night,R
717789,2023-06-13,2023,TB,OAK,139,133,3,4,7,1,9,0,621107.0,Zach Eflin,621076.0,James Kaprielian,621076.0,621107.0,10,Oakland Coliseum,night,R
717785,2023-06-13,2023,PHI,ARI,143,109,8,9,17,1,9,0,621381.0,Matt Strahm,674072.0,Tommy Henry,686753.0,592229.0,15,Chase Field,night,R
717786,2023-06-13,2023,MIA,SEA,146,136,1,8,9,1,9,0,666200.0,Jesús Luzardo,682243.0,Bryce Miller,682243.0,666200.0,680,T-Mobile Park,night,R
717787,2023-06-13,2023,TOR,BAL,141,110,6,11,17,1,9,0,605135.0,Chris Bassitt,665152.0,Dean Kremer,665152.0,605135.0,2,Oriole Park at Camden Yards,night,R
717788,2023-06-13,2023,COL,BOS,115,111,7,6,13,0,10,1,502624.0,Chase Anderson,676710.0,Kutter Crawford,453268.0,621057.0,3,Fenway Park,night,R
717779,2023-06-13,2023,NYY,NYM,147,121,7,6,13,0,9,0,622663.0,Luis Severino,453286.0,Max Scherzer,676760.0,677020.0,3289,Citi Field,night,R
717783,2023-06-13,2023,MIL,MIN,158,142,5,7,12,1,9,0,669203.0,Corbin Burnes,641154.0,Pablo López,680739.0,642207.0,3312,Target Field,night,R
717781,2023-06-13,2023,SF,STL,137,138,11,3,14,0,9,0,502171.0,Alex Cobb,656427.0,Jack Flaherty,592426.0,656427.0,2889,Busch Stadium,night,R
717782,2023-06-14,2023,PIT,CHC,134,112,3,11,14,1,9,0,682847.0,Luis Ortiz,592791.0,Jameson Taillon,592791.0,682847.0,17,Wrigley Field,night,R
717780,2023-06-14,2023,LAA,TEX,108,140,7,3,10,0,9,0,642545.0,Jaime Barria,674003.0,Cody Bradford,623474.0,669391.0,5325,Globe Life Field,night,R
717777,2023-06-14,2023,CIN,KC,113,118,5,4,9,0,9,0,682227.0,Brandon Williamson,543475.0,Jordan Lyles,682227.0,543475.0,7,Kauffman Stadium,night,R
717778,2023-06-14,2023,WSH,HOU,120,117,1,6,7,1,9,0,571578.0,Patrick Corbin,686613.0,Hunter Brown,686613.0,571578.0,2392,Minute Maid Park,night,R
717772,2023-06-14,2023,CLE,SD,114,135,3,6,9,1,9,0,676440.0,Tanner Bibee,605397.0,Joe Musgrove,605397.0,676440.0,2680,Petco Park,night,R
717774,2023-06-14,2023,TB,OAK,139,133,1,2,3,1,9,0,656222.0,Jalen Beeks,660261.0,Shintaro Fujinami,663687.0,621363.0,10,Oakland Coliseum,night,R
717775,2023-06-14,2023,PHI,ARI,143,109,15,3,18,0,9,0,554430.0,Zack Wheeler,605200.0,Zach Davies,554430.0,605200.0,15,Chase Field,night,R
717773,2023-06-14,2023,MIA,SEA,146,136,3,9,12,1,9,0,665795.0,Edward Cabrera,669923.0,George Kirby,669923.0,665795.0,680,T-Mobile Park,night,R
717776,2023-06-14,2023,CWS,LAD,145,119,1,5,6,1,9,0,458681.0,Lance Lynn,664062.0,Tony Gonsolin,664062.0,458681.0,22,Dodger Stadium,night,R
717784,2023-06-13,2023,ATL,DET,144,116,0,0,0,0,9,0,675911.0,Spencer Strider,681857.0,Reese Olson,,,2394,Comerica Park,night,R
717770,2023-06-14,2023,ATL,DET,144,116,10,7,17,0,9,0,675911.0,Spencer Strider,681857.0,Reese Olson,675911.0,681857.0,2394,Comerica Park,day,R
717784,2023-06-14,2023,ATL,DET,144,116,6,5,11,0,9,0,689266.0,Dylan Dodd,547179.0,Michael Lorenzen,543521.0,547179.0,2394,Comerica Park,day,R
717771,2023-06-14,2023,MIL,MIN,158,142,2,4,6,1,9,0,607067.0,Colin Rea,641927.0,Bailey Ober,641927.0,607067.0,3312,Target Field,day,R
717767,2023-06-14,2023,SF,STL,137,138,8,5,13,0,10,1,543101.0,Anthony DeSclafani,656756.0,Jordan Montgomery,643511.0,571927.0,2889,Busch Stadium,day,R
717769,2023-06-14,2023,TOR,BAL,141,110,3,1,4,0,9,0,621244.0,José Berríos,680694.0,Kyle Bradish,621244.0,680694.0,2,Oriole Park at Camden Yards,night,R
717768,2023-06-14,2023,COL,BOS,115,111,3,6,9,1,9,0,596295.0,Austin Gomber,676477.0,Garrett Whitlock,676477.0,596295.0,3,Fenway Park,night,R
717766,2023-06-14,2023,NYY,NYM,147,121,3,4,7,1,10,1,543037.0,Gerrit Cole,434378.0,Justin Verlander,608678.0,656061.0,3289,Citi Field,night,R
717763,2023-06-15,2023,PIT,CHC,134,112,6,10,16,1,9,0,674370.0,Osvaldo Bido,592767.0,Drew Smyly,592767.0,672710.0,17,Wrigley Field,night,R
717765,2023-06-15,2023,LAA,TEX,108,140,3,6,9,1,9,0,672282.0,Reid Detmers,571760.0,Andrew Heaney,622250.0,623474.0,5325,Globe Life Field,night,R
717764,2023-06-15,2023,CIN,KC,113,118,7,4,11,0,9,0,594902.0,Ben Lively,663738.0,Daniel Lynch IV,594902.0,663738.0,7,Kauffman Stadium,night,R
717762,2023-06-15,2023,WSH,HOU,120,117,4,5,9,1,9,0,680686.0,Josiah Gray,664285.0,Framber Valdez,519151.0,640451.0,2392,Minute Maid Park,night,R
717758,2023-06-15,2023,CLE,SD,114,135,0,5,5,1,9,0,650644.0,Aaron Civale,608379.0,Michael Wacha,608379.0,650644.0,2680,Petco Park,night,R
717761,2023-06-15,2023,TB,OAK,139,133,6,3,9,0,9,0,607192.0,Tyler Glasnow,665622.0,Luis Medina,607192.0,665622.0,10,Oakland Coliseum,night,R
717757,2023-06-15,2023,PHI,ARI,143,109,4,3,7,0,10,1,624133.0,Ranger Suárez,518876.0,Merrill Kelly,518886.0,543518.0,15,Chase Field,night,R
717759,2023-06-15,2023,MIA,SEA,146,136,4,1,5,0,9,0,691587.0,Eury Pérez,622491.0,Luis Castillo,691587.0,622491.0,680,T-Mobile Park,night,R
717760,2023-06-15,2023,CWS,LAD,145,119,8,4,12,0,9,0,605182.0,Mike Clevinger,477132.0,Clayton Kershaw,625643.0,681911.0,22,Dodger Stadium,night,R
717753,2023-06-15,2023,TOR,BAL,141,110,2,4,6,1,9,0,579328.0,Yusei Kikuchi,669330.0,Tyler Wells,669330.0,554340.0,2,Oriole Park at Camden Yards,day,R
717756,2023-06-15,2023,TB,OAK,139,133,4,3,7,0,9,0,671737.0,Taj Bradley,621112.0,Paul Blackburn,596112.0,643493.0,10,Oakland Coliseum,day,R
717755,2023-06-15,2023,PHI,ARI,143,109,5,4,9,0,9,0,605400.0,Aaron Nola,669194.0,Ryne Nelson,605400.0,669194.0,15,Chase Field,day,R
717752,2023-06-15,2023,DET,MIN,116,142,8,4,12,0,9,0,571510.0,Matthew Boyd,543243.0,Sonny Gray,571510.0,663558.0,3312,Target Field,night,R
717754,2023-06-15,2023,COL,ATL,115,144,3,8,11,1,9,0,607536.0,Kyle Freeland,700363.0,AJ Smith-Shawver,700363.0,607536.0,4705,Truist Park,night,R
717747,2023-06-16,2023,PIT,CHC,134,112,2,7,9,1,9,0,670912.0,Johan Oviedo,573186.0,Marcus Stroman,573186.0,670912.0,17,Wrigley Field,night,R
717751,2023-06-16,2023,LAA,TEX,108,140,5,3,8,0,9,0,660271.0,Shohei Ohtani,543135.0,Nathan Eovaldi,660271.0,543135.0,5325,Globe Life Field,night,R
717746,2023-06-16,2023,WSH,HOU,120,117,4,1,5,0,10,1,669022.0,MacKenzie Gore,664299.0,Cristian Javier,640451.0,664208.0,2392,Minute Maid Park,night,R
717750,2023-06-16,2023,CLE,SD,114,135,8,6,14,0,9,0,671106.0,Logan Allen,677960.0,Ryan Weathers,663986.0,677960.0,2680,Petco Park,night,R
717748,2023-06-16,2023,CWS,LAD,145,119,4,5,9,1,11,1,656302.0,Dylan Cease,675627.0,Michael Grove,657571.0,676979.0,22,Dodger Stadium,night,R
717744,2023-06-16,2023,BAL,CHC,110,112,3,10,13,1,9,0,608344.0,Cole Irvin,543294.0,Kyle Hendricks,543294.0,608344.0,17,Wrigley Field,day,R
717749,2023-06-16,2023,MIA,WSH,146,120,6,5,11,0,9,0,645261.0,Sandy Alcantara,592866.0,Trevor Williams,677053.0,605218.0,3309,Nationals Park,night,R
717743,2023-06-16,2023,STL,NYM,138,121,1,6,7,1,9,0,571945.0,Miles Mikolas,656731.0,Tylor Megill,656731.0,571945.0,3289,Citi Field,night,R
717742,2023-06-16,2023,NYY,BOS,147,111,5,15,20,1,9,0,593334.0,Domingo Germán,656557.0,Tanner Houck,682175.0,593334.0,3,Fenway Park,night,R
717745,2023-06-16,2023,COL,ATL,115,144,1,8,9,1,9,0,659275.0,Dinelson Lamet,694363.0,Jared Shuster,694363.0,659275.0,4705,Truist Park,night,R
717741,2023-06-17,2023,TOR,TEX,141,140,2,1,3,0,9,0,592332.0,Kevin Gausman,527048.0,Martín Pérez,592332.0,527048.0,5325,Globe Life Field,night,R
717737,2023-06-17,2023,CIN,HOU,113,117,2,1,3,0,9,0,671096.0,Andrew Abbott,641585.0,J.P. France,671096.0,641585.0,2392,Minute Maid Park,night,R
717736,2023-06-17,2023,LAA,KC,108,118,3,0,3,0,9,0,663776.0,Patrick Sandoval,663903.0,Brady Singer,663776.0,663903.0,7,Kauffman Stadium,night,R
717738,2023-06-17,2023,DET,MIN,116,142,7,1,8,0,9,0,676684.0,Will Vest,657746.0,Joe Ryan,669438.0,657746.0,3312,Target Field,night,R
717740,2023-06-17,2023,PIT,MIL,134,158,4,5,9,1,9,0,448179.0,Rich Hill,527054.0,Julio Teheran,527054.0,448179.0,32,American Family Field,night,R
717739,2023-06-17,2023,CLE,ARI,114,109,1,5,6,1,9,0,657053.0,Touki Toussaint,668678.0,Zac Gallen,668678.0,657053.0,15,Chase Field,night,R
717732,2023-06-17,2023,TB,SD,139,135,6,2,8,0,9,0,663556.0,Shane McClanahan,506433.0,Yu Darvish,663556.0,506433.0,2680,Petco Park,night,R
717735,2023-06-17,2023,PHI,OAK,143,133,6,1,7,0,9,0,592836.0,Taijuan Walker,676664.0,JP Sears,592836.0,676664.0,10,Oakland Coliseum,night,R
717731,2023-06-17,2023,SF,LAD,137,119,7,5,12,0,11,1,605154.0,John Brebbia,686218.0,Emmet Sheehan,573124.0,681911.0,22,Dodger Stadium,night,R
717733,2023-06-17,2023,CWS,SEA,145,136,2,3,5,1,9,0,656629.0,Michael Kopech,693433.0,Bryan Woo,666374.0,621383.0,680,T-Mobile Park,night,R
717728,2023-06-17,2023,DET,MIN,116,142,0,2,2,1,9,0,666214.0,Joey Wentz,592254.0,José De León,687396.0,666214.0,3312,Target Field,day,R
717729,2023-06-17,2023,BAL,CHC,110,112,2,3,5,1,9,0,502043.0,Kyle Gibson,657006.0,Justin Steele,657006.0,502043.0,17,Wrigley Field,day,R
717723,2023-06-17,2023,TOR,TEX,141,140,2,4,6,1,9,0,670950.0,Trevor Richards,641540.0,Dane Dunning,641540.0,670950.0,5325,Globe Life Field,day,R
717734,2023-06-17,2023,MIA,WSH,146,120,5,2,7,0,9,0,666129.0,Braxton Garrett,663623.0,Jake Irvin,666129.0,641771.0,3309,Nationals Park,day,R
717725,2023-06-17,2023,PHI,OAK,143,133,3,2,5,0,12,1,650911.0,Cristopher Sánchez,621076.0,James Kaprielian,607755.0,686610.0,10,Oakland Coliseum,day,R
717727,2023-06-17,2023,CIN,HOU,113,117,10,3,13,0,9,0,668881.0,Hunter Greene,656232.0,Brandon Bielak,668881.0,656232.0,2392,Minute Maid Park,day,R
717726,2023-06-17,2023,LAA,KC,108,118,9,10,19,1,9,0,656288.0,Griffin Canning,594577.0,Mike Mayers,547973.0,606965.0,7,Kauffman Stadium,day,R
717718,2023-06-17,2023,STL,NYM,138,121,5,3,8,0,9,0,425794.0,Adam Wainwright,673540.0,Kodai Senga,425794.0,673540.0,3289,Citi Field,day,R
717724,2023-06-17,2023,COL,ATL,115,144,2,10,12,1,9,0,657756.0,Connor Seabold,693821.0,Bryce Elder,693821.0,657756.0,4705,Truist Park,day,R
717722,2023-06-17,2023,CWS,SEA,145,136,4,3,7,0,11,1,608337.0,Lucas Giolito,669302.0,Logan Gilbert,607481.0,642048.0,680,T-Mobile Park,day,R
717720,2023-06-17,2023,PIT,MIL,134,158,0,5,5,1,9,0,656605.0,Mitch Keller,489119.0,Wade Miley,489119.0,656605.0,32,American Family Field,day,R
717717,2023-06-17,2023,TB,SD,139,135,0,2,2,1,9,0,621107.0,Zach Eflin,605483.0,Blake Snell,605483.0,621107.0,2680,Petco Park,day,R
717721,2023-06-18,2023,SF,LAD,137,119,15,0,15,0,9,0,622072.0,Alex Wood,676272.0,Bobby Miller,622072.0,676272.0,22,Dodger Stadium,night,R
717719,2023-06-18,2023,CLE,ARI,114,109,3,6,9,1,9,0,669456.0,Shane Bieber,674072.0,Tommy Henry,612434.0,669456.0,15,Chase Field,night,R
717730,2023-06-17,2023,NYY,BOS,147,111,0,0,0,0,9,0,657376.0,Clarke Schmidt,678394.0,Brayan Bello,,,3,Fenway Park,night,R
717708,2023-06-18,2023,BAL,CHC,110,112,6,3,9,0,9,0,665152.0,Dean Kremer,592791.0,Jameson Taillon,665152.0,592791.0,17,Wrigley Field,day,R
717716,2023-06-18,2023,COL,ATL,115,144,6,14,20,1,9,0,502624.0,Chase Anderson,450203.0,Charlie Morton,450203.0,502624.0,4705,Truist Park,day,R
717714,2023-06-18,2023,MIA,WSH,146,120,4,2,6,0,9,0,666200.0,Jesús Luzardo,571578.0,Patrick Corbin,666200.0,571578.0,3309,Nationals Park,day,R
717730,2023-06-18,2023,NYY,BOS,147,111,2,6,8,1,9,0,657376.0,Clarke Schmidt,672391.0,Kaleb Ort,601713.0,650633.0,3,Fenway Park,day,R
717715,2023-06-18,2023,NYY,BOS,147,111,1,4,5,1,9,0,622663.0,Luis Severino,678394.0,Brayan Bello,678394.0,622663.0,3,Fenway Park,night,R
717713,2023-06-18,2023,STL,NYM,138,121,8,7,15,0,9,0,669461.0,Matthew Liberatore,471911.0,Carlos Carrasco,572403.0,493603.0,3289,Citi Field,day,R
717707,2023-06-18,2023,CIN,HOU,113,117,9,7,16,0,10,1,596133.0,Luke Weaver,669854.0,Ronel Blanco,664139.0,661527.0,2392,Minute Maid Park,day,R
717712,2023-06-18,2023,LAA,KC,108,118,5,2,7,0,9,0,542881.0,Tyler Anderson,425844.0,Zack Greinke,542881.0,425844.0,7,Kauffman Stadium,day,R
717711,2023-06-18,2023,DET,MIN,116,142,6,4,10,0,9,0,676684.0,Will Vest,686973.0,Louis Varland,686839.0,686973.0,3312,Target Field,day,R
717710,2023-06-18,2023,PIT,MIL,134,158,2,5,7,1,9,0,682847.0,Luis Ortiz,642547.0,Freddy Peralta,656730.0,664294.0,32,American Family Field,day,R
717709,2023-06-18,2023,TOR,TEX,141,140,7,11,18,1,9,0,605135.0,Chris Bassitt,592351.0,Jon Gray,667463.0,663878.0,5325,Globe Life Field,day,R
717705,2023-06-18,2023,PHI,OAK,143,133,3,2,5,0,9,0,554430.0,Zack Wheeler,663687.0,Hogan Harris,554430.0,663687.0,10,Oakland Coliseum,day,R
717706,2023-06-18,2023,CLE,ARI,114,109,12,3,15,0,9,0,676440.0,Tanner Bibee,605200.0,Zach Davies,676440.0,605200.0,15,Chase Field,day,R
717702,2023-06-18,2023,SF,LAD,137,119,7,3,10,0,9,0,657277.0,Logan Webb,664062.0,Tony Gonsolin,657277.0,664062.0,22,Dodger Stadium,day,R
717703,2023-06-18,2023,TB,SD,139,135,4,5,9,1,9,0,630023.0,Yonny Chirinos,605397.0,Joe Musgrove,605397.0,630023.0,2680,Petco Park,day,R
717704,2023-06-18,2023,CWS,SEA,145,136,1,5,6,1,9,0,458681.0,Lance Lynn,682243.0,Bryce Miller,682243.0,458681.0,680,T-Mobile Park,day,R
717699,2023-06-19,2023,STL,WSH,138,120,8,6,14,0,9,0,656427.0,Jack Flaherty,680686.0,Josiah Gray,656427.0,680686.0,3309,Nationals Park,day,R
717692,2023-06-19,2023,KC,DET,118,116,4,6,10,1,9,0,543475.0,Jordan Lyles,681857.0,Reese Olson,641302.0,664199.0,2394,Comerica Park,night,R
717700,2023-06-19,2023,TOR,MIA,141,146,0,11,11,1,9,0,621244.0,José Berríos,663773.0,Bryan Hoeing,623211.0,621244.0,4169,loanDepot park,night,R
717698,2023-06-19,2023,CHC,PIT,112,134,8,0,8,0,9,0,592767.0,Drew Smyly,674370.0,Osvaldo Bido,592767.0,674370.0,31,PNC Park,night,R
717701,2023-06-19,2023,COL,CIN,115,113,4,5,9,1,9,0,596295.0,Austin Gomber,682227.0,Brandon Williamson,622065.0,596295.0,2602,Great American Ball Park,night,R
717693,2023-06-19,2023,BOS,MIN,111,142,9,3,12,0,9,0,572020.0,James Paxton,641154.0,Pablo López,572020.0,641154.0,3312,Target Field,night,R
717694,2023-06-20,2023,NYM,HOU,121,117,11,1,12,0,9,0,453286.0,Max Scherzer,686613.0,Hunter Brown,453286.0,686613.0,2392,Minute Maid Park,night,R
717695,2023-06-20,2023,TEX,CWS,140,145,5,2,7,0,9,0,571760.0,Andrew Heaney,621383.0,Tanner Banks,571760.0,621383.0,4,Guaranteed Rate Field,night,R
717696,2023-06-20,2023,ARI,MIL,109,158,9,1,10,0,9,0,518876.0,Merrill Kelly,669203.0,Corbin Burnes,518876.0,669203.0,32,American Family Field,night,R
717697,2023-06-20,2023,SD,SF,135,137,4,7,11,1,10,1,608379.0,Michael Wacha,676254.0,Ryan Walker,666808.0,678061.0,2395,Oracle Park,night,R
717681,2023-06-20,2023,KC,DET,118,116,1,0,1,0,9,0,663738.0,Daniel Lynch IV,547179.0,Michael Lorenzen,663738.0,547179.0,2394,Comerica Park,night,R
717687,2023-06-20,2023,BAL,TB,110,139,8,6,14,0,9,0,680694.0,Kyle Bradish,607192.0,Tyler Glasnow,680694.0,607192.0,12,Tropicana Field,night,R
717689,2023-06-20,2023,ATL,PHI,144,143,4,2,6,0,9,0,675911.0,Spencer Strider,624133.0,Ranger Suárez,675911.0,656546.0,2681,Citizens Bank Park,night,R
717690,2023-06-20,2023,TOR,MIA,141,146,2,0,2,0,9,0,579328.0,Yusei Kikuchi,691587.0,Eury Pérez,554340.0,656945.0,4169,loanDepot park,night,R
717686,2023-06-20,2023,CHC,PIT,112,134,4,0,4,0,9,0,573186.0,Marcus Stroman,670912.0,Johan Oviedo,573186.0,670912.0,31,PNC Park,night,R
717691,2023-06-20,2023,STL,WSH,138,120,9,3,12,0,9,0,656756.0,Jordan Montgomery,669022.0,MacKenzie Gore,656756.0,669022.0,3309,Nationals Park,night,R
717684,2023-06-20,2023,SEA,NYY,136,147,1,3,4,1,9,0,669923.0,George Kirby,543037.0,Gerrit Cole,543037.0,669923.0,3313,Yankee Stadium,night,R
717685,2023-06-20,2023,COL,CIN,115,113,6,8,14,1,9,0,663562.0,Noah Davis,594902.0,Ben Lively,622065.0,663562.0,2602,Great American Ball Park,night,R
717679,2023-06-20,2023,OAK,CLE,133,114,2,3,5,1,10,1,686610.0,Ken Waldichuk,650644.0,Aaron Civale,660853.0,543507.0,5,Progressive Field,night,R
717683,2023-06-20,2023,BOS,MIN,111,142,10,4,14,0,9,0,676710.0,Kutter Crawford,641927.0,Bailey Ober,676710.0,641927.0,3312,Target Field,night,R
717682,2023-06-21,2023,NYM,HOU,121,117,2,4,6,1,9,0,434378.0,Justin Verlander,664285.0,Framber Valdez,664285.0,434378.0,2392,Minute Maid Park,night,R
717675,2023-06-21,2023,TEX,CWS,140,145,6,7,13,1,9,0,543135.0,Nathan Eovaldi,656302.0,Dylan Cease,608665.0,681982.0,4,Guaranteed Rate Field,night,R
717680,2023-06-21,2023,ARI,MIL,109,158,5,7,12,1,9,0,669194.0,Ryne Nelson,607067.0,Colin Rea,669060.0,613534.0,32,American Family Field,night,R
717688,2023-06-21,2023,SD,SF,135,137,3,4,7,1,9,0,607625.0,Seth Lugo,543101.0,Anthony DeSclafani,643511.0,607259.0,2395,Oracle Park,night,R
717678,2023-06-21,2023,LAD,LAA,119,108,2,0,2,0,9,0,477132.0,Clayton Kershaw,672282.0,Reid Detmers,477132.0,606965.0,1,Angel Stadium,night,R
717677,2023-06-21,2023,BAL,TB,110,139,2,7,9,1,9,0,669330.0,Tyler Wells,671737.0,Taj Bradley,671737.0,669330.0,12,Tropicana Field,day,R
717676,2023-06-21,2023,TOR,MIA,141,146,6,3,9,0,9,0,592332.0,Kevin Gausman,645261.0,Sandy Alcantara,592332.0,645261.0,4169,loanDepot park,day,R
717669,2023-06-21,2023,COL,CIN,115,113,3,5,8,1,9,0,656234.0,Jake Bird,671096.0,Andrew Abbott,664139.0,453268.0,2602,Great American Ball Park,day,R
717671,2023-06-21,2023,CHC,PIT,112,134,8,3,11,0,9,0,543294.0,Kyle Hendricks,448179.0,Rich Hill,543294.0,448179.0,31,PNC Park,day,R
717668,2023-06-21,2023,KC,DET,118,116,4,9,13,1,9,0,663903.0,Brady Singer,571510.0,Matthew Boyd,571510.0,663903.0,2394,Comerica Park,day,R
717670,2023-06-21,2023,NYM,HOU,121,117,8,10,18,1,9,0,656731.0,Tylor Megill,664299.0,Cristian Javier,664208.0,608678.0,2392,Minute Maid Park,day,R
717672,2023-06-21,2023,ARI,MIL,109,158,5,1,6,0,9,0,668678.0,Zac Gallen,527054.0,Julio Teheran,668678.0,665625.0,32,American Family Field,day,R
717673,2023-06-21,2023,STL,WSH,138,120,0,3,3,1,9,0,571945.0,Miles Mikolas,592866.0,Trevor Williams,592866.0,571945.0,3309,Nationals Park,day,R
717666,2023-06-21,2023,SEA,NYY,136,147,2,4,6,1,9,0,622491.0,Luis Castillo,666745.0,Jhony Brito,666745.0,622491.0,3313,Yankee Stadium,night,R
717663,2023-06-21,2023,OAK,CLE,133,114,6,7,13,1,9,0,621112.0,Paul Blackburn,668909.0,Gavin Williams,669212.0,643493.0,5,Progressive Field,night,R
717665,2023-06-21,2023,BOS,MIN,111,142,4,5,9,1,10,1,676477.0,Garrett Whitlock,543243.0,Sonny Gray,663558.0,672391.0,3312,Target Field,night,R
717667,2023-06-22,2023,TEX,CWS,140,145,6,3,9,0,9,0,527048.0,Martín Pérez,656629.0,Michael Kopech,527048.0,656629.0,4,Guaranteed Rate Field,night,R
717662,2023-06-22,2023,LAD,LAA,119,108,2,0,2,0,9,0,660813.0,Brusdar Graterol,660271.0,Shohei Ohtani,624647.0,660271.0,1,Angel Stadium,night,R
717674,2023-06-22,2023,SD,SF,135,137,2,4,6,1,9,0,506433.0,Yu Darvish,676254.0,Ryan Walker,663546.0,506433.0,2395,Oracle Park,night,R
717664,2023-06-21,2023,ATL,PHI,144,143,0,0,0,0,9,0,700363.0,AJ Smith-Shawver,605400.0,Aaron Nola,,,2681,Citizens Bank Park,night,R
717847,2023-06-22,2023,ARI,WSH,109,120,5,3,8,0,9,0,674072.0,Tommy Henry,663623.0,Jake Irvin,674072.0,663623.0,3309,Nationals Park,day,R
717657,2023-06-22,2023,ATL,PHI,144,143,5,1,6,0,10,1,693821.0,Bryce Elder,605400.0,Aaron Nola,628452.0,628708.0,2681,Citizens Bank Park,day,R
717660,2023-06-22,2023,OAK,CLE,133,114,1,6,7,1,9,0,676664.0,JP Sears,671106.0,Logan Allen,680704.0,676664.0,5,Progressive Field,day,R
717658,2023-06-22,2023,BOS,MIN,111,142,0,6,6,1,9,0,621057.0,Justin Garza,657746.0,Joe Ryan,657746.0,621057.0,3312,Target Field,day,R
717661,2023-06-22,2023,SD,SF,135,137,10,0,10,0,9,0,605483.0,Blake Snell,622072.0,Alex Wood,605483.0,622072.0,2395,Oracle Park,day,R
717659,2023-06-22,2023,KC,TB,118,139,6,5,11,0,9,0,621016.0,Jose Cuas,663556.0,Shane McClanahan,547973.0,664126.0,12,Tropicana Field,night,R
717654,2023-06-22,2023,PIT,MIA,134,146,4,6,10,1,9,0,656605.0,Mitch Keller,666129.0,Braxton Garrett,623211.0,669387.0,4169,loanDepot park,night,R
717652,2023-06-22,2023,SEA,NYY,136,147,10,2,12,0,9,0,693433.0,Bryan Woo,593334.0,Domingo Germán,693433.0,593334.0,3313,Yankee Stadium,night,R
717649,2023-06-23,2023,KC,TB,118,139,3,11,14,1,9,0,425844.0,Zack Greinke,621107.0,Zach Eflin,621107.0,425844.0,12,Tropicana Field,night,R
717647,2023-06-23,2023,MIN,DET,142,116,4,1,5,0,9,0,628317.0,Kenta Maeda,666214.0,Joey Wentz,628317.0,666214.0,2394,Comerica Park,night,R
717650,2023-06-23,2023,ATL,CIN,144,113,10,11,21,1,9,0,700363.0,AJ Smith-Shawver,596133.0,Luke Weaver,622065.0,543521.0,2602,Great American Ball Park,night,R
717653,2023-06-23,2023,PIT,MIA,134,146,3,1,4,0,9,0,682847.0,Luis Ortiz,666200.0,Jesús Luzardo,682847.0,640462.0,4169,loanDepot park,night,R
717651,2023-06-23,2023,SEA,BAL,136,110,13,1,14,0,9,0,669302.0,Logan Gilbert,502043.0,Kyle Gibson,669302.0,502043.0,2,Oriole Park at Camden Yards,night,R
717656,2023-06-23,2023,NYM,PHI,121,143,1,5,6,1,9,0,673540.0,Kodai Senga,592836.0,Taijuan Walker,592836.0,673540.0,2681,Citizens Bank Park,night,R
717655,2023-06-23,2023,TEX,NYY,140,147,4,2,6,0,10,1,641540.0,Dane Dunning,657376.0,Clarke Schmidt,669618.0,650633.0,3313,Yankee Stadium,night,R
717646,2023-06-23,2023,OAK,TOR,133,141,5,4,9,0,9,0,621076.0,James Kaprielian,605135.0,Chris Bassitt,668674.0,605447.0,14,Rogers Centre,night,R
717648,2023-06-23,2023,MIL,CLE,158,114,7,1,8,0,9,0,489119.0,Wade Miley,669456.0,Shane Bieber,489119.0,669456.0,5,Progressive Field,night,R
717645,2023-06-24,2023,BOS,CWS,111,145,3,1,4,0,9,0,678394.0,Brayan Bello,608337.0,Lucas Giolito,678394.0,608337.0,4,Guaranteed Rate Field,night,R
717644,2023-06-24,2023,LAA,COL,108,115,4,7,11,1,9,0,663776.0,Patrick Sandoval,607536.0,Kyle Freeland,572955.0,696147.0,19,Coors Field,night,R
717642,2023-06-24,2023,WSH,SD,120,135,3,13,16,1,9,0,571578.0,Patrick Corbin,605397.0,Joe Musgrove,605397.0,571578.0,2680,Petco Park,night,R
717643,2023-06-24,2023,HOU,LAD,117,119,2,3,5,1,9,0,641585.0,J.P. France,686218.0,Emmet Sheehan,686218.0,641585.0,22,Dodger Stadium,night,R
717641,2023-06-24,2023,ARI,SF,109,137,5,8,13,1,9,0,605200.0,Zach Davies,657277.0,Logan Webb,657277.0,605200.0,2395,Oracle Park,night,R
717637,2023-06-24,2023,CHC,STL,112,138,9,1,10,0,9,0,657006.0,Justin Steele,425794.0,Adam Wainwright,657006.0,425794.0,5381,London Stadium,night,R
717628,2023-06-24,2023,SEA,BAL,136,110,4,6,10,1,10,1,682243.0,Bryce Miller,665152.0,Dean Kremer,657508.0,623437.0,2,Oriole Park at Camden Yards,day,R
717639,2023-06-24,2023,ARI,SF,109,137,6,7,13,1,9,0,518876.0,Merrill Kelly,676254.0,Ryan Walker,573124.0,518876.0,2395,Oracle Park,day,R
717635,2023-06-24,2023,NYM,PHI,121,143,4,2,6,0,9,0,453286.0,Max Scherzer,650911.0,Cristopher Sánchez,453286.0,650911.0,2681,Citizens Bank Park,day,R
717636,2023-06-24,2023,TEX,NYY,140,147,0,1,1,1,9,0,592351.0,Jon Gray,622663.0,Luis Severino,622663.0,592351.0,3313,Yankee Stadium,day,R
717634,2023-06-24,2023,OAK,TOR,133,141,3,7,10,1,9,0,660261.0,Shintaro Fujinami,621244.0,José Berríos,621244.0,660261.0,14,Rogers Centre,day,R
717632,2023-06-24,2023,KC,TB,118,139,9,4,13,0,9,0,543475.0,Jordan Lyles,630023.0,Yonny Chirinos,543475.0,630023.0,12,Tropicana Field,day,R
717631,2023-06-24,2023,ATL,CIN,144,113,7,6,13,0,9,0,694363.0,Jared Shuster,668933.0,Graham Ashcraft,543859.0,668933.0,2602,Great American Ball Park,day,R
717629,2023-06-24,2023,BOS,CWS,111,145,4,5,9,1,9,0,572020.0,James Paxton,458681.0,Lance Lynn,608665.0,445276.0,4,Guaranteed Rate Field,day,R
717630,2023-06-24,2023,PIT,MIA,134,146,3,4,7,1,11,1,674370.0,Osvaldo Bido,663773.0,Bryan Hoeing,677053.0,622780.0,4169,loanDepot park,day,R
717625,2023-06-24,2023,MIL,CLE,158,114,2,4,6,1,9,0,642547.0,Freddy Peralta,676440.0,Tanner Bibee,676440.0,642547.0,5,Progressive Field,day,R
717626,2023-06-24,2023,HOU,LAD,117,119,7,8,15,1,9,0,669854.0,Ronel Blanco,676272.0,Bobby Miller,641360.0,650556.0,22,Dodger Stadium,day,R
717633,2023-06-24,2023,MIN,DET,142,116,2,3,5,1,9,0,641154.0,Pablo López,681857.0,Reese Olson,681857.0,641154.0,2394,Comerica Park,night,R
717638,2023-06-25,2023,WSH,SD,120,135,2,0,2,0,9,0,680686.0,Josiah Gray,663362.0,Matt Waldron,680686.0,663362.0,2680,Petco Park,night,R
717640,2023-06-25,2023,LAA,COL,108,115,25,1,26,0,9,0,656288.0,Griffin Canning,502624.0,Chase Anderson,656288.0,502624.0,19,Coors Field,night,R
717623,2023-06-25,2023,CHC,STL,112,138,5,7,12,1,9,0,573186.0,Marcus Stroman,669461.0,Matthew Liberatore,663765.0,573186.0,5381,London Stadium,day,R
717621,2023-06-25,2023,MIN,DET,142,116,6,3,9,0,10,1,641927.0,Bailey Ober,547179.0,Michael Lorenzen,643377.0,686839.0,2394,Comerica Park,day,R
717627,2023-06-25,2023,SEA,BAL,136,110,2,3,5,1,9,0,669923.0,George Kirby,680694.0,Kyle Bradish,680694.0,669923.0,2,Oriole Park at Camden Yards,day,R
717624,2023-06-25,2023,NYM,PHI,121,143,6,7,13,1,9,0,471911.0,Carlos Carrasco,554430.0,Zack Wheeler,656546.0,656257.0,2681,Citizens Bank Park,day,R
717622,2023-06-25,2023,TEX,NYY,140,147,3,5,8,1,9,0,543135.0,Nathan Eovaldi,543037.0,Gerrit Cole,676760.0,667463.0,3313,Yankee Stadium,day,R
717617,2023-06-25,2023,OAK,TOR,133,141,1,12,13,1,9,0,665622.0,Luis Medina,579328.0,Yusei Kikuchi,579328.0,665622.0,14,Rogers Centre,day,R
717619,2023-06-25,2023,KC,TB,118,139,1,3,4,1,9,0,663738.0,Daniel Lynch IV,607192.0,Tyler Glasnow,621363.0,664199.0,12,Tropicana Field,day,R
717618,2023-06-25,2023,ATL,CIN,144,113,7,6,13,0,9,0,450203.0,Charlie Morton,686651.0,Levi Stoudt,450203.0,691094.0,2602,Great American Ball Park,day,R
717620,2023-06-25,2023,PIT,MIA,134,146,0,2,2,1,9,0,670912.0,Johan Oviedo,691587.0,Eury Pérez,691587.0,670912.0,4169,loanDepot park,day,R
717613,2023-06-25,2023,MIL,CLE,158,114,5,4,9,0,10,1,669203.0,Corbin Burnes,650644.0,Aaron Civale,642207.0,663986.0,5,Progressive Field,day,R
717614,2023-06-25,2023,BOS,CWS,111,145,1,4,5,1,9,0,676710.0,Kutter Crawford,621383.0,Tanner Banks,669947.0,676710.0,4,Guaranteed Rate Field,day,R
717616,2023-06-25,2023,LAA,COL,108,115,3,4,7,1,9,0,542881.0,Tyler Anderson,596295.0,Austin Gomber,596295.0,542881.0,19,Coors Field,day,R
717612,2023-06-25,2023,ARI,SF,109,137,5,2,7,0,9,0,669194.0,Ryne Nelson,543101.0,Anthony DeSclafani,669194.0,543101.0,2395,Oracle Park,day,R
717610,2023-06-25,2023,WSH,SD,120,135,8,3,11,0,9,0,669022.0,MacKenzie Gore,607625.0,Seth Lugo,669022.0,607625.0,2680,Petco Park,day,R
717615,2023-06-25,2023,HOU,LAD,117,119,6,5,11,0,11,1,686613.0,Hunter Brown,664062.0,Tony Gonsolin,519151.0,622075.0,22,Dodger Stadium,day,R
717611,2023-06-26,2023,CIN,BAL,113,110,3,10,13,1,9,0,682227.0,Brandon Williamson,608344.0,Cole Irvin,669145.0,682227.0,2,Oriole Park at Camden Yards,night,R
717607,2023-06-26,2023,MIL,NYM,158,121,2,1,3,0,9,0,607067.0,Colin Rea,434378.0,Justin Verlander,607067.0,622098.0,3289,Citi Field,night,R
717609,2023-06-26,2023,MIN,ATL,142,144,1,4,5,1,9,0,543243.0,Sonny Gray,675911.0,Spencer Strider,675911.0,543243.0,4705,Truist Park,night,R
717606,2023-06-27,2023,DET,TEX,116,140,7,2,9,0,9,0,571510.0,Matthew Boyd,571760.0,Andrew Heaney,669438.0,571760.0,5325,Globe Life Field,night,R
717608,2023-06-27,2023,CWS,LAA,145,108,1,2,3,1,9,0,656302.0,Dylan Cease,672282.0,Reid Detmers,608032.0,625643.0,1,Angel Stadium,night,R
717602,2023-06-27,2023,WSH,SEA,120,136,4,8,12,1,9,0,592866.0,Trevor Williams,622491.0,Luis Castillo,622491.0,676265.0,680,T-Mobile Park,night,R
717601,2023-06-27,2023,CIN,BAL,113,110,3,1,4,0,9,0,671096.0,Andrew Abbott,669330.0,Tyler Wells,671096.0,669330.0,2,Oriole Park at Camden Yards,night,R
717603,2023-06-27,2023,SD,PIT,135,134,4,9,13,1,9,0,663753.0,Reiss Knehr,448179.0,Rich Hill,448179.0,663753.0,31,PNC Park,night,R
717604,2023-06-27,2023,SF,TOR,137,141,3,0,3,0,9,0,676254.0,Ryan Walker,592332.0,Kevin Gausman,622072.0,592332.0,14,Rogers Centre,night,R
717605,2023-06-27,2023,MIA,BOS,146,111,10,1,11,0,9,0,645261.0,Sandy Alcantara,676477.0,Garrett Whitlock,645261.0,676477.0,3,Fenway Park,night,R
717597,2023-06-27,2023,MIL,NYM,158,121,2,7,9,1,9,0,527054.0,Julio Teheran,656849.0,David Peterson,656849.0,527054.0,3289,Citi Field,night,R
717600,2023-06-27,2023,MIN,ATL,142,144,2,6,8,1,9,0,657746.0,Joe Ryan,693821.0,Bryce Elder,693821.0,657746.0,4705,Truist Park,night,R
717598,2023-06-27,2023,HOU,STL,117,138,2,4,6,1,9,0,664285.0,Framber Valdez,656756.0,Jordan Montgomery,656756.0,664285.0,2889,Busch Stadium,night,R
717599,2023-06-28,2023,DET,TEX,116,140,3,8,11,1,9,0,666159.0,Matt Manning,527048.0,Martín Pérez,622250.0,686839.0,5325,Globe Life Field,night,R
717596,2023-06-28,2023,PHI,CHC,143,112,5,1,6,0,9,0,624133.0,Ranger Suárez,592791.0,Jameson Taillon,624133.0,592791.0,17,Wrigley Field,night,R
717591,2023-06-28,2023,CLE,KC,114,118,2,1,3,0,9,0,668909.0,Gavin Williams,663903.0,Brady Singer,663986.0,605130.0,7,Kauffman Stadium,night,R
717594,2023-06-28,2023,LAD,COL,119,115,5,0,5,0,9,0,477132.0,Clayton Kershaw,657756.0,Connor Seabold,477132.0,657756.0,19,Coors Field,night,R
717592,2023-06-28,2023,CWS,LAA,145,108,2,4,6,1,9,0,656629.0,Michael Kopech,660271.0,Shohei Ohtani,660271.0,656629.0,1,Angel Stadium,night,R
717590,2023-06-28,2023,WSH,SEA,120,136,7,4,11,0,11,1,663623.0,Jake Irvin,693433.0,Bryan Woo,607179.0,641627.0,680,T-Mobile Park,night,R
717593,2023-06-28,2023,TB,ARI,139,109,4,8,12,1,9,0,671737.0,Taj Bradley,668678.0,Zac Gallen,668678.0,671737.0,15,Chase Field,night,R
717595,2023-06-28,2023,NYY,OAK,147,133,1,2,3,1,9,0,666745.0,Jhony Brito,621112.0,Paul Blackburn,621112.0,666745.0,10,Oakland Coliseum,night,R
717588,2023-06-28,2023,MIN,ATL,142,144,0,3,3,1,9,0,628317.0,Kenta Maeda,663465.0,Kolby Allard,489446.0,628317.0,4705,Truist Park,day,R
717587,2023-06-28,2023,WSH,SEA,120,136,4,1,5,0,9,0,571578.0,Patrick Corbin,669302.0,Logan Gilbert,571578.0,669302.0,680,T-Mobile Park,day,R
717589,2023-06-28,2023,CIN,BAL,113,110,11,7,18,0,10,1,596133.0,Luke Weaver,502043.0,Kyle Gibson,664747.0,669211.0,2,Oriole Park at Camden Yards,night,R
717585,2023-06-28,2023,SD,PIT,135,134,1,7,8,1,9,0,605483.0,Blake Snell,656605.0,Mitch Keller,656605.0,605483.0,31,PNC Park,night,R
717586,2023-06-28,2023,SF,TOR,137,141,1,6,7,1,9,0,657277.0,Logan Webb,670950.0,Trevor Richards,670102.0,657277.0,14,Rogers Centre,night,R
717583,2023-06-28,2023,MIA,BOS,146,111,6,2,8,0,9,0,666129.0,Braxton Garrett,672391.0,Kaleb Ort,666129.0,601713.0,3,Fenway Park,night,R
717581,2023-06-28,2023,MIL,NYM,158,121,5,2,7,0,9,0,489119.0,Wade Miley,673540.0,Kodai Senga,669060.0,701643.0,3289,Citi Field,night,R
717582,2023-06-28,2023,HOU,STL,117,138,10,7,17,0,9,0,664299.0,Cristian Javier,571945.0,Miles Mikolas,661527.0,606149.0,2889,Busch Stadium,night,R
717580,2023-06-29,2023,DET,TEX,116,140,2,10,12,1,9,0,666214.0,Joey Wentz,641540.0,Dane Dunning,641540.0,666214.0,5325,Globe Life Field,night,R
717584,2023-06-29,2023,PHI,CHC,143,112,8,5,13,0,9,0,605400.0,Aaron Nola,592767.0,Drew Smyly,605400.0,592767.0,17,Wrigley Field,night,R
717577,2023-06-29,2023,CLE,KC,114,118,14,1,15,0,9,0,671106.0,Logan Allen,680735.0,Austin Cox,680704.0,680735.0,7,Kauffman Stadium,night,R
717578,2023-06-29,2023,LAD,COL,119,115,8,9,17,1,9,0,675627.0,Michael Grove,607536.0,Kyle Freeland,656234.0,624647.0,19,Coors Field,night,R
717576,2023-06-29,2023,CWS,LAA,145,108,11,5,16,0,9,0,608337.0,Lucas Giolito,642545.0,Jaime Barria,608337.0,642545.0,1,Angel Stadium,night,R
717575,2023-06-29,2023,TB,ARI,139,109,3,2,5,0,9,0,621107.0,Zach Eflin,605200.0,Zach Davies,621363.0,543518.0,15,Chase Field,night,R
717579,2023-06-29,2023,NYY,OAK,147,133,11,0,11,0,9,0,593334.0,Domingo Germán,676664.0,JP Sears,593334.0,676664.0,10,Oakland Coliseum,night,R
717571,2023-06-29,2023,SD,PIT,135,134,4,5,9,1,9,0,605397.0,Joe Musgrove,682847.0,Luis Ortiz,664294.0,657612.0,31,PNC Park,day,R
717570,2023-06-29,2023,DET,TEX,116,140,8,5,13,0,9,0,681857.0,Reese Olson,674003.0,Cody Bradford,669438.0,669618.0,5325,Globe Life Field,day,R
717573,2023-06-29,2023,CLE,KC,114,118,3,4,7,1,10,1,669456.0,Shane Bieber,425844.0,Zack Greinke,547973.0,661403.0,7,Kauffman Stadium,day,R
717574,2023-06-29,2023,NYY,OAK,147,133,10,4,14,0,9,0,657376.0,Clarke Schmidt,663687.0,Hogan Harris,657376.0,663687.0,10,Oakland Coliseum,day,R
717568,2023-06-29,2023,TB,ARI,139,109,6,1,7,0,9,0,641793.0,Zack Littell,694297.0,Brandon Pfaadt,630023.0,694297.0,15,Chase Field,day,R
717560,2023-06-29,2023,CWS,LAA,145,108,9,7,16,0,9,0,458681.0,Lance Lynn,663776.0,Patrick Sandoval,458681.0,663776.0,1,Angel Stadium,day,R
717569,2023-06-29,2023,MIA,BOS,146,111,2,0,2,0,9,0,666200.0,Jesús Luzardo,678394.0,Brayan Bello,677053.0,678394.0,3,Fenway Park,night,R
717564,2023-06-29,2023,SF,TOR,137,141,1,2,3,1,9,0,676775.0,Keaton Winn,605135.0,Chris Bassitt,605135.0,676775.0,14,Rogers Centre,night,R
717565,2023-06-29,2023,MIL,NYM,158,121,3,2,5,0,9,0,605288.0,Adrian Houser,453286.0,Max Scherzer,605288.0,519008.0,3289,Citi Field,night,R
717566,2023-06-29,2023,HOU,STL,117,138,14,0,14,0,9,0,641585.0,J.P. France,425794.0,Adam Wainwright,641585.0,425794.0,2889,Busch Stadium,night,R
717567,2023-06-30,2023,PHI,CHC,143,112,3,1,4,0,9,0,592836.0,Taijuan Walker,543294.0,Kyle Hendricks,592836.0,543294.0,17,Wrigley Field,night,R
717572,2023-06-30,2023,LAD,COL,119,115,14,3,17,0,9,0,686218.0,Emmet Sheehan,502624.0,Chase Anderson,686218.0,502624.0,19,Coors Field,night,R
717559,2023-06-30,2023,CLE,CHC,114,112,1,10,11,1,9,0,615698.0,Cal Quantrill,657006.0,Justin Steele,657006.0,615698.0,17,Wrigley Field,day,R
717557,2023-06-30,2023,SD,CIN,135,113,5,7,12,1,11,1,607625.0,Seth Lugo,668933.0,Graham Ashcraft,650960.0,656290.0,2602,Great American Ball Park,night,R
717563,2023-06-30,2023,WSH,PHI,120,143,2,1,3,0,9,0,680686.0,Josiah Gray,650911.0,Cristopher Sánchez,680686.0,650911.0,2681,Citizens Bank Park,night,R
717561,2023-06-30,2023,MIN,BAL,142,110,8,1,9,0,9,0,641154.0,Pablo López,665152.0,Dean Kremer,641154.0,665152.0,2,Oriole Park at Camden Yards,night,R
717562,2023-06-30,2023,MIL,PIT,158,134,7,8,15,1,9,0,642547.0,Freddy Peralta,674370.0,Osvaldo Bido,669387.0,456713.0,31,PNC Park,night,R
717555,2023-06-30,2023,BOS,TOR,111,141,5,0,5,0,9,0,572020.0,James Paxton,621244.0,José Berríos,572020.0,621244.0,14,Rogers Centre,night,R
717556,2023-06-30,2023,SF,NYM,137,121,5,4,9,0,9,0,502171.0,Alex Cobb,471911.0,Carlos Carrasco,640455.0,502085.0,3289,Citi Field,night,R
717558,2023-06-30,2023,MIA,ATL,146,144,4,16,20,1,9,0,663773.0,Bryan Hoeing,647336.0,Michael Soroka,647336.0,663773.0,4705,Truist Park,night,R
717554,2023-07-01,2023,HOU,TEX,117,140,5,3,8,0,9,0,669854.0,Ronel Blanco,592351.0,Jon Gray,669854.0,592351.0,5325,Globe Life Field,night,R
717552,2023-07-01,2023,DET,COL,116,115,5,8,13,1,9,0,547179.0,Michael Lorenzen,596295.0,Austin Gomber,596295.0,547179.0,19,Coors Field,night,R
717553,2023-07-01,2023,LAD,KC,119,118,9,3,12,0,9,0,676272.0,Bobby Miller,679525.0,Alec Marsh,676272.0,679525.0,7,Kauffman Stadium,night,R
717549,2023-07-01,2023,ARI,LAA,109,108,6,2,8,0,9,0,674072.0,Tommy Henry,656288.0,Griffin Canning,674072.0,656288.0,1,Angel Stadium,night,R
717551,2023-07-01,2023,CWS,OAK,145,133,4,7,11,1,9,0,621383.0,Tanner Banks,665622.0,Luis Medina,665622.0,621383.0,10,Oakland Coliseum,night,R
717548,2023-07-01,2023,TB,SEA,139,136,15,4,19,0,9,0,663556.0,Shane McClanahan,682243.0,Bryce Miller,687330.0,662253.0,680,T-Mobile Park,night,R
717550,2023-07-01,2023,NYY,STL,147,138,0,0,0,0,9,0,622663.0,Luis Severino,669461.0,Matthew Liberatore,,,2889,Busch Stadium,night,R
717539,2023-07-01,2023,SD,CIN,135,113,12,5,17,0,9,0,608379.0,Michael Wacha,682227.0,Brandon Williamson,608379.0,682227.0,2602,Great American Ball Park,day,R
717545,2023-07-01,2023,NYY,STL,147,138,4,11,15,1,9,0,622663.0,Luis Severino,656427.0,Jack Flaherty,656427.0,622663.0,2889,Busch Stadium,day,R
717550,2023-07-01,2023,NYY,STL,147,138,6,2,8,0,9,0,641656.0,Ian Hamilton,669461.0,Matthew Liberatore,650633.0,669461.0,2889,Busch Stadium,night,R
717547,2023-07-01,2023,BOS,TOR,111,141,7,6,13,0,9,0,676710.0,Kutter Crawford,579328.0,Yusei Kikuchi,676710.0,579328.0,14,Rogers Centre,day,R
717542,2023-07-01,2023,HOU,TEX,117,140,2,5,7,1,9,0,686613.0,Hunter Brown,543135.0,Nathan Eovaldi,543135.0,686613.0,5325,Globe Life Field,day,R
717541,2023-07-01,2023,MIN,BAL,142,110,1,0,1,0,9,0,641927.0,Bailey Ober,680694.0,Kyle Bradish,641927.0,680694.0,2,Oriole Park at Camden Yards,day,R
717543,2023-07-01,2023,WSH,PHI,120,143,4,19,23,1,9,0,669022.0,MacKenzie Gore,554430.0,Zack Wheeler,554430.0,669022.0,2681,Citizens Bank Park,day,R
717540,2023-07-01,2023,MIL,PIT,158,134,11,8,19,0,9,0,669203.0,Corbin Burnes,670912.0,Johan Oviedo,669203.0,670912.0,31,PNC Park,day,R
717538,2023-07-01,2023,CWS,OAK,145,133,6,7,13,1,10,1,656302.0,Dylan Cease,666205.0,Kyle Muller,660261.0,608665.0,10,Oakland Coliseum,day,R
717535,2023-07-01,2023,SF,NYM,137,121,1,4,5,1,9,0,543101.0,Anthony DeSclafani,434378.0,Justin Verlander,434378.0,543101.0,3289,Citi Field,day,R
717536,2023-07-01,2023,MIA,ATL,146,144,0,7,7,1,9,0,691587.0,Eury Pérez,450203.0,Charlie Morton,450203.0,691587.0,4705,Truist Park,day,R
717546,2023-07-01,2023,CLE,CHC,114,112,6,0,6,0,9,0,676440.0,Tanner Bibee,573186.0,Marcus Stroman,676440.0,573186.0,17,Wrigley Field,night,R
717537,2023-07-01,2023,LAD,KC,119,118,4,6,10,1,9,0,628711.0,Julio Urías,663738.0,Daniel Lynch IV,663738.0,628711.0,7,Kauffman Stadium,night,R
717534,2023-07-01,2023,TB,SEA,139,136,3,8,11,1,9,0,607192.0,Tyler Glasnow,669923.0,George Kirby,669923.0,607192.0,680,T-Mobile Park,day,R
717544,2023-07-02,2023,DET,COL,116,115,4,2,6,0,10,1,686839.0,Brendan White,663567.0,Peter Lambert,656638.0,572955.0,19,Coors Field,night,R
717533,2023-07-02,2023,ARI,LAA,109,108,3,1,4,0,9,0,669194.0,Ryne Nelson,542881.0,Tyler Anderson,669194.0,696147.0,1,Angel Stadium,night,R
717529,2023-07-02,2023,MIN,BAL,142,110,1,2,3,1,9,0,543243.0,Sonny Gray,608344.0,Cole Irvin,672335.0,661395.0,2,Oriole Park at Camden Yards,day,R
717528,2023-07-02,2023,WSH,PHI,120,143,5,4,9,0,9,0,592866.0,Trevor Williams,624133.0,Ranger Suárez,592866.0,624133.0,2681,Citizens Bank Park,day,R
717532,2023-07-02,2023,MIA,ATL,146,144,3,6,9,1,9,0,645261.0,Sandy Alcantara,675911.0,Spencer Strider,675911.0,645261.0,4705,Truist Park,day,R
717531,2023-07-02,2023,MIL,PIT,158,134,6,3,9,0,9,0,607067.0,Colin Rea,448179.0,Rich Hill,607067.0,448179.0,31,PNC Park,day,R
717530,2023-07-02,2023,BOS,TOR,111,141,5,4,9,0,9,0,676477.0,Garrett Whitlock,592332.0,Kevin Gausman,455119.0,605447.0,14,Rogers Centre,day,R
717526,2023-07-02,2023,SD,CIN,135,113,3,4,7,1,9,0,670970.0,Adrian Morejon,671096.0,Andrew Abbott,608371.0,676680.0,2602,Great American Ball Park,day,R
717527,2023-07-02,2023,LAD,KC,119,118,1,9,10,1,9,0,664062.0,Tony Gonsolin,663903.0,Brady Singer,663903.0,664062.0,7,Kauffman Stadium,day,R
717524,2023-07-02,2023,NYY,STL,147,138,1,5,6,1,9,0,543037.0,Gerrit Cole,656756.0,Jordan Montgomery,656756.0,543037.0,2889,Busch Stadium,day,R
717520,2023-07-02,2023,HOU,TEX,117,140,5,3,8,0,9,0,681869.0,Shawn Dubin,571760.0,Andrew Heaney,593576.0,622250.0,5325,Globe Life Field,day,R
717523,2023-07-02,2023,DET,COL,116,115,14,9,23,0,9,0,666159.0,Matt Manning,657756.0,Connor Seabold,666159.0,657756.0,19,Coors Field,day,R
717522,2023-07-02,2023,ARI,LAA,109,108,2,5,7,1,9,0,668678.0,Zac Gallen,672282.0,Reid Detmers,672282.0,668678.0,1,Angel Stadium,day,R
717518,2023-07-02,2023,CWS,OAK,145,133,8,7,15,0,9,0,657053.0,Touki Toussaint,621112.0,Paul Blackburn,607481.0,621112.0,10,Oakland Coliseum,day,R
717519,2023-07-02,2023,TB,SEA,139,136,6,7,13,1,9,0,671737.0,Taj Bradley,622491.0,Luis Castillo,662253.0,592094.0,680,T-Mobile Park,day,R
717521,2023-07-02,2023,CLE,CHC,114,112,8,6,14,0,10,1,650644.0,Aaron Civale,592791.0,Jameson Taillon,656529.0,640470.0,17,Wrigley Field,day,R
717525,2023-07-02,2023,SF,NYM,137,121,4,8,12,1,9,0,548389.0,Ross Stripling,656849.0,David Peterson,701643.0,622072.0,3289,Citi Field,night,R
717514,2023-07-03,2023,HOU,TEX,117,140,12,11,23,0,9,0,664299.0,Cristian Javier,527048.0,Martín Pérez,650556.0,519293.0,5325,Globe Life Field,day,R
717511,2023-07-03,2023,CHC,MIL,112,158,6,8,14,1,9,0,592767.0,Drew Smyly,527054.0,Julio Teheran,606303.0,643410.0,32,American Family Field,day,R
717517,2023-07-03,2023,CIN,WSH,113,120,3,2,5,0,9,0,596133.0,Luke Weaver,663623.0,Jake Irvin,596133.0,663623.0,3309,Nationals Park,night,R
717515,2023-07-03,2023,STL,MIA,138,146,4,5,9,1,9,0,571945.0,Miles Mikolas,666129.0,Braxton Garrett,623211.0,669467.0,4169,loanDepot park,night,R
717513,2023-07-03,2023,BAL,NYY,110,147,3,6,9,1,9,0,669330.0,Tyler Wells,593334.0,Domingo Germán,592454.0,666974.0,3313,Yankee Stadium,night,R
717512,2023-07-03,2023,ATL,CLE,144,114,4,2,6,0,9,0,693821.0,Bryce Elder,668909.0,Gavin Williams,693821.0,668909.0,5,Progressive Field,night,R
717510,2023-07-04,2023,KC,MIN,118,142,4,8,12,1,9,0,680735.0,Austin Cox,657746.0,Joe Ryan,687396.0,664199.0,3312,Target Field,night,R
717505,2023-07-04,2023,LAA,SD,108,135,3,10,13,1,9,0,642545.0,Jaime Barria,605483.0,Blake Snell,605483.0,642545.0,2680,Petco Park,night,R
717516,2023-07-04,2023,SEA,SF,136,137,6,5,11,0,9,0,693433.0,Bryan Woo,657277.0,Logan Webb,662253.0,666808.0,2395,Oracle Park,night,R
717506,2023-07-04,2023,PIT,LAD,134,119,2,5,7,1,9,0,656605.0,Mitch Keller,675627.0,Michael Grove,657571.0,656605.0,22,Dodger Stadium,night,R
717507,2023-07-04,2023,CIN,WSH,113,120,8,4,12,0,9,0,664028.0,Brett Kennedy,571578.0,Patrick Corbin,664028.0,571578.0,3309,Nationals Park,day,R
717508,2023-07-04,2023,BAL,NYY,110,147,4,8,12,1,9,0,502043.0,Kyle Gibson,657376.0,Clarke Schmidt,657376.0,502043.0,3313,Yankee Stadium,day,R
717502,2023-07-04,2023,STL,MIA,138,146,2,15,17,1,9,0,425794.0,Adam Wainwright,666200.0,Jesús Luzardo,666200.0,425794.0,4169,loanDepot park,day,R
717501,2023-07-04,2023,TEX,BOS,140,111,6,2,8,0,9,0,641540.0,Dane Dunning,657514.0,Brennan Bernardino,641540.0,672391.0,3,Fenway Park,day,R
717500,2023-07-04,2023,KC,MIN,118,142,3,9,12,1,9,0,425844.0,Zack Greinke,628317.0,Kenta Maeda,628317.0,425844.0,3312,Target Field,day,R
717504,2023-07-04,2023,COL,HOU,115,117,1,4,5,1,9,0,607536.0,Kyle Freeland,656232.0,Brandon Bielak,656232.0,607536.0,2392,Minute Maid Park,day,R
717498,2023-07-04,2023,NYM,ARI,121,109,8,5,13,0,9,0,453286.0,Max Scherzer,605200.0,Zach Davies,453286.0,612434.0,15,Chase Field,day,R
717499,2023-07-04,2023,PHI,TB,143,139,3,1,4,0,9,0,605400.0,Aaron Nola,621107.0,Zach Eflin,605400.0,621107.0,12,Tropicana Field,day,R
717503,2023-07-04,2023,CHC,MIL,112,158,7,6,13,0,11,1,543294.0,Kyle Hendricks,489119.0,Wade Miley,694037.0,677076.0,32,American Family Field,day,R
717509,2023-07-04,2023,SEA,SF,136,137,6,0,6,0,9,0,669302.0,Logan Gilbert,676775.0,Keaton Winn,669302.0,676775.0,2395,Oracle Park,day,R
717494,2023-07-04,2023,OAK,DET,133,116,1,0,1,0,10,1,676664.0,JP Sears,669373.0,Tarik Skubal,660261.0,663947.0,2394,Comerica Park,night,R
717497,2023-07-04,2023,LAA,SD,108,135,5,8,13,1,9,0,660271.0,Shohei Ohtani,605397.0,Joe Musgrove,605397.0,660271.0,2680,Petco Park,day,R
717495,2023-07-04,2023,ATL,CLE,144,114,5,6,11,1,10,1,663465.0,Kolby Allard,669456.0,Shane Bieber,660853.0,628452.0,5,Progressive Field,night,R
717496,2023-07-05,2023,TOR,CWS,141,145,4,3,7,0,9,0,605135.0,Chris Bassitt,608337.0,Lucas Giolito,663878.0,523260.0,4,Guaranteed Rate Field,night,R
717492,2023-07-05,2023,PIT,LAD,134,119,9,7,16,0,9,0,682847.0,Luis Ortiz,686218.0,Emmet Sheehan,670280.0,623465.0,22,Dodger Stadium,night,R
717489,2023-07-05,2023,COL,HOU,115,117,4,6,10,1,9,0,502624.0,Chase Anderson,641585.0,J.P. France,641585.0,502624.0,2392,Minute Maid Park,day,R
717485,2023-07-05,2023,OAK,DET,133,116,12,3,15,0,9,0,643493.0,Austin Pruitt,593958.0,Eduardo Rodriguez,686610.0,593958.0,2394,Comerica Park,night,R
717491,2023-07-05,2023,PHI,TB,143,139,8,4,12,0,9,0,592836.0,Taijuan Walker,641793.0,Zack Littell,592836.0,630023.0,12,Tropicana Field,night,R
717488,2023-07-05,2023,STL,MIA,138,146,9,10,19,1,9,0,669461.0,Matthew Liberatore,663773.0,Bryan Hoeing,640462.0,663855.0,4169,loanDepot park,night,R
717493,2023-07-05,2023,CIN,WSH,113,120,9,2,11,0,9,0,668933.0,Graham Ashcraft,680686.0,Josiah Gray,668933.0,680686.0,3309,Nationals Park,night,R
717487,2023-07-05,2023,BAL,NYY,110,147,6,3,9,0,9,0,665152.0,Dean Kremer,681190.0,Randy Vásquez,665152.0,598286.0,3313,Yankee Stadium,night,R
717484,2023-07-05,2023,TEX,BOS,140,111,2,4,6,1,9,0,592351.0,Jon Gray,678394.0,Brayan Bello,678394.0,592351.0,3,Fenway Park,night,R
717486,2023-07-05,2023,ATL,CLE,144,114,8,1,9,0,9,0,647336.0,Michael Soroka,615698.0,Cal Quantrill,543859.0,615698.0,5,Progressive Field,night,R
717482,2023-07-05,2023,KC,MIN,118,142,0,5,5,1,9,0,679525.0,Alec Marsh,641154.0,Pablo López,641154.0,679525.0,3312,Target Field,night,R
717483,2023-07-06,2023,CHC,MIL,112,158,4,3,7,0,9,0,657006.0,Justin Steele,605288.0,Adrian Houser,621074.0,642207.0,32,American Family Field,night,R
717478,2023-07-06,2023,LAA,SD,108,135,3,5,8,1,9,0,663776.0,Patrick Sandoval,607625.0,Seth Lugo,607259.0,657097.0,2680,Petco Park,night,R
717490,2023-07-06,2023,SEA,SF,136,137,0,2,2,1,9,0,543548.0,Tommy Milone,502171.0,Alex Cobb,502171.0,543548.0,2395,Oracle Park,night,R
717477,2023-07-06,2023,NYM,ARI,121,109,2,1,3,0,9,0,673540.0,Kodai Senga,674072.0,Tommy Henry,673540.0,605177.0,15,Chase Field,night,R
717479,2023-07-06,2023,PIT,LAD,134,119,4,6,10,1,9,0,674370.0,Osvaldo Bido,676272.0,Bobby Miller,676272.0,672710.0,22,Dodger Stadium,night,R
717480,2023-07-06,2023,TOR,CWS,141,145,0,0,0,0,9,0,621244.0,José Berríos,458681.0,Lance Lynn,,,4,Guaranteed Rate Field,night,R
717481,2023-07-06,2023,CIN,WSH,113,120,5,4,9,0,10,1,682227.0,Brandon Williamson,669022.0,MacKenzie Gore,663574.0,640451.0,3309,Nationals Park,day,R
717476,2023-07-06,2023,OAK,DET,133,116,0,9,9,1,9,0,663687.0,Hogan Harris,547179.0,Michael Lorenzen,547179.0,663687.0,2394,Comerica Park,day,R
717474,2023-07-06,2023,CHC,MIL,112,158,5,6,11,1,9,0,573186.0,Marcus Stroman,642547.0,Freddy Peralta,650496.0,605242.0,32,American Family Field,day,R
717468,2023-07-06,2023,TOR,CWS,141,145,6,2,8,0,11,1,621244.0,José Berríos,458681.0,Lance Lynn,605447.0,607481.0,4,Guaranteed Rate Field,night,R
717480,2023-07-06,2023,TOR,CWS,141,145,5,4,9,0,9,0,579328.0,Yusei Kikuchi,669947.0,Jesse Scholtens,543351.0,656820.0,4,Guaranteed Rate Field,night,R
717472,2023-07-06,2023,PHI,TB,143,139,3,1,4,0,11,1,650911.0,Cristopher Sánchez,542888.0,Shawn Armstrong,621381.0,657044.0,12,Tropicana Field,night,R
717473,2023-07-06,2023,STL,MIA,138,146,3,0,3,0,9,0,656427.0,Jack Flaherty,691587.0,Eury Pérez,656427.0,691587.0,4169,loanDepot park,night,R
717475,2023-07-06,2023,BAL,NYY,110,147,14,1,15,0,9,0,680694.0,Kyle Bradish,622663.0,Luis Severino,680694.0,622663.0,3313,Yankee Stadium,night,R
717469,2023-07-06,2023,KC,CLE,118,114,1,6,7,1,9,0,543475.0,Jordan Lyles,676440.0,Tanner Bibee,669212.0,607237.0,5,Progressive Field,night,R
717471,2023-07-06,2023,TEX,BOS,140,111,6,10,16,1,9,0,543135.0,Nathan Eovaldi,676710.0,Kutter Crawford,670174.0,622250.0,3,Fenway Park,night,R
717467,2023-07-07,2023,SEA,HOU,136,117,5,1,6,0,9,0,669923.0,George Kirby,669854.0,Ronel Blanco,669923.0,669854.0,2392,Minute Maid Park,night,R
717470,2023-07-07,2023,NYM,ARI,121,109,9,0,9,0,9,0,471911.0,Carlos Carrasco,669194.0,Ryne Nelson,471911.0,669194.0,15,Chase Field,night,R
717462,2023-07-07,2023,PIT,LAD,134,119,2,5,7,1,9,0,670912.0,Johan Oviedo,628711.0,Julio Urías,628711.0,670912.0,22,Dodger Stadium,night,R
717457,2023-07-07,2023,TOR,DET,141,116,12,2,14,0,9,0,666201.0,Alek Manoah,656412.0,Alex Faedo,666201.0,656412.0,2394,Comerica Park,night,R
717460,2023-07-07,2023,ATL,TB,144,139,2,1,3,0,9,0,450203.0,Charlie Morton,607192.0,Tyler Glasnow,450203.0,607192.0,12,Tropicana Field,night,R
717466,2023-07-07,2023,PHI,MIA,143,146,4,3,7,0,9,0,554430.0,Zack Wheeler,645261.0,Sandy Alcantara,656546.0,640462.0,4169,loanDepot park,night,R
717465,2023-07-07,2023,TEX,WSH,140,120,7,2,9,0,9,0,674003.0,Cody Bradford,592866.0,Trevor Williams,674003.0,592866.0,3309,Nationals Park,night,R
717464,2023-07-07,2023,CHC,NYY,112,147,3,0,3,0,9,0,592791.0,Jameson Taillon,607074.0,Carlos Rodón,592791.0,607074.0,3313,Yankee Stadium,night,R
717463,2023-07-07,2023,KC,CLE,118,114,0,3,3,1,9,0,663738.0,Daniel Lynch IV,650644.0,Aaron Civale,650644.0,663738.0,5,Progressive Field,night,R
717461,2023-07-07,2023,OAK,BOS,133,111,3,7,10,1,9,0,669674.0,Sam Long,657514.0,Brennan Bernardino,601713.0,669674.0,3,Fenway Park,night,R
717453,2023-07-08,2023,SEA,HOU,136,117,10,1,11,0,9,0,622491.0,Luis Castillo,686613.0,Hunter Brown,622491.0,686613.0,2392,Minute Maid Park,night,R
717458,2023-07-08,2023,BAL,MIN,110,142,3,1,4,0,10,1,608344.0,Cole Irvin,641927.0,Bailey Ober,642585.0,661395.0,3312,Target Field,night,R
717455,2023-07-08,2023,STL,CWS,138,145,7,8,15,1,9,0,656756.0,Jordan Montgomery,656302.0,Dylan Cease,641871.0,681517.0,4,Guaranteed Rate Field,night,R
717459,2023-07-08,2023,CIN,MIL,113,158,3,7,10,1,9,0,671096.0,Andrew Abbott,669203.0,Corbin Burnes,669203.0,671096.0,32,American Family Field,night,R
717452,2023-07-08,2023,PIT,ARI,134,109,3,7,10,1,9,0,448179.0,Rich Hill,668678.0,Zac Gallen,668678.0,448179.0,15,Chase Field,night,R
717454,2023-07-08,2023,NYM,SD,121,135,7,5,12,0,10,1,434378.0,Justin Verlander,506433.0,Yu Darvish,622098.0,676680.0,2680,Petco Park,night,R
717456,2023-07-08,2023,LAA,LAD,108,119,4,11,15,1,9,0,656288.0,Griffin Canning,664062.0,Tony Gonsolin,664062.0,656288.0,22,Dodger Stadium,night,R
717448,2023-07-08,2023,COL,SF,115,137,5,2,7,0,9,0,596295.0,Austin Gomber,548389.0,Ross Stripling,596295.0,573124.0,2395,Oracle Park,night,R
717447,2023-07-08,2023,CHC,NYY,112,147,3,6,9,1,9,0,592767.0,Drew Smyly,543037.0,Gerrit Cole,543037.0,592767.0,3313,Yankee Stadium,day,R
717442,2023-07-08,2023,TOR,DET,141,116,0,2,2,1,9,0,592332.0,Kevin Gausman,666159.0,Matt Manning,666159.0,592332.0,2394,Comerica Park,day,R
717446,2023-07-08,2023,BAL,MIN,110,142,6,2,8,0,9,0,669330.0,Tyler Wells,543243.0,Sonny Gray,669330.0,543243.0,3312,Target Field,day,R
717445,2023-07-08,2023,STL,CWS,138,145,3,0,3,0,9,0,571945.0,Miles Mikolas,657053.0,Touki Toussaint,571945.0,657053.0,4,Guaranteed Rate Field,day,R
717451,2023-07-08,2023,COL,SF,115,137,3,5,8,1,9,0,657756.0,Connor Seabold,676254.0,Ryan Walker,622072.0,657756.0,2395,Oracle Park,day,R
717450,2023-07-08,2023,TEX,WSH,140,120,3,8,11,1,9,0,571760.0,Andrew Heaney,663623.0,Jake Irvin,663623.0,571760.0,3309,Nationals Park,day,R
717443,2023-07-08,2023,KC,CLE,118,114,6,10,16,1,9,0,663903.0,Brady Singer,668909.0,Gavin Williams,668909.0,663903.0,5,Progressive Field,day,R
717449,2023-07-08,2023,OAK,BOS,133,111,3,10,13,1,9,0,643493.0,Austin Pruitt,572020.0,James Paxton,572020.0,643493.0,3,Fenway Park,day,R
717439,2023-07-08,2023,PIT,ARI,134,109,2,3,5,1,10,1,656605.0,Mitch Keller,669459.0,Kyle Nelson,543518.0,670280.0,15,Chase Field,day,R
717438,2023-07-08,2023,PHI,MIA,143,146,3,5,8,1,9,0,624133.0,Ranger Suárez,666129.0,Braxton Garrett,666129.0,624133.0,4169,loanDepot park,day,R
717444,2023-07-08,2023,CIN,MIL,113,158,8,5,13,0,9,0,596133.0,Luke Weaver,607067.0,Colin Rea,608371.0,665625.0,32,American Family Field,day,R
717440,2023-07-08,2023,SEA,HOU,136,117,2,3,5,1,9,0,693433.0,Bryan Woo,664285.0,Framber Valdez,593576.0,662253.0,2392,Minute Maid Park,night,R
717441,2023-07-08,2023,ATL,TB,144,139,6,1,7,0,9,0,675911.0,Spencer Strider,671737.0,Taj Bradley,675911.0,671737.0,12,Tropicana Field,night,R
717437,2023-07-09,2023,LAA,LAD,108,119,5,10,15,1,9,0,672282.0,Reid Detmers,681911.0,Alex Vesia,675627.0,672282.0,22,Dodger Stadium,night,R
717436,2023-07-09,2023,NYM,SD,121,135,1,3,4,1,9,0,656849.0,David Peterson,605483.0,Blake Snell,605483.0,656849.0,2680,Petco Park,night,R
717432,2023-07-09,2023,TEX,WSH,140,120,2,7,9,1,9,0,641540.0,Dane Dunning,571578.0,Patrick Corbin,571578.0,641540.0,3309,Nationals Park,day,R
717435,2023-07-09,2023,OAK,BOS,133,111,3,4,7,1,9,0,676664.0,JP Sears,605463.0,Tayler Scott,455119.0,686610.0,3,Fenway Park,day,R
717433,2023-07-09,2023,CHC,NYY,112,147,7,4,11,0,9,0,543294.0,Kyle Hendricks,593334.0,Domingo Germán,657240.0,676760.0,3313,Yankee Stadium,day,R
717434,2023-07-09,2023,KC,CLE,118,114,4,1,5,0,9,0,642232.0,Ryan Yarbrough,669456.0,Shane Bieber,642232.0,669456.0,5,Progressive Field,day,R
717431,2023-07-09,2023,TOR,DET,141,116,4,3,7,0,10,1,605135.0,Chris Bassitt,669373.0,Tarik Skubal,554340.0,542585.0,2394,Comerica Park,day,R
717429,2023-07-09,2023,ATL,TB,144,139,4,10,14,1,9,0,693821.0,Bryce Elder,621107.0,Zach Eflin,621107.0,693821.0,12,Tropicana Field,day,R
717426,2023-07-09,2023,PHI,MIA,143,146,3,7,10,1,9,0,605400.0,Aaron Nola,666200.0,Jesús Luzardo,666200.0,605400.0,4169,loanDepot park,day,R
717430,2023-07-09,2023,SEA,HOU,136,117,3,1,4,0,9,0,669302.0,Logan Gilbert,656232.0,Brandon Bielak,669302.0,656232.0,2392,Minute Maid Park,day,R
717428,2023-07-09,2023,BAL,MIN,110,142,15,2,17,0,9,0,502043.0,Kyle Gibson,657746.0,Joe Ryan,502043.0,657746.0,3312,Target Field,day,R
717424,2023-07-09,2023,STL,CWS,138,145,4,3,7,0,10,1,571927.0,Steven Matz,608337.0,Lucas Giolito,668941.0,641871.0,4,Guaranteed Rate Field,day,R
717427,2023-07-09,2023,CIN,MIL,113,158,0,1,1,1,9,0,,,489119.0,Wade Miley,489119.0,594902.0,32,American Family Field,day,R
717422,2023-07-09,2023,COL,SF,115,137,0,1,1,1,9,0,607536.0,Kyle Freeland,657277.0,Logan Webb,657277.0,607536.0,2395,Oracle Park,day,R
717425,2023-07-09,2023,PIT,ARI,134,109,4,2,6,0,9,0,669387.0,Carmen Mlodzinski,605200.0,Zach Davies,674370.0,605200.0,15,Chase Field,day,R
717423,2023-07-09,2023,NYM,SD,121,135,2,6,8,1,9,0,453286.0,Max Scherzer,605397.0,Joe Musgrove,605397.0,453286.0,2680,Petco Park,day,R
717418,2023-07-14,2023,SD,PHI,135,143,8,3,11,0,9,0,506433.0,Yu Darvish,650911.0,Cristopher Sánchez,506433.0,650911.0,2681,Citizens Bank Park,night,R
717416,2023-07-14,2023,SF,PIT,137,134,6,4,10,0,9,0,548389.0,Ross Stripling,448179.0,Rich Hill,661440.0,670059.0,31,PNC Park,night,R
717407,2023-07-14,2023,WSH,STL,120,138,7,5,12,0,10,1,592866.0,Trevor Williams,571945.0,Miles Mikolas,640448.0,663855.0,2889,Busch Stadium,night,R
717417,2023-07-14,2023,MIA,BAL,146,110,2,5,7,1,9,0,645261.0,Sandy Alcantara,665152.0,Dean Kremer,665152.0,645261.0,2,Oriole Park at Camden Yards,night,R
717420,2023-07-14,2023,ARI,TOR,109,141,2,7,9,1,9,0,669194.0,Ryne Nelson,621244.0,José Berríos,670950.0,669459.0,14,Rogers Centre,night,R
717413,2023-07-14,2023,LAD,NYM,119,121,6,0,6,0,9,0,628711.0,Julio Urías,434378.0,Justin Verlander,628711.0,434378.0,3289,Citi Field,night,R
717412,2023-07-14,2023,MIL,CIN,158,113,1,0,1,0,9,0,669203.0,Corbin Burnes,668933.0,Graham Ashcraft,669203.0,668933.0,2602,Great American Ball Park,night,R
717414,2023-07-14,2023,CWS,ATL,145,144,0,9,9,1,9,0,656629.0,Michael Kopech,450203.0,Charlie Morton,450203.0,656629.0,4705,Truist Park,night,R
717419,2023-07-15,2023,BOS,CHC,111,112,8,3,11,0,9,0,678394.0,Brayan Bello,543294.0,Kyle Hendricks,678394.0,543294.0,17,Wrigley Field,night,R
717415,2023-07-15,2023,CLE,TEX,114,140,4,12,16,1,9,0,650644.0,Aaron Civale,592351.0,Jon Gray,656271.0,656529.0,5325,Globe Life Field,night,R
717410,2023-07-15,2023,NYY,COL,147,115,2,7,9,1,9,0,607074.0,Carlos Rodón,596295.0,Austin Gomber,596295.0,607074.0,19,Coors Field,night,R
717405,2023-07-15,2023,HOU,LAA,117,108,7,5,12,0,9,0,641585.0,J.P. France,660271.0,Shohei Ohtani,664208.0,660271.0,1,Angel Stadium,night,R
717409,2023-07-15,2023,MIN,OAK,142,133,5,4,9,0,9,0,628317.0,Kenta Maeda,686610.0,Ken Waldichuk,643377.0,660261.0,10,Oakland Coliseum,night,R
717406,2023-07-15,2023,DET,SEA,116,136,5,4,9,0,9,0,593958.0,Eduardo Rodriguez,622491.0,Luis Castillo,593958.0,622491.0,680,T-Mobile Park,night,R
717411,2023-07-15,2023,TB,KC,139,118,0,0,0,0,9,0,607192.0,Tyler Glasnow,679525.0,Alec Marsh,,,7,Kauffman Stadium,night,R
717408,2023-07-15,2023,SD,PHI,135,143,4,6,10,1,9,0,605483.0,Blake Snell,624133.0,Ranger Suárez,621381.0,657612.0,2681,Citizens Bank Park,day,R
717397,2023-07-15,2023,SD,PHI,135,143,4,9,13,1,9,0,677960.0,Ryan Weathers,592836.0,Taijuan Walker,592836.0,677960.0,2681,Citizens Bank Park,night,R
717411,2023-07-15,2023,TB,KC,139,118,6,1,7,0,9,0,607192.0,Tyler Glasnow,679525.0,Alec Marsh,607192.0,679525.0,7,Kauffman Stadium,day,R
717393,2023-07-15,2023,TB,KC,139,118,4,2,6,0,9,0,542888.0,Shawn Armstrong,666142.0,Cole Ragans,621363.0,672578.0,7,Kauffman Stadium,night,R
717407,2023-07-15,2023,WSH,STL,120,138,7,5,12,0,10,1,592866.0,Trevor Williams,571945.0,Miles Mikolas,640448.0,663855.0,2889,Busch Stadium,day,R
717403,2023-07-15,2023,BOS,CHC,111,112,4,10,14,1,9,0,572020.0,James Paxton,573186.0,Marcus Stroman,573186.0,572020.0,17,Wrigley Field,day,R
717404,2023-07-15,2023,ARI,TOR,109,141,2,5,7,1,9,0,668678.0,Zac Gallen,605135.0,Chris Bassitt,605135.0,668678.0,14,Rogers Centre,day,R
717402,2023-07-15,2023,CLE,TEX,114,140,0,2,2,1,9,0,668909.0,Gavin Williams,571760.0,Andrew Heaney,571760.0,668909.0,5325,Globe Life Field,day,R
717398,2023-07-15,2023,SF,PIT,137,134,3,1,4,0,9,0,502171.0,Alex Cobb,670912.0,Johan Oviedo,573124.0,669387.0,31,PNC Park,night,R
717401,2023-07-15,2023,MIA,BAL,146,110,5,6,11,1,9,0,666129.0,Braxton Garrett,502043.0,Kyle Gibson,657508.0,623211.0,2,Oriole Park at Camden Yards,night,R
717399,2023-07-15,2023,MIN,OAK,142,133,10,7,17,0,9,0,641154.0,Pablo López,643493.0,Austin Pruitt,663558.0,676206.0,10,Oakland Coliseum,day,R
717392,2023-07-15,2023,MIL,CIN,158,113,3,0,3,0,9,0,642547.0,Freddy Peralta,671096.0,Andrew Abbott,642547.0,671096.0,2602,Great American Ball Park,night,R
717400,2023-07-15,2023,LAD,NYM,119,121,5,1,6,0,9,0,664062.0,Tony Gonsolin,673540.0,Kodai Senga,660813.0,493603.0,3289,Citi Field,night,R
717396,2023-07-15,2023,WSH,STL,120,138,6,9,15,1,9,0,663623.0,Jake Irvin,571927.0,Steven Matz,641712.0,686294.0,2889,Busch Stadium,night,R
717395,2023-07-15,2023,CWS,ATL,145,144,6,5,11,0,9,0,458681.0,Lance Lynn,675911.0,Spencer Strider,458681.0,675911.0,4705,Truist Park,night,R
717394,2023-07-16,2023,NYY,COL,147,115,6,3,9,0,9,0,657376.0,Clarke Schmidt,657756.0,Connor Seabold,657376.0,657756.0,19,Coors Field,night,R
717389,2023-07-16,2023,HOU,LAA,117,108,12,13,25,1,10,1,664285.0,Framber Valdez,672282.0,Reid Detmers,608032.0,664208.0,1,Angel Stadium,night,R
717390,2023-07-16,2023,DET,SEA,116,136,6,0,6,0,9,0,547179.0,Michael Lorenzen,669923.0,George Kirby,547179.0,669923.0,680,T-Mobile Park,night,R
717388,2023-07-16,2023,SF,PIT,137,134,8,4,12,0,10,1,622072.0,Alex Wood,674370.0,Osvaldo Bido,676254.0,660787.0,31,PNC Park,day,R
717387,2023-07-16,2023,SD,PHI,135,143,6,7,13,1,12,1,607625.0,Seth Lugo,554430.0,Zack Wheeler,656546.0,657612.0,2681,Citizens Bank Park,day,R
717391,2023-07-16,2023,CWS,ATL,145,144,8,1,9,0,9,0,656302.0,Dylan Cease,663465.0,Kolby Allard,656302.0,663465.0,4705,Truist Park,day,R
717384,2023-07-16,2023,MIA,BAL,146,110,4,5,9,1,9,0,595345.0,Steven Okert,680694.0,Kyle Bradish,680694.0,595345.0,2,Oriole Park at Camden Yards,day,R
717386,2023-07-16,2023,ARI,TOR,109,141,5,7,12,1,9,0,674072.0,Tommy Henry,579328.0,Yusei Kikuchi,543351.0,674072.0,14,Rogers Centre,day,R
717383,2023-07-16,2023,MIL,CIN,158,113,4,3,7,0,9,0,605288.0,Adrian Houser,594902.0,Ben Lively,571948.0,608371.0,2602,Great American Ball Park,day,R
717382,2023-07-16,2023,TB,KC,139,118,4,8,12,1,9,0,621107.0,Zach Eflin,663903.0,Brady Singer,663903.0,621107.0,7,Kauffman Stadium,day,R
717380,2023-07-16,2023,WSH,STL,120,138,4,8,12,1,9,0,680686.0,Josiah Gray,656427.0,Jack Flaherty,656427.0,680686.0,2889,Busch Stadium,day,R
717376,2023-07-16,2023,BOS,CHC,111,112,11,5,16,0,9,0,676710.0,Kutter Crawford,657006.0,Justin Steele,676710.0,657006.0,17,Wrigley Field,day,R
717377,2023-07-16,2023,CLE,TEX,114,140,5,6,11,1,9,0,676440.0,Tanner Bibee,527048.0,Martín Pérez,674003.0,663986.0,5325,Globe Life Field,day,R
717378,2023-07-16,2023,NYY,COL,147,115,7,8,15,1,11,1,543037.0,Gerrit Cole,502624.0,Chase Anderson,668970.0,676760.0,19,Coors Field,day,R
717379,2023-07-16,2023,MIN,OAK,142,133,5,4,9,0,9,0,657746.0,Joe Ryan,676664.0,JP Sears,605347.0,668674.0,10,Oakland Coliseum,day,R
717373,2023-07-16,2023,DET,SEA,116,136,0,2,2,1,9,0,681857.0,Reese Olson,682243.0,Bryce Miller,682243.0,681857.0,680,T-Mobile Park,day,R
717385,2023-07-16,2023,LAD,NYM,119,121,1,2,3,1,10,1,676272.0,Bobby Miller,453286.0,Max Scherzer,502085.0,687798.0,3289,Citi Field,night,R
717381,2023-07-16,2023,HOU,LAA,117,108,9,8,17,0,9,0,664299.0,Cristian Javier,542881.0,Tyler Anderson,606160.0,642545.0,1,Angel Stadium,day,R
717372,2023-07-17,2023,LAD,BAL,119,110,6,4,10,0,9,0,686218.0,Emmet Sheehan,680570.0,Grayson Rodriguez,686218.0,641329.0,2,Oriole Park at Camden Yards,night,R
717371,2023-07-17,2023,CLE,PIT,114,134,11,0,11,0,9,0,675540.0,Xzavion Curry,682990.0,Quinn Priester,547184.0,682990.0,31,PNC Park,night,R
717375,2023-07-17,2023,SF,CIN,137,113,4,2,6,0,10,1,657277.0,Logan Webb,682227.0,Brandon Williamson,643511.0,664139.0,2602,Great American Ball Park,night,R
717374,2023-07-17,2023,MIA,STL,146,138,4,6,10,1,9,0,666200.0,Jesús Luzardo,571945.0,Miles Mikolas,571945.0,571670.0,2889,Busch Stadium,night,R
717370,2023-07-18,2023,WSH,CHC,120,112,7,5,12,0,9,0,669022.0,MacKenzie Gore,592767.0,Drew Smyly,669022.0,592767.0,17,Wrigley Field,night,R
717367,2023-07-18,2023,TB,TEX,139,140,2,3,5,1,9,0,663556.0,Shane McClanahan,641540.0,Dane Dunning,547973.0,664126.0,5325,Globe Life Field,night,R
717368,2023-07-18,2023,DET,KC,116,118,3,2,5,0,9,0,666159.0,Matt Manning,543475.0,Jordan Lyles,686839.0,664199.0,7,Kauffman Stadium,night,R
717369,2023-07-18,2023,NYY,LAA,147,108,3,4,7,1,10,1,622663.0,Luis Severino,656288.0,Griffin Canning,571901.0,598286.0,1,Angel Stadium,night,R
717366,2023-07-18,2023,BOS,OAK,111,133,7,0,7,0,9,0,657514.0,Brennan Bernardino,621112.0,Paul Blackburn,601713.0,621112.0,10,Oakland Coliseum,night,R
717365,2023-07-18,2023,MIN,SEA,142,136,6,7,13,1,9,0,543243.0,Sonny Gray,669302.0,Logan Gilbert,669302.0,543243.0,680,T-Mobile Park,night,R
717375,2023-07-18,2023,SF,CIN,137,113,4,2,6,0,10,1,657277.0,Logan Webb,682227.0,Brandon Williamson,643511.0,664139.0,2602,Great American Ball Park,night,R
717363,2023-07-18,2023,MIL,PHI,158,143,3,4,7,1,9,0,527054.0,Julio Teheran,605400.0,Aaron Nola,605400.0,527054.0,2681,Citizens Bank Park,night,R
717361,2023-07-18,2023,LAD,BAL,119,110,10,3,13,0,9,0,675627.0,Michael Grove,669330.0,Tyler Wells,675627.0,669330.0,2,Oriole Park at Camden Yards,night,R
717364,2023-07-18,2023,CLE,PIT,114,134,10,1,11,0,9,0,671106.0,Logan Allen,656605.0,Mitch Keller,671106.0,656605.0,31,PNC Park,night,R
717362,2023-07-18,2023,SD,TOR,135,141,9,1,10,0,9,0,605397.0,Joe Musgrove,666201.0,Alek Manoah,605397.0,666201.0,14,Rogers Centre,night,R
717359,2023-07-18,2023,CWS,NYM,145,121,10,11,21,1,9,0,608337.0,Lucas Giolito,471911.0,Carlos Carrasco,701643.0,608337.0,3289,Citi Field,night,R
717358,2023-07-18,2023,ARI,ATL,109,144,16,13,29,0,9,0,605200.0,Zach Davies,693821.0,Bryce Elder,612434.0,628452.0,4705,Truist Park,night,R
717357,2023-07-18,2023,MIA,STL,146,138,2,5,7,1,10,1,665795.0,Edward Cabrera,656756.0,Jordan Montgomery,668941.0,640462.0,2889,Busch Stadium,night,R
717353,2023-07-19,2023,WSH,CHC,120,112,3,17,20,1,9,0,571578.0,Patrick Corbin,592791.0,Jameson Taillon,605242.0,686294.0,17,Wrigley Field,night,R
717354,2023-07-19,2023,TB,TEX,139,140,3,5,8,1,9,0,671737.0,Taj Bradley,543135.0,Nathan Eovaldi,543135.0,671737.0,5325,Globe Life Field,night,R
717356,2023-07-19,2023,DET,KC,116,118,10,11,21,1,9,0,669373.0,Tarik Skubal,663738.0,Daniel Lynch IV,663738.0,669373.0,7,Kauffman Stadium,night,R
717355,2023-07-19,2023,HOU,COL,117,115,3,4,7,1,9,0,686613.0,Hunter Brown,656234.0,Jake Bird,472551.0,686613.0,19,Coors Field,night,R
717352,2023-07-19,2023,NYY,LAA,147,108,1,5,6,1,9,0,593334.0,Domingo Germán,663776.0,Patrick Sandoval,663776.0,593334.0,1,Angel Stadium,night,R
717349,2023-07-19,2023,BOS,OAK,111,133,0,3,3,1,9,0,682175.0,Joe Jacques,665622.0,Luis Medina,665622.0,682175.0,10,Oakland Coliseum,night,R
717350,2023-07-19,2023,MIN,SEA,142,136,10,3,13,0,9,0,641927.0,Bailey Ober,693433.0,Bryan Woo,641927.0,693433.0,680,T-Mobile Park,night,R
717360,2023-07-18,2023,SF,CIN,137,113,11,10,21,0,9,0,543101.0,Anthony DeSclafani,596133.0,Luke Weaver,518397.0,571656.0,2602,Great American Ball Park,night,R
717348,2023-07-19,2023,CLE,PIT,114,134,5,7,12,1,9,0,650644.0,Aaron Civale,448179.0,Rich Hill,621366.0,656529.0,31,PNC Park,day,R
717343,2023-07-19,2023,LAD,BAL,119,110,5,8,13,1,9,0,628711.0,Julio Urías,665152.0,Dean Kremer,543056.0,628711.0,2,Oriole Park at Camden Yards,day,R
717346,2023-07-19,2023,TB,TEX,139,140,1,5,6,1,9,0,641793.0,Zack Littell,592351.0,Jon Gray,656271.0,641793.0,5325,Globe Life Field,day,R
717351,2023-07-19,2023,MIA,STL,146,138,4,6,10,1,9,0,645261.0,Sandy Alcantara,641712.0,Dakota Hudson,668868.0,645261.0,2889,Busch Stadium,day,R
717345,2023-07-19,2023,HOU,COL,117,115,4,1,5,0,9,0,656232.0,Brandon Bielak,596295.0,Austin Gomber,656232.0,596295.0,19,Coors Field,day,R
717344,2023-07-19,2023,BOS,OAK,111,133,5,6,11,1,9,0,678394.0,Brayan Bello,686610.0,Ken Waldichuk,665734.0,678394.0,10,Oakland Coliseum,day,R
717347,2023-07-19,2023,MIL,PHI,158,143,5,3,8,0,9,0,607067.0,Colin Rea,650911.0,Cristopher Sánchez,571948.0,656546.0,2681,Citizens Bank Park,night,R
717338,2023-07-19,2023,SD,TOR,135,141,2,0,2,0,9,0,506433.0,Yu Darvish,621244.0,José Berríos,506433.0,621244.0,14,Rogers Centre,night,R
717339,2023-07-19,2023,NYY,LAA,147,108,3,7,10,1,9,0,607074.0,Carlos Rodón,681217.0,Chase Silseth,681217.0,607074.0,1,Angel Stadium,day,R
717342,2023-07-19,2023,SF,CIN,137,113,2,3,5,1,9,0,548389.0,Ross Stripling,668933.0,Graham Ashcraft,668933.0,548389.0,2602,Great American Ball Park,night,R
717341,2023-07-19,2023,CWS,NYM,145,121,1,5,6,1,9,0,657053.0,Touki Toussaint,434378.0,Justin Verlander,434378.0,657053.0,3289,Citi Field,night,R
717340,2023-07-19,2023,ARI,ATL,109,144,5,3,8,0,9,0,669194.0,Ryne Nelson,450203.0,Charlie Morton,669194.0,450203.0,4705,Truist Park,night,R
717336,2023-07-20,2023,WSH,CHC,120,112,3,8,11,1,9,0,592866.0,Trevor Williams,543294.0,Kyle Hendricks,657240.0,666168.0,17,Wrigley Field,night,R
717333,2023-07-20,2023,DET,KC,116,118,3,2,5,0,9,0,593958.0,Eduardo Rodriguez,642232.0,Ryan Yarbrough,593958.0,642232.0,7,Kauffman Stadium,night,R
717335,2023-07-20,2023,MIN,SEA,142,136,6,3,9,0,9,0,628317.0,Kenta Maeda,622491.0,Luis Castillo,641941.0,662253.0,680,T-Mobile Park,night,R
717337,2023-07-20,2023,ARI,ATL,109,144,5,7,12,1,9,0,668678.0,Zac Gallen,675911.0,Spencer Strider,489446.0,612434.0,4705,Truist Park,day,R
717334,2023-07-20,2023,SF,CIN,137,113,1,5,6,1,9,0,502171.0,Alex Cobb,671096.0,Andrew Abbott,671096.0,502171.0,2602,Great American Ball Park,day,R
717329,2023-07-20,2023,MIL,PHI,158,143,4,0,4,0,9,0,669203.0,Corbin Burnes,592836.0,Taijuan Walker,669203.0,592836.0,2681,Citizens Bank Park,day,R
717331,2023-07-20,2023,SD,TOR,135,141,0,4,4,1,9,0,605483.0,Blake Snell,605135.0,Chris Bassitt,605135.0,605483.0,14,Rogers Centre,day,R
717330,2023-07-20,2023,CWS,NYM,145,121,6,2,8,0,9,0,656629.0,Michael Kopech,500779.0,Jose Quintana,656629.0,500779.0,3289,Citi Field,day,R
717332,2023-07-20,2023,DET,KC,116,118,3,0,3,0,9,0,547179.0,Michael Lorenzen,425844.0,Zack Greinke,547179.0,425844.0,7,Kauffman Stadium,day,R
717327,2023-07-20,2023,MIN,SEA,142,136,0,5,5,1,9,0,641154.0,Pablo López,669923.0,George Kirby,669923.0,641154.0,680,T-Mobile Park,day,R
717328,2023-07-20,2023,BAL,TB,110,139,4,3,7,0,10,1,502043.0,Kyle Gibson,607192.0,Tyler Glasnow,642585.0,596112.0,12,Tropicana Field,night,R
717322,2023-07-21,2023,STL,CHC,138,112,7,2,9,0,9,0,571927.0,Steven Matz,573186.0,Marcus Stroman,571927.0,573186.0,17,Wrigley Field,night,R
717323,2023-07-21,2023,HOU,OAK,117,133,3,1,4,0,9,0,641585.0,J.P. France,663687.0,Hogan Harris,641585.0,663687.0,10,Oakland Coliseum,night,R
717325,2023-07-21,2023,STL,CHC,138,112,3,4,7,1,9,0,656427.0,Jack Flaherty,657006.0,Justin Steele,657006.0,656427.0,17,Wrigley Field,day,R
717317,2023-07-21,2023,SD,DET,135,116,5,4,9,0,9,0,607625.0,Seth Lugo,681857.0,Reese Olson,607625.0,681857.0,2394,Comerica Park,night,R
717320,2023-07-21,2023,BAL,TB,110,139,0,3,3,1,9,0,680694.0,Kyle Bradish,621107.0,Zach Eflin,621107.0,680694.0,12,Tropicana Field,night,R
717319,2023-07-21,2023,COL,MIA,115,146,6,1,7,0,9,0,663567.0,Peter Lambert,666129.0,Braxton Garrett,663567.0,666129.0,4169,loanDepot park,night,R
717326,2023-07-21,2023,SF,WSH,137,120,3,5,8,1,9,0,622072.0,Alex Wood,663623.0,Jake Irvin,663623.0,622072.0,3309,Nationals Park,night,R
717318,2023-07-21,2023,KC,NYY,118,147,4,5,9,1,9,0,679525.0,Alec Marsh,657376.0,Clarke Schmidt,657376.0,679525.0,3313,Yankee Stadium,night,R
717321,2023-07-21,2023,ARI,CIN,109,113,6,9,15,1,9,0,674072.0,Tommy Henry,594902.0,Ben Lively,622065.0,674072.0,2602,Great American Ball Park,night,R
717324,2023-07-21,2023,NYM,BOS,121,111,5,4,9,0,9,0,673540.0,Kodai Senga,676710.0,Kutter Crawford,701643.0,676710.0,3,Fenway Park,night,R
717315,2023-07-21,2023,PHI,CLE,143,114,5,6,11,1,9,0,624133.0,Ranger Suárez,668909.0,Gavin Williams,663986.0,624133.0,5,Progressive Field,night,R
717316,2023-07-22,2023,LAD,TEX,119,140,11,5,16,0,9,0,664062.0,Tony Gonsolin,571760.0,Andrew Heaney,518489.0,666208.0,5325,Globe Life Field,night,R
717314,2023-07-22,2023,CWS,MIN,145,142,4,9,13,1,9,0,458681.0,Lance Lynn,657746.0,Joe Ryan,657746.0,458681.0,3312,Target Field,night,R
717313,2023-07-22,2023,ATL,MIL,144,158,6,4,10,0,9,0,647336.0,Michael Soroka,642547.0,Freddy Peralta,647336.0,642547.0,32,American Family Field,night,R
717312,2023-07-22,2023,PIT,LAA,134,108,5,8,13,1,9,0,670912.0,Johan Oviedo,660271.0,Shohei Ohtani,660271.0,670912.0,1,Angel Stadium,night,R
717310,2023-07-22,2023,HOU,OAK,117,133,6,4,10,0,9,0,664285.0,Framber Valdez,676664.0,JP Sears,664285.0,676664.0,10,Oakland Coliseum,night,R
717311,2023-07-22,2023,TOR,SEA,141,136,2,3,5,1,9,0,579328.0,Yusei Kikuchi,682243.0,Bryce Miller,623149.0,605447.0,680,T-Mobile Park,night,R
717304,2023-07-22,2023,KC,NYY,118,147,2,5,7,1,9,0,663903.0,Brady Singer,543037.0,Gerrit Cole,593974.0,672578.0,3313,Yankee Stadium,day,R
717306,2023-07-22,2023,COL,MIA,115,146,4,3,7,0,9,0,502624.0,Chase Anderson,456501.0,Johnny Cueto,453268.0,656945.0,4169,loanDepot park,day,R
717324,2023-07-22,2023,NYM,BOS,121,111,5,4,9,0,9,0,673540.0,Kodai Senga,676710.0,Kutter Crawford,701643.0,676710.0,3,Fenway Park,day,R
717308,2023-07-22,2023,STL,CHC,138,112,6,8,14,1,9,0,571945.0,Miles Mikolas,605242.0,Michael Fulmer,694037.0,668868.0,17,Wrigley Field,day,R
717305,2023-07-22,2023,LAD,TEX,119,140,16,3,19,0,9,0,676272.0,Bobby Miller,641540.0,Dane Dunning,676272.0,641540.0,5325,Globe Life Field,day,R
717303,2023-07-22,2023,ARI,CIN,109,113,2,4,6,1,9,0,694297.0,Brandon Pfaadt,682227.0,Brandon Williamson,682227.0,694297.0,2602,Great American Ball Park,day,R
717300,2023-07-22,2023,BAL,TB,110,139,6,5,11,0,9,0,680570.0,Grayson Rodriguez,663556.0,Shane McClanahan,672335.0,664126.0,12,Tropicana Field,day,R
717301,2023-07-22,2023,TOR,SEA,141,136,8,9,17,1,9,0,592332.0,Kevin Gausman,669302.0,Logan Gilbert,663462.0,663878.0,680,T-Mobile Park,day,R
717299,2023-07-22,2023,SD,DET,135,116,14,3,17,0,9,0,680232.0,Jackson Wolf,666159.0,Matt Manning,680232.0,669438.0,2394,Comerica Park,night,R
717307,2023-07-22,2023,SF,WSH,137,120,1,10,11,1,9,0,657277.0,Logan Webb,680686.0,Josiah Gray,680686.0,657277.0,3309,Nationals Park,night,R
717309,2023-07-22,2023,NYM,BOS,121,111,6,8,14,1,9,0,453286.0,Max Scherzer,572020.0,James Paxton,572020.0,453286.0,3,Fenway Park,night,R
717302,2023-07-22,2023,PHI,CLE,143,114,0,1,1,1,9,0,554430.0,Zack Wheeler,676440.0,Tanner Bibee,676440.0,554430.0,5,Progressive Field,night,R
717293,2023-07-22,2023,CWS,MIN,145,142,2,3,5,1,9,0,656302.0,Dylan Cease,543243.0,Sonny Gray,666364.0,641871.0,3312,Target Field,night,R
717296,2023-07-22,2023,ATL,MIL,144,158,3,4,7,1,9,0,642216.0,Allan Winans,605288.0,Adrian Houser,606303.0,641729.0,32,American Family Field,night,R
717295,2023-07-23,2023,HOU,OAK,117,133,1,4,5,1,9,0,664299.0,Cristian Javier,621112.0,Paul Blackburn,643493.0,664299.0,10,Oakland Coliseum,night,R
717297,2023-07-23,2023,PIT,LAA,134,108,3,0,3,0,9,0,621366.0,Ryan Borucki,672282.0,Reid Detmers,674370.0,672282.0,1,Angel Stadium,night,R
717288,2023-07-23,2023,SD,DET,135,116,1,3,4,1,9,0,605397.0,Joe Musgrove,656412.0,Alex Faedo,656412.0,605397.0,2394,Comerica Park,day,R
717290,2023-07-23,2023,SF,WSH,137,120,1,6,7,1,9,0,518397.0,Scott Alexander,669022.0,MacKenzie Gore,669022.0,518397.0,3309,Nationals Park,day,R
717294,2023-07-23,2023,KC,NYY,118,147,5,8,13,1,9,0,543475.0,Jordan Lyles,622663.0,Luis Severino,622663.0,543475.0,3313,Yankee Stadium,day,R
717289,2023-07-23,2023,ARI,CIN,109,113,3,7,10,1,9,0,614179.0,José Ruiz,596133.0,Luke Weaver,571882.0,656457.0,2602,Great American Ball Park,day,R
717291,2023-07-23,2023,BAL,TB,110,139,5,3,8,0,9,0,669330.0,Tyler Wells,671737.0,Taj Bradley,657508.0,621363.0,12,Tropicana Field,day,R
717283,2023-07-23,2023,PHI,CLE,143,114,8,5,13,0,10,1,605400.0,Aaron Nola,675540.0,Xzavion Curry,518886.0,682120.0,5,Progressive Field,day,R
717292,2023-07-23,2023,COL,MIA,115,146,2,3,5,1,10,1,621389.0,Ty Blach,666200.0,Jesús Luzardo,623211.0,572955.0,4169,loanDepot park,day,R
717285,2023-07-23,2023,CWS,MIN,145,142,4,5,9,1,12,1,608337.0,Lucas Giolito,641927.0,Bailey Ober,641941.0,669947.0,3312,Target Field,day,R
717287,2023-07-23,2023,ATL,MIL,144,158,4,2,6,0,9,0,693821.0,Bryce Elder,527054.0,Julio Teheran,678226.0,665625.0,32,American Family Field,day,R
717286,2023-07-23,2023,STL,CHC,138,112,2,7,9,1,9,0,656756.0,Jordan Montgomery,592791.0,Jameson Taillon,592791.0,656756.0,17,Wrigley Field,day,R
717284,2023-07-23,2023,LAD,TEX,119,140,4,8,12,1,9,0,686218.0,Emmet Sheehan,527048.0,Martín Pérez,527048.0,686218.0,5325,Globe Life Field,day,R
717279,2023-07-23,2023,HOU,OAK,117,133,3,2,5,0,9,0,686613.0,Hunter Brown,665622.0,Luis Medina,593576.0,663385.0,10,Oakland Coliseum,day,R
717278,2023-07-23,2023,PIT,LAA,134,108,5,7,12,1,9,0,656605.0,Mitch Keller,542881.0,Tyler Anderson,542881.0,656605.0,1,Angel Stadium,day,R
717281,2023-07-23,2023,TOR,SEA,141,136,4,3,7,0,9,0,666201.0,Alek Manoah,693433.0,Bryan Woo,641835.0,693433.0,680,T-Mobile Park,day,R
717298,2023-07-23,2023,NYM,BOS,121,111,1,6,7,1,9,0,471911.0,Carlos Carrasco,657514.0,Brennan Bernardino,669684.0,471911.0,3,Fenway Park,night,R
718558,2023-07-24,2023,SF,DET,137,116,1,5,6,1,9,0,548389.0,Ross Stripling,669373.0,Tarik Skubal,669373.0,548389.0,2394,Comerica Park,day,R
717280,2023-07-24,2023,BAL,PHI,110,143,3,2,5,0,9,0,665152.0,Dean Kremer,650911.0,Cristopher Sánchez,641329.0,518886.0,2681,Citizens Bank Park,night,R
717282,2023-07-24,2023,COL,WSH,115,120,10,6,16,0,9,0,656234.0,Jake Bird,571578.0,Patrick Corbin,666154.0,571578.0,3309,Nationals Park,night,R
717277,2023-07-24,2023,KC,CLE,118,114,5,3,8,0,9,0,642232.0,Ryan Yarbrough,671106.0,Logan Allen,642232.0,671106.0,5,Progressive Field,night,R
717275,2023-07-24,2023,SEA,MIN,136,142,3,4,7,1,10,1,622491.0,Luis Castillo,628317.0,Kenta Maeda,605347.0,623149.0,3312,Target Field,night,R
717274,2023-07-25,2023,TEX,HOU,140,117,9,10,19,1,9,0,592351.0,Jon Gray,656232.0,Brandon Bielak,519151.0,666208.0,2392,Minute Maid Park,night,R
717273,2023-07-25,2023,CIN,MIL,113,158,2,3,5,1,9,0,668933.0,Graham Ashcraft,607067.0,Colin Rea,642207.0,664747.0,32,American Family Field,night,R
717276,2023-07-25,2023,PIT,SD,134,135,8,4,12,0,9,0,682990.0,Quinn Priester,506433.0,Yu Darvish,682990.0,506433.0,2680,Petco Park,night,R
717268,2023-07-25,2023,STL,ARI,138,109,10,6,16,0,9,0,425794.0,Adam Wainwright,669194.0,Ryne Nelson,606149.0,605177.0,15,Chase Field,night,R
717271,2023-07-25,2023,TOR,LAD,141,119,6,3,9,0,11,1,621244.0,José Berríos,675627.0,Michael Grove,543351.0,641360.0,22,Dodger Stadium,night,R
717265,2023-07-25,2023,LAA,DET,108,116,7,6,13,0,10,1,656288.0,Griffin Canning,593958.0,Eduardo Rodriguez,608032.0,656638.0,2394,Comerica Park,night,R
717267,2023-07-25,2023,BAL,PHI,110,143,3,4,7,1,9,0,502043.0,Kyle Gibson,592836.0,Taijuan Walker,628708.0,666974.0,2681,Citizens Bank Park,night,R
717270,2023-07-25,2023,MIA,TB,146,139,1,4,5,1,9,0,665795.0,Edward Cabrera,607192.0,Tyler Glasnow,607192.0,665795.0,12,Tropicana Field,night,R
717269,2023-07-25,2023,COL,WSH,115,120,5,6,11,1,9,0,596295.0,Austin Gomber,592866.0,Trevor Williams,678606.0,664875.0,3309,Nationals Park,night,R
717266,2023-07-25,2023,NYM,NYY,121,147,9,3,12,0,9,0,434378.0,Justin Verlander,593334.0,Domingo Germán,434378.0,593334.0,3313,Yankee Stadium,night,R
717260,2023-07-25,2023,KC,CLE,118,114,1,5,6,1,9,0,425844.0,Zack Greinke,650644.0,Aaron Civale,650644.0,425844.0,5,Progressive Field,night,R
717261,2023-07-25,2023,ATL,BOS,144,111,1,7,8,1,9,0,450203.0,Charlie Morton,670167.0,John Schreiber,601713.0,450203.0,3,Fenway Park,night,R
717264,2023-07-25,2023,SEA,MIN,136,142,9,7,16,0,9,0,669923.0,George Kirby,641154.0,Pablo López,666374.0,661383.0,3312,Target Field,night,R
717255,2023-07-26,2023,TEX,HOU,140,117,3,4,7,1,9,0,666720.0,Yerry Rodríguez,641585.0,J.P. France,641585.0,666720.0,2392,Minute Maid Park,night,R
717263,2023-07-26,2023,CHC,CWS,112,145,7,3,10,0,9,0,543294.0,Kyle Hendricks,656629.0,Michael Kopech,543294.0,656629.0,4,Guaranteed Rate Field,night,R
717262,2023-07-26,2023,CIN,MIL,113,158,4,3,7,0,9,0,671096.0,Andrew Abbott,669203.0,Corbin Burnes,671096.0,669203.0,32,American Family Field,night,R
717258,2023-07-26,2023,PIT,SD,134,135,1,5,6,1,9,0,448179.0,Rich Hill,605483.0,Blake Snell,605483.0,448179.0,2680,Petco Park,night,R
717259,2023-07-26,2023,STL,ARI,138,109,1,3,4,1,9,0,571927.0,Steven Matz,518876.0,Merrill Kelly,669459.0,668941.0,15,Chase Field,night,R
717272,2023-07-26,2023,OAK,SF,133,137,1,2,3,1,9,0,605463.0,Tayler Scott,502171.0,Alex Cobb,643511.0,668674.0,2395,Oracle Park,night,R
717256,2023-07-26,2023,TOR,LAD,141,119,7,8,15,1,10,1,605135.0,Chris Bassitt,628711.0,Julio Urías,660813.0,669952.0,22,Dodger Stadium,night,R
717257,2023-07-26,2023,COL,WSH,115,120,4,5,9,1,9,0,663567.0,Peter Lambert,663623.0,Jake Irvin,600921.0,453268.0,3309,Nationals Park,day,R
717252,2023-07-26,2023,MIA,TB,146,139,7,1,8,0,9,0,645261.0,Sandy Alcantara,621107.0,Zach Eflin,645261.0,621107.0,12,Tropicana Field,day,R
717249,2023-07-26,2023,KC,CLE,118,114,3,8,11,1,9,0,679525.0,Alec Marsh,668909.0,Gavin Williams,680704.0,679525.0,5,Progressive Field,day,R
717250,2023-07-26,2023,SEA,MIN,136,142,8,7,15,0,9,0,682243.0,Bryce Miller,657746.0,Joe Ryan,682243.0,657746.0,3312,Target Field,day,R
717254,2023-07-26,2023,CIN,MIL,113,158,0,3,3,1,9,0,594902.0,Ben Lively,642547.0,Freddy Peralta,665625.0,594902.0,32,American Family Field,day,R
717244,2023-07-26,2023,STL,ARI,138,109,11,7,18,0,9,0,656427.0,Jack Flaherty,668678.0,Zac Gallen,669467.0,668678.0,15,Chase Field,day,R
717246,2023-07-26,2023,PIT,SD,134,135,3,2,5,0,9,0,670912.0,Johan Oviedo,607625.0,Seth Lugo,670912.0,607625.0,2680,Petco Park,day,R
717253,2023-07-26,2023,TOR,LAD,141,119,8,1,9,0,9,0,579328.0,Yusei Kikuchi,664062.0,Tony Gonsolin,579328.0,664062.0,22,Dodger Stadium,day,R
717245,2023-07-26,2023,BAL,PHI,110,143,4,6,10,1,9,0,680694.0,Kyle Bradish,624133.0,Ranger Suárez,622554.0,680694.0,2681,Citizens Bank Park,night,R
717248,2023-07-26,2023,NYM,NYY,121,147,1,3,4,1,9,0,500779.0,Jose Quintana,607074.0,Carlos Rodón,607074.0,500779.0,3313,Yankee Stadium,night,R
717242,2023-07-26,2023,ATL,BOS,144,111,3,5,8,1,9,0,675911.0,Spencer Strider,678394.0,Brayan Bello,682175.0,572955.0,3,Fenway Park,night,R
717239,2023-07-27,2023,TEX,HOU,140,117,13,5,18,0,9,0,571760.0,Andrew Heaney,664285.0,Framber Valdez,571760.0,664285.0,2392,Minute Maid Park,night,R
717240,2023-07-27,2023,CHC,CWS,112,145,10,7,17,0,9,0,573186.0,Marcus Stroman,458681.0,Lance Lynn,665871.0,523260.0,4,Guaranteed Rate Field,night,R
717251,2023-07-27,2023,OAK,SF,133,137,3,8,11,1,9,0,663687.0,Hogan Harris,676254.0,Ryan Walker,622072.0,663687.0,2395,Oracle Park,night,R
717247,2023-07-26,2023,LAA,DET,108,116,0,0,0,0,9,0,663776.0,Patrick Sandoval,547179.0,Michael Lorenzen,,,2394,Comerica Park,night,R
717243,2023-07-27,2023,LAA,DET,108,116,6,0,6,0,9,0,660271.0,Shohei Ohtani,547179.0,Michael Lorenzen,660271.0,547179.0,2394,Comerica Park,day,R
717247,2023-07-27,2023,LAA,DET,108,116,11,4,15,0,9,0,663776.0,Patrick Sandoval,666159.0,Matt Manning,663776.0,666159.0,2394,Comerica Park,day,R
717241,2023-07-27,2023,WSH,NYM,120,121,1,2,3,1,9,0,680686.0,Josiah Gray,673540.0,Kodai Senga,656849.0,666168.0,3289,Citi Field,night,R
717238,2023-07-27,2023,CHC,STL,112,138,10,3,13,0,9,0,657006.0,Justin Steele,571945.0,Miles Mikolas,657006.0,571945.0,2889,Busch Stadium,night,R
717233,2023-07-28,2023,CLE,CWS,114,145,6,3,9,0,9,0,676440.0,Tanner Bibee,656302.0,Dylan Cease,676440.0,656302.0,4,Guaranteed Rate Field,night,R
717236,2023-07-28,2023,DET,MIA,116,146,5,6,11,1,9,0,681857.0,Reese Olson,666129.0,Braxton Garrett,640462.0,671345.0,4169,loanDepot park,night,R
717234,2023-07-28,2023,PHI,PIT,143,134,2,1,3,0,9,0,554430.0,Zack Wheeler,656605.0,Mitch Keller,554430.0,656605.0,31,PNC Park,night,R
717237,2023-07-28,2023,NYY,BAL,147,110,0,1,1,1,9,0,543037.0,Gerrit Cole,680570.0,Grayson Rodriguez,642585.0,592454.0,2,Oriole Park at Camden Yards,night,R
717235,2023-07-28,2023,LAA,TOR,108,141,1,4,5,1,9,0,608337.0,Lucas Giolito,592332.0,Kevin Gausman,592332.0,608337.0,14,Rogers Centre,night,R
717230,2023-07-28,2023,WSH,NYM,120,121,1,5,6,1,9,0,669022.0,MacKenzie Gore,453286.0,Max Scherzer,453286.0,669022.0,3289,Citi Field,night,R
717228,2023-07-28,2023,CLE,CWS,114,145,0,3,3,1,9,0,675540.0,Xzavion Curry,657053.0,Touki Toussaint,657053.0,675540.0,4,Guaranteed Rate Field,night,R
717231,2023-07-28,2023,MIL,ATL,158,144,7,10,17,1,9,0,605288.0,Adrian Houser,630023.0,Yonny Chirinos,543521.0,605288.0,4705,Truist Park,night,R
717229,2023-07-29,2023,TB,HOU,139,117,4,3,7,0,9,0,663556.0,Shane McClanahan,664299.0,Cristian Javier,621363.0,519151.0,2392,Minute Maid Park,night,R
717232,2023-07-29,2023,MIN,KC,142,118,5,8,13,1,10,1,543243.0,Sonny Gray,663903.0,Brady Singer,664199.0,661395.0,7,Kauffman Stadium,night,R
717226,2023-07-29,2023,CHC,STL,112,138,3,2,5,0,9,0,669713.0,Hayden Wesneski,656756.0,Jordan Montgomery,592767.0,656756.0,2889,Busch Stadium,night,R
717227,2023-07-29,2023,OAK,COL,133,115,8,5,13,0,9,0,676664.0,JP Sears,607536.0,Kyle Freeland,676664.0,607536.0,19,Coors Field,night,R
717223,2023-07-29,2023,SEA,ARI,136,109,5,2,7,0,9,0,669302.0,Logan Gilbert,674072.0,Tommy Henry,669302.0,674072.0,15,Chase Field,night,R
717224,2023-07-29,2023,TEX,SD,140,135,1,7,8,1,9,0,641540.0,Dane Dunning,605397.0,Joe Musgrove,605397.0,641540.0,2680,Petco Park,night,R
717225,2023-07-29,2023,CIN,LAD,113,119,6,5,11,0,9,0,682227.0,Brandon Williamson,676272.0,Bobby Miller,682227.0,676272.0,22,Dodger Stadium,night,R
717220,2023-07-29,2023,BOS,SF,111,137,3,2,5,0,9,0,676710.0,Kutter Crawford,657277.0,Logan Webb,676710.0,657277.0,2395,Oracle Park,night,R
717222,2023-07-29,2023,LAA,TOR,108,141,1,6,7,1,9,0,672282.0,Reid Detmers,666201.0,Alek Manoah,650893.0,672282.0,14,Rogers Centre,day,R
717218,2023-07-29,2023,DET,MIA,116,146,5,0,5,0,9,0,689225.0,Beau Brieske,456501.0,Johnny Cueto,666214.0,456501.0,4169,loanDepot park,day,R
717216,2023-07-29,2023,PHI,PIT,143,134,6,7,13,1,9,0,605400.0,Aaron Nola,682990.0,Quinn Priester,682990.0,605400.0,31,PNC Park,night,R
717215,2023-07-29,2023,WSH,NYM,120,121,11,6,17,0,9,0,571578.0,Patrick Corbin,471911.0,Carlos Carrasco,571578.0,471911.0,3289,Citi Field,night,R
717207,2023-07-29,2023,MIN,KC,142,118,7,10,17,1,9,0,641927.0,Bailey Ober,543475.0,Jordan Lyles,543475.0,641927.0,7,Kauffman Stadium,night,R
717217,2023-07-29,2023,CLE,CWS,114,145,2,7,9,1,9,0,671106.0,Logan Allen,605182.0,Mike Clevinger,605182.0,671106.0,4,Guaranteed Rate Field,night,R
717221,2023-07-29,2023,BOS,SF,111,137,2,3,5,1,9,0,572020.0,James Paxton,676254.0,Ryan Walker,666808.0,445276.0,2395,Oracle Park,day,R
717213,2023-07-29,2023,CHC,STL,112,138,5,1,6,0,9,0,592791.0,Jameson Taillon,425794.0,Adam Wainwright,592791.0,425794.0,2889,Busch Stadium,night,R
717214,2023-07-29,2023,TB,HOU,139,117,4,17,21,1,9,0,671737.0,Taj Bradley,686613.0,Hunter Brown,686613.0,671737.0,2392,Minute Maid Park,night,R
717219,2023-07-29,2023,NYY,BAL,147,110,8,3,11,0,9,0,657376.0,Clarke Schmidt,669330.0,Tyler Wells,657376.0,669330.0,2,Oriole Park at Camden Yards,night,R
717211,2023-07-29,2023,MIL,ATL,158,144,5,11,16,1,9,0,527054.0,Julio Teheran,693821.0,Bryce Elder,693821.0,527054.0,4705,Truist Park,night,R
717212,2023-07-30,2023,OAK,COL,133,115,11,3,14,0,9,0,621112.0,Paul Blackburn,623167.0,Chris Flexen,621112.0,623167.0,19,Coors Field,night,R
717210,2023-07-30,2023,SEA,ARI,136,109,3,4,7,1,9,0,693433.0,Bryan Woo,694297.0,Brandon Pfaadt,656464.0,662253.0,15,Chase Field,night,R
717209,2023-07-30,2023,TEX,SD,140,135,0,4,4,1,9,0,527048.0,Martín Pérez,506433.0,Yu Darvish,506433.0,527048.0,2680,Petco Park,night,R
717205,2023-07-30,2023,CIN,LAD,113,119,2,3,5,1,9,0,596133.0,Luke Weaver,686218.0,Emmet Sheehan,523260.0,596133.0,22,Dodger Stadium,night,R
717201,2023-07-30,2023,LAA,TOR,108,141,3,2,5,0,10,1,542881.0,Tyler Anderson,621244.0,José Berríos,608032.0,554340.0,14,Rogers Centre,day,R
717208,2023-07-30,2023,PHI,PIT,143,134,4,6,10,1,10,1,650911.0,Cristopher Sánchez,448179.0,Rich Hill,622780.0,607755.0,31,PNC Park,day,R
717206,2023-07-30,2023,MIL,ATL,158,144,6,8,14,1,9,0,607067.0,Colin Rea,700363.0,AJ Smith-Shawver,489446.0,606303.0,4705,Truist Park,day,R
717203,2023-07-30,2023,WSH,NYM,120,121,2,5,7,1,9,0,592866.0,Trevor Williams,434378.0,Justin Verlander,434378.0,592866.0,3289,Citi Field,day,R
717202,2023-07-30,2023,DET,MIA,116,146,6,8,14,1,9,0,669373.0,Tarik Skubal,666200.0,Jesús Luzardo,605347.0,663947.0,4169,loanDepot park,day,R
717196,2023-07-30,2023,TB,HOU,139,117,8,2,10,0,9,0,641793.0,Zack Littell,656232.0,Brandon Bielak,641793.0,656232.0,2392,Minute Maid Park,day,R
717198,2023-07-30,2023,MIN,KC,142,118,1,2,3,1,9,0,628317.0,Kenta Maeda,642232.0,Ryan Yarbrough,642232.0,628317.0,7,Kauffman Stadium,day,R
717204,2023-07-30,2023,CLE,CWS,114,145,5,0,5,0,9,0,650644.0,Aaron Civale,656629.0,Michael Kopech,650644.0,656629.0,4,Guaranteed Rate Field,day,R
717195,2023-07-30,2023,CHC,STL,112,138,0,3,3,1,9,0,543294.0,Kyle Hendricks,571927.0,Steven Matz,571927.0,543294.0,2889,Busch Stadium,day,R
717199,2023-07-30,2023,OAK,COL,133,115,0,2,2,1,9,0,665622.0,Luis Medina,621389.0,Ty Blach,621389.0,665622.0,19,Coors Field,day,R
717197,2023-07-30,2023,BOS,SF,111,137,3,4,7,1,11,1,657514.0,Brennan Bernardino,518397.0,Scott Alexander,663941.0,661440.0,2395,Oracle Park,day,R
717194,2023-07-30,2023,CIN,LAD,113,119,9,0,9,0,9,0,668933.0,Graham Ashcraft,675627.0,Michael Grove,668933.0,675627.0,22,Dodger Stadium,day,R
717193,2023-07-30,2023,SEA,ARI,136,109,4,0,4,0,9,0,622491.0,Luis Castillo,518876.0,Merrill Kelly,622491.0,518876.0,15,Chase Field,day,R
717191,2023-07-30,2023,TEX,SD,140,135,3,5,8,1,9,0,674003.0,Cody Bradford,605483.0,Blake Snell,605483.0,600917.0,2680,Petco Park,day,R
717200,2023-07-30,2023,NYY,BAL,147,110,3,9,12,1,9,0,622663.0,Luis Severino,665152.0,Dean Kremer,657508.0,622663.0,2,Oriole Park at Camden Yards,night,R
717189,2023-07-31,2023,PHI,MIA,143,146,4,2,6,0,9,0,592836.0,Taijuan Walker,665795.0,Edward Cabrera,592836.0,656945.0,4169,loanDepot park,night,R
717185,2023-07-31,2023,TB,NYY,139,147,5,1,6,0,9,0,607192.0,Tyler Glasnow,666745.0,Jhony Brito,607192.0,666745.0,3313,Yankee Stadium,night,R
717192,2023-07-31,2023,MIL,WSH,158,120,3,5,8,1,9,0,669203.0,Corbin Burnes,663623.0,Jake Irvin,607179.0,665625.0,3309,Nationals Park,night,R
717186,2023-07-31,2023,BAL,TOR,110,141,4,2,6,0,9,0,502043.0,Kyle Gibson,605135.0,Chris Bassitt,502043.0,605135.0,14,Rogers Centre,night,R
717187,2023-07-31,2023,LAA,ATL,108,144,4,1,5,0,9,0,681217.0,Chase Silseth,450203.0,Charlie Morton,681217.0,450203.0,4705,Truist Park,night,R
717188,2023-08-01,2023,CIN,CHC,113,112,6,5,11,0,9,0,671096.0,Andrew Abbott,573186.0,Marcus Stroman,571656.0,573186.0,17,Wrigley Field,night,R
717184,2023-08-01,2023,CLE,HOU,114,117,3,7,10,1,9,0,592789.0,Noah Syndergaard,641585.0,J.P. France,641585.0,669212.0,2392,Minute Maid Park,night,R
717179,2023-08-01,2023,SD,COL,135,115,3,4,7,1,10,1,607625.0,Seth Lugo,596295.0,Austin Gomber,543272.0,607259.0,19,Coors Field,night,R
717181,2023-08-01,2023,BOS,SEA,111,136,2,6,8,1,9,0,601713.0,Nick Pivetta,669923.0,George Kirby,666374.0,601713.0,680,T-Mobile Park,night,R
717190,2023-08-01,2023,ARI,SF,109,137,4,3,7,0,11,1,669194.0,Ryne Nelson,596001.0,Jakob Junis,656464.0,573124.0,2395,Oracle Park,night,R
717182,2023-08-01,2023,PHI,MIA,143,146,3,1,4,0,9,0,624133.0,Ranger Suárez,645261.0,Sandy Alcantara,642397.0,502085.0,4169,loanDepot park,night,R
717178,2023-08-01,2023,DET,PIT,116,134,1,4,5,1,9,0,666159.0,Matt Manning,670912.0,Johan Oviedo,670912.0,666159.0,31,PNC Park,night,R
717175,2023-08-01,2023,TB,NYY,139,147,5,2,7,0,9,0,621107.0,Zach Eflin,607074.0,Carlos Rodón,621107.0,607074.0,3313,Yankee Stadium,night,R
717183,2023-08-01,2023,MIL,WSH,158,120,6,4,10,0,9,0,642547.0,Freddy Peralta,680686.0,Josiah Gray,642547.0,680686.0,3309,Nationals Park,night,R
717177,2023-08-01,2023,BAL,TOR,110,141,13,3,16,0,9,0,680694.0,Kyle Bradish,547943.0,Hyun Jin Ryu,680694.0,547943.0,14,Rogers Centre,night,R
717176,2023-08-01,2023,LAA,ATL,108,144,1,5,6,1,9,0,663776.0,Patrick Sandoval,675911.0,Spencer Strider,675911.0,663776.0,4705,Truist Park,night,R
717174,2023-08-01,2023,MIN,STL,142,138,3,2,5,0,9,0,641154.0,Pablo López,571945.0,Miles Mikolas,641154.0,571945.0,2889,Busch Stadium,night,R
717173,2023-08-02,2023,CIN,CHC,113,112,9,20,29,1,9,0,594902.0,Ben Lively,657006.0,Justin Steele,657006.0,594902.0,17,Wrigley Field,night,R
717168,2023-08-02,2023,CWS,TEX,145,140,0,2,2,1,9,0,669947.0,Jesse Scholtens,571760.0,Andrew Heaney,571760.0,669947.0,5325,Globe Life Field,night,R
717172,2023-08-02,2023,CLE,HOU,114,117,0,2,2,1,9,0,668909.0,Gavin Williams,664285.0,Framber Valdez,664285.0,668909.0,2392,Minute Maid Park,night,R
717170,2023-08-02,2023,NYM,KC,121,118,6,7,13,1,10,1,500779.0,Jose Quintana,425844.0,Zack Greinke,672578.0,548384.0,7,Kauffman Stadium,night,R
717169,2023-08-02,2023,SD,COL,135,115,8,5,13,0,9,0,658648.0,Pedro Avila,663567.0,Peter Lambert,663158.0,663567.0,19,Coors Field,night,R
717167,2023-08-02,2023,BOS,SEA,111,136,6,4,10,0,9,0,678394.0,Brayan Bello,682243.0,Bryce Miller,678394.0,682243.0,680,T-Mobile Park,night,R
717180,2023-08-02,2023,ARI,SF,109,137,3,4,7,1,9,0,668678.0,Zac Gallen,502171.0,Alex Cobb,676254.0,612434.0,2395,Oracle Park,night,R
717171,2023-08-02,2023,OAK,LAD,133,119,3,7,10,1,9,0,686610.0,Ken Waldichuk,458681.0,Lance Lynn,458681.0,686610.0,22,Dodger Stadium,night,R
717165,2023-08-02,2023,LAA,ATL,108,144,5,12,17,1,9,0,608337.0,Lucas Giolito,630023.0,Yonny Chirinos,630023.0,608337.0,4705,Truist Park,day,R
717166,2023-08-02,2023,DET,PIT,116,134,6,3,9,0,9,0,593958.0,Eduardo Rodriguez,674370.0,Osvaldo Bido,593958.0,674370.0,31,PNC Park,day,R
717162,2023-08-02,2023,MIL,WSH,158,120,2,3,5,1,9,0,489119.0,Wade Miley,669022.0,MacKenzie Gore,640448.0,642207.0,3309,Nationals Park,day,R
717163,2023-08-02,2023,CLE,HOU,114,117,2,3,5,1,9,0,676440.0,Tanner Bibee,669854.0,Ronel Blanco,664208.0,680704.0,2392,Minute Maid Park,day,R
717158,2023-08-02,2023,SD,COL,135,115,11,1,12,0,9,0,607259.0,Nick Martinez,607536.0,Kyle Freeland,678061.0,607536.0,19,Coors Field,day,R
717161,2023-08-02,2023,BOS,SEA,111,136,3,6,9,1,9,0,676710.0,Kutter Crawford,669302.0,Logan Gilbert,666374.0,670167.0,680,T-Mobile Park,day,R
717159,2023-08-02,2023,PHI,MIA,143,146,8,9,17,1,12,1,554430.0,Zack Wheeler,666129.0,Braxton Garrett,656945.0,592229.0,4169,loanDepot park,night,R
717160,2023-08-02,2023,TB,NYY,139,147,2,7,9,1,9,0,663556.0,Shane McClanahan,543037.0,Gerrit Cole,543037.0,663556.0,3313,Yankee Stadium,night,R
717157,2023-08-02,2023,BAL,TOR,110,141,1,4,5,1,9,0,680570.0,Grayson Rodriguez,579328.0,Yusei Kikuchi,579328.0,680570.0,14,Rogers Centre,night,R
717155,2023-08-02,2023,MIN,STL,142,138,3,7,10,1,9,0,657746.0,Joe Ryan,641712.0,Dakota Hudson,641712.0,657746.0,2889,Busch Stadium,night,R
717153,2023-08-03,2023,CIN,CHC,113,112,6,16,22,1,9,0,682227.0,Brandon Williamson,592767.0,Drew Smyly,605242.0,571656.0,17,Wrigley Field,night,R
717152,2023-08-03,2023,CWS,TEX,145,140,1,11,12,1,9,0,656302.0,Dylan Cease,641540.0,Dane Dunning,641540.0,656302.0,5325,Globe Life Field,night,R
717156,2023-08-03,2023,NYM,KC,121,118,0,4,4,1,9,0,673540.0,Kodai Senga,666142.0,Cole Ragans,666142.0,673540.0,7,Kauffman Stadium,night,R
717164,2023-08-03,2023,ARI,SF,109,137,2,4,6,1,9,0,677944.0,Slade Cecconi,657277.0,Logan Webb,657277.0,656457.0,2395,Oracle Park,night,R
717154,2023-08-03,2023,OAK,LAD,133,119,1,10,11,1,9,0,663687.0,Hogan Harris,664062.0,Tony Gonsolin,664062.0,663687.0,22,Dodger Stadium,night,R
717147,2023-08-03,2023,PHI,MIA,143,146,4,2,6,0,9,0,547179.0,Michael Lorenzen,456501.0,Johnny Cueto,547179.0,456501.0,4169,loanDepot park,day,R
717149,2023-08-03,2023,CWS,TEX,145,140,3,5,8,1,9,0,657053.0,Touki Toussaint,453286.0,Max Scherzer,453286.0,657053.0,5325,Globe Life Field,day,R
717148,2023-08-03,2023,NYM,KC,121,118,2,9,11,1,9,0,471911.0,Carlos Carrasco,663903.0,Brady Singer,663903.0,471911.0,7,Kauffman Stadium,day,R
717150,2023-08-03,2023,BAL,TOR,110,141,6,1,7,0,9,0,656427.0,Jack Flaherty,592332.0,Kevin Gausman,656427.0,592332.0,14,Rogers Centre,day,R
717151,2023-08-03,2023,ARI,SF,109,137,0,1,1,1,9,0,694297.0,Brandon Pfaadt,518397.0,Scott Alexander,663941.0,694297.0,2395,Oracle Park,day,R
717142,2023-08-03,2023,HOU,NYY,117,147,3,4,7,1,9,0,664299.0,Cristian Javier,657376.0,Clarke Schmidt,650633.0,608665.0,3313,Yankee Stadium,night,R
717143,2023-08-03,2023,PIT,MIL,134,158,1,14,15,1,9,0,656605.0,Mitch Keller,605288.0,Adrian Houser,605288.0,656605.0,32,American Family Field,night,R
717145,2023-08-03,2023,MIN,STL,142,138,5,3,8,0,9,0,543243.0,Sonny Gray,669461.0,Matthew Liberatore,543243.0,669461.0,2889,Busch Stadium,night,R
717146,2023-08-04,2023,CIN,CHC,113,112,3,5,8,1,9,0,596133.0,Luke Weaver,592791.0,Jameson Taillon,592791.0,596133.0,17,Wrigley Field,night,R
717144,2023-08-04,2023,SEA,LAA,136,108,5,3,8,0,9,0,693433.0,Bryan Woo,660271.0,Shohei Ohtani,663462.0,608032.0,1,Angel Stadium,night,R
717137,2023-08-04,2023,OAK,LAD,133,119,2,8,10,1,9,0,676664.0,JP Sears,628711.0,Julio Urías,628711.0,676664.0,22,Dodger Stadium,night,R
717141,2023-08-04,2023,ATL,CHC,144,112,8,0,8,0,9,0,608331.0,Max Fried,543294.0,Kyle Hendricks,608331.0,543294.0,17,Wrigley Field,day,R
717139,2023-08-04,2023,WSH,CIN,120,113,6,3,9,0,10,1,571578.0,Patrick Corbin,668933.0,Graham Ashcraft,600921.0,664747.0,2602,Great American Ball Park,night,R
717135,2023-08-04,2023,TB,DET,139,116,8,0,8,0,9,0,641793.0,Zack Littell,681857.0,Reese Olson,641793.0,681857.0,2394,Comerica Park,night,R
717134,2023-08-04,2023,NYM,BAL,121,110,3,10,13,1,9,0,656849.0,David Peterson,665152.0,Dean Kremer,657508.0,641360.0,2,Oriole Park at Camden Yards,night,R
717140,2023-08-04,2023,KC,PHI,118,143,7,5,12,0,9,0,543475.0,Jordan Lyles,605400.0,Aaron Nola,543475.0,605400.0,2681,Citizens Bank Park,night,R
717138,2023-08-04,2023,HOU,NYY,117,147,7,3,10,0,9,0,686613.0,Hunter Brown,622663.0,Luis Severino,686613.0,622663.0,3313,Yankee Stadium,night,R
717136,2023-08-04,2023,TOR,BOS,141,111,7,3,10,0,9,0,666201.0,Alek Manoah,572020.0,James Paxton,666201.0,572020.0,3,Fenway Park,night,R
717132,2023-08-04,2023,CWS,CLE,145,114,2,4,6,1,9,0,605182.0,Mike Clevinger,671106.0,Logan Allen,671106.0,605182.0,5,Progressive Field,night,R
717133,2023-08-05,2023,MIA,TEX,146,140,2,6,8,1,9,0,666200.0,Jesús Luzardo,656756.0,Jordan Montgomery,656756.0,666200.0,5325,Globe Life Field,night,R
717128,2023-08-05,2023,ARI,MIN,109,142,2,3,5,1,9,0,518876.0,Merrill Kelly,641927.0,Bailey Ober,573204.0,543518.0,3312,Target Field,night,R
717131,2023-08-05,2023,PIT,MIL,134,158,8,4,12,0,9,0,682990.0,Quinn Priester,607067.0,Colin Rea,660787.0,607067.0,32,American Family Field,night,R
717127,2023-08-05,2023,COL,STL,115,138,9,4,13,0,9,0,623167.0,Chris Flexen,425794.0,Adam Wainwright,623167.0,425794.0,2889,Busch Stadium,night,R
717130,2023-08-05,2023,SEA,LAA,136,108,9,7,16,0,9,0,622491.0,Luis Castillo,672282.0,Reid Detmers,623437.0,625643.0,1,Angel Stadium,night,R
717129,2023-08-05,2023,LAD,SD,119,135,10,5,15,0,9,0,676272.0,Bobby Miller,506433.0,Yu Darvish,518489.0,663158.0,2680,Petco Park,night,R
717126,2023-08-05,2023,HOU,NYY,117,147,1,3,4,1,9,0,434378.0,Justin Verlander,641482.0,Nestor Cortes,641656.0,434378.0,3313,Yankee Stadium,day,R
717122,2023-08-05,2023,TB,DET,139,116,2,4,6,1,9,0,650644.0,Aaron Civale,669373.0,Tarik Skubal,669373.0,650644.0,2394,Comerica Park,day,R
717121,2023-08-05,2023,ATL,CHC,144,112,6,8,14,1,9,0,693821.0,Bryce Elder,665871.0,Javier Assad,605242.0,693821.0,17,Wrigley Field,day,R
717124,2023-08-05,2023,MIA,TEX,146,140,8,9,17,1,9,0,666277.0,George Soriano,592351.0,Jon Gray,592351.0,677960.0,5325,Globe Life Field,day,R
717120,2023-08-05,2023,WSH,CIN,120,113,7,3,10,0,9,0,672851.0,Joan Adon,671096.0,Andrew Abbott,672851.0,671096.0,2602,Great American Ball Park,day,R
717125,2023-08-05,2023,TOR,BOS,141,111,5,4,9,0,9,0,621244.0,José Berríos,670167.0,John Schreiber,621244.0,657514.0,3,Fenway Park,day,R
717123,2023-08-05,2023,KC,PHI,118,143,6,9,15,1,9,0,679525.0,Alec Marsh,650911.0,Cristopher Sánchez,621381.0,672582.0,2681,Citizens Bank Park,night,R
717114,2023-08-05,2023,NYM,BAL,121,110,3,7,10,1,9,0,656731.0,Tylor Megill,502043.0,Kyle Gibson,502043.0,656731.0,2,Oriole Park at Camden Yards,night,R
717117,2023-08-05,2023,SF,OAK,137,133,1,2,3,1,9,0,548389.0,Ross Stripling,621112.0,Paul Blackburn,543507.0,676254.0,10,Oakland Coliseum,day,R
717118,2023-08-05,2023,ARI,MIN,109,142,1,12,13,1,9,0,669194.0,Ryne Nelson,628317.0,Kenta Maeda,628317.0,669194.0,3312,Target Field,night,R
717115,2023-08-05,2023,CWS,CLE,145,114,7,4,11,0,9,0,656629.0,Michael Kopech,592789.0,Noah Syndergaard,656629.0,592789.0,5,Progressive Field,night,R
717116,2023-08-05,2023,PIT,MIL,134,158,2,3,5,1,10,1,663559.0,Bailey Falter,669203.0,Corbin Burnes,642207.0,622780.0,32,American Family Field,night,R
717119,2023-08-05,2023,COL,STL,115,138,2,6,8,1,9,0,621389.0,Ty Blach,571927.0,Steven Matz,571927.0,621389.0,2889,Busch Stadium,night,R
717112,2023-08-06,2023,LAD,SD,119,135,3,8,11,1,9,0,675627.0,Michael Grove,605483.0,Blake Snell,607259.0,622075.0,2680,Petco Park,night,R
717109,2023-08-06,2023,SEA,LAA,136,108,3,2,5,0,9,0,669923.0,George Kirby,542881.0,Tyler Anderson,669923.0,542881.0,1,Angel Stadium,night,R
717108,2023-08-06,2023,CWS,CLE,145,114,5,3,8,0,9,0,669947.0,Jesse Scholtens,675540.0,Xzavion Curry,671111.0,661403.0,5,Progressive Field,day,R
717107,2023-08-06,2023,NYM,BAL,121,110,0,2,2,1,9,0,500779.0,Jose Quintana,680694.0,Kyle Bradish,672335.0,500779.0,2,Oriole Park at Camden Yards,day,R
717111,2023-08-06,2023,TOR,BOS,141,111,13,1,14,0,9,0,605135.0,Chris Bassitt,657514.0,Brennan Bernardino,605135.0,669684.0,3,Fenway Park,day,R
717113,2023-08-06,2023,KC,PHI,118,143,4,8,12,1,9,0,425844.0,Zack Greinke,592836.0,Taijuan Walker,592836.0,425844.0,2681,Citizens Bank Park,day,R
717110,2023-08-06,2023,HOU,NYY,117,147,9,7,16,0,9,0,664353.0,José Urquidy,607074.0,Carlos Rodón,641585.0,593974.0,3313,Yankee Stadium,day,R
717104,2023-08-06,2023,WSH,CIN,120,113,6,3,9,0,9,0,663623.0,Jake Irvin,680689.0,Lyon Richardson,600921.0,680689.0,2602,Great American Ball Park,day,R
717103,2023-08-06,2023,TB,DET,139,116,10,6,16,0,9,0,541640.0,Erasmo Ramírez,666159.0,Matt Manning,621363.0,666159.0,2394,Comerica Park,day,R
717106,2023-08-06,2023,ARI,MIN,109,142,3,5,8,1,9,0,668678.0,Zac Gallen,572971.0,Dallas Keuchel,573204.0,623149.0,3312,Target Field,day,R
717105,2023-08-06,2023,PIT,MIL,134,158,4,1,5,0,9,0,670912.0,Johan Oviedo,605540.0,Brandon Woodruff,670912.0,605540.0,32,American Family Field,day,R
717099,2023-08-06,2023,COL,STL,115,138,1,0,1,0,9,0,596295.0,Austin Gomber,668868.0,Zack Thompson,596295.0,668868.0,2889,Busch Stadium,day,R
717098,2023-08-06,2023,ATL,CHC,144,112,4,6,10,1,9,0,450203.0,Charlie Morton,657006.0,Justin Steele,657006.0,450203.0,17,Wrigley Field,day,R
717102,2023-08-06,2023,MIA,TEX,146,140,0,6,6,1,9,0,645261.0,Sandy Alcantara,571760.0,Andrew Heaney,571760.0,645261.0,5325,Globe Life Field,day,R
717101,2023-08-06,2023,SEA,LAA,136,108,3,2,5,0,10,1,682243.0,Bryce Miller,681217.0,Chase Silseth,642048.0,642545.0,1,Angel Stadium,day,R
717100,2023-08-06,2023,SF,OAK,137,133,6,8,14,1,9,0,502171.0,Alex Cobb,665622.0,Luis Medina,669912.0,592426.0,10,Oakland Coliseum,day,R
717093,2023-08-06,2023,LAD,SD,119,135,8,2,10,0,9,0,458681.0,Lance Lynn,448179.0,Rich Hill,458681.0,448179.0,2680,Petco Park,day,R
717094,2023-08-07,2023,LAD,SD,119,135,13,7,20,0,9,0,664062.0,Tony Gonsolin,607625.0,Seth Lugo,664062.0,607625.0,2680,Petco Park,day,R
717091,2023-08-07,2023,MIN,DET,142,116,9,3,12,0,9,0,641154.0,Pablo López,666214.0,Joey Wentz,641154.0,666214.0,2394,Comerica Park,night,R
717097,2023-08-07,2023,MIA,CIN,146,113,2,5,7,1,9,0,691587.0,Eury Pérez,682227.0,Brandon Williamson,682227.0,691587.0,2602,Great American Ball Park,night,R
717095,2023-08-07,2023,ATL,PIT,144,134,6,7,13,1,9,0,675911.0,Spencer Strider,674370.0,Osvaldo Bido,669387.0,675911.0,31,PNC Park,night,R
717089,2023-08-07,2023,KC,BOS,118,111,2,6,8,1,9,0,666142.0,Cole Ragans,678394.0,Brayan Bello,445276.0,672578.0,3,Fenway Park,night,R
717092,2023-08-07,2023,CHC,NYM,112,121,2,11,13,1,9,0,592767.0,Drew Smyly,673540.0,Kodai Senga,673540.0,592767.0,3289,Citi Field,night,R
717087,2023-08-07,2023,TOR,CLE,141,114,3,1,4,0,9,0,547943.0,Hyun Jin Ryu,668909.0,Gavin Williams,657024.0,660853.0,5,Progressive Field,night,R
717088,2023-08-08,2023,NYY,CWS,147,145,1,5,6,1,9,0,543037.0,Gerrit Cole,656302.0,Dylan Cease,656302.0,543037.0,4,Guaranteed Rate Field,night,R
717086,2023-08-08,2023,COL,MIL,115,158,1,12,13,1,9,0,663567.0,Peter Lambert,642547.0,Freddy Peralta,642547.0,663567.0,32,American Family Field,night,R
717090,2023-08-08,2023,SF,LAA,137,108,8,3,11,0,9,0,657277.0,Logan Webb,663776.0,Patrick Sandoval,573124.0,608032.0,1,Angel Stadium,night,R
717081,2023-08-08,2023,TEX,OAK,140,133,5,3,8,0,9,0,641540.0,Dane Dunning,686610.0,Ken Waldichuk,622250.0,666204.0,10,Oakland Coliseum,night,R
717096,2023-08-07,2023,WSH,PHI,120,143,0,0,0,0,9,0,592866.0,Trevor Williams,624133.0,Ranger Suárez,,,2681,Citizens Bank Park,night,R
717082,2023-08-08,2023,WSH,PHI,120,143,4,8,12,1,9,0,592866.0,Trevor Williams,554430.0,Zack Wheeler,554430.0,592866.0,2681,Citizens Bank Park,night,R
717096,2023-08-08,2023,WSH,PHI,120,143,5,4,9,0,9,0,680686.0,Josiah Gray,624133.0,Ranger Suárez,607179.0,518886.0,2681,Citizens Bank Park,night,R
717085,2023-08-08,2023,STL,TB,138,139,2,4,6,1,9,0,571945.0,Miles Mikolas,621107.0,Zach Eflin,592094.0,571945.0,12,Tropicana Field,night,R
717076,2023-08-08,2023,MIN,DET,142,116,0,6,6,1,9,0,543243.0,Sonny Gray,593958.0,Eduardo Rodriguez,593958.0,543243.0,2394,Comerica Park,night,R
717083,2023-08-08,2023,MIA,CIN,146,113,3,2,5,0,9,0,666129.0,Braxton Garrett,596133.0,Luke Weaver,666129.0,608371.0,2602,Great American Ball Park,night,R
717084,2023-08-08,2023,HOU,BAL,117,110,7,6,13,0,9,0,664285.0,Framber Valdez,680570.0,Grayson Rodriguez,592773.0,642585.0,2,Oriole Park at Camden Yards,night,R
717079,2023-08-08,2023,ATL,PIT,144,134,8,6,14,0,9,0,630023.0,Yonny Chirinos,656605.0,Mitch Keller,489446.0,670280.0,31,PNC Park,night,R
717077,2023-08-08,2023,KC,BOS,118,111,9,3,12,0,9,0,663903.0,Brady Singer,676710.0,Kutter Crawford,663903.0,676710.0,3,Fenway Park,night,R
717080,2023-08-08,2023,CHC,NYM,112,121,3,2,5,0,9,0,592791.0,Jameson Taillon,471911.0,Carlos Carrasco,592791.0,622098.0,3289,Citi Field,night,R
717074,2023-08-08,2023,TOR,CLE,141,114,0,1,1,1,9,0,579328.0,Yusei Kikuchi,676440.0,Tanner Bibee,676440.0,579328.0,5,Progressive Field,night,R
717075,2023-08-09,2023,NYY,CWS,147,145,7,1,8,0,9,0,657376.0,Clarke Schmidt,657053.0,Touki Toussaint,657376.0,657053.0,4,Guaranteed Rate Field,night,R
717078,2023-08-09,2023,COL,MIL,115,158,7,3,10,0,10,1,607536.0,Kyle Freeland,489119.0,Wade Miley,571863.0,605177.0,32,American Family Field,night,R
717068,2023-08-09,2023,SF,LAA,137,108,5,7,12,1,9,0,518397.0,Scott Alexander,608337.0,Lucas Giolito,608337.0,518397.0,1,Angel Stadium,night,R
717073,2023-08-09,2023,LAD,ARI,119,109,5,4,9,0,9,0,628711.0,Julio Urías,694297.0,Brandon Pfaadt,628711.0,694297.0,15,Chase Field,night,R
717072,2023-08-09,2023,SD,SEA,135,136,0,2,2,1,9,0,607259.0,Nick Martinez,669302.0,Logan Gilbert,669302.0,605130.0,680,T-Mobile Park,night,R
717069,2023-08-09,2023,TEX,OAK,140,133,6,1,7,0,9,0,453286.0,Max Scherzer,676664.0,JP Sears,453286.0,676664.0,10,Oakland Coliseum,night,R
717070,2023-08-09,2023,MIA,CIN,146,113,5,4,9,0,9,0,456501.0,Johnny Cueto,668933.0,Graham Ashcraft,656945.0,664747.0,2602,Great American Ball Park,day,R
717065,2023-08-09,2023,COL,MIL,115,158,6,7,13,1,10,1,623167.0,Chris Flexen,605288.0,Adrian Houser,669060.0,664875.0,32,American Family Field,day,R
717063,2023-08-09,2023,TEX,OAK,140,133,0,2,2,1,9,0,656756.0,Jordan Montgomery,643493.0,Austin Pruitt,676206.0,656756.0,10,Oakland Coliseum,day,R
717064,2023-08-09,2023,STL,TB,138,139,6,4,10,0,9,0,641712.0,Dakota Hudson,656222.0,Jalen Beeks,641712.0,687330.0,12,Tropicana Field,night,R
717061,2023-08-09,2023,MIN,DET,142,116,5,9,14,1,9,0,641927.0,Bailey Ober,656412.0,Alex Faedo,663947.0,641927.0,2394,Comerica Park,night,R
717066,2023-08-09,2023,WSH,PHI,120,143,0,7,7,1,9,0,669022.0,MacKenzie Gore,547179.0,Michael Lorenzen,547179.0,669022.0,2681,Citizens Bank Park,night,R
717067,2023-08-09,2023,HOU,BAL,117,110,8,2,10,0,9,0,664299.0,Cristian Javier,656427.0,Jack Flaherty,664299.0,656427.0,2,Oriole Park at Camden Yards,night,R
717058,2023-08-09,2023,ATL,PIT,144,134,6,5,11,0,9,0,608331.0,Max Fried,682990.0,Quinn Priester,572955.0,669387.0,31,PNC Park,night,R
717059,2023-08-09,2023,KC,BOS,118,111,3,4,7,1,9,0,543475.0,Jordan Lyles,601713.0,Nick Pivetta,601713.0,543475.0,3,Fenway Park,night,R
717062,2023-08-09,2023,CHC,NYM,112,121,3,4,7,1,9,0,543294.0,Kyle Hendricks,656849.0,David Peterson,701643.0,669713.0,3289,Citi Field,night,R
717060,2023-08-09,2023,TOR,CLE,141,114,1,0,1,0,9,0,592332.0,Kevin Gausman,671106.0,Logan Allen,592332.0,671106.0,5,Progressive Field,night,R
717054,2023-08-10,2023,NYY,CWS,147,145,2,9,11,1,9,0,641656.0,Ian Hamilton,605182.0,Mike Clevinger,605182.0,622663.0,4,Guaranteed Rate Field,night,R
717071,2023-08-10,2023,SF,LAA,137,108,1,4,5,1,9,0,676254.0,Ryan Walker,660271.0,Shohei Ohtani,660271.0,663941.0,1,Angel Stadium,night,R
717057,2023-08-10,2023,LAD,ARI,119,109,2,0,2,0,9,0,676272.0,Bobby Miller,518876.0,Merrill Kelly,657571.0,669459.0,15,Chase Field,night,R
717055,2023-08-10,2023,SD,SEA,135,136,1,6,7,1,9,0,506433.0,Yu Darvish,676106.0,Emerson Hancock,666374.0,621051.0,680,T-Mobile Park,night,R
717053,2023-08-10,2023,HOU,BAL,117,110,4,5,9,1,9,0,686613.0,Hunter Brown,665152.0,Dean Kremer,665152.0,686613.0,2,Oriole Park at Camden Yards,day,R
717056,2023-08-10,2023,ATL,PIT,144,134,5,7,12,1,9,0,693821.0,Bryce Elder,663559.0,Bailey Falter,641672.0,693821.0,31,PNC Park,day,R
717052,2023-08-10,2023,TOR,CLE,141,114,3,4,7,1,9,0,666201.0,Alek Manoah,592789.0,Noah Syndergaard,592789.0,666201.0,5,Progressive Field,day,R
717050,2023-08-10,2023,MIN,DET,142,116,0,3,3,1,9,0,628317.0,Kenta Maeda,681857.0,Reese Olson,681857.0,628317.0,2394,Comerica Park,day,R
717048,2023-08-10,2023,STL,TB,138,139,5,2,7,0,9,0,669461.0,Matthew Liberatore,641793.0,Zack Littell,669461.0,641793.0,12,Tropicana Field,night,R
717049,2023-08-10,2023,WSH,PHI,120,143,2,6,8,1,9,0,571578.0,Patrick Corbin,605400.0,Aaron Nola,621381.0,600921.0,2681,Citizens Bank Park,night,R
717051,2023-08-10,2023,KC,BOS,118,111,0,2,2,1,9,0,680735.0,Austin Cox,572020.0,James Paxton,572020.0,679525.0,3,Fenway Park,night,R
717045,2023-08-11,2023,COL,LAD,115,119,1,2,3,1,9,0,621389.0,Ty Blach,477132.0,Clayton Kershaw,642232.0,656382.0,22,Dodger Stadium,night,R
717038,2023-08-11,2023,CLE,TB,114,139,8,9,17,1,9,0,675540.0,Xzavion Curry,650644.0,Aaron Civale,596112.0,680704.0,12,Tropicana Field,night,R
717047,2023-08-11,2023,NYY,MIA,147,146,9,4,13,0,9,0,641656.0,Ian Hamilton,666200.0,Jesús Luzardo,681190.0,666200.0,4169,loanDepot park,night,R
717043,2023-08-11,2023,OAK,WSH,133,120,2,8,10,1,9,0,621112.0,Paul Blackburn,672851.0,Joan Adon,676265.0,621112.0,3309,Nationals Park,night,R
717046,2023-08-11,2023,CIN,PIT,113,134,9,2,11,0,9,0,671096.0,Andrew Abbott,670912.0,Johan Oviedo,671096.0,670912.0,31,PNC Park,night,R
717044,2023-08-11,2023,MIN,PHI,142,143,2,13,15,1,9,0,572971.0,Dallas Keuchel,650911.0,Cristopher Sánchez,650911.0,572971.0,2681,Citizens Bank Park,night,R
717041,2023-08-11,2023,CHC,TOR,112,141,6,2,8,0,9,0,665871.0,Javier Assad,621244.0,José Berríos,665871.0,621244.0,14,Rogers Centre,night,R
717042,2023-08-11,2023,DET,BOS,116,111,2,5,7,1,9,0,669373.0,Tarik Skubal,519242.0,Chris Sale,607457.0,669373.0,3,Fenway Park,night,R
717040,2023-08-11,2023,ATL,NYM,144,121,7,0,7,0,9,0,450203.0,Charlie Morton,656731.0,Tylor Megill,450203.0,656731.0,3289,Citi Field,night,R
717037,2023-08-12,2023,LAA,HOU,108,117,3,11,14,1,9,0,672282.0,Reid Detmers,434378.0,Justin Verlander,434378.0,672282.0,2392,Minute Maid Park,night,R
717039,2023-08-12,2023,STL,KC,138,118,8,12,20,1,9,0,425794.0,Adam Wainwright,669395.0,Dylan Coleman,672582.0,425794.0,7,Kauffman Stadium,night,R
717036,2023-08-12,2023,MIL,CWS,158,145,7,6,13,0,10,1,669203.0,Corbin Burnes,656629.0,Michael Kopech,642207.0,669424.0,4,Guaranteed Rate Field,night,R
717035,2023-08-12,2023,SD,ARI,135,109,10,5,15,0,9,0,605483.0,Blake Snell,669194.0,Ryne Nelson,605483.0,669194.0,15,Chase Field,night,R
717032,2023-08-12,2023,COL,LAD,115,119,1,6,7,1,9,0,596295.0,Austin Gomber,458681.0,Lance Lynn,458681.0,596295.0,22,Dodger Stadium,night,R
717034,2023-08-12,2023,BAL,SEA,110,136,2,9,11,1,9,0,502043.0,Kyle Gibson,622491.0,Luis Castillo,622491.0,502043.0,680,T-Mobile Park,night,R
717031,2023-08-12,2023,TEX,SF,140,137,2,1,3,0,9,0,592351.0,Jon Gray,518397.0,Scott Alexander,592351.0,548389.0,2395,Oracle Park,night,R
718371,2023-08-12,2023,ATL,NYM,144,121,21,3,24,0,9,0,642216.0,Allan Winans,660593.0,Denyi Reyes,642216.0,660593.0,3289,Citi Field,day,R
717021,2023-08-12,2023,ATL,NYM,144,121,6,0,6,0,9,0,675911.0,Spencer Strider,500779.0,Jose Quintana,675911.0,500779.0,3289,Citi Field,night,R
717026,2023-08-12,2023,CHC,TOR,112,141,5,4,9,0,9,0,657006.0,Justin Steele,605135.0,Chris Bassitt,657240.0,663855.0,14,Rogers Centre,day,R
717033,2023-08-12,2023,DET,BOS,116,111,6,2,8,0,9,0,666159.0,Matt Manning,678394.0,Brayan Bello,666159.0,678394.0,3,Fenway Park,day,R
717024,2023-08-12,2023,CLE,TB,114,139,5,6,11,1,9,0,668909.0,Gavin Williams,542888.0,Shawn Armstrong,676596.0,661403.0,12,Tropicana Field,day,R
717025,2023-08-12,2023,NYY,MIA,147,146,1,3,4,1,9,0,650633.0,Michael King,645261.0,Sandy Alcantara,645261.0,650633.0,4169,loanDepot park,day,R
717028,2023-08-12,2023,MIN,PHI,142,143,8,1,9,0,9,0,641154.0,Pablo López,592836.0,Taijuan Walker,641154.0,592836.0,2681,Citizens Bank Park,night,R
717030,2023-08-12,2023,OAK,WSH,133,120,2,3,5,1,9,0,665622.0,Luis Medina,663623.0,Jake Irvin,640448.0,668674.0,3309,Nationals Park,night,R
717019,2023-08-12,2023,STL,KC,138,118,5,4,9,0,9,0,571927.0,Steven Matz,666142.0,Cole Ragans,571927.0,666142.0,7,Kauffman Stadium,night,R
717022,2023-08-12,2023,LAA,HOU,108,117,3,11,14,1,9,0,542881.0,Tyler Anderson,641585.0,J.P. France,641585.0,542881.0,2392,Minute Maid Park,night,R
717023,2023-08-12,2023,MIL,CWS,158,145,3,2,5,0,9,0,605540.0,Brandon Woodruff,669947.0,Jesse Scholtens,605540.0,669947.0,4,Guaranteed Rate Field,night,R
717020,2023-08-13,2023,SD,ARI,135,109,0,3,3,1,9,0,448179.0,Rich Hill,668678.0,Zac Gallen,668678.0,448179.0,15,Chase Field,night,R
717029,2023-08-13,2023,TEX,SF,140,137,9,3,12,0,9,0,571760.0,Andrew Heaney,502171.0,Alex Cobb,681982.0,502171.0,2395,Oracle Park,night,R
717017,2023-08-13,2023,COL,LAD,115,119,1,4,5,1,9,0,663567.0,Peter Lambert,664062.0,Tony Gonsolin,664062.0,663567.0,22,Dodger Stadium,night,R
717018,2023-08-13,2023,BAL,SEA,110,136,1,0,1,0,10,1,608344.0,Cole Irvin,669923.0,George Kirby,642585.0,662253.0,680,T-Mobile Park,night,R
717027,2023-08-12,2023,CIN,PIT,113,134,0,0,0,0,9,0,682227.0,Brandon Williamson,656578.0,Andre Jackson,,,31,PNC Park,night,R
717014,2023-08-13,2023,DET,BOS,116,111,3,6,9,1,9,0,593958.0,Eduardo Rodriguez,676710.0,Kutter Crawford,676477.0,593958.0,3,Fenway Park,day,R
717016,2023-08-13,2023,OAK,WSH,133,120,7,8,15,1,9,0,686610.0,Ken Waldichuk,592866.0,Trevor Williams,686747.0,669912.0,3309,Nationals Park,day,R
717015,2023-08-13,2023,CIN,PIT,113,134,2,4,6,1,9,0,682227.0,Brandon Williamson,656605.0,Mitch Keller,622780.0,622065.0,31,PNC Park,day,R
717027,2023-08-13,2023,CIN,PIT,113,134,6,5,11,0,10,1,596133.0,Luke Weaver,656578.0,Andre Jackson,664747.0,674370.0,31,PNC Park,night,R
717009,2023-08-13,2023,MIN,PHI,142,143,3,0,3,0,9,0,543243.0,Sonny Gray,624133.0,Ranger Suárez,543243.0,624133.0,2681,Citizens Bank Park,day,R
717012,2023-08-13,2023,CHC,TOR,112,141,4,11,15,1,9,0,592791.0,Jameson Taillon,547943.0,Hyun Jin Ryu,547943.0,592791.0,14,Rogers Centre,day,R
717010,2023-08-13,2023,CLE,TB,114,139,9,2,11,0,9,0,676440.0,Tanner Bibee,621107.0,Zach Eflin,676440.0,621107.0,12,Tropicana Field,day,R
717011,2023-08-13,2023,NYY,MIA,147,146,7,8,15,1,9,0,543037.0,Gerrit Cole,691587.0,Eury Pérez,605347.0,605280.0,4169,loanDepot park,day,R
717004,2023-08-13,2023,LAA,HOU,108,117,2,1,3,0,9,0,681217.0,Chase Silseth,664353.0,José Urquidy,681217.0,664353.0,2392,Minute Maid Park,day,R
717006,2023-08-13,2023,MIL,CWS,158,145,7,3,10,0,9,0,642547.0,Freddy Peralta,656302.0,Dylan Cease,642547.0,656302.0,4,Guaranteed Rate Field,day,R
717008,2023-08-13,2023,TEX,SF,140,137,2,3,5,1,10,1,641540.0,Dane Dunning,657277.0,Logan Webb,666808.0,519293.0,2395,Oracle Park,day,R
717007,2023-08-13,2023,COL,LAD,115,119,3,8,11,1,9,0,607536.0,Kyle Freeland,628711.0,Julio Urías,628711.0,607536.0,22,Dodger Stadium,day,R
717003,2023-08-13,2023,SD,ARI,135,109,4,5,9,1,9,0,607625.0,Seth Lugo,694297.0,Brandon Pfaadt,669459.0,663158.0,15,Chase Field,day,R
717005,2023-08-13,2023,BAL,SEA,110,136,5,3,8,0,10,1,680694.0,Kyle Bradish,682243.0,Bryce Miller,663989.0,663423.0,680,T-Mobile Park,day,R
717013,2023-08-13,2023,ATL,NYM,144,121,6,7,13,1,9,0,630023.0,Yonny Chirinos,673540.0,Kodai Senga,673540.0,630023.0,3289,Citi Field,night,R
717000,2023-08-14,2023,HOU,MIA,117,146,1,5,6,1,9,0,664285.0,Framber Valdez,666129.0,Braxton Garrett,666129.0,664285.0,4169,loanDepot park,night,R
717002,2023-08-14,2023,PIT,NYM,134,121,2,7,9,1,9,0,682990.0,Quinn Priester,471911.0,Carlos Carrasco,668338.0,682990.0,3289,Citi Field,night,R
717001,2023-08-14,2023,NYY,ATL,147,144,3,11,14,1,9,0,657376.0,Clarke Schmidt,608331.0,Max Fried,608331.0,657376.0,4705,Truist Park,night,R
716995,2023-08-14,2023,OAK,STL,133,138,5,7,12,1,9,0,676664.0,JP Sears,571945.0,Miles Mikolas,668941.0,665734.0,2889,Busch Stadium,night,R
716997,2023-08-15,2023,LAA,TEX,108,140,0,12,12,1,9,0,663776.0,Patrick Sandoval,453286.0,Max Scherzer,453286.0,663776.0,5325,Globe Life Field,night,R
716994,2023-08-15,2023,SEA,KC,136,118,6,7,13,1,9,0,669302.0,Logan Gilbert,663903.0,Brady Singer,621295.0,666374.0,7,Kauffman Stadium,night,R
716998,2023-08-15,2023,ARI,COL,109,115,4,6,10,1,9,0,518876.0,Merrill Kelly,623167.0,Chris Flexen,571863.0,573009.0,19,Coors Field,night,R
716996,2023-08-15,2023,BAL,SD,110,135,4,1,5,0,9,0,680570.0,Grayson Rodriguez,506433.0,Yu Darvish,680570.0,506433.0,2680,Petco Park,night,R
716999,2023-08-15,2023,TB,SF,139,137,10,2,12,0,9,0,607192.0,Tyler Glasnow,676254.0,Ryan Walker,607192.0,663941.0,2395,Oracle Park,night,R
716992,2023-08-15,2023,CLE,CIN,114,113,3,0,3,0,9,0,671106.0,Logan Allen,668933.0,Graham Ashcraft,671106.0,668933.0,2602,Great American Ball Park,night,R
716991,2023-08-15,2023,HOU,MIA,117,146,6,5,11,0,9,0,664299.0,Cristian Javier,456501.0,Johnny Cueto,686613.0,640462.0,4169,loanDepot park,night,R
716993,2023-08-15,2023,BOS,WSH,111,120,5,4,9,0,9,0,601713.0,Nick Pivetta,680686.0,Josiah Gray,670167.0,680686.0,3309,Nationals Park,night,R
716990,2023-08-15,2023,PHI,TOR,143,141,1,2,3,1,9,0,554430.0,Zack Wheeler,579328.0,Yusei Kikuchi,663855.0,622554.0,14,Rogers Centre,night,R
716988,2023-08-15,2023,PIT,NYM,134,121,7,4,11,0,9,0,663559.0,Bailey Falter,656849.0,David Peterson,681882.0,676130.0,3289,Citi Field,night,R
716987,2023-08-15,2023,NYY,ATL,147,144,0,5,5,1,9,0,622663.0,Luis Severino,693821.0,Bryce Elder,693821.0,622663.0,4705,Truist Park,night,R
716983,2023-08-15,2023,DET,MIN,116,142,3,5,8,1,9,0,656412.0,Alex Faedo,641927.0,Bailey Ober,571670.0,542585.0,3312,Target Field,night,R
716984,2023-08-15,2023,OAK,STL,133,138,2,6,8,1,9,0,657093.0,Spenser Watkins,641712.0,Dakota Hudson,641712.0,657093.0,2889,Busch Stadium,night,R
716985,2023-08-16,2023,LAA,TEX,108,140,3,7,10,1,9,0,608337.0,Lucas Giolito,656756.0,Jordan Montgomery,656756.0,608337.0,5325,Globe Life Field,night,R
716986,2023-08-16,2023,CWS,CHC,145,112,5,3,8,0,9,0,657053.0,Touki Toussaint,543294.0,Kyle Hendricks,682010.0,657240.0,17,Wrigley Field,night,R
716981,2023-08-16,2023,SEA,KC,136,118,10,8,18,0,10,1,676106.0,Emerson Hancock,543475.0,Jordan Lyles,662253.0,656353.0,7,Kauffman Stadium,night,R
716978,2023-08-16,2023,ARI,COL,109,115,8,5,13,0,9,0,573009.0,Joe Mantiply,621389.0,Ty Blach,656464.0,664875.0,19,Coors Field,night,R
716980,2023-08-16,2023,BAL,SD,110,135,3,10,13,1,9,0,656427.0,Jack Flaherty,608379.0,Michael Wacha,608379.0,656427.0,2680,Petco Park,night,R
716989,2023-08-16,2023,TB,SF,139,137,0,7,7,1,9,0,641793.0,Zack Littell,596001.0,Jakob Junis,640455.0,641793.0,2395,Oracle Park,night,R
716979,2023-08-16,2023,MIL,LAD,158,119,2,6,8,1,9,0,605288.0,Adrian Houser,676272.0,Bobby Miller,676272.0,605288.0,22,Dodger Stadium,night,R
716974,2023-08-16,2023,PIT,NYM,134,121,3,8,11,1,9,0,670912.0,Johan Oviedo,656731.0,Tylor Megill,656731.0,670912.0,3289,Citi Field,day,R
716976,2023-08-16,2023,DET,MIN,116,142,8,7,15,0,9,0,681857.0,Reese Olson,628317.0,Kenta Maeda,663947.0,643377.0,3312,Target Field,day,R
716977,2023-08-16,2023,ARI,COL,109,115,9,7,16,0,9,0,677944.0,Slade Cecconi,596295.0,Austin Gomber,669459.0,641755.0,19,Coors Field,day,R
716975,2023-08-16,2023,TB,SF,139,137,6,1,7,0,9,0,650644.0,Aaron Civale,676254.0,Ryan Walker,650644.0,676254.0,2395,Oracle Park,day,R
716973,2023-08-16,2023,CLE,CIN,114,113,2,7,9,1,9,0,592789.0,Noah Syndergaard,671096.0,Andrew Abbott,671096.0,592789.0,2602,Great American Ball Park,night,R
716972,2023-08-16,2023,HOU,MIA,117,146,12,5,17,0,9,0,434378.0,Justin Verlander,666200.0,Jesús Luzardo,434378.0,666200.0,4169,loanDepot park,night,R
716969,2023-08-16,2023,OAK,STL,133,138,8,0,8,0,9,0,621112.0,Paul Blackburn,669461.0,Matthew Liberatore,621112.0,669461.0,2889,Busch Stadium,night,R
716982,2023-08-16,2023,BOS,WSH,111,120,2,6,8,1,9,0,572020.0,James Paxton,669022.0,MacKenzie Gore,678606.0,676477.0,3309,Nationals Park,night,R
716967,2023-08-16,2023,PHI,TOR,143,141,9,4,13,0,9,0,605400.0,Aaron Nola,592332.0,Kevin Gausman,605400.0,592332.0,14,Rogers Centre,night,R
716970,2023-08-16,2023,NYY,ATL,147,144,0,2,2,1,9,0,681190.0,Randy Vásquez,450203.0,Charlie Morton,450203.0,681190.0,4705,Truist Park,night,R
716971,2023-08-17,2023,LAA,TEX,108,140,2,0,2,0,9,0,672282.0,Reid Detmers,592351.0,Jon Gray,672282.0,592351.0,5325,Globe Life Field,night,R
716968,2023-08-17,2023,CWS,CHC,145,112,3,4,7,1,9,0,605182.0,Mike Clevinger,665871.0,Javier Assad,592767.0,666619.0,17,Wrigley Field,night,R
716963,2023-08-17,2023,SEA,KC,136,118,6,5,11,0,9,0,622491.0,Luis Castillo,663704.0,James McArthur,622491.0,669395.0,7,Kauffman Stadium,night,R
716965,2023-08-17,2023,BAL,SD,110,135,2,5,7,1,9,0,665152.0,Dean Kremer,605483.0,Blake Snell,605483.0,665152.0,2680,Petco Park,night,R
716962,2023-08-17,2023,MIL,LAD,158,119,1,7,8,1,9,0,489119.0,Wade Miley,477132.0,Clayton Kershaw,477132.0,489119.0,22,Dodger Stadium,night,R
716964,2023-08-17,2023,SEA,KC,136,118,6,4,10,0,9,0,669923.0,George Kirby,672582.0,Angel Zerpa,663462.0,672578.0,7,Kauffman Stadium,day,R
716966,2023-08-17,2023,BOS,WSH,111,120,7,10,17,1,9,0,519242.0,Chris Sale,571578.0,Patrick Corbin,571578.0,519242.0,3309,Nationals Park,day,R
716958,2023-08-17,2023,NYM,STL,121,138,4,2,6,0,9,0,500779.0,Jose Quintana,425794.0,Adam Wainwright,500779.0,425794.0,2889,Busch Stadium,night,R
716957,2023-08-18,2023,ARI,SD,109,135,3,1,4,0,9,0,668678.0,Zac Gallen,448179.0,Rich Hill,668678.0,448179.0,2680,Petco Park,night,R
716961,2023-08-18,2023,MIL,LAD,158,119,0,1,1,1,9,0,669203.0,Corbin Burnes,458681.0,Lance Lynn,657571.0,606303.0,22,Dodger Stadium,night,R
716959,2023-08-17,2023,DET,CLE,116,114,0,0,0,0,9,0,669373.0,Tarik Skubal,675540.0,Xzavion Curry,,,5,Progressive Field,night,R
716955,2023-08-18,2023,KC,CHC,118,112,4,3,7,0,9,0,666142.0,Cole Ragans,592791.0,Jameson Taillon,666142.0,592791.0,17,Wrigley Field,day,R
716956,2023-08-18,2023,DET,CLE,116,114,4,2,6,0,9,0,669373.0,Tarik Skubal,668909.0,Gavin Williams,669373.0,668909.0,5,Progressive Field,night,R
716959,2023-08-18,2023,DET,CLE,116,114,1,4,5,1,9,0,666214.0,Joey Wentz,675540.0,Xzavion Curry,660853.0,542585.0,5,Progressive Field,night,R
716954,2023-08-18,2023,TOR,CIN,141,113,0,1,1,1,9,0,621244.0,José Berríos,664028.0,Brett Kennedy,664747.0,663855.0,2602,Great American Ball Park,night,R
716960,2023-08-18,2023,PHI,WSH,143,120,7,8,15,1,9,0,547179.0,Michael Lorenzen,672851.0,Joan Adon,678606.0,547179.0,3309,Nationals Park,night,R
716953,2023-08-18,2023,BOS,NYY,111,147,8,3,11,0,9,0,678394.0,Brayan Bello,666745.0,Jhony Brito,678394.0,666745.0,3313,Yankee Stadium,night,R
716949,2023-08-18,2023,SF,ATL,137,144,0,4,4,1,9,0,502171.0,Alex Cobb,675911.0,Spencer Strider,675911.0,502171.0,4705,Truist Park,night,R
716950,2023-08-19,2023,MIL,TEX,158,140,9,8,17,0,9,0,605540.0,Brandon Woodruff,571760.0,Andrew Heaney,665625.0,622250.0,5325,Globe Life Field,night,R
716948,2023-08-19,2023,SEA,HOU,136,117,2,0,2,0,9,0,682243.0,Bryce Miller,641585.0,J.P. France,682243.0,641585.0,2392,Minute Maid Park,night,R
716951,2023-08-19,2023,PIT,MIN,134,142,1,5,6,1,9,0,656578.0,Andre Jackson,641154.0,Pablo López,641154.0,656578.0,3312,Target Field,night,R
716952,2023-08-19,2023,NYM,STL,121,138,7,1,8,0,9,0,664192.0,Joey Lucchesi,668868.0,Zack Thompson,664192.0,668868.0,2889,Busch Stadium,night,R
716947,2023-08-19,2023,CWS,COL,145,115,1,14,15,1,9,0,656629.0,Michael Kopech,663567.0,Peter Lambert,663567.0,656629.0,19,Coors Field,night,R
716945,2023-08-19,2023,TB,LAA,139,108,9,6,15,0,10,1,541640.0,Erasmo Ramírez,542881.0,Tyler Anderson,664126.0,608032.0,1,Angel Stadium,night,R
716944,2023-08-19,2023,BAL,OAK,110,133,9,4,13,0,9,0,502043.0,Kyle Gibson,660906.0,Francisco Pérez,502043.0,660906.0,10,Oakland Coliseum,night,R
716942,2023-08-19,2023,ARI,SD,109,135,0,4,4,1,9,0,694297.0,Brandon Pfaadt,607625.0,Seth Lugo,663158.0,612434.0,2680,Petco Park,night,R
716946,2023-08-19,2023,MIA,LAD,146,119,11,3,14,0,9,0,645261.0,Sandy Alcantara,664062.0,Tony Gonsolin,645261.0,664062.0,22,Dodger Stadium,night,R
716943,2023-08-19,2023,BOS,NYY,111,147,8,1,9,0,9,0,676710.0,Kutter Crawford,543037.0,Gerrit Cole,676710.0,543037.0,3313,Yankee Stadium,day,R
716937,2023-08-19,2023,KC,CHC,118,112,4,6,10,1,9,0,663903.0,Brady Singer,657006.0,Justin Steele,657006.0,663903.0,17,Wrigley Field,day,R
716909,2023-08-19,2023,MIA,LAD,146,119,1,3,4,1,9,0,691587.0,Eury Pérez,657571.0,Caleb Ferguson,642232.0,502085.0,22,Dodger Stadium,day,R
716926,2023-08-20,2023,MIA,LAD,146,119,1,3,4,1,9,0,666129.0,Braxton Garrett,628711.0,Julio Urías,628711.0,666129.0,22,Dodger Stadium,night,R
716919,2023-08-19,2023,ARI,SD,109,135,6,4,10,0,9,0,518876.0,Merrill Kelly,663362.0,Matt Waldron,518876.0,663362.0,2680,Petco Park,day,R
716931,2023-08-20,2023,ARI,SD,109,135,8,1,9,0,9,0,543518.0,Scott McGough,506433.0,Yu Darvish,686826.0,506433.0,2680,Petco Park,night,R
716941,2023-08-19,2023,PHI,WSH,143,120,12,3,15,0,9,0,650911.0,Cristopher Sánchez,663623.0,Jake Irvin,622554.0,676265.0,3309,Nationals Park,day,R
716938,2023-08-19,2023,MIL,TEX,158,140,6,1,7,0,9,0,642547.0,Freddy Peralta,641540.0,Dane Dunning,642547.0,641540.0,5325,Globe Life Field,day,R
716915,2023-08-19,2023,TB,LAA,139,108,6,7,13,1,9,0,607192.0,Tyler Glasnow,681217.0,Chase Silseth,656288.0,607192.0,1,Angel Stadium,day,R
716925,2023-08-20,2023,TB,LAA,139,108,18,4,22,0,9,0,621107.0,Zach Eflin,663776.0,Patrick Sandoval,621107.0,663776.0,1,Angel Stadium,night,R
716935,2023-08-19,2023,TOR,CIN,141,113,4,3,7,0,9,0,605135.0,Chris Bassitt,682227.0,Brandon Williamson,605135.0,682227.0,2602,Great American Ball Park,night,R
716939,2023-08-19,2023,DET,CLE,116,114,4,3,7,0,9,0,666159.0,Matt Manning,676440.0,Tanner Bibee,666159.0,676440.0,5,Progressive Field,night,R
716932,2023-08-19,2023,SEA,HOU,136,117,10,3,13,0,9,0,669302.0,Logan Gilbert,664285.0,Framber Valdez,669302.0,664285.0,2392,Minute Maid Park,night,R
716936,2023-08-19,2023,PIT,MIN,134,142,7,4,11,0,9,0,656605.0,Mitch Keller,543243.0,Sonny Gray,656605.0,543243.0,3312,Target Field,night,R
716940,2023-08-19,2023,NYM,STL,121,138,13,2,15,0,9,0,673540.0,Kodai Senga,571945.0,Miles Mikolas,673540.0,571945.0,2889,Busch Stadium,night,R
716934,2023-08-19,2023,SF,ATL,137,144,5,6,11,1,9,0,657277.0,Logan Webb,630023.0,Yonny Chirinos,489446.0,643511.0,4705,Truist Park,night,R
716933,2023-08-20,2023,CWS,COL,145,115,5,11,16,1,9,0,669947.0,Jesse Scholtens,607536.0,Kyle Freeland,607536.0,669947.0,19,Coors Field,night,R
716930,2023-08-20,2023,BAL,OAK,110,133,7,2,9,0,10,1,608344.0,Cole Irvin,686610.0,Ken Waldichuk,642585.0,661309.0,10,Oakland Coliseum,night,R
716920,2023-08-20,2023,SEA,HOU,136,117,7,6,13,0,9,0,676106.0,Emerson Hancock,686613.0,Hunter Brown,666374.0,686613.0,2392,Minute Maid Park,day,R
716927,2023-08-20,2023,SF,ATL,137,144,4,3,7,0,9,0,596001.0,Jakob Junis,608331.0,Max Fried,666808.0,489446.0,4705,Truist Park,day,R
716928,2023-08-20,2023,BOS,NYY,111,147,6,5,11,0,9,0,670174.0,Josh Winckowski,657376.0,Clarke Schmidt,455119.0,605280.0,3313,Yankee Stadium,day,R
716922,2023-08-20,2023,DET,CLE,116,114,4,1,5,0,9,0,593958.0,Eduardo Rodriguez,671106.0,Logan Allen,593958.0,671106.0,5,Progressive Field,day,R
716924,2023-08-20,2023,TOR,CIN,141,113,10,3,13,0,9,0,547943.0,Hyun Jin Ryu,668881.0,Hunter Greene,547943.0,668881.0,2602,Great American Ball Park,day,R
716923,2023-08-20,2023,PIT,MIN,134,142,0,2,2,1,9,0,621366.0,Ryan Borucki,572971.0,Dallas Keuchel,572971.0,674370.0,3312,Target Field,day,R
716921,2023-08-20,2023,NYM,STL,121,138,3,7,10,1,9,0,471911.0,Carlos Carrasco,641712.0,Dakota Hudson,641712.0,471911.0,2889,Busch Stadium,day,R
716917,2023-08-20,2023,KC,CHC,118,112,3,4,7,1,9,0,543475.0,Jordan Lyles,543294.0,Kyle Hendricks,543294.0,543475.0,17,Wrigley Field,day,R
716918,2023-08-20,2023,MIL,TEX,158,140,6,2,8,0,9,0,605288.0,Adrian Houser,453286.0,Max Scherzer,605288.0,453286.0,5325,Globe Life Field,day,R
716916,2023-08-20,2023,CWS,COL,145,115,10,5,15,0,9,0,656302.0,Dylan Cease,623167.0,Chris Flexen,607481.0,571863.0,19,Coors Field,day,R
716914,2023-08-20,2023,BAL,OAK,110,133,12,1,13,0,9,0,680694.0,Kyle Bradish,676664.0,JP Sears,680694.0,676664.0,10,Oakland Coliseum,day,R
716929,2023-08-20,2023,PHI,WSH,143,120,3,4,7,1,9,0,554430.0,Zack Wheeler,592866.0,Trevor Williams,592866.0,554430.0,2735,Muncy Bank Ballpark,night,R
716913,2023-08-21,2023,CHC,DET,112,116,7,6,13,0,9,0,665871.0,Javier Assad,656412.0,Alex Faedo,694037.0,689225.0,2394,Comerica Park,night,R
716911,2023-08-21,2023,SF,PHI,137,143,4,10,14,1,9,0,518397.0,Scott Alexander,605400.0,Aaron Nola,605400.0,640455.0,2681,Citizens Bank Park,night,R
716912,2023-08-21,2023,STL,PIT,138,134,1,11,12,1,9,0,680723.0,Drew Rom,641672.0,Thomas Hatch,663559.0,680723.0,31,PNC Park,night,R
716910,2023-08-21,2023,NYM,ATL,121,144,10,4,14,0,9,0,656849.0,David Peterson,642216.0,Allan Winans,641360.0,642216.0,4705,Truist Park,night,R
716908,2023-08-22,2023,BOS,HOU,111,117,4,9,13,1,9,0,572020.0,James Paxton,664299.0,Cristian Javier,664299.0,572020.0,2392,Minute Maid Park,night,R
716905,2023-08-22,2023,SEA,CWS,136,145,14,2,16,0,9,0,622491.0,Luis Castillo,657053.0,Touki Toussaint,622491.0,657053.0,4,Guaranteed Rate Field,night,R
716904,2023-08-22,2023,KC,OAK,118,133,4,6,10,1,9,0,656353.0,Tucker Davidson,621112.0,Paul Blackburn,543507.0,669395.0,10,Oakland Coliseum,night,R
716906,2023-08-22,2023,TEX,ARI,140,109,3,4,7,1,11,1,656756.0,Jordan Montgomery,573009.0,Joe Mantiply,656464.0,519293.0,15,Chase Field,night,R
716907,2023-08-22,2023,MIA,SD,146,135,2,6,8,1,9,0,677960.0,Ryan Weathers,608379.0,Michael Wacha,608379.0,677960.0,2680,Petco Park,night,R
716903,2023-08-22,2023,CIN,LAA,113,108,0,0,0,0,9,0,668933.0,Graham Ashcraft,608337.0,Lucas Giolito,,,1,Angel Stadium,night,R
716896,2023-08-22,2023,CHC,DET,112,116,6,8,14,1,9,0,592767.0,Drew Smyly,681857.0,Reese Olson,663947.0,592767.0,2394,Comerica Park,night,R
716898,2023-08-22,2023,COL,TB,115,139,4,12,16,1,9,0,621389.0,Ty Blach,641793.0,Zack Littell,552640.0,608718.0,12,Tropicana Field,night,R
716899,2023-08-22,2023,SF,PHI,137,143,3,4,7,1,9,0,690986.0,Kyle Harrison,592836.0,Taijuan Walker,518886.0,666808.0,2681,Citizens Bank Park,night,R
716901,2023-08-22,2023,STL,PIT,138,134,3,6,9,1,9,0,425794.0,Adam Wainwright,670912.0,Johan Oviedo,670912.0,425794.0,31,PNC Park,night,R
716902,2023-08-22,2023,TOR,BAL,141,110,6,3,9,0,10,1,579328.0,Yusei Kikuchi,680570.0,Grayson Rodriguez,641835.0,657508.0,2,Oriole Park at Camden Yards,night,R
716900,2023-08-22,2023,WSH,NYY,120,147,2,1,3,0,9,0,680686.0,Josiah Gray,607074.0,Carlos Rodón,666168.0,592454.0,3313,Yankee Stadium,night,R
716897,2023-08-22,2023,LAD,CLE,119,114,3,8,11,1,9,0,676272.0,Bobby Miller,592789.0,Noah Syndergaard,656529.0,676272.0,5,Progressive Field,night,R
716891,2023-08-22,2023,NYM,ATL,121,144,2,3,5,1,9,0,656731.0,Tylor Megill,693821.0,Bryce Elder,693821.0,656731.0,4705,Truist Park,night,R
716895,2023-08-23,2023,BOS,HOU,111,117,3,7,10,1,9,0,656557.0,Tanner Houck,434378.0,Justin Verlander,434378.0,656557.0,2392,Minute Maid Park,night,R
716893,2023-08-23,2023,SEA,CWS,136,145,6,3,9,0,9,0,693433.0,Bryan Woo,605182.0,Mike Clevinger,623437.0,605182.0,4,Guaranteed Rate Field,night,R
716894,2023-08-23,2023,MIN,MIL,142,158,3,7,10,1,9,0,641927.0,Bailey Ober,489119.0,Wade Miley,669060.0,571670.0,32,American Family Field,night,R
716892,2023-08-23,2023,CIN,LAA,113,108,4,3,7,0,9,0,668933.0,Graham Ashcraft,608337.0,Lucas Giolito,668933.0,608337.0,1,Angel Stadium,night,R
716888,2023-08-23,2023,KC,OAK,118,133,4,5,9,1,9,0,672582.0,Angel Zerpa,666204.0,Dany Jiménez,663687.0,672582.0,10,Oakland Coliseum,night,R
716889,2023-08-23,2023,TEX,ARI,140,109,3,6,9,1,9,0,592351.0,Jon Gray,668678.0,Zac Gallen,668678.0,592351.0,15,Chase Field,night,R
716887,2023-08-23,2023,MIA,SD,146,135,3,0,3,0,9,0,666200.0,Jesús Luzardo,605483.0,Blake Snell,666200.0,605483.0,2680,Petco Park,night,R
716886,2023-08-23,2023,STL,PIT,138,134,6,4,10,0,9,0,668868.0,Zack Thompson,682847.0,Luis Ortiz,668868.0,682847.0,31,PNC Park,day,R
716885,2023-08-23,2023,CHC,DET,112,116,6,4,10,0,9,0,592791.0,Jameson Taillon,669373.0,Tarik Skubal,657240.0,689225.0,2394,Comerica Park,day,R
716881,2023-08-23,2023,SEA,CWS,136,145,4,5,9,1,10,1,669923.0,George Kirby,656629.0,Michael Kopech,671111.0,623437.0,4,Guaranteed Rate Field,day,R
716882,2023-08-23,2023,MIN,MIL,142,158,7,8,15,1,10,1,628317.0,Kenta Maeda,669203.0,Corbin Burnes,665625.0,661395.0,32,American Family Field,day,R
716884,2023-08-23,2023,KC,OAK,118,133,4,0,4,0,9,0,666142.0,Cole Ragans,661309.0,Adrián Martinez,666142.0,661309.0,10,Oakland Coliseum,day,R
716879,2023-08-23,2023,SF,PHI,137,143,8,6,14,0,10,1,502171.0,Alex Cobb,547179.0,Michael Lorenzen,596001.0,518886.0,2681,Citizens Bank Park,day,R
716890,2023-08-23,2023,CIN,LAA,113,108,9,4,13,0,9,0,671096.0,Andrew Abbott,660271.0,Shohei Ohtani,571656.0,542881.0,1,Angel Stadium,day,R
716903,2023-08-24,2023,CIN,LAA,113,108,7,3,10,0,9,0,680689.0,Lyon Richardson,672282.0,Reid Detmers,608371.0,672282.0,1,Angel Stadium,night,R
716883,2023-08-23,2023,MIA,SD,146,135,0,4,4,1,9,0,645261.0,Sandy Alcantara,607625.0,Seth Lugo,607625.0,645261.0,2680,Petco Park,day,R
716880,2023-08-23,2023,COL,TB,115,139,5,6,11,1,10,1,596295.0,Austin Gomber,650644.0,Aaron Civale,664126.0,608718.0,12,Tropicana Field,night,R
716874,2023-08-23,2023,TOR,BAL,141,110,0,7,7,1,9,0,592332.0,Kevin Gausman,665152.0,Dean Kremer,665152.0,592332.0,2,Oriole Park at Camden Yards,night,R
716877,2023-08-23,2023,WSH,NYY,120,147,1,9,10,1,9,0,669022.0,MacKenzie Gore,622663.0,Luis Severino,622663.0,669022.0,3313,Yankee Stadium,night,R
716875,2023-08-23,2023,LAD,CLE,119,114,6,1,7,0,9,0,477132.0,Clayton Kershaw,675540.0,Xzavion Curry,681402.0,675540.0,5,Progressive Field,night,R
716876,2023-08-23,2023,NYM,ATL,121,144,0,7,7,1,9,0,500779.0,Jose Quintana,450203.0,Charlie Morton,450203.0,500779.0,4705,Truist Park,night,R
716878,2023-08-24,2023,BOS,HOU,111,117,7,5,12,0,10,1,519242.0,Chris Sale,664353.0,José Urquidy,601713.0,608665.0,2392,Minute Maid Park,night,R
716875,2023-08-24,2023,LAD,CLE,119,114,6,1,7,0,9,0,477132.0,Clayton Kershaw,675540.0,Xzavion Curry,681402.0,675540.0,5,Progressive Field,day,R
716872,2023-08-24,2023,WSH,NYY,120,147,6,5,11,0,9,0,571578.0,Patrick Corbin,650633.0,Michael King,571578.0,592454.0,3313,Yankee Stadium,day,R
716869,2023-08-24,2023,COL,TB,115,139,3,5,8,1,9,0,663567.0,Peter Lambert,542888.0,Shawn Armstrong,592094.0,571863.0,12,Tropicana Field,day,R
716873,2023-08-24,2023,BOS,HOU,111,117,17,1,18,0,9,0,678394.0,Brayan Bello,641585.0,J.P. France,678394.0,641585.0,2392,Minute Maid Park,day,R
716871,2023-08-24,2023,LAD,CLE,119,114,9,3,12,0,9,0,657571.0,Caleb Ferguson,668909.0,Gavin Williams,642232.0,668909.0,5,Progressive Field,day,R
716870,2023-08-24,2023,CHC,PIT,112,134,5,4,9,0,10,1,657006.0,Justin Steele,642239.0,Rob Zastryzny,694037.0,641672.0,31,PNC Park,night,R
716865,2023-08-24,2023,TOR,BAL,141,110,3,5,8,1,9,0,621244.0,José Berríos,502043.0,Kyle Gibson,502043.0,621244.0,2,Oriole Park at Camden Yards,night,R
716867,2023-08-24,2023,TEX,MIN,140,142,5,7,12,1,9,0,571760.0,Andrew Heaney,641154.0,Pablo López,680739.0,622250.0,3312,Target Field,night,R
716864,2023-08-25,2023,OAK,CWS,133,145,8,5,13,0,9,0,686610.0,Ken Waldichuk,669947.0,Jesse Scholtens,668674.0,669424.0,4,Guaranteed Rate Field,night,R
716868,2023-08-25,2023,CIN,ARI,113,109,2,3,5,1,9,0,682227.0,Brandon Williamson,518876.0,Merrill Kelly,612434.0,622065.0,15,Chase Field,night,R
716858,2023-08-25,2023,HOU,DET,117,116,1,4,5,1,9,0,664285.0,Framber Valdez,666159.0,Matt Manning,656638.0,519151.0,2394,Comerica Park,night,R
716863,2023-08-25,2023,WSH,MIA,120,146,7,4,11,0,9,0,672851.0,Joan Adon,666129.0,Braxton Garrett,672851.0,666129.0,4169,loanDepot park,night,R
716854,2023-08-25,2023,NYY,TB,147,139,6,2,8,0,9,0,543037.0,Gerrit Cole,621107.0,Zach Eflin,543037.0,621107.0,12,Tropicana Field,night,R
716859,2023-08-25,2023,COL,BAL,115,110,4,5,9,1,9,0,607536.0,Kyle Freeland,608344.0,Cole Irvin,660261.0,608718.0,2,Oriole Park at Camden Yards,night,R
716862,2023-08-25,2023,CHC,PIT,112,134,1,2,3,1,9,0,543294.0,Kyle Hendricks,656605.0,Mitch Keller,656605.0,543294.0,31,PNC Park,night,R
716861,2023-08-25,2023,STL,PHI,138,143,2,7,9,1,9,0,571945.0,Miles Mikolas,650911.0,Cristopher Sánchez,650911.0,571945.0,2681,Citizens Bank Park,night,R
716860,2023-08-25,2023,CLE,TOR,114,141,5,2,7,0,9,0,676440.0,Tanner Bibee,605135.0,Chris Bassitt,676440.0,605135.0,14,Rogers Centre,night,R
716866,2023-08-25,2023,LAD,BOS,119,111,7,4,11,0,9,0,458681.0,Lance Lynn,676710.0,Kutter Crawford,458681.0,601713.0,3,Fenway Park,night,R
716855,2023-08-25,2023,LAA,NYM,108,121,3,1,4,0,9,0,663776.0,Patrick Sandoval,673540.0,Kodai Senga,663776.0,673540.0,3289,Citi Field,night,R
716856,2023-08-25,2023,OAK,CWS,133,145,12,4,16,0,9,0,594943.0,Zach Neal,656302.0,Dylan Cease,594943.0,656302.0,4,Guaranteed Rate Field,night,R
716850,2023-08-26,2023,TEX,MIN,140,142,2,12,14,1,9,0,641540.0,Dane Dunning,543243.0,Sonny Gray,543243.0,641540.0,3312,Target Field,night,R
716857,2023-08-26,2023,SD,MIL,135,158,3,7,10,1,9,0,506433.0,Yu Darvish,605540.0,Brandon Woodruff,605540.0,506433.0,32,American Family Field,night,R
716851,2023-08-26,2023,CIN,ARI,113,109,8,10,18,1,9,0,668881.0,Hunter Greene,694297.0,Brandon Pfaadt,694297.0,668881.0,15,Chase Field,night,R
716853,2023-08-26,2023,KC,SEA,118,136,5,7,12,1,9,0,663903.0,Brady Singer,682243.0,Bryce Miller,663462.0,663903.0,680,T-Mobile Park,night,R
716852,2023-08-26,2023,ATL,SF,144,137,5,1,6,0,9,0,675911.0,Spencer Strider,657277.0,Logan Webb,675911.0,657277.0,2395,Oracle Park,night,R
716846,2023-08-26,2023,CLE,TOR,114,141,3,8,11,1,9,0,671106.0,Logan Allen,547943.0,Hyun Jin Ryu,547943.0,671106.0,14,Rogers Centre,day,R
716848,2023-08-26,2023,ATL,SF,144,137,7,3,10,0,9,0,608331.0,Max Fried,676254.0,Ryan Walker,608331.0,640455.0,2395,Oracle Park,day,R
716849,2023-08-26,2023,LAD,BOS,119,111,5,8,13,1,9,0,628711.0,Julio Urías,572020.0,James Paxton,657514.0,628711.0,3,Fenway Park,day,R
716832,2023-08-26,2023,KC,SEA,118,136,2,15,17,1,9,0,543475.0,Jordan Lyles,669302.0,Logan Gilbert,669302.0,543475.0,680,T-Mobile Park,day,R
716844,2023-08-26,2023,WSH,MIA,120,146,3,2,5,0,9,0,663623.0,Jake Irvin,691587.0,Eury Pérez,607179.0,502085.0,4169,loanDepot park,day,R
716845,2023-08-26,2023,NYY,TB,147,139,0,3,3,1,9,0,657376.0,Clarke Schmidt,607192.0,Tyler Glasnow,607192.0,657376.0,12,Tropicana Field,day,R
716843,2023-08-26,2023,HOU,DET,117,116,9,2,11,0,9,0,686613.0,Hunter Brown,593958.0,Eduardo Rodriguez,686613.0,593958.0,2394,Comerica Park,night,R
716837,2023-08-26,2023,COL,BAL,115,110,4,5,9,1,9,0,623167.0,Chris Flexen,680694.0,Kyle Bradish,680694.0,623167.0,2,Oriole Park at Camden Yards,night,R
716840,2023-08-26,2023,LAA,NYM,108,121,5,3,8,0,9,0,681217.0,Chase Silseth,471911.0,Carlos Carrasco,571901.0,471911.0,3289,Citi Field,night,R
716841,2023-08-26,2023,OAK,CWS,133,145,2,6,8,1,9,0,676664.0,JP Sears,657053.0,Touki Toussaint,657053.0,676664.0,4,Guaranteed Rate Field,night,R
716838,2023-08-26,2023,SD,MIL,135,158,4,5,9,1,9,0,658648.0,Pedro Avila,642547.0,Freddy Peralta,642547.0,658648.0,32,American Family Field,night,R
716842,2023-08-26,2023,CHC,PIT,112,134,10,6,16,0,9,0,696136.0,Jordan Wicks,681882.0,Colin Selby,696136.0,674370.0,31,PNC Park,night,R
716839,2023-08-26,2023,TEX,MIN,140,142,6,2,8,0,9,0,453286.0,Max Scherzer,657746.0,Joe Ryan,656271.0,643377.0,3312,Target Field,night,R
716847,2023-08-26,2023,STL,PHI,138,143,1,12,13,1,9,0,641712.0,Dakota Hudson,554430.0,Zack Wheeler,554430.0,641712.0,2681,Citizens Bank Park,night,R
716833,2023-08-27,2023,CIN,ARI,113,109,8,7,15,0,11,1,518585.0,Fernando Cruz,605200.0,Zach Davies,664747.0,622503.0,15,Chase Field,night,R
716829,2023-08-27,2023,LAA,NYM,108,121,2,3,5,1,9,0,656288.0,Griffin Canning,656849.0,David Peterson,493603.0,625643.0,3289,Citi Field,day,R
716836,2023-08-27,2023,COL,BAL,115,110,4,3,7,0,9,0,621389.0,Ty Blach,656427.0,Jack Flaherty,664875.0,666974.0,2,Oriole Park at Camden Yards,day,R
716831,2023-08-27,2023,LAD,BOS,119,111,7,4,11,0,9,0,657571.0,Caleb Ferguson,656557.0,Tanner Houck,694813.0,656557.0,3,Fenway Park,day,R
716834,2023-08-27,2023,CHC,PIT,112,134,10,1,11,0,9,0,665871.0,Javier Assad,663559.0,Bailey Falter,665871.0,663559.0,31,PNC Park,day,R
716835,2023-08-27,2023,STL,PHI,138,143,0,3,3,1,9,0,680723.0,Drew Rom,605400.0,Aaron Nola,605400.0,680723.0,2681,Citizens Bank Park,day,R
716825,2023-08-27,2023,CLE,TOR,114,141,10,7,17,0,11,1,592789.0,Noah Syndergaard,579328.0,Yusei Kikuchi,661403.0,543351.0,14,Rogers Centre,day,R
716830,2023-08-27,2023,HOU,DET,117,116,17,4,21,0,9,0,434378.0,Justin Verlander,656412.0,Alex Faedo,434378.0,656412.0,2394,Comerica Park,day,R
716827,2023-08-27,2023,WSH,MIA,120,146,1,2,3,1,9,0,592866.0,Trevor Williams,608638.0,JT Chargois,663773.0,592866.0,4169,loanDepot park,day,R
716828,2023-08-27,2023,NYY,TB,147,139,4,7,11,1,9,0,607074.0,Carlos Rodón,641793.0,Zack Littell,641793.0,641656.0,12,Tropicana Field,day,R
716824,2023-08-27,2023,TEX,MIN,140,142,6,7,13,1,13,1,656756.0,Jordan Montgomery,641927.0,Bailey Ober,571670.0,642546.0,3312,Target Field,day,R
716826,2023-08-27,2023,OAK,CWS,133,145,1,6,7,1,9,0,621112.0,Paul Blackburn,605182.0,Mike Clevinger,605182.0,621112.0,4,Guaranteed Rate Field,day,R
716822,2023-08-27,2023,SD,MIL,135,158,6,10,16,1,9,0,608379.0,Michael Wacha,605288.0,Adrian Houser,669060.0,621051.0,32,American Family Field,day,R
716821,2023-08-27,2023,CIN,ARI,113,109,2,5,7,1,9,0,668933.0,Graham Ashcraft,677944.0,Slade Cecconi,543518.0,664139.0,15,Chase Field,day,R
716820,2023-08-27,2023,KC,SEA,118,136,2,3,5,1,9,0,679525.0,Alec Marsh,622491.0,Luis Castillo,622491.0,679525.0,680,T-Mobile Park,day,R
716819,2023-08-27,2023,ATL,SF,144,137,5,8,13,1,9,0,694363.0,Jared Shuster,663941.0,Tristan Beck,518397.0,694363.0,2395,Oracle Park,day,R
716817,2023-08-28,2023,LAA,PHI,108,143,4,6,10,1,9,0,608337.0,Lucas Giolito,592836.0,Taijuan Walker,592836.0,608337.0,2681,Citizens Bank Park,night,R
716808,2023-08-28,2023,NYY,DET,147,116,4,1,5,0,9,0,622663.0,Luis Severino,681857.0,Reese Olson,622663.0,681857.0,2394,Comerica Park,night,R
716815,2023-08-28,2023,CWS,BAL,145,110,0,9,9,1,9,0,656629.0,Michael Kopech,680570.0,Grayson Rodriguez,680570.0,656629.0,2,Oriole Park at Camden Yards,night,R
716816,2023-08-28,2023,WSH,TOR,120,141,3,6,9,1,9,0,680686.0,Josiah Gray,592332.0,Kevin Gausman,592332.0,680686.0,14,Rogers Centre,night,R
716814,2023-08-28,2023,HOU,BOS,117,111,13,5,18,0,9,0,664299.0,Cristian Javier,519242.0,Chris Sale,608665.0,607457.0,3,Fenway Park,night,R
716818,2023-08-28,2023,TEX,NYM,140,121,4,3,7,0,9,0,592351.0,Jon Gray,656731.0,Tylor Megill,527048.0,641627.0,3289,Citi Field,night,R
716813,2023-08-28,2023,CLE,MIN,114,142,6,10,16,1,9,0,675540.0,Xzavion Curry,628317.0,Kenta Maeda,681892.0,675540.0,3312,Target Field,night,R
716809,2023-08-28,2023,SD,STL,135,138,4,1,5,0,9,0,605483.0,Blake Snell,425794.0,Adam Wainwright,605483.0,425794.0,2889,Busch Stadium,night,R
716810,2023-08-29,2023,MIL,CHC,158,112,6,2,8,0,9,0,489119.0,Wade Miley,592791.0,Jameson Taillon,489119.0,592791.0,17,Wrigley Field,night,R
716811,2023-08-29,2023,PIT,KC,134,118,5,0,5,0,9,0,670912.0,Johan Oviedo,425844.0,Zack Greinke,670912.0,425844.0,7,Kauffman Stadium,night,R
716812,2023-08-29,2023,ATL,COL,144,115,14,4,18,0,9,0,693821.0,Bryce Elder,596295.0,Austin Gomber,693821.0,666154.0,19,Coors Field,night,R
716804,2023-08-29,2023,OAK,SEA,133,136,0,7,7,1,9,0,666205.0,Kyle Muller,693433.0,Bryan Woo,693433.0,666205.0,680,T-Mobile Park,night,R
716823,2023-08-29,2023,CIN,SF,113,137,1,4,5,1,9,0,671096.0,Andrew Abbott,690986.0,Kyle Harrison,690986.0,671096.0,2395,Oracle Park,night,R
716805,2023-08-29,2023,ARI,LAD,109,119,4,7,11,1,9,0,668678.0,Zac Gallen,676272.0,Bobby Miller,676272.0,668678.0,22,Dodger Stadium,night,R
716806,2023-08-29,2023,LAA,PHI,108,143,7,12,19,1,9,0,542881.0,Tyler Anderson,547179.0,Michael Lorenzen,547179.0,542881.0,2681,Citizens Bank Park,night,R
716807,2023-08-29,2023,TB,MIA,139,146,11,2,13,0,9,0,650644.0,Aaron Civale,645261.0,Sandy Alcantara,650644.0,645261.0,4169,loanDepot park,night,R
716795,2023-08-29,2023,NYY,DET,147,116,4,2,6,0,9,0,650633.0,Michael King,669373.0,Tarik Skubal,666745.0,669373.0,2394,Comerica Park,night,R
716800,2023-08-29,2023,CWS,BAL,145,110,3,9,12,1,9,0,669947.0,Jesse Scholtens,665152.0,Dean Kremer,543056.0,607481.0,2,Oriole Park at Camden Yards,night,R
716801,2023-08-29,2023,WSH,TOR,120,141,5,4,9,0,9,0,669022.0,MacKenzie Gore,621244.0,José Berríos,669022.0,621244.0,14,Rogers Centre,night,R
716802,2023-08-29,2023,HOU,BOS,117,111,6,2,8,0,9,0,641585.0,J.P. France,678394.0,Brayan Bello,641585.0,678394.0,3,Fenway Park,night,R
716799,2023-08-29,2023,TEX,NYM,140,121,2,1,3,0,9,0,571760.0,Andrew Heaney,500779.0,Jose Quintana,608717.0,622098.0,3289,Citi Field,night,R
716796,2023-08-29,2023,CLE,MIN,114,142,4,2,6,0,9,0,668909.0,Gavin Williams,641154.0,Pablo López,683769.0,641154.0,3312,Target Field,night,R
716797,2023-08-29,2023,SD,STL,135,138,5,6,11,1,10,1,607625.0,Seth Lugo,668868.0,Zack Thompson,668941.0,623352.0,2889,Busch Stadium,night,R
716798,2023-08-30,2023,MIL,CHC,158,112,0,1,1,1,9,0,669203.0,Corbin Burnes,657006.0,Justin Steele,657006.0,669203.0,17,Wrigley Field,night,R
716793,2023-08-30,2023,PIT,KC,134,118,6,3,9,0,9,0,681882.0,Colin Selby,666142.0,Cole Ragans,682847.0,672578.0,7,Kauffman Stadium,night,R
716791,2023-08-30,2023,ATL,COL,144,115,3,1,4,0,9,0,450203.0,Charlie Morton,663567.0,Peter Lambert,450203.0,663567.0,19,Coors Field,night,R
716790,2023-08-30,2023,OAK,SEA,133,136,3,1,4,0,9,0,686610.0,Ken Waldichuk,596133.0,Luke Weaver,656794.0,596133.0,680,T-Mobile Park,night,R
716803,2023-08-30,2023,CIN,SF,113,137,1,6,7,1,9,0,682227.0,Brandon Williamson,502171.0,Alex Cobb,502171.0,682227.0,2395,Oracle Park,night,R
716792,2023-08-30,2023,ARI,LAD,109,119,1,9,10,1,9,0,518876.0,Merrill Kelly,477132.0,Clayton Kershaw,477132.0,518876.0,22,Dodger Stadium,night,R
716787,2023-08-30,2023,LAA,PHI,108,143,10,8,18,0,9,0,672282.0,Reid Detmers,650911.0,Cristopher Sánchez,519043.0,518886.0,2681,Citizens Bank Park,day,R
716786,2023-08-30,2023,CWS,BAL,145,110,10,5,15,0,9,0,656302.0,Dylan Cease,502043.0,Kyle Gibson,656302.0,502043.0,2,Oriole Park at Camden Yards,day,R
716784,2023-08-30,2023,CLE,MIN,114,142,5,2,7,0,10,1,676440.0,Tanner Bibee,543243.0,Sonny Gray,663986.0,641941.0,3312,Target Field,day,R
716782,2023-08-30,2023,SD,STL,135,138,4,5,9,1,9,0,448179.0,Rich Hill,571945.0,Miles Mikolas,669467.0,623352.0,2889,Busch Stadium,day,R
716779,2023-08-30,2023,MIL,CHC,158,112,2,3,5,1,9,0,605540.0,Brandon Woodruff,543294.0,Kyle Hendricks,640470.0,606303.0,17,Wrigley Field,day,R
716785,2023-08-30,2023,WSH,TOR,120,141,0,7,7,1,9,0,571578.0,Patrick Corbin,605135.0,Chris Bassitt,605135.0,571578.0,14,Rogers Centre,day,R
716789,2023-08-30,2023,CIN,SF,113,137,4,1,5,0,9,0,668881.0,Hunter Greene,657277.0,Logan Webb,668881.0,657277.0,2395,Oracle Park,day,R
716794,2023-08-30,2023,HOU,BOS,117,111,7,4,11,0,9,0,664285.0,Framber Valdez,676710.0,Kutter Crawford,664285.0,676710.0,3,Fenway Park,day,R
716788,2023-08-30,2023,OAK,SEA,133,136,4,5,9,1,9,0,594943.0,Zach Neal,682243.0,Bryce Miller,623437.0,669912.0,680,T-Mobile Park,day,R
716783,2023-08-30,2023,TEX,NYM,140,121,5,6,11,1,10,1,641540.0,Dane Dunning,660593.0,Denyi Reyes,656257.0,547973.0,3289,Citi Field,night,R
716778,2023-08-30,2023,TB,MIA,139,146,3,0,3,0,10,1,621107.0,Zach Eflin,666200.0,Jesús Luzardo,542888.0,502085.0,4169,loanDepot park,night,R
716781,2023-08-30,2023,NYY,DET,147,116,6,2,8,0,9,0,543037.0,Gerrit Cole,686839.0,Brendan White,543037.0,686839.0,2394,Comerica Park,night,R
716780,2023-08-31,2023,PIT,KC,134,118,4,1,5,0,9,0,656578.0,Andre Jackson,672582.0,Angel Zerpa,656578.0,672582.0,7,Kauffman Stadium,night,R
716773,2023-08-31,2023,ATL,COL,144,115,7,3,10,0,9,0,670241.0,Darius Vines,607536.0,Kyle Freeland,670241.0,607536.0,19,Coors Field,night,R
716774,2023-08-31,2023,ARI,LAD,109,119,0,7,7,1,9,0,694297.0,Brandon Pfaadt,686752.0,Ryan Pepiot,686752.0,694297.0,22,Dodger Stadium,night,R
716775,2023-08-31,2023,NYY,DET,147,116,3,4,7,1,10,1,657376.0,Clarke Schmidt,666159.0,Matt Manning,689225.0,642528.0,2394,Comerica Park,day,R
716776,2023-08-31,2023,MIA,WSH,146,120,6,1,7,0,9,0,666129.0,Braxton Garrett,672851.0,Joan Adon,666129.0,672851.0,3309,Nationals Park,night,R
716777,2023-09-01,2023,SF,SD,137,135,7,2,9,0,9,0,596001.0,Jakob Junis,658648.0,Pedro Avila,640455.0,658648.0,2680,Petco Park,night,R
716768,2023-09-01,2023,ATL,LAD,144,119,8,7,15,0,9,0,675911.0,Spencer Strider,458681.0,Lance Lynn,675911.0,458681.0,22,Dodger Stadium,night,R
718700,2023-09-01,2023,CHC,CIN,112,113,6,2,8,0,9,0,696136.0,Jordan Wicks,668933.0,Graham Ashcraft,696136.0,668933.0,2602,Great American Ball Park,day,R
716770,2023-09-01,2023,CHC,CIN,112,113,2,3,5,1,9,0,621016.0,Jose Cuas,680689.0,Lyon Richardson,664747.0,640470.0,2602,Great American Ball Park,night,R
716771,2023-09-01,2023,MIA,WSH,146,120,8,5,13,0,11,1,691587.0,Eury Pérez,663623.0,Jake Irvin,656945.0,676395.0,3309,Nationals Park,night,R
716769,2023-09-01,2023,SEA,NYM,136,121,1,2,3,1,9,0,669302.0,Logan Gilbert,673540.0,Kodai Senga,641360.0,662253.0,3289,Citi Field,night,R
716767,2023-09-01,2023,TB,CLE,139,114,2,3,5,1,9,0,607192.0,Tyler Glasnow,615698.0,Cal Quantrill,669212.0,607192.0,5,Progressive Field,night,R
716772,2023-09-02,2023,MIN,TEX,142,140,5,1,6,0,9,0,657746.0,Joe Ryan,453286.0,Max Scherzer,657746.0,656271.0,5325,Globe Life Field,night,R
716764,2023-09-02,2023,BOS,KC,111,118,2,13,15,1,9,0,572020.0,James Paxton,543475.0,Jordan Lyles,543475.0,572020.0,7,Kauffman Stadium,night,R
716762,2023-09-02,2023,DET,CWS,116,145,4,2,6,0,9,0,593958.0,Eduardo Rodriguez,657053.0,Touki Toussaint,593958.0,657053.0,4,Guaranteed Rate Field,night,R
716763,2023-09-02,2023,NYY,HOU,147,117,6,2,8,0,9,0,607074.0,Carlos Rodón,434378.0,Justin Verlander,607074.0,434378.0,2392,Minute Maid Park,night,R
716765,2023-09-02,2023,PHI,MIL,143,158,5,7,12,1,9,0,554430.0,Zack Wheeler,642547.0,Freddy Peralta,642207.0,621237.0,32,American Family Field,night,R
716766,2023-09-02,2023,PIT,STL,134,138,4,2,6,0,10,1,656605.0,Mitch Keller,641712.0,Dakota Hudson,681882.0,668941.0,2889,Busch Stadium,night,R
716759,2023-09-02,2023,TOR,COL,141,115,13,9,22,0,9,0,547943.0,Hyun Jin Ryu,623167.0,Chris Flexen,663855.0,656234.0,19,Coors Field,night,R
716756,2023-09-02,2023,BAL,ARI,110,109,2,4,6,1,9,0,608344.0,Cole Irvin,605200.0,Zach Davies,605200.0,608344.0,15,Chase Field,night,R
716758,2023-09-02,2023,LAA,OAK,108,133,2,9,11,1,9,0,663776.0,Patrick Sandoval,676664.0,JP Sears,676664.0,663776.0,10,Oakland Coliseum,night,R
716761,2023-09-02,2023,SF,SD,137,135,3,7,10,1,9,0,663941.0,Tristan Beck,608379.0,Michael Wacha,608379.0,663941.0,2680,Petco Park,night,R
716757,2023-09-02,2023,ATL,LAD,144,119,6,3,9,0,9,0,608331.0,Max Fried,628711.0,Julio Urías,608331.0,628711.0,22,Dodger Stadium,night,R
716760,2023-09-02,2023,MIA,WSH,146,120,11,5,16,0,9,0,456501.0,Johnny Cueto,592866.0,Trevor Williams,456501.0,592866.0,3309,Nationals Park,day,R
716755,2023-09-02,2023,LAA,OAK,108,133,1,2,3,1,9,0,656288.0,Griffin Canning,621112.0,Paul Blackburn,621112.0,656288.0,10,Oakland Coliseum,day,R
716754,2023-09-02,2023,TB,CLE,139,114,6,7,13,1,11,1,641793.0,Zack Littell,671106.0,Logan Allen,656529.0,606965.0,5,Progressive Field,night,R
716753,2023-09-02,2023,CHC,CIN,112,113,1,2,3,1,9,0,665871.0,Javier Assad,671096.0,Andrew Abbott,594580.0,643410.0,2602,Great American Ball Park,night,R
716750,2023-09-02,2023,BOS,KC,111,118,9,5,14,0,9,0,656557.0,Tanner Houck,679525.0,Alec Marsh,656557.0,679525.0,7,Kauffman Stadium,night,R
716751,2023-09-02,2023,SEA,NYM,136,121,8,7,15,0,9,0,622491.0,Luis Castillo,656849.0,David Peterson,623437.0,493603.0,3289,Citi Field,night,R
716749,2023-09-02,2023,DET,CWS,116,145,10,0,10,0,9,0,681857.0,Reese Olson,605182.0,Mike Clevinger,681857.0,605182.0,4,Guaranteed Rate Field,night,R
716746,2023-09-02,2023,NYY,HOU,147,117,5,4,9,0,9,0,622663.0,Luis Severino,686613.0,Hunter Brown,666745.0,686613.0,2392,Minute Maid Park,night,R
716744,2023-09-02,2023,PIT,STL,134,138,7,6,13,0,9,0,641672.0,Thomas Hatch,680723.0,Drew Rom,675989.0,572403.0,2889,Busch Stadium,night,R
716752,2023-09-02,2023,MIN,TEX,142,140,9,7,16,0,10,1,572971.0,Dallas Keuchel,656756.0,Jordan Montgomery,687396.0,547973.0,5325,Globe Life Field,night,R
716745,2023-09-02,2023,PHI,MIL,143,158,5,7,12,1,9,0,605400.0,Aaron Nola,607067.0,Colin Rea,605177.0,605400.0,32,American Family Field,night,R
716747,2023-09-03,2023,BAL,ARI,110,109,7,3,10,0,9,0,680694.0,Kyle Bradish,677944.0,Slade Cecconi,680694.0,677944.0,15,Chase Field,night,R
716748,2023-09-03,2023,TOR,COL,141,115,7,8,15,1,9,0,579328.0,Yusei Kikuchi,621389.0,Ty Blach,621389.0,579328.0,19,Coors Field,night,R
716743,2023-09-03,2023,SF,SD,137,135,1,6,7,1,9,0,690986.0,Kyle Harrison,605483.0,Blake Snell,605483.0,690986.0,2680,Petco Park,night,R
716741,2023-09-03,2023,ATL,LAD,144,119,4,2,6,0,10,1,693821.0,Bryce Elder,686218.0,Emmet Sheehan,543859.0,681911.0,22,Dodger Stadium,night,R
716738,2023-09-03,2023,CHC,CIN,112,113,15,7,22,0,9,0,592791.0,Jameson Taillon,686730.0,Carson Spiers,694037.0,571882.0,2602,Great American Ball Park,day,R
716736,2023-09-03,2023,PHI,MIL,143,158,4,2,6,0,9,0,624133.0,Ranger Suárez,489119.0,Wade Miley,622554.0,489119.0,32,American Family Field,day,R
716740,2023-09-03,2023,MIA,WSH,146,120,6,4,10,0,9,0,645261.0,Sandy Alcantara,680686.0,Josiah Gray,645261.0,640448.0,3309,Nationals Park,day,R
716742,2023-09-03,2023,SEA,NYM,136,121,3,6,9,1,9,0,669923.0,George Kirby,656731.0,Tylor Megill,656731.0,669923.0,3289,Citi Field,day,R
716739,2023-09-03,2023,BOS,KC,111,118,7,3,10,0,9,0,519242.0,Chris Sale,664199.0,Taylor Clarke,519242.0,425844.0,7,Kauffman Stadium,day,R
716734,2023-09-03,2023,DET,CWS,116,145,3,2,5,0,9,0,669373.0,Tarik Skubal,656629.0,Michael Kopech,669373.0,607481.0,4,Guaranteed Rate Field,day,R
716733,2023-09-03,2023,PIT,STL,134,138,4,6,10,1,9,0,670912.0,Johan Oviedo,668868.0,Zack Thompson,668868.0,670912.0,2889,Busch Stadium,day,R
716737,2023-09-03,2023,MIN,TEX,142,140,5,6,11,1,9,0,628317.0,Kenta Maeda,592351.0,Jon Gray,674003.0,680739.0,5325,Globe Life Field,day,R
716730,2023-09-03,2023,TOR,COL,141,115,7,5,12,0,9,0,592332.0,Kevin Gausman,502624.0,Chase Anderson,643338.0,664875.0,19,Coors Field,day,R
716731,2023-09-03,2023,LAA,OAK,108,133,6,10,16,1,9,0,542881.0,Tyler Anderson,666205.0,Kyle Muller,660906.0,667755.0,10,Oakland Coliseum,day,R
716732,2023-09-03,2023,BAL,ARI,110,109,8,5,13,0,9,0,656427.0,Jack Flaherty,668678.0,Zac Gallen,543056.0,668678.0,15,Chase Field,day,R
716728,2023-09-03,2023,SF,SD,137,135,0,4,4,1,9,0,502171.0,Alex Cobb,607625.0,Seth Lugo,607625.0,502171.0,2680,Petco Park,day,R
716729,2023-09-03,2023,TB,CLE,139,114,6,2,8,0,9,0,671737.0,Taj Bradley,675540.0,Xzavion Curry,621363.0,663986.0,5,Progressive Field,day,R
716725,2023-09-03,2023,ATL,LAD,144,119,1,3,4,1,9,0,450203.0,Charlie Morton,676272.0,Bobby Miller,676272.0,450203.0,22,Dodger Stadium,day,R
716735,2023-09-03,2023,NYY,HOU,147,117,6,1,7,0,9,0,650633.0,Michael King,664299.0,Cristian Javier,650633.0,664299.0,2392,Minute Maid Park,night,R
716681,2023-09-04,2023,CWS,KC,145,118,1,12,13,1,9,0,669947.0,Jesse Scholtens,666142.0,Cole Ragans,666142.0,669947.0,7,Kauffman Stadium,day,R
716723,2023-09-04,2023,SF,CHC,137,112,0,5,5,1,9,0,657277.0,Logan Webb,657006.0,Justin Steele,657006.0,657277.0,17,Wrigley Field,day,R
716724,2023-09-04,2023,HOU,TEX,117,140,13,6,19,0,9,0,641585.0,J.P. France,571760.0,Andrew Heaney,606160.0,622250.0,5325,Globe Life Field,day,R
716726,2023-09-04,2023,TOR,OAK,141,133,6,5,11,0,10,1,621244.0,José Berríos,665622.0,Luis Medina,605447.0,660906.0,10,Oakland Coliseum,day,R
716721,2023-09-04,2023,COL,ARI,115,109,2,4,6,1,9,0,663567.0,Peter Lambert,518876.0,Merrill Kelly,518876.0,663567.0,15,Chase Field,day,R
716727,2023-09-04,2023,SEA,CIN,136,113,3,6,9,1,9,0,693433.0,Bryan Woo,622088.0,Tejay Antone,608371.0,693433.0,2602,Great American Ball Park,day,R
716722,2023-09-04,2023,BOS,TB,111,139,7,3,10,0,9,0,678394.0,Brayan Bello,650644.0,Aaron Civale,678394.0,606965.0,12,Tropicana Field,day,R
716719,2023-09-04,2023,MIN,CLE,142,114,20,6,26,0,9,0,641154.0,Pablo López,608337.0,Lucas Giolito,641154.0,608337.0,5,Progressive Field,night,R
716718,2023-09-04,2023,MIL,PIT,158,134,2,4,6,1,9,0,669203.0,Corbin Burnes,682847.0,Luis Ortiz,682847.0,669203.0,31,PNC Park,night,R
716720,2023-09-04,2023,PHI,SD,143,135,9,7,16,0,9,0,592836.0,Taijuan Walker,448179.0,Rich Hill,592836.0,448179.0,2680,Petco Park,day,R
716713,2023-09-05,2023,BAL,LAA,110,108,6,3,9,0,9,0,680570.0,Grayson Rodriguez,670046.0,Kenny Rosenberg,680570.0,670046.0,1,Angel Stadium,night,R
716717,2023-09-05,2023,MIN,CLE,142,114,8,3,11,0,9,0,543243.0,Sonny Gray,676440.0,Tanner Bibee,643377.0,663986.0,5,Progressive Field,night,R
716714,2023-09-05,2023,MIL,PIT,158,134,7,3,10,0,9,0,605540.0,Brandon Woodruff,656578.0,Andre Jackson,605540.0,656578.0,31,PNC Park,night,R
716712,2023-09-05,2023,SEA,CIN,136,113,6,7,13,1,9,0,682243.0,Bryce Miller,683175.0,Connor Phillips,664747.0,662253.0,2602,Great American Ball Park,night,R
716716,2023-09-05,2023,BOS,TB,111,139,6,8,14,1,11,1,676710.0,Kutter Crawford,621107.0,Zach Eflin,541640.0,445276.0,12,Tropicana Field,night,R
716710,2023-09-05,2023,LAD,MIA,119,146,3,6,9,1,9,0,477132.0,Clayton Kershaw,666200.0,Jesús Luzardo,677053.0,642232.0,4169,loanDepot park,night,R
716715,2023-09-05,2023,NYM,WSH,121,120,11,5,16,0,9,0,500779.0,Jose Quintana,571578.0,Patrick Corbin,500779.0,571578.0,3309,Nationals Park,night,R
716711,2023-09-05,2023,DET,NYY,116,147,1,5,6,1,9,0,656412.0,Alex Faedo,543037.0,Gerrit Cole,543037.0,666214.0,3313,Yankee Stadium,night,R
716709,2023-09-05,2023,STL,ATL,138,144,10,6,16,0,9,0,571945.0,Miles Mikolas,647336.0,Michael Soroka,571945.0,647336.0,4705,Truist Park,night,R
716708,2023-09-05,2023,SF,CHC,137,112,8,11,19,1,9,0,676254.0,Ryan Walker,543294.0,Kyle Hendricks,592767.0,592426.0,17,Wrigley Field,night,R
716704,2023-09-05,2023,CWS,KC,145,118,6,7,13,1,9,0,656302.0,Dylan Cease,663903.0,Brady Singer,663804.0,666619.0,7,Kauffman Stadium,night,R
716705,2023-09-06,2023,HOU,TEX,117,140,14,1,15,0,9,0,664285.0,Framber Valdez,543135.0,Nathan Eovaldi,664285.0,543135.0,5325,Globe Life Field,night,R
716706,2023-09-06,2023,BAL,LAA,110,108,5,4,9,0,10,1,665152.0,Dean Kremer,672282.0,Reid Detmers,607216.0,667755.0,1,Angel Stadium,night,R
716702,2023-09-06,2023,COL,ARI,115,109,3,2,5,0,9,0,607536.0,Kyle Freeland,694297.0,Brandon Pfaadt,607536.0,694297.0,15,Chase Field,night,R
716707,2023-09-06,2023,TOR,OAK,141,133,7,1,8,0,9,0,605135.0,Chris Bassitt,686610.0,Ken Waldichuk,605135.0,594943.0,10,Oakland Coliseum,night,R
716703,2023-09-06,2023,PHI,SD,143,135,0,8,8,1,9,0,547179.0,Michael Lorenzen,658648.0,Pedro Avila,658648.0,547179.0,2680,Petco Park,night,R
716697,2023-09-06,2023,MIL,PIT,158,134,4,5,9,1,9,0,642547.0,Freddy Peralta,681882.0,Colin Selby,669387.0,665625.0,31,PNC Park,day,R
716700,2023-09-06,2023,MIN,CLE,142,114,1,2,3,1,9,0,657746.0,Joe Ryan,668909.0,Gavin Williams,668909.0,657746.0,5,Progressive Field,day,R
716699,2023-09-06,2023,SF,CHC,137,112,2,8,10,1,9,0,622072.0,Alex Wood,696136.0,Jordan Wicks,696136.0,622072.0,17,Wrigley Field,day,R
716698,2023-09-06,2023,TOR,OAK,141,133,2,5,7,1,9,0,547943.0,Hyun Jin Ryu,676664.0,JP Sears,676664.0,547943.0,10,Oakland Coliseum,day,R
716692,2023-09-06,2023,COL,ARI,115,109,5,12,17,1,9,0,623167.0,Chris Flexen,605200.0,Zach Davies,686826.0,623167.0,15,Chase Field,day,R
716691,2023-09-06,2023,PHI,SD,143,135,5,1,6,0,9,0,554430.0,Zack Wheeler,608379.0,Michael Wacha,554430.0,608379.0,2680,Petco Park,day,R
716693,2023-09-06,2023,SEA,CIN,136,113,8,4,12,0,9,0,669302.0,Logan Gilbert,680689.0,Lyon Richardson,669302.0,680689.0,2602,Great American Ball Park,night,R
716696,2023-09-06,2023,BOS,TB,111,139,1,3,4,1,9,0,601713.0,Nick Pivetta,607192.0,Tyler Glasnow,607192.0,601713.0,12,Tropicana Field,night,R
716695,2023-09-06,2023,LAD,MIA,119,146,4,11,15,1,9,0,458681.0,Lance Lynn,608638.0,JT Chargois,665795.0,458681.0,4169,loanDepot park,night,R
716701,2023-09-06,2023,NYM,WSH,121,120,2,3,5,1,9,0,676130.0,José Buttó,672851.0,Joan Adon,640448.0,641360.0,3309,Nationals Park,night,R
716694,2023-09-06,2023,DET,NYY,116,147,3,4,7,1,9,0,666159.0,Matt Manning,657376.0,Clarke Schmidt,657376.0,689225.0,3313,Yankee Stadium,night,R
716689,2023-09-06,2023,STL,ATL,138,144,11,6,17,0,9,0,641712.0,Dakota Hudson,675911.0,Spencer Strider,641712.0,675911.0,4705,Truist Park,night,R
716688,2023-09-06,2023,CWS,KC,145,118,6,4,10,0,9,0,657053.0,Touki Toussaint,543475.0,Jordan Lyles,657053.0,543475.0,7,Kauffman Stadium,night,R
716687,2023-09-07,2023,HOU,TEX,117,140,12,3,15,0,9,0,434378.0,Justin Verlander,453286.0,Max Scherzer,434378.0,453286.0,5325,Globe Life Field,night,R
716690,2023-09-07,2023,BAL,LAA,110,108,10,3,13,0,9,0,502043.0,Kyle Gibson,663776.0,Patrick Sandoval,502043.0,663776.0,1,Angel Stadium,night,R
716683,2023-09-07,2023,SEA,TB,136,139,1,0,1,0,9,0,622491.0,Luis Castillo,641793.0,Zack Littell,622491.0,641793.0,12,Tropicana Field,night,R
716682,2023-09-07,2023,LAD,MIA,119,146,10,0,10,0,9,0,686752.0,Ryan Pepiot,666129.0,Braxton Garrett,686752.0,666129.0,4169,loanDepot park,night,R
716686,2023-09-07,2023,DET,NYY,116,147,10,3,13,0,9,0,593958.0,Eduardo Rodriguez,607074.0,Carlos Rodón,593958.0,607074.0,3313,Yankee Stadium,night,R
716680,2023-09-07,2023,STL,ATL,138,144,5,8,13,1,9,0,425794.0,Adam Wainwright,608331.0,Max Fried,608331.0,425794.0,4705,Truist Park,night,R
716685,2023-09-07,2023,ARI,CHC,109,112,6,2,8,0,9,0,669194.0,Ryne Nelson,665871.0,Javier Assad,669194.0,665871.0,17,Wrigley Field,night,R
716684,2023-09-08,2023,CLE,LAA,114,108,2,3,5,1,9,0,615698.0,Cal Quantrill,646242.0,Jhonathan Díaz,667755.0,661403.0,1,Angel Stadium,night,R
716678,2023-09-08,2023,ARI,CHC,109,112,1,0,1,0,9,0,668678.0,Zac Gallen,592791.0,Jameson Taillon,668678.0,621016.0,17,Wrigley Field,day,R
716677,2023-09-08,2023,STL,CIN,138,113,9,4,13,0,9,0,680723.0,Drew Rom,671096.0,Andrew Abbott,669461.0,671096.0,2602,Great American Ball Park,night,R
716671,2023-09-08,2023,SEA,TB,136,139,4,7,11,1,9,0,669923.0,George Kirby,671737.0,Taj Bradley,606965.0,663462.0,12,Tropicana Field,night,R
716675,2023-09-08,2023,CWS,DET,145,116,6,0,6,0,9,0,605182.0,Mike Clevinger,681857.0,Reese Olson,605182.0,681857.0,2394,Comerica Park,night,R
716676,2023-09-08,2023,LAD,WSH,119,120,8,5,13,0,9,0,686218.0,Emmet Sheehan,669022.0,MacKenzie Gore,681911.0,676395.0,3309,Nationals Park,night,R
716679,2023-09-08,2023,MIA,PHI,146,143,3,2,5,0,9,0,691587.0,Eury Pérez,650911.0,Cristopher Sánchez,502085.0,621381.0,2681,Citizens Bank Park,night,R
716670,2023-09-08,2023,MIL,NYY,158,147,8,2,10,0,9,0,607067.0,Colin Rea,622663.0,Luis Severino,682842.0,666745.0,3313,Yankee Stadium,night,R
716673,2023-09-08,2023,KC,TOR,118,141,4,5,9,1,9,0,676092.0,Collin Snider,579328.0,Yusei Kikuchi,643338.0,672578.0,14,Rogers Centre,night,R
716672,2023-09-08,2023,BAL,BOS,110,111,11,2,13,0,9,0,680694.0,Kyle Bradish,656557.0,Tanner Houck,680694.0,656557.0,3,Fenway Park,night,R
716674,2023-09-08,2023,PIT,ATL,134,144,2,8,10,1,9,0,656605.0,Mitch Keller,693821.0,Bryce Elder,693821.0,656605.0,4705,Truist Park,night,R
716665,2023-09-09,2023,OAK,TEX,133,140,6,3,9,0,9,0,621112.0,Paul Blackburn,656756.0,Jordan Montgomery,682967.0,656756.0,5325,Globe Life Field,night,R
716669,2023-09-09,2023,SD,HOU,135,117,11,2,13,0,9,0,605483.0,Blake Snell,686613.0,Hunter Brown,605483.0,686613.0,2392,Minute Maid Park,night,R
716666,2023-09-09,2023,NYM,MIN,121,142,2,5,7,1,9,0,673540.0,Kodai Senga,572971.0,Dallas Keuchel,573204.0,656887.0,3312,Target Field,night,R
716667,2023-09-09,2023,CLE,LAA,114,108,6,3,9,0,9,0,671106.0,Logan Allen,656288.0,Griffin Canning,671106.0,656288.0,1,Angel Stadium,night,R
716668,2023-09-09,2023,COL,SF,115,137,8,9,17,1,9,0,621389.0,Ty Blach,690986.0,Kyle Harrison,605154.0,656234.0,2395,Oracle Park,night,R
716659,2023-09-09,2023,MIL,NYY,158,147,9,2,11,0,9,0,489119.0,Wade Miley,650633.0,Michael King,606303.0,642528.0,3313,Yankee Stadium,day,R
716654,2023-09-09,2023,NYM,MIN,121,142,4,8,12,1,9,0,656849.0,David Peterson,628317.0,Kenta Maeda,628317.0,656849.0,3312,Target Field,day,R
716660,2023-09-09,2023,ARI,CHC,109,112,3,2,5,0,10,1,518876.0,Merrill Kelly,657006.0,Justin Steele,656464.0,694037.0,17,Wrigley Field,day,R
716661,2023-09-09,2023,KC,TOR,118,141,1,5,6,1,9,0,663704.0,James McArthur,592332.0,Kevin Gausman,592332.0,425844.0,14,Rogers Centre,day,R
716662,2023-09-09,2023,LAD,WSH,119,120,6,7,13,1,11,1,676272.0,Bobby Miller,663623.0,Jake Irvin,600921.0,681402.0,3309,Nationals Park,day,R
716656,2023-09-09,2023,SEA,TB,136,139,5,7,12,1,9,0,663423.0,Trent Thornton,650644.0,Aaron Civale,621363.0,642048.0,12,Tropicana Field,day,R
716664,2023-09-09,2023,BAL,BOS,110,111,13,12,25,0,9,0,656427.0,Jack Flaherty,519242.0,Chris Sale,660261.0,519242.0,3,Fenway Park,day,R
716653,2023-09-09,2023,MIA,PHI,146,143,4,8,12,1,9,0,456501.0,Johnny Cueto,605400.0,Aaron Nola,656546.0,456501.0,2681,Citizens Bank Park,night,R
716658,2023-09-09,2023,CWS,DET,145,116,1,3,4,1,9,0,570632.0,José Ureña,669373.0,Tarik Skubal,669373.0,570632.0,2394,Comerica Park,night,R
716655,2023-09-09,2023,STL,CIN,138,113,4,3,7,0,9,0,668868.0,Zack Thompson,686730.0,Carson Spiers,668868.0,686730.0,2602,Great American Ball Park,night,R
716657,2023-09-09,2023,OAK,TEX,133,140,2,3,5,1,9,0,656794.0,Sean Newcomb,543135.0,Nathan Eovaldi,519293.0,668674.0,5325,Globe Life Field,night,R
716649,2023-09-09,2023,SD,HOU,135,117,5,7,12,1,9,0,607625.0,Seth Lugo,664299.0,Cristian Javier,664208.0,607625.0,2392,Minute Maid Park,night,R
716651,2023-09-09,2023,PIT,ATL,134,144,8,4,12,0,9,0,670912.0,Johan Oviedo,689266.0,Dylan Dodd,621366.0,689266.0,4705,Truist Park,night,R
716663,2023-09-10,2023,COL,SF,115,137,1,9,10,1,9,0,502624.0,Chase Anderson,657277.0,Logan Webb,657277.0,502624.0,2395,Oracle Park,night,R
716650,2023-09-10,2023,CLE,LAA,114,108,2,6,8,1,9,0,608337.0,Lucas Giolito,542881.0,Tyler Anderson,542881.0,608337.0,1,Angel Stadium,night,R
716643,2023-09-10,2023,MIA,PHI,146,143,5,4,9,0,9,0,595345.0,Steven Okert,624133.0,Ranger Suárez,502085.0,622554.0,2681,Citizens Bank Park,day,R
716645,2023-09-10,2023,SEA,TB,136,139,3,6,9,1,9,0,682243.0,Bryce Miller,621107.0,Zach Eflin,621107.0,682243.0,12,Tropicana Field,day,R
716648,2023-09-10,2023,CWS,DET,145,116,2,3,5,1,9,0,669947.0,Jesse Scholtens,687830.0,Sawyer Gipson-Long,687830.0,669947.0,2394,Comerica Park,day,R
716652,2023-09-10,2023,BAL,BOS,110,111,3,7,10,1,9,0,680570.0,Grayson Rodriguez,678394.0,Brayan Bello,678394.0,680570.0,3,Fenway Park,day,R
716647,2023-09-10,2023,LAD,WSH,119,120,7,3,10,0,9,0,642232.0,Ryan Yarbrough,592866.0,Trevor Williams,593833.0,592866.0,3309,Nationals Park,day,R
716644,2023-09-10,2023,PIT,ATL,134,144,2,5,7,1,9,0,682847.0,Luis Ortiz,642216.0,Allan Winans,543272.0,681882.0,4705,Truist Park,day,R
716646,2023-09-10,2023,MIL,NYY,158,147,3,4,7,1,13,1,669203.0,Corbin Burnes,543037.0,Gerrit Cole,664948.0,571948.0,3313,Yankee Stadium,day,R
716641,2023-09-10,2023,KC,TOR,118,141,2,5,7,1,9,0,666142.0,Cole Ragans,621244.0,José Berríos,621244.0,664199.0,14,Rogers Centre,day,R
716642,2023-09-10,2023,STL,CIN,138,113,1,7,8,1,9,0,571945.0,Miles Mikolas,668881.0,Hunter Greene,668881.0,571945.0,2602,Great American Ball Park,day,R
716640,2023-09-10,2023,SD,HOU,135,117,2,12,14,1,9,0,663362.0,Matt Waldron,641585.0,J.P. France,641585.0,663362.0,2392,Minute Maid Park,day,R
716639,2023-09-10,2023,NYM,MIN,121,142,2,0,2,0,9,0,656731.0,Tylor Megill,641154.0,Pablo López,548384.0,643377.0,3312,Target Field,day,R
716638,2023-09-10,2023,ARI,CHC,109,112,2,5,7,1,9,0,694297.0,Brandon Pfaadt,543294.0,Kyle Hendricks,543294.0,573009.0,17,Wrigley Field,day,R
716637,2023-09-10,2023,OAK,TEX,133,140,4,9,13,1,9,0,665622.0,Luis Medina,592351.0,Jon Gray,571760.0,665622.0,5325,Globe Life Field,day,R
716633,2023-09-10,2023,CLE,LAA,114,108,1,2,3,1,9,0,676440.0,Tanner Bibee,670046.0,Kenny Rosenberg,670046.0,676440.0,1,Angel Stadium,day,R
716634,2023-09-11,2023,COL,SF,115,137,3,6,9,1,9,0,663567.0,Peter Lambert,676775.0,Keaton Winn,676775.0,663567.0,2395,Oracle Park,night,R
717664,2023-09-11,2023,ATL,PHI,144,143,10,8,18,0,10,1,450203.0,Charlie Morton,592836.0,Taijuan Walker,628452.0,621237.0,2681,Citizens Bank Park,day,R
716590,2023-09-11,2023,ATL,PHI,144,143,5,7,12,1,9,0,657140.0,Kyle Wright,547179.0,Michael Lorenzen,547179.0,657140.0,2681,Citizens Bank Park,night,R
716635,2023-09-11,2023,WSH,PIT,120,134,6,2,8,0,9,0,571578.0,Patrick Corbin,656578.0,Andre Jackson,571578.0,656578.0,31,PNC Park,night,R
716636,2023-09-11,2023,STL,BAL,138,110,5,11,16,1,9,0,641712.0,Dakota Hudson,665152.0,Dean Kremer,669084.0,641712.0,2,Oriole Park at Camden Yards,night,R
716630,2023-09-11,2023,TEX,TOR,140,141,10,4,14,0,9,0,641540.0,Dane Dunning,605135.0,Chris Bassitt,641540.0,605135.0,14,Rogers Centre,night,R
716627,2023-09-11,2023,ARI,NYM,109,121,4,3,7,0,9,0,605200.0,Zach Davies,500779.0,Jose Quintana,656464.0,622098.0,3289,Citi Field,night,R
716629,2023-09-11,2023,TB,MIN,139,142,7,4,11,0,9,0,607192.0,Tyler Glasnow,543243.0,Sonny Gray,607192.0,543243.0,3312,Target Field,night,R
716626,2023-09-11,2023,MIA,MIL,146,158,0,12,12,1,9,0,666200.0,Jesús Luzardo,605540.0,Brandon Woodruff,605540.0,666200.0,32,American Family Field,night,R
716624,2023-09-12,2023,OAK,HOU,133,117,4,0,4,0,9,0,695243.0,Mason Miller,664285.0,Framber Valdez,686610.0,664285.0,2392,Minute Maid Park,night,R
716625,2023-09-12,2023,CHC,COL,112,115,5,4,9,0,9,0,696136.0,Jordan Wicks,607536.0,Kyle Freeland,592767.0,641755.0,19,Coors Field,night,R
716623,2023-09-12,2023,LAA,SEA,108,136,8,5,13,0,11,1,672282.0,Reid Detmers,669302.0,Logan Gilbert,623474.0,663423.0,680,T-Mobile Park,night,R
716632,2023-09-12,2023,CLE,SF,114,137,4,5,9,1,10,1,668909.0,Gavin Williams,502171.0,Alex Cobb,592426.0,661403.0,2395,Oracle Park,night,R
716622,2023-09-12,2023,SD,LAD,135,119,11,8,19,0,9,0,658648.0,Pedro Avila,694813.0,Gavin Stone,663158.0,623465.0,22,Dodger Stadium,night,R
716628,2023-09-11,2023,NYY,BOS,147,111,0,0,0,0,9,0,657376.0,Clarke Schmidt,676710.0,Kutter Crawford,,,3,Fenway Park,night,R
716631,2023-09-11,2023,KC,CWS,118,145,0,0,0,0,9,0,663903.0,Brady Singer,656302.0,Dylan Cease,,,4,Guaranteed Rate Field,night,R
716628,2023-09-12,2023,NYY,BOS,147,111,3,2,5,0,9,0,681190.0,Randy Vásquez,601713.0,Nick Pivetta,666745.0,601713.0,3,Fenway Park,day,R
716612,2023-09-12,2023,NYY,BOS,147,111,4,1,5,0,9,0,607074.0,Carlos Rodón,676710.0,Kutter Crawford,607074.0,670174.0,3,Fenway Park,night,R
716611,2023-09-12,2023,KC,CWS,118,145,2,6,8,1,9,0,663903.0,Brady Singer,656302.0,Dylan Cease,656302.0,663903.0,4,Guaranteed Rate Field,day,R
716631,2023-09-12,2023,KC,CWS,118,145,11,10,21,0,9,0,543475.0,Jordan Lyles,657053.0,Touki Toussaint,664199.0,665620.0,4,Guaranteed Rate Field,day,R
716620,2023-09-12,2023,WSH,PIT,120,134,1,5,6,1,9,0,672851.0,Joan Adon,663559.0,Bailey Falter,663559.0,672851.0,31,PNC Park,night,R
716621,2023-09-12,2023,STL,BAL,138,110,5,2,7,0,9,0,425794.0,Adam Wainwright,607644.0,John Means,425794.0,607644.0,2,Oriole Park at Camden Yards,night,R
716617,2023-09-12,2023,CIN,DET,113,116,6,5,11,0,10,1,682227.0,Brandon Williamson,666214.0,Joey Wentz,664747.0,656638.0,2394,Comerica Park,night,R
716618,2023-09-12,2023,ATL,PHI,144,143,7,6,13,0,10,1,608331.0,Max Fried,554430.0,Zack Wheeler,628452.0,518886.0,2681,Citizens Bank Park,night,R
716616,2023-09-12,2023,TEX,TOR,140,141,6,3,9,0,9,0,453286.0,Max Scherzer,547943.0,Hyun Jin Ryu,453286.0,547943.0,14,Rogers Centre,night,R
716615,2023-09-12,2023,ARI,NYM,109,121,4,7,11,1,9,0,669194.0,Ryne Nelson,676130.0,José Buttó,676130.0,669194.0,3289,Citi Field,night,R
716613,2023-09-12,2023,TB,MIN,139,142,2,3,5,1,9,0,641793.0,Zack Littell,657746.0,Joe Ryan,686973.0,641793.0,3312,Target Field,night,R
716610,2023-09-12,2023,MIA,MIL,146,158,1,3,4,1,9,0,608638.0,JT Chargois,642547.0,Freddy Peralta,642547.0,665795.0,32,American Family Field,night,R
716614,2023-09-13,2023,OAK,HOU,133,117,6,2,8,0,9,0,676664.0,JP Sears,434378.0,Justin Verlander,676664.0,434378.0,2392,Minute Maid Park,night,R
716609,2023-09-13,2023,CHC,COL,112,115,4,6,10,1,9,0,665871.0,Javier Assad,623167.0,Chris Flexen,656234.0,694037.0,19,Coors Field,night,R
716606,2023-09-13,2023,LAA,SEA,108,136,0,8,8,1,9,0,663776.0,Patrick Sandoval,693433.0,Bryan Woo,693433.0,663776.0,680,T-Mobile Park,night,R
716619,2023-09-13,2023,CLE,SF,114,137,3,1,4,0,9,0,615698.0,Cal Quantrill,640455.0,Sean Manaea,615698.0,640455.0,2395,Oracle Park,night,R
716608,2023-09-13,2023,SD,LAD,135,119,2,11,13,1,9,0,608379.0,Michael Wacha,458681.0,Lance Lynn,458681.0,608379.0,22,Dodger Stadium,night,R
716607,2023-09-13,2023,TB,MIN,139,142,5,4,9,0,9,0,671737.0,Taj Bradley,572971.0,Dallas Keuchel,687330.0,643377.0,3312,Target Field,day,R
716599,2023-09-13,2023,CHC,COL,112,115,3,7,10,1,9,0,592791.0,Jameson Taillon,621389.0,Ty Blach,621389.0,592791.0,19,Coors Field,day,R
716605,2023-09-13,2023,CLE,SF,114,137,5,6,11,1,10,1,671106.0,Logan Allen,690986.0,Kyle Harrison,666808.0,675540.0,2395,Oracle Park,day,R
716602,2023-09-13,2023,LAA,SEA,108,136,2,3,5,1,9,0,681806.0,Andrew Wantz,622491.0,Luis Castillo,622491.0,660761.0,680,T-Mobile Park,day,R
716600,2023-09-13,2023,WSH,PIT,120,134,6,7,13,1,9,0,671131.0,Jackson Rutledge,681882.0,Colin Selby,682990.0,671131.0,31,PNC Park,night,R
716604,2023-09-13,2023,STL,BAL,138,110,1,0,1,0,9,0,680723.0,Drew Rom,502043.0,Kyle Gibson,680723.0,502043.0,2,Oriole Park at Camden Yards,night,R
716601,2023-09-13,2023,CIN,DET,113,116,4,3,7,0,9,0,683175.0,Connor Phillips,593958.0,Eduardo Rodriguez,650960.0,593958.0,2394,Comerica Park,night,R
716603,2023-09-13,2023,ATL,PHI,144,143,4,1,5,0,9,0,675911.0,Spencer Strider,650911.0,Cristopher Sánchez,675911.0,650911.0,2681,Citizens Bank Park,night,R
716594,2023-09-13,2023,TEX,TOR,140,141,10,0,10,0,9,0,656756.0,Jordan Montgomery,579328.0,Yusei Kikuchi,656756.0,579328.0,14,Rogers Centre,night,R
716595,2023-09-13,2023,ARI,NYM,109,121,1,7,8,1,9,0,668678.0,Zac Gallen,664192.0,Joey Lucchesi,664192.0,668678.0,3289,Citi Field,night,R
716596,2023-09-13,2023,OAK,HOU,133,117,2,6,8,1,9,0,621112.0,Paul Blackburn,686613.0,Hunter Brown,686613.0,621112.0,2392,Minute Maid Park,night,R
716598,2023-09-13,2023,KC,CWS,118,145,7,1,8,0,9,0,674444.0,Steven Cruz,605182.0,Mike Clevinger,679525.0,605182.0,4,Guaranteed Rate Field,night,R
716592,2023-09-13,2023,MIA,MIL,146,158,2,0,2,0,9,0,666129.0,Braxton Garrett,656730.0,Trevor Megill,666129.0,607067.0,32,American Family Field,night,R
716589,2023-09-14,2023,SD,LAD,135,119,6,1,7,0,9,0,605483.0,Blake Snell,686752.0,Ryan Pepiot,605483.0,686752.0,22,Dodger Stadium,night,R
716597,2023-09-13,2023,NYY,BOS,147,111,0,0,0,0,9,0,657376.0,Clarke Schmidt,656557.0,Tanner Houck,,,3,Fenway Park,night,R
716591,2023-09-14,2023,WSH,PIT,120,134,0,2,2,1,9,0,680686.0,Josiah Gray,656605.0,Mitch Keller,656605.0,680686.0,31,PNC Park,day,R
716584,2023-09-14,2023,CIN,DET,113,116,2,8,10,1,9,0,571882.0,Derek Law,681857.0,Reese Olson,681857.0,571882.0,2394,Comerica Park,day,R
716597,2023-09-14,2023,NYY,BOS,147,111,0,5,5,1,9,0,650633.0,Michael King,656557.0,Tanner Houck,656557.0,650633.0,3,Fenway Park,day,R
716593,2023-09-14,2023,NYY,BOS,147,111,8,5,13,0,9,0,657376.0,Clarke Schmidt,687798.0,Nick Robertson,593974.0,661440.0,3,Fenway Park,night,R
716585,2023-09-14,2023,MIA,MIL,146,158,2,4,6,1,9,0,691587.0,Eury Pérez,605288.0,Adrian Houser,605288.0,691587.0,32,American Family Field,day,R
716588,2023-09-14,2023,ARI,NYM,109,121,1,11,12,1,9,0,518876.0,Merrill Kelly,673540.0,Kodai Senga,673540.0,518876.0,3289,Citi Field,day,R
716587,2023-09-14,2023,TEX,TOR,140,141,9,2,11,0,9,0,543135.0,Nathan Eovaldi,592332.0,Kevin Gausman,674003.0,592332.0,14,Rogers Centre,night,R
716586,2023-09-14,2023,TB,BAL,139,110,4,3,7,0,9,0,650644.0,Aaron Civale,680694.0,Kyle Bradish,621363.0,680694.0,2,Oriole Park at Camden Yards,night,R
716580,2023-09-14,2023,MIN,CWS,142,145,10,2,12,0,9,0,628317.0,Kenta Maeda,570632.0,José Ureña,628317.0,570632.0,4,Guaranteed Rate Field,night,R
716581,2023-09-15,2023,SF,COL,137,115,0,0,0,0,9,0,657277.0,Logan Webb,502624.0,Chase Anderson,,,19,Coors Field,night,R
716579,2023-09-15,2023,NYY,PIT,147,134,7,5,12,0,9,0,543037.0,Gerrit Cole,670912.0,Johan Oviedo,598286.0,670059.0,31,PNC Park,night,R
716582,2023-09-15,2023,ATL,MIA,144,146,6,9,15,1,9,0,693821.0,Bryce Elder,456501.0,Johnny Cueto,640462.0,543272.0,4169,loanDepot park,night,R
716583,2023-09-15,2023,TB,BAL,139,110,7,1,8,0,9,0,621107.0,Zach Eflin,656427.0,Jack Flaherty,621107.0,656427.0,2,Oriole Park at Camden Yards,night,R
716576,2023-09-15,2023,BOS,TOR,111,141,0,3,3,1,9,0,678394.0,Brayan Bello,621244.0,José Berríos,621244.0,678394.0,14,Rogers Centre,night,R
716574,2023-09-15,2023,CIN,NYM,113,121,5,3,8,0,9,0,668881.0,Hunter Greene,656849.0,David Peterson,608371.0,701643.0,3289,Citi Field,night,R
716575,2023-09-15,2023,TEX,CLE,140,114,3,12,15,1,9,0,592351.0,Jon Gray,608337.0,Lucas Giolito,608337.0,592351.0,5,Progressive Field,night,R
716573,2023-09-15,2023,MIN,CWS,142,145,10,2,12,0,9,0,641927.0,Bailey Ober,669947.0,Jesse Scholtens,641927.0,669947.0,4,Guaranteed Rate Field,night,R
716577,2023-09-16,2023,HOU,KC,117,118,2,4,6,1,9,0,664299.0,Cristian Javier,425844.0,Zack Greinke,672582.0,664299.0,7,Kauffman Stadium,night,R
716578,2023-09-16,2023,WSH,MIL,120,158,3,5,8,1,9,0,663623.0,Jake Irvin,489119.0,Wade Miley,489119.0,663623.0,32,American Family Field,night,R
716572,2023-09-16,2023,PHI,STL,143,138,5,4,9,0,9,0,605400.0,Aaron Nola,668868.0,Zack Thompson,621381.0,668868.0,2889,Busch Stadium,night,R
716571,2023-09-16,2023,SF,COL,137,115,2,3,5,1,9,0,657277.0,Logan Webb,502624.0,Chase Anderson,571863.0,666808.0,19,Coors Field,night,R
716570,2023-09-16,2023,DET,LAA,116,108,11,2,13,0,9,0,669373.0,Tarik Skubal,656288.0,Griffin Canning,669373.0,656288.0,1,Angel Stadium,night,R
716567,2023-09-16,2023,CHC,ARI,112,109,4,6,10,1,9,0,657006.0,Justin Steele,694297.0,Brandon Pfaadt,694297.0,657006.0,15,Chase Field,night,R
716569,2023-09-16,2023,SD,OAK,135,133,8,3,11,0,9,0,607625.0,Seth Lugo,656794.0,Sean Newcomb,607625.0,656794.0,10,Oakland Coliseum,night,R
716568,2023-09-16,2023,LAD,SEA,119,136,6,3,9,0,9,0,676272.0,Bobby Miller,669923.0,George Kirby,676272.0,669923.0,680,T-Mobile Park,night,R
716581,2023-09-16,2023,SF,COL,137,115,5,9,14,1,9,0,676775.0,Keaton Winn,608718.0,Brent Suter,666154.0,676254.0,19,Coors Field,day,R
716550,2023-09-17,2023,SF,COL,137,115,2,5,7,1,9,0,518397.0,Scott Alexander,607536.0,Kyle Freeland,680767.0,518397.0,19,Coors Field,night,R
716566,2023-09-16,2023,BOS,TOR,111,141,3,4,7,1,13,1,519242.0,Chris Sale,605135.0,Chris Bassitt,643338.0,661440.0,14,Rogers Centre,day,R
716564,2023-09-16,2023,SD,OAK,135,133,5,2,7,0,9,0,663362.0,Matt Waldron,695243.0,Mason Miller,663362.0,695243.0,10,Oakland Coliseum,day,R
716565,2023-09-16,2023,ATL,MIA,144,146,5,11,16,1,9,0,694363.0,Jared Shuster,663773.0,Bryan Hoeing,656945.0,489446.0,4169,loanDepot park,day,R
716562,2023-09-16,2023,TEX,CLE,140,114,1,2,3,1,9,0,641540.0,Dane Dunning,676440.0,Tanner Bibee,625643.0,519293.0,5,Progressive Field,night,R
716563,2023-09-16,2023,NYY,PIT,147,134,6,3,9,0,9,0,596133.0,Luke Weaver,682847.0,Luis Ortiz,666745.0,682847.0,31,PNC Park,night,R
716561,2023-09-16,2023,TB,BAL,139,110,0,8,8,1,9,0,607192.0,Tyler Glasnow,680570.0,Grayson Rodriguez,680570.0,607192.0,2,Oriole Park at Camden Yards,night,R
716560,2023-09-16,2023,HOU,KC,117,118,8,10,18,1,9,0,641585.0,J.P. France,666142.0,Cole Ragans,663704.0,593576.0,7,Kauffman Stadium,night,R
716555,2023-09-16,2023,CIN,NYM,113,121,3,2,5,0,9,0,671096.0,Andrew Abbott,656731.0,Tylor Megill,650960.0,656731.0,3289,Citi Field,night,R
716556,2023-09-16,2023,MIN,CWS,142,145,6,7,13,1,9,0,641154.0,Pablo López,657053.0,Touki Toussaint,657053.0,641154.0,4,Guaranteed Rate Field,night,R
716559,2023-09-16,2023,WSH,MIL,120,158,5,9,14,1,9,0,592866.0,Trevor Williams,669203.0,Corbin Burnes,606303.0,640448.0,32,American Family Field,night,R
716557,2023-09-16,2023,PHI,STL,143,138,6,1,7,0,9,0,624133.0,Ranger Suárez,571945.0,Miles Mikolas,624133.0,571945.0,2889,Busch Stadium,night,R
716558,2023-09-17,2023,CHC,ARI,112,109,6,7,13,1,13,1,543294.0,Kyle Hendricks,605200.0,Zach Davies,573009.0,669713.0,15,Chase Field,night,R
716554,2023-09-17,2023,DET,LAA,116,108,5,4,9,0,10,1,687830.0,Sawyer Gipson-Long,542881.0,Tyler Anderson,656638.0,667755.0,1,Angel Stadium,night,R
716552,2023-09-17,2023,LAD,SEA,119,136,6,2,8,0,11,1,477132.0,Clayton Kershaw,682243.0,Bryce Miller,623465.0,642100.0,680,T-Mobile Park,night,R
716553,2023-09-17,2023,TB,BAL,139,110,4,5,9,1,11,1,641793.0,Zack Littell,665152.0,Dean Kremer,669084.0,518617.0,2,Oriole Park at Camden Yards,day,R
716551,2023-09-17,2023,NYY,PIT,147,134,2,3,5,1,9,0,607074.0,Carlos Rodón,681882.0,Colin Selby,621366.0,607074.0,31,PNC Park,day,R
716548,2023-09-17,2023,BOS,TOR,111,141,2,3,5,1,9,0,601713.0,Nick Pivetta,547943.0,Hyun Jin Ryu,657024.0,676477.0,14,Rogers Centre,day,R
716545,2023-09-17,2023,CIN,NYM,113,121,4,8,12,1,9,0,682227.0,Brandon Williamson,500779.0,Jose Quintana,500779.0,682227.0,3289,Citi Field,day,R
716549,2023-09-17,2023,TEX,CLE,140,114,2,9,11,1,9,0,674003.0,Cody Bradford,668909.0,Gavin Williams,668909.0,674003.0,5,Progressive Field,day,R
716546,2023-09-17,2023,ATL,MIA,144,146,2,16,18,1,9,0,450203.0,Charlie Morton,666200.0,Jesús Luzardo,666200.0,450203.0,4169,loanDepot park,day,R
716547,2023-09-17,2023,HOU,KC,117,118,7,1,8,0,9,0,664285.0,Framber Valdez,543475.0,Jordan Lyles,664285.0,543475.0,7,Kauffman Stadium,day,R
716542,2023-09-17,2023,MIN,CWS,142,145,4,0,4,0,9,0,543243.0,Sonny Gray,656302.0,Dylan Cease,543243.0,656302.0,4,Guaranteed Rate Field,day,R
716543,2023-09-17,2023,WSH,MIL,120,158,2,1,3,0,11,1,571578.0,Patrick Corbin,605540.0,Brandon Woodruff,676395.0,600986.0,32,American Family Field,day,R
716541,2023-09-17,2023,PHI,STL,143,138,5,6,11,1,9,0,592836.0,Taijuan Walker,641712.0,Dakota Hudson,667463.0,622554.0,2889,Busch Stadium,day,R
716540,2023-09-17,2023,SF,COL,137,115,11,10,21,0,9,0,640455.0,Sean Manaea,623167.0,Chris Flexen,640455.0,623167.0,19,Coors Field,day,R
716544,2023-09-17,2023,DET,LAA,116,108,5,3,8,0,9,0,622766.0,Miguel Díaz,623474.0,Jimmy Herget,666214.0,670046.0,1,Angel Stadium,day,R
716538,2023-09-17,2023,SD,OAK,135,133,10,1,11,0,9,0,607259.0,Nick Martinez,671212.0,Joe Boyle,658648.0,686610.0,10,Oakland Coliseum,day,R
716537,2023-09-17,2023,LAD,SEA,119,136,6,1,7,0,9,0,571946.0,Shelby Miller,669302.0,Logan Gilbert,642232.0,669302.0,680,T-Mobile Park,day,R
716536,2023-09-17,2023,CHC,ARI,112,109,2,6,8,1,9,0,696136.0,Jordan Wicks,669194.0,Ryne Nelson,666818.0,696136.0,15,Chase Field,day,R
716529,2023-09-18,2023,CLE,KC,114,118,4,6,10,1,9,0,615698.0,Cal Quantrill,663903.0,Brady Singer,663804.0,663986.0,7,Kauffman Stadium,day,R
716534,2023-09-18,2023,MIN,CIN,142,113,3,7,10,1,9,0,657746.0,Joe Ryan,683175.0,Connor Phillips,683175.0,657746.0,2602,Great American Ball Park,night,R
716535,2023-09-18,2023,NYM,MIA,121,146,2,1,3,0,9,0,676130.0,José Buttó,665795.0,Edward Cabrera,641360.0,656945.0,4169,loanDepot park,night,R
716539,2023-09-18,2023,CWS,WSH,145,120,6,1,7,0,9,0,605182.0,Mike Clevinger,672851.0,Joan Adon,605182.0,672851.0,3309,Nationals Park,night,R
716532,2023-09-18,2023,PHI,ATL,143,144,7,1,8,0,9,0,554430.0,Zack Wheeler,657140.0,Kyle Wright,554430.0,657140.0,4705,Truist Park,night,R
716531,2023-09-18,2023,MIL,STL,158,138,0,1,1,1,9,0,642547.0,Freddy Peralta,425794.0,Adam Wainwright,425794.0,642547.0,2889,Busch Stadium,night,R
716533,2023-09-19,2023,BOS,TEX,111,140,4,2,6,0,9,0,676710.0,Kutter Crawford,656756.0,Jordan Montgomery,670174.0,519293.0,5325,Globe Life Field,night,R
716530,2023-09-19,2023,BAL,HOU,110,117,8,7,15,0,9,0,607644.0,John Means,434378.0,Justin Verlander,657508.0,519151.0,2392,Minute Maid Park,night,R
716526,2023-09-19,2023,COL,SD,115,135,9,11,20,1,9,0,621389.0,Ty Blach,608379.0,Michael Wacha,608379.0,621389.0,2680,Petco Park,night,R
716527,2023-09-19,2023,SEA,OAK,136,133,5,0,5,0,9,0,693433.0,Bryan Woo,676664.0,JP Sears,693433.0,676664.0,10,Oakland Coliseum,night,R
716528,2023-09-19,2023,DET,LAD,116,119,3,8,11,1,9,0,593958.0,Eduardo Rodriguez,458681.0,Lance Lynn,458681.0,593958.0,22,Dodger Stadium,night,R
716524,2023-09-19,2023,LAA,TB,108,139,2,6,8,1,9,0,663776.0,Patrick Sandoval,671737.0,Taj Bradley,596112.0,571901.0,12,Tropicana Field,night,R
716522,2023-09-19,2023,MIN,CIN,142,113,7,0,7,0,9,0,628317.0,Kenta Maeda,518585.0,Fernando Cruz,628317.0,518585.0,2602,Great American Ball Park,night,R
716523,2023-09-19,2023,NYM,MIA,121,146,3,4,7,1,9,0,664192.0,Joey Lucchesi,666129.0,Braxton Garrett,656945.0,641627.0,4169,loanDepot park,night,R
716525,2023-09-19,2023,CWS,WSH,145,120,3,4,7,1,9,0,570632.0,José Ureña,671131.0,Jackson Rutledge,676395.0,607481.0,3309,Nationals Park,night,R
716520,2023-09-19,2023,TOR,NYY,141,147,7,1,8,0,9,0,579328.0,Yusei Kikuchi,657376.0,Clarke Schmidt,579328.0,657376.0,3313,Yankee Stadium,night,R
716521,2023-09-19,2023,PHI,ATL,143,144,3,9,12,1,9,0,650911.0,Cristopher Sánchez,675911.0,Spencer Strider,675911.0,650911.0,4705,Truist Park,night,R
716517,2023-09-19,2023,CLE,KC,114,118,6,7,13,1,9,0,671106.0,Logan Allen,674444.0,Steven Cruz,679525.0,671106.0,7,Kauffman Stadium,night,R
716518,2023-09-19,2023,PIT,CHC,134,112,1,14,15,1,9,0,663559.0,Bailey Falter,665871.0,Javier Assad,665871.0,663559.0,17,Wrigley Field,night,R
716515,2023-09-19,2023,MIL,STL,158,138,7,3,10,0,9,0,656730.0,Trevor Megill,680723.0,Drew Rom,607067.0,680723.0,2889,Busch Stadium,night,R
716519,2023-09-20,2023,BOS,TEX,111,140,4,6,10,1,9,0,656557.0,Tanner Houck,543135.0,Nathan Eovaldi,547973.0,669684.0,5325,Globe Life Field,night,R
716514,2023-09-20,2023,BAL,HOU,110,117,9,5,14,0,9,0,502043.0,Kyle Gibson,686613.0,Hunter Brown,669084.0,686613.0,2392,Minute Maid Park,night,R
716516,2023-09-20,2023,COL,SD,115,135,0,2,2,1,9,0,663372.0,Ryan Feltner,605483.0,Blake Snell,623352.0,641755.0,2680,Petco Park,night,R
716512,2023-09-20,2023,SEA,OAK,136,133,7,2,9,0,9,0,622491.0,Luis Castillo,621112.0,Paul Blackburn,622491.0,621112.0,10,Oakland Coliseum,night,R
716511,2023-09-20,2023,SF,ARI,137,109,4,8,12,1,9,0,502171.0,Alex Cobb,668678.0,Zac Gallen,668678.0,502171.0,15,Chase Field,night,R
716510,2023-09-20,2023,DET,LAD,116,119,2,3,5,1,9,0,622766.0,Miguel Díaz,657571.0,Caleb Ferguson,681911.0,656638.0,22,Dodger Stadium,night,R
716509,2023-09-20,2023,PHI,ATL,143,144,6,5,11,0,10,1,605400.0,Aaron Nola,693821.0,Bryce Elder,518886.0,621345.0,4705,Truist Park,day,R
716506,2023-09-20,2023,MIN,CIN,142,113,5,3,8,0,9,0,641927.0,Bailey Ober,668881.0,Hunter Greene,661395.0,664747.0,2602,Great American Ball Park,day,R
716513,2023-09-20,2023,CWS,WSH,145,120,3,13,16,1,9,0,656629.0,Michael Kopech,680686.0,Josiah Gray,680686.0,621383.0,3309,Nationals Park,day,R
716507,2023-09-20,2023,BOS,TEX,111,140,5,15,20,1,9,0,678394.0,Brayan Bello,592351.0,Jon Gray,527048.0,678394.0,5325,Globe Life Field,day,R
716508,2023-09-20,2023,BAL,HOU,110,117,1,2,3,1,9,0,680694.0,Kyle Bradish,664299.0,Cristian Javier,519151.0,543056.0,2392,Minute Maid Park,day,R
716505,2023-09-20,2023,CLE,KC,114,118,2,6,8,1,9,0,608337.0,Lucas Giolito,425844.0,Zack Greinke,672582.0,608337.0,7,Kauffman Stadium,day,R
716504,2023-09-20,2023,SEA,OAK,136,133,6,3,9,0,9,0,669923.0,George Kirby,683155.0,Joey Estes,669923.0,683155.0,10,Oakland Coliseum,day,R
716499,2023-09-20,2023,SF,ARI,137,109,1,7,8,1,9,0,657277.0,Logan Webb,518876.0,Merrill Kelly,518876.0,657277.0,15,Chase Field,day,R
716500,2023-09-20,2023,COL,SD,115,135,2,3,5,1,9,0,502624.0,Chase Anderson,607625.0,Seth Lugo,472610.0,502624.0,2680,Petco Park,day,R
716501,2023-09-20,2023,LAA,TB,108,139,8,3,11,0,9,0,672282.0,Reid Detmers,650644.0,Aaron Civale,681806.0,650644.0,12,Tropicana Field,night,R
716503,2023-09-20,2023,NYM,MIA,121,146,8,3,11,0,9,0,673540.0,Kodai Senga,691587.0,Eury Pérez,673540.0,691587.0,4169,loanDepot park,night,R
716502,2023-09-20,2023,TOR,NYY,141,147,6,1,7,0,9,0,592332.0,Kevin Gausman,650633.0,Michael King,592332.0,650633.0,3313,Yankee Stadium,night,R
716497,2023-09-20,2023,PIT,CHC,134,112,13,7,20,0,9,0,656605.0,Mitch Keller,657006.0,Justin Steele,656605.0,657006.0,17,Wrigley Field,night,R
716495,2023-09-20,2023,MIL,STL,158,138,8,2,10,0,9,0,605288.0,Adrian Houser,668868.0,Zack Thompson,605288.0,668868.0,2889,Busch Stadium,night,R
716494,2023-09-21,2023,DET,LAD,116,119,4,2,6,0,9,0,681857.0,Reese Olson,676272.0,Bobby Miller,681857.0,676272.0,22,Dodger Stadium,night,R
716498,2023-09-21,2023,LAA,TB,108,139,4,5,9,1,9,0,656288.0,Griffin Canning,621107.0,Zach Eflin,552640.0,608032.0,12,Tropicana Field,day,R
716491,2023-09-21,2023,MIL,STL,158,138,6,0,6,0,9,0,489119.0,Wade Miley,571945.0,Miles Mikolas,489119.0,571945.0,2889,Busch Stadium,day,R
716496,2023-09-21,2023,ATL,WSH,144,120,10,3,13,0,9,0,608331.0,Max Fried,663623.0,Jake Irvin,608331.0,663623.0,3309,Nationals Park,night,R
716492,2023-09-21,2023,TOR,NYY,141,147,3,5,8,1,9,0,621244.0,José Berríos,543037.0,Gerrit Cole,543037.0,621244.0,3313,Yankee Stadium,night,R
716489,2023-09-21,2023,BAL,CLE,110,114,2,5,7,1,9,0,680570.0,Grayson Rodriguez,683769.0,Hunter Gaddis,663986.0,672335.0,5,Progressive Field,night,R
716490,2023-09-21,2023,NYM,PHI,121,143,4,5,9,1,9,0,656849.0,David Peterson,624133.0,Ranger Suárez,624133.0,656257.0,2681,Citizens Bank Park,night,R
716493,2023-09-21,2023,PIT,CHC,134,112,8,6,14,0,9,0,670912.0,Johan Oviedo,543294.0,Kyle Hendricks,670912.0,543294.0,17,Wrigley Field,night,R
716488,2023-09-22,2023,DET,OAK,116,133,7,3,10,0,9,0,669373.0,Tarik Skubal,665622.0,Luis Medina,669373.0,665622.0,10,Oakland Coliseum,night,R
716484,2023-09-22,2023,SF,LAD,137,119,2,7,9,1,9,0,690986.0,Kyle Harrison,686218.0,Emmet Sheehan,571946.0,605154.0,22,Dodger Stadium,night,R
716486,2023-09-22,2023,COL,CHC,115,112,0,6,6,1,9,0,663562.0,Noah Davis,592791.0,Jameson Taillon,592791.0,663562.0,17,Wrigley Field,day,R
716487,2023-09-22,2023,PIT,CIN,134,113,7,5,12,0,9,0,656578.0,Andre Jackson,671096.0,Andrew Abbott,621366.0,664139.0,2602,Great American Ball Park,night,R
716479,2023-09-22,2023,TOR,TB,141,139,6,2,8,0,9,0,605135.0,Chris Bassitt,607192.0,Tyler Glasnow,605135.0,607192.0,12,Tropicana Field,night,R
716482,2023-09-22,2023,MIL,MIA,158,146,16,1,17,0,9,0,669203.0,Corbin Burnes,608638.0,JT Chargois,669203.0,595345.0,4169,loanDepot park,night,R
716481,2023-09-22,2023,NYM,PHI,121,143,4,5,9,1,10,1,656731.0,Tylor Megill,592836.0,Taijuan Walker,622554.0,493603.0,2681,Citizens Bank Park,night,R
716485,2023-09-22,2023,ATL,WSH,144,120,9,6,15,0,9,0,450203.0,Charlie Morton,571578.0,Patrick Corbin,543859.0,571578.0,3309,Nationals Park,night,R
716480,2023-09-22,2023,ARI,NYY,109,147,1,7,8,1,9,0,694297.0,Brandon Pfaadt,596133.0,Luke Weaver,596133.0,694297.0,3313,Yankee Stadium,night,R
716483,2023-09-22,2023,BAL,CLE,110,114,8,9,17,1,9,0,665152.0,Dean Kremer,669456.0,Shane Bieber,661403.0,666974.0,5,Progressive Field,night,R
716478,2023-09-22,2023,CWS,BOS,145,111,2,3,5,1,9,0,657053.0,Touki Toussaint,519242.0,Chris Sale,661440.0,676979.0,3,Fenway Park,night,R
716477,2023-09-23,2023,SEA,TEX,136,140,5,8,13,1,9,0,682243.0,Bryce Miller,641540.0,Dane Dunning,641540.0,682243.0,5325,Globe Life Field,night,R
716473,2023-09-23,2023,KC,HOU,118,117,7,5,12,0,9,0,666142.0,Cole Ragans,664285.0,Framber Valdez,666142.0,664285.0,2392,Minute Maid Park,night,R
716475,2023-09-23,2023,LAA,MIN,108,142,6,8,14,1,9,0,660761.0,José Suarez,641154.0,Pablo López,641154.0,669721.0,3312,Target Field,night,R
716472,2023-09-23,2023,DET,OAK,116,133,2,8,10,1,9,0,687830.0,Sawyer Gipson-Long,686610.0,Ken Waldichuk,686610.0,676684.0,10,Oakland Coliseum,night,R
716476,2023-09-23,2023,STL,SD,138,135,2,4,6,1,9,0,641712.0,Dakota Hudson,663362.0,Matt Waldron,663158.0,669461.0,2680,Petco Park,night,R
716474,2023-09-23,2023,SF,LAD,137,119,5,1,6,0,9,0,640455.0,Sean Manaea,657571.0,Caleb Ferguson,640455.0,694813.0,22,Dodger Stadium,night,R
716465,2023-09-23,2023,LAA,MIN,108,142,1,0,1,0,9,0,670046.0,Kenny Rosenberg,543243.0,Sonny Gray,670046.0,543243.0,3312,Target Field,day,R
716469,2023-09-23,2023,COL,CHC,115,112,3,6,9,1,9,0,623167.0,Chris Flexen,573186.0,Marcus Stroman,665871.0,683232.0,17,Wrigley Field,day,R
716466,2023-09-23,2023,NYM,PHI,121,143,5,7,12,1,9,0,500779.0,Jose Quintana,554430.0,Zack Wheeler,554430.0,500779.0,2681,Citizens Bank Park,day,R
716470,2023-09-23,2023,DET,OAK,116,133,1,4,5,1,9,0,622766.0,Miguel Díaz,671212.0,Joe Boyle,671212.0,666214.0,10,Oakland Coliseum,day,R
716463,2023-09-23,2023,TOR,TB,141,139,6,7,13,1,9,0,547943.0,Hyun Jin Ryu,641793.0,Zack Littell,606965.0,605447.0,12,Tropicana Field,day,R
716468,2023-09-23,2023,CWS,BOS,145,111,1,0,1,0,9,0,656302.0,Dylan Cease,601713.0,Nick Pivetta,607481.0,670174.0,3,Fenway Park,day,R
716460,2023-09-23,2023,MIL,MIA,158,146,4,5,9,1,9,0,605540.0,Brandon Woodruff,666200.0,Jesús Luzardo,677053.0,606303.0,4169,loanDepot park,day,R
716464,2023-09-23,2023,BAL,CLE,110,114,2,1,3,0,9,0,607644.0,John Means,615698.0,Cal Quantrill,607644.0,615698.0,5,Progressive Field,night,R
716462,2023-09-23,2023,PIT,CIN,134,113,13,12,25,0,9,0,663559.0,Bailey Falter,683175.0,Connor Phillips,669796.0,664747.0,2602,Great American Ball Park,night,R
716461,2023-09-23,2023,SEA,TEX,136,140,0,2,2,1,9,0,669302.0,Logan Gilbert,656756.0,Jordan Montgomery,656756.0,669302.0,5325,Globe Life Field,night,R
716455,2023-09-23,2023,KC,HOU,118,117,3,2,5,0,9,0,543475.0,Jordan Lyles,641585.0,J.P. France,543475.0,641585.0,2392,Minute Maid Park,night,R
716457,2023-09-24,2023,STL,SD,138,135,5,2,7,0,11,1,663765.0,Jake Woodford,607259.0,Nick Martinez,596271.0,605130.0,2680,Petco Park,night,R
716456,2023-09-24,2023,SF,LAD,137,119,0,7,7,1,9,0,605154.0,John Brebbia,477132.0,Clayton Kershaw,477132.0,605154.0,22,Dodger Stadium,night,R
716467,2023-09-23,2023,ATL,WSH,144,120,0,0,0,0,9,0,657140.0,Kyle Wright,672851.0,Joan Adon,,,3309,Nationals Park,day,R
716471,2023-09-23,2023,ARI,NYY,109,147,0,0,0,0,9,0,,,,,,,3313,Yankee Stadium,day,R
716452,2023-09-24,2023,TOR,TB,141,139,9,5,14,0,9,0,579328.0,Yusei Kikuchi,671737.0,Taj Bradley,670950.0,671737.0,12,Tropicana Field,day,R
716459,2023-09-24,2023,ATL,WSH,144,120,2,3,5,1,9,0,642216.0,Allan Winans,671131.0,Jackson Rutledge,671131.0,642216.0,3309,Nationals Park,day,R
716467,2023-09-24,2023,ATL,WSH,144,120,8,5,13,0,9,0,675911.0,Spencer Strider,672851.0,Joan Adon,675911.0,672851.0,3309,Nationals Park,night,R
716453,2023-09-24,2023,CWS,BOS,145,111,3,2,5,0,6,0,605182.0,Mike Clevinger,676710.0,Kutter Crawford,605182.0,676710.0,3,Fenway Park,day,R
716458,2023-09-24,2023,ARI,NYY,109,147,7,1,8,0,9,0,668678.0,Zac Gallen,607074.0,Carlos Rodón,668678.0,607074.0,3313,Yankee Stadium,day,R
716450,2023-09-24,2023,BAL,CLE,110,114,5,1,6,0,9,0,502043.0,Kyle Gibson,663474.0,Triston McKenzie,502043.0,663474.0,5,Progressive Field,day,R
716451,2023-09-24,2023,PIT,CIN,134,113,2,4,6,1,9,0,682990.0,Quinn Priester,682227.0,Brandon Williamson,608371.0,669796.0,2602,Great American Ball Park,day,R
716447,2023-09-24,2023,MIL,MIA,158,146,1,6,7,1,9,0,642547.0,Freddy Peralta,665795.0,Edward Cabrera,665795.0,642547.0,4169,loanDepot park,day,R
716448,2023-09-24,2023,KC,HOU,118,117,6,5,11,0,9,0,674444.0,Steven Cruz,686613.0,Hunter Brown,679525.0,686613.0,2392,Minute Maid Park,day,R
716445,2023-09-24,2023,LAA,MIN,108,142,3,9,12,1,9,0,681806.0,Andrew Wantz,657746.0,Joe Ryan,657746.0,608334.0,3312,Target Field,day,R
716449,2023-09-24,2023,COL,CHC,115,112,3,4,7,1,9,0,621389.0,Ty Blach,696136.0,Jordan Wicks,696136.0,621389.0,17,Wrigley Field,day,R
716446,2023-09-24,2023,SEA,TEX,136,140,8,9,17,1,9,0,693433.0,Bryan Woo,543135.0,Nathan Eovaldi,543135.0,693433.0,5325,Globe Life Field,day,R
716442,2023-09-24,2023,DET,OAK,116,133,2,0,2,0,9,0,593958.0,Eduardo Rodriguez,676664.0,JP Sears,593958.0,676664.0,10,Oakland Coliseum,day,R
716444,2023-09-24,2023,STL,SD,138,135,2,12,14,1,9,0,680723.0,Drew Rom,608379.0,Michael Wacha,608379.0,680723.0,2680,Petco Park,day,R
716454,2023-09-24,2023,NYM,PHI,121,143,2,5,7,1,9,0,676130.0,José Buttó,650911.0,Cristopher Sánchez,650911.0,676130.0,2681,Citizens Bank Park,night,R
716439,2023-09-24,2023,SF,LAD,137,119,2,3,5,1,10,1,676254.0,Ryan Walker,458681.0,Lance Lynn,571946.0,666808.0,22,Dodger Stadium,day,R
716471,2023-09-25,2023,ARI,NYY,109,147,4,6,10,1,9,0,518876.0,Merrill Kelly,657376.0,Clarke Schmidt,641656.0,656464.0,3313,Yankee Stadium,day,R
716440,2023-09-26,2023,TEX,LAA,140,108,5,1,6,0,9,0,592351.0,Jon Gray,663776.0,Patrick Sandoval,592351.0,623474.0,1,Angel Stadium,night,R
716436,2023-09-26,2023,HOU,SEA,117,136,5,1,6,0,9,0,434378.0,Justin Verlander,622491.0,Luis Castillo,434378.0,622491.0,680,T-Mobile Park,night,R
716441,2023-09-26,2023,SD,SF,135,137,1,2,3,1,9,0,605483.0,Blake Snell,657277.0,Logan Webb,657277.0,663158.0,2395,Oracle Park,night,R
716443,2023-09-25,2023,ARI,CWS,109,145,0,0,0,0,9,0,,,,,,,4,Guaranteed Rate Field,night,R
716438,2023-09-26,2023,LAD,COL,119,115,1,4,5,1,9,0,657571.0,Caleb Ferguson,502624.0,Chase Anderson,502624.0,657571.0,19,Coors Field,day,R
716424,2023-09-27,2023,LAD,COL,119,115,11,2,13,0,9,0,676272.0,Bobby Miller,663372.0,Ryan Feltner,676272.0,663372.0,19,Coors Field,night,R
716435,2023-09-26,2023,CIN,CLE,113,114,11,7,18,0,9,0,668881.0,Hunter Greene,608337.0,Lucas Giolito,594580.0,675916.0,5,Progressive Field,night,R
716434,2023-09-26,2023,WSH,BAL,120,110,0,1,1,1,9,0,680686.0,Josiah Gray,680694.0,Kyle Bradish,680694.0,680686.0,2,Oriole Park at Camden Yards,night,R
716433,2023-09-26,2023,KC,DET,118,116,3,6,9,1,9,0,425844.0,Zack Greinke,681857.0,Reese Olson,671345.0,664199.0,2394,Comerica Park,night,R
716432,2023-09-26,2023,PIT,PHI,134,143,2,3,5,1,10,1,656605.0,Mitch Keller,605400.0,Aaron Nola,656546.0,670280.0,2681,Citizens Bank Park,night,R
716431,2023-09-26,2023,NYY,TOR,147,141,2,0,2,0,9,0,650633.0,Michael King,592332.0,Kevin Gausman,666745.0,605447.0,14,Rogers Centre,night,R
716428,2023-09-26,2023,TB,BOS,139,111,9,7,16,0,9,0,621107.0,Zach Eflin,656557.0,Tanner Houck,621107.0,656557.0,3,Fenway Park,night,R
716429,2023-09-26,2023,CHC,ATL,112,144,6,7,13,1,9,0,657006.0,Justin Steele,693821.0,Bryce Elder,543272.0,592767.0,4705,Truist Park,night,R
716421,2023-09-26,2023,OAK,MIN,133,142,3,11,14,1,9,0,621112.0,Paul Blackburn,641927.0,Bailey Ober,641927.0,621112.0,3312,Target Field,night,R
716427,2023-09-26,2023,ARI,CWS,109,145,15,4,19,0,9,0,605200.0,Zach Davies,570632.0,José Ureña,669194.0,570632.0,4,Guaranteed Rate Field,night,R
716423,2023-09-26,2023,STL,MIL,138,158,4,1,5,0,9,0,571945.0,Miles Mikolas,605288.0,Adrian Houser,571945.0,605288.0,32,American Family Field,night,R
716422,2023-09-27,2023,TEX,LAA,140,108,3,9,12,1,9,0,674003.0,Cody Bradford,672282.0,Reid Detmers,672282.0,674003.0,1,Angel Stadium,night,R
716437,2023-09-27,2023,SD,SF,135,137,4,0,4,0,9,0,607625.0,Seth Lugo,605154.0,John Brebbia,607625.0,605154.0,2395,Oracle Park,night,R
716425,2023-09-27,2023,HOU,SEA,117,136,2,6,8,1,9,0,664299.0,Cristian Javier,669923.0,George Kirby,669923.0,664299.0,680,T-Mobile Park,night,R
716430,2023-09-26,2023,MIA,NYM,146,121,0,0,0,0,9,0,666129.0,Braxton Garrett,664192.0,Joey Lucchesi,,,3289,Citi Field,night,R
716417,2023-09-27,2023,ARI,CWS,109,145,3,0,3,0,9,0,694297.0,Brandon Pfaadt,672715.0,Luis Patiño,694297.0,672715.0,4,Guaranteed Rate Field,day,R
716411,2023-09-27,2023,MIA,NYM,146,121,2,11,13,1,9,0,666129.0,Braxton Garrett,664192.0,Joey Lucchesi,664192.0,666129.0,3289,Citi Field,night,R
716430,2023-09-27,2023,MIA,NYM,146,121,4,2,6,0,9,0,456501.0,Johnny Cueto,673540.0,Kodai Senga,519043.0,493603.0,3289,Citi Field,night,R
716418,2023-09-27,2023,CIN,CLE,113,114,3,4,7,1,9,0,671096.0,Andrew Abbott,669456.0,Shane Bieber,669456.0,671096.0,5,Progressive Field,night,R
716419,2023-09-27,2023,TB,BOS,139,111,5,0,5,0,9,0,607192.0,Tyler Glasnow,678394.0,Brayan Bello,607192.0,678394.0,3,Fenway Park,night,R
716416,2023-09-27,2023,WSH,BAL,120,110,1,5,6,1,9,0,571578.0,Patrick Corbin,680570.0,Grayson Rodriguez,680570.0,571578.0,2,Oriole Park at Camden Yards,night,R
716414,2023-09-27,2023,KC,DET,118,116,0,8,8,1,9,0,680742.0,Jonathan Bowlan,669373.0,Tarik Skubal,622766.0,680742.0,2394,Comerica Park,night,R
716415,2023-09-27,2023,PIT,PHI,134,143,6,7,13,1,9,0,670912.0,Johan Oviedo,624133.0,Ranger Suárez,689147.0,669796.0,2681,Citizens Bank Park,night,R
716413,2023-09-27,2023,NYY,TOR,147,141,6,0,6,0,9,0,543037.0,Gerrit Cole,621244.0,José Berríos,543037.0,621244.0,14,Rogers Centre,night,R
716412,2023-09-27,2023,CHC,ATL,112,144,5,6,11,1,10,1,592791.0,Jameson Taillon,670241.0,Darius Vines,445926.0,694037.0,4705,Truist Park,night,R
716410,2023-09-27,2023,OAK,MIN,133,142,4,6,10,1,9,0,683155.0,Joey Estes,641154.0,Pablo López,572971.0,666204.0,3312,Target Field,night,R
716408,2023-09-27,2023,STL,MIL,138,158,2,3,5,1,9,0,668868.0,Zack Thompson,489119.0,Wade Miley,606303.0,606930.0,32,American Family Field,night,R
716406,2023-09-28,2023,LAD,COL,119,115,8,2,10,0,9,0,686218.0,Emmet Sheehan,663562.0,Noah Davis,686218.0,663562.0,19,Coors Field,night,R
716420,2023-09-28,2023,TEX,LAA,140,108,5,0,5,0,9,0,641540.0,Dane Dunning,656288.0,Griffin Canning,641540.0,656288.0,1,Angel Stadium,night,R
716407,2023-09-28,2023,HOU,SEA,117,136,8,3,11,0,9,0,664285.0,Framber Valdez,682243.0,Bryce Miller,608665.0,682243.0,680,T-Mobile Park,night,R
716426,2023-09-28,2023,SD,SF,135,137,5,2,7,0,10,1,663362.0,Matt Waldron,640455.0,Sean Manaea,623352.0,605154.0,2395,Oracle Park,night,R
716414,2023-09-28,2023,KC,DET,118,116,0,8,8,1,9,0,680742.0,Jonathan Bowlan,669373.0,Tarik Skubal,622766.0,680742.0,2394,Comerica Park,day,R
716400,2023-09-28,2023,OAK,MIN,133,142,2,1,3,0,9,0,665622.0,Luis Medina,543243.0,Sonny Gray,668674.0,628317.0,3312,Target Field,day,R
716443,2023-09-28,2023,ARI,CWS,109,145,1,3,4,1,9,0,686826.0,Bryce Jarvis,657053.0,Touki Toussaint,621383.0,686826.0,4,Guaranteed Rate Field,day,R
716401,2023-09-28,2023,KC,DET,118,116,3,7,10,1,9,0,666142.0,Cole Ragans,687830.0,Sawyer Gipson-Long,542585.0,666142.0,2394,Comerica Park,day,R
716396,2023-09-28,2023,STL,MIL,138,158,0,3,3,1,9,0,641712.0,Dakota Hudson,669203.0,Corbin Burnes,527054.0,641712.0,32,American Family Field,day,R
716409,2023-09-28,2023,PIT,PHI,134,143,3,2,5,0,9,0,682847.0,Luis Ortiz,554430.0,Zack Wheeler,682847.0,621381.0,2681,Citizens Bank Park,night,R
716402,2023-09-28,2023,BOS,BAL,111,110,0,2,2,1,9,0,519242.0,Chris Sale,665152.0,Dean Kremer,665152.0,519242.0,2,Oriole Park at Camden Yards,night,R
716403,2023-09-28,2023,NYY,TOR,147,141,0,6,6,1,9,0,596133.0,Luke Weaver,605135.0,Chris Bassitt,605135.0,596133.0,14,Rogers Centre,night,R
716404,2023-09-28,2023,MIA,NYM,146,121,0,1,1,1,8,0,666200.0,Jesús Luzardo,656849.0,David Peterson,701643.0,666200.0,3289,Citi Field,night,R
716399,2023-09-28,2023,CHC,ATL,112,144,3,5,8,1,9,0,573186.0,Marcus Stroman,700363.0,AJ Smith-Shawver,657140.0,573186.0,4705,Truist Park,night,R
716405,2023-09-29,2023,LAD,COL,119,115,5,14,19,1,9,0,642232.0,Ryan Yarbrough,623167.0,Chris Flexen,623167.0,642232.0,19,Coors Field,night,R
716397,2023-09-29,2023,TEX,SEA,140,136,2,3,5,1,9,0,656756.0,Jordan Montgomery,669302.0,Logan Gilbert,662253.0,547973.0,680,T-Mobile Park,night,R
716398,2023-09-29,2023,MIA,PIT,146,134,4,3,7,0,9,0,665795.0,Edward Cabrera,674370.0,Osvaldo Bido,623211.0,681882.0,31,PNC Park,night,R
716395,2023-09-29,2023,CLE,DET,114,116,7,5,12,0,9,0,615698.0,Cal Quantrill,666214.0,Joey Wentz,615698.0,666214.0,2394,Comerica Park,night,R
716390,2023-09-29,2023,BOS,BAL,111,110,3,0,3,0,9,0,601713.0,Nick Pivetta,607644.0,John Means,601713.0,607644.0,2,Oriole Park at Camden Yards,night,R
716392,2023-09-29,2023,TB,TOR,139,141,4,11,15,1,9,0,650644.0,Aaron Civale,579328.0,Yusei Kikuchi,579328.0,650644.0,14,Rogers Centre,night,R
716394,2023-09-29,2023,WSH,ATL,120,144,10,6,16,0,9,0,592866.0,Trevor Williams,642216.0,Allan Winans,607179.0,543272.0,4705,Truist Park,night,R
716391,2023-09-29,2023,SD,CWS,135,145,3,2,5,0,9,0,607259.0,Nick Martinez,656302.0,Dylan Cease,607259.0,656302.0,4,Guaranteed Rate Field,night,R
716387,2023-09-30,2023,MIN,COL,142,115,7,6,13,0,9,0,657746.0,Joe Ryan,621389.0,Ty Blach,681892.0,641755.0,19,Coors Field,night,R
716389,2023-09-30,2023,NYY,KC,147,118,5,12,17,1,9,0,607074.0,Carlos Rodón,543475.0,Jordan Lyles,543475.0,607074.0,7,Kauffman Stadium,night,R
716385,2023-09-30,2023,CHC,MIL,112,158,3,4,7,1,10,1,543294.0,Kyle Hendricks,607067.0,Colin Rea,676961.0,621016.0,32,American Family Field,night,R
716388,2023-09-30,2023,CIN,STL,113,138,19,2,21,0,9,0,682227.0,Brandon Williamson,663765.0,Jake Woodford,682227.0,663765.0,2889,Busch Stadium,night,R
716386,2023-09-30,2023,OAK,LAA,133,108,1,5,6,1,9,0,686610.0,Ken Waldichuk,681217.0,Chase Silseth,669721.0,686610.0,1,Angel Stadium,night,R
716384,2023-09-30,2023,HOU,ARI,117,109,2,1,3,0,9,0,664353.0,José Urquidy,668678.0,Zac Gallen,664353.0,668678.0,15,Chase Field,night,R
716379,2023-09-30,2023,TEX,SEA,140,136,0,8,8,1,9,0,543135.0,Nathan Eovaldi,693433.0,Bryan Woo,663423.0,543135.0,680,T-Mobile Park,night,R
716382,2023-09-30,2023,LAD,SF,119,137,6,2,8,0,9,0,458681.0,Lance Lynn,676775.0,Keaton Winn,458681.0,676775.0,2395,Oracle Park,night,R
716393,2023-09-29,2023,PHI,NYM,143,121,0,0,0,0,9,0,592836.0,Taijuan Walker,656731.0,Tylor Megill,,,3289,Citi Field,night,R
716380,2023-09-30,2023,CLE,DET,114,116,0,8,8,1,9,0,663474.0,Triston McKenzie,676684.0,Will Vest,689225.0,663474.0,2394,Comerica Park,day,R
716383,2023-09-30,2023,TB,TOR,139,141,7,5,12,0,10,1,542888.0,Shawn Armstrong,547943.0,Hyun Jin Ryu,606965.0,663855.0,14,Rogers Centre,day,R
716376,2023-09-30,2023,PHI,NYM,143,121,3,4,7,1,9,0,592836.0,Taijuan Walker,656731.0,Tylor Megill,656731.0,592836.0,3289,Citi Field,night,R
716393,2023-09-30,2023,PHI,NYM,143,121,4,11,15,1,9,0,674681.0,Michael Plassmeyer,500779.0,Jose Quintana,657585.0,674681.0,3289,Citi Field,night,R
716378,2023-09-30,2023,MIA,PIT,146,134,7,3,10,0,9,0,608638.0,JT Chargois,682990.0,Quinn Priester,640462.0,682990.0,31,PNC Park,night,R
716374,2023-09-30,2023,SD,CWS,135,145,6,1,7,0,9,0,608379.0,Michael Wacha,605182.0,Mike Clevinger,608379.0,605182.0,4,Guaranteed Rate Field,night,R
716375,2023-09-30,2023,NYY,KC,147,118,5,2,7,0,9,0,657376.0,Clarke Schmidt,674444.0,Steven Cruz,593423.0,679525.0,7,Kauffman Stadium,night,R
716373,2023-09-30,2023,CHC,MIL,112,158,10,6,16,0,9,0,696136.0,Jordan Wicks,641778.0,Eric Lauer,669713.0,641778.0,32,American Family Field,night,R
716377,2023-09-30,2023,BOS,BAL,111,110,2,5,7,1,9,0,676710.0,Kutter Crawford,502043.0,Kyle Gibson,669145.0,670174.0,2,Oriole Park at Camden Yards,night,R
716372,2023-09-30,2023,CIN,STL,113,138,6,15,21,1,9,0,683175.0,Connor Phillips,680723.0,Drew Rom,572403.0,683175.0,2889,Busch Stadium,night,R
716366,2023-09-30,2023,TEX,SEA,140,136,6,1,7,0,9,0,571760.0,Andrew Heaney,622491.0,Luis Castillo,622250.0,622491.0,680,T-Mobile Park,day,R
716369,2023-09-30,2023,WSH,ATL,120,144,3,5,8,1,9,0,672851.0,Joan Adon,675911.0,Spencer Strider,675911.0,607179.0,4705,Truist Park,night,R
716370,2023-10-01,2023,HOU,ARI,117,109,1,0,1,0,9,0,434378.0,Justin Verlander,518876.0,Merrill Kelly,434378.0,518876.0,15,Chase Field,night,R
716368,2023-10-01,2023,MIN,COL,142,115,14,6,20,0,9,0,641941.0,Emilio Pagán,571863.0,Matt Koch,663978.0,666154.0,19,Coors Field,night,R
716381,2023-10-01,2023,LAD,SF,119,137,1,2,3,1,9,0,477132.0,Clayton Kershaw,663941.0,Tristan Beck,676254.0,477132.0,2395,Oracle Park,night,R
716371,2023-10-01,2023,OAK,LAA,133,108,7,3,10,0,9,0,671212.0,Joe Boyle,681806.0,Andrew Wantz,671212.0,690829.0,1,Angel Stadium,night,R
716367,2023-10-01,2023,BOS,BAL,111,110,6,1,7,0,9,0,656557.0,Tanner Houck,680694.0,Kyle Bradish,656557.0,543056.0,2,Oriole Park at Camden Yards,day,R
716363,2023-10-01,2023,LAD,SF,119,137,5,2,7,0,9,0,676272.0,Bobby Miller,690986.0,Kyle Harrison,624647.0,605154.0,2395,Oracle Park,day,R
716362,2023-10-01,2023,MIA,PIT,146,134,0,3,3,1,9,0,677960.0,Ryan Weathers,656578.0,Andre Jackson,664294.0,663773.0,31,PNC Park,day,R
716365,2023-10-01,2023,OAK,LAA,133,108,3,7,10,1,9,0,676664.0,JP Sears,608334.0,Carson Fulmer,608334.0,676664.0,1,Angel Stadium,day,R
716357,2023-10-01,2023,TB,TOR,139,141,12,8,20,0,9,0,682052.0,Jacob Lopez,641149.0,Wes Parsons,682052.0,641149.0,14,Rogers Centre,day,R
716361,2023-10-01,2023,CLE,DET,114,116,2,5,7,1,9,0,608337.0,Lucas Giolito,593958.0,Eduardo Rodriguez,593958.0,608337.0,2394,Comerica Park,day,R
716358,2023-10-01,2023,HOU,ARI,117,109,8,1,9,0,9,0,664299.0,Cristian Javier,669459.0,Kyle Nelson,664299.0,669459.0,15,Chase Field,day,R
716360,2023-10-01,2023,TEX,SEA,140,136,0,1,1,1,9,0,641540.0,Dane Dunning,669923.0,George Kirby,669923.0,641540.0,680,T-Mobile Park,day,R
716359,2023-10-01,2023,MIN,COL,142,115,2,3,5,1,11,1,641927.0,Bailey Ober,608718.0,Brent Suter,668970.0,656669.0,19,Coors Field,day,R
716355,2023-10-01,2023,PHI,NYM,143,121,9,1,10,0,9,0,621381.0,Matt Strahm,676130.0,José Buttó,656793.0,676130.0,3289,Citi Field,day,R
716354,2023-10-01,2023,WSH,ATL,120,144,10,9,19,0,9,0,671131.0,Jackson Rutledge,689266.0,Dylan Dodd,640451.0,543859.0,4705,Truist Park,day,R
716356,2023-10-01,2023,SD,CWS,135,145,2,1,3,0,11,1,658648.0,Pedro Avila,570632.0,José Ureña,448179.0,686539.0,4,Guaranteed Rate Field,day,R
716352,2023-10-01,2023,NYY,KC,147,118,2,5,7,1,9,0,650633.0,Michael King,425844.0,Zack Greinke,425844.0,650633.0,7,Kauffman Stadium,day,R
716364,2023-10-01,2023,CHC,MIL,112,158,0,4,4,1,9,0,592767.0,Drew Smyly,605288.0,Adrian Houser,605288.0,592767.0,32,American Family Field,day,R
716353,2023-10-01,2023,CIN,STL,113,138,3,4,7,1,9,0,668881.0,Hunter Greene,571945.0,Miles Mikolas,571945.0,668881.0,2889,Busch Stadium,day,R
716404,2023-10-02,2023,MIA,NYM,146,121,0,1,1,1,8,0,666200.0,Jesús Luzardo,656849.0,David Peterson,701643.0,666200.0,3289,Citi Field,day,R
