game_id,game_date,season,away_team,home_team,away_team_id,home_team_id,away_score,home_score,total_runs,home_win,innings,extra_innings,away_starter_id,away_starter_name,home_starter_id,home_starter_name,winning_pitcher_id,losing_pitcher_id,venue_id,venue_name,day_night,game_type
634642,2021-04-01,2021,TOR,NYY,141,147,3,2,5,0,10,1,547943.0,Hyun Jin Ryu,543037.0,Gerrit Cole,605447.0,656793.0,3313,Yankee Stadium,day,R
634645,2021-04-01,2021,CLE,DET,114,116,2,3,5,1,9,0,669456.0,Shane Bieber,571510.0,Matthew Boyd,571510.0,669456.0,2394,Comerica Park,day,R
634638,2021-04-01,2021,MIN,MIL,142,158,5,6,11,1,10,1,628317.0,Kenta Maeda,605540.0,Brandon Woodruff,623352.0,677976.0,32,American Family Field,day,R
634634,2021-04-01,2021,PIT,CHC,134,112,5,3,8,0,9,0,641771.0,Chad Kuhl,543294.0,Kyle Hendricks,607572.0,543294.0,17,Wrigley Field,day,R
634622,2021-04-01,2021,ATL,PHI,144,143,2,3,5,1,10,1,608331.0,Max Fried,605400.0,Aaron Nola,641401.0,518858.0,2681,Citizens Bank Park,day,R
634615,2021-04-01,2021,LAD,COL,119,115,5,8,13,1,9,0,477132.0,Clayton Kershaw,608566.0,Germán Márquez,592346.0,477132.0,19,Coors Field,day,R
634618,2021-04-01,2021,ARI,SD,109,135,7,8,15,1,9,0,518516.0,Madison Bumgarner,506433.0,Yu Darvish,641941.0,622065.0,2680,Petco Park,day,R
634636,2021-04-01,2021,STL,CIN,138,113,11,6,17,0,9,0,656427.0,Jack Flaherty,622491.0,Luis Castillo,606149.0,622491.0,2602,Great American Ball Park,day,R
634630,2021-04-01,2021,TEX,KC,140,118,10,14,24,1,9,0,502043.0,Kyle Gibson,641745.0,Brad Keller,672578.0,621129.0,7,Kauffman Stadium,day,R
634652,2021-04-01,2021,TB,MIA,139,146,1,0,1,0,9,0,607192.0,Tyler Glasnow,645261.0,Sandy Alcantara,657044.0,554340.0,4169,loanDepot park,day,R
634655,2021-04-02,2021,CWS,LAA,145,108,3,4,7,1,9,0,608337.0,Lucas Giolito,605164.0,Dylan Bundy,594577.0,607481.0,1,Angel Stadium,night,R
634640,2021-04-02,2021,HOU,OAK,117,133,8,1,9,0,9,0,425844.0,Zack Greinke,605135.0,Chris Bassitt,425844.0,605135.0,10,Oakland Coliseum,night,R
634625,2021-04-02,2021,SF,SEA,137,136,7,8,15,1,10,1,592332.0,Kevin Gausman,594835.0,Marco Gonzales,664948.0,501625.0,680,T-Mobile Park,night,R
634627,2021-04-01,2021,BAL,BOS,110,111,0,0,0,0,9,0,607644.0,John Means,543135.0,Nathan Eovaldi,,,3,Fenway Park,day,R
634647,2021-04-01,2021,NYM,WSH,121,120,0,0,0,0,9,0,594798.0,Jacob deGrom,453286.0,Max Scherzer,,,3309,Nationals Park,night,R
634627,2021-04-02,2021,BAL,BOS,110,111,3,0,3,0,9,0,607644.0,John Means,543135.0,Nathan Eovaldi,607644.0,543135.0,3,Fenway Park,day,R
634602,2021-04-02,2021,TB,MIA,139,146,6,4,10,0,9,0,642232.0,Ryan Yarbrough,641154.0,Pablo López,552640.0,542914.0,4169,loanDepot park,night,R
634653,2021-04-03,2021,LAD,COL,119,115,11,6,17,0,9,0,545333.0,Trevor Bauer,622608.0,Antonio Senzatela,545333.0,622608.0,19,Coors Field,night,R
634631,2021-04-03,2021,CWS,LAA,145,108,12,8,20,0,9,0,572971.0,Dallas Keuchel,571760.0,Andrew Heaney,656629.0,571760.0,1,Angel Stadium,night,R
634605,2021-04-03,2021,HOU,OAK,117,133,9,5,14,0,9,0,664299.0,Cristian Javier,666200.0,Jesús Luzardo,650556.0,666200.0,10,Oakland Coliseum,night,R
634576,2021-04-03,2021,ARI,SD,109,135,2,4,6,1,9,0,518876.0,Merrill Kelly,605483.0,Blake Snell,641941.0,518876.0,2680,Petco Park,night,R
634578,2021-04-03,2021,SF,SEA,137,136,6,3,9,0,9,0,456501.0,Johnny Cueto,579328.0,Yusei Kikuchi,593974.0,608716.0,680,T-Mobile Park,night,R
634644,2021-04-03,2021,TOR,NYY,141,147,3,5,8,1,9,0,548389.0,Ross Stripling,446372.0,Corey Kluber,642528.0,548389.0,3313,Yankee Stadium,day,R
634577,2021-04-03,2021,BAL,BOS,110,111,4,2,6,0,9,0,518774.0,Matt Harvey,656557.0,Tanner Houck,592644.0,656557.0,3,Fenway Park,day,R
634573,2021-04-03,2021,CLE,DET,114,116,2,5,7,1,9,0,668676.0,Zach Plesac,527054.0,Julio Teheran,527054.0,668676.0,2394,Comerica Park,day,R
634604,2021-04-03,2021,TEX,KC,140,118,4,11,15,1,9,0,685503.0,Kohei Arihara,501985.0,Mike Minor,501985.0,622250.0,7,Kauffman Stadium,day,R
634643,2021-04-03,2021,PIT,CHC,134,112,1,5,6,1,9,0,542881.0,Tyler Anderson,453562.0,Jake Arrieta,453562.0,542881.0,17,Wrigley Field,day,R
634580,2021-04-03,2021,ATL,PHI,144,143,0,4,4,1,9,0,450203.0,Charlie Morton,554430.0,Zack Wheeler,554430.0,450203.0,2681,Citizens Bank Park,day,R
634629,2021-04-03,2021,HOU,OAK,117,133,9,1,10,0,9,0,621121.0,Lance McCullers Jr.,608344.0,Cole Irvin,621121.0,608344.0,10,Oakland Coliseum,day,R
634654,2021-04-03,2021,STL,CIN,138,113,6,9,15,1,9,0,425794.0,Adam Wainwright,641816.0,Tyler Mahle,641816.0,425794.0,2602,Great American Ball Park,day,R
634596,2021-04-03,2021,TB,MIA,139,146,7,12,19,1,9,0,448179.0,Rich Hill,622694.0,Elieser Hernández,542947.0,502042.0,4169,loanDepot park,night,R
634575,2021-04-03,2021,MIN,MIL,142,158,2,0,2,0,9,0,621244.0,José Berríos,669203.0,Corbin Burnes,621244.0,669203.0,32,American Family Field,night,R
634633,2021-04-04,2021,LAD,COL,119,115,6,5,11,0,9,0,621111.0,Walker Buehler,592351.0,Jon Gray,595014.0,571710.0,19,Coors Field,night,R
634623,2021-04-04,2021,ARI,SD,109,135,0,7,7,1,9,0,592761.0,Caleb Smith,605397.0,Joe Musgrove,605397.0,592761.0,2680,Petco Park,night,R
634646,2021-04-04,2021,CWS,LAA,145,108,3,5,8,1,9,0,458681.0,Lance Lynn,502171.0,Alex Cobb,448855.0,605359.0,1,Angel Stadium,night,R
634639,2021-04-04,2021,SF,SEA,137,136,0,4,4,1,9,0,657277.0,Logan Webb,623167.0,Chris Flexen,623167.0,657277.0,680,T-Mobile Park,night,R
634620,2021-04-03,2021,NYM,WSH,121,120,0,0,0,0,9,0,,,,,,,3309,Nationals Park,day,R
634617,2021-04-04,2021,ATL,PHI,144,143,1,2,3,1,9,0,666120.0,Ian Anderson,621107.0,Zach Eflin,621237.0,455119.0,2681,Citizens Bank Park,day,R
634607,2021-04-04,2021,TOR,NYY,141,147,3,1,4,0,9,0,643615.0,T.J. Zeuch,593334.0,Domingo Germán,621366.0,593334.0,3313,Yankee Stadium,day,R
634610,2021-04-04,2021,BAL,BOS,110,111,11,3,14,0,9,0,669145.0,Bruce Zimmermann,572070.0,Garrett Richards,669145.0,572070.0,3,Fenway Park,day,R
634611,2021-04-04,2021,CLE,DET,114,116,9,3,12,0,9,0,650644.0,Aaron Civale,669373.0,Tarik Skubal,650644.0,596057.0,2394,Comerica Park,day,R
634560,2021-04-04,2021,STL,CIN,138,113,1,12,13,1,9,0,593372.0,Carlos Martinez,656546.0,Jeff Hoffman,656546.0,593372.0,2602,Great American Ball Park,day,R
634593,2021-04-04,2021,TEX,KC,140,118,7,3,10,0,9,0,543475.0,Jordan Lyles,663903.0,Brady Singer,543475.0,663903.0,7,Kauffman Stadium,day,R
634597,2021-04-04,2021,MIN,MIL,142,158,8,2,10,0,9,0,501381.0,Michael Pineda,605288.0,Adrian Houser,501381.0,605288.0,32,American Family Field,day,R
634613,2021-04-04,2021,PIT,CHC,134,112,3,4,7,1,9,0,656605.0,Mitch Keller,605200.0,Zach Davies,605200.0,656605.0,17,Wrigley Field,day,R
634557,2021-04-04,2021,LAD,COL,119,115,4,2,6,0,9,0,628711.0,Julio Urías,596295.0,Austin Gomber,628711.0,596295.0,19,Coors Field,day,R
634651,2021-04-04,2021,HOU,OAK,117,133,9,2,11,0,9,0,664353.0,José Urquidy,640455.0,Sean Manaea,656232.0,640455.0,10,Oakland Coliseum,day,R
634572,2021-04-04,2021,ARI,SD,109,135,3,1,4,0,9,0,642203.0,Taylor Widener,663978.0,Chris Paddack,642203.0,663978.0,2680,Petco Park,day,R
634637,2021-04-05,2021,CWS,LAA,145,108,4,7,11,1,9,0,656302.0,Dylan Cease,660271.0,Shohei Ohtani,628452.0,614179.0,1,Angel Stadium,night,R
634556,2021-04-04,2021,NYM,WSH,121,120,0,0,0,0,9,0,,,,,,,3309,Nationals Park,day,R
634588,2021-04-05,2021,MIN,DET,142,116,15,6,21,0,9,0,533167.0,Matt Shoemaker,570632.0,José Ureña,533167.0,570632.0,2394,Comerica Park,day,R
634612,2021-04-05,2021,TOR,TEX,141,140,6,2,8,0,9,0,571927.0,Steven Matz,592314.0,Mike Foltynewicz,571927.0,592314.0,5325,Globe Life Field,day,R
634616,2021-04-05,2021,KC,CLE,118,114,3,0,3,0,9,0,518633.0,Danny Duffy,663531.0,Logan Allen,518633.0,663531.0,5,Progressive Field,day,R
634587,2021-04-05,2021,BAL,NYY,110,147,0,7,7,1,9,0,605347.0,Jorge López,656756.0,Jordan Montgomery,656756.0,605347.0,3313,Yankee Stadium,night,R
634558,2021-04-05,2021,PIT,CIN,134,113,3,5,8,1,9,0,664141.0,JT Brubaker,592254.0,José De León,448281.0,607572.0,2602,Great American Ball Park,night,R
634562,2021-04-05,2021,STL,MIA,138,146,4,1,5,0,9,0,594965.0,Daniel Ponce de Leon,669432.0,Trevor Rogers,594965.0,669432.0,4169,loanDepot park,night,R
634606,2021-04-05,2021,NYM,PHI,121,143,3,5,8,1,9,0,594798.0,Jacob deGrom,519043.0,Matt Moore,641401.0,543507.0,2681,Citizens Bank Park,night,R
634601,2021-04-05,2021,TB,BOS,139,111,2,11,13,1,9,0,608379.0,Michael Wacha,601713.0,Nick Pivetta,601713.0,608379.0,3,Fenway Park,night,R
634566,2021-04-05,2021,MIL,CHC,158,112,3,5,8,1,9,0,474463.0,Brett Anderson,592866.0,Trevor Williams,592866.0,474463.0,17,Wrigley Field,night,R
634552,2021-04-06,2021,HOU,LAA,117,108,6,7,13,1,9,0,677651.0,Luis Garcia,500779.0,Jose Quintana,453265.0,501925.0,1,Angel Stadium,night,R
634600,2021-04-06,2021,LAD,OAK,119,133,10,3,13,0,9,0,669160.0,Dustin May,593423.0,Frankie Montas,669160.0,593423.0,10,Oakland Coliseum,night,R
634591,2021-04-06,2021,SF,SD,137,135,3,2,5,0,9,0,543101.0,Anthony DeSclafani,670970.0,Adrian Morejon,670056.0,489334.0,2680,Petco Park,night,R
634551,2021-04-06,2021,CWS,SEA,145,136,6,0,6,0,9,0,607074.0,Carlos Rodón,656954.0,Justus Sheffield,607074.0,656954.0,680,T-Mobile Park,night,R
634595,2021-04-05,2021,ATL,WSH,144,120,0,0,0,0,9,0,592767.0,Drew Smyly,,,,,3309,Nationals Park,day,R
634603,2021-04-06,2021,MIN,DET,142,116,3,4,7,1,10,1,457918.0,J.A. Happ,663554.0,Casey Mize,642397.0,570663.0,2394,Comerica Park,day,R
634624,2021-04-06,2021,ATL,WSH,144,120,5,6,11,1,9,0,592767.0,Drew Smyly,453286.0,Max Scherzer,543339.0,519293.0,3309,Nationals Park,day,R
634586,2021-04-06,2021,HOU,LAA,117,108,4,2,6,0,9,0,425844.0,Zack Greinke,605164.0,Dylan Bundy,519151.0,628452.0,1,Angel Stadium,day,R
634599,2021-04-06,2021,BAL,NYY,110,147,2,7,9,1,9,0,665152.0,Dean Kremer,543037.0,Gerrit Cole,543037.0,665152.0,3313,Yankee Stadium,night,R
634530,2021-04-06,2021,PIT,CIN,134,113,1,14,15,1,9,0,502239.0,Trevor Cahill,489119.0,Wade Miley,489119.0,502239.0,2602,Great American Ball Park,night,R
634594,2021-04-06,2021,STL,MIA,138,146,4,2,6,0,9,0,607231.0,John Gant,645261.0,Sandy Alcantara,664854.0,645261.0,4169,loanDepot park,night,R
634608,2021-04-06,2021,NYM,PHI,121,143,8,4,12,0,9,0,573186.0,Marcus Stroman,502624.0,Chase Anderson,573186.0,502624.0,2681,Citizens Bank Park,night,R
634590,2021-04-06,2021,TB,BOS,139,111,5,6,11,1,12,1,607192.0,Tyler Glasnow,527048.0,Martín Pérez,570488.0,657044.0,3,Fenway Park,night,R
634559,2021-04-06,2021,MIL,CHC,158,112,4,0,4,0,9,0,642547.0,Freddy Peralta,640470.0,Adbert Alzolay,642547.0,640470.0,17,Wrigley Field,night,R
634635,2021-04-07,2021,TOR,TEX,141,140,4,7,11,1,9,0,543699.0,Tanner Roark,641540.0,Dane Dunning,641540.0,543699.0,5325,Globe Life Field,night,R
634619,2021-04-07,2021,ARI,COL,109,115,10,8,18,0,13,1,596133.0,Luke Weaver,608566.0,Germán Márquez,676840.0,641386.0,19,Coors Field,night,R
634628,2021-04-07,2021,LAD,OAK,119,133,5,1,6,0,9,0,477132.0,Clayton Kershaw,605135.0,Chris Bassitt,477132.0,605135.0,10,Oakland Coliseum,night,R
634529,2021-04-07,2021,SF,SD,137,135,1,3,4,1,9,0,592717.0,Aaron Sanchez,506433.0,Yu Darvish,605309.0,605538.0,2680,Petco Park,night,R
634609,2021-04-07,2021,CWS,SEA,145,136,10,4,14,0,9,0,608337.0,Lucas Giolito,572020.0,James Paxton,608337.0,676606.0,680,T-Mobile Park,night,R
634527,2021-04-07,2021,ATL,WSH,144,120,7,6,13,0,7,0,608331.0,Max Fried,607200.0,Erick Fedde,458708.0,607200.0,3309,Nationals Park,day,R
634595,2021-04-07,2021,ATL,WSH,144,120,2,0,2,0,7,0,660623.0,Huascar Ynoa,544931.0,Stephen Strasburg,592426.0,663432.0,3309,Nationals Park,day,R
634570,2021-04-07,2021,PIT,CIN,134,113,4,11,15,1,9,0,641771.0,Chad Kuhl,622491.0,Luis Castillo,622491.0,641771.0,2602,Great American Ball Park,day,R
634589,2021-04-07,2021,KC,CLE,118,114,2,4,6,1,9,0,596001.0,Jakob Junis,669456.0,Shane Bieber,661403.0,518813.0,5,Progressive Field,day,R
634641,2021-04-07,2021,TB,BOS,139,111,2,9,11,1,9,0,642232.0,Ryan Yarbrough,543135.0,Nathan Eovaldi,543135.0,642232.0,3,Fenway Park,day,R
634598,2021-04-07,2021,MIN,DET,142,116,3,2,5,0,9,0,628317.0,Kenta Maeda,571510.0,Matthew Boyd,628317.0,571510.0,2394,Comerica Park,day,R
634583,2021-04-07,2021,TOR,TEX,141,140,1,2,3,1,9,0,547943.0,Hyun Jin Ryu,502043.0,Kyle Gibson,502043.0,547943.0,5325,Globe Life Field,day,R
634549,2021-04-07,2021,MIL,CHC,158,112,4,2,6,0,10,1,605540.0,Brandon Woodruff,543294.0,Kyle Hendricks,623352.0,519443.0,17,Wrigley Field,day,R
634567,2021-04-07,2021,LAD,OAK,119,133,3,4,7,1,10,1,545333.0,Trevor Bauer,666200.0,Jesús Luzardo,433589.0,519076.0,10,Oakland Coliseum,day,R
634626,2021-04-07,2021,NYM,PHI,121,143,2,8,10,1,9,0,656849.0,David Peterson,605400.0,Aaron Nola,641401.0,656849.0,2681,Citizens Bank Park,day,R
634563,2021-04-07,2021,SF,SD,137,135,3,2,5,0,10,1,592332.0,Kevin Gausman,605483.0,Blake Snell,459429.0,657612.0,2680,Petco Park,day,R
634592,2021-04-07,2021,CWS,SEA,145,136,4,8,12,1,9,0,572971.0,Dallas Keuchel,643290.0,Justin Dunn,676684.0,641582.0,680,T-Mobile Park,day,R
634585,2021-04-07,2021,STL,MIA,138,146,7,0,7,0,9,0,656427.0,Jack Flaherty,641154.0,Pablo López,656427.0,641154.0,4169,loanDepot park,day,R
634539,2021-04-07,2021,BAL,NYY,110,147,4,3,7,0,11,1,607644.0,John Means,592791.0,Jameson Taillon,491624.0,643338.0,3313,Yankee Stadium,night,R
634542,2021-04-08,2021,ARI,COL,109,115,0,8,8,1,9,0,518516.0,Madison Bumgarner,622608.0,Antonio Senzatela,622608.0,518516.0,19,Coors Field,night,R
634584,2021-04-08,2021,MIA,NYM,146,121,2,3,5,1,9,0,663734.0,Nick Neidert,592836.0,Taijuan Walker,621242.0,542914.0,3289,Citi Field,day,R
634555,2021-04-08,2021,CHC,PIT,112,134,4,2,6,0,9,0,453562.0,Jake Arrieta,542881.0,Tyler Anderson,453562.0,542881.0,31,PNC Park,day,R
634544,2021-04-08,2021,BOS,BAL,111,110,7,3,10,0,9,0,593958.0,Eduardo Rodriguez,518774.0,Matt Harvey,593958.0,518774.0,2,Oriole Park at Camden Yards,day,R
634564,2021-04-08,2021,ARI,COL,109,115,3,7,10,1,9,0,518876.0,Merrill Kelly,592351.0,Jon Gray,592351.0,518876.0,19,Coors Field,day,R
634550,2021-04-08,2021,SEA,MIN,136,142,2,10,12,1,9,0,594835.0,Marco Gonzales,621244.0,José Berríos,621244.0,594835.0,3312,Target Field,day,R
634565,2021-04-08,2021,KC,CWS,118,145,0,6,6,1,9,0,641745.0,Brad Keller,458681.0,Lance Lynn,458681.0,641745.0,4,Guaranteed Rate Field,day,R
634568,2021-04-08,2021,MIL,STL,158,138,1,3,4,1,9,0,669203.0,Corbin Burnes,425794.0,Adam Wainwright,606149.0,656876.0,2889,Busch Stadium,day,R
634545,2021-04-08,2021,LAA,TOR,108,141,7,5,12,0,11,1,656288.0,Griffin Canning,548389.0,Ross Stripling,448855.0,621366.0,2536,TD Ballpark,night,R
634546,2021-04-09,2021,OAK,HOU,133,117,2,6,8,1,9,0,608344.0,Cole Irvin,664299.0,Cristian Javier,664299.0,608344.0,2392,Minute Maid Park,night,R
634499,2021-04-09,2021,NYY,TB,147,139,5,10,15,1,9,0,446372.0,Corey Kluber,448179.0,Rich Hill,448179.0,446372.0,12,Tropicana Field,day,R
634533,2021-04-09,2021,WSH,LAD,120,119,0,1,1,1,9,0,605452.0,Joe Ross,621111.0,Walker Buehler,621111.0,501593.0,22,Dodger Stadium,day,R
634494,2021-04-09,2021,COL,SF,115,137,1,3,4,1,9,0,596295.0,Austin Gomber,456501.0,Johnny Cueto,456501.0,596295.0,2395,Oracle Park,day,R
634512,2021-04-09,2021,LAA,TOR,108,141,7,1,8,0,9,0,571760.0,Andrew Heaney,475479.0,David Phelps,571760.0,643615.0,2536,TD Ballpark,night,R
634505,2021-04-09,2021,DET,CLE,116,114,1,4,5,1,9,0,527054.0,Julio Teheran,668676.0,Zach Plesac,668676.0,502706.0,5,Progressive Field,night,R
634534,2021-04-09,2021,PHI,ATL,143,144,1,8,9,1,9,0,554430.0,Zack Wheeler,450203.0,Charlie Morton,450203.0,554430.0,4705,Truist Park,night,R
634478,2021-04-10,2021,SD,TEX,135,140,3,0,3,0,9,0,605397.0,Joe Musgrove,685503.0,Kohei Arihara,605397.0,685503.0,5325,Globe Life Field,night,R
634537,2021-04-10,2021,OAK,HOU,133,117,6,2,8,0,9,0,640455.0,Sean Manaea,621121.0,Lance McCullers Jr.,433589.0,650556.0,2392,Minute Maid Park,night,R
634540,2021-04-10,2021,CIN,ARI,113,109,6,5,11,0,10,1,641816.0,Tyler Mahle,642203.0,Taylor Widener,672335.0,622065.0,15,Chase Field,night,R
632201,2021-04-10,2021,MIA,NYM,146,121,3,0,3,0,9,0,669432.0,Trevor Rogers,594798.0,Jacob deGrom,669432.0,594798.0,3289,Citi Field,day,R
632217,2021-04-10,2021,NYY,TB,147,139,0,4,4,1,9,0,593334.0,Domingo Germán,502042.0,Chris Archer,552640.0,593334.0,12,Tropicana Field,day,R
632205,2021-04-10,2021,SEA,MIN,136,142,4,3,7,0,10,1,579328.0,Yusei Kikuchi,501381.0,Michael Pineda,608665.0,573124.0,3312,Target Field,day,R
632222,2021-04-10,2021,MIL,STL,158,138,9,5,14,0,9,0,605288.0,Adrian Houser,593372.0,Carlos Martinez,605288.0,593372.0,2889,Busch Stadium,day,R
632202,2021-04-10,2021,OAK,HOU,133,117,7,3,10,0,9,0,593423.0,Frankie Montas,664353.0,José Urquidy,593423.0,664353.0,2392,Minute Maid Park,day,R
632169,2021-04-10,2021,COL,SF,115,137,3,4,7,1,9,0,592346.0,Chi Chi González,657277.0,Logan Webb,670056.0,641386.0,2395,Oracle Park,day,R
632218,2021-04-10,2021,DET,CLE,116,114,3,11,14,1,9,0,669373.0,Tarik Skubal,650644.0,Aaron Civale,650644.0,669373.0,5,Progressive Field,night,R
632195,2021-04-10,2021,CHC,PIT,112,134,2,8,10,1,9,0,605200.0,Zach Davies,656605.0,Mitch Keller,656605.0,605200.0,31,PNC Park,night,R
634491,2021-04-10,2021,BOS,BAL,111,110,6,4,10,0,10,1,572070.0,Garrett Richards,669145.0,Bruce Zimmermann,598264.0,622253.0,2,Oriole Park at Camden Yards,night,R
632193,2021-04-10,2021,SD,TEX,135,140,7,4,11,0,9,0,663978.0,Chris Paddack,543475.0,Jordan Lyles,677960.0,605138.0,5325,Globe Life Field,night,R
632227,2021-04-10,2021,LAA,TOR,108,141,1,15,16,1,9,0,500779.0,Jose Quintana,571927.0,Steven Matz,571927.0,500779.0,2536,TD Ballpark,night,R
634524,2021-04-10,2021,PHI,ATL,143,144,4,5,9,1,9,0,621107.0,Zach Eflin,666120.0,Ian Anderson,656794.0,605151.0,4705,Truist Park,night,R
634484,2021-04-11,2021,CIN,ARI,113,109,3,8,11,1,9,0,656546.0,Jeff Hoffman,642092.0,Riley Smith,642092.0,656546.0,15,Chase Field,night,R
632191,2021-04-11,2021,WSH,LAD,120,119,5,9,14,1,9,0,571578.0,Patrick Corbin,628711.0,Julio Urías,628711.0,571578.0,22,Dodger Stadium,night,R
634656,2021-04-10,2021,KC,CWS,118,145,0,0,0,0,9,0,501985.0,Mike Minor,656302.0,Dylan Cease,,,4,Guaranteed Rate Field,day,R
632200,2021-04-11,2021,BOS,BAL,111,110,14,9,23,0,9,0,601713.0,Nick Pivetta,605347.0,Jorge López,601713.0,605347.0,2,Oriole Park at Camden Yards,day,R
632225,2021-04-11,2021,CHC,PIT,112,134,1,7,8,1,9,0,592866.0,Trevor Williams,664141.0,JT Brubaker,664141.0,592866.0,31,PNC Park,day,R
632228,2021-04-11,2021,DET,CLE,116,114,2,5,7,1,9,0,570632.0,José Ureña,663531.0,Logan Allen,663531.0,570632.0,5,Progressive Field,day,R
632192,2021-04-11,2021,MIA,NYM,146,121,5,6,11,1,9,0,622694.0,Elieser Hernández,592836.0,Taijuan Walker,544727.0,571670.0,3289,Citi Field,day,R
632232,2021-04-11,2021,NYY,TB,147,139,8,4,12,0,10,1,656756.0,Jordan Montgomery,641703.0,Brent Honeywell,547973.0,543521.0,12,Tropicana Field,day,R
632215,2021-04-11,2021,SEA,MIN,136,142,8,6,14,0,9,0,623167.0,Chris Flexen,533167.0,Matt Shoemaker,608716.0,517008.0,3312,Target Field,day,R
632170,2021-04-11,2021,KC,CWS,118,145,4,3,7,0,10,1,501985.0,Mike Minor,656302.0,Dylan Cease,518813.0,676979.0,4,Guaranteed Rate Field,day,R
632196,2021-04-11,2021,MIL,STL,158,138,9,3,12,0,9,0,474463.0,Brett Anderson,594965.0,Daniel Ponce de Leon,474463.0,594965.0,2889,Busch Stadium,day,R
632233,2021-04-11,2021,SD,TEX,135,140,2,0,2,0,9,0,670970.0,Adrian Morejon,592314.0,Mike Foltynewicz,489334.0,592314.0,5325,Globe Life Field,day,R
632188,2021-04-11,2021,COL,SF,115,137,0,4,4,1,9,0,608566.0,Germán Márquez,543101.0,Anthony DeSclafani,543101.0,608566.0,2395,Oracle Park,day,R
632209,2021-04-11,2021,CIN,ARI,113,109,0,7,7,1,9,0,592254.0,José De León,596133.0,Luke Weaver,596133.0,592254.0,15,Chase Field,day,R
632214,2021-04-11,2021,WSH,LAD,120,119,0,3,3,1,9,0,453286.0,Max Scherzer,477132.0,Clayton Kershaw,477132.0,453286.0,22,Dodger Stadium,day,R
632207,2021-04-11,2021,PHI,ATL,143,144,7,6,13,0,9,0,519043.0,Matt Moore,592767.0,Drew Smyly,621237.0,519293.0,4705,Truist Park,night,R
632208,2021-04-11,2021,LAA,TOR,108,141,0,0,0,0,9,0,502171.0,Alex Cobb,543699.0,Tanner Roark,,,2536,TD Ballpark,day,R
632198,2021-04-12,2021,SD,PIT,135,134,6,2,8,0,9,0,506433.0,Yu Darvish,502239.0,Trevor Cahill,506433.0,665854.0,31,PNC Park,night,R
632203,2021-04-12,2021,NYY,TOR,147,141,3,1,4,0,9,0,543037.0,Gerrit Cole,592662.0,Robbie Ray,543037.0,592662.0,2536,TD Ballpark,night,R
632204,2021-04-12,2021,TEX,TB,140,139,0,1,1,1,9,0,641540.0,Dane Dunning,607192.0,Tyler Glasnow,607192.0,621368.0,12,Tropicana Field,night,R
632219,2021-04-12,2021,MIA,ATL,146,144,5,3,8,0,10,1,645261.0,Sandy Alcantara,660623.0,Huascar Ynoa,554340.0,657097.0,4705,Truist Park,night,R
632221,2021-04-12,2021,CHC,MIL,112,158,3,6,9,1,9,0,640470.0,Adbert Alzolay,642547.0,Freddy Peralta,642547.0,640470.0,32,American Family Field,night,R
632230,2021-04-12,2021,WSH,STL,120,138,5,2,7,0,9,0,607200.0,Erick Fedde,607231.0,John Gant,640448.0,607231.0,2889,Busch Stadium,night,R
632220,2021-04-13,2021,DET,HOU,116,117,6,2,8,0,9,0,663554.0,Casey Mize,425844.0,Zack Greinke,663554.0,425844.0,2392,Minute Maid Park,night,R
632197,2021-04-13,2021,LAA,KC,108,118,10,3,13,0,9,0,502171.0,Alex Cobb,663903.0,Brady Singer,502171.0,663903.0,7,Kauffman Stadium,night,R
632216,2021-04-13,2021,CLE,CWS,114,145,3,4,7,1,9,0,663474.0,Triston McKenzie,572971.0,Dallas Keuchel,676051.0,661403.0,4,Guaranteed Rate Field,night,R
632231,2021-04-13,2021,OAK,ARI,133,109,9,5,14,0,9,0,605135.0,Chris Bassitt,518516.0,Madison Bumgarner,605135.0,518516.0,15,Chase Field,night,R
634648,2021-04-13,2021,CIN,SF,113,137,3,0,3,0,9,0,489119.0,Wade Miley,592717.0,Aaron Sanchez,489119.0,592717.0,2395,Oracle Park,night,R
632223,2021-04-12,2021,BOS,MIN,111,142,0,0,0,0,9,0,,,,,,,3312,Target Field,day,R
632224,2021-04-12,2021,SEA,BAL,136,110,0,0,0,0,9,0,656954.0,Justus Sheffield,665152.0,Dean Kremer,,,2,Oriole Park at Camden Yards,night,R
632226,2021-04-12,2021,PHI,NYM,143,121,0,0,0,0,9,0,502624.0,Chase Anderson,656849.0,David Peterson,,,3289,Citi Field,night,R
632190,2021-04-13,2021,BOS,MIN,111,142,4,2,6,0,9,0,527048.0,Martín Pérez,457918.0,J.A. Happ,493603.0,677976.0,3312,Target Field,day,R
632206,2021-04-13,2021,OAK,ARI,133,109,7,5,12,0,9,0,666200.0,Jesús Luzardo,668678.0,Zac Gallen,433589.0,461872.0,15,Chase Field,day,R
632213,2021-04-13,2021,SEA,BAL,136,110,4,3,7,0,8,0,656954.0,Justus Sheffield,607644.0,John Means,606160.0,656945.0,2,Oriole Park at Camden Yards,night,R
632224,2021-04-13,2021,SEA,BAL,136,110,6,7,13,1,7,0,676606.0,Nick Margevicius,665152.0,Dean Kremer,491624.0,594987.0,2,Oriole Park at Camden Yards,night,R
632189,2021-04-13,2021,PHI,NYM,143,121,3,4,7,1,8,0,502624.0,Chase Anderson,592836.0,Taijuan Walker,543507.0,593576.0,3289,Citi Field,night,R
632226,2021-04-13,2021,PHI,NYM,143,121,0,4,4,1,7,0,605400.0,Aaron Nola,573186.0,Marcus Stroman,573186.0,605400.0,3289,Citi Field,night,R
634535,2021-04-13,2021,SD,PIT,135,134,4,8,12,1,9,0,605483.0,Blake Snell,641771.0,Chad Kuhl,608717.0,622503.0,31,PNC Park,night,R
634569,2021-04-13,2021,NYY,TOR,147,141,3,7,10,1,9,0,592791.0,Jameson Taillon,547943.0,Hyun Jin Ryu,547943.0,592791.0,2536,TD Ballpark,night,R
634489,2021-04-13,2021,TEX,TB,140,139,8,3,11,0,9,0,502043.0,Kyle Gibson,642232.0,Ryan Yarbrough,502043.0,642232.0,12,Tropicana Field,night,R
632211,2021-04-13,2021,MIA,ATL,146,144,14,8,22,0,9,0,641154.0,Pablo López,608331.0,Max Fried,595928.0,608331.0,4705,Truist Park,night,R
632194,2021-04-13,2021,CHC,MIL,112,158,3,2,5,0,9,0,621219.0,Alec Mills,605540.0,Brandon Woodruff,467008.0,608718.0,32,American Family Field,night,R
634502,2021-04-13,2021,WSH,STL,120,138,3,14,17,1,9,0,544931.0,Stephen Strasburg,656427.0,Jack Flaherty,656427.0,544931.0,2889,Busch Stadium,night,R
632229,2021-04-14,2021,DET,HOU,116,117,8,2,10,0,9,0,571510.0,Matthew Boyd,543606.0,Jake Odorizzi,571510.0,543606.0,2392,Minute Maid Park,night,R
632210,2021-04-14,2021,LAA,KC,108,118,2,3,5,1,9,0,605164.0,Dylan Bundy,518633.0,Danny Duffy,518633.0,605164.0,7,Kauffman Stadium,night,R
632199,2021-04-14,2021,CLE,CWS,114,145,2,0,2,0,10,1,669456.0,Shane Bieber,608337.0,Lucas Giolito,669456.0,676979.0,4,Guaranteed Rate Field,night,R
634510,2021-04-14,2021,CIN,SF,113,137,6,7,13,1,9,0,622491.0,Luis Castillo,592332.0,Kevin Gausman,593974.0,672335.0,2395,Oracle Park,night,R
632212,2021-04-14,2021,COL,LAD,115,119,0,7,7,1,9,0,622608.0,Antonio Senzatela,545333.0,Trevor Bauer,545333.0,622608.0,22,Dodger Stadium,night,R
634513,2021-04-14,2021,NYY,TOR,147,141,4,5,9,1,9,0,446372.0,Corey Kluber,643615.0,T.J. Zeuch,503569.0,643338.0,2536,TD Ballpark,day,R
634541,2021-04-14,2021,WSH,STL,120,138,6,0,6,0,9,0,605452.0,Joe Ross,425794.0,Adam Wainwright,605452.0,425794.0,2889,Busch Stadium,day,R
634553,2021-04-14,2021,CHC,MIL,112,158,0,7,7,1,9,0,453562.0,Jake Arrieta,669203.0,Corbin Burnes,669203.0,453562.0,32,American Family Field,day,R
634495,2021-04-14,2021,LAA,KC,108,118,1,6,7,1,9,0,656288.0,Griffin Canning,641745.0,Brad Keller,641745.0,656288.0,7,Kauffman Stadium,day,R
634574,2021-04-14,2021,BOS,MIN,111,142,3,2,5,0,7,0,543135.0,Nathan Eovaldi,628317.0,Kenta Maeda,543135.0,628317.0,3312,Target Field,day,R
632223,2021-04-14,2021,BOS,MIN,111,142,7,1,8,0,7,0,593958.0,Eduardo Rodriguez,621244.0,José Berríos,593958.0,621244.0,3312,Target Field,day,R
634582,2021-04-14,2021,CIN,SF,113,137,0,3,3,1,9,0,641816.0,Tyler Mahle,456501.0,Johnny Cueto,456501.0,641816.0,2395,Oracle Park,day,R
634523,2021-04-14,2021,SD,PIT,135,134,1,5,6,1,9,0,605397.0,Joe Musgrove,542881.0,Tyler Anderson,542881.0,605397.0,31,PNC Park,night,R
634521,2021-04-14,2021,DET,HOU,116,117,6,4,10,0,9,0,605242.0,Michael Fulmer,621121.0,Lance McCullers Jr.,605242.0,621121.0,2392,Minute Maid Park,night,R
634496,2021-04-14,2021,TEX,TB,140,139,5,1,6,0,9,0,685503.0,Kohei Arihara,676596.0,Josh Fleming,685503.0,676596.0,12,Tropicana Field,night,R
634528,2021-04-14,2021,PHI,NYM,143,121,1,5,6,1,9,0,554430.0,Zack Wheeler,656849.0,David Peterson,656849.0,554430.0,3289,Citi Field,night,R
634581,2021-04-14,2021,MIA,ATL,146,144,6,5,11,0,10,1,663734.0,Nick Neidert,450203.0,Charlie Morton,595928.0,554431.0,4705,Truist Park,night,R
634516,2021-04-15,2021,CLE,CWS,114,145,0,8,8,1,9,0,668676.0,Zach Plesac,607074.0,Carlos Rodón,607074.0,668676.0,4,Guaranteed Rate Field,night,R
634614,2021-04-15,2021,COL,LAD,115,119,2,4,6,1,9,0,592351.0,Jon Gray,669160.0,Dustin May,608349.0,592351.0,22,Dodger Stadium,night,R
634472,2021-04-14,2021,SEA,BAL,136,110,0,0,0,0,9,0,643290.0,Justin Dunn,518774.0,Matt Harvey,,,2,Oriole Park at Camden Yards,night,R
634579,2021-04-15,2021,MIA,ATL,146,144,6,7,13,1,9,0,669432.0,Trevor Rogers,666120.0,Ian Anderson,621345.0,571670.0,4705,Truist Park,day,R
634621,2021-04-15,2021,SD,PIT,135,134,8,3,11,0,9,0,663978.0,Chris Paddack,656605.0,Mitch Keller,663978.0,656605.0,31,PNC Park,day,R
634571,2021-04-15,2021,SEA,BAL,136,110,4,2,6,0,7,0,594835.0,Marco Gonzales,518774.0,Matt Harvey,594835.0,656945.0,2,Oriole Park at Camden Yards,day,R
634472,2021-04-15,2021,SEA,BAL,136,110,2,1,3,0,7,0,643290.0,Justin Dunn,669145.0,Bruce Zimmermann,643290.0,669145.0,2,Oriole Park at Camden Yards,day,R
634554,2021-04-15,2021,BOS,MIN,111,142,3,4,7,1,9,0,572070.0,Garrett Richards,501381.0,Michael Pineda,517008.0,493603.0,3312,Target Field,day,R
634501,2021-04-15,2021,CLE,CWS,114,145,4,2,6,0,9,0,650644.0,Aaron Civale,458681.0,Lance Lynn,650644.0,458681.0,4,Guaranteed Rate Field,day,R
634481,2021-04-15,2021,ARI,WSH,109,120,11,6,17,0,9,0,518876.0,Merrill Kelly,571578.0,Patrick Corbin,518876.0,571578.0,3309,Nationals Park,night,R
634522,2021-04-15,2021,TEX,TB,140,139,6,4,10,0,10,1,543475.0,Jordan Lyles,448179.0,Rich Hill,622250.0,642003.0,12,Tropicana Field,night,R
634475,2021-04-16,2021,TOR,KC,141,118,5,7,12,1,9,0,641743.0,Anthony Kay,596001.0,Jakob Junis,596001.0,641743.0,7,Kauffman Stadium,night,R
634632,2021-04-16,2021,DET,OAK,116,133,4,8,12,1,9,0,669373.0,Tarik Skubal,640455.0,Sean Manaea,640455.0,669373.0,10,Oakland Coliseum,night,R
634547,2021-04-16,2021,COL,LAD,115,119,5,7,12,1,9,0,596295.0,Austin Gomber,628711.0,Julio Urías,519076.0,622075.0,22,Dodger Stadium,night,R
634515,2021-04-15,2021,PHI,NYM,143,121,0,0,0,0,9,0,621107.0,Zach Eflin,594798.0,Jacob deGrom,,,3289,Citi Field,day,R
634548,2021-04-16,2021,ATL,CHC,144,112,5,2,7,0,9,0,657140.0,Kyle Wright,605200.0,Zach Davies,458708.0,605200.0,17,Wrigley Field,day,R
634469,2021-04-16,2021,ARI,WSH,109,120,0,1,1,1,9,0,642203.0,Taylor Widener,453286.0,Max Scherzer,543272.0,622065.0,3309,Nationals Park,night,R
634474,2021-04-16,2021,STL,PHI,138,143,2,9,11,1,9,0,593372.0,Carlos Martinez,621107.0,Zach Eflin,621107.0,593372.0,2681,Citizens Bank Park,night,R
634464,2021-04-16,2021,TB,NYY,139,147,8,2,10,0,9,0,608379.0,Michael Wacha,656793.0,Nick Nelson,608379.0,656793.0,3313,Yankee Stadium,night,R
634482,2021-04-16,2021,CLE,CIN,114,113,3,10,13,1,9,0,663531.0,Logan Allen,656546.0,Jeff Hoffman,656546.0,663531.0,2602,Great American Ball Park,night,R
634519,2021-04-16,2021,SF,MIA,137,146,1,4,5,1,9,0,543101.0,Anthony DeSclafani,641447.0,Daniel Castano,542914.0,605538.0,4169,loanDepot park,night,R
634463,2021-04-17,2021,BAL,TEX,110,140,5,2,7,0,9,0,605347.0,Jorge López,592314.0,Mike Foltynewicz,605347.0,592314.0,5325,Globe Life Field,night,R
634483,2021-04-17,2021,PIT,MIL,134,158,6,1,7,0,9,0,664141.0,JT Brubaker,605288.0,Adrian Houser,664141.0,605288.0,32,American Family Field,night,R
634526,2021-04-17,2021,MIN,LAA,142,108,3,10,13,1,9,0,626929.0,Lewis Thorpe,571760.0,Andrew Heaney,642083.0,677976.0,1,Angel Stadium,night,R
634525,2021-04-17,2021,DET,OAK,116,133,0,3,3,1,9,0,570632.0,José Ureña,593423.0,Frankie Montas,593423.0,570632.0,10,Oakland Coliseum,night,R
634531,2021-04-17,2021,LAD,SD,119,135,11,6,17,0,12,1,621111.0,Walker Buehler,677960.0,Ryan Weathers,456034.0,657612.0,2680,Petco Park,night,R
634517,2021-04-17,2021,HOU,SEA,117,136,5,6,11,1,9,0,664353.0,José Urquidy,579328.0,Yusei Kikuchi,664948.0,592773.0,680,T-Mobile Park,night,R
634518,2021-04-16,2021,CWS,BOS,145,111,0,0,0,0,9,0,656302.0,Dylan Cease,601713.0,Nick Pivetta,,,3,Fenway Park,night,R
634520,2021-04-17,2021,TOR,KC,141,118,0,0,0,0,9,0,571927.0,Steven Matz,501985.0,Mike Minor,,,7,Kauffman Stadium,night,R
634561,2021-04-17,2021,NYM,COL,121,115,0,0,0,0,9,0,594798.0,Jacob deGrom,592346.0,Chi Chi González,,,19,Coors Field,night,R
634507,2021-04-17,2021,ARI,WSH,109,120,2,6,8,1,9,0,596133.0,Luke Weaver,607200.0,Erick Fedde,607200.0,596133.0,3309,Nationals Park,day,R
634500,2021-04-17,2021,TB,NYY,139,147,6,3,9,0,9,0,607192.0,Tyler Glasnow,656756.0,Jordan Montgomery,607192.0,656756.0,3313,Yankee Stadium,day,R
634477,2021-04-17,2021,TOR,KC,141,118,5,1,6,0,7,0,571927.0,Steven Matz,501985.0,Mike Minor,571927.0,501985.0,7,Kauffman Stadium,day,R
634520,2021-04-17,2021,TOR,KC,141,118,2,3,5,1,7,0,543548.0,Tommy Milone,429722.0,Ervin Santana,518813.0,606303.0,7,Kauffman Stadium,night,R
634462,2021-04-17,2021,ATL,CHC,144,112,4,13,17,1,9,0,660623.0,Huascar Ynoa,592866.0,Trevor Williams,592866.0,660623.0,17,Wrigley Field,day,R
634470,2021-04-17,2021,STL,PHI,138,143,9,4,13,0,9,0,547942.0,Kwang Hyun Kim,519043.0,Matt Moore,664854.0,519043.0,2681,Citizens Bank Park,day,R
634471,2021-04-17,2021,CWS,BOS,145,111,4,7,11,1,9,0,656302.0,Dylan Cease,601713.0,Nick Pivetta,493603.0,676051.0,3,Fenway Park,day,R
634479,2021-04-17,2021,DET,OAK,116,133,0,7,7,1,9,0,663554.0,Casey Mize,608344.0,Cole Irvin,608344.0,663554.0,10,Oakland Coliseum,day,R
634460,2021-04-17,2021,CLE,CIN,114,113,2,3,5,1,10,1,663474.0,Triston McKenzie,543243.0,Sonny Gray,448281.0,424144.0,2602,Great American Ball Park,day,R
634485,2021-04-17,2021,NYM,COL,121,115,4,3,7,0,7,0,594798.0,Jacob deGrom,592346.0,Chi Chi González,594798.0,453268.0,19,Coors Field,day,R
634561,2021-04-17,2021,NYM,COL,121,115,2,7,9,1,7,0,664192.0,Joey Lucchesi,608566.0,Germán Márquez,608566.0,664192.0,19,Coors Field,day,R
634450,2021-04-17,2021,SF,MIA,137,146,6,7,13,1,10,1,592717.0,Aaron Sanchez,645261.0,Sandy Alcantara,554340.0,606424.0,4169,loanDepot park,night,R
634543,2021-04-17,2021,BAL,TEX,110,140,6,1,7,0,9,0,665152.0,Dean Kremer,641540.0,Dane Dunning,664042.0,570257.0,5325,Globe Life Field,night,R
634473,2021-04-17,2021,PIT,MIL,134,158,1,7,8,1,9,0,502239.0,Trevor Cahill,474463.0,Brett Anderson,474463.0,502239.0,32,American Family Field,night,R
634449,2021-04-18,2021,LAD,SD,119,135,2,0,2,0,9,0,477132.0,Clayton Kershaw,506433.0,Yu Darvish,477132.0,506433.0,2680,Petco Park,night,R
634447,2021-04-18,2021,HOU,SEA,117,136,1,0,1,0,9,0,425844.0,Zack Greinke,623167.0,Chris Flexen,425844.0,623167.0,680,T-Mobile Park,night,R
634465,2021-04-18,2021,MIN,LAA,142,108,0,0,0,0,9,0,533167.0,Matt Shoemaker,500779.0,Jose Quintana,,,1,Angel Stadium,night,R
634493,2021-04-18,2021,ARI,WSH,109,120,5,2,7,0,9,0,518516.0,Madison Bumgarner,502179.0,Paolo Espino,518516.0,502179.0,3309,Nationals Park,day,R
634498,2021-04-18,2021,STL,PHI,138,143,0,2,2,1,9,0,607231.0,John Gant,605400.0,Aaron Nola,605400.0,607231.0,2681,Citizens Bank Park,day,R
634458,2021-04-18,2021,TB,NYY,139,147,4,2,6,0,9,0,552640.0,Andrew Kittredge,543037.0,Gerrit Cole,642232.0,543037.0,3313,Yankee Stadium,day,R
634487,2021-04-18,2021,CLE,CIN,114,113,6,3,9,0,9,0,669456.0,Shane Bieber,489119.0,Wade Miley,669456.0,489119.0,2602,Great American Ball Park,day,R
634532,2021-04-18,2021,CWS,BOS,145,111,3,2,5,0,7,0,572971.0,Dallas Keuchel,656557.0,Tanner Houck,572971.0,656557.0,3,Fenway Park,day,R
634518,2021-04-18,2021,CWS,BOS,145,111,5,1,6,0,7,0,656629.0,Michael Kopech,527048.0,Martín Pérez,641582.0,527048.0,3,Fenway Park,night,R
634425,2021-04-18,2021,SF,MIA,137,146,1,0,1,0,9,0,622072.0,Alex Wood,641154.0,Pablo López,622072.0,641154.0,4169,loanDepot park,day,R
634442,2021-04-18,2021,TOR,KC,141,118,0,2,2,1,9,0,592662.0,Robbie Ray,663903.0,Brady Singer,622092.0,643615.0,7,Kauffman Stadium,day,R
634455,2021-04-18,2021,PIT,MIL,134,158,6,5,11,0,10,1,641771.0,Chad Kuhl,642547.0,Freddy Peralta,593144.0,656420.0,32,American Family Field,day,R
634511,2021-04-18,2021,BAL,TEX,110,140,0,1,1,1,10,1,607644.0,John Means,502043.0,Kyle Gibson,667463.0,664042.0,5325,Globe Life Field,day,R
634468,2021-04-18,2021,NYM,COL,121,115,2,1,3,0,9,0,573186.0,Marcus Stroman,622608.0,Antonio Senzatela,573186.0,622608.0,19,Coors Field,day,R
634480,2021-04-18,2021,DET,OAK,116,133,2,3,5,1,9,0,571510.0,Matthew Boyd,605135.0,Chris Bassitt,642152.0,642397.0,10,Oakland Coliseum,day,R
634488,2021-04-18,2021,LAD,SD,119,135,2,5,7,1,9,0,545333.0,Trevor Bauer,605483.0,Blake Snell,605309.0,518397.0,2680,Petco Park,day,R
634538,2021-04-18,2021,HOU,SEA,117,136,2,7,9,1,9,0,543606.0,Jake Odorizzi,676606.0,Nick Margevicius,664714.0,543606.0,680,T-Mobile Park,day,R
634506,2021-04-18,2021,ATL,CHC,144,112,13,4,17,0,9,0,669060.0,Bryse Wilson,543294.0,Kyle Hendricks,669060.0,543294.0,17,Wrigley Field,night,R
634441,2021-04-18,2021,MIN,LAA,142,108,0,0,0,0,9,0,457918.0,J.A. Happ,502171.0,Alex Cobb,,,1,Angel Stadium,day,R
634445,2021-04-19,2021,CWS,BOS,145,111,4,11,15,1,9,0,608337.0,Lucas Giolito,543135.0,Nathan Eovaldi,543135.0,608337.0,3,Fenway Park,day,R
634431,2021-04-19,2021,STL,WSH,138,120,12,5,17,0,9,0,656427.0,Jack Flaherty,605452.0,Joe Ross,656427.0,605452.0,3309,Nationals Park,night,R
634457,2021-04-19,2021,SF,PHI,137,143,2,0,2,0,9,0,592332.0,Kevin Gausman,502624.0,Chase Anderson,592332.0,502624.0,2681,Citizens Bank Park,night,R
634396,2021-04-20,2021,TB,KC,139,118,4,1,5,0,9,0,676596.0,Josh Fleming,518633.0,Danny Duffy,676596.0,518633.0,7,Kauffman Stadium,night,R
634536,2021-04-20,2021,TEX,LAA,140,108,6,4,10,0,9,0,685503.0,Kohei Arihara,605164.0,Dylan Bundy,685503.0,605164.0,1,Angel Stadium,night,R
634421,2021-04-20,2021,LAD,SEA,119,136,3,4,7,1,9,0,669160.0,Dustin May,656954.0,Justus Sheffield,656954.0,669160.0,680,T-Mobile Park,night,R
634399,2021-04-20,2021,MIL,SD,158,135,3,1,4,0,9,0,605540.0,Brandon Woodruff,605397.0,Joe Musgrove,605540.0,605397.0,2680,Petco Park,night,R
634466,2021-04-20,2021,MIN,OAK,142,133,0,0,0,0,9,0,,,666200.0,Jesús Luzardo,,,10,Oakland Coliseum,night,R
634417,2021-04-20,2021,LAD,SEA,119,136,1,0,1,0,9,0,628711.0,Julio Urías,594835.0,Marco Gonzales,628711.0,594835.0,680,T-Mobile Park,day,R
634397,2021-04-20,2021,CWS,CLE,145,114,8,5,13,0,9,0,607074.0,Carlos Rodón,668676.0,Zach Plesac,607074.0,668676.0,5,Progressive Field,night,R
634490,2021-04-20,2021,MIN,OAK,142,133,0,7,7,1,7,0,533167.0,Matt Shoemaker,640455.0,Sean Manaea,640455.0,533167.0,10,Oakland Coliseum,day,R
634466,2021-04-20,2021,MIN,OAK,142,133,0,1,1,1,7,0,621244.0,José Berríos,666200.0,Jesús Luzardo,666200.0,621244.0,10,Oakland Coliseum,day,R
634422,2021-04-20,2021,ATL,NYY,144,147,1,3,4,1,9,0,450203.0,Charlie Morton,592791.0,Jameson Taillon,642528.0,554431.0,3313,Yankee Stadium,night,R
634408,2021-04-20,2021,ARI,CIN,109,113,5,4,9,0,9,0,668678.0,Zac Gallen,622491.0,Luis Castillo,656266.0,607237.0,2602,Great American Ball Park,night,R
634427,2021-04-20,2021,BAL,MIA,110,146,7,5,12,0,9,0,518774.0,Matt Harvey,663734.0,Nick Neidert,518774.0,663734.0,4169,loanDepot park,night,R
634509,2021-04-20,2021,STL,WSH,138,120,2,3,5,1,9,0,425794.0,Adam Wainwright,571578.0,Patrick Corbin,543339.0,606149.0,3309,Nationals Park,night,R
634439,2021-04-20,2021,SF,PHI,137,143,10,7,17,0,9,0,657277.0,Logan Webb,554430.0,Zack Wheeler,501625.0,641401.0,2681,Citizens Bank Park,night,R
634409,2021-04-20,2021,TOR,BOS,141,111,2,4,6,1,9,0,547943.0,Hyun Jin Ryu,593958.0,Eduardo Rodriguez,593958.0,547943.0,3,Fenway Park,night,R
634411,2021-04-20,2021,NYM,CHC,121,112,1,3,4,1,9,0,592836.0,Taijuan Walker,453562.0,Jake Arrieta,453562.0,592836.0,17,Wrigley Field,night,R
634407,2021-04-21,2021,TB,KC,139,118,14,7,21,0,9,0,448179.0,Rich Hill,641745.0,Brad Keller,552640.0,641745.0,7,Kauffman Stadium,night,R
634406,2021-04-21,2021,HOU,COL,117,115,2,6,8,1,9,0,677651.0,Luis Garcia,592351.0,Jon Gray,592351.0,677651.0,19,Coors Field,night,R
634398,2021-04-21,2021,TEX,LAA,140,108,2,6,8,1,9,0,543475.0,Jordan Lyles,660271.0,Shohei Ohtani,656288.0,543475.0,1,Angel Stadium,night,R
634392,2021-04-21,2021,MIL,SD,158,135,6,0,6,0,9,0,669203.0,Corbin Burnes,663978.0,Chris Paddack,669203.0,663978.0,2680,Petco Park,night,R
634390,2021-04-20,2021,PIT,DET,134,116,0,0,0,0,9,0,542881.0,Tyler Anderson,605242.0,Michael Fulmer,,,2394,Comerica Park,night,R
634428,2021-04-21,2021,SF,PHI,137,143,5,6,11,1,9,0,543101.0,Anthony DeSclafani,621107.0,Zach Eflin,593576.0,593974.0,2681,Citizens Bank Park,day,R
634497,2021-04-21,2021,BAL,MIA,110,146,0,3,3,1,9,0,669145.0,Bruce Zimmermann,669432.0,Trevor Rogers,669432.0,669145.0,4169,loanDepot park,day,R
634390,2021-04-21,2021,PIT,DET,134,116,3,2,5,0,7,0,542881.0,Tyler Anderson,605242.0,Michael Fulmer,542881.0,605242.0,2394,Comerica Park,day,R
634423,2021-04-21,2021,PIT,DET,134,116,2,5,7,1,7,0,664337.0,Miguel Yajure,605513.0,Spencer Turnbull,605513.0,664337.0,2394,Comerica Park,night,R
634424,2021-04-21,2021,HOU,COL,117,115,3,6,9,1,9,0,664353.0,José Urquidy,596295.0,Austin Gomber,596295.0,664353.0,19,Coors Field,day,R
634440,2021-04-21,2021,MIN,OAK,142,133,12,13,25,1,10,1,628317.0,Kenta Maeda,593423.0,Frankie Montas,500610.0,517008.0,10,Oakland Coliseum,day,R
634405,2021-04-21,2021,STL,WSH,138,120,0,1,1,1,9,0,593372.0,Carlos Martinez,453286.0,Max Scherzer,453286.0,593372.0,3309,Nationals Park,day,R
634430,2021-04-21,2021,TEX,LAA,140,108,7,4,11,0,9,0,592314.0,Mike Foltynewicz,500779.0,Jose Quintana,667463.0,594577.0,1,Angel Stadium,day,R
634476,2021-04-21,2021,MIL,SD,158,135,4,2,6,0,9,0,605288.0,Adrian Houser,659275.0,Dinelson Lamet,608718.0,605309.0,2680,Petco Park,day,R
634408,2021-04-21,2021,ARI,CIN,109,113,5,4,9,0,9,0,668678.0,Zac Gallen,622491.0,Luis Castillo,656266.0,607237.0,2602,Great American Ball Park,night,R
634504,2021-04-21,2021,ATL,NYY,144,147,4,1,5,0,9,0,666120.0,Ian Anderson,446372.0,Corey Kluber,666120.0,446372.0,3313,Yankee Stadium,night,R
634444,2021-04-21,2021,ARI,CIN,109,113,8,5,13,0,10,1,518876.0,Merrill Kelly,641816.0,Tyler Mahle,664199.0,672335.0,2602,Great American Ball Park,night,R
634459,2021-04-21,2021,TOR,BOS,141,111,6,3,9,0,9,0,663423.0,Trent Thornton,572070.0,Garrett Richards,621366.0,572070.0,3,Fenway Park,night,R
634453,2021-04-21,2021,NYM,CHC,121,112,4,16,20,1,9,0,656849.0,David Peterson,605200.0,Zach Davies,621219.0,656849.0,17,Wrigley Field,night,R
634446,2021-04-22,2021,TB,KC,139,118,8,9,17,1,9,0,608379.0,Michael Wacha,596001.0,Jakob Junis,605130.0,650895.0,7,Kauffman Stadium,night,R
634452,2021-04-21,2021,CWS,CLE,145,114,0,0,0,0,9,0,,,650644.0,Aaron Civale,,,5,Progressive Field,night,R
634514,2021-04-22,2021,ARI,CIN,109,113,14,11,25,0,10,1,642203.0,Taylor Widener,656546.0,Jeff Hoffman,592761.0,608371.0,2602,Great American Ball Park,day,R
634492,2021-04-22,2021,PIT,DET,134,116,4,2,6,0,9,0,656605.0,Mitch Keller,570632.0,José Ureña,607572.0,542585.0,2394,Comerica Park,day,R
634436,2021-04-22,2021,NYY,CLE,147,114,6,3,9,0,9,0,593334.0,Domingo Germán,650644.0,Aaron Civale,593334.0,621295.0,5,Progressive Field,night,R
634508,2021-04-22,2021,SEA,BOS,136,111,7,3,10,0,10,1,643290.0,Justin Dunn,601713.0,Nick Pivetta,606160.0,650382.0,3,Fenway Park,night,R
634419,2021-04-22,2021,NYM,CHC,121,112,3,4,7,1,10,1,664192.0,Joey Lucchesi,592866.0,Trevor Williams,595465.0,621242.0,17,Wrigley Field,night,R
634438,2021-04-23,2021,LAA,HOU,108,117,2,8,10,1,9,0,502171.0,Alex Cobb,664299.0,Cristian Javier,664299.0,502171.0,2392,Minute Maid Park,night,R
634432,2021-04-23,2021,MIA,SF,146,137,0,3,3,1,9,0,641447.0,Daniel Castano,592717.0,Aaron Sanchez,592717.0,641447.0,2395,Oracle Park,night,R
634420,2021-04-23,2021,SD,LAD,135,119,3,2,5,0,9,0,677960.0,Ryan Weathers,621111.0,Walker Buehler,622503.0,595014.0,22,Dodger Stadium,night,R
634426,2021-04-23,2021,MIL,CHC,158,112,2,15,17,1,9,0,474463.0,Brett Anderson,543294.0,Kyle Hendricks,543294.0,474463.0,17,Wrigley Field,day,R
634389,2021-04-23,2021,OAK,BAL,133,110,3,1,4,0,9,0,608344.0,Cole Irvin,605347.0,Jorge López,608344.0,605347.0,2,Oriole Park at Camden Yards,night,R
634412,2021-04-23,2021,KC,DET,118,116,6,2,8,0,9,0,501985.0,Mike Minor,663554.0,Casey Mize,501985.0,663554.0,2394,Comerica Park,night,R
634429,2021-04-23,2021,WSH,NYM,120,121,0,6,6,1,9,0,607200.0,Erick Fedde,594798.0,Jacob deGrom,594798.0,607200.0,3289,Citi Field,night,R
634386,2021-04-23,2021,SEA,BOS,136,111,5,6,11,1,9,0,579328.0,Yusei Kikuchi,527048.0,Martín Pérez,617228.0,579328.0,3,Fenway Park,night,R
634413,2021-04-23,2021,TOR,TB,141,139,5,3,8,0,9,0,571927.0,Steven Matz,607192.0,Tyler Glasnow,571927.0,607192.0,12,Tropicana Field,night,R
634437,2021-04-23,2021,NYY,CLE,147,114,5,3,8,0,9,0,656756.0,Jordan Montgomery,663531.0,Logan Allen,476595.0,663531.0,5,Progressive Field,night,R
634415,2021-04-23,2021,ARI,ATL,109,144,4,5,9,1,9,0,596133.0,Luke Weaver,660623.0,Huascar Ynoa,660623.0,596133.0,4705,Truist Park,night,R
634383,2021-04-24,2021,LAA,HOU,108,117,4,5,9,1,10,1,571760.0,Andrew Heaney,425844.0,Zack Greinke,519151.0,628452.0,2392,Minute Maid Park,night,R
634434,2021-04-24,2021,PIT,MIN,134,142,0,2,2,1,9,0,664141.0,JT Brubaker,457918.0,J.A. Happ,457918.0,664141.0,3312,Target Field,night,R
634435,2021-04-24,2021,TEX,CWS,140,145,7,9,16,1,9,0,641540.0,Dane Dunning,656302.0,Dylan Cease,676051.0,621129.0,4,Guaranteed Rate Field,night,R
634378,2021-04-24,2021,CIN,STL,113,138,4,5,9,1,9,0,543243.0,Sonny Gray,547942.0,Kwang Hyun Kim,547942.0,543243.0,2889,Busch Stadium,night,R
634401,2021-04-24,2021,PHI,COL,143,115,4,5,9,1,9,0,592826.0,Vince Velasquez,608566.0,Germán Márquez,571710.0,593576.0,19,Coors Field,night,R
634369,2021-04-24,2021,MIA,SF,146,137,3,5,8,1,9,0,645261.0,Sandy Alcantara,622072.0,Alex Wood,622072.0,645261.0,2395,Oracle Park,night,R
634370,2021-04-24,2021,SD,LAD,135,119,6,1,7,0,9,0,506433.0,Yu Darvish,477132.0,Clayton Kershaw,506433.0,477132.0,22,Dodger Stadium,night,R
634375,2021-04-24,2021,KC,DET,118,116,2,1,3,0,9,0,663903.0,Brady Singer,571510.0,Matthew Boyd,663903.0,571510.0,2394,Comerica Park,day,R
634373,2021-04-24,2021,SEA,BOS,136,111,8,2,10,0,9,0,623167.0,Chris Flexen,543135.0,Nathan Eovaldi,623167.0,543135.0,3,Fenway Park,day,R
634467,2021-04-24,2021,PIT,MIN,134,142,6,2,8,0,9,0,502239.0,Trevor Cahill,501381.0,Michael Pineda,502239.0,501381.0,3312,Target Field,day,R
634395,2021-04-24,2021,CIN,STL,113,138,0,2,2,1,9,0,489119.0,Wade Miley,607231.0,John Gant,607231.0,489119.0,2889,Busch Stadium,day,R
634416,2021-04-24,2021,MIL,CHC,158,112,4,3,7,0,9,0,642547.0,Freddy Peralta,640470.0,Adbert Alzolay,608718.0,605177.0,17,Wrigley Field,day,R
634443,2021-04-24,2021,WSH,NYM,120,121,7,1,8,0,9,0,605452.0,Joe Ross,573186.0,Marcus Stroman,605452.0,573186.0,3289,Citi Field,day,R
634366,2021-04-24,2021,LAA,HOU,108,117,2,16,18,1,9,0,656288.0,Griffin Canning,543606.0,Jake Odorizzi,592288.0,656288.0,2392,Minute Maid Park,day,R
634358,2021-04-24,2021,TOR,TB,141,139,3,5,8,1,9,0,592662.0,Robbie Ray,641703.0,Brent Honeywell,657044.0,605447.0,12,Tropicana Field,night,R
634486,2021-04-24,2021,NYY,CLE,147,114,2,1,3,0,9,0,543037.0,Gerrit Cole,669456.0,Shane Bieber,543037.0,669456.0,5,Progressive Field,night,R
634367,2021-04-24,2021,OAK,BAL,133,110,7,2,9,0,9,0,605135.0,Chris Bassitt,453281.0,Wade LeBlanc,605135.0,453281.0,2,Oriole Park at Camden Yards,night,R
634384,2021-04-24,2021,TEX,CWS,140,145,1,2,3,1,9,0,502043.0,Kyle Gibson,572971.0,Dallas Keuchel,521230.0,667463.0,4,Guaranteed Rate Field,night,R
634418,2021-04-25,2021,PHI,COL,143,115,7,5,12,0,9,0,605400.0,Aaron Nola,622608.0,Antonio Senzatela,605400.0,468504.0,19,Coors Field,night,R
634503,2021-04-25,2021,MIA,SF,146,137,5,2,7,0,9,0,641154.0,Pablo López,592332.0,Kevin Gausman,571670.0,666619.0,2395,Oracle Park,night,R
634361,2021-04-25,2021,SD,LAD,135,119,4,5,9,1,9,0,605483.0,Blake Snell,545333.0,Trevor Bauer,545333.0,572955.0,22,Dodger Stadium,night,R
634380,2021-04-24,2021,ARI,ATL,109,144,0,0,0,0,9,0,518516.0,Madison Bumgarner,592767.0,Drew Smyly,,,4705,Truist Park,night,R
634454,2021-04-25,2021,OAK,BAL,133,110,1,8,9,1,9,0,666200.0,Jesús Luzardo,607644.0,John Means,607644.0,666200.0,2,Oriole Park at Camden Yards,day,R
634448,2021-04-25,2021,KC,DET,118,116,4,0,4,0,9,0,518633.0,Danny Duffy,605242.0,Michael Fulmer,518633.0,669373.0,2394,Comerica Park,day,R
634344,2021-04-25,2021,WSH,NYM,120,121,0,4,4,1,9,0,571578.0,Patrick Corbin,592836.0,Taijuan Walker,592836.0,571578.0,3289,Citi Field,day,R
634355,2021-04-25,2021,SEA,BOS,136,111,3,5,8,1,9,0,676606.0,Nick Margevicius,593958.0,Eduardo Rodriguez,593958.0,676606.0,3,Fenway Park,day,R
634376,2021-04-25,2021,TOR,TB,141,139,1,0,1,0,9,0,547943.0,Hyun Jin Ryu,672715.0,Luis Patiño,641835.0,676596.0,12,Tropicana Field,day,R
634372,2021-04-25,2021,NYY,CLE,147,114,3,7,10,1,9,0,592791.0,Jameson Taillon,663474.0,Triston McKenzie,656529.0,592791.0,5,Progressive Field,day,R
634404,2021-04-25,2021,ARI,ATL,109,144,5,0,5,0,7,0,668678.0,Zac Gallen,669060.0,Bryse Wilson,668678.0,669060.0,4705,Truist Park,day,R
634380,2021-04-25,2021,ARI,ATL,109,144,7,0,7,0,7,0,518516.0,Madison Bumgarner,592767.0,Drew Smyly,518516.0,592767.0,4705,Truist Park,day,R
634403,2021-04-25,2021,LAA,HOU,108,117,4,2,6,0,9,0,605164.0,Dylan Bundy,621121.0,Lance McCullers Jr.,669735.0,677651.0,2392,Minute Maid Park,day,R
634349,2021-04-25,2021,PIT,MIN,134,142,6,2,8,0,9,0,640444.0,Wil Crowe,533167.0,Matt Shoemaker,605280.0,533167.0,3312,Target Field,day,R
634393,2021-04-25,2021,TEX,CWS,140,145,4,8,12,1,9,0,685503.0,Kohei Arihara,656629.0,Michael Kopech,656629.0,685503.0,4,Guaranteed Rate Field,day,R
634456,2021-04-25,2021,CIN,STL,113,138,2,5,7,1,9,0,622491.0,Luis Castillo,656427.0,Jack Flaherty,656427.0,622491.0,2889,Busch Stadium,day,R
634400,2021-04-25,2021,MIL,CHC,158,112,6,0,6,0,9,0,605540.0,Brandon Woodruff,453562.0,Jake Arrieta,605540.0,453562.0,17,Wrigley Field,day,R
634388,2021-04-25,2021,PHI,COL,143,115,2,12,14,1,9,0,502624.0,Chase Anderson,592351.0,Jon Gray,592351.0,502624.0,19,Coors Field,day,R
634342,2021-04-25,2021,MIA,SF,146,137,3,4,7,1,9,0,446321.0,Ross Detwiler,657277.0,Logan Webb,657277.0,669294.0,2395,Oracle Park,day,R
634356,2021-04-25,2021,SD,LAD,135,119,8,7,15,0,11,1,605397.0,Joe Musgrove,669160.0,Dustin May,657612.0,664076.0,22,Dodger Stadium,day,R
634451,2021-04-26,2021,KC,DET,118,116,3,2,5,0,9,0,641745.0,Brad Keller,605513.0,Spencer Turnbull,641745.0,605513.0,2394,Comerica Park,day,R
634394,2021-04-26,2021,MIN,CLE,142,114,3,5,8,1,10,1,621244.0,José Berríos,668676.0,Zach Plesac,661403.0,517008.0,5,Progressive Field,night,R
634433,2021-04-26,2021,NYY,BAL,147,110,2,4,6,1,9,0,665620.0,Deivi García,518774.0,Matt Harvey,518774.0,665620.0,2,Oriole Park at Camden Yards,night,R
634343,2021-04-26,2021,OAK,TB,133,139,2,1,3,0,9,0,640455.0,Sean Manaea,448179.0,Rich Hill,640455.0,448179.0,12,Tropicana Field,night,R
634402,2021-04-26,2021,CHC,ATL,112,144,7,8,15,1,9,0,605200.0,Zach Davies,450203.0,Charlie Morton,450203.0,519443.0,4705,Truist Park,night,R
634461,2021-04-26,2021,MIA,MIL,146,158,8,0,8,0,9,0,669432.0,Trevor Rogers,669203.0,Corbin Burnes,669432.0,669203.0,32,American Family Field,night,R
634345,2021-04-26,2021,PHI,STL,143,138,2,1,3,0,9,0,554430.0,Zack Wheeler,425794.0,Adam Wainwright,554430.0,425794.0,2889,Busch Stadium,night,R
634377,2021-04-27,2021,LAA,TEX,108,140,9,4,13,0,9,0,660271.0,Shohei Ohtani,543475.0,Jordan Lyles,660271.0,543475.0,5325,Globe Life Field,night,R
634382,2021-04-27,2021,SEA,HOU,136,117,2,5,7,1,9,0,656954.0,Justus Sheffield,664353.0,José Urquidy,664353.0,656954.0,2392,Minute Maid Park,night,R
634374,2021-04-27,2021,COL,SF,115,137,0,12,12,1,9,0,596295.0,Austin Gomber,543101.0,Anthony DeSclafani,543101.0,596295.0,2395,Oracle Park,night,R
634363,2021-04-27,2021,CIN,LAD,113,119,5,3,8,0,10,1,641816.0,Tyler Mahle,628711.0,Julio Urías,622088.0,445276.0,22,Dodger Stadium,night,R
634339,2021-04-27,2021,MIN,CLE,142,114,4,7,11,1,9,0,628317.0,Kenta Maeda,650644.0,Aaron Civale,650644.0,628317.0,5,Progressive Field,night,R
634331,2021-04-27,2021,KC,PIT,118,134,1,2,3,1,9,0,596001.0,Jakob Junis,542881.0,Tyler Anderson,621249.0,596001.0,31,PNC Park,night,R
634387,2021-04-27,2021,NYY,BAL,147,110,5,1,6,0,9,0,446372.0,Corey Kluber,669145.0,Bruce Zimmermann,446372.0,669145.0,2,Oriole Park at Camden Yards,night,R
634335,2021-04-27,2021,WSH,TOR,120,141,5,9,14,1,9,0,453286.0,Max Scherzer,663423.0,Trent Thornton,543548.0,453286.0,2536,TD Ballpark,night,R
634410,2021-04-27,2021,BOS,NYM,111,121,2,1,3,0,9,0,572070.0,Garrett Richards,656849.0,David Peterson,572070.0,656849.0,3289,Citi Field,night,R
634368,2021-04-27,2021,OAK,TB,133,139,3,4,7,1,9,0,593423.0,Frankie Montas,608379.0,Michael Wacha,605488.0,593423.0,12,Tropicana Field,night,R
634351,2021-04-27,2021,CHC,ATL,112,144,0,5,5,1,9,0,592866.0,Trevor Williams,666120.0,Ian Anderson,666120.0,592866.0,4705,Truist Park,night,R
634320,2021-04-27,2021,MIA,MIL,146,158,4,5,9,1,9,0,641447.0,Daniel Castano,605288.0,Adrian Houser,605288.0,595928.0,32,American Family Field,night,R
634318,2021-04-27,2021,PHI,STL,143,138,2,5,7,1,9,0,621107.0,Zach Eflin,593372.0,Carlos Martinez,593372.0,621107.0,2889,Busch Stadium,night,R
634359,2021-04-28,2021,LAA,TEX,108,140,1,6,7,1,9,0,500779.0,Jose Quintana,592314.0,Mike Foltynewicz,592314.0,500779.0,5325,Globe Life Field,night,R
634333,2021-04-28,2021,SEA,HOU,136,117,0,2,2,1,9,0,594835.0,Marco Gonzales,664299.0,Cristian Javier,664299.0,594835.0,2392,Minute Maid Park,night,R
634332,2021-04-28,2021,DET,CWS,116,145,5,2,7,0,9,0,570632.0,José Ureña,608337.0,Lucas Giolito,570632.0,608337.0,4,Guaranteed Rate Field,night,R
634364,2021-04-28,2021,SD,ARI,135,109,1,5,6,1,9,0,663978.0,Chris Paddack,518876.0,Merrill Kelly,518876.0,663978.0,15,Chase Field,night,R
634354,2021-04-28,2021,COL,SF,115,137,7,5,12,0,10,1,592346.0,Chi Chi González,592717.0,Aaron Sanchez,453268.0,666619.0,2395,Oracle Park,night,R
634379,2021-04-28,2021,CIN,LAD,113,119,6,5,11,0,9,0,656546.0,Jeff Hoffman,621111.0,Walker Buehler,641682.0,518397.0,22,Dodger Stadium,night,R
634371,2021-04-28,2021,MIN,CLE,142,114,10,2,12,0,9,0,457918.0,J.A. Happ,663531.0,Logan Allen,457918.0,663531.0,5,Progressive Field,day,R
634317,2021-04-28,2021,MIA,MIL,146,158,6,2,8,0,9,0,645261.0,Sandy Alcantara,643327.0,Zack Godley,645261.0,643327.0,32,American Family Field,day,R
634365,2021-04-28,2021,CIN,LAD,113,119,0,8,8,1,9,0,543243.0,Sonny Gray,477132.0,Clayton Kershaw,477132.0,543243.0,22,Dodger Stadium,day,R
634315,2021-04-28,2021,KC,PIT,118,134,9,6,15,0,9,0,501985.0,Mike Minor,656605.0,Mitch Keller,622092.0,656605.0,31,PNC Park,night,R
634310,2021-04-28,2021,BOS,NYM,111,121,1,0,1,0,9,0,601713.0,Nick Pivetta,594798.0,Jacob deGrom,601713.0,594798.0,3289,Citi Field,night,R
634362,2021-04-28,2021,NYY,BAL,147,110,7,0,7,0,9,0,593334.0,Domingo Germán,665152.0,Dean Kremer,593334.0,665152.0,2,Oriole Park at Camden Yards,night,R
634348,2021-04-28,2021,WSH,TOR,120,141,8,2,10,0,9,0,607200.0,Erick Fedde,571927.0,Steven Matz,607200.0,571927.0,2536,TD Ballpark,night,R
634308,2021-04-28,2021,OAK,TB,133,139,0,2,2,1,9,0,608344.0,Cole Irvin,607192.0,Tyler Glasnow,607192.0,608344.0,12,Tropicana Field,night,R
634414,2021-04-28,2021,CHC,ATL,112,144,0,10,10,1,9,0,543294.0,Kyle Hendricks,660623.0,Huascar Ynoa,660623.0,543294.0,4705,Truist Park,night,R
634314,2021-04-28,2021,PHI,STL,143,138,5,3,8,0,9,0,592826.0,Vince Velasquez,670912.0,Johan Oviedo,445213.0,650893.0,2889,Busch Stadium,night,R
634350,2021-04-29,2021,LAA,TEX,108,140,4,3,7,0,9,0,502171.0,Alex Cobb,641540.0,Dane Dunning,669735.0,641540.0,5325,Globe Life Field,night,R
634360,2021-04-29,2021,SEA,HOU,136,117,5,7,12,1,9,0,643290.0,Justin Dunn,425844.0,Zack Greinke,501925.0,606160.0,2392,Minute Maid Park,night,R
634322,2021-04-29,2021,SD,ARI,135,109,12,3,15,0,9,0,677960.0,Ryan Weathers,642092.0,Riley Smith,573062.0,642092.0,15,Chase Field,night,R
634309,2021-04-29,2021,COL,SF,115,137,3,7,10,1,9,0,608566.0,Germán Márquez,622072.0,Alex Wood,622072.0,608566.0,2395,Oracle Park,night,R
634357,2021-04-29,2021,DET,CWS,116,145,0,0,0,0,9,0,663554.0,Casey Mize,607074.0,Carlos Rodón,,,4,Guaranteed Rate Field,night,R
634300,2021-04-29,2021,NYY,BAL,147,110,3,4,7,1,10,1,656756.0,Jordan Montgomery,605347.0,Jorge López,656945.0,642528.0,2,Oriole Park at Camden Yards,day,R
634296,2021-04-29,2021,OAK,TB,133,139,3,2,5,0,9,0,605135.0,Chris Bassitt,663556.0,Shane McClanahan,518617.0,650895.0,12,Tropicana Field,day,R
634352,2021-04-29,2021,PHI,STL,143,138,3,4,7,1,10,1,605400.0,Aaron Nola,547942.0,Kwang Hyun Kim,621052.0,571735.0,2889,Busch Stadium,day,R
634353,2021-04-29,2021,SEA,HOU,136,117,1,0,1,0,9,0,579328.0,Yusei Kikuchi,677651.0,Luis Garcia,579328.0,677651.0,2392,Minute Maid Park,day,R
634330,2021-04-29,2021,DET,CWS,116,145,1,3,4,1,7,0,663554.0,Casey Mize,607074.0,Carlos Rodón,607074.0,663554.0,4,Guaranteed Rate Field,night,R
634357,2021-04-29,2021,DET,CWS,116,145,0,11,11,1,7,0,571510.0,Matthew Boyd,656302.0,Dylan Cease,656302.0,571510.0,4,Guaranteed Rate Field,night,R
634347,2021-04-29,2021,CHC,ATL,112,144,9,3,12,0,9,0,640470.0,Adbert Alzolay,669060.0,Bryse Wilson,640470.0,669060.0,4705,Truist Park,night,R
634346,2021-04-29,2021,LAD,MIL,119,158,1,2,3,1,9,0,545333.0,Trevor Bauer,641778.0,Eric Lauer,641778.0,545333.0,32,American Family Field,night,R
634289,2021-04-30,2021,BOS,TEX,111,140,1,4,5,1,9,0,527048.0,Martín Pérez,502043.0,Kyle Gibson,502043.0,527048.0,5325,Globe Life Field,night,R
634385,2021-04-30,2021,COL,ARI,115,109,3,5,8,1,9,0,622608.0,Antonio Senzatela,596133.0,Luke Weaver,592761.0,596112.0,15,Chase Field,night,R
634325,2021-04-30,2021,STL,PIT,138,134,7,3,10,0,9,0,607231.0,John Gant,664141.0,JT Brubaker,607231.0,664141.0,31,PNC Park,night,R
634336,2021-04-30,2021,NYM,PHI,121,143,1,2,3,1,9,0,573186.0,Marcus Stroman,502624.0,Chase Anderson,502624.0,573186.0,2681,Citizens Bank Park,night,R
634274,2021-04-30,2021,MIA,WSH,146,120,1,2,3,1,10,1,641154.0,Pablo López,452657.0,Jon Lester,543272.0,554340.0,3309,Nationals Park,night,R
634327,2021-04-30,2021,DET,NYY,116,147,0,10,10,1,9,0,669373.0,Tarik Skubal,543037.0,Gerrit Cole,543037.0,669373.0,3313,Yankee Stadium,night,R
634305,2021-04-30,2021,CHC,CIN,112,113,6,8,14,1,9,0,453562.0,Jake Arrieta,489119.0,Wade Miley,489119.0,453562.0,2602,Great American Ball Park,night,R
634275,2021-04-30,2021,HOU,TB,117,139,9,2,11,0,9,0,621121.0,Lance McCullers Jr.,642232.0,Ryan Yarbrough,621121.0,642232.0,12,Tropicana Field,night,R
634280,2021-04-30,2021,ATL,TOR,144,141,5,13,18,1,9,0,592767.0,Drew Smyly,592662.0,Robbie Ray,592662.0,592767.0,2536,TD Ballpark,night,R
634337,2021-05-01,2021,BOS,TEX,111,140,6,1,7,0,9,0,543135.0,Nathan Eovaldi,685503.0,Kohei Arihara,543135.0,685503.0,5325,Globe Life Field,night,R
634391,2021-05-01,2021,KC,MIN,118,142,1,9,10,1,9,0,663903.0,Brady Singer,501381.0,Michael Pineda,501381.0,663903.0,3312,Target Field,night,R
634288,2021-05-01,2021,CLE,CWS,114,145,5,3,8,0,9,0,669456.0,Shane Bieber,572971.0,Dallas Keuchel,669456.0,572971.0,4,Guaranteed Rate Field,night,R
634290,2021-05-01,2021,LAD,MIL,119,158,1,3,4,1,9,0,670955.0,Edwin Uceta,642547.0,Freddy Peralta,642547.0,670955.0,32,American Family Field,night,R
634328,2021-05-01,2021,COL,ARI,115,109,2,7,9,1,9,0,592351.0,Jon Gray,518516.0,Madison Bumgarner,518516.0,592351.0,15,Chase Field,night,R
634381,2021-05-01,2021,BAL,OAK,110,133,3,2,5,0,9,0,607644.0,John Means,571666.0,Mike Fiers,607644.0,571666.0,10,Oakland Coliseum,night,R
634287,2021-05-01,2021,LAA,SEA,108,136,4,7,11,1,9,0,571760.0,Andrew Heaney,623167.0,Chris Flexen,608716.0,571760.0,680,T-Mobile Park,night,R
634303,2021-05-01,2021,SF,SD,137,135,2,3,5,1,9,0,657277.0,Logan Webb,506433.0,Yu Darvish,506433.0,657277.0,2680,Petco Park,night,R
634304,2021-05-01,2021,MIA,WSH,146,120,2,7,9,1,9,0,669294.0,Paul Campbell,571578.0,Patrick Corbin,571578.0,669294.0,3309,Nationals Park,day,R
634295,2021-05-01,2021,DET,NYY,116,147,4,6,10,1,9,0,605513.0,Spencer Turnbull,592791.0,Jameson Taillon,592791.0,605513.0,3313,Yankee Stadium,day,R
634329,2021-05-01,2021,KC,MIN,118,142,11,3,14,0,9,0,518633.0,Danny Duffy,533167.0,Matt Shoemaker,518633.0,533167.0,3312,Target Field,day,R
634326,2021-05-01,2021,CLE,CWS,114,145,3,7,10,1,9,0,663474.0,Triston McKenzie,458681.0,Lance Lynn,458681.0,663474.0,4,Guaranteed Rate Field,day,R
634319,2021-05-01,2021,BAL,OAK,110,133,8,4,12,0,9,0,518774.0,Matt Harvey,666200.0,Jesús Luzardo,518774.0,666200.0,10,Oakland Coliseum,day,R
634273,2021-05-01,2021,CHC,CIN,112,113,3,2,5,0,9,0,605200.0,Zach Davies,622491.0,Luis Castillo,571521.0,622491.0,2602,Great American Ball Park,day,R
634307,2021-05-01,2021,HOU,TB,117,139,3,1,4,0,9,0,664353.0,José Urquidy,676596.0,Josh Fleming,664353.0,676596.0,12,Tropicana Field,day,R
634276,2021-05-01,2021,NYM,PHI,121,143,5,4,9,0,9,0,592836.0,Taijuan Walker,554430.0,Zack Wheeler,543507.0,593576.0,2681,Citizens Bank Park,night,R
634284,2021-05-01,2021,STL,PIT,138,134,12,5,17,0,9,0,656427.0,Jack Flaherty,502239.0,Trevor Cahill,656427.0,502239.0,31,PNC Park,night,R
634271,2021-05-01,2021,BOS,TEX,111,140,6,8,14,1,9,0,593958.0,Eduardo Rodriguez,543475.0,Jordan Lyles,622250.0,542882.0,5325,Globe Life Field,night,R
634338,2021-05-01,2021,LAD,MIL,119,158,5,6,11,1,11,1,669160.0,Dustin May,605540.0,Brandon Woodruff,622780.0,681911.0,32,American Family Field,night,R
634312,2021-05-01,2021,ATL,TOR,144,141,5,6,11,1,10,1,450203.0,Charlie Morton,664157.0,Travis Bergen,605447.0,518858.0,2536,TD Ballpark,night,R
634286,2021-05-02,2021,COL,ARI,115,109,14,6,20,0,9,0,596295.0,Austin Gomber,668678.0,Zac Gallen,596295.0,668678.0,15,Chase Field,night,R
634316,2021-05-02,2021,SF,SD,137,135,2,6,8,1,9,0,543101.0,Anthony DeSclafani,605483.0,Blake Snell,605483.0,543101.0,2680,Petco Park,night,R
634272,2021-05-02,2021,LAA,SEA,108,136,10,5,15,0,9,0,656288.0,Griffin Canning,664714.0,Ljay Newsome,656288.0,664714.0,680,T-Mobile Park,night,R
634260,2021-05-02,2021,STL,PIT,138,134,3,0,3,0,9,0,593372.0,Carlos Martinez,640444.0,Wil Crowe,593372.0,640444.0,31,PNC Park,day,R
634259,2021-05-02,2021,MIA,WSH,146,120,1,3,4,1,9,0,669432.0,Trevor Rogers,453286.0,Max Scherzer,453286.0,669432.0,3309,Nationals Park,day,R
634311,2021-05-02,2021,DET,NYY,116,147,0,2,2,1,9,0,570632.0,José Ureña,446372.0,Corey Kluber,446372.0,570632.0,3313,Yankee Stadium,day,R
634256,2021-05-02,2021,ATL,TOR,144,141,2,7,9,1,9,0,666120.0,Ian Anderson,548389.0,Ross Stripling,621366.0,666120.0,2536,TD Ballpark,day,R
634298,2021-05-02,2021,CHC,CIN,112,113,12,13,25,1,10,1,592866.0,Trevor Williams,641816.0,Tyler Mahle,641682.0,518886.0,2602,Great American Ball Park,day,R
634323,2021-05-02,2021,HOU,TB,117,139,4,5,9,1,9,0,664299.0,Cristian Javier,448179.0,Rich Hill,605488.0,548384.0,12,Tropicana Field,day,R
634341,2021-05-02,2021,KC,MIN,118,142,4,13,17,1,9,0,641745.0,Brad Keller,621244.0,José Berríos,621244.0,641745.0,3312,Target Field,day,R
634302,2021-05-02,2021,CLE,CWS,114,145,5,0,5,0,9,0,668676.0,Zach Plesac,608337.0,Lucas Giolito,668676.0,608337.0,4,Guaranteed Rate Field,day,R
634282,2021-05-02,2021,LAD,MIL,119,158,16,4,20,0,9,0,628711.0,Julio Urías,676424.0,Alec Bettinger,628711.0,676424.0,32,American Family Field,day,R
634268,2021-05-02,2021,BOS,TEX,111,140,3,5,8,1,9,0,572070.0,Garrett Richards,592314.0,Mike Foltynewicz,622250.0,493603.0,5325,Globe Life Field,day,R
634306,2021-05-02,2021,BAL,OAK,110,133,5,7,12,1,9,0,669145.0,Bruce Zimmermann,640455.0,Sean Manaea,433589.0,664042.0,10,Oakland Coliseum,day,R
634299,2021-05-02,2021,COL,ARI,115,109,4,8,12,1,9,0,592346.0,Chi Chi González,518876.0,Merrill Kelly,606965.0,453268.0,15,Chase Field,day,R
634340,2021-05-02,2021,LAA,SEA,108,136,0,2,2,1,9,0,605164.0,Dylan Bundy,656954.0,Justus Sheffield,656954.0,605164.0,680,T-Mobile Park,day,R
634301,2021-05-02,2021,SF,SD,137,135,7,1,8,0,9,0,592332.0,Kevin Gausman,605397.0,Joe Musgrove,592332.0,605397.0,2680,Petco Park,day,R
634257,2021-05-02,2021,NYM,PHI,121,143,8,7,15,0,9,0,656849.0,David Peterson,621107.0,Zach Eflin,606930.0,445213.0,2681,Citizens Bank Park,night,R
634244,2021-05-03,2021,MIL,PHI,158,143,3,4,7,1,9,0,605288.0,Adrian Houser,592826.0,Vince Velasquez,592826.0,605288.0,2681,Citizens Bank Park,night,R
634285,2021-05-03,2021,TEX,MIN,140,142,5,6,11,1,9,0,641540.0,Dane Dunning,628317.0,Kenta Maeda,628317.0,641540.0,3312,Target Field,night,R
634292,2021-05-03,2021,NYM,STL,121,138,5,6,11,1,9,0,664192.0,Joey Lucchesi,425794.0,Adam Wainwright,425794.0,664192.0,2889,Busch Stadium,night,R
634258,2021-05-04,2021,CLE,KC,114,118,8,6,14,0,9,0,650644.0,Aaron Civale,663738.0,Daniel Lynch IV,543766.0,596001.0,7,Kauffman Stadium,night,R
634334,2021-05-04,2021,TB,LAA,139,108,7,3,10,0,9,0,607192.0,Tyler Glasnow,500779.0,Jose Quintana,607192.0,500779.0,1,Angel Stadium,night,R
634293,2021-05-04,2021,TOR,OAK,141,133,4,5,9,1,9,0,571927.0,Steven Matz,593423.0,Frankie Montas,593423.0,571927.0,10,Oakland Coliseum,night,R
634243,2021-05-04,2021,PIT,SD,134,135,0,2,2,1,9,0,542881.0,Tyler Anderson,622766.0,Miguel Díaz,657612.0,542881.0,2680,Petco Park,night,R
634242,2021-05-04,2021,BAL,SEA,110,136,5,3,8,0,9,0,665152.0,Dean Kremer,657024.0,Erik Swanson,642121.0,664948.0,680,T-Mobile Park,night,R
634264,2021-05-03,2021,LAD,CHC,119,112,0,0,0,0,9,0,621111.0,Walker Buehler,543294.0,Kyle Hendricks,,,17,Wrigley Field,night,R
634254,2021-05-04,2021,SF,COL,137,115,0,0,0,0,9,0,592717.0,Aaron Sanchez,608566.0,Germán Márquez,,,19,Coors Field,night,R
634264,2021-05-04,2021,LAD,CHC,119,112,1,7,8,1,7,0,477132.0,Clayton Kershaw,543294.0,Kyle Hendricks,543294.0,477132.0,17,Wrigley Field,day,R
634321,2021-05-04,2021,LAD,CHC,119,112,3,4,7,1,9,0,545333.0,Trevor Bauer,624522.0,Keegan Thompson,657006.0,664076.0,17,Wrigley Field,night,R
634246,2021-05-04,2021,SF,COL,137,115,12,4,16,0,7,0,592717.0,Aaron Sanchez,608566.0,Germán Márquez,605538.0,608566.0,19,Coors Field,day,R
634254,2021-05-04,2021,SF,COL,137,115,6,8,14,1,7,0,622072.0,Alex Wood,624418.0,Ryan Castellani,641386.0,666808.0,19,Coors Field,day,R
634251,2021-05-04,2021,CWS,CIN,145,113,9,0,9,0,9,0,656302.0,Dylan Cease,656546.0,Jeff Hoffman,656302.0,656546.0,2602,Great American Ball Park,night,R
634245,2021-05-04,2021,ARI,MIA,109,146,3,9,12,1,9,0,642092.0,Riley Smith,645261.0,Sandy Alcantara,542947.0,656464.0,4169,loanDepot park,night,R
634297,2021-05-04,2021,ATL,WSH,144,120,6,1,7,0,9,0,660623.0,Huascar Ynoa,605452.0,Joe Ross,660623.0,605452.0,3309,Nationals Park,night,R
634269,2021-05-04,2021,HOU,NYY,117,147,3,7,10,1,9,0,425844.0,Zack Greinke,593334.0,Domingo Germán,476595.0,656232.0,3313,Yankee Stadium,night,R
634324,2021-05-04,2021,MIL,PHI,158,143,5,6,11,1,9,0,641778.0,Eric Lauer,605400.0,Aaron Nola,605400.0,641778.0,2681,Citizens Bank Park,night,R
634241,2021-05-04,2021,DET,BOS,116,111,7,11,18,1,9,0,605242.0,Michael Fulmer,601713.0,Nick Pivetta,601713.0,605242.0,3,Fenway Park,night,R
634229,2021-05-04,2021,TEX,MIN,140,142,6,3,9,0,10,1,502043.0,Kyle Gibson,457918.0,J.A. Happ,570257.0,663399.0,3312,Target Field,night,R
634277,2021-05-05,2021,CLE,KC,114,118,7,3,10,0,9,0,664208.0,Phil Maton,501985.0,Mike Minor,621295.0,622251.0,7,Kauffman Stadium,night,R
634267,2021-05-05,2021,TB,LAA,139,108,8,3,11,0,9,0,663556.0,Shane McClanahan,502171.0,Alex Cobb,672715.0,502171.0,1,Angel Stadium,night,R
634278,2021-05-05,2021,TOR,OAK,141,133,1,4,5,1,9,0,641743.0,Anthony Kay,608344.0,Cole Irvin,608344.0,641743.0,10,Oakland Coliseum,night,R
634313,2021-05-05,2021,PIT,SD,134,135,2,1,3,0,9,0,656605.0,Mitch Keller,659275.0,Dinelson Lamet,656605.0,677960.0,2680,Petco Park,night,R
634265,2021-05-05,2021,BAL,SEA,110,136,2,5,7,1,9,0,605347.0,Jorge López,643290.0,Justin Dunn,606160.0,664042.0,680,T-Mobile Park,night,R
634239,2021-05-04,2021,NYM,STL,121,138,0,0,0,0,9,0,612434.0,Miguel Castro,670912.0,Johan Oviedo,,,2889,Busch Stadium,night,R
634270,2021-05-05,2021,CWS,CIN,145,113,0,1,1,1,10,1,572971.0,Dallas Keuchel,543243.0,Sonny Gray,608371.0,521230.0,2602,Great American Ball Park,day,R
634225,2021-05-05,2021,SF,COL,137,115,5,6,11,1,9,0,657277.0,Logan Webb,592351.0,Jon Gray,592351.0,657277.0,19,Coors Field,day,R
634220,2021-05-05,2021,BAL,SEA,110,136,6,0,6,0,9,0,607644.0,John Means,579328.0,Yusei Kikuchi,607644.0,579328.0,680,T-Mobile Park,day,R
634250,2021-05-05,2021,NYM,STL,121,138,1,4,5,1,7,0,573186.0,Marcus Stroman,547942.0,Kwang Hyun Kim,664854.0,573186.0,2889,Busch Stadium,night,R
634239,2021-05-05,2021,NYM,STL,121,138,7,2,9,0,7,0,612434.0,Miguel Castro,670912.0,Johan Oviedo,657141.0,670912.0,2889,Busch Stadium,night,R
634249,2021-05-05,2021,ARI,MIA,109,146,0,8,8,1,9,0,596133.0,Luke Weaver,446321.0,Ross Detwiler,656548.0,596133.0,4169,loanDepot park,night,R
634266,2021-05-05,2021,ATL,WSH,144,120,5,3,8,0,9,0,608331.0,Max Fried,607200.0,Erick Fedde,608331.0,607200.0,3309,Nationals Park,night,R
634217,2021-05-05,2021,HOU,NYY,117,147,3,6,9,1,9,0,677651.0,Luis Garcia,656756.0,Jordan Montgomery,642528.0,548384.0,3313,Yankee Stadium,night,R
634294,2021-05-05,2021,MIL,PHI,158,143,4,5,9,1,9,0,642547.0,Freddy Peralta,502624.0,Chase Anderson,445213.0,642547.0,2681,Citizens Bank Park,night,R
634228,2021-05-05,2021,DET,BOS,116,111,6,5,11,0,10,1,663554.0,Casey Mize,527048.0,Martín Pérez,642397.0,676477.0,3,Fenway Park,night,R
634230,2021-05-05,2021,LAD,CHC,119,112,5,6,11,1,11,1,621111.0,Walker Buehler,640470.0,Adbert Alzolay,621219.0,664076.0,17,Wrigley Field,night,R
634279,2021-05-05,2021,TEX,MIN,140,142,3,1,4,0,9,0,660365.0,Hyeon-Jong Yang,626929.0,Lewis Thorpe,667463.0,626929.0,3312,Target Field,night,R
634226,2021-05-06,2021,CLE,KC,114,118,5,4,9,0,9,0,669456.0,Shane Bieber,663903.0,Brady Singer,621295.0,451584.0,7,Kauffman Stadium,night,R
634227,2021-05-06,2021,PIT,SD,134,135,2,4,6,1,9,0,664141.0,JT Brubaker,506433.0,Yu Darvish,489334.0,621249.0,2680,Petco Park,night,R
634281,2021-05-06,2021,TB,LAA,139,108,3,1,4,0,9,0,552640.0,Andrew Kittredge,660271.0,Shohei Ohtani,642232.0,448855.0,1,Angel Stadium,night,R
634248,2021-05-06,2021,TOR,OAK,141,133,9,4,13,0,9,0,592662.0,Robbie Ray,605135.0,Chris Bassitt,605447.0,642152.0,10,Oakland Coliseum,night,R
634224,2021-05-06,2021,HOU,NYY,117,147,7,4,11,0,9,0,621121.0,Lance McCullers Jr.,543037.0,Gerrit Cole,668687.0,643338.0,3313,Yankee Stadium,day,R
634283,2021-05-06,2021,MIL,PHI,158,143,0,2,2,1,9,0,605540.0,Brandon Woodruff,554430.0,Zack Wheeler,554430.0,605540.0,2681,Citizens Bank Park,day,R
634255,2021-05-06,2021,DET,BOS,116,111,9,12,21,1,9,0,605513.0,Spencer Turnbull,543135.0,Nathan Eovaldi,542882.0,656638.0,3,Fenway Park,day,R
634261,2021-05-06,2021,TEX,MIN,140,142,4,3,7,0,10,1,543475.0,Jordan Lyles,501381.0,Michael Pineda,621368.0,608648.0,3312,Target Field,day,R
634223,2021-05-06,2021,NYM,STL,121,138,4,1,5,0,9,0,592836.0,Taijuan Walker,607231.0,John Gant,592836.0,607231.0,2889,Busch Stadium,day,R
634233,2021-05-06,2021,CLE,KC,114,118,4,0,4,0,9,0,663474.0,Triston McKenzie,518633.0,Danny Duffy,663474.0,518633.0,7,Kauffman Stadium,day,R
634231,2021-05-06,2021,TOR,OAK,141,133,10,4,14,0,9,0,547943.0,Hyun Jin Ryu,571666.0,Mike Fiers,547943.0,571666.0,10,Oakland Coliseum,day,R
634232,2021-05-06,2021,ATL,WSH,144,120,3,2,5,0,9,0,592767.0,Drew Smyly,452657.0,Jon Lester,592767.0,452657.0,3309,Nationals Park,day,R
634291,2021-05-06,2021,ARI,MIA,109,146,1,3,4,1,9,0,518516.0,Madison Bumgarner,641154.0,Pablo López,571670.0,656266.0,4169,loanDepot park,night,R
634247,2021-05-07,2021,TB,LAA,139,108,8,3,11,0,9,0,543521.0,Collin McHugh,571760.0,Andrew Heaney,676596.0,594577.0,1,Angel Stadium,night,R
634216,2021-05-07,2021,PIT,CHC,134,112,2,3,5,1,9,0,502239.0,Trevor Cahill,605200.0,Zach Davies,605200.0,502239.0,17,Wrigley Field,day,R
634209,2021-05-07,2021,BOS,BAL,111,110,6,2,8,0,9,0,593958.0,Eduardo Rodriguez,518774.0,Matt Harvey,593958.0,518774.0,2,Oriole Park at Camden Yards,night,R
634234,2021-05-07,2021,WSH,NYY,120,147,11,4,15,0,9,0,571578.0,Patrick Corbin,592791.0,Jameson Taillon,640448.0,642528.0,3313,Yankee Stadium,night,R
634203,2021-05-07,2021,CIN,CLE,113,114,3,0,3,0,9,0,489119.0,Wade Miley,668676.0,Zach Plesac,489119.0,661403.0,5,Progressive Field,night,R
634252,2021-05-07,2021,ARI,NYM,109,121,4,5,9,1,10,1,668678.0,Zac Gallen,656849.0,David Peterson,571901.0,592233.0,3289,Citi Field,night,R
634204,2021-05-07,2021,MIN,DET,142,116,7,3,10,0,9,0,533167.0,Matt Shoemaker,669373.0,Tarik Skubal,533167.0,669373.0,2394,Comerica Park,night,R
634195,2021-05-07,2021,MIL,MIA,158,146,1,6,7,1,9,0,608718.0,Brent Suter,669432.0,Trevor Rogers,669432.0,608718.0,4169,loanDepot park,night,R
634219,2021-05-07,2021,PHI,ATL,143,144,12,2,14,0,9,0,621107.0,Zach Eflin,450203.0,Charlie Morton,621107.0,450203.0,4705,Truist Park,night,R
634253,2021-05-08,2021,SEA,TEX,136,140,5,4,9,0,9,0,623167.0,Chris Flexen,592314.0,Mike Foltynewicz,623167.0,622250.0,5325,Globe Life Field,night,R
634201,2021-05-08,2021,TOR,HOU,141,117,4,10,14,1,9,0,548389.0,Ross Stripling,664353.0,José Urquidy,664353.0,548389.0,2392,Minute Maid Park,night,R
634235,2021-05-08,2021,CWS,KC,145,118,3,0,3,0,9,0,607074.0,Carlos Rodón,641745.0,Brad Keller,607074.0,641745.0,7,Kauffman Stadium,night,R
634200,2021-05-08,2021,COL,STL,115,138,0,5,5,1,9,0,596295.0,Austin Gomber,656427.0,Jack Flaherty,656427.0,596295.0,2889,Busch Stadium,night,R
634213,2021-05-08,2021,LAD,LAA,119,108,2,9,11,1,9,0,628711.0,Julio Urías,656288.0,Griffin Canning,656288.0,628711.0,1,Angel Stadium,night,R
634263,2021-05-08,2021,TB,OAK,139,133,1,2,3,1,9,0,448179.0,Rich Hill,640455.0,Sean Manaea,518617.0,605488.0,10,Oakland Coliseum,night,R
634240,2021-05-08,2021,SD,SF,135,137,4,5,9,1,9,0,605483.0,Blake Snell,543101.0,Anthony DeSclafani,666808.0,605309.0,2395,Oracle Park,night,R
634221,2021-05-08,2021,WSH,NYY,120,147,3,4,7,1,11,1,453286.0,Max Scherzer,446372.0,Corey Kluber,458677.0,663432.0,3313,Yankee Stadium,day,R
634165,2021-05-08,2021,COL,STL,115,138,8,9,17,1,9,0,592346.0,Chi Chi González,593372.0,Carlos Martinez,593372.0,592346.0,2889,Busch Stadium,day,R
634212,2021-05-08,2021,PIT,CHC,134,112,2,3,5,1,9,0,640444.0,Wil Crowe,592866.0,Trevor Williams,624522.0,607572.0,17,Wrigley Field,day,R
634178,2021-05-08,2021,SD,SF,135,137,1,7,8,1,9,0,605397.0,Joe Musgrove,592332.0,Kevin Gausman,592332.0,605397.0,2395,Oracle Park,day,R
634236,2021-05-08,2021,TB,OAK,139,133,3,6,9,1,9,0,607192.0,Tyler Glasnow,593423.0,Frankie Montas,593423.0,607192.0,10,Oakland Coliseum,day,R
634214,2021-05-08,2021,MIN,DET,142,116,3,7,10,1,9,0,621244.0,José Berríos,570632.0,José Ureña,605242.0,608648.0,2394,Comerica Park,day,R
634187,2021-05-08,2021,CIN,CLE,113,114,2,9,11,1,9,0,622491.0,Luis Castillo,650644.0,Aaron Civale,650644.0,622491.0,5,Progressive Field,night,R
634215,2021-05-08,2021,MIL,MIA,158,146,6,2,8,0,9,0,605288.0,Adrian Houser,641447.0,Daniel Castano,605288.0,641447.0,4169,loanDepot park,night,R
634196,2021-05-08,2021,BOS,BAL,111,110,11,6,17,0,9,0,572070.0,Garrett Richards,675912.0,Zac Lowther,572070.0,675912.0,2,Oriole Park at Camden Yards,night,R
634171,2021-05-08,2021,SEA,TEX,136,140,8,9,17,1,9,0,657024.0,Erik Swanson,685503.0,Kohei Arihara,667463.0,664948.0,5325,Globe Life Field,night,R
634190,2021-05-08,2021,ARI,NYM,109,121,2,4,6,1,9,0,518876.0,Merrill Kelly,488984.0,Tommy Hunter,664192.0,518876.0,3289,Citi Field,night,R
634193,2021-05-08,2021,TOR,HOU,141,117,8,4,12,0,9,0,571927.0,Steven Matz,664299.0,Cristian Javier,571927.0,664299.0,2392,Minute Maid Park,night,R
634197,2021-05-08,2021,CWS,KC,145,118,9,1,10,0,9,0,458681.0,Lance Lynn,663738.0,Daniel Lynch IV,458681.0,663738.0,7,Kauffman Stadium,night,R
634199,2021-05-08,2021,PHI,ATL,143,144,7,8,15,1,12,1,592826.0,Vince Velasquez,666120.0,Ian Anderson,657097.0,660853.0,4705,Truist Park,night,R
634262,2021-05-09,2021,LAD,LAA,119,108,14,11,25,0,9,0,477132.0,Clayton Kershaw,605164.0,Dylan Bundy,477132.0,605164.0,1,Angel Stadium,night,R
634177,2021-05-09,2021,BOS,BAL,111,110,4,3,7,0,9,0,601713.0,Nick Pivetta,665152.0,Dean Kremer,601713.0,665152.0,2,Oriole Park at Camden Yards,day,R
634218,2021-05-09,2021,WSH,NYY,120,147,2,3,5,1,9,0,605452.0,Joe Ross,593334.0,Domingo Germán,547973.0,543272.0,3313,Yankee Stadium,day,R
634184,2021-05-09,2021,ARI,NYM,109,121,2,4,6,1,9,0,642092.0,Riley Smith,594798.0,Jacob deGrom,594798.0,642092.0,3289,Citi Field,day,R
634207,2021-05-09,2021,MIL,MIA,158,146,2,1,3,0,10,1,474463.0,Brett Anderson,645261.0,Sandy Alcantara,623352.0,542914.0,4169,loanDepot park,day,R
634192,2021-05-09,2021,TOR,HOU,141,117,4,7,11,1,9,0,663878.0,Nate Pearson,425844.0,Zack Greinke,650556.0,663878.0,2392,Minute Maid Park,day,R
634167,2021-05-09,2021,CWS,KC,145,118,9,3,12,0,9,0,608337.0,Lucas Giolito,501985.0,Mike Minor,608337.0,501985.0,7,Kauffman Stadium,day,R
634194,2021-05-09,2021,COL,STL,115,138,0,2,2,1,9,0,608566.0,Germán Márquez,425794.0,Adam Wainwright,425794.0,608566.0,2889,Busch Stadium,day,R
634237,2021-05-09,2021,PIT,CHC,134,112,6,5,11,0,9,0,542881.0,Tyler Anderson,543294.0,Kyle Hendricks,542881.0,543294.0,17,Wrigley Field,day,R
634182,2021-05-09,2021,SEA,TEX,136,140,2,10,12,1,9,0,656954.0,Justus Sheffield,641540.0,Dane Dunning,641540.0,656954.0,5325,Globe Life Field,day,R
634185,2021-05-09,2021,SD,SF,135,137,11,1,12,0,9,0,663978.0,Chris Paddack,456501.0,Johnny Cueto,677960.0,456501.0,2395,Oracle Park,day,R
634205,2021-05-09,2021,LAD,LAA,119,108,1,2,3,1,9,0,545333.0,Trevor Bauer,500779.0,Jose Quintana,642083.0,545333.0,1,Angel Stadium,day,R
634211,2021-05-09,2021,TB,OAK,139,133,4,3,7,0,9,0,663556.0,Shane McClanahan,608344.0,Cole Irvin,605488.0,608344.0,10,Oakland Coliseum,day,R
634175,2021-05-09,2021,PHI,ATL,143,144,1,6,7,1,9,0,605400.0,Aaron Nola,660623.0,Huascar Ynoa,660623.0,605400.0,4705,Truist Park,night,R
634173,2021-05-09,2021,CIN,CLE,113,114,0,0,0,0,9,0,641816.0,Tyler Mahle,656529.0,Sam Hentges,,,5,Progressive Field,day,R
634222,2021-05-09,2021,MIN,DET,142,116,0,0,0,0,9,0,628317.0,Kenta Maeda,571510.0,Matthew Boyd,,,2394,Comerica Park,day,R
634152,2021-05-10,2021,CIN,PIT,113,134,14,1,15,0,9,0,641816.0,Tyler Mahle,656605.0,Mitch Keller,641816.0,656605.0,31,PNC Park,night,R
634176,2021-05-10,2021,BOS,BAL,111,110,1,4,5,1,9,0,527048.0,Martín Pérez,605347.0,Jorge López,656945.0,542882.0,2,Oriole Park at Camden Yards,night,R
634181,2021-05-11,2021,LAA,HOU,108,117,5,4,9,0,9,0,448855.0,Junior Guerra,677651.0,Luis Garcia,660761.0,656232.0,2392,Minute Maid Park,night,R
634157,2021-05-11,2021,MIA,ARI,146,109,2,5,7,1,9,0,656548.0,Jordan Holloway,596133.0,Luke Weaver,596133.0,656548.0,15,Chase Field,night,R
634153,2021-05-11,2021,TEX,SF,140,137,1,3,4,1,9,0,502043.0,Kyle Gibson,622072.0,Alex Wood,622072.0,667463.0,2395,Oracle Park,night,R
634155,2021-05-11,2021,SD,COL,135,115,0,0,0,0,9,0,,,,,,,19,Coors Field,night,R
634164,2021-05-11,2021,TEX,SF,140,137,2,4,6,1,9,0,543475.0,Jordan Lyles,657277.0,Logan Webb,657277.0,543475.0,2395,Oracle Park,day,R
634189,2021-05-11,2021,CHC,CLE,112,114,2,3,5,1,9,0,640470.0,Adbert Alzolay,669456.0,Shane Bieber,669456.0,640470.0,5,Progressive Field,night,R
634174,2021-05-11,2021,CIN,PIT,113,134,2,7,9,1,9,0,656546.0,Jeff Hoffman,664141.0,JT Brubaker,664141.0,656546.0,31,PNC Park,night,R
634144,2021-05-11,2021,PHI,WSH,143,120,6,2,8,0,9,0,502624.0,Chase Anderson,607200.0,Erick Fedde,502624.0,607200.0,3309,Nationals Park,night,R
634179,2021-05-11,2021,KC,DET,118,116,7,8,15,1,9,0,663903.0,Brady Singer,571510.0,Matthew Boyd,642397.0,605130.0,2394,Comerica Park,night,R
634170,2021-05-11,2021,BAL,NYM,110,121,2,3,5,1,9,0,607644.0,John Means,573186.0,Marcus Stroman,544727.0,491624.0,3289,Citi Field,night,R
634202,2021-05-11,2021,OAK,BOS,133,111,3,2,5,0,9,0,605135.0,Chris Bassitt,543135.0,Nathan Eovaldi,605135.0,650382.0,3,Fenway Park,night,R
634169,2021-05-11,2021,NYY,TB,147,139,3,1,4,0,9,0,656756.0,Jordan Montgomery,672715.0,Luis Patiño,656756.0,672715.0,12,Tropicana Field,night,R
634163,2021-05-11,2021,TOR,ATL,141,144,5,3,8,0,9,0,592662.0,Robbie Ray,669060.0,Bryse Wilson,663423.0,621345.0,4705,Truist Park,night,R
634159,2021-05-11,2021,STL,MIL,138,158,6,1,7,0,11,1,547942.0,Kwang Hyun Kim,642547.0,Freddy Peralta,621052.0,502202.0,32,American Family Field,night,R
634156,2021-05-12,2021,LAA,HOU,108,117,1,5,6,1,9,0,660271.0,Shohei Ohtani,621121.0,Lance McCullers Jr.,621121.0,642083.0,2392,Minute Maid Park,night,R
634147,2021-05-12,2021,MIN,CWS,142,145,3,9,12,1,9,0,628317.0,Kenta Maeda,656302.0,Dylan Cease,676979.0,660896.0,4,Guaranteed Rate Field,night,R
634149,2021-05-12,2021,SD,COL,135,115,8,1,9,0,9,0,659275.0,Dinelson Lamet,622608.0,Antonio Senzatela,622766.0,622608.0,19,Coors Field,night,R
634180,2021-05-12,2021,MIA,ARI,146,109,3,11,14,1,9,0,641154.0,Pablo López,518516.0,Madison Bumgarner,518516.0,641154.0,15,Chase Field,night,R
634142,2021-05-12,2021,SEA,LAD,136,119,4,6,10,1,9,0,579328.0,Yusei Kikuchi,621111.0,Walker Buehler,664076.0,606160.0,22,Dodger Stadium,night,R
634128,2021-05-12,2021,BAL,NYM,110,121,1,7,8,1,9,0,518774.0,Matt Harvey,592836.0,Taijuan Walker,592836.0,518774.0,3289,Citi Field,day,R
634137,2021-05-12,2021,CIN,PIT,113,134,5,1,6,0,10,1,543243.0,Sonny Gray,502239.0,Trevor Cahill,608371.0,621249.0,31,PNC Park,day,R
634129,2021-05-12,2021,CHC,CLE,112,114,1,2,3,1,10,1,605200.0,Zach Davies,656529.0,Sam Hentges,675916.0,624522.0,5,Progressive Field,day,R
634208,2021-05-12,2021,SD,COL,135,115,5,3,8,0,7,0,506433.0,Yu Darvish,592351.0,Jon Gray,641941.0,592351.0,19,Coors Field,day,R
634155,2021-05-12,2021,SD,COL,135,115,2,3,5,1,8,0,605483.0,Blake Snell,596295.0,Austin Gomber,622075.0,598286.0,19,Coors Field,day,R
634151,2021-05-12,2021,PHI,WSH,143,120,5,2,7,0,10,1,554430.0,Zack Wheeler,452657.0,Jon Lester,621237.0,543272.0,3309,Nationals Park,night,R
634186,2021-05-12,2021,KC,DET,118,116,2,4,6,1,9,0,518633.0,Danny Duffy,663554.0,Casey Mize,663554.0,518633.0,2394,Comerica Park,night,R
634154,2021-05-12,2021,OAK,BOS,133,111,4,1,5,0,9,0,621076.0,James Kaprielian,593958.0,Eduardo Rodriguez,621076.0,593958.0,3,Fenway Park,night,R
634210,2021-05-12,2021,NYY,TB,147,139,1,0,1,0,9,0,543037.0,Gerrit Cole,543521.0,Collin McHugh,543037.0,657044.0,12,Tropicana Field,night,R
634238,2021-05-12,2021,TOR,ATL,141,144,4,1,5,0,9,0,547943.0,Hyun Jin Ryu,608331.0,Max Fried,547943.0,592426.0,4705,Truist Park,night,R
634198,2021-05-12,2021,STL,MIL,138,158,1,4,5,1,9,0,607231.0,John Gant,605540.0,Brandon Woodruff,642207.0,664854.0,32,American Family Field,night,R
634172,2021-05-13,2021,LAA,HOU,108,117,1,9,10,1,9,0,571760.0,Andrew Heaney,664353.0,José Urquidy,656232.0,571760.0,2392,Minute Maid Park,night,R
634160,2021-05-13,2021,MIN,CWS,142,145,8,13,21,1,9,0,457918.0,J.A. Happ,572971.0,Dallas Keuchel,572971.0,457918.0,4,Guaranteed Rate Field,night,R
634183,2021-05-13,2021,MIA,ARI,146,109,3,2,5,0,9,0,547001.0,Cody Poteet,676840.0,Matt Peacock,547001.0,676840.0,15,Chase Field,night,R
634140,2021-05-13,2021,SEA,LAD,136,119,1,7,8,1,9,0,643290.0,Justin Dunn,628711.0,Julio Urías,628711.0,643290.0,22,Dodger Stadium,night,R
634114,2021-05-13,2021,TOR,ATL,141,144,8,4,12,0,9,0,548389.0,Ross Stripling,450203.0,Charlie Morton,664157.0,519293.0,4705,Truist Park,day,R
634103,2021-05-13,2021,PHI,WSH,143,120,1,5,6,1,9,0,621107.0,Zach Eflin,571578.0,Patrick Corbin,571578.0,621107.0,3309,Nationals Park,day,R
634117,2021-05-13,2021,KC,DET,118,116,3,4,7,1,9,0,663738.0,Daniel Lynch IV,605513.0,Spencer Turnbull,605513.0,663738.0,2394,Comerica Park,day,R
634158,2021-05-13,2021,STL,MIL,138,158,2,0,2,0,9,0,656427.0,Jack Flaherty,669203.0,Corbin Burnes,656427.0,669203.0,32,American Family Field,day,R
634125,2021-05-13,2021,MIN,CWS,142,145,2,4,6,1,9,0,501381.0,Michael Pineda,458681.0,Lance Lynn,458681.0,501381.0,4,Guaranteed Rate Field,day,R
634113,2021-05-13,2021,SF,PIT,137,134,3,1,4,0,9,0,543101.0,Anthony DeSclafani,640444.0,Wil Crowe,543101.0,640444.0,31,PNC Park,night,R
634150,2021-05-13,2021,OAK,BOS,133,111,1,8,9,1,9,0,640455.0,Sean Manaea,572070.0,Garrett Richards,572070.0,640455.0,3,Fenway Park,night,R
634126,2021-05-13,2021,NYY,TB,147,139,1,9,10,1,9,0,592791.0,Jameson Taillon,448179.0,Rich Hill,448179.0,592791.0,12,Tropicana Field,night,R
634141,2021-05-14,2021,TEX,HOU,140,117,3,4,7,1,11,1,592314.0,Mike Foltynewicz,664299.0,Cristian Javier,548384.0,656685.0,2392,Minute Maid Park,night,R
634191,2021-05-14,2021,CIN,COL,113,115,8,13,21,1,9,0,622491.0,Luis Castillo,592346.0,Chi Chi González,592346.0,622491.0,19,Coors Field,night,R
634136,2021-05-14,2021,MIA,ARI,146,109,5,1,6,0,9,0,669432.0,Trevor Rogers,518876.0,Merrill Kelly,669432.0,518876.0,15,Chase Field,night,R
634135,2021-05-14,2021,CLE,SEA,114,136,4,2,6,0,9,0,668676.0,Zach Plesac,669302.0,Logan Gilbert,668676.0,669302.0,680,T-Mobile Park,night,R
634656,2021-05-14,2021,KC,CWS,118,145,6,2,8,0,7,0,641745.0,Brad Keller,608337.0,Lucas Giolito,641745.0,608337.0,4,Guaranteed Rate Field,day,R
634166,2021-05-15,2021,KC,CWS,118,145,1,3,4,1,7,0,596001.0,Jakob Junis,656629.0,Michael Kopech,676051.0,596001.0,4,Guaranteed Rate Field,night,R
634108,2021-05-14,2021,SF,PIT,137,134,2,3,5,1,11,1,592332.0,Kevin Gausman,664337.0,Miguel Yajure,665854.0,670056.0,31,PNC Park,night,R
634146,2021-05-14,2021,NYY,BAL,147,110,5,4,9,0,9,0,446372.0,Corey Kluber,665152.0,Dean Kremer,446372.0,664042.0,2,Oriole Park at Camden Yards,night,R
634138,2021-05-14,2021,LAA,BOS,108,111,3,4,7,1,9,0,656288.0,Griffin Canning,601713.0,Nick Pivetta,542882.0,453265.0,3,Fenway Park,night,R
634206,2021-05-14,2021,CHC,DET,112,116,4,2,6,0,9,0,453562.0,Jake Arrieta,669373.0,Tarik Skubal,453562.0,669373.0,2394,Comerica Park,night,R
634093,2021-05-14,2021,NYM,TB,121,139,2,3,5,1,9,0,656849.0,David Peterson,607192.0,Tyler Glasnow,664126.0,612434.0,12,Tropicana Field,night,R
634119,2021-05-14,2021,PHI,TOR,143,141,5,1,6,0,9,0,592826.0,Vince Velasquez,571927.0,Steven Matz,641401.0,663423.0,2536,TD Ballpark,night,R
634123,2021-05-15,2021,TEX,HOU,140,117,4,10,14,1,9,0,605138.0,Wes Benjamin,425844.0,Zack Greinke,425844.0,605138.0,2392,Minute Maid Park,night,R
634131,2021-05-15,2021,OAK,MIN,133,142,6,1,7,0,9,0,593423.0,Frankie Montas,533167.0,Matt Shoemaker,593423.0,533167.0,3312,Target Field,night,R
634118,2021-05-15,2021,ATL,MIL,144,158,6,3,9,0,9,0,592767.0,Drew Smyly,605288.0,Adrian Houser,592767.0,605288.0,32,American Family Field,night,R
634121,2021-05-15,2021,CIN,COL,113,115,6,9,15,1,9,0,489119.0,Wade Miley,608566.0,Germán Márquez,608566.0,489119.0,19,Coors Field,night,R
634162,2021-05-15,2021,WSH,ARI,120,109,17,2,19,0,9,0,453286.0,Max Scherzer,642092.0,Riley Smith,453286.0,642092.0,15,Chase Field,night,R
634110,2021-05-15,2021,CLE,SEA,114,136,3,7,10,1,9,0,650644.0,Aaron Civale,623167.0,Chris Flexen,623167.0,650644.0,680,T-Mobile Park,night,R
634132,2021-05-15,2021,STL,SD,138,135,4,5,9,1,9,0,670912.0,Johan Oviedo,605397.0,Joe Musgrove,605397.0,670912.0,2680,Petco Park,night,R
634145,2021-05-15,2021,MIA,LAD,146,119,6,9,15,1,9,0,645261.0,Sandy Alcantara,477132.0,Clayton Kershaw,477132.0,645261.0,22,Dodger Stadium,night,R
634105,2021-05-15,2021,NYM,TB,121,139,5,12,17,1,9,0,622098.0,Drew Smith,663556.0,Shane McClanahan,663556.0,664192.0,12,Tropicana Field,day,R
634080,2021-05-15,2021,OAK,MIN,133,142,4,5,9,1,9,0,608344.0,Cole Irvin,621244.0,José Berríos,517008.0,518617.0,3312,Target Field,day,R
634095,2021-05-15,2021,LAA,BOS,108,111,0,9,9,1,9,0,605164.0,Dylan Bundy,527048.0,Martín Pérez,527048.0,605164.0,3,Fenway Park,day,R
634111,2021-05-15,2021,CHC,DET,112,116,8,9,17,1,10,1,592866.0,Trevor Williams,570632.0,José Ureña,605242.0,518886.0,2394,Comerica Park,day,R
634085,2021-05-15,2021,SF,PIT,137,134,6,8,14,1,9,0,456501.0,Johnny Cueto,542881.0,Tyler Anderson,593144.0,459429.0,31,PNC Park,night,R
634104,2021-05-15,2021,NYY,BAL,147,110,8,2,10,0,9,0,593334.0,Domingo Germán,605347.0,Jorge López,593334.0,605347.0,2,Oriole Park at Camden Yards,night,R
634161,2021-05-15,2021,TEX,HOU,140,117,5,6,11,1,9,0,641540.0,Dane Dunning,677651.0,Luis Garcia,677651.0,641540.0,2392,Minute Maid Park,night,R
634127,2021-05-15,2021,KC,CWS,118,145,5,1,6,0,9,0,501985.0,Mike Minor,607074.0,Carlos Rodón,501985.0,607074.0,4,Guaranteed Rate Field,night,R
634106,2021-05-15,2021,ATL,MIL,144,158,5,1,6,0,9,0,666120.0,Ian Anderson,474463.0,Brett Anderson,666120.0,474463.0,32,American Family Field,night,R
634139,2021-05-15,2021,PHI,TOR,143,141,0,4,4,1,9,0,605400.0,Aaron Nola,641743.0,Anthony Kay,664157.0,605400.0,2536,TD Ballpark,night,R
634148,2021-05-16,2021,CIN,COL,113,115,6,5,11,0,12,1,641816.0,Tyler Mahle,468504.0,Jhoulys Chacín,608371.0,665733.0,19,Coors Field,night,R
634097,2021-05-16,2021,WSH,ARI,120,109,4,11,15,1,9,0,605452.0,Joe Ross,571676.0,Seth Frankoff,622065.0,605452.0,15,Chase Field,night,R
634143,2021-05-16,2021,STL,SD,138,135,3,13,16,1,9,0,425794.0,Adam Wainwright,663978.0,Chris Paddack,622766.0,425794.0,2680,Petco Park,night,R
634084,2021-05-16,2021,CLE,SEA,114,136,3,7,10,1,9,0,663474.0,Triston McKenzie,656954.0,Justus Sheffield,656954.0,663474.0,680,T-Mobile Park,night,R
634096,2021-05-16,2021,MIA,LAD,146,119,0,7,7,1,9,0,,,545333.0,Trevor Bauer,545333.0,656548.0,22,Dodger Stadium,night,R
634094,2021-05-16,2021,SF,PIT,137,134,4,1,5,0,9,0,622072.0,Alex Wood,656605.0,Mitch Keller,622072.0,656605.0,31,PNC Park,day,R
634086,2021-05-16,2021,NYY,BAL,147,110,6,10,16,1,9,0,656756.0,Jordan Montgomery,592644.0,Adam Plutko,669145.0,650633.0,2,Oriole Park at Camden Yards,day,R
634069,2021-05-16,2021,PHI,TOR,143,141,8,10,18,1,9,0,502624.0,Chase Anderson,592662.0,Robbie Ray,592662.0,502624.0,2536,TD Ballpark,day,R
634100,2021-05-16,2021,LAA,BOS,108,111,6,5,11,0,9,0,500779.0,Jose Quintana,543135.0,Nathan Eovaldi,628452.0,598264.0,3,Fenway Park,day,R
634083,2021-05-16,2021,CHC,DET,112,116,5,1,6,0,9,0,543294.0,Kyle Hendricks,571510.0,Matthew Boyd,543294.0,571510.0,2394,Comerica Park,day,R
634071,2021-05-16,2021,NYM,TB,121,139,1,7,8,1,9,0,573186.0,Marcus Stroman,676596.0,Josh Fleming,676596.0,573186.0,12,Tropicana Field,day,R
634068,2021-05-16,2021,TEX,HOU,140,117,2,6,8,1,9,0,502043.0,Kyle Gibson,621121.0,Lance McCullers Jr.,548384.0,570257.0,2392,Minute Maid Park,day,R
634188,2021-05-16,2021,OAK,MIN,133,142,7,6,13,0,9,0,605135.0,Chris Bassitt,628317.0,Kenta Maeda,642152.0,573124.0,3312,Target Field,day,R
634124,2021-05-16,2021,KC,CWS,118,145,3,4,7,1,9,0,663903.0,Brady Singer,656302.0,Dylan Cease,641582.0,451584.0,4,Guaranteed Rate Field,day,R
634134,2021-05-16,2021,ATL,MIL,144,158,9,10,19,1,9,0,660623.0,Huascar Ynoa,642547.0,Freddy Peralta,642547.0,660623.0,32,American Family Field,day,R
634098,2021-05-16,2021,CIN,COL,113,115,7,6,13,0,9,0,656546.0,Jeff Hoffman,622608.0,Antonio Senzatela,448281.0,571710.0,19,Coors Field,day,R
634130,2021-05-16,2021,WSH,ARI,120,109,3,0,3,0,9,0,607200.0,Erick Fedde,596133.0,Luke Weaver,607200.0,592233.0,15,Chase Field,day,R
634087,2021-05-16,2021,CLE,SEA,114,136,2,3,5,1,9,0,669456.0,Shane Bieber,667498.0,Robert Dugger,623149.0,669456.0,680,T-Mobile Park,day,R
634122,2021-05-16,2021,MIA,LAD,146,119,3,2,5,0,9,0,641154.0,Pablo López,519076.0,Jimmy Nelson,641154.0,670955.0,22,Dodger Stadium,day,R
634090,2021-05-16,2021,STL,SD,138,135,3,5,8,1,9,0,547942.0,Kwang Hyun Kim,677960.0,Ryan Weathers,659275.0,547942.0,2680,Petco Park,day,R
634070,2021-05-17,2021,SF,CIN,137,113,6,3,9,0,9,0,657277.0,Logan Webb,543243.0,Sonny Gray,657277.0,543243.0,2602,Great American Ball Park,night,R
634063,2021-05-17,2021,NYM,ATL,121,144,3,1,4,0,9,0,592836.0,Taijuan Walker,608331.0,Max Fried,656887.0,608331.0,4705,Truist Park,night,R
634076,2021-05-17,2021,WSH,CHC,120,112,3,7,10,1,9,0,452657.0,Jon Lester,640470.0,Adbert Alzolay,640470.0,452657.0,17,Wrigley Field,night,R
634077,2021-05-17,2021,CWS,MIN,145,142,16,4,20,0,9,0,572971.0,Dallas Keuchel,457918.0,J.A. Happ,572971.0,457918.0,3312,Target Field,night,R
634099,2021-05-18,2021,NYY,TEX,147,140,2,5,7,1,9,0,543037.0,Gerrit Cole,543475.0,Jordan Lyles,543475.0,543037.0,5325,Globe Life Field,night,R
634101,2021-05-18,2021,CLE,LAA,114,108,4,7,11,1,9,0,656529.0,Sam Hentges,663776.0,Patrick Sandoval,453265.0,656529.0,1,Angel Stadium,night,R
634091,2021-05-18,2021,ARI,LAD,109,119,1,3,4,1,9,0,518516.0,Madison Bumgarner,621111.0,Walker Buehler,621111.0,518516.0,22,Dodger Stadium,night,R
634057,2021-05-18,2021,COL,SD,115,135,0,7,7,1,9,0,592351.0,Jon Gray,506433.0,Yu Darvish,506433.0,592351.0,2680,Petco Park,night,R
634082,2021-05-18,2021,DET,SEA,116,136,4,1,5,0,9,0,663554.0,Casey Mize,579328.0,Yusei Kikuchi,663554.0,579328.0,680,T-Mobile Park,night,R
634058,2021-05-18,2021,SF,CIN,137,113,4,2,6,0,9,0,543101.0,Anthony DeSclafani,622491.0,Luis Castillo,543101.0,622491.0,2602,Great American Ball Park,night,R
634075,2021-05-18,2021,TB,BAL,139,110,13,6,19,0,9,0,672715.0,Luis Patiño,518774.0,Matt Harvey,552640.0,518774.0,2,Oriole Park at Camden Yards,night,R
634051,2021-05-18,2021,MIA,PHI,146,143,3,8,11,1,9,0,547001.0,Cody Poteet,554430.0,Zack Wheeler,605151.0,571670.0,2681,Citizens Bank Park,night,R
634107,2021-05-18,2021,NYM,ATL,121,144,4,3,7,0,9,0,612434.0,Miguel Castro,656353.0,Tucker Davidson,544727.0,519293.0,4705,Truist Park,night,R
634133,2021-05-18,2021,BOS,TOR,111,141,0,8,8,1,9,0,593958.0,Eduardo Rodriguez,547943.0,Hyun Jin Ryu,547943.0,593958.0,2536,TD Ballpark,night,R
634052,2021-05-18,2021,WSH,CHC,120,112,3,6,9,1,9,0,571578.0,Patrick Corbin,605200.0,Zach Davies,624522.0,501789.0,17,Wrigley Field,night,R
634073,2021-05-18,2021,CWS,MIN,145,142,4,5,9,1,9,0,458681.0,Lance Lynn,641927.0,Bailey Ober,573124.0,607481.0,3312,Target Field,night,R
634109,2021-05-18,2021,PIT,STL,134,138,2,5,7,1,9,0,664141.0,JT Brubaker,607231.0,John Gant,607231.0,664141.0,2889,Busch Stadium,night,R
634067,2021-05-19,2021,NYY,TEX,147,140,7,4,11,0,9,0,592791.0,Jameson Taillon,592314.0,Mike Foltynewicz,593974.0,592314.0,5325,Globe Life Field,night,R
634043,2021-05-19,2021,MIL,KC,158,118,0,2,2,1,9,0,605540.0,Brandon Woodruff,663460.0,Kris Bubic,641394.0,605540.0,7,Kauffman Stadium,night,R
634102,2021-05-19,2021,CLE,LAA,114,108,6,5,11,0,9,0,668676.0,Zach Plesac,571760.0,Andrew Heaney,668676.0,592222.0,1,Angel Stadium,night,R
634050,2021-05-19,2021,HOU,OAK,117,133,5,6,11,1,9,0,664299.0,Cristian Javier,640455.0,Sean Manaea,433589.0,650556.0,10,Oakland Coliseum,night,R
634092,2021-05-19,2021,ARI,LAD,109,119,1,9,10,1,9,0,656686.0,Corbin Martin,628711.0,Julio Urías,628711.0,656686.0,22,Dodger Stadium,night,R
634065,2021-05-19,2021,COL,SD,115,135,1,2,3,1,10,1,596295.0,Austin Gomber,605483.0,Blake Snell,572955.0,453268.0,2680,Petco Park,night,R
634115,2021-05-19,2021,DET,SEA,116,136,5,0,5,0,9,0,605513.0,Spencer Turnbull,643290.0,Justin Dunn,605513.0,643290.0,680,T-Mobile Park,night,R
634030,2021-05-19,2021,CWS,MIN,145,142,2,1,3,0,9,0,608337.0,Lucas Giolito,533167.0,Matt Shoemaker,608337.0,533167.0,3312,Target Field,day,R
634031,2021-05-19,2021,COL,SD,115,135,0,3,3,1,9,0,592346.0,Chi Chi González,605397.0,Joe Musgrove,605397.0,592346.0,2680,Petco Park,day,R
634061,2021-05-19,2021,SF,CIN,137,113,4,0,4,0,9,0,592332.0,Kevin Gausman,489119.0,Wade Miley,592332.0,489119.0,2602,Great American Ball Park,night,R
634055,2021-05-19,2021,TB,BAL,139,110,9,7,16,0,9,0,642232.0,Ryan Yarbrough,607644.0,John Means,657044.0,643316.0,2,Oriole Park at Camden Yards,night,R
634044,2021-05-19,2021,MIA,PHI,146,143,3,1,4,0,9,0,669432.0,Trevor Rogers,621107.0,Zach Eflin,669432.0,621107.0,2681,Citizens Bank Park,night,R
634066,2021-05-19,2021,NYM,ATL,121,144,4,5,9,1,9,0,656849.0,David Peterson,450203.0,Charlie Morton,519293.0,606930.0,4705,Truist Park,night,R
634116,2021-05-19,2021,BOS,TOR,111,141,7,3,10,0,9,0,572070.0,Garrett Richards,548389.0,Ross Stripling,572070.0,548389.0,2536,TD Ballpark,night,R
634053,2021-05-19,2021,WSH,CHC,120,112,4,3,7,0,9,0,453286.0,Max Scherzer,453562.0,Jake Arrieta,453286.0,453562.0,17,Wrigley Field,night,R
634026,2021-05-19,2021,PIT,STL,134,138,5,8,13,1,9,0,502239.0,Trevor Cahill,656427.0,Jack Flaherty,656427.0,502239.0,2889,Busch Stadium,night,R
634168,2021-05-20,2021,NYY,TEX,147,140,2,0,2,0,9,0,446372.0,Corey Kluber,660365.0,Hyeon-Jong Yang,446372.0,660365.0,5325,Globe Life Field,night,R
634029,2021-05-20,2021,CLE,LAA,114,108,3,2,5,0,9,0,650644.0,Aaron Civale,660271.0,Shohei Ohtani,650644.0,453265.0,1,Angel Stadium,night,R
634037,2021-05-20,2021,MIL,KC,158,118,4,6,10,1,9,0,669203.0,Corbin Burnes,641745.0,Brad Keller,605130.0,656420.0,7,Kauffman Stadium,night,R
634034,2021-05-20,2021,HOU,OAK,117,133,8,1,9,0,9,0,425844.0,Zack Greinke,593423.0,Frankie Montas,425844.0,593423.0,10,Oakland Coliseum,night,R
634033,2021-05-20,2021,ARI,LAD,109,119,2,4,6,1,9,0,676840.0,Matt Peacock,477132.0,Clayton Kershaw,523260.0,573009.0,22,Dodger Stadium,night,R
634046,2021-05-20,2021,DET,SEA,116,136,6,2,8,0,9,0,669373.0,Tarik Skubal,669302.0,Logan Gilbert,669373.0,669302.0,680,T-Mobile Park,night,R
634020,2021-05-20,2021,SF,CIN,137,113,19,4,23,0,9,0,456501.0,Johnny Cueto,641816.0,Tyler Mahle,456501.0,641816.0,2602,Great American Ball Park,day,R
634120,2021-05-20,2021,TB,BAL,139,110,10,1,11,0,9,0,448179.0,Rich Hill,665152.0,Dean Kremer,448179.0,665152.0,2,Oriole Park at Camden Yards,day,R
634047,2021-05-20,2021,NYY,TEX,147,140,2,0,2,0,9,0,593334.0,Domingo Germán,641540.0,Dane Dunning,593334.0,667463.0,5325,Globe Life Field,day,R
634112,2021-05-20,2021,WSH,CHC,120,112,2,5,7,1,9,0,605452.0,Joe Ross,592866.0,Trevor Williams,657006.0,605452.0,17,Wrigley Field,day,R
634045,2021-05-20,2021,HOU,OAK,117,133,8,4,12,0,9,0,677651.0,Luis Garcia,608344.0,Cole Irvin,677651.0,608344.0,10,Oakland Coliseum,day,R
634465,2021-05-20,2021,MIN,LAA,142,108,1,7,8,1,7,0,626929.0,Lewis Thorpe,502171.0,Alex Cobb,502171.0,626929.0,1,Angel Stadium,day,R
634441,2021-05-20,2021,MIN,LAA,142,108,6,3,9,0,7,0,621244.0,José Berríos,656288.0,Griffin Canning,621244.0,656288.0,1,Angel Stadium,day,R
634039,2021-05-20,2021,MIA,PHI,146,143,6,0,6,0,9,0,645261.0,Sandy Alcantara,592826.0,Vince Velasquez,645261.0,571735.0,2681,Citizens Bank Park,night,R
634041,2021-05-20,2021,PIT,ATL,134,144,6,4,10,0,10,1,640444.0,Wil Crowe,592767.0,Drew Smyly,593144.0,657097.0,4705,Truist Park,night,R
634018,2021-05-20,2021,BOS,TOR,111,141,8,7,15,0,9,0,601713.0,Nick Pivetta,571927.0,Steven Matz,570488.0,503569.0,2536,TD Ballpark,night,R
634059,2021-05-21,2021,ARI,LAD,109,119,2,3,5,1,9,0,518876.0,Merrill Kelly,456034.0,David Price,624647.0,518876.0,22,Dodger Stadium,night,R
634012,2021-05-21,2021,BAL,WSH,110,120,2,4,6,1,9,0,605347.0,Jorge López,544931.0,Stephen Strasburg,544931.0,605347.0,3309,Nationals Park,night,R
634054,2021-05-21,2021,BOS,PHI,111,143,11,3,14,0,9,0,527048.0,Martín Pérez,605400.0,Aaron Nola,527048.0,605400.0,2681,Citizens Bank Park,night,R
634014,2021-05-21,2021,CWS,NYY,145,147,1,2,3,1,9,0,607074.0,Carlos Rodón,656756.0,Jordan Montgomery,547973.0,605359.0,3313,Yankee Stadium,night,R
634015,2021-05-21,2021,MIN,CLE,142,114,10,0,10,0,9,0,677976.0,Randy Dobnak,663474.0,Triston McKenzie,677976.0,663474.0,5,Progressive Field,night,R
634089,2021-05-21,2021,NYM,MIA,121,146,6,5,11,0,12,1,573186.0,Marcus Stroman,595928.0,John Curtiss,622098.0,643256.0,4169,loanDepot park,night,R
634027,2021-05-21,2021,MIL,CIN,158,113,4,9,13,1,9,0,605288.0,Adrian Houser,656546.0,Jeff Hoffman,656546.0,605288.0,2602,Great American Ball Park,night,R
634036,2021-05-21,2021,PIT,ATL,134,144,1,20,21,1,9,0,542881.0,Tyler Anderson,666120.0,Ian Anderson,666120.0,542881.0,4705,Truist Park,night,R
634078,2021-05-21,2021,TB,TOR,139,141,9,7,16,0,12,1,607192.0,Tyler Glasnow,641743.0,Anthony Kay,650895.0,676886.0,2536,TD Ballpark,night,R
634008,2021-05-22,2021,HOU,TEX,117,140,5,7,12,1,10,1,663959.0,Tyler Ivey,502043.0,Kyle Gibson,621368.0,650556.0,5325,Globe Life Field,night,R
634088,2021-05-22,2021,DET,KC,116,118,7,5,12,0,9,0,570632.0,José Ureña,501985.0,Mike Minor,570632.0,676604.0,7,Kauffman Stadium,night,R
634022,2021-05-22,2021,CHC,STL,112,138,12,3,15,0,9,0,543294.0,Kyle Hendricks,593372.0,Carlos Martinez,543294.0,664854.0,2889,Busch Stadium,night,R
634016,2021-05-22,2021,ARI,COL,109,115,1,7,8,1,9,0,571676.0,Seth Frankoff,608566.0,Germán Márquez,608566.0,571676.0,19,Coors Field,night,R
634028,2021-05-22,2021,OAK,LAA,133,108,8,4,12,0,9,0,621076.0,James Kaprielian,500779.0,Jose Quintana,433589.0,594577.0,1,Angel Stadium,night,R
634013,2021-05-22,2021,LAD,SF,119,137,2,1,3,0,9,0,545333.0,Trevor Bauer,622072.0,Alex Wood,545333.0,622072.0,2395,Oracle Park,night,R
634019,2021-05-22,2021,SEA,SD,136,135,1,16,17,1,9,0,623167.0,Chris Flexen,663978.0,Chris Paddack,663978.0,623167.0,2680,Petco Park,night,R
634035,2021-05-22,2021,CWS,NYY,145,147,0,7,7,1,9,0,656302.0,Dylan Cease,543037.0,Gerrit Cole,543037.0,656302.0,3313,Yankee Stadium,day,R
634010,2021-05-22,2021,ARI,COL,109,115,6,7,13,1,9,0,518516.0,Madison Bumgarner,622608.0,Antonio Senzatela,641755.0,518516.0,19,Coors Field,day,R
634062,2021-05-22,2021,BAL,WSH,110,120,9,12,21,1,9,0,669145.0,Bruce Zimmermann,452657.0,Jon Lester,543339.0,592644.0,3309,Nationals Park,day,R
634079,2021-05-22,2021,HOU,TEX,117,140,4,8,12,1,9,0,621121.0,Lance McCullers Jr.,543475.0,Jordan Lyles,663465.0,668687.0,5325,Globe Life Field,day,R
634001,2021-05-22,2021,DET,KC,116,118,5,7,12,1,9,0,571510.0,Matthew Boyd,663903.0,Brady Singer,663903.0,571510.0,7,Kauffman Stadium,day,R
634038,2021-05-22,2021,MIN,CLE,142,114,3,5,8,1,10,1,628317.0,Kenta Maeda,669456.0,Shane Bieber,675916.0,517008.0,5,Progressive Field,day,R
634049,2021-05-22,2021,PIT,ATL,134,144,1,6,7,1,9,0,656605.0,Mitch Keller,669060.0,Bryse Wilson,669060.0,656605.0,4705,Truist Park,day,R
633999,2021-05-22,2021,NYM,MIA,121,146,1,3,4,1,9,0,664192.0,Joey Lucchesi,641154.0,Pablo López,554340.0,622098.0,4169,loanDepot park,day,R
634017,2021-05-22,2021,MIL,CIN,158,113,4,3,7,0,9,0,474463.0,Brett Anderson,543243.0,Sonny Gray,608718.0,592390.0,2602,Great American Ball Park,day,R
634011,2021-05-22,2021,LAD,SF,119,137,6,3,9,0,9,0,621111.0,Walker Buehler,431148.0,Scott Kazmir,621111.0,431148.0,2395,Oracle Park,day,R
634032,2021-05-22,2021,CHC,STL,112,138,1,2,3,1,9,0,640470.0,Adbert Alzolay,571945.0,Miles Mikolas,650893.0,640470.0,2889,Busch Stadium,night,R
633984,2021-05-22,2021,BOS,PHI,111,143,4,3,7,0,9,0,543135.0,Nathan Eovaldi,675921.0,Spencer Howard,543135.0,675921.0,2681,Citizens Bank Park,night,R
634081,2021-05-22,2021,TB,TOR,139,141,3,1,4,0,9,0,663556.0,Shane McClanahan,592662.0,Robbie Ray,552640.0,621593.0,2536,TD Ballpark,night,R
633991,2021-05-23,2021,SEA,SD,136,135,4,6,10,1,9,0,656954.0,Justus Sheffield,677960.0,Ryan Weathers,489334.0,656954.0,2680,Petco Park,night,R
634000,2021-05-23,2021,OAK,LAA,133,108,6,2,8,0,9,0,605135.0,Chris Bassitt,663776.0,Patrick Sandoval,605135.0,663776.0,1,Angel Stadium,night,R
633977,2021-05-23,2021,BAL,WSH,110,120,5,6,11,1,9,0,518774.0,Matt Harvey,571578.0,Patrick Corbin,571578.0,518774.0,3309,Nationals Park,day,R
634004,2021-05-23,2021,BOS,PHI,111,143,2,6,8,1,9,0,593958.0,Eduardo Rodriguez,554430.0,Zack Wheeler,554430.0,593958.0,2681,Citizens Bank Park,day,R
634009,2021-05-23,2021,CWS,NYY,145,147,4,5,9,1,9,0,572971.0,Dallas Keuchel,592791.0,Jameson Taillon,547973.0,607481.0,3313,Yankee Stadium,day,R
633975,2021-05-23,2021,TB,TOR,139,141,6,4,10,0,9,0,608379.0,Michael Wacha,547943.0,Hyun Jin Ryu,676596.0,543022.0,2536,TD Ballpark,day,R
634007,2021-05-23,2021,MIN,CLE,142,114,8,5,13,0,10,1,457918.0,J.A. Happ,668676.0,Zach Plesac,570663.0,675916.0,5,Progressive Field,day,R
633998,2021-05-23,2021,NYM,MIA,121,146,1,5,6,1,9,0,657141.0,Jordan Yamamoto,547001.0,Cody Poteet,547001.0,657141.0,4169,loanDepot park,day,R
633989,2021-05-23,2021,MIL,CIN,158,113,9,4,13,0,9,0,642547.0,Freddy Peralta,622491.0,Luis Castillo,502202.0,622491.0,2602,Great American Ball Park,day,R
634060,2021-05-23,2021,PIT,ATL,134,144,1,7,8,1,9,0,664141.0,JT Brubaker,608331.0,Max Fried,608331.0,664141.0,4705,Truist Park,day,R
634002,2021-05-23,2021,DET,KC,116,118,2,3,5,1,9,0,663554.0,Casey Mize,663460.0,Kris Bubic,622092.0,605242.0,7,Kauffman Stadium,day,R
634025,2021-05-23,2021,HOU,TEX,117,140,2,3,5,1,10,1,664299.0,Cristian Javier,592314.0,Mike Foltynewicz,667463.0,519151.0,5325,Globe Life Field,day,R
633995,2021-05-23,2021,ARI,COL,109,115,3,4,7,1,9,0,642203.0,Taylor Widener,592351.0,Jon Gray,453268.0,592233.0,19,Coors Field,day,R
633980,2021-05-23,2021,LAD,SF,119,137,11,5,16,0,9,0,628711.0,Julio Urías,543101.0,Anthony DeSclafani,628711.0,543101.0,2395,Oracle Park,day,R
633985,2021-05-23,2021,OAK,LAA,133,108,5,6,11,1,9,0,640455.0,Sean Manaea,605164.0,Dylan Bundy,628452.0,500610.0,1,Angel Stadium,day,R
633996,2021-05-23,2021,SEA,SD,136,135,2,9,11,1,9,0,643290.0,Justin Dunn,506433.0,Yu Darvish,506433.0,664948.0,2680,Petco Park,day,R
633973,2021-05-23,2021,CHC,STL,112,138,2,1,3,0,10,1,605200.0,Zach Davies,425794.0,Adam Wainwright,518886.0,621052.0,2889,Busch Stadium,night,R
633963,2021-05-24,2021,TB,TOR,139,141,14,8,22,0,11,1,642232.0,Ryan Yarbrough,663423.0,Trent Thornton,605488.0,606303.0,2536,TD Ballpark,day,R
633976,2021-05-24,2021,PHI,MIA,143,146,6,9,15,1,9,0,621107.0,Zach Eflin,669432.0,Trevor Rogers,643256.0,621107.0,4169,loanDepot park,night,R
633981,2021-05-24,2021,CLE,DET,114,116,6,5,11,0,9,0,656529.0,Sam Hentges,605513.0,Spencer Turnbull,650496.0,650530.0,2394,Comerica Park,night,R
634056,2021-05-24,2021,COL,NYM,115,121,3,2,5,0,9,0,596295.0,Austin Gomber,656849.0,David Peterson,596295.0,656849.0,3289,Citi Field,night,R
633982,2021-05-24,2021,BAL,MIN,110,142,3,8,11,1,9,0,607644.0,John Means,533167.0,Matt Shoemaker,660896.0,656945.0,3312,Target Field,night,R
633992,2021-05-24,2021,SD,MIL,135,158,3,5,8,1,9,0,605483.0,Blake Snell,605540.0,Brandon Woodruff,605540.0,605483.0,32,American Family Field,night,R
633994,2021-05-25,2021,STL,CWS,138,145,1,5,6,1,9,0,547942.0,Kwang Hyun Kim,458681.0,Lance Lynn,458681.0,547942.0,4,Guaranteed Rate Field,night,R
633955,2021-05-25,2021,SEA,OAK,136,133,4,2,6,0,9,0,579328.0,Yusei Kikuchi,593423.0,Frankie Montas,579328.0,593423.0,10,Oakland Coliseum,night,R
633941,2021-05-25,2021,CHC,PIT,112,134,4,3,7,0,9,0,453562.0,Jake Arrieta,664074.0,Cody Ponce,453562.0,664074.0,31,PNC Park,night,R
633969,2021-05-25,2021,PHI,MIA,143,146,2,0,2,0,9,0,592826.0,Vince Velasquez,645261.0,Sandy Alcantara,592826.0,645261.0,4169,loanDepot park,night,R
633965,2021-05-25,2021,CIN,WSH,113,120,2,1,3,0,9,0,641816.0,Tyler Mahle,453286.0,Max Scherzer,641816.0,453286.0,3309,Nationals Park,night,R
633956,2021-05-25,2021,TOR,NYY,141,147,6,2,8,0,9,0,571927.0,Steven Matz,446372.0,Corey Kluber,571927.0,446372.0,3313,Yankee Stadium,night,R
633970,2021-05-25,2021,CLE,DET,114,116,4,1,5,0,9,0,650644.0,Aaron Civale,669373.0,Tarik Skubal,650644.0,669373.0,2394,Comerica Park,night,R
634023,2021-05-25,2021,COL,NYM,115,121,1,3,4,1,9,0,607536.0,Kyle Freeland,594798.0,Jacob deGrom,612434.0,592346.0,3289,Citi Field,night,R
633990,2021-05-25,2021,KC,TB,118,139,2,1,3,0,9,0,641745.0,Brad Keller,448179.0,Rich Hill,641745.0,448179.0,12,Tropicana Field,night,R
633958,2021-05-25,2021,ATL,BOS,144,111,3,1,4,0,9,0,450203.0,Charlie Morton,572070.0,Garrett Richards,450203.0,572070.0,3,Fenway Park,night,R
634048,2021-05-25,2021,BAL,MIN,110,142,4,7,11,1,9,0,665152.0,Dean Kremer,621244.0,José Berríos,621244.0,665152.0,3312,Target Field,night,R
633962,2021-05-25,2021,SD,MIL,135,158,7,1,8,0,9,0,605397.0,Joe Musgrove,669203.0,Corbin Burnes,657612.0,669203.0,32,American Family Field,night,R
633953,2021-05-26,2021,LAD,HOU,119,117,9,2,11,0,9,0,477132.0,Clayton Kershaw,425844.0,Zack Greinke,477132.0,425844.0,2392,Minute Maid Park,night,R
633951,2021-05-26,2021,STL,CWS,138,145,3,8,11,1,9,0,656427.0,Jack Flaherty,608337.0,Lucas Giolito,608337.0,656427.0,4,Guaranteed Rate Field,night,R
633972,2021-05-26,2021,TEX,LAA,140,108,5,11,16,1,9,0,660365.0,Hyeon-Jong Yang,571760.0,Andrew Heaney,571760.0,660365.0,1,Angel Stadium,night,R
633945,2021-05-26,2021,SEA,OAK,136,133,4,3,7,0,9,0,669302.0,Logan Gilbert,608344.0,Cole Irvin,623149.0,608344.0,10,Oakland Coliseum,night,R
633979,2021-05-26,2021,SF,ARI,137,109,8,0,8,0,9,0,592332.0,Kevin Gausman,656686.0,Corbin Martin,592332.0,656686.0,15,Chase Field,night,R
633928,2021-05-26,2021,BAL,MIN,110,142,2,3,5,1,9,0,605347.0,Jorge López,501381.0,Michael Pineda,501381.0,605347.0,3312,Target Field,day,R
633971,2021-05-26,2021,STL,CWS,138,145,4,0,4,0,9,0,607231.0,John Gant,607074.0,Carlos Rodón,607231.0,607074.0,4,Guaranteed Rate Field,day,R
634074,2021-05-26,2021,SEA,OAK,136,133,3,6,9,1,9,0,667498.0,Robert Dugger,621076.0,James Kaprielian,621076.0,667498.0,10,Oakland Coliseum,day,R
633940,2021-05-26,2021,TEX,LAA,140,108,8,9,17,1,9,0,641540.0,Dane Dunning,656288.0,Griffin Canning,656288.0,641540.0,1,Angel Stadium,day,R
633967,2021-05-26,2021,CHC,PIT,112,134,4,1,5,0,9,0,592866.0,Trevor Williams,640444.0,Wil Crowe,592866.0,640444.0,31,PNC Park,night,R
633901,2021-05-26,2021,PHI,MIA,143,146,2,4,6,1,9,0,605400.0,Aaron Nola,663734.0,Nick Neidert,446321.0,656322.0,4169,loanDepot park,night,R
633890,2021-05-26,2021,CIN,WSH,113,120,3,5,8,1,9,0,656546.0,Jeff Hoffman,605452.0,Joe Ross,608723.0,656546.0,3309,Nationals Park,night,R
633986,2021-05-26,2021,CLE,DET,114,116,0,1,1,1,9,0,663474.0,Triston McKenzie,570632.0,José Ureña,605242.0,615698.0,2394,Comerica Park,night,R
634064,2021-05-26,2021,KC,TB,118,139,1,2,3,1,10,1,501985.0,Mike Minor,607192.0,Tyler Glasnow,656420.0,676604.0,12,Tropicana Field,night,R
633993,2021-05-26,2021,ATL,BOS,144,111,5,9,14,1,9,0,592767.0,Drew Smyly,601713.0,Nick Pivetta,601713.0,592767.0,3,Fenway Park,night,R
634021,2021-05-26,2021,LAD,HOU,119,117,2,5,7,1,9,0,545333.0,Trevor Bauer,677651.0,Luis Garcia,677651.0,545333.0,2392,Minute Maid Park,night,R
633927,2021-05-26,2021,SD,MIL,135,158,2,1,3,0,10,1,663978.0,Chris Paddack,641778.0,Eric Lauer,613534.0,608718.0,32,American Family Field,night,R
633939,2021-05-27,2021,SF,ARI,137,109,5,4,9,0,9,0,456501.0,Johnny Cueto,518876.0,Merrill Kelly,607374.0,622065.0,15,Chase Field,night,R
633910,2021-05-26,2021,TOR,NYY,141,147,0,0,0,0,9,0,666201.0,Alek Manoah,593334.0,Domingo Germán,,,3313,Yankee Stadium,night,R
633912,2021-05-26,2021,COL,NYM,115,121,0,0,0,0,9,0,608566.0,Germán Márquez,573186.0,Marcus Stroman,,,3289,Citi Field,night,R
633922,2021-05-27,2021,COL,NYM,115,121,0,1,1,1,7,0,608566.0,Germán Márquez,573186.0,Marcus Stroman,573186.0,608566.0,3289,Citi Field,day,R
633912,2021-05-27,2021,COL,NYM,115,121,2,4,6,1,7,0,622608.0,Antonio Senzatela,664192.0,Joey Lucchesi,622098.0,622608.0,3289,Citi Field,day,R
633957,2021-05-27,2021,PHI,MIA,143,146,3,2,5,0,9,0,675921.0,Spencer Howard,641154.0,Pablo López,621237.0,554340.0,4169,loanDepot park,day,R
633888,2021-05-27,2021,CHC,PIT,112,134,5,3,8,0,9,0,543294.0,Kyle Hendricks,542881.0,Tyler Anderson,543294.0,542881.0,31,PNC Park,day,R
633943,2021-05-27,2021,CLE,DET,114,116,5,2,7,0,9,0,669456.0,Shane Bieber,571510.0,Matthew Boyd,669456.0,571510.0,2394,Comerica Park,day,R
633937,2021-05-27,2021,SD,MIL,135,158,5,6,11,1,10,1,677960.0,Ryan Weathers,605288.0,Adrian Houser,608718.0,622766.0,32,American Family Field,day,R
633890,2021-05-27,2021,CIN,WSH,113,120,3,5,8,1,9,0,656546.0,Jeff Hoffman,605452.0,Joe Ross,608723.0,656546.0,3309,Nationals Park,day,R
633915,2021-05-27,2021,KC,TB,118,139,2,7,9,1,9,0,663903.0,Brady Singer,663556.0,Shane McClanahan,663556.0,663903.0,12,Tropicana Field,day,R
633974,2021-05-27,2021,TOR,NYY,141,147,2,0,2,0,7,0,666201.0,Alek Manoah,593334.0,Domingo Germán,666201.0,593334.0,3313,Yankee Stadium,night,R
633910,2021-05-27,2021,TOR,NYY,141,147,3,5,8,1,7,0,592662.0,Robbie Ray,656756.0,Jordan Montgomery,642528.0,592662.0,3313,Yankee Stadium,night,R
634003,2021-05-27,2021,CIN,WSH,113,120,3,0,3,0,7,0,543243.0,Sonny Gray,544931.0,Stephen Strasburg,543243.0,544931.0,3309,Nationals Park,night,R
633924,2021-05-28,2021,BAL,CWS,110,145,1,5,6,1,9,0,669145.0,Bruce Zimmermann,656302.0,Dylan Cease,656302.0,622253.0,4,Guaranteed Rate Field,night,R
633964,2021-05-28,2021,LAA,OAK,108,133,0,5,5,1,9,0,663776.0,Patrick Sandoval,605135.0,Chris Bassitt,605135.0,642083.0,10,Oakland Coliseum,night,R
633914,2021-05-28,2021,STL,ARI,138,109,5,4,9,0,10,1,593372.0,Carlos Martinez,641541.0,Jon Duplantier,621052.0,592233.0,15,Chase Field,night,R
633930,2021-05-28,2021,SF,LAD,137,119,3,4,7,1,9,0,622072.0,Alex Wood,456034.0,David Price,624647.0,622072.0,22,Dodger Stadium,night,R
633934,2021-05-28,2021,TEX,SEA,140,136,0,5,5,1,9,0,663465.0,Kolby Allard,623167.0,Chris Flexen,623167.0,663465.0,680,T-Mobile Park,night,R
634024,2021-05-28,2021,CIN,CHC,113,112,0,1,1,1,9,0,661269.0,Vladimir Gutierrez,640470.0,Adbert Alzolay,640470.0,661269.0,17,Wrigley Field,day,R
633966,2021-05-28,2021,TOR,CLE,141,114,11,2,13,0,7,0,547943.0,Hyun Jin Ryu,669212.0,Eli Morgan,547943.0,669212.0,5,Progressive Field,night,R
634040,2021-05-28,2021,MIA,BOS,146,111,2,5,7,1,6,0,547001.0,Cody Poteet,527048.0,Martín Pérez,527048.0,547001.0,3,Fenway Park,night,R
633961,2021-05-28,2021,NYY,DET,147,116,2,3,5,1,10,1,543037.0,Gerrit Cole,663554.0,Casey Mize,650530.0,458677.0,2394,Comerica Park,night,R
633918,2021-05-29,2021,SD,HOU,135,117,10,3,13,0,11,1,659275.0,Dinelson Lamet,664285.0,Framber Valdez,453343.0,548384.0,2392,Minute Maid Park,night,R
633932,2021-05-29,2021,KC,MIN,118,142,8,3,11,0,9,0,663460.0,Kris Bubic,677976.0,Randy Dobnak,663460.0,677976.0,3312,Target Field,night,R
634006,2021-05-29,2021,LAA,OAK,108,133,1,3,4,1,9,0,660271.0,Shohei Ohtani,640455.0,Sean Manaea,433589.0,660271.0,10,Oakland Coliseum,night,R
633987,2021-05-29,2021,STL,ARI,138,109,8,6,14,0,9,0,670912.0,Johan Oviedo,518516.0,Madison Bumgarner,663765.0,518516.0,15,Chase Field,night,R
633921,2021-05-29,2021,SF,LAD,137,119,8,5,13,0,10,1,543101.0,Anthony DeSclafani,621111.0,Walker Buehler,643511.0,445276.0,22,Dodger Stadium,night,R
633997,2021-05-29,2021,TEX,SEA,140,136,2,3,5,1,9,0,543475.0,Jordan Lyles,656954.0,Justus Sheffield,656954.0,543475.0,680,T-Mobile Park,night,R
634005,2021-05-28,2021,COL,PIT,115,134,0,0,0,0,9,0,592351.0,Jon Gray,656605.0,Mitch Keller,,,31,PNC Park,night,R
633916,2021-05-28,2021,MIL,WSH,158,120,0,0,0,0,9,0,474463.0,Brett Anderson,452657.0,Jon Lester,,,3309,Nationals Park,night,R
633899,2021-05-28,2021,ATL,NYM,144,121,0,0,0,0,9,0,666120.0,Ian Anderson,592836.0,Taijuan Walker,,,3289,Citi Field,night,R
633887,2021-05-29,2021,BAL,CWS,110,145,0,0,0,0,9,0,518774.0,Matt Harvey,572971.0,Dallas Keuchel,,,4,Guaranteed Rate Field,night,R
634005,2021-05-29,2021,COL,PIT,115,134,0,7,7,1,7,0,592351.0,Jon Gray,664141.0,JT Brubaker,664141.0,592351.0,31,PNC Park,day,R
633936,2021-05-29,2021,COL,PIT,115,134,0,4,4,1,7,0,596295.0,Austin Gomber,656605.0,Mitch Keller,656605.0,596295.0,31,PNC Park,day,R
633894,2021-05-29,2021,PHI,TB,143,139,3,5,8,1,9,0,554430.0,Zack Wheeler,642232.0,Ryan Yarbrough,650895.0,656322.0,12,Tropicana Field,day,R
633916,2021-05-29,2021,MIL,WSH,158,120,4,1,5,0,7,0,642547.0,Freddy Peralta,571578.0,Patrick Corbin,642547.0,571578.0,3309,Nationals Park,day,R
633950,2021-05-29,2021,MIL,WSH,158,120,6,2,8,0,7,0,474463.0,Brett Anderson,452657.0,Jon Lester,608718.0,543339.0,3309,Nationals Park,night,R
633944,2021-05-29,2021,KC,MIN,118,142,5,6,11,1,9,0,429722.0,Ervin Santana,457918.0,J.A. Happ,457918.0,429722.0,3312,Target Field,day,R
633960,2021-05-29,2021,BAL,CWS,110,145,4,7,11,1,7,0,518774.0,Matt Harvey,572971.0,Dallas Keuchel,572971.0,518774.0,4,Guaranteed Rate Field,day,R
633887,2021-05-29,2021,BAL,CWS,110,145,1,3,4,1,7,0,607644.0,John Means,458681.0,Lance Lynn,458681.0,607644.0,4,Guaranteed Rate Field,day,R
633875,2021-05-29,2021,CIN,CHC,113,112,2,10,12,1,9,0,622491.0,Luis Castillo,605200.0,Zach Davies,624522.0,622491.0,17,Wrigley Field,day,R
633929,2021-05-29,2021,LAA,OAK,108,133,4,0,4,0,9,0,502171.0,Alex Cobb,593423.0,Frankie Montas,502171.0,593423.0,10,Oakland Coliseum,day,R
633874,2021-05-29,2021,SD,HOU,135,117,11,8,19,0,12,1,506433.0,Yu Darvish,543606.0,Jake Odorizzi,613534.0,621248.0,2392,Minute Maid Park,day,R
633903,2021-05-29,2021,MIA,BOS,146,111,1,3,4,1,9,0,669432.0,Trevor Rogers,543135.0,Nathan Eovaldi,543135.0,669432.0,3,Fenway Park,day,R
633949,2021-05-29,2021,NYY,DET,147,116,1,6,7,1,9,0,665620.0,Deivi García,605513.0,Spencer Turnbull,605513.0,665620.0,2394,Comerica Park,day,R
633938,2021-05-29,2021,SF,LAD,137,119,11,6,17,0,9,0,657277.0,Logan Webb,628711.0,Julio Urías,657277.0,628711.0,22,Dodger Stadium,day,R
633959,2021-05-29,2021,ATL,NYM,144,121,2,13,15,1,9,0,666120.0,Ian Anderson,592836.0,Taijuan Walker,592836.0,666120.0,3289,Citi Field,night,R
633913,2021-05-30,2021,STL,ARI,138,109,7,4,11,0,9,0,425794.0,Adam Wainwright,571676.0,Seth Frankoff,425794.0,571676.0,15,Chase Field,night,R
633947,2021-05-30,2021,TEX,SEA,140,136,2,3,5,1,9,0,592314.0,Mike Foltynewicz,643290.0,Justin Dunn,623354.0,592314.0,680,T-Mobile Park,night,R
634042,2021-05-29,2021,TOR,CLE,141,114,0,0,0,0,9,0,548389.0,Ross Stripling,656529.0,Sam Hentges,,,5,Progressive Field,day,R
633978,2021-05-30,2021,COL,PIT,115,134,4,3,7,0,9,0,607536.0,Kyle Freeland,608328.0,Chase De Jong,453268.0,593144.0,31,PNC Park,day,R
633933,2021-05-30,2021,MIL,WSH,158,120,3,0,3,0,9,0,605540.0,Brandon Woodruff,453286.0,Max Scherzer,605540.0,453286.0,3309,Nationals Park,day,R
633935,2021-05-30,2021,TOR,CLE,141,114,4,1,5,0,7,0,548389.0,Ross Stripling,650644.0,Aaron Civale,548389.0,650644.0,5,Progressive Field,day,R
634042,2021-05-30,2021,TOR,CLE,141,114,5,6,11,1,7,0,571927.0,Steven Matz,656529.0,Sam Hentges,661403.0,543022.0,5,Progressive Field,day,R
633892,2021-05-30,2021,PHI,TB,143,139,2,6,8,1,9,0,621107.0,Zach Eflin,543521.0,Collin McHugh,676596.0,621107.0,12,Tropicana Field,day,R
633854,2021-05-30,2021,NYY,DET,147,116,2,6,8,1,9,0,650633.0,Michael King,669373.0,Tarik Skubal,669373.0,650633.0,2394,Comerica Park,day,R
633942,2021-05-30,2021,SD,HOU,135,117,4,7,11,1,9,0,605483.0,Blake Snell,425844.0,Zack Greinke,425844.0,605483.0,2392,Minute Maid Park,day,R
633881,2021-05-30,2021,KC,MIN,118,142,6,3,9,0,9,0,641745.0,Brad Keller,533167.0,Matt Shoemaker,641745.0,533167.0,3312,Target Field,day,R
633872,2021-05-30,2021,BAL,CWS,110,145,1,3,4,1,9,0,669211.0,Keegan Akin,608337.0,Lucas Giolito,608337.0,622253.0,4,Guaranteed Rate Field,day,R
633931,2021-05-30,2021,CIN,CHC,113,112,5,1,6,0,9,0,641816.0,Tyler Mahle,453562.0,Jake Arrieta,641816.0,453562.0,17,Wrigley Field,day,R
633889,2021-05-30,2021,LAA,OAK,108,133,4,2,6,0,9,0,500779.0,Jose Quintana,608344.0,Cole Irvin,660761.0,608344.0,10,Oakland Coliseum,day,R
633923,2021-05-30,2021,SF,LAD,137,119,5,4,9,0,9,0,592332.0,Kevin Gausman,477132.0,Clayton Kershaw,592332.0,477132.0,22,Dodger Stadium,day,R
633946,2021-05-30,2021,STL,ARI,138,109,2,9,11,1,9,0,547942.0,Kwang Hyun Kim,676840.0,Matt Peacock,676840.0,547942.0,15,Chase Field,day,R
633968,2021-05-30,2021,TEX,SEA,140,136,2,4,6,1,9,0,660365.0,Hyeon-Jong Yang,579328.0,Yusei Kikuchi,579328.0,660365.0,680,T-Mobile Park,day,R
634072,2021-05-30,2021,MIA,BOS,146,111,0,0,0,0,9,0,645261.0,Sandy Alcantara,593958.0,Eduardo Rodriguez,,,3,Fenway Park,day,R
633925,2021-05-30,2021,ATL,NYM,144,121,0,0,0,0,9,0,608331.0,Max Fried,594798.0,Jacob deGrom,,,3289,Citi Field,night,R
633919,2021-05-31,2021,MIN,BAL,142,110,3,2,5,0,10,1,621244.0,José Berríos,605347.0,Jorge López,573124.0,592644.0,2,Oriole Park at Camden Yards,day,R
633898,2021-05-31,2021,TB,NYY,139,147,3,1,4,0,9,0,448179.0,Rich Hill,592791.0,Jameson Taillon,448179.0,592791.0,3313,Yankee Stadium,day,R
633983,2021-05-31,2021,PHI,CIN,143,113,1,11,12,1,9,0,592826.0,Vince Velasquez,489119.0,Wade Miley,489119.0,592826.0,2602,Great American Ball Park,day,R
633948,2021-05-31,2021,DET,MIL,116,158,2,3,5,1,10,1,641302.0,Tyler Alexander,669203.0,Corbin Burnes,502202.0,542585.0,32,American Family Field,day,R
633870,2021-05-31,2021,SD,CHC,135,112,2,7,9,1,9,0,663978.0,Chris Paddack,640464.0,Kohl Stewart,640464.0,663978.0,17,Wrigley Field,day,R
633884,2021-05-31,2021,CWS,CLE,145,114,8,6,14,0,8,0,607074.0,Carlos Rodón,663474.0,Triston McKenzie,676051.0,675916.0,5,Progressive Field,day,R
634452,2021-05-31,2021,CWS,CLE,145,114,1,3,4,1,7,0,669424.0,Jimmy Lambert,615698.0,Cal Quantrill,664208.0,669424.0,5,Progressive Field,day,R
633897,2021-05-31,2021,LAA,SF,108,137,1,6,7,1,9,0,605164.0,Dylan Bundy,456501.0,Johnny Cueto,456501.0,605164.0,2395,Oracle Park,day,R
633896,2021-05-31,2021,BOS,HOU,111,117,2,11,13,1,9,0,593958.0,Eduardo Rodriguez,664353.0,José Urquidy,664353.0,593958.0,2392,Minute Maid Park,day,R
633849,2021-05-31,2021,OAK,SEA,133,136,5,6,11,1,10,1,621076.0,James Kaprielian,669302.0,Logan Gilbert,623354.0,642152.0,680,T-Mobile Park,day,R
633917,2021-05-31,2021,WSH,ATL,120,144,3,5,8,1,9,0,605452.0,Joe Ross,450203.0,Charlie Morton,450203.0,605452.0,4705,Truist Park,night,R
633900,2021-06-01,2021,PIT,KC,134,118,3,7,10,1,9,0,641771.0,Chad Kuhl,501985.0,Mike Minor,501985.0,641771.0,7,Kauffman Stadium,night,R
633851,2021-06-01,2021,STL,LAD,138,119,4,9,13,1,9,0,656427.0,Jack Flaherty,545333.0,Trevor Bauer,545333.0,664854.0,22,Dodger Stadium,night,R
633926,2021-06-01,2021,NYM,ARI,121,109,6,2,8,0,9,0,594798.0,Jacob deGrom,518876.0,Merrill Kelly,594798.0,518876.0,15,Chase Field,night,R
633877,2021-06-01,2021,CWS,CLE,145,114,5,6,11,1,9,0,656302.0,Dylan Cease,669456.0,Shane Bieber,669456.0,656302.0,5,Progressive Field,night,R
633856,2021-06-01,2021,MIN,BAL,142,110,4,7,11,1,9,0,501381.0,Michael Pineda,669145.0,Bruce Zimmermann,669145.0,501381.0,2,Oriole Park at Camden Yards,night,R
633861,2021-06-01,2021,TB,NYY,139,147,3,5,8,1,11,1,607192.0,Tyler Glasnow,593334.0,Domingo Germán,570666.0,552640.0,3313,Yankee Stadium,night,R
633857,2021-06-01,2021,MIA,TOR,146,141,1,5,6,1,9,0,645261.0,Sandy Alcantara,592662.0,Robbie Ray,592662.0,645261.0,2756,Sahlen Field,night,R
633868,2021-06-01,2021,PHI,CIN,143,113,17,3,20,0,9,0,605400.0,Aaron Nola,543243.0,Sonny Gray,605400.0,543243.0,2602,Great American Ball Park,night,R
633863,2021-06-01,2021,WSH,ATL,120,144,11,6,17,0,9,0,544931.0,Stephen Strasburg,608331.0,Max Fried,608723.0,608331.0,4705,Truist Park,night,R
633878,2021-06-01,2021,DET,MIL,116,158,10,7,17,0,9,0,571510.0,Matthew Boyd,641778.0,Eric Lauer,502706.0,641778.0,32,American Family Field,night,R
633880,2021-06-02,2021,SD,CHC,135,112,3,4,7,1,9,0,677960.0,Ryan Weathers,543294.0,Kyle Hendricks,543294.0,677960.0,17,Wrigley Field,night,R
633873,2021-06-02,2021,BOS,HOU,111,117,1,5,6,1,9,0,572070.0,Garrett Richards,677651.0,Luis Garcia,677651.0,572070.0,2392,Minute Maid Park,night,R
633891,2021-06-02,2021,PIT,KC,134,118,5,10,15,1,9,0,640444.0,Wil Crowe,663903.0,Brady Singer,663903.0,640444.0,7,Kauffman Stadium,night,R
633895,2021-06-02,2021,TEX,COL,140,115,2,3,5,1,11,1,641540.0,Dane Dunning,608566.0,Germán Márquez,571710.0,656685.0,19,Coors Field,night,R
633885,2021-06-02,2021,NYM,ARI,121,109,5,6,11,1,10,1,573186.0,Marcus Stroman,592761.0,Caleb Smith,622065.0,543507.0,15,Chase Field,night,R
633864,2021-06-02,2021,LAA,SF,108,137,8,1,9,0,9,0,571760.0,Andrew Heaney,622072.0,Alex Wood,571760.0,622072.0,2395,Oracle Park,night,R
633871,2021-06-02,2021,OAK,SEA,133,136,12,6,18,0,9,0,605135.0,Chris Bassitt,594835.0,Marco Gonzales,666200.0,623149.0,680,T-Mobile Park,night,R
633879,2021-06-02,2021,STL,LAD,138,119,3,2,5,0,9,0,607231.0,John Gant,456034.0,David Price,606149.0,595014.0,22,Dodger Stadium,night,R
633855,2021-06-02,2021,SD,CHC,135,112,1,6,7,1,9,0,659275.0,Dinelson Lamet,640470.0,Adbert Alzolay,640470.0,572955.0,17,Wrigley Field,day,R
633834,2021-06-02,2021,NYM,ARI,121,109,7,6,13,0,9,0,656849.0,David Peterson,518516.0,Madison Bumgarner,612434.0,465657.0,15,Chase Field,day,R
633853,2021-06-02,2021,MIN,BAL,142,110,3,6,9,1,9,0,677976.0,Randy Dobnak,518774.0,Matt Harvey,669330.0,677976.0,2,Oriole Park at Camden Yards,night,R
633882,2021-06-02,2021,TB,NYY,139,147,3,4,7,1,9,0,663556.0,Shane McClanahan,656756.0,Jordan Montgomery,656756.0,663556.0,3313,Yankee Stadium,night,R
633844,2021-06-02,2021,MIA,TOR,146,141,5,6,11,1,9,0,641154.0,Pablo López,666201.0,Alek Manoah,621593.0,554340.0,2756,Sahlen Field,night,R
633883,2021-06-02,2021,WSH,ATL,120,144,5,3,8,0,9,0,452657.0,Jon Lester,592767.0,Drew Smyly,543339.0,621345.0,4705,Truist Park,night,R
633842,2021-06-03,2021,BOS,HOU,111,117,1,2,3,1,9,0,601713.0,Nick Pivetta,664285.0,Framber Valdez,664285.0,601713.0,2392,Minute Maid Park,night,R
633848,2021-06-03,2021,TEX,COL,140,115,3,6,9,1,9,0,543475.0,Jordan Lyles,622608.0,Antonio Senzatela,622608.0,663770.0,19,Coors Field,night,R
633988,2021-06-03,2021,STL,LAD,138,119,3,14,17,1,9,0,593372.0,Carlos Martinez,621111.0,Walker Buehler,621111.0,593372.0,22,Dodger Stadium,night,R
633954,2021-06-03,2021,OAK,SEA,133,136,6,0,6,0,9,0,640455.0,Sean Manaea,623167.0,Chris Flexen,640455.0,623167.0,680,T-Mobile Park,night,R
633867,2021-06-02,2021,PHI,CIN,143,113,0,0,0,0,9,0,675921.0,Spencer Howard,661269.0,Vladimir Gutierrez,,,2602,Great American Ball Park,day,R
633866,2021-06-02,2021,CWS,CLE,145,114,0,0,0,0,9,0,458681.0,Lance Lynn,650496.0,J.C. Mejía,,,5,Progressive Field,day,R
633836,2021-06-03,2021,WSH,ATL,120,144,1,5,6,1,9,0,571578.0,Patrick Corbin,656353.0,Tucker Davidson,458708.0,571578.0,4705,Truist Park,day,R
633819,2021-06-03,2021,TB,NYY,139,147,9,2,11,0,9,0,642232.0,Ryan Yarbrough,543037.0,Gerrit Cole,642232.0,543037.0,3313,Yankee Stadium,day,R
633831,2021-06-03,2021,BOS,HOU,111,117,5,1,6,0,9,0,527048.0,Martín Pérez,543606.0,Jake Odorizzi,527048.0,543606.0,2392,Minute Maid Park,day,R
633860,2021-06-03,2021,TEX,COL,140,115,6,11,17,1,9,0,592314.0,Mike Foltynewicz,596295.0,Austin Gomber,596295.0,592314.0,19,Coors Field,day,R
633835,2021-06-03,2021,MIA,PIT,146,134,3,5,8,1,9,0,622694.0,Elieser Hernández,542881.0,Tyler Anderson,605195.0,571670.0,31,PNC Park,night,R
633876,2021-06-03,2021,ARI,MIL,109,158,4,7,11,1,9,0,641541.0,Jon Duplantier,474463.0,Brett Anderson,608718.0,641541.0,32,American Family Field,night,R
633833,2021-06-04,2021,MIN,KC,142,118,5,6,11,1,9,0,457918.0,J.A. Happ,663460.0,Kris Bubic,596001.0,570663.0,7,Kauffman Stadium,night,R
633859,2021-06-04,2021,DET,CWS,116,145,1,4,5,1,9,0,663554.0,Casey Mize,458681.0,Lance Lynn,458681.0,663554.0,4,Guaranteed Rate Field,night,R
633809,2021-06-04,2021,CIN,STL,113,138,4,2,6,0,9,0,661269.0,Vladimir Gutierrez,425794.0,Adam Wainwright,661269.0,425794.0,2889,Busch Stadium,night,R
633832,2021-06-04,2021,SEA,LAA,136,108,6,2,8,0,9,0,656954.0,Justus Sheffield,656288.0,Griffin Canning,656954.0,656288.0,1,Angel Stadium,night,R
633823,2021-06-04,2021,CHC,SF,112,137,2,7,9,1,9,0,605200.0,Zach Davies,543101.0,Anthony DeSclafani,543101.0,605200.0,2395,Oracle Park,night,R
633841,2021-06-04,2021,NYM,SD,121,135,3,4,7,1,9,0,592836.0,Taijuan Walker,506433.0,Yu Darvish,506433.0,592836.0,2680,Petco Park,night,R
633818,2021-06-04,2021,CLE,BAL,114,110,1,3,4,1,9,0,650496.0,J.C. Mejía,669211.0,Keegan Akin,642121.0,543766.0,2,Oriole Park at Camden Yards,night,R
633862,2021-06-04,2021,WSH,PHI,120,143,2,1,3,0,9,0,453286.0,Max Scherzer,554430.0,Zack Wheeler,453286.0,554430.0,2681,Citizens Bank Park,night,R
633858,2021-06-04,2021,MIA,PIT,146,134,2,9,11,1,9,0,547001.0,Cody Poteet,656605.0,Mitch Keller,621249.0,547001.0,31,PNC Park,night,R
633824,2021-06-04,2021,BOS,NYY,111,147,5,2,7,0,9,0,543135.0,Nathan Eovaldi,650633.0,Michael King,543135.0,650633.0,3313,Yankee Stadium,night,R
633815,2021-06-04,2021,HOU,TOR,117,141,13,1,14,0,9,0,425844.0,Zack Greinke,547943.0,Hyun Jin Ryu,425844.0,547943.0,2756,Sahlen Field,night,R
633820,2021-06-04,2021,LAD,ATL,119,144,9,5,14,0,9,0,628711.0,Julio Urías,666120.0,Ian Anderson,628711.0,666120.0,4705,Truist Park,night,R
633830,2021-06-05,2021,TB,TEX,139,140,4,5,9,1,9,0,676596.0,Josh Fleming,502043.0,Kyle Gibson,502043.0,676596.0,5325,Globe Life Field,night,R
633838,2021-06-05,2021,MIN,KC,142,118,5,14,19,1,9,0,533167.0,Matt Shoemaker,641745.0,Brad Keller,641745.0,533167.0,7,Kauffman Stadium,night,R
633840,2021-06-05,2021,DET,CWS,116,145,8,9,17,1,9,0,605513.0,Spencer Turnbull,572971.0,Dallas Keuchel,521230.0,542585.0,4,Guaranteed Rate Field,night,R
633846,2021-06-05,2021,ARI,MIL,109,158,1,5,6,1,9,0,676840.0,Matt Peacock,642547.0,Freddy Peralta,642547.0,676840.0,32,American Family Field,night,R
633825,2021-06-05,2021,CIN,STL,113,138,6,4,10,0,9,0,622491.0,Luis Castillo,547942.0,Kwang Hyun Kim,622491.0,547942.0,2889,Busch Stadium,night,R
633865,2021-06-05,2021,OAK,COL,133,115,9,5,14,0,9,0,593423.0,Frankie Montas,592351.0,Jon Gray,593423.0,592351.0,19,Coors Field,night,R
633837,2021-06-05,2021,SEA,LAA,136,108,2,3,5,1,9,0,667498.0,Robert Dugger,660271.0,Shohei Ohtani,660271.0,502327.0,1,Angel Stadium,night,R
633817,2021-06-05,2021,CHC,SF,112,137,5,8,13,1,9,0,453562.0,Jake Arrieta,431148.0,Scott Kazmir,669214.0,453562.0,2395,Oracle Park,night,R
633816,2021-06-05,2021,NYM,SD,121,135,0,2,2,1,9,0,664192.0,Joey Lucchesi,605483.0,Blake Snell,605483.0,664192.0,2680,Petco Park,night,R
633920,2021-06-05,2021,DET,CWS,116,145,4,3,7,0,9,0,669373.0,Tarik Skubal,608337.0,Lucas Giolito,669373.0,608337.0,4,Guaranteed Rate Field,day,R
633797,2021-06-05,2021,CIN,STL,113,138,5,2,7,0,9,0,641816.0,Tyler Mahle,670912.0,Johan Oviedo,641816.0,664854.0,2889,Busch Stadium,day,R
633800,2021-06-05,2021,HOU,TOR,117,141,2,6,8,1,9,0,664353.0,José Urquidy,548389.0,Ross Stripling,548389.0,664353.0,2756,Sahlen Field,day,R
633807,2021-06-05,2021,CLE,BAL,114,110,10,4,14,0,9,0,650644.0,Aaron Civale,607644.0,John Means,650644.0,607644.0,2,Oriole Park at Camden Yards,day,R
633839,2021-06-05,2021,TB,TEX,139,140,3,0,3,0,9,0,448179.0,Rich Hill,663465.0,Kolby Allard,448179.0,663465.0,5325,Globe Life Field,day,R
633795,2021-06-05,2021,WSH,PHI,120,143,2,5,7,1,9,0,605452.0,Joe Ross,675921.0,Spencer Howard,624133.0,605452.0,2681,Citizens Bank Park,day,R
633787,2021-06-05,2021,MIA,PIT,146,134,7,8,15,1,12,1,669432.0,Trevor Rogers,608328.0,Chase De Jong,605280.0,643256.0,31,PNC Park,day,R
633799,2021-06-05,2021,MIN,KC,142,118,5,4,9,0,9,0,621244.0,José Berríos,501985.0,Mike Minor,621244.0,501985.0,7,Kauffman Stadium,day,R
633827,2021-06-05,2021,ARI,MIL,109,158,5,7,12,1,9,0,518876.0,Merrill Kelly,605540.0,Brandon Woodruff,642207.0,465657.0,32,American Family Field,day,R
633886,2021-06-05,2021,CHC,SF,112,137,3,4,7,1,9,0,640464.0,Kohl Stewart,592332.0,Kevin Gausman,592332.0,640464.0,2395,Oracle Park,day,R
633828,2021-06-05,2021,LAD,ATL,119,144,4,6,10,1,9,0,477132.0,Clayton Kershaw,450203.0,Charlie Morton,450203.0,477132.0,4705,Truist Park,night,R
633852,2021-06-05,2021,BOS,NYY,111,147,7,3,10,0,9,0,593958.0,Eduardo Rodriguez,592791.0,Jameson Taillon,676477.0,643338.0,3313,Yankee Stadium,night,R
633850,2021-06-06,2021,OAK,COL,133,115,6,3,9,0,9,0,608344.0,Cole Irvin,607536.0,Kyle Freeland,608344.0,607536.0,19,Coors Field,night,R
633845,2021-06-06,2021,SEA,LAA,136,108,5,12,17,1,9,0,579328.0,Yusei Kikuchi,502171.0,Alex Cobb,502171.0,608716.0,1,Angel Stadium,night,R
633821,2021-06-06,2021,NYM,SD,121,135,4,0,4,0,9,0,594798.0,Jacob deGrom,605397.0,Joe Musgrove,594798.0,605397.0,2680,Petco Park,night,R
633814,2021-06-06,2021,CLE,BAL,114,110,5,18,23,1,9,0,615698.0,Cal Quantrill,605347.0,Jorge López,605347.0,615698.0,2,Oriole Park at Camden Yards,day,R
633786,2021-06-06,2021,WSH,PHI,120,143,6,12,18,1,9,0,608723.0,Austin Voth,592826.0,Vince Velasquez,656322.0,640448.0,2681,Citizens Bank Park,day,R
633794,2021-06-06,2021,MIA,PIT,146,134,3,1,4,0,9,0,645261.0,Sandy Alcantara,641771.0,Chad Kuhl,645261.0,641771.0,31,PNC Park,day,R
633780,2021-06-06,2021,HOU,TOR,117,141,6,3,9,0,9,0,677651.0,Luis Garcia,571927.0,Steven Matz,677651.0,571927.0,2756,Sahlen Field,day,R
633810,2021-06-06,2021,LAD,ATL,119,144,2,4,6,1,9,0,545333.0,Trevor Bauer,608331.0,Max Fried,608331.0,545333.0,4705,Truist Park,day,R
633893,2021-06-06,2021,MIN,KC,142,118,2,1,3,0,9,0,641927.0,Bailey Ober,663903.0,Brady Singer,608652.0,663903.0,7,Kauffman Stadium,day,R
633774,2021-06-06,2021,DET,CWS,116,145,0,3,3,1,9,0,570632.0,José Ureña,656302.0,Dylan Cease,656302.0,570632.0,4,Guaranteed Rate Field,day,R
633798,2021-06-06,2021,ARI,MIL,109,158,0,2,2,1,9,0,592761.0,Caleb Smith,669203.0,Corbin Burnes,669203.0,592761.0,32,American Family Field,day,R
633808,2021-06-06,2021,CIN,STL,113,138,8,7,15,0,9,0,489119.0,Wade Miley,607231.0,John Gant,592390.0,621052.0,2889,Busch Stadium,day,R
633802,2021-06-06,2021,TB,TEX,139,140,7,1,8,0,9,0,608379.0,Michael Wacha,641540.0,Dane Dunning,656420.0,667463.0,5325,Globe Life Field,day,R
633847,2021-06-06,2021,OAK,COL,133,115,1,3,4,1,9,0,621076.0,James Kaprielian,608566.0,Germán Márquez,608566.0,621076.0,19,Coors Field,day,R
633869,2021-06-06,2021,CHC,SF,112,137,4,3,7,0,9,0,543294.0,Kyle Hendricks,456501.0,Johnny Cueto,543294.0,456501.0,2395,Oracle Park,day,R
633843,2021-06-06,2021,SEA,LAA,136,108,9,5,14,0,9,0,669302.0,Logan Gilbert,663776.0,Patrick Sandoval,669302.0,663776.0,1,Angel Stadium,day,R
633806,2021-06-06,2021,NYM,SD,121,135,6,2,8,0,9,0,573186.0,Marcus Stroman,663978.0,Chris Paddack,573186.0,663978.0,2680,Petco Park,day,R
633812,2021-06-06,2021,BOS,NYY,111,147,6,5,11,0,10,1,572070.0,Garrett Richards,593334.0,Domingo Germán,598264.0,570666.0,3313,Yankee Stadium,night,R
634072,2021-06-07,2021,MIA,BOS,146,111,3,5,8,1,9,0,605507.0,Zach Thompson,601713.0,Nick Pivetta,617228.0,605507.0,3,Fenway Park,night,R
633796,2021-06-08,2021,KC,LAA,118,108,3,8,11,1,9,0,663804.0,Jackson Kowar,605164.0,Dylan Bundy,605164.0,663804.0,1,Angel Stadium,night,R
633779,2021-06-08,2021,CHC,SD,112,135,4,9,13,1,9,0,640470.0,Adbert Alzolay,677960.0,Ryan Weathers,677960.0,640470.0,2680,Petco Park,night,R
633773,2021-06-08,2021,NYM,BAL,121,110,3,10,13,1,9,0,656849.0,David Peterson,669145.0,Bruce Zimmermann,669145.0,656849.0,2,Oriole Park at Camden Yards,night,R
633772,2021-06-08,2021,LAD,PIT,119,134,5,3,8,0,9,0,621111.0,Walker Buehler,664141.0,JT Brubaker,621111.0,664141.0,31,PNC Park,night,R
633785,2021-06-08,2021,ATL,PHI,144,143,9,5,14,0,9,0,592767.0,Drew Smyly,605400.0,Aaron Nola,656794.0,641401.0,2681,Citizens Bank Park,night,R
633793,2021-06-08,2021,HOU,BOS,117,111,7,1,8,0,9,0,664285.0,Framber Valdez,527048.0,Martín Pérez,664285.0,527048.0,3,Fenway Park,night,R
633822,2021-06-08,2021,SEA,DET,136,116,3,5,8,1,9,0,594835.0,Marco Gonzales,571510.0,Matthew Boyd,571510.0,594835.0,2394,Comerica Park,night,R
633766,2021-06-08,2021,WSH,TB,120,139,1,3,4,1,9,0,452657.0,Jon Lester,607192.0,Tyler Glasnow,607192.0,593833.0,12,Tropicana Field,night,R
633813,2021-06-08,2021,COL,MIA,115,146,2,6,8,1,9,0,622608.0,Antonio Senzatela,641154.0,Pablo López,641154.0,622608.0,4169,loanDepot park,night,R
633801,2021-06-08,2021,MIL,CIN,158,113,5,1,6,0,9,0,605288.0,Adrian Houser,543243.0,Sonny Gray,605288.0,641682.0,2602,Great American Ball Park,night,R
633752,2021-06-09,2021,SF,TEX,137,140,9,4,13,0,9,0,622072.0,Alex Wood,543475.0,Jordan Lyles,501625.0,570257.0,5325,Globe Life Field,night,R
633788,2021-06-09,2021,TOR,CWS,141,145,1,6,7,1,9,0,592662.0,Robbie Ray,607074.0,Carlos Rodón,676979.0,663423.0,4,Guaranteed Rate Field,night,R
633804,2021-06-09,2021,NYY,MIN,147,142,8,4,12,0,9,0,656756.0,Jordan Montgomery,501381.0,Michael Pineda,642528.0,573124.0,3312,Target Field,night,R
633778,2021-06-09,2021,CLE,STL,114,138,10,1,11,0,9,0,669456.0,Shane Bieber,593372.0,Carlos Martinez,669456.0,593372.0,2889,Busch Stadium,night,R
633826,2021-06-09,2021,KC,LAA,118,108,1,8,9,1,9,0,663460.0,Kris Bubic,571760.0,Andrew Heaney,571760.0,663460.0,1,Angel Stadium,night,R
633765,2021-06-09,2021,ARI,OAK,109,133,2,5,7,1,9,0,641541.0,Jon Duplantier,605135.0,Chris Bassitt,605135.0,641541.0,10,Oakland Coliseum,night,R
633777,2021-06-09,2021,CHC,SD,112,135,7,1,8,0,9,0,605200.0,Zach Davies,659275.0,Dinelson Lamet,605200.0,659275.0,2680,Petco Park,night,R
633756,2021-06-09,2021,SF,TEX,137,140,3,4,7,1,11,1,641793.0,Zack Littell,502043.0,Kyle Gibson,656685.0,459429.0,5325,Globe Life Field,day,R
633784,2021-06-09,2021,ARI,OAK,109,133,0,4,4,1,9,0,676840.0,Matt Peacock,640455.0,Sean Manaea,640455.0,676840.0,10,Oakland Coliseum,day,R
633739,2021-06-09,2021,CHC,SD,112,135,3,1,4,0,9,0,453562.0,Jake Arrieta,506433.0,Yu Darvish,571521.0,506433.0,2680,Petco Park,day,R
633811,2021-06-09,2021,NYM,BAL,121,110,14,1,15,0,9,0,592836.0,Taijuan Walker,518774.0,Matt Harvey,592836.0,518774.0,2,Oriole Park at Camden Yards,night,R
633753,2021-06-09,2021,LAD,PIT,119,134,2,1,3,0,9,0,664062.0,Tony Gonsolin,542881.0,Tyler Anderson,624647.0,542881.0,31,PNC Park,night,R
633764,2021-06-09,2021,ATL,PHI,144,143,1,2,3,1,9,0,656353.0,Tucker Davidson,621107.0,Zach Eflin,624133.0,519293.0,2681,Citizens Bank Park,night,R
633803,2021-06-09,2021,HOU,BOS,117,111,8,3,11,0,9,0,543606.0,Jake Odorizzi,543135.0,Nathan Eovaldi,543606.0,543135.0,3,Fenway Park,night,R
633759,2021-06-09,2021,SEA,DET,136,116,9,6,15,0,11,1,623167.0,Chris Flexen,663554.0,Casey Mize,608638.0,596057.0,2394,Comerica Park,night,R
633767,2021-06-09,2021,WSH,TB,120,139,9,7,16,0,11,1,571578.0,Patrick Corbin,663556.0,Shane McClanahan,543272.0,650895.0,12,Tropicana Field,night,R
633738,2021-06-09,2021,COL,MIA,115,146,4,3,7,0,9,0,596295.0,Austin Gomber,666129.0,Braxton Garrett,596295.0,666129.0,4169,loanDepot park,night,R
633791,2021-06-09,2021,MIL,CIN,158,113,3,7,10,1,9,0,474463.0,Brett Anderson,661269.0,Vladimir Gutierrez,661269.0,474463.0,2602,Great American Ball Park,night,R
633783,2021-06-10,2021,TOR,CWS,141,145,6,2,8,0,9,0,666201.0,Alek Manoah,458681.0,Lance Lynn,543022.0,607481.0,4,Guaranteed Rate Field,night,R
633792,2021-06-10,2021,NYY,MIN,147,142,9,6,15,0,9,0,543037.0,Gerrit Cole,677976.0,Randy Dobnak,543037.0,677976.0,3312,Target Field,night,R
633775,2021-06-10,2021,CLE,STL,114,138,2,8,10,1,9,0,650496.0,J.C. Mejía,425794.0,Adam Wainwright,425794.0,650496.0,2889,Busch Stadium,night,R
633776,2021-06-10,2021,KC,LAA,118,108,1,6,7,1,9,0,641745.0,Brad Keller,656288.0,Griffin Canning,656288.0,641745.0,1,Angel Stadium,night,R
633744,2021-06-10,2021,LAD,PIT,119,134,6,3,9,0,8,0,628711.0,Julio Urías,656605.0,Mitch Keller,628711.0,656605.0,31,PNC Park,day,R
633757,2021-06-10,2021,MIL,CIN,158,113,7,2,9,0,9,0,642547.0,Freddy Peralta,622491.0,Luis Castillo,608718.0,622491.0,2602,Great American Ball Park,day,R
633762,2021-06-10,2021,ATL,PHI,144,143,3,4,7,1,10,1,666120.0,Ian Anderson,554430.0,Zack Wheeler,621237.0,455119.0,2681,Citizens Bank Park,day,R
633754,2021-06-10,2021,SEA,DET,136,116,3,8,11,1,9,0,656954.0,Justus Sheffield,641302.0,Tyler Alexander,641729.0,656954.0,2394,Comerica Park,day,R
633758,2021-06-10,2021,HOU,BOS,117,111,8,12,20,1,9,0,425844.0,Zack Greinke,593958.0,Eduardo Rodriguez,650382.0,642130.0,3,Fenway Park,night,R
633748,2021-06-10,2021,COL,MIA,115,146,4,11,15,1,9,0,592346.0,Chi Chi González,669432.0,Trevor Rogers,669432.0,592346.0,4169,loanDepot park,night,R
633733,2021-06-11,2021,TOR,CWS,141,145,2,5,7,1,9,0,547943.0,Hyun Jin Ryu,572971.0,Dallas Keuchel,572971.0,547943.0,4,Guaranteed Rate Field,night,R
633790,2021-06-11,2021,NYY,MIN,147,142,5,7,12,1,9,0,650633.0,Michael King,457918.0,J.A. Happ,570663.0,547973.0,3312,Target Field,night,R
633770,2021-06-11,2021,KC,OAK,118,133,6,1,7,0,9,0,501985.0,Mike Minor,593423.0,Frankie Montas,501985.0,593423.0,10,Oakland Coliseum,night,R
633745,2021-06-10,2021,SF,WSH,137,120,0,0,0,0,9,0,543101.0,Anthony DeSclafani,453286.0,Max Scherzer,,,3309,Nationals Park,night,R
633742,2021-06-11,2021,STL,CHC,138,112,5,8,13,1,9,0,670912.0,Johan Oviedo,640464.0,Kohl Stewart,667297.0,650893.0,17,Wrigley Field,day,R
633746,2021-06-11,2021,SF,WSH,137,120,1,0,1,0,9,0,543101.0,Anthony DeSclafani,453286.0,Max Scherzer,543101.0,502179.0,3309,Nationals Park,night,R
633741,2021-06-11,2021,COL,CIN,115,113,5,11,16,1,9,0,607536.0,Kyle Freeland,641816.0,Tyler Mahle,641816.0,607536.0,2602,Great American Ball Park,night,R
633771,2021-06-11,2021,SD,NYM,135,121,2,3,5,1,9,0,605483.0,Blake Snell,594798.0,Jacob deGrom,594798.0,605483.0,3289,Citi Field,night,R
633743,2021-06-11,2021,SEA,CLE,136,114,0,7,7,1,9,0,643290.0,Justin Dunn,650644.0,Aaron Civale,650644.0,643290.0,5,Progressive Field,night,R
633781,2021-06-11,2021,BAL,TB,110,139,2,4,6,1,9,0,669211.0,Keegan Akin,642232.0,Ryan Yarbrough,642232.0,669211.0,12,Tropicana Field,night,R
633735,2021-06-11,2021,TOR,BOS,141,111,5,6,11,1,9,0,548389.0,Ross Stripling,572070.0,Garrett Richards,676477.0,503569.0,3,Fenway Park,night,R
633789,2021-06-11,2021,CWS,DET,145,116,5,4,9,0,10,1,608337.0,Lucas Giolito,669373.0,Tarik Skubal,521230.0,542585.0,2394,Comerica Park,night,R
633782,2021-06-11,2021,ATL,MIA,144,146,3,4,7,1,9,0,450203.0,Charlie Morton,645261.0,Sandy Alcantara,645261.0,450203.0,4169,loanDepot park,night,R
633720,2021-06-12,2021,HOU,MIN,117,142,6,4,10,0,9,0,664353.0,José Urquidy,641927.0,Bailey Ober,592773.0,533167.0,3312,Target Field,night,R
633768,2021-06-12,2021,PIT,MIL,134,158,4,7,11,1,9,0,608328.0,Chase De Jong,605540.0,Brandon Woodruff,605540.0,605280.0,32,American Family Field,night,R
633731,2021-06-12,2021,LAA,ARI,108,109,6,5,11,0,10,1,660271.0,Shohei Ohtani,518876.0,Merrill Kelly,628452.0,488748.0,15,Chase Field,night,R
633717,2021-06-12,2021,KC,OAK,118,133,3,4,7,1,9,0,663903.0,Brady Singer,608344.0,Cole Irvin,642152.0,605130.0,10,Oakland Coliseum,night,R
633761,2021-06-12,2021,TEX,LAD,140,119,1,12,13,1,9,0,592314.0,Mike Foltynewicz,477132.0,Clayton Kershaw,477132.0,592314.0,22,Dodger Stadium,night,R
633745,2021-06-12,2021,SF,WSH,137,120,0,2,2,1,7,0,592332.0,Kevin Gausman,607200.0,Erick Fedde,607200.0,592332.0,3309,Nationals Park,day,R
633698,2021-06-12,2021,SF,WSH,137,120,2,1,3,0,8,0,669214.0,Conner Menez,622446.0,Jefry Rodriguez,459429.0,640448.0,3309,Nationals Park,night,R
633763,2021-06-12,2021,NYY,PHI,147,143,7,8,15,1,10,1,592791.0,Jameson Taillon,592826.0,Vince Velasquez,605151.0,547973.0,2681,Citizens Bank Park,day,R
633718,2021-06-12,2021,KC,OAK,118,133,2,11,13,1,9,0,663804.0,Jackson Kowar,621076.0,James Kaprielian,621076.0,663804.0,10,Oakland Coliseum,day,R
633712,2021-06-12,2021,LAA,ARI,108,109,8,7,15,0,9,0,502171.0,Alex Cobb,592761.0,Caleb Smith,592222.0,465657.0,15,Chase Field,day,R
633730,2021-06-12,2021,COL,CIN,115,113,3,10,13,1,9,0,608566.0,Germán Márquez,489119.0,Wade Miley,489119.0,608566.0,2602,Great American Ball Park,day,R
633732,2021-06-12,2021,SD,NYM,135,121,1,4,5,1,9,0,605397.0,Joe Musgrove,573186.0,Marcus Stroman,573186.0,605397.0,3289,Citi Field,day,R
633725,2021-06-12,2021,SEA,CLE,136,114,4,5,9,1,10,1,579328.0,Yusei Kikuchi,663474.0,Triston McKenzie,675916.0,623149.0,5,Progressive Field,day,R
633699,2021-06-12,2021,BAL,TB,110,139,4,5,9,1,9,0,605347.0,Jorge López,448179.0,Rich Hill,543521.0,605347.0,12,Tropicana Field,day,R
633751,2021-06-12,2021,TOR,BOS,141,111,7,2,9,0,9,0,571927.0,Steven Matz,601713.0,Nick Pivetta,571927.0,601713.0,3,Fenway Park,day,R
633721,2021-06-12,2021,CWS,DET,145,116,15,2,17,0,9,0,656302.0,Dylan Cease,570632.0,José Ureña,656302.0,570632.0,2394,Comerica Park,day,R
633704,2021-06-12,2021,ATL,MIA,144,146,2,4,6,1,9,0,608331.0,Max Fried,605507.0,Zach Thompson,605507.0,608331.0,4169,loanDepot park,day,R
633726,2021-06-12,2021,PIT,MIL,134,158,4,7,11,1,9,0,641771.0,Chad Kuhl,669203.0,Corbin Burnes,670950.0,641771.0,32,American Family Field,day,R
633740,2021-06-12,2021,STL,CHC,138,112,2,7,9,1,9,0,607231.0,John Gant,543294.0,Kyle Hendricks,543294.0,607231.0,17,Wrigley Field,night,R
633736,2021-06-12,2021,HOU,MIN,117,142,2,5,7,1,9,0,677651.0,Luis Garcia,621244.0,José Berríos,621244.0,677651.0,3312,Target Field,night,R
633723,2021-06-13,2021,TEX,LAD,140,119,12,1,13,0,9,0,663465.0,Kolby Allard,545333.0,Trevor Bauer,663465.0,545333.0,22,Dodger Stadium,night,R
633710,2021-06-13,2021,SF,WSH,137,120,0,5,5,1,9,0,456501.0,Johnny Cueto,605452.0,Joe Ross,605452.0,456501.0,3309,Nationals Park,day,R
633715,2021-06-13,2021,NYY,PHI,147,143,0,7,7,1,9,0,593334.0,Domingo Germán,605400.0,Aaron Nola,605400.0,593334.0,2681,Citizens Bank Park,day,R
633711,2021-06-13,2021,COL,CIN,115,113,2,6,8,1,9,0,622608.0,Antonio Senzatela,663574.0,Tony Santillan,641682.0,622608.0,2602,Great American Ball Park,day,R
633722,2021-06-13,2021,SD,NYM,135,121,7,3,10,0,9,0,663978.0,Chris Paddack,664192.0,Joey Lucchesi,663978.0,544727.0,3289,Citi Field,day,R
633690,2021-06-13,2021,SEA,CLE,136,114,6,2,8,0,9,0,669302.0,Logan Gilbert,669456.0,Shane Bieber,669302.0,669456.0,5,Progressive Field,day,R
633737,2021-06-13,2021,BAL,TB,110,139,1,7,8,1,9,0,669145.0,Bruce Zimmermann,608379.0,Michael Wacha,676596.0,669145.0,12,Tropicana Field,day,R
633728,2021-06-13,2021,TOR,BOS,141,111,18,4,22,0,9,0,592662.0,Robbie Ray,527048.0,Martín Pérez,592662.0,527048.0,3,Fenway Park,day,R
633688,2021-06-13,2021,CWS,DET,145,116,4,1,5,0,9,0,607074.0,Carlos Rodón,608335.0,Kyle Funkhouser,607074.0,641302.0,2394,Comerica Park,day,R
633805,2021-06-13,2021,ATL,MIA,144,146,6,4,10,0,9,0,592767.0,Drew Smyly,641154.0,Pablo López,592767.0,641154.0,4169,loanDepot park,day,R
633749,2021-06-13,2021,HOU,MIN,117,142,14,3,17,0,9,0,664285.0,Framber Valdez,501381.0,Michael Pineda,664285.0,501381.0,3312,Target Field,day,R
633713,2021-06-13,2021,PIT,MIL,134,158,2,5,7,1,9,0,640444.0,Wil Crowe,605288.0,Adrian Houser,608718.0,670280.0,32,American Family Field,day,R
633707,2021-06-13,2021,KC,OAK,118,133,3,6,9,1,9,0,663460.0,Kris Bubic,605135.0,Chris Bassitt,605135.0,663460.0,10,Oakland Coliseum,day,R
633696,2021-06-13,2021,LAA,ARI,108,109,10,3,13,0,9,0,663776.0,Patrick Sandoval,641541.0,Jon Duplantier,663776.0,641541.0,15,Chase Field,day,R
633719,2021-06-13,2021,TEX,LAD,140,119,3,5,8,1,9,0,641540.0,Dane Dunning,621111.0,Walker Buehler,621111.0,641540.0,22,Dodger Stadium,day,R
633689,2021-06-13,2021,STL,CHC,138,112,0,2,2,1,9,0,593372.0,Carlos Martinez,605200.0,Zach Davies,605200.0,593372.0,17,Wrigley Field,night,R
633693,2021-06-14,2021,PIT,WSH,134,120,2,3,5,1,9,0,664141.0,JT Brubaker,452657.0,Jon Lester,640448.0,605280.0,3309,Nationals Park,night,R
633705,2021-06-14,2021,BAL,CLE,110,114,3,4,7,1,9,0,665152.0,Dean Kremer,650496.0,J.C. Mejía,680704.0,665152.0,5,Progressive Field,night,R
633678,2021-06-14,2021,CHC,NYM,112,121,2,5,7,1,9,0,453562.0,Jake Arrieta,656849.0,David Peterson,656849.0,453562.0,3289,Citi Field,night,R
633700,2021-06-14,2021,TOR,BOS,141,111,1,2,3,1,9,0,666201.0,Alek Manoah,543135.0,Nathan Eovaldi,598264.0,503569.0,3,Fenway Park,night,R
633655,2021-06-15,2021,DET,KC,116,118,10,3,13,0,9,0,571510.0,Matthew Boyd,641745.0,Brad Keller,641729.0,641745.0,7,Kauffman Stadium,night,R
633673,2021-06-15,2021,TB,CWS,139,145,5,2,7,0,9,0,607192.0,Tyler Glasnow,458681.0,Lance Lynn,656420.0,458681.0,4,Guaranteed Rate Field,night,R
633680,2021-06-15,2021,CIN,MIL,113,158,10,2,12,0,9,0,661269.0,Vladimir Gutierrez,641778.0,Eric Lauer,661269.0,641778.0,32,American Family Field,night,R
633727,2021-06-15,2021,MIA,STL,146,138,2,4,6,1,9,0,666129.0,Braxton Garrett,425794.0,Adam Wainwright,606149.0,571670.0,2889,Busch Stadium,night,R
633703,2021-06-15,2021,SD,COL,135,115,2,3,5,1,9,0,659275.0,Dinelson Lamet,596295.0,Austin Gomber,596295.0,659275.0,19,Coors Field,night,R
633729,2021-06-15,2021,LAA,OAK,108,133,5,8,13,1,9,0,605164.0,Dylan Bundy,640455.0,Sean Manaea,640455.0,605164.0,10,Oakland Coliseum,night,R
633734,2021-06-15,2021,ARI,SF,109,137,2,5,7,1,9,0,676840.0,Matt Peacock,622072.0,Alex Wood,622072.0,676840.0,2395,Oracle Park,night,R
633716,2021-06-15,2021,MIN,SEA,142,136,3,4,7,1,9,0,628317.0,Kenta Maeda,594835.0,Marco Gonzales,623149.0,570663.0,680,T-Mobile Park,night,R
633652,2021-06-15,2021,PHI,LAD,143,119,1,3,4,1,9,0,675921.0,Spencer Howard,664062.0,Tony Gonsolin,456034.0,675921.0,22,Dodger Stadium,night,R
633684,2021-06-15,2021,PIT,WSH,134,120,1,8,9,1,9,0,542881.0,Tyler Anderson,571578.0,Patrick Corbin,571578.0,542881.0,3309,Nationals Park,night,R
633653,2021-06-15,2021,NYY,TOR,147,141,6,5,11,0,9,0,656756.0,Jordan Montgomery,547943.0,Hyun Jin Ryu,642528.0,641835.0,2756,Sahlen Field,night,R
633769,2021-06-15,2021,BAL,CLE,110,114,2,7,9,1,9,0,518774.0,Matt Harvey,615698.0,Cal Quantrill,675916.0,518774.0,5,Progressive Field,night,R
633681,2021-06-15,2021,CHC,NYM,112,121,2,3,5,1,9,0,621219.0,Alec Mills,592836.0,Taijuan Walker,592836.0,621219.0,3289,Citi Field,night,R
633724,2021-06-15,2021,BOS,ATL,111,144,10,8,18,0,9,0,593958.0,Eduardo Rodriguez,656353.0,Tucker Davidson,617228.0,455119.0,4705,Truist Park,night,R
633755,2021-06-16,2021,DET,KC,116,118,4,3,7,0,9,0,663554.0,Casey Mize,501985.0,Mike Minor,663554.0,501985.0,7,Kauffman Stadium,night,R
633829,2021-06-16,2021,TEX,HOU,140,117,3,6,9,1,10,1,502043.0,Kyle Gibson,621121.0,Lance McCullers Jr.,519151.0,663770.0,2392,Minute Maid Park,night,R
633676,2021-06-16,2021,TB,CWS,139,145,0,3,3,1,9,0,663556.0,Shane McClanahan,572971.0,Dallas Keuchel,572971.0,663556.0,4,Guaranteed Rate Field,night,R
633714,2021-06-16,2021,CIN,MIL,113,158,2,1,3,0,10,1,622491.0,Luis Castillo,474463.0,Brett Anderson,608371.0,502202.0,32,American Family Field,night,R
633694,2021-06-16,2021,MIA,STL,146,138,1,2,3,1,9,0,669432.0,Trevor Rogers,547942.0,Kwang Hyun Kim,621052.0,554340.0,2889,Busch Stadium,night,R
633701,2021-06-16,2021,SD,COL,135,115,4,8,12,1,9,0,506433.0,Yu Darvish,592346.0,Chi Chi González,608032.0,657612.0,19,Coors Field,night,R
633656,2021-06-16,2021,LAA,OAK,108,133,4,6,10,1,9,0,571760.0,Andrew Heaney,593423.0,Frankie Montas,593423.0,571760.0,10,Oakland Coliseum,night,R
633679,2021-06-16,2021,ARI,SF,109,137,8,9,17,1,9,0,622065.0,Alex Young,641793.0,Zack Littell,642073.0,528748.0,2395,Oracle Park,night,R
633626,2021-06-16,2021,MIN,SEA,142,136,0,10,10,1,9,0,457918.0,J.A. Happ,623167.0,Chris Flexen,623167.0,457918.0,680,T-Mobile Park,night,R
633675,2021-06-16,2021,PHI,LAD,143,119,3,5,8,1,9,0,621107.0,Zach Eflin,628711.0,Julio Urías,523260.0,624133.0,22,Dodger Stadium,night,R
633709,2021-06-16,2021,MIA,STL,146,138,0,1,1,1,9,0,645261.0,Sandy Alcantara,670912.0,Johan Oviedo,664854.0,645261.0,2889,Busch Stadium,day,R
633612,2021-06-16,2021,DET,KC,116,118,6,5,11,0,9,0,669373.0,Tarik Skubal,663903.0,Brady Singer,669373.0,518813.0,7,Kauffman Stadium,day,R
633634,2021-06-16,2021,TB,CWS,139,145,7,8,15,1,10,1,642232.0,Ryan Yarbrough,608337.0,Lucas Giolito,621114.0,664126.0,4,Guaranteed Rate Field,day,R
633665,2021-06-16,2021,CIN,MIL,113,158,2,1,3,0,9,0,641816.0,Tyler Mahle,642547.0,Freddy Peralta,641816.0,642547.0,32,American Family Field,day,R
633706,2021-06-16,2021,SD,COL,135,115,7,8,15,1,9,0,605483.0,Blake Snell,607536.0,Kyle Freeland,608032.0,613534.0,19,Coors Field,day,R
633632,2021-06-16,2021,LAA,OAK,108,133,4,8,12,1,9,0,656288.0,Griffin Canning,608344.0,Cole Irvin,572143.0,453265.0,10,Oakland Coliseum,day,R
633628,2021-06-16,2021,PIT,WSH,134,120,1,3,4,1,9,0,608328.0,Chase De Jong,502179.0,Paolo Espino,502179.0,608328.0,3309,Nationals Park,day,R
633695,2021-06-16,2021,NYY,TOR,147,141,3,2,5,0,9,0,543037.0,Gerrit Cole,548389.0,Ross Stripling,543037.0,548389.0,2756,Sahlen Field,night,R
633659,2021-06-16,2021,BAL,CLE,110,114,7,8,15,1,9,0,669211.0,Keegan Akin,650644.0,Aaron Civale,650644.0,669211.0,5,Progressive Field,night,R
633630,2021-06-16,2021,CHC,NYM,112,121,3,6,9,1,9,0,476594.0,Robert Stock,594798.0,Jacob deGrom,656887.0,476594.0,3289,Citi Field,night,R
633708,2021-06-16,2021,BOS,ATL,111,144,10,8,18,0,9,0,572070.0,Garrett Richards,666120.0,Ian Anderson,605441.0,572888.0,4705,Truist Park,night,R
633619,2021-06-17,2021,TEX,HOU,140,117,4,8,12,1,9,0,543475.0,Jordan Lyles,425844.0,Zack Greinke,425844.0,543475.0,2392,Minute Maid Park,night,R
633645,2021-06-17,2021,ARI,SF,109,137,7,13,20,1,9,0,518876.0,Merrill Kelly,543101.0,Anthony DeSclafani,543101.0,518876.0,2395,Oracle Park,night,R
633658,2021-06-17,2021,MIN,SEA,142,136,7,2,9,0,9,0,641927.0,Bailey Ober,656954.0,Justus Sheffield,573204.0,656954.0,680,T-Mobile Park,night,R
633677,2021-06-17,2021,PHI,LAD,143,119,2,0,2,0,9,0,554430.0,Zack Wheeler,477132.0,Clayton Kershaw,554430.0,477132.0,22,Dodger Stadium,night,R
633641,2021-06-17,2021,BAL,CLE,110,114,3,10,13,1,9,0,605347.0,Jorge López,669212.0,Eli Morgan,663986.0,605347.0,5,Progressive Field,day,R
633622,2021-06-17,2021,ARI,SF,109,137,3,10,13,1,9,0,668678.0,Zac Gallen,592332.0,Kevin Gausman,592332.0,668678.0,2395,Oracle Park,day,R
633633,2021-06-17,2021,NYY,TOR,147,141,8,4,12,0,9,0,650633.0,Michael King,643615.0,T.J. Zeuch,643338.0,621593.0,2756,Sahlen Field,night,R
633692,2021-06-17,2021,CHC,NYM,112,121,2,0,2,0,9,0,543294.0,Kyle Hendricks,573186.0,Marcus Stroman,543294.0,573186.0,3289,Citi Field,night,R
633691,2021-06-17,2021,STL,ATL,138,144,0,4,4,1,9,0,607231.0,John Gant,450203.0,Charlie Morton,450203.0,607231.0,4705,Truist Park,night,R
633687,2021-06-18,2021,CWS,HOU,145,117,2,10,12,1,9,0,656302.0,Dylan Cease,664353.0,José Urquidy,664353.0,656302.0,2392,Minute Maid Park,night,R
633617,2021-06-18,2021,CIN,SD,113,135,4,6,10,1,9,0,489119.0,Wade Miley,605397.0,Joe Musgrove,572955.0,607237.0,2680,Petco Park,night,R
633623,2021-06-18,2021,MIL,COL,158,115,3,7,10,1,9,0,605540.0,Brandon Woodruff,608566.0,Germán Márquez,608566.0,605540.0,19,Coors Field,night,R
633624,2021-06-18,2021,DET,LAA,116,108,5,7,12,1,9,0,666159.0,Matt Manning,660271.0,Shohei Ohtani,660271.0,666159.0,1,Angel Stadium,night,R
633697,2021-06-18,2021,TB,SEA,139,136,5,6,11,1,9,0,448179.0,Rich Hill,643290.0,Justin Dunn,502327.0,664126.0,680,T-Mobile Park,night,R
633618,2021-06-18,2021,NYM,WSH,121,120,0,1,1,1,9,0,664192.0,Joey Lucchesi,607200.0,Erick Fedde,543272.0,621242.0,3309,Nationals Park,night,R
633584,2021-06-18,2021,CLE,PIT,114,134,10,11,21,1,9,0,650496.0,J.C. Mejía,641771.0,Chad Kuhl,641771.0,650496.0,31,PNC Park,night,R
633593,2021-06-18,2021,TOR,BAL,141,110,1,7,8,1,9,0,592662.0,Robbie Ray,664045.0,Thomas Eshelman,669330.0,592662.0,2,Oriole Park at Camden Yards,night,R
633609,2021-06-18,2021,OAK,NYY,133,147,5,3,8,0,9,0,621076.0,James Kaprielian,592791.0,Jameson Taillon,621076.0,593974.0,3313,Yankee Stadium,night,R
633607,2021-06-18,2021,STL,ATL,138,144,1,9,10,1,9,0,593372.0,Carlos Martinez,608331.0,Max Fried,608331.0,593372.0,4705,Truist Park,night,R
633579,2021-06-19,2021,MIN,TEX,142,140,7,5,12,0,10,1,621244.0,José Berríos,592314.0,Mike Foltynewicz,570663.0,622250.0,5325,Globe Life Field,night,R
633638,2021-06-19,2021,MIA,CHC,146,112,10,2,12,0,9,0,547001.0,Cody Poteet,605200.0,Zach Davies,595928.0,605200.0,17,Wrigley Field,night,R
633683,2021-06-19,2021,BOS,KC,111,118,3,5,8,1,9,0,601713.0,Nick Pivetta,622092.0,Kyle Zimmer,663460.0,601713.0,7,Kauffman Stadium,night,R
633702,2021-06-19,2021,CWS,HOU,145,117,1,2,3,1,9,0,607074.0,Carlos Rodón,677651.0,Luis Garcia,519151.0,676979.0,2392,Minute Maid Park,night,R
633616,2021-06-19,2021,MIL,COL,158,115,5,6,11,1,10,1,669203.0,Corbin Burnes,622608.0,Antonio Senzatela,468504.0,642207.0,19,Coors Field,night,R
633654,2021-06-19,2021,DET,LAA,116,108,3,11,14,1,9,0,570632.0,José Ureña,502171.0,Alex Cobb,502171.0,570632.0,1,Angel Stadium,night,R
633604,2021-06-19,2021,LAD,ARI,119,109,3,0,3,0,9,0,545333.0,Trevor Bauer,592761.0,Caleb Smith,545333.0,573009.0,15,Chase Field,night,R
633600,2021-06-19,2021,PHI,SF,143,137,3,5,8,1,9,0,592826.0,Vince Velasquez,456501.0,Johnny Cueto,456501.0,592826.0,2395,Oracle Park,night,R
633596,2021-06-19,2021,CIN,SD,113,135,2,8,10,1,9,0,663574.0,Tony Santillan,663978.0,Chris Paddack,663978.0,663574.0,2680,Petco Park,night,R
633615,2021-06-19,2021,TB,SEA,139,136,1,5,6,1,9,0,608379.0,Michael Wacha,579328.0,Yusei Kikuchi,579328.0,608379.0,680,T-Mobile Park,night,R
634647,2021-06-19,2021,NYM,WSH,121,120,5,1,6,0,7,0,656849.0,David Peterson,605452.0,Joe Ross,571901.0,605452.0,3309,Nationals Park,day,R
633583,2021-06-19,2021,NYM,WSH,121,120,2,6,8,1,7,0,607229.0,Robert Gsellman,452657.0,Jon Lester,452657.0,607229.0,3309,Nationals Park,night,R
633606,2021-06-19,2021,OAK,NYY,133,147,5,7,12,1,9,0,605135.0,Chris Bassitt,593334.0,Domingo Germán,643338.0,666200.0,3313,Yankee Stadium,day,R
633613,2021-06-19,2021,MIA,CHC,146,112,11,1,12,0,9,0,641154.0,Pablo López,453562.0,Jake Arrieta,641154.0,453562.0,17,Wrigley Field,day,R
633590,2021-06-19,2021,CLE,PIT,114,134,3,6,9,1,9,0,615698.0,Cal Quantrill,640444.0,Wil Crowe,608717.0,543766.0,31,PNC Park,day,R
633573,2021-06-19,2021,TOR,BAL,141,110,10,7,17,0,9,0,666201.0,Alek Manoah,665152.0,Dean Kremer,605447.0,643316.0,2,Oriole Park at Camden Yards,day,R
633594,2021-06-19,2021,MIN,TEX,142,140,3,2,5,0,9,0,677976.0,Randy Dobnak,663465.0,Kolby Allard,573204.0,667463.0,5325,Globe Life Field,day,R
633592,2021-06-19,2021,PHI,SF,143,137,13,6,19,0,9,0,605400.0,Aaron Nola,622072.0,Alex Wood,624133.0,606424.0,2395,Oracle Park,day,R
633585,2021-06-19,2021,BOS,KC,111,118,7,1,8,0,9,0,527048.0,Martín Pérez,641745.0,Brad Keller,527048.0,641745.0,7,Kauffman Stadium,day,R
633597,2021-06-19,2021,CIN,SD,113,135,5,7,12,1,9,0,661269.0,Vladimir Gutierrez,622766.0,Miguel Díaz,622503.0,592390.0,2680,Petco Park,day,R
633576,2021-06-19,2021,CWS,HOU,145,117,3,7,10,1,9,0,458681.0,Lance Lynn,664285.0,Framber Valdez,664285.0,458681.0,2392,Minute Maid Park,night,R
633577,2021-06-20,2021,MIL,COL,158,115,6,5,11,0,9,0,605288.0,Adrian Houser,596295.0,Austin Gomber,670950.0,641755.0,19,Coors Field,night,R
633650,2021-06-20,2021,DET,LAA,116,108,3,8,11,1,9,0,503449.0,Wily Peralta,663776.0,Patrick Sandoval,663776.0,503449.0,1,Angel Stadium,night,R
633598,2021-06-20,2021,LAD,ARI,119,109,9,3,12,0,9,0,621111.0,Walker Buehler,676840.0,Matt Peacock,621111.0,676840.0,15,Chase Field,night,R
633661,2021-06-20,2021,TB,SEA,139,136,5,6,11,1,10,1,676596.0,Josh Fleming,669302.0,Logan Gilbert,606160.0,656420.0,680,T-Mobile Park,night,R
633610,2021-06-19,2021,STL,ATL,138,144,0,0,0,0,9,0,425794.0,Adam Wainwright,592767.0,Drew Smyly,,,4705,Truist Park,night,R
633557,2021-06-20,2021,NYM,WSH,121,120,2,5,7,1,9,0,592836.0,Taijuan Walker,571578.0,Patrick Corbin,571578.0,592836.0,3309,Nationals Park,day,R
633550,2021-06-20,2021,CLE,PIT,114,134,2,1,3,0,9,0,656529.0,Sam Hentges,664141.0,JT Brubaker,664208.0,664141.0,31,PNC Park,day,R
633636,2021-06-20,2021,TOR,BAL,141,110,7,4,11,0,9,0,547943.0,Hyun Jin Ryu,518774.0,Matt Harvey,547943.0,518774.0,2,Oriole Park at Camden Yards,day,R
633575,2021-06-20,2021,OAK,NYY,133,147,1,2,3,1,9,0,640455.0,Sean Manaea,656756.0,Jordan Montgomery,642528.0,640455.0,3313,Yankee Stadium,day,R
633558,2021-06-20,2021,BOS,KC,111,118,3,7,10,1,9,0,543135.0,Nathan Eovaldi,501985.0,Mike Minor,501985.0,543135.0,7,Kauffman Stadium,day,R
633610,2021-06-20,2021,STL,ATL,138,144,9,1,10,0,7,0,425794.0,Adam Wainwright,669060.0,Bryse Wilson,425794.0,669060.0,4705,Truist Park,day,R
633565,2021-06-20,2021,STL,ATL,138,144,0,1,1,1,7,0,547942.0,Kwang Hyun Kim,592767.0,Drew Smyly,592767.0,547942.0,4705,Truist Park,night,R
633602,2021-06-20,2021,CWS,HOU,145,117,2,8,10,1,9,0,572971.0,Dallas Keuchel,621121.0,Lance McCullers Jr.,621121.0,572971.0,2392,Minute Maid Park,day,R
633629,2021-06-20,2021,MIA,CHC,146,112,0,2,2,1,9,0,605507.0,Zach Thompson,621219.0,Alec Mills,621219.0,605507.0,17,Wrigley Field,day,R
633574,2021-06-20,2021,MIN,TEX,142,140,4,2,6,0,9,0,628317.0,Kenta Maeda,641540.0,Dane Dunning,628317.0,641540.0,5325,Globe Life Field,day,R
633567,2021-06-20,2021,MIL,COL,158,115,7,6,13,0,9,0,641778.0,Eric Lauer,592346.0,Chi Chi González,642207.0,453268.0,19,Coors Field,day,R
633611,2021-06-20,2021,PHI,SF,143,137,2,11,13,1,9,0,621107.0,Zach Eflin,669674.0,Sam Long,669674.0,621107.0,2395,Oracle Park,day,R
633563,2021-06-20,2021,DET,LAA,116,108,5,3,8,0,10,1,663554.0,Casey Mize,605164.0,Dylan Bundy,542585.0,628452.0,1,Angel Stadium,day,R
633582,2021-06-20,2021,LAD,ARI,119,109,9,8,17,0,9,0,664062.0,Tony Gonsolin,622065.0,Alex Young,664076.0,622065.0,15,Chase Field,day,R
633566,2021-06-20,2021,CIN,SD,113,135,2,3,5,1,9,0,622491.0,Luis Castillo,659275.0,Dinelson Lamet,659275.0,622491.0,2680,Petco Park,day,R
633554,2021-06-20,2021,TB,SEA,139,136,2,6,8,1,10,1,663556.0,Shane McClanahan,594835.0,Marco Gonzales,606160.0,650895.0,680,T-Mobile Park,day,R
633760,2021-06-21,2021,ATL,NYM,144,121,2,4,6,1,7,0,666205.0,Kyle Muller,594798.0,Jacob deGrom,594798.0,666205.0,3289,Citi Field,night,R
633899,2021-06-21,2021,ATL,NYM,144,121,1,0,1,0,7,0,666120.0,Ian Anderson,595191.0,Jerad Eickhoff,666120.0,612434.0,3289,Citi Field,night,R
633747,2021-06-21,2021,HOU,BAL,117,110,10,2,12,0,9,0,543606.0,Jake Odorizzi,669211.0,Keegan Akin,543606.0,669211.0,2,Oriole Park at Camden Yards,night,R
633542,2021-06-22,2021,CLE,CHC,114,112,4,0,4,0,9,0,650644.0,Aaron Civale,640470.0,Adbert Alzolay,543766.0,640470.0,17,Wrigley Field,night,R
633605,2021-06-22,2021,OAK,TEX,133,140,3,8,11,1,9,0,593423.0,Frankie Montas,502043.0,Kyle Gibson,502043.0,593423.0,5325,Globe Life Field,night,R
633588,2021-06-22,2021,CIN,MIN,113,142,5,7,12,1,12,1,641816.0,Tyler Mahle,457918.0,J.A. Happ,533167.0,592390.0,3312,Target Field,night,R
633533,2021-06-22,2021,MIL,ARI,158,109,1,5,6,1,9,0,474463.0,Brett Anderson,518876.0,Merrill Kelly,518876.0,474463.0,15,Chase Field,night,R
633651,2021-06-22,2021,LAD,SD,119,135,2,6,8,1,9,0,628711.0,Julio Urías,506433.0,Yu Darvish,506433.0,628711.0,2680,Petco Park,night,R
633580,2021-06-22,2021,CIN,MIN,113,142,10,7,17,0,9,0,489119.0,Wade Miley,641927.0,Bailey Ober,622088.0,570663.0,3312,Target Field,day,R
633547,2021-06-22,2021,HOU,BAL,117,110,3,1,4,0,9,0,425844.0,Zack Greinke,605347.0,Jorge López,425844.0,605347.0,2,Oriole Park at Camden Yards,night,R
633549,2021-06-22,2021,WSH,PHI,120,143,3,2,5,0,9,0,453286.0,Max Scherzer,554430.0,Zack Wheeler,453286.0,554430.0,2681,Citizens Bank Park,night,R
633572,2021-06-22,2021,CWS,PIT,145,134,3,6,9,1,9,0,608337.0,Lucas Giolito,542881.0,Tyler Anderson,670280.0,676979.0,31,PNC Park,night,R
633621,2021-06-22,2021,KC,NYY,118,147,6,5,11,0,9,0,663903.0,Brady Singer,543037.0,Gerrit Cole,641394.0,642528.0,3313,Yankee Stadium,night,R
633526,2021-06-22,2021,STL,DET,138,116,2,8,10,1,9,0,670912.0,Johan Oviedo,669373.0,Tarik Skubal,608335.0,670912.0,2394,Comerica Park,night,R
633519,2021-06-22,2021,BOS,TB,111,139,9,5,14,0,11,1,593958.0,Eduardo Rodriguez,552640.0,Andrew Kittredge,650382.0,664126.0,12,Tropicana Field,night,R
633750,2021-06-22,2021,ATL,NYM,144,121,3,0,3,0,9,0,450203.0,Charlie Morton,573186.0,Marcus Stroman,450203.0,660546.0,3289,Citi Field,night,R
633571,2021-06-22,2021,TOR,MIA,141,146,2,1,3,0,9,0,548389.0,Ross Stripling,645261.0,Sandy Alcantara,641835.0,554340.0,4169,loanDepot park,night,R
633537,2021-06-23,2021,CLE,CHC,114,112,1,7,8,1,9,0,669212.0,Eli Morgan,543294.0,Kyle Hendricks,543294.0,669212.0,17,Wrigley Field,night,R
633532,2021-06-23,2021,OAK,TEX,133,140,13,6,19,0,9,0,608344.0,Cole Irvin,621368.0,Taylor Hearn,608344.0,621368.0,5325,Globe Life Field,night,R
633670,2021-06-23,2021,SF,LAA,137,108,5,0,5,0,9,0,543101.0,Anthony DeSclafani,571760.0,Andrew Heaney,543101.0,571760.0,1,Angel Stadium,night,R
633603,2021-06-23,2021,MIL,ARI,158,109,5,0,5,0,9,0,642547.0,Freddy Peralta,668678.0,Zac Gallen,642547.0,668678.0,15,Chase Field,night,R
633540,2021-06-23,2021,LAD,SD,119,135,2,3,5,1,9,0,477132.0,Clayton Kershaw,605483.0,Blake Snell,605483.0,477132.0,2680,Petco Park,night,R
633528,2021-06-23,2021,COL,SEA,115,136,1,2,3,1,9,0,607536.0,Kyle Freeland,623167.0,Chris Flexen,623149.0,641755.0,680,T-Mobile Park,night,R
633569,2021-06-23,2021,CWS,PIT,145,134,4,3,7,0,9,0,656302.0,Dylan Cease,608328.0,Chase De Jong,656302.0,608328.0,31,PNC Park,day,R
633546,2021-06-23,2021,WSH,PHI,120,143,13,12,25,0,9,0,607200.0,Erick Fedde,592826.0,Vince Velasquez,663432.0,593576.0,2681,Citizens Bank Park,day,R
633541,2021-06-23,2021,STL,DET,138,116,2,6,8,1,9,0,607231.0,John Gant,666159.0,Matt Manning,666159.0,607231.0,2394,Comerica Park,day,R
633578,2021-06-23,2021,MIL,ARI,158,109,3,2,5,0,9,0,605540.0,Brandon Woodruff,592761.0,Caleb Smith,605540.0,592761.0,15,Chase Field,day,R
633570,2021-06-23,2021,SF,LAA,137,108,9,3,12,0,13,1,592332.0,Kevin Gausman,660271.0,Shohei Ohtani,608678.0,592222.0,1,Angel Stadium,day,R
633614,2021-06-23,2021,COL,SEA,115,136,5,2,7,0,9,0,608566.0,Germán Márquez,656954.0,Justus Sheffield,608566.0,656954.0,680,T-Mobile Park,day,R
633568,2021-06-23,2021,HOU,BAL,117,110,13,0,13,0,9,0,664353.0,José Urquidy,664045.0,Thomas Eshelman,664353.0,664045.0,2,Oriole Park at Camden Yards,night,R
633551,2021-06-23,2021,KC,NYY,118,147,5,6,11,1,9,0,518633.0,Danny Duffy,650633.0,Michael King,547973.0,518813.0,3313,Yankee Stadium,night,R
633524,2021-06-23,2021,BOS,TB,111,139,2,8,10,1,9,0,572070.0,Garrett Richards,448179.0,Rich Hill,448179.0,572070.0,12,Tropicana Field,night,R
633561,2021-06-23,2021,ATL,NYM,144,121,3,7,10,1,9,0,657140.0,Kyle Wright,656731.0,Tylor Megill,621261.0,657140.0,3289,Citi Field,night,R
633513,2021-06-23,2021,TOR,MIA,141,146,3,1,4,0,9,0,592662.0,Robbie Ray,669432.0,Trevor Rogers,592662.0,669432.0,4169,loanDepot park,night,R
633553,2021-06-24,2021,OAK,TEX,133,140,3,5,8,1,9,0,621076.0,James Kaprielian,592314.0,Mike Foltynewicz,656685.0,433589.0,5325,Globe Life Field,night,R
633627,2021-06-24,2021,LAD,SD,119,135,3,5,8,1,9,0,545333.0,Trevor Bauer,605397.0,Joe Musgrove,657612.0,595014.0,2680,Petco Park,night,R
633559,2021-06-24,2021,KC,NYY,118,147,1,8,9,1,9,0,641745.0,Brad Keller,592791.0,Jameson Taillon,592791.0,641745.0,3313,Yankee Stadium,day,R
633503,2021-06-24,2021,OAK,TEX,133,140,5,1,6,0,9,0,605135.0,Chris Bassitt,663465.0,Kolby Allard,605135.0,663465.0,5325,Globe Life Field,day,R
633560,2021-06-24,2021,BAL,TOR,110,141,0,9,9,1,9,0,665152.0,Dean Kremer,641743.0,Anthony Kay,641743.0,665152.0,2756,Sahlen Field,night,R
633564,2021-06-24,2021,HOU,DET,117,116,12,3,15,0,9,0,677651.0,Luis Garcia,570632.0,José Ureña,677651.0,570632.0,2394,Comerica Park,night,R
633517,2021-06-24,2021,BOS,TB,111,139,0,1,1,1,9,0,601713.0,Nick Pivetta,608379.0,Michael Wacha,656420.0,598264.0,12,Tropicana Field,night,R
633514,2021-06-24,2021,ATL,CIN,144,113,3,5,8,1,9,0,,,663574.0,Tony Santillan,663574.0,445926.0,2602,Great American Ball Park,night,R
633548,2021-06-24,2021,WSH,MIA,120,146,7,3,10,0,9,0,605452.0,Joe Ross,547001.0,Cody Poteet,605452.0,547001.0,4169,loanDepot park,night,R
633538,2021-06-25,2021,CLE,MIN,114,142,4,1,5,0,9,0,650496.0,J.C. Mejía,621244.0,José Berríos,453284.0,660896.0,3312,Target Field,night,R
633502,2021-06-25,2021,PIT,STL,134,138,8,2,10,0,9,0,641771.0,Chad Kuhl,593372.0,Carlos Martinez,641771.0,593372.0,2889,Busch Stadium,night,R
633505,2021-06-25,2021,CHC,LAD,112,119,4,0,4,0,9,0,605200.0,Zach Davies,621111.0,Walker Buehler,605200.0,621111.0,22,Dodger Stadium,night,R
633545,2021-06-25,2021,PHI,NYM,143,121,1,2,3,1,8,0,605400.0,Aaron Nola,592836.0,Taijuan Walker,607625.0,624133.0,3289,Citi Field,night,R
634515,2021-06-25,2021,PHI,NYM,143,121,2,1,3,0,8,0,519043.0,Matt Moore,656849.0,David Peterson,605151.0,656887.0,3289,Citi Field,night,R
633599,2021-06-25,2021,COL,MIL,115,158,4,5,9,1,11,1,592351.0,Jon Gray,669203.0,Corbin Burnes,642207.0,656458.0,32,American Family Field,day,R
633536,2021-06-25,2021,BAL,TOR,110,141,6,5,11,0,10,1,518774.0,Matt Harvey,666201.0,Alek Manoah,643316.0,663423.0,2756,Sahlen Field,night,R
633535,2021-06-25,2021,LAA,TB,108,139,3,4,7,1,9,0,656288.0,Griffin Canning,552640.0,Andrew Kittredge,543521.0,660761.0,12,Tropicana Field,night,R
633521,2021-06-25,2021,ATL,CIN,144,113,3,2,5,0,9,0,592767.0,Drew Smyly,661269.0,Vladimir Gutierrez,592767.0,661269.0,2602,Great American Ball Park,night,R
633591,2021-06-25,2021,WSH,MIA,120,146,2,11,13,1,9,0,452657.0,Jon Lester,641154.0,Pablo López,641154.0,452657.0,4169,loanDepot park,night,R
633543,2021-06-25,2021,NYY,BOS,147,111,3,5,8,1,9,0,593334.0,Domingo Germán,527048.0,Martín Pérez,676477.0,593334.0,3,Fenway Park,night,R
633556,2021-06-26,2021,KC,TEX,118,140,4,9,13,1,9,0,501985.0,Mike Minor,641540.0,Dane Dunning,641540.0,501985.0,5325,Globe Life Field,night,R
633555,2021-06-26,2021,CLE,MIN,114,142,7,8,15,1,9,0,615698.0,Cal Quantrill,543056.0,Danny Coulombe,643377.0,621295.0,3312,Target Field,night,R
633620,2021-06-26,2021,SEA,CWS,136,145,9,3,12,0,9,0,579328.0,Yusei Kikuchi,607074.0,Carlos Rodón,579328.0,607074.0,4,Guaranteed Rate Field,night,R
633498,2021-06-26,2021,PIT,STL,134,138,5,4,9,0,9,0,640444.0,Wil Crowe,547942.0,Kwang Hyun Kim,640444.0,663765.0,2889,Busch Stadium,night,R
633523,2021-06-26,2021,OAK,SF,133,137,0,2,2,1,9,0,640455.0,Sean Manaea,456501.0,Johnny Cueto,456501.0,640455.0,2395,Oracle Park,night,R
633608,2021-06-26,2021,CHC,LAD,112,119,2,6,8,1,9,0,453562.0,Jake Arrieta,664062.0,Tony Gonsolin,595014.0,572193.0,22,Dodger Stadium,night,R
633492,2021-06-26,2021,ARI,SD,109,135,5,11,16,1,9,0,656686.0,Corbin Martin,663978.0,Chris Paddack,598286.0,656686.0,2680,Petco Park,night,R
633530,2021-06-25,2021,HOU,DET,117,116,0,0,0,0,9,0,664285.0,Framber Valdez,503449.0,Wily Peralta,,,2394,Comerica Park,night,R
633530,2021-06-26,2021,HOU,DET,117,116,1,3,4,1,7,0,664285.0,Framber Valdez,663554.0,Casey Mize,663554.0,664285.0,2394,Comerica Park,day,R
633509,2021-06-26,2021,HOU,DET,117,116,3,2,5,0,7,0,621121.0,Lance McCullers Jr.,503449.0,Wily Peralta,621121.0,605242.0,2394,Comerica Park,night,R
633501,2021-06-26,2021,SEA,CWS,136,145,3,2,5,0,9,0,669302.0,Logan Gilbert,458681.0,Lance Lynn,623149.0,521230.0,4,Guaranteed Rate Field,day,R
633589,2021-06-26,2021,PIT,STL,134,138,1,3,4,1,9,0,664141.0,JT Brubaker,425794.0,Adam Wainwright,425794.0,664141.0,2889,Busch Stadium,day,R
633520,2021-06-26,2021,BAL,TOR,110,141,4,12,16,1,9,0,669211.0,Keegan Akin,547943.0,Hyun Jin Ryu,547943.0,669211.0,2756,Sahlen Field,day,R
633534,2021-06-26,2021,KC,TEX,118,140,0,8,8,1,9,0,622092.0,Kyle Zimmer,502043.0,Kyle Gibson,502043.0,663460.0,5325,Globe Life Field,day,R
633525,2021-06-26,2021,LAA,TB,108,139,3,13,16,1,9,0,502171.0,Alex Cobb,663556.0,Shane McClanahan,663556.0,502171.0,12,Tropicana Field,day,R
633539,2021-06-26,2021,PHI,NYM,143,121,3,4,7,1,9,0,621107.0,Zach Eflin,594798.0,Jacob deGrom,621242.0,593576.0,3289,Citi Field,day,R
633510,2021-06-26,2021,ATL,CIN,144,113,1,4,5,1,9,0,666120.0,Ian Anderson,622491.0,Luis Castillo,622491.0,666120.0,2602,Great American Ball Park,day,R
633552,2021-06-26,2021,WSH,MIA,120,146,2,3,5,1,9,0,571578.0,Patrick Corbin,605507.0,Zach Thompson,605507.0,571578.0,4169,loanDepot park,day,R
633518,2021-06-26,2021,COL,MIL,115,158,4,10,14,1,9,0,622608.0,Antonio Senzatela,605288.0,Adrian Houser,502202.0,608032.0,32,American Family Field,day,R
633562,2021-06-26,2021,CHC,LAD,112,119,2,3,5,1,9,0,621219.0,Alec Mills,628711.0,Julio Urías,456034.0,624522.0,22,Dodger Stadium,day,R
633531,2021-06-26,2021,NYY,BOS,147,111,2,4,6,1,9,0,656756.0,Jordan Montgomery,543135.0,Nathan Eovaldi,543135.0,656756.0,3,Fenway Park,night,R
633500,2021-06-27,2021,OAK,SF,133,137,5,6,11,1,10,1,593423.0,Frankie Montas,622072.0,Alex Wood,459429.0,572143.0,2395,Oracle Park,night,R
633512,2021-06-27,2021,ARI,SD,109,135,10,1,11,0,9,0,518876.0,Merrill Kelly,659275.0,Dinelson Lamet,518876.0,659275.0,2680,Petco Park,night,R
633581,2021-06-26,2021,CLE,MIN,114,142,0,0,0,0,9,0,656529.0,Sam Hentges,628317.0,Kenta Maeda,,,3312,Target Field,day,R
633515,2021-06-27,2021,BAL,TOR,110,141,2,5,7,1,9,0,605347.0,Jorge López,548389.0,Ross Stripling,548389.0,605347.0,2756,Sahlen Field,day,R
633494,2021-06-27,2021,HOU,DET,117,116,1,2,3,1,10,1,543606.0,Jake Odorizzi,669373.0,Tarik Skubal,642397.0,642130.0,2394,Comerica Park,day,R
633459,2021-06-27,2021,LAA,TB,108,139,6,4,10,0,9,0,663776.0,Patrick Sandoval,642232.0,Ryan Yarbrough,453265.0,605538.0,12,Tropicana Field,day,R
633504,2021-06-27,2021,PHI,NYM,143,121,4,2,6,0,9,0,554430.0,Zack Wheeler,573186.0,Marcus Stroman,554430.0,573186.0,3289,Citi Field,day,R
633493,2021-06-27,2021,ATL,CIN,144,113,4,0,4,0,9,0,666205.0,Kyle Muller,641816.0,Tyler Mahle,666205.0,641816.0,2602,Great American Ball Park,day,R
633489,2021-06-27,2021,WSH,MIA,120,146,5,1,6,0,9,0,453286.0,Max Scherzer,645261.0,Sandy Alcantara,453286.0,645261.0,4169,loanDepot park,day,R
633477,2021-06-27,2021,NYY,BOS,147,111,2,9,11,1,9,0,543037.0,Gerrit Cole,593958.0,Eduardo Rodriguez,593958.0,543037.0,3,Fenway Park,day,R
633473,2021-06-27,2021,CLE,MIN,114,142,2,8,10,1,9,0,656529.0,Sam Hentges,457918.0,J.A. Happ,457918.0,656529.0,3312,Target Field,day,R
633501,2021-06-27,2021,SEA,CWS,136,145,3,2,5,0,9,0,669302.0,Logan Gilbert,458681.0,Lance Lynn,623149.0,521230.0,4,Guaranteed Rate Field,day,R
633486,2021-06-27,2021,COL,MIL,115,158,0,5,5,1,9,0,592346.0,Chi Chi González,641778.0,Eric Lauer,641778.0,592346.0,32,American Family Field,day,R
633482,2021-06-27,2021,PIT,STL,134,138,7,2,9,0,9,0,668820.0,Max Kranick,670912.0,Johan Oviedo,668820.0,670912.0,2889,Busch Stadium,day,R
633516,2021-06-27,2021,KC,TEX,118,140,1,4,5,1,9,0,663903.0,Brady Singer,543475.0,Jordan Lyles,543475.0,663903.0,5325,Globe Life Field,day,R
633527,2021-06-27,2021,OAK,SF,133,137,6,2,8,0,9,0,608344.0,Cole Irvin,669674.0,Sam Long,608344.0,669674.0,2395,Oracle Park,day,R
633544,2021-06-27,2021,ARI,SD,109,135,4,5,9,1,9,0,668678.0,Zac Gallen,506433.0,Yu Darvish,657612.0,676840.0,2680,Petco Park,day,R
633499,2021-06-27,2021,SEA,CWS,136,145,5,7,12,1,7,0,667498.0,Robert Dugger,621114.0,Ryan Burr,607481.0,667498.0,4,Guaranteed Rate Field,day,R
633472,2021-06-27,2021,CHC,LAD,112,119,1,7,8,1,9,0,640470.0,Adbert Alzolay,477132.0,Clayton Kershaw,477132.0,640470.0,22,Dodger Stadium,day,R
633465,2021-06-28,2021,PIT,COL,134,115,0,2,2,1,9,0,542881.0,Tyler Anderson,607536.0,Kyle Freeland,607536.0,542881.0,19,Coors Field,day,R
633867,2021-06-28,2021,PHI,CIN,143,113,4,12,16,1,9,0,675921.0,Spencer Howard,489119.0,Wade Miley,592390.0,491703.0,2602,Great American Ball Park,night,R
634620,2021-06-28,2021,NYM,WSH,121,120,4,8,12,1,9,0,595191.0,Jerad Eickhoff,502179.0,Paolo Espino,502179.0,595191.0,3309,Nationals Park,night,R
633601,2021-06-28,2021,LAA,NYY,108,147,5,3,8,0,9,0,605164.0,Dylan Bundy,650633.0,Michael King,660761.0,650633.0,3313,Yankee Stadium,night,R
633466,2021-06-28,2021,DET,CLE,116,114,5,13,18,1,9,0,666159.0,Matt Manning,669212.0,Eli Morgan,669212.0,666159.0,5,Progressive Field,night,R
633475,2021-06-28,2021,KC,BOS,118,111,5,6,11,1,9,0,518633.0,Danny Duffy,572070.0,Garrett Richards,617228.0,622251.0,3,Fenway Park,night,R
633483,2021-06-29,2021,BAL,HOU,110,117,9,7,16,0,9,0,664045.0,Thomas Eshelman,425844.0,Zack Greinke,643316.0,656232.0,2392,Minute Maid Park,night,R
633450,2021-06-29,2021,CHC,MIL,112,158,4,14,18,1,9,0,543294.0,Kyle Hendricks,642547.0,Freddy Peralta,642207.0,572193.0,32,American Family Field,night,R
633490,2021-06-29,2021,ARI,STL,109,138,1,7,8,1,9,0,607188.0,Jake Faria,453281.0,Wade LeBlanc,606149.0,622065.0,2889,Busch Stadium,night,R
633458,2021-06-29,2021,SF,LAD,137,119,2,3,5,1,9,0,543101.0,Anthony DeSclafani,545333.0,Trevor Bauer,545333.0,543101.0,22,Dodger Stadium,night,R
633476,2021-06-29,2021,MIN,CWS,142,145,0,0,0,0,9,0,628317.0,Kenta Maeda,608337.0,Lucas Giolito,,,4,Guaranteed Rate Field,night,R
633443,2021-06-29,2021,TB,WSH,139,120,3,4,7,1,9,0,448179.0,Rich Hill,605452.0,Joe Ross,605452.0,448179.0,3309,Nationals Park,night,R
633495,2021-06-29,2021,MIA,PHI,146,143,3,4,7,1,9,0,669432.0,Trevor Rogers,592826.0,Vince Velasquez,592826.0,669432.0,2681,Citizens Bank Park,night,R
633444,2021-06-29,2021,LAA,NYY,108,147,5,11,16,1,9,0,571760.0,Andrew Heaney,592791.0,Jameson Taillon,592791.0,571760.0,3313,Yankee Stadium,night,R
633497,2021-06-29,2021,SEA,TOR,136,141,3,9,12,1,9,0,623167.0,Chris Flexen,592662.0,Robbie Ray,592662.0,606160.0,2756,Sahlen Field,night,R
633496,2021-06-29,2021,KC,BOS,118,111,6,7,13,1,9,0,641745.0,Brad Keller,601713.0,Nick Pivetta,605441.0,641394.0,3,Fenway Park,night,R
633454,2021-06-29,2021,SD,CIN,135,113,5,4,9,0,9,0,489334.0,Craig Stammen,663574.0,Tony Santillan,641941.0,663574.0,2602,Great American Ball Park,night,R
633587,2021-06-29,2021,NYM,ATL,121,144,4,3,7,0,9,0,656731.0,Tylor Megill,450203.0,Charlie Morton,622098.0,621345.0,4705,Truist Park,night,R
633449,2021-06-30,2021,BAL,HOU,110,117,13,3,16,0,9,0,664042.0,Travis Lakins,664353.0,José Urquidy,649144.0,621248.0,2392,Minute Maid Park,night,R
633478,2021-06-30,2021,MIN,CWS,142,145,6,7,13,1,9,0,628317.0,Kenta Maeda,608337.0,Lucas Giolito,608337.0,628317.0,4,Guaranteed Rate Field,night,R
633446,2021-06-30,2021,CHC,MIL,112,158,1,2,3,1,9,0,605200.0,Zach Davies,605540.0,Brandon Woodruff,605540.0,605200.0,32,American Family Field,night,R
633508,2021-06-30,2021,ARI,STL,109,138,2,3,5,1,9,0,592761.0,Caleb Smith,593372.0,Carlos Martinez,593372.0,592761.0,2889,Busch Stadium,night,R
633455,2021-06-30,2021,PIT,COL,134,115,0,8,8,1,9,0,608328.0,Chase De Jong,608566.0,Germán Márquez,608566.0,608328.0,19,Coors Field,night,R
633488,2021-06-30,2021,TEX,OAK,140,133,5,4,9,0,9,0,592314.0,Mike Foltynewicz,621076.0,James Kaprielian,592314.0,621076.0,10,Oakland Coliseum,night,R
633471,2021-06-30,2021,SF,LAD,137,119,1,3,4,1,9,0,592332.0,Kevin Gausman,621111.0,Walker Buehler,621111.0,592332.0,22,Dodger Stadium,night,R
633506,2021-06-29,2021,DET,CLE,116,114,0,0,0,0,9,0,570632.0,José Ureña,650496.0,J.C. Mejía,,,5,Progressive Field,night,R
633426,2021-06-30,2021,ARI,STL,109,138,4,7,11,1,9,0,642092.0,Riley Smith,547942.0,Kwang Hyun Kim,547942.0,642092.0,2889,Busch Stadium,day,R
633474,2021-06-30,2021,CHC,MIL,112,158,7,15,22,1,9,0,453562.0,Jake Arrieta,676879.0,Aaron Ashby,670950.0,571521.0,32,American Family Field,day,R
633491,2021-06-30,2021,PIT,COL,134,115,2,6,8,1,9,0,641771.0,Chad Kuhl,592351.0,Jon Gray,592351.0,641771.0,19,Coors Field,day,R
633427,2021-06-30,2021,TB,WSH,139,120,6,15,21,1,9,0,656876.0,Drew Rasmussen,452657.0,Jon Lester,452657.0,595411.0,3309,Nationals Park,day,R
633432,2021-06-30,2021,DET,CLE,116,114,9,4,13,0,7,0,570632.0,José Ureña,615698.0,Cal Quantrill,608335.0,543766.0,5,Progressive Field,night,R
633506,2021-06-30,2021,DET,CLE,116,114,7,1,8,0,7,0,503449.0,Wily Peralta,663531.0,Logan Allen,503449.0,663531.0,5,Progressive Field,night,R
633419,2021-06-30,2021,MIA,PHI,146,143,11,6,17,0,9,0,656548.0,Jordan Holloway,605400.0,Aaron Nola,647315.0,605400.0,2681,Citizens Bank Park,night,R
633484,2021-06-30,2021,LAA,NYY,108,147,11,8,19,0,9,0,660271.0,Shohei Ohtani,593334.0,Domingo Germán,594577.0,476595.0,3313,Yankee Stadium,night,R
633445,2021-06-30,2021,SEA,TOR,136,141,9,7,16,0,10,1,656954.0,Justus Sheffield,571927.0,Steven Matz,608665.0,641907.0,2756,Sahlen Field,night,R
633467,2021-06-30,2021,KC,BOS,118,111,2,6,8,1,9,0,501985.0,Mike Minor,527048.0,Martín Pérez,527048.0,501985.0,3,Fenway Park,night,R
633435,2021-06-30,2021,SD,CIN,135,113,7,5,12,0,6,0,605397.0,Joe Musgrove,661269.0,Vladimir Gutierrez,605397.0,661269.0,2602,Great American Ball Park,night,R
633437,2021-06-30,2021,NYM,ATL,121,144,2,20,22,1,9,0,656849.0,David Peterson,608331.0,Max Fried,608331.0,656849.0,4705,Truist Park,night,R
633485,2021-07-01,2021,BAL,HOU,110,117,5,2,7,0,9,0,518774.0,Matt Harvey,677651.0,Luis Garcia,656945.0,677651.0,2392,Minute Maid Park,night,R
633479,2021-07-01,2021,MIN,CWS,142,145,3,13,16,1,9,0,641927.0,Bailey Ober,656302.0,Dylan Cease,656302.0,641927.0,4,Guaranteed Rate Field,night,R
633461,2021-07-01,2021,TEX,OAK,140,133,1,3,4,1,9,0,663465.0,Kolby Allard,605135.0,Chris Bassitt,605135.0,663465.0,10,Oakland Coliseum,night,R
633456,2021-07-01,2021,SEA,TOR,136,141,7,2,9,0,9,0,579328.0,Yusei Kikuchi,547943.0,Hyun Jin Ryu,579328.0,547943.0,2756,Sahlen Field,day,R
633457,2021-07-01,2021,KC,BOS,118,111,1,15,16,1,9,0,663460.0,Kris Bubic,543135.0,Nathan Eovaldi,543135.0,663460.0,3,Fenway Park,day,R
633529,2021-07-01,2021,MIN,CWS,142,145,5,8,13,1,9,0,621244.0,José Berríos,607074.0,Carlos Rodón,656629.0,660896.0,4,Guaranteed Rate Field,day,R
633405,2021-07-01,2021,TEX,OAK,140,133,8,3,11,0,9,0,641540.0,Dane Dunning,640455.0,Sean Manaea,667463.0,640455.0,10,Oakland Coliseum,day,R
633481,2021-07-01,2021,LAD,WSH,119,120,6,2,8,0,5,0,624647.0,Victor González,571578.0,Patrick Corbin,664062.0,571578.0,3309,Nationals Park,night,R
633463,2021-07-01,2021,MIL,PIT,158,134,7,2,9,0,9,0,669203.0,Corbin Burnes,640444.0,Wil Crowe,669203.0,640444.0,31,PNC Park,night,R
633469,2021-07-01,2021,HOU,CLE,117,114,7,2,9,0,9,0,664285.0,Framber Valdez,650496.0,J.C. Mejía,664285.0,650496.0,5,Progressive Field,night,R
633480,2021-07-01,2021,SD,CIN,135,113,4,5,9,1,9,0,677960.0,Ryan Weathers,622491.0,Luis Castillo,605521.0,453343.0,2602,Great American Ball Park,night,R
633418,2021-07-01,2021,NYM,ATL,121,144,3,4,7,1,9,0,594798.0,Jacob deGrom,666120.0,Ian Anderson,519293.0,607625.0,4705,Truist Park,night,R
633460,2021-07-02,2021,STL,COL,138,115,2,5,7,1,9,0,425794.0,Adam Wainwright,622608.0,Antonio Senzatela,453268.0,606149.0,19,Coors Field,night,R
633438,2021-07-02,2021,SF,ARI,137,109,3,5,8,1,9,0,456501.0,Johnny Cueto,518876.0,Merrill Kelly,518876.0,456501.0,15,Chase Field,night,R
633421,2021-07-01,2021,LAA,NYY,108,147,0,0,0,0,9,0,656288.0,Griffin Canning,656756.0,Jordan Montgomery,,,3313,Yankee Stadium,day,R
633447,2021-07-01,2021,MIA,PHI,146,143,0,0,0,0,9,0,641154.0,Pablo López,519043.0,Matt Moore,,,2681,Citizens Bank Park,night,R
633448,2021-07-02,2021,SD,PHI,135,143,3,4,7,1,10,1,663978.0,Chris Paddack,554430.0,Zack Wheeler,624133.0,613534.0,2681,Citizens Bank Park,night,R
633404,2021-07-02,2021,LAD,WSH,119,120,10,5,15,0,9,0,628711.0,Julio Urías,453286.0,Max Scherzer,628711.0,621348.0,3309,Nationals Park,night,R
633507,2021-07-02,2021,MIL,PIT,158,134,7,2,9,0,9,0,605288.0,Adrian Houser,664141.0,JT Brubaker,605288.0,664141.0,31,PNC Park,night,R
633464,2021-07-02,2021,TB,TOR,139,141,1,11,12,1,9,0,672715.0,Luis Patiño,666201.0,Alek Manoah,666201.0,672715.0,2756,Sahlen Field,night,R
633462,2021-07-02,2021,CHC,CIN,112,113,1,2,3,1,9,0,621219.0,Alec Mills,543243.0,Sonny Gray,592612.0,621219.0,2602,Great American Ball Park,night,R
633451,2021-07-02,2021,HOU,CLE,117,114,6,3,9,0,9,0,621121.0,Lance McCullers Jr.,656529.0,Sam Hentges,621121.0,656529.0,5,Progressive Field,night,R
633420,2021-07-02,2021,CWS,DET,145,116,8,2,10,0,9,0,458681.0,Lance Lynn,663554.0,Casey Mize,458681.0,663554.0,2394,Comerica Park,night,R
633468,2021-07-02,2021,MIA,ATL,146,144,0,1,1,1,9,0,641154.0,Pablo López,592767.0,Drew Smyly,592767.0,641154.0,4705,Truist Park,night,R
633415,2021-07-03,2021,STL,COL,138,115,9,3,12,0,10,1,670912.0,Johan Oviedo,592346.0,Chi Chi González,621052.0,622075.0,19,Coors Field,night,R
633433,2021-07-03,2021,MIN,KC,142,118,4,7,11,1,9,0,457918.0,J.A. Happ,663903.0,Brady Singer,663992.0,457918.0,7,Kauffman Stadium,night,R
633402,2021-07-03,2021,BAL,LAA,110,108,7,8,15,1,9,0,669211.0,Keegan Akin,656288.0,Griffin Canning,628452.0,643316.0,1,Angel Stadium,night,R
633452,2021-07-03,2021,BOS,OAK,111,133,3,2,5,0,10,1,593958.0,Eduardo Rodriguez,593423.0,Frankie Montas,598264.0,642152.0,10,Oakland Coliseum,night,R
633470,2021-07-03,2021,SF,ARI,137,109,11,4,15,0,9,0,622072.0,Alex Wood,668678.0,Zac Gallen,622072.0,668678.0,15,Chase Field,night,R
633511,2021-07-03,2021,TEX,SEA,140,136,4,5,9,1,10,1,502043.0,Kyle Gibson,669302.0,Logan Gilbert,664948.0,621368.0,680,T-Mobile Park,night,R
633522,2021-07-02,2021,NYM,NYY,121,147,0,0,0,0,9,0,592836.0,Taijuan Walker,656756.0,Jordan Montgomery,,,3313,Yankee Stadium,night,R
633440,2021-07-03,2021,NYM,NYY,121,147,8,3,11,0,9,0,592836.0,Taijuan Walker,656756.0,Jordan Montgomery,592836.0,656756.0,3313,Yankee Stadium,day,R
633403,2021-07-03,2021,TB,TOR,139,141,3,6,9,1,9,0,663556.0,Shane McClanahan,548389.0,Ross Stripling,643256.0,663556.0,2756,Sahlen Field,day,R
633390,2021-07-03,2021,SD,PHI,135,143,2,4,6,1,9,0,506433.0,Yu Darvish,621107.0,Zach Eflin,621107.0,506433.0,2681,Citizens Bank Park,day,R
633387,2021-07-03,2021,MIL,PIT,158,134,11,2,13,0,9,0,641778.0,Eric Lauer,664074.0,Cody Ponce,641778.0,664074.0,31,PNC Park,day,R
633441,2021-07-03,2021,CHC,CIN,112,113,2,3,5,1,9,0,640470.0,Adbert Alzolay,641816.0,Tyler Mahle,641682.0,640470.0,2602,Great American Ball Park,day,R
633439,2021-07-03,2021,MIN,KC,142,118,3,6,9,1,9,0,,,518633.0,Danny Duffy,622092.0,643377.0,7,Kauffman Stadium,day,R
633442,2021-07-03,2021,CWS,DET,145,116,5,11,16,1,9,0,572971.0,Dallas Keuchel,669373.0,Tarik Skubal,669373.0,572971.0,2394,Comerica Park,day,R
633416,2021-07-03,2021,MIA,ATL,146,144,3,2,5,0,9,0,645261.0,Sandy Alcantara,666205.0,Kyle Muller,645261.0,666205.0,4705,Truist Park,day,R
633429,2021-07-03,2021,HOU,CLE,117,114,3,2,5,0,9,0,543606.0,Jake Odorizzi,669212.0,Eli Morgan,543606.0,669212.0,5,Progressive Field,night,R
633430,2021-07-03,2021,LAD,WSH,119,120,5,3,8,0,9,0,477132.0,Clayton Kershaw,502179.0,Paolo Espino,660813.0,593833.0,3309,Nationals Park,night,R
633401,2021-07-03,2021,BOS,OAK,111,133,6,7,13,1,12,1,572070.0,Garrett Richards,608344.0,Cole Irvin,605525.0,542882.0,10,Oakland Coliseum,day,R
633424,2021-07-04,2021,STL,COL,138,115,2,3,5,1,9,0,453281.0,Wade LeBlanc,607536.0,Kyle Freeland,468504.0,650893.0,19,Coors Field,night,R
633453,2021-07-04,2021,BAL,LAA,110,108,1,4,5,1,9,0,605347.0,Jorge López,502171.0,Alex Cobb,502171.0,605347.0,1,Angel Stadium,night,R
633388,2021-07-04,2021,SF,ARI,137,109,6,5,11,0,9,0,669674.0,Sam Long,607188.0,Jake Faria,608678.0,488748.0,15,Chase Field,night,R
633379,2021-07-04,2021,TEX,SEA,140,136,7,3,10,0,9,0,543475.0,Jordan Lyles,594835.0,Marco Gonzales,543475.0,594835.0,680,T-Mobile Park,night,R
633398,2021-07-04,2021,LAD,WSH,119,120,5,1,6,0,9,0,664076.0,Garrett Cleavinger,605452.0,Joe Ross,456034.0,605452.0,3309,Nationals Park,day,R
633374,2021-07-04,2021,SD,PHI,135,143,11,1,12,0,9,0,605483.0,Blake Snell,592826.0,Vince Velasquez,613534.0,592826.0,2681,Citizens Bank Park,day,R
633422,2021-07-04,2021,MIL,PIT,158,134,0,2,2,1,9,0,642547.0,Freddy Peralta,542881.0,Tyler Anderson,542881.0,642547.0,31,PNC Park,day,R
633408,2021-07-04,2021,TB,TOR,139,141,5,1,6,0,9,0,642232.0,Ryan Yarbrough,592662.0,Robbie Ray,642232.0,592662.0,2756,Sahlen Field,day,R
633428,2021-07-04,2021,CHC,CIN,112,113,2,3,5,1,9,0,543294.0,Kyle Hendricks,489119.0,Wade Miley,605521.0,595465.0,2602,Great American Ball Park,day,R
633414,2021-07-04,2021,HOU,CLE,117,114,4,3,7,0,10,1,425844.0,Zack Greinke,615698.0,Cal Quantrill,642130.0,661403.0,5,Progressive Field,day,R
633410,2021-07-04,2021,CWS,DET,145,116,5,6,11,1,9,0,608337.0,Lucas Giolito,666159.0,Matt Manning,641302.0,608337.0,2394,Comerica Park,day,R
633423,2021-07-04,2021,MIA,ATL,146,144,7,8,15,1,10,1,605507.0,Zach Thompson,450203.0,Charlie Morton,519293.0,542914.0,4705,Truist Park,day,R
633522,2021-07-04,2021,NYM,NYY,121,147,10,5,15,0,7,0,573186.0,Marcus Stroman,543037.0,Gerrit Cole,544727.0,547973.0,3313,Yankee Stadium,day,R
633417,2021-07-04,2021,NYM,NYY,121,147,2,4,6,1,7,0,621261.0,Corey Oswalt,641482.0,Nestor Cortes,643338.0,621261.0,3313,Yankee Stadium,night,R
633431,2021-07-04,2021,MIN,KC,142,118,6,2,8,0,9,0,628317.0,Kenta Maeda,641745.0,Brad Keller,628317.0,641745.0,7,Kauffman Stadium,day,R
633434,2021-07-04,2021,STL,COL,138,115,2,3,5,1,9,0,593372.0,Carlos Martinez,608566.0,Germán Márquez,664875.0,621052.0,19,Coors Field,day,R
633391,2021-07-04,2021,BAL,LAA,110,108,5,6,11,1,9,0,664045.0,Thomas Eshelman,663776.0,Patrick Sandoval,628452.0,642121.0,1,Angel Stadium,day,R
633399,2021-07-04,2021,BOS,OAK,111,133,1,0,1,0,9,0,601713.0,Nick Pivetta,621076.0,James Kaprielian,601713.0,621076.0,10,Oakland Coliseum,day,R
633425,2021-07-04,2021,TEX,SEA,140,136,1,4,5,1,9,0,592314.0,Mike Foltynewicz,623167.0,Chris Flexen,623167.0,592314.0,680,T-Mobile Park,day,R
633436,2021-07-05,2021,SF,ARI,137,109,5,2,7,0,9,0,543101.0,Anthony DeSclafani,592761.0,Caleb Smith,543101.0,592761.0,15,Chase Field,night,R
633380,2021-07-05,2021,STL,SF,138,137,5,3,8,0,9,0,547942.0,Kwang Hyun Kim,592332.0,Kevin Gausman,547942.0,592332.0,2395,Oracle Park,day,R
633361,2021-07-05,2021,LAD,MIA,119,146,4,5,9,1,9,0,621111.0,Walker Buehler,669432.0,Trevor Rogers,605276.0,624647.0,4169,loanDepot park,night,R
633411,2021-07-05,2021,ATL,PIT,144,134,1,11,12,1,9,0,608331.0,Max Fried,608328.0,Chase De Jong,608328.0,608331.0,31,PNC Park,night,R
633353,2021-07-05,2021,CLE,TB,114,139,8,9,17,1,9,0,663531.0,Logan Allen,448179.0,Rich Hill,664126.0,661403.0,12,Tropicana Field,night,R
633487,2021-07-05,2021,CWS,MIN,145,142,5,8,13,1,9,0,656302.0,Dylan Cease,641927.0,Bailey Ober,641927.0,656302.0,3312,Target Field,night,R
633412,2021-07-05,2021,MIL,NYM,158,121,2,4,6,1,9,0,605540.0,Brandon Woodruff,656731.0,Tylor Megill,607625.0,605540.0,3289,Citi Field,night,R
633400,2021-07-06,2021,DET,TEX,116,140,7,3,10,0,9,0,503449.0,Wily Peralta,663465.0,Kolby Allard,503449.0,663465.0,5325,Globe Life Field,night,R
633386,2021-07-06,2021,PHI,CHC,143,112,13,3,16,0,9,0,519043.0,Matt Moore,605200.0,Zach Davies,641401.0,571521.0,17,Wrigley Field,night,R
633363,2021-07-06,2021,CIN,KC,113,118,6,2,8,0,9,0,661269.0,Vladimir Gutierrez,501985.0,Mike Minor,661269.0,501985.0,7,Kauffman Stadium,night,R
633389,2021-07-06,2021,BOS,LAA,111,108,5,4,9,0,9,0,527048.0,Martín Pérez,660761.0,José Suarez,527048.0,660761.0,1,Angel Stadium,night,R
633378,2021-07-06,2021,WSH,SD,120,135,7,5,12,0,9,0,452657.0,Jon Lester,605397.0,Joe Musgrove,593833.0,657612.0,2680,Petco Park,night,R
633413,2021-07-06,2021,TOR,BAL,141,110,5,7,12,1,9,0,571927.0,Steven Matz,657093.0,Spenser Watkins,657093.0,571927.0,2,Oriole Park at Camden Yards,night,R
633384,2021-07-06,2021,ATL,PIT,144,134,1,2,3,1,9,0,666120.0,Ian Anderson,641771.0,Chad Kuhl,593144.0,554431.0,31,PNC Park,night,R
633376,2021-07-06,2021,LAD,MIA,119,146,1,2,3,1,10,1,664062.0,Tony Gonsolin,641154.0,Pablo López,605276.0,595014.0,4169,loanDepot park,night,R
633364,2021-07-07,2021,DET,TEX,116,140,5,10,15,1,9,0,570632.0,José Ureña,641540.0,Dane Dunning,667463.0,596057.0,5325,Globe Life Field,night,R
633393,2021-07-07,2021,PHI,CHC,143,112,15,10,25,0,9,0,605400.0,Aaron Nola,453562.0,Jake Arrieta,605400.0,453562.0,17,Wrigley Field,night,R
633369,2021-07-07,2021,CIN,KC,113,118,6,7,13,1,9,0,622491.0,Luis Castillo,663460.0,Kris Bubic,663992.0,592390.0,7,Kauffman Stadium,night,R
633406,2021-07-07,2021,OAK,HOU,133,117,6,9,15,1,9,0,605135.0,Chris Bassitt,664285.0,Framber Valdez,650556.0,605525.0,2392,Minute Maid Park,night,R
633352,2021-07-07,2021,CWS,MIN,145,142,4,1,5,0,9,0,607074.0,Carlos Rodón,621244.0,José Berríos,607074.0,621244.0,3312,Target Field,night,R
633370,2021-07-07,2021,BOS,LAA,111,108,3,5,8,1,9,0,543135.0,Nathan Eovaldi,660271.0,Shohei Ohtani,660271.0,543135.0,1,Angel Stadium,night,R
633381,2021-07-07,2021,COL,ARI,115,109,3,4,7,1,9,0,592351.0,Jon Gray,518876.0,Merrill Kelly,465657.0,453268.0,15,Chase Field,night,R
633358,2021-07-07,2021,STL,SF,138,137,6,5,11,0,9,0,425794.0,Adam Wainwright,456501.0,Johnny Cueto,425794.0,456501.0,2395,Oracle Park,night,R
633396,2021-07-07,2021,WSH,SD,120,135,4,7,11,1,9,0,607200.0,Erick Fedde,677960.0,Ryan Weathers,677960.0,607200.0,2680,Petco Park,night,R
633382,2021-07-07,2021,NYY,SEA,147,136,12,1,13,0,9,0,592791.0,Jameson Taillon,656954.0,Justus Sheffield,592791.0,656954.0,680,T-Mobile Park,night,R
633360,2021-07-06,2021,CLE,TB,114,139,0,0,0,0,9,0,,,,,,,12,Tropicana Field,night,R
633395,2021-07-06,2021,MIL,NYM,158,121,0,0,0,0,9,0,474463.0,Brett Anderson,594798.0,Jacob deGrom,,,3289,Citi Field,night,R
633339,2021-07-07,2021,CLE,TB,114,139,1,8,9,1,7,0,650496.0,J.C. Mejía,608379.0,Michael Wacha,608379.0,650496.0,12,Tropicana Field,day,R
633360,2021-07-07,2021,CLE,TB,114,139,0,4,4,1,7,0,656529.0,Sam Hentges,543521.0,Collin McHugh,676596.0,656529.0,12,Tropicana Field,day,R
633330,2021-07-07,2021,ATL,PIT,144,134,14,3,17,0,9,0,592767.0,Drew Smyly,640444.0,Wil Crowe,592767.0,605195.0,31,PNC Park,day,R
633335,2021-07-07,2021,CWS,MIN,145,142,6,1,7,0,9,0,458681.0,Lance Lynn,501381.0,Michael Pineda,458681.0,501381.0,3312,Target Field,day,R
633349,2021-07-07,2021,DET,TEX,116,140,5,3,8,0,9,0,663554.0,Casey Mize,502043.0,Kyle Gibson,608335.0,502043.0,5325,Globe Life Field,day,R
633383,2021-07-07,2021,CIN,KC,113,118,5,2,7,0,9,0,543243.0,Sonny Gray,663903.0,Brady Singer,543243.0,605130.0,7,Kauffman Stadium,day,R
633395,2021-07-07,2021,MIL,NYM,158,121,3,4,7,1,8,0,669203.0,Corbin Burnes,594798.0,Jacob deGrom,621242.0,608718.0,3289,Citi Field,day,R
633342,2021-07-07,2021,MIL,NYM,158,121,5,0,5,0,7,0,474463.0,Brett Anderson,476594.0,Robert Stock,664776.0,476594.0,3289,Citi Field,night,R
633385,2021-07-07,2021,BOS,LAA,111,108,4,5,9,1,9,0,593958.0,Eduardo Rodriguez,571760.0,Andrew Heaney,571760.0,593958.0,1,Angel Stadium,day,R
633332,2021-07-07,2021,TOR,BAL,141,110,10,2,12,0,9,0,547943.0,Hyun Jin Ryu,518774.0,Matt Harvey,547943.0,518774.0,2,Oriole Park at Camden Yards,night,R
633333,2021-07-07,2021,LAD,MIA,119,146,6,9,15,1,9,0,596082.0,Jake Reed,446321.0,Ross Detwiler,669622.0,670955.0,4169,loanDepot park,night,R
633375,2021-07-08,2021,PHI,CHC,143,112,3,8,11,1,9,0,554430.0,Zack Wheeler,621219.0,Alec Mills,621219.0,554430.0,17,Wrigley Field,night,R
633368,2021-07-08,2021,OAK,HOU,133,117,3,4,7,1,9,0,640455.0,Sean Manaea,677651.0,Luis Garcia,642130.0,640455.0,2392,Minute Maid Park,night,R
633355,2021-07-08,2021,COL,ARI,115,109,4,6,10,1,9,0,622608.0,Antonio Senzatela,528748.0,Humberto Castellanos,676840.0,622608.0,15,Chase Field,night,R
633347,2021-07-08,2021,STL,SF,138,137,2,5,7,1,9,0,670912.0,Johan Oviedo,622072.0,Alex Wood,622072.0,670912.0,2395,Oracle Park,night,R
633362,2021-07-08,2021,WSH,SD,120,135,15,5,20,0,9,0,571578.0,Patrick Corbin,663978.0,Chris Paddack,571578.0,663978.0,2680,Petco Park,night,R
633371,2021-07-08,2021,NYY,SEA,147,136,5,4,9,0,9,0,656793.0,Nick Nelson,579328.0,Yusei Kikuchi,570666.0,579328.0,680,T-Mobile Park,night,R
633334,2021-07-08,2021,LAD,MIA,119,146,6,1,7,0,9,0,628711.0,Julio Urías,645261.0,Sandy Alcantara,628711.0,645261.0,4169,loanDepot park,day,R
633354,2021-07-08,2021,OAK,HOU,133,117,2,1,3,0,9,0,593423.0,Frankie Montas,621121.0,Lance McCullers Jr.,593423.0,621121.0,2392,Minute Maid Park,day,R
633392,2021-07-08,2021,COL,ARI,115,109,9,3,12,0,9,0,592346.0,Chi Chi González,607188.0,Jake Faria,592346.0,607179.0,15,Chase Field,day,R
633315,2021-07-08,2021,NYY,SEA,147,136,0,4,4,1,9,0,656756.0,Jordan Montgomery,669302.0,Logan Gilbert,669302.0,656756.0,680,T-Mobile Park,day,R
633409,2021-07-08,2021,KC,CLE,118,114,4,7,11,1,9,0,518633.0,Danny Duffy,668676.0,Zach Plesac,675916.0,518813.0,5,Progressive Field,night,R
633397,2021-07-09,2021,PHI,CHC,143,112,8,0,8,0,9,0,621107.0,Zach Eflin,640470.0,Adbert Alzolay,621107.0,640470.0,17,Wrigley Field,night,R
633359,2021-07-09,2021,DET,MIN,116,142,3,5,8,1,9,0,669373.0,Tarik Skubal,457918.0,J.A. Happ,457918.0,669373.0,3312,Target Field,night,R
633351,2021-07-09,2021,CIN,MIL,113,158,3,5,8,1,9,0,641816.0,Tyler Mahle,605288.0,Adrian Houser,642207.0,542960.0,32,American Family Field,night,R
633343,2021-07-09,2021,WSH,SD,120,135,8,9,17,1,9,0,453286.0,Max Scherzer,506433.0,Yu Darvish,453343.0,621348.0,2680,Petco Park,night,R
633331,2021-07-08,2021,TOR,BAL,141,110,0,0,0,0,9,0,666201.0,Alek Manoah,622253.0,Dillon Tate,,,2,Oriole Park at Camden Yards,night,R
633326,2021-07-08,2021,PIT,NYM,134,121,0,0,0,0,9,0,664141.0,JT Brubaker,592836.0,Taijuan Walker,,,3289,Citi Field,night,R
633365,2021-07-09,2021,STL,CHC,138,112,5,10,15,1,9,0,453281.0,Wade LeBlanc,543294.0,Kyle Hendricks,543294.0,453281.0,17,Wrigley Field,day,R
633377,2021-07-09,2021,CWS,BAL,145,110,12,1,13,0,9,0,572971.0,Dallas Keuchel,605347.0,Jorge López,572971.0,605347.0,2,Oriole Park at Camden Yards,night,R
633373,2021-07-09,2021,KC,CLE,118,114,1,2,3,1,9,0,641745.0,Brad Keller,663474.0,Triston McKenzie,675916.0,641394.0,5,Progressive Field,night,R
633308,2021-07-09,2021,PIT,NYM,134,121,4,13,17,1,9,0,664141.0,JT Brubaker,592836.0,Taijuan Walker,571901.0,664141.0,3289,Citi Field,night,R
633338,2021-07-09,2021,TOR,TB,141,139,1,7,8,1,9,0,666201.0,Alek Manoah,663556.0,Shane McClanahan,552640.0,666201.0,12,Tropicana Field,night,R
633357,2021-07-09,2021,PHI,BOS,143,111,5,11,16,1,9,0,592826.0,Vince Velasquez,572070.0,Garrett Richards,572070.0,592826.0,3,Fenway Park,night,R
633336,2021-07-09,2021,ATL,MIA,144,146,5,0,5,0,9,0,450203.0,Charlie Morton,605507.0,Zach Thompson,450203.0,542914.0,4169,loanDepot park,night,R
633345,2021-07-10,2021,OAK,TEX,133,140,2,3,5,1,9,0,608344.0,Cole Irvin,543475.0,Jordan Lyles,543475.0,608344.0,5325,Globe Life Field,night,R
633366,2021-07-10,2021,DET,MIN,116,142,2,4,6,1,9,0,666159.0,Matt Manning,628317.0,Kenta Maeda,660896.0,666159.0,3312,Target Field,night,R
633348,2021-07-10,2021,NYY,HOU,147,117,4,0,4,0,9,0,641482.0,Nestor Cortes,543606.0,Jake Odorizzi,476595.0,543606.0,2392,Minute Maid Park,night,R
633407,2021-07-10,2021,CIN,MIL,113,158,2,0,2,0,9,0,489119.0,Wade Miley,641778.0,Eric Lauer,489119.0,641778.0,32,American Family Field,night,R
633322,2021-07-10,2021,WSH,SF,120,137,3,5,8,1,9,0,502179.0,Paolo Espino,657277.0,Logan Webb,606424.0,621348.0,2395,Oracle Park,night,R
633320,2021-07-10,2021,ARI,LAD,109,119,5,2,7,0,9,0,642203.0,Taylor Widener,456034.0,David Price,676969.0,628345.0,22,Dodger Stadium,night,R
633367,2021-07-10,2021,COL,SD,115,135,2,4,6,1,9,0,607536.0,Kyle Freeland,663753.0,Reiss Knehr,622766.0,607536.0,2680,Petco Park,night,R
633341,2021-07-10,2021,LAA,SEA,108,136,3,7,10,1,9,0,502171.0,Alex Cobb,594835.0,Marco Gonzales,608716.0,594577.0,680,T-Mobile Park,night,R
633293,2021-07-10,2021,TOR,TB,141,139,2,5,7,1,9,0,548389.0,Ross Stripling,642232.0,Ryan Yarbrough,642232.0,548389.0,12,Tropicana Field,day,R
633289,2021-07-10,2021,DET,MIN,116,142,4,9,13,1,9,0,608335.0,Kyle Funkhouser,641927.0,Bailey Ober,543056.0,641729.0,3312,Target Field,day,R
633294,2021-07-10,2021,WSH,SF,120,137,4,10,14,1,9,0,452657.0,Jon Lester,543101.0,Anthony DeSclafani,543101.0,452657.0,2395,Oracle Park,day,R
633316,2021-07-10,2021,OAK,TEX,133,140,8,4,12,0,11,1,621076.0,James Kaprielian,592314.0,Mike Foltynewicz,605525.0,607359.0,5325,Globe Life Field,day,R
633350,2021-07-10,2021,CWS,BAL,145,110,8,3,11,0,9,0,608337.0,Lucas Giolito,664045.0,Thomas Eshelman,608337.0,664045.0,2,Oriole Park at Camden Yards,day,R
633295,2021-07-10,2021,PIT,NYM,134,121,6,2,8,0,7,0,542881.0,Tyler Anderson,573186.0,Marcus Stroman,542881.0,573186.0,3289,Citi Field,night,R
633326,2021-07-10,2021,PIT,NYM,134,121,2,4,6,1,7,0,668820.0,Max Kranick,656731.0,Tylor Megill,544727.0,668820.0,3289,Citi Field,night,R
633344,2021-07-10,2021,PHI,BOS,143,111,11,2,13,0,9,0,519043.0,Matt Moore,527048.0,Martín Pérez,663559.0,527048.0,3,Fenway Park,day,R
633312,2021-07-10,2021,ATL,MIA,144,146,5,4,9,0,9,0,608331.0,Max Fried,669432.0,Trevor Rogers,608331.0,669432.0,4169,loanDepot park,day,R
633317,2021-07-10,2021,KC,CLE,118,114,6,14,20,1,9,0,501985.0,Mike Minor,615698.0,Cal Quantrill,615698.0,501985.0,5,Progressive Field,night,R
633356,2021-07-10,2021,STL,CHC,138,112,6,0,6,0,9,0,547942.0,Kwang Hyun Kim,605200.0,Zach Davies,547942.0,605200.0,17,Wrigley Field,night,R
633304,2021-07-10,2021,NYY,HOU,147,117,1,0,1,0,9,0,543037.0,Gerrit Cole,425844.0,Zack Greinke,543037.0,425844.0,2392,Minute Maid Park,night,R
633313,2021-07-10,2021,CIN,MIL,113,158,4,3,7,0,9,0,661269.0,Vladimir Gutierrez,642547.0,Freddy Peralta,592612.0,623352.0,32,American Family Field,night,R
633311,2021-07-11,2021,ARI,LAD,109,119,1,22,23,1,9,0,592761.0,Caleb Smith,621111.0,Walker Buehler,621111.0,592761.0,22,Dodger Stadium,night,R
633301,2021-07-11,2021,COL,SD,115,135,3,0,3,0,9,0,608566.0,Germán Márquez,605397.0,Joe Musgrove,608566.0,605397.0,2680,Petco Park,night,R
633288,2021-07-11,2021,LAA,SEA,108,136,0,2,2,1,9,0,663776.0,Patrick Sandoval,623167.0,Chris Flexen,623167.0,663776.0,680,T-Mobile Park,night,R
633282,2021-07-11,2021,CWS,BAL,145,110,7,5,12,0,10,1,656302.0,Dylan Cease,657093.0,Spenser Watkins,521230.0,669330.0,2,Oriole Park at Camden Yards,day,R
633325,2021-07-11,2021,PIT,NYM,134,121,6,5,11,0,9,0,608328.0,Chase De Jong,571901.0,Aaron Loup,670280.0,621242.0,3289,Citi Field,day,R
633270,2021-07-11,2021,TOR,TB,141,139,3,1,4,0,9,0,592662.0,Robbie Ray,448179.0,Rich Hill,592662.0,448179.0,12,Tropicana Field,day,R
633327,2021-07-11,2021,PHI,BOS,143,111,5,4,9,0,9,0,445213.0,Brandon Kintzler,601713.0,Nick Pivetta,650911.0,601713.0,3,Fenway Park,day,R
633324,2021-07-11,2021,ATL,MIA,144,146,4,7,11,1,9,0,666120.0,Ian Anderson,641154.0,Pablo López,641154.0,666120.0,4169,loanDepot park,day,R
633307,2021-07-11,2021,DET,MIN,116,142,9,12,21,1,10,1,503449.0,Wily Peralta,621244.0,José Berríos,608648.0,502706.0,3312,Target Field,day,R
633340,2021-07-11,2021,NYY,HOU,147,117,7,8,15,1,9,0,592791.0,Jameson Taillon,664285.0,Framber Valdez,621248.0,643338.0,2392,Minute Maid Park,day,R
633274,2021-07-11,2021,CIN,MIL,113,158,3,1,4,0,9,0,622491.0,Luis Castillo,605540.0,Brandon Woodruff,641682.0,623352.0,32,American Family Field,day,R
633297,2021-07-11,2021,OAK,TEX,133,140,4,1,5,0,9,0,605135.0,Chris Bassitt,663465.0,Kolby Allard,605135.0,663465.0,5325,Globe Life Field,day,R
633279,2021-07-11,2021,WSH,SF,120,137,1,3,4,1,9,0,607200.0,Erick Fedde,592332.0,Kevin Gausman,592332.0,607200.0,2395,Oracle Park,day,R
633302,2021-07-11,2021,ARI,LAD,109,119,4,7,11,1,9,0,518876.0,Merrill Kelly,664062.0,Tony Gonsolin,445276.0,656266.0,22,Dodger Stadium,day,R
633314,2021-07-11,2021,COL,SD,115,135,3,1,4,0,9,0,592351.0,Jon Gray,677960.0,Ryan Weathers,592351.0,489334.0,2680,Petco Park,day,R
633318,2021-07-11,2021,LAA,SEA,108,136,7,1,8,0,9,0,660761.0,José Suarez,502327.0,Héctor Santiago,660761.0,670990.0,680,T-Mobile Park,day,R
633394,2021-07-11,2021,KC,CLE,118,114,0,0,0,0,9,0,672578.0,Carlos Hernández,669212.0,Eli Morgan,,,5,Progressive Field,day,R
633337,2021-07-11,2021,STL,CHC,138,112,0,0,0,0,9,0,425794.0,Adam Wainwright,592866.0,Trevor Williams,,,17,Wrigley Field,day,R
633291,2021-07-15,2021,BOS,NYY,111,147,0,0,0,0,9,0,593958.0,Eduardo Rodriguez,593334.0,Domingo Germán,,,3313,Yankee Stadium,night,R
633283,2021-07-16,2021,MIA,PHI,146,143,2,5,7,1,7,0,645261.0,Sandy Alcantara,519043.0,Matt Moore,605151.0,645261.0,2681,Citizens Bank Park,night,R
633447,2021-07-16,2021,MIA,PHI,146,143,7,0,7,0,7,0,446321.0,Ross Detwiler,621107.0,Zach Eflin,656548.0,621107.0,2681,Citizens Bank Park,night,R
633346,2021-07-16,2021,NYM,PIT,121,134,1,4,5,1,9,0,573186.0,Marcus Stroman,641771.0,Chad Kuhl,641771.0,573186.0,31,PNC Park,night,R
633305,2021-07-16,2021,SD,WSH,135,120,24,8,32,0,9,0,663978.0,Chris Paddack,607200.0,Erick Fedde,663978.0,607200.0,3309,Nationals Park,night,R
633310,2021-07-16,2021,BOS,NYY,111,147,4,0,4,0,9,0,593958.0,Eduardo Rodriguez,656756.0,Jordan Montgomery,593958.0,656756.0,3313,Yankee Stadium,night,R
633266,2021-07-16,2021,TEX,TOR,140,141,2,10,12,1,9,0,543475.0,Jordan Lyles,592662.0,Robbie Ray,592662.0,543475.0,2756,Sahlen Field,night,R
633263,2021-07-16,2021,MIL,CIN,158,113,11,6,17,0,9,0,605288.0,Adrian Houser,641816.0,Tyler Mahle,608718.0,607237.0,2602,Great American Ball Park,night,R
633265,2021-07-16,2021,TB,ATL,139,144,7,6,13,0,10,1,608379.0,Michael Wacha,450203.0,Charlie Morton,605538.0,445926.0,4705,Truist Park,night,R
633328,2021-07-17,2021,BAL,KC,110,118,2,9,11,1,9,0,669211.0,Keegan Akin,518633.0,Danny Duffy,622251.0,669211.0,7,Kauffman Stadium,night,R
633309,2021-07-17,2021,HOU,CWS,117,145,7,1,8,0,9,0,621121.0,Lance McCullers Jr.,656302.0,Dylan Cease,621121.0,656302.0,4,Guaranteed Rate Field,night,R
633285,2021-07-17,2021,SF,STL,137,138,7,2,9,0,9,0,657277.0,Logan Webb,425794.0,Adam Wainwright,543351.0,425794.0,2889,Busch Stadium,night,R
633321,2021-07-17,2021,LAD,COL,119,115,10,4,14,0,9,0,628711.0,Julio Urías,592346.0,Chi Chi González,628711.0,592346.0,19,Coors Field,night,R
633323,2021-07-17,2021,SEA,LAA,136,108,6,5,11,0,9,0,623167.0,Chris Flexen,571760.0,Andrew Heaney,623167.0,571760.0,1,Angel Stadium,night,R
633296,2021-07-17,2021,CHC,ARI,112,109,5,1,6,0,9,0,543294.0,Kyle Hendricks,518516.0,Madison Bumgarner,543294.0,518516.0,15,Chase Field,night,R
633264,2021-07-17,2021,CLE,OAK,114,133,4,5,9,1,9,0,669212.0,Eli Morgan,640455.0,Sean Manaea,489265.0,661403.0,10,Oakland Coliseum,night,R
634222,2021-07-16,2021,MIN,DET,142,116,0,0,0,0,9,0,656212.0,Charlie Barnes,570632.0,José Ureña,,,2394,Comerica Park,day,R
633372,2021-07-16,2021,MIN,DET,142,116,0,0,0,0,9,0,628317.0,Kenta Maeda,,,,,2394,Comerica Park,night,R
634222,2021-07-17,2021,MIN,DET,142,116,0,1,1,1,7,0,656212.0,Charlie Barnes,570632.0,José Ureña,596057.0,656212.0,2394,Comerica Park,day,R
633275,2021-07-17,2021,MIN,DET,142,116,4,5,9,1,8,0,628317.0,Kenta Maeda,641302.0,Tyler Alexander,641729.0,573124.0,2394,Comerica Park,night,R
633306,2021-07-17,2021,CLE,OAK,114,133,3,2,5,0,9,0,615698.0,Cal Quantrill,593423.0,Frankie Montas,615698.0,593423.0,10,Oakland Coliseum,day,R
633319,2021-07-17,2021,CHC,ARI,112,109,4,2,6,0,9,0,640470.0,Adbert Alzolay,668678.0,Zac Gallen,571521.0,465657.0,15,Chase Field,day,R
633299,2021-07-17,2021,MIA,PHI,146,143,2,4,6,1,10,1,605507.0,Zach Thompson,592826.0,Vince Velasquez,621237.0,554340.0,2681,Citizens Bank Park,night,R
633290,2021-07-17,2021,NYM,PIT,121,134,7,9,16,1,9,0,656731.0,Tylor Megill,640444.0,Wil Crowe,605280.0,621242.0,31,PNC Park,night,R
633267,2021-07-17,2021,SD,WSH,135,120,10,4,14,0,9,0,605483.0,Blake Snell,571578.0,Patrick Corbin,489334.0,571578.0,3309,Nationals Park,night,R
633248,2021-07-17,2021,BAL,KC,110,118,8,4,12,0,9,0,605347.0,Jorge López,663903.0,Brady Singer,643316.0,663903.0,7,Kauffman Stadium,night,R
633253,2021-07-17,2021,MIL,CIN,158,113,7,4,11,0,11,1,605540.0,Brandon Woodruff,622491.0,Luis Castillo,594311.0,448281.0,2602,Great American Ball Park,night,R
633281,2021-07-17,2021,SF,STL,137,138,1,3,4,1,9,0,543101.0,Anthony DeSclafani,547942.0,Kwang Hyun Kim,547942.0,543101.0,2889,Busch Stadium,night,R
633262,2021-07-17,2021,HOU,CWS,117,145,1,10,11,1,9,0,543606.0,Jake Odorizzi,608337.0,Lucas Giolito,608337.0,543606.0,4,Guaranteed Rate Field,night,R
633298,2021-07-17,2021,BOS,NYY,111,147,1,3,4,1,6,0,543135.0,Nathan Eovaldi,543037.0,Gerrit Cole,543037.0,617228.0,3313,Yankee Stadium,night,R
633303,2021-07-17,2021,TB,ATL,139,144,0,9,9,1,9,0,676596.0,Josh Fleming,608331.0,Max Fried,608331.0,676596.0,4705,Truist Park,night,R
633261,2021-07-18,2021,LAD,COL,119,115,9,2,11,0,9,0,621111.0,Walker Buehler,607536.0,Kyle Freeland,621111.0,607536.0,19,Coors Field,night,R
633286,2021-07-18,2021,SEA,LAA,136,108,4,9,13,1,9,0,579328.0,Yusei Kikuchi,502171.0,Alex Cobb,502171.0,579328.0,1,Angel Stadium,night,R
633292,2021-07-17,2021,TEX,TOR,140,141,0,0,0,0,9,0,663465.0,Kolby Allard,547943.0,Hyun Jin Ryu,,,2756,Sahlen Field,day,R
633235,2021-07-18,2021,NYM,PIT,121,134,7,6,13,0,9,0,592836.0,Taijuan Walker,664141.0,JT Brubaker,544727.0,593144.0,31,PNC Park,day,R
633267,2021-07-18,2021,SD,WSH,135,120,10,4,14,0,9,0,605483.0,Blake Snell,571578.0,Patrick Corbin,489334.0,571578.0,3309,Nationals Park,day,R
633299,2021-07-18,2021,MIA,PHI,146,143,2,4,6,1,10,1,605507.0,Zach Thompson,592826.0,Vince Velasquez,621237.0,554340.0,2681,Citizens Bank Park,day,R
633256,2021-07-18,2021,TEX,TOR,140,141,0,5,5,1,7,0,663465.0,Kolby Allard,547943.0,Hyun Jin Ryu,547943.0,663465.0,2756,Sahlen Field,day,R
633292,2021-07-18,2021,TEX,TOR,140,141,0,10,10,1,7,0,592314.0,Mike Foltynewicz,571927.0,Steven Matz,571927.0,592314.0,2756,Sahlen Field,day,R
633280,2021-07-18,2021,MIN,DET,142,116,0,7,7,1,9,0,457918.0,J.A. Happ,503449.0,Wily Peralta,503449.0,457918.0,2394,Comerica Park,day,R
633252,2021-07-18,2021,MIL,CIN,158,113,8,0,8,0,9,0,669203.0,Corbin Burnes,543243.0,Sonny Gray,669203.0,543243.0,2602,Great American Ball Park,day,R
633237,2021-07-18,2021,TB,ATL,139,144,7,5,12,0,9,0,448179.0,Rich Hill,592767.0,Drew Smyly,605488.0,621345.0,4705,Truist Park,day,R
633239,2021-07-18,2021,MIA,PHI,146,143,4,7,11,1,9,0,666129.0,Braxton Garrett,554430.0,Zack Wheeler,554430.0,669622.0,2681,Citizens Bank Park,day,R
633287,2021-07-18,2021,BAL,KC,110,118,5,0,5,0,9,0,518774.0,Matt Harvey,672578.0,Carlos Hernández,518774.0,672578.0,7,Kauffman Stadium,day,R
633247,2021-07-18,2021,HOU,CWS,117,145,0,4,4,1,9,0,664285.0,Framber Valdez,607074.0,Carlos Rodón,607074.0,664285.0,4,Guaranteed Rate Field,day,R
633228,2021-07-18,2021,SF,STL,137,138,1,2,3,1,9,0,456501.0,Johnny Cueto,453281.0,Wade LeBlanc,650893.0,605154.0,2889,Busch Stadium,day,R
633300,2021-07-18,2021,SD,WSH,135,120,7,8,15,1,9,0,605397.0,Joe Musgrove,453286.0,Max Scherzer,543272.0,453343.0,3309,Nationals Park,day,R
633255,2021-07-18,2021,LAD,COL,119,115,5,6,11,1,10,1,456034.0,David Price,592351.0,Jon Gray,571710.0,641360.0,19,Coors Field,day,R
633238,2021-07-18,2021,CLE,OAK,114,133,4,2,6,0,9,0,668676.0,Zach Plesac,605135.0,Chris Bassitt,668676.0,605135.0,10,Oakland Coliseum,day,R
633284,2021-07-18,2021,SEA,LAA,136,108,7,4,11,0,9,0,669302.0,Logan Gilbert,663776.0,Patrick Sandoval,669302.0,663776.0,1,Angel Stadium,day,R
633251,2021-07-18,2021,CHC,ARI,112,109,4,6,10,1,9,0,605200.0,Zach Davies,518876.0,Merrill Kelly,518876.0,595465.0,15,Chase Field,day,R
633273,2021-07-18,2021,BOS,NYY,111,147,1,9,10,1,9,0,527048.0,Martín Pérez,592791.0,Jameson Taillon,592791.0,527048.0,3313,Yankee Stadium,night,R
633278,2021-07-19,2021,MIN,CWS,142,145,3,2,5,0,8,0,643377.0,Griffin Jax,458681.0,Lance Lynn,608648.0,676979.0,4,Guaranteed Rate Field,night,R
633476,2021-07-19,2021,MIN,CWS,142,145,3,5,8,1,7,0,621244.0,José Berríos,625643.0,Reynaldo López,607481.0,621244.0,4,Guaranteed Rate Field,night,R
633233,2021-07-19,2021,MIA,WSH,146,120,1,18,19,1,9,0,446321.0,Ross Detwiler,452657.0,Jon Lester,452657.0,446321.0,3309,Nationals Park,night,R
633218,2021-07-19,2021,BOS,TOR,111,141,13,4,17,0,9,0,601713.0,Nick Pivetta,548389.0,Ross Stripling,601713.0,548389.0,2756,Sahlen Field,night,R
633271,2021-07-19,2021,NYM,CIN,121,113,15,11,26,0,11,1,595191.0,Jerad Eickhoff,661269.0,Vladimir Gutierrez,607455.0,658305.0,2602,Great American Ball Park,night,R
633236,2021-07-19,2021,BAL,TB,110,139,6,1,7,0,9,0,657093.0,Spenser Watkins,642232.0,Ryan Yarbrough,657093.0,642232.0,12,Tropicana Field,night,R
633329,2021-07-19,2021,TEX,DET,140,116,0,14,14,1,9,0,502043.0,Kyle Gibson,663554.0,Casey Mize,641729.0,502043.0,2394,Comerica Park,night,R
633277,2021-07-20,2021,CLE,HOU,114,117,3,4,7,1,9,0,650496.0,J.C. Mejía,425844.0,Zack Greinke,425844.0,650496.0,2392,Minute Maid Park,night,R
633226,2021-07-20,2021,CHC,STL,112,138,3,8,11,1,9,0,621219.0,Alec Mills,663765.0,Jake Woodford,663765.0,621219.0,2889,Busch Stadium,night,R
633249,2021-07-20,2021,LAA,OAK,108,133,1,4,5,1,9,0,660271.0,Shohei Ohtani,608344.0,Cole Irvin,608344.0,518553.0,10,Oakland Coliseum,night,R
633243,2021-07-20,2021,PIT,ARI,134,109,2,4,6,1,9,0,608328.0,Chase De Jong,592761.0,Caleb Smith,592761.0,608328.0,15,Chase Field,night,R
633259,2021-07-20,2021,SF,LAD,137,119,7,2,9,0,9,0,592332.0,Kevin Gausman,664062.0,Tony Gonsolin,606424.0,664062.0,22,Dodger Stadium,night,R
633224,2021-07-19,2021,SD,ATL,135,144,0,0,0,0,9,0,506433.0,Yu Darvish,666205.0,Kyle Muller,,,4705,Truist Park,night,R
633207,2021-07-20,2021,LAA,OAK,108,133,0,6,6,1,9,0,660761.0,José Suarez,621076.0,James Kaprielian,621076.0,660761.0,10,Oakland Coliseum,day,R
633223,2021-07-20,2021,KC,MIL,118,158,5,2,7,0,9,0,501985.0,Mike Minor,474463.0,Brett Anderson,501985.0,519326.0,32,American Family Field,day,R
633242,2021-07-20,2021,MIA,WSH,146,120,3,6,9,1,9,0,669432.0,Trevor Rogers,502179.0,Paolo Espino,608723.0,542947.0,3309,Nationals Park,night,R
633216,2021-07-20,2021,PHI,NYY,143,147,4,6,10,1,9,0,605400.0,Aaron Nola,593334.0,Domingo Germán,570666.0,605400.0,3313,Yankee Stadium,night,R
633234,2021-07-20,2021,NYM,CIN,121,113,3,4,7,1,9,0,476594.0,Robert Stock,489119.0,Wade Miley,489119.0,668665.0,2602,Great American Ball Park,night,R
633257,2021-07-20,2021,BAL,TB,110,139,3,9,12,1,9,0,607644.0,John Means,663556.0,Shane McClanahan,663556.0,607644.0,12,Tropicana Field,night,R
633212,2021-07-20,2021,TEX,DET,140,116,1,4,5,1,9,0,641540.0,Dane Dunning,669373.0,Tarik Skubal,669373.0,641540.0,2394,Comerica Park,night,R
633240,2021-07-20,2021,SD,ATL,135,144,1,2,3,1,9,0,506433.0,Yu Darvish,657053.0,Touki Toussaint,657053.0,506433.0,4705,Truist Park,night,R
633200,2021-07-21,2021,CLE,HOU,114,117,3,9,12,1,9,0,663474.0,Triston McKenzie,677651.0,Luis Garcia,677651.0,663474.0,2392,Minute Maid Park,night,R
633268,2021-07-21,2021,MIN,CWS,142,145,5,9,14,1,9,0,641927.0,Bailey Ober,572971.0,Dallas Keuchel,621114.0,660896.0,4,Guaranteed Rate Field,night,R
633230,2021-07-21,2021,CHC,STL,112,138,7,6,13,0,9,0,592866.0,Trevor Williams,670912.0,Johan Oviedo,596027.0,621052.0,2889,Busch Stadium,night,R
633245,2021-07-21,2021,SEA,COL,136,115,6,4,10,0,9,0,594835.0,Marco Gonzales,608566.0,Germán Márquez,594835.0,608566.0,19,Coors Field,night,R
633254,2021-07-21,2021,PIT,ARI,134,109,6,11,17,1,9,0,542881.0,Tyler Anderson,642203.0,Taylor Widener,656266.0,656354.0,15,Chase Field,night,R
633199,2021-07-21,2021,SF,LAD,137,119,6,8,14,1,9,0,622072.0,Alex Wood,628345.0,Darien Núñez,642073.0,643511.0,22,Dodger Stadium,night,R
633246,2021-07-20,2021,BOS,TOR,111,141,0,0,0,0,9,0,572070.0,Garrett Richards,641672.0,Thomas Hatch,,,2756,Sahlen Field,night,R
633225,2021-07-21,2021,BAL,TB,110,139,4,5,9,1,9,0,649144.0,Alex Wells,608379.0,Michael Wacha,543521.0,656945.0,12,Tropicana Field,day,R
633250,2021-07-21,2021,SD,ATL,135,144,3,2,5,0,7,0,663978.0,Chris Paddack,666205.0,Kyle Muller,663978.0,666205.0,4705,Truist Park,day,R
633224,2021-07-21,2021,SD,ATL,135,144,6,5,11,0,7,0,663753.0,Reiss Knehr,669060.0,Bryse Wilson,543339.0,519293.0,4705,Truist Park,night,R
633196,2021-07-21,2021,NYM,CIN,121,113,7,0,7,0,9,0,573186.0,Marcus Stroman,656546.0,Jeff Hoffman,573186.0,656546.0,2602,Great American Ball Park,day,R
633227,2021-07-21,2021,KC,MIL,118,158,6,3,9,0,9,0,641745.0,Brad Keller,641778.0,Eric Lauer,641745.0,608718.0,32,American Family Field,day,R
633190,2021-07-21,2021,SEA,COL,136,115,3,6,9,1,9,0,641871.0,Keynan Middleton,596295.0,Austin Gomber,596295.0,641871.0,19,Coors Field,day,R
633260,2021-07-21,2021,PIT,ARI,134,109,4,6,10,1,9,0,668820.0,Max Kranick,518516.0,Madison Bumgarner,676969.0,621249.0,15,Chase Field,day,R
633191,2021-07-21,2021,MIA,WSH,146,120,3,1,4,0,10,1,663734.0,Nick Neidert,607200.0,Erick Fedde,571670.0,543272.0,3309,Nationals Park,night,R
633213,2021-07-21,2021,PHI,NYY,143,147,5,6,11,1,10,1,675921.0,Spencer Howard,592879.0,Asher Wojciechowski,621139.0,624133.0,3313,Yankee Stadium,night,R
633187,2021-07-21,2021,BOS,TOR,111,141,7,4,11,0,9,0,572070.0,Garrett Richards,592662.0,Robbie Ray,572070.0,592662.0,2756,Sahlen Field,night,R
633203,2021-07-21,2021,TEX,DET,140,116,2,4,6,1,9,0,543475.0,Jordan Lyles,666159.0,Matt Manning,666159.0,543475.0,2394,Comerica Park,night,R
633222,2021-07-22,2021,CLE,HOU,114,117,5,4,9,0,9,0,669212.0,Eli Morgan,621121.0,Lance McCullers Jr.,543766.0,643493.0,2392,Minute Maid Park,night,R
633205,2021-07-22,2021,MIN,CWS,142,145,7,2,9,0,9,0,501381.0,Michael Pineda,656302.0,Dylan Cease,501381.0,656302.0,4,Guaranteed Rate Field,night,R
633241,2021-07-22,2021,CHC,STL,112,138,2,3,5,1,10,1,543294.0,Kyle Hendricks,425794.0,Adam Wainwright,519008.0,518886.0,2889,Busch Stadium,night,R
633217,2021-07-22,2021,SF,LAD,137,119,4,2,6,0,9,0,657277.0,Logan Webb,628711.0,Julio Urías,501625.0,445276.0,22,Dodger Stadium,night,R
633258,2021-07-22,2021,TEX,DET,140,116,5,7,12,1,9,0,592314.0,Mike Foltynewicz,641302.0,Tyler Alexander,608335.0,592314.0,2394,Comerica Park,day,R
633276,2021-07-22,2021,ATL,PHI,144,143,7,2,9,0,9,0,450203.0,Charlie Morton,519043.0,Matt Moore,450203.0,519043.0,2681,Citizens Bank Park,night,R
633180,2021-07-22,2021,TB,CLE,139,114,5,4,9,0,10,1,672715.0,Luis Patiño,615698.0,Cal Quantrill,664126.0,543766.0,5,Progressive Field,night,R
633269,2021-07-22,2021,SD,MIA,135,146,3,2,5,0,9,0,605483.0,Blake Snell,669622.0,Anthony Bender,605483.0,656548.0,4169,loanDepot park,night,R
633193,2021-07-22,2021,NYY,BOS,147,111,4,5,9,1,10,1,656756.0,Jordan Montgomery,656557.0,Tanner Houck,598264.0,621139.0,3,Fenway Park,night,R
633178,2021-07-22,2021,CHC,STL,112,138,2,3,5,1,9,0,640470.0,Adbert Alzolay,547942.0,Kwang Hyun Kim,547942.0,640470.0,2889,Busch Stadium,night,R
633220,2021-07-23,2021,LAA,MIN,108,142,3,2,5,0,9,0,571760.0,Andrew Heaney,628317.0,Kenta Maeda,571760.0,628317.0,3312,Target Field,night,R
633231,2021-07-23,2021,OAK,SEA,133,136,4,1,5,0,9,0,640455.0,Sean Manaea,623167.0,Chris Flexen,640455.0,623167.0,680,T-Mobile Park,night,R
633244,2021-07-23,2021,SF,LAD,137,119,5,3,8,0,9,0,543101.0,Anthony DeSclafani,621111.0,Walker Buehler,501625.0,445276.0,22,Dodger Stadium,night,R
633170,2021-07-23,2021,ARI,CHC,109,112,3,8,11,1,9,0,668678.0,Zac Gallen,605200.0,Zach Davies,605200.0,668678.0,17,Wrigley Field,day,R
633176,2021-07-23,2021,WSH,BAL,120,110,1,6,7,1,9,0,571578.0,Patrick Corbin,605347.0,Jorge López,643316.0,571578.0,2,Oriole Park at Camden Yards,night,R
633214,2021-07-23,2021,ATL,PHI,144,143,1,5,6,1,9,0,608331.0,Max Fried,554430.0,Zack Wheeler,554430.0,608331.0,2681,Citizens Bank Park,night,R
633184,2021-07-23,2021,STL,CIN,138,113,5,6,11,1,9,0,453281.0,Wade LeBlanc,641816.0,Tyler Mahle,542960.0,606149.0,2602,Great American Ball Park,night,R
633211,2021-07-23,2021,TB,CLE,139,114,10,5,15,0,9,0,676596.0,Josh Fleming,668676.0,Zach Plesac,605538.0,621295.0,5,Progressive Field,night,R
633221,2021-07-23,2021,TOR,NYM,141,121,0,3,3,1,9,0,571927.0,Steven Matz,656731.0,Tylor Megill,656731.0,571927.0,3289,Citi Field,night,R
633164,2021-07-23,2021,SD,MIA,135,146,5,2,7,0,9,0,605397.0,Joe Musgrove,605507.0,Zach Thompson,605397.0,605507.0,4169,loanDepot park,night,R
633181,2021-07-23,2021,NYY,BOS,147,111,2,6,8,1,9,0,543037.0,Gerrit Cole,593958.0,Eduardo Rodriguez,605441.0,543037.0,3,Fenway Park,night,R
633232,2021-07-24,2021,DET,KC,116,118,3,5,8,1,9,0,503449.0,Wily Peralta,663460.0,Kris Bubic,663460.0,503449.0,7,Kauffman Stadium,night,R
633208,2021-07-24,2021,TEX,HOU,140,117,3,7,10,1,9,0,663465.0,Kolby Allard,543606.0,Jake Odorizzi,656232.0,663465.0,2392,Minute Maid Park,night,R
633159,2021-07-24,2021,LAA,MIN,108,142,4,5,9,1,9,0,502171.0,Alex Cobb,457918.0,J.A. Happ,573668.0,628452.0,3312,Target Field,night,R
633163,2021-07-24,2021,CWS,MIL,145,158,1,7,8,1,9,0,608337.0,Lucas Giolito,642547.0,Freddy Peralta,605288.0,608337.0,32,American Family Field,night,R
633215,2021-07-24,2021,PIT,SF,134,137,6,4,10,0,9,0,641771.0,Chad Kuhl,456501.0,Johnny Cueto,608717.0,608678.0,2395,Oracle Park,night,R
633173,2021-07-24,2021,COL,LAD,115,119,9,6,15,0,10,1,592346.0,Chi Chi González,456034.0,David Price,453268.0,642073.0,22,Dodger Stadium,night,R
633229,2021-07-24,2021,OAK,SEA,133,136,3,4,7,1,9,0,593423.0,Frankie Montas,579328.0,Yusei Kikuchi,623149.0,518617.0,680,T-Mobile Park,night,R
633186,2021-07-24,2021,ARI,CHC,109,112,7,3,10,0,9,0,518876.0,Merrill Kelly,621219.0,Alec Mills,518876.0,605177.0,17,Wrigley Field,day,R
633154,2021-07-24,2021,NYY,BOS,147,111,4,3,7,0,9,0,592791.0,Jameson Taillon,543135.0,Nathan Eovaldi,592791.0,493603.0,3,Fenway Park,day,R
633202,2021-07-24,2021,ATL,PHI,144,143,15,3,18,0,9,0,592767.0,Drew Smyly,592826.0,Vince Velasquez,458708.0,592826.0,2681,Citizens Bank Park,night,R
633210,2021-07-24,2021,SD,MIA,135,146,2,3,5,1,9,0,677960.0,Ryan Weathers,666129.0,Braxton Garrett,666129.0,657612.0,4169,loanDepot park,night,R
633195,2021-07-24,2021,WSH,BAL,120,110,3,5,8,1,9,0,452657.0,Jon Lester,518774.0,Matt Harvey,518774.0,452657.0,2,Oriole Park at Camden Yards,night,R
633201,2021-07-24,2021,DET,KC,116,118,8,9,17,1,9,0,663554.0,Casey Mize,672578.0,Carlos Hernández,641394.0,608335.0,7,Kauffman Stadium,night,R
633175,2021-07-24,2021,STL,CIN,138,113,3,5,8,1,9,0,663765.0,Jake Woodford,622491.0,Luis Castillo,622491.0,663765.0,2602,Great American Ball Park,night,R
633185,2021-07-24,2021,TB,CLE,139,114,8,2,10,0,9,0,656876.0,Drew Rasmussen,650496.0,J.C. Mejía,545343.0,650496.0,5,Progressive Field,night,R
633197,2021-07-24,2021,TEX,HOU,140,117,1,4,5,1,9,0,502043.0,Kyle Gibson,664285.0,Framber Valdez,664285.0,502043.0,2392,Minute Maid Park,night,R
633272,2021-07-24,2021,TOR,NYM,141,121,10,3,13,0,9,0,547943.0,Hyun Jin Ryu,592836.0,Taijuan Walker,670950.0,592836.0,3289,Citi Field,night,R
633209,2021-07-24,2021,LAA,MIN,108,142,2,1,3,0,9,0,663776.0,Patrick Sandoval,621244.0,José Berríos,663776.0,621244.0,3312,Target Field,night,R
633167,2021-07-24,2021,CWS,MIL,145,158,1,6,7,1,9,0,607074.0,Carlos Rodón,669203.0,Corbin Burnes,669203.0,607074.0,32,American Family Field,night,R
633144,2021-07-25,2021,PIT,SF,134,137,10,2,12,0,9,0,640444.0,Wil Crowe,592332.0,Kevin Gausman,640444.0,592332.0,2395,Oracle Park,night,R
633188,2021-07-25,2021,COL,LAD,115,119,0,1,1,1,9,0,607536.0,Kyle Freeland,664062.0,Tony Gonsolin,664062.0,607536.0,22,Dodger Stadium,night,R
633140,2021-07-25,2021,OAK,SEA,133,136,4,5,9,1,9,0,605135.0,Chris Bassitt,669302.0,Logan Gilbert,608665.0,642152.0,680,T-Mobile Park,night,R
633156,2021-07-25,2021,WSH,BAL,120,110,4,5,9,1,9,0,502179.0,Paolo Espino,607644.0,John Means,642121.0,543272.0,2,Oriole Park at Camden Yards,day,R
633192,2021-07-25,2021,ATL,PHI,144,143,1,2,3,1,9,0,657053.0,Touki Toussaint,605400.0,Aaron Nola,605400.0,657053.0,2681,Citizens Bank Park,day,R
633177,2021-07-25,2021,STL,CIN,138,113,10,6,16,0,9,0,670912.0,Johan Oviedo,543243.0,Sonny Gray,664854.0,543243.0,2602,Great American Ball Park,day,R
633194,2021-07-25,2021,TB,CLE,139,114,2,3,5,1,9,0,642232.0,Ryan Yarbrough,663474.0,Triston McKenzie,675916.0,605538.0,5,Progressive Field,day,R
633174,2021-07-25,2021,TOR,NYM,141,121,4,5,9,1,9,0,548389.0,Ross Stripling,448179.0,Rich Hill,607625.0,606930.0,3289,Citi Field,day,R
633135,2021-07-25,2021,SD,MIA,135,146,3,9,12,1,9,0,506433.0,Yu Darvish,595928.0,John Curtiss,669622.0,506433.0,4169,loanDepot park,day,R
633198,2021-07-25,2021,NYY,BOS,147,111,4,5,9,1,9,0,593334.0,Domingo Germán,527048.0,Martín Pérez,519443.0,642528.0,3,Fenway Park,day,R
633183,2021-07-25,2021,DET,KC,116,118,1,6,7,1,9,0,669373.0,Tarik Skubal,663738.0,Daniel Lynch IV,663738.0,669373.0,7,Kauffman Stadium,day,R
633136,2021-07-25,2021,TEX,HOU,140,117,1,3,4,1,9,0,621368.0,Taylor Hearn,425844.0,Zack Greinke,425844.0,642701.0,2392,Minute Maid Park,day,R
633179,2021-07-25,2021,LAA,MIN,108,142,6,2,8,0,9,0,642545.0,Jaime Barria,641927.0,Bailey Ober,642545.0,543056.0,3312,Target Field,day,R
633204,2021-07-25,2021,ARI,CHC,109,112,1,5,6,1,9,0,592761.0,Caleb Smith,592866.0,Trevor Williams,592866.0,592761.0,17,Wrigley Field,day,R
633171,2021-07-25,2021,PIT,SF,134,137,1,6,7,1,9,0,664141.0,JT Brubaker,622072.0,Alex Wood,622072.0,664141.0,2395,Oracle Park,day,R
633172,2021-07-25,2021,COL,LAD,115,119,2,3,5,1,9,0,592351.0,Jon Gray,680686.0,Josiah Gray,641360.0,608032.0,22,Dodger Stadium,day,R
633169,2021-07-25,2021,OAK,SEA,133,136,3,4,7,1,9,0,608344.0,Cole Irvin,594835.0,Marco Gonzales,594835.0,608344.0,680,T-Mobile Park,day,R
633151,2021-07-25,2021,CWS,MIL,145,158,3,1,4,0,9,0,458681.0,Lance Lynn,605540.0,Brandon Woodruff,458681.0,605540.0,32,American Family Field,night,R
633145,2021-07-26,2021,ATL,NYM,144,121,2,0,2,0,7,0,666205.0,Kyle Muller,573186.0,Marcus Stroman,666205.0,573186.0,3289,Citi Field,night,R
633925,2021-07-26,2021,ATL,NYM,144,121,0,1,1,1,7,0,669060.0,Bryse Wilson,571901.0,Aaron Loup,543507.0,592426.0,3289,Citi Field,night,R
633168,2021-07-26,2021,WSH,PHI,120,143,5,6,11,1,9,0,605452.0,Joe Ross,675921.0,Spencer Howard,605151.0,543272.0,2681,Citizens Bank Park,night,R
633219,2021-07-26,2021,TOR,BOS,141,111,4,5,9,1,9,0,641672.0,Thomas Hatch,601713.0,Nick Pivetta,493603.0,670950.0,3,Fenway Park,night,R
633182,2021-07-27,2021,CIN,CHC,113,112,5,6,11,1,9,0,489119.0,Wade Miley,543294.0,Kyle Hendricks,518886.0,592390.0,17,Wrigley Field,night,R
633133,2021-07-27,2021,DET,MIN,116,142,5,6,11,1,10,1,666159.0,Matt Manning,501381.0,Michael Pineda,573204.0,642397.0,3312,Target Field,night,R
633121,2021-07-27,2021,CWS,KC,145,118,3,4,7,1,9,0,572971.0,Dallas Keuchel,501985.0,Mike Minor,501985.0,572971.0,7,Kauffman Stadium,night,R
633157,2021-07-27,2021,COL,LAA,115,108,2,6,8,1,9,0,608566.0,Germán Márquez,660271.0,Shohei Ohtani,660271.0,608566.0,1,Angel Stadium,night,R
633206,2021-07-27,2021,HOU,SEA,117,136,8,11,19,1,9,0,677651.0,Luis Garcia,670766.0,Darren McCaughan,608665.0,592773.0,680,T-Mobile Park,night,R
633152,2021-07-27,2021,WSH,PHI,120,143,6,4,10,0,9,0,607200.0,Erick Fedde,519043.0,Matt Moore,593833.0,519043.0,2681,Citizens Bank Park,night,R
633153,2021-07-27,2021,MIA,BAL,146,110,7,3,10,0,9,0,645261.0,Sandy Alcantara,657093.0,Spenser Watkins,645261.0,657093.0,2,Oriole Park at Camden Yards,night,R
633161,2021-07-27,2021,MIL,PIT,158,134,9,0,9,0,9,0,474463.0,Brett Anderson,665854.0,Luis Oviedo,474463.0,665854.0,31,PNC Park,night,R
633189,2021-07-27,2021,STL,CLE,138,114,4,2,6,0,9,0,425794.0,Adam Wainwright,615698.0,Cal Quantrill,425794.0,543766.0,5,Progressive Field,night,R
633147,2021-07-27,2021,ATL,NYM,144,121,12,5,17,0,9,0,450203.0,Charlie Morton,595191.0,Jerad Eickhoff,450203.0,595191.0,3289,Citi Field,night,R
633143,2021-07-27,2021,NYY,TB,147,139,4,3,7,0,9,0,656756.0,Jordan Montgomery,663556.0,Shane McClanahan,656756.0,663556.0,12,Tropicana Field,night,R
633160,2021-07-28,2021,CIN,CHC,113,112,7,4,11,0,9,0,661269.0,Vladimir Gutierrez,640470.0,Adbert Alzolay,661269.0,640470.0,17,Wrigley Field,night,R
633150,2021-07-28,2021,ARI,TEX,109,140,4,5,9,1,9,0,642203.0,Taylor Widener,641540.0,Dane Dunning,641540.0,642203.0,5325,Globe Life Field,night,R
633137,2021-07-28,2021,DET,MIN,116,142,6,5,11,0,11,1,641302.0,Tyler Alexander,628317.0,Kenta Maeda,542585.0,660896.0,3312,Target Field,night,R
633166,2021-07-28,2021,CWS,KC,145,118,5,3,8,0,9,0,656302.0,Dylan Cease,641745.0,Brad Keller,625643.0,622092.0,7,Kauffman Stadium,night,R
633139,2021-07-28,2021,COL,LAA,115,108,12,3,15,0,9,0,596295.0,Austin Gomber,660761.0,José Suarez,596295.0,660761.0,1,Angel Stadium,night,R
633149,2021-07-28,2021,LAD,SF,119,137,1,2,3,1,9,0,628711.0,Julio Urías,657277.0,Logan Webb,643511.0,595014.0,2395,Oracle Park,night,R
633155,2021-07-28,2021,OAK,SD,133,135,4,7,11,1,9,0,621076.0,James Kaprielian,663978.0,Chris Paddack,663978.0,621076.0,2680,Petco Park,night,R
633158,2021-07-28,2021,HOU,SEA,117,136,8,6,14,0,9,0,621121.0,Lance McCullers Jr.,623167.0,Chris Flexen,621121.0,623167.0,680,T-Mobile Park,night,R
633162,2021-07-27,2021,TOR,BOS,141,111,0,0,0,0,9,0,592662.0,Robbie Ray,572070.0,Garrett Richards,,,3,Fenway Park,night,R
633123,2021-07-28,2021,STL,CLE,138,114,2,7,9,1,9,0,547942.0,Kwang Hyun Kim,668676.0,Zach Plesac,668676.0,547942.0,5,Progressive Field,day,R
633138,2021-07-28,2021,DET,MIN,116,142,17,14,31,0,9,0,503449.0,Wily Peralta,457918.0,J.A. Happ,502706.0,457918.0,3312,Target Field,day,R
633162,2021-07-28,2021,TOR,BOS,141,111,4,1,5,0,7,0,592662.0,Robbie Ray,572070.0,Garrett Richards,592662.0,572070.0,3,Fenway Park,day,R
633110,2021-07-28,2021,TOR,BOS,141,111,1,4,5,1,7,0,571927.0,Steven Matz,656557.0,Tanner Houck,676477.0,571927.0,3,Fenway Park,night,R
633146,2021-07-28,2021,HOU,SEA,117,136,11,4,15,0,9,0,543606.0,Jake Odorizzi,579328.0,Yusei Kikuchi,543606.0,579328.0,680,T-Mobile Park,day,R
633096,2021-07-28,2021,OAK,SD,133,135,10,4,14,0,9,0,640455.0,Sean Manaea,605483.0,Blake Snell,640455.0,605483.0,2680,Petco Park,day,R
633098,2021-07-28,2021,MIA,BAL,146,110,7,8,15,1,9,0,656548.0,Jordan Holloway,605347.0,Jorge López,656945.0,595345.0,2,Oriole Park at Camden Yards,night,R
633113,2021-07-28,2021,MIL,PIT,158,134,7,3,10,0,9,0,605288.0,Adrian Houser,668820.0,Max Kranick,605288.0,668820.0,31,PNC Park,night,R
633148,2021-07-28,2021,ATL,NYM,144,121,1,2,3,1,9,0,608331.0,Max Fried,656731.0,Tylor Megill,543507.0,608331.0,3289,Citi Field,night,R
633122,2021-07-28,2021,NYY,TB,147,139,3,1,4,0,10,1,641482.0,Nestor Cortes,608379.0,Michael Wacha,643338.0,664126.0,12,Tropicana Field,night,R
633103,2021-07-29,2021,CIN,CHC,113,112,8,2,10,0,9,0,641816.0,Tyler Mahle,605200.0,Zach Davies,641816.0,605200.0,17,Wrigley Field,night,R
633097,2021-07-29,2021,ARI,TEX,109,140,3,2,5,0,9,0,518516.0,Madison Bumgarner,543475.0,Jordan Lyles,518516.0,656685.0,5325,Globe Life Field,night,R
633114,2021-07-29,2021,CWS,KC,145,118,2,3,5,1,10,1,608337.0,Lucas Giolito,663460.0,Kris Bubic,605130.0,621114.0,7,Kauffman Stadium,night,R
633130,2021-07-29,2021,COL,LAA,115,108,7,8,15,1,9,0,656458.0,Lucas Gilbreath,571760.0,Andrew Heaney,628452.0,608032.0,1,Angel Stadium,night,R
633125,2021-07-29,2021,LAD,SF,119,137,8,0,8,0,9,0,621111.0,Walker Buehler,543101.0,Anthony DeSclafani,621111.0,543101.0,2395,Oracle Park,night,R
633134,2021-07-28,2021,WSH,PHI,120,143,0,0,0,0,9,0,571578.0,Patrick Corbin,554430.0,Zack Wheeler,,,2681,Citizens Bank Park,night,R
633081,2021-07-29,2021,WSH,PHI,120,143,3,1,4,0,7,0,453286.0,Max Scherzer,554430.0,Zack Wheeler,453286.0,554430.0,2681,Citizens Bank Park,day,R
633134,2021-07-29,2021,WSH,PHI,120,143,8,11,19,1,8,0,571578.0,Patrick Corbin,650911.0,Cristopher Sánchez,624133.0,621348.0,2681,Citizens Bank Park,day,R
633083,2021-07-29,2021,ATL,NYM,144,121,6,3,9,0,9,0,592767.0,Drew Smyly,592836.0,Taijuan Walker,445926.0,592836.0,3289,Citi Field,day,R
633104,2021-07-29,2021,NYY,TB,147,139,0,14,14,1,9,0,543037.0,Gerrit Cole,672715.0,Luis Patiño,672715.0,543037.0,12,Tropicana Field,day,R
633141,2021-07-29,2021,CWS,KC,145,118,0,5,5,1,9,0,607074.0,Carlos Rodón,672578.0,Carlos Hernández,672578.0,607074.0,7,Kauffman Stadium,day,R
633124,2021-07-29,2021,CIN,CHC,113,112,7,4,11,0,9,0,622491.0,Luis Castillo,621219.0,Alec Mills,622491.0,621219.0,17,Wrigley Field,day,R
633109,2021-07-29,2021,LAD,SF,119,137,0,5,5,1,9,0,456034.0,David Price,456501.0,Johnny Cueto,456501.0,456034.0,2395,Oracle Park,day,R
633093,2021-07-29,2021,MIL,PIT,158,134,12,0,12,0,9,0,642547.0,Freddy Peralta,641771.0,Chad Kuhl,642547.0,641771.0,31,PNC Park,night,R
633115,2021-07-29,2021,BAL,DET,110,116,2,6,8,1,9,0,649144.0,Alex Wells,663554.0,Casey Mize,663554.0,649144.0,2394,Comerica Park,night,R
633126,2021-07-29,2021,TOR,BOS,141,111,13,1,14,0,9,0,547943.0,Hyun Jin Ryu,593958.0,Eduardo Rodriguez,547943.0,593958.0,3,Fenway Park,night,R
633111,2021-07-30,2021,OAK,LAA,133,108,4,0,4,0,9,0,593423.0,Frankie Montas,605164.0,Dylan Bundy,593423.0,605164.0,1,Angel Stadium,night,R
633065,2021-07-30,2021,COL,SD,115,135,0,3,3,1,9,0,607536.0,Kyle Freeland,605397.0,Joe Musgrove,605397.0,607536.0,2680,Petco Park,night,R
633094,2021-07-30,2021,CHC,WSH,112,120,3,4,7,1,9,0,453562.0,Jake Arrieta,502179.0,Paolo Espino,502179.0,453562.0,3309,Nationals Park,night,R
633108,2021-07-30,2021,PHI,PIT,143,134,0,7,7,1,9,0,592826.0,Vince Velasquez,640444.0,Wil Crowe,640444.0,592826.0,31,PNC Park,night,R
633091,2021-07-30,2021,KC,TOR,118,141,4,6,10,1,9,0,663738.0,Daniel Lynch IV,548389.0,Ross Stripling,548389.0,663738.0,14,Rogers Centre,night,R
633107,2021-07-30,2021,BAL,DET,110,116,4,3,7,0,9,0,518774.0,Matt Harvey,669373.0,Tarik Skubal,518774.0,669373.0,2394,Comerica Park,night,R
633100,2021-07-30,2021,CIN,NYM,113,121,6,2,8,0,9,0,543243.0,Sonny Gray,471911.0,Carlos Carrasco,543243.0,612434.0,3289,Citi Field,night,R
633165,2021-07-30,2021,BOS,TB,111,139,3,7,10,1,9,0,527048.0,Martín Pérez,676596.0,Josh Fleming,676596.0,527048.0,12,Tropicana Field,night,R
633073,2021-07-30,2021,NYY,MIA,147,146,3,1,4,0,9,0,592791.0,Jameson Taillon,605507.0,Zach Thompson,592791.0,605507.0,4169,loanDepot park,night,R
633131,2021-07-30,2021,MIL,ATL,158,144,9,5,14,0,9,0,669203.0,Corbin Burnes,657053.0,Touki Toussaint,502202.0,657053.0,4705,Truist Park,night,R
633116,2021-07-31,2021,SEA,TEX,136,140,9,5,14,0,9,0,669302.0,Logan Gilbert,663465.0,Kolby Allard,669302.0,663465.0,5325,Globe Life Field,night,R
633128,2021-07-31,2021,CLE,CWS,114,145,4,6,10,1,9,0,650496.0,J.C. Mejía,458681.0,Lance Lynn,614179.0,675916.0,4,Guaranteed Rate Field,night,R
633119,2021-07-31,2021,MIN,STL,142,138,1,5,6,1,9,0,643377.0,Griffin Jax,453281.0,Wade LeBlanc,664854.0,608648.0,2889,Busch Stadium,night,R
633118,2021-07-31,2021,OAK,LAA,133,108,2,0,2,0,9,0,605135.0,Chris Bassitt,663776.0,Patrick Sandoval,605135.0,663776.0,1,Angel Stadium,night,R
633102,2021-07-31,2021,LAD,ARI,119,109,5,6,11,1,10,1,664062.0,Tony Gonsolin,668678.0,Zac Gallen,676840.0,519076.0,15,Chase Field,night,R
633120,2021-07-31,2021,HOU,SF,117,137,9,6,15,0,9,0,664285.0,Framber Valdez,592332.0,Kevin Gausman,664285.0,592332.0,2395,Oracle Park,night,R
633112,2021-07-31,2021,COL,SD,115,135,9,4,13,0,9,0,592351.0,Jon Gray,677960.0,Ryan Weathers,592351.0,677960.0,2680,Petco Park,night,R
633085,2021-07-31,2021,KC,TOR,118,141,0,4,4,1,9,0,501985.0,Mike Minor,666201.0,Alek Manoah,666201.0,501985.0,14,Rogers Centre,day,R
633080,2021-07-31,2021,OAK,LAA,133,108,0,1,1,1,9,0,608344.0,Cole Irvin,642545.0,Jaime Barria,642545.0,608344.0,1,Angel Stadium,day,R
633088,2021-07-31,2021,HOU,SF,117,137,6,8,14,1,9,0,425844.0,Zack Greinke,622072.0,Alex Wood,543351.0,642130.0,2395,Oracle Park,day,R
633105,2021-07-31,2021,BAL,DET,110,116,5,2,7,0,9,0,607644.0,John Means,666159.0,Matt Manning,607644.0,666159.0,2394,Comerica Park,night,R
633090,2021-07-31,2021,BOS,TB,111,139,5,9,14,1,9,0,543135.0,Nathan Eovaldi,642232.0,Ryan Yarbrough,552640.0,543135.0,12,Tropicana Field,night,R
633092,2021-07-31,2021,NYY,MIA,147,146,4,2,6,0,9,0,593334.0,Domingo Germán,669432.0,Trevor Rogers,476595.0,605276.0,4169,loanDepot park,night,R
633132,2021-07-31,2021,CHC,WSH,112,120,6,3,9,0,9,0,543294.0,Kyle Hendricks,605452.0,Joe Ross,543294.0,605452.0,3309,Nationals Park,night,R
633106,2021-07-31,2021,SEA,TEX,136,140,4,5,9,1,10,1,542881.0,Tyler Anderson,621368.0,Taylor Hearn,607359.0,650895.0,5325,Globe Life Field,night,R
633076,2021-07-31,2021,PHI,PIT,143,134,2,3,5,1,9,0,605400.0,Aaron Nola,664141.0,JT Brubaker,608717.0,621237.0,31,PNC Park,night,R
633063,2021-07-31,2021,CIN,NYM,113,121,4,5,9,1,10,1,489119.0,Wade Miley,448179.0,Rich Hill,621242.0,570666.0,3289,Citi Field,night,R
633058,2021-07-31,2021,CLE,CWS,114,145,12,11,23,0,9,0,663474.0,Triston McKenzie,572971.0,Dallas Keuchel,621057.0,656629.0,4,Guaranteed Rate Field,night,R
633127,2021-07-31,2021,MIN,STL,142,138,8,1,9,0,9,0,641927.0,Bailey Ober,663765.0,Jake Woodford,660896.0,663765.0,2889,Busch Stadium,night,R
633117,2021-07-31,2021,MIL,ATL,158,144,1,8,9,1,9,0,605540.0,Brandon Woodruff,666205.0,Kyle Muller,445926.0,605540.0,4705,Truist Park,night,R
633099,2021-08-01,2021,LAD,ARI,119,109,8,3,11,0,9,0,669952.0,Mitch White,518876.0,Merrill Kelly,681911.0,518876.0,15,Chase Field,night,R
633142,2021-08-01,2021,COL,SD,115,135,5,3,8,0,9,0,608566.0,Germán Márquez,506433.0,Yu Darvish,608566.0,506433.0,2680,Petco Park,night,R
633044,2021-08-01,2021,CHC,WSH,112,120,5,6,11,1,9,0,640470.0,Adbert Alzolay,607200.0,Erick Fedde,640448.0,655889.0,3309,Nationals Park,day,R
633082,2021-08-01,2021,PHI,PIT,143,134,15,4,19,0,9,0,502043.0,Kyle Gibson,656605.0,Mitch Keller,502043.0,656605.0,31,PNC Park,day,R
633067,2021-08-01,2021,KC,TOR,118,141,1,5,6,1,9,0,641745.0,Brad Keller,621244.0,José Berríos,621244.0,641745.0,14,Rogers Centre,day,R
633050,2021-08-01,2021,BAL,DET,110,116,2,6,8,1,9,0,657093.0,Spenser Watkins,641302.0,Tyler Alexander,541640.0,657093.0,2394,Comerica Park,day,R
633129,2021-08-01,2021,CIN,NYM,113,121,7,1,8,0,9,0,661269.0,Vladimir Gutierrez,573186.0,Marcus Stroman,661269.0,573186.0,3289,Citi Field,day,R
633069,2021-08-01,2021,NYY,MIA,147,146,3,1,4,0,9,0,656756.0,Jordan Montgomery,645261.0,Sandy Alcantara,570257.0,542914.0,4169,loanDepot park,day,R
633095,2021-08-01,2021,MIL,ATL,158,144,2,1,3,0,9,0,474463.0,Brett Anderson,450203.0,Charlie Morton,474463.0,450203.0,4705,Truist Park,day,R
633047,2021-08-01,2021,CLE,CWS,114,145,1,2,3,1,9,0,615698.0,Cal Quantrill,669424.0,Jimmy Lambert,521230.0,621295.0,4,Guaranteed Rate Field,day,R
633024,2021-08-01,2021,MIN,STL,142,138,3,7,10,1,9,0,501381.0,Michael Pineda,425794.0,Adam Wainwright,425794.0,501381.0,2889,Busch Stadium,day,R
633075,2021-08-01,2021,SEA,TEX,136,140,3,4,7,1,9,0,594835.0,Marco Gonzales,592314.0,Mike Foltynewicz,642701.0,657024.0,5325,Globe Life Field,day,R
633086,2021-08-01,2021,HOU,SF,117,137,3,5,8,1,9,0,677651.0,Luis Garcia,657277.0,Logan Webb,657277.0,677651.0,2395,Oracle Park,day,R
633048,2021-08-01,2021,OAK,LAA,133,108,8,3,11,0,9,0,641726.0,Daulton Jefferies,672282.0,Reid Detmers,641726.0,672282.0,1,Angel Stadium,day,R
633101,2021-08-01,2021,LAD,ARI,119,109,13,0,13,0,9,0,628711.0,Julio Urías,592761.0,Caleb Smith,628711.0,592761.0,15,Chase Field,day,R
633084,2021-08-01,2021,COL,SD,115,135,1,8,9,1,9,0,596295.0,Austin Gomber,663753.0,Reiss Knehr,489334.0,596295.0,2680,Petco Park,day,R
633089,2021-08-01,2021,BOS,TB,111,139,2,3,5,1,9,0,601713.0,Nick Pivetta,663556.0,Shane McClanahan,663556.0,601713.0,12,Tropicana Field,night,R
633041,2021-08-02,2021,CLE,TOR,114,141,5,2,7,0,10,1,669212.0,Eli Morgan,592662.0,Robbie Ray,543766.0,543272.0,14,Rogers Centre,day,R
633057,2021-08-02,2021,PHI,WSH,143,120,7,5,12,0,9,0,624133.0,Ranger Suárez,680686.0,Josiah Gray,605151.0,656620.0,3309,Nationals Park,night,R
633078,2021-08-02,2021,BAL,NYY,110,147,7,1,8,0,9,0,605347.0,Jorge López,571760.0,Andrew Heaney,605347.0,571760.0,3313,Yankee Stadium,night,R
633070,2021-08-02,2021,SEA,TB,136,139,8,2,10,0,9,0,623167.0,Chris Flexen,608379.0,Michael Wacha,623167.0,608379.0,12,Tropicana Field,night,R
633079,2021-08-02,2021,NYM,MIA,121,146,3,6,9,1,9,0,656731.0,Tylor Megill,666200.0,Jesús Luzardo,666200.0,656731.0,4169,loanDepot park,night,R
633054,2021-08-03,2021,LAA,TEX,108,140,1,4,5,1,9,0,669735.0,Chris Rodriguez,641540.0,Dane Dunning,641540.0,669735.0,5325,Globe Life Field,night,R
633072,2021-08-03,2021,PIT,MIL,134,158,2,6,8,1,9,0,669060.0,Bryse Wilson,641778.0,Eric Lauer,641778.0,669060.0,32,American Family Field,night,R
633077,2021-08-03,2021,SF,ARI,137,109,11,8,19,0,10,1,543101.0,Anthony DeSclafani,642203.0,Taylor Widener,606424.0,620396.0,15,Chase Field,night,R
633066,2021-08-03,2021,PHI,WSH,143,120,5,4,9,0,9,0,554430.0,Zack Wheeler,571578.0,Patrick Corbin,554430.0,571578.0,3309,Nationals Park,night,R
633023,2021-08-03,2021,BAL,NYY,110,147,1,13,14,1,9,0,649144.0,Alex Wells,661563.0,Luis Gil,661563.0,649144.0,3313,Yankee Stadium,night,R
633036,2021-08-03,2021,CLE,TOR,114,141,2,7,9,1,9,0,668676.0,Zach Plesac,547943.0,Hyun Jin Ryu,547943.0,668676.0,14,Rogers Centre,night,R
633087,2021-08-03,2021,BOS,DET,111,116,2,4,6,1,9,0,572070.0,Garrett Richards,503449.0,Wily Peralta,608335.0,572070.0,2394,Comerica Park,night,R
633005,2021-08-03,2021,SEA,TB,136,139,4,2,6,0,9,0,579328.0,Yusei Kikuchi,672715.0,Luis Patiño,579328.0,672715.0,12,Tropicana Field,night,R
633045,2021-08-03,2021,MIN,CIN,142,113,7,5,12,0,9,0,628317.0,Kenta Maeda,641816.0,Tyler Mahle,543056.0,592390.0,2602,Great American Ball Park,night,R
633049,2021-08-03,2021,NYM,MIA,121,146,4,5,9,1,9,0,592836.0,Taijuan Walker,663734.0,Nick Neidert,663734.0,592836.0,4169,loanDepot park,night,R
633056,2021-08-04,2021,LAA,TEX,108,140,11,3,14,0,9,0,660761.0,José Suarez,543475.0,Jordan Lyles,660761.0,543475.0,5325,Globe Life Field,night,R
633030,2021-08-04,2021,KC,CWS,118,145,1,7,8,1,9,0,663460.0,Kris Bubic,656302.0,Dylan Cease,656302.0,663460.0,4,Guaranteed Rate Field,night,R
633059,2021-08-04,2021,PIT,MIL,134,158,8,5,13,0,10,1,668820.0,Max Kranick,605288.0,Adrian Houser,670280.0,543278.0,32,American Family Field,night,R
633032,2021-08-04,2021,ATL,STL,144,138,6,1,7,0,9,0,608331.0,Max Fried,452657.0,Jon Lester,608331.0,452657.0,2889,Busch Stadium,night,R
633038,2021-08-04,2021,CHC,COL,112,115,6,13,19,1,9,0,605200.0,Zach Davies,607536.0,Kyle Freeland,607536.0,605200.0,19,Coors Field,night,R
633022,2021-08-04,2021,SD,OAK,135,133,8,1,9,0,9,0,605483.0,Blake Snell,640455.0,Sean Manaea,605483.0,640455.0,10,Oakland Coliseum,night,R
633025,2021-08-04,2021,SF,ARI,137,109,1,3,4,1,9,0,456501.0,Johnny Cueto,518516.0,Madison Bumgarner,518516.0,456501.0,15,Chase Field,night,R
633061,2021-08-04,2021,HOU,LAD,117,119,3,0,3,0,9,0,621121.0,Lance McCullers Jr.,621111.0,Walker Buehler,621121.0,621111.0,22,Dodger Stadium,night,R
633071,2021-08-04,2021,MIN,CIN,142,113,5,6,11,1,9,0,656212.0,Charlie Barnes,622491.0,Luis Castillo,622491.0,656212.0,2602,Great American Ball Park,day,R
633027,2021-08-04,2021,SEA,TB,136,139,3,4,7,1,9,0,669302.0,Logan Gilbert,676596.0,Josh Fleming,676596.0,669302.0,12,Tropicana Field,day,R
633068,2021-08-04,2021,PIT,MIL,134,158,2,4,6,1,9,0,643230.0,Steven Brault,642547.0,Freddy Peralta,608718.0,664918.0,32,American Family Field,day,R
633010,2021-08-04,2021,SD,OAK,135,133,4,5,9,1,10,1,605397.0,Joe Musgrove,593423.0,Frankie Montas,642152.0,657612.0,10,Oakland Coliseum,day,R
633040,2021-08-04,2021,PHI,WSH,143,120,9,5,14,0,9,0,502624.0,Chase Anderson,502179.0,Paolo Espino,519043.0,502179.0,3309,Nationals Park,night,R
633018,2021-08-04,2021,BAL,NYY,110,147,3,10,13,1,9,0,518774.0,Matt Harvey,592791.0,Jameson Taillon,642528.0,642121.0,3313,Yankee Stadium,night,R
633011,2021-08-04,2021,CLE,TOR,114,141,6,8,14,1,9,0,650496.0,J.C. Mejía,571927.0,Steven Matz,571927.0,650496.0,14,Rogers Centre,night,R
633052,2021-08-04,2021,BOS,DET,111,116,4,1,5,0,9,0,593958.0,Eduardo Rodriguez,663554.0,Casey Mize,593958.0,663554.0,2394,Comerica Park,night,R
633021,2021-08-04,2021,NYM,MIA,121,146,5,3,8,0,9,0,471911.0,Carlos Carrasco,605507.0,Zach Thompson,612434.0,542914.0,4169,loanDepot park,night,R
633055,2021-08-05,2021,LAA,TEX,108,140,2,1,3,0,9,0,660271.0,Shohei Ohtani,663465.0,Kolby Allard,660271.0,663465.0,5325,Globe Life Field,night,R
633053,2021-08-05,2021,KC,CWS,118,145,9,1,10,0,9,0,672578.0,Carlos Hernández,608337.0,Lucas Giolito,672578.0,608337.0,4,Guaranteed Rate Field,night,R
633037,2021-08-05,2021,ATL,STL,144,138,7,4,11,0,9,0,592767.0,Drew Smyly,457918.0,J.A. Happ,455119.0,606149.0,2889,Busch Stadium,night,R
633060,2021-08-05,2021,CHC,COL,112,115,3,2,5,0,9,0,621219.0,Alec Mills,592351.0,Jon Gray,621219.0,592351.0,19,Coors Field,night,R
633019,2021-08-05,2021,HOU,LAD,117,119,5,7,12,1,9,0,543606.0,Jake Odorizzi,453286.0,Max Scherzer,453286.0,543606.0,22,Dodger Stadium,night,R
633046,2021-08-05,2021,SF,ARI,137,109,7,1,8,0,9,0,592332.0,Kevin Gausman,668678.0,Zac Gallen,592332.0,668678.0,15,Chase Field,night,R
633033,2021-08-05,2021,NYM,MIA,121,146,2,4,6,1,9,0,448179.0,Rich Hill,666129.0,Braxton Garrett,446321.0,544727.0,4169,loanDepot park,day,R
633026,2021-08-05,2021,BOS,DET,111,116,1,8,9,1,9,0,527048.0,Martín Pérez,669373.0,Tarik Skubal,669373.0,527048.0,2394,Comerica Park,day,R
633004,2021-08-05,2021,LAA,TEX,108,140,5,0,5,0,9,0,605164.0,Dylan Bundy,675921.0,Spencer Howard,605164.0,675921.0,5325,Globe Life Field,day,R
633064,2021-08-05,2021,CHC,COL,112,115,5,6,11,1,9,0,453562.0,Jake Arrieta,622608.0,Antonio Senzatela,641755.0,657228.0,19,Coors Field,day,R
633042,2021-08-05,2021,SF,ARI,137,109,5,4,9,0,10,1,622072.0,Alex Wood,518876.0,Merrill Kelly,643511.0,656457.0,15,Chase Field,day,R
632992,2021-08-05,2021,PHI,WSH,143,120,7,6,13,0,9,0,605400.0,Aaron Nola,605452.0,Joe Ross,661440.0,640448.0,3309,Nationals Park,day,R
633013,2021-08-05,2021,SEA,NYY,136,147,3,5,8,1,9,0,542881.0,Tyler Anderson,641482.0,Nestor Cortes,643338.0,623149.0,3313,Yankee Stadium,night,R
633003,2021-08-05,2021,CLE,TOR,114,141,0,3,3,1,9,0,663474.0,Triston McKenzie,548389.0,Ross Stripling,548389.0,663474.0,14,Rogers Centre,night,R
633034,2021-08-05,2021,PIT,CIN,134,113,4,7,11,1,9,0,640444.0,Wil Crowe,543243.0,Sonny Gray,543243.0,640444.0,2602,Great American Ball Park,night,R
632998,2021-08-06,2021,MIN,HOU,142,117,5,3,8,0,9,0,643377.0,Griffin Jax,664285.0,Framber Valdez,643377.0,664285.0,2392,Minute Maid Park,night,R
633015,2021-08-06,2021,KC,CWS,118,145,3,2,5,0,9,0,663738.0,Daniel Lynch IV,572971.0,Dallas Keuchel,663738.0,572971.0,4,Guaranteed Rate Field,night,R
633043,2021-08-06,2021,ATL,STL,144,138,8,4,12,0,9,0,657053.0,Touki Toussaint,453281.0,Wade LeBlanc,650828.0,606149.0,2889,Busch Stadium,night,R
632980,2021-08-06,2021,CWS,CHC,145,112,8,6,14,0,10,1,458681.0,Lance Lynn,543294.0,Kyle Hendricks,521230.0,655889.0,17,Wrigley Field,day,R
633006,2021-08-06,2021,TB,BAL,139,110,10,6,16,0,9,0,642232.0,Ryan Yarbrough,607644.0,John Means,656876.0,643316.0,2,Oriole Park at Camden Yards,night,R
633074,2021-08-06,2021,NYM,PHI,121,143,2,4,6,1,9,0,573186.0,Marcus Stroman,502043.0,Kyle Gibson,502043.0,573186.0,2681,Citizens Bank Park,night,R
633062,2021-08-06,2021,SEA,NYY,136,147,2,3,5,1,11,1,594835.0,Marco Gonzales,593974.0,Wandy Peralta,656061.0,641871.0,3313,Yankee Stadium,night,R
632974,2021-08-06,2021,BOS,TOR,111,141,4,12,16,1,9,0,543135.0,Nathan Eovaldi,666201.0,Alek Manoah,666201.0,543135.0,14,Rogers Centre,night,R
632990,2021-08-06,2021,DET,CLE,116,114,1,6,7,1,9,0,666159.0,Matt Manning,615698.0,Cal Quantrill,615698.0,666159.0,5,Progressive Field,night,R
633002,2021-08-06,2021,PIT,CIN,134,113,0,10,10,1,9,0,664141.0,JT Brubaker,489119.0,Wade Miley,489119.0,664141.0,2602,Great American Ball Park,night,R
633031,2021-08-06,2021,WSH,ATL,120,144,4,8,12,1,9,0,607200.0,Erick Fedde,666205.0,Kyle Muller,650828.0,607200.0,4705,Truist Park,night,R
633029,2021-08-07,2021,MIN,HOU,142,117,5,4,9,0,11,1,641927.0,Bailey Ober,425844.0,Zack Greinke,573668.0,606160.0,2392,Minute Maid Park,night,R
633020,2021-08-07,2021,SF,MIL,137,158,1,2,3,1,10,1,657277.0,Logan Webb,669203.0,Corbin Burnes,608718.0,606424.0,32,American Family Field,night,R
632982,2021-08-07,2021,KC,STL,118,138,2,4,6,1,9,0,501985.0,Mike Minor,425794.0,Adam Wainwright,425794.0,501985.0,2889,Busch Stadium,night,R
633035,2021-08-07,2021,MIA,COL,146,115,2,14,16,1,9,0,645261.0,Sandy Alcantara,608566.0,Germán Márquez,608566.0,645261.0,19,Coors Field,night,R
633017,2021-08-07,2021,TEX,OAK,140,133,1,4,5,1,11,1,592314.0,Mike Foltynewicz,605135.0,Chris Bassitt,433589.0,623474.0,10,Oakland Coliseum,night,R
633028,2021-08-07,2021,LAA,LAD,108,119,4,3,7,0,10,1,663776.0,Patrick Sandoval,456034.0,David Price,681810.0,664076.0,22,Dodger Stadium,night,R
633008,2021-08-07,2021,ARI,SD,109,135,8,5,13,0,9,0,592761.0,Caleb Smith,677960.0,Ryan Weathers,676840.0,677960.0,2680,Petco Park,night,R
632950,2021-08-07,2021,SEA,NYY,136,147,4,5,9,1,9,0,623167.0,Chris Flexen,571760.0,Andrew Heaney,571760.0,664948.0,3313,Yankee Stadium,day,R
633012,2021-08-07,2021,CWS,CHC,145,112,4,0,4,0,9,0,607074.0,Carlos Rodón,640470.0,Adbert Alzolay,607074.0,640470.0,17,Wrigley Field,day,R
632963,2021-08-07,2021,BOS,TOR,111,141,0,1,1,1,7,0,601713.0,Nick Pivetta,592662.0,Robbie Ray,605447.0,598264.0,14,Rogers Centre,day,R
633246,2021-08-07,2021,BOS,TOR,111,141,2,1,3,0,8,0,656557.0,Tanner Houck,621244.0,José Berríos,598264.0,643256.0,14,Rogers Centre,night,R
632962,2021-08-07,2021,TEX,OAK,140,133,3,12,15,1,9,0,623454.0,Drew Anderson,608344.0,Cole Irvin,608344.0,623454.0,10,Oakland Coliseum,day,R
632981,2021-08-07,2021,NYM,PHI,121,143,3,5,8,1,9,0,656731.0,Tylor Megill,624133.0,Ranger Suárez,670456.0,656731.0,2681,Citizens Bank Park,day,R
633014,2021-08-07,2021,TB,BAL,139,110,12,3,15,0,9,0,663556.0,Shane McClanahan,657093.0,Spenser Watkins,663556.0,657093.0,2,Oriole Park at Camden Yards,night,R
632993,2021-08-07,2021,DET,CLE,116,114,2,1,3,0,9,0,641302.0,Tyler Alexander,669212.0,Eli Morgan,641302.0,669212.0,5,Progressive Field,night,R
632999,2021-08-07,2021,PIT,CIN,134,113,3,11,14,1,9,0,656605.0,Mitch Keller,661269.0,Vladimir Gutierrez,661269.0,656605.0,2602,Great American Ball Park,night,R
632995,2021-08-07,2021,MIN,HOU,142,117,0,4,4,1,9,0,501381.0,Michael Pineda,677651.0,Luis Garcia,677651.0,501381.0,2392,Minute Maid Park,night,R
632983,2021-08-07,2021,SF,MIL,137,158,9,6,15,0,11,1,592717.0,Aaron Sanchez,605540.0,Brandon Woodruff,606424.0,607219.0,32,American Family Field,night,R
632968,2021-08-07,2021,KC,STL,118,138,2,5,7,1,9,0,641745.0,Brad Keller,547942.0,Kwang Hyun Kim,472610.0,641745.0,2889,Busch Stadium,night,R
632994,2021-08-07,2021,WSH,ATL,120,144,3,2,5,0,9,0,680686.0,Josiah Gray,450203.0,Charlie Morton,600921.0,519293.0,4705,Truist Park,night,R
633001,2021-08-08,2021,MIA,COL,146,115,4,7,11,1,9,0,666200.0,Jesús Luzardo,596295.0,Austin Gomber,596295.0,666200.0,19,Coors Field,night,R
632988,2021-08-08,2021,ARI,SD,109,135,2,6,8,1,9,0,642203.0,Taylor Widener,506433.0,Yu Darvish,519141.0,676969.0,2680,Petco Park,night,R
632986,2021-08-08,2021,LAA,LAD,108,119,3,5,8,1,9,0,642545.0,Jaime Barria,628711.0,Julio Urías,660813.0,448855.0,22,Dodger Stadium,night,R
632971,2021-08-08,2021,TB,BAL,139,110,9,6,15,0,9,0,608379.0,Michael Wacha,605347.0,Jorge López,608638.0,643316.0,2,Oriole Park at Camden Yards,day,R
632967,2021-08-08,2021,NYM,PHI,121,143,0,3,3,1,9,0,592836.0,Taijuan Walker,554430.0,Zack Wheeler,554430.0,592836.0,2681,Citizens Bank Park,day,R
632953,2021-08-08,2021,SEA,NYY,136,147,2,0,2,0,9,0,579328.0,Yusei Kikuchi,661563.0,Luis Gil,623149.0,476595.0,3313,Yankee Stadium,day,R
633007,2021-08-08,2021,BOS,TOR,111,141,8,9,17,1,9,0,572070.0,Garrett Richards,547943.0,Hyun Jin Ryu,503569.0,598264.0,14,Rogers Centre,day,R
632991,2021-08-08,2021,DET,CLE,116,114,5,7,12,1,9,0,503449.0,Wily Peralta,668676.0,Zach Plesac,543766.0,541640.0,5,Progressive Field,day,R
633009,2021-08-08,2021,PIT,CIN,134,113,2,3,5,1,9,0,669060.0,Bryse Wilson,641816.0,Tyler Mahle,641816.0,669060.0,2602,Great American Ball Park,day,R
632975,2021-08-08,2021,WSH,ATL,120,144,4,5,9,1,9,0,571578.0,Patrick Corbin,608331.0,Max Fried,608331.0,571578.0,4705,Truist Park,day,R
632957,2021-08-08,2021,MIN,HOU,142,117,7,5,12,0,9,0,628317.0,Kenta Maeda,621121.0,Lance McCullers Jr.,628317.0,621121.0,2392,Minute Maid Park,day,R
632945,2021-08-08,2021,SF,MIL,137,158,5,4,9,0,9,0,456501.0,Johnny Cueto,474463.0,Brett Anderson,453265.0,502202.0,32,American Family Field,day,R
632985,2021-08-08,2021,KC,STL,118,138,6,5,11,0,9,0,663460.0,Kris Bubic,452657.0,Jon Lester,605130.0,621052.0,2889,Busch Stadium,day,R
632977,2021-08-08,2021,MIA,COL,146,115,8,13,21,1,9,0,605276.0,David Hess,607536.0,Kyle Freeland,607536.0,605276.0,19,Coors Field,day,R
633039,2021-08-08,2021,TEX,OAK,140,133,3,6,9,1,9,0,543475.0,Jordan Lyles,621076.0,James Kaprielian,621076.0,543475.0,10,Oakland Coliseum,day,R
632956,2021-08-08,2021,LAA,LAD,108,119,2,8,10,1,9,0,672282.0,Reid Detmers,621111.0,Walker Buehler,621111.0,672282.0,22,Dodger Stadium,day,R
633051,2021-08-08,2021,ARI,SD,109,135,0,2,2,1,9,0,518516.0,Madison Bumgarner,605483.0,Blake Snell,605483.0,518516.0,2680,Petco Park,day,R
632970,2021-08-08,2021,CWS,CHC,145,112,9,3,12,0,9,0,656302.0,Dylan Cease,605200.0,Zach Davies,656302.0,605200.0,17,Wrigley Field,night,R
634173,2021-08-09,2021,CIN,CLE,113,114,3,9,12,1,9,0,622491.0,Luis Castillo,656529.0,Sam Hentges,621057.0,622491.0,5,Progressive Field,night,R
632964,2021-08-10,2021,CWS,MIN,145,142,11,1,12,0,9,0,608337.0,Lucas Giolito,663366.0,Beau Burrows,608337.0,663366.0,3312,Target Field,night,R
632979,2021-08-10,2021,NYY,KC,147,118,8,6,14,0,11,1,592791.0,Jameson Taillon,672578.0,Carlos Hernández,605280.0,518813.0,7,Kauffman Stadium,night,R
632942,2021-08-10,2021,MIA,SD,146,135,3,8,11,1,9,0,605507.0,Zach Thompson,605397.0,Joe Musgrove,605397.0,605507.0,2680,Petco Park,night,R
632997,2021-08-10,2021,MIL,CHC,158,112,0,0,0,0,9,0,642547.0,Freddy Peralta,621219.0,Alec Mills,,,17,Wrigley Field,night,R
632997,2021-08-10,2021,MIL,CHC,158,112,4,2,6,0,7,0,642547.0,Freddy Peralta,657006.0,Justin Steele,642547.0,657006.0,17,Wrigley Field,day,R
633000,2021-08-11,2021,MIL,CHC,158,112,6,3,9,0,7,0,676879.0,Aaron Ashby,621219.0,Alec Mills,667376.0,595465.0,17,Wrigley Field,night,R
632208,2021-08-10,2021,LAA,TOR,108,141,6,3,9,0,7,0,669735.0,Chris Rodriguez,571927.0,Steven Matz,448855.0,571927.0,1,Angel Stadium,day,R
632940,2021-08-11,2021,TOR,LAA,141,108,4,0,4,0,7,0,548389.0,Ross Stripling,660761.0,José Suarez,670950.0,660761.0,1,Angel Stadium,night,R
632960,2021-08-10,2021,DET,BAL,116,110,9,4,13,0,9,0,663554.0,Casey Mize,669211.0,Keegan Akin,608335.0,669211.0,2,Oriole Park at Camden Yards,night,R
632948,2021-08-10,2021,STL,PIT,138,134,4,1,5,0,9,0,457918.0,J.A. Happ,643230.0,Steven Brault,457918.0,643230.0,31,PNC Park,night,R
632984,2021-08-10,2021,LAD,PHI,119,143,5,0,5,0,9,0,453286.0,Max Scherzer,605400.0,Aaron Nola,681911.0,670456.0,2681,Citizens Bank Park,night,R
632966,2021-08-10,2021,WSH,NYM,120,121,7,8,15,1,9,0,502179.0,Paolo Espino,471911.0,Carlos Carrasco,543507.0,666168.0,3289,Citi Field,night,R
632978,2021-08-10,2021,OAK,CLE,133,114,4,3,7,0,10,1,640455.0,Sean Manaea,663474.0,Triston McKenzie,642152.0,621295.0,5,Progressive Field,night,R
632996,2021-08-10,2021,TB,BOS,139,111,8,4,12,0,9,0,672715.0,Luis Patiño,593958.0,Eduardo Rodriguez,552640.0,598264.0,3,Fenway Park,night,R
632989,2021-08-10,2021,CIN,ATL,113,144,2,3,5,1,9,0,543243.0,Sonny Gray,592767.0,Drew Smyly,592767.0,592390.0,4705,Truist Park,night,R
632973,2021-08-11,2021,COL,HOU,115,117,0,5,5,1,9,0,592351.0,Jon Gray,543606.0,Jake Odorizzi,543606.0,592351.0,2392,Minute Maid Park,night,R
632934,2021-08-11,2021,CWS,MIN,145,142,3,4,7,1,9,0,572971.0,Dallas Keuchel,643377.0,Griffin Jax,643377.0,572971.0,3312,Target Field,night,R
632987,2021-08-11,2021,NYY,KC,147,118,4,8,12,1,9,0,641482.0,Nestor Cortes,663738.0,Daniel Lynch IV,622251.0,641482.0,7,Kauffman Stadium,night,R
632933,2021-08-11,2021,ARI,SF,109,137,7,8,15,1,9,0,668678.0,Zac Gallen,622072.0,Alex Wood,641793.0,676840.0,2395,Oracle Park,night,R
632955,2021-08-11,2021,TEX,SEA,140,136,5,4,9,0,10,1,663465.0,Kolby Allard,669302.0,Logan Gilbert,656685.0,657024.0,680,T-Mobile Park,night,R
632976,2021-08-11,2021,MIA,SD,146,135,5,6,11,1,9,0,666129.0,Braxton Garrett,489334.0,Craig Stammen,572955.0,542947.0,2680,Petco Park,night,R
632927,2021-08-11,2021,CWS,MIN,145,142,0,1,1,1,9,0,625643.0,Reynaldo López,641927.0,Bailey Ober,573204.0,614179.0,3312,Target Field,day,R
632904,2021-08-11,2021,COL,HOU,115,117,1,5,6,1,9,0,622608.0,Antonio Senzatela,664285.0,Framber Valdez,664285.0,622608.0,2392,Minute Maid Park,day,R
632935,2021-08-11,2021,NYY,KC,147,118,5,2,7,0,9,0,476595.0,Lucas Luetge,663903.0,Brady Singer,643338.0,663903.0,7,Kauffman Stadium,day,R
632966,2021-08-11,2021,WSH,NYM,120,121,7,8,15,1,9,0,502179.0,Paolo Espino,471911.0,Carlos Carrasco,543507.0,666168.0,3289,Citi Field,day,R
632959,2021-08-11,2021,MIA,SD,146,135,7,0,7,0,9,0,645261.0,Sandy Alcantara,677960.0,Ryan Weathers,645261.0,677960.0,2680,Petco Park,day,R
632922,2021-08-11,2021,DET,BAL,116,110,5,2,7,0,9,0,669373.0,Tarik Skubal,518774.0,Matt Harvey,669373.0,518774.0,2,Oriole Park at Camden Yards,night,R
632928,2021-08-11,2021,STL,PIT,138,134,4,0,4,0,9,0,425794.0,Adam Wainwright,640444.0,Wil Crowe,425794.0,640444.0,31,PNC Park,night,R
632915,2021-08-11,2021,LAD,PHI,119,143,8,2,10,0,9,0,456034.0,David Price,502043.0,Kyle Gibson,660813.0,502043.0,2681,Citizens Bank Park,night,R
632937,2021-08-11,2021,OAK,CLE,133,114,6,3,9,0,9,0,593423.0,Frankie Montas,615698.0,Cal Quantrill,518617.0,680704.0,5,Progressive Field,night,R
632931,2021-08-11,2021,TB,BOS,139,111,8,20,28,1,9,0,676596.0,Josh Fleming,543135.0,Nathan Eovaldi,543135.0,676596.0,3,Fenway Park,night,R
632923,2021-08-11,2021,CIN,ATL,113,144,6,8,14,1,11,1,489119.0,Wade Miley,657053.0,Touki Toussaint,650828.0,608371.0,4705,Truist Park,night,R
632946,2021-08-12,2021,MIL,CHC,158,112,10,0,10,0,9,0,669203.0,Corbin Burnes,453562.0,Jake Arrieta,669203.0,453562.0,17,Wrigley Field,night,R
632965,2021-08-12,2021,TOR,LAA,141,108,10,2,12,0,9,0,666201.0,Alek Manoah,605164.0,Dylan Bundy,666201.0,605164.0,1,Angel Stadium,night,R
632951,2021-08-12,2021,ARI,SF,109,137,2,7,9,1,9,0,518876.0,Merrill Kelly,592332.0,Kevin Gausman,592332.0,518876.0,2395,Oracle Park,night,R
632952,2021-08-12,2021,TEX,SEA,140,136,1,2,3,1,9,0,675921.0,Spencer Howard,542881.0,Tyler Anderson,608716.0,642701.0,680,T-Mobile Park,night,R
632912,2021-08-11,2021,WSH,NYM,120,121,0,0,0,0,9,0,600921.0,Andrés Machado,573186.0,Marcus Stroman,,,3289,Citi Field,night,R
632949,2021-08-12,2021,WSH,NYM,120,121,1,4,5,1,7,0,543594.0,Sean Nolin,573186.0,Marcus Stroman,573186.0,543594.0,3289,Citi Field,day,R
632912,2021-08-12,2021,WSH,NYM,120,121,4,5,9,1,7,0,607200.0,Erick Fedde,592866.0,Trevor Williams,544727.0,640448.0,3289,Citi Field,day,R
632944,2021-08-12,2021,STL,PIT,138,134,7,6,13,0,9,0,453281.0,Wade LeBlanc,664141.0,JT Brubaker,519008.0,664141.0,31,PNC Park,day,R
632969,2021-08-12,2021,LAD,PHI,119,143,1,2,3,1,9,0,669952.0,Mitch White,624133.0,Ranger Suárez,605151.0,669952.0,2681,Citizens Bank Park,day,R
632900,2021-08-12,2021,OAK,CLE,133,114,17,0,17,0,9,0,605135.0,Chris Bassitt,669212.0,Eli Morgan,605135.0,669212.0,5,Progressive Field,day,R
633016,2021-08-12,2021,MIL,CHC,158,112,17,4,21,0,9,0,605540.0,Brandon Woodruff,543294.0,Kyle Hendricks,519326.0,543294.0,17,Wrigley Field,day,R
632938,2021-08-12,2021,DET,BAL,116,110,6,4,10,0,9,0,666159.0,Matt Manning,607644.0,John Means,666159.0,607644.0,2,Oriole Park at Camden Yards,day,R
632903,2021-08-12,2021,TB,BOS,139,111,8,1,9,0,9,0,656876.0,Drew Rasmussen,656557.0,Tanner Houck,543521.0,656557.0,3,Fenway Park,day,R
632947,2021-08-12,2021,TEX,SEA,140,136,1,3,4,1,9,0,592314.0,Mike Foltynewicz,594835.0,Marco Gonzales,594835.0,592314.0,680,T-Mobile Park,day,R
632929,2021-08-12,2021,CIN,ATL,113,144,12,3,15,0,9,0,661269.0,Vladimir Gutierrez,666205.0,Kyle Muller,661269.0,666205.0,4705,Truist Park,night,R
632924,2021-08-12,2021,NYY,CWS,147,145,8,9,17,1,9,0,571760.0,Andrew Heaney,458681.0,Lance Lynn,521230.0,502154.0,5445,Field of Dreams,night,R
632918,2021-08-13,2021,TOR,LAA,141,108,3,6,9,1,9,0,621244.0,José Berríos,660271.0,Shohei Ohtani,660271.0,621244.0,1,Angel Stadium,night,R
632914,2021-08-13,2021,SD,ARI,135,109,3,12,15,1,9,0,506433.0,Yu Darvish,676840.0,Matt Peacock,592761.0,506433.0,15,Chase Field,night,R
632939,2021-08-13,2021,COL,SF,115,137,0,7,7,1,9,0,608566.0,Germán Márquez,657277.0,Logan Webb,657277.0,608566.0,2395,Oracle Park,night,R
632901,2021-08-13,2021,CIN,PHI,113,143,6,1,7,0,9,0,641816.0,Tyler Mahle,554430.0,Zack Wheeler,641816.0,554430.0,2681,Citizens Bank Park,night,R
632921,2021-08-13,2021,ATL,WSH,144,120,4,2,6,0,9,0,450203.0,Charlie Morton,680686.0,Josiah Gray,450203.0,680686.0,3309,Nationals Park,night,R
632902,2021-08-13,2021,BAL,BOS,110,111,1,8,9,1,9,0,657093.0,Spenser Watkins,601713.0,Nick Pivetta,601713.0,657093.0,3,Fenway Park,night,R
632920,2021-08-13,2021,CLE,DET,114,116,7,4,11,0,9,0,668676.0,Zach Plesac,641302.0,Tyler Alexander,668676.0,641302.0,2394,Comerica Park,night,R
632911,2021-08-13,2021,LAD,NYM,119,121,6,5,11,0,10,1,628711.0,Julio Urías,656731.0,Tylor Megill,445276.0,544727.0,3289,Citi Field,night,R
632930,2021-08-13,2021,CHC,MIA,112,146,10,14,24,1,9,0,640470.0,Adbert Alzolay,666200.0,Jesús Luzardo,666200.0,640470.0,4169,loanDepot park,night,R
632936,2021-08-14,2021,OAK,TEX,133,140,6,8,14,1,9,0,608344.0,Cole Irvin,641540.0,Dane Dunning,642701.0,608344.0,5325,Globe Life Field,night,R
632943,2021-08-14,2021,STL,KC,138,118,6,0,6,0,9,0,656427.0,Jack Flaherty,501985.0,Mike Minor,656427.0,501985.0,7,Kauffman Stadium,night,R
632926,2021-08-14,2021,TB,MIN,139,142,10,4,14,0,9,0,663556.0,Shane McClanahan,501381.0,Michael Pineda,663556.0,501381.0,3312,Target Field,night,R
632972,2021-08-14,2021,HOU,LAA,117,108,4,1,5,0,9,0,425844.0,Zack Greinke,663776.0,Patrick Sandoval,425844.0,663776.0,1,Angel Stadium,night,R
632932,2021-08-14,2021,SD,ARI,135,109,2,3,5,1,9,0,605483.0,Blake Snell,518516.0,Madison Bumgarner,461325.0,489334.0,15,Chase Field,night,R
632906,2021-08-14,2021,COL,SF,115,137,4,5,9,1,9,0,596295.0,Austin Gomber,543101.0,Anthony DeSclafani,543101.0,596295.0,2395,Oracle Park,night,R
632954,2021-08-14,2021,TOR,SEA,141,136,2,3,5,1,9,0,592662.0,Robbie Ray,623167.0,Chris Flexen,608716.0,643256.0,680,T-Mobile Park,night,R
632820,2021-08-13,2021,MIL,PIT,158,134,0,0,0,0,9,0,474463.0,Brett Anderson,656605.0,Mitch Keller,,,31,PNC Park,night,R
632820,2021-08-14,2021,MIL,PIT,158,134,4,14,18,1,7,0,474463.0,Brett Anderson,669060.0,Bryse Wilson,592741.0,474463.0,31,PNC Park,day,R
632897,2021-08-14,2021,MIL,PIT,158,134,6,0,6,0,7,0,676879.0,Aaron Ashby,656605.0,Mitch Keller,502202.0,656605.0,31,PNC Park,night,R
632916,2021-08-14,2021,CIN,PHI,113,143,1,6,7,1,9,0,622491.0,Luis Castillo,519043.0,Matt Moore,519043.0,622491.0,2681,Citizens Bank Park,day,R
632905,2021-08-14,2021,BAL,BOS,110,111,2,16,18,1,9,0,605347.0,Jorge López,519242.0,Chris Sale,519242.0,605347.0,3,Fenway Park,day,R
632885,2021-08-14,2021,ATL,WSH,144,120,12,2,14,0,9,0,608331.0,Max Fried,571578.0,Patrick Corbin,608331.0,571578.0,3309,Nationals Park,night,R
632819,2021-08-14,2021,CLE,DET,114,116,4,6,10,1,9,0,656529.0,Sam Hentges,503449.0,Wily Peralta,605242.0,543766.0,2394,Comerica Park,night,R
632941,2021-08-14,2021,CHC,MIA,112,146,4,5,9,1,9,0,605200.0,Zach Davies,605507.0,Zach Thompson,571670.0,676051.0,4169,loanDepot park,night,R
632894,2021-08-14,2021,OAK,TEX,133,140,8,3,11,0,9,0,621076.0,James Kaprielian,543475.0,Jordan Lyles,605177.0,543475.0,5325,Globe Life Field,night,R
632958,2021-08-14,2021,LAD,NYM,119,121,2,1,3,0,10,1,621111.0,Walker Buehler,592836.0,Taijuan Walker,641360.0,660546.0,3289,Citi Field,night,R
632818,2021-08-14,2021,STL,KC,138,118,9,4,13,0,9,0,452657.0,Jon Lester,641745.0,Brad Keller,452657.0,641745.0,7,Kauffman Stadium,night,R
632913,2021-08-14,2021,TB,MIN,139,142,0,12,12,1,9,0,608379.0,Michael Wacha,628317.0,Kenta Maeda,628317.0,608379.0,3312,Target Field,night,R
632898,2021-08-14,2021,NYY,CWS,147,145,7,5,12,0,10,1,592791.0,Jameson Taillon,656302.0,Dylan Cease,643338.0,521230.0,4,Guaranteed Rate Field,night,R
632877,2021-08-15,2021,SD,ARI,135,109,0,7,7,1,9,0,605397.0,Joe Musgrove,656457.0,Tyler Gilbert,656457.0,605397.0,15,Chase Field,night,R
632889,2021-08-15,2021,COL,SF,115,137,4,1,5,0,9,0,607536.0,Kyle Freeland,669674.0,Sam Long,607536.0,608678.0,2395,Oracle Park,night,R
632925,2021-08-15,2021,HOU,LAA,117,108,8,2,10,0,9,0,677651.0,Luis Garcia,642545.0,Jaime Barria,677651.0,642545.0,1,Angel Stadium,night,R
632907,2021-08-15,2021,TOR,SEA,141,136,3,9,12,1,9,0,547943.0,Hyun Jin Ryu,579328.0,Yusei Kikuchi,641871.0,547943.0,680,T-Mobile Park,night,R
632891,2021-08-15,2021,CIN,PHI,113,143,7,4,11,0,9,0,543243.0,Sonny Gray,605400.0,Aaron Nola,608371.0,605400.0,2681,Citizens Bank Park,day,R
632867,2021-08-15,2021,ATL,WSH,144,120,6,5,11,0,9,0,592767.0,Drew Smyly,502179.0,Paolo Espino,445926.0,502179.0,3309,Nationals Park,day,R
632876,2021-08-15,2021,MIL,PIT,158,134,2,1,3,0,9,0,641778.0,Eric Lauer,596071.0,Dillon Peters,608718.0,596071.0,31,PNC Park,day,R
632961,2021-08-15,2021,BAL,BOS,110,111,2,6,8,1,9,0,669211.0,Keegan Akin,593958.0,Eduardo Rodriguez,593958.0,669211.0,3,Fenway Park,day,R
632910,2021-08-15,2021,CLE,DET,114,116,11,0,11,0,9,0,663474.0,Triston McKenzie,571800.0,Drew Hutchison,663474.0,571800.0,2394,Comerica Park,day,R
632874,2021-08-15,2021,CHC,MIA,112,146,1,4,5,1,9,0,621219.0,Alec Mills,622694.0,Elieser Hernández,669294.0,621219.0,4169,loanDepot park,day,R
632860,2021-08-15,2021,STL,KC,138,118,7,2,9,0,9,0,457918.0,J.A. Happ,663460.0,Kris Bubic,457918.0,663460.0,7,Kauffman Stadium,day,R
632866,2021-08-15,2021,TB,MIN,139,142,4,5,9,1,9,0,672715.0,Luis Patiño,656212.0,Charlie Barnes,517008.0,605538.0,3312,Target Field,day,R
632899,2021-08-15,2021,NYY,CWS,147,145,5,3,8,0,9,0,641482.0,Nestor Cortes,608337.0,Lucas Giolito,641482.0,608337.0,4,Guaranteed Rate Field,day,R
632847,2021-08-15,2021,OAK,TEX,133,140,4,7,11,1,9,0,640455.0,Sean Manaea,663465.0,Kolby Allard,663465.0,640455.0,5325,Globe Life Field,day,R
632863,2021-08-15,2021,COL,SF,115,137,2,5,7,1,9,0,592351.0,Jon Gray,622072.0,Alex Wood,622072.0,592351.0,2395,Oracle Park,day,R
632881,2021-08-15,2021,HOU,LAA,117,108,1,3,4,1,9,0,621121.0,Lance McCullers Jr.,672282.0,Reid Detmers,672282.0,621121.0,1,Angel Stadium,day,R
632917,2021-08-15,2021,SD,ARI,135,109,8,2,10,0,9,0,489334.0,Craig Stammen,668678.0,Zac Gallen,663753.0,668678.0,15,Chase Field,day,R
632857,2021-08-15,2021,TOR,SEA,141,136,8,3,11,0,9,0,571927.0,Steven Matz,669302.0,Logan Gilbert,571927.0,669302.0,680,T-Mobile Park,day,R
632895,2021-08-15,2021,LAD,NYM,119,121,14,4,18,0,9,0,453286.0,Max Scherzer,471911.0,Carlos Carrasco,453286.0,471911.0,3289,Citi Field,night,R
633421,2021-08-16,2021,LAA,NYY,108,147,1,2,3,1,9,0,660761.0,José Suarez,543037.0,Gerrit Cole,543037.0,660761.0,3313,Yankee Stadium,night,R
632878,2021-08-16,2021,CHC,CIN,112,113,5,14,19,1,9,0,657006.0,Justin Steele,489119.0,Wade Miley,489119.0,657006.0,2602,Great American Ball Park,night,R
632890,2021-08-16,2021,BAL,TB,110,139,2,9,11,1,9,0,518774.0,Matt Harvey,543521.0,Collin McHugh,676596.0,518774.0,12,Tropicana Field,night,R
632858,2021-08-16,2021,ATL,MIA,144,146,12,2,14,0,9,0,657053.0,Touki Toussaint,666129.0,Braxton Garrett,657053.0,666129.0,4169,loanDepot park,night,R
632883,2021-08-17,2021,HOU,KC,117,118,6,7,13,1,9,0,543606.0,Jake Odorizzi,672578.0,Carlos Hernández,605130.0,554340.0,7,Kauffman Stadium,night,R
632873,2021-08-17,2021,CLE,MIN,114,142,4,5,9,1,10,1,615698.0,Cal Quantrill,643377.0,Griffin Jax,573204.0,621295.0,3312,Target Field,night,R
632892,2021-08-17,2021,OAK,CWS,133,145,2,5,7,1,9,0,593423.0,Frankie Montas,572971.0,Dallas Keuchel,572971.0,593423.0,4,Guaranteed Rate Field,night,R
632813,2021-08-17,2021,SD,COL,135,115,5,6,11,1,9,0,677960.0,Ryan Weathers,622608.0,Antonio Senzatela,453268.0,543339.0,19,Coors Field,night,R
632886,2021-08-17,2021,NYM,SF,121,137,5,7,12,1,9,0,448179.0,Rich Hill,592332.0,Kevin Gausman,592332.0,612434.0,2395,Oracle Park,night,R
632882,2021-08-17,2021,PIT,LAD,134,119,1,2,3,1,9,0,643230.0,Steven Brault,677865.0,Justin Bruihl,595014.0,592741.0,22,Dodger Stadium,night,R
633291,2021-08-17,2021,BOS,NYY,111,147,3,5,8,1,7,0,656557.0,Tanner Houck,656756.0,Jordan Montgomery,656061.0,676477.0,3313,Yankee Stadium,day,R
632893,2021-08-17,2021,BOS,NYY,111,147,0,2,2,1,7,0,543135.0,Nathan Eovaldi,661563.0,Luis Gil,593974.0,543135.0,3313,Yankee Stadium,night,R
632825,2021-08-17,2021,TOR,WSH,141,120,6,12,18,1,9,0,666201.0,Alek Manoah,607200.0,Erick Fedde,607200.0,666201.0,3309,Nationals Park,night,R
632871,2021-08-17,2021,CHC,CIN,112,113,2,1,3,0,9,0,543294.0,Kyle Hendricks,661269.0,Vladimir Gutierrez,543294.0,661269.0,2602,Great American Ball Park,night,R
632868,2021-08-17,2021,LAA,DET,108,116,8,2,10,0,9,0,605164.0,Dylan Bundy,663554.0,Casey Mize,594577.0,642397.0,2394,Comerica Park,night,R
632864,2021-08-17,2021,BAL,TB,110,139,0,10,10,1,9,0,607644.0,John Means,656876.0,Drew Rasmussen,595939.0,607644.0,12,Tropicana Field,night,R
632872,2021-08-17,2021,ATL,MIA,144,146,2,0,2,0,9,0,660623.0,Huascar Ynoa,645261.0,Sandy Alcantara,455119.0,645261.0,4169,loanDepot park,night,R
632884,2021-08-17,2021,MIL,STL,158,138,2,0,2,0,9,0,669203.0,Corbin Burnes,425794.0,Adam Wainwright,669203.0,425794.0,2889,Busch Stadium,night,R
632853,2021-08-18,2021,SEA,TEX,136,140,3,1,4,0,9,0,542881.0,Tyler Anderson,621368.0,Taylor Hearn,542881.0,621368.0,5325,Globe Life Field,night,R
632875,2021-08-18,2021,HOU,KC,117,118,1,3,4,1,9,0,664285.0,Framber Valdez,663738.0,Daniel Lynch IV,663738.0,664285.0,7,Kauffman Stadium,night,R
632880,2021-08-18,2021,CLE,MIN,114,142,3,1,4,0,9,0,669212.0,Eli Morgan,641927.0,Bailey Ober,669212.0,641927.0,3312,Target Field,night,R
632908,2021-08-18,2021,OAK,CWS,133,145,0,9,9,1,9,0,605135.0,Chris Bassitt,625643.0,Reynaldo López,625643.0,605135.0,4,Guaranteed Rate Field,night,R
632851,2021-08-18,2021,SD,COL,135,115,3,7,10,1,9,0,621381.0,Matt Strahm,608566.0,Germán Márquez,608566.0,621381.0,19,Coors Field,night,R
632869,2021-08-18,2021,PHI,ARI,143,109,2,3,5,1,9,0,502043.0,Kyle Gibson,642203.0,Taylor Widener,620396.0,502043.0,15,Chase Field,night,R
632919,2021-08-18,2021,NYM,SF,121,137,2,3,5,1,9,0,573186.0,Marcus Stroman,657277.0,Logan Webb,657277.0,573186.0,2395,Oracle Park,night,R
632909,2021-08-18,2021,PIT,LAD,134,119,3,4,7,1,9,0,640444.0,Wil Crowe,456034.0,David Price,608349.0,664074.0,22,Dodger Stadium,night,R
632839,2021-08-18,2021,CHC,CIN,112,113,7,1,8,0,9,0,592716.0,Adrian Sampson,641816.0,Tyler Mahle,655889.0,641816.0,2602,Great American Ball Park,day,R
632831,2021-08-18,2021,CLE,MIN,114,142,7,8,15,1,11,1,668676.0,Zach Plesac,626929.0,Lewis Thorpe,543056.0,621057.0,3312,Target Field,day,R
632862,2021-08-18,2021,SD,COL,135,115,5,7,12,1,9,0,453562.0,Jake Arrieta,592346.0,Chi Chi González,641386.0,453562.0,19,Coors Field,day,R
632850,2021-08-18,2021,NYM,SF,121,137,6,2,8,0,12,1,656731.0,Tylor Megill,543101.0,Anthony DeSclafani,544727.0,543022.0,2395,Oracle Park,day,R
632856,2021-08-18,2021,TOR,WSH,141,120,5,8,13,1,9,0,621244.0,José Berríos,680686.0,Josiah Gray,666168.0,543272.0,3309,Nationals Park,day,R
632852,2021-08-18,2021,BOS,NYY,111,147,2,5,7,1,9,0,601713.0,Nick Pivetta,571760.0,Andrew Heaney,571760.0,601713.0,3313,Yankee Stadium,night,R
632861,2021-08-18,2021,LAA,DET,108,116,3,1,4,0,9,0,660271.0,Shohei Ohtani,669373.0,Tarik Skubal,660271.0,669373.0,2394,Comerica Park,night,R
632849,2021-08-18,2021,BAL,TB,110,139,4,8,12,1,9,0,657093.0,Spenser Watkins,545343.0,Louis Head,642232.0,657093.0,12,Tropicana Field,night,R
632865,2021-08-18,2021,ATL,MIA,144,146,11,9,20,0,9,0,450203.0,Charlie Morton,666200.0,Jesús Luzardo,450203.0,666200.0,4169,loanDepot park,night,R
632844,2021-08-18,2021,MIL,STL,158,138,6,4,10,0,10,1,642547.0,Freddy Peralta,656427.0,Jack Flaherty,623352.0,621052.0,2889,Busch Stadium,night,R
632855,2021-08-19,2021,SEA,TEX,136,140,3,1,4,0,9,0,594835.0,Marco Gonzales,592314.0,Mike Foltynewicz,594835.0,592314.0,5325,Globe Life Field,night,R
632859,2021-08-19,2021,HOU,KC,117,118,2,3,5,1,9,0,425844.0,Zack Greinke,663903.0,Brady Singer,593619.0,642130.0,7,Kauffman Stadium,night,R
632854,2021-08-19,2021,OAK,CWS,133,145,2,3,5,1,9,0,608344.0,Cole Irvin,458681.0,Lance Lynn,676979.0,621112.0,4,Guaranteed Rate Field,night,R
632848,2021-08-19,2021,PHI,ARI,143,109,2,4,6,1,9,0,624133.0,Ranger Suárez,528748.0,Humberto Castellanos,528748.0,624133.0,15,Chase Field,night,R
632887,2021-08-19,2021,PIT,LAD,134,119,0,9,9,1,9,0,664141.0,JT Brubaker,677865.0,Justin Bruihl,669952.0,664141.0,22,Dodger Stadium,night,R
632846,2021-08-19,2021,LAA,DET,108,116,13,10,23,0,9,0,500779.0,Jose Quintana,666159.0,Matt Manning,594577.0,605242.0,2394,Comerica Park,day,R
632833,2021-08-19,2021,BAL,TB,110,139,2,7,9,1,9,0,605347.0,Jorge López,663556.0,Shane McClanahan,663556.0,605347.0,12,Tropicana Field,day,R
632838,2021-08-19,2021,SEA,TEX,136,140,9,8,17,0,11,1,623167.0,Chris Flexen,675921.0,Spencer Howard,501925.0,669618.0,5325,Globe Life Field,day,R
632843,2021-08-19,2021,HOU,KC,117,118,6,3,9,0,10,1,677651.0,Luis Garcia,501985.0,Mike Minor,519151.0,451584.0,7,Kauffman Stadium,day,R
632823,2021-08-19,2021,OAK,CWS,133,145,5,4,9,0,9,0,608344.0,Cole Irvin,656302.0,Dylan Cease,608344.0,656629.0,4,Guaranteed Rate Field,day,R
632841,2021-08-19,2021,PHI,ARI,143,109,2,6,8,1,9,0,554430.0,Zack Wheeler,518516.0,Madison Bumgarner,518516.0,554430.0,15,Chase Field,day,R
632840,2021-08-19,2021,MIN,NYY,142,147,5,7,12,1,9,0,607231.0,John Gant,592791.0,Jameson Taillon,592791.0,607231.0,3313,Yankee Stadium,night,R
632816,2021-08-19,2021,MIA,CIN,146,113,1,6,7,1,9,0,663734.0,Nick Neidert,622491.0,Luis Castillo,622491.0,663734.0,2602,Great American Ball Park,night,R
632845,2021-08-19,2021,MIL,STL,158,138,4,8,12,1,9,0,605540.0,Brandon Woodruff,452657.0,Jon Lester,658551.0,605540.0,2889,Busch Stadium,night,R
632835,2021-08-20,2021,NYM,LAD,121,119,1,4,5,1,9,0,592836.0,Taijuan Walker,608349.0,Corey Knebel,623465.0,592836.0,22,Dodger Stadium,night,R
632826,2021-08-20,2021,KC,CHC,118,112,6,2,8,0,9,0,641745.0,Brad Keller,605200.0,Zach Davies,641745.0,605200.0,17,Wrigley Field,day,R
632814,2021-08-20,2021,ATL,BAL,144,110,3,0,3,0,9,0,608331.0,Max Fried,669211.0,Keegan Akin,608331.0,669211.0,2,Oriole Park at Camden Yards,night,R
632799,2021-08-20,2021,MIN,NYY,142,147,2,10,12,1,9,0,656212.0,Charlie Barnes,641482.0,Nestor Cortes,641482.0,656212.0,3313,Yankee Stadium,night,R
632888,2021-08-20,2021,DET,TOR,116,141,4,1,5,0,10,1,641302.0,Tyler Alexander,592662.0,Robbie Ray,642397.0,670950.0,14,Rogers Centre,night,R
632837,2021-08-20,2021,LAA,CLE,108,114,1,9,10,1,9,0,642545.0,Jaime Barria,656529.0,Sam Hentges,663986.0,642545.0,5,Progressive Field,night,R
632827,2021-08-20,2021,TEX,BOS,140,111,0,6,6,1,9,0,641540.0,Dane Dunning,519242.0,Chris Sale,519242.0,641540.0,3,Fenway Park,night,R
632836,2021-08-20,2021,CWS,TB,145,139,7,5,12,0,11,1,608337.0,Lucas Giolito,608379.0,Michael Wacha,521230.0,552640.0,12,Tropicana Field,night,R
632832,2021-08-20,2021,MIA,CIN,146,113,3,5,8,1,9,0,622694.0,Elieser Hernández,543243.0,Sonny Gray,543243.0,622694.0,2602,Great American Ball Park,night,R
632774,2021-08-21,2021,SEA,HOU,136,117,3,12,15,1,9,0,579328.0,Yusei Kikuchi,621121.0,Lance McCullers Jr.,621121.0,579328.0,2392,Minute Maid Park,night,R
632896,2021-08-21,2021,WSH,MIL,120,158,4,1,5,0,9,0,571578.0,Patrick Corbin,474463.0,Brett Anderson,571578.0,474463.0,32,American Family Field,night,R
632815,2021-08-21,2021,PIT,STL,134,138,4,0,4,0,9,0,656605.0,Mitch Keller,571945.0,Miles Mikolas,656605.0,571945.0,2889,Busch Stadium,night,R
632828,2021-08-21,2021,ARI,COL,109,115,4,9,13,1,9,0,656457.0,Tyler Gilbert,596295.0,Austin Gomber,596112.0,676969.0,19,Coors Field,night,R
632809,2021-08-21,2021,SF,OAK,137,133,1,4,5,1,9,0,622072.0,Alex Wood,621076.0,James Kaprielian,621076.0,622072.0,10,Oakland Coliseum,night,R
632811,2021-08-21,2021,NYM,LAD,121,119,2,3,5,1,9,0,471911.0,Carlos Carrasco,621111.0,Walker Buehler,621111.0,471911.0,22,Dodger Stadium,night,R
632817,2021-08-21,2021,PHI,SD,143,135,4,3,7,0,9,0,519043.0,Matt Moore,605483.0,Blake Snell,593576.0,605483.0,2680,Petco Park,night,R
632821,2021-08-21,2021,MIN,NYY,142,147,1,7,8,1,9,0,628317.0,Kenta Maeda,543037.0,Gerrit Cole,543037.0,628317.0,3313,Yankee Stadium,day,R
632804,2021-08-21,2021,CWS,TB,145,139,4,8,12,1,9,0,572971.0,Dallas Keuchel,672715.0,Luis Patiño,672715.0,572971.0,12,Tropicana Field,day,R
632824,2021-08-21,2021,KC,CHC,118,112,4,2,6,0,9,0,663460.0,Kris Bubic,624522.0,Keegan Thompson,663460.0,624522.0,17,Wrigley Field,day,R
632775,2021-08-21,2021,DET,TOR,116,141,0,3,3,1,9,0,503449.0,Wily Peralta,547943.0,Hyun Jin Ryu,547943.0,503449.0,14,Rogers Centre,day,R
632795,2021-08-21,2021,NYM,LAD,121,119,3,4,7,1,9,0,448179.0,Rich Hill,453286.0,Max Scherzer,453286.0,448179.0,22,Dodger Stadium,day,R
632829,2021-08-21,2021,WSH,MIL,120,158,6,9,15,1,9,0,502179.0,Paolo Espino,641778.0,Eric Lauer,642207.0,457915.0,32,American Family Field,day,R
632842,2021-08-21,2021,SF,OAK,137,133,6,5,11,0,9,0,592332.0,Kevin Gausman,640455.0,Sean Manaea,643511.0,642152.0,10,Oakland Coliseum,day,R
632780,2021-08-21,2021,LAA,CLE,108,114,1,5,6,1,9,0,672282.0,Reid Detmers,663474.0,Triston McKenzie,663474.0,672282.0,5,Progressive Field,day,R
632834,2021-08-21,2021,SEA,HOU,136,117,1,15,16,1,9,0,669302.0,Logan Gilbert,543606.0,Jake Odorizzi,543606.0,669302.0,2392,Minute Maid Park,day,R
632797,2021-08-21,2021,MIA,CIN,146,113,4,7,11,1,9,0,605507.0,Zach Thompson,489119.0,Wade Miley,570666.0,669622.0,2602,Great American Ball Park,night,R
632879,2021-08-21,2021,ATL,BAL,144,110,5,4,9,0,9,0,592767.0,Drew Smyly,518774.0,Matt Harvey,592767.0,518774.0,2,Oriole Park at Camden Yards,night,R
632870,2021-08-21,2021,TEX,BOS,140,111,10,1,11,0,9,0,543475.0,Jordan Lyles,593958.0,Eduardo Rodriguez,543475.0,593958.0,3,Fenway Park,night,R
632810,2021-08-21,2021,PIT,STL,134,138,5,4,9,0,9,0,596071.0,Dillon Peters,457918.0,J.A. Happ,592741.0,650893.0,2889,Busch Stadium,night,R
632790,2021-08-22,2021,ARI,COL,109,115,2,5,7,1,9,0,668678.0,Zac Gallen,607536.0,Kyle Freeland,453268.0,605525.0,19,Coors Field,night,R
632806,2021-08-22,2021,PHI,SD,143,135,3,4,7,1,10,1,605400.0,Aaron Nola,605397.0,Joe Musgrove,453343.0,641401.0,2680,Petco Park,night,R
632772,2021-08-22,2021,ATL,BAL,144,110,3,1,4,0,9,0,657053.0,Touki Toussaint,607644.0,John Means,657053.0,607644.0,2,Oriole Park at Camden Yards,day,R
632784,2021-08-22,2021,DET,TOR,116,141,5,3,8,0,11,1,571800.0,Drew Hutchison,571927.0,Steven Matz,642397.0,669912.0,14,Rogers Centre,day,R
632785,2021-08-22,2021,CWS,TB,145,139,0,9,9,1,9,0,625643.0,Reynaldo López,502042.0,Chris Archer,542888.0,625643.0,12,Tropicana Field,day,R
632801,2021-08-22,2021,MIA,CIN,146,113,1,3,4,1,9,0,645261.0,Sandy Alcantara,661269.0,Vladimir Gutierrez,661269.0,645261.0,2602,Great American Ball Park,day,R
632793,2021-08-22,2021,SEA,HOU,136,117,6,3,9,0,11,1,542881.0,Tyler Anderson,664285.0,Framber Valdez,623149.0,592773.0,2392,Minute Maid Park,day,R
632786,2021-08-22,2021,WSH,MIL,120,158,3,7,10,1,9,0,543594.0,Sean Nolin,605288.0,Adrian Houser,519326.0,543594.0,32,American Family Field,day,R
632794,2021-08-22,2021,PIT,STL,134,138,0,3,3,1,9,0,643230.0,Steven Brault,425794.0,Adam Wainwright,425794.0,643230.0,2889,Busch Stadium,day,R
632771,2021-08-22,2021,KC,CHC,118,112,9,1,10,0,9,0,672578.0,Carlos Hernández,621219.0,Alec Mills,672578.0,621219.0,17,Wrigley Field,day,R
632803,2021-08-22,2021,ARI,COL,109,115,8,4,12,0,9,0,642203.0,Taylor Widener,592351.0,Jon Gray,642203.0,592351.0,19,Coors Field,day,R
632830,2021-08-22,2021,PHI,SD,143,135,7,4,11,0,9,0,502043.0,Kyle Gibson,489334.0,Craig Stammen,502043.0,677960.0,2680,Petco Park,day,R
632791,2021-08-22,2021,SF,OAK,137,133,2,1,3,0,9,0,657277.0,Logan Webb,593423.0,Frankie Montas,608678.0,640462.0,10,Oakland Coliseum,day,R
632796,2021-08-22,2021,NYM,LAD,121,119,7,2,9,0,9,0,573186.0,Marcus Stroman,456034.0,David Price,573186.0,456034.0,22,Dodger Stadium,day,R
632812,2021-08-22,2021,LAA,CLE,108,114,0,3,3,1,9,0,660761.0,José Suarez,615698.0,Cal Quantrill,615698.0,660761.0,2735,BB&T Ballpark,night,R
632730,2021-08-22,2021,MIN,NYY,142,147,0,0,0,0,9,0,643377.0,Griffin Jax,661563.0,Luis Gil,,,3313,Yankee Stadium,day,R
632773,2021-08-22,2021,TEX,BOS,140,111,0,0,0,0,9,0,663465.0,Kolby Allard,,,,,3,Fenway Park,day,R
632773,2021-08-23,2021,TEX,BOS,140,111,4,8,12,1,11,1,663465.0,Kolby Allard,543135.0,Nathan Eovaldi,676477.0,642701.0,3,Fenway Park,day,R
632798,2021-08-23,2021,ARI,PIT,109,134,5,6,11,1,9,0,650668.0,Humberto Mejía,640444.0,Wil Crowe,607455.0,598287.0,31,PNC Park,night,R
632787,2021-08-23,2021,CWS,TOR,145,141,1,2,3,1,9,0,458681.0,Lance Lynn,666201.0,Alek Manoah,641835.0,518886.0,14,Rogers Centre,night,R
632805,2021-08-23,2021,NYY,ATL,147,144,5,1,6,0,9,0,656756.0,Jordan Montgomery,660623.0,Huascar Ynoa,656756.0,660623.0,4705,Truist Park,night,R
632792,2021-08-24,2021,COL,CHC,115,112,4,6,10,1,9,0,622608.0,Antonio Senzatela,543294.0,Kyle Hendricks,655889.0,453268.0,17,Wrigley Field,night,R
632770,2021-08-24,2021,KC,HOU,118,117,7,1,8,0,9,0,663738.0,Daniel Lynch IV,425844.0,Zack Greinke,663738.0,425844.0,2392,Minute Maid Park,night,R
632758,2021-08-24,2021,SEA,OAK,136,133,5,3,8,0,9,0,594835.0,Marco Gonzales,621112.0,Paul Blackburn,664948.0,642152.0,10,Oakland Coliseum,night,R
632769,2021-08-24,2021,SEA,OAK,136,133,5,1,6,0,9,0,623167.0,Chris Flexen,608344.0,Cole Irvin,623167.0,608344.0,10,Oakland Coliseum,day,R
632807,2021-08-24,2021,LAA,BAL,108,110,14,8,22,0,9,0,605164.0,Dylan Bundy,657093.0,Spenser Watkins,448855.0,657093.0,2,Oriole Park at Camden Yards,night,R
632744,2021-08-24,2021,ARI,PIT,109,134,2,4,6,1,9,0,518516.0,Madison Bumgarner,664141.0,JT Brubaker,664141.0,518516.0,31,PNC Park,night,R
632777,2021-08-24,2021,TB,PHI,139,143,3,1,4,0,9,0,656876.0,Drew Rasmussen,624133.0,Ranger Suárez,608638.0,605151.0,2681,Citizens Bank Park,night,R
632779,2021-08-24,2021,CWS,TOR,145,141,5,2,7,0,9,0,656302.0,Dylan Cease,621244.0,José Berríos,656302.0,621244.0,14,Rogers Centre,night,R
632802,2021-08-24,2021,SF,NYM,137,121,8,0,8,0,9,0,669674.0,Sam Long,656731.0,Tylor Megill,669674.0,656731.0,3289,Citi Field,night,R
632783,2021-08-24,2021,TEX,CLE,140,114,7,3,10,0,9,0,621368.0,Taylor Hearn,669212.0,Eli Morgan,621368.0,669212.0,5,Progressive Field,night,R
632755,2021-08-24,2021,MIN,BOS,142,111,9,11,20,1,9,0,643377.0,Griffin Jax,656557.0,Tanner Houck,657031.0,643377.0,3,Fenway Park,night,R
632789,2021-08-24,2021,WSH,MIA,120,146,5,1,6,0,9,0,607200.0,Erick Fedde,666200.0,Jesús Luzardo,607200.0,666200.0,4169,loanDepot park,night,R
632763,2021-08-24,2021,NYY,ATL,147,144,5,4,9,0,9,0,571760.0,Andrew Heaney,450203.0,Charlie Morton,605280.0,450203.0,4705,Truist Park,night,R
632781,2021-08-24,2021,DET,STL,116,138,4,3,7,0,9,0,663554.0,Casey Mize,656427.0,Jack Flaherty,663554.0,656427.0,2889,Busch Stadium,night,R
632776,2021-08-25,2021,KC,HOU,118,117,0,4,4,1,9,0,663903.0,Brady Singer,677651.0,Luis Garcia,677651.0,663903.0,2392,Minute Maid Park,night,R
632728,2021-08-25,2021,CIN,MIL,113,158,4,7,11,1,9,0,641816.0,Tyler Mahle,669203.0,Corbin Burnes,519326.0,547179.0,32,American Family Field,night,R
632748,2021-08-25,2021,LAD,SD,119,135,5,2,7,0,9,0,628711.0,Julio Urías,572955.0,Pierce Johnson,628711.0,572955.0,2680,Petco Park,night,R
632822,2021-08-25,2021,COL,CHC,115,112,0,0,0,0,9,0,608566.0,Germán Márquez,657006.0,Justin Steele,,,17,Wrigley Field,night,R
632751,2021-08-25,2021,DET,STL,116,138,2,3,5,1,10,1,669373.0,Tarik Skubal,452657.0,Jon Lester,519008.0,605242.0,2889,Busch Stadium,day,R
632768,2021-08-25,2021,KC,HOU,118,117,5,6,11,1,10,1,501985.0,Mike Minor,621121.0,Lance McCullers Jr.,608665.0,606303.0,2392,Minute Maid Park,day,R
632738,2021-08-25,2021,COL,CHC,115,112,2,5,7,1,7,0,596295.0,Austin Gomber,605200.0,Zach Davies,676051.0,596295.0,17,Wrigley Field,day,R
632822,2021-08-25,2021,COL,CHC,115,112,13,10,23,0,10,1,608566.0,Germán Márquez,657006.0,Justin Steele,641386.0,657228.0,17,Wrigley Field,night,R
632756,2021-08-25,2021,LAA,BAL,108,110,6,10,16,1,9,0,660271.0,Shohei Ohtani,595939.0,Chris Ellis,656945.0,502593.0,2,Oriole Park at Camden Yards,night,R
632778,2021-08-25,2021,ARI,PIT,109,134,5,2,7,0,9,0,656457.0,Tyler Gilbert,669060.0,Bryse Wilson,676969.0,607455.0,31,PNC Park,night,R
632727,2021-08-25,2021,TB,PHI,139,143,7,4,11,0,9,0,642232.0,Ryan Yarbrough,554430.0,Zack Wheeler,543521.0,554430.0,2681,Citizens Bank Park,night,R
632752,2021-08-25,2021,CWS,TOR,145,141,1,3,4,1,9,0,608337.0,Lucas Giolito,592662.0,Robbie Ray,641835.0,607481.0,14,Rogers Centre,night,R
632747,2021-08-25,2021,SF,NYM,137,121,3,2,5,0,9,0,456501.0,Johnny Cueto,592836.0,Taijuan Walker,453265.0,592836.0,3289,Citi Field,night,R
632766,2021-08-25,2021,TEX,CLE,140,114,2,7,9,1,9,0,656641.0,Jacob Latz,668676.0,Zach Plesac,668676.0,656641.0,5,Progressive Field,night,R
632767,2021-08-25,2021,MIN,BOS,142,111,9,6,15,0,10,1,641927.0,Bailey Ober,601713.0,Nick Pivetta,517008.0,570663.0,3,Fenway Park,night,R
632760,2021-08-25,2021,WSH,MIA,120,146,3,4,7,1,10,1,680686.0,Josiah Gray,665795.0,Edward Cabrera,571670.0,640448.0,4169,loanDepot park,night,R
632761,2021-08-26,2021,CIN,MIL,113,158,1,4,5,1,9,0,622491.0,Luis Castillo,605540.0,Brandon Woodruff,605540.0,622491.0,32,American Family Field,night,R
632764,2021-08-26,2021,LAD,SD,119,135,5,3,8,0,16,1,621111.0,Walker Buehler,605483.0,Blake Snell,608349.0,547176.0,2680,Petco Park,night,R
632743,2021-08-26,2021,LAA,BAL,108,110,1,13,14,1,9,0,642545.0,Jaime Barria,669211.0,Keegan Akin,669211.0,665625.0,2,Oriole Park at Camden Yards,day,R
632726,2021-08-26,2021,CIN,MIL,113,158,5,1,6,0,9,0,543243.0,Sonny Gray,474463.0,Brett Anderson,543243.0,474463.0,32,American Family Field,day,R
632724,2021-08-26,2021,CWS,TOR,145,141,10,7,17,0,9,0,607074.0,Carlos Rodón,547943.0,Hyun Jin Ryu,607074.0,547943.0,14,Rogers Centre,day,R
632729,2021-08-26,2021,STL,PIT,138,134,7,11,18,1,9,0,571945.0,Miles Mikolas,656605.0,Mitch Keller,641771.0,650893.0,31,PNC Park,night,R
632746,2021-08-26,2021,ARI,PHI,109,143,8,7,15,0,9,0,668678.0,Zac Gallen,519043.0,Matt Moore,668678.0,519043.0,2681,Citizens Bank Park,night,R
632745,2021-08-26,2021,SF,NYM,137,121,3,2,5,0,9,0,622072.0,Alex Wood,471911.0,Carlos Carrasco,606424.0,607625.0,3289,Citi Field,night,R
632788,2021-08-26,2021,TEX,CLE,140,114,6,10,16,1,9,0,543475.0,Jordan Lyles,656529.0,Sam Hentges,663986.0,543475.0,5,Progressive Field,night,R
632741,2021-08-26,2021,MIN,BOS,142,111,2,12,14,1,9,0,607231.0,John Gant,519242.0,Chris Sale,519242.0,607231.0,3,Fenway Park,night,R
632754,2021-08-26,2021,WSH,MIA,120,146,5,7,12,1,9,0,571578.0,Patrick Corbin,622694.0,Elieser Hernández,622694.0,571578.0,4169,loanDepot park,night,R
632685,2021-08-27,2021,LAD,SD,119,135,4,0,4,0,9,0,453286.0,Max Scherzer,506433.0,Yu Darvish,453286.0,506433.0,2680,Petco Park,night,R
632749,2021-08-27,2021,NYY,OAK,147,133,7,6,13,0,9,0,592791.0,Jameson Taillon,621076.0,James Kaprielian,642528.0,642152.0,10,Oakland Coliseum,night,R
632739,2021-08-27,2021,KC,SEA,118,136,6,4,10,0,9,0,641745.0,Brad Keller,579328.0,Yusei Kikuchi,429722.0,501925.0,680,T-Mobile Park,night,R
632762,2021-08-27,2021,STL,PIT,138,134,4,3,7,0,9,0,457918.0,J.A. Happ,596071.0,Dillon Peters,457918.0,596071.0,31,PNC Park,night,R
632720,2021-08-27,2021,TB,BAL,139,110,6,3,9,0,9,0,663556.0,Shane McClanahan,518774.0,Matt Harvey,663556.0,518774.0,2,Oriole Park at Camden Yards,night,R
632808,2021-08-27,2021,ARI,PHI,109,143,6,7,13,1,11,1,642203.0,Taylor Widener,605400.0,Aaron Nola,660853.0,664199.0,2681,Citizens Bank Park,night,R
632735,2021-08-27,2021,BOS,CLE,111,114,4,3,7,0,9,0,593958.0,Eduardo Rodriguez,663531.0,Logan Allen,593958.0,675916.0,5,Progressive Field,night,R
632800,2021-08-27,2021,WSH,NYM,120,121,2,1,3,0,9,0,502179.0,Paolo Espino,448179.0,Rich Hill,502179.0,448179.0,3289,Citi Field,night,R
632709,2021-08-27,2021,TOR,DET,141,116,1,2,3,1,9,0,571927.0,Steven Matz,666159.0,Matt Manning,542585.0,641835.0,2394,Comerica Park,night,R
632742,2021-08-27,2021,CIN,MIA,113,146,6,0,6,0,9,0,489119.0,Wade Miley,605507.0,Zach Thompson,489119.0,605507.0,4169,loanDepot park,night,R
632732,2021-08-27,2021,SF,ATL,137,144,5,6,11,1,9,0,592332.0,Kevin Gausman,608331.0,Max Fried,621345.0,453265.0,4705,Truist Park,night,R
632734,2021-08-28,2021,HOU,TEX,117,140,5,4,9,0,9,0,543606.0,Jake Odorizzi,657248.0,Glenn Otto Jr.,664208.0,656685.0,5325,Globe Life Field,night,R
632718,2021-08-28,2021,CHC,CWS,112,145,13,17,30,1,9,0,624522.0,Keegan Thompson,572971.0,Dallas Keuchel,625643.0,592716.0,4,Guaranteed Rate Field,night,R
632759,2021-08-28,2021,MIL,MIN,158,142,0,2,2,1,9,0,641778.0,Eric Lauer,452027.0,Andrew Albers,452027.0,641778.0,3312,Target Field,night,R
632782,2021-08-28,2021,SD,LAA,135,108,5,0,5,0,9,0,605397.0,Joe Musgrove,681867.0,Cooper Criswell,605397.0,681867.0,1,Angel Stadium,night,R
632725,2021-08-28,2021,NYY,OAK,147,133,8,2,10,0,9,0,543037.0,Gerrit Cole,640455.0,Sean Manaea,543037.0,640455.0,10,Oakland Coliseum,night,R
632740,2021-08-28,2021,COL,LAD,115,119,4,2,6,0,9,0,607536.0,Kyle Freeland,660813.0,Brusdar Graterol,607536.0,656578.0,22,Dodger Stadium,night,R
632753,2021-08-28,2021,KC,SEA,118,136,8,7,15,0,12,1,663460.0,Kris Bubic,669302.0,Logan Gilbert,622251.0,670990.0,680,T-Mobile Park,night,R
632737,2021-08-28,2021,BOS,CLE,111,114,5,3,8,0,10,1,543135.0,Nathan Eovaldi,615698.0,Cal Quantrill,676477.0,621295.0,5,Progressive Field,day,R
632706,2021-08-28,2021,NYY,OAK,147,133,2,3,5,1,9,0,641482.0,Nestor Cortes,593423.0,Frankie Montas,593423.0,641482.0,10,Oakland Coliseum,day,R
632713,2021-08-28,2021,KC,SEA,118,136,4,2,6,0,9,0,663738.0,Daniel Lynch IV,542881.0,Tyler Anderson,606303.0,542881.0,680,T-Mobile Park,day,R
632712,2021-08-28,2021,ARI,PHI,109,143,0,7,7,1,9,0,650668.0,Humberto Mejía,502043.0,Kyle Gibson,502043.0,650668.0,2681,Citizens Bank Park,night,R
632719,2021-08-28,2021,TOR,DET,141,116,3,2,5,0,10,1,666201.0,Alek Manoah,570632.0,José Ureña,605447.0,608335.0,2394,Comerica Park,night,R
632757,2021-08-28,2021,CIN,MIA,113,146,1,6,7,1,9,0,661269.0,Vladimir Gutierrez,645261.0,Sandy Alcantara,645261.0,661269.0,4169,loanDepot park,night,R
632723,2021-08-28,2021,STL,PIT,138,134,13,0,13,0,9,0,425794.0,Adam Wainwright,643230.0,Steven Brault,425794.0,643230.0,31,PNC Park,night,R
632721,2021-08-28,2021,TB,BAL,139,110,4,3,7,0,9,0,608379.0,Michael Wacha,607644.0,John Means,608638.0,642121.0,2,Oriole Park at Camden Yards,night,R
632702,2021-08-28,2021,HOU,TEX,117,140,5,2,7,0,9,0,664285.0,Framber Valdez,663465.0,Kolby Allard,664285.0,663465.0,5325,Globe Life Field,night,R
632717,2021-08-28,2021,WSH,NYM,120,121,3,5,8,1,9,0,543594.0,Sean Nolin,573186.0,Marcus Stroman,543507.0,607560.0,3289,Citi Field,night,R
632722,2021-08-28,2021,CHC,CWS,112,145,7,0,7,0,9,0,621219.0,Alec Mills,458681.0,Lance Lynn,621219.0,458681.0,4,Guaranteed Rate Field,night,R
632716,2021-08-28,2021,MIL,MIN,158,142,4,6,10,1,9,0,605288.0,Adrian Houser,656212.0,Charlie Barnes,573204.0,605288.0,3312,Target Field,night,R
632733,2021-08-28,2021,SF,ATL,137,144,5,0,5,0,9,0,657277.0,Logan Webb,660623.0,Huascar Ynoa,657277.0,660623.0,4705,Truist Park,night,R
632697,2021-08-29,2021,SD,LAA,135,108,2,10,12,1,9,0,677960.0,Ryan Weathers,660761.0,José Suarez,681806.0,677960.0,1,Angel Stadium,night,R
632707,2021-08-29,2021,COL,LAD,115,119,2,5,7,1,9,0,592351.0,Jon Gray,608349.0,Corey Knebel,595014.0,453268.0,22,Dodger Stadium,night,R
632698,2021-08-29,2021,STL,PIT,138,134,3,4,7,1,9,0,547942.0,Kwang Hyun Kim,640444.0,Wil Crowe,608717.0,621052.0,31,PNC Park,day,R
632736,2021-08-29,2021,TB,BAL,139,110,12,8,20,0,9,0,502042.0,Chris Archer,657093.0,Spenser Watkins,608638.0,657093.0,2,Oriole Park at Camden Yards,day,R
632673,2021-08-29,2021,ARI,PHI,109,143,4,7,11,1,9,0,518516.0,Madison Bumgarner,624133.0,Ranger Suárez,624133.0,518516.0,2681,Citizens Bank Park,day,R
632704,2021-08-29,2021,BOS,CLE,111,114,5,7,12,1,9,0,656557.0,Tanner Houck,669212.0,Eli Morgan,543766.0,656354.0,5,Progressive Field,day,R
632711,2021-08-29,2021,WSH,NYM,120,121,4,9,13,1,9,0,607200.0,Erick Fedde,656731.0,Tylor Megill,656731.0,607200.0,3289,Citi Field,day,R
632750,2021-08-29,2021,TOR,DET,141,116,2,1,3,0,9,0,621244.0,José Berríos,571510.0,Matthew Boyd,621244.0,571510.0,2394,Comerica Park,day,R
632684,2021-08-29,2021,CIN,MIA,113,146,1,2,3,1,9,0,641816.0,Tyler Mahle,666200.0,Jesús Luzardo,666200.0,641816.0,4169,loanDepot park,day,R
632701,2021-08-29,2021,SF,ATL,137,144,0,9,9,1,9,0,543101.0,Anthony DeSclafani,666120.0,Ian Anderson,666120.0,543101.0,4705,Truist Park,day,R
632765,2021-08-29,2021,CHC,CWS,112,145,1,13,14,1,9,0,543294.0,Kyle Hendricks,656302.0,Dylan Cease,656302.0,543294.0,4,Guaranteed Rate Field,day,R
632705,2021-08-29,2021,MIL,MIN,158,142,6,2,8,0,9,0,676879.0,Aaron Ashby,643377.0,Griffin Jax,676879.0,643377.0,3312,Target Field,day,R
632696,2021-08-29,2021,HOU,TEX,117,140,2,13,15,1,9,0,425844.0,Zack Greinke,621368.0,Taylor Hearn,621368.0,425844.0,5325,Globe Life Field,day,R
632714,2021-08-29,2021,COL,LAD,115,119,5,0,5,0,9,0,622608.0,Antonio Senzatela,669952.0,Mitch White,622608.0,669952.0,22,Dodger Stadium,day,R
632693,2021-08-29,2021,KC,SEA,118,136,3,4,7,1,9,0,663903.0,Brady Singer,594835.0,Marco Gonzales,594835.0,676604.0,680,T-Mobile Park,day,R
632700,2021-08-29,2021,NYY,OAK,147,133,1,3,4,1,9,0,656756.0,Jordan Montgomery,621112.0,Paul Blackburn,500610.0,643338.0,10,Oakland Coliseum,day,R
633372,2021-08-30,2021,MIN,DET,142,116,3,2,5,0,9,0,641927.0,Bailey Ober,663554.0,Casey Mize,641927.0,663554.0,2394,Comerica Park,day,R
632692,2021-08-30,2021,STL,CIN,138,113,3,1,4,0,9,0,452657.0,Jon Lester,622491.0,Luis Castillo,452657.0,622491.0,2602,Great American Ball Park,night,R
632691,2021-08-30,2021,PHI,WSH,143,120,7,4,11,0,9,0,554430.0,Zack Wheeler,680686.0,Josiah Gray,554430.0,680686.0,3309,Nationals Park,night,R
632668,2021-08-30,2021,BAL,TOR,110,141,3,7,10,1,9,0,595939.0,Chris Ellis,592662.0,Robbie Ray,592662.0,622253.0,14,Rogers Centre,night,R
632664,2021-08-30,2021,BOS,TB,111,139,1,6,7,1,9,0,601713.0,Nick Pivetta,672715.0,Luis Patiño,672715.0,601713.0,12,Tropicana Field,night,R
632678,2021-08-31,2021,COL,TEX,115,140,3,4,7,1,9,0,608566.0,Germán Márquez,669935.0,A.J. Alexy,669935.0,608566.0,5325,Globe Life Field,night,R
632690,2021-08-31,2021,NYY,LAA,147,108,7,8,15,1,9,0,446372.0,Corey Kluber,594577.0,Mike Mayers,448855.0,593974.0,1,Angel Stadium,night,R
632703,2021-08-31,2021,SD,ARI,135,109,7,5,12,0,9,0,663978.0,Chris Paddack,656457.0,Tyler Gilbert,489334.0,656457.0,15,Chase Field,night,R
632687,2021-08-31,2021,MIL,SF,158,137,3,1,4,0,9,0,669203.0,Corbin Burnes,501625.0,Jose Alvarez,669203.0,501625.0,2395,Oracle Park,night,R
632665,2021-08-31,2021,HOU,SEA,117,136,4,3,7,0,9,0,677651.0,Luis Garcia,623167.0,Chris Flexen,664208.0,501925.0,680,T-Mobile Park,night,R
632674,2021-08-31,2021,ATL,LAD,144,119,3,5,8,1,9,0,592767.0,Drew Smyly,628711.0,Julio Urías,628711.0,592767.0,22,Dodger Stadium,night,R
632192,2021-08-31,2021,MIA,NYM,146,121,5,6,11,1,9,0,622694.0,Elieser Hernández,592836.0,Taijuan Walker,544727.0,571670.0,3289,Citi Field,day,R
632677,2021-08-31,2021,PHI,WSH,143,120,12,6,18,0,9,0,519043.0,Matt Moore,571578.0,Patrick Corbin,663559.0,571578.0,3309,Nationals Park,night,R
632715,2021-08-31,2021,BAL,TOR,110,141,4,2,6,0,9,0,669211.0,Keegan Akin,547943.0,Hyun Jin Ryu,669211.0,547943.0,14,Rogers Centre,night,R
632688,2021-08-31,2021,OAK,DET,133,116,9,3,12,0,9,0,608344.0,Cole Irvin,669373.0,Tarik Skubal,500610.0,669373.0,2394,Comerica Park,night,R
632669,2021-08-31,2021,BOS,TB,111,139,5,8,13,1,9,0,502748.0,Brad Peacock,642232.0,Ryan Yarbrough,642232.0,502748.0,12,Tropicana Field,night,R
632679,2021-08-31,2021,MIA,NYM,146,121,1,3,4,1,7,0,665795.0,Edward Cabrera,592866.0,Trevor Williams,571901.0,665795.0,3289,Citi Field,night,R
632680,2021-09-01,2021,COL,TEX,115,140,3,4,7,1,9,0,596295.0,Austin Gomber,543475.0,Jordan Lyles,543475.0,596295.0,5325,Globe Life Field,night,R
632676,2021-09-01,2021,CLE,KC,114,118,7,2,9,0,9,0,668676.0,Zach Plesac,596001.0,Jakob Junis,668676.0,596001.0,7,Kauffman Stadium,night,R
632694,2021-09-01,2021,CHC,MIN,112,142,3,1,4,0,9,0,605200.0,Zach Davies,607231.0,John Gant,655889.0,607231.0,3312,Target Field,night,R
632683,2021-09-01,2021,PIT,CWS,134,145,2,4,6,1,9,0,669060.0,Bryse Wilson,608337.0,Lucas Giolito,656629.0,669060.0,4,Guaranteed Rate Field,night,R
632675,2021-09-01,2021,NYY,LAA,147,108,4,6,10,1,9,0,592791.0,Jameson Taillon,642545.0,Jaime Barria,623474.0,592791.0,1,Angel Stadium,night,R
632672,2021-09-01,2021,SD,ARI,135,109,3,0,3,0,9,0,605483.0,Blake Snell,668678.0,Zac Gallen,605483.0,668678.0,15,Chase Field,night,R
632682,2021-09-01,2021,MIL,SF,158,137,6,2,8,0,9,0,605540.0,Brandon Woodruff,456501.0,Johnny Cueto,605540.0,456501.0,2395,Oracle Park,night,R
632657,2021-09-01,2021,HOU,SEA,117,136,0,4,4,1,9,0,621121.0,Lance McCullers Jr.,579328.0,Yusei Kikuchi,623149.0,608665.0,680,T-Mobile Park,night,R
632663,2021-09-01,2021,ATL,LAD,144,119,2,3,5,1,9,0,450203.0,Charlie Morton,621111.0,Walker Buehler,595014.0,554431.0,22,Dodger Stadium,night,R
632699,2021-08-31,2021,STL,CIN,138,113,0,0,0,0,9,0,571945.0,Miles Mikolas,543243.0,Sonny Gray,,,2602,Great American Ball Park,night,R
632699,2021-09-01,2021,STL,CIN,138,113,5,4,9,0,7,0,571945.0,Miles Mikolas,489119.0,Wade Miley,650893.0,489119.0,2602,Great American Ball Park,day,R
632731,2021-09-01,2021,STL,CIN,138,113,2,12,14,1,7,0,457918.0,J.A. Happ,543243.0,Sonny Gray,543243.0,457918.0,2602,Great American Ball Park,night,R
632641,2021-09-01,2021,COL,TEX,115,140,9,5,14,0,9,0,607536.0,Kyle Freeland,685503.0,Kohei Arihara,468504.0,669618.0,5325,Globe Life Field,day,R
632681,2021-09-01,2021,SD,ARI,135,109,3,8,11,1,9,0,506433.0,Yu Darvish,596133.0,Luke Weaver,596133.0,506433.0,15,Chase Field,day,R
632648,2021-09-01,2021,HOU,SEA,117,136,0,1,1,1,9,0,543606.0,Jake Odorizzi,669302.0,Logan Gilbert,656954.0,543606.0,680,T-Mobile Park,day,R
632640,2021-09-01,2021,BAL,TOR,110,141,4,5,9,1,9,0,518774.0,Matt Harvey,571927.0,Steven Matz,641835.0,622253.0,14,Rogers Centre,night,R
632655,2021-09-01,2021,NYY,LAA,147,108,4,1,5,0,9,0,543037.0,Gerrit Cole,676050.0,Packy Naughton,543037.0,676050.0,1,Angel Stadium,day,R
632710,2021-09-01,2021,OAK,DET,133,116,6,8,14,1,9,0,621076.0,James Kaprielian,503449.0,Wily Peralta,641729.0,640462.0,2394,Comerica Park,night,R
632653,2021-09-01,2021,BOS,TB,111,139,3,2,5,0,9,0,519242.0,Chris Sale,656876.0,Drew Rasmussen,676477.0,664126.0,12,Tropicana Field,night,R
632662,2021-09-02,2021,CLE,KC,114,118,5,3,8,0,11,1,663531.0,Logan Allen,663804.0,Jackson Kowar,453284.0,429722.0,7,Kauffman Stadium,night,R
632689,2021-09-02,2021,CHC,MIN,112,142,3,0,3,0,9,0,657006.0,Justin Steele,657746.0,Joe Ryan,657006.0,657746.0,3312,Target Field,night,R
632671,2021-09-02,2021,PIT,CWS,134,145,3,6,9,1,9,0,668820.0,Max Kranick,607074.0,Carlos Rodón,607074.0,668820.0,4,Guaranteed Rate Field,night,R
632661,2021-09-02,2021,MIL,SF,158,137,5,2,7,0,9,0,474463.0,Brett Anderson,592332.0,Kevin Gausman,596057.0,608678.0,2395,Oracle Park,night,R
632656,2021-09-02,2021,ATL,LAD,144,119,3,4,7,1,9,0,608331.0,Max Fried,453286.0,Max Scherzer,641360.0,455119.0,22,Dodger Stadium,night,R
632670,2021-09-01,2021,PHI,WSH,143,120,0,0,0,0,9,0,605400.0,Aaron Nola,502179.0,Paolo Espino,,,3309,Nationals Park,night,R
632666,2021-09-01,2021,MIA,NYM,146,121,0,0,0,0,9,0,605507.0,Zach Thompson,471911.0,Carlos Carrasco,,,3289,Citi Field,night,R
632670,2021-09-02,2021,PHI,WSH,143,120,7,6,13,0,9,0,605400.0,Aaron Nola,502179.0,Paolo Espino,656322.0,600921.0,3309,Nationals Park,day,R
632686,2021-09-02,2021,OAK,DET,133,116,8,6,14,0,9,0,593423.0,Frankie Montas,666159.0,Matt Manning,593423.0,666159.0,2394,Comerica Park,day,R
632659,2021-09-02,2021,MIL,SF,158,137,1,5,6,1,9,0,641778.0,Eric Lauer,657277.0,Logan Webb,643511.0,642207.0,2395,Oracle Park,day,R
632630,2021-09-02,2021,BOS,TB,111,139,4,0,4,0,9,0,593958.0,Eduardo Rodriguez,663556.0,Shane McClanahan,593958.0,663556.0,12,Tropicana Field,night,R
632650,2021-09-02,2021,MIA,NYM,146,121,3,4,7,1,9,0,645261.0,Sandy Alcantara,471911.0,Carlos Carrasco,544727.0,645261.0,3289,Citi Field,night,R
632646,2021-09-03,2021,PIT,CHC,134,112,5,6,11,1,11,1,656605.0,Mitch Keller,624522.0,Keegan Thompson,676051.0,607572.0,17,Wrigley Field,night,R
632635,2021-09-03,2021,CLE,KC,114,118,4,2,6,0,9,0,663474.0,Triston McKenzie,501985.0,Mike Minor,663474.0,501985.0,7,Kauffman Stadium,night,R
632695,2021-09-03,2021,ATL,COL,144,115,6,5,11,0,9,0,657053.0,Touki Toussaint,592346.0,Chi Chi González,657097.0,622075.0,19,Coors Field,night,R
632660,2021-09-03,2021,PIT,CHC,134,112,5,6,11,1,9,0,643230.0,Steven Brault,621219.0,Alec Mills,656730.0,571946.0,17,Wrigley Field,day,R
632617,2021-09-03,2021,NYM,WSH,121,120,6,2,8,0,10,1,448179.0,Rich Hill,543594.0,Sean Nolin,621242.0,608723.0,3309,Nationals Park,night,R
632642,2021-09-03,2021,BAL,NYY,110,147,3,4,7,1,11,1,607644.0,John Means,641482.0,Nestor Cortes,605280.0,622253.0,3313,Yankee Stadium,night,R
632629,2021-09-03,2021,OAK,TOR,133,141,10,11,21,1,9,0,640455.0,Sean Manaea,666201.0,Alek Manoah,605447.0,489265.0,14,Rogers Centre,night,R
632639,2021-09-03,2021,CLE,BOS,114,111,5,8,13,1,9,0,615698.0,Cal Quantrill,543135.0,Nathan Eovaldi,493603.0,615698.0,3,Fenway Park,night,R
632654,2021-09-03,2021,DET,CIN,116,113,15,5,20,0,9,0,641302.0,Tyler Alexander,661269.0,Vladimir Gutierrez,502706.0,661269.0,2602,Great American Ball Park,night,R
632627,2021-09-03,2021,MIN,TB,142,139,3,5,8,1,9,0,677976.0,Randy Dobnak,608379.0,Michael Wacha,608379.0,677976.0,12,Tropicana Field,night,R
632621,2021-09-03,2021,PHI,MIA,143,146,3,10,13,1,9,0,502043.0,Kyle Gibson,666200.0,Jesús Luzardo,595345.0,502043.0,4169,loanDepot park,night,R
632633,2021-09-04,2021,CWS,KC,145,118,2,7,9,1,9,0,572971.0,Dallas Keuchel,672578.0,Carlos Hernández,672578.0,572971.0,7,Kauffman Stadium,night,R
632638,2021-09-04,2021,STL,MIL,138,158,15,4,19,0,9,0,425794.0,Adam Wainwright,642547.0,Freddy Peralta,425794.0,642547.0,32,American Family Field,night,R
632644,2021-09-04,2021,ATL,COL,144,115,3,4,7,1,9,0,660623.0,Huascar Ynoa,622608.0,Antonio Senzatela,622608.0,660623.0,19,Coors Field,night,R
632632,2021-09-04,2021,TEX,LAA,140,108,2,3,5,1,9,0,657248.0,Glenn Otto Jr.,660271.0,Shohei Ohtani,660271.0,642701.0,1,Angel Stadium,night,R
632708,2021-09-04,2021,SEA,ARI,136,109,6,5,11,0,10,1,542881.0,Tyler Anderson,518516.0,Madison Bumgarner,656954.0,664199.0,15,Chase Field,night,R
632645,2021-09-04,2021,LAD,SF,119,137,2,3,5,1,11,1,608349.0,Corey Knebel,543101.0,Anthony DeSclafani,606424.0,623465.0,2395,Oracle Park,night,R
632651,2021-09-04,2021,HOU,SD,117,135,6,3,9,0,9,0,664353.0,José Urquidy,453562.0,Jake Arrieta,642130.0,641941.0,2680,Petco Park,night,R
634556,2021-09-04,2021,NYM,WSH,121,120,11,9,20,0,9,0,573186.0,Marcus Stroman,607200.0,Erick Fedde,543507.0,640448.0,3309,Nationals Park,day,R
632611,2021-09-04,2021,NYM,WSH,121,120,3,4,7,1,7,0,656731.0,Tylor Megill,642028.0,Josh Rogers,642028.0,656731.0,3309,Nationals Park,night,R
632622,2021-09-04,2021,BAL,NYY,110,147,4,3,7,0,9,0,595939.0,Chris Ellis,656756.0,Jordan Montgomery,642121.0,547973.0,3313,Yankee Stadium,day,R
632624,2021-09-04,2021,PIT,CHC,134,112,6,7,13,1,9,0,664141.0,JT Brubaker,543294.0,Kyle Hendricks,664123.0,608717.0,17,Wrigley Field,day,R
632616,2021-09-04,2021,OAK,TOR,133,141,8,10,18,1,9,0,621112.0,Paul Blackburn,621244.0,José Berríos,621244.0,621112.0,14,Rogers Centre,day,R
632600,2021-09-04,2021,MIN,TB,142,139,4,11,15,1,9,0,452027.0,Andrew Albers,502042.0,Chris Archer,502042.0,452027.0,12,Tropicana Field,day,R
632634,2021-09-04,2021,CLE,BOS,114,111,3,4,7,1,9,0,669212.0,Eli Morgan,656557.0,Tanner Houck,493603.0,543766.0,3,Fenway Park,day,R
632626,2021-09-04,2021,PHI,MIA,143,146,2,3,5,1,9,0,624133.0,Ranger Suárez,669432.0,Trevor Rogers,542914.0,605151.0,4169,loanDepot park,night,R
632649,2021-09-04,2021,DET,CIN,116,113,4,7,11,1,9,0,571510.0,Matthew Boyd,641816.0,Tyler Mahle,641816.0,571510.0,2602,Great American Ball Park,night,R
632652,2021-09-04,2021,CWS,KC,145,118,10,7,17,0,9,0,625643.0,Reynaldo López,663738.0,Daniel Lynch IV,518886.0,663738.0,7,Kauffman Stadium,night,R
632667,2021-09-04,2021,STL,MIL,138,158,0,4,4,1,9,0,547942.0,Kwang Hyun Kim,605288.0,Adrian Houser,605288.0,547942.0,32,American Family Field,night,R
632623,2021-09-05,2021,SEA,ARI,136,109,8,5,13,0,9,0,594835.0,Marco Gonzales,528748.0,Humberto Castellanos,594835.0,592761.0,15,Chase Field,night,R
632615,2021-09-05,2021,ATL,COL,144,115,6,7,13,1,9,0,666120.0,Ian Anderson,608566.0,Germán Márquez,641755.0,621345.0,19,Coors Field,night,R
632612,2021-09-05,2021,HOU,SD,117,135,2,10,12,1,9,0,664285.0,Framber Valdez,605397.0,Joe Musgrove,605397.0,664285.0,2680,Petco Park,night,R
632636,2021-09-05,2021,LAD,SF,119,137,6,1,7,0,9,0,628711.0,Julio Urías,543351.0,Jay Jackson,628711.0,543351.0,2395,Oracle Park,night,R
632625,2021-09-05,2021,TEX,LAA,140,108,1,4,5,1,9,0,663465.0,Kolby Allard,660761.0,José Suarez,660761.0,663465.0,1,Angel Stadium,night,R
632598,2021-09-05,2021,NYM,WSH,121,120,13,6,19,0,9,0,592836.0,Taijuan Walker,680686.0,Josiah Gray,571901.0,600921.0,3309,Nationals Park,day,R
632582,2021-09-05,2021,BAL,NYY,110,147,8,7,15,0,9,0,669211.0,Keegan Akin,446372.0,Corey Kluber,650959.0,571760.0,3313,Yankee Stadium,day,R
632607,2021-09-05,2021,OAK,TOR,133,141,0,8,8,1,9,0,608344.0,Cole Irvin,592662.0,Robbie Ray,592662.0,608344.0,14,Rogers Centre,day,R
632592,2021-09-05,2021,CLE,BOS,114,111,11,5,16,0,9,0,668676.0,Zach Plesac,676710.0,Kutter Crawford,668676.0,676710.0,3,Fenway Park,day,R
632618,2021-09-05,2021,DET,CIN,116,113,4,1,5,0,9,0,663554.0,Casey Mize,622491.0,Luis Castillo,570632.0,622491.0,2602,Great American Ball Park,day,R
632605,2021-09-05,2021,MIN,TB,142,139,6,5,11,0,9,0,643377.0,Griffin Jax,672715.0,Luis Patiño,608648.0,552640.0,12,Tropicana Field,day,R
632602,2021-09-05,2021,PHI,MIA,143,146,4,3,7,0,10,1,656322.0,Sam Coonrod,622694.0,Elieser Hernández,453178.0,571670.0,4169,loanDepot park,day,R
632614,2021-09-05,2021,CWS,KC,145,118,0,6,6,1,9,0,656302.0,Dylan Cease,663903.0,Brady Singer,663903.0,656302.0,7,Kauffman Stadium,day,R
632610,2021-09-05,2021,STL,MIL,138,158,5,6,11,1,9,0,452657.0,Jon Lester,669203.0,Corbin Burnes,667376.0,621052.0,32,American Family Field,day,R
632613,2021-09-05,2021,PIT,CHC,134,112,8,11,19,1,9,0,640444.0,Wil Crowe,605200.0,Zach Davies,640470.0,607572.0,17,Wrigley Field,day,R
632606,2021-09-05,2021,ATL,COL,144,115,9,2,11,0,9,0,450203.0,Charlie Morton,663372.0,Ryan Feltner,450203.0,663372.0,19,Coors Field,day,R
632619,2021-09-05,2021,TEX,LAA,140,108,7,3,10,0,9,0,621368.0,Taylor Hearn,676083.0,Janson Junk,621368.0,676083.0,1,Angel Stadium,day,R
632647,2021-09-05,2021,HOU,SD,117,135,3,4,7,1,9,0,677651.0,Luis Garcia,663978.0,Chris Paddack,453343.0,592773.0,2680,Petco Park,day,R
632601,2021-09-05,2021,SEA,ARI,136,109,10,4,14,0,11,1,623167.0,Chris Flexen,656457.0,Tyler Gilbert,670990.0,664199.0,15,Chase Field,day,R
632599,2021-09-05,2021,LAD,SF,119,137,4,6,10,1,9,0,621111.0,Walker Buehler,608678.0,Dominic Leone,641793.0,621111.0,2395,Oracle Park,day,R
632658,2021-09-06,2021,KC,BAL,118,110,3,2,5,0,9,0,663460.0,Kris Bubic,675912.0,Zac Lowther,593619.0,642121.0,2,Oriole Park at Camden Yards,day,R
632604,2021-09-06,2021,NYM,WSH,121,120,3,4,7,1,9,0,592866.0,Trevor Williams,571578.0,Patrick Corbin,640448.0,621242.0,3309,Nationals Park,day,R
632593,2021-09-06,2021,TOR,NYY,141,147,8,0,8,0,9,0,547943.0,Hyun Jin Ryu,592791.0,Jameson Taillon,547943.0,592791.0,3313,Yankee Stadium,day,R
632603,2021-09-06,2021,TB,BOS,139,111,11,10,21,0,10,1,642232.0,Ryan Yarbrough,519242.0,Chris Sale,543521.0,676477.0,3,Fenway Park,day,R
632585,2021-09-06,2021,DET,PIT,116,134,3,6,9,1,9,0,669373.0,Tarik Skubal,669060.0,Bryse Wilson,592741.0,608335.0,31,PNC Park,day,R
632584,2021-09-06,2021,PHI,MIL,143,158,12,0,12,0,9,0,554430.0,Zack Wheeler,605540.0,Brandon Woodruff,554430.0,605540.0,32,American Family Field,day,R
632597,2021-09-06,2021,CIN,CHC,113,112,3,4,7,1,9,0,543243.0,Sonny Gray,657006.0,Justin Steele,664123.0,547179.0,17,Wrigley Field,day,R
632608,2021-09-06,2021,SF,COL,137,115,10,5,15,0,9,0,592332.0,Kevin Gausman,607536.0,Kyle Freeland,592332.0,607536.0,19,Coors Field,day,R
632628,2021-09-06,2021,LAD,STL,119,138,5,1,6,0,9,0,453286.0,Max Scherzer,571945.0,Miles Mikolas,453286.0,571945.0,2889,Busch Stadium,day,R
632591,2021-09-06,2021,MIN,CLE,142,114,5,2,7,0,9,0,641927.0,Bailey Ober,663531.0,Logan Allen,501381.0,663531.0,5,Progressive Field,night,R
632596,2021-09-06,2021,SEA,HOU,136,117,2,11,13,1,9,0,579328.0,Yusei Kikuchi,621121.0,Lance McCullers Jr.,621121.0,579328.0,2392,Minute Maid Park,night,R
632620,2021-09-07,2021,TEX,LAA,140,108,4,0,4,0,9,0,669935.0,A.J. Alexy,642545.0,Jaime Barria,669935.0,642545.0,1,Angel Stadium,night,R
632586,2021-09-07,2021,MIN,CLE,142,114,3,0,3,0,9,0,607231.0,John Gant,650644.0,Aaron Civale,607231.0,650644.0,5,Progressive Field,night,R
632560,2021-09-07,2021,DET,PIT,116,134,2,3,5,1,9,0,503449.0,Wily Peralta,596071.0,Dillon Peters,607572.0,656638.0,31,PNC Park,night,R
632572,2021-09-07,2021,NYM,MIA,121,146,9,4,13,0,9,0,471911.0,Carlos Carrasco,665795.0,Edward Cabrera,471911.0,669294.0,4169,loanDepot park,night,R
632594,2021-09-07,2021,KC,BAL,118,110,3,7,10,1,9,0,663804.0,Jackson Kowar,649144.0,Alex Wells,657508.0,663804.0,2,Oriole Park at Camden Yards,night,R
632577,2021-09-07,2021,TOR,NYY,141,147,5,1,6,0,9,0,571927.0,Steven Matz,543037.0,Gerrit Cole,571927.0,543037.0,3313,Yankee Stadium,night,R
632588,2021-09-07,2021,TB,BOS,139,111,12,7,19,0,9,0,656876.0,Drew Rasmussen,593958.0,Eduardo Rodriguez,656876.0,593958.0,3,Fenway Park,night,R
632583,2021-09-07,2021,WSH,ATL,120,144,5,8,13,1,9,0,502179.0,Paolo Espino,608331.0,Max Fried,592426.0,607560.0,4705,Truist Park,night,R
632637,2021-09-07,2021,CIN,CHC,113,112,4,3,7,0,9,0,489119.0,Wade Miley,592716.0,Adrian Sampson,489119.0,592716.0,17,Wrigley Field,night,R
632569,2021-09-07,2021,PHI,MIL,143,158,0,10,10,1,9,0,605400.0,Aaron Nola,641778.0,Eric Lauer,641778.0,605400.0,32,American Family Field,night,R
632558,2021-09-07,2021,LAD,STL,119,138,7,2,9,0,9,0,608349.0,Corey Knebel,457918.0,J.A. Happ,681911.0,457918.0,2889,Busch Stadium,night,R
632590,2021-09-08,2021,SEA,HOU,136,117,4,5,9,1,10,1,669302.0,Logan Gilbert,543606.0,Jake Odorizzi,592773.0,670990.0,2392,Minute Maid Park,night,R
632587,2021-09-08,2021,SF,COL,137,115,12,3,15,0,9,0,657277.0,Logan Webb,592346.0,Chi Chi González,657277.0,592346.0,19,Coors Field,night,R
632595,2021-09-08,2021,TEX,ARI,140,109,3,1,4,0,9,0,675921.0,Spencer Howard,668678.0,Zac Gallen,543475.0,668678.0,15,Chase Field,night,R
632578,2021-09-08,2021,CWS,OAK,145,133,6,3,9,0,9,0,669424.0,Jimmy Lambert,621076.0,James Kaprielian,669424.0,640462.0,10,Oakland Coliseum,night,R
632581,2021-09-08,2021,LAA,SD,108,135,4,0,4,0,9,0,676050.0,Packy Naughton,605483.0,Blake Snell,623474.0,605483.0,2680,Petco Park,night,R
632580,2021-09-08,2021,SEA,HOU,136,117,8,5,13,0,9,0,542881.0,Tyler Anderson,664353.0,José Urquidy,650895.0,519151.0,2392,Minute Maid Park,day,R
632589,2021-09-08,2021,SF,COL,137,115,7,4,11,0,9,0,543101.0,Anthony DeSclafani,592351.0,Jon Gray,643511.0,608032.0,19,Coors Field,day,R
632573,2021-09-08,2021,TEX,ARI,140,109,8,5,13,0,9,0,685503.0,Kohei Arihara,596133.0,Luke Weaver,605194.0,596133.0,15,Chase Field,day,R
632579,2021-09-08,2021,MIN,CLE,142,114,3,0,3,0,9,0,657746.0,Joe Ryan,663474.0,Triston McKenzie,657746.0,663474.0,5,Progressive Field,night,R
632609,2021-09-08,2021,DET,PIT,116,134,5,1,6,0,9,0,666159.0,Matt Manning,656605.0,Mitch Keller,571800.0,656605.0,31,PNC Park,night,R
632574,2021-09-08,2021,NYM,MIA,121,146,1,2,3,1,10,1,448179.0,Rich Hill,645261.0,Sandy Alcantara,669622.0,621242.0,4169,loanDepot park,night,R
632576,2021-09-08,2021,KC,BAL,118,110,8,9,17,1,9,0,501985.0,Mike Minor,518774.0,Matt Harvey,518435.0,622251.0,2,Oriole Park at Camden Yards,night,R
632567,2021-09-08,2021,TOR,NYY,141,147,6,3,9,0,9,0,666201.0,Alek Manoah,661563.0,Luis Gil,670950.0,605280.0,3313,Yankee Stadium,night,R
632575,2021-09-08,2021,TB,BOS,139,111,1,2,3,1,9,0,663556.0,Shane McClanahan,543135.0,Nathan Eovaldi,572070.0,608638.0,3,Fenway Park,night,R
632554,2021-09-08,2021,WSH,ATL,120,144,4,2,6,0,9,0,543594.0,Sean Nolin,657053.0,Touki Toussaint,608723.0,593144.0,4705,Truist Park,night,R
632566,2021-09-08,2021,CIN,CHC,113,112,1,4,5,1,10,1,661269.0,Vladimir Gutierrez,621219.0,Alec Mills,676051.0,542960.0,17,Wrigley Field,night,R
632565,2021-09-08,2021,PHI,MIL,143,158,3,4,7,1,9,0,502043.0,Kyle Gibson,642547.0,Freddy Peralta,676879.0,641401.0,32,American Family Field,night,R
632643,2021-09-08,2021,LAD,STL,119,138,4,5,9,1,9,0,669952.0,Mitch White,425794.0,Adam Wainwright,425794.0,669952.0,2889,Busch Stadium,night,R
632631,2021-09-09,2021,LAA,SD,108,135,5,8,13,1,9,0,594577.0,Mike Mayers,506433.0,Yu Darvish,506433.0,594577.0,2680,Petco Park,night,R
632545,2021-09-09,2021,CWS,OAK,145,133,1,5,6,1,9,0,572971.0,Dallas Keuchel,593423.0,Frankie Montas,593423.0,572971.0,10,Oakland Coliseum,night,R
632564,2021-09-09,2021,LAD,STL,119,138,1,2,3,1,9,0,664062.0,Tony Gonsolin,663765.0,Jake Woodford,621052.0,641360.0,2889,Busch Stadium,day,R
632562,2021-09-09,2021,CWS,OAK,145,133,1,3,4,1,9,0,625643.0,Reynaldo López,640455.0,Sean Manaea,640455.0,625643.0,10,Oakland Coliseum,day,R
632561,2021-09-09,2021,MIN,CLE,142,114,1,4,5,1,9,0,452027.0,Andrew Albers,615698.0,Cal Quantrill,615698.0,452027.0,5,Progressive Field,night,R
632536,2021-09-09,2021,NYM,MIA,121,146,2,3,5,1,9,0,573186.0,Marcus Stroman,666200.0,Jesús Luzardo,542947.0,544727.0,4169,loanDepot park,night,R
632556,2021-09-09,2021,KC,BAL,118,110,6,0,6,0,9,0,672578.0,Carlos Hernández,607644.0,John Means,672578.0,607644.0,2,Oriole Park at Camden Yards,night,R
632548,2021-09-09,2021,COL,PHI,115,143,4,3,7,0,9,0,622608.0,Antonio Senzatela,624133.0,Ranger Suárez,656458.0,453178.0,2681,Citizens Bank Park,night,R
632546,2021-09-09,2021,TOR,NYY,141,147,6,4,10,0,9,0,621244.0,José Berríos,641482.0,Nestor Cortes,621244.0,607219.0,3313,Yankee Stadium,night,R
632570,2021-09-09,2021,WSH,ATL,120,144,6,7,13,1,10,1,607200.0,Erick Fedde,660623.0,Huascar Ynoa,657097.0,593833.0,4705,Truist Park,night,R
632550,2021-09-10,2021,SF,CHC,137,112,6,1,7,0,9,0,608678.0,Dominic Leone,543294.0,Kyle Hendricks,666808.0,656730.0,17,Wrigley Field,day,R
632555,2021-09-10,2021,WSH,PIT,120,134,3,4,7,1,9,0,642028.0,Josh Rogers,643230.0,Steven Brault,641771.0,641907.0,31,PNC Park,night,R
632563,2021-09-10,2021,TOR,BAL,141,110,3,6,9,1,9,0,592662.0,Robbie Ray,595939.0,Chris Ellis,641632.0,657240.0,2,Oriole Park at Camden Yards,night,R
632537,2021-09-10,2021,COL,PHI,115,143,11,2,13,0,9,0,608566.0,Germán Márquez,656322.0,Sam Coonrod,608566.0,663559.0,2681,Citizens Bank Park,night,R
632543,2021-09-10,2021,TB,DET,139,116,4,10,14,1,9,0,608379.0,Michael Wacha,641302.0,Tyler Alexander,542585.0,664126.0,2394,Comerica Park,night,R
632552,2021-09-10,2021,NYY,NYM,147,121,3,10,13,1,9,0,656756.0,Jordan Montgomery,656731.0,Tylor Megill,656731.0,656756.0,3289,Citi Field,night,R
632557,2021-09-10,2021,MIL,CLE,158,114,10,3,13,0,9,0,605288.0,Adrian Houser,669212.0,Eli Morgan,605288.0,669212.0,5,Progressive Field,night,R
632571,2021-09-10,2021,MIA,ATL,146,144,2,6,8,1,9,0,669432.0,Trevor Rogers,666120.0,Ian Anderson,666120.0,669432.0,4705,Truist Park,night,R
632549,2021-09-11,2021,LAA,HOU,108,117,5,10,15,1,9,0,660271.0,Shohei Ohtani,664285.0,Framber Valdez,664285.0,660271.0,2392,Minute Maid Park,night,R
632541,2021-09-11,2021,KC,MIN,118,142,6,4,10,0,11,1,663738.0,Daniel Lynch IV,643377.0,Griffin Jax,429722.0,573668.0,3312,Target Field,night,R
632559,2021-09-11,2021,BOS,CWS,111,145,3,4,7,1,9,0,656557.0,Tanner Houck,607074.0,Carlos Rodón,607074.0,656557.0,4,Guaranteed Rate Field,night,R
632534,2021-09-11,2021,CIN,STL,113,138,4,2,6,0,9,0,641816.0,Tyler Mahle,452657.0,Jon Lester,547179.0,519008.0,2889,Busch Stadium,night,R
632544,2021-09-11,2021,TEX,OAK,140,133,5,10,15,1,9,0,657248.0,Glenn Otto Jr.,621112.0,Paul Blackburn,500610.0,657248.0,10,Oakland Coliseum,night,R
632542,2021-09-11,2021,SD,LAD,135,119,0,3,3,1,9,0,605397.0,Joe Musgrove,628711.0,Julio Urías,628711.0,605397.0,22,Dodger Stadium,night,R
632528,2021-09-11,2021,ARI,SEA,109,136,4,5,9,1,9,0,518516.0,Madison Bumgarner,594835.0,Marco Gonzales,594835.0,518516.0,680,T-Mobile Park,night,R
632547,2021-09-11,2021,SF,CHC,137,112,15,4,19,0,9,0,592332.0,Kevin Gausman,605200.0,Zach Davies,592332.0,605200.0,17,Wrigley Field,day,R
632535,2021-09-11,2021,TEX,OAK,140,133,8,6,14,0,9,0,605138.0,Wes Benjamin,608344.0,Cole Irvin,656685.0,605177.0,10,Oakland Coliseum,day,R
632539,2021-09-11,2021,TOR,BAL,141,110,11,10,21,0,7,0,547943.0,Hyun Jin Ryu,665152.0,Dean Kremer,663878.0,669330.0,2,Oriole Park at Camden Yards,night,R
633331,2021-09-11,2021,TOR,BAL,141,110,11,2,13,0,7,0,641672.0,Thomas Hatch,669211.0,Keegan Akin,670950.0,669211.0,2,Oriole Park at Camden Yards,night,R
632540,2021-09-11,2021,COL,PHI,115,143,1,6,7,1,9,0,607536.0,Kyle Freeland,554430.0,Zack Wheeler,554430.0,607536.0,2681,Citizens Bank Park,night,R
632515,2021-09-11,2021,TB,DET,139,116,7,2,9,0,9,0,502042.0,Chris Archer,663554.0,Casey Mize,608650.0,663554.0,2394,Comerica Park,night,R
632533,2021-09-11,2021,MIL,CLE,158,114,3,0,3,0,9,0,669203.0,Corbin Burnes,668676.0,Zach Plesac,669203.0,668676.0,5,Progressive Field,night,R
632501,2021-09-11,2021,WSH,PIT,120,134,7,10,17,1,9,0,680686.0,Josiah Gray,640444.0,Wil Crowe,664918.0,593604.0,31,PNC Park,night,R
632529,2021-09-11,2021,LAA,HOU,108,117,4,2,6,0,9,0,660761.0,José Suarez,677651.0,Luis Garcia,660761.0,677651.0,2392,Minute Maid Park,night,R
632527,2021-09-11,2021,KC,MIN,118,142,2,9,11,1,9,0,663903.0,Brady Singer,501381.0,Michael Pineda,501381.0,663903.0,3312,Target Field,night,R
632531,2021-09-11,2021,BOS,CWS,111,145,9,8,17,0,10,1,657756.0,Connor Seabold,656302.0,Dylan Cease,676477.0,605541.0,4,Guaranteed Rate Field,night,R
632525,2021-09-11,2021,CIN,STL,113,138,4,6,10,1,9,0,622491.0,Luis Castillo,571945.0,Miles Mikolas,621052.0,608371.0,2889,Busch Stadium,night,R
632538,2021-09-11,2021,MIA,ATL,146,144,6,4,10,0,9,0,622694.0,Elieser Hernández,450203.0,Charlie Morton,542914.0,593144.0,4705,Truist Park,night,R
632551,2021-09-11,2021,NYY,NYM,147,121,8,7,15,0,9,0,446372.0,Corey Kluber,592836.0,Taijuan Walker,605280.0,543507.0,3289,Citi Field,night,R
632530,2021-09-12,2021,SD,LAD,135,119,4,5,9,1,9,0,663978.0,Chris Paddack,621111.0,Walker Buehler,621111.0,663978.0,22,Dodger Stadium,night,R
632517,2021-09-12,2021,ARI,SEA,109,136,7,3,10,0,9,0,528748.0,Humberto Castellanos,623167.0,Chris Flexen,528748.0,623167.0,680,T-Mobile Park,night,R
632512,2021-09-12,2021,TB,DET,139,116,7,8,15,1,11,1,672715.0,Luis Patiño,669373.0,Tarik Skubal,608335.0,656420.0,2394,Comerica Park,day,R
632526,2021-09-12,2021,WSH,PIT,120,134,6,2,8,0,9,0,571578.0,Patrick Corbin,669060.0,Bryse Wilson,571578.0,669060.0,31,PNC Park,day,R
632498,2021-09-12,2021,TOR,BAL,141,110,22,7,29,0,9,0,571927.0,Steven Matz,675912.0,Zac Lowther,571927.0,675912.0,2,Oriole Park at Camden Yards,day,R
632514,2021-09-12,2021,COL,PHI,115,143,5,4,9,0,9,0,663372.0,Ryan Feltner,605400.0,Aaron Nola,623485.0,593576.0,2681,Citizens Bank Park,day,R
632510,2021-09-12,2021,MIL,CLE,158,114,11,1,12,0,9,0,641778.0,Eric Lauer,650644.0,Aaron Civale,641778.0,650644.0,5,Progressive Field,day,R
632523,2021-09-12,2021,MIA,ATL,146,144,3,5,8,1,9,0,665795.0,Edward Cabrera,608331.0,Max Fried,657097.0,542914.0,4705,Truist Park,day,R
632532,2021-09-12,2021,LAA,HOU,108,117,1,3,4,1,9,0,642545.0,Jaime Barria,621121.0,Lance McCullers Jr.,621121.0,650671.0,2392,Minute Maid Park,day,R
632519,2021-09-12,2021,KC,MIN,118,142,5,3,8,0,9,0,663460.0,Kris Bubic,641927.0,Bailey Ober,641394.0,660896.0,3312,Target Field,day,R
632513,2021-09-12,2021,BOS,CWS,111,145,1,2,3,1,9,0,601713.0,Nick Pivetta,458681.0,Lance Lynn,518886.0,676477.0,4,Guaranteed Rate Field,day,R
632516,2021-09-12,2021,CIN,STL,113,138,0,2,2,1,9,0,543243.0,Sonny Gray,457918.0,J.A. Happ,457918.0,543243.0,2889,Busch Stadium,day,R
632508,2021-09-12,2021,SF,CHC,137,112,6,5,11,0,9,0,657277.0,Logan Webb,657006.0,Justin Steele,657277.0,657006.0,17,Wrigley Field,day,R
632553,2021-09-12,2021,TEX,OAK,140,133,4,3,7,0,9,0,621368.0,Taylor Hearn,621076.0,James Kaprielian,621368.0,621076.0,10,Oakland Coliseum,day,R
632568,2021-09-12,2021,SD,LAD,135,119,0,8,8,1,9,0,605483.0,Blake Snell,453286.0,Max Scherzer,453286.0,659275.0,22,Dodger Stadium,day,R
632524,2021-09-12,2021,ARI,SEA,109,136,5,4,9,0,9,0,656457.0,Tyler Gilbert,579328.0,Yusei Kikuchi,656457.0,664948.0,680,T-Mobile Park,day,R
632522,2021-09-13,2021,NYY,NYM,147,121,6,7,13,1,9,0,657376.0,Clarke Schmidt,471911.0,Carlos Carrasco,607625.0,643338.0,3289,Citi Field,night,R
632730,2021-09-13,2021,MIN,NYY,142,147,5,6,11,1,10,1,607231.0,John Gant,661563.0,Luis Gil,605280.0,621248.0,3313,Yankee Stadium,day,R
632518,2021-09-13,2021,MIA,WSH,146,120,3,0,3,0,9,0,645261.0,Sandy Alcantara,502179.0,Paolo Espino,645261.0,502179.0,3309,Nationals Park,night,R
632489,2021-09-13,2021,TB,TOR,139,141,1,8,9,1,9,0,543521.0,Collin McHugh,666201.0,Alek Manoah,666201.0,642232.0,14,Rogers Centre,night,R
632478,2021-09-13,2021,STL,NYM,138,121,7,0,7,0,9,0,425794.0,Adam Wainwright,448179.0,Rich Hill,425794.0,448179.0,3289,Citi Field,night,R
632502,2021-09-14,2021,HOU,TEX,117,140,15,1,16,0,9,0,543606.0,Jake Odorizzi,675921.0,Spencer Howard,664299.0,675921.0,5325,Globe Life Field,night,R
632520,2021-09-14,2021,SD,SF,135,137,1,9,10,1,9,0,506433.0,Yu Darvish,608678.0,Dominic Leone,641793.0,506433.0,2395,Oracle Park,night,R
632509,2021-09-14,2021,ARI,LAD,109,119,1,5,6,1,9,0,668678.0,Zac Gallen,477132.0,Clayton Kershaw,641360.0,668678.0,22,Dodger Stadium,night,R
632507,2021-09-14,2021,BOS,SEA,111,136,4,5,9,1,9,0,593958.0,Eduardo Rodriguez,669302.0,Logan Gilbert,650895.0,518489.0,680,T-Mobile Park,night,R
633581,2021-09-14,2021,CLE,MIN,114,142,3,1,4,0,7,0,663474.0,Triston McKenzie,657746.0,Joe Ryan,663474.0,543056.0,3312,Target Field,day,R
632493,2021-09-14,2021,CLE,MIN,114,142,3,6,9,1,7,0,663531.0,Logan Allen,656212.0,Charlie Barnes,607457.0,663531.0,3312,Target Field,night,R
632503,2021-09-14,2021,CIN,PIT,113,134,5,6,11,1,9,0,489119.0,Wade Miley,596071.0,Dillon Peters,596071.0,489119.0,31,PNC Park,night,R
632499,2021-09-14,2021,MIL,DET,158,116,0,1,1,1,11,1,642547.0,Freddy Peralta,503449.0,Wily Peralta,650530.0,519326.0,2394,Comerica Park,night,R
632495,2021-09-14,2021,CHC,PHI,112,143,6,3,9,0,9,0,592716.0,Adrian Sampson,502043.0,Kyle Gibson,592716.0,502043.0,2681,Citizens Bank Park,night,R
632496,2021-09-14,2021,MIA,WSH,146,120,2,8,10,1,9,0,666200.0,Jesús Luzardo,607200.0,Erick Fedde,607200.0,666200.0,3309,Nationals Park,night,R
632500,2021-09-14,2021,NYY,BAL,147,110,7,2,9,0,9,0,543037.0,Gerrit Cole,649144.0,Alex Wells,543037.0,649144.0,2,Oriole Park at Camden Yards,night,R
632497,2021-09-14,2021,TB,TOR,139,141,2,0,2,0,9,0,656876.0,Drew Rasmussen,621244.0,José Berríos,656876.0,621244.0,14,Rogers Centre,night,R
632492,2021-09-14,2021,STL,NYM,138,121,7,6,13,0,11,1,663765.0,Jake Woodford,573186.0,Marcus Stroman,621052.0,596082.0,3289,Citi Field,night,R
632504,2021-09-14,2021,COL,ATL,115,144,5,4,9,0,9,0,592351.0,Jon Gray,657053.0,Touki Toussaint,592351.0,657053.0,4705,Truist Park,night,R
632482,2021-09-15,2021,HOU,TEX,117,140,1,8,9,1,9,0,425844.0,Zack Greinke,543475.0,Jordan Lyles,543475.0,425844.0,5325,Globe Life Field,night,R
632511,2021-09-15,2021,OAK,KC,133,118,7,10,17,1,9,0,593423.0,Frankie Montas,663804.0,Jackson Kowar,641394.0,433589.0,7,Kauffman Stadium,night,R
632506,2021-09-15,2021,LAA,CWS,108,145,3,9,12,1,9,0,676050.0,Packy Naughton,608337.0,Lucas Giolito,607481.0,676050.0,4,Guaranteed Rate Field,night,R
632491,2021-09-15,2021,SD,SF,135,137,1,6,7,1,9,0,453562.0,Jake Arrieta,543101.0,Anthony DeSclafani,543101.0,453562.0,2395,Oracle Park,night,R
632505,2021-09-15,2021,ARI,LAD,109,119,4,8,12,1,9,0,596133.0,Luke Weaver,664062.0,Tony Gonsolin,664062.0,596133.0,22,Dodger Stadium,night,R
632480,2021-09-15,2021,BOS,SEA,111,136,8,4,12,0,9,0,543135.0,Nathan Eovaldi,542881.0,Tyler Anderson,493603.0,501925.0,680,T-Mobile Park,night,R
632477,2021-09-15,2021,MIA,WSH,146,120,8,6,14,0,9,0,669432.0,Trevor Rogers,642028.0,Josh Rogers,669294.0,640448.0,3309,Nationals Park,day,R
632479,2021-09-15,2021,MIL,DET,158,116,1,4,5,1,9,0,605540.0,Brandon Woodruff,666159.0,Matt Manning,666159.0,605540.0,2394,Comerica Park,day,R
632483,2021-09-15,2021,TB,TOR,139,141,3,6,9,1,9,0,608379.0,Michael Wacha,592662.0,Robbie Ray,592662.0,608379.0,14,Rogers Centre,day,R
632481,2021-09-15,2021,BOS,SEA,111,136,9,4,13,0,10,1,656557.0,Tanner Houck,594835.0,Marco Gonzales,493603.0,657024.0,680,T-Mobile Park,day,R
632487,2021-09-15,2021,CIN,PIT,113,134,4,5,9,1,9,0,661269.0,Vladimir Gutierrez,656605.0,Mitch Keller,608717.0,571710.0,31,PNC Park,night,R
632486,2021-09-15,2021,CHC,PHI,112,143,5,6,11,1,9,0,621219.0,Alec Mills,624133.0,Ranger Suárez,453178.0,656730.0,2681,Citizens Bank Park,night,R
632494,2021-09-15,2021,NYY,BAL,147,110,4,3,7,0,9,0,641482.0,Nestor Cortes,607644.0,John Means,593974.0,669330.0,2,Oriole Park at Camden Yards,night,R
632521,2021-09-15,2021,STL,NYM,138,121,11,4,15,0,9,0,452657.0,Jon Lester,656731.0,Tylor Megill,452657.0,656731.0,3289,Citi Field,night,R
632465,2021-09-15,2021,COL,ATL,115,144,3,2,5,0,10,1,622608.0,Antonio Senzatela,660623.0,Huascar Ynoa,608032.0,621345.0,4705,Truist Park,night,R
632463,2021-09-15,2021,CLE,MIN,114,142,12,3,15,0,9,0,615698.0,Cal Quantrill,643377.0,Griffin Jax,615698.0,643377.0,3312,Target Field,night,R
632485,2021-09-16,2021,HOU,TEX,117,140,7,2,9,0,9,0,664353.0,José Urquidy,685503.0,Kohei Arihara,664353.0,685503.0,5325,Globe Life Field,night,R
632471,2021-09-16,2021,OAK,KC,133,118,12,10,22,0,9,0,640455.0,Sean Manaea,672578.0,Carlos Hernández,640455.0,672578.0,7,Kauffman Stadium,night,R
632490,2021-09-16,2021,LAA,CWS,108,145,3,2,5,0,9,0,676083.0,Janson Junk,572971.0,Dallas Keuchel,594577.0,656629.0,4,Guaranteed Rate Field,night,R
632464,2021-09-16,2021,SD,SF,135,137,9,6,15,0,9,0,605397.0,Joe Musgrove,608678.0,Dominic Leone,605397.0,608678.0,2395,Oracle Park,night,R
632484,2021-09-16,2021,ARI,LAD,109,119,3,5,8,1,9,0,518876.0,Merrill Kelly,628711.0,Julio Urías,628711.0,518876.0,22,Dodger Stadium,night,R
632462,2021-09-16,2021,CIN,PIT,113,134,1,0,1,0,9,0,641816.0,Tyler Mahle,656818.0,Connor Overton,641816.0,664074.0,31,PNC Park,day,R
632468,2021-09-16,2021,OAK,KC,133,118,7,2,9,0,9,0,621112.0,Paul Blackburn,663738.0,Daniel Lynch IV,621112.0,663738.0,7,Kauffman Stadium,day,R
632476,2021-09-16,2021,LAA,CWS,108,145,9,3,12,0,9,0,502171.0,Alex Cobb,625643.0,Reynaldo López,502171.0,625643.0,4,Guaranteed Rate Field,day,R
632473,2021-09-16,2021,SD,SF,135,137,7,4,11,0,9,0,572955.0,Pierce Johnson,592332.0,Kevin Gausman,622503.0,592332.0,2395,Oracle Park,day,R
632452,2021-09-16,2021,NYY,BAL,147,110,2,3,5,1,10,1,656756.0,Jordan Montgomery,595939.0,Chris Ellis,642121.0,593974.0,2,Oriole Park at Camden Yards,night,R
632475,2021-09-16,2021,CHC,PHI,112,143,8,17,25,1,9,0,543294.0,Kyle Hendricks,592135.0,Cam Bedrosian,593576.0,655889.0,2681,Citizens Bank Park,night,R
632474,2021-09-16,2021,DET,TB,116,139,2,5,7,1,9,0,641302.0,Tyler Alexander,545343.0,Louis Head,608650.0,641302.0,12,Tropicana Field,night,R
632472,2021-09-17,2021,HOU,TEX,117,140,12,1,13,0,9,0,677651.0,Luis Garcia,657248.0,Glenn Otto Jr.,677651.0,657248.0,5325,Globe Life Field,night,R
632457,2021-09-16,2021,COL,ATL,115,144,0,0,0,0,9,0,608566.0,Germán Márquez,666120.0,Ian Anderson,,,4705,Truist Park,day,R
632450,2021-09-17,2021,COL,WSH,115,120,9,8,17,0,9,0,608566.0,Germán Márquez,680686.0,Josiah Gray,656458.0,640448.0,3309,Nationals Park,night,R
632458,2021-09-17,2021,CLE,NYY,114,147,0,8,8,1,9,0,668676.0,Zach Plesac,446372.0,Corey Kluber,446372.0,668676.0,3313,Yankee Stadium,night,R
632430,2021-09-17,2021,MIN,TOR,142,141,7,3,10,0,9,0,501381.0,Michael Pineda,547943.0,Hyun Jin Ryu,501381.0,547943.0,14,Rogers Centre,night,R
632454,2021-09-17,2021,BAL,BOS,110,111,1,7,8,1,9,0,669211.0,Keegan Akin,519242.0,Chris Sale,519242.0,669211.0,3,Fenway Park,night,R
632470,2021-09-17,2021,LAD,CIN,119,113,1,3,4,1,9,0,621111.0,Walker Buehler,622491.0,Luis Castillo,622491.0,621111.0,2602,Great American Ball Park,night,R
632440,2021-09-17,2021,DET,TB,116,139,4,7,11,1,10,1,663554.0,Casey Mize,672715.0,Luis Patiño,552640.0,650530.0,12,Tropicana Field,night,R
632467,2021-09-17,2021,PHI,NYM,143,121,4,3,7,0,9,0,554430.0,Zack Wheeler,592836.0,Taijuan Walker,554430.0,592836.0,3289,Citi Field,night,R
632460,2021-09-17,2021,PIT,MIA,134,146,2,1,3,0,9,0,640444.0,Wil Crowe,622694.0,Elieser Hernández,640444.0,622694.0,4169,loanDepot park,night,R
632459,2021-09-18,2021,CWS,TEX,145,140,8,0,8,0,9,0,656302.0,Dylan Cease,621368.0,Taylor Hearn,656302.0,621368.0,5325,Globe Life Field,night,R
632469,2021-09-18,2021,ARI,HOU,109,117,3,4,7,1,10,1,518516.0,Madison Bumgarner,656232.0,Brandon Bielak,592773.0,461325.0,2392,Minute Maid Park,night,R
632445,2021-09-18,2021,SEA,KC,136,118,6,2,8,0,9,0,623167.0,Chris Flexen,669169.0,Jonathan Heasley,623167.0,669169.0,7,Kauffman Stadium,night,R
632461,2021-09-18,2021,CHC,MIL,112,158,5,8,13,1,9,0,605200.0,Zach Davies,605288.0,Adrian Houser,676879.0,592858.0,32,American Family Field,night,R
632436,2021-09-18,2021,SD,STL,135,138,2,8,10,1,9,0,592826.0,Vince Velasquez,571945.0,Miles Mikolas,571945.0,592826.0,2889,Busch Stadium,night,R
632466,2021-09-18,2021,OAK,LAA,133,108,5,4,9,0,9,0,608344.0,Cole Irvin,646242.0,Jhonathan Díaz,608344.0,665896.0,1,Angel Stadium,night,R
632453,2021-09-18,2021,ATL,SF,144,137,5,6,11,1,11,1,666120.0,Ian Anderson,657277.0,Logan Webb,666808.0,657097.0,2395,Oracle Park,night,R
632441,2021-09-18,2021,CLE,NYY,114,147,11,3,14,0,9,0,650644.0,Aaron Civale,661563.0,Luis Gil,650644.0,661563.0,3313,Yankee Stadium,day,R
632451,2021-09-18,2021,BAL,BOS,110,111,3,9,12,1,9,0,675912.0,Zac Lowther,601713.0,Nick Pivetta,656557.0,657508.0,3,Fenway Park,day,R
632455,2021-09-18,2021,LAD,CIN,119,113,5,1,6,0,9,0,453286.0,Max Scherzer,543243.0,Sonny Gray,453286.0,543243.0,2602,Great American Ball Park,day,R
632431,2021-09-18,2021,MIN,TOR,142,141,2,6,8,1,9,0,641927.0,Bailey Ober,571927.0,Steven Matz,571927.0,641927.0,14,Rogers Centre,day,R
632417,2021-09-18,2021,COL,WSH,115,120,6,0,6,0,9,0,607536.0,Kyle Freeland,571578.0,Patrick Corbin,607536.0,571578.0,3309,Nationals Park,day,R
632427,2021-09-18,2021,DET,TB,116,139,4,3,7,0,9,0,669373.0,Tarik Skubal,642232.0,Ryan Yarbrough,570632.0,642232.0,12,Tropicana Field,day,R
632448,2021-09-18,2021,PIT,MIA,134,146,6,3,9,0,9,0,669060.0,Bryse Wilson,665795.0,Edward Cabrera,669060.0,665795.0,4169,loanDepot park,night,R
632439,2021-09-18,2021,CWS,TEX,145,140,1,2,3,1,9,0,458681.0,Lance Lynn,675921.0,Spencer Howard,623454.0,458681.0,5325,Globe Life Field,night,R
632456,2021-09-18,2021,ARI,HOU,109,117,6,4,10,0,10,1,528748.0,Humberto Castellanos,621121.0,Lance McCullers Jr.,605525.0,554340.0,2392,Minute Maid Park,night,R
632449,2021-09-18,2021,SEA,KC,136,118,1,8,9,1,9,0,579328.0,Yusei Kikuchi,663460.0,Kris Bubic,663460.0,579328.0,7,Kauffman Stadium,night,R
632488,2021-09-18,2021,SD,STL,135,138,2,3,5,1,9,0,506433.0,Yu Darvish,425794.0,Adam Wainwright,502522.0,641941.0,2889,Busch Stadium,night,R
632447,2021-09-18,2021,PHI,NYM,143,121,5,3,8,0,9,0,605400.0,Aaron Nola,471911.0,Carlos Carrasco,605400.0,471911.0,3289,Citi Field,night,R
632425,2021-09-18,2021,CHC,MIL,112,158,4,6,10,1,9,0,657006.0,Justin Steele,669203.0,Corbin Burnes,642207.0,664123.0,32,American Family Field,night,R
632442,2021-09-19,2021,ATL,SF,144,137,0,2,2,1,9,0,450203.0,Charlie Morton,622072.0,Alex Wood,641793.0,450203.0,2395,Oracle Park,night,R
632444,2021-09-19,2021,OAK,LAA,133,108,3,1,4,0,9,0,621076.0,James Kaprielian,660761.0,José Suarez,621076.0,660761.0,1,Angel Stadium,night,R
632438,2021-09-19,2021,COL,WSH,115,120,0,3,3,1,9,0,592351.0,Jon Gray,502179.0,Paolo Espino,502179.0,592351.0,3309,Nationals Park,day,R
632380,2021-09-19,2021,CLE,NYY,114,147,11,1,12,0,9,0,669212.0,Eli Morgan,543037.0,Gerrit Cole,669212.0,543037.0,3313,Yankee Stadium,day,R
632446,2021-09-19,2021,MIN,TOR,142,141,3,5,8,1,9,0,608652.0,Luke Farrell,621244.0,José Berríos,621244.0,608652.0,14,Rogers Centre,day,R
632419,2021-09-19,2021,BAL,BOS,110,111,6,8,14,1,9,0,649144.0,Alex Wells,543135.0,Nathan Eovaldi,617228.0,641632.0,3,Fenway Park,day,R
632432,2021-09-19,2021,LAD,CIN,119,113,8,5,13,0,9,0,477132.0,Clayton Kershaw,489119.0,Wade Miley,477132.0,489119.0,2602,Great American Ball Park,day,R
632421,2021-09-19,2021,DET,TB,116,139,2,0,2,0,9,0,503449.0,Wily Peralta,663556.0,Shane McClanahan,503449.0,663556.0,12,Tropicana Field,day,R
632411,2021-09-19,2021,PIT,MIA,134,146,5,6,11,1,10,1,668820.0,Max Kranick,645261.0,Sandy Alcantara,595345.0,641771.0,4169,loanDepot park,day,R
632422,2021-09-19,2021,ARI,HOU,109,117,6,7,13,1,9,0,668678.0,Zac Gallen,425844.0,Zack Greinke,656981.0,670087.0,2392,Minute Maid Park,day,R
632416,2021-09-19,2021,SEA,KC,136,118,7,1,8,0,9,0,669302.0,Logan Gilbert,663804.0,Jackson Kowar,669302.0,663804.0,7,Kauffman Stadium,day,R
632413,2021-09-19,2021,CHC,MIL,112,158,6,4,10,0,9,0,624522.0,Keegan Thompson,641778.0,Eric Lauer,605388.0,502202.0,32,American Family Field,day,R
632443,2021-09-19,2021,SD,STL,135,138,7,8,15,1,9,0,453562.0,Jake Arrieta,457918.0,J.A. Happ,621052.0,453562.0,2889,Busch Stadium,day,R
632434,2021-09-19,2021,CWS,TEX,145,140,7,2,9,0,9,0,608337.0,Lucas Giolito,543475.0,Jordan Lyles,608337.0,543475.0,5325,Globe Life Field,day,R
632433,2021-09-19,2021,ATL,SF,144,137,3,0,3,0,9,0,608331.0,Max Fried,543101.0,Anthony DeSclafani,608331.0,543101.0,2395,Oracle Park,day,R
632420,2021-09-19,2021,OAK,LAA,133,108,3,2,5,0,10,1,593423.0,Frankie Montas,660271.0,Shohei Ohtani,642152.0,628452.0,1,Angel Stadium,day,R
632407,2021-09-19,2021,PHI,NYM,143,121,2,3,5,1,9,0,502043.0,Kyle Gibson,448179.0,Rich Hill,571901.0,502043.0,3289,Citi Field,night,R
632437,2021-09-20,2021,KC,CLE,118,114,7,2,9,0,7,0,663903.0,Brady Singer,663474.0,Triston McKenzie,663903.0,663474.0,5,Progressive Field,night,R
633394,2021-09-20,2021,KC,CLE,118,114,4,2,6,0,7,0,606303.0,Joel Payamps,621295.0,Nick Wittgren,593619.0,621295.0,5,Progressive Field,night,R
632435,2021-09-20,2021,PIT,CIN,134,113,5,9,14,1,9,0,596071.0,Dillon Peters,661269.0,Vladimir Gutierrez,570666.0,664074.0,2602,Great American Ball Park,night,R
632423,2021-09-20,2021,CWS,DET,145,116,3,4,7,1,9,0,607074.0,Carlos Rodón,666159.0,Matt Manning,571800.0,518886.0,2394,Comerica Park,night,R
632408,2021-09-20,2021,WSH,MIA,120,146,7,8,15,1,10,1,607200.0,Erick Fedde,666200.0,Jesús Luzardo,571670.0,621348.0,4169,loanDepot park,night,R
632429,2021-09-20,2021,BAL,PHI,110,143,2,0,2,0,9,0,607644.0,John Means,624133.0,Ranger Suárez,607644.0,624133.0,2681,Citizens Bank Park,night,R
632414,2021-09-20,2021,TEX,NYY,140,147,3,4,7,1,9,0,669935.0,A.J. Alexy,641482.0,Nestor Cortes,643338.0,669935.0,3313,Yankee Stadium,night,R
632406,2021-09-20,2021,TOR,TB,141,139,4,6,10,1,9,0,592662.0,Robbie Ray,669358.0,Shane Baz,669358.0,592662.0,12,Tropicana Field,night,R
632415,2021-09-20,2021,STL,MIL,138,158,5,2,7,0,9,0,452657.0,Jon Lester,642547.0,Freddy Peralta,452657.0,642547.0,32,American Family Field,night,R
632424,2021-09-21,2021,HOU,LAA,117,108,10,0,10,0,9,0,664285.0,Framber Valdez,642545.0,Jaime Barria,664285.0,642545.0,1,Angel Stadium,night,R
632412,2021-09-21,2021,SEA,OAK,136,133,4,2,6,0,9,0,542881.0,Tyler Anderson,640455.0,Sean Manaea,542881.0,640455.0,10,Oakland Coliseum,night,R
632426,2021-09-21,2021,ATL,ARI,144,109,11,4,15,0,9,0,660623.0,Huascar Ynoa,650668.0,Humberto Mejía,657097.0,650668.0,15,Chase Field,night,R
632405,2021-09-21,2021,CWS,DET,145,116,3,5,8,1,9,0,572971.0,Dallas Keuchel,641302.0,Tyler Alexander,650530.0,605240.0,2394,Comerica Park,day,R
632398,2021-09-21,2021,KC,CLE,118,114,1,4,5,1,9,0,663738.0,Daniel Lynch IV,615698.0,Cal Quantrill,615698.0,663738.0,5,Progressive Field,night,R
632403,2021-09-21,2021,PIT,CIN,134,113,6,2,8,0,9,0,656605.0,Mitch Keller,641816.0,Tyler Mahle,656605.0,641816.0,2602,Great American Ball Park,night,R
632379,2021-09-21,2021,WSH,MIA,120,146,7,1,8,0,9,0,642028.0,Josh Rogers,669432.0,Trevor Rogers,642028.0,669432.0,4169,loanDepot park,night,R
632402,2021-09-21,2021,BAL,PHI,110,143,2,3,5,1,10,1,641632.0,Conner Greene,658431.0,Adonis Medina,453178.0,491624.0,2681,Citizens Bank Park,night,R
632396,2021-09-21,2021,TEX,NYY,140,147,1,7,8,1,9,0,641540.0,Dane Dunning,656756.0,Jordan Montgomery,656756.0,641540.0,3313,Yankee Stadium,night,R
632410,2021-09-21,2021,NYM,BOS,121,111,3,6,9,1,9,0,573186.0,Marcus Stroman,593958.0,Eduardo Rodriguez,518489.0,573186.0,3,Fenway Park,night,R
632391,2021-09-21,2021,TOR,TB,141,139,4,2,6,0,9,0,666201.0,Alek Manoah,656876.0,Drew Rasmussen,666201.0,623433.0,12,Tropicana Field,night,R
632404,2021-09-21,2021,MIN,CHC,142,112,9,5,14,0,9,0,643377.0,Griffin Jax,621219.0,Alec Mills,607457.0,621219.0,17,Wrigley Field,night,R
632397,2021-09-21,2021,STL,MIL,138,158,2,1,3,0,9,0,663765.0,Jake Woodford,605540.0,Brandon Woodruff,663765.0,605540.0,32,American Family Field,night,R
632399,2021-09-22,2021,LAD,COL,119,115,5,4,9,0,10,1,628711.0,Julio Urías,622608.0,Antonio Senzatela,445276.0,468504.0,19,Coors Field,night,R
632418,2021-09-22,2021,HOU,LAA,117,108,10,5,15,0,9,0,664353.0,José Urquidy,676050.0,Packy Naughton,664353.0,676050.0,1,Angel Stadium,night,R
632401,2021-09-22,2021,SEA,OAK,136,133,5,2,7,0,9,0,594835.0,Marco Gonzales,621112.0,Paul Blackburn,594835.0,621112.0,10,Oakland Coliseum,night,R
632428,2021-09-22,2021,ATL,ARI,144,109,6,1,7,0,9,0,445926.0,Jesse Chavez,596133.0,Luke Weaver,592767.0,596133.0,15,Chase Field,night,R
632378,2021-09-22,2021,SF,SD,137,135,6,5,11,0,9,0,592332.0,Kevin Gausman,605397.0,Joe Musgrove,453265.0,453343.0,2680,Petco Park,night,R
632377,2021-09-22,2021,TOR,TB,141,139,1,7,8,1,9,0,657240.0,Julian Merryweather,672715.0,Luis Patiño,608638.0,548389.0,12,Tropicana Field,day,R
632385,2021-09-22,2021,WSH,MIA,120,146,7,5,12,0,9,0,680686.0,Josiah Gray,622694.0,Elieser Hernández,680686.0,622694.0,4169,loanDepot park,night,R
632382,2021-09-22,2021,BAL,PHI,110,143,3,4,7,1,9,0,669211.0,Keegan Akin,554430.0,Zack Wheeler,621237.0,641632.0,2681,Citizens Bank Park,night,R
632381,2021-09-22,2021,TEX,NYY,140,147,3,7,10,1,9,0,621368.0,Taylor Hearn,446372.0,Corey Kluber,643338.0,607359.0,3313,Yankee Stadium,night,R
632389,2021-09-22,2021,NYM,BOS,121,111,5,12,17,1,9,0,592836.0,Taijuan Walker,519242.0,Chris Sale,519242.0,592836.0,3,Fenway Park,night,R
632400,2021-09-22,2021,MIN,CHC,142,112,5,4,9,0,9,0,657746.0,Joe Ryan,543294.0,Kyle Hendricks,657746.0,543294.0,17,Wrigley Field,night,R
632386,2021-09-22,2021,STL,MIL,138,158,10,2,12,0,9,0,571945.0,Miles Mikolas,474463.0,Brett Anderson,571945.0,474463.0,32,American Family Field,night,R
632394,2021-09-23,2021,LAD,COL,119,115,5,10,15,1,9,0,621111.0,Walker Buehler,608566.0,Germán Márquez,596112.0,677865.0,19,Coors Field,night,R
632395,2021-09-23,2021,HOU,LAA,117,108,9,5,14,0,12,1,677651.0,Luis Garcia,676083.0,Janson Junk,554340.0,572125.0,1,Angel Stadium,night,R
632383,2021-09-23,2021,SEA,OAK,136,133,4,1,5,0,9,0,623167.0,Chris Flexen,608344.0,Cole Irvin,623167.0,608344.0,10,Oakland Coliseum,night,R
632392,2021-09-23,2021,ATL,ARI,144,109,9,2,11,0,9,0,666120.0,Ian Anderson,518876.0,Merrill Kelly,666120.0,518876.0,15,Chase Field,night,R
632384,2021-09-23,2021,SF,SD,137,135,8,6,14,0,9,0,431148.0,Scott Kazmir,592826.0,Vince Velasquez,666808.0,592826.0,2680,Petco Park,night,R
632388,2021-09-22,2021,PIT,CIN,134,113,0,0,0,0,9,0,656818.0,Connor Overton,622491.0,Luis Castillo,,,2602,Great American Ball Park,day,R
632393,2021-09-22,2021,CWS,DET,145,116,0,0,0,0,9,0,625643.0,Reynaldo López,663554.0,Casey Mize,,,2394,Comerica Park,day,R
632409,2021-09-22,2021,KC,CLE,118,114,0,0,0,0,9,0,672578.0,Carlos Hernández,663531.0,Logan Allen,,,5,Progressive Field,night,R
633866,2021-09-23,2021,CWS,CLE,145,114,7,2,9,0,7,0,625643.0,Reynaldo López,650644.0,Aaron Civale,607481.0,650644.0,5,Progressive Field,day,R
632372,2021-09-23,2021,CWS,CLE,145,114,3,5,8,1,7,0,656629.0,Michael Kopech,668676.0,Zach Plesac,661403.0,614179.0,5,Progressive Field,night,R
632367,2021-09-23,2021,STL,MIL,138,158,8,5,13,0,9,0,425794.0,Adam Wainwright,605288.0,Adrian Houser,519008.0,676879.0,32,American Family Field,day,R
632376,2021-09-23,2021,LAD,COL,119,115,7,5,12,0,10,1,453286.0,Max Scherzer,607536.0,Kyle Freeland,445276.0,656458.0,19,Coors Field,day,R
632368,2021-09-23,2021,SEA,OAK,136,133,6,5,11,0,9,0,579328.0,Yusei Kikuchi,605135.0,Chris Bassitt,501925.0,518617.0,10,Oakland Coliseum,day,R
632374,2021-09-23,2021,ATL,ARI,144,109,4,6,10,1,9,0,450203.0,Charlie Morton,518516.0,Madison Bumgarner,664092.0,657097.0,15,Chase Field,day,R
632370,2021-09-23,2021,SF,SD,137,135,6,7,13,1,10,1,657277.0,Logan Webb,506433.0,Yu Darvish,446321.0,608678.0,2680,Petco Park,day,R
632387,2021-09-23,2021,WSH,CIN,120,113,3,2,5,0,9,0,571578.0,Patrick Corbin,622491.0,Luis Castillo,571578.0,622491.0,2602,Great American Ball Park,night,R
632390,2021-09-23,2021,TEX,BAL,140,110,0,3,3,1,9,0,657248.0,Glenn Otto Jr.,675912.0,Zac Lowther,675912.0,657248.0,2,Oriole Park at Camden Yards,night,R
632365,2021-09-23,2021,PIT,PHI,134,143,6,12,18,1,9,0,656818.0,Connor Overton,605400.0,Aaron Nola,605400.0,607455.0,2681,Citizens Bank Park,night,R
632375,2021-09-23,2021,TOR,MIN,141,142,2,7,9,1,9,0,571927.0,Steven Matz,501381.0,Michael Pineda,501381.0,641672.0,3312,Target Field,night,R
632371,2021-09-24,2021,HOU,LAA,117,108,2,3,5,1,9,0,621121.0,Lance McCullers Jr.,502171.0,Alex Cobb,681810.0,621121.0,1,Angel Stadium,night,R
632339,2021-09-24,2021,STL,CHC,138,112,8,5,13,0,7,0,457918.0,J.A. Happ,657006.0,Justin Steele,621052.0,657006.0,17,Wrigley Field,day,R
633337,2021-09-25,2021,STL,CHC,138,112,12,4,16,0,7,0,656427.0,Jack Flaherty,605200.0,Zach Davies,641712.0,605200.0,17,Wrigley Field,night,R
632369,2021-09-24,2021,TEX,BAL,140,110,8,5,13,0,9,0,675921.0,Spencer Howard,649144.0,Alex Wells,622250.0,641632.0,2,Oriole Park at Camden Yards,night,R
632360,2021-09-24,2021,PIT,PHI,134,143,6,8,14,1,9,0,607572.0,Sam Howard,502043.0,Kyle Gibson,593576.0,592741.0,2681,Citizens Bank Park,night,R
632361,2021-09-24,2021,KC,DET,118,116,3,1,4,0,9,0,672578.0,Carlos Hernández,663554.0,Casey Mize,593619.0,656638.0,2394,Comerica Park,night,R
632364,2021-09-24,2021,WSH,CIN,120,113,7,8,15,1,11,1,502179.0,Paolo Espino,543243.0,Sonny Gray,605521.0,666168.0,2602,Great American Ball Park,night,R
632363,2021-09-24,2021,CWS,CLE,145,114,1,0,1,0,9,0,656302.0,Dylan Cease,669456.0,Shane Bieber,656302.0,663986.0,5,Progressive Field,night,R
632358,2021-09-24,2021,MIA,TB,146,139,0,8,8,1,9,0,665795.0,Edward Cabrera,502085.0,David Robertson,642232.0,665795.0,12,Tropicana Field,night,R
632373,2021-09-24,2021,NYY,BOS,147,111,8,3,11,0,9,0,543037.0,Gerrit Cole,543135.0,Nathan Eovaldi,543037.0,543135.0,3,Fenway Park,night,R
632362,2021-09-25,2021,SF,COL,137,115,7,2,9,0,9,0,622072.0,Alex Wood,663567.0,Peter Lambert,665645.0,623485.0,19,Coors Field,night,R
632357,2021-09-25,2021,TOR,MIN,141,142,1,3,4,1,9,0,621244.0,José Berríos,641927.0,Bailey Ober,641927.0,621244.0,3312,Target Field,night,R
633224,2021-09-25,2021,SD,ATL,135,144,6,5,11,0,7,0,663753.0,Reiss Knehr,669060.0,Bryse Wilson,543339.0,519293.0,2680,Petco Park,night,R
632366,2021-09-25,2021,NYM,MIL,121,158,1,5,6,1,9,0,656731.0,Tylor Megill,641778.0,Eric Lauer,641778.0,656731.0,32,American Family Field,night,R
632359,2021-09-25,2021,SEA,LAA,136,108,6,5,11,0,9,0,669302.0,Logan Gilbert,660761.0,José Suarez,501925.0,623474.0,1,Angel Stadium,night,R
632340,2021-09-25,2021,LAD,ARI,119,109,4,2,6,0,9,0,664062.0,Tony Gonsolin,528748.0,Humberto Castellanos,664062.0,528748.0,15,Chase Field,night,R
632356,2021-09-25,2021,HOU,OAK,117,133,2,14,16,1,9,0,656232.0,Brandon Bielak,593423.0,Frankie Montas,593423.0,656232.0,10,Oakland Coliseum,night,R
632352,2021-09-25,2021,ATL,SD,144,135,4,0,4,0,9,0,608331.0,Max Fried,663753.0,Reiss Knehr,608331.0,663753.0,2680,Petco Park,night,R
632351,2021-09-25,2021,STL,CHC,138,112,8,5,13,0,9,0,452657.0,Jon Lester,592716.0,Adrian Sampson,547942.0,676051.0,17,Wrigley Field,day,R
632341,2021-09-25,2021,PIT,PHI,134,143,0,3,3,1,9,0,640444.0,Wil Crowe,624133.0,Ranger Suárez,624133.0,640444.0,2681,Citizens Bank Park,day,R
632342,2021-09-25,2021,HOU,OAK,117,133,1,2,3,1,9,0,664285.0,Framber Valdez,640455.0,Sean Manaea,605177.0,519151.0,10,Oakland Coliseum,day,R
632354,2021-09-25,2021,NYY,BOS,147,111,5,3,8,0,9,0,641482.0,Nestor Cortes,601713.0,Nick Pivetta,622663.0,656557.0,3,Fenway Park,day,R
632347,2021-09-25,2021,KC,DET,118,116,1,5,6,1,9,0,669169.0,Jonathan Heasley,669373.0,Tarik Skubal,571800.0,593619.0,2394,Comerica Park,night,R
632335,2021-09-25,2021,MIA,TB,146,139,3,7,10,1,9,0,645261.0,Sandy Alcantara,663556.0,Shane McClanahan,663556.0,645261.0,12,Tropicana Field,night,R
632355,2021-09-25,2021,TEX,BAL,140,110,2,3,5,1,9,0,543475.0,Jordan Lyles,595939.0,Chris Ellis,621139.0,543475.0,2,Oriole Park at Camden Yards,night,R
632338,2021-09-25,2021,WSH,CIN,120,113,6,7,13,1,9,0,607200.0,Erick Fedde,661269.0,Vladimir Gutierrez,571710.0,641907.0,2602,Great American Ball Park,night,R
632350,2021-09-25,2021,TOR,MIN,141,142,6,1,7,0,9,0,592662.0,Robbie Ray,607231.0,John Gant,592662.0,607231.0,3312,Target Field,night,R
632346,2021-09-25,2021,NYM,MIL,121,158,1,2,3,1,9,0,448179.0,Rich Hill,669203.0,Corbin Burnes,669203.0,448179.0,32,American Family Field,night,R
632343,2021-09-25,2021,ATL,SD,144,135,10,8,18,0,10,1,660623.0,Huascar Ynoa,592826.0,Vince Velasquez,593144.0,543339.0,2680,Petco Park,day,R
632348,2021-09-25,2021,CWS,CLE,145,114,0,6,6,1,9,0,458681.0,Lance Lynn,669212.0,Eli Morgan,669212.0,458681.0,5,Progressive Field,night,R
632353,2021-09-26,2021,LAD,ARI,119,109,2,7,9,1,9,0,477132.0,Clayton Kershaw,668678.0,Zac Gallen,668678.0,477132.0,15,Chase Field,night,R
632349,2021-09-26,2021,SF,COL,137,115,7,2,9,0,9,0,543101.0,Anthony DeSclafani,592351.0,Jon Gray,453265.0,592351.0,19,Coors Field,night,R
632344,2021-09-26,2021,SEA,LAA,136,108,1,14,15,1,9,0,542881.0,Tyler Anderson,642545.0,Jaime Barria,646242.0,542881.0,1,Angel Stadium,night,R
632326,2021-09-26,2021,KC,DET,118,116,2,1,3,0,9,0,663460.0,Kris Bubic,503449.0,Wily Peralta,663460.0,503449.0,2394,Comerica Park,day,R
632334,2021-09-26,2021,TEX,BAL,140,110,7,4,11,0,9,0,641540.0,Dane Dunning,607644.0,John Means,605194.0,607644.0,2,Oriole Park at Camden Yards,day,R
632329,2021-09-26,2021,PIT,PHI,134,143,6,0,6,0,9,0,668820.0,Max Kranick,668968.0,Hans Crouse,668820.0,668968.0,2681,Citizens Bank Park,day,R
632333,2021-09-26,2021,WSH,CIN,120,113,2,9,11,1,9,0,642028.0,Josh Rogers,641816.0,Tyler Mahle,641816.0,642028.0,2602,Great American Ball Park,day,R
632330,2021-09-26,2021,CWS,CLE,145,114,5,2,7,0,9,0,608337.0,Lucas Giolito,663474.0,Triston McKenzie,608337.0,663474.0,5,Progressive Field,day,R
632290,2021-09-26,2021,MIA,TB,146,139,2,3,5,1,9,0,666200.0,Jesús Luzardo,669358.0,Shane Baz,669358.0,666200.0,12,Tropicana Field,day,R
632336,2021-09-26,2021,TOR,MIN,141,142,5,2,7,0,9,0,666201.0,Alek Manoah,643377.0,Griffin Jax,666201.0,643377.0,3312,Target Field,day,R
632328,2021-09-26,2021,NYM,MIL,121,158,4,8,12,1,9,0,471911.0,Carlos Carrasco,642547.0,Freddy Peralta,642547.0,471911.0,32,American Family Field,day,R
632332,2021-09-26,2021,STL,CHC,138,112,4,2,6,0,9,0,663765.0,Jake Woodford,624522.0,Keegan Thompson,650893.0,676051.0,17,Wrigley Field,day,R
632331,2021-09-26,2021,SF,COL,137,115,6,2,8,0,9,0,592332.0,Kevin Gausman,622608.0,Antonio Senzatela,666808.0,453268.0,19,Coors Field,day,R
632324,2021-09-26,2021,HOU,OAK,117,133,3,4,7,1,9,0,543606.0,Jake Odorizzi,621112.0,Paul Blackburn,642152.0,592773.0,10,Oakland Coliseum,day,R
632327,2021-09-26,2021,SEA,LAA,136,108,5,1,6,0,9,0,594835.0,Marco Gonzales,660271.0,Shohei Ohtani,594835.0,650671.0,1,Angel Stadium,day,R
632337,2021-09-26,2021,LAD,ARI,119,109,3,0,3,0,9,0,628711.0,Julio Urías,650668.0,Humberto Mejía,628711.0,650668.0,15,Chase Field,day,R
632325,2021-09-26,2021,ATL,SD,144,135,4,3,7,0,9,0,445926.0,Jesse Chavez,605397.0,Joe Musgrove,621345.0,572955.0,2680,Petco Park,day,R
632345,2021-09-26,2021,NYY,BOS,147,111,6,3,9,0,9,0,656756.0,Jordan Montgomery,593958.0,Eduardo Rodriguez,643338.0,572070.0,3,Fenway Park,night,R
632409,2021-09-27,2021,KC,CLE,118,114,3,8,11,1,9,0,663804.0,Jackson Kowar,615698.0,Cal Quantrill,615698.0,663804.0,5,Progressive Field,day,R
632388,2021-09-27,2021,PIT,CIN,134,113,1,13,14,1,9,0,656818.0,Connor Overton,665665.0,Reiver Sanmartin,665665.0,656818.0,2602,Great American Ball Park,day,R
632393,2021-09-27,2021,CWS,DET,145,116,8,7,15,0,9,0,572971.0,Dallas Keuchel,666159.0,Matt Manning,572971.0,666159.0,2394,Comerica Park,day,R
632319,2021-09-28,2021,WSH,COL,120,115,5,4,9,0,9,0,680686.0,Josiah Gray,608566.0,Germán Márquez,680686.0,608566.0,19,Coors Field,night,R
632323,2021-09-28,2021,OAK,SEA,133,136,4,13,17,1,9,0,608344.0,Cole Irvin,623167.0,Chris Flexen,623167.0,608344.0,680,T-Mobile Park,night,R
632311,2021-09-28,2021,MIA,NYM,146,121,2,5,7,1,7,0,605507.0,Zach Thompson,573186.0,Marcus Stroman,573186.0,605507.0,3289,Citi Field,night,R
632666,2021-09-28,2021,MIA,NYM,146,121,1,2,3,1,9,0,669432.0,Trevor Rogers,592789.0,Noah Syndergaard,543272.0,542914.0,3289,Citi Field,night,R
632313,2021-09-28,2021,CHC,PIT,112,134,6,8,14,1,9,0,621219.0,Alec Mills,656605.0,Mitch Keller,660853.0,605388.0,31,PNC Park,night,R
632317,2021-09-28,2021,BOS,BAL,111,110,2,4,6,1,9,0,519242.0,Chris Sale,669145.0,Bruce Zimmermann,650959.0,519242.0,2,Oriole Park at Camden Yards,night,R
632288,2021-09-28,2021,NYY,TOR,147,141,7,2,9,0,9,0,592791.0,Jameson Taillon,547943.0,Hyun Jin Ryu,650633.0,547943.0,14,Rogers Centre,night,R
632320,2021-09-28,2021,PHI,ATL,143,144,1,2,3,1,9,0,554430.0,Zack Wheeler,450203.0,Charlie Morton,450203.0,554430.0,4705,Truist Park,night,R
632289,2021-09-28,2021,DET,MIN,116,142,2,3,5,1,9,0,641302.0,Tyler Alexander,656212.0,Charlie Barnes,573204.0,641302.0,3312,Target Field,night,R
632314,2021-09-28,2021,MIL,STL,158,138,2,6,8,1,9,0,605540.0,Brandon Woodruff,425794.0,Adam Wainwright,425794.0,594311.0,2889,Busch Stadium,night,R
632308,2021-09-29,2021,LAA,TEX,108,140,2,5,7,1,9,0,676050.0,Packy Naughton,669935.0,A.J. Alexy,669935.0,676050.0,5325,Globe Life Field,night,R
632315,2021-09-29,2021,CLE,KC,114,118,4,6,10,1,9,0,650644.0,Aaron Civale,663903.0,Brady Singer,622251.0,453284.0,7,Kauffman Stadium,night,R
632316,2021-09-29,2021,TB,HOU,139,117,3,4,7,1,9,0,608379.0,Michael Wacha,664353.0,José Urquidy,664208.0,676596.0,2392,Minute Maid Park,night,R
632321,2021-09-29,2021,CIN,CWS,113,145,1,7,8,1,9,0,676617.0,Riley O'Brien,625643.0,Reynaldo López,625643.0,676617.0,4,Guaranteed Rate Field,night,R
632322,2021-09-29,2021,WSH,COL,120,115,1,3,4,1,9,0,571578.0,Patrick Corbin,607536.0,Kyle Freeland,607536.0,571578.0,19,Coors Field,night,R
632307,2021-09-29,2021,ARI,SF,109,137,4,6,10,1,9,0,596133.0,Luke Weaver,657277.0,Logan Webb,501625.0,664092.0,2395,Oracle Park,night,R
632318,2021-09-29,2021,SD,LAD,135,119,1,2,3,1,9,0,506433.0,Yu Darvish,621111.0,Walker Buehler,621111.0,506433.0,22,Dodger Stadium,night,R
632312,2021-09-29,2021,OAK,SEA,133,136,2,4,6,1,9,0,605135.0,Chris Bassitt,542881.0,Tyler Anderson,664948.0,433589.0,680,T-Mobile Park,night,R
632310,2021-09-29,2021,WSH,COL,120,115,5,10,15,1,9,0,502179.0,Paolo Espino,663567.0,Peter Lambert,623485.0,666168.0,19,Coors Field,day,R
632287,2021-09-29,2021,CHC,PIT,112,134,3,2,5,0,9,0,543294.0,Kyle Hendricks,672710.0,Roansy Contreras,605388.0,592741.0,31,PNC Park,night,R
632309,2021-09-29,2021,BOS,BAL,111,110,6,0,6,0,9,0,543135.0,Nathan Eovaldi,675912.0,Zac Lowther,543135.0,675912.0,2,Oriole Park at Camden Yards,night,R
632296,2021-09-29,2021,NYY,TOR,147,141,5,6,11,1,9,0,543037.0,Gerrit Cole,621244.0,José Berríos,643256.0,605280.0,14,Rogers Centre,night,R
632303,2021-09-29,2021,MIA,NYM,146,121,3,2,5,0,9,0,622694.0,Elieser Hernández,592836.0,Taijuan Walker,595345.0,607625.0,3289,Citi Field,night,R
632306,2021-09-29,2021,PHI,ATL,143,144,2,7,9,1,9,0,605400.0,Aaron Nola,608331.0,Max Fried,608331.0,605400.0,4705,Truist Park,night,R
632300,2021-09-29,2021,DET,MIN,116,142,2,5,7,1,9,0,663554.0,Casey Mize,501381.0,Michael Pineda,501381.0,663554.0,3312,Target Field,night,R
632301,2021-09-29,2021,MIL,STL,158,138,4,0,4,0,9,0,605288.0,Adrian Houser,571945.0,Miles Mikolas,605288.0,571945.0,2889,Busch Stadium,night,R
632295,2021-09-30,2021,LAA,TEX,108,140,7,2,9,0,9,0,676083.0,Janson Junk,621368.0,Taylor Hearn,681810.0,621368.0,5325,Globe Life Field,night,R
632302,2021-09-30,2021,CLE,KC,114,118,5,10,15,1,9,0,668676.0,Zach Plesac,663738.0,Daniel Lynch IV,518813.0,621295.0,7,Kauffman Stadium,night,R
632305,2021-09-30,2021,TB,HOU,139,117,7,0,7,0,9,0,656876.0,Drew Rasmussen,677651.0,Luis Garcia,656876.0,677651.0,2392,Minute Maid Park,night,R
632304,2021-09-30,2021,CIN,CWS,113,145,1,6,7,1,9,0,543243.0,Sonny Gray,607074.0,Carlos Rodón,607074.0,543243.0,4,Guaranteed Rate Field,night,R
632298,2021-09-30,2021,ARI,SF,109,137,0,1,1,1,9,0,518876.0,Merrill Kelly,622072.0,Alex Wood,608678.0,598287.0,2395,Oracle Park,night,R
632297,2021-09-30,2021,SD,LAD,135,119,9,11,20,1,9,0,677960.0,Ryan Weathers,453286.0,Max Scherzer,456034.0,641941.0,22,Dodger Stadium,night,R
632299,2021-09-30,2021,OAK,SEA,133,136,2,4,6,1,9,0,593423.0,Frankie Montas,669302.0,Logan Gilbert,650895.0,605177.0,680,T-Mobile Park,night,R
632281,2021-09-30,2021,MIL,STL,158,138,3,4,7,1,9,0,474463.0,Brett Anderson,457918.0,J.A. Happ,457918.0,667376.0,2889,Busch Stadium,day,R
632275,2021-09-30,2021,LAA,TEX,108,140,6,7,13,1,9,0,502171.0,Alex Cobb,657248.0,Glenn Otto Jr.,607359.0,623474.0,5325,Globe Life Field,day,R
632286,2021-09-30,2021,CHC,PIT,112,134,9,0,9,0,9,0,657006.0,Justin Steele,664337.0,Miguel Yajure,657006.0,664337.0,31,PNC Park,night,R
632294,2021-09-30,2021,BOS,BAL,111,110,2,6,8,1,9,0,601713.0,Nick Pivetta,649144.0,Alex Wells,649144.0,601713.0,2,Oriole Park at Camden Yards,night,R
632280,2021-09-30,2021,NYY,TOR,147,141,6,2,8,0,9,0,446372.0,Corey Kluber,592662.0,Robbie Ray,650633.0,592662.0,14,Rogers Centre,night,R
632292,2021-09-30,2021,TB,HOU,139,117,2,3,5,1,9,0,543521.0,Collin McHugh,621121.0,Lance McCullers Jr.,621121.0,642232.0,2392,Minute Maid Park,night,R
632283,2021-09-30,2021,MIA,NYM,146,121,3,12,15,1,9,0,665795.0,Edward Cabrera,448179.0,Rich Hill,448179.0,674944.0,3289,Citi Field,night,R
632293,2021-09-30,2021,PHI,ATL,143,144,3,5,8,1,9,0,502043.0,Kyle Gibson,666120.0,Ian Anderson,666120.0,502043.0,4705,Truist Park,night,R
632285,2021-09-30,2021,DET,MIN,116,142,10,7,17,0,9,0,669373.0,Tarik Skubal,657746.0,Joe Ryan,656638.0,621248.0,3312,Target Field,night,R
632284,2021-10-01,2021,CLE,KC,114,118,6,1,7,0,9,0,669456.0,Shane Bieber,672582.0,Angel Zerpa,663531.0,672582.0,7,Kauffman Stadium,night,R
632278,2021-10-01,2021,ARI,SF,109,137,4,5,9,1,9,0,518516.0,Madison Bumgarner,431148.0,Scott Kazmir,643511.0,573009.0,2395,Oracle Park,night,R
632291,2021-10-01,2021,SD,LAD,135,119,3,8,11,1,9,0,592826.0,Vince Velasquez,664062.0,Tony Gonsolin,608349.0,592826.0,22,Dodger Stadium,night,R
632250,2021-10-01,2021,CIN,PIT,113,134,2,9,11,1,9,0,622491.0,Luis Castillo,640444.0,Wil Crowe,608717.0,607237.0,31,PNC Park,night,R
632261,2021-10-01,2021,BOS,WSH,111,120,4,2,6,0,9,0,593958.0,Eduardo Rodriguez,642028.0,Josh Rogers,593958.0,642028.0,3309,Nationals Park,night,R
632282,2021-10-01,2021,TB,NYY,139,147,4,3,7,0,9,0,663556.0,Shane McClanahan,641482.0,Nestor Cortes,545343.0,641482.0,3313,Yankee Stadium,night,R
632268,2021-10-01,2021,BAL,TOR,110,141,4,6,10,1,9,0,664045.0,Thomas Eshelman,571927.0,Steven Matz,571927.0,664045.0,14,Rogers Centre,night,R
632271,2021-10-01,2021,PHI,MIA,143,146,5,0,5,0,9,0,624133.0,Ranger Suárez,645261.0,Sandy Alcantara,624133.0,645261.0,4169,loanDepot park,night,R
632277,2021-10-01,2021,NYM,ATL,121,144,4,3,7,0,9,0,656731.0,Tylor Megill,660623.0,Huascar Ynoa,656731.0,660623.0,4705,Truist Park,night,R
632248,2021-10-02,2021,CLE,TEX,114,140,9,6,15,0,9,0,669212.0,Eli Morgan,675921.0,Spencer Howard,669212.0,675921.0,5325,Globe Life Field,night,R
632279,2021-10-02,2021,OAK,HOU,133,117,8,6,14,0,9,0,640455.0,Sean Manaea,664285.0,Framber Valdez,640455.0,664285.0,2392,Minute Maid Park,night,R
632272,2021-10-02,2021,MIN,KC,142,118,6,11,17,1,9,0,607231.0,John Gant,669169.0,Jonathan Heasley,669169.0,607231.0,7,Kauffman Stadium,night,R
632274,2021-10-02,2021,DET,CWS,116,145,1,8,9,1,9,0,503449.0,Wily Peralta,458681.0,Lance Lynn,458681.0,503449.0,4,Guaranteed Rate Field,night,R
632266,2021-10-02,2021,CHC,STL,112,138,3,4,7,1,9,0,676265.0,Cory Abbott,641712.0,Dakota Hudson,606149.0,667297.0,2889,Busch Stadium,night,R
632276,2021-10-02,2021,COL,ARI,115,109,9,7,16,0,9,0,592351.0,Jon Gray,528748.0,Humberto Castellanos,656458.0,605525.0,15,Chase Field,night,R
632267,2021-10-02,2021,SD,SF,135,137,0,3,3,1,9,0,658648.0,Pedro Avila,543101.0,Anthony DeSclafani,543101.0,658648.0,2395,Oracle Park,night,R
632270,2021-10-02,2021,LAA,SEA,108,136,2,1,3,0,9,0,660761.0,José Suarez,594835.0,Marco Gonzales,660761.0,594835.0,680,T-Mobile Park,night,R
632273,2021-10-02,2021,MIL,LAD,158,119,6,8,14,1,9,0,641778.0,Eric Lauer,477132.0,Clayton Kershaw,595014.0,594311.0,22,Dodger Stadium,night,R
632259,2021-10-02,2021,TB,NYY,139,147,12,2,14,0,9,0,669358.0,Shane Baz,656756.0,Jordan Montgomery,672715.0,656756.0,3313,Yankee Stadium,day,R
632247,2021-10-02,2021,BAL,TOR,110,141,1,10,11,1,9,0,607644.0,John Means,666201.0,Alek Manoah,666201.0,607644.0,14,Rogers Centre,day,R
632244,2021-10-02,2021,BOS,WSH,111,120,5,3,8,0,9,0,656557.0,Tanner Houck,680686.0,Josiah Gray,656354.0,663432.0,3309,Nationals Park,day,R
632256,2021-10-02,2021,SD,SF,135,137,3,2,5,0,10,1,605397.0,Joe Musgrove,592332.0,Kevin Gausman,657612.0,665645.0,2395,Oracle Park,day,R
632263,2021-10-02,2021,PHI,MIA,143,146,1,3,4,1,9,0,668968.0,Hans Crouse,666200.0,Jesús Luzardo,666200.0,668968.0,4169,loanDepot park,night,R
632258,2021-10-02,2021,CIN,PIT,113,134,6,8,14,1,9,0,641816.0,Tyler Mahle,668820.0,Max Kranick,683232.0,663574.0,31,PNC Park,night,R
632251,2021-10-02,2021,CLE,TEX,114,140,2,7,9,1,9,0,663474.0,Triston McKenzie,543475.0,Jordan Lyles,543475.0,663474.0,5325,Globe Life Field,night,R
632249,2021-10-02,2021,OAK,HOU,133,117,4,10,14,1,9,0,621112.0,Paul Blackburn,543606.0,Jake Odorizzi,664208.0,621112.0,2392,Minute Maid Park,night,R
632264,2021-10-02,2021,MIN,KC,142,118,4,0,4,0,9,0,643377.0,Griffin Jax,663460.0,Kris Bubic,643377.0,663460.0,7,Kauffman Stadium,night,R
632265,2021-10-02,2021,DET,CWS,116,145,4,5,9,1,9,0,666159.0,Matt Manning,608337.0,Lucas Giolito,607481.0,608335.0,4,Guaranteed Rate Field,night,R
632257,2021-10-02,2021,CHC,STL,112,138,6,5,11,0,9,0,592716.0,Adrian Sampson,452657.0,Jon Lester,592094.0,472610.0,2889,Busch Stadium,night,R
632262,2021-10-02,2021,NYM,ATL,121,144,5,6,11,1,9,0,471911.0,Carlos Carrasco,445926.0,Jesse Chavez,592767.0,471911.0,4705,Truist Park,night,R
632269,2021-10-03,2021,COL,ARI,115,109,2,11,13,1,9,0,622608.0,Antonio Senzatela,668678.0,Zac Gallen,668678.0,622608.0,15,Chase Field,night,R
632255,2021-10-03,2021,LAA,SEA,108,136,4,6,10,1,9,0,646242.0,Jhonathan Díaz,623167.0,Chris Flexen,623149.0,518553.0,680,T-Mobile Park,night,R
632260,2021-10-03,2021,MIL,LAD,158,119,3,8,11,1,9,0,669203.0,Corbin Burnes,628711.0,Julio Urías,628711.0,669203.0,22,Dodger Stadium,night,R
632234,2021-10-03,2021,BOS,WSH,111,120,7,5,12,0,9,0,519242.0,Chris Sale,672851.0,Joan Adon,593958.0,640448.0,3309,Nationals Park,day,R
632240,2021-10-03,2021,CIN,PIT,113,134,6,3,9,0,9,0,665665.0,Reiver Sanmartin,656605.0,Mitch Keller,665665.0,664074.0,31,PNC Park,day,R
632241,2021-10-03,2021,SD,SF,135,137,4,11,15,1,9,0,663753.0,Reiss Knehr,657277.0,Logan Webb,657277.0,663753.0,2395,Oracle Park,day,R
632236,2021-10-03,2021,CLE,TEX,114,140,6,0,6,0,9,0,650644.0,Aaron Civale,641540.0,Dane Dunning,650644.0,641540.0,5325,Globe Life Field,day,R
632239,2021-10-03,2021,TB,NYY,139,147,0,1,1,1,9,0,608379.0,Michael Wacha,592791.0,Jameson Taillon,547973.0,676596.0,3313,Yankee Stadium,day,R
632235,2021-10-03,2021,BAL,TOR,110,141,4,12,16,1,9,0,669145.0,Bruce Zimmermann,547943.0,Hyun Jin Ryu,547943.0,669145.0,14,Rogers Centre,day,R
632253,2021-10-03,2021,COL,ARI,115,109,4,5,9,1,9,0,623485.0,Ashton Goudeau,650668.0,Humberto Mejía,605525.0,608032.0,15,Chase Field,day,R
632245,2021-10-03,2021,OAK,HOU,133,117,6,7,13,1,9,0,608344.0,Cole Irvin,664353.0,José Urquidy,642130.0,642152.0,2392,Minute Maid Park,day,R
632237,2021-10-03,2021,LAA,SEA,108,136,7,3,10,0,9,0,672282.0,Reid Detmers,542881.0,Tyler Anderson,661383.0,542881.0,680,T-Mobile Park,day,R
632243,2021-10-03,2021,MIN,KC,142,118,7,3,10,0,9,0,656212.0,Charlie Barnes,663804.0,Jackson Kowar,543883.0,663804.0,7,Kauffman Stadium,day,R
632252,2021-10-03,2021,DET,CWS,116,145,5,2,7,0,9,0,641302.0,Tyler Alexander,656302.0,Dylan Cease,641729.0,625643.0,4,Guaranteed Rate Field,day,R
632246,2021-10-03,2021,PHI,MIA,143,146,4,5,9,1,9,0,663559.0,Bailey Falter,641154.0,Pablo López,605507.0,593576.0,4169,loanDepot park,day,R
632242,2021-10-03,2021,MIL,LAD,158,119,3,10,13,1,9,0,474463.0,Brett Anderson,621111.0,Walker Buehler,621111.0,676879.0,22,Dodger Stadium,day,R
632238,2021-10-03,2021,CHC,STL,112,138,3,2,5,0,8,0,621219.0,Alec Mills,663765.0,Jake Woodford,607352.0,663765.0,2889,Busch Stadium,day,R
632254,2021-10-03,2021,NYM,ATL,121,144,0,5,5,1,9,0,592789.0,Noah Syndergaard,450203.0,Charlie Morton,675911.0,592789.0,4705,Truist Park,day,R
