game_id,game_date,season,away_team,home_team,away_team_id,home_team_id,away_score,home_score,total_runs,home_win,innings,extra_innings,away_starter_id,away_starter_name,home_starter_id,home_starter_name,winning_pitcher_id,losing_pitcher_id,venue_id,venue_name,day_night,game_type
630851,2020-07-23,2020,NYY,WSH,147,120,4,1,5,0,6,0,543037.0,Gerrit Cole,453286.0,Max Scherzer,543037.0,453286.0,3309,Nationals Park,night,R
631377,2020-07-24,2020,SF,LAD,137,119,1,8,9,1,9,0,456501.0,Johnny Cueto,669160.0,Dustin May,592473.0,643511.0,22,Dodger Stadium,night,R
631242,2020-07-24,2020,ATL,NYM,144,121,0,1,1,1,9,0,647336.0,Michael Soroka,594798.0,Jacob deGrom,607625.0,455119.0,3289,Citi Field,day,R
631589,2020-07-24,2020,DET,CIN,116,113,1,7,8,1,9,0,571510.0,Matthew Boyd,543243.0,Sonny Gray,543243.0,571510.0,2602,Great American Ball Park,night,R
630966,2020-07-24,2020,TOR,TB,141,139,6,4,10,0,9,0,547943.0,Hyun Jin Ryu,450203.0,Charlie Morton,605447.0,450203.0,12,Tropicana Field,night,R
631121,2020-07-24,2020,MIA,PHI,146,143,5,2,7,0,9,0,645261.0,Sandy Alcantara,605400.0,Aaron Nola,645261.0,605400.0,2681,Citizens Bank Park,night,R
631563,2020-07-24,2020,KC,CLE,118,114,0,2,2,1,9,0,518633.0,Danny Duffy,669456.0,Shane Bieber,669456.0,518633.0,5,Progressive Field,night,R
631641,2020-07-24,2020,MIL,CHC,158,112,0,3,3,1,9,0,605540.0,Brandon Woodruff,543294.0,Kyle Hendricks,543294.0,605540.0,17,Wrigley Field,night,R
631664,2020-07-24,2020,BAL,BOS,110,111,2,13,15,1,9,0,543548.0,Tommy Milone,543135.0,Nathan Eovaldi,543135.0,543548.0,3,Fenway Park,night,R
630941,2020-07-25,2020,COL,TEX,115,140,0,1,1,1,9,0,608566.0,Germán Márquez,458681.0,Lance Lynn,458681.0,608566.0,5325,Globe Life Field,night,R
631514,2020-07-25,2020,MIN,CWS,142,145,10,5,15,0,9,0,621244.0,José Berríos,608337.0,Lucas Giolito,543507.0,608337.0,4,Guaranteed Rate Field,night,R
630989,2020-07-25,2020,PIT,STL,134,138,4,5,9,1,9,0,605397.0,Joe Musgrove,656427.0,Jack Flaherty,656427.0,605397.0,2889,Busch Stadium,night,R
631091,2020-07-25,2020,ARI,SD,109,135,2,7,9,1,9,0,518516.0,Madison Bumgarner,663978.0,Chris Paddack,663978.0,518516.0,2680,Petco Park,night,R
631438,2020-07-25,2020,SEA,HOU,136,117,2,8,10,1,9,0,594835.0,Marco Gonzales,434378.0,Justin Verlander,434378.0,594835.0,2392,Minute Maid Park,night,R
631378,2020-07-25,2020,SF,LAD,137,119,1,9,10,1,9,0,542881.0,Tyler Anderson,548389.0,Ross Stripling,548389.0,542881.0,22,Dodger Stadium,night,R
631182,2020-07-25,2020,LAA,OAK,108,133,3,7,10,1,10,1,571760.0,Andrew Heaney,593423.0,Frankie Montas,572143.0,570663.0,10,Oakland Coliseum,night,R
631642,2020-07-25,2020,MIL,CHC,158,112,8,3,11,0,9,0,669203.0,Corbin Burnes,506433.0,Yu Darvish,608718.0,506433.0,17,Wrigley Field,day,R
631666,2020-07-25,2020,BAL,BOS,110,111,7,2,9,0,9,0,502171.0,Alex Cobb,527048.0,Martín Pérez,502171.0,527048.0,3,Fenway Park,day,R
631515,2020-07-25,2020,MIN,CWS,142,145,3,10,13,1,9,0,677976.0,Randy Dobnak,572971.0,Dallas Keuchel,572971.0,677976.0,4,Guaranteed Rate Field,day,R
630992,2020-07-25,2020,PIT,STL,134,138,1,9,10,1,9,0,592866.0,Trevor Williams,425794.0,Adam Wainwright,425794.0,592866.0,2889,Busch Stadium,day,R
630967,2020-07-25,2020,TOR,TB,141,139,1,4,5,1,9,0,533167.0,Matt Shoemaker,642232.0,Ryan Yarbrough,623433.0,543208.0,12,Tropicana Field,day,R
630942,2020-07-25,2020,COL,TEX,115,140,3,2,5,0,9,0,592351.0,Jon Gray,501985.0,Mike Minor,453268.0,501985.0,5325,Globe Life Field,day,R
631108,2020-07-25,2020,MIA,PHI,146,143,1,7,8,1,9,0,592761.0,Caleb Smith,554430.0,Zack Wheeler,554430.0,681911.0,2681,Citizens Bank Park,day,R
631181,2020-07-25,2020,LAA,OAK,108,133,4,1,5,0,9,0,605164.0,Dylan Bundy,640455.0,Sean Manaea,605164.0,640455.0,10,Oakland Coliseum,day,R
631453,2020-07-25,2020,SEA,HOU,136,117,2,7,9,1,9,0,592836.0,Taijuan Walker,621121.0,Lance McCullers Jr.,621121.0,592836.0,2392,Minute Maid Park,day,R
631382,2020-07-25,2020,SF,LAD,137,119,5,4,9,0,9,0,657277.0,Logan Webb,622072.0,Alex Wood,670056.0,622072.0,22,Dodger Stadium,day,R
631241,2020-07-25,2020,ATL,NYM,144,121,5,3,8,0,10,1,608331.0,Max Fried,571927.0,Steven Matz,592426.0,519326.0,3289,Citi Field,day,R
631603,2020-07-25,2020,DET,CIN,116,113,6,4,10,0,9,0,467100.0,Iván Nova,622491.0,Luis Castillo,571656.0,628452.0,2602,Great American Ball Park,night,R
631565,2020-07-25,2020,KC,CLE,118,114,3,2,5,0,10,1,663903.0,Brady Singer,605182.0,Mike Clevinger,605130.0,675916.0,5,Progressive Field,night,R
630899,2020-07-25,2020,NYY,WSH,147,120,2,9,11,1,9,0,572020.0,James Paxton,607200.0,Erick Fedde,663432.0,572020.0,3309,Nationals Park,night,R
631092,2020-07-26,2020,ARI,SD,109,135,1,5,6,1,9,0,592662.0,Robbie Ray,659275.0,Dinelson Lamet,659275.0,592662.0,2680,Petco Park,night,R
631126,2020-07-26,2020,MIA,PHI,146,143,11,6,17,0,9,0,667498.0,Robert Dugger,592826.0,Vince Velasquez,605501.0,608344.0,2681,Citizens Bank Park,day,R
630856,2020-07-26,2020,NYY,WSH,147,120,3,2,5,0,9,0,642528.0,Jonathan Loáisiga,571578.0,Patrick Corbin,643338.0,448281.0,3309,Nationals Park,day,R
631591,2020-07-26,2020,DET,CIN,116,113,3,2,5,0,9,0,605513.0,Spencer Turnbull,545333.0,Trevor Bauer,542585.0,547179.0,2602,Great American Ball Park,day,R
631566,2020-07-26,2020,KC,CLE,118,114,2,9,11,1,9,0,671790.0,Ronald Bolaños,471911.0,Carlos Carrasco,471911.0,671790.0,5,Progressive Field,day,R
630968,2020-07-26,2020,TOR,TB,141,139,5,6,11,1,10,1,641672.0,Thomas Hatch,605483.0,Blake Snell,475054.0,685493.0,12,Tropicana Field,day,R
631668,2020-07-26,2020,BAL,BOS,110,111,7,4,11,0,9,0,453281.0,Wade LeBlanc,543901.0,Ryan Weber,453281.0,543901.0,3,Fenway Park,day,R
631441,2020-07-26,2020,SEA,HOU,136,117,7,6,13,0,9,0,579328.0,Yusei Kikuchi,425844.0,Zack Greinke,656186.0,606965.0,2392,Minute Maid Park,day,R
631517,2020-07-26,2020,MIN,CWS,142,145,14,2,16,0,9,0,628317.0,Kenta Maeda,625643.0,Reynaldo López,628317.0,625643.0,4,Guaranteed Rate Field,day,R
630993,2020-07-26,2020,PIT,STL,134,138,5,1,6,0,9,0,656605.0,Mitch Keller,641712.0,Dakota Hudson,656605.0,641712.0,2889,Busch Stadium,day,R
631643,2020-07-26,2020,MIL,CHC,158,112,1,9,10,1,9,0,642547.0,Freddy Peralta,543022.0,Tyler Chatwood,543022.0,642547.0,17,Wrigley Field,day,R
630943,2020-07-26,2020,COL,TEX,115,140,5,2,7,0,9,0,607536.0,Kyle Freeland,446372.0,Corey Kluber,607536.0,643478.0,5325,Globe Life Field,day,R
631165,2020-07-26,2020,LAA,OAK,108,133,4,6,10,1,9,0,660271.0,Shohei Ohtani,571666.0,Mike Fiers,433589.0,660271.0,10,Oakland Coliseum,day,R
631097,2020-07-26,2020,ARI,SD,109,135,4,3,7,0,9,0,668678.0,Zac Gallen,572070.0,Garrett Richards,605151.0,489446.0,2680,Petco Park,day,R
631240,2020-07-26,2020,ATL,NYM,144,121,14,1,15,0,9,0,656794.0,Sean Newcomb,519144.0,Rick Porcello,468504.0,519144.0,3289,Citi Field,night,R
631384,2020-07-27,2020,SF,LAD,137,119,3,1,4,0,9,0,592767.0,Drew Smyly,628711.0,Julio Urías,593974.0,660813.0,22,Dodger Stadium,night,R
631168,2020-07-27,2020,LAA,OAK,108,133,0,3,3,1,9,0,656288.0,Griffin Canning,605135.0,Chris Bassitt,572143.0,656288.0,10,Oakland Coliseum,day,R
631098,2020-07-27,2020,ARI,SD,109,135,2,6,8,1,9,0,596133.0,Luke Weaver,664192.0,Joey Lucchesi,615698.0,596133.0,2680,Petco Park,day,R
630861,2020-07-27,2020,TOR,WSH,141,120,4,1,5,0,9,0,663423.0,Trent Thornton,434671.0,Aníbal Sánchez,621366.0,434671.0,3309,Nationals Park,night,R
631592,2020-07-27,2020,CHC,CIN,112,113,8,7,15,0,9,0,452657.0,Jon Lester,489119.0,Wade Miley,452657.0,489119.0,2602,Great American Ball Park,night,R
630969,2020-07-27,2020,ATL,TB,144,139,5,14,19,1,9,0,592314.0,Mike Foltynewicz,607192.0,Tyler Glasnow,650895.0,592314.0,12,Tropicana Field,night,R
631130,2020-07-27,2020,MIL,PIT,158,134,6,5,11,0,11,1,605288.0,Adrian Houser,643230.0,Steven Brault,475479.0,596720.0,31,PNC Park,night,R
631489,2020-07-27,2020,KC,DET,118,116,14,6,20,0,9,0,543557.0,Mike Montgomery,605242.0,Michael Fulmer,656492.0,608335.0,2394,Comerica Park,night,R
631442,2020-07-27,2020,SEA,HOU,136,117,5,8,13,1,9,0,608665.0,Kendall Graveman,657624.0,Josh James,656232.0,608665.0,2392,Minute Maid Park,night,R
631669,2020-07-27,2020,NYM,BOS,121,111,7,4,11,0,9,0,608379.0,Michael Wacha,592612.0,Josh Osich,608379.0,592612.0,3,Fenway Park,night,R
631127,2020-07-27,2020,NYY,PHI,147,143,0,0,0,0,9,0,457918.0,J.A. Happ,453562.0,Jake Arrieta,,,2681,Citizens Bank Park,night,R
631567,2020-07-27,2020,CWS,CLE,145,114,0,0,0,0,9,0,656302.0,Dylan Cease,650644.0,Aaron Civale,,,5,Progressive Field,night,R
631339,2020-07-27,2020,BAL,MIA,110,146,0,0,0,0,9,0,592879.0,Asher Wojciechowski,641154.0,Pablo López,,,4169,Marlins Park,night,R
631573,2020-07-28,2020,CWS,CLE,145,114,3,4,7,1,9,0,656302.0,Dylan Cease,650644.0,Aaron Civale,650644.0,656302.0,5,Progressive Field,day,R
631567,2020-07-28,2020,CWS,CLE,145,114,3,5,8,1,9,0,607074.0,Carlos Rodón,592644.0,Adam Plutko,592644.0,607074.0,5,Progressive Field,day,R
630866,2020-07-28,2020,TOR,WSH,141,120,5,1,6,0,9,0,543699.0,Tanner Roark,608723.0,Austin Voth,543699.0,608723.0,3309,Nationals Park,night,R
631593,2020-07-28,2020,CHC,CIN,112,113,8,5,13,0,9,0,621219.0,Alec Mills,641816.0,Tyler Mahle,621219.0,642003.0,2602,Great American Ball Park,night,R
630970,2020-07-28,2020,ATL,TB,144,139,2,5,7,1,9,0,657140.0,Kyle Wright,630023.0,Yonny Chirinos,664126.0,657140.0,12,Tropicana Field,night,R
631132,2020-07-28,2020,MIL,PIT,158,134,6,8,14,1,9,0,458676.0,Josh Lindblom,502706.0,Derek Holland,664129.0,592833.0,31,PNC Park,night,R
631490,2020-07-28,2020,KC,DET,118,116,3,4,7,1,9,0,622092.0,Kyle Zimmer,665621.0,Rony García,641302.0,676604.0,2394,Comerica Park,night,R
631663,2020-07-28,2020,NYM,BOS,121,111,8,3,11,0,9,0,656849.0,David Peterson,664180.0,Matt Hall,656849.0,664180.0,3,Fenway Park,night,R
631269,2020-07-29,2020,STL,MIN,138,142,3,6,9,1,9,0,593372.0,Carlos Martinez,456701.0,Homer Bailey,456701.0,593372.0,3312,Target Field,night,R
630944,2020-07-29,2020,ARI,TEX,109,140,4,1,5,0,9,0,518876.0,Merrill Kelly,502043.0,Kyle Gibson,518876.0,502043.0,5325,Globe Life Field,night,R
631443,2020-07-29,2020,LAD,HOU,119,117,5,2,7,0,9,0,621111.0,Walker Buehler,664285.0,Framber Valdez,592473.0,664285.0,2392,Minute Maid Park,night,R
631171,2020-07-29,2020,COL,OAK,115,133,8,3,11,0,9,0,622608.0,Antonio Senzatela,596043.0,Daniel Mengden,622608.0,596043.0,10,Oakland Coliseum,night,R
631387,2020-07-29,2020,SEA,LAA,136,108,2,10,12,1,9,0,656954.0,Justus Sheffield,663776.0,Patrick Sandoval,488748.0,656954.0,1,Angel Stadium,night,R
631014,2020-07-29,2020,SD,SF,135,137,5,3,8,0,9,0,605200.0,Zach Davies,502188.0,Jeff Samardzija,605200.0,502188.0,2395,Oracle Park,night,R
631129,2020-07-28,2020,NYY,PHI,147,143,0,0,0,0,9,0,543037.0,Gerrit Cole,621107.0,Zach Eflin,,,2681,Citizens Bank Park,night,R
631340,2020-07-28,2020,BAL,MIA,110,146,0,0,0,0,9,0,640464.0,Kohl Stewart,622694.0,Elieser Hernández,,,4169,Marlins Park,night,R
631172,2020-07-29,2020,COL,OAK,115,133,5,1,6,0,9,0,608566.0,Germán Márquez,593423.0,Frankie Montas,608566.0,593423.0,10,Oakland Coliseum,day,R
630940,2020-07-29,2020,ARI,TEX,109,140,4,7,11,1,9,0,518516.0,Madison Bumgarner,458681.0,Lance Lynn,642546.0,605177.0,5325,Globe Life Field,day,R
630916,2020-07-29,2020,WSH,TOR,120,141,4,0,4,0,10,1,453286.0,Max Scherzer,663878.0,Nate Pearson,543339.0,685493.0,3309,Nationals Park,night,R
631569,2020-07-29,2020,CWS,CLE,145,114,4,0,4,0,9,0,608337.0,Lucas Giolito,668676.0,Zach Plesac,607481.0,543272.0,5,Progressive Field,night,R
631594,2020-07-29,2020,CHC,CIN,112,113,7,12,19,1,9,0,543294.0,Kyle Hendricks,543243.0,Sonny Gray,543243.0,543294.0,2602,Great American Ball Park,night,R
631137,2020-07-29,2020,MIL,PIT,158,134,3,0,3,0,9,0,605540.0,Brandon Woodruff,605397.0,Joe Musgrove,605540.0,605397.0,31,PNC Park,night,R
631492,2020-07-29,2020,KC,DET,118,116,4,5,9,1,9,0,518633.0,Danny Duffy,571510.0,Matthew Boyd,650530.0,453178.0,2394,Comerica Park,night,R
631444,2020-07-29,2020,LAD,HOU,119,117,4,2,6,0,13,1,669160.0,Dustin May,664299.0,Cristian Javier,642701.0,605482.0,2392,Minute Maid Park,night,R
631239,2020-07-29,2020,BOS,NYM,111,121,6,5,11,0,9,0,543135.0,Nathan Eovaldi,594798.0,Jacob deGrom,592390.0,458677.0,3289,Citi Field,night,R
630272,2020-07-29,2020,TB,ATL,139,144,4,7,11,1,9,0,450203.0,Charlie Morton,647336.0,Michael Soroka,503285.0,543118.0,4705,Truist Park,night,R
630495,2020-07-29,2020,NYY,BAL,147,110,9,3,12,0,9,0,543037.0,Gerrit Cole,592879.0,Asher Wojciechowski,543037.0,592879.0,2,Oriole Park at Camden Yards,night,R
631270,2020-07-30,2020,STL,MIN,138,142,0,3,3,1,9,0,594965.0,Daniel Ponce de Leon,448179.0,Rich Hill,448179.0,594965.0,3312,Target Field,night,R
631033,2020-07-30,2020,SD,SF,135,137,6,7,13,1,9,0,663978.0,Chris Paddack,456501.0,Johnny Cueto,643511.0,621381.0,2395,Oracle Park,night,R
631389,2020-07-30,2020,SEA,LAA,136,108,10,7,17,0,9,0,643290.0,Justin Dunn,571760.0,Andrew Heaney,543766.0,606930.0,1,Angel Stadium,night,R
631219,2020-07-29,2020,PHI,NYY,143,147,0,0,0,0,9,0,621107.0,Zach Eflin,543037.0,Gerrit Cole,,,3313,Yankee Stadium,night,R
630575,2020-07-29,2020,MIA,BAL,146,110,0,0,0,0,9,0,645261.0,Sandy Alcantara,543548.0,Tommy Milone,,,2,Oriole Park at Camden Yards,night,R
630917,2020-07-30,2020,WSH,TOR,120,141,6,4,10,0,9,0,607200.0,Erick Fedde,547943.0,Hyun Jin Ryu,607560.0,547943.0,3309,Nationals Park,day,R
630496,2020-07-30,2020,NYY,BAL,147,110,8,6,14,0,9,0,457918.0,J.A. Happ,607644.0,John Means,642528.0,642121.0,2,Oriole Park at Camden Yards,night,R
631238,2020-07-30,2020,BOS,NYM,111,121,4,2,6,0,9,0,527048.0,Martín Pérez,571927.0,Steven Matz,527048.0,571927.0,3289,Citi Field,night,R
631271,2020-07-30,2020,CLE,MIN,114,142,2,0,2,0,9,0,669456.0,Shane Bieber,621244.0,José Berríos,669456.0,621244.0,3312,Target Field,night,R
631494,2020-07-30,2020,KC,DET,118,116,5,3,8,0,9,0,663903.0,Brady Singer,467100.0,Iván Nova,518813.0,542585.0,2394,Comerica Park,night,R
630346,2020-07-30,2020,TB,ATL,139,144,1,2,3,1,9,0,642232.0,Ryan Yarbrough,608331.0,Max Fried,608331.0,642232.0,4705,Truist Park,night,R
630145,2020-07-31,2020,LAD,ARI,119,109,6,3,9,0,9,0,548389.0,Ross Stripling,592662.0,Robbie Ray,548389.0,592662.0,15,Chase Field,night,R
631390,2020-07-31,2020,SEA,LAA,136,108,8,5,13,0,9,0,594835.0,Marco Gonzales,605164.0,Dylan Bundy,594835.0,605164.0,1,Angel Stadium,night,R
631018,2020-07-31,2020,SD,SF,135,137,12,7,19,0,10,1,659275.0,Dinelson Lamet,592332.0,Kevin Gausman,572955.0,643511.0,2395,Oracle Park,night,R
631595,2020-07-30,2020,CHC,CIN,112,113,0,0,0,0,9,0,506433.0,Yu Darvish,622491.0,Luis Castillo,,,2602,Great American Ball Park,night,R
631220,2020-07-30,2020,PHI,NYY,143,147,0,0,0,0,9,0,554430.0,Zack Wheeler,,,,,3313,Yankee Stadium,night,R
630591,2020-07-30,2020,MIA,BAL,146,110,0,0,0,0,9,0,592761.0,Caleb Smith,,,,,2,Oriole Park at Camden Yards,night,R
631222,2020-07-31,2020,BOS,NYY,111,147,1,5,6,1,9,0,543901.0,Ryan Weber,656756.0,Jordan Montgomery,656756.0,543901.0,3313,Yankee Stadium,night,R
631480,2020-07-31,2020,CIN,DET,113,116,2,7,9,1,9,0,622491.0,Luis Castillo,605513.0,Spencer Turnbull,605513.0,622491.0,2394,Comerica Park,night,R
630275,2020-07-31,2020,NYM,ATL,121,144,10,11,21,1,9,0,519144.0,Rick Porcello,656794.0,Sean Newcomb,594795.0,607625.0,4705,Truist Park,night,R
630592,2020-07-31,2020,TB,BAL,139,110,3,6,9,1,9,0,605483.0,Blake Snell,502171.0,Alex Cobb,643316.0,664126.0,2,Oriole Park at Camden Yards,night,R
631410,2020-08-01,2020,CWS,KC,145,118,3,2,5,0,9,0,572971.0,Dallas Keuchel,663460.0,Kris Bubic,572971.0,663460.0,7,Kauffman Stadium,night,R
631539,2020-08-01,2020,SD,COL,135,115,8,7,15,0,9,0,572070.0,Garrett Richards,592351.0,Jon Gray,489334.0,451584.0,19,Coors Field,night,R
631272,2020-08-01,2020,CLE,MIN,114,142,1,4,5,1,9,0,605182.0,Mike Clevinger,677976.0,Randy Dobnak,677976.0,605182.0,3312,Target Field,night,R
631647,2020-08-01,2020,PIT,CHC,134,112,3,6,9,1,9,0,592866.0,Trevor Williams,506433.0,Yu Darvish,506433.0,592866.0,17,Wrigley Field,night,R
631391,2020-08-01,2020,HOU,LAA,117,108,9,6,15,0,9,0,621121.0,Lance McCullers Jr.,542882.0,Matt Andriese,656232.0,542882.0,1,Angel Stadium,night,R
631019,2020-08-01,2020,TEX,SF,140,137,2,9,11,1,9,0,501985.0,Mike Minor,657277.0,Logan Webb,669214.0,501985.0,2395,Oracle Park,night,R
630201,2020-08-01,2020,LAD,ARI,119,109,3,5,8,1,9,0,664062.0,Tony Gonsolin,668678.0,Zac Gallen,444468.0,595014.0,15,Chase Field,night,R
631066,2020-08-01,2020,OAK,SEA,133,136,3,5,8,1,9,0,640455.0,Sean Manaea,592836.0,Taijuan Walker,592836.0,640455.0,680,T-Mobile Park,night,R
631289,2020-07-31,2020,STL,MIL,138,158,0,0,0,0,9,0,656427.0,Jack Flaherty,474463.0,Brett Anderson,,,32,Miller Park,day,R
631341,2020-07-31,2020,WSH,MIA,120,146,0,0,0,0,9,0,,,,,,,4169,Marlins Park,night,R
631413,2020-08-01,2020,CWS,KC,145,118,11,5,16,0,9,0,461829.0,Gio Gonzalez,671790.0,Ronald Bolaños,641582.0,671790.0,7,Kauffman Stadium,night,R
631392,2020-08-01,2020,HOU,LAA,117,108,4,5,9,1,10,1,425844.0,Zack Greinke,656288.0,Griffin Canning,488748.0,670550.0,1,Angel Stadium,day,R
631224,2020-08-01,2020,BOS,NYY,111,147,2,5,7,1,9,0,643327.0,Zack Godley,547888.0,Masahiro Tanaka,656793.0,643327.0,3313,Yankee Stadium,night,R
631273,2020-08-01,2020,CLE,MIN,114,142,0,3,3,1,9,0,471911.0,Carlos Carrasco,628317.0,Kenta Maeda,628317.0,471911.0,3312,Target Field,night,R
630278,2020-08-01,2020,NYM,ATL,121,144,1,7,8,1,9,0,608379.0,Michael Wacha,657053.0,Touki Toussaint,458708.0,608379.0,4705,Truist Park,night,R
630492,2020-08-01,2020,TB,BAL,139,110,4,5,9,1,11,1,607192.0,Tyler Glasnow,453281.0,Wade LeBlanc,664042.0,543118.0,2,Oriole Park at Camden Yards,night,R
630100,2020-08-02,2020,LAD,ARI,119,109,11,2,13,0,9,0,628711.0,Julio Urías,596133.0,Luke Weaver,628711.0,596133.0,15,Chase Field,night,R
631540,2020-08-02,2020,SD,COL,135,115,1,6,7,1,9,0,664192.0,Joey Lucchesi,607536.0,Kyle Freeland,607536.0,664192.0,19,Coors Field,night,R
631622,2020-08-02,2020,PIT,CHC,134,112,3,4,7,1,9,0,656605.0,Mitch Keller,543022.0,Tyler Chatwood,543022.0,656605.0,17,Wrigley Field,night,R
631067,2020-08-02,2020,OAK,SEA,133,136,3,2,5,0,10,1,571666.0,Mike Fiers,579328.0,Yusei Kikuchi,465657.0,656186.0,680,T-Mobile Park,night,R
631020,2020-08-02,2020,TEX,SF,140,137,3,7,10,1,9,0,543475.0,Jordan Lyles,592767.0,Drew Smyly,670056.0,543475.0,2395,Oracle Park,night,R
631469,2020-08-01,2020,CIN,DET,113,116,0,0,0,0,9,0,545333.0,Trevor Bauer,605242.0,Michael Fulmer,,,2394,Comerica Park,day,R
630919,2020-08-01,2020,PHI,TOR,143,141,0,0,0,0,9,0,,,,,,,2681,Citizens Bank Park,day,R
630918,2020-08-01,2020,PHI,TOR,143,141,0,0,0,0,9,0,,,,,,,2681,Citizens Bank Park,day,R
631342,2020-08-01,2020,WSH,MIA,120,146,0,0,0,0,9,0,,,,,,,4169,Marlins Park,night,R
631288,2020-08-01,2020,STL,MIL,138,158,0,0,0,0,9,0,656427.0,Jack Flaherty,474463.0,Brett Anderson,,,32,Miller Park,night,R
631470,2020-08-02,2020,CIN,DET,113,116,4,3,7,0,7,0,543101.0,Anthony DeSclafani,665621.0,Rony García,628452.0,641729.0,2394,Comerica Park,day,R
631469,2020-08-02,2020,CIN,DET,113,116,4,0,4,0,7,0,545333.0,Trevor Bauer,596057.0,Daniel Norris,545333.0,596057.0,2394,Comerica Park,day,R
630493,2020-08-02,2020,TB,BAL,139,110,1,5,6,1,9,0,630023.0,Yonny Chirinos,543548.0,Tommy Milone,623465.0,656222.0,2,Oriole Park at Camden Yards,day,R
630280,2020-08-02,2020,NYM,ATL,121,144,0,4,4,1,9,0,656849.0,David Peterson,657140.0,Kyle Wright,554431.0,656849.0,4705,Truist Park,day,R
631415,2020-08-02,2020,CWS,KC,145,118,9,2,11,0,9,0,656302.0,Dylan Cease,596001.0,Jakob Junis,656302.0,605130.0,7,Kauffman Stadium,day,R
631274,2020-08-02,2020,CLE,MIN,114,142,1,3,4,1,9,0,650644.0,Aaron Civale,461325.0,Tyler Clippard,656970.0,650644.0,3312,Target Field,day,R
631606,2020-08-02,2020,PIT,CHC,134,112,1,2,3,1,11,1,643230.0,Steven Brault,452657.0,Jon Lester,502026.0,664074.0,17,Wrigley Field,day,R
631541,2020-08-02,2020,SD,COL,135,115,6,9,15,1,9,0,605200.0,Zach Davies,622608.0,Antonio Senzatela,622608.0,605200.0,19,Coors Field,day,R
631021,2020-08-02,2020,TEX,SF,140,137,9,5,14,0,9,0,663465.0,Kolby Allard,502188.0,Jeff Samardzija,642546.0,592811.0,2395,Oracle Park,day,R
631393,2020-08-02,2020,HOU,LAA,117,108,6,5,11,0,11,1,657624.0,Josh James,660271.0,Shohei Ohtani,642130.0,606930.0,1,Angel Stadium,day,R
630101,2020-08-02,2020,LAD,ARI,119,109,3,0,3,0,9,0,477132.0,Clayton Kershaw,518876.0,Merrill Kelly,477132.0,518876.0,15,Chase Field,day,R
631068,2020-08-02,2020,OAK,SEA,133,136,3,2,5,0,9,0,605135.0,Chris Bassitt,608665.0,Kendall Graveman,605135.0,608665.0,680,T-Mobile Park,day,R
631210,2020-08-02,2020,BOS,NYY,111,147,7,9,16,1,9,0,592169.0,Austin Brice,572020.0,James Paxton,493603.0,598264.0,3313,Yankee Stadium,night,R
631329,2020-08-02,2020,WSH,MIA,120,146,0,0,0,0,9,0,,,,,,,4169,Marlins Park,day,R
631292,2020-08-02,2020,STL,MIL,138,158,0,0,0,0,9,0,425794.0,Adam Wainwright,605288.0,Adrian Houser,,,32,Miller Park,day,R
631289,2020-08-02,2020,STL,MIL,138,158,0,0,0,0,9,0,,,,,,,32,Miller Park,day,R
630907,2020-08-02,2020,PHI,TOR,143,141,0,0,0,0,9,0,453562.0,Jake Arrieta,,,,,2681,Citizens Bank Park,day,R
631596,2020-08-03,2020,CLE,CIN,114,113,2,3,5,1,9,0,668676.0,Zach Plesac,543243.0,Sonny Gray,543243.0,668676.0,2602,Great American Ball Park,night,R
631219,2020-08-03,2020,PHI,NYY,143,147,3,6,9,1,9,0,453562.0,Jake Arrieta,543037.0,Gerrit Cole,543037.0,453562.0,3313,Yankee Stadium,night,R
630281,2020-08-03,2020,NYM,ATL,121,144,7,2,9,0,9,0,594798.0,Jacob deGrom,647336.0,Michael Soroka,594798.0,647336.0,4705,Truist Park,night,R
631275,2020-08-04,2020,PIT,MIN,134,142,4,5,9,1,9,0,502706.0,Derek Holland,626929.0,Lewis Thorpe,573124.0,595897.0,3312,Target Field,night,R
631293,2020-08-04,2020,CWS,MIL,145,158,6,4,10,0,9,0,607074.0,Carlos Rodón,474463.0,Brett Anderson,446321.0,475479.0,32,Miller Park,night,R
631645,2020-08-04,2020,KC,CHC,118,112,0,2,2,1,9,0,518633.0,Danny Duffy,621219.0,Alec Mills,621219.0,518633.0,17,Wrigley Field,night,R
631542,2020-08-04,2020,SF,COL,137,115,6,7,13,1,9,0,456501.0,Johnny Cueto,592346.0,Chi Chi González,656546.0,593974.0,19,Coors Field,night,R
631090,2020-08-04,2020,LAD,SD,119,135,4,5,9,1,9,0,621111.0,Walker Buehler,663978.0,Chris Paddack,663978.0,660813.0,2680,Petco Park,night,R
631070,2020-08-04,2020,OAK,SEA,133,136,11,1,12,0,9,0,593423.0,Frankie Montas,656954.0,Justus Sheffield,593423.0,656954.0,680,T-Mobile Park,night,R
631276,2020-08-04,2020,PIT,MIN,134,142,3,7,10,1,9,0,605397.0,Joe Musgrove,621244.0,José Berríos,621244.0,605397.0,3312,Target Field,day,R
631597,2020-08-04,2020,CLE,CIN,114,113,4,2,6,0,9,0,669456.0,Shane Bieber,641816.0,Tyler Mahle,669456.0,518858.0,2602,Great American Ball Park,night,R
630971,2020-08-04,2020,BOS,TB,111,139,1,5,6,1,9,0,543135.0,Nathan Eovaldi,450203.0,Charlie Morton,450203.0,543135.0,12,Tropicana Field,night,R
630874,2020-08-04,2020,NYM,WSH,121,120,3,5,8,1,9,0,571927.0,Steven Matz,571578.0,Patrick Corbin,571578.0,571927.0,3309,Nationals Park,night,R
630284,2020-08-04,2020,TOR,ATL,141,144,1,10,11,1,9,0,533167.0,Matt Shoemaker,608331.0,Max Fried,608331.0,533167.0,4705,Truist Park,night,R
630575,2020-08-04,2020,MIA,BAL,146,110,4,0,4,0,9,0,641154.0,Pablo López,607644.0,John Means,641154.0,607644.0,2,Oriole Park at Camden Yards,night,R
631294,2020-08-05,2020,CWS,MIL,145,158,3,2,5,0,9,0,608337.0,Lucas Giolito,605540.0,Brandon Woodruff,608337.0,642207.0,32,Miller Park,night,R
631608,2020-08-05,2020,KC,CHC,118,112,4,5,9,1,9,0,663903.0,Brady Singer,543294.0,Kyle Hendricks,543294.0,663903.0,17,Wrigley Field,night,R
631543,2020-08-05,2020,SF,COL,137,115,2,5,7,1,9,0,592332.0,Kevin Gausman,608566.0,Germán Márquez,608566.0,592332.0,19,Coors Field,night,R
630109,2020-08-05,2020,HOU,ARI,117,109,8,2,10,0,9,0,664299.0,Cristian Javier,518516.0,Madison Bumgarner,664299.0,518516.0,15,Chase Field,night,R
631069,2020-08-05,2020,LAD,SD,119,135,5,2,7,0,9,0,669160.0,Dustin May,659275.0,Dinelson Lamet,669160.0,489334.0,2680,Petco Park,night,R
631173,2020-08-05,2020,TEX,OAK,140,133,1,5,6,1,9,0,458681.0,Lance Lynn,666200.0,Jesús Luzardo,521230.0,450172.0,10,Oakland Coliseum,night,R
631057,2020-08-05,2020,LAA,SEA,108,136,5,3,8,0,9,0,571760.0,Andrew Heaney,643290.0,Justin Dunn,571760.0,643290.0,680,T-Mobile Park,night,R
631472,2020-08-04,2020,STL,DET,138,116,0,0,0,0,9,0,,,,,,,2394,Comerica Park,night,R
631318,2020-08-04,2020,PHI,MIA,143,146,0,0,0,0,9,0,,,,,,,4169,Marlins Park,night,R
631220,2020-08-05,2020,PHI,NYY,143,147,11,7,18,0,7,0,554430.0,Zack Wheeler,457918.0,J.A. Happ,554430.0,457918.0,2681,Citizens Bank Park,night,R
631127,2020-08-05,2020,NYY,PHI,147,143,3,1,4,0,7,0,642528.0,Jonathan Loáisiga,605400.0,Aaron Nola,493603.0,488984.0,2681,Citizens Bank Park,night,R
630591,2020-08-05,2020,MIA,BAL,146,110,1,0,1,0,7,0,622694.0,Elieser Hernández,502171.0,Alex Cobb,543883.0,502171.0,2,Oriole Park at Camden Yards,night,R
631339,2020-08-05,2020,BAL,MIA,110,146,1,2,3,1,7,0,592879.0,Asher Wojciechowski,595001.0,Josh A. Smith,572383.0,592879.0,2,Oriole Park at Camden Yards,night,R
630878,2020-08-05,2020,NYM,WSH,121,120,3,1,4,0,9,0,519144.0,Rick Porcello,453286.0,Max Scherzer,519144.0,607200.0,3309,Nationals Park,night,R
630972,2020-08-05,2020,BOS,TB,111,139,5,0,5,0,9,0,527048.0,Martín Pérez,642232.0,Ryan Yarbrough,527048.0,642232.0,12,Tropicana Field,night,R
631140,2020-08-05,2020,MIN,PIT,142,134,5,2,7,0,9,0,677976.0,Randy Dobnak,592866.0,Trevor Williams,677976.0,592866.0,31,PNC Park,night,R
631570,2020-08-05,2020,CIN,CLE,113,114,0,2,2,1,9,0,622088.0,Tejay Antone,605182.0,Mike Clevinger,605182.0,622088.0,5,Progressive Field,night,R
630307,2020-08-05,2020,TOR,ATL,141,144,2,1,3,0,9,0,547943.0,Hyun Jin Ryu,656794.0,Sean Newcomb,547943.0,656794.0,4705,Truist Park,night,R
631417,2020-08-06,2020,CHC,KC,112,118,6,1,7,0,9,0,506433.0,Yu Darvish,663460.0,Kris Bubic,506433.0,663460.0,7,Kauffman Stadium,night,R
631518,2020-08-06,2020,MIL,CWS,158,145,1,0,1,0,9,0,605288.0,Adrian Houser,572971.0,Dallas Keuchel,605288.0,572971.0,4,Guaranteed Rate Field,night,R
631544,2020-08-06,2020,SF,COL,137,115,4,3,7,0,9,0,657277.0,Logan Webb,592351.0,Jon Gray,657277.0,592351.0,19,Coors Field,night,R
630110,2020-08-06,2020,HOU,ARI,117,109,7,14,21,1,9,0,621121.0,Lance McCullers Jr.,592662.0,Robbie Ray,592662.0,621121.0,15,Chase Field,night,R
631085,2020-08-06,2020,LAD,SD,119,135,7,6,13,0,9,0,548389.0,Ross Stripling,572070.0,Garrett Richards,548389.0,572070.0,2680,Petco Park,night,R
631174,2020-08-06,2020,TEX,OAK,140,133,4,6,10,1,9,0,502043.0,Kyle Gibson,640455.0,Sean Manaea,519008.0,664139.0,10,Oakland Coliseum,night,R
631043,2020-08-06,2020,LAA,SEA,108,136,6,7,13,1,9,0,527054.0,Julio Teheran,594835.0,Marco Gonzales,594835.0,527054.0,680,T-Mobile Park,night,R
631471,2020-08-05,2020,STL,DET,138,116,0,0,0,0,9,0,,,,,,,2394,Comerica Park,day,R
630994,2020-08-05,2020,DET,STL,116,138,0,0,0,0,9,0,,,,,,,2394,Comerica Park,day,R
631320,2020-08-05,2020,PHI,MIA,143,146,0,0,0,0,9,0,,,,,,,4169,Marlins Park,night,R
630497,2020-08-05,2020,NYY,BAL,147,110,0,0,0,0,9,0,,,,,,,2,Oriole Park at Camden Yards,night,R
631148,2020-08-06,2020,MIN,PIT,142,134,5,6,11,1,9,0,628317.0,Kenta Maeda,664141.0,JT Brubaker,607572.0,573124.0,31,PNC Park,day,R
631545,2020-08-06,2020,SF,COL,137,115,4,6,10,1,9,0,542881.0,Tyler Anderson,607536.0,Kyle Freeland,622075.0,670329.0,19,Coors Field,day,R
631175,2020-08-06,2020,TEX,OAK,140,133,4,6,10,1,9,0,501985.0,Mike Minor,571666.0,Mike Fiers,571666.0,501985.0,10,Oakland Coliseum,day,R
631042,2020-08-06,2020,LAA,SEA,108,136,6,1,7,0,9,0,605164.0,Dylan Bundy,592836.0,Taijuan Walker,605164.0,592836.0,680,T-Mobile Park,day,R
631129,2020-08-06,2020,NYY,PHI,147,143,4,5,9,1,9,0,656756.0,Jordan Montgomery,621107.0,Zach Eflin,500610.0,656756.0,2681,Citizens Bank Park,night,R
631571,2020-08-06,2020,CIN,CLE,113,114,0,13,13,1,9,0,622491.0,Luis Castillo,471911.0,Carlos Carrasco,471911.0,622491.0,5,Progressive Field,night,R
630111,2020-08-06,2020,HOU,ARI,117,109,4,5,9,1,9,0,656232.0,Brandon Bielak,668678.0,Zac Gallen,448855.0,519151.0,15,Chase Field,day,R
631425,2020-08-06,2020,CHC,KC,112,118,2,13,15,1,9,0,543022.0,Tyler Chatwood,641745.0,Brad Keller,641745.0,543022.0,7,Kauffman Stadium,night,R
630313,2020-08-06,2020,TOR,ATL,141,144,3,4,7,1,9,0,663878.0,Nate Pearson,657053.0,Touki Toussaint,453343.0,521655.0,4705,Truist Park,night,R
631340,2020-08-06,2020,BAL,MIA,110,146,7,8,15,1,9,0,453281.0,Wade LeBlanc,657141.0,Jordan Yamamoto,573046.0,623465.0,2,Oriole Park at Camden Yards,night,R
631513,2020-08-07,2020,MIL,CWS,158,145,8,3,11,0,9,0,458676.0,Josh Lindblom,461829.0,Gio Gonzalez,458676.0,461829.0,4,Guaranteed Rate Field,night,R
630995,2020-08-06,2020,DET,STL,116,138,0,0,0,0,9,0,,,,,,,2394,Comerica Park,day,R
631321,2020-08-06,2020,PHI,MIA,143,146,0,0,0,0,9,0,,,,,,,4169,Marlins Park,night,R
630879,2020-08-07,2020,BAL,WSH,110,120,11,0,11,0,9,0,543548.0,Tommy Milone,434671.0,Aníbal Sánchez,543548.0,434671.0,3309,Nationals Park,night,R
630974,2020-08-07,2020,NYY,TB,147,139,0,1,1,1,9,0,547888.0,Masahiro Tanaka,605483.0,Blake Snell,475054.0,493603.0,12,Tropicana Field,night,R
631105,2020-08-07,2020,DET,PIT,116,134,17,13,30,0,11,1,571510.0,Matthew Boyd,641771.0,Chad Kuhl,650530.0,596720.0,31,PNC Park,night,R
631237,2020-08-07,2020,MIA,NYM,146,121,4,3,7,0,9,0,650668.0,Humberto Mejía,608379.0,Michael Wacha,605501.0,608379.0,3289,Citi Field,night,R
631623,2020-08-07,2020,TOR,BOS,141,111,3,5,8,1,9,0,543699.0,Tanner Roark,543901.0,Ryan Weber,592390.0,543699.0,3,Fenway Park,night,R
631419,2020-08-08,2020,MIN,KC,142,118,2,3,5,1,9,0,656970.0,Devin Smeltzer,596001.0,Jakob Junis,518813.0,605538.0,7,Kauffman Stadium,night,R
631504,2020-08-08,2020,CLE,CWS,114,145,0,2,2,1,9,0,650644.0,Aaron Civale,656302.0,Dylan Cease,656302.0,650644.0,4,Guaranteed Rate Field,night,R
631295,2020-08-08,2020,CIN,MIL,113,158,8,3,11,0,9,0,545333.0,Trevor Bauer,641778.0,Eric Lauer,545333.0,641778.0,32,Miller Park,night,R
630920,2020-08-08,2020,LAA,TEX,108,140,3,4,7,1,9,0,656288.0,Griffin Canning,543475.0,Jordan Lyles,543475.0,656288.0,5325,Globe Life Field,night,R
631176,2020-08-08,2020,HOU,OAK,117,133,2,3,5,1,13,1,425844.0,Zack Greinke,605135.0,Chris Bassitt,605525.0,605482.0,10,Oakland Coliseum,night,R
631073,2020-08-08,2020,ARI,SD,109,135,0,3,3,1,9,0,596133.0,Luke Weaver,605200.0,Zach Davies,605200.0,596133.0,2680,Petco Park,night,R
631045,2020-08-08,2020,COL,SEA,115,136,8,4,12,0,9,0,622608.0,Antonio Senzatela,579328.0,Yusei Kikuchi,622608.0,579328.0,680,T-Mobile Park,night,R
631358,2020-08-08,2020,SF,LAD,137,119,2,7,9,1,9,0,502188.0,Jeff Samardzija,628711.0,Julio Urías,571670.0,502188.0,22,Dodger Stadium,night,R
631131,2020-08-07,2020,ATL,PHI,144,143,0,0,0,0,9,0,657140.0,Kyle Wright,592826.0,Vince Velasquez,,,2681,Citizens Bank Park,night,R
630996,2020-08-08,2020,CHC,STL,112,138,0,0,0,0,9,0,452657.0,Jon Lester,594965.0,Daniel Ponce de Leon,,,2889,Busch Stadium,night,R
631503,2020-08-08,2020,CLE,CWS,114,145,7,1,8,0,9,0,668676.0,Zach Plesac,641582.0,Matt Foster,668676.0,623454.0,4,Guaranteed Rate Field,day,R
630962,2020-08-08,2020,NYY,TB,147,139,8,4,12,0,7,0,543037.0,Gerrit Cole,607192.0,Tyler Glasnow,643338.0,607192.0,12,Tropicana Field,day,R
630973,2020-08-08,2020,NYY,TB,147,139,3,5,8,1,7,0,650633.0,Michael King,657044.0,Ryan Thompson,664126.0,650633.0,12,Tropicana Field,day,R
631106,2020-08-08,2020,DET,PIT,116,134,11,5,16,0,9,0,467100.0,Iván Nova,502706.0,Derek Holland,467100.0,502706.0,31,PNC Park,day,R
631177,2020-08-08,2020,HOU,OAK,117,133,1,3,4,1,9,0,664285.0,Framber Valdez,593423.0,Frankie Montas,593423.0,664285.0,10,Oakland Coliseum,day,R
630880,2020-08-08,2020,BAL,WSH,110,120,5,3,8,0,9,0,664045.0,Thomas Eshelman,608723.0,Austin Voth,542888.0,543339.0,3309,Nationals Park,night,R
631133,2020-08-08,2020,ATL,PHI,144,143,0,5,5,1,9,0,657140.0,Kyle Wright,453562.0,Jake Arrieta,453562.0,657140.0,2681,Citizens Bank Park,night,R
630935,2020-08-08,2020,LAA,TEX,108,140,0,2,2,1,9,0,663776.0,Patrick Sandoval,663465.0,Kolby Allard,450172.0,663776.0,5325,Globe Life Field,night,R
631420,2020-08-08,2020,MIN,KC,142,118,6,9,15,1,9,0,543606.0,Jake Odorizzi,518633.0,Danny Duffy,676604.0,626929.0,7,Kauffman Stadium,night,R
631236,2020-08-08,2020,MIA,NYM,146,121,4,8,12,1,9,0,641447.0,Daniel Castano,656849.0,David Peterson,656849.0,641447.0,3289,Citi Field,night,R
631296,2020-08-08,2020,CIN,MIL,113,158,4,1,5,0,9,0,543101.0,Anthony DeSclafani,474463.0,Brett Anderson,543101.0,474463.0,32,Miller Park,night,R
631658,2020-08-08,2020,TOR,BOS,141,111,2,1,3,0,9,0,502624.0,Chase Anderson,643327.0,Zack Godley,641743.0,519393.0,3,Fenway Park,night,R
631074,2020-08-09,2020,ARI,SD,109,135,3,2,5,0,9,0,518876.0,Merrill Kelly,663978.0,Chris Paddack,518876.0,663978.0,2680,Petco Park,night,R
631046,2020-08-09,2020,COL,SEA,115,136,5,0,5,0,9,0,624418.0,Ryan Castellani,676606.0,Nick Margevicius,656546.0,664948.0,680,T-Mobile Park,night,R
631343,2020-08-09,2020,SF,LAD,137,119,5,4,9,0,9,0,456501.0,Johnny Cueto,477132.0,Clayton Kershaw,456501.0,477132.0,22,Dodger Stadium,night,R
630997,2020-08-09,2020,CHC,STL,112,138,0,0,0,0,9,0,,,,,,,2889,Busch Stadium,night,R
630882,2020-08-09,2020,BAL,WSH,110,120,6,2,8,0,9,0,592879.0,Asher Wojciechowski,544931.0,Stephen Strasburg,664042.0,544931.0,3309,Nationals Park,day,R
631136,2020-08-09,2020,ATL,PHI,144,143,5,2,7,0,7,0,660623.0,Huascar Ynoa,592826.0,Vince Velasquez,554431.0,500610.0,2681,Citizens Bank Park,day,R
631131,2020-08-09,2020,ATL,PHI,144,143,8,0,8,0,7,0,608331.0,Max Fried,675921.0,Spencer Howard,608331.0,675921.0,2681,Citizens Bank Park,day,R
631235,2020-08-09,2020,MIA,NYM,146,121,2,4,6,1,9,0,641154.0,Pablo López,594798.0,Jacob deGrom,594798.0,641154.0,3289,Citi Field,day,R
630946,2020-08-09,2020,NYY,TB,147,139,3,4,7,1,9,0,572020.0,James Paxton,450203.0,Charlie Morton,657044.0,502154.0,12,Tropicana Field,day,R
631110,2020-08-09,2020,DET,PIT,116,134,2,1,3,0,9,0,605513.0,Spencer Turnbull,643230.0,Steven Brault,605513.0,593144.0,31,PNC Park,day,R
631630,2020-08-09,2020,TOR,BOS,141,111,3,5,8,1,9,0,533167.0,Matt Shoemaker,543135.0,Nathan Eovaldi,598264.0,641672.0,3,Fenway Park,day,R
631421,2020-08-09,2020,MIN,KC,142,118,2,4,6,1,9,0,621244.0,José Berríos,663903.0,Brady Singer,663903.0,621244.0,7,Kauffman Stadium,day,R
631297,2020-08-09,2020,CIN,MIL,113,158,3,9,12,1,9,0,543243.0,Sonny Gray,605540.0,Brandon Woodruff,608718.0,543243.0,32,Miller Park,day,R
630922,2020-08-09,2020,LAA,TEX,108,140,3,7,10,1,9,0,571760.0,Andrew Heaney,458681.0,Lance Lynn,458681.0,571760.0,5325,Globe Life Field,day,R
631178,2020-08-09,2020,HOU,OAK,117,133,2,7,9,1,9,0,664299.0,Cristian Javier,666200.0,Jesús Luzardo,666200.0,664299.0,10,Oakland Coliseum,day,R
631075,2020-08-09,2020,ARI,SD,109,135,5,9,14,1,9,0,518516.0,Madison Bumgarner,659275.0,Dinelson Lamet,659275.0,518516.0,2680,Petco Park,day,R
631047,2020-08-09,2020,COL,SEA,115,136,3,5,8,1,9,0,608566.0,Germán Márquez,656954.0,Justus Sheffield,656954.0,608566.0,680,T-Mobile Park,day,R
631373,2020-08-09,2020,SF,LAD,137,119,2,6,8,1,9,0,592332.0,Kevin Gausman,621111.0,Walker Buehler,459429.0,643511.0,22,Dodger Stadium,day,R
631506,2020-08-09,2020,CLE,CWS,114,145,5,4,9,0,10,1,669456.0,Shane Bieber,608337.0,Lucas Giolito,664208.0,622772.0,4,Guaranteed Rate Field,night,R
630998,2020-08-09,2020,CHC,STL,112,138,0,0,0,0,9,0,,,,,,,2889,Busch Stadium,night,R
631138,2020-08-10,2020,ATL,PHI,144,143,8,13,21,1,9,0,656794.0,Sean Newcomb,605400.0,Aaron Nola,605400.0,656794.0,2681,Citizens Bank Park,night,R
631233,2020-08-10,2020,WSH,NYM,120,121,16,4,20,0,9,0,571578.0,Patrick Corbin,571927.0,Steven Matz,571578.0,571927.0,3289,Citi Field,night,R
631473,2020-08-10,2020,CWS,DET,145,116,1,5,6,1,9,0,572971.0,Dallas Keuchel,605242.0,Michael Fulmer,596057.0,572971.0,2394,Comerica Park,night,R
631631,2020-08-10,2020,TB,BOS,139,111,8,7,15,0,9,0,642232.0,Ryan Yarbrough,518489.0,Ryan Brasier,571901.0,605488.0,3,Fenway Park,night,R
631298,2020-08-11,2020,MIN,MIL,142,158,4,2,6,0,9,0,677976.0,Randy Dobnak,605288.0,Adrian Houser,677976.0,605288.0,32,Miller Park,night,R
631546,2020-08-11,2020,ARI,COL,109,115,12,8,20,0,9,0,592662.0,Robbie Ray,592351.0,Jon Gray,622065.0,592351.0,19,Coors Field,night,R
630923,2020-08-11,2020,SEA,TEX,136,140,10,2,12,0,9,0,643290.0,Justin Dunn,502043.0,Kyle Gibson,643290.0,502043.0,5325,Globe Life Field,night,R
631445,2020-08-11,2020,SF,HOU,137,117,4,6,10,1,9,0,657277.0,Logan Webb,621121.0,Lance McCullers Jr.,621121.0,657277.0,2392,Minute Maid Park,night,R
631395,2020-08-11,2020,OAK,LAA,133,108,9,10,19,1,9,0,640455.0,Sean Manaea,527054.0,Julio Teheran,570240.0,433589.0,1,Angel Stadium,night,R
631346,2020-08-11,2020,SD,LAD,135,119,2,1,3,0,9,0,606131.0,Luis Perdomo,669160.0,Dustin May,615698.0,669160.0,22,Dodger Stadium,night,R
630999,2020-08-11,2020,PIT,STL,134,138,0,0,0,0,9,0,592866.0,Trevor Williams,594965.0,Daniel Ponce de Leon,,,2889,Busch Stadium,night,R
630901,2020-08-11,2020,MIA,TOR,146,141,4,5,9,1,10,1,622694.0,Elieser Hernández,547943.0,Hyun Jin Ryu,595918.0,605501.0,2756,Sahlen Field,night,R
631598,2020-08-11,2020,KC,CIN,118,113,5,6,11,1,10,1,663460.0,Kris Bubic,622491.0,Luis Castillo,608371.0,622251.0,2602,Great American Ball Park,night,R
631139,2020-08-11,2020,BAL,PHI,110,143,10,9,19,0,10,1,502171.0,Alex Cobb,554430.0,Zack Wheeler,642121.0,500610.0,2681,Citizens Bank Park,night,R
631192,2020-08-11,2020,ATL,NYY,144,147,6,9,15,1,9,0,657053.0,Touki Toussaint,656756.0,Jordan Montgomery,656756.0,657053.0,3313,Yankee Stadium,night,R
631572,2020-08-11,2020,CHC,CLE,112,114,7,1,8,0,9,0,452657.0,Jon Lester,592644.0,Adam Plutko,452657.0,592644.0,5,Progressive Field,night,R
631243,2020-08-11,2020,WSH,NYM,120,121,2,1,3,0,9,0,453286.0,Max Scherzer,519144.0,Rick Porcello,453286.0,519144.0,3289,Citi Field,night,R
631474,2020-08-11,2020,CWS,DET,145,116,8,4,12,0,9,0,461829.0,Gio Gonzalez,641302.0,Tyler Alexander,641582.0,641302.0,2394,Comerica Park,night,R
631646,2020-08-11,2020,TB,BOS,139,111,8,2,10,0,9,0,552640.0,Andrew Kittredge,527048.0,Martín Pérez,595928.0,527048.0,3,Fenway Park,night,R
631299,2020-08-12,2020,MIN,MIL,142,158,4,6,10,1,9,0,461325.0,Tyler Clippard,458676.0,Josh Lindblom,642207.0,573124.0,32,Miller Park,night,R
631547,2020-08-12,2020,ARI,COL,109,115,7,8,15,1,9,0,668678.0,Zac Gallen,607536.0,Kyle Freeland,608032.0,656464.0,19,Coors Field,night,R
630924,2020-08-12,2020,SEA,TEX,136,140,2,4,6,1,9,0,594835.0,Marco Gonzales,501985.0,Mike Minor,450172.0,594835.0,5325,Globe Life Field,night,R
631446,2020-08-12,2020,SF,HOU,137,117,7,6,13,0,10,1,542881.0,Tyler Anderson,656232.0,Brandon Bielak,641627.0,605482.0,2392,Minute Maid Park,night,R
631396,2020-08-12,2020,OAK,LAA,133,108,0,6,6,1,9,0,571666.0,Mike Fiers,605164.0,Dylan Bundy,605164.0,571666.0,1,Angel Stadium,night,R
631347,2020-08-12,2020,SD,LAD,135,119,6,2,8,0,9,0,572070.0,Garrett Richards,548389.0,Ross Stripling,572070.0,548389.0,22,Dodger Stadium,night,R
631000,2020-08-12,2020,PIT,STL,134,138,0,0,0,0,9,0,,,,,,,2889,Busch Stadium,night,R
631475,2020-08-12,2020,CWS,DET,145,116,7,5,12,0,9,0,656302.0,Dylan Cease,571510.0,Matthew Boyd,656302.0,571510.0,2394,Comerica Park,day,R
631535,2020-08-12,2020,ARI,COL,109,115,13,7,20,0,9,0,596133.0,Luke Weaver,622608.0,Antonio Senzatela,605177.0,641755.0,19,Coors Field,day,R
631397,2020-08-12,2020,OAK,LAA,133,108,8,4,12,0,9,0,605135.0,Chris Bassitt,656288.0,Griffin Canning,605135.0,656288.0,1,Angel Stadium,day,R
631568,2020-08-12,2020,CHC,CLE,112,114,7,2,9,0,9,0,543294.0,Kyle Hendricks,471911.0,Carlos Carrasco,543294.0,471911.0,5,Progressive Field,night,R
630902,2020-08-12,2020,MIA,TOR,146,141,14,11,25,0,10,1,657141.0,Jordan Yamamoto,663878.0,Nate Pearson,445213.0,503569.0,2756,Sahlen Field,night,R
631599,2020-08-12,2020,KC,CIN,118,113,5,4,9,0,9,0,641745.0,Brad Keller,489119.0,Wade Miley,641745.0,489119.0,2602,Great American Ball Park,night,R
631141,2020-08-12,2020,BAL,PHI,110,143,5,4,9,0,9,0,453281.0,Wade LeBlanc,621107.0,Zach Eflin,542888.0,621107.0,2681,Citizens Bank Park,night,R
631208,2020-08-12,2020,ATL,NYY,144,147,3,6,9,1,9,0,660623.0,Huascar Ynoa,547888.0,Masahiro Tanaka,642528.0,554431.0,3313,Yankee Stadium,night,R
631232,2020-08-12,2020,WSH,NYM,120,121,6,11,17,1,9,0,434671.0,Aníbal Sánchez,607229.0,Robert Gsellman,544727.0,434671.0,3289,Citi Field,night,R
631447,2020-08-12,2020,SF,HOU,137,117,1,5,6,1,9,0,502239.0,Trevor Cahill,425844.0,Zack Greinke,425844.0,670056.0,2392,Minute Maid Park,night,R
631300,2020-08-12,2020,MIN,MIL,142,158,12,2,14,0,9,0,628317.0,Kenta Maeda,641778.0,Eric Lauer,628317.0,641778.0,32,Miller Park,night,R
631648,2020-08-12,2020,TB,BOS,139,111,9,5,14,0,9,0,605483.0,Blake Snell,643327.0,Zack Godley,605483.0,643327.0,3,Fenway Park,night,R
630926,2020-08-13,2020,SEA,TEX,136,140,4,7,11,1,9,0,592836.0,Taijuan Walker,543475.0,Jordan Lyles,642546.0,657024.0,5325,Globe Life Field,night,R
631350,2020-08-13,2020,SD,LAD,135,119,0,6,6,1,9,0,605200.0,Zach Davies,664062.0,Tony Gonsolin,595014.0,605200.0,22,Dodger Stadium,night,R
630987,2020-08-12,2020,PIT,STL,134,138,0,0,0,0,9,0,,,,,,,2889,Busch Stadium,day,R
631231,2020-08-13,2020,WSH,NYM,120,121,2,8,10,1,9,0,608723.0,Austin Voth,656849.0,David Peterson,656849.0,608723.0,3289,Citi Field,day,R
631142,2020-08-13,2020,BAL,PHI,110,143,11,4,15,0,9,0,664045.0,Thomas Eshelman,453562.0,Jake Arrieta,664045.0,453562.0,2681,Citizens Bank Park,day,R
631650,2020-08-13,2020,TB,BOS,139,111,17,8,25,0,9,0,607192.0,Tyler Glasnow,606996.0,Kyle Hart,656222.0,606996.0,3,Fenway Park,day,R
631600,2020-08-13,2020,PIT,CIN,134,113,9,6,15,0,9,0,592866.0,Trevor Williams,543101.0,Anthony DeSclafani,592866.0,543101.0,2602,Great American Ball Park,night,R
631609,2020-08-13,2020,MIL,CHC,158,112,2,4,6,1,9,0,474463.0,Brett Anderson,506433.0,Yu Darvish,506433.0,474463.0,17,Wrigley Field,night,R
631351,2020-08-14,2020,SD,LAD,135,119,2,11,13,1,9,0,663978.0,Chris Paddack,628711.0,Julio Urías,628711.0,663978.0,22,Dodger Stadium,night,R
631472,2020-08-13,2020,STL,DET,138,116,0,0,0,0,9,0,,,,,,,2394,Comerica Park,day,R
631471,2020-08-13,2020,STL,DET,138,116,0,0,0,0,9,0,,,,,,,2394,Comerica Park,day,R
630882,2020-08-14,2020,BAL,WSH,110,120,6,2,8,0,9,0,592879.0,Asher Wojciechowski,544931.0,Stephen Strasburg,664042.0,544931.0,2,Oriole Park at Camden Yards,night,R
630903,2020-08-14,2020,TB,TOR,139,141,4,12,16,1,9,0,670950.0,Trevor Richards,543699.0,Tanner Roark,521655.0,657044.0,2756,Sahlen Field,night,R
631683,2020-08-14,2020,WSH,BAL,120,110,15,3,18,0,9,0,544931.0,Stephen Strasburg,543548.0,Tommy Milone,607200.0,543548.0,2,Oriole Park at Camden Yards,night,R
631150,2020-08-14,2020,NYM,PHI,121,143,5,6,11,1,9,0,621141.0,Walker Lockett,675921.0,Spencer Howard,593576.0,607625.0,2681,Citizens Bank Park,night,R
631196,2020-08-14,2020,BOS,NYY,111,147,3,10,13,1,9,0,605155.0,Colten Brewer,543037.0,Gerrit Cole,543037.0,605155.0,3313,Yankee Stadium,night,R
631476,2020-08-14,2020,CLE,DET,114,116,10,5,15,0,9,0,650644.0,Aaron Civale,467100.0,Iván Nova,650644.0,467100.0,2394,Comerica Park,night,R
631601,2020-08-14,2020,PIT,CIN,134,113,1,8,9,1,9,0,641771.0,Chad Kuhl,543243.0,Sonny Gray,543243.0,641771.0,2602,Great American Ball Park,night,R
631322,2020-08-14,2020,ATL,MIA,144,146,2,8,10,1,9,0,657140.0,Kyle Wright,641154.0,Pablo López,641154.0,657140.0,4169,Marlins Park,night,R
631610,2020-08-15,2020,MIL,CHC,158,112,4,3,7,0,9,0,605540.0,Brandon Woodruff,621219.0,Alec Mills,642547.0,621219.0,17,Wrigley Field,night,R
631516,2020-08-15,2020,TEX,COL,140,115,3,2,5,0,9,0,458681.0,Lance Lynn,624418.0,Ryan Castellani,458681.0,453268.0,19,Coors Field,night,R
631448,2020-08-15,2020,SEA,HOU,136,117,1,11,12,1,9,0,641482.0,Nestor Cortes,664285.0,Framber Valdez,664285.0,641482.0,2392,Minute Maid Park,night,R
631381,2020-08-15,2020,LAD,LAA,119,108,7,4,11,0,9,0,477132.0,Clayton Kershaw,663776.0,Patrick Sandoval,477132.0,663776.0,1,Angel Stadium,night,R
630115,2020-08-15,2020,SD,ARI,135,109,1,5,6,1,9,0,659275.0,Dinelson Lamet,518876.0,Merrill Kelly,518876.0,659275.0,15,Chase Field,night,R
631022,2020-08-15,2020,OAK,SF,133,137,8,7,15,0,10,1,666200.0,Jesús Luzardo,456501.0,Johnny Cueto,465657.0,606424.0,2395,Oracle Park,night,R
631279,2020-08-15,2020,KC,MIN,118,142,0,0,0,0,9,0,596001.0,Jakob Junis,543606.0,Jake Odorizzi,,,3312,Target Field,night,R
631507,2020-08-15,2020,STL,CWS,138,145,0,0,0,0,9,0,425794.0,Adam Wainwright,,,,,4,Guaranteed Rate Field,night,R
631508,2020-08-15,2020,STL,CWS,138,145,5,1,6,0,7,0,425794.0,Adam Wainwright,608337.0,Lucas Giolito,425794.0,608337.0,4,Guaranteed Rate Field,day,R
631507,2020-08-15,2020,STL,CWS,138,145,6,3,9,0,7,0,663765.0,Jake Woodford,641582.0,Matt Foster,650893.0,605359.0,4,Guaranteed Rate Field,day,R
631280,2020-08-15,2020,KC,MIN,118,142,2,4,6,1,7,0,453178.0,Ian Kennedy,543606.0,Jake Odorizzi,608648.0,642100.0,3312,Target Field,day,R
631279,2020-08-15,2020,KC,MIN,118,142,4,2,6,0,7,0,,,,,518633.0,621244.0,3312,Target Field,day,R
631611,2020-08-15,2020,MIL,CHC,158,112,6,5,11,0,10,1,605288.0,Adrian Houser,607067.0,Colin Rea,475479.0,502026.0,17,Wrigley Field,day,R
631151,2020-08-15,2020,NYM,PHI,121,143,2,6,8,1,9,0,571927.0,Steven Matz,605400.0,Aaron Nola,605400.0,571927.0,2681,Citizens Bank Park,night,R
631477,2020-08-15,2020,CLE,DET,114,116,3,1,4,0,9,0,669456.0,Shane Bieber,605513.0,Spencer Turnbull,669456.0,605513.0,2394,Comerica Park,night,R
631330,2020-08-15,2020,ATL,MIA,144,146,2,1,3,0,9,0,608331.0,Max Fried,641447.0,Daniel Castano,519293.0,445213.0,4169,Marlins Park,night,R
630905,2020-08-15,2020,TB,TOR,139,141,3,2,5,0,9,0,642232.0,Ryan Yarbrough,502624.0,Chase Anderson,571901.0,605447.0,2756,Sahlen Field,night,R
631023,2020-08-15,2020,OAK,SF,133,137,7,6,13,0,9,0,640455.0,Sean Manaea,592332.0,Kevin Gausman,519008.0,641627.0,2395,Oracle Park,day,R
631197,2020-08-15,2020,BOS,NYY,111,147,5,11,16,1,9,0,543135.0,Nathan Eovaldi,572020.0,James Paxton,572020.0,543135.0,3313,Yankee Stadium,night,R
631449,2020-08-15,2020,SEA,HOU,136,117,1,2,3,1,9,0,676606.0,Nick Margevicius,664299.0,Cristian Javier,664299.0,676606.0,2392,Minute Maid Park,night,R
630568,2020-08-15,2020,WSH,BAL,120,110,3,7,10,1,9,0,571578.0,Patrick Corbin,592879.0,Asher Wojciechowski,592879.0,571578.0,2,Oriole Park at Camden Yards,night,R
630116,2020-08-16,2020,SD,ARI,135,109,6,7,13,1,9,0,615698.0,Cal Quantrill,622065.0,Alex Young,592233.0,572955.0,15,Chase Field,night,R
631533,2020-08-16,2020,TEX,COL,140,115,6,4,10,0,9,0,502043.0,Kyle Gibson,608566.0,Germán Márquez,502043.0,608566.0,19,Coors Field,night,R
631363,2020-08-16,2020,LAD,LAA,119,108,6,5,11,0,10,1,621111.0,Walker Buehler,571760.0,Andrew Heaney,459429.0,641871.0,1,Angel Stadium,night,R
631602,2020-08-15,2020,PIT,CIN,134,113,0,0,0,0,9,0,643230.0,Steven Brault,545333.0,Trevor Bauer,,,2602,Great American Ball Park,night,R
631679,2020-08-16,2020,WSH,BAL,120,110,6,5,11,0,9,0,453286.0,Max Scherzer,607644.0,John Means,453286.0,664042.0,2,Oriole Park at Camden Yards,day,R
631124,2020-08-16,2020,NYM,PHI,121,143,2,6,8,1,9,0,519144.0,Rick Porcello,554430.0,Zack Wheeler,554430.0,519144.0,2681,Citizens Bank Park,day,R
630905,2020-08-16,2020,TB,TOR,139,141,3,2,5,0,9,0,642232.0,Ryan Yarbrough,502624.0,Chase Anderson,571901.0,605447.0,2756,Sahlen Field,day,R
631479,2020-08-16,2020,CLE,DET,114,116,8,5,13,0,9,0,592644.0,Adam Plutko,605242.0,Michael Fulmer,424144.0,670167.0,2394,Comerica Park,day,R
631324,2020-08-16,2020,ATL,MIA,144,146,4,0,4,0,9,0,572362.0,Robbie Erlin,622694.0,Elieser Hernández,503285.0,543883.0,4169,Marlins Park,day,R
630872,2020-08-16,2020,TB,TOR,139,141,7,5,12,0,8,0,630023.0,Yonny Chirinos,533167.0,Matt Shoemaker,571901.0,521655.0,2756,Sahlen Field,day,R
631450,2020-08-16,2020,SEA,HOU,136,117,2,3,5,1,9,0,656954.0,Justus Sheffield,621121.0,Lance McCullers Jr.,519151.0,657024.0,2392,Minute Maid Park,day,R
631252,2020-08-16,2020,KC,MIN,118,142,2,4,6,1,9,0,663903.0,Brady Singer,677976.0,Randy Dobnak,677976.0,663903.0,3312,Target Field,day,R
631491,2020-08-16,2020,STL,CWS,138,145,2,7,9,1,9,0,641712.0,Dakota Hudson,572971.0,Dallas Keuchel,572971.0,641712.0,4,Guaranteed Rate Field,day,R
631612,2020-08-16,2020,MIL,CHC,158,112,6,5,11,0,9,0,458676.0,Josh Lindblom,452657.0,Jon Lester,642233.0,592094.0,17,Wrigley Field,day,R
631521,2020-08-16,2020,TEX,COL,140,115,6,10,16,1,9,0,663465.0,Kolby Allard,592351.0,Jon Gray,592351.0,663465.0,19,Coors Field,day,R
631024,2020-08-16,2020,OAK,SF,133,137,15,3,18,0,9,0,571666.0,Mike Fiers,657277.0,Logan Webb,571666.0,657277.0,2395,Oracle Park,day,R
631364,2020-08-16,2020,LAD,LAA,119,108,8,3,11,0,9,0,669160.0,Dustin May,527054.0,Julio Teheran,518397.0,527054.0,1,Angel Stadium,day,R
630117,2020-08-16,2020,SD,ARI,135,109,4,5,9,1,9,0,572070.0,Garrett Richards,592662.0,Robbie Ray,664199.0,641941.0,15,Chase Field,day,R
631198,2020-08-16,2020,BOS,NYY,111,147,2,4,6,1,9,0,607391.0,Chris Mazza,457918.0,J.A. Happ,457918.0,607391.0,3313,Yankee Stadium,night,R
631590,2020-08-16,2020,PIT,CIN,134,113,0,0,0,0,9,0,,,,,,,2602,Great American Ball Park,day,R
631613,2020-08-17,2020,STL,CHC,138,112,3,1,4,0,7,0,547942.0,Kwang Hyun Kim,543294.0,Kyle Hendricks,606149.0,543294.0,17,Wrigley Field,night,R
630996,2020-08-17,2020,CHC,STL,112,138,5,4,9,0,7,0,668338.0,Tyson Miller,621052.0,Alex Reyes,621249.0,643778.0,17,Wrigley Field,night,R
631199,2020-08-17,2020,BOS,NYY,111,147,3,6,9,1,9,0,527048.0,Martín Pérez,656756.0,Jordan Montgomery,650633.0,527048.0,3313,Yankee Stadium,night,R
630316,2020-08-17,2020,WSH,ATL,120,144,6,7,13,1,9,0,434671.0,Aníbal Sánchez,657053.0,Touki Toussaint,519293.0,543339.0,4705,Truist Park,night,R
631325,2020-08-17,2020,NYM,MIA,121,146,11,4,15,0,9,0,607229.0,Robert Gsellman,657141.0,Jordan Yamamoto,592741.0,657141.0,4169,Marlins Park,night,R
631678,2020-08-17,2020,TOR,BAL,141,110,7,2,9,0,9,0,547943.0,Hyun Jin Ryu,502171.0,Alex Cobb,547943.0,502171.0,2,Oriole Park at Camden Yards,night,R
631258,2020-08-18,2020,KC,MIN,118,142,1,4,5,1,9,0,663460.0,Kris Bubic,605538.0,Matt Wisler,656970.0,663460.0,3312,Target Field,night,R
631493,2020-08-18,2020,DET,CWS,116,145,2,7,9,1,9,0,571510.0,Matthew Boyd,461829.0,Gio Gonzalez,676051.0,571510.0,4,Guaranteed Rate Field,night,R
630927,2020-08-18,2020,SD,TEX,135,140,14,4,18,0,9,0,605200.0,Zach Davies,543475.0,Jordan Lyles,605200.0,543475.0,5325,Globe Life Field,night,R
631451,2020-08-18,2020,COL,HOU,115,117,1,2,3,1,9,0,607536.0,Kyle Freeland,656232.0,Brandon Bielak,656232.0,607536.0,2392,Minute Maid Park,night,R
630118,2020-08-18,2020,OAK,ARI,133,109,3,4,7,1,9,0,605135.0,Chris Bassitt,668678.0,Zac Gallen,592233.0,465657.0,15,Chase Field,night,R
631352,2020-08-18,2020,SEA,LAD,136,119,9,11,20,1,9,0,643290.0,Justin Dunn,548389.0,Ross Stripling,657571.0,543483.0,22,Dodger Stadium,night,R
631365,2020-08-18,2020,SF,LAA,137,108,6,7,13,1,9,0,542881.0,Tyler Anderson,656288.0,Griffin Canning,621142.0,641627.0,1,Angel Stadium,night,R
631452,2020-08-18,2020,COL,HOU,115,117,1,2,3,1,11,1,622608.0,Antonio Senzatela,425844.0,Zack Greinke,668687.0,545064.0,2392,Minute Maid Park,day,R
630928,2020-08-18,2020,SD,TEX,135,140,6,4,10,0,9,0,670970.0,Adrian Morejon,501985.0,Mike Minor,489334.0,501985.0,5325,Globe Life Field,day,R
631366,2020-08-18,2020,SF,LAA,137,108,8,2,10,0,9,0,502239.0,Trevor Cahill,605164.0,Dylan Bundy,606424.0,605164.0,1,Angel Stadium,day,R
630174,2020-08-18,2020,OAK,ARI,133,109,1,10,11,1,9,0,593423.0,Frankie Montas,596133.0,Luke Weaver,596133.0,593423.0,15,Chase Field,day,R
631114,2020-08-18,2020,CLE,PIT,114,134,6,3,9,0,10,1,471911.0,Carlos Carrasco,664141.0,JT Brubaker,621295.0,607572.0,31,PNC Park,night,R
631200,2020-08-18,2020,TB,NYY,139,147,6,3,9,0,9,0,605483.0,Blake Snell,547888.0,Masahiro Tanaka,605483.0,547888.0,3313,Yankee Stadium,night,R
631353,2020-08-18,2020,SEA,LAD,136,119,1,2,3,1,9,0,594835.0,Marco Gonzales,664062.0,Tony Gonsolin,595014.0,656186.0,22,Dodger Stadium,day,R
630322,2020-08-18,2020,WSH,ATL,120,144,8,5,13,0,9,0,608723.0,Austin Voth,458708.0,Josh Tomlin,593833.0,554431.0,4705,Truist Park,night,R
631326,2020-08-18,2020,NYM,MIA,121,146,8,3,11,0,9,0,621261.0,Corey Oswalt,650668.0,Humberto Mejía,458677.0,650668.0,4169,Marlins Park,night,R
631651,2020-08-18,2020,PHI,BOS,143,111,13,6,19,0,9,0,621107.0,Zach Eflin,643327.0,Zack Godley,453284.0,657031.0,3,Fenway Park,night,R
631681,2020-08-18,2020,TOR,BAL,141,110,8,7,15,0,10,1,663878.0,Nate Pearson,453281.0,Wade LeBlanc,542914.0,642121.0,2,Oriole Park at Camden Yards,night,R
631496,2020-08-19,2020,DET,CWS,116,145,4,10,14,1,9,0,669373.0,Tarik Skubal,656302.0,Dylan Cease,656302.0,669373.0,4,Guaranteed Rate Field,night,R
631260,2020-08-19,2020,MIL,MIN,158,142,3,4,7,1,12,1,669203.0,Corbin Burnes,628317.0,Kenta Maeda,660896.0,475479.0,3312,Target Field,night,R
631620,2020-08-19,2020,STL,CHC,138,112,3,6,9,1,9,0,594965.0,Daniel Ponce de Leon,506433.0,Yu Darvish,506433.0,594965.0,17,Wrigley Field,night,R
631422,2020-08-19,2020,CIN,KC,113,118,0,0,0,0,9,0,622491.0,Luis Castillo,641745.0,Brad Keller,,,7,Kauffman Stadium,night,R
631682,2020-08-19,2020,TOR,BAL,141,110,5,2,7,0,9,0,543699.0,Tanner Roark,543548.0,Tommy Milone,543699.0,543548.0,2,Oriole Park at Camden Yards,day,R
631652,2020-08-19,2020,PHI,BOS,143,111,3,6,9,1,9,0,453562.0,Jake Arrieta,606996.0,Kyle Hart,592169.0,453562.0,3,Fenway Park,day,R
631621,2020-08-19,2020,STL,CHC,138,112,9,3,12,0,7,0,656427.0,Jack Flaherty,621219.0,Alec Mills,643778.0,621219.0,17,Wrigley Field,day,R
630997,2020-08-19,2020,CHC,STL,112,138,4,2,6,0,7,0,640470.0,Adbert Alzolay,670912.0,Johan Oviedo,502026.0,453192.0,17,Wrigley Field,day,R
631418,2020-08-19,2020,CIN,KC,113,118,0,4,4,1,7,0,622491.0,Luis Castillo,641745.0,Brad Keller,641745.0,622491.0,7,Kauffman Stadium,night,R
631422,2020-08-19,2020,CIN,KC,113,118,5,0,5,0,7,0,545333.0,Trevor Bauer,518774.0,Matt Harvey,545333.0,518774.0,7,Kauffman Stadium,night,R
631120,2020-08-19,2020,CLE,PIT,114,134,6,1,7,0,9,0,650644.0,Aaron Civale,643230.0,Steven Brault,650644.0,596720.0,31,PNC Park,night,R
631201,2020-08-19,2020,TB,NYY,139,147,4,2,6,0,9,0,607192.0,Tyler Glasnow,543037.0,Gerrit Cole,664126.0,502154.0,3313,Yankee Stadium,night,R
631327,2020-08-19,2020,NYM,MIA,121,146,5,3,8,0,9,0,594798.0,Jacob deGrom,641154.0,Pablo López,621242.0,445213.0,4169,Marlins Park,night,R
631497,2020-08-20,2020,DET,CWS,116,145,3,5,8,1,9,0,663554.0,Casey Mize,641540.0,Dane Dunning,605359.0,642397.0,4,Guaranteed Rate Field,night,R
631249,2020-08-20,2020,MIL,MIN,158,142,9,3,12,0,9,0,474463.0,Brett Anderson,448179.0,Rich Hill,474463.0,448179.0,3312,Target Field,night,R
631522,2020-08-20,2020,HOU,COL,117,115,13,6,19,0,9,0,664285.0,Framber Valdez,624418.0,Ryan Castellani,664285.0,624418.0,19,Coors Field,night,R
631076,2020-08-20,2020,TEX,SD,140,135,3,6,9,1,10,1,458681.0,Lance Lynn,663978.0,Chris Paddack,657612.0,606160.0,2680,Petco Park,night,R
631179,2020-08-20,2020,ARI,OAK,109,133,1,4,5,1,9,0,518876.0,Merrill Kelly,666200.0,Jesús Luzardo,666200.0,518876.0,10,Oakland Coliseum,night,R
631048,2020-08-20,2020,LAD,SEA,119,136,4,6,10,1,9,0,628711.0,Julio Urías,592836.0,Taijuan Walker,592836.0,642701.0,680,T-Mobile Park,night,R
631025,2020-08-20,2020,LAA,SF,108,137,2,7,9,1,9,0,663776.0,Patrick Sandoval,456501.0,Johnny Cueto,456501.0,663776.0,2395,Oracle Park,night,R
630323,2020-08-19,2020,WSH,ATL,120,144,0,0,0,0,9,0,607200.0,Erick Fedde,657140.0,Kyle Wright,,,4705,Truist Park,night,R
631202,2020-08-20,2020,TB,NYY,139,147,10,5,15,0,9,0,595928.0,John Curtiss,572020.0,James Paxton,650895.0,493603.0,3313,Yankee Stadium,day,R
630919,2020-08-20,2020,PHI,TOR,143,141,2,3,5,1,7,0,675921.0,Spencer Howard,502624.0,Chase Anderson,605447.0,500610.0,2756,Sahlen Field,day,R
630918,2020-08-20,2020,PHI,TOR,143,141,8,9,17,1,7,0,592826.0,Vince Velasquez,663423.0,Trent Thornton,641743.0,593576.0,2756,Sahlen Field,day,R
631498,2020-08-20,2020,DET,CWS,116,145,0,9,9,1,9,0,605513.0,Spencer Turnbull,608337.0,Lucas Giolito,608337.0,605513.0,4,Guaranteed Rate Field,day,R
631523,2020-08-20,2020,HOU,COL,117,115,10,8,18,0,9,0,664299.0,Cristian Javier,608566.0,Germán Márquez,660600.0,608566.0,19,Coors Field,day,R
631118,2020-08-20,2020,CLE,PIT,114,134,2,0,2,0,9,0,669456.0,Shane Bieber,592866.0,Trevor Williams,669456.0,592866.0,31,PNC Park,night,R
631049,2020-08-20,2020,LAD,SEA,119,136,6,1,7,0,9,0,477132.0,Clayton Kershaw,579328.0,Yusei Kikuchi,477132.0,579328.0,680,T-Mobile Park,day,R
631248,2020-08-20,2020,MIL,MIN,158,142,1,7,8,1,9,0,605540.0,Brandon Woodruff,621244.0,José Berríos,621244.0,605540.0,3312,Target Field,night,R
631684,2020-08-20,2020,BOS,BAL,111,110,7,1,8,0,9,0,543135.0,Nathan Eovaldi,592879.0,Asher Wojciechowski,543135.0,592879.0,2,Oriole Park at Camden Yards,night,R
631077,2020-08-21,2020,TEX,SD,140,135,7,8,15,1,10,1,502043.0,Kyle Gibson,659275.0,Dinelson Lamet,572955.0,472610.0,2680,Petco Park,night,R
630986,2020-08-21,2020,CIN,STL,113,138,4,5,9,1,9,0,543243.0,Sonny Gray,425794.0,Adam Wainwright,676220.0,628452.0,2889,Busch Stadium,night,R
631180,2020-08-21,2020,ARI,OAK,109,133,1,5,6,1,9,0,622065.0,Alex Young,640455.0,Sean Manaea,640455.0,622065.0,10,Oakland Coliseum,night,R
631026,2020-08-21,2020,LAA,SF,108,137,5,10,15,1,9,0,660761.0,José Suarez,592332.0,Kevin Gausman,592332.0,660761.0,2395,Oracle Park,night,R
631323,2020-08-20,2020,NYM,MIA,121,146,0,0,0,0,9,0,607625.0,Seth Lugo,641447.0,Daniel Castano,,,4169,Marlins Park,night,R
630886,2020-08-21,2020,MIA,WSH,146,120,3,2,5,0,9,0,622694.0,Elieser Hernández,571578.0,Patrick Corbin,622694.0,571578.0,3309,Nationals Park,night,R
630960,2020-08-21,2020,TOR,TB,141,139,6,5,11,0,10,1,533167.0,Matt Shoemaker,642232.0,Ryan Yarbrough,641672.0,571901.0,12,Tropicana Field,night,R
631103,2020-08-21,2020,MIL,PIT,158,134,2,7,9,1,9,0,605288.0,Adrian Houser,641771.0,Chad Kuhl,641771.0,605288.0,31,PNC Park,night,R
631548,2020-08-21,2020,DET,CLE,116,114,10,5,15,0,9,0,605242.0,Michael Fulmer,592644.0,Adam Plutko,665621.0,592644.0,5,Progressive Field,night,R
630324,2020-08-21,2020,PHI,ATL,143,144,2,11,13,1,9,0,605400.0,Aaron Nola,608331.0,Max Fried,608331.0,605400.0,4705,Truist Park,night,R
631665,2020-08-21,2020,BOS,BAL,111,110,8,5,13,0,9,0,605155.0,Colten Brewer,607644.0,John Means,650382.0,607644.0,2,Oriole Park at Camden Yards,night,R
631409,2020-08-22,2020,MIN,KC,142,118,2,7,9,1,9,0,543606.0,Jake Odorizzi,518633.0,Danny Duffy,518633.0,543606.0,7,Kauffman Stadium,night,R
630990,2020-08-22,2020,CIN,STL,113,138,4,2,6,0,9,0,543101.0,Anthony DeSclafani,641712.0,Dakota Hudson,547179.0,650893.0,2889,Busch Stadium,night,R
631633,2020-08-22,2020,CWS,CHC,145,112,10,1,11,0,9,0,572971.0,Dallas Keuchel,452657.0,Jon Lester,572971.0,452657.0,17,Wrigley Field,night,R
631078,2020-08-22,2020,HOU,SD,117,135,3,4,7,1,9,0,621121.0,Lance McCullers Jr.,572070.0,Garrett Richards,642770.0,621121.0,2680,Petco Park,night,R
631050,2020-08-22,2020,TEX,SEA,140,136,4,7,11,1,9,0,663465.0,Kolby Allard,676606.0,Nick Margevicius,676606.0,663465.0,680,T-Mobile Park,night,R
631348,2020-08-22,2020,COL,LAD,115,119,1,5,6,1,9,0,592351.0,Jon Gray,621111.0,Walker Buehler,621111.0,592351.0,22,Dodger Stadium,night,R
631186,2020-08-22,2020,LAA,OAK,108,133,3,5,8,1,9,0,571760.0,Andrew Heaney,571666.0,Mike Fiers,571666.0,571760.0,10,Oakland Coliseum,night,R
631027,2020-08-22,2020,ARI,SF,109,137,2,6,8,1,9,0,592662.0,Robbie Ray,657277.0,Logan Webb,657277.0,592662.0,2395,Oracle Park,night,R
631230,2020-08-21,2020,NYY,NYM,147,121,0,0,0,0,9,0,457918.0,J.A. Happ,519144.0,Rick Porcello,,,3289,Citi Field,night,R
630890,2020-08-22,2020,MIA,WSH,146,120,4,5,9,1,7,0,641447.0,Daniel Castano,453286.0,Max Scherzer,640448.0,641447.0,3309,Nationals Park,night,R
631341,2020-08-22,2020,WSH,MIA,120,146,3,5,8,1,7,0,640444.0,Wil Crowe,664350.0,Sixto Sánchez,664350.0,640444.0,3309,Nationals Park,night,R
631104,2020-08-22,2020,MIL,PIT,158,134,5,12,17,1,9,0,458676.0,Josh Lindblom,502706.0,Derek Holland,502706.0,458676.0,31,PNC Park,day,R
631154,2020-08-22,2020,LAA,OAK,108,133,4,3,7,0,9,0,656288.0,Griffin Canning,605135.0,Chris Bassitt,542882.0,605135.0,10,Oakland Coliseum,day,R
630948,2020-08-22,2020,TOR,TB,141,139,1,2,3,1,10,1,547943.0,Hyun Jin Ryu,642083.0,Aaron Slegers,607455.0,542914.0,12,Tropicana Field,night,R
631403,2020-08-22,2020,MIN,KC,142,118,7,2,9,0,9,0,677976.0,Randy Dobnak,663903.0,Brady Singer,677976.0,663903.0,7,Kauffman Stadium,night,R
631564,2020-08-22,2020,DET,CLE,116,114,1,6,7,1,9,0,571510.0,Matthew Boyd,663474.0,Triston McKenzie,663474.0,571510.0,5,Progressive Field,night,R
630338,2020-08-22,2020,PHI,ATL,143,144,5,6,11,1,9,0,554430.0,Zack Wheeler,572362.0,Robbie Erlin,453343.0,519443.0,4705,Truist Park,night,R
631667,2020-08-22,2020,BOS,BAL,111,110,4,5,9,1,10,1,527048.0,Martín Pérez,502171.0,Alex Cobb,612434.0,598264.0,2,Oriole Park at Camden Yards,night,R
630991,2020-08-23,2020,CIN,STL,113,138,0,3,3,1,9,0,489119.0,Wade Miley,547942.0,Kwang Hyun Kim,547942.0,489119.0,2889,Busch Stadium,night,R
631638,2020-08-23,2020,CWS,CHC,145,112,7,4,11,0,9,0,625643.0,Reynaldo López,543294.0,Kyle Hendricks,461829.0,543294.0,17,Wrigley Field,night,R
631349,2020-08-23,2020,COL,LAD,115,119,3,4,7,1,9,0,607536.0,Kyle Freeland,669160.0,Dustin May,445276.0,453268.0,22,Dodger Stadium,night,R
631079,2020-08-23,2020,HOU,SD,117,135,2,13,15,1,9,0,656232.0,Brandon Bielak,605200.0,Zach Davies,605200.0,656232.0,2680,Petco Park,night,R
631051,2020-08-23,2020,TEX,SEA,140,136,1,10,11,1,9,0,543475.0,Jordan Lyles,656954.0,Justus Sheffield,656954.0,543475.0,680,T-Mobile Park,night,R
631028,2020-08-23,2020,ARI,SF,109,137,1,5,6,1,9,0,668678.0,Zac Gallen,542881.0,Tyler Anderson,542881.0,594840.0,2395,Oracle Park,night,R
631229,2020-08-22,2020,NYY,NYM,147,121,0,0,0,0,9,0,,,,,,,3289,Citi Field,night,R
630897,2020-08-23,2020,MIA,WSH,146,120,3,9,12,1,9,0,650668.0,Humberto Mejía,434671.0,Aníbal Sánchez,434671.0,650668.0,3309,Nationals Park,day,R
631670,2020-08-23,2020,BOS,BAL,111,110,4,5,9,1,9,0,643327.0,Zack Godley,453281.0,Wade LeBlanc,664045.0,643327.0,2,Oriole Park at Camden Yards,day,R
631551,2020-08-23,2020,DET,CLE,116,114,7,4,11,0,9,0,669373.0,Tarik Skubal,471911.0,Carlos Carrasco,596057.0,471911.0,5,Progressive Field,day,R
630949,2020-08-23,2020,TOR,TB,141,139,4,5,9,1,9,0,663423.0,Trent Thornton,676596.0,Josh Fleming,676596.0,621366.0,12,Tropicana Field,day,R
631107,2020-08-23,2020,MIL,PIT,158,134,4,5,9,1,9,0,669203.0,Corbin Burnes,664141.0,JT Brubaker,608717.0,475479.0,31,PNC Park,day,R
631412,2020-08-23,2020,MIN,KC,142,118,5,4,9,0,9,0,605538.0,Matt Wisler,663460.0,Kris Bubic,461325.0,663460.0,7,Kauffman Stadium,day,R
630976,2020-08-23,2020,CIN,STL,113,138,2,6,8,1,9,0,641816.0,Tyler Mahle,594965.0,Daniel Ponce de Leon,650893.0,641816.0,2889,Busch Stadium,day,R
631639,2020-08-23,2020,CWS,CHC,145,112,1,2,3,1,9,0,656302.0,Dylan Cease,506433.0,Yu Darvish,506433.0,656302.0,17,Wrigley Field,day,R
631354,2020-08-23,2020,COL,LAD,115,119,3,11,14,1,9,0,622608.0,Antonio Senzatela,548389.0,Ross Stripling,624647.0,622608.0,22,Dodger Stadium,day,R
631170,2020-08-23,2020,LAA,OAK,108,133,4,5,9,1,10,1,605164.0,Dylan Bundy,593423.0,Frankie Montas,521230.0,621142.0,10,Oakland Coliseum,day,R
631080,2020-08-23,2020,HOU,SD,117,135,3,5,8,1,9,0,425844.0,Zack Greinke,670970.0,Adrian Morejon,489334.0,660600.0,2680,Petco Park,day,R
631029,2020-08-23,2020,ARI,SF,109,137,1,6,7,1,9,0,596133.0,Luke Weaver,502239.0,Trevor Cahill,670056.0,596133.0,2395,Oracle Park,day,R
631052,2020-08-23,2020,TEX,SEA,140,136,1,4,5,1,9,0,501985.0,Mike Minor,643290.0,Justin Dunn,643290.0,501985.0,680,T-Mobile Park,day,R
630273,2020-08-23,2020,PHI,ATL,143,144,5,4,9,0,9,0,621107.0,Zach Eflin,458708.0,Josh Tomlin,621107.0,458708.0,4705,Truist Park,night,R
631234,2020-08-23,2020,NYY,NYM,147,121,0,0,0,0,9,0,,,,,,,3289,Citi Field,day,R
630950,2020-08-24,2020,TOR,TB,141,139,6,4,10,0,9,0,543699.0,Tanner Roark,605483.0,Blake Snell,641672.0,571901.0,12,Tropicana Field,day,R
630898,2020-08-24,2020,MIA,WSH,146,120,11,8,19,0,9,0,641154.0,Pablo López,608723.0,Austin Voth,641154.0,608723.0,3309,Nationals Park,night,R
631468,2020-08-24,2020,CHC,DET,112,116,9,3,12,0,9,0,621219.0,Alec Mills,663554.0,Casey Mize,621219.0,663554.0,2394,Comerica Park,night,R
631552,2020-08-24,2020,MIN,CLE,142,114,3,2,5,0,9,0,628317.0,Kenta Maeda,650644.0,Aaron Civale,628317.0,650644.0,5,Progressive Field,night,R
630929,2020-08-25,2020,OAK,TEX,133,140,2,3,5,1,9,0,666200.0,Jesús Luzardo,458681.0,Lance Lynn,458681.0,666200.0,5325,Globe Life Field,night,R
631301,2020-08-25,2020,CIN,MIL,113,158,2,4,6,1,9,0,545333.0,Trevor Bauer,474463.0,Brett Anderson,474463.0,545333.0,32,Miller Park,night,R
630977,2020-08-25,2020,KC,STL,118,138,3,9,12,1,9,0,641745.0,Brad Keller,656427.0,Jack Flaherty,656427.0,641745.0,2889,Busch Stadium,night,R
631439,2020-08-25,2020,LAA,HOU,108,117,4,11,15,1,9,0,663776.0,Patrick Sandoval,664285.0,Framber Valdez,664285.0,663776.0,2392,Minute Maid Park,night,R
630193,2020-08-25,2020,COL,ARI,115,109,3,2,5,0,9,0,624418.0,Ryan Castellani,664199.0,Taylor Clarke,624418.0,642203.0,15,Chase Field,night,R
631423,2020-08-25,2020,LAA,HOU,108,117,3,6,9,1,7,0,660761.0,José Suarez,664299.0,Cristian Javier,664299.0,660761.0,2392,Minute Maid Park,day,R
631426,2020-08-25,2020,LAA,HOU,108,117,12,5,17,0,7,0,527054.0,Julio Teheran,656232.0,Brandon Bielak,570240.0,656232.0,2392,Minute Maid Park,day,R
631227,2020-08-25,2020,MIA,NYM,146,121,4,0,4,0,7,0,641447.0,Daniel Castano,519144.0,Rick Porcello,542947.0,519144.0,3289,Citi Field,night,R
631323,2020-08-25,2020,NYM,MIA,121,146,0,3,3,1,7,0,607625.0,Seth Lugo,669432.0,Trevor Rogers,595001.0,453172.0,3289,Citi Field,night,R
630855,2020-08-25,2020,PHI,WSH,143,120,8,3,11,0,9,0,453562.0,Jake Arrieta,607200.0,Erick Fedde,453562.0,607200.0,3309,Nationals Park,night,R
630862,2020-08-25,2020,BOS,TOR,111,141,9,7,16,0,9,0,606996.0,Kyle Hart,502624.0,Chase Anderson,570488.0,521655.0,2756,Sahlen Field,night,R
630951,2020-08-25,2020,BAL,TB,110,139,2,4,6,1,9,0,543548.0,Tommy Milone,607192.0,Tyler Glasnow,607192.0,543548.0,12,Tropicana Field,night,R
631467,2020-08-25,2020,CHC,DET,112,116,1,7,8,1,9,0,543022.0,Tyler Chatwood,605513.0,Spencer Turnbull,605513.0,543022.0,2394,Comerica Park,night,R
631553,2020-08-25,2020,MIN,CLE,142,114,2,4,6,1,9,0,448179.0,Rich Hill,669456.0,Shane Bieber,669456.0,660896.0,5,Progressive Field,night,R
630930,2020-08-26,2020,OAK,TEX,133,140,10,3,13,0,9,0,640455.0,Sean Manaea,502043.0,Kyle Gibson,640455.0,502043.0,5325,Globe Life Field,night,R
631499,2020-08-26,2020,PIT,CWS,134,145,0,4,4,1,9,0,643230.0,Steven Brault,608337.0,Lucas Giolito,608337.0,643230.0,4,Guaranteed Rate Field,night,R
631302,2020-08-26,2020,CIN,MIL,113,158,2,3,5,1,9,0,622491.0,Luis Castillo,605540.0,Brandon Woodruff,605540.0,622491.0,32,Miller Park,night,R
630978,2020-08-26,2020,KC,STL,118,138,5,4,9,0,9,0,518774.0,Matt Harvey,425794.0,Adam Wainwright,622251.0,607231.0,2889,Busch Stadium,night,R
631081,2020-08-26,2020,SEA,SD,136,135,8,3,11,0,9,0,594835.0,Marco Gonzales,663978.0,Chris Paddack,594835.0,663978.0,2680,Petco Park,night,R
630194,2020-08-26,2020,COL,ARI,115,109,5,4,9,0,9,0,608566.0,Germán Márquez,622065.0,Alex Young,545064.0,592233.0,15,Chase Field,night,R
631015,2020-08-26,2020,LAD,SF,119,137,8,10,18,1,11,1,628711.0,Julio Urías,456501.0,Johnny Cueto,572125.0,642701.0,2395,Oracle Park,night,R
630360,2020-08-25,2020,NYY,ATL,147,144,0,0,0,0,9,0,543037.0,Gerrit Cole,666120.0,Ian Anderson,,,4705,Truist Park,night,R
631500,2020-08-26,2020,PIT,CWS,134,145,3,10,13,1,9,0,592866.0,Trevor Williams,572971.0,Dallas Keuchel,572971.0,592866.0,4,Guaranteed Rate Field,day,R
630361,2020-08-26,2020,NYY,ATL,147,144,1,5,6,1,7,0,543037.0,Gerrit Cole,666120.0,Ian Anderson,666120.0,543037.0,4705,Truist Park,night,R
630360,2020-08-26,2020,NYY,ATL,147,144,1,2,3,1,7,0,547888.0,Masahiro Tanaka,608331.0,Max Fried,608331.0,643338.0,4705,Truist Park,night,R
630853,2020-08-26,2020,PHI,WSH,143,120,3,2,5,0,9,0,605400.0,Aaron Nola,571578.0,Patrick Corbin,605400.0,501789.0,3309,Nationals Park,night,R
630863,2020-08-26,2020,BOS,TOR,111,141,1,9,10,1,9,0,605155.0,Colten Brewer,657240.0,Julian Merryweather,685493.0,605155.0,2756,Sahlen Field,night,R
630952,2020-08-26,2020,BAL,TB,110,139,3,4,7,1,9,0,592879.0,Asher Wojciechowski,670950.0,Trevor Richards,595411.0,571710.0,12,Tropicana Field,night,R
631455,2020-08-26,2020,CHC,DET,112,116,6,7,13,1,9,0,452657.0,Jon Lester,605242.0,Michael Fulmer,641729.0,572193.0,2394,Comerica Park,night,R
631554,2020-08-26,2020,MIN,CLE,142,114,3,6,9,1,9,0,621244.0,José Berríos,605182.0,Mike Clevinger,664208.0,489265.0,5,Progressive Field,night,R
631226,2020-08-26,2020,MIA,NYM,146,121,4,5,9,1,9,0,622694.0,Elieser Hernández,594798.0,Jacob deGrom,542960.0,543883.0,3289,Citi Field,night,R
630931,2020-08-27,2020,OAK,TEX,133,140,3,1,4,0,9,0,571666.0,Mike Fiers,663465.0,Kolby Allard,571666.0,663465.0,5325,Globe Life Field,night,R
630979,2020-08-27,2020,KC,STL,118,138,5,6,11,1,9,0,596001.0,Jakob Junis,641712.0,Dakota Hudson,621052.0,600968.0,2889,Busch Stadium,night,R
630099,2020-08-27,2020,COL,ARI,115,109,8,7,15,0,9,0,592351.0,Jon Gray,592662.0,Robbie Ray,592351.0,592662.0,15,Chase Field,night,R
631440,2020-08-26,2020,LAA,HOU,108,117,0,0,0,0,9,0,571760.0,Andrew Heaney,621121.0,Lance McCullers Jr.,,,2392,Minute Maid Park,day,R
631303,2020-08-27,2020,CIN,MIL,113,158,0,0,0,0,9,0,543243.0,Sonny Gray,605288.0,Adrian Houser,,,32,Miller Park,night,R
631082,2020-08-27,2020,SEA,SD,136,135,0,0,0,0,9,0,592836.0,Taijuan Walker,659275.0,Dinelson Lamet,,,2680,Petco Park,night,R
631001,2020-08-27,2020,LAD,SF,119,137,0,0,0,0,9,0,477132.0,Clayton Kershaw,592332.0,Kevin Gausman,,,2395,Oracle Park,night,R
631083,2020-08-27,2020,SEA,SD,136,135,7,10,17,1,7,0,664714.0,Ljay Newsome,659275.0,Dinelson Lamet,572955.0,592865.0,2680,Petco Park,day,R
631082,2020-08-27,2020,SEA,SD,136,135,8,3,11,0,7,0,579328.0,Yusei Kikuchi,572070.0,Garrett Richards,579328.0,572070.0,2680,Petco Park,day,R
630999,2020-08-27,2020,PIT,STL,134,138,4,3,7,0,8,0,641771.0,Chad Kuhl,547942.0,Kwang Hyun Kim,608717.0,607231.0,2889,Busch Stadium,day,R
631000,2020-08-27,2020,PIT,STL,134,138,2,0,2,0,7,0,664074.0,Cody Ponce,670912.0,Johan Oviedo,664074.0,670912.0,2889,Busch Stadium,day,R
631017,2020-08-27,2020,LAD,SF,119,137,7,0,7,0,7,0,621111.0,Walker Buehler,657277.0,Logan Webb,477132.0,657277.0,2395,Oracle Park,day,R
631001,2020-08-27,2020,LAD,SF,119,137,2,0,2,0,7,0,657571.0,Caleb Ferguson,592332.0,Kevin Gausman,624647.0,592332.0,2395,Oracle Park,day,R
631290,2020-08-27,2020,CIN,MIL,113,158,6,1,7,0,7,0,543243.0,Sonny Gray,605288.0,Adrian Houser,543243.0,605288.0,32,Miller Park,night,R
631303,2020-08-27,2020,CIN,MIL,113,158,6,0,6,0,7,0,,,458676.0,Josh Lindblom,608371.0,458676.0,32,Miller Park,night,R
630203,2020-08-27,2020,COL,ARI,115,109,0,0,0,0,9,0,607536.0,Kyle Freeland,668678.0,Zac Gallen,,,15,Chase Field,day,R
630932,2020-08-27,2020,OAK,TEX,133,140,0,0,0,0,9,0,605135.0,Chris Bassitt,543475.0,Jordan Lyles,,,5325,Globe Life Field,night,R
630865,2020-08-27,2020,BOS,TOR,111,141,0,0,0,0,9,0,607391.0,Chris Mazza,547943.0,Hyun Jin Ryu,,,2756,Sahlen Field,night,R
630896,2020-08-27,2020,PHI,WSH,143,120,0,0,0,0,9,0,675921.0,Spencer Howard,453286.0,Max Scherzer,,,3309,Nationals Park,night,R
630953,2020-08-27,2020,BAL,TB,110,139,0,0,0,0,9,0,,,,,,,12,Tropicana Field,night,R
631456,2020-08-27,2020,MIN,DET,142,116,0,0,0,0,9,0,677976.0,Randy Dobnak,571510.0,Matthew Boyd,,,2394,Comerica Park,night,R
631223,2020-08-27,2020,MIA,NYM,146,121,0,0,0,0,9,0,664350.0,Sixto Sánchez,608379.0,Michael Wacha,,,3289,Citi Field,night,R
631203,2020-08-28,2020,NYM,NYY,121,147,6,4,10,0,7,0,608379.0,Michael Wacha,656756.0,Jordan Montgomery,621141.0,643338.0,3313,Yankee Stadium,night,R
631230,2020-08-28,2020,NYY,NYM,147,121,3,4,7,1,7,0,642528.0,Jonathan Loáisiga,656849.0,David Peterson,453172.0,547973.0,3313,Yankee Stadium,night,R
630871,2020-08-28,2020,BAL,TOR,110,141,4,5,9,1,10,1,607644.0,John Means,547943.0,Hyun Jin Ryu,503569.0,642121.0,2756,Sahlen Field,night,R
631125,2020-08-28,2020,ATL,PHI,144,143,4,7,11,1,11,1,572362.0,Robbie Erlin,554430.0,Zack Wheeler,453284.0,453343.0,2681,Citizens Bank Park,night,R
631582,2020-08-28,2020,CHC,CIN,112,113,5,6,11,1,9,0,543294.0,Kyle Hendricks,641816.0,Tyler Mahle,641816.0,543294.0,2602,Great American Ball Park,night,R
631501,2020-08-28,2020,KC,CWS,118,145,5,6,11,1,9,0,518633.0,Danny Duffy,625643.0,Reynaldo López,517008.0,453178.0,4,Guaranteed Rate Field,night,R
631304,2020-08-28,2020,TB,MIA,139,146,2,0,2,0,9,0,642232.0,Ryan Yarbrough,664350.0,Sixto Sánchez,664126.0,542947.0,4169,Marlins Park,night,R
631653,2020-08-28,2020,WSH,BOS,120,111,10,2,12,0,9,0,453286.0,Max Scherzer,527048.0,Martín Pérez,453286.0,527048.0,3,Fenway Park,night,R
630933,2020-08-29,2020,LAD,TEX,119,140,2,6,8,1,9,0,669160.0,Dustin May,501985.0,Mike Minor,642546.0,459429.0,5325,Globe Life Field,night,R
631291,2020-08-29,2020,PIT,MIL,134,158,1,9,10,1,9,0,502706.0,Derek Holland,669203.0,Corbin Burnes,669203.0,502706.0,32,Miller Park,night,R
630980,2020-08-29,2020,CLE,STL,114,138,14,2,16,0,9,0,663474.0,Triston McKenzie,594965.0,Daniel Ponce de Leon,657611.0,594965.0,2889,Busch Stadium,night,R
631524,2020-08-29,2020,SD,COL,135,115,10,4,14,0,9,0,605200.0,Zach Davies,607536.0,Kyle Freeland,605200.0,656546.0,19,Coors Field,night,R
631394,2020-08-29,2020,SEA,LAA,136,108,2,3,5,1,9,0,676606.0,Nick Margevicius,571760.0,Andrew Heaney,571760.0,676606.0,1,Angel Stadium,night,R
630216,2020-08-29,2020,SF,ARI,137,109,4,7,11,1,9,0,542881.0,Tyler Anderson,668678.0,Zac Gallen,668678.0,542881.0,15,Chase Field,night,R
631457,2020-08-28,2020,MIN,DET,142,116,0,0,0,0,9,0,605538.0,Matt Wisler,669373.0,Tarik Skubal,,,2394,Comerica Park,day,R
631456,2020-08-28,2020,MIN,DET,142,116,0,0,0,0,9,0,,,,,,,2394,Comerica Park,day,R
631427,2020-08-29,2020,OAK,HOU,133,117,0,0,0,0,9,0,605135.0,Chris Bassitt,621121.0,Lance McCullers Jr.,,,2392,Minute Maid Park,night,R
631204,2020-08-29,2020,NYM,NYY,121,147,1,2,3,1,9,0,607229.0,Robert Gsellman,457918.0,J.A. Happ,547973.0,476454.0,3313,Yankee Stadium,day,R
631458,2020-08-29,2020,MIN,DET,142,116,2,8,10,1,7,0,677976.0,Randy Dobnak,571510.0,Matthew Boyd,571510.0,677976.0,2394,Comerica Park,day,R
631457,2020-08-29,2020,MIN,DET,142,116,2,4,6,1,7,0,605538.0,Matt Wisler,669373.0,Tarik Skubal,669373.0,608648.0,2394,Comerica Park,day,R
630981,2020-08-29,2020,CLE,STL,114,138,2,1,3,0,12,1,471911.0,Carlos Carrasco,656427.0,Jack Flaherty,621295.0,621052.0,2889,Busch Stadium,day,R
631134,2020-08-29,2020,ATL,PHI,144,143,1,4,5,1,9,0,458708.0,Josh Tomlin,621107.0,Zach Eflin,621107.0,458708.0,2681,Citizens Bank Park,day,R
631502,2020-08-29,2020,KC,CWS,118,145,9,6,15,0,9,0,663903.0,Brady Singer,656302.0,Dylan Cease,623470.0,641420.0,4,Guaranteed Rate Field,day,R
631581,2020-08-29,2020,CHC,CIN,112,113,3,0,3,0,7,0,506433.0,Yu Darvish,545333.0,Trevor Bauer,506433.0,545333.0,2602,Great American Ball Park,night,R
631595,2020-08-29,2020,CHC,CIN,112,113,5,6,11,1,7,0,621219.0,Alec Mills,622088.0,Tejay Antone,669270.0,518886.0,2602,Great American Ball Park,night,R
631428,2020-08-29,2020,OAK,HOU,133,117,2,4,6,1,7,0,605135.0,Chris Bassitt,621121.0,Lance McCullers Jr.,621121.0,605135.0,2392,Minute Maid Park,day,R
631427,2020-08-29,2020,OAK,HOU,133,117,3,6,9,1,7,0,593423.0,Frankie Montas,425844.0,Zack Greinke,425844.0,593423.0,2392,Minute Maid Park,day,R
631319,2020-08-29,2020,TB,MIA,139,146,4,0,4,0,9,0,676596.0,Josh Fleming,641154.0,Pablo López,676596.0,641154.0,4169,Marlins Park,night,R
630906,2020-08-29,2020,BAL,TOR,110,141,0,5,5,1,9,0,502171.0,Alex Cobb,592836.0,Taijuan Walker,592836.0,502171.0,2756,Sahlen Field,night,R
630934,2020-08-29,2020,LAD,TEX,119,140,7,4,11,0,9,0,548389.0,Ross Stripling,458681.0,Lance Lynn,595014.0,458681.0,5325,Globe Life Field,night,R
631277,2020-08-29,2020,PIT,MIL,134,158,6,7,13,1,9,0,664141.0,JT Brubaker,474463.0,Brett Anderson,642207.0,593144.0,32,Miller Park,night,R
631654,2020-08-29,2020,WSH,BOS,120,111,3,5,8,1,9,0,434671.0,Aníbal Sánchez,607391.0,Chris Mazza,518489.0,434671.0,3,Fenway Park,night,R
631525,2020-08-30,2020,SD,COL,135,115,3,4,7,1,9,0,673258.0,Michel Baez,622608.0,Antonio Senzatela,453268.0,489334.0,19,Coors Field,night,R
630217,2020-08-30,2020,SF,ARI,137,109,5,2,7,0,9,0,502239.0,Trevor Cahill,596133.0,Luke Weaver,606424.0,596133.0,15,Chase Field,night,R
631369,2020-08-30,2020,SEA,LAA,136,108,3,16,19,1,9,0,656954.0,Justus Sheffield,605164.0,Dylan Bundy,605164.0,656954.0,1,Angel Stadium,night,R
631205,2020-08-30,2020,NYM,NYY,121,147,7,8,15,1,8,0,519144.0,Rick Porcello,650633.0,Michael King,643338.0,621242.0,3313,Yankee Stadium,day,R
631229,2020-08-30,2020,NYY,NYM,147,121,5,2,7,0,8,0,665620.0,Deivi García,607625.0,Seth Lugo,656547.0,622098.0,3313,Yankee Stadium,day,R
631584,2020-08-30,2020,CHC,CIN,112,113,10,1,11,0,9,0,543022.0,Tyler Chatwood,622491.0,Luis Castillo,607067.0,622491.0,2602,Great American Ball Park,day,R
631459,2020-08-30,2020,MIN,DET,142,116,2,3,5,1,9,0,628317.0,Kenta Maeda,663554.0,Casey Mize,641302.0,628317.0,2394,Comerica Park,day,R
631306,2020-08-30,2020,TB,MIA,139,146,12,7,19,0,9,0,605483.0,Blake Snell,645261.0,Sandy Alcantara,605483.0,645261.0,4169,Marlins Park,day,R
631655,2020-08-30,2020,WSH,BOS,120,111,5,9,14,1,9,0,608723.0,Austin Voth,643327.0,Zack Godley,592612.0,608723.0,3,Fenway Park,day,R
631505,2020-08-30,2020,KC,CWS,118,145,2,5,7,1,10,1,663460.0,Kris Bubic,641540.0,Dane Dunning,641582.0,676604.0,4,Guaranteed Rate Field,day,R
631278,2020-08-30,2020,PIT,MIL,134,158,5,1,6,0,9,0,643230.0,Steven Brault,605540.0,Brandon Woodruff,607374.0,605540.0,32,Miller Park,day,R
630982,2020-08-30,2020,CLE,STL,114,138,2,7,9,1,9,0,650644.0,Aaron Civale,425794.0,Adam Wainwright,425794.0,650644.0,2889,Busch Stadium,day,R
630921,2020-08-30,2020,LAD,TEX,119,140,7,2,9,0,9,0,664062.0,Tony Gonsolin,502043.0,Kyle Gibson,518397.0,502043.0,5325,Globe Life Field,day,R
630852,2020-08-30,2020,BAL,TOR,110,141,5,6,11,1,9,0,605347.0,Jorge López,543699.0,Tanner Roark,542914.0,642121.0,2756,Sahlen Field,day,R
631526,2020-08-30,2020,SD,COL,135,115,13,2,15,0,9,0,663978.0,Chris Paddack,624418.0,Ryan Castellani,663978.0,624418.0,19,Coors Field,day,R
631371,2020-08-30,2020,SEA,LAA,136,108,2,1,3,0,10,1,643290.0,Justin Dunn,656288.0,Griffin Canning,592865.0,650671.0,1,Angel Stadium,day,R
630219,2020-08-30,2020,SF,ARI,137,109,4,1,5,0,9,0,456501.0,Johnny Cueto,664199.0,Taylor Clarke,453265.0,592233.0,15,Chase Field,day,R
631135,2020-08-30,2020,ATL,PHI,144,143,12,10,22,0,9,0,543548.0,Tommy Milone,453562.0,Jake Arrieta,621345.0,453562.0,2681,Citizens Bank Park,night,R
631429,2020-08-30,2020,OAK,HOU,133,117,0,0,0,0,9,0,666200.0,Jesús Luzardo,664285.0,Framber Valdez,,,2392,Minute Maid Park,day,R
631223,2020-08-31,2020,MIA,NYM,146,121,5,3,8,0,9,0,669432.0,Trevor Rogers,594798.0,Jacob deGrom,669432.0,594798.0,3289,Citi Field,day,R
630900,2020-08-31,2020,BAL,TOR,110,141,4,3,7,0,11,1,669211.0,Keegan Akin,502624.0,Chase Anderson,491624.0,542914.0,2756,Sahlen Field,day,R
631374,2020-08-31,2020,SEA,LAA,136,108,2,1,3,0,9,0,594835.0,Marco Gonzales,642545.0,Jaime Barria,594835.0,542882.0,1,Angel Stadium,day,R
631585,2020-08-31,2020,STL,CIN,138,113,7,5,12,0,9,0,641712.0,Dakota Hudson,543101.0,Anthony DeSclafani,641712.0,543101.0,2602,Great American Ball Park,night,R
631143,2020-08-31,2020,WSH,PHI,120,143,6,8,14,1,9,0,607200.0,Erick Fedde,675921.0,Spencer Howard,675921.0,607200.0,2681,Citizens Bank Park,night,R
631206,2020-08-31,2020,TB,NYY,139,147,5,3,8,0,9,0,607192.0,Tyler Glasnow,543037.0,Gerrit Cole,607192.0,543037.0,3313,Yankee Stadium,night,R
631656,2020-08-31,2020,ATL,BOS,144,111,6,3,9,0,9,0,608331.0,Max Fried,605155.0,Colten Brewer,608331.0,605155.0,3,Fenway Park,night,R
631281,2020-08-31,2020,PIT,MIL,134,158,5,6,11,1,9,0,592866.0,Trevor Williams,608718.0,Brent Suter,642207.0,543867.0,32,Miller Park,night,R
631414,2020-09-01,2020,CLE,KC,114,118,1,2,3,1,9,0,669456.0,Shane Bieber,641745.0,Brad Keller,605130.0,675916.0,7,Kauffman Stadium,night,R
631247,2020-09-01,2020,CWS,MIN,145,142,8,5,13,0,9,0,608337.0,Lucas Giolito,448179.0,Rich Hill,641582.0,573124.0,3312,Target Field,night,R
631527,2020-09-01,2020,SD,COL,135,115,6,0,6,0,9,0,572070.0,Garrett Richards,608566.0,Germán Márquez,670970.0,608566.0,19,Coors Field,night,R
631586,2020-09-01,2020,STL,CIN,138,113,16,2,18,0,9,0,547942.0,Kwang Hyun Kim,543243.0,Sonny Gray,547942.0,543243.0,2602,Great American Ball Park,night,R
631307,2020-09-01,2020,TOR,MIA,141,146,2,3,5,1,9,0,657240.0,Julian Merryweather,622694.0,Elieser Hernández,624586.0,685493.0,4169,Marlins Park,night,R
631109,2020-09-01,2020,CHC,PIT,112,134,8,7,15,0,11,1,452657.0,Jon Lester,641771.0,Chad Kuhl,502026.0,605195.0,31,PNC Park,night,R
631153,2020-09-01,2020,WSH,PHI,120,143,0,6,6,1,9,0,571578.0,Patrick Corbin,605400.0,Aaron Nola,605400.0,571578.0,2681,Citizens Bank Park,night,R
631207,2020-09-01,2020,TB,NYY,139,147,3,5,8,1,9,0,670950.0,Trevor Richards,547888.0,Masahiro Tanaka,547888.0,657044.0,3313,Yankee Stadium,night,R
631657,2020-09-01,2020,ATL,BOS,144,111,10,3,13,0,9,0,666120.0,Ian Anderson,543901.0,Ryan Weber,666120.0,476594.0,3,Fenway Park,night,R
631671,2020-09-01,2020,NYM,BAL,121,110,5,9,14,1,9,0,642558.0,Ariel Jurado,592879.0,Asher Wojciechowski,664045.0,642584.0,2,Oriole Park at Camden Yards,night,R
631287,2020-09-01,2020,DET,MIL,116,158,12,1,13,0,9,0,605242.0,Michael Fulmer,458676.0,Josh Lindblom,596057.0,458676.0,32,Miller Park,night,R
631416,2020-09-02,2020,CLE,KC,114,118,10,1,11,0,9,0,668676.0,Zach Plesac,518774.0,Matt Harvey,668676.0,518774.0,7,Kauffman Stadium,night,R
631430,2020-09-02,2020,TEX,HOU,140,117,6,5,11,0,10,1,472610.0,Luis García,664285.0,Framber Valdez,642546.0,642130.0,2392,Minute Maid Park,night,R
631261,2020-09-02,2020,CWS,MIN,145,142,2,3,5,1,9,0,572971.0,Dallas Keuchel,501381.0,Michael Pineda,573204.0,622772.0,3312,Target Field,night,R
631528,2020-09-02,2020,SF,COL,137,115,23,5,28,0,9,0,592332.0,Kevin Gausman,592351.0,Jon Gray,592332.0,592351.0,19,Coors Field,night,R
631355,2020-09-02,2020,ARI,LAD,109,119,3,6,9,1,9,0,622065.0,Alex Young,628711.0,Julio Urías,628711.0,622065.0,22,Dodger Stadium,night,R
631053,2020-09-02,2020,OAK,SEA,133,136,0,0,0,0,9,0,,,664714.0,Ljay Newsome,,,680,T-Mobile Park,night,R
631529,2020-09-02,2020,SF,COL,137,115,6,9,15,1,9,0,657277.0,Logan Webb,607536.0,Kyle Freeland,571710.0,656322.0,19,Coors Field,day,R
631673,2020-09-02,2020,NYM,BAL,121,110,9,4,13,0,9,0,608379.0,Michael Wacha,607644.0,John Means,656849.0,607644.0,2,Oriole Park at Camden Yards,day,R
631587,2020-09-02,2020,STL,CIN,138,113,3,4,7,1,9,0,670912.0,Johan Oviedo,641816.0,Tyler Mahle,628452.0,606149.0,2602,Great American Ball Park,night,R
631308,2020-09-02,2020,TOR,MIA,141,146,2,1,3,0,9,0,547943.0,Hyun Jin Ryu,664350.0,Sixto Sánchez,547943.0,664350.0,4169,Marlins Park,night,R
631111,2020-09-02,2020,CHC,PIT,112,134,8,2,10,0,9,0,543294.0,Kyle Hendricks,605397.0,Joe Musgrove,543294.0,605397.0,31,PNC Park,night,R
631145,2020-09-02,2020,WSH,PHI,120,143,0,3,3,1,9,0,453286.0,Max Scherzer,554430.0,Zack Wheeler,554430.0,453286.0,2681,Citizens Bank Park,night,R
631194,2020-09-02,2020,TB,NYY,139,147,5,2,7,0,9,0,450203.0,Charlie Morton,656756.0,Jordan Montgomery,595928.0,656756.0,3313,Yankee Stadium,night,R
631624,2020-09-02,2020,ATL,BOS,144,111,7,5,12,0,9,0,572362.0,Robbie Erlin,622490.0,Robinson Leyer,554431.0,592811.0,3,Fenway Park,night,R
631283,2020-09-02,2020,DET,MIL,116,158,5,8,13,1,9,0,605513.0,Spencer Turnbull,605288.0,Adrian Houser,642233.0,641729.0,32,Miller Park,night,R
631404,2020-09-03,2020,CLE,KC,114,118,5,0,5,0,9,0,663474.0,Triston McKenzie,596001.0,Jakob Junis,663474.0,596001.0,7,Kauffman Stadium,night,R
631431,2020-09-03,2020,TEX,HOU,140,117,1,2,3,1,9,0,663465.0,Kolby Allard,664299.0,Cristian Javier,664299.0,663465.0,2392,Minute Maid Park,night,R
631253,2020-09-03,2020,CWS,MIN,145,142,1,8,9,1,9,0,625643.0,Reynaldo López,621244.0,José Berríos,621244.0,625643.0,3312,Target Field,night,R
631356,2020-09-03,2020,ARI,LAD,109,119,2,3,5,1,10,1,668678.0,Zac Gallen,621111.0,Walker Buehler,445276.0,448855.0,22,Dodger Stadium,night,R
631379,2020-09-03,2020,SD,LAA,135,108,11,4,15,0,9,0,659275.0,Dinelson Lamet,527054.0,Julio Teheran,657612.0,621142.0,1,Angel Stadium,night,R
631054,2020-09-03,2020,OAK,SEA,133,136,0,0,0,0,9,0,,,579328.0,Yusei Kikuchi,,,680,T-Mobile Park,night,R
631112,2020-09-03,2020,CHC,PIT,112,134,2,6,8,1,9,0,621219.0,Alec Mills,664141.0,JT Brubaker,664141.0,621219.0,31,PNC Park,day,R
631432,2020-09-03,2020,TEX,HOU,140,117,4,8,12,1,9,0,458681.0,Lance Lynn,425844.0,Zack Greinke,425844.0,458681.0,2392,Minute Maid Park,day,R
631146,2020-09-03,2020,WSH,PHI,120,143,5,6,11,1,10,1,434671.0,Aníbal Sánchez,621107.0,Zach Eflin,453284.0,448281.0,2681,Citizens Bank Park,day,R
631234,2020-09-03,2020,NYY,NYM,147,121,7,9,16,1,10,1,457918.0,J.A. Happ,607229.0,Robert Gsellman,621242.0,656061.0,3289,Citi Field,day,R
631368,2020-09-03,2020,SD,LAA,135,108,0,2,2,1,9,0,605182.0,Mike Clevinger,571760.0,Andrew Heaney,571760.0,605182.0,1,Angel Stadium,day,R
631614,2020-09-03,2020,TOR,BOS,141,111,6,2,8,0,10,1,592836.0,Taijuan Walker,527048.0,Martín Pérez,503569.0,570488.0,3,Fenway Park,night,R
631405,2020-09-04,2020,CWS,KC,145,118,11,6,17,0,9,0,656302.0,Dylan Cease,518633.0,Danny Duffy,656302.0,518633.0,7,Kauffman Stadium,night,R
631370,2020-09-04,2020,ARI,LAD,109,119,1,5,6,1,9,0,596133.0,Luke Weaver,477132.0,Clayton Kershaw,477132.0,596133.0,22,Dodger Stadium,night,R
631055,2020-09-03,2020,OAK,SEA,133,136,0,0,0,0,9,0,,,,,,,680,T-Mobile Park,day,R
631262,2020-09-04,2020,DET,MIN,116,142,0,2,2,1,7,0,571510.0,Matthew Boyd,677976.0,Randy Dobnak,677976.0,571510.0,3312,Target Field,day,R
631456,2020-09-04,2020,MIN,DET,142,116,3,2,5,0,8,0,605538.0,Matt Wisler,641302.0,Tyler Alexander,489265.0,641729.0,3312,Target Field,day,R
631113,2020-09-04,2020,CIN,PIT,113,134,4,2,6,0,7,0,622491.0,Luis Castillo,643230.0,Steven Brault,622491.0,643230.0,31,PNC Park,night,R
631602,2020-09-04,2020,PIT,CIN,134,113,4,3,7,0,7,0,664074.0,Cody Ponce,545333.0,Trevor Bauer,607572.0,545333.0,31,PNC Park,night,R
631649,2020-09-04,2020,TOR,BOS,141,111,8,7,15,0,7,0,543699.0,Tanner Roark,643327.0,Zack Godley,595918.0,643327.0,3,Fenway Park,night,R
630865,2020-09-04,2020,BOS,TOR,111,141,3,2,5,0,7,0,607391.0,Chris Mazza,548389.0,Ross Stripling,657031.0,548389.0,3,Fenway Park,night,R
630371,2020-09-04,2020,WSH,ATL,120,144,1,7,8,1,7,0,608723.0,Austin Voth,543548.0,Tommy Milone,503285.0,608723.0,4705,Truist Park,night,R
630323,2020-09-04,2020,WSH,ATL,120,144,10,9,19,0,7,0,640444.0,Wil Crowe,660623.0,Huascar Ynoa,593833.0,519293.0,4705,Truist Park,night,R
631674,2020-09-04,2020,NYY,BAL,147,110,6,5,11,0,9,0,650633.0,Michael King,664045.0,Thomas Eshelman,656547.0,664042.0,2,Oriole Park at Camden Yards,night,R
630497,2020-09-04,2020,NYY,BAL,147,110,3,6,9,1,7,0,665620.0,Deivi García,605347.0,Jorge López,605347.0,665620.0,2,Oriole Park at Camden Yards,night,R
630954,2020-09-04,2020,MIA,TB,146,139,4,5,9,1,9,0,641154.0,Pablo López,676596.0,Josh Fleming,676596.0,641154.0,12,Tropicana Field,night,R
631221,2020-09-04,2020,PHI,NYM,143,121,5,3,8,0,9,0,453562.0,Jake Arrieta,519144.0,Rick Porcello,453562.0,453172.0,3289,Citi Field,night,R
631555,2020-09-04,2020,MIL,CLE,158,114,7,1,8,0,9,0,669203.0,Corbin Burnes,471911.0,Carlos Carrasco,669203.0,664208.0,5,Progressive Field,night,R
631406,2020-09-05,2020,CWS,KC,145,118,7,4,11,0,9,0,641540.0,Dane Dunning,663903.0,Brady Singer,676051.0,663903.0,7,Kauffman Stadium,night,R
631644,2020-09-05,2020,STL,CHC,138,112,1,4,5,1,9,0,656427.0,Jack Flaherty,506433.0,Yu Darvish,506433.0,656427.0,17,Wrigley Field,night,R
631357,2020-09-05,2020,HOU,LAA,117,108,5,6,11,1,11,1,621121.0,Lance McCullers Jr.,605164.0,Dylan Bundy,542882.0,548384.0,1,Angel Stadium,night,R
631041,2020-09-05,2020,TEX,SEA,140,136,3,6,9,1,9,0,621129.0,Kyle Cody,579328.0,Yusei Kikuchi,579328.0,621129.0,680,T-Mobile Park,night,R
631345,2020-09-05,2020,COL,LAD,115,119,6,10,16,1,9,0,622608.0,Antonio Senzatela,669160.0,Dustin May,657571.0,608032.0,22,Dodger Stadium,night,R
631156,2020-09-05,2020,SD,OAK,135,133,7,0,7,0,9,0,605200.0,Zach Davies,666200.0,Jesús Luzardo,605200.0,666200.0,10,Oakland Coliseum,night,R
631003,2020-09-05,2020,ARI,SF,109,137,6,5,11,0,9,0,664199.0,Taylor Clarke,542881.0,Tyler Anderson,664157.0,542881.0,2395,Oracle Park,night,R
631157,2020-09-05,2020,SD,OAK,135,133,4,8,12,1,9,0,663978.0,Chris Paddack,640455.0,Sean Manaea,640455.0,663978.0,10,Oakland Coliseum,day,R
631607,2020-09-05,2020,STL,CHC,138,112,4,2,6,0,7,0,425794.0,Adam Wainwright,640470.0,Adbert Alzolay,425794.0,640470.0,17,Wrigley Field,night,R
630998,2020-09-05,2020,CHC,STL,112,138,1,5,6,1,7,0,,,,,664854.0,607067.0,17,Wrigley Field,night,R
630955,2020-09-05,2020,MIA,TB,146,139,7,3,10,0,9,0,645261.0,Sandy Alcantara,605483.0,Blake Snell,645261.0,605483.0,12,Tropicana Field,night,R
631115,2020-09-05,2020,CIN,PIT,113,134,6,2,8,0,9,0,543101.0,Anthony DeSclafani,592866.0,Trevor Williams,607237.0,592866.0,31,PNC Park,night,R
631408,2020-09-05,2020,CWS,KC,145,118,5,3,8,0,9,0,608337.0,Lucas Giolito,663460.0,Kris Bubic,608337.0,663460.0,7,Kauffman Stadium,night,R
631388,2020-09-05,2020,HOU,LAA,117,108,9,10,19,1,7,0,656232.0,Brandon Bielak,656288.0,Griffin Canning,570240.0,660600.0,1,Angel Stadium,night,R
631440,2020-09-05,2020,LAA,HOU,108,117,7,6,13,0,7,0,,,664353.0,José Urquidy,598287.0,528748.0,1,Angel Stadium,night,R
631264,2020-09-05,2020,DET,MIN,116,142,3,4,7,1,9,0,669373.0,Tarik Skubal,628317.0,Kenta Maeda,660896.0,542585.0,3312,Target Field,night,R
631228,2020-09-05,2020,PHI,NYM,143,121,1,5,6,1,9,0,675921.0,Spencer Howard,607625.0,Seth Lugo,607625.0,675921.0,3289,Citi Field,night,R
630383,2020-09-05,2020,WSH,ATL,120,144,10,4,14,0,9,0,607200.0,Erick Fedde,608331.0,Max Fried,641851.0,554431.0,4705,Truist Park,night,R
631556,2020-09-05,2020,MIL,CLE,158,114,3,4,7,1,9,0,605540.0,Brandon Woodruff,650644.0,Aaron Civale,543272.0,623352.0,5,Progressive Field,night,R
631625,2020-09-05,2020,TOR,BOS,141,111,8,9,17,1,9,0,502624.0,Chase Anderson,543901.0,Ryan Weber,592464.0,542914.0,3,Fenway Park,night,R
631675,2020-09-05,2020,NYY,BAL,147,110,1,6,7,1,9,0,543037.0,Gerrit Cole,669211.0,Keegan Akin,622253.0,543037.0,2,Oriole Park at Camden Yards,night,R
631328,2020-09-06,2020,COL,LAD,115,119,5,2,7,0,9,0,608566.0,Germán Márquez,664062.0,Tony Gonsolin,622075.0,595014.0,22,Dodger Stadium,night,R
631044,2020-09-06,2020,TEX,SEA,140,136,3,5,8,1,9,0,502043.0,Kyle Gibson,656954.0,Justus Sheffield,680702.0,642546.0,680,T-Mobile Park,night,R
631004,2020-09-06,2020,ARI,SF,109,137,3,4,7,1,9,0,518516.0,Madison Bumgarner,502239.0,Trevor Cahill,670056.0,518516.0,2395,Oracle Park,night,R
631676,2020-09-06,2020,NYY,BAL,147,110,1,5,6,1,9,0,547888.0,Masahiro Tanaka,665152.0,Dean Kremer,665152.0,547888.0,2,Oriole Park at Camden Yards,day,R
631209,2020-09-06,2020,PHI,NYM,143,121,1,14,15,1,9,0,605400.0,Aaron Nola,594798.0,Jacob deGrom,594798.0,605400.0,3289,Citi Field,day,R
630491,2020-09-06,2020,WSH,ATL,120,144,3,10,13,1,9,0,571578.0,Patrick Corbin,458708.0,Josh Tomlin,458708.0,571578.0,4705,Truist Park,day,R
630956,2020-09-06,2020,MIA,TB,146,139,4,5,9,1,10,1,669432.0,Trevor Rogers,607192.0,Tyler Glasnow,595928.0,445213.0,12,Tropicana Field,day,R
631557,2020-09-06,2020,MIL,CLE,158,114,1,4,5,1,9,0,474463.0,Brett Anderson,669456.0,Shane Bieber,669456.0,474463.0,5,Progressive Field,day,R
631116,2020-09-06,2020,CIN,PIT,113,134,2,3,5,1,9,0,622088.0,Tejay Antone,641771.0,Chad Kuhl,593144.0,628452.0,31,PNC Park,day,R
631626,2020-09-06,2020,TOR,BOS,141,111,10,8,18,0,9,0,592662.0,Robbie Ray,592811.0,Andrew Triggs,641672.0,664180.0,3,Fenway Park,day,R
631407,2020-09-06,2020,CWS,KC,145,118,8,2,10,0,9,0,572971.0,Dallas Keuchel,518774.0,Matt Harvey,572971.0,518774.0,7,Kauffman Stadium,day,R
631254,2020-09-06,2020,DET,MIN,116,142,10,8,18,0,9,0,663554.0,Casey Mize,448179.0,Rich Hill,608335.0,489265.0,3312,Target Field,day,R
631005,2020-09-06,2020,ARI,SF,109,137,2,4,6,1,9,0,622065.0,Alex Young,456501.0,Johnny Cueto,670056.0,622065.0,2395,Oracle Park,day,R
631359,2020-09-06,2020,HOU,LAA,117,108,5,9,14,1,9,0,664285.0,Framber Valdez,642545.0,Jaime Barria,594577.0,664285.0,1,Angel Stadium,day,R
631158,2020-09-06,2020,SD,OAK,135,133,5,3,8,0,9,0,572070.0,Garrett Richards,571666.0,Mike Fiers,572070.0,571666.0,10,Oakland Coliseum,day,R
631030,2020-09-06,2020,TEX,SEA,140,136,3,4,7,1,9,0,543475.0,Jordan Lyles,643290.0,Justin Dunn,643290.0,543475.0,680,T-Mobile Park,day,R
631604,2020-09-06,2020,STL,CHC,138,112,7,3,10,0,9,0,641712.0,Dakota Hudson,452657.0,Jon Lester,641712.0,452657.0,17,Wrigley Field,night,R
631344,2020-09-07,2020,COL,LAD,115,119,7,6,13,0,9,0,624418.0,Ryan Castellani,628711.0,Julio Urías,622075.0,657571.0,22,Dodger Stadium,night,R
631225,2020-09-07,2020,PHI,NYM,143,121,9,8,17,0,10,1,554430.0,Zack Wheeler,656849.0,David Peterson,519443.0,612434.0,3289,Citi Field,day,R
630415,2020-09-07,2020,MIA,ATL,146,144,5,4,9,0,10,1,570632.0,José Ureña,666120.0,Ian Anderson,445213.0,621345.0,4705,Truist Park,day,R
631255,2020-09-07,2020,DET,MIN,116,142,2,6,8,1,9,0,605242.0,Michael Fulmer,501381.0,Michael Pineda,501381.0,605242.0,3312,Target Field,day,R
631605,2020-09-07,2020,STL,CHC,138,112,1,5,6,1,9,0,670912.0,Johan Oviedo,543294.0,Kyle Hendricks,543294.0,670912.0,17,Wrigley Field,day,R
631031,2020-09-07,2020,TEX,SEA,140,136,4,8,12,1,9,0,663465.0,Kolby Allard,594835.0,Marco Gonzales,594835.0,663465.0,680,T-Mobile Park,day,R
630857,2020-09-07,2020,TB,WSH,139,120,1,6,7,1,9,0,450203.0,Charlie Morton,453286.0,Max Scherzer,453286.0,450203.0,3309,Nationals Park,night,R
631558,2020-09-07,2020,KC,CLE,118,114,2,5,7,1,9,0,641745.0,Brad Keller,668676.0,Zach Plesac,668676.0,641745.0,5,Progressive Field,night,R
630859,2020-09-07,2020,NYY,TOR,147,141,7,12,19,1,9,0,656756.0,Jordan Montgomery,547943.0,Hyun Jin Ryu,656887.0,493603.0,2756,Sahlen Field,night,R
631006,2020-09-08,2020,ARI,SF,109,137,2,4,6,1,9,0,668678.0,Zac Gallen,592332.0,Kevin Gausman,592332.0,668678.0,2395,Oracle Park,night,R
631159,2020-09-08,2020,HOU,OAK,117,133,0,6,6,1,9,0,664299.0,Cristian Javier,605135.0,Chris Bassitt,605135.0,664299.0,10,Oakland Coliseum,night,R
631084,2020-09-08,2020,COL,SD,115,135,0,1,1,1,9,0,607536.0,Kyle Freeland,659275.0,Dinelson Lamet,519141.0,608032.0,2680,Petco Park,night,R
630983,2020-09-08,2020,MIN,STL,142,138,7,3,10,0,7,0,621244.0,José Berríos,593372.0,Carlos Martinez,621244.0,593372.0,2889,Busch Stadium,day,R
630984,2020-09-08,2020,MIN,STL,142,138,4,6,10,1,7,0,677976.0,Randy Dobnak,594965.0,Daniel Ponce de Leon,650893.0,677976.0,2889,Busch Stadium,day,R
631149,2020-09-08,2020,BOS,PHI,111,143,5,6,11,1,7,0,527048.0,Martín Pérez,621107.0,Zach Eflin,593576.0,598264.0,2681,Citizens Bank Park,night,R
631152,2020-09-08,2020,BOS,PHI,111,143,5,2,7,0,7,0,607391.0,Chris Mazza,592826.0,Vince Velasquez,607391.0,475479.0,2681,Citizens Bank Park,night,R
630867,2020-09-08,2020,TB,WSH,139,120,3,5,8,1,9,0,642232.0,Ryan Yarbrough,434671.0,Aníbal Sánchez,434671.0,642232.0,3309,Nationals Park,night,R
631559,2020-09-08,2020,KC,CLE,118,114,8,6,14,0,9,0,596001.0,Jakob Junis,663474.0,Triston McKenzie,518813.0,643256.0,5,Progressive Field,night,R
631429,2020-09-08,2020,OAK,HOU,133,117,4,2,6,0,7,0,593423.0,Frankie Montas,425844.0,Zack Greinke,593423.0,425844.0,10,Oakland Coliseum,day,R
631160,2020-09-08,2020,HOU,OAK,117,133,5,4,9,0,7,0,608328.0,Chase De Jong,501985.0,Mike Minor,660600.0,605525.0,10,Oakland Coliseum,day,R
630860,2020-09-08,2020,NYY,TOR,147,141,1,2,3,1,9,0,457918.0,J.A. Happ,592836.0,Taijuan Walker,685493.0,457918.0,2756,Sahlen Field,night,R
631096,2020-09-08,2020,CWS,PIT,145,134,4,5,9,1,9,0,656302.0,Dylan Cease,605397.0,Joe Musgrove,593144.0,446321.0,31,PNC Park,night,R
631211,2020-09-08,2020,BAL,NYM,110,121,11,2,13,0,9,0,607644.0,John Means,608379.0,Michael Wacha,607644.0,608379.0,3289,Citi Field,night,R
630438,2020-09-08,2020,MIA,ATL,146,144,8,0,8,0,9,0,664350.0,Sixto Sánchez,657140.0,Kyle Wright,664350.0,657140.0,4705,Truist Park,night,R
631460,2020-09-08,2020,MIL,DET,158,116,3,8,11,1,9,0,605288.0,Adrian Houser,605513.0,Spencer Turnbull,605513.0,605288.0,2394,Comerica Park,night,R
630904,2020-09-09,2020,LAA,TEX,108,140,1,7,8,1,9,0,571760.0,Andrew Heaney,458681.0,Lance Lynn,458681.0,571760.0,5325,Globe Life Field,night,R
631615,2020-09-09,2020,CIN,CHC,113,112,0,3,3,1,9,0,641816.0,Tyler Mahle,621219.0,Alec Mills,621219.0,641816.0,17,Wrigley Field,night,R
631071,2020-09-09,2020,COL,SD,115,135,5,14,19,1,9,0,592346.0,Chi Chi González,605182.0,Mike Clevinger,605182.0,592346.0,2680,Petco Park,night,R
630220,2020-09-09,2020,LAD,ARI,119,109,10,9,19,0,10,1,621111.0,Walker Buehler,596133.0,Luke Weaver,445276.0,661255.0,15,Chase Field,night,R
631007,2020-09-09,2020,SEA,SF,136,137,5,6,11,1,9,0,664714.0,Ljay Newsome,657277.0,Logan Webb,643511.0,664948.0,2395,Oracle Park,night,R
631461,2020-09-09,2020,MIL,DET,158,116,19,0,19,0,9,0,669203.0,Corbin Burnes,571510.0,Matthew Boyd,669203.0,571510.0,2394,Comerica Park,day,R
631560,2020-09-09,2020,KC,CLE,118,114,3,0,3,0,9,0,518633.0,Danny Duffy,471911.0,Carlos Carrasco,518633.0,471911.0,5,Progressive Field,night,R
630864,2020-09-09,2020,NYY,TOR,147,141,7,2,9,0,9,0,665620.0,Deivi García,543699.0,Tanner Roark,665620.0,548389.0,2756,Sahlen Field,night,R
631100,2020-09-09,2020,CWS,PIT,145,134,8,1,9,0,9,0,641540.0,Dane Dunning,664141.0,JT Brubaker,641540.0,664141.0,31,PNC Park,night,R
631212,2020-09-09,2020,BAL,NYM,110,121,6,7,13,1,9,0,605347.0,Jorge López,519144.0,Rick Porcello,544727.0,640451.0,3289,Citi Field,night,R
630439,2020-09-09,2020,MIA,ATL,146,144,9,29,38,1,9,0,641154.0,Pablo López,543548.0,Tommy Milone,594795.0,641154.0,4705,Truist Park,night,R
630925,2020-09-10,2020,LAA,TEX,108,140,3,7,10,1,9,0,527054.0,Julio Teheran,621129.0,Kyle Cody,667463.0,527054.0,5325,Globe Life Field,night,R
631056,2020-09-10,2020,COL,SD,115,135,3,5,8,1,9,0,622608.0,Antonio Senzatela,605200.0,Zach Davies,605200.0,622608.0,2680,Petco Park,night,R
631616,2020-09-10,2020,CIN,CHC,113,112,3,0,3,0,9,0,545333.0,Trevor Bauer,506433.0,Yu Darvish,545333.0,506433.0,17,Wrigley Field,night,R
631161,2020-09-10,2020,HOU,OAK,117,133,2,3,5,1,9,0,677651.0,Luis Garcia,666200.0,Jesús Luzardo,521230.0,519151.0,10,Oakland Coliseum,night,R
630221,2020-09-10,2020,LAD,ARI,119,109,6,4,10,0,10,1,477132.0,Clayton Kershaw,664199.0,Taylor Clarke,459429.0,656464.0,15,Chase Field,night,R
631008,2020-09-10,2020,SEA,SF,136,137,1,10,11,1,9,0,676606.0,Nick Margevicius,542881.0,Tyler Anderson,542881.0,676606.0,2395,Oracle Park,night,R
630994,2020-09-10,2020,DET,STL,116,138,2,12,14,1,7,0,669373.0,Tarik Skubal,656427.0,Jack Flaherty,656427.0,669373.0,2889,Busch Stadium,day,R
630995,2020-09-10,2020,DET,STL,116,138,6,3,9,0,7,0,519455.0,Jordan Zimmermann,596295.0,Austin Gomber,542585.0,606149.0,2889,Busch Stadium,day,R
631162,2020-09-10,2020,HOU,OAK,117,133,1,3,4,1,9,0,664353.0,José Urquidy,640455.0,Sean Manaea,640455.0,664353.0,10,Oakland Coliseum,day,R
630908,2020-09-10,2020,LAA,TEX,108,140,6,2,8,0,9,0,605164.0,Dylan Bundy,502043.0,Kyle Gibson,605164.0,502043.0,5325,Globe Life Field,day,R
630869,2020-09-10,2020,ATL,WSH,144,120,7,6,13,0,9,0,572362.0,Robbie Erlin,608723.0,Austin Voth,455119.0,663432.0,3309,Nationals Park,night,R
631561,2020-09-10,2020,KC,CLE,118,114,11,1,12,0,9,0,663903.0,Brady Singer,650644.0,Aaron Civale,663903.0,650644.0,5,Progressive Field,night,R
630957,2020-09-10,2020,BOS,TB,111,139,4,3,7,0,9,0,592464.0,Mike Kickham,676596.0,Josh Fleming,543901.0,664126.0,12,Tropicana Field,night,R
631309,2020-09-10,2020,PHI,MIA,143,146,6,7,13,1,9,0,453562.0,Jake Arrieta,645261.0,Sandy Alcantara,554340.0,519443.0,4169,Marlins Park,night,R
631634,2020-09-11,2020,CIN,CHC,113,112,5,8,13,1,9,0,543243.0,Sonny Gray,640470.0,Adbert Alzolay,594986.0,543243.0,17,Wrigley Field,night,R
631072,2020-09-11,2020,SF,SD,137,135,1,6,7,1,9,0,502239.0,Trevor Cahill,663978.0,Chris Paddack,670970.0,502239.0,2680,Petco Park,night,R
630223,2020-09-11,2020,LAD,ARI,119,109,2,5,7,1,9,0,669160.0,Dustin May,518516.0,Madison Bumgarner,642092.0,664062.0,15,Chase Field,night,R
631183,2020-09-10,2020,BAL,NYY,110,147,0,0,0,0,9,0,669211.0,Keegan Akin,543037.0,Gerrit Cole,,,3313,Yankee Stadium,night,R
631184,2020-09-11,2020,BAL,NYY,110,147,0,6,6,1,7,0,502171.0,Alex Cobb,543037.0,Gerrit Cole,543037.0,502171.0,3313,Yankee Stadium,night,R
631183,2020-09-11,2020,BAL,NYY,110,147,1,10,11,1,7,0,669211.0,Keegan Akin,547888.0,Masahiro Tanaka,547888.0,669211.0,3313,Yankee Stadium,night,R
631310,2020-09-11,2020,PHI,MIA,143,146,11,0,11,0,7,0,605400.0,Aaron Nola,669432.0,Trevor Rogers,605400.0,669432.0,4169,Marlins Park,night,R
631318,2020-09-11,2020,PHI,MIA,143,146,3,5,8,1,7,0,453284.0,Blake Parker,641447.0,Daniel Castano,624586.0,624133.0,4169,Marlins Park,night,R
630873,2020-09-11,2020,ATL,WSH,144,120,7,8,15,1,12,1,458708.0,Josh Tomlin,607200.0,Erick Fedde,630263.0,594795.0,3309,Nationals Park,night,R
630868,2020-09-11,2020,NYM,TOR,121,141,18,1,19,0,9,0,594798.0,Jacob deGrom,502624.0,Chase Anderson,594798.0,502624.0,2756,Sahlen Field,night,R
630958,2020-09-11,2020,BOS,TB,111,139,1,11,12,1,9,0,592811.0,Andrew Triggs,605483.0,Blake Snell,605483.0,664180.0,12,Tropicana Field,night,R
631399,2020-09-12,2020,PIT,KC,134,118,3,4,7,1,9,0,643230.0,Steven Brault,663460.0,Kris Bubic,663460.0,643230.0,7,Kauffman Stadium,night,R
630909,2020-09-12,2020,OAK,TEX,133,140,10,6,16,0,9,0,571666.0,Mike Fiers,472610.0,Luis García,571666.0,472610.0,5325,Globe Life Field,night,R
631256,2020-09-12,2020,CLE,MIN,114,142,1,3,4,1,9,0,669456.0,Shane Bieber,628317.0,Kenta Maeda,628317.0,669456.0,3312,Target Field,night,R
631478,2020-09-12,2020,DET,CWS,116,145,3,4,7,1,9,0,663554.0,Casey Mize,608337.0,Lucas Giolito,605359.0,542585.0,4,Guaranteed Rate Field,night,R
631284,2020-09-12,2020,CHC,MIL,112,158,0,1,1,1,9,0,452657.0,Jon Lester,605540.0,Brandon Woodruff,623352.0,592858.0,32,Miller Park,night,R
630985,2020-09-12,2020,CIN,STL,113,138,3,1,4,0,9,0,622491.0,Luis Castillo,425794.0,Adam Wainwright,622491.0,425794.0,2889,Busch Stadium,night,R
631530,2020-09-12,2020,LAA,COL,108,115,4,8,12,1,9,0,656288.0,Griffin Canning,608566.0,Germán Márquez,453268.0,621142.0,19,Coors Field,night,R
630224,2020-09-12,2020,SEA,ARI,136,109,3,4,7,1,9,0,579328.0,Yusei Kikuchi,592761.0,Caleb Smith,622065.0,579328.0,15,Chase Field,night,R
631058,2020-09-12,2020,SF,SD,137,135,0,0,0,0,9,0,456501.0,Johnny Cueto,572070.0,Garrett Richards,,,2680,Petco Park,night,R
631185,2020-09-12,2020,BAL,NYY,110,147,1,2,3,1,10,1,665152.0,Dean Kremer,656756.0,Jordan Montgomery,656547.0,640451.0,3313,Yankee Stadium,day,R
630910,2020-09-12,2020,OAK,TEX,133,140,2,5,7,1,7,0,641726.0,Daulton Jefferies,580792.0,Nick Goody,605138.0,641726.0,5325,Globe Life Field,night,R
630932,2020-09-12,2020,OAK,TEX,133,140,10,1,11,0,7,0,605135.0,Chris Bassitt,663465.0,Kolby Allard,605135.0,663465.0,5325,Globe Life Field,night,R
630877,2020-09-12,2020,ATL,WSH,144,120,2,1,3,0,9,0,666120.0,Ian Anderson,571578.0,Patrick Corbin,666120.0,571578.0,3309,Nationals Park,night,R
631311,2020-09-12,2020,PHI,MIA,143,146,12,6,18,0,9,0,675921.0,Spencer Howard,570632.0,José Ureña,592390.0,570632.0,4169,Marlins Park,night,R
630870,2020-09-12,2020,NYM,TOR,121,141,2,3,5,1,9,0,607625.0,Seth Lugo,592662.0,Robbie Ray,592662.0,607625.0,2756,Sahlen Field,night,R
630959,2020-09-12,2020,BOS,TB,111,139,4,5,9,1,9,0,543135.0,Nathan Eovaldi,607192.0,Tyler Glasnow,607192.0,519393.0,12,Tropicana Field,night,R
631400,2020-09-12,2020,PIT,KC,134,118,4,7,11,1,9,0,592866.0,Trevor Williams,672578.0,Carlos Hernández,622092.0,592866.0,7,Kauffman Stadium,night,R
631495,2020-09-12,2020,DET,CWS,116,145,0,14,14,1,9,0,605242.0,Michael Fulmer,625643.0,Reynaldo López,625643.0,605242.0,4,Guaranteed Rate Field,night,R
631285,2020-09-12,2020,CHC,MIL,112,158,4,2,6,0,9,0,543294.0,Kyle Hendricks,608718.0,Brent Suter,592094.0,623352.0,32,Miller Park,night,R
631331,2020-09-13,2020,HOU,LAD,117,119,7,5,12,0,9,0,664285.0,Framber Valdez,628711.0,Julio Urías,657624.0,445276.0,22,Dodger Stadium,night,R
631257,2020-09-13,2020,CLE,MIN,114,142,4,8,12,1,9,0,668676.0,Zach Plesac,448179.0,Rich Hill,448179.0,668676.0,3312,Target Field,night,R
631531,2020-09-13,2020,LAA,COL,108,115,5,2,7,0,11,1,642545.0,Jaime Barria,607536.0,Kyle Freeland,621142.0,641755.0,19,Coors Field,night,R
630225,2020-09-13,2020,SEA,ARI,136,109,7,3,10,0,9,0,656954.0,Justus Sheffield,668678.0,Zac Gallen,656954.0,668678.0,15,Chase Field,night,R
630988,2020-09-13,2020,CIN,STL,113,138,1,7,8,1,9,0,622088.0,Tejay Antone,641712.0,Dakota Hudson,641712.0,622088.0,2889,Busch Stadium,night,R
631059,2020-09-13,2020,SF,SD,137,135,0,0,0,0,9,0,592332.0,Kevin Gausman,659275.0,Dinelson Lamet,,,2680,Petco Park,night,R
630883,2020-09-13,2020,ATL,WSH,144,120,8,4,12,0,9,0,657140.0,Kyle Wright,453286.0,Max Scherzer,657140.0,453286.0,3309,Nationals Park,day,R
631187,2020-09-13,2020,BAL,NYY,110,147,1,3,4,1,9,0,607644.0,John Means,457918.0,J.A. Happ,502154.0,622253.0,3313,Yankee Stadium,day,R
630947,2020-09-13,2020,BOS,TB,111,139,6,3,9,0,9,0,527048.0,Martín Pérez,450203.0,Charlie Morton,527048.0,664126.0,12,Tropicana Field,day,R
631312,2020-09-13,2020,PHI,MIA,143,146,1,2,3,1,7,0,665759.0,Ramón Rosso,664350.0,Sixto Sánchez,664350.0,665759.0,4169,Marlins Park,day,R
631320,2020-09-13,2020,PHI,MIA,143,146,1,8,9,1,7,0,621107.0,Zach Eflin,666129.0,Braxton Garrett,666129.0,621107.0,4169,Marlins Park,day,R
631401,2020-09-13,2020,PIT,KC,134,118,0,11,11,1,9,0,641771.0,Chad Kuhl,641745.0,Brad Keller,641745.0,641771.0,7,Kauffman Stadium,day,R
631259,2020-09-13,2020,CLE,MIN,114,142,5,7,12,1,9,0,663474.0,Triston McKenzie,501381.0,Michael Pineda,573204.0,663474.0,3312,Target Field,day,R
631481,2020-09-13,2020,DET,CWS,116,145,2,5,7,1,9,0,605513.0,Spencer Turnbull,680692.0,Jonathan Stiever,622772.0,605513.0,4,Guaranteed Rate Field,day,R
631286,2020-09-13,2020,CHC,MIL,112,158,12,0,12,0,9,0,621219.0,Alec Mills,605288.0,Adrian Houser,621219.0,605288.0,32,Miller Park,day,R
630961,2020-09-13,2020,CIN,STL,113,138,10,5,15,0,9,0,641816.0,Tyler Mahle,593372.0,Carlos Martinez,605151.0,607231.0,2889,Busch Stadium,day,R
630911,2020-09-13,2020,OAK,TEX,133,140,3,6,9,1,9,0,593423.0,Frankie Montas,458681.0,Lance Lynn,458681.0,593423.0,5325,Globe Life Field,day,R
630875,2020-09-13,2020,NYM,TOR,121,141,3,7,10,1,9,0,656849.0,David Peterson,547943.0,Hyun Jin Ryu,547943.0,656849.0,2756,Sahlen Field,day,R
631532,2020-09-13,2020,LAA,COL,108,115,5,3,8,0,9,0,571760.0,Andrew Heaney,624418.0,Ryan Castellani,571760.0,608032.0,19,Coors Field,day,R
630226,2020-09-13,2020,SEA,ARI,136,109,7,3,10,0,9,0,643290.0,Justin Dunn,596133.0,Luke Weaver,594987.0,596133.0,15,Chase Field,day,R
631060,2020-09-13,2020,SF,SD,137,135,0,6,6,1,7,0,456501.0,Johnny Cueto,605182.0,Mike Clevinger,605182.0,456501.0,2680,Petco Park,day,R
631058,2020-09-13,2020,SF,SD,137,135,1,3,4,1,7,0,657277.0,Logan Webb,572070.0,Garrett Richards,657612.0,572125.0,2680,Petco Park,day,R
631332,2020-09-14,2020,HOU,LAD,117,119,1,8,9,1,9,0,425844.0,Zack Greinke,660813.0,Brusdar Graterol,624647.0,425844.0,22,Dodger Stadium,night,R
631588,2020-09-14,2020,PIT,CIN,134,113,1,3,4,1,7,0,664074.0,Cody Ponce,545333.0,Trevor Bauer,628452.0,607572.0,2602,Great American Ball Park,night,R
631590,2020-09-14,2020,PIT,CIN,134,113,4,9,13,1,7,0,656605.0,Mitch Keller,543101.0,Anthony DeSclafani,607219.0,543867.0,2602,Great American Ball Park,night,R
631321,2020-09-14,2020,PHI,MIA,143,146,2,6,8,1,9,0,592826.0,Vince Velasquez,641154.0,Pablo López,641154.0,592826.0,4169,Marlins Park,day,R
631053,2020-09-14,2020,OAK,SEA,133,136,5,6,11,1,7,0,666200.0,Jesús Luzardo,594835.0,Marco Gonzales,594835.0,465657.0,680,T-Mobile Park,day,R
631054,2020-09-14,2020,OAK,SEA,133,136,9,0,9,0,7,0,501985.0,Mike Minor,642231.0,Jimmy Yacabonis,501985.0,642231.0,680,T-Mobile Park,day,R
631282,2020-09-14,2020,STL,MIL,138,158,1,2,3,1,8,0,547942.0,Kwang Hyun Kim,458676.0,Josh Lindblom,642547.0,664854.0,32,Miller Park,night,R
631288,2020-09-14,2020,STL,MIL,138,158,3,2,5,0,9,0,594965.0,Daniel Ponce de Leon,669203.0,Corbin Burnes,650893.0,623437.0,32,Miller Park,night,R
631677,2020-09-14,2020,ATL,BAL,144,110,1,14,15,1,9,0,657053.0,Touki Toussaint,605347.0,Jorge López,605347.0,657053.0,2,Oriole Park at Camden Yards,night,R
631482,2020-09-15,2020,MIN,CWS,142,145,1,3,4,1,9,0,621244.0,José Berríos,656302.0,Dylan Cease,517008.0,573124.0,4,Guaranteed Rate Field,night,R
631061,2020-09-15,2020,LAD,SD,119,135,2,7,9,1,9,0,477132.0,Clayton Kershaw,659275.0,Dinelson Lamet,659275.0,477132.0,2680,Petco Park,night,R
631574,2020-09-15,2020,PIT,CIN,134,113,1,4,5,1,9,0,605397.0,Joe Musgrove,547179.0,Michael Lorenzen,547179.0,605397.0,2602,Great American Ball Park,night,R
630936,2020-09-15,2020,WSH,TB,120,139,1,6,7,1,9,0,434671.0,Aníbal Sánchez,595928.0,John Curtiss,642232.0,434671.0,12,Tropicana Field,night,R
631314,2020-09-15,2020,BOS,MIA,111,146,2,0,2,0,9,0,656557.0,Tanner Houck,645261.0,Sandy Alcantara,656557.0,645261.0,4169,Marlins Park,night,R
631144,2020-09-15,2020,NYM,PHI,121,143,1,4,5,1,9,0,519144.0,Rick Porcello,453562.0,Jake Arrieta,453562.0,519144.0,2681,Citizens Bank Park,night,R
631195,2020-09-15,2020,TOR,NYY,141,147,6,20,26,1,9,0,592836.0,Taijuan Walker,665620.0,Deivi García,665620.0,592836.0,3313,Yankee Stadium,night,R
631462,2020-09-15,2020,KC,DET,118,116,0,6,6,1,9,0,596001.0,Jakob Junis,571510.0,Matthew Boyd,571510.0,596001.0,2394,Comerica Park,night,R
631680,2020-09-15,2020,ATL,BAL,144,110,5,1,6,0,9,0,660623.0,Huascar Ynoa,664045.0,Thomas Eshelman,503285.0,664045.0,2,Oriole Park at Camden Yards,night,R
631263,2020-09-15,2020,STL,MIL,138,158,3,18,21,1,9,0,656427.0,Jack Flaherty,474463.0,Brett Anderson,474463.0,656427.0,32,Miller Park,night,R
631433,2020-09-16,2020,TEX,HOU,140,117,1,4,5,1,9,0,621129.0,Kyle Cody,664353.0,José Urquidy,664353.0,580792.0,2392,Minute Maid Park,night,R
631483,2020-09-16,2020,MIN,CWS,142,145,2,6,8,1,9,0,677976.0,Randy Dobnak,641540.0,Dane Dunning,641540.0,677976.0,4,Guaranteed Rate Field,night,R
631618,2020-09-16,2020,CLE,CHC,114,112,5,6,11,1,9,0,471911.0,Carlos Carrasco,506433.0,Yu Darvish,502026.0,424144.0,17,Wrigley Field,night,R
631520,2020-09-16,2020,OAK,COL,133,115,1,3,4,1,9,0,640455.0,Sean Manaea,622608.0,Antonio Senzatela,622608.0,640455.0,19,Coors Field,night,R
631062,2020-09-16,2020,LAD,SD,119,135,3,1,4,0,9,0,664062.0,Tony Gonsolin,605200.0,Zach Davies,664062.0,605200.0,2680,Petco Park,night,R
631360,2020-09-16,2020,ARI,LAA,109,108,9,8,17,0,9,0,518516.0,Madison Bumgarner,527054.0,Julio Teheran,622492.0,542882.0,1,Angel Stadium,night,R
631032,2020-09-16,2020,SF,SEA,137,136,0,0,0,0,9,0,542881.0,Tyler Anderson,664714.0,Ljay Newsome,,,680,T-Mobile Park,night,R
630937,2020-09-16,2020,WSH,TB,120,139,4,2,6,0,10,1,608723.0,Austin Voth,664126.0,Pete Fairbanks,543339.0,623433.0,12,Tropicana Field,day,R
631509,2020-09-16,2020,OAK,COL,133,115,3,1,4,0,9,0,571666.0,Mike Fiers,608566.0,Germán Márquez,571666.0,608566.0,19,Coors Field,day,R
631063,2020-09-16,2020,LAD,SD,119,135,7,5,12,0,9,0,660813.0,Brusdar Graterol,670970.0,Adrian Morejon,592473.0,670970.0,2680,Petco Park,day,R
631265,2020-09-16,2020,STL,MIL,138,158,4,2,6,0,7,0,425794.0,Adam Wainwright,605540.0,Brandon Woodruff,425794.0,605540.0,32,Miller Park,night,R
631289,2020-09-16,2020,STL,MIL,138,158,0,6,6,1,7,0,670912.0,Johan Oviedo,608718.0,Brent Suter,642547.0,670912.0,32,Miller Park,night,R
631575,2020-09-16,2020,PIT,CIN,134,113,0,1,1,1,9,0,664141.0,JT Brubaker,622491.0,Luis Castillo,622491.0,664141.0,2602,Great American Ball Park,night,R
631315,2020-09-16,2020,BOS,MIA,111,146,4,8,12,1,9,0,592464.0,Mike Kickham,669432.0,Trevor Rogers,554340.0,592464.0,4169,Marlins Park,night,R
631119,2020-09-16,2020,NYM,PHI,121,143,5,4,9,0,9,0,594798.0,Jacob deGrom,554430.0,Zack Wheeler,612434.0,593576.0,2681,Citizens Bank Park,night,R
631189,2020-09-16,2020,TOR,NYY,141,147,2,13,15,1,9,0,543699.0,Tanner Roark,543037.0,Gerrit Cole,543037.0,543699.0,3313,Yankee Stadium,night,R
631463,2020-09-16,2020,KC,DET,118,116,4,0,4,0,9,0,663903.0,Brady Singer,669373.0,Tarik Skubal,663903.0,669373.0,2394,Comerica Park,night,R
631659,2020-09-16,2020,ATL,BAL,144,110,1,5,6,1,9,0,430935.0,Cole Hamels,669211.0,Keegan Akin,669211.0,430935.0,2,Oriole Park at Camden Yards,night,R
631434,2020-09-17,2020,TEX,HOU,140,117,1,0,1,0,9,0,502043.0,Kyle Gibson,621121.0,Lance McCullers Jr.,502043.0,519151.0,2392,Minute Maid Park,night,R
631484,2020-09-17,2020,MIN,CWS,142,145,5,1,6,0,9,0,543606.0,Jake Odorizzi,608337.0,Lucas Giolito,664054.0,608337.0,4,Guaranteed Rate Field,night,R
631619,2020-09-17,2020,CLE,CHC,114,112,2,3,5,1,10,1,650644.0,Aaron Civale,452657.0,Jon Lester,592094.0,664208.0,17,Wrigley Field,night,R
631361,2020-09-17,2020,ARI,LAA,109,108,9,6,15,0,9,0,592761.0,Caleb Smith,605164.0,Dylan Bundy,664199.0,605164.0,1,Angel Stadium,night,R
631032,2020-09-17,2020,SF,SEA,137,136,9,3,12,0,9,0,592767.0,Drew Smyly,664714.0,Ljay Newsome,502239.0,664714.0,2395,Oracle Park,night,R
631034,2020-09-17,2020,SF,SEA,137,136,0,0,0,0,9,0,,,,,,,680,T-Mobile Park,night,R
631313,2020-09-17,2020,BOS,MIA,111,146,5,3,8,0,9,0,543135.0,Nathan Eovaldi,570632.0,José Ureña,543135.0,570632.0,4169,Marlins Park,day,R
631485,2020-09-17,2020,MIN,CWS,142,145,3,4,7,1,9,0,628317.0,Kenta Maeda,625643.0,Reynaldo López,676051.0,461325.0,4,Guaranteed Rate Field,day,R
631362,2020-09-17,2020,ARI,LAA,109,108,3,7,10,1,9,0,622065.0,Alex Young,656288.0,Griffin Canning,656288.0,622065.0,1,Angel Stadium,day,R
631034,2020-09-17,2020,SF,SEA,137,136,6,4,10,0,9,0,542881.0,Tyler Anderson,676606.0,Nick Margevicius,670329.0,608665.0,2395,Oracle Park,day,R
631660,2020-09-17,2020,TB,BAL,139,110,3,1,4,0,7,0,605483.0,Blake Snell,665152.0,Dean Kremer,650895.0,491624.0,2,Oriole Park at Camden Yards,night,R
630953,2020-09-17,2020,BAL,TB,110,139,6,10,16,1,7,0,669145.0,Bruce Zimmermann,,,664126.0,642121.0,2,Oriole Park at Camden Yards,night,R
631101,2020-09-17,2020,STL,PIT,138,134,1,5,6,1,9,0,641712.0,Dakota Hudson,643230.0,Steven Brault,643230.0,596295.0,31,PNC Park,night,R
631117,2020-09-17,2020,NYM,PHI,121,143,10,6,16,0,9,0,607625.0,Seth Lugo,605400.0,Aaron Nola,458677.0,519443.0,2681,Citizens Bank Park,night,R
631190,2020-09-17,2020,TOR,NYY,141,147,7,10,17,1,9,0,502624.0,Chase Anderson,547888.0,Masahiro Tanaka,547888.0,502624.0,3313,Yankee Stadium,night,R
631464,2020-09-17,2020,CLE,DET,114,116,10,3,13,0,9,0,669456.0,Shane Bieber,663554.0,Casey Mize,669456.0,663554.0,2394,Comerica Park,night,R
631435,2020-09-17,2020,TEX,HOU,140,117,1,2,3,1,9,0,543475.0,Jordan Lyles,664285.0,Framber Valdez,664285.0,543475.0,2392,Minute Maid Park,night,R
631510,2020-09-18,2020,LAD,COL,119,115,9,3,12,0,9,0,628711.0,Julio Urías,607536.0,Kyle Freeland,571670.0,607536.0,19,Coors Field,night,R
631102,2020-09-18,2020,STL,PIT,138,134,6,5,11,0,7,0,593372.0,Carlos Martinez,592866.0,Trevor Williams,621052.0,592866.0,31,PNC Park,night,R
630987,2020-09-18,2020,PIT,STL,134,138,2,7,9,1,7,0,641771.0,Chad Kuhl,594965.0,Daniel Ponce de Leon,453192.0,641771.0,31,PNC Park,night,R
630907,2020-09-18,2020,PHI,TOR,143,141,7,0,7,0,7,0,621107.0,Zach Eflin,592662.0,Robbie Ray,621107.0,592662.0,2681,Citizens Bank Park,night,R
631122,2020-09-18,2020,TOR,PHI,141,143,7,8,15,1,7,0,548389.0,Ross Stripling,571735.0,David Hale,641401.0,503569.0,2681,Citizens Bank Park,night,R
631316,2020-09-18,2020,WSH,MIA,120,146,5,0,5,0,7,0,607200.0,Erick Fedde,664350.0,Sixto Sánchez,607200.0,664350.0,4169,Marlins Park,night,R
631342,2020-09-18,2020,WSH,MIA,120,146,3,14,17,1,7,0,640444.0,Wil Crowe,641447.0,Daniel Castano,554340.0,640444.0,4169,Marlins Park,night,R
631465,2020-09-18,2020,CLE,DET,114,116,1,0,1,0,9,0,668676.0,Zach Plesac,605242.0,Michael Fulmer,668676.0,641302.0,2394,Comerica Park,night,R
631213,2020-09-18,2020,ATL,NYM,144,121,15,2,17,0,9,0,608331.0,Max Fried,571927.0,Steven Matz,608331.0,571927.0,3289,Citi Field,night,R
631576,2020-09-18,2020,CWS,CIN,145,113,1,7,8,1,9,0,680692.0,Jonathan Stiever,641816.0,Tyler Mahle,641816.0,680692.0,2602,Great American Ball Park,night,R
631627,2020-09-18,2020,NYY,BOS,147,111,6,5,11,0,12,1,656756.0,Jordan Montgomery,527048.0,Martín Pérez,642528.0,543901.0,3,Fenway Park,night,R
631661,2020-09-18,2020,TB,BAL,139,110,2,1,3,0,9,0,607192.0,Tyler Glasnow,502171.0,Alex Cobb,607192.0,502171.0,2,Oriole Park at Camden Yards,night,R
631436,2020-09-19,2020,ARI,HOU,109,117,6,3,9,0,9,0,668678.0,Zac Gallen,425844.0,Zack Greinke,668678.0,677651.0,2392,Minute Maid Park,night,R
631511,2020-09-19,2020,LAD,COL,119,115,15,6,21,0,9,0,622072.0,Alex Wood,624418.0,Ryan Castellani,669952.0,624418.0,19,Coors Field,night,R
631266,2020-09-19,2020,KC,MIL,118,158,5,9,14,1,9,0,518633.0,Danny Duffy,605288.0,Adrian Houser,656876.0,518633.0,32,Miller Park,night,R
631629,2020-09-19,2020,MIN,CHC,142,112,0,1,1,1,9,0,448179.0,Rich Hill,543294.0,Kyle Hendricks,543294.0,448179.0,17,Wrigley Field,night,R
631367,2020-09-19,2020,TEX,LAA,140,108,2,6,8,1,9,0,623474.0,Jimmy Herget,642545.0,Jaime Barria,642545.0,605138.0,1,Angel Stadium,night,R
631040,2020-09-19,2020,SD,SEA,135,136,6,1,7,0,9,0,663978.0,Chris Paddack,579328.0,Yusei Kikuchi,663978.0,579328.0,2680,Petco Park,night,R
631163,2020-09-19,2020,SF,OAK,137,133,0,6,6,1,9,0,657277.0,Logan Webb,605135.0,Chris Bassitt,605135.0,657277.0,10,Oakland Coliseum,night,R
631164,2020-09-19,2020,SF,OAK,137,133,0,6,6,1,9,0,592332.0,Kevin Gausman,666200.0,Jesús Luzardo,666200.0,592332.0,10,Oakland Coliseum,day,R
631123,2020-09-19,2020,TOR,PHI,141,143,1,3,4,1,9,0,547943.0,Hyun Jin Ryu,592826.0,Vince Velasquez,592826.0,547943.0,2681,Citizens Bank Park,night,R
631466,2020-09-19,2020,CLE,DET,114,116,2,5,7,1,9,0,663474.0,Triston McKenzie,605513.0,Spencer Turnbull,542585.0,664208.0,2394,Comerica Park,night,R
631317,2020-09-19,2020,WSH,MIA,120,146,3,7,10,1,9,0,571578.0,Patrick Corbin,641154.0,Pablo López,641154.0,571578.0,4169,Marlins Park,night,R
631147,2020-09-19,2020,STL,PIT,138,134,5,4,9,0,9,0,547942.0,Kwang Hyun Kim,656605.0,Mitch Keller,663765.0,607572.0,31,PNC Park,night,R
631214,2020-09-19,2020,ATL,NYM,144,121,2,7,9,1,9,0,666120.0,Ian Anderson,656849.0,David Peterson,656849.0,666120.0,3289,Citi Field,night,R
631577,2020-09-19,2020,CWS,CIN,145,113,5,0,5,0,9,0,572971.0,Dallas Keuchel,545333.0,Trevor Bauer,641582.0,545333.0,2602,Great American Ball Park,night,R
631437,2020-09-19,2020,ARI,HOU,109,117,2,3,5,1,9,0,596133.0,Luke Weaver,664299.0,Cristian Javier,660600.0,596133.0,2392,Minute Maid Park,night,R
631267,2020-09-19,2020,KC,MIL,118,158,0,5,5,1,9,0,663460.0,Kris Bubic,669203.0,Corbin Burnes,669203.0,663460.0,32,Miller Park,night,R
631628,2020-09-19,2020,NYY,BOS,147,111,8,0,8,0,9,0,457918.0,J.A. Happ,607391.0,Chris Mazza,457918.0,607391.0,3,Fenway Park,night,R
631662,2020-09-19,2020,TB,BAL,139,110,3,1,4,0,9,0,450203.0,Charlie Morton,605347.0,Jorge López,450203.0,605347.0,2,Oriole Park at Camden Yards,night,R
631512,2020-09-20,2020,LAD,COL,119,115,6,1,7,0,9,0,477132.0,Clayton Kershaw,592346.0,Chi Chi González,477132.0,592346.0,19,Coors Field,night,R
631632,2020-09-20,2020,MIN,CHC,142,112,8,1,9,0,9,0,501381.0,Michael Pineda,621219.0,Alec Mills,501381.0,621219.0,17,Wrigley Field,night,R
631036,2020-09-20,2020,SD,SEA,135,136,1,4,5,1,9,0,672715.0,Luis Patiño,656954.0,Justus Sheffield,656954.0,656186.0,2680,Petco Park,night,R
631372,2020-09-20,2020,TEX,LAA,140,108,3,4,7,1,9,0,458681.0,Lance Lynn,571760.0,Andrew Heaney,594577.0,656685.0,1,Angel Stadium,night,R
631672,2020-09-20,2020,TB,BAL,139,110,1,2,3,1,9,0,642232.0,Ryan Yarbrough,607644.0,John Means,607644.0,642232.0,2,Oriole Park at Camden Yards,day,R
631635,2020-09-20,2020,NYY,BOS,147,111,2,10,12,1,9,0,665620.0,Deivi García,656557.0,Tanner Houck,656557.0,665620.0,3,Fenway Park,day,R
631454,2020-09-20,2020,CLE,DET,114,116,7,4,11,0,9,0,471911.0,Carlos Carrasco,571510.0,Matthew Boyd,471911.0,571510.0,2394,Comerica Park,day,R
631215,2020-09-20,2020,ATL,NYM,144,121,7,0,7,0,9,0,657140.0,Kyle Wright,519144.0,Rick Porcello,657140.0,519144.0,3289,Citi Field,day,R
631578,2020-09-20,2020,CWS,CIN,145,113,3,7,10,1,9,0,656302.0,Dylan Cease,547179.0,Michael Lorenzen,608371.0,656302.0,2602,Great American Ball Park,day,R
631305,2020-09-20,2020,WSH,MIA,120,146,1,2,3,1,7,0,453286.0,Max Scherzer,645261.0,Sandy Alcantara,645261.0,453286.0,4169,Marlins Park,day,R
631329,2020-09-20,2020,WSH,MIA,120,146,15,0,15,0,7,0,664069.0,Ben Braymer,,,664069.0,666129.0,4169,Marlins Park,day,R
631424,2020-09-20,2020,ARI,HOU,109,117,2,3,5,1,9,0,518516.0,Madison Bumgarner,664353.0,José Urquidy,642130.0,448855.0,2392,Minute Maid Park,day,R
631268,2020-09-20,2020,KC,MIL,118,158,3,5,8,1,9,0,641745.0,Brad Keller,458676.0,Josh Lindblom,458676.0,641745.0,32,Miller Park,day,R
631128,2020-09-20,2020,TOR,PHI,141,143,6,3,9,0,9,0,592836.0,Taijuan Walker,658431.0,Adonis Medina,592836.0,658431.0,2681,Citizens Bank Park,day,R
631519,2020-09-20,2020,LAD,COL,119,115,3,6,9,1,9,0,664062.0,Tony Gonsolin,622608.0,Antonio Senzatela,622608.0,664062.0,19,Coors Field,day,R
631086,2020-09-20,2020,STL,PIT,138,134,2,1,3,0,9,0,656427.0,Jack Flaherty,605397.0,Joe Musgrove,656427.0,502706.0,31,PNC Park,day,R
631037,2020-09-20,2020,SD,SEA,135,136,7,4,11,0,11,1,659275.0,Dinelson Lamet,643290.0,Justin Dunn,572096.0,594987.0,2680,Petco Park,day,R
631166,2020-09-20,2020,SF,OAK,137,133,14,2,16,0,9,0,542881.0,Tyler Anderson,501985.0,Mike Minor,542881.0,501985.0,10,Oakland Coliseum,day,R
631375,2020-09-20,2020,TEX,LAA,140,108,7,2,9,0,9,0,621129.0,Kyle Cody,527054.0,Julio Teheran,621129.0,527054.0,1,Angel Stadium,day,R
631617,2020-09-20,2020,MIN,CHC,142,112,4,0,4,0,9,0,621244.0,José Berríos,506433.0,Yu Darvish,621244.0,506433.0,17,Wrigley Field,night,R
631376,2020-09-21,2020,TEX,LAA,140,108,5,8,13,1,9,0,502043.0,Kyle Gibson,605164.0,Dylan Bundy,605164.0,502043.0,1,Angel Stadium,day,R
630884,2020-09-21,2020,PHI,WSH,143,120,1,5,6,1,9,0,554430.0,Zack Wheeler,434671.0,Aníbal Sánchez,434671.0,554430.0,3309,Nationals Park,night,R
631562,2020-09-21,2020,CWS,CLE,145,114,4,7,11,1,9,0,641540.0,Dane Dunning,650644.0,Aaron Civale,650644.0,605240.0,5,Progressive Field,night,R
630876,2020-09-21,2020,NYY,TOR,147,141,5,11,16,1,9,0,650633.0,Michael King,533167.0,Matt Shoemaker,643615.0,650633.0,2756,Sahlen Field,night,R
631579,2020-09-21,2020,MIL,CIN,158,113,3,6,9,1,9,0,605540.0,Brandon Woodruff,622491.0,Luis Castillo,622491.0,605540.0,2602,Great American Ball Park,night,R
631087,2020-09-21,2020,CHC,PIT,112,134,5,0,5,0,9,0,452657.0,Jon Lester,664141.0,JT Brubaker,452657.0,664141.0,31,PNC Park,night,R
631216,2020-09-21,2020,TB,NYM,139,121,2,1,3,0,9,0,664126.0,Pete Fairbanks,594798.0,Jacob deGrom,676596.0,594798.0,3289,Citi Field,night,R
630440,2020-09-21,2020,MIA,ATL,146,144,4,5,9,1,9,0,669432.0,Trevor Rogers,660623.0,Huascar Ynoa,554431.0,669432.0,4705,Truist Park,night,R
631402,2020-09-22,2020,STL,KC,138,118,1,4,5,1,9,0,425794.0,Adam Wainwright,672578.0,Carlos Hernández,622251.0,425794.0,7,Kauffman Stadium,night,R
631038,2020-09-22,2020,HOU,SEA,117,136,1,6,7,1,9,0,621121.0,Lance McCullers Jr.,594835.0,Marco Gonzales,594835.0,621121.0,680,T-Mobile Park,night,R
631009,2020-09-22,2020,COL,SF,115,137,7,2,9,0,9,0,608566.0,Germán Márquez,456501.0,Johnny Cueto,608566.0,456501.0,2395,Oracle Park,night,R
630888,2020-09-22,2020,PHI,WSH,143,120,1,5,6,1,7,0,605400.0,Aaron Nola,608723.0,Austin Voth,608723.0,605400.0,3309,Nationals Park,day,R
630896,2020-09-22,2020,PHI,WSH,143,120,7,8,15,1,8,0,,,502179.0,Paolo Espino,543339.0,519443.0,3309,Nationals Park,day,R
631550,2020-09-22,2020,CWS,CLE,145,114,3,5,8,1,10,1,625643.0,Reynaldo López,615698.0,Cal Quantrill,664208.0,641582.0,5,Progressive Field,night,R
630881,2020-09-22,2020,NYY,TOR,147,141,12,1,13,0,9,0,543037.0,Gerrit Cole,543699.0,Tanner Roark,543037.0,543699.0,2756,Sahlen Field,night,R
631580,2020-09-22,2020,MIL,CIN,158,113,3,2,5,0,9,0,474463.0,Brett Anderson,543243.0,Sonny Gray,474463.0,622088.0,2602,Great American Ball Park,night,R
631088,2020-09-22,2020,CHC,PIT,112,134,2,3,5,1,9,0,500779.0,Jose Quintana,643230.0,Steven Brault,593144.0,605177.0,31,PNC Park,night,R
631217,2020-09-22,2020,TB,NYM,139,121,2,5,7,1,9,0,605483.0,Blake Snell,607625.0,Seth Lugo,607625.0,605483.0,3289,Citi Field,night,R
630385,2020-09-22,2020,MIA,ATL,146,144,1,11,12,1,9,0,570632.0,José Ureña,669060.0,Bryse Wilson,669060.0,570632.0,4705,Truist Park,night,R
631636,2020-09-22,2020,BAL,BOS,110,111,3,8,11,1,9,0,669211.0,Keegan Akin,601713.0,Nick Pivetta,601713.0,669211.0,3,Fenway Park,night,R
631251,2020-09-22,2020,DET,MIN,116,142,4,5,9,1,10,1,669373.0,Tarik Skubal,456701.0,Homer Bailey,573124.0,650530.0,3312,Target Field,night,R
631411,2020-09-23,2020,STL,KC,138,118,5,0,5,0,9,0,596295.0,Austin Gomber,663903.0,Brady Singer,596295.0,663903.0,7,Kauffman Stadium,night,R
631064,2020-09-23,2020,LAA,SD,108,135,4,2,6,0,9,0,656288.0,Griffin Canning,605200.0,Zach Davies,656288.0,605200.0,2680,Petco Park,night,R
631039,2020-09-23,2020,HOU,SEA,117,136,6,1,7,0,9,0,664285.0,Framber Valdez,664714.0,Ljay Newsome,664285.0,594987.0,680,T-Mobile Park,night,R
630243,2020-09-23,2020,TEX,ARI,140,109,0,7,7,1,9,0,543475.0,Jordan Lyles,592761.0,Caleb Smith,642092.0,543475.0,15,Chase Field,night,R
631333,2020-09-23,2020,OAK,LAD,133,119,2,7,9,1,9,0,593423.0,Frankie Montas,669160.0,Dustin May,669160.0,593423.0,22,Dodger Stadium,night,R
631010,2020-09-23,2020,COL,SF,115,137,2,5,7,1,9,0,607536.0,Kyle Freeland,592767.0,Drew Smyly,643511.0,545064.0,2395,Oracle Park,night,R
631065,2020-09-23,2020,LAA,SD,108,135,5,2,7,0,9,0,642545.0,Jaime Barria,605182.0,Mike Clevinger,663776.0,670970.0,2680,Petco Park,day,R
630892,2020-09-23,2020,PHI,WSH,143,120,12,3,15,0,9,0,621107.0,Zach Eflin,607200.0,Erick Fedde,621107.0,607200.0,3309,Nationals Park,night,R
630263,2020-09-23,2020,TEX,ARI,140,109,3,7,10,1,9,0,605138.0,Wes Benjamin,622065.0,Alex Young,622492.0,580792.0,15,Chase Field,day,R
631534,2020-09-23,2020,CWS,CLE,145,114,2,3,5,1,9,0,608337.0,Lucas Giolito,669456.0,Shane Bieber,543272.0,461829.0,5,Progressive Field,night,R
630885,2020-09-23,2020,NYY,TOR,147,141,1,14,15,1,9,0,547888.0,Masahiro Tanaka,592662.0,Robbie Ray,595918.0,547888.0,2756,Sahlen Field,night,R
631035,2020-09-23,2020,HOU,SEA,117,136,2,3,5,1,9,0,425844.0,Zack Greinke,676606.0,Nick Margevicius,676606.0,425844.0,680,T-Mobile Park,day,R
631583,2020-09-23,2020,MIL,CIN,158,113,1,6,7,1,9,0,605288.0,Adrian Houser,545333.0,Trevor Bauer,545333.0,605288.0,2602,Great American Ball Park,night,R
631089,2020-09-23,2020,CHC,PIT,112,134,1,2,3,1,9,0,543294.0,Kyle Hendricks,592866.0,Trevor Williams,592866.0,543294.0,31,PNC Park,night,R
631218,2020-09-23,2020,TB,NYM,139,121,8,5,13,0,9,0,607192.0,Tyler Glasnow,608379.0,Michael Wacha,607192.0,608379.0,3289,Citi Field,night,R
630554,2020-09-23,2020,MIA,ATL,146,144,4,9,13,1,9,0,664350.0,Sixto Sánchez,608331.0,Max Fried,592426.0,595001.0,4705,Truist Park,night,R
631637,2020-09-23,2020,BAL,BOS,110,111,1,9,10,1,9,0,665152.0,Dean Kremer,543135.0,Nathan Eovaldi,543135.0,665152.0,3,Fenway Park,night,R
631250,2020-09-23,2020,DET,MIN,116,142,6,7,13,1,9,0,663554.0,Casey Mize,628317.0,Kenta Maeda,628317.0,663554.0,3312,Target Field,night,R
631380,2020-09-24,2020,STL,KC,138,118,3,12,15,1,9,0,593372.0,Carlos Martinez,518633.0,Danny Duffy,518633.0,593372.0,7,Kauffman Stadium,night,R
631334,2020-09-24,2020,OAK,LAD,133,119,6,4,10,0,9,0,640455.0,Sean Manaea,523260.0,Joe Kelly,518617.0,595014.0,22,Dodger Stadium,night,R
631011,2020-09-24,2020,COL,SF,115,137,2,7,9,1,9,0,624418.0,Ryan Castellani,670056.0,Caleb Baragar,657277.0,624418.0,2395,Oracle Park,night,R
631099,2020-09-24,2020,CHC,PIT,112,134,0,7,7,1,9,0,621219.0,Alec Mills,641771.0,Chad Kuhl,641771.0,621219.0,31,PNC Park,day,R
631012,2020-09-24,2020,COL,SF,115,137,5,4,9,0,11,1,592346.0,Chi Chi González,592332.0,Kevin Gausman,453268.0,502239.0,2395,Oracle Park,day,R
630893,2020-09-24,2020,NYM,WSH,121,120,3,2,5,0,9,0,656849.0,David Peterson,571578.0,Patrick Corbin,656849.0,571578.0,3309,Nationals Park,night,R
631549,2020-09-24,2020,CWS,CLE,145,114,4,5,9,1,9,0,572971.0,Dallas Keuchel,668676.0,Zach Plesac,657611.0,607074.0,5,Progressive Field,night,R
630887,2020-09-24,2020,NYY,TOR,147,141,1,4,5,1,9,0,656756.0,Jordan Montgomery,547943.0,Hyun Jin Ryu,547943.0,656756.0,2756,Sahlen Field,night,R
631685,2020-09-24,2020,MIA,ATL,146,144,4,2,6,0,9,0,641154.0,Pablo López,666120.0,Ian Anderson,641154.0,666120.0,4705,Truist Park,night,R
631640,2020-09-24,2020,BAL,BOS,110,111,13,1,14,0,9,0,502171.0,Alex Cobb,527048.0,Martín Pérez,502171.0,527048.0,3,Fenway Park,night,R
631398,2020-09-25,2020,DET,KC,116,118,7,8,15,1,9,0,605242.0,Michael Fulmer,663460.0,Kris Bubic,534910.0,641302.0,7,Kauffman Stadium,night,R
630912,2020-09-25,2020,HOU,TEX,117,140,12,4,16,0,9,0,664299.0,Cristian Javier,458681.0,Lance Lynn,664299.0,458681.0,5325,Globe Life Field,night,R
630975,2020-09-25,2020,MIL,STL,158,138,2,4,6,1,9,0,669203.0,Corbin Burnes,547942.0,Kwang Hyun Kim,547942.0,669203.0,2889,Busch Stadium,night,R
631335,2020-09-25,2020,OAK,LAD,133,119,1,5,6,1,9,0,571666.0,Mike Fiers,621111.0,Walker Buehler,571670.0,571666.0,22,Dodger Stadium,night,R
630963,2020-09-25,2020,MIL,STL,158,138,3,0,3,0,7,0,608718.0,Brent Suter,656427.0,Jack Flaherty,642207.0,656427.0,2889,Busch Stadium,night,R
631292,2020-09-25,2020,STL,MIL,138,158,9,1,10,0,7,0,594965.0,Daniel Ponce de Leon,458676.0,Josh Lindblom,594965.0,458676.0,2889,Busch Stadium,night,R
630889,2020-09-25,2020,BAL,TOR,110,141,5,10,15,1,9,0,605347.0,Jorge López,592836.0,Taijuan Walker,663878.0,605347.0,2756,Sahlen Field,night,R
630270,2020-09-25,2020,COL,ARI,115,109,0,4,4,1,7,0,622608.0,Antonio Senzatela,668678.0,Zac Gallen,668678.0,622608.0,15,Chase Field,day,R
630203,2020-09-25,2020,COL,ARI,115,109,5,11,16,1,7,0,665733.0,Antonio Santos,664199.0,Taylor Clarke,664199.0,665733.0,15,Chase Field,day,R
630938,2020-09-25,2020,PHI,TB,143,139,4,6,10,1,9,0,592826.0,Vince Velasquez,450203.0,Charlie Morton,623433.0,605388.0,12,Tropicana Field,night,R
631191,2020-09-25,2020,MIA,NYY,146,147,4,3,7,0,10,1,645261.0,Sandy Alcantara,457918.0,J.A. Happ,502202.0,643338.0,3313,Yankee Stadium,night,R
631536,2020-09-25,2020,PIT,CLE,134,114,3,4,7,1,9,0,656605.0,Mitch Keller,471911.0,Carlos Carrasco,592644.0,608717.0,5,Progressive Field,night,R
631013,2020-09-25,2020,SD,SF,135,137,4,5,9,1,7,0,663978.0,Chris Paddack,542881.0,Tyler Anderson,542881.0,663978.0,2395,Oracle Park,night,R
631059,2020-09-25,2020,SF,SD,137,135,5,6,11,1,7,0,502188.0,Jeff Samardzija,659275.0,Dinelson Lamet,672715.0,656322.0,2395,Oracle Park,night,R
630569,2020-09-25,2020,BOS,ATL,111,144,7,8,15,1,11,1,607391.0,Chris Mazza,657140.0,Kyle Wright,572888.0,605488.0,4705,Truist Park,night,R
631383,2020-09-26,2020,DET,KC,116,118,2,3,5,1,9,0,605513.0,Spencer Turnbull,641745.0,Brad Keller,641745.0,605513.0,7,Kauffman Stadium,night,R
630913,2020-09-26,2020,HOU,TEX,117,140,4,5,9,1,10,1,664353.0,José Urquidy,621129.0,Kyle Cody,656685.0,660600.0,5325,Globe Life Field,night,R
631246,2020-09-26,2020,CIN,MIN,113,142,7,2,9,0,9,0,641816.0,Tyler Mahle,621244.0,José Berríos,547179.0,621244.0,3312,Target Field,night,R
631486,2020-09-26,2020,CHC,CWS,112,145,10,0,10,0,9,0,506433.0,Yu Darvish,656302.0,Dylan Cease,506433.0,656302.0,4,Guaranteed Rate Field,night,R
631336,2020-09-26,2020,LAA,LAD,108,119,5,9,14,1,9,0,571760.0,Andrew Heaney,477132.0,Clayton Kershaw,660813.0,542882.0,22,Dodger Stadium,night,R
631167,2020-09-26,2020,SEA,OAK,136,133,1,3,4,1,10,1,579328.0,Yusei Kikuchi,605135.0,Chris Bassitt,518617.0,680702.0,10,Oakland Coliseum,night,R
630894,2020-09-25,2020,NYM,WSH,121,120,0,0,0,0,9,0,519144.0,Rick Porcello,453286.0,Max Scherzer,,,3309,Nationals Park,night,R
631193,2020-09-26,2020,MIA,NYY,146,147,4,11,15,1,9,0,669432.0,Trevor Rogers,665620.0,Deivi García,665620.0,605501.0,3313,Yankee Stadium,day,R
630895,2020-09-26,2020,NYM,WSH,121,120,3,4,7,1,7,0,594798.0,Jacob deGrom,453286.0,Max Scherzer,453286.0,612434.0,3309,Nationals Park,day,R
630894,2020-09-26,2020,NYM,WSH,121,120,3,5,8,1,7,0,519144.0,Rick Porcello,434671.0,Aníbal Sánchez,434671.0,519144.0,3309,Nationals Park,day,R
631169,2020-09-26,2020,SEA,OAK,136,133,5,1,6,0,8,0,656954.0,Justus Sheffield,501985.0,Mike Minor,608665.0,521230.0,10,Oakland Coliseum,day,R
631055,2020-09-26,2020,OAK,SEA,133,136,3,12,15,1,7,0,621112.0,Paul Blackburn,643290.0,Justin Dunn,643290.0,621112.0,10,Oakland Coliseum,day,R
630891,2020-09-26,2020,BAL,TOR,110,141,2,5,7,1,9,0,607644.0,John Means,643615.0,T.J. Zeuch,502624.0,607644.0,2756,Sahlen Field,night,R
631385,2020-09-26,2020,DET,KC,116,118,4,3,7,0,9,0,571510.0,Matthew Boyd,672578.0,Carlos Hernández,571510.0,672578.0,7,Kauffman Stadium,night,R
630914,2020-09-26,2020,HOU,TEX,117,140,1,6,7,1,9,0,621121.0,Lance McCullers Jr.,502043.0,Kyle Gibson,623474.0,656232.0,5325,Globe Life Field,night,R
630939,2020-09-26,2020,PHI,TB,143,139,3,4,7,1,9,0,554430.0,Zack Wheeler,595928.0,John Curtiss,664126.0,554430.0,12,Tropicana Field,night,R
630964,2020-09-26,2020,MIL,STL,158,138,3,0,3,0,9,0,605540.0,Brandon Woodruff,425794.0,Adam Wainwright,605540.0,425794.0,2889,Busch Stadium,night,R
631537,2020-09-26,2020,PIT,CLE,134,114,8,0,8,0,9,0,605397.0,Joe Musgrove,650644.0,Aaron Civale,605397.0,650644.0,5,Progressive Field,night,R
631245,2020-09-26,2020,CIN,MIN,113,142,3,7,10,1,9,0,622491.0,Luis Castillo,501381.0,Michael Pineda,461325.0,622491.0,3312,Target Field,night,R
630570,2020-09-26,2020,BOS,ATL,111,144,8,2,10,0,9,0,656557.0,Tanner Houck,656353.0,Tucker Davidson,656557.0,656353.0,4705,Truist Park,night,R
631487,2020-09-26,2020,CHC,CWS,112,145,5,9,14,1,9,0,452657.0,Jon Lester,641540.0,Dane Dunning,641582.0,452657.0,4,Guaranteed Rate Field,night,R
630271,2020-09-27,2020,COL,ARI,115,109,10,3,13,0,9,0,608566.0,Germán Márquez,596133.0,Luke Weaver,608566.0,596133.0,15,Chase Field,night,R
631337,2020-09-27,2020,LAA,LAD,108,119,6,7,13,1,9,0,527054.0,Julio Teheran,664062.0,Tony Gonsolin,664062.0,570663.0,22,Dodger Stadium,night,R
631016,2020-09-27,2020,SD,SF,135,137,6,2,8,0,9,0,605200.0,Zach Davies,456501.0,Johnny Cueto,489334.0,456501.0,2395,Oracle Park,night,R
631386,2020-09-27,2020,DET,KC,116,118,1,3,4,1,9,0,519455.0,Jordan Zimmermann,663903.0,Brady Singer,663903.0,669373.0,7,Kauffman Stadium,day,R
630854,2020-09-27,2020,NYM,WSH,121,120,5,15,20,1,9,0,607625.0,Seth Lugo,608723.0,Austin Voth,608723.0,607625.0,3309,Nationals Park,day,R
631002,2020-09-27,2020,SD,SF,135,137,5,4,9,0,9,0,670970.0,Adrian Morejon,592767.0,Drew Smyly,656186.0,592767.0,2395,Oracle Park,day,R
630915,2020-09-27,2020,HOU,TEX,117,140,4,8,12,1,9,0,608328.0,Chase De Jong,543475.0,Jordan Lyles,605138.0,608328.0,5325,Globe Life Field,day,R
631188,2020-09-27,2020,MIA,NYY,146,147,5,0,5,0,9,0,570632.0,José Ureña,657376.0,Clarke Schmidt,641447.0,657376.0,3313,Yankee Stadium,day,R
630858,2020-09-27,2020,BAL,TOR,110,141,7,5,12,0,9,0,669211.0,Keegan Akin,543699.0,Tanner Roark,664042.0,685493.0,2756,Sahlen Field,day,R
630202,2020-09-27,2020,COL,ARI,115,109,3,11,14,1,9,0,607536.0,Kyle Freeland,518516.0,Madison Bumgarner,518516.0,607536.0,15,Chase Field,day,R
631338,2020-09-27,2020,LAA,LAD,108,119,0,5,5,1,9,0,663776.0,Patrick Sandoval,624647.0,Victor González,669160.0,663776.0,22,Dodger Stadium,day,R
631538,2020-09-27,2020,PIT,CLE,134,114,6,8,14,1,9,0,664141.0,JT Brubaker,615698.0,Cal Quantrill,675916.0,543867.0,5,Progressive Field,day,R
631155,2020-09-27,2020,SEA,OAK,136,133,2,6,8,1,9,0,594835.0,Marco Gonzales,593423.0,Frankie Montas,433589.0,673633.0,10,Oakland Coliseum,day,R
631244,2020-09-27,2020,CIN,MIN,113,142,5,3,8,0,10,1,543243.0,Sonny Gray,448179.0,Rich Hill,628452.0,573204.0,3312,Target Field,day,R
630945,2020-09-27,2020,PHI,TB,143,139,0,5,5,1,9,0,605400.0,Aaron Nola,676596.0,Josh Fleming,676596.0,605400.0,12,Tropicana Field,day,R
630573,2020-09-27,2020,BOS,ATL,111,144,9,1,10,0,9,0,601713.0,Nick Pivetta,669060.0,Bryse Wilson,601713.0,519293.0,4705,Truist Park,day,R
631488,2020-09-27,2020,CHC,CWS,112,145,10,8,18,0,9,0,640470.0,Adbert Alzolay,625643.0,Reynaldo López,640470.0,625643.0,4,Guaranteed Rate Field,day,R
630965,2020-09-27,2020,MIL,STL,158,138,2,5,7,1,9,0,474463.0,Brett Anderson,596295.0,Austin Gomber,606149.0,474463.0,2889,Busch Stadium,day,R
