game_id,game_date,season,away_team,home_team,away_team_id,home_team_id,away_score,home_score,total_runs,home_win,innings,extra_innings,away_starter_id,away_starter_name,home_starter_id,home_starter_name,winning_pitcher_id,losing_pitcher_id,venue_id,venue_name,day_night,game_type
745444,2024-03-20,2024,LAD,SD,119,135,5,2,7,0,9,0,607192,Tyler Glasnow,506433.0,Yu Darvish,543339.0,666745.0,5150,Gocheok Sky Dome,night,R
746175,2024-03-21,2024,SD,LAD,135,119,15,11,26,0,9,0,605397,Joe Musgrove,808967.0,Yoshinobu Yamamoto,650633.0,808967.0,5150,Gocheok Sky Dome,night,R
747060,2024-03-28,2024,LAA,BAL,108,110,3,11,14,1,9,0,663776,Patrick Sandoval,669203.0,Corbin Burnes,669203.0,663776.0,2,Oriole Park at Camden Yards,day,R
746737,2024-03-28,2024,WSH,CIN,120,113,2,8,10,1,9,0,680686,Josiah Gray,593423.0,Frankie Montas,593423.0,680686.0,2602,Great American Ball Park,day,R
745445,2024-03-28,2024,SF,SD,137,135,4,6,10,1,9,0,657277,Logan Webb,506433.0,Yu Darvish,673513.0,592426.0,2680,Petco Park,day,R
746165,2024-03-28,2024,STL,LAD,138,119,1,7,8,1,9,0,571945,Miles Mikolas,607192.0,Tyler Glasnow,607192.0,571945.0,22,Dodger Stadium,day,R
745116,2024-03-28,2024,TOR,TB,141,139,8,2,10,0,9,0,621244,José Berríos,621107.0,Zach Eflin,621244.0,621107.0,12,Tropicana Field,day,R
746335,2024-03-28,2024,MIN,KC,142,118,4,1,5,0,9,0,641154,Pablo López,666142.0,Cole Ragans,641154.0,666142.0,7,Kauffman Stadium,day,R
746821,2024-03-28,2024,DET,CWS,116,145,1,0,1,0,9,0,669373,Tarik Skubal,676979.0,Garrett Crochet,669373.0,676979.0,4,Guaranteed Rate Field,day,R
746089,2024-03-28,2024,PIT,MIA,134,146,6,5,11,0,12,1,656605,Mitch Keller,666200.0,Jesús Luzardo,682847.0,686539.0,4169,loanDepot park,day,R
746418,2024-03-28,2024,NYY,HOU,147,117,5,4,9,0,9,0,641482,Nestor Cortes,664285.0,Framber Valdez,642528.0,519151.0,2392,Minute Maid Park,day,R
745039,2024-03-28,2024,CHC,TEX,112,140,3,4,7,1,10,1,657006,Justin Steele,543135.0,Nathan Eovaldi,502085.0,592767.0,5325,Globe Life Field,night,R
745687,2024-03-29,2024,CLE,OAK,114,133,8,0,8,0,9,0,669456,Shane Bieber,622072.0,Alex Wood,669456.0,622072.0,10,Oakland Coliseum,night,R
747224,2024-03-29,2024,COL,ARI,115,109,1,16,17,1,9,0,607536,Kyle Freeland,668678.0,Zac Gallen,668678.0,607536.0,15,Chase Field,night,R
745283,2024-03-29,2024,BOS,SEA,111,136,6,4,10,0,9,0,678394,Brayan Bello,622491.0,Luis Castillo,678394.0,622491.0,680,T-Mobile Park,night,R
745848,2024-03-28,2024,MIL,NYM,158,121,0,0,0,0,9,0,642547,Freddy Peralta,500779.0,Jose Quintana,,,3289,Citi Field,day,R
745604,2024-03-28,2024,ATL,PHI,144,143,0,0,0,0,9,0,675911,Spencer Strider,554430.0,Zack Wheeler,,,2681,Citizens Bank Park,day,R
745848,2024-03-29,2024,MIL,NYM,158,121,3,1,4,0,9,0,642547,Freddy Peralta,500779.0,Jose Quintana,642547.0,500779.0,3289,Citi Field,day,R
745604,2024-03-29,2024,ATL,PHI,144,143,9,3,12,0,9,0,675911,Spencer Strider,554430.0,Zack Wheeler,572955.0,621237.0,2681,Citizens Bank Park,day,R
745117,2024-03-29,2024,TOR,TB,141,139,2,8,10,1,9,0,605135,Chris Bassitt,650644.0,Aaron Civale,650644.0,605135.0,12,Tropicana Field,night,R
746091,2024-03-29,2024,PIT,MIA,134,146,7,2,9,0,9,0,527048,Martín Pérez,640462.0,A.J. Puk,656924.0,640462.0,4169,loanDepot park,night,R
746412,2024-03-30,2024,NYY,HOU,147,117,7,1,8,0,9,0,607074,Carlos Rodón,664299.0,Cristian Javier,596133.0,605463.0,2392,Minute Maid Park,night,R
747223,2024-03-30,2024,COL,ARI,115,109,3,7,10,1,9,0,615698,Cal Quantrill,518876.0,Merrill Kelly,518876.0,615698.0,15,Chase Field,night,R
745682,2024-03-30,2024,CLE,OAK,114,133,6,4,10,0,9,0,671106,Logan Allen,548389.0,Ross Stripling,671106.0,548389.0,10,Oakland Coliseum,night,R
745276,2024-03-30,2024,BOS,SEA,111,136,0,1,1,1,9,0,601713,Nick Pivetta,669923.0,George Kirby,669923.0,601713.0,680,T-Mobile Park,night,R
745435,2024-03-30,2024,SF,SD,137,135,8,3,11,0,9,0,690986,Kyle Harrison,605397.0,Joe Musgrove,690986.0,605397.0,2680,Petco Park,night,R
746167,2024-03-30,2024,STL,LAD,138,119,3,6,9,1,9,0,668868,Zack Thompson,676272.0,Bobby Miller,676272.0,668868.0,22,Dodger Stadium,night,R
745850,2024-03-30,2024,MIL,NYM,158,121,7,6,13,0,9,0,669084,DL Hall,622663.0,Luis Severino,665625.0,622663.0,3289,Citi Field,day,R
746818,2024-03-30,2024,DET,CWS,116,145,7,6,13,0,10,1,628317,Kenta Maeda,647336.0,Michael Soroka,571946.0,665620.0,4,Guaranteed Rate Field,day,R
747063,2024-03-30,2024,LAA,BAL,108,110,4,13,17,1,9,0,656288,Griffin Canning,680570.0,Grayson Rodriguez,680570.0,656288.0,2,Oriole Park at Camden Yards,day,R
745599,2024-03-30,2024,ATL,PHI,144,143,12,4,16,0,9,0,608331,Max Fried,605400.0,Aaron Nola,445926.0,605400.0,2681,Citizens Bank Park,day,R
745684,2024-03-30,2024,CLE,OAK,114,133,12,3,15,0,9,0,676440,Tanner Bibee,676664.0,JP Sears,680704.0,676664.0,10,Oakland Coliseum,day,R
746736,2024-03-30,2024,WSH,CIN,120,113,7,6,13,0,9,0,571578,Patrick Corbin,668881.0,Hunter Greene,640451.0,664747.0,2602,Great American Ball Park,day,R
745119,2024-03-30,2024,TOR,TB,141,139,1,5,6,1,9,0,579328,Yusei Kikuchi,641793.0,Zack Littell,641793.0,579328.0,12,Tropicana Field,day,R
746333,2024-03-30,2024,MIN,KC,142,118,5,1,6,0,9,0,657746,Joe Ryan,607625.0,Seth Lugo,643377.0,519293.0,7,Kauffman Stadium,day,R
746087,2024-03-30,2024,PIT,MIA,134,146,9,3,12,0,9,0,683003,Jared Jones,677960.0,Ryan Weathers,683003.0,677960.0,4169,loanDepot park,day,R
745037,2024-03-30,2024,CHC,TEX,112,140,2,11,13,1,9,0,543294,Kyle Hendricks,674003.0,Cody Bradford,674003.0,543294.0,5325,Globe Life Field,night,R
745436,2024-03-30,2024,SF,SD,137,135,9,6,15,0,9,0,663855,Jordan Hicks,656302.0,Dylan Cease,663855.0,656302.0,2680,Petco Park,day,R
746410,2024-03-30,2024,NYY,HOU,147,117,5,3,8,0,9,0,573186,Marcus Stroman,686613.0,Hunter Brown,573186.0,650556.0,2392,Minute Maid Park,night,R
747221,2024-03-31,2024,COL,ARI,115,109,9,4,13,0,9,0,596295,Austin Gomber,674072.0,Tommy Henry,663567.0,674072.0,15,Chase Field,night,R
746168,2024-03-31,2024,STL,LAD,138,119,6,5,11,0,10,1,458681,Lance Lynn,808967.0,Yoshinobu Yamamoto,664854.0,669165.0,22,Dodger Stadium,night,R
745278,2024-03-31,2024,BOS,SEA,111,136,3,4,7,1,10,1,676710,Kutter Crawford,669302.0,Logan Gilbert,642048.0,570257.0,680,T-Mobile Park,night,R
747062,2024-03-31,2024,LAA,BAL,108,110,4,1,5,0,9,0,672282,Reid Detmers,669330.0,Tyler Wells,672282.0,669330.0,2,Oriole Park at Camden Yards,day,R
745602,2024-03-31,2024,ATL,PHI,144,143,4,5,9,1,9,0,519242,Chris Sale,624133.0,Ranger Suárez,621381.0,607481.0,2681,Citizens Bank Park,day,R
746739,2024-03-31,2024,WSH,CIN,120,113,5,6,11,1,9,0,663623,Jake Irvin,607259.0,Nick Martinez,608371.0,640448.0,2602,Great American Ball Park,day,R
745115,2024-03-31,2024,TOR,TB,141,139,9,2,11,0,9,0,592332,Kevin Gausman,542888.0,Shawn Armstrong,669952.0,542888.0,12,Tropicana Field,day,R
746090,2024-03-31,2024,PIT,MIA,134,146,9,7,16,0,10,1,663559,Bailey Falter,669432.0,Trevor Rogers,670280.0,656945.0,4169,loanDepot park,day,R
745845,2024-03-31,2024,MIL,NYM,158,121,4,1,5,0,9,0,607067,Colin Rea,656731.0,Tylor Megill,607067.0,656731.0,3289,Citi Field,day,R
746332,2024-03-31,2024,MIN,KC,142,118,0,11,11,1,9,0,641927,Bailey Ober,663903.0,Brady Singer,663903.0,641927.0,7,Kauffman Stadium,day,R
746815,2024-03-31,2024,DET,CWS,116,145,3,2,5,0,9,0,656427,Jack Flaherty,607200.0,Erick Fedde,663947.0,621051.0,4,Guaranteed Rate Field,day,R
746413,2024-03-31,2024,NYY,HOU,147,117,4,3,7,0,9,0,657376,Clarke Schmidt,641585.0,J.P. France,595897.0,623352.0,2392,Minute Maid Park,day,R
745035,2024-03-31,2024,CHC,TEX,112,140,9,5,14,0,9,0,696136,Jordan Wicks,592351.0,Jon Gray,593576.0,600917.0,5325,Globe Life Field,day,R
745683,2024-03-31,2024,CLE,OAK,114,133,3,4,7,1,9,0,471911,Carlos Carrasco,621112.0,Paul Blackburn,666204.0,605130.0,10,Oakland Coliseum,day,R
747222,2024-03-31,2024,COL,ARI,115,109,1,5,6,1,9,0,663372,Ryan Feltner,694297.0,Brandon Pfaadt,694297.0,663372.0,15,Chase Field,day,R
745279,2024-03-31,2024,BOS,SEA,111,136,5,1,6,0,9,0,676477,Garrett Whitlock,682243.0,Bryce Miller,676477.0,682243.0,680,T-Mobile Park,day,R
745438,2024-03-31,2024,SF,SD,137,135,4,13,17,1,9,0,641726,Daulton Jefferies,650633.0,Michael King,658648.0,641726.0,2680,Petco Park,day,R
746166,2024-03-31,2024,STL,LAD,138,119,4,5,9,1,9,0,571927,Steven Matz,694813.0,Gavin Stone,622503.0,667463.0,22,Dodger Stadium,day,R
746817,2024-04-01,2024,ATL,CWS,144,145,9,0,9,0,8,0,450203,Charlie Morton,623167.0,Chris Flexen,450203.0,623167.0,4,Guaranteed Rate Field,day,R
746899,2024-04-01,2024,COL,CHC,115,112,0,5,5,1,9,0,641712,Dakota Hudson,684007.0,Shota Imanaga,684007.0,641712.0,17,Wrigley Field,day,R
744875,2024-04-01,2024,PIT,WSH,134,120,8,4,12,0,9,0,594835,Marco Gonzales,669022.0,MacKenzie Gore,672710.0,676395.0,3309,Nationals Park,day,R
747058,2024-04-01,2024,KC,BAL,118,110,4,6,10,1,9,0,608379,Michael Wacha,665152.0,Dean Kremer,518886.0,623433.0,2,Oriole Park at Camden Yards,night,R
745600,2024-04-01,2024,CIN,PHI,113,143,6,3,9,0,10,1,671096,Andrew Abbott,650911.0,Cristopher Sánchez,664747.0,641401.0,2681,Citizens Bank Park,night,R
746085,2024-04-01,2024,LAA,MIA,108,146,7,4,11,0,9,0,681217,Chase Silseth,676974.0,Max Meyer,643256.0,656945.0,4169,loanDepot park,night,R
745109,2024-04-01,2024,TEX,TB,140,139,9,3,12,0,9,0,641540,Dane Dunning,686752.0,Ryan Pepiot,641540.0,686752.0,12,Tropicana Field,night,R
745842,2024-04-01,2024,DET,NYM,116,121,5,0,5,0,10,1,681857,Reese Olson,640455.0,Sean Manaea,671345.0,543859.0,3289,Citi Field,night,R
746409,2024-04-02,2024,TOR,HOU,141,117,0,10,10,1,9,0,670102,Bowden Francis,669854.0,Ronel Blanco,669854.0,670102.0,2392,Minute Maid Park,night,R
745675,2024-04-02,2024,BOS,OAK,111,133,9,0,9,0,9,0,656557,Tanner Houck,671212.0,Joe Boyle,656557.0,671212.0,10,Oakland Coliseum,night,R
745277,2024-04-02,2024,CLE,SEA,114,136,4,5,9,1,9,0,663474,Triston McKenzie,676106.0,Emerson Hancock,676106.0,663474.0,680,T-Mobile Park,night,R
745437,2024-04-02,2024,STL,SD,138,135,6,2,8,0,9,0,502043,Kyle Gibson,663362.0,Matt Waldron,502043.0,663362.0,2680,Petco Park,night,R
747218,2024-04-02,2024,NYY,ARI,147,109,5,2,7,0,9,0,661563,Luis Gil,669194.0,Ryne Nelson,596133.0,669194.0,15,Chase Field,night,R
746170,2024-04-02,2024,SF,LAD,137,119,3,8,11,1,9,0,676775,Keaton Winn,572020.0,James Paxton,572020.0,676775.0,22,Dodger Stadium,night,R
746009,2024-04-02,2024,MIN,MIL,142,158,2,3,5,1,9,0,686973,Louis Varland,596001.0,Jakob Junis,665625.0,686973.0,32,American Family Field,day,R
747057,2024-04-02,2024,KC,BAL,118,110,4,1,5,0,9,0,679525,Alec Marsh,608344.0,Cole Irvin,679525.0,608344.0,2,Oriole Park at Camden Yards,night,R
745598,2024-04-02,2024,CIN,PHI,113,143,4,9,13,1,9,0,668933,Graham Ashcraft,605513.0,Spencer Turnbull,605513.0,668933.0,2681,Citizens Bank Park,night,R
746086,2024-04-02,2024,LAA,MIA,108,146,3,1,4,0,9,0,542881,Tyler Anderson,666200.0,Jesús Luzardo,542881.0,666200.0,4169,loanDepot park,night,R
745111,2024-04-02,2024,TEX,TB,140,139,2,5,7,1,9,0,571760,Andrew Heaney,621107.0,Zach Eflin,621107.0,571760.0,12,Tropicana Field,night,R
746898,2024-04-02,2024,COL,CHC,115,112,2,12,14,1,9,0,607536,Kyle Freeland,665871.0,Javier Assad,665871.0,607536.0,17,Wrigley Field,night,R
746814,2024-04-02,2024,ATL,CWS,144,145,2,3,5,1,9,0,625643,Reynaldo López,676979.0,Garrett Crochet,676979.0,621345.0,4,Guaranteed Rate Field,night,R
746411,2024-04-03,2024,TOR,HOU,141,117,2,1,3,0,9,0,621244,José Berríos,664285.0,Framber Valdez,643338.0,623352.0,2392,Minute Maid Park,night,R
745680,2024-04-03,2024,BOS,OAK,111,133,5,4,9,0,11,1,678394,Brayan Bello,622072.0,Alex Wood,670174.0,687765.0,10,Oakland Coliseum,night,R
745273,2024-04-03,2024,CLE,SEA,114,136,5,2,7,0,9,0,669456,Shane Bieber,622491.0,Luis Castillo,669456.0,622491.0,680,T-Mobile Park,night,R
745439,2024-04-03,2024,STL,SD,138,135,5,2,7,0,9,0,571945,Miles Mikolas,506433.0,Yu Darvish,571945.0,506433.0,2680,Petco Park,night,R
747220,2024-04-03,2024,NYY,ARI,147,109,0,7,7,1,9,0,641482,Nestor Cortes,668678.0,Zac Gallen,668678.0,641482.0,15,Chase Field,night,R
746169,2024-04-03,2024,SF,LAD,137,119,4,5,9,1,9,0,657277,Logan Webb,518489.0,Ryan Brasier,642232.0,657277.0,22,Dodger Stadium,night,R
745844,2024-04-02,2024,DET,NYM,116,121,0,0,0,0,9,0,663554,Casey Mize,605288.0,Adrian Houser,,,3289,Citi Field,night,R
747059,2024-04-03,2024,KC,BAL,118,110,3,4,7,1,9,0,666142,Cole Ragans,669203.0,Corbin Burnes,666974.0,519293.0,2,Oriole Park at Camden Yards,day,R
745114,2024-04-03,2024,TEX,TB,140,139,4,1,5,0,9,0,543135,Nathan Eovaldi,650644.0,Aaron Civale,543135.0,650644.0,12,Tropicana Field,day,R
746083,2024-04-03,2024,LAA,MIA,108,146,10,2,12,0,9,0,663776,Patrick Sandoval,640462.0,A.J. Puk,663776.0,640462.0,4169,loanDepot park,day,R
746008,2024-04-03,2024,MIN,MIL,142,158,7,3,10,0,9,0,663978,Chris Paddack,605452.0,Joe Ross,650960.0,606303.0,32,American Family Field,day,R
745678,2024-04-03,2024,BOS,OAK,111,133,1,0,1,0,9,0,601713,Nick Pivetta,548389.0,Ross Stripling,601713.0,548389.0,10,Oakland Coliseum,day,R
747219,2024-04-03,2024,NYY,ARI,147,109,6,5,11,0,11,1,607074,Carlos Rodón,518876.0,Merrill Kelly,605280.0,543518.0,15,Chase Field,day,R
745603,2024-04-03,2024,CIN,PHI,113,143,4,1,5,0,9,0,593423,Frankie Montas,554430.0,Zack Wheeler,593423.0,554430.0,2681,Citizens Bank Park,day,R
745275,2024-04-03,2024,CLE,SEA,114,136,8,0,8,0,9,0,671106,Logan Allen,669923.0,George Kirby,671106.0,669923.0,680,T-Mobile Park,day,R
745440,2024-04-03,2024,STL,SD,138,135,2,3,5,1,9,0,668868,Zack Thompson,605397.0,Joe Musgrove,605397.0,668868.0,2680,Petco Park,day,R
744869,2024-04-03,2024,PIT,WSH,134,120,3,5,8,1,9,0,656605,Mitch Keller,592866.0,Trevor Williams,592866.0,656605.0,3309,Nationals Park,night,R
746900,2024-04-03,2024,COL,CHC,115,112,8,9,17,1,9,0,615698,Cal Quantrill,681432.0,Luke Little,640470.0,683232.0,17,Wrigley Field,night,R
746407,2024-04-04,2024,TOR,HOU,141,117,0,8,8,1,9,0,605135,Chris Bassitt,664299.0,Cristian Javier,664299.0,605135.0,2392,Minute Maid Park,night,R
746163,2024-04-04,2024,SF,LAD,137,119,4,5,9,1,9,0,690986,Kyle Harrison,607192.0,Tyler Glasnow,607192.0,690986.0,22,Dodger Stadium,night,R
746816,2024-04-03,2024,ATL,CWS,144,145,0,0,0,0,9,0,675911,Spencer Strider,608678.0,Dominic Leone,,,4,Guaranteed Rate Field,day,R
745843,2024-04-03,2024,DET,NYM,116,121,0,0,0,0,9,0,663554,Casey Mize,605288.0,Adrian Houser,,,3289,Citi Field,night,R
745844,2024-04-04,2024,DET,NYM,116,121,6,3,9,0,11,1,663554,Casey Mize,605288.0,Adrian Houser,571946.0,543859.0,3289,Citi Field,day,R
745843,2024-04-04,2024,DET,NYM,116,121,1,2,3,1,9,0,666159,Matt Manning,676130.0,José Buttó,657585.0,656412.0,3289,Citi Field,day,R
744870,2024-04-04,2024,PIT,WSH,134,120,7,4,11,0,9,0,527048,Martín Pérez,680686.0,Josiah Gray,527048.0,680686.0,3309,Nationals Park,day,R
745928,2024-04-04,2024,CLE,MIN,114,142,4,2,6,0,9,0,676440,Tanner Bibee,641154.0,Pablo López,676440.0,641154.0,3312,Target Field,day,R
745200,2024-04-04,2024,MIA,STL,146,138,5,8,13,1,9,0,677960,Ryan Weathers,458681.0,Lance Lynn,606149.0,664350.0,2889,Busch Stadium,day,R
746327,2024-04-04,2024,CWS,KC,145,118,1,10,11,1,9,0,647336,Michael Soroka,607625.0,Seth Lugo,607625.0,647336.0,7,Kauffman Stadium,night,R
745764,2024-04-05,2024,TOR,NYY,141,147,3,0,3,0,9,0,579328,Yusei Kikuchi,573186.0,Marcus Stroman,554340.0,657571.0,3313,Yankee Stadium,day,R
746497,2024-04-05,2024,OAK,DET,133,116,4,5,9,1,9,0,676664,JP Sears,669373.0,Tarik Skubal,671345.0,668674.0,2394,Comerica Park,day,R
746897,2024-04-05,2024,LAD,CHC,119,112,7,9,16,1,9,0,676272,Bobby Miller,543294.0,Kyle Hendricks,592767.0,676272.0,17,Wrigley Field,day,R
746576,2024-04-05,2024,TB,COL,139,115,7,10,17,1,9,0,641793,Zack Littell,596295.0,Austin Gomber,656222.0,664126.0,19,Coors Field,day,R
745524,2024-04-05,2024,BAL,PIT,110,134,5,2,7,0,9,0,680570,Grayson Rodriguez,683003.0,Jared Jones,680570.0,683003.0,31,PNC Park,day,R
745361,2024-04-05,2024,SD,SF,135,137,2,3,5,1,9,0,656302,Dylan Cease,663855.0,Jordan Hicks,666808.0,660853.0,2395,Oracle Park,day,R
746733,2024-04-05,2024,NYM,CIN,121,113,3,2,5,0,9,0,500779,Jose Quintana,668881.0,Hunter Greene,622098.0,518585.0,2602,Great American Ball Park,night,R
744874,2024-04-05,2024,PHI,WSH,143,120,4,0,4,0,9,0,605400,Aaron Nola,571578.0,Patrick Corbin,605400.0,571578.0,3309,Nationals Park,night,R
747143,2024-04-05,2024,ARI,ATL,109,144,5,6,11,1,10,1,674072,Tommy Henry,675911.0,Spencer Strider,572955.0,543518.0,4705,Truist Park,night,R
746328,2024-04-05,2024,CWS,KC,145,118,1,2,3,1,9,0,607200,Erick Fedde,663903.0,Brady Singer,608717.0,656629.0,7,Kauffman Stadium,night,R
745033,2024-04-06,2024,HOU,TEX,117,140,2,10,12,1,9,0,686613,Hunter Brown,674003.0,Cody Bradford,674003.0,686613.0,5325,Globe Life Field,night,R
746007,2024-04-06,2024,SEA,MIL,136,158,5,6,11,1,9,0,669302,Logan Gilbert,642547.0,Freddy Peralta,682842.0,662253.0,32,American Family Field,night,R
746249,2024-04-06,2024,BOS,LAA,111,108,8,6,14,0,9,0,676710,Kutter Crawford,656288.0,Griffin Canning,455119.0,667755.0,1,Angel Stadium,night,R
746498,2024-04-06,2024,OAK,DET,133,116,4,0,4,0,9,0,621112,Paul Blackburn,628317.0,Kenta Maeda,621112.0,628317.0,2394,Comerica Park,day,R
745926,2024-04-06,2024,CLE,MIN,114,142,3,1,4,0,9,0,471911,Carlos Carrasco,657746.0,Joe Ryan,680704.0,657746.0,3312,Target Field,day,R
745197,2024-04-06,2024,MIA,STL,146,138,1,3,4,1,9,0,669432,Trevor Rogers,571927.0,Steven Matz,571927.0,669432.0,2889,Busch Stadium,day,R
746896,2024-04-06,2024,LAD,CHC,119,112,4,1,5,0,9,0,808967,Yoshinobu Yamamoto,696136.0,Jordan Wicks,808967.0,696136.0,17,Wrigley Field,day,R
745522,2024-04-06,2024,BAL,PIT,110,134,4,5,9,1,11,1,669330,Tyler Wells,663559.0,Bailey Falter,676596.0,669169.0,31,PNC Park,day,R
744873,2024-04-06,2024,PHI,WSH,143,120,5,2,7,0,9,0,624133,Ranger Suárez,663623.0,Jake Irvin,624133.0,663623.0,3309,Nationals Park,day,R
746731,2024-04-06,2024,NYM,CIN,121,113,6,9,15,1,9,0,622663,Luis Severino,607259.0,Nick Martinez,641941.0,670990.0,2602,Great American Ball Park,day,R
745031,2024-04-06,2024,HOU,TEX,117,140,2,7,9,1,9,0,641585,J.P. France,592351.0,Jon Gray,489446.0,641585.0,5325,Globe Life Field,night,R
745766,2024-04-06,2024,TOR,NYY,141,147,8,9,17,1,9,0,592332,Kevin Gausman,657376.0,Clarke Schmidt,596133.0,592332.0,3313,Yankee Stadium,night,R
746329,2024-04-06,2024,CWS,KC,145,118,0,3,3,1,9,0,623167,Chris Flexen,608379.0,Michael Wacha,608379.0,623167.0,7,Kauffman Stadium,night,R
746006,2024-04-06,2024,SEA,MIL,136,158,5,3,8,0,9,0,682243,Bryce Miller,669084.0,DL Hall,682243.0,669084.0,32,American Family Field,night,R
747140,2024-04-06,2024,ARI,ATL,109,144,8,9,17,1,9,0,694297,Brandon Pfaadt,608331.0,Max Fried,621345.0,666818.0,4705,Truist Park,night,R
746575,2024-04-07,2024,TB,COL,139,115,8,6,14,0,9,0,641302,Tyler Alexander,663372.0,Ryan Feltner,664076.0,656222.0,19,Coors Field,night,R
745359,2024-04-07,2024,SD,SF,135,137,4,0,4,0,9,0,650633,Michael King,676775.0,Keaton Winn,650633.0,676775.0,2395,Oracle Park,night,R
746248,2024-04-07,2024,BOS,LAA,111,108,1,2,3,1,9,0,676477,Garrett Whitlock,672282.0,Reid Detmers,672282.0,669711.0,1,Angel Stadium,night,R
745523,2024-04-07,2024,BAL,PIT,110,134,2,3,5,1,9,0,665152,Dean Kremer,594835.0,Marco Gonzales,669796.0,666974.0,31,PNC Park,day,R
744871,2024-04-07,2024,PHI,WSH,143,120,2,3,5,1,9,0,650911,Cristopher Sánchez,669022.0,MacKenzie Gore,669022.0,650911.0,3309,Nationals Park,day,R
747141,2024-04-07,2024,ARI,ATL,109,144,2,5,7,1,9,0,669194,Ryne Nelson,519242.0,Chris Sale,519242.0,669194.0,4705,Truist Park,day,R
745765,2024-04-07,2024,TOR,NYY,141,147,3,8,11,1,9,0,670102,Bowden Francis,661563.0,Luis Gil,664776.0,670102.0,3313,Yankee Stadium,day,R
746734,2024-04-07,2024,NYM,CIN,121,113,3,1,4,0,9,0,640455,Sean Manaea,671096.0,Andrew Abbott,640455.0,671096.0,2602,Great American Ball Park,day,R
746493,2024-04-07,2024,OAK,DET,133,116,7,1,8,0,9,0,671212,Joe Boyle,656427.0,Jack Flaherty,671212.0,656427.0,2394,Comerica Park,day,R
746330,2024-04-07,2024,CWS,KC,145,118,3,5,8,1,9,0,676979,Garrett Crochet,679525.0,Alec Marsh,670167.0,665620.0,7,Kauffman Stadium,day,R
746003,2024-04-07,2024,SEA,MIL,136,158,4,12,16,1,9,0,676106,Emerson Hancock,607067.0,Colin Rea,607067.0,676106.0,32,American Family Field,day,R
745198,2024-04-07,2024,MIA,STL,146,138,10,3,13,0,9,0,676974,Max Meyer,502043.0,Kyle Gibson,676974.0,502043.0,2889,Busch Stadium,day,R
746895,2024-04-07,2024,LAD,CHC,119,112,1,8,9,1,9,0,694813,Gavin Stone,684007.0,Shota Imanaga,622075.0,694813.0,17,Wrigley Field,day,R
746574,2024-04-07,2024,TB,COL,139,115,3,2,5,0,9,0,686752,Ryan Pepiot,641712.0,Dakota Hudson,686752.0,641712.0,19,Coors Field,day,R
745362,2024-04-07,2024,SD,SF,135,137,2,3,5,1,9,0,663362,Matt Waldron,657277.0,Logan Webb,676254.0,666745.0,2395,Oracle Park,day,R
746251,2024-04-07,2024,BOS,LAA,111,108,12,2,14,0,9,0,656557,Tanner Houck,681217.0,Chase Silseth,656557.0,681217.0,1,Angel Stadium,day,R
745032,2024-04-07,2024,HOU,TEX,117,140,3,1,4,0,9,0,669854,Ronel Blanco,641540.0,Dane Dunning,669854.0,641540.0,5325,Globe Life Field,night,R
745927,2024-04-07,2024,CLE,MIN,114,142,0,0,0,0,9,0,663474,Triston McKenzie,641927.0,Bailey Ober,,,3312,Target Field,day,R
746654,2024-04-08,2024,CWS,CLE,145,114,0,4,4,1,9,0,621383,Tanner Banks,663474.0,Triston McKenzie,663474.0,621383.0,5,Progressive Field,night,R
745761,2024-04-08,2024,MIA,NYY,146,147,0,7,7,1,9,0,666200,Jesús Luzardo,641482.0,Nestor Cortes,641482.0,666200.0,3313,Yankee Stadium,night,R
745520,2024-04-08,2024,DET,PIT,116,134,4,7,11,1,9,0,681857,Reese Olson,656605.0,Mitch Keller,656605.0,681857.0,31,PNC Park,night,R
746735,2024-04-08,2024,MIL,CIN,158,113,8,10,18,1,9,0,676879,Aaron Ashby,668933.0,Graham Ashcraft,668933.0,676879.0,2602,Great American Ball Park,night,R
744956,2024-04-08,2024,SEA,TOR,136,141,2,5,7,1,9,0,622491,Luis Castillo,621244.0,José Berríos,621244.0,622491.0,14,Rogers Centre,night,R
747142,2024-04-08,2024,NYM,ATL,121,144,8,7,15,0,9,0,527054,Julio Teheran,450203.0,Charlie Morton,518617.0,572955.0,4705,Truist Park,night,R
745925,2024-04-08,2024,LAD,MIN,119,142,4,2,6,0,9,0,572020,James Paxton,641927.0,Bailey Ober,572020.0,543351.0,3312,Target Field,night,R
745194,2024-04-08,2024,PHI,STL,143,138,5,3,8,0,10,1,605513,Spencer Turnbull,571945.0,Miles Mikolas,656546.0,664854.0,2889,Busch Stadium,night,R
745034,2024-04-09,2024,HOU,TEX,117,140,10,5,15,0,9,0,668874,Blair Henley,571760.0,Andrew Heaney,661527.0,571760.0,5325,Globe Life Field,night,R
746569,2024-04-09,2024,ARI,COL,109,115,5,7,12,1,9,0,668678,Zac Gallen,607536.0,Kyle Freeland,663567.0,543518.0,19,Coors Field,night,R
746252,2024-04-09,2024,TB,LAA,139,108,1,7,8,1,9,0,621107,Zach Eflin,542881.0,Tyler Anderson,542881.0,621107.0,1,Angel Stadium,night,R
745432,2024-04-09,2024,CHC,SD,112,135,8,9,17,1,9,0,665871,Javier Assad,506433.0,Yu Darvish,593974.0,640470.0,2680,Petco Park,night,R
745363,2024-04-09,2024,WSH,SF,120,137,8,1,9,0,9,0,592866,Trevor Williams,605483.0,Blake Snell,592866.0,605483.0,2395,Oracle Park,night,R
745517,2024-04-09,2024,DET,PIT,116,134,5,3,8,0,9,0,663554,Casey Mize,527048.0,Martín Pérez,571946.0,670280.0,31,PNC Park,day,R
746981,2024-04-09,2024,BAL,BOS,110,111,7,1,8,0,9,0,669203,Corbin Burnes,678394.0,Brayan Bello,669203.0,678394.0,3,Fenway Park,day,R
746653,2024-04-09,2024,CWS,CLE,145,114,7,5,12,0,9,0,647336,Michael Soroka,671106.0,Logan Allen,621051.0,605130.0,5,Progressive Field,night,R
746732,2024-04-09,2024,MIL,CIN,158,113,9,5,14,0,9,0,605452,Joe Ross,593423.0,Frankie Montas,605452.0,593423.0,2602,Great American Ball Park,night,R
745762,2024-04-09,2024,MIA,NYY,146,147,2,3,5,1,9,0,640462,A.J. Puk,607074.0,Carlos Rodón,607074.0,640462.0,3313,Yankee Stadium,night,R
744957,2024-04-09,2024,SEA,TOR,136,141,3,5,8,1,9,0,669923,George Kirby,605135.0,Chris Bassitt,605135.0,669923.0,14,Rogers Centre,night,R
747138,2024-04-09,2024,NYM,ATL,121,144,5,6,11,1,9,0,605288,Adrian Houser,625643.0,Reynaldo López,625643.0,605288.0,4705,Truist Park,night,R
746326,2024-04-09,2024,HOU,KC,117,118,3,4,7,1,10,1,664299,Cristian Javier,666142.0,Cole Ragans,663704.0,593833.0,7,Kauffman Stadium,night,R
745924,2024-04-09,2024,LAD,MIN,119,142,6,3,9,0,9,0,607192,Tyler Glasnow,686973.0,Louis Varland,607192.0,686973.0,3312,Target Field,night,R
745195,2024-04-09,2024,PHI,STL,143,138,0,3,3,1,9,0,554430,Zack Wheeler,543243.0,Sonny Gray,543243.0,554430.0,2889,Busch Stadium,night,R
745030,2024-04-10,2024,OAK,TEX,133,140,4,3,7,0,9,0,622072,Alex Wood,543135.0,Nathan Eovaldi,547184.0,600917.0,5325,Globe Life Field,night,R
746571,2024-04-10,2024,ARI,COL,109,115,3,2,5,0,9,0,518876,Merrill Kelly,615698.0,Cal Quantrill,518876.0,615698.0,19,Coors Field,night,R
746250,2024-04-10,2024,TB,LAA,139,108,6,4,10,0,9,0,650644,Aaron Civale,663776.0,Patrick Sandoval,650644.0,663776.0,1,Angel Stadium,night,R
745357,2024-04-10,2024,WSH,SF,120,137,5,3,8,0,9,0,672851,Joan Adon,690986.0,Kyle Harrison,607179.0,676254.0,2395,Oracle Park,night,R
745433,2024-04-10,2024,CHC,SD,112,135,5,1,6,0,9,0,676962,Ben Brown,605397.0,Joe Musgrove,592767.0,605397.0,2680,Petco Park,night,R
745923,2024-04-10,2024,LAD,MIN,119,142,2,3,5,1,9,0,676272,Bobby Miller,663978.0,Chris Paddack,681892.0,681911.0,3312,Target Field,day,R
745196,2024-04-10,2024,PHI,STL,143,138,4,3,7,0,9,0,605400,Aaron Nola,458681.0,Lance Lynn,605400.0,669467.0,2889,Busch Stadium,day,R
744950,2024-04-10,2024,SEA,TOR,136,141,6,1,7,0,10,1,669302,Logan Gilbert,579328.0,Yusei Kikuchi,662253.0,641835.0,14,Rogers Centre,day,R
746573,2024-04-10,2024,ARI,COL,109,115,5,3,8,0,9,0,674072,Tommy Henry,596295.0,Austin Gomber,573009.0,664875.0,19,Coors Field,day,R
745355,2024-04-10,2024,WSH,SF,120,137,1,7,8,1,9,0,571578,Patrick Corbin,663855.0,Jordan Hicks,663855.0,571578.0,2395,Oracle Park,day,R
746247,2024-04-10,2024,TB,LAA,139,108,4,2,6,0,9,0,641793,Zack Littell,667755.0,José Soriano,687330.0,667755.0,1,Angel Stadium,day,R
746655,2024-04-10,2024,CWS,CLE,145,114,6,7,13,1,10,1,607200,Erick Fedde,676440.0,Tanner Bibee,669212.0,543766.0,5,Progressive Field,night,R
745429,2024-04-10,2024,CHC,SD,112,135,2,10,12,1,9,0,543294,Kyle Hendricks,656302.0,Dylan Cease,656302.0,543294.0,2680,Petco Park,day,R
746728,2024-04-10,2024,MIL,CIN,158,113,7,2,9,0,9,0,489119,Wade Miley,668881.0,Hunter Greene,669060.0,668881.0,2602,Great American Ball Park,night,R
745763,2024-04-10,2024,MIA,NYY,146,147,5,2,7,0,9,0,677960,Ryan Weathers,573186.0,Marcus Stroman,677960.0,573186.0,3313,Yankee Stadium,night,R
746980,2024-04-10,2024,BAL,BOS,110,111,7,5,12,0,9,0,608344,Cole Irvin,676710.0,Kutter Crawford,657508.0,455119.0,3,Fenway Park,night,R
746323,2024-04-10,2024,HOU,KC,117,118,2,11,13,1,9,0,681293,Spencer Arrighetti,607625.0,Seth Lugo,607625.0,681293.0,7,Kauffman Stadium,night,R
745024,2024-04-11,2024,OAK,TEX,133,140,2,6,8,1,9,0,548389,Ross Stripling,674003.0,Cody Bradford,674003.0,548389.0,5325,Globe Life Field,night,R
747139,2024-04-10,2024,NYM,ATL,121,144,0,0,0,0,9,0,500779,Jose Quintana,642216.0,Allan Winans,,,4705,Truist Park,night,R
747137,2024-04-11,2024,NYM,ATL,121,144,16,4,20,0,9,0,500779,Jose Quintana,642216.0,Allan Winans,500779.0,642216.0,4705,Truist Park,day,R
746322,2024-04-11,2024,HOU,KC,117,118,3,13,16,1,9,0,686613,Hunter Brown,663903.0,Brady Singer,663903.0,686613.0,7,Kauffman Stadium,day,R
745029,2024-04-11,2024,OAK,TEX,133,140,1,0,1,0,9,0,676664,JP Sears,592351.0,Jon Gray,676664.0,592351.0,5325,Globe Life Field,day,R
745601,2024-04-11,2024,PIT,PHI,134,143,1,5,6,1,9,0,683003,Jared Jones,624133.0,Ranger Suárez,624133.0,683003.0,2681,Citizens Bank Park,night,R
746977,2024-04-11,2024,BAL,BOS,110,111,9,4,13,0,10,1,680570,Grayson Rodriguez,676477.0,Garrett Whitlock,518886.0,663462.0,3,Fenway Park,night,R
746490,2024-04-11,2024,MIN,DET,142,116,0,0,0,0,9,0,641154,Pablo López,669373.0,Tarik Skubal,,,2394,Comerica Park,day,R
746730,2024-04-11,2024,MIL,CIN,158,113,0,0,0,0,9,0,642547,Freddy Peralta,607259.0,Nick Martinez,,,2602,Great American Ball Park,day,R
746491,2024-04-12,2024,MIN,DET,142,116,2,8,10,1,9,0,641154,Pablo López,669373.0,Tarik Skubal,669373.0,641154.0,2394,Comerica Park,night,R
745596,2024-04-12,2024,PIT,PHI,134,143,5,2,7,0,9,0,663559,Bailey Falter,650911.0,Cristopher Sánchez,663559.0,650911.0,2681,Citizens Bank Park,night,R
745112,2024-04-12,2024,SF,TB,137,139,1,2,3,1,9,0,676775,Keaton Winn,621097.0,Jacob Waguespack,664076.0,676775.0,12,Tropicana Field,night,R
747055,2024-04-12,2024,MIL,BAL,158,110,11,1,12,0,9,0,642547,Freddy Peralta,669330.0,Tyler Wells,642547.0,669330.0,2,Oriole Park at Camden Yards,night,R
744954,2024-04-12,2024,COL,TOR,115,141,12,4,16,0,9,0,663372,Ryan Feltner,592332.0,Kevin Gausman,663372.0,592332.0,14,Rogers Centre,night,R
746978,2024-04-12,2024,LAA,BOS,108,111,7,0,7,0,9,0,672282,Reid Detmers,656557.0,Tanner Houck,672282.0,656557.0,3,Fenway Park,night,R
745838,2024-04-12,2024,KC,NYM,118,121,1,6,7,1,9,0,608379,Michael Wacha,622663.0,Luis Severino,622663.0,608379.0,3289,Citi Field,night,R
746084,2024-04-12,2024,ATL,MIA,144,146,8,1,9,0,9,0,608331,Max Fried,669432.0,Trevor Rogers,608331.0,669432.0,4169,loanDepot park,night,R
746812,2024-04-12,2024,CIN,CWS,113,145,11,1,12,0,9,0,671096,Andrew Abbott,623167.0,Chris Flexen,671096.0,623167.0,4,Guaranteed Rate Field,night,R
746408,2024-04-13,2024,TEX,HOU,140,117,12,8,20,0,9,0,641540,Dane Dunning,641585.0,J.P. France,641540.0,641585.0,2392,Minute Maid Park,night,R
745679,2024-04-13,2024,WSH,OAK,120,133,1,2,3,1,10,1,663623,Jake Irvin,621112.0,Paul Blackburn,547184.0,640448.0,10,Oakland Coliseum,night,R
745274,2024-04-13,2024,CHC,SEA,112,136,2,4,6,1,9,0,696136,Jordan Wicks,682243.0,Bryce Miller,682243.0,696136.0,680,T-Mobile Park,night,R
747217,2024-04-13,2024,STL,ARI,138,109,9,6,15,0,9,0,571927,Steven Matz,694297.0,Brandon Pfaadt,606149.0,573009.0,15,Chase Field,night,R
746162,2024-04-13,2024,SD,LAD,135,119,8,7,15,0,11,1,650633,Michael King,808967.0,Yoshinobu Yamamoto,663158.0,681911.0,22,Dodger Stadium,night,R
746656,2024-04-12,2024,NYY,CLE,147,114,0,0,0,0,9,0,657376,Clarke Schmidt,471911.0,Carlos Carrasco,,,5,Progressive Field,night,R
746656,2024-04-13,2024,NYY,CLE,147,114,3,2,5,0,9,0,657376,Clarke Schmidt,471911.0,Carlos Carrasco,657376.0,471911.0,5,Progressive Field,day,R
746658,2024-04-13,2024,NYY,CLE,147,114,8,2,10,0,9,0,547001,Cody Poteet,663474.0,Triston McKenzie,547001.0,663474.0,5,Progressive Field,night,R
746489,2024-04-13,2024,MIN,DET,142,116,11,5,16,0,12,1,657746,Joe Ryan,628317.0,Kenta Maeda,660896.0,656638.0,2394,Comerica Park,day,R
746490,2024-04-13,2024,MIN,DET,142,116,4,1,5,0,9,0,680573,Simeon Woods Richardson,666159.0,Matt Manning,680573.0,666159.0,2394,Comerica Park,day,R
745839,2024-04-13,2024,KC,NYM,118,121,11,7,18,0,9,0,679525,Alec Marsh,640455.0,Sean Manaea,679525.0,640455.0,3289,Citi Field,day,R
746811,2024-04-13,2024,CIN,CWS,113,145,5,0,5,0,9,0,666157,Nick Lodolo,676979.0,Garrett Crochet,666157.0,676979.0,4,Guaranteed Rate Field,day,R
744953,2024-04-13,2024,COL,TOR,115,141,3,5,8,1,9,0,641712,Dakota Hudson,684320.0,Yariel Rodríguez,670102.0,641712.0,14,Rogers Centre,day,R
746405,2024-04-13,2024,TEX,HOU,140,117,2,9,11,1,9,0,571760,Andrew Heaney,669854.0,Ronel Blanco,650556.0,570632.0,2392,Minute Maid Park,day,R
745594,2024-04-13,2024,PIT,PHI,134,143,3,4,7,1,9,0,594835,Marco Gonzales,605513.0,Spencer Turnbull,656546.0,669796.0,2681,Citizens Bank Park,day,R
747054,2024-04-13,2024,MIL,BAL,158,110,11,5,16,0,9,0,669084,DL Hall,665152.0,Dean Kremer,665625.0,665152.0,2,Oriole Park at Camden Yards,day,R
745676,2024-04-13,2024,WSH,OAK,120,133,3,1,4,0,9,0,669022,MacKenzie Gore,671212.0,Joe Boyle,669022.0,671212.0,10,Oakland Coliseum,day,R
746979,2024-04-13,2024,LAA,BOS,108,111,2,7,9,1,9,0,656288,Griffin Canning,681867.0,Cooper Criswell,669711.0,656288.0,3,Fenway Park,day,R
745110,2024-04-13,2024,SF,TB,137,139,11,2,13,0,9,0,657277,Logan Webb,686752.0,Ryan Pepiot,657277.0,686752.0,12,Tropicana Field,day,R
746082,2024-04-13,2024,ATL,MIA,144,146,1,5,6,1,9,0,519242,Chris Sale,676974.0,Max Meyer,676974.0,519242.0,4169,loanDepot park,day,R
747215,2024-04-14,2024,STL,ARI,138,109,2,4,6,1,9,0,502043,Kyle Gibson,669194.0,Ryne Nelson,669194.0,502043.0,15,Chase Field,night,R
746161,2024-04-14,2024,SD,LAD,135,119,2,5,7,1,9,0,663362,Matt Waldron,694813.0,Gavin Stone,694813.0,676680.0,22,Dodger Stadium,night,R
745272,2024-04-14,2024,CHC,SEA,112,136,4,1,5,0,9,0,684007,Shota Imanaga,676106.0,Emerson Hancock,684007.0,676106.0,680,T-Mobile Park,night,R
746975,2024-04-14,2024,LAA,BOS,108,111,4,5,9,1,9,0,542881,Tyler Anderson,678394.0,Brayan Bello,678394.0,542881.0,3,Fenway Park,day,R
745595,2024-04-14,2024,PIT,PHI,134,143,9,2,11,0,9,0,656605,Mitch Keller,554430.0,Zack Wheeler,656605.0,554430.0,2681,Citizens Bank Park,day,R
747056,2024-04-14,2024,MIL,BAL,158,110,4,6,10,1,9,0,607067,Colin Rea,669203.0,Corbin Burnes,666974.0,682842.0,2,Oriole Park at Camden Yards,day,R
744952,2024-04-14,2024,COL,TOR,115,141,0,5,5,1,9,0,607536,Kyle Freeland,621244.0,José Berríos,621244.0,607536.0,14,Rogers Centre,day,R
745841,2024-04-14,2024,KC,NYM,118,121,1,2,3,1,9,0,666142,Cole Ragans,676130.0,José Buttó,548384.0,608717.0,3289,Citi Field,day,R
745113,2024-04-14,2024,SF,TB,137,139,4,9,13,1,9,0,605483,Blake Snell,542888.0,Shawn Armstrong,641302.0,605483.0,12,Tropicana Field,day,R
746492,2024-04-14,2024,MIN,DET,142,116,3,4,7,1,9,0,641927,Bailey Ober,656427.0,Jack Flaherty,676684.0,643377.0,2394,Comerica Park,day,R
746079,2024-04-14,2024,ATL,MIA,144,146,9,7,16,0,9,0,450203,Charlie Morton,666200.0,Jesús Luzardo,621345.0,656945.0,4169,loanDepot park,day,R
746648,2024-04-14,2024,NYY,CLE,147,114,7,8,15,1,10,1,641482,Nestor Cortes,671106.0,Logan Allen,595881.0,657571.0,5,Progressive Field,day,R
746404,2024-04-14,2024,TEX,HOU,140,117,5,8,13,1,9,0,543135,Nathan Eovaldi,664299.0,Cristian Javier,664299.0,543135.0,2392,Minute Maid Park,day,R
746810,2024-04-14,2024,CIN,CWS,113,145,11,4,15,0,9,0,668933,Graham Ashcraft,647336.0,Michael Soroka,668933.0,647336.0,4,Guaranteed Rate Field,day,R
745681,2024-04-14,2024,WSH,OAK,120,133,6,7,13,1,9,0,592866,Trevor Williams,622072.0,Alex Wood,687765.0,571882.0,10,Oakland Coliseum,day,R
745271,2024-04-14,2024,CHC,SEA,112,136,3,2,5,0,9,0,665871,Javier Assad,622491.0,Luis Castillo,665871.0,622491.0,680,T-Mobile Park,day,R
747216,2024-04-14,2024,STL,ARI,138,109,0,5,5,1,9,0,571945,Miles Mikolas,668678.0,Zac Gallen,668678.0,571945.0,15,Chase Field,day,R
746164,2024-04-14,2024,SD,LAD,135,119,6,3,9,0,9,0,506433,Yu Darvish,572020.0,James Paxton,673513.0,656420.0,22,Dodger Stadium,day,R
746974,2024-04-15,2024,CLE,BOS,114,111,6,0,6,0,9,0,675540,Xzavion Curry,676710.0,Kutter Crawford,682120.0,657514.0,3,Fenway Park,day,R
747053,2024-04-15,2024,MIN,BAL,142,110,4,7,11,1,9,0,686973,Louis Varland,608344.0,Cole Irvin,622253.0,686973.0,2,Oriole Park at Camden Yards,night,R
746488,2024-04-15,2024,TEX,DET,140,116,1,0,1,0,9,0,547179,Michael Lorenzen,681857.0,Reese Olson,547179.0,681857.0,2394,Comerica Park,night,R
745597,2024-04-15,2024,COL,PHI,115,143,1,2,3,1,10,1,615698,Cal Quantrill,605400.0,Aaron Nola,622554.0,656234.0,2681,Citizens Bank Park,night,R
746080,2024-04-15,2024,SF,MIA,137,146,4,3,7,0,9,0,690986,Kyle Harrison,665795.0,Edward Cabrera,690986.0,666277.0,4169,loanDepot park,night,R
745106,2024-04-15,2024,LAA,TB,108,139,7,3,10,0,9,0,663776,Patrick Sandoval,621107.0,Zach Eflin,472610.0,664208.0,12,Tropicana Field,night,R
744951,2024-04-15,2024,NYY,TOR,147,141,1,3,4,1,9,0,661563,Luis Gil,605135.0,Chris Bassitt,605135.0,661563.0,14,Rogers Centre,night,R
745840,2024-04-15,2024,PIT,NYM,134,121,3,6,9,1,9,0,527048,Martín Pérez,605288.0,Adrian Houser,493603.0,547973.0,3289,Citi Field,night,R
746813,2024-04-15,2024,KC,CWS,118,145,2,0,2,0,9,0,607625,Seth Lugo,680897.0,Nick Nastrini,607625.0,680897.0,4,Guaranteed Rate Field,night,R
746002,2024-04-15,2024,SD,MIL,135,158,7,3,10,0,9,0,605397,Joe Musgrove,605452.0,Joe Ross,605397.0,605452.0,32,American Family Field,night,R
746406,2024-04-16,2024,ATL,HOU,144,117,6,1,7,0,9,0,670241,Darius Vines,681293.0,Spencer Arrighetti,607481.0,681293.0,2392,Minute Maid Park,night,R
747213,2024-04-16,2024,CHC,ARI,112,109,3,2,5,0,11,1,676962,Ben Brown,518876.0,Merrill Kelly,624522.0,686826.0,15,Chase Field,night,R
745677,2024-04-16,2024,STL,OAK,138,133,3,1,4,0,9,0,543243,Sonny Gray,548389.0,Ross Stripling,543243.0,548389.0,10,Oakland Coliseum,night,R
745268,2024-04-16,2024,CIN,SEA,113,136,3,9,12,1,9,0,593423,Frankie Montas,669923.0,George Kirby,669923.0,593423.0,680,T-Mobile Park,night,R
746158,2024-04-16,2024,WSH,LAD,120,119,6,4,10,0,9,0,680730,Mitchell Parker,607192.0,Tyler Glasnow,680730.0,607192.0,22,Dodger Stadium,night,R
746486,2024-04-16,2024,TEX,DET,140,116,2,4,6,1,9,0,592351,Jon Gray,663554.0,Casey Mize,605177.0,570632.0,2394,Comerica Park,day,R
747051,2024-04-16,2024,MIN,BAL,142,110,3,11,14,1,9,0,663978,Chris Paddack,680570.0,Grayson Rodriguez,680570.0,663978.0,2,Oriole Park at Camden Yards,night,R
745593,2024-04-16,2024,COL,PHI,115,143,0,5,5,1,9,0,596295,Austin Gomber,624133.0,Ranger Suárez,624133.0,596295.0,2681,Citizens Bank Park,night,R
746081,2024-04-16,2024,SF,MIA,137,146,3,6,9,1,9,0,663855,Jordan Hicks,677960.0,Ryan Weathers,677960.0,676254.0,4169,loanDepot park,night,R
745108,2024-04-16,2024,LAA,TB,108,139,6,7,13,1,13,1,667755,José Soriano,650644.0,Aaron Civale,664076.0,608334.0,12,Tropicana Field,night,R
744944,2024-04-16,2024,NYY,TOR,147,141,4,5,9,1,9,0,607074,Carlos Rodón,579328.0,Yusei Kikuchi,579328.0,607074.0,14,Rogers Centre,night,R
746976,2024-04-16,2024,CLE,BOS,114,111,10,7,17,0,11,1,676440,Tanner Bibee,676477.0,Garrett Whitlock,661403.0,670174.0,3,Fenway Park,night,R
745837,2024-04-16,2024,PIT,NYM,134,121,1,3,4,1,9,0,683003,Jared Jones,500779.0,Jose Quintana,657585.0,682847.0,3289,Citi Field,night,R
746004,2024-04-16,2024,SD,MIL,135,158,6,3,9,0,9,0,656302,Dylan Cease,489119.0,Wade Miley,656302.0,489119.0,32,American Family Field,night,R
746400,2024-04-17,2024,ATL,HOU,144,117,6,2,8,0,9,0,625643,Reynaldo López,686613.0,Hunter Brown,625643.0,686613.0,2392,Minute Maid Park,night,R
747214,2024-04-17,2024,CHC,ARI,112,109,11,12,23,1,10,1,543294,Kyle Hendricks,674072.0,Tommy Henry,656464.0,592767.0,15,Chase Field,night,R
745270,2024-04-17,2024,CIN,SEA,113,136,1,3,4,1,9,0,668881,Hunter Greene,669302.0,Logan Gilbert,669302.0,641941.0,680,T-Mobile Park,night,R
745674,2024-04-17,2024,STL,OAK,138,133,3,2,5,0,9,0,458681,Lance Lynn,676664.0,JP Sears,458681.0,666204.0,10,Oakland Coliseum,night,R
746157,2024-04-17,2024,WSH,LAD,120,119,2,6,8,1,9,0,571578,Patrick Corbin,669165.0,Kyle Hurt,642232.0,571578.0,22,Dodger Stadium,night,R
746809,2024-04-16,2024,KC,CWS,118,145,0,0,0,0,9,0,663903,Brady Singer,686563.0,Jonathan Cannon,,,4,Guaranteed Rate Field,night,R
746076,2024-04-17,2024,SF,MIA,137,146,3,1,4,0,9,0,676775,Keaton Winn,669432.0,Trevor Rogers,676775.0,686539.0,4169,loanDepot park,day,R
747049,2024-04-17,2024,MIN,BAL,142,110,2,4,6,1,9,0,641154,Pablo López,544150.0,Albert Suárez,518886.0,643377.0,2,Oriole Park at Camden Yards,day,R
745836,2024-04-17,2024,PIT,NYM,134,121,1,9,10,1,9,0,663559,Bailey Falter,622663.0,Luis Severino,622663.0,663559.0,3289,Citi Field,day,R
746487,2024-04-17,2024,TEX,DET,140,116,5,4,9,0,9,0,641540,Dane Dunning,669373.0,Tarik Skubal,489446.0,571946.0,2394,Comerica Park,day,R
746005,2024-04-17,2024,SD,MIL,135,158,0,1,1,1,9,0,650633,Michael King,669060.0,Bryse Wilson,682842.0,650633.0,32,American Family Field,day,R
746401,2024-04-17,2024,ATL,HOU,144,117,5,4,9,0,10,1,608331,Max Fried,641585.0,J.P. France,621345.0,661527.0,2392,Minute Maid Park,day,R
746807,2024-04-17,2024,KC,CWS,118,145,4,2,6,0,9,0,663903,Brady Singer,686563.0,Jonathan Cannon,623433.0,656629.0,4,Guaranteed Rate Field,day,R
746809,2024-04-17,2024,KC,CWS,118,145,1,2,3,1,9,0,608379,Michael Wacha,607200.0,Erick Fedde,607200.0,608379.0,4,Guaranteed Rate Field,day,R
744948,2024-04-17,2024,NYY,TOR,147,141,6,4,10,0,9,0,573186,Marcus Stroman,592332.0,Kevin Gausman,624647.0,657024.0,14,Rogers Centre,day,R
746159,2024-04-17,2024,WSH,LAD,120,119,2,0,2,0,9,0,663623,Jake Irvin,689017.0,Landon Knack,663623.0,689017.0,22,Dodger Stadium,day,R
745671,2024-04-17,2024,STL,OAK,138,133,3,6,9,1,9,0,571927,Steven Matz,621112.0,Paul Blackburn,621112.0,571927.0,10,Oakland Coliseum,day,R
747212,2024-04-17,2024,CHC,ARI,112,109,5,3,8,0,9,0,696136,Jordan Wicks,694297.0,Brandon Pfaadt,669713.0,694297.0,15,Chase Field,day,R
745267,2024-04-17,2024,CIN,SEA,113,136,1,5,6,1,9,0,671096,Andrew Abbott,682243.0,Bryce Miller,682243.0,671096.0,680,T-Mobile Park,day,R
745591,2024-04-17,2024,COL,PHI,115,143,6,7,13,1,9,0,663372,Ryan Feltner,650911.0,Cristopher Sánchez,650911.0,663372.0,2681,Citizens Bank Park,night,R
745105,2024-04-17,2024,LAA,TB,108,139,5,4,9,0,9,0,672282,Reid Detmers,641793.0,Zack Littell,519326.0,664126.0,12,Tropicana Field,night,R
746973,2024-04-17,2024,CLE,BOS,114,111,0,2,2,1,9,0,594902,Ben Lively,656557.0,Tanner Houck,656557.0,594902.0,3,Fenway Park,night,R
745104,2024-04-18,2024,LAA,TB,108,139,1,2,3,1,9,0,656288,Griffin Canning,686752.0,Ryan Pepiot,686752.0,656288.0,12,Tropicana Field,day,R
746485,2024-04-18,2024,TEX,DET,140,116,9,7,16,0,9,0,683004,Jack Leiter,628317.0,Kenta Maeda,600917.0,571946.0,2394,Comerica Park,day,R
746970,2024-04-18,2024,CLE,BOS,114,111,5,4,9,0,9,0,471911,Carlos Carrasco,657514.0,Brennan Bernardino,471911.0,681867.0,3,Fenway Park,day,R
745356,2024-04-19,2024,ARI,SF,109,137,0,5,5,1,9,0,669194,Ryne Nelson,657277.0,Logan Webb,657277.0,663531.0,2395,Oracle Park,night,R
746891,2024-04-18,2024,MIA,CHC,146,112,0,0,0,0,9,0,640462,A.J. Puk,592791.0,Jameson Taillon,,,17,Wrigley Field,night,R
746892,2024-04-19,2024,MIA,CHC,146,112,3,8,11,1,9,0,640462,A.J. Puk,592791.0,Jameson Taillon,592791.0,640462.0,17,Wrigley Field,day,R
746729,2024-04-19,2024,LAA,CIN,108,113,1,7,8,1,9,0,542881,Tyler Anderson,666157.0,Nick Lodolo,666157.0,542881.0,2602,Great American Ball Park,night,R
745518,2024-04-19,2024,BOS,PIT,111,134,8,1,9,0,9,0,678394,Brayan Bello,682990.0,Quinn Priester,678394.0,682990.0,31,PNC Park,night,R
745592,2024-04-19,2024,CWS,PHI,145,143,0,7,7,1,9,0,676979,Garrett Crochet,605513.0,Spencer Turnbull,605513.0,676979.0,2681,Citizens Bank Park,night,R
744872,2024-04-19,2024,HOU,WSH,117,120,5,3,8,0,9,0,434378,Justin Verlander,669022.0,MacKenzie Gore,434378.0,669022.0,3309,Nationals Park,night,R
745758,2024-04-19,2024,TB,NYY,139,147,3,5,8,1,9,0,641302,Tyler Alexander,657376.0,Clarke Schmidt,642701.0,606965.0,3313,Yankee Stadium,night,R
746650,2024-04-19,2024,OAK,CLE,133,114,2,10,12,1,9,0,671212,Joe Boyle,663474.0,Triston McKenzie,663474.0,671212.0,5,Progressive Field,night,R
747136,2024-04-19,2024,TEX,ATL,140,144,3,8,11,1,9,0,571760,Andrew Heaney,519242.0,Chris Sale,519242.0,656641.0,4705,Truist Park,night,R
746325,2024-04-19,2024,BAL,KC,110,118,4,9,13,1,9,0,665152,Dean Kremer,679525.0,Alec Marsh,679525.0,665152.0,7,Kauffman Stadium,night,R
745922,2024-04-20,2024,DET,MIN,116,142,5,4,9,0,9,0,656427,Jack Flaherty,657746.0,Joe Ryan,605177.0,573204.0,3312,Target Field,night,R
745189,2024-04-20,2024,MIL,STL,158,138,2,1,3,0,10,1,642547,Freddy Peralta,502043.0,Kyle Gibson,606303.0,664854.0,2889,Busch Stadium,night,R
745430,2024-04-20,2024,TOR,SD,141,135,5,1,6,0,9,0,684320,Yariel Rodríguez,663362.0,Matt Waldron,670102.0,663362.0,2680,Petco Park,night,R
746160,2024-04-20,2024,NYM,LAD,121,119,9,4,13,0,9,0,640455,Sean Manaea,808967.0,Yoshinobu Yamamoto,657585.0,543339.0,22,Dodger Stadium,night,R
745352,2024-04-20,2024,ARI,SF,109,137,17,1,18,0,9,0,656756,Jordan Montgomery,605483.0,Blake Snell,656756.0,605483.0,2395,Oracle Park,night,R
746572,2024-04-20,2024,SEA,COL,136,115,0,0,0,0,9,0,676106,Emerson Hancock,641712.0,Dakota Hudson,,,19,Coors Field,night,R
745760,2024-04-20,2024,TB,NYY,139,147,2,0,2,0,10,1,621107,Zach Eflin,641482.0,Nestor Cortes,592094.0,657571.0,3313,Yankee Stadium,day,R
745921,2024-04-20,2024,DET,MIN,116,142,3,4,7,1,9,0,681857,Reese Olson,641927.0,Bailey Ober,641927.0,681857.0,3312,Target Field,day,R
745190,2024-04-20,2024,MIL,STL,158,138,12,5,17,0,9,0,669084,DL Hall,571945.0,Miles Mikolas,669060.0,571945.0,2889,Busch Stadium,day,R
746893,2024-04-20,2024,MIA,CHC,146,112,3,2,5,0,9,0,666200,Jesús Luzardo,665871.0,Javier Assad,676534.0,640470.0,17,Wrigley Field,day,R
746891,2024-04-20,2024,MIA,CHC,146,112,3,5,8,1,9,0,682610,Roddery Muñoz,684007.0,Shota Imanaga,684007.0,669622.0,17,Wrigley Field,night,R
744865,2024-04-20,2024,HOU,WSH,117,120,4,5,9,1,10,1,669854,Ronel Blanco,592866.0,Trevor Williams,640448.0,661527.0,3309,Nationals Park,day,R
746156,2024-04-20,2024,NYM,LAD,121,119,6,4,10,0,9,0,676130,José Buttó,694813.0,Gavin Stone,543859.0,642232.0,22,Dodger Stadium,day,R
745515,2024-04-20,2024,BOS,PIT,111,134,4,2,6,0,9,0,676710,Kutter Crawford,656605.0,Mitch Keller,676710.0,656605.0,31,PNC Park,day,R
745354,2024-04-20,2024,ARI,SF,109,137,3,7,10,1,9,0,668678,Zac Gallen,690986.0,Kyle Harrison,676254.0,668678.0,2395,Oracle Park,day,R
745590,2024-04-20,2024,CWS,PHI,145,143,5,9,14,1,9,0,647336,Michael Soroka,554430.0,Zack Wheeler,554430.0,647336.0,2681,Citizens Bank Park,night,R
746651,2024-04-20,2024,OAK,CLE,133,114,3,6,9,1,9,0,622072,Alex Wood,671106.0,Logan Allen,671106.0,622072.0,5,Progressive Field,night,R
746726,2024-04-20,2024,LAA,CIN,108,113,5,7,12,1,9,0,663776,Patrick Sandoval,668933.0,Graham Ashcraft,668933.0,663776.0,2602,Great American Ball Park,night,R
746324,2024-04-20,2024,BAL,KC,110,118,9,7,16,0,9,0,669203,Corbin Burnes,666142.0,Cole Ragans,669203.0,666142.0,7,Kauffman Stadium,night,R
747135,2024-04-20,2024,TEX,ATL,140,144,2,5,7,1,9,0,543135,Nathan Eovaldi,450203.0,Charlie Morton,450203.0,543135.0,4705,Truist Park,night,R
746570,2024-04-21,2024,SEA,COL,136,115,7,0,7,0,9,0,622491,Luis Castillo,641712.0,Dakota Hudson,622491.0,641712.0,19,Coors Field,night,R
745431,2024-04-21,2024,TOR,SD,141,135,5,2,7,0,9,0,621244,José Berríos,681190.0,Randy Vásquez,621244.0,681190.0,2680,Petco Park,night,R
744866,2024-04-21,2024,HOU,WSH,117,120,0,6,6,1,9,0,686613,Hunter Brown,680730.0,Mitchell Parker,680730.0,686613.0,3309,Nationals Park,day,R
745514,2024-04-21,2024,BOS,PIT,111,134,6,1,7,0,9,0,670174,Josh Winckowski,527048.0,Martín Pérez,686580.0,527048.0,31,PNC Park,day,R
745588,2024-04-21,2024,CWS,PHI,145,143,2,8,10,1,9,0,680897,Nick Nastrini,605400.0,Aaron Nola,605400.0,680897.0,2681,Citizens Bank Park,day,R
745759,2024-04-21,2024,TB,NYY,139,147,4,5,9,1,9,0,650644,Aaron Civale,661563.0,Luis Gil,661563.0,650644.0,3313,Yankee Stadium,day,R
746727,2024-04-21,2024,LAA,CIN,108,113,0,3,3,1,9,0,667755,José Soriano,593423.0,Frankie Montas,641941.0,667755.0,2602,Great American Ball Park,day,R
746652,2024-04-21,2024,OAK,CLE,133,114,2,6,8,1,9,0,548389,Ross Stripling,676440.0,Tanner Bibee,676440.0,548389.0,5,Progressive Field,day,R
746316,2024-04-21,2024,BAL,KC,110,118,5,0,5,0,9,0,608344,Cole Irvin,607625.0,Seth Lugo,608344.0,607625.0,7,Kauffman Stadium,day,R
745920,2024-04-21,2024,DET,MIN,116,142,6,1,7,0,9,0,663554,Casey Mize,686973.0,Louis Varland,663554.0,686973.0,3312,Target Field,day,R
745192,2024-04-21,2024,MIL,STL,158,138,2,0,2,0,9,0,607067,Colin Rea,543243.0,Sonny Gray,663542.0,543243.0,2889,Busch Stadium,day,R
746894,2024-04-21,2024,MIA,CHC,146,112,6,3,9,0,9,0,665795,Edward Cabrera,543294.0,Kyle Hendricks,665795.0,543294.0,17,Wrigley Field,day,R
746568,2024-04-21,2024,SEA,COL,136,115,1,2,3,1,10,1,669923,George Kirby,615698.0,Cal Quantrill,664875.0,662253.0,19,Coors Field,day,R
746572,2024-04-22,2024,SEA,COL,136,115,10,2,12,0,9,0,676106,Emerson Hancock,663567.0,Peter Lambert,676106.0,663567.0,19,Coors Field,night,R
745353,2024-04-21,2024,ARI,SF,109,137,5,3,8,0,9,0,677944,Slade Cecconi,663855.0,Jordan Hicks,677944.0,669062.0,2395,Oracle Park,day,R
746154,2024-04-21,2024,NYM,LAD,121,119,0,10,10,1,9,0,605288,Adrian Houser,607192.0,Tyler Glasnow,607192.0,605288.0,22,Dodger Stadium,day,R
745434,2024-04-21,2024,TOR,SD,141,135,3,6,9,1,9,0,605135,Chris Bassitt,605397.0,Joe Musgrove,605397.0,605135.0,2680,Petco Park,day,R
747133,2024-04-21,2024,TEX,ATL,140,144,6,4,10,0,9,0,547179,Michael Lorenzen,670241.0,Darius Vines,547179.0,670241.0,4705,Truist Park,night,R
745757,2024-04-22,2024,OAK,NYY,133,147,2,0,2,0,9,0,676664,JP Sears,607074.0,Carlos Rodón,668674.0,624647.0,3313,Yankee Stadium,day,R
746723,2024-04-22,2024,PHI,CIN,143,113,7,0,7,0,9,0,624133,Ranger Suárez,668881.0,Hunter Greene,624133.0,668881.0,2602,Great American Ball Park,night,R
745519,2024-04-22,2024,MIL,PIT,158,134,2,4,6,1,9,0,605452,Joe Ross,683003.0,Jared Jones,683003.0,605452.0,31,PNC Park,night,R
745107,2024-04-22,2024,DET,TB,116,139,7,1,8,0,9,0,669373,Tarik Skubal,641793.0,Zack Littell,669373.0,641793.0,12,Tropicana Field,night,R
747134,2024-04-22,2024,MIA,ATL,146,144,0,3,3,1,9,0,677960,Ryan Weathers,693821.0,Bryce Elder,693821.0,677960.0,4705,Truist Park,night,R
746319,2024-04-22,2024,TOR,KC,141,118,5,3,8,0,9,0,579328,Yusei Kikuchi,663903.0,Brady Singer,579328.0,663903.0,7,Kauffman Stadium,night,R
745916,2024-04-22,2024,CWS,MIN,145,142,0,7,7,1,9,0,686563,Jonathan Cannon,663978.0,Chris Paddack,663978.0,686563.0,3312,Target Field,night,R
745191,2024-04-22,2024,ARI,STL,109,138,3,5,8,1,9,0,694297,Brandon Pfaadt,458681.0,Lance Lynn,664854.0,657044.0,2889,Busch Stadium,night,R
746565,2024-04-23,2024,SD,COL,135,115,3,1,4,0,9,0,656302,Dylan Cease,596295.0,Austin Gomber,656302.0,683232.0,19,Coors Field,night,R
746242,2024-04-23,2024,BAL,LAA,110,108,4,2,6,0,9,0,544150,Albert Suárez,672282.0,Reid Detmers,544150.0,672282.0,1,Angel Stadium,night,R
745351,2024-04-23,2024,NYM,SF,121,137,2,5,7,1,9,0,500779,Jose Quintana,676775.0,Keaton Winn,676775.0,500779.0,2395,Oracle Park,night,R
746647,2024-04-23,2024,BOS,CLE,111,114,1,4,5,1,9,0,656557,Tanner Houck,594902.0,Ben Lively,605130.0,656557.0,5,Progressive Field,night,R
746722,2024-04-23,2024,PHI,CIN,143,113,1,8,9,1,9,0,650911,Cristopher Sánchez,671096.0,Andrew Abbott,518585.0,650911.0,2602,Great American Ball Park,night,R
745516,2024-04-23,2024,MIL,PIT,158,134,1,2,3,1,9,0,668964,Tobias Myers,663559.0,Bailey Falter,663559.0,668964.0,31,PNC Park,night,R
744863,2024-04-23,2024,LAD,WSH,119,120,4,1,5,0,9,0,572020,James Paxton,571578.0,Patrick Corbin,681911.0,640451.0,3309,Nationals Park,night,R
745102,2024-04-23,2024,DET,TB,116,139,4,2,6,0,9,0,628317,Kenta Maeda,686752.0,Ryan Pepiot,656412.0,621363.0,12,Tropicana Field,night,R
745754,2024-04-23,2024,OAK,NYY,133,147,3,4,7,1,9,0,621112,Paul Blackburn,573186.0,Marcus Stroman,573186.0,621112.0,3313,Yankee Stadium,night,R
747130,2024-04-23,2024,MIA,ATL,146,144,0,5,5,1,9,0,669432,Trevor Rogers,608331.0,Max Fried,608331.0,669432.0,4705,Truist Park,night,R
746888,2024-04-23,2024,HOU,CHC,117,112,2,7,9,1,9,0,641585,J.P. France,696136.0,Jordan Wicks,696136.0,641585.0,17,Wrigley Field,night,R
746321,2024-04-23,2024,TOR,KC,141,118,2,3,5,1,9,0,592332,Kevin Gausman,608379.0,Michael Wacha,608717.0,592332.0,7,Kauffman Stadium,night,R
745917,2024-04-23,2024,CWS,MIN,145,142,5,6,11,1,9,0,607200,Erick Fedde,641154.0,Pablo López,543351.0,621051.0,3312,Target Field,night,R
745193,2024-04-23,2024,ARI,STL,109,138,14,1,15,0,9,0,674072,Tommy Henry,571927.0,Steven Matz,674072.0,571927.0,2889,Busch Stadium,night,R
745026,2024-04-24,2024,SEA,TEX,136,140,4,0,4,0,9,0,669302,Logan Gilbert,641540.0,Dane Dunning,669302.0,641540.0,5325,Globe Life Field,night,R
746566,2024-04-24,2024,SD,COL,135,115,4,7,11,1,9,0,650633,Michael King,663372.0,Ryan Feltner,656222.0,650633.0,19,Coors Field,night,R
746246,2024-04-24,2024,BAL,LAA,110,108,4,7,11,1,9,0,680570,Grayson Rodriguez,656288.0,Griffin Canning,656288.0,680570.0,1,Angel Stadium,night,R
745348,2024-04-24,2024,NYM,SF,121,137,1,5,6,1,9,0,622663,Luis Severino,657277.0,Logan Webb,657277.0,622663.0,2395,Oracle Park,night,R
745188,2024-04-24,2024,ARI,STL,109,138,1,5,6,1,9,0,656756,Jordan Montgomery,502043.0,Kyle Gibson,502043.0,656756.0,2889,Busch Stadium,day,R
745346,2024-04-24,2024,NYM,SF,121,137,8,2,10,0,9,0,640455,Sean Manaea,676254.0,Ryan Walker,657585.0,663546.0,2395,Oracle Park,day,R
746244,2024-04-24,2024,BAL,LAA,110,108,6,5,11,0,9,0,665152,Dean Kremer,542881.0,Tyler Anderson,665152.0,542881.0,1,Angel Stadium,day,R
746649,2024-04-24,2024,BOS,CLE,111,114,8,0,8,0,9,0,681867,Cooper Criswell,471911.0,Carlos Carrasco,681867.0,471911.0,5,Progressive Field,night,R
746725,2024-04-24,2024,PHI,CIN,143,113,4,7,11,1,9,0,605513,Spencer Turnbull,666157.0,Nick Lodolo,458677.0,622554.0,2602,Great American Ball Park,night,R
745513,2024-04-24,2024,MIL,PIT,158,134,3,2,5,0,9,0,669060,Bryse Wilson,676596.0,Josh Fleming,663542.0,676596.0,31,PNC Park,night,R
744864,2024-04-24,2024,LAD,WSH,119,120,11,2,13,0,9,0,689017,Landon Knack,663623.0,Jake Irvin,689017.0,663623.0,3309,Nationals Park,night,R
745099,2024-04-24,2024,DET,TB,116,139,5,7,12,1,9,0,656427,Jack Flaherty,542888.0,Shawn Armstrong,606965.0,676684.0,12,Tropicana Field,night,R
745753,2024-04-24,2024,OAK,NYY,133,147,3,7,10,1,9,0,671212,Joe Boyle,657376.0,Clarke Schmidt,657376.0,671212.0,3313,Yankee Stadium,night,R
747132,2024-04-24,2024,MIA,ATL,146,144,3,4,7,1,10,1,664350,Sixto Sánchez,625643.0,Reynaldo López,621345.0,656945.0,4705,Truist Park,night,R
746889,2024-04-24,2024,HOU,CHC,117,112,3,4,7,1,9,0,681293,Spencer Arrighetti,592791.0,Jameson Taillon,592791.0,681293.0,17,Wrigley Field,night,R
746317,2024-04-24,2024,TOR,KC,141,118,2,3,5,1,9,0,684320,Yariel Rodríguez,679525.0,Alec Marsh,670167.0,684320.0,7,Kauffman Stadium,night,R
745919,2024-04-24,2024,CWS,MIN,145,142,3,6,9,1,9,0,676979,Garrett Crochet,657746.0,Joe Ryan,657746.0,676979.0,3312,Target Field,night,R
745028,2024-04-25,2024,SEA,TEX,136,140,1,5,6,1,9,0,682243,Bryce Miller,592351.0,Jon Gray,642546.0,682243.0,5325,Globe Life Field,night,R
746567,2024-04-25,2024,SD,COL,135,115,5,2,7,0,9,0,663362,Matt Waldron,621389.0,Ty Blach,663362.0,621389.0,19,Coors Field,night,R
745512,2024-04-25,2024,MIL,PIT,158,134,7,5,12,0,9,0,642547,Freddy Peralta,656605.0,Mitch Keller,657649.0,547973.0,31,PNC Park,day,R
746646,2024-04-25,2024,BOS,CLE,111,114,4,6,10,1,9,0,502624,Chase Anderson,663474.0,Triston McKenzie,683769.0,502624.0,5,Progressive Field,day,R
746724,2024-04-25,2024,PHI,CIN,143,113,5,0,5,0,9,0,554430,Zack Wheeler,607259.0,Nick Martinez,554430.0,607259.0,2602,Great American Ball Park,day,R
745918,2024-04-25,2024,CWS,MIN,145,142,3,6,9,1,9,0,647336,Michael Soroka,680573.0,Simeon Woods Richardson,663485.0,621383.0,3312,Target Field,day,R
746320,2024-04-25,2024,TOR,KC,141,118,1,2,3,1,5,0,621244,José Berríos,666142.0,Cole Ragans,666142.0,621244.0,7,Kauffman Stadium,day,R
746887,2024-04-25,2024,HOU,CHC,117,112,1,3,4,1,9,0,434378,Justin Verlander,665871.0,Javier Assad,669713.0,606160.0,17,Wrigley Field,day,R
745027,2024-04-25,2024,SEA,TEX,136,140,4,3,7,0,9,0,622491,Luis Castillo,571760.0,Andrew Heaney,622491.0,571760.0,5325,Globe Life Field,day,R
746564,2024-04-25,2024,SD,COL,135,115,9,10,19,1,9,0,681190,Randy Vásquez,641712.0,Dakota Hudson,641755.0,593974.0,19,Coors Field,day,R
744867,2024-04-25,2024,LAD,WSH,119,120,2,1,3,0,9,0,808967,Yoshinobu Yamamoto,669022.0,MacKenzie Gore,808967.0,669022.0,3309,Nationals Park,day,R
745755,2024-04-25,2024,OAK,NYY,133,147,3,1,4,0,9,0,622072,Alex Wood,641482.0,Nestor Cortes,622072.0,641482.0,3313,Yankee Stadium,night,R
746482,2024-04-26,2024,KC,DET,118,116,8,0,8,0,9,0,607625,Seth Lugo,681857.0,Reese Olson,607625.0,681857.0,2394,Comerica Park,day,R
747050,2024-04-26,2024,OAK,BAL,133,110,3,2,5,0,10,1,548389,Ross Stripling,669203.0,Corbin Burnes,687765.0,657097.0,2,Oriole Park at Camden Yards,night,R
744949,2024-04-26,2024,LAD,TOR,119,141,12,2,14,0,9,0,694813,Gavin Stone,605135.0,Chris Bassitt,694813.0,605135.0,14,Rogers Centre,night,R
746972,2024-04-26,2024,CHC,BOS,112,111,7,1,8,0,9,0,684007,Shota Imanaga,676710.0,Kutter Crawford,684007.0,676710.0,3,Fenway Park,night,R
745835,2024-04-26,2024,STL,NYM,138,121,4,2,6,0,9,0,571945,Miles Mikolas,676130.0,José Buttó,571945.0,676130.0,3289,Citi Field,night,R
746078,2024-04-26,2024,WSH,MIA,120,146,3,1,4,0,9,0,592866,Trevor Williams,687424.0,Anthony Maldonado,571882.0,676534.0,4169,loanDepot park,night,R
747129,2024-04-26,2024,CLE,ATL,114,144,2,6,8,1,9,0,671106,Logan Allen,519242.0,Chris Sale,519242.0,671106.0,4705,Truist Park,night,R
746808,2024-04-26,2024,TB,CWS,139,145,4,9,13,1,9,0,621107,Zach Eflin,623167.0,Chris Flexen,623167.0,621107.0,4,Guaranteed Rate Field,night,R
745025,2024-04-27,2024,CIN,TEX,113,140,1,2,3,1,9,0,668933,Graham Ashcraft,543135.0,Nathan Eovaldi,600917.0,608371.0,5325,Globe Life Field,night,R
746000,2024-04-27,2024,NYY,MIL,147,158,6,7,13,1,11,1,661563,Luis Gil,607067.0,Colin Rea,657649.0,543859.0,32,American Family Field,night,R
746243,2024-04-27,2024,MIN,LAA,142,108,5,3,8,0,9,0,641927,Bailey Ober,663776.0,Patrick Sandoval,641927.0,663776.0,1,Angel Stadium,night,R
745269,2024-04-27,2024,ARI,SEA,109,136,1,6,7,1,9,0,668678,Zac Gallen,676106.0,Emerson Hancock,676106.0,668678.0,680,T-Mobile Park,night,R
745424,2024-04-27,2024,PHI,SD,143,135,9,3,12,0,9,0,605400,Aaron Nola,605397.0,Joe Musgrove,605400.0,605397.0,2680,Petco Park,night,R
745347,2024-04-27,2024,PIT,SF,134,137,0,3,3,1,9,0,682990,Quinn Priester,690986.0,Kyle Harrison,666808.0,670280.0,2395,Oracle Park,night,R
744946,2024-04-27,2024,LAD,TOR,119,141,4,2,6,0,9,0,607192,Tyler Glasnow,579328.0,Yusei Kikuchi,607192.0,579328.0,14,Rogers Centre,day,R
747052,2024-04-27,2024,OAK,BAL,133,110,0,7,7,1,9,0,676664,JP Sears,608344.0,Cole Irvin,608344.0,676664.0,2,Oriole Park at Camden Yards,day,R
745833,2024-04-27,2024,STL,NYM,138,121,7,4,11,0,9,0,543243,Sonny Gray,605288.0,Adrian Houser,543243.0,605288.0,3289,Citi Field,day,R
745020,2024-04-27,2024,CIN,TEX,113,140,8,4,12,0,9,0,668881,Hunter Greene,547179.0,Michael Lorenzen,668881.0,547179.0,5325,Globe Life Field,day,R
746971,2024-04-27,2024,CHC,BOS,112,111,0,17,17,1,9,0,676962,Ben Brown,670174.0,Josh Winckowski,686580.0,676962.0,3,Fenway Park,day,R
746075,2024-04-27,2024,WSH,MIA,120,146,11,4,15,0,9,0,680730,Mitchell Parker,665795.0,Edward Cabrera,606930.0,665795.0,4169,loanDepot park,day,R
746560,2024-04-27,2024,HOU,COL,117,115,12,4,16,0,9,0,669854,Ronel Blanco,615698.0,Cal Quantrill,669854.0,615698.0,5340,Estadio Alfredo Harp Helu,day,R
746484,2024-04-27,2024,KC,DET,118,116,5,6,11,1,9,0,663903,Brady Singer,663554.0,Casey Mize,656412.0,608717.0,2394,Comerica Park,night,R
746803,2024-04-27,2024,TB,CWS,139,145,7,8,15,1,10,1,650644,Aaron Civale,686563.0,Jonathan Cannon,665620.0,664208.0,4,Guaranteed Rate Field,night,R
745998,2024-04-27,2024,NYY,MIL,147,158,15,3,18,0,9,0,607074,Carlos Rodón,605452.0,Joe Ross,607074.0,605452.0,32,American Family Field,night,R
747131,2024-04-27,2024,CLE,ATL,114,144,4,2,6,0,11,1,676440,Tanner Bibee,450203.0,Charlie Morton,605130.0,669276.0,4705,Truist Park,night,R
745425,2024-04-28,2024,PHI,SD,143,135,5,1,6,0,9,0,624133,Ranger Suárez,656302.0,Dylan Cease,624133.0,656302.0,2680,Petco Park,night,R
745350,2024-04-28,2024,PIT,SF,134,137,4,3,7,0,10,1,527048,Martín Pérez,663855.0,Jordan Hicks,676702.0,573124.0,2395,Oracle Park,night,R
746245,2024-04-28,2024,MIN,LAA,142,108,16,5,21,0,9,0,663978,Chris Paddack,667755.0,José Soriano,663978.0,667755.0,1,Angel Stadium,night,R
745266,2024-04-28,2024,ARI,SEA,109,136,1,3,4,1,9,0,677944,Slade Cecconi,669923.0,George Kirby,669923.0,677944.0,680,T-Mobile Park,night,R
747045,2024-04-28,2024,OAK,BAL,133,110,7,6,13,0,9,0,621112,Paul Blackburn,544150.0,Albert Suárez,519008.0,518886.0,2,Oriole Park at Camden Yards,day,R
747125,2024-04-28,2024,CLE,ATL,114,144,3,4,7,1,10,1,594902,Ben Lively,693821.0,Bryce Elder,621345.0,661403.0,4705,Truist Park,day,R
744947,2024-04-28,2024,LAD,TOR,119,141,1,3,4,1,9,0,675627,Michael Grove,592332.0,Kevin Gausman,592332.0,675627.0,14,Rogers Centre,day,R
746483,2024-04-28,2024,KC,DET,118,116,1,4,5,1,9,0,608379,Michael Wacha,669373.0,Tarik Skubal,669373.0,608379.0,2394,Comerica Park,day,R
745834,2024-04-28,2024,STL,NYM,138,121,2,4,6,1,11,1,458681,Lance Lynn,500779.0,Jose Quintana,657585.0,669461.0,3289,Citi Field,day,R
746077,2024-04-28,2024,WSH,MIA,120,146,12,9,21,0,9,0,571578,Patrick Corbin,677960.0,Ryan Weathers,571882.0,669622.0,4169,loanDepot park,day,R
746805,2024-04-28,2024,TB,CWS,139,145,2,4,6,1,9,0,641793,Zack Littell,607200.0,Erick Fedde,607200.0,641793.0,4,Guaranteed Rate Field,day,R
746001,2024-04-28,2024,NYY,MIL,147,158,15,5,20,0,9,0,573186,Marcus Stroman,668964.0,Tobias Myers,676760.0,682842.0,32,American Family Field,day,R
745022,2024-04-28,2024,CIN,TEX,113,140,3,4,7,1,9,0,671096,Andrew Abbott,641540.0,Dane Dunning,641540.0,671096.0,5325,Globe Life Field,day,R
746561,2024-04-28,2024,HOU,COL,117,115,8,2,10,0,9,0,664285,Framber Valdez,596295.0,Austin Gomber,664285.0,596295.0,5340,Estadio Alfredo Harp Helu,day,R
745349,2024-04-28,2024,PIT,SF,134,137,2,3,5,1,9,0,683003,Jared Jones,676775.0,Keaton Winn,676775.0,683003.0,2395,Oracle Park,day,R
746237,2024-04-28,2024,MIN,LAA,142,108,11,5,16,0,9,0,641154,Pablo López,672282.0,Reid Detmers,641154.0,672282.0,1,Angel Stadium,day,R
745265,2024-04-28,2024,ARI,SEA,109,136,3,2,5,0,9,0,694297,Brandon Pfaadt,669302.0,Logan Gilbert,573009.0,663423.0,680,T-Mobile Park,day,R
745428,2024-04-28,2024,PHI,SD,143,135,8,6,14,0,9,0,592836,Taijuan Walker,650633.0,Michael King,592836.0,650633.0,2680,Petco Park,day,R
746967,2024-04-28,2024,CHC,BOS,112,111,4,5,9,1,9,0,669713,Hayden Wesneski,656557.0,Tanner Houck,445276.0,643410.0,3,Fenway Park,night,R
747046,2024-04-29,2024,NYY,BAL,147,110,0,2,2,1,9,0,657376,Clarke Schmidt,680570.0,Grayson Rodriguez,680570.0,657376.0,2,Oriole Park at Camden Yards,night,R
746074,2024-04-29,2024,WSH,MIA,120,146,7,2,9,0,9,0,663623,Jake Irvin,669432.0,Trevor Rogers,663623.0,669432.0,4169,loanDepot park,night,R
744945,2024-04-29,2024,KC,TOR,118,141,5,6,11,1,9,0,680742,Jonathan Bowlan,684320.0,Yariel Rodríguez,650893.0,680742.0,14,Rogers Centre,night,R
745832,2024-04-29,2024,CHC,NYM,112,121,3,1,4,0,9,0,592791,Jameson Taillon,622663.0,Luis Severino,643410.0,621242.0,3289,Citi Field,night,R
746804,2024-04-29,2024,MIN,CWS,142,145,3,2,5,0,9,0,657746,Joe Ryan,676979.0,Garrett Crochet,643377.0,605154.0,4,Guaranteed Rate Field,night,R
745999,2024-04-29,2024,TB,MIL,139,158,1,0,1,0,9,0,686752,Ryan Pepiot,669060.0,Bryse Wilson,686752.0,669060.0,32,American Family Field,night,R
746236,2024-04-30,2024,PHI,LAA,143,108,5,6,11,1,9,0,650911,Cristopher Sánchez,656288.0,Griffin Canning,643256.0,622554.0,1,Angel Stadium,night,R
747211,2024-04-30,2024,LAD,ARI,119,109,8,4,12,0,9,0,572020,James Paxton,674072.0,Tommy Henry,572020.0,674072.0,15,Chase Field,night,R
745672,2024-04-30,2024,PIT,OAK,134,133,1,5,6,1,9,0,663559,Bailey Falter,671212.0,Joe Boyle,671212.0,663559.0,10,Oakland Coliseum,night,R
745427,2024-04-30,2024,CIN,SD,113,135,5,2,7,0,9,0,666157,Nick Lodolo,663362.0,Matt Waldron,666157.0,663362.0,2680,Petco Park,night,R
745263,2024-04-30,2024,ATL,SEA,144,136,1,2,3,1,9,0,608331,Max Fried,682243.0,Bryce Miller,608723.0,621345.0,680,T-Mobile Park,night,R
746481,2024-04-29,2024,STL,DET,138,116,0,0,0,0,9,0,571927,Steven Matz,628317.0,Kenta Maeda,,,2394,Comerica Park,night,R
746477,2024-04-30,2024,STL,DET,138,116,2,1,3,0,9,0,502043,Kyle Gibson,656427.0,Jack Flaherty,669461.0,571946.0,2394,Comerica Park,day,R
746481,2024-04-30,2024,STL,DET,138,116,6,11,17,1,9,0,571927,Steven Matz,666159.0,Matt Manning,663947.0,681517.0,2394,Comerica Park,day,R
747047,2024-04-30,2024,NYY,BAL,147,110,2,4,6,1,9,0,641482,Nestor Cortes,665152.0,Dean Kremer,665152.0,641482.0,2,Oriole Park at Camden Yards,night,R
746073,2024-04-30,2024,COL,MIA,115,146,6,7,13,1,10,1,663372,Ryan Feltner,664350.0,Sixto Sánchez,656945.0,656222.0,4169,loanDepot park,night,R
744942,2024-04-30,2024,KC,TOR,118,141,4,1,5,0,9,0,666142,Cole Ragans,621244.0,José Berríos,666142.0,621244.0,14,Rogers Centre,night,R
745831,2024-04-30,2024,CHC,NYM,112,121,2,4,6,1,9,0,665871,Javier Assad,640455.0,Sean Manaea,656887.0,640470.0,3289,Citi Field,night,R
746968,2024-04-30,2024,SF,BOS,137,111,0,4,4,1,9,0,657277,Logan Webb,681867.0,Cooper Criswell,681867.0,657277.0,3,Fenway Park,night,R
746806,2024-04-30,2024,MIN,CWS,142,145,6,5,11,0,9,0,680573,Simeon Woods Richardson,647336.0,Michael Soroka,573204.0,656629.0,4,Guaranteed Rate Field,night,R
745997,2024-04-30,2024,TB,MIL,139,158,2,8,10,1,9,0,641302,Tyler Alexander,642547.0,Freddy Peralta,642547.0,641302.0,32,American Family Field,night,R
745018,2024-05-01,2024,WSH,TEX,120,140,1,7,8,1,9,0,669022,MacKenzie Gore,592351.0,Jon Gray,592351.0,669022.0,5325,Globe Life Field,night,R
746398,2024-05-01,2024,CLE,HOU,114,117,9,10,19,1,10,1,471911,Carlos Carrasco,686613.0,Hunter Brown,623352.0,683769.0,2392,Minute Maid Park,night,R
746239,2024-05-01,2024,PHI,LAA,143,108,7,5,12,0,9,0,605513,Spencer Turnbull,542881.0,Tyler Anderson,621237.0,608032.0,1,Angel Stadium,night,R
747210,2024-05-01,2024,LAD,ARI,119,109,3,4,7,1,10,1,689017,Landon Knack,676714.0,Brandon Hughes,543518.0,622503.0,15,Chase Field,night,R
745673,2024-05-01,2024,PIT,OAK,134,133,2,5,7,1,9,0,656605,Mitch Keller,622072.0,Alex Wood,687765.0,656605.0,10,Oakland Coliseum,night,R
745426,2024-05-01,2024,CIN,SD,113,135,4,6,10,1,9,0,607259,Nick Martinez,506433.0,Yu Darvish,506433.0,607259.0,2680,Petco Park,night,R
745260,2024-05-01,2024,ATL,SEA,144,136,2,3,5,1,9,0,625643,Reynaldo López,622491.0,Luis Castillo,622491.0,625643.0,680,T-Mobile Park,night,R
746478,2024-05-01,2024,STL,DET,138,116,1,4,5,1,9,0,571945,Miles Mikolas,628317.0,Kenta Maeda,628317.0,571945.0,2394,Comerica Park,day,R
745996,2024-05-01,2024,TB,MIL,139,158,1,7,8,1,9,0,621107,Zach Eflin,607067.0,Colin Rea,607067.0,621107.0,32,American Family Field,day,R
746800,2024-05-01,2024,MIN,CWS,142,145,10,5,15,0,9,0,641927,Bailey Ober,623167.0,Chris Flexen,641927.0,608678.0,4,Guaranteed Rate Field,day,R
744939,2024-05-01,2024,KC,TOR,118,141,6,1,7,0,9,0,607625,Seth Lugo,605135.0,Chris Bassitt,607625.0,605135.0,14,Rogers Centre,day,R
745670,2024-05-01,2024,PIT,OAK,134,133,0,4,4,1,9,0,682990,Quinn Priester,548389.0,Ross Stripling,548389.0,682990.0,10,Oakland Coliseum,day,R
745261,2024-05-01,2024,ATL,SEA,144,136,5,2,7,0,9,0,519242,Chris Sale,676106.0,Emerson Hancock,519242.0,676106.0,680,T-Mobile Park,day,R
746238,2024-05-01,2024,PHI,LAA,143,108,2,1,3,0,9,0,554430,Zack Wheeler,663776.0,Patrick Sandoval,554430.0,663776.0,1,Angel Stadium,day,R
745423,2024-05-01,2024,CIN,SD,113,135,2,6,8,1,9,0,668933,Graham Ashcraft,605397.0,Joe Musgrove,660853.0,518585.0,2680,Petco Park,day,R
747048,2024-05-01,2024,NYY,BAL,147,110,2,0,2,0,9,0,661563,Luis Gil,669203.0,Corbin Burnes,661563.0,669203.0,2,Oriole Park at Camden Yards,night,R
746072,2024-05-01,2024,COL,MIA,115,146,1,4,5,1,9,0,641712,Dakota Hudson,682610.0,Roddery Muñoz,682610.0,641712.0,4169,loanDepot park,night,R
745829,2024-05-01,2024,CHC,NYM,112,121,1,0,1,0,9,0,684007,Shota Imanaga,676130.0,José Buttó,684007.0,676130.0,3289,Citi Field,night,R
746966,2024-05-01,2024,SF,BOS,137,111,2,6,8,1,9,0,669062,Erik Miller,676710.0,Kutter Crawford,676710.0,641726.0,3,Fenway Park,night,R
745023,2024-05-02,2024,WSH,TEX,120,140,1,0,1,0,9,0,592866,Trevor Williams,571760.0,Andrew Heaney,592866.0,571760.0,5325,Globe Life Field,night,R
746399,2024-05-02,2024,CLE,HOU,114,117,3,2,5,0,10,1,663474,Triston McKenzie,434378.0,Justin Verlander,671922.0,681869.0,2392,Minute Maid Park,night,R
747207,2024-05-02,2024,LAD,ARI,119,109,8,0,8,0,9,0,808967,Yoshinobu Yamamoto,656756.0,Jordan Montgomery,808967.0,656756.0,15,Chase Field,night,R
746070,2024-05-02,2024,COL,MIA,115,146,4,5,9,1,10,1,663567,Peter Lambert,665795.0,Edward Cabrera,572143.0,664875.0,4169,loanDepot park,day,R
747044,2024-05-02,2024,NYY,BAL,147,110,2,7,9,1,9,0,607074,Carlos Rodón,680694.0,Kyle Bradish,669211.0,607074.0,2,Oriole Park at Camden Yards,day,R
745830,2024-05-02,2024,CHC,NYM,112,121,6,7,13,1,11,1,676962,Ben Brown,605288.0,Adrian Houser,664849.0,694037.0,3289,Citi Field,day,R
746969,2024-05-02,2024,SF,BOS,137,111,3,1,4,0,9,0,690986,Kyle Harrison,670174.0,Josh Winckowski,676254.0,677161.0,3,Fenway Park,day,R
745021,2024-05-02,2024,WSH,TEX,120,140,0,6,6,1,9,0,680730,Mitchell Parker,543135.0,Nathan Eovaldi,543135.0,680730.0,5325,Globe Life Field,day,R
746403,2024-05-03,2024,CLE,HOU,114,117,2,8,10,1,9,0,671106,Logan Allen,681293.0,Spencer Arrighetti,605463.0,671106.0,2392,Minute Maid Park,night,R
746890,2024-05-03,2024,MIL,CHC,158,112,3,1,4,0,9,0,605452,Joe Ross,669713.0,Hayden Wesneski,665625.0,640470.0,17,Wrigley Field,day,R
746721,2024-05-03,2024,BAL,CIN,110,113,3,0,3,0,9,0,608344,Cole Irvin,668881.0,Hunter Greene,608344.0,641941.0,2602,Great American Ball Park,night,R
745510,2024-05-03,2024,COL,PIT,115,134,3,2,5,0,9,0,615698,Cal Quantrill,527048.0,Martín Pérez,615698.0,527048.0,31,PNC Park,night,R
745589,2024-05-03,2024,SF,PHI,137,143,3,4,7,1,9,0,663855,Jordan Hicks,605400.0,Aaron Nola,621381.0,663855.0,2681,Citizens Bank Park,night,R
744868,2024-05-03,2024,TOR,WSH,141,120,3,9,12,1,9,0,579328,Yusei Kikuchi,571578.0,Patrick Corbin,606930.0,657024.0,3309,Nationals Park,night,R
745101,2024-05-03,2024,NYM,TB,121,139,8,10,18,1,9,0,500779,Jose Quintana,650644.0,Aaron Civale,542888.0,500779.0,12,Tropicana Field,night,R
745756,2024-05-03,2024,DET,NYY,116,147,1,2,3,1,9,0,681857,Reese Olson,573186.0,Marcus Stroman,642701.0,671345.0,3313,Yankee Stadium,night,R
746645,2024-05-03,2024,LAA,CLE,108,114,6,0,6,0,9,0,667755,José Soriano,676440.0,Tanner Bibee,667755.0,676440.0,5,Progressive Field,night,R
746318,2024-05-03,2024,TEX,KC,140,118,1,7,8,1,9,0,547179,Michael Lorenzen,663903.0,Brady Singer,670167.0,668390.0,7,Kauffman Stadium,night,R
746402,2024-05-04,2024,SEA,HOU,136,117,3,5,8,1,9,0,669923,George Kirby,669854.0,Ronel Blanco,661527.0,642100.0,2392,Minute Maid Park,night,R
745914,2024-05-04,2024,BOS,MIN,111,142,2,5,7,1,9,0,656557,Tanner Houck,663978.0,Chris Paddack,663978.0,656557.0,3312,Target Field,night,R
745187,2024-05-04,2024,CWS,STL,145,138,0,3,3,1,9,0,641745,Brad Keller,543243.0,Sonny Gray,543243.0,641745.0,2889,Busch Stadium,night,R
747208,2024-05-04,2024,SD,ARI,135,109,7,1,8,0,9,0,656302,Dylan Cease,677944.0,Slade Cecconi,656302.0,677944.0,15,Chase Field,night,R
745665,2024-05-04,2024,MIA,OAK,146,133,1,3,4,1,9,0,677960,Ryan Weathers,676664.0,JP Sears,676664.0,677960.0,10,Oakland Coliseum,night,R
746152,2024-05-04,2024,ATL,LAD,144,119,3,4,7,1,11,1,450203,Charlie Morton,694813.0,Gavin Stone,675627.0,445926.0,22,Dodger Stadium,night,R
745750,2024-05-04,2024,DET,NYY,116,147,3,5,8,1,9,0,663554,Casey Mize,657376.0,Clarke Schmidt,657376.0,663554.0,3313,Yankee Stadium,day,R
745911,2024-05-04,2024,BOS,MIN,111,142,1,3,4,1,9,0,657514,Brennan Bernardino,641154.0,Pablo López,641154.0,592155.0,3312,Target Field,day,R
745183,2024-05-04,2024,CWS,STL,145,138,6,5,11,0,10,1,607200,Erick Fedde,458681.0,Lance Lynn,656629.0,681676.0,2889,Busch Stadium,day,R
746884,2024-05-04,2024,MIL,CHC,158,112,5,6,11,1,9,0,668964,Tobias Myers,592791.0,Jameson Taillon,592791.0,668964.0,17,Wrigley Field,day,R
745511,2024-05-04,2024,COL,PIT,115,134,0,1,1,1,9,0,596295,Austin Gomber,683003.0,Jared Jones,670280.0,683232.0,31,PNC Park,day,R
744862,2024-05-04,2024,TOR,WSH,141,120,6,3,9,0,9,0,592332,Kevin Gausman,663623.0,Jake Irvin,592332.0,663623.0,3309,Nationals Park,day,R
745666,2024-05-04,2024,MIA,OAK,146,133,4,20,24,1,9,0,669432,Trevor Rogers,621112.0,Paul Blackburn,621112.0,669432.0,10,Oakland Coliseum,day,R
745583,2024-05-04,2024,SF,PHI,137,143,3,14,17,1,9,0,676775,Keaton Winn,624133.0,Ranger Suárez,624133.0,676775.0,2681,Citizens Bank Park,night,R
746644,2024-05-04,2024,LAA,CLE,108,114,1,7,8,1,9,0,672282,Reid Detmers,594902.0,Ben Lively,594902.0,672282.0,5,Progressive Field,night,R
746720,2024-05-04,2024,BAL,CIN,110,113,2,1,3,0,9,0,607644,John Means,671096.0,Andrew Abbott,607644.0,671096.0,2602,Great American Ball Park,night,R
746311,2024-05-04,2024,TEX,KC,140,118,15,4,19,0,9,0,641540,Dane Dunning,608379.0,Michael Wacha,622250.0,608379.0,7,Kauffman Stadium,night,R
746394,2024-05-04,2024,SEA,HOU,136,117,5,0,5,0,9,0,669302,Logan Gilbert,664285.0,Framber Valdez,669302.0,664285.0,2392,Minute Maid Park,night,R
745100,2024-05-04,2024,NYM,TB,121,139,1,3,4,1,9,0,681035,Christian Scott,641793.0,Zack Littell,592094.0,493603.0,12,Tropicana Field,night,R
747209,2024-05-05,2024,SD,ARI,135,109,13,1,14,0,9,0,650633,Michael King,694297.0,Brandon Pfaadt,650633.0,694297.0,15,Chase Field,night,R
746155,2024-05-05,2024,ATL,LAD,144,119,2,11,13,1,9,0,693821,Bryce Elder,607192.0,Tyler Glasnow,607192.0,693821.0,22,Dodger Stadium,night,R
745504,2024-05-05,2024,COL,PIT,115,134,3,5,8,1,9,0,663372,Ryan Feltner,663559.0,Bailey Falter,682847.0,663372.0,31,PNC Park,day,R
744861,2024-05-05,2024,TOR,WSH,141,120,8,11,19,1,9,0,666201,Alek Manoah,669022.0,MacKenzie Gore,640451.0,650893.0,3309,Nationals Park,day,R
745751,2024-05-05,2024,DET,NYY,116,147,2,5,7,1,8,0,669373,Tarik Skubal,641482.0,Nestor Cortes,624647.0,571946.0,3313,Yankee Stadium,day,R
746643,2024-05-05,2024,LAA,CLE,108,114,1,4,5,1,9,0,656288,Griffin Canning,471911.0,Carlos Carrasco,471911.0,656288.0,5,Progressive Field,day,R
745103,2024-05-05,2024,NYM,TB,121,139,6,7,13,1,10,1,622663,Luis Severino,686752.0,Ryan Pepiot,541640.0,518617.0,12,Tropicana Field,day,R
746395,2024-05-05,2024,SEA,HOU,136,117,5,4,9,0,9,0,682243,Bryce Miller,686613.0,Hunter Brown,662253.0,623352.0,2392,Minute Maid Park,day,R
746314,2024-05-05,2024,TEX,KC,140,118,3,2,5,0,10,1,592351,Jon Gray,663738.0,Daniel Lynch IV,489446.0,663704.0,7,Kauffman Stadium,day,R
745913,2024-05-05,2024,BOS,MIN,111,142,9,2,11,0,9,0,681867,Cooper Criswell,657746.0,Joe Ryan,657514.0,657746.0,3312,Target Field,day,R
745185,2024-05-05,2024,CWS,STL,145,138,5,1,6,0,9,0,676979,Garrett Crochet,669461.0,Matthew Liberatore,676979.0,606149.0,2889,Busch Stadium,day,R
746883,2024-05-05,2024,MIL,CHC,158,112,0,5,5,1,9,0,642547,Freddy Peralta,665871.0,Javier Assad,665871.0,642547.0,17,Wrigley Field,day,R
745667,2024-05-05,2024,MIA,OAK,146,133,12,3,15,0,9,0,664350,Sixto Sánchez,671212.0,Joe Boyle,572143.0,671212.0,10,Oakland Coliseum,day,R
746719,2024-05-05,2024,BAL,CIN,110,113,11,1,12,0,9,0,665152,Dean Kremer,666157.0,Nick Lodolo,665152.0,666157.0,2602,Great American Ball Park,day,R
747206,2024-05-05,2024,SD,ARI,135,109,4,11,15,1,9,0,663362,Matt Waldron,669194.0,Ryne Nelson,669194.0,663362.0,15,Chase Field,day,R
746153,2024-05-05,2024,ATL,LAD,144,119,1,5,6,1,9,0,608331,Max Fried,572020.0,James Paxton,572020.0,608331.0,22,Dodger Stadium,day,R
745587,2024-05-05,2024,SF,PHI,137,143,4,5,9,1,9,0,657277,Logan Webb,592836.0,Taijuan Walker,592836.0,657277.0,2681,Citizens Bank Park,night,R
745585,2024-05-06,2024,SF,PHI,137,143,1,6,7,1,9,0,696131,Mason Black,554430.0,Zack Wheeler,554430.0,696131.0,2681,Citizens Bank Park,day,R
746639,2024-05-06,2024,DET,CLE,116,114,1,2,3,1,9,0,656427,Jack Flaherty,663474.0,Triston McKenzie,680704.0,656427.0,5,Progressive Field,night,R
745509,2024-05-06,2024,LAA,PIT,108,134,1,4,5,1,9,0,542881,Tyler Anderson,656605.0,Mitch Keller,656605.0,542881.0,31,PNC Park,night,R
745098,2024-05-06,2024,CWS,TB,145,139,2,8,10,1,9,0,605182,Mike Clevinger,641302.0,Tyler Alexander,541640.0,605182.0,12,Tropicana Field,night,R
746313,2024-05-06,2024,MIL,KC,158,118,2,3,5,1,9,0,669060,Bryse Wilson,666142.0,Cole Ragans,623433.0,657649.0,7,Kauffman Stadium,night,R
746886,2024-05-06,2024,SD,CHC,135,112,6,3,9,0,9,0,506433,Yu Darvish,657006.0,Justin Steele,506433.0,663992.0,17,Wrigley Field,night,R
745912,2024-05-06,2024,SEA,MIN,136,142,1,3,4,1,9,0,622491,Luis Castillo,680573.0,Simeon Woods Richardson,643377.0,622491.0,3312,Target Field,night,R
745182,2024-05-06,2024,NYM,STL,121,138,4,3,7,0,9,0,640455,Sean Manaea,502043.0,Kyle Gibson,640455.0,552640.0,2889,Busch Stadium,night,R
745669,2024-05-07,2024,TEX,OAK,140,133,4,2,6,0,9,0,571760,Andrew Heaney,622072.0,Alex Wood,600917.0,668674.0,10,Oakland Coliseum,night,R
746149,2024-05-07,2024,MIA,LAD,146,119,3,6,9,1,9,0,682610,Roddery Muñoz,621111.0,Walker Buehler,642232.0,682610.0,22,Dodger Stadium,night,R
745668,2024-05-07,2024,TEX,OAK,140,133,15,8,23,0,9,0,570632,José Ureña,548389.0,Ross Stripling,570632.0,548389.0,10,Oakland Coliseum,day,R
746638,2024-05-07,2024,DET,CLE,116,114,11,7,18,0,9,0,628317,Kenta Maeda,671106.0,Logan Allen,663947.0,658648.0,5,Progressive Field,night,R
746718,2024-05-07,2024,ARI,CIN,109,113,6,2,8,0,9,0,668678,Zac Gallen,593423.0,Frankie Montas,668678.0,593423.0,2602,Great American Ball Park,night,R
745508,2024-05-07,2024,LAA,PIT,108,134,9,0,9,0,9,0,663776,Patrick Sandoval,682990.0,Quinn Priester,663776.0,682990.0,31,PNC Park,night,R
745586,2024-05-07,2024,TOR,PHI,141,143,1,10,11,1,9,0,621244,José Berríos,650911.0,Cristopher Sánchez,650911.0,621244.0,2681,Citizens Bank Park,night,R
744859,2024-05-07,2024,BAL,WSH,110,120,0,3,3,1,9,0,669203,Corbin Burnes,592866.0,Trevor Williams,592866.0,669203.0,3309,Nationals Park,night,R
745095,2024-05-07,2024,CWS,TB,145,139,1,5,6,1,9,0,647336,Michael Soroka,621107.0,Zach Eflin,621107.0,647336.0,12,Tropicana Field,night,R
745752,2024-05-07,2024,HOU,NYY,117,147,3,10,13,1,9,0,434378,Justin Verlander,661563.0,Luis Gil,661563.0,434378.0,3313,Yankee Stadium,night,R
747126,2024-05-07,2024,BOS,ATL,111,144,2,4,6,1,9,0,676710,Kutter Crawford,625643.0,Reynaldo López,641729.0,686580.0,4705,Truist Park,night,R
746885,2024-05-07,2024,SD,CHC,135,112,2,3,5,1,9,0,681190,Randy Vásquez,684007.0,Shota Imanaga,593576.0,660853.0,17,Wrigley Field,night,R
745915,2024-05-07,2024,SEA,MIN,136,142,10,6,16,0,9,0,676106,Emerson Hancock,641927.0,Bailey Ober,592773.0,660896.0,3312,Target Field,night,R
746315,2024-05-07,2024,MIL,KC,158,118,6,5,11,0,9,0,607067,Colin Rea,607625.0,Seth Lugo,657649.0,663704.0,7,Kauffman Stadium,night,R
745186,2024-05-07,2024,NYM,STL,121,138,7,5,12,0,9,0,676130,José Buttó,571945.0,Miles Mikolas,676130.0,571945.0,2889,Busch Stadium,night,R
746559,2024-05-08,2024,SF,COL,137,115,5,0,5,0,9,0,690986,Kyle Harrison,641712.0,Dakota Hudson,690986.0,641712.0,19,Coors Field,night,R
746147,2024-05-08,2024,MIA,LAD,146,119,2,8,10,1,9,0,665795,Edward Cabrera,808967.0,Yoshinobu Yamamoto,808967.0,665795.0,22,Dodger Stadium,night,R
745507,2024-05-08,2024,LAA,PIT,108,134,5,4,9,0,9,0,667755,José Soriano,527048.0,Martín Pérez,643256.0,682847.0,31,PNC Park,day,R
745584,2024-05-08,2024,TOR,PHI,141,143,5,3,8,0,9,0,605135,Chris Bassitt,605400.0,Aaron Nola,605135.0,605400.0,2681,Citizens Bank Park,day,R
746640,2024-05-08,2024,DET,CLE,116,114,4,5,9,1,10,1,681857,Reese Olson,676440.0,Tanner Bibee,661403.0,656638.0,5,Progressive Field,day,R
746312,2024-05-08,2024,MIL,KC,158,118,4,6,10,1,9,0,605452,Joe Ross,663903.0,Brady Singer,663903.0,605452.0,7,Kauffman Stadium,day,R
746879,2024-05-08,2024,SD,CHC,135,112,3,0,3,0,9,0,656302,Dylan Cease,669713.0,Hayden Wesneski,656302.0,669713.0,17,Wrigley Field,day,R
746151,2024-05-08,2024,MIA,LAD,146,119,1,3,4,1,9,0,677960,Ryan Weathers,694813.0,Gavin Stone,694813.0,677960.0,22,Dodger Stadium,day,R
745664,2024-05-08,2024,TEX,OAK,140,133,4,9,13,1,9,0,547179,Michael Lorenzen,676664.0,JP Sears,676664.0,547179.0,10,Oakland Coliseum,day,R
745659,2024-05-08,2024,TEX,OAK,140,133,12,11,23,0,9,0,683004,Jack Leiter,674370.0,Osvaldo Bido,502085.0,674370.0,10,Oakland Coliseum,day,R
746717,2024-05-08,2024,ARI,CIN,109,113,4,3,7,0,9,0,656756,Jordan Montgomery,668933.0,Graham Ashcraft,656756.0,668933.0,2602,Great American Ball Park,night,R
744858,2024-05-08,2024,BAL,WSH,110,120,7,6,13,0,12,1,680694,Kyle Bradish,680730.0,Mitchell Parker,544150.0,607179.0,3309,Nationals Park,night,R
745097,2024-05-08,2024,CWS,TB,145,139,4,1,5,0,9,0,623167,Chris Flexen,650644.0,Aaron Civale,623167.0,650644.0,12,Tropicana Field,night,R
745749,2024-05-08,2024,HOU,NYY,117,147,4,9,13,1,9,0,681293,Spencer Arrighetti,607074.0,Carlos Rodón,607074.0,681293.0,3313,Yankee Stadium,night,R
747127,2024-05-08,2024,BOS,ATL,111,144,0,5,5,1,9,0,601713,Nick Pivetta,519242.0,Chris Sale,519242.0,601713.0,4705,Truist Park,night,R
745906,2024-05-08,2024,SEA,MIN,136,142,3,6,9,1,9,0,669923,George Kirby,663978.0,Chris Paddack,663978.0,669923.0,3312,Target Field,night,R
746562,2024-05-09,2024,SF,COL,137,115,8,6,14,0,9,0,663855,Jordan Hicks,663567.0,Peter Lambert,663855.0,663567.0,19,Coors Field,night,R
745184,2024-05-08,2024,NYM,STL,121,138,0,0,0,0,9,0,500779,Jose Quintana,543243.0,Sonny Gray,,,2889,Busch Stadium,day,R
746715,2024-05-09,2024,ARI,CIN,109,113,5,4,9,0,9,0,677944,Slade Cecconi,668881.0,Hunter Greene,656464.0,518585.0,2602,Great American Ball Park,day,R
745910,2024-05-09,2024,SEA,MIN,136,142,1,11,12,1,9,0,669302,Logan Gilbert,641154.0,Pablo López,641154.0,669302.0,3312,Target Field,day,R
746563,2024-05-09,2024,SF,COL,137,115,1,9,10,1,9,0,676775,Keaton Winn,615698.0,Cal Quantrill,615698.0,676775.0,19,Coors Field,day,R
745748,2024-05-09,2024,HOU,NYY,117,147,4,3,7,0,9,0,669854,Ronel Blanco,573186.0,Marcus Stroman,669854.0,573186.0,3313,Yankee Stadium,night,R
746802,2024-05-09,2024,CLE,CWS,114,145,2,3,5,1,9,0,594902,Ben Lively,607200.0,Erick Fedde,607200.0,594902.0,4,Guaranteed Rate Field,night,R
745995,2024-05-09,2024,STL,MIL,138,158,1,7,8,1,9,0,543243,Sonny Gray,668964.0,Tobias Myers,657649.0,543243.0,32,American Family Field,night,R
746241,2024-05-10,2024,KC,LAA,118,108,10,4,14,0,9,0,608379,Michael Wacha,672282.0,Reid Detmers,608379.0,672282.0,1,Angel Stadium,night,R
746479,2024-05-10,2024,HOU,DET,117,116,5,2,7,0,9,0,664285,Framber Valdez,663554.0,Casey Mize,664285.0,605177.0,2394,Comerica Park,night,R
745506,2024-05-10,2024,CHC,PIT,112,134,7,2,9,0,9,0,665871,Javier Assad,683003.0,Jared Jones,676962.0,683003.0,31,PNC Park,night,R
745094,2024-05-10,2024,NYY,TB,147,139,2,0,2,0,9,0,657376,Clarke Schmidt,671737.0,Taj Bradley,657376.0,671737.0,12,Tropicana Field,night,R
747043,2024-05-10,2024,ARI,BAL,109,110,2,4,6,1,9,0,694297,Brandon Pfaadt,608344.0,Cole Irvin,608344.0,694297.0,2,Oriole Park at Camden Yards,night,R
744940,2024-05-10,2024,MIN,TOR,142,141,3,2,5,0,9,0,657746,Joe Ryan,579328.0,Yusei Kikuchi,657746.0,579328.0,14,Rogers Centre,night,R
746964,2024-05-10,2024,WSH,BOS,120,111,5,1,6,0,9,0,571578,Patrick Corbin,656557.0,Tanner Houck,571578.0,656557.0,3,Fenway Park,night,R
745827,2024-05-10,2024,ATL,NYM,144,121,4,2,6,0,9,0,450203,Charlie Morton,500779.0,Jose Quintana,450203.0,500779.0,3289,Citi Field,night,R
746071,2024-05-10,2024,PHI,MIA,143,146,8,2,10,0,9,0,624133,Ranger Suárez,669432.0,Trevor Rogers,624133.0,669432.0,4169,loanDepot park,night,R
746801,2024-05-10,2024,CLE,CWS,114,145,3,6,9,1,9,0,471911,Carlos Carrasco,676979.0,Garrett Crochet,676979.0,471911.0,4,Guaranteed Rate Field,night,R
745993,2024-05-11,2024,STL,MIL,138,158,2,11,13,1,9,0,458681,Lance Lynn,688107.0,Robert Gasser,688107.0,458681.0,32,American Family Field,night,R
746553,2024-05-11,2024,TEX,COL,140,115,2,4,6,1,9,0,592351,Jon Gray,596295.0,Austin Gomber,656234.0,681982.0,19,Coors Field,night,R
746240,2024-05-11,2024,KC,LAA,118,108,2,1,3,0,9,0,679525,Alec Marsh,656288.0,Griffin Canning,608648.0,608032.0,1,Angel Stadium,night,R
745421,2024-05-11,2024,LAD,SD,119,135,1,2,3,1,9,0,607192,Tyler Glasnow,650633.0,Michael King,663158.0,675627.0,2680,Petco Park,night,R
745264,2024-05-11,2024,OAK,SEA,133,136,1,8,9,1,9,0,621112,Paul Blackburn,693433.0,Bryan Woo,663423.0,621112.0,680,T-Mobile Park,night,R
745340,2024-05-11,2024,CIN,SF,113,137,4,2,6,0,9,0,671096,Andrew Abbott,657277.0,Logan Webb,671096.0,657277.0,2395,Oracle Park,night,R
744943,2024-05-11,2024,MIN,TOR,142,141,8,10,18,1,9,0,680573,Simeon Woods Richardson,592332.0,Kevin Gausman,657024.0,543351.0,14,Rogers Centre,day,R
747041,2024-05-11,2024,ARI,BAL,109,110,4,5,9,1,11,1,669194,Ryne Nelson,607644.0,John Means,518886.0,686826.0,2,Oriole Park at Camden Yards,day,R
745505,2024-05-11,2024,CHC,PIT,112,134,9,10,19,1,9,0,657006,Justin Steele,694973.0,Paul Skenes,670059.0,624522.0,31,PNC Park,day,R
746963,2024-05-11,2024,WSH,BOS,120,111,2,4,6,1,9,0,663623,Jake Irvin,681867.0,Cooper Criswell,455119.0,676395.0,3,Fenway Park,day,R
745828,2024-05-11,2024,ATL,NYM,144,121,4,1,5,0,9,0,608331,Max Fried,681035.0,Christian Scott,608331.0,681035.0,3289,Citi Field,day,R
746069,2024-05-11,2024,PHI,MIA,143,146,8,3,11,0,9,0,592836,Taijuan Walker,666200.0,Jesús Luzardo,592836.0,666200.0,4169,loanDepot park,day,R
745096,2024-05-11,2024,NYY,TB,147,139,2,7,9,1,9,0,641482,Nestor Cortes,641793.0,Zack Littell,641793.0,641482.0,12,Tropicana Field,day,R
746480,2024-05-11,2024,HOU,DET,117,116,2,8,10,1,9,0,664299,Cristian Javier,669373.0,Tarik Skubal,669373.0,664299.0,2394,Comerica Park,night,R
746797,2024-05-11,2024,CLE,CWS,114,145,1,3,4,1,9,0,663474,Triston McKenzie,605182.0,Mike Clevinger,657612.0,663474.0,4,Guaranteed Rate Field,night,R
745344,2024-05-11,2024,CIN,SF,113,137,1,5,6,1,9,0,666157,Nick Lodolo,696131.0,Mason Black,573124.0,666157.0,2395,Oracle Park,day,R
745994,2024-05-11,2024,STL,MIL,138,158,3,5,8,1,9,0,502043,Kyle Gibson,642547.0,Freddy Peralta,571948.0,552640.0,32,American Family Field,night,R
746554,2024-05-12,2024,TEX,COL,140,115,3,8,11,1,9,0,571760,Andrew Heaney,663372.0,Ryan Feltner,641755.0,502085.0,19,Coors Field,night,R
745422,2024-05-12,2024,LAD,SD,119,135,5,0,5,0,9,0,572020,James Paxton,663362.0,Matt Waldron,572020.0,663362.0,2680,Petco Park,night,R
746232,2024-05-12,2024,KC,LAA,118,108,3,9,12,1,9,0,666142,Cole Ragans,542881.0,Tyler Anderson,542881.0,666142.0,1,Angel Stadium,night,R
745262,2024-05-12,2024,OAK,SEA,133,136,8,1,9,0,9,0,683155,Joey Estes,682243.0,Bryce Miller,683155.0,682243.0,680,T-Mobile Park,night,R
747042,2024-05-12,2024,ARI,BAL,109,110,9,2,11,0,9,0,668678,Zac Gallen,665152.0,Dean Kremer,668678.0,665152.0,2,Oriole Park at Camden Yards,day,R
746965,2024-05-12,2024,WSH,BOS,120,111,2,3,5,1,9,0,669022,MacKenzie Gore,678394.0,Brayan Bello,678394.0,669022.0,3,Fenway Park,day,R
745499,2024-05-12,2024,CHC,PIT,112,134,5,4,9,0,10,1,543294,Kyle Hendricks,663559.0,Bailey Falter,593576.0,547973.0,31,PNC Park,day,R
744941,2024-05-12,2024,MIN,TOR,142,141,5,1,6,0,9,0,641927,Bailey Ober,666201.0,Alek Manoah,641927.0,666201.0,14,Rogers Centre,day,R
746476,2024-05-12,2024,HOU,DET,117,116,9,3,12,0,9,0,434378,Justin Verlander,656427.0,Jack Flaherty,434378.0,656427.0,2394,Comerica Park,day,R
746068,2024-05-12,2024,PHI,MIA,143,146,6,7,13,1,10,1,554430,Zack Wheeler,666129.0,Braxton Garrett,669622.0,642397.0,4169,loanDepot park,day,R
745092,2024-05-12,2024,NYY,TB,147,139,10,6,16,0,9,0,661563,Luis Gil,641302.0,Tyler Alexander,661563.0,641302.0,12,Tropicana Field,day,R
746798,2024-05-12,2024,CLE,CWS,114,145,7,0,7,0,9,0,671106,Logan Allen,647336.0,Michael Soroka,671106.0,647336.0,4,Guaranteed Rate Field,day,R
745990,2024-05-12,2024,STL,MIL,138,158,4,3,7,0,9,0,571945,Miles Mikolas,669060.0,Bryse Wilson,571945.0,665625.0,32,American Family Field,day,R
746555,2024-05-12,2024,TEX,COL,140,115,1,3,4,1,9,0,570632,José Ureña,621389.0,Ty Blach,621389.0,570632.0,19,Coors Field,day,R
745345,2024-05-12,2024,CIN,SF,113,137,5,6,11,1,10,1,593423,Frankie Montas,690986.0,Kyle Harrison,592426.0,641941.0,2395,Oracle Park,day,R
746234,2024-05-12,2024,KC,LAA,118,108,4,2,6,0,9,0,607625,Seth Lugo,663776.0,Patrick Sandoval,607625.0,663776.0,1,Angel Stadium,day,R
745419,2024-05-12,2024,LAD,SD,119,135,0,4,4,1,9,0,621111,Walker Buehler,506433.0,Yu Darvish,506433.0,621111.0,2680,Petco Park,day,R
745255,2024-05-12,2024,OAK,SEA,133,136,4,8,12,1,9,0,622072,Alex Wood,622491.0,Luis Castillo,622491.0,622072.0,680,T-Mobile Park,day,R
745825,2024-05-12,2024,ATL,NYM,144,121,3,4,7,1,9,0,693821,Bryce Elder,622663.0,Luis Severino,621242.0,621345.0,3289,Citi Field,night,R
747040,2024-05-13,2024,TOR,BAL,141,110,3,2,5,0,10,1,621244,José Berríos,669203.0,Corbin Burnes,605447.0,657097.0,2,Oriole Park at Camden Yards,night,R
746471,2024-05-13,2024,MIA,DET,146,116,5,6,11,1,9,0,664350,Sixto Sánchez,666159.0,Matt Manning,656412.0,687424.0,2394,Comerica Park,night,R
746961,2024-05-13,2024,TB,BOS,139,111,5,3,8,0,9,0,621107,Zach Eflin,676710.0,Kutter Crawford,621107.0,676710.0,3,Fenway Park,night,R
745826,2024-05-13,2024,PHI,NYM,143,121,5,4,9,0,10,1,650911,Cristopher Sánchez,640455.0,Sean Manaea,689147.0,656887.0,3289,Citi Field,night,R
747128,2024-05-13,2024,CHC,ATL,112,144,0,2,2,1,9,0,684007,Shota Imanaga,625643.0,Reynaldo López,678061.0,669713.0,4705,Truist Park,night,R
745991,2024-05-13,2024,PIT,MIL,134,158,8,6,14,0,9,0,656605,Mitch Keller,607067.0,Colin Rea,656605.0,607067.0,32,American Family Field,night,R
745019,2024-05-14,2024,CLE,TEX,114,140,7,0,7,0,9,0,676440,Tanner Bibee,547179.0,Michael Lorenzen,683769.0,600917.0,5325,Globe Life Field,night,R
746393,2024-05-14,2024,OAK,HOU,133,117,2,9,11,1,9,0,548389,Ross Stripling,681293.0,Spencer Arrighetti,681293.0,548389.0,2392,Minute Maid Park,night,R
746233,2024-05-14,2024,STL,LAA,138,108,10,5,15,0,9,0,669461,Matthew Liberatore,667755.0,José Soriano,681517.0,519043.0,1,Angel Stadium,night,R
747204,2024-05-14,2024,CIN,ARI,113,109,5,6,11,1,9,0,668933,Graham Ashcraft,656756.0,Jordan Montgomery,679885.0,664747.0,15,Chase Field,night,R
745420,2024-05-14,2024,COL,SD,115,135,5,4,9,0,9,0,641712,Dakota Hudson,681190.0,Randy Vásquez,641712.0,681190.0,2680,Petco Park,night,R
745256,2024-05-14,2024,KC,SEA,118,136,2,6,8,1,9,0,663903,Brady Singer,669923.0,George Kirby,669923.0,663903.0,680,T-Mobile Park,night,R
745343,2024-05-14,2024,LAD,SF,119,137,6,4,10,0,10,1,808967,Yoshinobu Yamamoto,663855.0,Jordan Hicks,595014.0,573124.0,2395,Oracle Park,night,R
746799,2024-05-13,2024,WSH,CWS,120,145,0,0,0,0,9,0,592866,Trevor Williams,623167.0,Chris Flexen,,,4,Guaranteed Rate Field,night,R
745821,2024-05-14,2024,PHI,NYM,143,121,4,0,4,0,9,0,605400,Aaron Nola,676130.0,José Buttó,605400.0,676130.0,3289,Citi Field,day,R
746796,2024-05-14,2024,WSH,CWS,120,145,6,3,9,0,9,0,592866,Trevor Williams,623167.0,Chris Flexen,571882.0,605154.0,4,Guaranteed Rate Field,day,R
746799,2024-05-14,2024,WSH,CWS,120,145,0,4,4,1,9,0,680730,Mitchell Parker,607200.0,Erick Fedde,607200.0,680730.0,4,Guaranteed Rate Field,day,R
746473,2024-05-14,2024,MIA,DET,146,116,1,0,1,0,10,1,677960,Ryan Weathers,681857.0,Reese Olson,656945.0,656638.0,2394,Comerica Park,night,R
746962,2024-05-14,2024,TB,BOS,139,111,4,5,9,1,12,1,650644,Aaron Civale,601713.0,Nick Pivetta,657514.0,655889.0,3,Fenway Park,night,R
747124,2024-05-14,2024,CHC,ATL,112,144,0,7,7,1,9,0,592791,Jameson Taillon,519242.0,Chris Sale,519242.0,592791.0,4705,Truist Park,night,R
745909,2024-05-14,2024,NYY,MIN,147,142,5,1,6,0,9,0,607074,Carlos Rodón,663978.0,Chris Paddack,607074.0,663978.0,3312,Target Field,night,R
745989,2024-05-14,2024,PIT,MIL,134,158,3,4,7,1,9,0,682990,Quinn Priester,605452.0,Joe Ross,605452.0,682990.0,32,American Family Field,night,R
745014,2024-05-15,2024,CLE,TEX,114,140,7,4,11,0,9,0,594902,Ben Lively,683004.0,Jack Leiter,594902.0,683004.0,5325,Globe Life Field,night,R
746396,2024-05-15,2024,OAK,HOU,133,117,1,2,3,1,10,1,676664,JP Sears,669854.0,Ronel Blanco,623352.0,547184.0,2392,Minute Maid Park,night,R
746235,2024-05-15,2024,STL,LAA,138,108,7,6,13,0,9,0,543243,Sonny Gray,672282.0,Reid Detmers,543243.0,519326.0,1,Angel Stadium,night,R
747205,2024-05-15,2024,CIN,ARI,113,109,6,2,8,0,9,0,668881,Hunter Greene,677944.0,Slade Cecconi,668881.0,677944.0,15,Chase Field,night,R
745418,2024-05-15,2024,COL,SD,115,135,6,3,9,0,9,0,615698,Cal Quantrill,656302.0,Dylan Cease,615698.0,656302.0,2680,Petco Park,night,R
745257,2024-05-15,2024,KC,SEA,118,136,4,2,6,0,9,0,608379,Michael Wacha,669302.0,Logan Gilbert,608379.0,669302.0,680,T-Mobile Park,night,R
745342,2024-05-15,2024,LAD,SF,119,137,10,2,12,0,9,0,694813,Gavin Stone,676775.0,Keaton Winn,694813.0,676775.0,2395,Oracle Park,night,R
747039,2024-05-14,2024,TOR,BAL,141,110,0,0,0,0,9,0,605135,Chris Bassitt,680694.0,Kyle Bradish,,,2,Oriole Park at Camden Yards,night,R
747038,2024-05-15,2024,TOR,BAL,141,110,2,3,5,1,9,0,579328,Yusei Kikuchi,680694.0,Kyle Bradish,543056.0,605447.0,2,Oriole Park at Camden Yards,day,R
746472,2024-05-15,2024,MIA,DET,146,116,2,0,2,0,9,0,669432,Trevor Rogers,663554.0,Casey Mize,669432.0,663554.0,2394,Comerica Park,day,R
745992,2024-05-15,2024,PIT,MIL,134,158,2,10,12,1,9,0,527048,Martín Pérez,688107.0,Robert Gasser,688107.0,527048.0,32,American Family Field,day,R
746795,2024-05-15,2024,WSH,CWS,120,145,0,2,2,1,9,0,571578,Patrick Corbin,676979.0,Garrett Crochet,676979.0,571578.0,4,Guaranteed Rate Field,day,R
747203,2024-05-15,2024,CIN,ARI,113,109,1,2,3,1,9,0,671096,Andrew Abbott,694297.0,Brandon Pfaadt,657044.0,518585.0,15,Chase Field,day,R
745417,2024-05-15,2024,COL,SD,115,135,8,0,8,0,9,0,596295,Austin Gomber,650633.0,Michael King,596295.0,650633.0,2680,Petco Park,day,R
745259,2024-05-15,2024,KC,SEA,118,136,2,4,6,1,9,0,679525,Alec Marsh,693433.0,Bryan Woo,693433.0,679525.0,680,T-Mobile Park,day,R
745582,2024-05-15,2024,NYM,PHI,121,143,5,10,15,1,9,0,664192,Joey Lucchesi,624133.0,Ranger Suárez,624133.0,664192.0,2681,Citizens Bank Park,night,R
746960,2024-05-15,2024,TB,BOS,139,111,4,3,7,0,9,0,671737,Taj Bradley,656557.0,Tanner Houck,671737.0,656557.0,3,Fenway Park,night,R
747123,2024-05-15,2024,CHC,ATL,112,144,7,1,8,0,9,0,665871,Javier Assad,450203.0,Charlie Morton,665871.0,450203.0,4705,Truist Park,night,R
745908,2024-05-15,2024,NYY,MIN,147,142,4,0,4,0,9,0,573186,Marcus Stroman,641154.0,Pablo López,573186.0,641154.0,3312,Target Field,night,R
745015,2024-05-16,2024,CLE,TEX,114,140,0,4,4,1,9,0,471911,Carlos Carrasco,592351.0,Jon Gray,592351.0,471911.0,5325,Globe Life Field,night,R
746397,2024-05-16,2024,OAK,HOU,133,117,0,3,3,1,9,0,605156,Aaron Brooks,664285.0,Framber Valdez,664285.0,605156.0,2392,Minute Maid Park,night,R
746231,2024-05-16,2024,STL,LAA,138,108,2,7,9,1,9,0,458681,Lance Lynn,656288.0,Griffin Canning,656288.0,458681.0,1,Angel Stadium,night,R
745341,2024-05-16,2024,LAD,SF,119,137,1,4,5,1,9,0,622694,Elieser Hernández,657277.0,Logan Webb,657277.0,622694.0,2395,Oracle Park,night,R
745907,2024-05-16,2024,NYY,MIN,147,142,5,0,5,0,9,0,657376,Clarke Schmidt,657746.0,Joe Ryan,657376.0,657746.0,3312,Target Field,day,R
745580,2024-05-16,2024,NYM,PHI,121,143,6,5,11,0,11,1,500779,Jose Quintana,592836.0,Taijuan Walker,605347.0,621237.0,2681,Citizens Bank Park,night,R
746959,2024-05-16,2024,TB,BOS,139,111,7,5,12,0,9,0,641793,Zack Littell,681867.0,Cooper Criswell,655889.0,445276.0,3,Fenway Park,night,R
746881,2024-05-16,2024,PIT,CHC,134,112,5,4,9,0,9,0,683003,Jared Jones,657006.0,Justin Steele,683003.0,657006.0,17,Wrigley Field,night,R
746391,2024-05-17,2024,OAK,HOU,133,117,1,8,9,1,9,0,683155,Joey Estes,664299.0,Cristian Javier,664299.0,683155.0,2392,Minute Maid Park,night,R
746150,2024-05-17,2024,CIN,LAD,113,119,7,2,9,0,9,0,608718,Brent Suter,607192.0,Tyler Glasnow,607259.0,607192.0,22,Dodger Stadium,night,R
746878,2024-05-17,2024,PIT,CHC,134,112,9,3,12,0,9,0,694973,Paul Skenes,543294.0,Kyle Hendricks,694973.0,543294.0,17,Wrigley Field,day,R
745579,2024-05-17,2024,WSH,PHI,120,143,2,4,6,1,9,0,663623,Jake Irvin,554430.0,Zack Wheeler,554430.0,663623.0,2681,Citizens Bank Park,night,R
747037,2024-05-17,2024,SEA,BAL,136,110,2,9,11,1,9,0,682243,Bryce Miller,607644.0,John Means,607644.0,682243.0,2,Oriole Park at Camden Yards,night,R
745747,2024-05-17,2024,CWS,NYY,145,147,2,4,6,1,9,0,605182,Mike Clevinger,641482.0,Nestor Cortes,641482.0,605182.0,3313,Yankee Stadium,night,R
744934,2024-05-17,2024,TB,TOR,139,141,4,3,7,0,9,0,641302,Tyler Alexander,605135.0,Chris Bassitt,641302.0,605135.0,14,Rogers Centre,night,R
746641,2024-05-17,2024,MIN,CLE,142,114,2,3,5,1,9,0,680573,Simeon Woods Richardson,663474.0,Triston McKenzie,682120.0,661395.0,5,Progressive Field,night,R
746065,2024-05-17,2024,NYM,MIA,121,146,0,8,8,1,9,0,681035,Christian Scott,666200.0,Jesús Luzardo,666200.0,681035.0,4169,loanDepot park,night,R
747122,2024-05-17,2024,SD,ATL,135,144,3,1,4,0,9,0,663362,Matt Waldron,608331.0,Max Fried,663362.0,608331.0,4705,Truist Park,night,R
746310,2024-05-17,2024,OAK,KC,133,118,2,6,8,1,9,0,687765,Mitch Spence,666142.0,Cole Ragans,666142.0,687765.0,7,Kauffman Stadium,night,R
745016,2024-05-18,2024,LAA,TEX,108,140,9,3,12,0,9,0,542881,Tyler Anderson,571760.0,Andrew Heaney,542881.0,571760.0,5325,Globe Life Field,night,R
746388,2024-05-18,2024,MIL,HOU,158,117,4,5,9,1,9,0,642547,Freddy Peralta,686613.0,Hunter Brown,686613.0,642547.0,2392,Minute Maid Park,night,R
745178,2024-05-18,2024,BOS,STL,111,138,6,10,16,1,9,0,678394,Brayan Bello,502043.0,Kyle Gibson,502043.0,678394.0,2889,Busch Stadium,night,R
747201,2024-05-18,2024,DET,ARI,116,109,13,0,13,0,9,0,669373,Tarik Skubal,669194.0,Ryne Nelson,669373.0,669194.0,15,Chase Field,night,R
746148,2024-05-18,2024,CIN,LAD,113,119,3,7,10,1,9,0,593423,Frankie Montas,572020.0,James Paxton,675627.0,518585.0,22,Dodger Stadium,night,R
745335,2024-05-18,2024,COL,SF,115,137,5,10,15,1,9,0,663372,Ryan Feltner,696131.0,Mason Black,663546.0,663372.0,2395,Oracle Park,night,R
745744,2024-05-18,2024,CWS,NYY,145,147,1,6,7,1,9,0,641745,Brad Keller,661563.0,Luis Gil,661563.0,641745.0,3313,Yankee Stadium,day,R
746882,2024-05-18,2024,PIT,CHC,134,112,0,1,1,1,9,0,663559,Bailey Falter,684007.0,Shota Imanaga,593576.0,670280.0,17,Wrigley Field,day,R
744938,2024-05-18,2024,TB,TOR,139,141,5,4,9,0,9,0,621107,Zach Eflin,592332.0,Kevin Gausman,541640.0,663878.0,14,Rogers Centre,day,R
747036,2024-05-18,2024,SEA,BAL,136,110,4,3,7,0,9,0,622491,Luis Castillo,680570.0,Grayson Rodriguez,592773.0,666974.0,2,Oriole Park at Camden Yards,day,R
745339,2024-05-18,2024,COL,SF,115,137,4,14,18,1,9,0,621389,Ty Blach,690986.0,Kyle Harrison,690986.0,621389.0,2395,Oracle Park,day,R
746067,2024-05-18,2024,NYM,MIA,121,146,9,10,19,1,10,1,622663,Luis Severino,666129.0,Braxton Garrett,656945.0,605347.0,4169,loanDepot park,day,R
745581,2024-05-18,2024,WSH,PHI,120,143,3,4,7,1,10,1,669022,MacKenzie Gore,650911.0,Cristopher Sánchez,642397.0,640448.0,2681,Citizens Bank Park,night,R
746642,2024-05-18,2024,MIN,CLE,142,114,4,11,15,1,9,0,641927,Bailey Ober,671106.0,Logan Allen,671106.0,641927.0,5,Progressive Field,night,R
746308,2024-05-18,2024,OAK,KC,133,118,3,5,8,1,9,0,548389,Ross Stripling,607625.0,Seth Lugo,607625.0,548389.0,7,Kauffman Stadium,night,R
746389,2024-05-18,2024,MIL,HOU,158,117,4,2,6,0,9,0,669060,Bryse Wilson,434378.0,Justin Verlander,571948.0,434378.0,2392,Minute Maid Park,night,R
745177,2024-05-18,2024,BOS,STL,111,138,2,7,9,1,9,0,676710,Kutter Crawford,571945.0,Miles Mikolas,668941.0,686580.0,2889,Busch Stadium,night,R
745013,2024-05-18,2024,LAA,TEX,108,140,2,3,5,1,13,1,663776,Patrick Sandoval,570632.0,José Ureña,666720.0,608334.0,5325,Globe Life Field,night,R
747202,2024-05-19,2024,DET,ARI,116,109,8,3,11,0,9,0,656427,Jack Flaherty,668678.0,Zac Gallen,656427.0,668678.0,15,Chase Field,night,R
746142,2024-05-19,2024,CIN,LAD,113,119,0,4,4,1,9,0,668933,Graham Ashcraft,621111.0,Walker Buehler,621111.0,668933.0,22,Dodger Stadium,night,R
747121,2024-05-18,2024,SD,ATL,135,144,0,0,0,0,9,0,506433,Yu Darvish,693821.0,Bryce Elder,,,4705,Truist Park,night,R
745179,2024-05-19,2024,BOS,STL,111,138,11,3,14,0,9,0,601713,Nick Pivetta,669461.0,Matthew Liberatore,601713.0,669461.0,2889,Busch Stadium,day,R
747035,2024-05-19,2024,SEA,BAL,136,110,3,6,9,1,9,0,669923,George Kirby,669203.0,Corbin Burnes,669203.0,669923.0,2,Oriole Park at Camden Yards,day,R
745577,2024-05-19,2024,WSH,PHI,120,143,5,11,16,1,9,0,592866,Trevor Williams,605400.0,Aaron Nola,605400.0,606930.0,2681,Citizens Bank Park,day,R
745745,2024-05-19,2024,CWS,NYY,145,147,2,7,9,1,9,0,623167,Chris Flexen,607074.0,Carlos Rodón,607074.0,623167.0,3313,Yankee Stadium,day,R
744937,2024-05-19,2024,TB,TOR,139,141,2,5,7,1,9,0,650644,Aaron Civale,666201.0,Alek Manoah,666201.0,650644.0,14,Rogers Centre,day,R
746636,2024-05-19,2024,MIN,CLE,142,114,2,5,7,1,9,0,663978,Chris Paddack,676440.0,Tanner Bibee,661403.0,661395.0,5,Progressive Field,day,R
746064,2024-05-19,2024,NYM,MIA,121,146,7,3,10,0,9,0,640455,Sean Manaea,664350.0,Sixto Sánchez,640455.0,664350.0,4169,loanDepot park,day,R
746306,2024-05-19,2024,OAK,KC,133,118,4,8,12,1,9,0,676664,JP Sears,663903.0,Brady Singer,663903.0,676664.0,7,Kauffman Stadium,day,R
746392,2024-05-19,2024,MIL,HOU,158,117,4,9,13,1,9,0,607067,Colin Rea,681293.0,Spencer Arrighetti,681293.0,607067.0,2392,Minute Maid Park,day,R
746880,2024-05-19,2024,PIT,CHC,134,112,3,2,5,0,9,0,656605,Mitch Keller,592791.0,Jameson Taillon,656605.0,592791.0,17,Wrigley Field,day,R
745012,2024-05-19,2024,LAA,TEX,108,140,4,1,5,0,9,0,667755,José Soriano,547179.0,Michael Lorenzen,667755.0,547179.0,5325,Globe Life Field,day,R
745336,2024-05-19,2024,COL,SF,115,137,1,4,5,1,9,0,641712,Dakota Hudson,663855.0,Jordan Hicks,663855.0,641712.0,2395,Oracle Park,day,R
747198,2024-05-19,2024,DET,ARI,116,109,4,6,10,1,9,0,666159,Matt Manning,656756.0,Jordan Montgomery,657044.0,663947.0,15,Chase Field,day,R
746144,2024-05-19,2024,CIN,LAD,113,119,2,3,5,1,10,1,668881,Hunter Greene,689017.0,Landon Knack,607455.0,664747.0,22,Dodger Stadium,day,R
747120,2024-05-19,2024,SD,ATL,135,144,9,1,10,0,9,0,506433,Yu Darvish,693821.0,Bryce Elder,506433.0,693821.0,4705,Truist Park,night,R
747119,2024-05-20,2024,SD,ATL,135,144,6,5,11,0,9,0,656302,Dylan Cease,625643.0,Reynaldo López,666745.0,641729.0,4705,Truist Park,day,R
747121,2024-05-20,2024,SD,ATL,135,144,0,3,3,1,9,0,681190,Randy Vásquez,519242.0,Chris Sale,519242.0,681190.0,4705,Truist Park,night,R
744935,2024-05-20,2024,CWS,TOR,145,141,3,9,12,1,9,0,607200,Erick Fedde,621244.0,José Berríos,621244.0,607200.0,14,Rogers Centre,day,R
746637,2024-05-20,2024,NYM,CLE,121,114,1,3,4,1,9,0,656731,Tylor Megill,594902.0,Ben Lively,594902.0,656731.0,5,Progressive Field,night,R
746066,2024-05-20,2024,MIL,MIA,158,146,2,3,5,1,10,1,605452,Joe Ross,677960.0,Ryan Weathers,656945.0,669952.0,4169,loanDepot park,night,R
744857,2024-05-20,2024,MIN,WSH,142,120,3,12,15,1,9,0,641154,Pablo López,680730.0,Mitchell Parker,680730.0,641154.0,3309,Nationals Park,night,R
745093,2024-05-20,2024,BOS,TB,111,139,5,0,5,0,9,0,656557,Tanner Houck,671737.0,Taj Bradley,656557.0,671737.0,12,Tropicana Field,night,R
745746,2024-05-20,2024,SEA,NYY,136,147,5,4,9,0,9,0,669302,Logan Gilbert,573186.0,Marcus Stroman,660825.0,605280.0,3313,Yankee Stadium,night,R
746307,2024-05-20,2024,DET,KC,116,118,3,8,11,1,9,0,681857,Reese Olson,608379.0,Michael Wacha,608379.0,681857.0,7,Kauffman Stadium,night,R
745181,2024-05-20,2024,BAL,STL,110,138,3,6,9,1,9,0,665152,Dean Kremer,543243.0,Sonny Gray,543243.0,665152.0,2889,Busch Stadium,night,R
746390,2024-05-21,2024,LAA,HOU,108,117,9,7,16,0,9,0,672282,Reid Detmers,664285.0,Framber Valdez,660761.0,664285.0,2392,Minute Maid Park,night,R
746146,2024-05-21,2024,ARI,LAD,109,119,4,6,10,1,9,0,573009,Joe Mantiply,808967.0,Yoshinobu Yamamoto,808967.0,677944.0,22,Dodger Stadium,night,R
746633,2024-05-21,2024,NYM,CLE,121,114,6,7,13,1,9,0,605288,Adrian Houser,675540.0,Xzavion Curry,680704.0,605288.0,5,Progressive Field,night,R
746716,2024-05-21,2024,SD,CIN,135,113,0,2,2,1,9,0,605397,Joe Musgrove,671096.0,Andrew Abbott,671096.0,605397.0,2602,Great American Ball Park,night,R
745503,2024-05-21,2024,SF,PIT,137,134,6,7,13,1,10,1,657277,Logan Webb,527048.0,Martín Pérez,670280.0,669062.0,31,PNC Park,night,R
745578,2024-05-21,2024,TEX,PHI,140,143,2,5,7,1,9,0,592351,Jon Gray,624133.0,Ranger Suárez,624133.0,592351.0,2681,Citizens Bank Park,night,R
746058,2024-05-21,2024,MIL,MIA,158,146,7,5,12,0,9,0,688107,Robert Gasser,669432.0,Trevor Rogers,668964.0,640462.0,4169,loanDepot park,night,R
744860,2024-05-21,2024,MIN,WSH,142,120,10,0,10,0,9,0,657746,Joe Ryan,571578.0,Patrick Corbin,657746.0,571578.0,3309,Nationals Park,night,R
745090,2024-05-21,2024,BOS,TB,111,139,5,2,7,0,9,0,681867,Cooper Criswell,641793.0,Zack Littell,669711.0,592094.0,12,Tropicana Field,night,R
745742,2024-05-21,2024,SEA,NYY,136,147,6,3,9,0,9,0,693433,Bryan Woo,657376.0,Clarke Schmidt,693433.0,657376.0,3313,Yankee Stadium,night,R
744936,2024-05-21,2024,CWS,TOR,145,141,5,0,5,0,9,0,676979,Garrett Crochet,579328.0,Yusei Kikuchi,676979.0,579328.0,14,Rogers Centre,night,R
746309,2024-05-21,2024,DET,KC,116,118,3,10,13,1,9,0,663554,Casey Mize,679525.0,Alec Marsh,679525.0,663554.0,7,Kauffman Stadium,night,R
746875,2024-05-21,2024,ATL,CHC,144,112,3,4,7,1,10,1,450203,Charlie Morton,665871.0,Javier Assad,681432.0,607481.0,17,Wrigley Field,night,R
745180,2024-05-21,2024,BAL,STL,110,138,1,3,4,1,9,0,680694,Kyle Bradish,458681.0,Lance Lynn,458681.0,657097.0,2889,Busch Stadium,night,R
746385,2024-05-22,2024,LAA,HOU,108,117,5,6,11,1,10,1,656288,Griffin Canning,664299.0,Cristian Javier,623352.0,608032.0,2392,Minute Maid Park,night,R
745662,2024-05-22,2024,COL,OAK,115,133,4,5,9,1,9,0,615698,Cal Quantrill,605156.0,Aaron Brooks,668674.0,641755.0,10,Oakland Coliseum,night,R
746145,2024-05-22,2024,ARI,LAD,109,119,7,3,10,0,9,0,694297,Brandon Pfaadt,694813.0,Gavin Stone,694297.0,694813.0,22,Dodger Stadium,night,R
745180,2024-05-22,2024,BAL,STL,110,138,1,3,4,1,9,0,680694,Kyle Bradish,458681.0,Lance Lynn,458681.0,657097.0,2889,Busch Stadium,day,R
744856,2024-05-22,2024,MIN,WSH,142,120,3,2,5,0,9,0,680573,Simeon Woods Richardson,663623.0,Jake Irvin,595345.0,663623.0,3309,Nationals Park,day,R
746634,2024-05-22,2024,NYM,CLE,121,114,3,6,9,1,9,0,500779,Jose Quintana,663474.0,Triston McKenzie,683769.0,657585.0,5,Progressive Field,day,R
745173,2024-05-22,2024,BAL,STL,110,138,4,5,9,1,9,0,607644,John Means,502043.0,Kyle Gibson,667463.0,608344.0,2889,Busch Stadium,day,R
746386,2024-05-22,2024,LAA,HOU,108,117,2,1,3,0,9,0,542881,Tyler Anderson,686613.0,Hunter Brown,542881.0,686613.0,2392,Minute Maid Park,day,R
746304,2024-05-22,2024,DET,KC,116,118,3,8,11,1,9,0,669373,Tarik Skubal,666142.0,Cole Ragans,666142.0,669373.0,7,Kauffman Stadium,day,R
746712,2024-05-22,2024,SD,CIN,135,113,7,3,10,0,9,0,650633,Michael King,607259.0,Nick Martinez,650633.0,607259.0,2602,Great American Ball Park,night,R
745502,2024-05-22,2024,SF,PIT,137,134,9,5,14,0,10,1,605483,Blake Snell,683003.0,Jared Jones,676254.0,669387.0,31,PNC Park,night,R
745576,2024-05-22,2024,TEX,PHI,140,143,4,11,15,1,9,0,641540,Dane Dunning,592836.0,Taijuan Walker,621381.0,641540.0,2681,Citizens Bank Park,night,R
746063,2024-05-22,2024,MIL,MIA,158,146,0,1,1,1,9,0,642547,Freddy Peralta,666200.0,Jesús Luzardo,666200.0,642547.0,4169,loanDepot park,night,R
745089,2024-05-22,2024,BOS,TB,111,139,8,5,13,0,9,0,678394,Brayan Bello,686752.0,Ryan Pepiot,678394.0,663992.0,12,Tropicana Field,night,R
745743,2024-05-22,2024,SEA,NYY,136,147,3,7,10,1,9,0,682243,Bryce Miller,641482.0,Nestor Cortes,641482.0,682243.0,3313,Yankee Stadium,night,R
744933,2024-05-22,2024,CWS,TOR,145,141,2,9,11,1,9,0,680897,Nick Nastrini,605135.0,Chris Bassitt,605135.0,680897.0,14,Rogers Centre,night,R
746876,2024-05-22,2024,ATL,CHC,144,112,9,2,11,0,9,0,608331,Max Fried,657006.0,Justin Steele,608331.0,657006.0,17,Wrigley Field,night,R
745661,2024-05-23,2024,COL,OAK,115,133,4,3,7,0,12,1,596295,Austin Gomber,687765.0,Mitch Spence,683232.0,666205.0,10,Oakland Coliseum,night,R
746143,2024-05-23,2024,ARI,LAD,109,119,6,0,6,0,9,0,676714,Brandon Hughes,607192.0,Tyler Glasnow,669194.0,607192.0,22,Dodger Stadium,night,R
745500,2024-05-23,2024,SF,PIT,137,134,7,6,13,0,9,0,669062,Erik Miller,694973.0,Paul Skenes,592426.0,676702.0,31,PNC Park,day,R
745741,2024-05-23,2024,SEA,NYY,136,147,0,5,5,1,9,0,622491,Luis Castillo,661563.0,Luis Gil,661563.0,622491.0,3313,Yankee Stadium,day,R
745573,2024-05-23,2024,TEX,PHI,140,143,2,5,7,1,9,0,571760,Andrew Heaney,554430.0,Zack Wheeler,554430.0,571760.0,2681,Citizens Bank Park,day,R
746714,2024-05-23,2024,SD,CIN,135,113,6,4,10,0,10,1,663362,Matt Waldron,593423.0,Frankie Montas,669093.0,594580.0,2602,Great American Ball Park,day,R
746874,2024-05-23,2024,ATL,CHC,144,112,3,0,3,0,9,0,700363,AJ Smith-Shawver,676962.0,Ben Brown,669276.0,669713.0,17,Wrigley Field,day,R
745660,2024-05-23,2024,COL,OAK,115,133,9,10,19,1,11,1,663372,Ryan Feltner,683155.0,Joey Estes,656232.0,663567.0,10,Oakland Coliseum,day,R
746474,2024-05-23,2024,TOR,DET,141,116,9,1,10,0,9,0,592332,Kevin Gausman,656427.0,Jack Flaherty,592332.0,656427.0,2394,Comerica Park,night,R
746792,2024-05-23,2024,BAL,CWS,110,145,8,6,14,0,9,0,680570,Grayson Rodriguez,605182.0,Mike Clevinger,680570.0,605182.0,4,Guaranteed Rate Field,night,R
746475,2024-05-24,2024,TOR,DET,141,116,2,6,8,1,9,0,666201,Alek Manoah,628317.0,Kenta Maeda,628317.0,666201.0,2394,Comerica Park,night,R
745501,2024-05-24,2024,ATL,PIT,144,134,5,11,16,1,9,0,678061,Ray Kerr,663559.0,Bailey Falter,663559.0,678061.0,31,PNC Park,night,R
744853,2024-05-24,2024,SEA,WSH,136,120,1,6,7,1,9,0,669923,George Kirby,669022.0,MacKenzie Gore,669022.0,669923.0,3309,Nationals Park,night,R
745087,2024-05-24,2024,KC,TB,118,139,8,1,9,0,9,0,607625,Seth Lugo,542888.0,Shawn Armstrong,607625.0,641302.0,12,Tropicana Field,night,R
746713,2024-05-24,2024,LAD,CIN,119,113,6,9,15,1,9,0,572020,James Paxton,668933.0,Graham Ashcraft,668933.0,670990.0,2602,Great American Ball Park,night,R
745822,2024-05-24,2024,SF,NYM,137,121,8,7,15,0,9,0,690986,Kyle Harrison,681035.0,Christian Scott,687014.0,657585.0,3289,Citi Field,night,R
745905,2024-05-24,2024,TEX,MIN,140,142,2,3,5,1,9,0,570632,José Ureña,641927.0,Bailey Ober,641927.0,570632.0,3312,Target Field,night,R
746956,2024-05-24,2024,MIL,BOS,158,111,7,2,9,0,9,0,657649,Jared Koenig,676710.0,Kutter Crawford,669060.0,676710.0,3,Fenway Park,night,R
746793,2024-05-24,2024,BAL,CWS,110,145,6,4,10,0,9,0,669203,Corbin Burnes,623167.0,Chris Flexen,666974.0,605154.0,4,Guaranteed Rate Field,night,R
746558,2024-05-25,2024,PHI,COL,143,115,2,3,5,1,11,1,650911,Cristopher Sánchez,621389.0,Ty Blach,641755.0,642397.0,19,Coors Field,night,R
746227,2024-05-25,2024,CLE,LAA,114,108,10,4,14,0,9,0,671106,Logan Allen,663776.0,Patrick Sandoval,671106.0,663776.0,1,Angel Stadium,night,R
745663,2024-05-25,2024,HOU,OAK,117,133,6,3,9,0,9,0,434378,Justin Verlander,548389.0,Ross Stripling,434378.0,548389.0,10,Oakland Coliseum,night,R
747200,2024-05-25,2024,MIA,ARI,146,109,3,0,3,0,9,0,666129,Braxton Garrett,668678.0,Zac Gallen,666129.0,668678.0,15,Chase Field,night,R
745415,2024-05-25,2024,NYY,SD,147,135,8,0,8,0,9,0,607074,Carlos Rodón,506433.0,Yu Darvish,607074.0,506433.0,2680,Petco Park,night,R
745175,2024-05-25,2024,CHC,STL,112,138,0,0,0,0,9,0,684007,Shota Imanaga,571945.0,Miles Mikolas,,,2889,Busch Stadium,night,R
746470,2024-05-25,2024,TOR,DET,141,116,1,2,3,1,9,0,621244,José Berríos,681857.0,Reese Olson,681857.0,621244.0,2394,Comerica Park,day,R
745823,2024-05-25,2024,SF,NYM,137,121,7,2,9,0,10,1,663855,Jordan Hicks,622663.0,Luis Severino,592426.0,656887.0,3289,Citi Field,day,R
745901,2024-05-25,2024,TEX,MIN,140,142,3,5,8,1,9,0,547179,Michael Lorenzen,663978.0,Chris Paddack,663485.0,502085.0,3312,Target Field,day,R
746794,2024-05-25,2024,BAL,CWS,110,145,5,3,8,0,9,0,544150,Albert Suárez,607200.0,Erick Fedde,622253.0,656629.0,4,Guaranteed Rate Field,day,R
744851,2024-05-25,2024,SEA,WSH,136,120,1,3,4,1,9,0,669302,Logan Gilbert,592866.0,Trevor Williams,571670.0,642100.0,3309,Nationals Park,day,R
745493,2024-05-25,2024,ATL,PIT,144,134,1,4,5,1,9,0,625643,Reynaldo López,656605.0,Mitch Keller,656605.0,625643.0,31,PNC Park,day,R
745658,2024-05-25,2024,HOU,OAK,117,133,1,3,4,1,9,0,681293,Spencer Arrighetti,676664.0,JP Sears,676664.0,681293.0,10,Oakland Coliseum,day,R
745086,2024-05-25,2024,KC,TB,118,139,7,4,11,0,11,1,663903,Brady Singer,650644.0,Aaron Civale,663704.0,663992.0,12,Tropicana Field,day,R
746958,2024-05-25,2024,MIL,BOS,158,111,6,3,9,0,9,0,657649,Jared Koenig,601713.0,Nick Pivetta,607067.0,601713.0,3,Fenway Park,day,R
746710,2024-05-25,2024,LAD,CIN,119,113,1,3,4,1,9,0,621111,Walker Buehler,668881.0,Hunter Greene,668881.0,621111.0,2602,Great American Ball Park,night,R
745176,2024-05-25,2024,CHC,STL,112,138,6,7,13,1,9,0,592791,Jameson Taillon,571945.0,Miles Mikolas,668941.0,643410.0,2889,Busch Stadium,night,R
746556,2024-05-26,2024,PHI,COL,143,115,8,4,12,0,9,0,605400,Aaron Nola,641712.0,Dakota Hudson,614179.0,664875.0,19,Coors Field,night,R
746226,2024-05-26,2024,CLE,LAA,114,108,4,3,7,0,9,0,676440,Tanner Bibee,667755.0,José Soriano,676440.0,667755.0,1,Angel Stadium,night,R
745411,2024-05-26,2024,NYY,SD,147,135,4,1,5,0,9,0,573186,Marcus Stroman,656302.0,Dylan Cease,573186.0,656302.0,2680,Petco Park,night,R
747199,2024-05-26,2024,MIA,ARI,146,109,2,3,5,1,9,0,664350,Sixto Sánchez,656756.0,Jordan Montgomery,656756.0,664350.0,15,Chase Field,night,R
746469,2024-05-26,2024,TOR,DET,141,116,11,14,25,1,9,0,579328,Yusei Kikuchi,663554.0,Casey Mize,669438.0,605447.0,2394,Comerica Park,day,R
746711,2024-05-26,2024,LAD,CIN,119,113,1,4,5,1,9,0,808967,Yoshinobu Yamamoto,608718.0,Brent Suter,607259.0,808967.0,2602,Great American Ball Park,day,R
744855,2024-05-26,2024,SEA,WSH,136,120,9,5,14,0,9,0,693433,Bryan Woo,571578.0,Patrick Corbin,608723.0,571670.0,3309,Nationals Park,day,R
745498,2024-05-26,2024,ATL,PIT,144,134,8,1,9,0,9,0,519242,Chris Sale,527048.0,Martín Pérez,519242.0,669387.0,31,PNC Park,day,R
746957,2024-05-26,2024,MIL,BOS,158,111,1,2,3,1,9,0,668964,Tobias Myers,656557.0,Tanner Houck,686580.0,665625.0,3,Fenway Park,day,R
745824,2024-05-26,2024,SF,NYM,137,121,3,4,7,1,9,0,657277,Logan Webb,640455.0,Sean Manaea,605288.0,643511.0,3289,Citi Field,day,R
745088,2024-05-26,2024,KC,TB,118,139,1,4,5,1,9,0,608379,Michael Wacha,671737.0,Taj Bradley,664076.0,608379.0,12,Tropicana Field,day,R
745902,2024-05-26,2024,TEX,MIN,140,142,6,2,8,0,9,0,642520,Gerson Garabito,641154.0,Pablo López,656641.0,641154.0,3312,Target Field,day,R
746789,2024-05-26,2024,BAL,CWS,110,145,4,1,5,0,9,0,680694,Kyle Bradish,676979.0,Garrett Crochet,680694.0,676979.0,4,Guaranteed Rate Field,day,R
746557,2024-05-26,2024,PHI,COL,143,115,2,5,7,1,9,0,624133,Ranger Suárez,615698.0,Cal Quantrill,615698.0,624133.0,19,Coors Field,day,R
746230,2024-05-26,2024,CLE,LAA,114,108,5,4,9,0,9,0,594902,Ben Lively,672282.0,Reid Detmers,594902.0,672282.0,1,Angel Stadium,day,R
745653,2024-05-26,2024,HOU,OAK,117,133,5,2,7,0,9,0,669854,Ronel Blanco,605156.0,Aaron Brooks,669854.0,605156.0,10,Oakland Coliseum,day,R
747197,2024-05-26,2024,MIA,ARI,146,109,3,1,4,0,9,0,677960,Ryan Weathers,686796.0,Blake Walston,677960.0,656464.0,15,Chase Field,day,R
745413,2024-05-26,2024,NYY,SD,147,135,2,5,7,1,9,0,657376,Clarke Schmidt,605397.0,Joe Musgrove,669093.0,657376.0,2680,Petco Park,day,R
745172,2024-05-26,2024,CHC,STL,112,138,3,4,7,1,9,0,665871,Javier Assad,543243.0,Sonny Gray,543243.0,665871.0,2889,Busch Stadium,night,R
747034,2024-05-27,2024,BOS,BAL,111,110,3,11,14,1,9,0,681867,Cooper Criswell,608344.0,Cole Irvin,608344.0,681867.0,2,Oriole Park at Camden Yards,day,R
745904,2024-05-27,2024,KC,MIN,118,142,5,6,11,1,9,0,679525,Alec Marsh,657746.0,Joe Ryan,657746.0,679525.0,3312,Target Field,day,R
746788,2024-05-27,2024,TOR,CWS,141,145,5,1,6,0,9,0,605135,Chris Bassitt,680897.0,Nick Nastrini,605135.0,680897.0,4,Guaranteed Rate Field,day,R
746549,2024-05-27,2024,CLE,COL,114,115,6,8,14,1,9,0,675540,Xzavion Curry,683627.0,Anthony Molina,642028.0,675540.0,19,Coors Field,day,R
746708,2024-05-27,2024,STL,CIN,138,113,1,3,4,1,9,0,458681,Lance Lynn,666157.0,Nick Lodolo,666157.0,458681.0,2602,Great American Ball Park,day,R
747118,2024-05-27,2024,WSH,ATL,120,144,8,4,12,0,9,0,680730,Mitchell Parker,450203.0,Charlie Morton,680730.0,450203.0,4705,Truist Park,day,R
745986,2024-05-27,2024,CHC,MIL,112,158,1,5,6,1,9,0,657006,Justin Steele,688107.0,Robert Gasser,663542.0,643410.0,32,American Family Field,day,R
745338,2024-05-27,2024,PHI,SF,143,137,4,8,12,1,9,0,592836,Taijuan Walker,605483.0,Blake Snell,678495.0,592836.0,2395,Oracle Park,day,R
745416,2024-05-27,2024,MIA,SD,146,135,1,2,3,1,9,0,669432,Trevor Rogers,650633.0,Michael King,670970.0,640462.0,2680,Petco Park,day,R
745254,2024-05-28,2024,HOU,SEA,117,136,2,3,5,1,9,0,664285,Framber Valdez,682243.0,Bryce Miller,682243.0,664285.0,680,T-Mobile Park,night,R
745816,2024-05-27,2024,LAD,NYM,119,121,0,0,0,0,9,0,694813,Gavin Stone,656731.0,Tylor Megill,,,3289,Citi Field,day,R
745818,2024-05-28,2024,LAD,NYM,119,121,5,2,7,0,10,1,607192,Tyler Glasnow,656731.0,Tylor Megill,543339.0,605347.0,3289,Citi Field,night,R
745816,2024-05-28,2024,LAD,NYM,119,121,3,0,3,0,9,0,694813,Gavin Stone,500779.0,Jose Quintana,694813.0,500779.0,3289,Citi Field,night,R
747033,2024-05-28,2024,BOS,BAL,111,110,8,3,11,0,9,0,678394,Brayan Bello,680570.0,Grayson Rodriguez,678394.0,680570.0,2,Oriole Park at Camden Yards,night,R
746709,2024-05-28,2024,STL,CIN,138,113,7,1,8,0,9,0,502043,Kyle Gibson,671096.0,Andrew Abbott,502043.0,671096.0,2602,Great American Ball Park,night,R
745091,2024-05-28,2024,OAK,TB,133,139,3,0,3,0,9,0,687765,Mitch Spence,641793.0,Zack Littell,687765.0,641793.0,12,Tropicana Field,night,R
747115,2024-05-28,2024,WSH,ATL,120,144,0,2,2,1,9,0,663623,Jake Irvin,608331.0,Max Fried,608331.0,606930.0,4705,Truist Park,night,R
745903,2024-05-28,2024,KC,MIN,118,142,2,4,6,1,9,0,666142,Cole Ragans,680573.0,Simeon Woods Richardson,680573.0,666142.0,3312,Target Field,night,R
746791,2024-05-28,2024,TOR,CWS,141,145,7,2,9,0,9,0,592332,Kevin Gausman,663765.0,Jake Woodford,592332.0,663765.0,4,Guaranteed Rate Field,night,R
745987,2024-05-28,2024,CHC,MIL,112,158,6,3,9,0,10,1,676962,Ben Brown,642547.0,Freddy Peralta,593576.0,656730.0,32,American Family Field,night,R
745017,2024-05-29,2024,ARI,TEX,109,140,2,4,6,1,9,0,694297,Brandon Pfaadt,543135.0,Nathan Eovaldi,571760.0,694297.0,5325,Globe Life Field,night,R
746552,2024-05-29,2024,CLE,COL,114,115,13,7,20,0,9,0,663474,Triston McKenzie,663372.0,Ryan Feltner,671922.0,663567.0,19,Coors Field,night,R
746229,2024-05-29,2024,NYY,LAA,147,108,3,4,7,1,9,0,641482,Nestor Cortes,656288.0,Griffin Canning,519043.0,596133.0,1,Angel Stadium,night,R
745258,2024-05-29,2024,HOU,SEA,117,136,2,4,6,1,9,0,686613,Hunter Brown,622491.0,Luis Castillo,642048.0,519151.0,680,T-Mobile Park,night,R
745412,2024-05-29,2024,MIA,SD,146,135,0,4,4,1,9,0,666200,Jesús Luzardo,663362.0,Matt Waldron,663362.0,666200.0,2680,Petco Park,night,R
745337,2024-05-29,2024,PHI,SF,143,137,0,1,1,1,10,1,554430,Zack Wheeler,669062.0,Erik Miller,663546.0,621381.0,2395,Oracle Park,night,R
746468,2024-05-28,2024,PIT,DET,134,116,0,0,0,0,9,0,683003,Jared Jones,669373.0,Tarik Skubal,,,2394,Comerica Park,night,R
746467,2024-05-29,2024,PIT,DET,134,116,0,8,8,1,9,0,683003,Jared Jones,669373.0,Tarik Skubal,669373.0,683003.0,2394,Comerica Park,day,R
746468,2024-05-29,2024,PIT,DET,134,116,10,2,12,0,9,0,694973,Paul Skenes,672456.0,Keider Montero,694973.0,672456.0,2394,Comerica Park,day,R
746706,2024-05-29,2024,STL,CIN,138,113,5,3,8,0,9,0,669467,Andre Pallante,593423.0,Frankie Montas,669467.0,593423.0,2602,Great American Ball Park,day,R
745011,2024-05-29,2024,ARI,TEX,109,140,1,6,7,1,9,0,669194,Ryne Nelson,641540.0,Dane Dunning,641540.0,669194.0,5325,Globe Life Field,day,R
745333,2024-05-29,2024,PHI,SF,143,137,6,1,7,0,9,0,650911,Cristopher Sánchez,690986.0,Kyle Harrison,650911.0,690986.0,2395,Oracle Park,day,R
745817,2024-05-29,2024,LAD,NYM,119,121,10,3,13,0,9,0,572020,James Paxton,656849.0,David Peterson,595014.0,493603.0,3289,Citi Field,day,R
745414,2024-05-29,2024,MIA,SD,146,135,9,1,10,0,9,0,666129,Braxton Garrett,506433.0,Yu Darvish,666129.0,506433.0,2680,Petco Park,day,R
747031,2024-05-29,2024,BOS,BAL,111,110,1,6,7,1,9,0,676710,Kutter Crawford,669203.0,Corbin Burnes,669203.0,676710.0,2,Oriole Park at Camden Yards,night,R
745084,2024-05-29,2024,OAK,TB,133,139,3,4,7,1,9,0,683155,Joey Estes,686752.0,Ryan Pepiot,664126.0,547184.0,12,Tropicana Field,night,R
747117,2024-05-29,2024,WSH,ATL,120,144,7,2,9,0,9,0,669022,MacKenzie Gore,680885.0,Spencer Schwellenbach,669022.0,680885.0,4705,Truist Park,night,R
745900,2024-05-29,2024,KC,MIN,118,142,6,1,7,0,9,0,607625,Seth Lugo,641927.0,Bailey Ober,607625.0,641927.0,3312,Target Field,night,R
746790,2024-05-29,2024,TOR,CWS,141,145,3,1,4,0,9,0,666201,Alek Manoah,623167.0,Chris Flexen,670950.0,623167.0,4,Guaranteed Rate Field,night,R
745988,2024-05-29,2024,CHC,MIL,112,158,6,10,16,1,9,0,684007,Shota Imanaga,669060.0,Bryse Wilson,657649.0,684007.0,32,American Family Field,night,R
746551,2024-05-30,2024,CLE,COL,114,115,4,7,11,1,9,0,671106,Logan Allen,621389.0,Ty Blach,621389.0,671106.0,19,Coors Field,night,R
746228,2024-05-30,2024,NYY,LAA,147,108,2,1,3,0,9,0,661563,Luis Gil,542881.0,Tyler Anderson,661563.0,542881.0,1,Angel Stadium,night,R
745250,2024-05-30,2024,HOU,SEA,117,136,1,2,3,1,10,1,434378,Justin Verlander,669923.0,George Kirby,657508.0,605463.0,680,T-Mobile Park,night,R
745081,2024-05-30,2024,OAK,TB,133,139,5,6,11,1,12,1,663687,Hogan Harris,542888.0,Shawn Armstrong,663992.0,621053.0,12,Tropicana Field,day,R
745898,2024-05-30,2024,KC,MIN,118,142,6,7,13,1,9,0,663738,Daniel Lynch IV,663978.0,Chris Paddack,573204.0,608717.0,3312,Target Field,day,R
745985,2024-05-30,2024,CHC,MIL,112,158,4,6,10,1,9,0,592791,Jameson Taillon,607067.0,Colin Rea,663542.0,681432.0,32,American Family Field,day,R
745249,2024-05-30,2024,HOU,SEA,117,136,4,0,4,0,9,0,681293,Spencer Arrighetti,669302.0,Logan Gilbert,681293.0,669302.0,680,T-Mobile Park,day,R
746954,2024-05-30,2024,DET,BOS,116,111,5,0,5,0,9,0,656427,Jack Flaherty,601713.0,Nick Pivetta,656427.0,601713.0,3,Fenway Park,night,R
745819,2024-05-30,2024,ARI,NYM,109,121,2,3,5,1,9,0,668678,Zac Gallen,681035.0,Christian Scott,664849.0,657044.0,3289,Citi Field,night,R
747114,2024-05-30,2024,WSH,ATL,120,144,3,1,4,0,9,0,592866,Trevor Williams,678061.0,Ray Kerr,592866.0,678061.0,4705,Truist Park,night,R
746225,2024-05-31,2024,NYY,LAA,147,108,8,3,11,0,9,0,607074,Carlos Rodón,663776.0,Patrick Sandoval,607074.0,663776.0,1,Angel Stadium,night,R
746877,2024-05-31,2024,CIN,CHC,113,112,5,4,9,0,9,0,668933,Graham Ashcraft,665871.0,Javier Assad,518585.0,592767.0,17,Wrigley Field,day,R
745574,2024-05-31,2024,STL,PHI,138,143,2,4,6,1,9,0,571945,Miles Mikolas,605400.0,Aaron Nola,605400.0,571945.0,2681,Citizens Bank Park,night,R
747032,2024-05-31,2024,TB,BAL,139,110,1,3,4,1,9,0,650644,Aaron Civale,544150.0,Albert Suárez,672335.0,663992.0,2,Oriole Park at Camden Yards,night,R
744928,2024-05-31,2024,PIT,TOR,134,141,3,5,8,1,14,1,663559,Bailey Falter,621244.0,José Berríos,650893.0,693312.0,14,Rogers Centre,night,R
746955,2024-05-31,2024,DET,BOS,116,111,3,7,10,1,9,0,628317,Kenta Maeda,656557.0,Tanner Houck,656557.0,628317.0,3,Fenway Park,night,R
746635,2024-05-31,2024,WSH,CLE,120,114,1,7,8,1,9,0,571578,Patrick Corbin,676440.0,Tanner Bibee,676440.0,571578.0,5,Progressive Field,night,R
745820,2024-05-31,2024,ARI,NYM,109,121,9,10,19,1,9,0,656756,Jordan Montgomery,622663.0,Luis Severino,622663.0,656756.0,3289,Citi Field,night,R
746059,2024-05-31,2024,TEX,MIA,140,146,2,8,10,1,9,0,570632,José Ureña,664350.0,Sixto Sánchez,686539.0,570632.0,4169,loanDepot park,night,R
747116,2024-05-31,2024,OAK,ATL,133,144,2,4,6,1,9,0,676664,JP Sears,625643.0,Reynaldo López,625643.0,676664.0,4705,Truist Park,night,R
746303,2024-06-01,2024,SD,KC,135,118,11,8,19,0,9,0,656302,Dylan Cease,608379.0,Michael Wacha,673513.0,670167.0,7,Kauffman Stadium,night,R
746387,2024-06-01,2024,MIN,HOU,142,117,6,1,7,0,9,0,641154,Pablo López,669854.0,Ronel Blanco,641154.0,669854.0,2392,Minute Maid Park,night,R
745983,2024-06-01,2024,CWS,MIL,145,158,5,12,17,1,9,0,607200,Erick Fedde,668964.0,Tobias Myers,660600.0,647336.0,32,American Family Field,night,R
746140,2024-06-01,2024,COL,LAD,115,119,4,1,5,0,9,0,641712,Dakota Hudson,621111.0,Walker Buehler,641712.0,621111.0,22,Dodger Stadium,night,R
745253,2024-06-01,2024,LAA,SEA,108,136,4,5,9,1,9,0,667755,José Soriano,693433.0,Bryan Woo,592773.0,519043.0,680,T-Mobile Park,night,R
745331,2024-06-01,2024,NYY,SF,147,137,6,2,8,0,9,0,573186,Marcus Stroman,663855.0,Jordan Hicks,573186.0,663855.0,2395,Oracle Park,night,R
744932,2024-06-01,2024,PIT,TOR,134,141,8,1,9,0,9,0,656605,Mitch Keller,579328.0,Yusei Kikuchi,656605.0,579328.0,14,Rogers Centre,day,R
747029,2024-06-01,2024,TB,BAL,139,110,5,9,14,1,9,0,671737,Taj Bradley,680694.0,Kyle Bradish,657097.0,671737.0,2,Oriole Park at Camden Yards,day,R
746952,2024-06-01,2024,DET,BOS,116,111,3,6,9,1,9,0,681857,Reese Olson,681867.0,Cooper Criswell,681867.0,681857.0,3,Fenway Park,day,R
746629,2024-06-01,2024,WSH,CLE,120,114,2,3,5,1,9,0,680730,Mitchell Parker,594902.0,Ben Lively,594902.0,680730.0,5,Progressive Field,day,R
745812,2024-06-01,2024,ARI,NYM,109,121,10,5,15,0,9,0,677944,Slade Cecconi,640455.0,Sean Manaea,656464.0,640455.0,3289,Citi Field,day,R
746305,2024-06-01,2024,SD,KC,135,118,7,3,10,0,9,0,681190,Randy Vásquez,679525.0,Alec Marsh,681190.0,679525.0,7,Kauffman Stadium,day,R
746384,2024-06-01,2024,MIN,HOU,142,117,2,5,7,1,9,0,657746,Joe Ryan,664285.0,Framber Valdez,664285.0,657746.0,2392,Minute Maid Park,day,R
747111,2024-06-01,2024,OAK,ATL,133,144,11,9,20,0,9,0,605156,Aaron Brooks,519242.0,Chris Sale,547184.0,623474.0,4705,Truist Park,day,R
746062,2024-06-01,2024,TEX,MIA,140,146,7,0,7,0,9,0,547179,Michael Lorenzen,677960.0,Ryan Weathers,547179.0,677960.0,4169,loanDepot park,day,R
745980,2024-06-01,2024,CWS,MIL,145,158,3,4,7,1,10,1,676979,Garrett Crochet,688107.0,Robert Gasser,571948.0,656629.0,32,American Family Field,day,R
746870,2024-06-01,2024,CIN,CHC,113,112,5,7,12,1,9,0,668881,Hunter Greene,657006.0,Justin Steele,643410.0,608371.0,17,Wrigley Field,night,R
745251,2024-06-01,2024,LAA,SEA,108,136,0,9,9,1,9,0,672282,Reid Detmers,682243.0,Bryce Miller,682243.0,672282.0,680,T-Mobile Park,day,R
745575,2024-06-01,2024,STL,PHI,138,143,1,6,7,1,9,0,543243,Sonny Gray,624133.0,Ranger Suárez,605513.0,543243.0,2681,Citizens Bank Park,night,R
745332,2024-06-02,2024,NYY,SF,147,137,7,3,10,0,9,0,547001,Cody Poteet,657277.0,Logan Webb,547001.0,657277.0,2395,Oracle Park,night,R
746138,2024-06-02,2024,COL,LAD,115,119,1,4,5,1,9,0,615698,Cal Quantrill,808967.0,Yoshinobu Yamamoto,808967.0,615698.0,22,Dodger Stadium,night,R
746383,2024-06-02,2024,MIN,HOU,142,117,4,3,7,0,9,0,680573,Simeon Woods Richardson,686613.0,Hunter Brown,595345.0,519151.0,2392,Minute Maid Park,day,R
746953,2024-06-02,2024,DET,BOS,116,111,8,4,12,0,10,1,663554,Casey Mize,678394.0,Brayan Bello,605177.0,592155.0,3,Fenway Park,day,R
747030,2024-06-02,2024,TB,BAL,139,110,4,3,7,0,9,0,641793,Zack Littell,608344.0,Cole Irvin,542888.0,622253.0,2,Oriole Park at Camden Yards,day,R
747110,2024-06-02,2024,OAK,ATL,133,144,1,3,4,1,9,0,665622,Luis Medina,450203.0,Charlie Morton,669276.0,613534.0,4705,Truist Park,day,R
744929,2024-06-02,2024,PIT,TOR,134,141,4,5,9,1,9,0,682990,Quinn Priester,605135.0,Chris Bassitt,605135.0,682990.0,14,Rogers Centre,day,R
746632,2024-06-02,2024,WSH,CLE,120,114,5,2,7,0,9,0,663623,Jake Irvin,471911.0,Carlos Carrasco,663623.0,471911.0,5,Progressive Field,day,R
745813,2024-06-02,2024,ARI,NYM,109,121,5,4,9,0,9,0,694297,Brandon Pfaadt,500779.0,Jose Quintana,679885.0,518617.0,3289,Citi Field,day,R
746061,2024-06-02,2024,TEX,MIA,140,146,6,0,6,0,9,0,571760,Andrew Heaney,669432.0,Trevor Rogers,571760.0,669432.0,4169,loanDepot park,day,R
746301,2024-06-02,2024,SD,KC,135,118,3,4,7,1,9,0,650633,Michael King,666142.0,Cole Ragans,694361.0,673513.0,7,Kauffman Stadium,day,R
745984,2024-06-02,2024,CWS,MIL,145,158,3,6,9,1,9,0,680897,Nick Nastrini,642547.0,Freddy Peralta,642547.0,680897.0,32,American Family Field,day,R
746871,2024-06-02,2024,CIN,CHC,113,112,5,2,7,0,9,0,666157,Nick Lodolo,676962.0,Ben Brown,666157.0,676962.0,17,Wrigley Field,day,R
745330,2024-06-02,2024,NYY,SF,147,137,7,5,12,0,9,0,641482,Nestor Cortes,605483.0,Blake Snell,543859.0,666808.0,2395,Oracle Park,day,R
746141,2024-06-02,2024,COL,LAD,115,119,0,4,4,1,9,0,596295,Austin Gomber,694813.0,Gavin Stone,694813.0,596295.0,22,Dodger Stadium,day,R
745252,2024-06-02,2024,LAA,SEA,108,136,1,5,6,1,9,0,656288,Griffin Canning,622491.0,Luis Castillo,622491.0,656288.0,680,T-Mobile Park,day,R
745572,2024-06-02,2024,STL,PHI,138,143,5,4,9,0,10,1,458681,Lance Lynn,592836.0,Taijuan Walker,667463.0,642397.0,2681,Citizens Bank Park,night,R
745569,2024-06-03,2024,MIL,PHI,158,143,1,3,4,1,9,0,657649,Jared Koenig,554430.0,Zack Wheeler,554430.0,669060.0,2681,Citizens Bank Park,night,R
744854,2024-06-03,2024,NYM,WSH,121,120,8,7,15,0,9,0,656731,Tylor Megill,669022.0,MacKenzie Gore,656731.0,669022.0,3309,Nationals Park,night,R
744930,2024-06-03,2024,BAL,TOR,110,141,7,2,9,0,9,0,680570,Grayson Rodriguez,592332.0,Kevin Gausman,680570.0,592332.0,14,Rogers Centre,night,R
745009,2024-06-04,2024,DET,TEX,116,140,2,1,3,0,9,0,669373,Tarik Skubal,543135.0,Nathan Eovaldi,689225.0,600917.0,5325,Globe Life Field,night,R
746382,2024-06-04,2024,STL,HOU,138,117,4,7,11,1,9,0,502043,Kyle Gibson,434378.0,Justin Verlander,606160.0,668941.0,2392,Minute Maid Park,night,R
746548,2024-06-04,2024,CIN,COL,113,115,13,3,16,0,9,0,671096,Andrew Abbott,663372.0,Ryan Feltner,671096.0,663372.0,19,Coors Field,night,R
746224,2024-06-04,2024,SD,LAA,135,108,1,2,3,1,9,0,663362,Matt Waldron,542881.0,Tyler Anderson,519326.0,670970.0,1,Angel Stadium,night,R
747194,2024-06-04,2024,SF,ARI,137,109,2,4,6,1,9,0,669062,Erik Miller,669194.0,Ryne Nelson,657044.0,678495.0,15,Chase Field,night,R
746630,2024-06-04,2024,KC,CLE,118,114,5,8,13,1,9,0,607625,Seth Lugo,663474.0,Triston McKenzie,671922.0,669674.0,5,Progressive Field,night,R
745497,2024-06-04,2024,LAD,PIT,119,134,0,1,1,1,9,0,607192,Tyler Glasnow,683003.0,Jared Jones,683003.0,607192.0,31,PNC Park,night,R
746060,2024-06-04,2024,TB,MIA,139,146,9,5,14,0,9,0,686752,Ryan Pepiot,666200.0,Jesús Luzardo,686752.0,666200.0,4169,loanDepot park,night,R
745568,2024-06-04,2024,MIL,PHI,158,143,1,2,3,1,10,1,657649,Jared Koenig,650911.0,Cristopher Sánchez,622554.0,606303.0,2681,Citizens Bank Park,night,R
744850,2024-06-04,2024,NYM,WSH,121,120,6,3,9,0,9,0,656849,David Peterson,687792.0,DJ Herz,656849.0,687792.0,3309,Nationals Park,night,R
745739,2024-06-04,2024,MIN,NYY,142,147,1,5,6,1,9,0,641927,Bailey Ober,661563.0,Luis Gil,661563.0,641927.0,3313,Yankee Stadium,night,R
744931,2024-06-04,2024,BAL,TOR,110,141,10,1,11,0,9,0,669203,Corbin Burnes,670950.0,Trevor Richards,669203.0,650893.0,14,Rogers Centre,night,R
746949,2024-06-04,2024,ATL,BOS,144,111,8,3,11,0,9,0,608331,Max Fried,676710.0,Kutter Crawford,608331.0,676710.0,3,Fenway Park,night,R
745010,2024-06-05,2024,DET,TEX,116,140,3,1,4,0,9,0,656427,Jack Flaherty,641540.0,Dane Dunning,656427.0,641540.0,5325,Globe Life Field,night,R
746872,2024-06-05,2024,CWS,CHC,145,112,6,7,13,1,9,0,623167,Chris Flexen,684007.0,Shota Imanaga,681432.0,673929.0,17,Wrigley Field,night,R
746380,2024-06-05,2024,STL,HOU,138,117,5,8,13,1,9,0,669467,Andre Pallante,681293.0,Spencer Arrighetti,605463.0,669467.0,2392,Minute Maid Park,night,R
746550,2024-06-05,2024,CIN,COL,113,115,4,1,5,0,9,0,593423,Frankie Montas,621389.0,Ty Blach,593423.0,621389.0,19,Coors Field,night,R
746222,2024-06-05,2024,SD,LAA,135,108,2,4,6,1,9,0,800049,Adam Mazur,663776.0,Patrick Sandoval,519043.0,673513.0,1,Angel Stadium,night,R
745656,2024-06-05,2024,SEA,OAK,136,133,4,3,7,0,9,0,669923,George Kirby,687765.0,Mitch Spence,669923.0,687765.0,10,Oakland Coliseum,night,R
747196,2024-06-05,2024,SF,ARI,137,109,5,8,13,1,9,0,690986,Kyle Harrison,686796.0,Blake Walston,656464.0,690986.0,15,Chase Field,night,R
746950,2024-06-05,2024,ATL,BOS,144,111,0,9,9,1,9,0,680885,Spencer Schwellenbach,601713.0,Nick Pivetta,601713.0,680885.0,3,Fenway Park,day,R
746379,2024-06-05,2024,STL,HOU,138,117,4,2,6,0,9,0,571945,Miles Mikolas,669854.0,Ronel Blanco,571945.0,669854.0,2392,Minute Maid Park,day,R
746544,2024-06-05,2024,CIN,COL,113,115,12,7,19,0,9,0,668933,Graham Ashcraft,641712.0,Dakota Hudson,518585.0,656222.0,19,Coors Field,day,R
747195,2024-06-05,2024,SF,ARI,137,109,9,3,12,0,9,0,663855,Jordan Hicks,656756.0,Jordan Montgomery,663546.0,656756.0,15,Chase Field,day,R
744852,2024-06-05,2024,NYM,WSH,121,120,9,1,10,0,9,0,622663,Luis Severino,571578.0,Patrick Corbin,622663.0,571578.0,3309,Nationals Park,day,R
745570,2024-06-05,2024,MIL,PHI,158,143,0,2,2,1,9,0,676879,Aaron Ashby,605400.0,Aaron Nola,605400.0,676879.0,2681,Citizens Bank Park,day,R
745494,2024-06-05,2024,LAD,PIT,119,134,6,10,16,1,9,0,572020,James Paxton,694973.0,Paul Skenes,694973.0,572020.0,31,PNC Park,night,R
746056,2024-06-05,2024,TB,MIA,139,146,5,3,8,0,9,0,621107,Zach Eflin,666129.0,Braxton Garrett,663992.0,666129.0,4169,loanDepot park,night,R
745740,2024-06-05,2024,MIN,NYY,142,147,5,9,14,1,9,0,663978,Chris Paddack,607074.0,Carlos Rodón,607074.0,663978.0,3313,Yankee Stadium,night,R
744927,2024-06-05,2024,BAL,TOR,110,141,2,3,5,1,9,0,544150,Albert Suárez,621244.0,José Berríos,554340.0,518886.0,14,Rogers Centre,night,R
745007,2024-06-06,2024,DET,TEX,116,140,1,9,10,1,9,0,628317,Kenta Maeda,570632.0,José Ureña,570632.0,666214.0,5325,Globe Life Field,night,R
746873,2024-06-06,2024,CWS,CHC,145,112,6,7,13,1,9,0,607200,Erick Fedde,592791.0,Jameson Taillon,593576.0,656629.0,17,Wrigley Field,night,R
746221,2024-06-06,2024,SD,LAA,135,108,2,3,5,1,9,0,656302,Dylan Cease,667755.0,José Soriano,667755.0,656302.0,1,Angel Stadium,night,R
745654,2024-06-06,2024,SEA,OAK,136,133,1,2,3,1,9,0,669302,Logan Gilbert,683155.0,Joey Estes,683155.0,669302.0,10,Oakland Coliseum,night,R
746628,2024-06-05,2024,KC,CLE,118,114,0,0,0,0,9,0,663903,Brady Singer,680704.0,Nick Sandlin,,,5,Progressive Field,night,R
744923,2024-06-06,2024,BAL,TOR,110,141,5,6,11,1,9,0,700249,Cade Povich,579328.0,Yusei Kikuchi,579328.0,700249.0,14,Rogers Centre,day,R
746631,2024-06-06,2024,KC,CLE,118,114,4,3,7,0,9,0,663903,Brady Singer,676440.0,Tanner Bibee,669674.0,683769.0,5,Progressive Field,day,R
745657,2024-06-06,2024,SEA,OAK,136,133,3,0,3,0,9,0,693433,Bryan Woo,676664.0,JP Sears,693433.0,676664.0,10,Oakland Coliseum,day,R
745495,2024-06-06,2024,LAD,PIT,119,134,11,7,18,0,9,0,621111,Walker Buehler,663559.0,Bailey Falter,675627.0,663559.0,31,PNC Park,night,R
744844,2024-06-06,2024,ATL,WSH,144,120,5,2,7,0,9,0,625643,Reynaldo López,680730.0,Mitchell Parker,607481.0,640451.0,3309,Nationals Park,night,R
745738,2024-06-06,2024,MIN,NYY,142,147,5,8,13,1,9,0,641154,Pablo López,573186.0,Marcus Stroman,596133.0,641154.0,3313,Yankee Stadium,night,R
746707,2024-06-06,2024,CHC,CIN,112,113,4,8,12,1,9,0,665871,Javier Assad,668881.0,Hunter Greene,668881.0,665871.0,2602,Great American Ball Park,night,R
745174,2024-06-06,2024,COL,STL,115,138,3,2,5,0,9,0,615698,Cal Quantrill,543243.0,Sonny Gray,615698.0,543243.0,2889,Busch Stadium,night,R
746784,2024-06-07,2024,BOS,CWS,111,145,14,2,16,0,9,0,656557,Tanner Houck,663765.0,Jake Woodford,656557.0,663765.0,4,Guaranteed Rate Field,night,R
745408,2024-06-07,2024,ARI,SD,109,135,4,3,7,0,9,0,677944,Slade Cecconi,681190.0,Randy Vásquez,656464.0,669093.0,2680,Petco Park,night,R
745169,2024-06-07,2024,COL,STL,115,138,5,8,13,1,9,0,596295,Austin Gomber,458681.0,Lance Lynn,668941.0,571539.0,2889,Busch Stadium,day,R
745496,2024-06-07,2024,MIN,PIT,142,134,0,3,3,1,9,0,657746,Joe Ryan,656605.0,Mitch Keller,656605.0,657746.0,31,PNC Park,night,R
746466,2024-06-07,2024,MIL,DET,158,116,10,0,10,0,9,0,668964,Tobias Myers,681857.0,Reese Olson,668964.0,681857.0,2394,Comerica Park,night,R
744845,2024-06-07,2024,ATL,WSH,144,120,1,2,3,1,9,0,519242,Chris Sale,663623.0,Jake Irvin,663623.0,519242.0,3309,Nationals Park,night,R
745083,2024-06-07,2024,BAL,TB,110,139,6,3,9,0,9,0,608344,Cole Irvin,650644.0,Aaron Civale,608344.0,650644.0,12,Tropicana Field,night,R
745737,2024-06-07,2024,LAD,NYY,119,147,2,1,3,0,11,1,808967,Yoshinobu Yamamoto,547001.0,Cody Poteet,675627.0,641656.0,3313,Yankee Stadium,night,R
746704,2024-06-07,2024,CHC,CIN,112,113,2,3,5,1,9,0,657006,Justin Steele,666157.0,Nick Lodolo,666157.0,657006.0,2602,Great American Ball Park,night,R
746053,2024-06-07,2024,CLE,MIA,114,146,2,3,5,1,9,0,671106,Logan Allen,677960.0,Ryan Weathers,656945.0,671922.0,4169,loanDepot park,night,R
745008,2024-06-08,2024,SF,TEX,137,140,5,2,7,0,9,0,657277,Logan Webb,547179.0,Michael Lorenzen,657277.0,502085.0,5325,Globe Life Field,night,R
746302,2024-06-08,2024,SEA,KC,136,118,9,10,19,1,9,0,682243,Bryce Miller,663738.0,Daniel Lynch IV,623433.0,592773.0,7,Kauffman Stadium,night,R
746785,2024-06-08,2024,BOS,CWS,111,145,2,7,9,1,9,0,681867,Cooper Criswell,676979.0,Garrett Crochet,676979.0,681867.0,4,Guaranteed Rate Field,night,R
746220,2024-06-08,2024,HOU,LAA,117,108,7,1,8,0,9,0,664285,Framber Valdez,656288.0,Griffin Canning,664285.0,656288.0,1,Angel Stadium,night,R
745406,2024-06-08,2024,ARI,SD,109,135,3,10,13,1,9,0,694297,Brandon Pfaadt,650633.0,Michael King,650633.0,694297.0,2680,Petco Park,night,R
745655,2024-06-08,2024,TOR,OAK,141,133,1,2,3,1,9,0,605135,Chris Bassitt,663687.0,Hogan Harris,695243.0,643338.0,10,Oakland Coliseum,night,R
745814,2024-06-08,2024,PHI,NYM,143,121,7,2,9,0,9,0,624133,Ranger Suárez,640455.0,Sean Manaea,624133.0,640455.0,5381,London Stadium,night,R
745001,2024-06-08,2024,SF,TEX,137,140,3,1,4,0,9,0,675921,Spencer Howard,571760.0,Andrew Heaney,669062.0,571760.0,5325,Globe Life Field,day,R
745492,2024-06-08,2024,MIN,PIT,142,134,0,4,4,1,9,0,680573,Simeon Woods Richardson,669387.0,Carmen Mlodzinski,676702.0,680573.0,31,PNC Park,day,R
744848,2024-06-08,2024,ATL,WSH,144,120,3,7,10,1,9,0,450203,Charlie Morton,669022.0,MacKenzie Gore,669022.0,450203.0,3309,Nationals Park,day,R
745652,2024-06-08,2024,TOR,OAK,141,133,7,0,7,0,9,0,592332,Kevin Gausman,665622.0,Luis Medina,592332.0,665622.0,10,Oakland Coliseum,day,R
746703,2024-06-08,2024,CHC,CIN,112,113,3,4,7,1,9,0,676962,Ben Brown,671096.0,Andrew Abbott,671096.0,676962.0,2602,Great American Ball Park,day,R
746300,2024-06-08,2024,SEA,KC,136,118,4,8,12,1,9,0,622491,Luis Castillo,679525.0,Alec Marsh,679525.0,622491.0,7,Kauffman Stadium,day,R
745082,2024-06-08,2024,BAL,TB,110,139,5,0,5,0,9,0,680694,Kyle Bradish,671737.0,Taj Bradley,680694.0,671737.0,12,Tropicana Field,day,R
746786,2024-06-08,2024,BOS,CWS,111,145,1,6,7,1,9,0,678394,Brayan Bello,680897.0,Nick Nastrini,621383.0,678394.0,4,Guaranteed Rate Field,day,R
746461,2024-06-08,2024,MIL,DET,158,116,5,4,9,0,9,0,642547,Freddy Peralta,663554.0,Casey Mize,657649.0,663554.0,2394,Comerica Park,day,R
745166,2024-06-08,2024,COL,STL,115,138,6,5,11,0,9,0,663372,Ryan Feltner,502043.0,Kyle Gibson,680767.0,552640.0,2889,Busch Stadium,day,R
746057,2024-06-08,2024,CLE,MIA,114,146,8,0,8,0,9,0,594902,Ben Lively,682610.0,Roddery Muñoz,594902.0,682610.0,4169,loanDepot park,night,R
745735,2024-06-08,2024,LAD,NYY,119,147,11,3,14,0,9,0,694813,Gavin Stone,641482.0,Nestor Cortes,694813.0,641482.0,3313,Yankee Stadium,night,R
745410,2024-06-09,2024,ARI,SD,109,135,1,13,14,1,9,0,669194,Ryne Nelson,663362.0,Matt Waldron,663362.0,669194.0,2680,Petco Park,night,R
746223,2024-06-09,2024,HOU,LAA,117,108,6,1,7,0,9,0,686613,Hunter Brown,542881.0,Tyler Anderson,686613.0,542881.0,1,Angel Stadium,night,R
745571,2024-06-09,2024,NYM,PHI,121,143,6,5,11,0,9,0,500779,Jose Quintana,592836.0,Taijuan Walker,657585.0,621237.0,5381,London Stadium,day,R
745003,2024-06-09,2024,SF,TEX,137,140,2,7,9,1,9,0,676775,Keaton Winn,543135.0,Nathan Eovaldi,543135.0,676775.0,5325,Globe Life Field,day,R
745491,2024-06-09,2024,MIN,PIT,142,134,11,5,16,0,10,1,641927,Bailey Ober,683003.0,Jared Jones,661395.0,621294.0,31,PNC Park,day,R
744849,2024-06-09,2024,ATL,WSH,144,120,5,8,13,1,9,0,694462,Hurston Waldrep,687792.0,DJ Herz,606930.0,694462.0,3309,Nationals Park,day,R
746705,2024-06-09,2024,CHC,CIN,112,113,4,2,6,0,9,0,684007,Shota Imanaga,593423.0,Frankie Montas,684007.0,593423.0,2602,Great American Ball Park,day,R
745085,2024-06-09,2024,BAL,TB,110,139,9,2,11,0,9,0,680570,Grayson Rodriguez,641793.0,Zack Littell,680570.0,641793.0,12,Tropicana Field,day,R
746054,2024-06-09,2024,CLE,MIA,114,146,6,3,9,0,9,0,471911,Carlos Carrasco,669432.0,Trevor Rogers,680704.0,640462.0,4169,loanDepot park,day,R
746463,2024-06-09,2024,MIL,DET,158,116,2,10,12,1,9,0,669060,Bryse Wilson,669373.0,Tarik Skubal,669373.0,669060.0,2394,Comerica Park,day,R
746297,2024-06-09,2024,SEA,KC,136,118,6,5,11,0,10,1,669923,George Kirby,666142.0,Cole Ragans,657508.0,663704.0,7,Kauffman Stadium,day,R
746787,2024-06-09,2024,BOS,CWS,111,145,6,4,10,0,10,1,677161,Zack Kelly,623167.0,Chris Flexen,445276.0,647336.0,4,Guaranteed Rate Field,day,R
745167,2024-06-09,2024,COL,STL,115,138,1,5,6,1,9,0,621389,Ty Blach,669467.0,Andre Pallante,669467.0,621389.0,2889,Busch Stadium,day,R
746216,2024-06-09,2024,HOU,LAA,117,108,7,9,16,1,9,0,434378,Justin Verlander,663776.0,Patrick Sandoval,608032.0,623352.0,1,Angel Stadium,day,R
745651,2024-06-09,2024,TOR,OAK,141,133,6,4,10,0,10,1,670102,Bowden Francis,687765.0,Mitch Spence,554340.0,613534.0,10,Oakland Coliseum,day,R
745407,2024-06-09,2024,ARI,SD,109,135,9,3,12,0,9,0,543518,Scott McGough,800049.0,Adam Mazur,674072.0,800049.0,2680,Petco Park,day,R
745736,2024-06-09,2024,LAD,NYY,119,147,4,6,10,1,9,0,607192,Tyler Glasnow,661563.0,Luis Gil,657571.0,607192.0,3313,Yankee Stadium,night,R
745080,2024-06-10,2024,BAL,TB,110,139,5,2,7,0,9,0,669203,Corbin Burnes,686752.0,Ryan Pepiot,669203.0,686752.0,12,Tropicana Field,night,R
745897,2024-06-10,2024,COL,MIN,115,142,0,5,5,1,9,0,641712,Dakota Hudson,663978.0,Chris Paddack,663978.0,641712.0,3312,Target Field,night,R
746295,2024-06-11,2024,NYY,KC,147,118,4,2,6,0,9,0,607074,Carlos Rodón,607625.0,Seth Lugo,607074.0,607625.0,7,Kauffman Stadium,night,R
745982,2024-06-11,2024,TOR,MIL,141,158,1,3,4,1,9,0,621244,José Berríos,607067.0,Colin Rea,607067.0,621244.0,32,American Family Field,night,R
745409,2024-06-11,2024,OAK,SD,133,135,1,6,7,1,9,0,683155,Joey Estes,656302.0,Dylan Cease,656302.0,683155.0,2680,Petco Park,night,R
745248,2024-06-11,2024,CWS,SEA,145,136,4,8,12,1,9,0,607200,Erick Fedde,669302.0,Logan Gilbert,592773.0,673929.0,680,T-Mobile Park,night,R
745334,2024-06-11,2024,HOU,SF,117,137,3,4,7,1,10,1,681293,Spencer Arrighetti,690986.0,Kyle Harrison,678495.0,606160.0,2395,Oracle Park,night,R
747027,2024-06-11,2024,ATL,BAL,144,110,0,4,4,1,9,0,608331,Max Fried,544150.0,Albert Suárez,544150.0,608331.0,2,Oriole Park at Camden Yards,night,R
746464,2024-06-11,2024,WSH,DET,120,116,5,4,9,0,10,1,680730,Mitchell Parker,628317.0,Kenta Maeda,640448.0,605177.0,2394,Comerica Park,night,R
745077,2024-06-11,2024,CHC,TB,112,139,2,5,7,1,9,0,592791,Jameson Taillon,621107.0,Zach Eflin,606965.0,593576.0,12,Tropicana Field,night,R
746702,2024-06-11,2024,CLE,CIN,114,113,5,3,8,0,9,0,663474,Triston McKenzie,608718.0,Brent Suter,663474.0,607259.0,2602,Great American Ball Park,night,R
746951,2024-06-11,2024,PHI,BOS,143,111,4,1,5,0,9,0,554430,Zack Wheeler,676710.0,Kutter Crawford,554430.0,676710.0,3,Fenway Park,night,R
745815,2024-06-11,2024,MIA,NYM,146,121,4,2,6,0,9,0,666200,Jesús Luzardo,656731.0,Tylor Megill,666200.0,656731.0,3289,Citi Field,night,R
745899,2024-06-11,2024,COL,MIN,115,142,5,4,9,0,9,0,615698,Cal Quantrill,686973.0,Louis Varland,615698.0,573204.0,3312,Target Field,night,R
745170,2024-06-11,2024,PIT,STL,134,138,2,1,3,0,9,0,694973,Paul Skenes,571945.0,Miles Mikolas,670059.0,664854.0,2889,Busch Stadium,night,R
746296,2024-06-12,2024,NYY,KC,147,118,10,1,11,0,9,0,573186,Marcus Stroman,663903.0,Brady Singer,573186.0,663903.0,7,Kauffman Stadium,night,R
745981,2024-06-12,2024,TOR,MIL,141,158,3,0,3,0,9,0,579328,Yusei Kikuchi,692230.0,Carlos Rodriguez,579328.0,692230.0,32,American Family Field,night,R
747190,2024-06-12,2024,LAA,ARI,108,109,4,9,13,1,9,0,660761,José Suarez,656756.0,Jordan Montgomery,656756.0,660761.0,15,Chase Field,night,R
745404,2024-06-12,2024,OAK,SD,133,135,3,4,7,1,9,0,676664,JP Sears,681190.0,Randy Vásquez,663158.0,518397.0,2680,Petco Park,night,R
745244,2024-06-12,2024,CWS,SEA,145,136,3,4,7,1,9,0,689672,Drew Thorpe,646242.0,Jhonathan Díaz,663423.0,605154.0,680,T-Mobile Park,night,R
745327,2024-06-12,2024,HOU,SF,117,137,3,1,4,0,9,0,669854,Ronel Blanco,663855.0,Jordan Hicks,669854.0,663855.0,2395,Oracle Park,night,R
746139,2024-06-12,2024,TEX,LAD,140,119,2,15,17,1,9,0,641540,Dane Dunning,572020.0,James Paxton,572020.0,641540.0,22,Dodger Stadium,night,R
745896,2024-06-12,2024,COL,MIN,115,142,9,17,26,1,9,0,596295,Austin Gomber,641154.0,Pablo López,641154.0,596295.0,3312,Target Field,day,R
745978,2024-06-12,2024,TOR,MIL,141,158,4,5,9,1,9,0,605135,Chris Bassitt,668964.0,Tobias Myers,668964.0,647315.0,32,American Family Field,day,R
745328,2024-06-12,2024,HOU,SF,117,137,3,5,8,1,9,0,664285,Framber Valdez,657277.0,Logan Webb,657277.0,664285.0,2395,Oracle Park,day,R
745405,2024-06-12,2024,OAK,SD,133,135,4,5,9,1,9,0,663687,Hogan Harris,650633.0,Michael King,663158.0,695243.0,2680,Petco Park,day,R
747028,2024-06-12,2024,ATL,BAL,144,110,2,4,6,1,9,0,680885,Spencer Schwellenbach,700249.0,Cade Povich,669211.0,641729.0,2,Oriole Park at Camden Yards,night,R
746462,2024-06-12,2024,WSH,DET,120,116,7,5,12,0,9,0,663623,Jake Irvin,681857.0,Reese Olson,663623.0,681857.0,2394,Comerica Park,night,R
745079,2024-06-12,2024,CHC,TB,112,139,4,3,7,0,9,0,665871,Javier Assad,650644.0,Aaron Civale,668338.0,664076.0,12,Tropicana Field,night,R
746701,2024-06-12,2024,CLE,CIN,114,113,2,4,6,1,9,0,676440,Tanner Bibee,666157.0,Nick Lodolo,666157.0,676440.0,2602,Great American Ball Park,night,R
746948,2024-06-12,2024,PHI,BOS,143,111,6,8,14,1,9,0,650911,Cristopher Sánchez,601713.0,Nick Pivetta,592155.0,614179.0,3,Fenway Park,night,R
745811,2024-06-12,2024,MIA,NYM,146,121,4,10,14,1,9,0,666129,Braxton Garrett,656849.0,David Peterson,656849.0,666129.0,3289,Citi Field,night,R
745171,2024-06-12,2024,PIT,STL,134,138,2,4,6,1,9,0,663559,Bailey Falter,543243.0,Sonny Gray,543243.0,663559.0,2889,Busch Stadium,night,R
746294,2024-06-13,2024,NYY,KC,147,118,11,5,16,0,9,0,547001,Cody Poteet,656186.0,Dan Altavilla,547001.0,656186.0,7,Kauffman Stadium,night,R
747193,2024-06-13,2024,LAA,ARI,108,109,8,3,11,0,9,0,667755,José Soriano,677944.0,Slade Cecconi,667755.0,677944.0,15,Chase Field,night,R
745246,2024-06-13,2024,CWS,SEA,145,136,1,2,3,1,10,1,686563,Jonathan Cannon,682243.0,Bryce Miller,663423.0,621051.0,680,T-Mobile Park,night,R
746137,2024-06-13,2024,TEX,LAD,140,119,3,2,5,0,9,0,592351,Jon Gray,621111.0,Walker Buehler,656641.0,621111.0,22,Dodger Stadium,night,R
747026,2024-06-13,2024,ATL,BAL,144,110,6,3,9,0,9,0,625643,Reynaldo López,608344.0,Cole Irvin,625643.0,608344.0,2,Oriole Park at Camden Yards,day,R
746465,2024-06-13,2024,WSH,DET,120,116,2,7,9,1,9,0,571578,Patrick Corbin,663554.0,Casey Mize,571946.0,571882.0,2394,Comerica Park,day,R
746299,2024-06-13,2024,NYY,KC,147,118,3,4,7,1,9,0,641482,Nestor Cortes,679525.0,Alec Marsh,663704.0,605280.0,7,Kauffman Stadium,day,R
745168,2024-06-13,2024,PIT,STL,134,138,3,4,7,1,9,0,656605,Mitch Keller,458681.0,Lance Lynn,688297.0,656605.0,2889,Busch Stadium,day,R
745075,2024-06-13,2024,CHC,TB,112,139,2,3,5,1,9,0,657006,Justin Steele,671737.0,Taj Bradley,671737.0,643410.0,12,Tropicana Field,night,R
746944,2024-06-13,2024,PHI,BOS,143,111,3,9,12,1,9,0,605400,Aaron Nola,656557.0,Tanner Houck,656557.0,605400.0,3,Fenway Park,night,R
745809,2024-06-13,2024,MIA,NYM,146,121,2,3,5,1,9,0,682610,Roddery Muñoz,622663.0,Luis Severino,621242.0,656945.0,3289,Citi Field,night,R
745894,2024-06-13,2024,OAK,MIN,133,142,2,6,8,1,9,0,665622,Luis Medina,657746.0,Joe Ryan,657746.0,665622.0,3312,Target Field,night,R
747192,2024-06-14,2024,LAA,ARI,108,109,1,11,12,1,9,0,656288,Griffin Canning,694297.0,Brandon Pfaadt,694297.0,656288.0,15,Chase Field,night,R
745245,2024-06-14,2024,CWS,SEA,145,136,3,2,5,0,10,1,676979,Garrett Crochet,676106.0,Emerson Hancock,656629.0,662253.0,680,T-Mobile Park,night,R
746136,2024-06-14,2024,TEX,LAD,140,119,3,1,4,0,9,0,547179,Michael Lorenzen,675627.0,Michael Grove,547179.0,675627.0,22,Dodger Stadium,night,R
746869,2024-06-14,2024,STL,CHC,138,112,3,0,3,0,9,0,502043,Kyle Gibson,696136.0,Jordan Wicks,502043.0,669713.0,17,Wrigley Field,day,R
746947,2024-06-14,2024,NYY,BOS,147,111,8,1,9,0,9,0,661563,Luis Gil,678394.0,Brayan Bello,661563.0,678394.0,3,Fenway Park,night,R
744847,2024-06-14,2024,MIA,WSH,146,120,1,8,9,1,9,0,641312,Shaun Anderson,669022.0,MacKenzie Gore,669022.0,641312.0,3309,Nationals Park,night,R
747025,2024-06-14,2024,PHI,BAL,143,110,5,3,8,0,11,1,624133,Ranger Suárez,680694.0,Kyle Bradish,689147.0,657097.0,2,Oriole Park at Camden Yards,night,R
744924,2024-06-14,2024,CLE,TOR,114,141,3,1,4,0,9,0,671106,Logan Allen,592332.0,Kevin Gausman,671106.0,592332.0,14,Rogers Centre,night,R
745810,2024-06-14,2024,SD,NYM,135,121,1,2,3,1,9,0,663362,Matt Waldron,640455.0,Sean Manaea,640455.0,663362.0,3289,Citi Field,night,R
747112,2024-06-14,2024,TB,ATL,139,144,3,7,10,1,9,0,641793,Zack Littell,519242.0,Chris Sale,519242.0,641793.0,4705,Truist Park,night,R
746378,2024-06-15,2024,DET,HOU,116,117,0,4,4,1,9,0,669373,Tarik Skubal,686613.0,Hunter Brown,686613.0,669373.0,2392,Minute Maid Park,night,R
745892,2024-06-15,2024,OAK,MIN,133,142,5,6,11,1,10,1,687765,Mitch Spence,680573.0,Simeon Woods Richardson,661395.0,518397.0,3312,Target Field,night,R
745979,2024-06-15,2024,CIN,MIL,113,158,6,5,11,0,9,0,668881,Hunter Greene,642547.0,Freddy Peralta,668881.0,642547.0,32,American Family Field,night,R
746545,2024-06-15,2024,PIT,COL,134,115,5,2,7,0,9,0,669387,Carmen Mlodzinski,663372.0,Ryan Feltner,682847.0,663372.0,19,Coors Field,night,R
747191,2024-06-15,2024,CWS,ARI,145,109,1,7,8,1,9,0,623167,Chris Flexen,669194.0,Ryne Nelson,669194.0,623167.0,15,Chase Field,night,R
746134,2024-06-15,2024,KC,LAD,118,119,3,4,7,1,9,0,666142,Cole Ragans,694813.0,Gavin Stone,543339.0,519293.0,22,Dodger Stadium,night,R
745247,2024-06-15,2024,TEX,SEA,140,136,2,3,5,1,9,0,571760,Andrew Heaney,622491.0,Luis Castillo,622491.0,571760.0,680,T-Mobile Park,night,R
745326,2024-06-15,2024,LAA,SF,108,137,8,6,14,0,9,0,542881,Tyler Anderson,675921.0,Spencer Howard,542881.0,675921.0,2395,Oracle Park,night,R
746865,2024-06-15,2024,STL,CHC,138,112,1,5,6,1,9,0,669467,Andre Pallante,684007.0,Shota Imanaga,684007.0,669467.0,17,Wrigley Field,day,R
744925,2024-06-15,2024,CLE,TOR,114,141,0,5,5,1,9,0,471911,Carlos Carrasco,670950.0,Trevor Richards,670102.0,471911.0,14,Rogers Centre,day,R
745329,2024-06-15,2024,LAA,SF,108,137,4,3,7,0,9,0,663776,Patrick Sandoval,676775.0,Keaton Winn,519043.0,676254.0,2395,Oracle Park,day,R
747024,2024-06-15,2024,PHI,BAL,143,110,2,6,8,1,9,0,592836,Taijuan Walker,680570.0,Grayson Rodriguez,680570.0,592836.0,2,Oriole Park at Camden Yards,day,R
744846,2024-06-15,2024,MIA,WSH,146,120,0,4,4,1,9,0,669432,Trevor Rogers,687792.0,DJ Herz,687792.0,669432.0,3309,Nationals Park,day,R
746381,2024-06-15,2024,DET,HOU,116,117,13,5,18,0,9,0,656427,Jack Flaherty,681293.0,Spencer Arrighetti,656427.0,681293.0,2392,Minute Maid Park,day,R
745805,2024-06-15,2024,SD,NYM,135,121,1,5,6,1,9,0,800049,Adam Mazur,500779.0,Jose Quintana,500779.0,800049.0,3289,Citi Field,day,R
747113,2024-06-15,2024,TB,ATL,139,144,2,9,11,1,9,0,686752,Ryan Pepiot,450203.0,Charlie Morton,450203.0,686752.0,4705,Truist Park,day,R
745976,2024-06-15,2024,CIN,MIL,113,158,1,3,4,1,9,0,671096,Andrew Abbott,657649.0,Jared Koenig,669060.0,671096.0,32,American Family Field,day,R
745241,2024-06-15,2024,TEX,SEA,140,136,5,7,12,1,9,0,543135,Nathan Eovaldi,669923.0,George Kirby,669923.0,543135.0,680,T-Mobile Park,day,R
746946,2024-06-15,2024,NYY,BOS,147,111,4,8,12,1,9,0,607074,Carlos Rodón,681867.0,Cooper Criswell,686580.0,607074.0,3,Fenway Park,night,R
746135,2024-06-16,2024,KC,LAD,118,119,7,2,9,0,9,0,607625,Seth Lugo,808967.0,Yoshinobu Yamamoto,607625.0,595014.0,22,Dodger Stadium,night,R
746547,2024-06-16,2024,PIT,COL,134,115,4,16,20,1,9,0,683003,Jared Jones,621389.0,Ty Blach,621389.0,683003.0,19,Coors Field,night,R
747187,2024-06-16,2024,CWS,ARI,145,109,9,2,11,0,9,0,607200,Erick Fedde,543518.0,Scott McGough,607200.0,600986.0,15,Chase Field,night,R
745891,2024-06-15,2024,OAK,MIN,133,142,0,0,0,0,9,0,683155,Joey Estes,641927.0,Bailey Ober,,,3312,Target Field,day,R
746866,2024-06-16,2024,STL,CHC,138,112,2,1,3,0,9,0,571945,Miles Mikolas,592791.0,Jameson Taillon,571945.0,592791.0,17,Wrigley Field,day,R
747023,2024-06-16,2024,PHI,BAL,143,110,3,8,11,1,9,0,554430,Zack Wheeler,669203.0,Corbin Burnes,669203.0,554430.0,2,Oriole Park at Camden Yards,day,R
747109,2024-06-16,2024,TB,ATL,139,144,8,6,14,0,9,0,621107,Zach Eflin,694462.0,Hurston Waldrep,592094.0,628452.0,4705,Truist Park,day,R
744839,2024-06-16,2024,MIA,WSH,146,120,1,3,4,1,9,0,666200,Jesús Luzardo,680730.0,Mitchell Parker,680730.0,666200.0,3309,Nationals Park,day,R
744926,2024-06-16,2024,CLE,TOR,114,141,6,7,13,1,9,0,594902,Ben Lively,621244.0,José Berríos,621244.0,594902.0,14,Rogers Centre,day,R
745807,2024-06-16,2024,SD,NYM,135,121,6,11,17,1,9,0,656302,Dylan Cease,656731.0,Tylor Megill,656731.0,656302.0,3289,Citi Field,day,R
746377,2024-06-16,2024,DET,HOU,116,117,1,4,5,1,9,0,628317,Kenta Maeda,669854.0,Ronel Blanco,669854.0,628317.0,2392,Minute Maid Park,day,R
745895,2024-06-16,2024,OAK,MIN,133,142,2,6,8,1,9,0,676664,JP Sears,641927.0,Bailey Ober,641927.0,676664.0,3312,Target Field,day,R
745891,2024-06-16,2024,OAK,MIN,133,142,7,8,15,1,9,0,683155,Joey Estes,663978.0,Chris Paddack,622251.0,666204.0,3312,Target Field,night,R
745977,2024-06-16,2024,CIN,MIL,113,158,4,5,9,1,9,0,593423,Frankie Montas,607067.0,Colin Rea,607067.0,608371.0,32,American Family Field,day,R
746546,2024-06-16,2024,PIT,COL,134,115,8,2,10,0,9,0,676596,Josh Fleming,641712.0,Dakota Hudson,669387.0,641712.0,19,Coors Field,day,R
745321,2024-06-16,2024,LAA,SF,108,137,6,13,19,1,9,0,690829,Ben Joyce,669062.0,Erik Miller,702352.0,660761.0,2395,Oracle Park,day,R
746130,2024-06-16,2024,KC,LAD,118,119,0,3,3,1,9,0,663903,Brady Singer,607192.0,Tyler Glasnow,607192.0,663903.0,22,Dodger Stadium,day,R
745242,2024-06-16,2024,TEX,SEA,140,136,0,5,5,1,9,0,641540,Dane Dunning,669302.0,Logan Gilbert,669302.0,641540.0,680,T-Mobile Park,day,R
747189,2024-06-16,2024,CWS,ARI,145,109,5,12,17,1,9,0,689672,Drew Thorpe,656756.0,Jordan Montgomery,656756.0,689672.0,15,Chase Field,day,R
746945,2024-06-16,2024,NYY,BOS,147,111,3,9,12,1,9,0,573186,Marcus Stroman,676710.0,Kutter Crawford,676710.0,573186.0,3,Fenway Park,night,R
745490,2024-06-17,2024,CIN,PIT,113,134,1,4,5,1,9,0,686730,Carson Spiers,694973.0,Paul Skenes,694973.0,686730.0,31,PNC Park,night,R
745567,2024-06-17,2024,SD,PHI,135,143,2,9,11,1,9,0,681190,Randy Vásquez,650911.0,Cristopher Sánchez,650911.0,681190.0,2681,Citizens Bank Park,night,R
746055,2024-06-17,2024,STL,MIA,138,146,7,6,13,0,12,1,543243,Sonny Gray,666129.0,Braxton Garrett,552640.0,640462.0,4169,loanDepot park,night,R
744918,2024-06-17,2024,BOS,TOR,111,141,7,3,10,0,9,0,601713,Nick Pivetta,579328.0,Yusei Kikuchi,601713.0,579328.0,14,Rogers Centre,night,R
747108,2024-06-17,2024,DET,ATL,116,144,1,2,3,1,9,0,681857,Reese Olson,608331.0,Max Fried,678226.0,571946.0,4705,Truist Park,night,R
746868,2024-06-18,2024,SF,CHC,137,112,7,6,13,0,9,0,663855,Jordan Hicks,665871.0,Javier Assad,669062.0,593576.0,17,Wrigley Field,night,R
745005,2024-06-18,2024,NYM,TEX,121,140,14,2,16,0,9,0,656849,David Peterson,592351.0,Jon Gray,656849.0,592351.0,5325,Globe Life Field,night,R
746543,2024-06-18,2024,LAD,COL,119,115,9,5,14,0,9,0,572020,James Paxton,615698.0,Cal Quantrill,572020.0,615698.0,19,Coors Field,night,R
746215,2024-06-18,2024,MIL,LAA,158,108,3,5,8,1,9,0,692230,Carlos Rodriguez,668676.0,Zach Plesac,668676.0,692230.0,1,Angel Stadium,night,R
746049,2024-06-18,2024,STL,MIA,138,146,8,9,17,1,10,1,458681,Lance Lynn,682610.0,Roddery Muñoz,676534.0,688297.0,4169,loanDepot park,night,R
745488,2024-06-18,2024,CIN,PIT,113,134,2,1,3,0,9,0,666157,Nick Lodolo,663559.0,Bailey Falter,666157.0,663559.0,31,PNC Park,night,R
746627,2024-06-18,2024,SEA,CLE,136,114,8,5,13,0,9,0,682243,Bryce Miller,663474.0,Triston McKenzie,682243.0,663474.0,5,Progressive Field,night,R
745563,2024-06-18,2024,SD,PHI,135,143,3,4,7,1,9,0,650633,Michael King,605400.0,Aaron Nola,656546.0,663158.0,2681,Citizens Bank Park,night,R
744843,2024-06-18,2024,ARI,WSH,109,120,5,0,5,0,9,0,677944,Slade Cecconi,663623.0,Jake Irvin,677944.0,663623.0,3309,Nationals Park,night,R
745733,2024-06-18,2024,BAL,NYY,110,147,2,4,6,1,9,0,544150,Albert Suárez,641482.0,Nestor Cortes,641482.0,544150.0,3313,Yankee Stadium,night,R
744917,2024-06-18,2024,BOS,TOR,111,141,4,3,7,0,9,0,656557,Tanner Houck,605135.0,Chris Bassitt,677161.0,663893.0,14,Rogers Centre,night,R
747107,2024-06-18,2024,DET,ATL,116,144,1,2,3,1,9,0,663554,Casey Mize,680885.0,Spencer Schwellenbach,680885.0,663554.0,4705,Truist Park,night,R
745893,2024-06-18,2024,TB,MIN,139,142,6,7,13,1,9,0,650644,Aaron Civale,641154.0,Pablo López,661395.0,664126.0,3312,Target Field,night,R
746867,2024-06-19,2024,SF,CHC,137,112,2,5,7,1,9,0,657277,Logan Webb,657006.0,Justin Steele,668338.0,643511.0,17,Wrigley Field,night,R
745004,2024-06-19,2024,NYM,TEX,121,140,7,6,13,0,9,0,622663,Luis Severino,547179.0,Michael Lorenzen,657585.0,489446.0,5325,Globe Life Field,night,R
746783,2024-06-19,2024,HOU,CWS,117,145,0,2,2,1,9,0,664285,Framber Valdez,686563.0,Jonathan Cannon,686563.0,664285.0,4,Guaranteed Rate Field,night,R
746542,2024-06-19,2024,LAD,COL,119,115,11,9,20,0,9,0,621111,Walker Buehler,596295.0,Austin Gomber,656848.0,680767.0,19,Coors Field,night,R
746217,2024-06-19,2024,MIL,LAA,158,108,6,3,9,0,9,0,668964,Tobias Myers,656288.0,Griffin Canning,668964.0,656288.0,1,Angel Stadium,night,R
745650,2024-06-19,2024,KC,OAK,118,133,5,7,12,1,9,0,679525,Alec Marsh,663687.0,Hogan Harris,663687.0,679525.0,10,Oakland Coliseum,night,R
747106,2024-06-19,2024,DET,ATL,116,144,0,7,7,1,9,0,669373,Tarik Skubal,625643.0,Reynaldo López,625643.0,669373.0,4705,Truist Park,day,R
745489,2024-06-19,2024,CIN,PIT,113,134,0,1,1,1,9,0,668881,Hunter Greene,656605.0,Mitch Keller,670059.0,607259.0,31,PNC Park,day,R
746050,2024-06-19,2024,STL,MIA,138,146,3,4,7,1,9,0,669461,Matthew Liberatore,630023.0,Yonny Chirinos,656945.0,681676.0,4169,loanDepot park,day,R
745561,2024-06-19,2024,SD,PHI,135,143,5,2,7,0,9,0,663362,Matt Waldron,624133.0,Ranger Suárez,663362.0,689147.0,2681,Citizens Bank Park,day,R
746864,2024-06-19,2024,SF,CHC,137,112,5,6,11,1,9,0,669062,Erik Miller,543294.0,Kyle Hendricks,543294.0,702352.0,17,Wrigley Field,day,R
744842,2024-06-19,2024,ARI,WSH,109,120,1,3,4,1,9,0,694297,Brandon Pfaadt,571578.0,Patrick Corbin,571882.0,694297.0,3309,Nationals Park,day,R
746625,2024-06-19,2024,SEA,CLE,136,114,0,8,8,1,9,0,693433,Bryan Woo,676440.0,Tanner Bibee,676440.0,693433.0,5,Progressive Field,night,R
745732,2024-06-19,2024,BAL,NYY,110,147,7,6,13,0,10,1,700249,Cade Povich,543037.0,Gerrit Cole,518886.0,605280.0,3313,Yankee Stadium,night,R
744920,2024-06-19,2024,BOS,TOR,111,141,7,3,10,0,9,0,678394,Brayan Bello,592332.0,Kevin Gausman,678394.0,592332.0,14,Rogers Centre,night,R
745887,2024-06-19,2024,TB,MIN,139,142,3,2,5,0,10,1,671737,Taj Bradley,657746.0,Joe Ryan,592094.0,660896.0,3312,Target Field,night,R
745002,2024-06-20,2024,NYM,TEX,121,140,3,5,8,1,9,0,640455,Sean Manaea,571760.0,Andrew Heaney,570632.0,622098.0,5325,Globe Life Field,night,R
746781,2024-06-20,2024,HOU,CWS,117,145,4,1,5,0,9,0,686613,Hunter Brown,676979.0,Garrett Crochet,686613.0,676979.0,4,Guaranteed Rate Field,night,R
746538,2024-06-20,2024,LAD,COL,119,115,6,7,13,1,9,0,676272,Bobby Miller,663372.0,Ryan Feltner,656222.0,670990.0,19,Coors Field,night,R
746219,2024-06-20,2024,MIL,LAA,158,108,2,0,2,0,9,0,642547,Freddy Peralta,542881.0,Tyler Anderson,642547.0,542881.0,1,Angel Stadium,night,R
745646,2024-06-20,2024,KC,OAK,118,133,1,5,6,1,9,0,666142,Cole Ragans,665622.0,Luis Medina,665622.0,666142.0,10,Oakland Coliseum,night,R
744841,2024-06-20,2024,ARI,WSH,109,120,5,2,7,0,9,0,669194,Ryne Nelson,669022.0,MacKenzie Gore,669194.0,669022.0,3309,Nationals Park,day,R
746626,2024-06-20,2024,SEA,CLE,136,114,3,6,9,1,9,0,622491,Luis Castillo,671106.0,Logan Allen,671106.0,622491.0,5,Progressive Field,day,R
745889,2024-06-20,2024,TB,MIN,139,142,7,6,13,0,10,1,641793,Zack Littell,680573.0,Simeon Woods Richardson,664126.0,643377.0,3312,Target Field,day,R
746782,2024-06-20,2024,HOU,CWS,117,145,5,3,8,0,9,0,681293,Spencer Arrighetti,623167.0,Chris Flexen,605463.0,621051.0,4,Guaranteed Rate Field,day,R
746539,2024-06-20,2024,LAD,COL,119,115,5,3,8,0,9,0,694813,Gavin Stone,621389.0,Ty Blach,694813.0,621389.0,19,Coors Field,day,R
745645,2024-06-20,2024,KC,OAK,118,133,3,2,5,0,9,0,607625,Seth Lugo,687765.0,Mitch Spence,663704.0,657697.0,10,Oakland Coliseum,day,R
745734,2024-06-20,2024,BAL,NYY,110,147,17,5,22,0,9,0,608344,Cole Irvin,661563.0,Luis Gil,641329.0,661563.0,3313,Yankee Stadium,day,R
745164,2024-06-20,2024,SF,STL,137,138,5,6,11,1,9,0,676775,Keaton Winn,669467.0,Andre Pallante,669467.0,676775.0,3949,Rickwood Field,night,R
745401,2024-06-21,2024,MIL,SD,158,135,6,7,13,1,9,0,669060,Bryse Wilson,800049.0,Adam Mazur,669093.0,606303.0,2680,Petco Park,night,R
746861,2024-06-21,2024,NYM,CHC,121,112,11,1,12,0,9,0,500779,Jose Quintana,684007.0,Shota Imanaga,500779.0,684007.0,17,Wrigley Field,day,R
745483,2024-06-21,2024,TB,PIT,139,134,10,3,13,0,9,0,686752,Ryan Pepiot,669387.0,Carmen Mlodzinski,621363.0,669387.0,31,PNC Park,night,R
745562,2024-06-21,2024,ARI,PHI,109,143,5,4,9,0,9,0,656756,Jordan Montgomery,592836.0,Taijuan Walker,656756.0,592836.0,2681,Citizens Bank Park,night,R
746460,2024-06-21,2024,CWS,DET,145,116,1,2,3,1,9,0,607200,Erick Fedde,656427.0,Jack Flaherty,656427.0,607200.0,2394,Comerica Park,night,R
745729,2024-06-21,2024,ATL,NYY,144,147,8,1,9,0,9,0,519242,Chris Sale,607074.0,Carlos Rodón,519242.0,607074.0,3313,Yankee Stadium,night,R
746698,2024-06-21,2024,BOS,CIN,111,113,2,5,7,1,9,0,676710,Kutter Crawford,671096.0,Andrew Abbott,671096.0,676710.0,2602,Great American Ball Park,night,R
746624,2024-06-21,2024,TOR,CLE,141,114,1,7,8,1,9,0,684320,Yariel Rodríguez,471911.0,Carlos Carrasco,471911.0,684320.0,5,Progressive Field,night,R
746052,2024-06-21,2024,SEA,MIA,136,146,2,3,5,1,10,1,669923,George Kirby,669432.0,Trevor Rogers,669622.0,608723.0,4169,loanDepot park,night,R
745006,2024-06-22,2024,KC,TEX,118,140,2,6,8,1,9,0,663903,Brady Singer,543135.0,Nathan Eovaldi,543135.0,670167.0,5325,Globe Life Field,night,R
746375,2024-06-22,2024,BAL,HOU,110,117,11,14,25,1,9,0,680570,Grayson Rodriguez,814005.0,Jake Bloss,681869.0,680570.0,2392,Minute Maid Park,night,R
746540,2024-06-22,2024,WSH,COL,120,115,11,5,16,0,9,0,687792,DJ Herz,641712.0,Dakota Hudson,571670.0,641712.0,19,Coors Field,night,R
745649,2024-06-22,2024,MIN,OAK,142,133,5,6,11,1,9,0,663978,Chris Paddack,683155.0,Joey Estes,656794.0,661395.0,10,Oakland Coliseum,night,R
745403,2024-06-22,2024,MIL,SD,158,135,5,9,14,1,9,0,607067,Colin Rea,656302.0,Dylan Cease,663568.0,571948.0,2680,Petco Park,night,R
746131,2024-06-22,2024,LAA,LAD,108,119,3,2,5,0,10,1,663776,Patrick Sandoval,689017.0,Landon Knack,472610.0,607455.0,22,Dodger Stadium,night,R
746459,2024-06-22,2024,CWS,DET,145,116,5,1,6,0,9,0,689672,Drew Thorpe,628317.0,Kenta Maeda,689672.0,628317.0,2394,Comerica Park,day,R
745163,2024-06-22,2024,SF,STL,137,138,4,9,13,1,9,0,663855,Jordan Hicks,571945.0,Miles Mikolas,571945.0,663855.0,2889,Busch Stadium,day,R
746863,2024-06-22,2024,NYM,CHC,121,112,1,8,9,1,9,0,656731,Tylor Megill,592791.0,Jameson Taillon,592791.0,656731.0,17,Wrigley Field,day,R
745486,2024-06-22,2024,TB,PIT,139,134,3,4,7,1,9,0,621107,Zach Eflin,683003.0,Jared Jones,683003.0,621107.0,31,PNC Park,day,R
744997,2024-06-22,2024,KC,TEX,118,140,0,6,6,1,9,0,608379,Michael Wacha,592351.0,Jon Gray,592351.0,608379.0,5325,Globe Life Field,day,R
745564,2024-06-22,2024,ARI,PHI,109,143,1,12,13,1,9,0,674072,Tommy Henry,554430.0,Zack Wheeler,554430.0,674072.0,2681,Citizens Bank Park,day,R
745644,2024-06-22,2024,MIN,OAK,142,133,10,2,12,0,9,0,641927,Bailey Ober,676664.0,JP Sears,641927.0,676664.0,10,Oakland Coliseum,day,R
746700,2024-06-22,2024,BOS,CIN,111,113,4,3,7,0,9,0,601713,Nick Pivetta,593423.0,Frankie Montas,677161.0,458677.0,2602,Great American Ball Park,day,R
746376,2024-06-22,2024,BAL,HOU,110,117,1,5,6,1,9,0,669203,Corbin Burnes,669854.0,Ronel Blanco,669854.0,669203.0,2392,Minute Maid Park,day,R
746622,2024-06-22,2024,TOR,CLE,141,114,3,6,9,1,9,0,621244,José Berríos,594902.0,Ben Lively,594902.0,621244.0,5,Progressive Field,day,R
746048,2024-06-22,2024,SEA,MIA,136,146,9,0,9,0,9,0,669302,Logan Gilbert,641312.0,Shaun Anderson,669302.0,641312.0,4169,loanDepot park,day,R
745731,2024-06-22,2024,ATL,NYY,144,147,3,8,11,1,9,0,450203,Charlie Morton,573186.0,Marcus Stroman,573186.0,450203.0,3313,Yankee Stadium,night,R
745402,2024-06-22,2024,MIL,SD,158,135,4,6,10,1,9,0,692230,Carlos Rodriguez,681190.0,Randy Vásquez,681190.0,692230.0,2680,Petco Park,day,R
746541,2024-06-23,2024,WSH,COL,120,115,7,8,15,1,9,0,680730,Mitchell Parker,615698.0,Cal Quantrill,656222.0,640448.0,19,Coors Field,night,R
746132,2024-06-23,2024,LAA,LAD,108,119,2,7,9,1,9,0,668676,Zach Plesac,607192.0,Tyler Glasnow,607192.0,668676.0,22,Dodger Stadium,night,R
745566,2024-06-23,2024,ARI,PHI,109,143,1,4,5,1,9,0,677944,Slade Cecconi,650911.0,Cristopher Sánchez,650911.0,677944.0,2681,Citizens Bank Park,day,R
745485,2024-06-23,2024,TB,PIT,139,134,3,1,4,0,9,0,650644,Aaron Civale,694973.0,Paul Skenes,687330.0,670059.0,31,PNC Park,day,R
745727,2024-06-23,2024,ATL,NYY,144,147,3,1,4,0,9,0,608331,Max Fried,641482.0,Nestor Cortes,608331.0,641482.0,3313,Yankee Stadium,day,R
746699,2024-06-23,2024,BOS,CIN,111,113,7,4,11,0,9,0,677161,Zack Kelly,666157.0,Nick Lodolo,657514.0,666157.0,2602,Great American Ball Park,day,R
746621,2024-06-23,2024,TOR,CLE,141,114,5,6,11,1,9,0,579328,Yusei Kikuchi,663474.0,Triston McKenzie,682120.0,579328.0,5,Progressive Field,day,R
746457,2024-06-23,2024,CWS,DET,145,116,2,11,13,1,9,0,686563,Jonathan Cannon,681857.0,Reese Olson,681857.0,686563.0,2394,Comerica Park,day,R
746051,2024-06-23,2024,SEA,MIA,136,146,4,6,10,1,9,0,682243,Bryce Miller,667725.0,Kyle Tyler,640462.0,682243.0,4169,loanDepot park,day,R
746373,2024-06-23,2024,BAL,HOU,110,117,1,8,9,1,9,0,544150,Albert Suárez,664285.0,Framber Valdez,664285.0,544150.0,2392,Minute Maid Park,day,R
745165,2024-06-23,2024,SF,STL,137,138,3,5,8,1,9,0,657277,Logan Webb,543243.0,Sonny Gray,543243.0,657277.0,2889,Busch Stadium,day,R
745000,2024-06-23,2024,KC,TEX,118,140,0,4,4,1,9,0,679525,Alec Marsh,453286.0,Max Scherzer,453286.0,679525.0,5325,Globe Life Field,day,R
746536,2024-06-23,2024,WSH,COL,120,115,2,1,3,0,9,0,663623,Jake Irvin,607536.0,Kyle Freeland,571670.0,656222.0,19,Coors Field,day,R
745648,2024-06-23,2024,MIN,OAK,142,133,3,0,3,0,9,0,641154,Pablo López,663687.0,Hogan Harris,641154.0,663687.0,10,Oakland Coliseum,day,R
745396,2024-06-23,2024,MIL,SD,158,135,6,2,8,0,9,0,668964,Tobias Myers,650633.0,Michael King,668964.0,650633.0,2680,Petco Park,day,R
746862,2024-06-23,2024,NYM,CHC,121,112,5,2,7,0,9,0,622663,Luis Severino,665871.0,Javier Assad,622663.0,665871.0,17,Wrigley Field,night,R
747021,2024-06-24,2024,CLE,BAL,114,110,3,2,5,0,9,0,676440,Tanner Bibee,700249.0,Cade Povich,676440.0,700249.0,2,Oriole Park at Camden Yards,night,R
746458,2024-06-24,2024,PHI,DET,143,116,8,1,9,0,9,0,605400,Aaron Nola,663554.0,Casey Mize,605400.0,663554.0,2394,Comerica Park,night,R
745078,2024-06-24,2024,SEA,TB,136,139,3,4,7,1,9,0,693433,Bryan Woo,671737.0,Taj Bradley,664208.0,608723.0,12,Tropicana Field,night,R
746696,2024-06-24,2024,PIT,CIN,134,113,5,11,16,1,9,0,663559,Bailey Falter,686730.0,Carson Spiers,686730.0,663559.0,2602,Great American Ball Park,night,R
746941,2024-06-24,2024,TOR,BOS,141,111,6,7,13,1,9,0,605135,Chris Bassitt,656557.0,Tanner Houck,445276.0,647315.0,3,Fenway Park,night,R
745160,2024-06-24,2024,ATL,STL,144,138,3,4,7,1,9,0,680885,Spencer Schwellenbach,458681.0,Lance Lynn,458681.0,680885.0,2889,Busch Stadium,night,R
746780,2024-06-25,2024,LAD,CWS,119,145,3,0,3,0,9,0,572020,James Paxton,676979.0,Garrett Crochet,543339.0,621051.0,4,Guaranteed Rate Field,night,R
746298,2024-06-25,2024,MIA,KC,146,118,1,4,5,1,9,0,682610,Roddery Muñoz,666142.0,Cole Ragans,666142.0,682610.0,7,Kauffman Stadium,night,R
745974,2024-06-25,2024,TEX,MIL,140,158,3,6,9,1,9,0,547179,Michael Lorenzen,642547.0,Freddy Peralta,665625.0,656641.0,32,American Family Field,night,R
746218,2024-06-25,2024,OAK,LAA,133,108,1,5,6,1,9,0,665622,Luis Medina,656288.0,Griffin Canning,656288.0,665622.0,1,Angel Stadium,night,R
745397,2024-06-25,2024,WSH,SD,120,135,6,7,13,1,10,1,571578,Patrick Corbin,663362.0,Matt Waldron,593974.0,640451.0,2680,Petco Park,night,R
745323,2024-06-25,2024,CHC,SF,112,137,4,5,9,1,9,0,657006,Justin Steele,669062.0,Erik Miller,675921.0,592767.0,2395,Oracle Park,night,R
747022,2024-06-25,2024,CLE,BAL,114,110,10,8,18,0,9,0,671106,Logan Allen,608344.0,Cole Irvin,658648.0,608344.0,2,Oriole Park at Camden Yards,night,R
746454,2024-06-25,2024,PHI,DET,143,116,1,4,5,1,9,0,624133,Ranger Suárez,669373.0,Tarik Skubal,669373.0,624133.0,2394,Comerica Park,night,R
745076,2024-06-25,2024,SEA,TB,136,139,3,11,14,1,9,0,622491,Luis Castillo,641793.0,Zack Littell,664076.0,622491.0,12,Tropicana Field,night,R
746697,2024-06-25,2024,PIT,CIN,134,113,9,5,14,0,9,0,656605,Mitch Keller,668881.0,Hunter Greene,656605.0,668881.0,2602,Great American Ball Park,night,R
746943,2024-06-25,2024,TOR,BOS,141,111,9,4,13,0,9,0,592332,Kevin Gausman,678394.0,Brayan Bello,592332.0,678394.0,3,Fenway Park,night,R
745806,2024-06-25,2024,NYY,NYM,147,121,7,9,16,1,9,0,543037,Gerrit Cole,656849.0,David Peterson,673380.0,543037.0,3289,Citi Field,night,R
746372,2024-06-26,2024,COL,HOU,115,117,2,5,7,1,9,0,596295,Austin Gomber,686613.0,Hunter Brown,686613.0,596295.0,2392,Minute Maid Park,night,R
746775,2024-06-26,2024,LAD,CWS,119,145,4,3,7,0,9,0,676272,Bobby Miller,623167.0,Chris Flexen,656848.0,623167.0,4,Guaranteed Rate Field,night,R
746293,2024-06-26,2024,MIA,KC,146,118,2,1,3,0,9,0,630023,Yonny Chirinos,607625.0,Seth Lugo,640462.0,672578.0,7,Kauffman Stadium,night,R
745973,2024-06-26,2024,TEX,MIL,140,158,1,3,4,1,9,0,571760,Andrew Heaney,571948.0,Hoby Milner,669060.0,571760.0,32,American Family Field,night,R
746213,2024-06-26,2024,OAK,LAA,133,108,5,7,12,1,9,0,687765,Mitch Spence,542881.0,Tyler Anderson,542881.0,687765.0,1,Angel Stadium,night,R
745399,2024-06-26,2024,WSH,SD,120,135,7,9,16,1,9,0,669022,MacKenzie Gore,800049.0,Adam Mazur,800049.0,669022.0,2680,Petco Park,night,R
747188,2024-06-26,2024,MIN,ARI,142,109,4,5,9,1,9,0,657746,Joe Ryan,694297.0,Brandon Pfaadt,656464.0,660896.0,15,Chase Field,night,R
745322,2024-06-26,2024,CHC,SF,112,137,1,5,6,1,9,0,543294,Kyle Hendricks,678495.0,Randy Rodríguez,643511.0,543294.0,2395,Oracle Park,night,R
745157,2024-06-25,2024,ATL,STL,144,138,0,0,0,0,9,0,625643,Reynaldo López,502043.0,Kyle Gibson,,,2889,Busch Stadium,night,R
745073,2024-06-26,2024,SEA,TB,136,139,5,2,7,0,9,0,669923,George Kirby,686752.0,Ryan Pepiot,669923.0,542888.0,12,Tropicana Field,day,R
746695,2024-06-26,2024,PIT,CIN,134,113,6,1,7,0,9,0,682847,Luis Ortiz,668933.0,Graham Ashcraft,682847.0,668933.0,2602,Great American Ball Park,day,R
746456,2024-06-26,2024,PHI,DET,143,116,6,2,8,0,9,0,605513,Spencer Turnbull,663947.0,Tyler Holton,614179.0,672456.0,2394,Comerica Park,day,R
745157,2024-06-26,2024,ATL,STL,144,138,6,2,8,0,9,0,625643,Reynaldo López,502043.0,Kyle Gibson,625643.0,502043.0,2889,Busch Stadium,day,R
745158,2024-06-26,2024,ATL,STL,144,138,1,4,5,1,9,0,693821,Bryce Elder,669461.0,Matthew Liberatore,669461.0,693821.0,2889,Busch Stadium,night,R
746374,2024-06-26,2024,COL,HOU,115,117,1,7,8,1,9,0,663372,Ryan Feltner,681293.0,Spencer Arrighetti,681293.0,663372.0,2392,Minute Maid Park,day,R
746291,2024-06-26,2024,MIA,KC,146,118,1,5,6,1,9,0,678368,Valente Bellozo,663903.0,Brady Singer,672582.0,623211.0,7,Kauffman Stadium,day,R
745975,2024-06-26,2024,TEX,MIL,140,158,5,6,11,1,10,1,543135,Nathan Eovaldi,572971.0,Dallas Keuchel,657649.0,656641.0,32,American Family Field,day,R
746212,2024-06-26,2024,OAK,LAA,133,108,2,5,7,1,9,0,683155,Joey Estes,672710.0,Roansy Contreras,519043.0,683155.0,1,Angel Stadium,day,R
745400,2024-06-26,2024,WSH,SD,120,135,5,8,13,1,9,0,687792,DJ Herz,656302.0,Dylan Cease,656302.0,687792.0,2680,Petco Park,day,R
747019,2024-06-26,2024,CLE,BAL,114,110,2,4,6,1,9,0,471911,Carlos Carrasco,680570.0,Grayson Rodriguez,680570.0,675540.0,2,Oriole Park at Camden Yards,night,R
746942,2024-06-26,2024,TOR,BOS,141,111,4,1,5,0,9,0,621114,Ryan Burr,601713.0,Nick Pivetta,647315.0,601713.0,3,Fenway Park,night,R
745808,2024-06-26,2024,NYY,NYM,147,121,2,12,14,1,9,0,661563,Luis Gil,640455.0,Sean Manaea,640455.0,661563.0,3289,Citi Field,night,R
746777,2024-06-27,2024,LAD,CWS,119,145,4,0,4,0,9,0,694813,Gavin Stone,607200.0,Erick Fedde,694813.0,607200.0,4,Guaranteed Rate Field,night,R
747184,2024-06-27,2024,MIN,ARI,142,109,8,3,11,0,9,0,680573,Simeon Woods Richardson,669194.0,Ryne Nelson,680573.0,669194.0,15,Chase Field,night,R
745325,2024-06-27,2024,CHC,SF,112,137,3,4,7,1,9,0,669713,Hayden Wesneski,806185.0,Hayden Birdsong,592426.0,592767.0,2395,Oracle Park,night,R
747185,2024-06-27,2024,MIN,ARI,142,109,13,6,19,0,9,0,701581,David Festa,656756.0,Jordan Montgomery,701581.0,656756.0,15,Chase Field,day,R
745324,2024-06-27,2024,CHC,SF,112,137,5,3,8,0,10,1,684007,Shota Imanaga,663855.0,Jordan Hicks,593576.0,592426.0,2395,Oracle Park,day,R
746816,2024-06-27,2024,ATL,CWS,144,145,0,1,1,1,9,0,519242,Chris Sale,641771.0,Chad Kuhl,694363.0,519242.0,4,Guaranteed Rate Field,day,R
745565,2024-06-27,2024,MIA,PHI,146,143,7,4,11,0,9,0,669432,Trevor Rogers,554430.0,Zack Wheeler,669622.0,656546.0,2681,Citizens Bank Park,night,R
747020,2024-06-27,2024,TEX,BAL,140,110,2,11,13,1,9,0,592351,Jon Gray,669203.0,Corbin Burnes,669203.0,592351.0,2,Oriole Park at Camden Yards,night,R
744919,2024-06-27,2024,NYY,TOR,147,141,2,9,11,1,9,0,607074,Carlos Rodón,621244.0,José Berríos,621244.0,607074.0,14,Rogers Centre,night,R
745162,2024-06-27,2024,CIN,STL,113,138,11,4,15,0,9,0,671096,Andrew Abbott,571945.0,Miles Mikolas,671096.0,571945.0,2889,Busch Stadium,night,R
746288,2024-06-28,2024,CLE,KC,114,118,1,2,3,1,9,0,594902,Ben Lively,608379.0,Michael Wacha,669674.0,594902.0,7,Kauffman Stadium,night,R
746210,2024-06-28,2024,DET,LAA,116,108,0,5,5,1,9,0,656427,Jack Flaherty,669721.0,Davis Daniel,669721.0,656427.0,1,Angel Stadium,night,R
745560,2024-06-28,2024,MIA,PHI,146,143,0,2,2,1,9,0,667725,Kyle Tyler,650911.0,Cristopher Sánchez,650911.0,667725.0,2681,Citizens Bank Park,night,R
745070,2024-06-28,2024,WSH,TB,120,139,1,3,4,1,9,0,680730,Mitchell Parker,621107.0,Zach Eflin,621107.0,680730.0,12,Tropicana Field,night,R
747017,2024-06-28,2024,TEX,BAL,140,110,1,2,3,1,9,0,453286,Max Scherzer,544150.0,Albert Suárez,544150.0,453286.0,2,Oriole Park at Camden Yards,night,R
744922,2024-06-28,2024,NYY,TOR,147,141,16,5,21,0,9,0,573186,Marcus Stroman,579328.0,Yusei Kikuchi,543859.0,579328.0,14,Rogers Centre,night,R
745804,2024-06-28,2024,HOU,NYM,117,121,2,7,9,1,9,0,669854,Ronel Blanco,500779.0,Jose Quintana,673380.0,669854.0,3289,Citi Field,night,R
746939,2024-06-28,2024,SD,BOS,135,111,9,2,11,0,9,0,681190,Randy Vásquez,601713.0,Nick Pivetta,663568.0,601713.0,3,Fenway Park,night,R
746776,2024-06-28,2024,COL,CWS,115,145,3,5,8,1,9,0,641712,Dakota Hudson,689672.0,Drew Thorpe,689672.0,641712.0,4,Guaranteed Rate Field,night,R
747105,2024-06-28,2024,PIT,ATL,134,144,1,6,7,1,9,0,527048,Martín Pérez,450203.0,Charlie Morton,450203.0,527048.0,4705,Truist Park,night,R
746292,2024-06-29,2024,CLE,KC,114,118,3,10,13,1,9,0,663474,Triston McKenzie,679525.0,Alec Marsh,679525.0,663474.0,7,Kauffman Stadium,night,R
745970,2024-06-29,2024,CHC,MIL,112,158,2,4,6,1,9,0,592791,Jameson Taillon,607067.0,Colin Rea,607067.0,592791.0,32,American Family Field,night,R
745161,2024-06-29,2024,CIN,STL,113,138,0,1,1,1,9,0,593423,Frankie Montas,669467.0,Andre Pallante,669467.0,593423.0,2889,Busch Stadium,night,R
746214,2024-06-29,2024,DET,LAA,116,108,2,5,7,1,9,0,628317,Kenta Maeda,668676.0,Zach Plesac,472610.0,571946.0,1,Angel Stadium,night,R
747183,2024-06-29,2024,OAK,ARI,133,109,9,4,13,0,9,0,676664,JP Sears,677944.0,Slade Cecconi,518397.0,657044.0,15,Chase Field,night,R
745238,2024-06-29,2024,MIN,SEA,142,136,2,3,5,1,10,1,641927,Bailey Ober,669302.0,Logan Gilbert,592773.0,663485.0,680,T-Mobile Park,night,R
745319,2024-06-29,2024,LAD,SF,119,137,3,5,8,1,9,0,689017,Landon Knack,657277.0,Logan Webb,666808.0,595014.0,2395,Oracle Park,night,R
746778,2024-06-29,2024,COL,CWS,115,145,3,11,14,1,9,0,615698,Cal Quantrill,686563.0,Jonathan Cannon,621383.0,615698.0,4,Guaranteed Rate Field,day,R
745159,2024-06-29,2024,CIN,STL,113,138,9,4,13,0,9,0,686730,Carson Spiers,543243.0,Sonny Gray,686730.0,543243.0,2889,Busch Stadium,day,R
744921,2024-06-29,2024,NYY,TOR,147,141,3,9,12,1,9,0,641482,Nestor Cortes,605135.0,Chris Bassitt,605135.0,641482.0,14,Rogers Centre,day,R
745559,2024-06-29,2024,MIA,PHI,146,143,3,2,5,0,9,0,682610,Roddery Muñoz,605400.0,Aaron Nola,677053.0,605400.0,2681,Citizens Bank Park,day,R
746289,2024-06-29,2024,CLE,KC,114,118,7,2,9,0,9,0,676440,Tanner Bibee,666142.0,Cole Ragans,676440.0,666142.0,7,Kauffman Stadium,day,R
745801,2024-06-29,2024,HOU,NYM,117,121,9,6,15,0,9,0,664285,Framber Valdez,656731.0,Tylor Megill,661527.0,657585.0,3289,Citi Field,day,R
747186,2024-06-29,2024,OAK,ARI,133,109,0,3,3,1,9,0,663687,Hogan Harris,668678.0,Zac Gallen,668678.0,663687.0,15,Chase Field,day,R
746940,2024-06-29,2024,SD,BOS,135,111,11,1,12,0,9,0,650633,Michael King,656557.0,Tanner Houck,650633.0,656557.0,3,Fenway Park,day,R
745071,2024-06-29,2024,WSH,TB,120,139,8,1,9,0,9,0,663623,Jake Irvin,650644.0,Aaron Civale,663623.0,650644.0,12,Tropicana Field,day,R
747104,2024-06-29,2024,PIT,ATL,134,144,1,2,3,1,10,1,694973,Paul Skenes,608331.0,Max Fried,678226.0,693312.0,4705,Truist Park,day,R
745972,2024-06-29,2024,CHC,MIL,112,158,5,3,8,0,9,0,657006,Justin Steele,668964.0,Tobias Myers,681432.0,606303.0,32,American Family Field,day,R
745317,2024-06-29,2024,LAD,SF,119,137,14,7,21,0,11,1,607192,Tyler Glasnow,669062.0,Erik Miller,543339.0,663546.0,2395,Oracle Park,day,R
747018,2024-06-29,2024,TEX,BAL,140,110,5,6,11,1,9,0,547179,Michael Lorenzen,700249.0,Cade Povich,700249.0,547179.0,2,Oriole Park at Camden Yards,night,R
746211,2024-06-30,2024,DET,LAA,116,108,5,6,11,1,10,1,681857,Reese Olson,656288.0,Griffin Canning,690829.0,671345.0,1,Angel Stadium,night,R
745239,2024-06-30,2024,MIN,SEA,142,136,5,1,6,0,9,0,641154,Pablo López,682243.0,Bryce Miller,641154.0,682243.0,680,T-Mobile Park,night,R
747101,2024-06-30,2024,PIT,ATL,134,144,4,2,6,0,9,0,663559,Bailey Falter,680885.0,Spencer Schwellenbach,663559.0,680885.0,4705,Truist Park,day,R
746938,2024-06-30,2024,SD,BOS,135,111,1,4,5,1,9,0,663362,Matt Waldron,670174.0,Josh Winckowski,670174.0,663362.0,3,Fenway Park,day,R
745555,2024-06-30,2024,MIA,PHI,146,143,6,7,13,1,9,0,630023,Yonny Chirinos,624133.0,Ranger Suárez,622554.0,677053.0,2681,Citizens Bank Park,day,R
744916,2024-06-30,2024,NYY,TOR,147,141,8,1,9,0,9,0,543037,Gerrit Cole,592332.0,Kevin Gausman,543037.0,592332.0,14,Rogers Centre,day,R
745802,2024-06-30,2024,HOU,NYM,117,121,10,5,15,0,11,1,681869,Shawn Dubin,622663.0,Luis Severino,605463.0,670036.0,3289,Citi Field,day,R
745072,2024-06-30,2024,WSH,TB,120,139,0,5,5,1,9,0,571578,Patrick Corbin,671737.0,Taj Bradley,671737.0,571578.0,12,Tropicana Field,day,R
746290,2024-06-30,2024,CLE,KC,114,118,2,6,8,1,9,0,671106,Logan Allen,607625.0,Seth Lugo,607625.0,671106.0,7,Kauffman Stadium,day,R
746779,2024-06-30,2024,COL,CWS,115,145,5,4,9,0,14,1,607536,Kyle Freeland,676979.0,Garrett Crochet,656222.0,647336.0,4,Guaranteed Rate Field,day,R
745971,2024-06-30,2024,CHC,MIL,112,158,1,7,8,1,9,0,543294,Kyle Hendricks,642547.0,Freddy Peralta,642547.0,543294.0,32,American Family Field,day,R
745154,2024-06-30,2024,CIN,STL,113,138,0,2,2,1,9,0,668881,Hunter Greene,458681.0,Lance Lynn,458681.0,668881.0,2889,Busch Stadium,day,R
745320,2024-06-30,2024,LAD,SF,119,137,4,10,14,1,9,0,572020,James Paxton,702352.0,Spencer Bivens,702352.0,572020.0,2395,Oracle Park,day,R
746209,2024-06-30,2024,DET,LAA,116,108,7,6,13,0,9,0,663554,Casey Mize,542881.0,Tyler Anderson,663554.0,542881.0,1,Angel Stadium,day,R
747182,2024-06-30,2024,OAK,ARI,133,109,1,5,6,1,9,0,665622,Luis Medina,694297.0,Brandon Pfaadt,573009.0,519008.0,15,Chase Field,day,R
745243,2024-06-30,2024,MIN,SEA,142,136,5,3,8,0,9,0,657746,Joe Ryan,622491.0,Luis Castillo,663485.0,592773.0,680,T-Mobile Park,day,R
747016,2024-06-30,2024,TEX,BAL,140,110,11,2,13,0,9,0,571760,Andrew Heaney,608344.0,Cole Irvin,571760.0,608344.0,2,Oriole Park at Camden Yards,night,R
744914,2024-07-01,2024,HOU,TOR,117,141,3,1,4,0,9,0,686613,Hunter Brown,684320.0,Yariel Rodríguez,686613.0,684320.0,14,Rogers Centre,day,R
744840,2024-07-01,2024,NYM,WSH,121,120,9,7,16,0,10,1,656849,David Peterson,669022.0,MacKenzie Gore,518617.0,640451.0,3309,Nationals Park,night,R
746535,2024-07-02,2024,MIL,COL,158,115,7,8,15,1,10,1,642239,Rob Zastryzny,596295.0,Austin Gomber,641755.0,606303.0,19,Coors Field,night,R
745482,2024-07-02,2024,STL,PIT,138,134,7,4,11,0,9,0,502043,Kyle Gibson,656605.0,Mitch Keller,502043.0,656605.0,31,PNC Park,night,R
746623,2024-07-02,2024,CWS,CLE,145,114,6,7,13,1,9,0,623167,Chris Flexen,471911.0,Carlos Carrasco,661403.0,656629.0,5,Progressive Field,night,R
746047,2024-07-02,2024,BOS,MIA,111,146,8,3,11,0,9,0,676710,Kutter Crawford,678368.0,Valente Bellozo,676710.0,678368.0,4169,loanDepot park,night,R
744838,2024-07-02,2024,NYM,WSH,121,120,7,2,9,0,10,1,640455,Sean Manaea,687792.0,DJ Herz,676130.0,676395.0,3309,Nationals Park,night,R
745730,2024-07-02,2024,CIN,NYY,113,147,5,4,9,0,9,0,668933,Graham Ashcraft,661563.0,Luis Gil,668933.0,661563.0,3313,Yankee Stadium,night,R
744913,2024-07-02,2024,HOU,TOR,117,141,6,7,13,1,9,0,681293,Spencer Arrighetti,621244.0,José Berríos,621244.0,681293.0,14,Rogers Centre,night,R
747102,2024-07-02,2024,SF,ATL,137,144,5,3,8,0,9,0,806185,Hayden Birdsong,625643.0,Reynaldo López,806185.0,669276.0,4705,Truist Park,night,R
745886,2024-07-02,2024,DET,MIN,116,142,3,5,8,1,9,0,669373,Tarik Skubal,680573.0,Simeon Woods Richardson,660896.0,676684.0,3312,Target Field,night,R
744999,2024-07-03,2024,SD,TEX,135,140,0,7,7,1,9,0,656302,Dylan Cease,543135.0,Nathan Eovaldi,543135.0,656302.0,5325,Globe Life Field,night,R
746860,2024-07-03,2024,PHI,CHC,143,112,6,4,10,0,9,0,675650,Michael Mercado,669713.0,Hayden Wesneski,675650.0,669713.0,17,Wrigley Field,night,R
746282,2024-07-03,2024,TB,KC,139,118,5,1,6,0,9,0,641793,Zack Littell,663903.0,Brady Singer,641793.0,663903.0,7,Kauffman Stadium,night,R
746537,2024-07-03,2024,MIL,COL,158,115,4,3,7,0,9,0,572971,Dallas Keuchel,663372.0,Ryan Feltner,642239.0,683232.0,19,Coors Field,night,R
745647,2024-07-03,2024,LAA,OAK,108,133,5,7,12,1,9,0,667755,José Soriano,687765.0,Mitch Spence,687765.0,667755.0,10,Oakland Coliseum,night,R
745240,2024-07-03,2024,BAL,SEA,110,136,2,0,2,0,9,0,680570,Grayson Rodriguez,669923.0,George Kirby,680570.0,669923.0,680,T-Mobile Park,night,R
746133,2024-07-03,2024,ARI,LAD,109,119,5,6,11,1,9,0,573009,Joe Mantiply,676272.0,Bobby Miller,623465.0,623149.0,22,Dodger Stadium,night,R
745487,2024-07-03,2024,STL,PIT,138,134,4,5,9,1,10,1,571945,Miles Mikolas,683003.0,Jared Jones,547973.0,552640.0,31,PNC Park,night,R
746617,2024-07-03,2024,CWS,CLE,145,114,8,2,10,0,9,0,607200,Erick Fedde,668909.0,Gavin Williams,607200.0,668909.0,5,Progressive Field,night,R
746045,2024-07-03,2024,BOS,MIA,111,146,7,2,9,0,9,0,678394,Brayan Bello,669432.0,Trevor Rogers,678394.0,669432.0,4169,loanDepot park,night,R
744837,2024-07-03,2024,NYM,WSH,121,120,5,7,12,1,9,0,681035,Christian Scott,680730.0,Mitchell Parker,606930.0,518617.0,3309,Nationals Park,night,R
745728,2024-07-03,2024,CIN,NYY,113,147,3,2,5,0,9,0,671096,Andrew Abbott,607074.0,Carlos Rodón,671096.0,607074.0,3313,Yankee Stadium,night,R
744915,2024-07-03,2024,HOU,TOR,117,141,9,2,11,0,9,0,669854,Ronel Blanco,579328.0,Yusei Kikuchi,605463.0,647315.0,14,Rogers Centre,night,R
747100,2024-07-03,2024,SF,ATL,137,144,1,3,4,1,9,0,663855,Jordan Hicks,519242.0,Chris Sale,519242.0,663855.0,4705,Truist Park,night,R
744998,2024-07-04,2024,SD,TEX,135,140,6,4,10,0,9,0,800049,Adam Mazur,592351.0,Jon Gray,670970.0,641540.0,5325,Globe Life Field,night,R
746858,2024-07-04,2024,PHI,CHC,143,112,5,3,8,0,9,0,554430,Zack Wheeler,684007.0,Shota Imanaga,621381.0,668338.0,17,Wrigley Field,night,R
746283,2024-07-04,2024,TB,KC,139,118,2,4,6,1,9,0,686752,Ryan Pepiot,608379.0,Michael Wacha,608379.0,686752.0,7,Kauffman Stadium,night,R
745888,2024-07-04,2024,DET,MIN,116,142,9,2,11,0,9,0,672456,Keider Montero,701581.0,David Festa,672456.0,701581.0,3312,Target Field,night,R
746534,2024-07-04,2024,MIL,COL,158,115,3,0,3,0,9,0,607067,Colin Rea,641712.0,Dakota Hudson,607067.0,641712.0,19,Coors Field,night,R
745643,2024-07-04,2024,LAA,OAK,108,133,0,5,5,1,9,0,669721,Davis Daniel,683155.0,Joey Estes,683155.0,669721.0,10,Oakland Coliseum,night,R
746128,2024-07-04,2024,ARI,LAD,109,119,12,4,16,0,9,0,691441,Cristian Mena,694813.0,Gavin Stone,686826.0,642232.0,22,Dodger Stadium,night,R
745234,2024-07-04,2024,BAL,SEA,110,136,4,1,5,0,9,0,665152,Dean Kremer,669302.0,Logan Gilbert,665152.0,669302.0,680,T-Mobile Park,night,R
744834,2024-07-04,2024,NYM,WSH,121,120,0,1,1,1,9,0,500779,Jose Quintana,663623.0,Jake Irvin,663623.0,605288.0,3309,Nationals Park,day,R
745484,2024-07-04,2024,STL,PIT,138,134,3,2,5,0,10,1,669467,Andre Pallante,527048.0,Martín Pérez,667463.0,642701.0,31,PNC Park,day,R
745726,2024-07-04,2024,CIN,NYY,113,147,8,4,12,0,9,0,593423,Frankie Montas,573186.0,Marcus Stroman,593423.0,573186.0,3313,Yankee Stadium,day,R
744912,2024-07-04,2024,HOU,TOR,117,141,5,3,8,0,9,0,664285,Framber Valdez,605135.0,Chris Bassitt,664285.0,605135.0,14,Rogers Centre,day,R
745890,2024-07-04,2024,DET,MIN,116,142,3,12,15,1,7,0,628317,Kenta Maeda,641927.0,Bailey Ober,641927.0,628317.0,3312,Target Field,day,R
746619,2024-07-04,2024,CWS,CLE,145,114,4,8,12,1,9,0,694363,Jared Shuster,594902.0,Ben Lively,594902.0,694363.0,5,Progressive Field,day,R
746043,2024-07-04,2024,BOS,MIA,111,146,6,5,11,0,12,1,601713,Nick Pivetta,667725.0,Kyle Tyler,677161.0,542882.0,4169,loanDepot park,day,R
746857,2024-07-04,2024,PHI,CHC,143,112,2,10,12,1,9,0,650911,Cristopher Sánchez,592791.0,Jameson Taillon,592791.0,650911.0,17,Wrigley Field,day,R
744996,2024-07-04,2024,SD,TEX,135,140,3,1,4,0,9,0,650633,Michael King,453286.0,Max Scherzer,650633.0,453286.0,5325,Globe Life Field,day,R
745641,2024-07-04,2024,LAA,OAK,108,133,0,5,5,1,9,0,672710,Roansy Contreras,676664.0,JP Sears,676664.0,672710.0,10,Oakland Coliseum,day,R
745236,2024-07-04,2024,BAL,SEA,110,136,3,7,10,1,9,0,669203,Corbin Burnes,682243.0,Bryce Miller,592773.0,641329.0,680,T-Mobile Park,day,R
747103,2024-07-04,2024,SF,ATL,137,144,4,2,6,0,9,0,657277,Logan Webb,450203.0,Charlie Morton,657277.0,450203.0,4705,Truist Park,night,R
746285,2024-07-05,2024,TB,KC,139,118,10,8,18,0,9,0,621107,Zach Eflin,679525.0,Alec Marsh,621107.0,679525.0,7,Kauffman Stadium,night,R
746532,2024-07-05,2024,MIL,COL,158,115,3,4,7,1,9,0,668964,Tobias Myers,615698.0,Cal Quantrill,683627.0,668964.0,19,Coors Field,night,R
746126,2024-07-05,2024,ARI,LAD,109,119,9,3,12,0,9,0,668678,Zac Gallen,689017.0,Landon Knack,679885.0,689017.0,22,Dodger Stadium,night,R
746859,2024-07-05,2024,LAA,CHC,108,112,1,5,6,1,9,0,656288,Griffin Canning,657006.0,Justin Steele,657006.0,656288.0,17,Wrigley Field,day,R
745479,2024-07-05,2024,NYM,PIT,121,134,2,14,16,1,9,0,622663,Luis Severino,694973.0,Paul Skenes,694973.0,622663.0,31,PNC Park,night,R
744836,2024-07-05,2024,STL,WSH,138,120,7,6,13,0,11,1,543243,Sonny Gray,571578.0,Patrick Corbin,664854.0,571670.0,3309,Nationals Park,night,R
745725,2024-07-05,2024,BOS,NYY,111,147,5,3,8,0,10,1,656557,Tanner Houck,641482.0,Nestor Cortes,686580.0,592454.0,3313,Yankee Stadium,night,R
746693,2024-07-05,2024,DET,CIN,116,113,5,4,9,0,9,0,681857,Reese Olson,686730.0,Carson Spiers,681857.0,686730.0,2602,Great American Ball Park,night,R
746620,2024-07-05,2024,SF,CLE,137,114,4,2,6,0,9,0,669062,Erik Miller,676440.0,Tanner Bibee,676254.0,676440.0,5,Progressive Field,night,R
746046,2024-07-05,2024,CWS,MIA,145,146,3,2,5,0,9,0,689672,Drew Thorpe,663773.0,Bryan Hoeing,689672.0,663773.0,4169,loanDepot park,night,R
747097,2024-07-05,2024,PHI,ATL,143,144,8,6,14,0,9,0,605400,Aaron Nola,608331.0,Max Fried,605400.0,608331.0,4705,Truist Park,night,R
744992,2024-07-06,2024,TB,TEX,139,140,0,3,3,1,9,0,669358,Shane Baz,547179.0,Michael Lorenzen,547179.0,669358.0,5325,Globe Life Field,night,R
746533,2024-07-06,2024,KC,COL,118,115,2,4,6,1,9,0,666142,Cole Ragans,607536.0,Kyle Freeland,680767.0,670167.0,19,Coors Field,night,R
745884,2024-07-06,2024,HOU,MIN,117,142,13,12,25,0,9,0,681869,Shawn Dubin,641154.0,Pablo López,687911.0,641154.0,3312,Target Field,night,R
745639,2024-07-06,2024,BAL,OAK,110,133,3,2,5,0,9,0,544150,Albert Suárez,663687.0,Hogan Harris,544150.0,663687.0,10,Oakland Coliseum,night,R
745398,2024-07-06,2024,ARI,SD,109,135,8,10,18,1,9,0,677944,Slade Cecconi,681190.0,Randy Vásquez,663568.0,623149.0,2680,Petco Park,night,R
745237,2024-07-06,2024,TOR,SEA,141,136,1,2,3,1,9,0,592332,Kevin Gausman,622491.0,Luis Castillo,622491.0,592332.0,680,T-Mobile Park,night,R
746127,2024-07-06,2024,MIL,LAD,158,119,5,8,13,1,9,0,650644,Aaron Civale,607192.0,Tyler Glasnow,543339.0,665625.0,22,Dodger Stadium,night,R
745724,2024-07-06,2024,BOS,NYY,111,147,4,14,18,1,9,0,670174,Josh Winckowski,543037.0,Gerrit Cole,657612.0,657514.0,3313,Yankee Stadium,day,R
745885,2024-07-06,2024,HOU,MIN,117,142,3,9,12,1,9,0,686613,Hunter Brown,657746.0,Joe Ryan,657746.0,686613.0,3312,Target Field,day,R
746856,2024-07-06,2024,LAA,CHC,108,112,7,0,7,0,9,0,542881,Tyler Anderson,543294.0,Kyle Hendricks,542881.0,543294.0,17,Wrigley Field,day,R
745476,2024-07-06,2024,NYM,PIT,121,134,5,2,7,0,9,0,656849,David Peterson,663559.0,Bailey Falter,676130.0,663559.0,31,PNC Park,day,R
744835,2024-07-06,2024,STL,WSH,138,120,6,14,20,1,9,0,458681,Lance Lynn,669022.0,MacKenzie Gore,606930.0,458681.0,3309,Nationals Park,day,R
744995,2024-07-06,2024,TB,TEX,139,140,3,4,7,1,9,0,671737,Taj Bradley,571760.0,Andrew Heaney,642546.0,687330.0,5325,Globe Life Field,day,R
745642,2024-07-06,2024,BAL,OAK,110,133,8,19,27,1,9,0,700249,Cade Povich,665622.0,Luis Medina,665622.0,700249.0,10,Oakland Coliseum,day,R
746694,2024-07-06,2024,DET,CIN,116,113,5,3,8,0,9,0,656412,Alex Faedo,668881.0,Hunter Greene,571946.0,518585.0,2602,Great American Ball Park,day,R
746615,2024-07-06,2024,SF,CLE,137,114,4,5,9,1,9,0,690986,Kyle Harrison,671106.0,Logan Allen,658648.0,690986.0,5,Progressive Field,day,R
745235,2024-07-06,2024,TOR,SEA,141,136,5,4,9,0,9,0,684320,Yariel Rodríguez,676106.0,Emerson Hancock,684320.0,676106.0,680,T-Mobile Park,day,R
746044,2024-07-06,2024,CWS,MIA,145,146,3,4,7,1,9,0,676979,Garrett Crochet,630023.0,Yonny Chirinos,623211.0,647336.0,4169,loanDepot park,day,R
747099,2024-07-06,2024,PHI,ATL,143,144,1,5,6,1,9,0,624133,Ranger Suárez,680885.0,Spencer Schwellenbach,680885.0,624133.0,4705,Truist Park,night,R
746129,2024-07-06,2024,MIL,LAD,158,119,3,5,8,1,9,0,642547,Freddy Peralta,572020.0,James Paxton,623465.0,663542.0,22,Dodger Stadium,day,R
746529,2024-07-07,2024,KC,COL,118,115,1,3,4,1,9,0,607625,Seth Lugo,596295.0,Austin Gomber,596295.0,607625.0,19,Coors Field,night,R
745395,2024-07-07,2024,ARI,SD,109,135,7,5,12,0,10,1,694297,Brandon Pfaadt,663362.0,Matt Waldron,657044.0,593974.0,2680,Petco Park,night,R
745477,2024-07-07,2024,NYM,PIT,121,134,3,2,5,0,9,0,640455,Sean Manaea,682847.0,Luis Ortiz,621242.0,547973.0,31,PNC Park,day,R
744832,2024-07-07,2024,STL,WSH,138,120,8,3,11,0,9,0,502043,Kyle Gibson,687792.0,DJ Herz,502043.0,687792.0,3309,Nationals Park,day,R
747098,2024-07-07,2024,PHI,ATL,143,144,0,6,6,1,9,0,675650,Michael Mercado,625643.0,Reynaldo López,625643.0,675650.0,4705,Truist Park,day,R
746691,2024-07-07,2024,DET,CIN,116,113,5,1,6,0,9,0,669373,Tarik Skubal,668933.0,Graham Ashcraft,669373.0,668933.0,2602,Great American Ball Park,day,R
746616,2024-07-07,2024,SF,CLE,137,114,4,5,9,1,9,0,806185,Hayden Birdsong,471911.0,Carlos Carrasco,671922.0,663546.0,5,Progressive Field,day,R
746039,2024-07-07,2024,CWS,MIA,145,146,4,7,11,1,9,0,686563,Jonathan Cannon,665795.0,Edward Cabrera,608638.0,656629.0,4169,loanDepot park,day,R
745883,2024-07-07,2024,HOU,MIN,117,142,2,3,5,1,9,0,681293,Spencer Arrighetti,680573.0,Simeon Woods Richardson,661395.0,623352.0,3312,Target Field,day,R
746855,2024-07-07,2024,LAA,CHC,108,112,0,5,5,1,9,0,667755,José Soriano,669713.0,Hayden Wesneski,669713.0,667755.0,17,Wrigley Field,day,R
744993,2024-07-07,2024,TB,TEX,139,140,2,13,15,1,9,0,641793,Zack Littell,543135.0,Nathan Eovaldi,543135.0,641793.0,5325,Globe Life Field,day,R
746530,2024-07-07,2024,KC,COL,118,115,10,1,11,0,9,0,663903,Brady Singer,685299.0,Tanner Gordon,663903.0,685299.0,19,Coors Field,day,R
745637,2024-07-07,2024,BAL,OAK,110,133,6,3,9,0,9,0,680570,Grayson Rodriguez,687765.0,Mitch Spence,680570.0,687765.0,10,Oakland Coliseum,day,R
745391,2024-07-07,2024,ARI,SD,109,135,9,1,10,0,9,0,669194,Ryne Nelson,656302.0,Dylan Cease,669194.0,656302.0,2680,Petco Park,day,R
745233,2024-07-07,2024,TOR,SEA,141,136,5,4,9,0,10,1,621244,José Berríos,669923.0,George Kirby,643338.0,676092.0,680,T-Mobile Park,day,R
746122,2024-07-07,2024,MIL,LAD,158,119,9,2,11,0,9,0,572971,Dallas Keuchel,680736.0,Justin Wrobleski,596001.0,680736.0,22,Dodger Stadium,day,R
745723,2024-07-07,2024,BOS,NYY,111,147,3,0,3,0,9,0,676710,Kutter Crawford,661563.0,Luis Gil,676710.0,661563.0,3313,Yankee Stadium,night,R
745480,2024-07-08,2024,NYM,PIT,121,134,2,8,10,1,9,0,681035,Christian Scott,656605.0,Mitch Keller,656605.0,679358.0,31,PNC Park,day,R
744833,2024-07-08,2024,STL,WSH,138,120,6,0,6,0,9,0,571945,Miles Mikolas,680730.0,Mitchell Parker,571945.0,680730.0,3309,Nationals Park,day,R
746455,2024-07-08,2024,CLE,DET,114,116,0,1,1,1,9,0,668909,Gavin Williams,672456.0,Keider Montero,663947.0,605130.0,2394,Comerica Park,night,R
746692,2024-07-08,2024,COL,CIN,115,113,0,6,6,1,9,0,663372,Ryan Feltner,671096.0,Andrew Abbott,671096.0,663372.0,2602,Great American Ball Park,night,R
746771,2024-07-09,2024,MIN,CWS,142,145,8,6,14,0,11,1,663978,Chris Paddack,623167.0,Chris Flexen,661395.0,694363.0,4,Guaranteed Rate Field,night,R
746208,2024-07-09,2024,TEX,LAA,140,108,9,4,13,0,9,0,592351,Jon Gray,669721.0,Davis Daniel,592351.0,669721.0,1,Angel Stadium,night,R
747181,2024-07-09,2024,ATL,ARI,144,109,5,4,9,0,11,1,693821,Bryce Elder,700270.0,Yilber Díaz,628452.0,679885.0,15,Chase Field,night,R
747014,2024-07-09,2024,CHC,BAL,112,110,9,2,11,0,9,0,592791,Jameson Taillon,665152.0,Dean Kremer,592791.0,665152.0,2,Oriole Park at Camden Yards,night,R
746451,2024-07-09,2024,CLE,DET,114,116,9,8,17,0,10,1,594902,Ben Lively,628317.0,Kenta Maeda,605130.0,676684.0,2394,Comerica Park,night,R
745557,2024-07-09,2024,LAD,PHI,119,143,1,10,11,1,9,0,676272,Bobby Miller,554430.0,Zack Wheeler,554430.0,676272.0,2681,Citizens Bank Park,night,R
745074,2024-07-09,2024,NYY,TB,147,139,3,5,8,1,9,0,607074,Carlos Rodón,686752.0,Ryan Pepiot,686752.0,607074.0,12,Tropicana Field,night,R
746690,2024-07-09,2024,COL,CIN,115,113,6,12,18,1,9,0,615698,Cal Quantrill,666157.0,Nick Lodolo,607259.0,615698.0,2602,Great American Ball Park,night,R
745803,2024-07-09,2024,WSH,NYM,120,121,5,7,12,1,9,0,663623,Jake Irvin,500779.0,Jose Quintana,500779.0,663623.0,3289,Citi Field,night,R
746937,2024-07-09,2024,OAK,BOS,133,111,9,12,21,1,9,0,683155,Joey Estes,678394.0,Brayan Bello,678394.0,683155.0,3,Fenway Park,night,R
746368,2024-07-10,2024,MIA,HOU,146,117,3,4,7,1,9,0,669432,Trevor Rogers,669854.0,Ronel Blanco,669854.0,623211.0,2392,Minute Maid Park,night,R
745968,2024-07-10,2024,PIT,MIL,134,158,12,2,14,0,9,0,676596,Josh Fleming,607067.0,Colin Rea,682990.0,607067.0,32,American Family Field,night,R
746206,2024-07-10,2024,TEX,LAA,140,108,5,4,9,0,9,0,453286,Max Scherzer,672710.0,Roansy Contreras,600917.0,472610.0,1,Angel Stadium,night,R
745393,2024-07-10,2024,SEA,SD,136,135,8,3,11,0,9,0,669302,Logan Gilbert,800049.0,Adam Mazur,669302.0,800049.0,2680,Petco Park,night,R
747180,2024-07-10,2024,ATL,ARI,144,109,6,2,8,0,9,0,519242,Chris Sale,668678.0,Zac Gallen,519242.0,668678.0,15,Chase Field,night,R
745316,2024-07-10,2024,TOR,SF,141,137,3,4,7,1,9,0,579328,Yusei Kikuchi,605483.0,Blake Snell,669062.0,670950.0,2395,Oracle Park,night,R
745155,2024-07-09,2024,KC,STL,118,138,0,0,0,0,9,0,608379,Michael Wacha,669467.0,Andre Pallante,,,2889,Busch Stadium,night,R
746773,2024-07-10,2024,MIN,CWS,142,145,0,0,0,0,9,0,641927,Bailey Ober,607200.0,Erick Fedde,,,4,Guaranteed Rate Field,night,R
745155,2024-07-10,2024,KC,STL,118,138,6,4,10,0,9,0,679525,Alec Marsh,669467.0,Andre Pallante,679525.0,669467.0,2889,Busch Stadium,day,R
745156,2024-07-10,2024,KC,STL,118,138,8,5,13,0,9,0,608379,Michael Wacha,700669.0,Gordon Graceffo,608379.0,700669.0,2889,Busch Stadium,night,R
746772,2024-07-10,2024,MIN,CWS,142,145,1,3,4,1,9,0,641927,Bailey Ober,607200.0,Erick Fedde,607200.0,641927.0,4,Guaranteed Rate Field,day,R
746773,2024-07-10,2024,MIN,CWS,142,145,3,2,5,0,9,0,641154,Pablo López,689672.0,Drew Thorpe,595345.0,647336.0,4,Guaranteed Rate Field,day,R
747015,2024-07-10,2024,CHC,BAL,112,110,4,0,4,0,9,0,684007,Shota Imanaga,669203.0,Corbin Burnes,684007.0,669203.0,2,Oriole Park at Camden Yards,night,R
746453,2024-07-10,2024,CLE,DET,114,116,4,5,9,1,9,0,676440,Tanner Bibee,681857.0,Reese Olson,681857.0,676440.0,2394,Comerica Park,night,R
745394,2024-07-10,2024,SEA,SD,136,135,2,0,2,0,9,0,682243,Bryce Miller,650633.0,Michael King,682243.0,650633.0,2680,Petco Park,day,R
745069,2024-07-10,2024,NYY,TB,147,139,2,1,3,0,9,0,573186,Marcus Stroman,621107.0,Zach Eflin,657612.0,621107.0,12,Tropicana Field,night,R
745556,2024-07-10,2024,LAD,PHI,119,143,3,4,7,1,9,0,694813,Gavin Stone,650911.0,Cristopher Sánchez,650911.0,694813.0,2681,Citizens Bank Park,night,R
746689,2024-07-10,2024,COL,CIN,115,113,6,5,11,0,9,0,607536,Kyle Freeland,593423.0,Frankie Montas,607536.0,593423.0,2602,Great American Ball Park,night,R
745796,2024-07-10,2024,WSH,NYM,120,121,2,6,8,1,9,0,571578,Patrick Corbin,622663.0,Luis Severino,622663.0,571578.0,3289,Citi Field,night,R
746934,2024-07-10,2024,OAK,BOS,133,111,5,2,7,0,9,0,676664,JP Sears,601713.0,Nick Pivetta,676664.0,601713.0,3,Fenway Park,night,R
746366,2024-07-11,2024,MIA,HOU,146,117,1,9,10,1,9,0,663773,Bryan Hoeing,664285.0,Framber Valdez,664285.0,663773.0,2392,Minute Maid Park,night,R
745969,2024-07-11,2024,PIT,MIL,134,158,0,9,9,1,9,0,527048,Martín Pérez,668964.0,Tobias Myers,668964.0,527048.0,32,American Family Field,night,R
746205,2024-07-11,2024,TEX,LAA,140,108,2,7,9,1,9,0,547179,Michael Lorenzen,656288.0,Griffin Canning,668968.0,547179.0,1,Angel Stadium,night,R
747179,2024-07-11,2024,ATL,ARI,144,109,5,7,12,1,9,0,450203,Charlie Morton,677944.0,Slade Cecconi,657044.0,641729.0,15,Chase Field,night,R
745318,2024-07-11,2024,TOR,SF,141,137,10,6,16,0,9,0,605135,Chris Bassitt,657277.0,Logan Webb,605135.0,657277.0,2395,Oracle Park,night,R
746688,2024-07-11,2024,COL,CIN,115,113,1,8,9,1,9,0,596295,Austin Gomber,668881.0,Hunter Greene,668881.0,596295.0,2602,Great American Ball Park,day,R
746452,2024-07-11,2024,CLE,DET,114,116,1,10,11,1,9,0,675921,Spencer Howard,656427.0,Jack Flaherty,656427.0,675921.0,2394,Comerica Park,day,R
745799,2024-07-11,2024,WSH,NYM,120,121,0,7,7,1,9,0,669022,MacKenzie Gore,656849.0,David Peterson,656849.0,669022.0,3289,Citi Field,day,R
745967,2024-07-11,2024,PIT,MIL,134,158,1,0,1,0,9,0,694973,Paul Skenes,650644.0,Aaron Civale,694973.0,650644.0,32,American Family Field,day,R
745313,2024-07-11,2024,TOR,SF,141,137,5,3,8,0,9,0,592332,Kevin Gausman,663855.0,Jordan Hicks,592332.0,663855.0,2395,Oracle Park,day,R
745558,2024-07-11,2024,LAD,PHI,119,143,1,5,6,1,9,0,607455,Anthony Banda,605400.0,Aaron Nola,605400.0,607455.0,2681,Citizens Bank Park,night,R
747011,2024-07-11,2024,CHC,BAL,112,110,8,0,8,0,9,0,657006,Justin Steele,544150.0,Albert Suárez,657006.0,544150.0,2,Oriole Park at Camden Yards,night,R
745065,2024-07-11,2024,NYY,TB,147,139,4,5,9,1,9,0,641482,Nestor Cortes,669358.0,Shane Baz,687330.0,641482.0,12,Tropicana Field,night,R
746935,2024-07-11,2024,OAK,BOS,133,111,0,7,7,1,9,0,665622,Luis Medina,656557.0,Tanner Houck,656557.0,665622.0,3,Fenway Park,night,R
746367,2024-07-12,2024,MIA,HOU,146,117,3,6,9,1,9,0,682610,Roddery Muñoz,,,605463.0,682610.0,2392,Minute Maid Park,night,R
746204,2024-07-12,2024,SEA,LAA,136,108,11,0,11,0,9,0,622491,Luis Castillo,686799.0,Jack Kochanowicz,622491.0,686799.0,1,Angel Stadium,night,R
747178,2024-07-12,2024,ATL,ARI,144,109,0,1,1,1,9,0,608331,Max Fried,694297.0,Brandon Pfaadt,694297.0,608331.0,15,Chase Field,night,R
746450,2024-07-12,2024,LAD,DET,119,116,4,3,7,0,9,0,572020,James Paxton,669373.0,Tarik Skubal,656848.0,671345.0,2394,Comerica Park,night,R
745552,2024-07-12,2024,OAK,PHI,133,143,6,2,8,0,9,0,663687,Hogan Harris,624133.0,Ranger Suárez,674370.0,624133.0,2681,Citizens Bank Park,night,R
745064,2024-07-12,2024,CLE,TB,114,139,0,2,2,1,9,0,471911,Carlos Carrasco,671737.0,Taj Bradley,671737.0,471911.0,12,Tropicana Field,night,R
747012,2024-07-12,2024,NYY,BAL,147,110,4,1,5,0,9,0,543037,Gerrit Cole,700249.0,Cade Povich,543037.0,700249.0,2,Oriole Park at Camden Yards,night,R
746936,2024-07-12,2024,KC,BOS,118,111,6,1,7,0,9,0,666142,Cole Ragans,681867.0,Cooper Criswell,666142.0,681867.0,3,Fenway Park,night,R
745800,2024-07-12,2024,COL,NYM,115,121,6,7,13,1,9,0,685299,Tanner Gordon,640455.0,Sean Manaea,640455.0,685299.0,3289,Citi Field,night,R
746685,2024-07-12,2024,MIA,CIN,146,113,4,7,11,1,9,0,630023,Yonny Chirinos,686730.0,Carson Spiers,686730.0,630023.0,2602,Great American Ball Park,night,R
746371,2024-07-13,2024,TEX,HOU,140,117,3,6,9,1,9,0,571760,Andrew Heaney,686613.0,Hunter Brown,686613.0,571760.0,2392,Minute Maid Park,night,R
746774,2024-07-13,2024,PIT,CWS,134,145,4,1,5,0,9,0,594835,Marco Gonzales,676979.0,Garrett Crochet,594835.0,686563.0,4,Guaranteed Rate Field,night,R
745965,2024-07-13,2024,WSH,MIL,120,158,5,2,7,0,9,0,671131,Jackson Rutledge,642547.0,Freddy Peralta,676395.0,642547.0,32,American Family Field,night,R
745153,2024-07-13,2024,CHC,STL,112,138,5,1,6,0,9,0,543294,Kyle Hendricks,543243.0,Sonny Gray,543294.0,543243.0,2889,Busch Stadium,night,R
746207,2024-07-13,2024,SEA,LAA,136,108,5,6,11,1,10,1,693433,Bryan Woo,542881.0,Tyler Anderson,668968.0,608723.0,1,Angel Stadium,night,R
747175,2024-07-13,2024,TOR,ARI,141,109,4,5,9,1,9,0,684320,Yariel Rodríguez,669194.0,Ryne Nelson,679885.0,643338.0,15,Chase Field,night,R
745390,2024-07-13,2024,ATL,SD,144,135,6,1,7,0,9,0,680885,Spencer Schwellenbach,663362.0,Matt Waldron,680885.0,663362.0,2680,Petco Park,night,R
745312,2024-07-13,2024,MIN,SF,142,137,1,7,8,1,9,0,657746,Joe Ryan,690986.0,Kyle Harrison,690986.0,657746.0,2395,Oracle Park,night,R
746447,2024-07-13,2024,LAD,DET,119,116,9,11,20,1,10,1,680736,Justin Wrobleski,672456.0,Keider Montero,676684.0,670990.0,2394,Comerica Park,day,R
746766,2024-07-13,2024,PIT,CWS,134,145,6,2,8,0,9,0,682847,Luis Ortiz,623167.0,Chris Flexen,693312.0,623167.0,4,Guaranteed Rate Field,day,R
745152,2024-07-13,2024,CHC,STL,112,138,3,11,14,1,9,0,669713,Hayden Wesneski,458681.0,Lance Lynn,458681.0,669713.0,2889,Busch Stadium,day,R
745175,2024-07-14,2024,CHC,STL,112,138,4,5,9,1,9,0,665871,Javier Assad,502043.0,Kyle Gibson,668941.0,687863.0,2889,Busch Stadium,night,R
745549,2024-07-13,2024,OAK,PHI,133,143,5,11,16,1,9,0,687765,Mitch Spence,663969.0,Tyler Phillips,663969.0,687765.0,2681,Citizens Bank Park,day,R
747013,2024-07-13,2024,NYY,BAL,147,110,6,1,7,0,9,0,661563,Luis Gil,680570.0,Grayson Rodriguez,661563.0,680570.0,2,Oriole Park at Camden Yards,day,R
746930,2024-07-13,2024,KC,BOS,118,111,0,5,5,1,9,0,607625,Seth Lugo,676710.0,Kutter Crawford,676710.0,607625.0,3,Fenway Park,day,R
745798,2024-07-13,2024,COL,NYM,115,121,3,7,10,1,9,0,663372,Ryan Feltner,681035.0,Christian Scott,676130.0,663372.0,3289,Citi Field,day,R
745067,2024-07-13,2024,CLE,TB,114,139,4,2,6,0,9,0,668909,Gavin Williams,641793.0,Zack Littell,680704.0,664076.0,12,Tropicana Field,day,R
746369,2024-07-13,2024,TEX,HOU,140,117,2,1,3,0,10,1,543135,Nathan Eovaldi,681293.0,Spencer Arrighetti,502085.0,605463.0,2392,Minute Maid Park,day,R
746687,2024-07-13,2024,MIA,CIN,146,113,6,10,16,1,9,0,665795,Edward Cabrera,671096.0,Andrew Abbott,594580.0,665795.0,2602,Great American Ball Park,day,R
745963,2024-07-13,2024,WSH,MIL,120,158,6,5,11,0,9,0,680730,Mitchell Parker,572971.0,Dallas Keuchel,571882.0,656730.0,32,American Family Field,day,R
745311,2024-07-13,2024,MIN,SF,142,137,4,2,6,0,9,0,680573,Simeon Woods Richardson,806185.0,Hayden Birdsong,663485.0,573124.0,2395,Oracle Park,day,R
745392,2024-07-13,2024,ATL,SD,144,135,0,4,4,1,9,0,625643,Reynaldo López,656302.0,Dylan Cease,656302.0,625643.0,2680,Petco Park,day,R
746202,2024-07-14,2024,SEA,LAA,136,108,1,2,3,1,9,0,669923,George Kirby,667755.0,José Soriano,667755.0,669923.0,1,Angel Stadium,night,R
747177,2024-07-14,2024,TOR,ARI,141,109,1,12,13,1,9,0,621244,José Berríos,700270.0,Yilber Díaz,700270.0,621244.0,15,Chase Field,night,R
747009,2024-07-14,2024,NYY,BAL,147,110,5,6,11,1,9,0,607074,Carlos Rodón,665152.0,Dean Kremer,518886.0,605280.0,2,Oriole Park at Camden Yards,day,R
746932,2024-07-14,2024,KC,BOS,118,111,4,5,9,1,9,0,663903,Brady Singer,678394.0,Brayan Bello,678394.0,663903.0,3,Fenway Park,day,R
745551,2024-07-14,2024,OAK,PHI,133,143,18,3,21,0,9,0,683155,Joey Estes,689147.0,Orion Kerkering,683155.0,675650.0,2681,Citizens Bank Park,day,R
746449,2024-07-14,2024,LAD,DET,119,116,3,4,7,1,9,0,641703,Brent Honeywell,689225.0,Beau Brieske,656412.0,670990.0,2394,Comerica Park,day,R
745797,2024-07-14,2024,COL,NYM,115,121,8,5,13,0,9,0,608566,Germán Márquez,500779.0,Jose Quintana,664875.0,500779.0,3289,Citi Field,day,R
745066,2024-07-14,2024,CLE,TB,114,139,0,2,2,1,9,0,594902,Ben Lively,686752.0,Ryan Pepiot,686752.0,594902.0,12,Tropicana Field,day,R
746686,2024-07-14,2024,MIA,CIN,146,113,3,2,5,0,9,0,669432,Trevor Rogers,666157.0,Nick Lodolo,640462.0,518585.0,2602,Great American Ball Park,day,R
746370,2024-07-14,2024,TEX,HOU,140,117,4,2,6,0,9,0,453286,Max Scherzer,669854.0,Ronel Blanco,622250.0,669854.0,2392,Minute Maid Park,day,R
746769,2024-07-14,2024,PIT,CWS,134,145,9,4,13,0,9,0,656605,Mitch Keller,694363.0,Jared Shuster,682990.0,641771.0,4,Guaranteed Rate Field,day,R
745962,2024-07-14,2024,WSH,MIL,120,158,3,9,12,1,9,0,663623,Jake Irvin,642239.0,Rob Zastryzny,607067.0,663623.0,32,American Family Field,day,R
745151,2024-07-14,2024,CHC,STL,112,138,8,3,11,0,9,0,592791,Jameson Taillon,571945.0,Miles Mikolas,592791.0,571945.0,2889,Busch Stadium,day,R
745314,2024-07-14,2024,MIN,SF,142,137,2,3,5,1,9,0,663978,Chris Paddack,605483.0,Blake Snell,676254.0,661395.0,2395,Oracle Park,day,R
746201,2024-07-14,2024,SEA,LAA,136,108,2,3,5,1,9,0,669302,Logan Gilbert,608334.0,Carson Fulmer,668968.0,608723.0,1,Angel Stadium,day,R
747176,2024-07-14,2024,TOR,ARI,141,109,8,7,15,0,9,0,579328,Yusei Kikuchi,668678.0,Zac Gallen,670950.0,656464.0,15,Chase Field,day,R
745385,2024-07-14,2024,ATL,SD,144,135,6,3,9,0,9,0,519242,Chris Sale,681190.0,Randy Vásquez,519242.0,681190.0,2680,Petco Park,day,R
746854,2024-07-19,2024,ARI,CHC,109,112,5,2,7,0,9,0,669194,Ryne Nelson,657006.0,Justin Steele,669194.0,657006.0,17,Wrigley Field,day,R
745481,2024-07-19,2024,PHI,PIT,143,134,7,8,15,1,9,0,605400,Aaron Nola,527048.0,Martín Pérez,669387.0,621237.0,31,PNC Park,night,R
744829,2024-07-19,2024,CIN,WSH,113,120,5,8,13,1,9,0,593423,Frankie Montas,571578.0,Patrick Corbin,571578.0,593423.0,3309,Nationals Park,night,R
745721,2024-07-19,2024,TB,NYY,139,147,1,6,7,1,9,0,621107,Zach Eflin,543037.0,Gerrit Cole,543037.0,621107.0,3313,Yankee Stadium,night,R
744911,2024-07-19,2024,DET,TOR,116,141,5,4,9,0,9,0,656427,Jack Flaherty,605135.0,Chris Bassitt,656427.0,605135.0,14,Rogers Centre,night,R
746618,2024-07-19,2024,SD,CLE,135,114,0,7,7,1,9,0,663362,Matt Waldron,676440.0,Tanner Bibee,676440.0,663362.0,5,Progressive Field,night,R
746040,2024-07-19,2024,NYM,MIA,121,146,4,6,10,1,9,0,640455,Sean Manaea,665795.0,Edward Cabrera,669622.0,640455.0,4169,loanDepot park,night,R
744990,2024-07-20,2024,BAL,TEX,110,140,9,1,10,0,9,0,669203,Corbin Burnes,543135.0,Nathan Eovaldi,669203.0,543135.0,5325,Globe Life Field,night,R
746284,2024-07-20,2024,CWS,KC,145,118,1,7,8,1,9,0,623167,Chris Flexen,608379.0,Michael Wacha,608379.0,623167.0,7,Kauffman Stadium,night,R
746531,2024-07-20,2024,SF,COL,137,115,3,7,10,1,9,0,690986,Kyle Harrison,615698.0,Cal Quantrill,656222.0,643511.0,19,Coors Field,night,R
745640,2024-07-20,2024,LAA,OAK,108,133,3,13,16,1,9,0,656288,Griffin Canning,676664.0,JP Sears,676664.0,656288.0,10,Oakland Coliseum,night,R
746123,2024-07-20,2024,BOS,LAD,111,119,1,4,5,1,9,0,601713,Nick Pivetta,694813.0,Gavin Stone,642232.0,657514.0,22,Dodger Stadium,night,R
745228,2024-07-20,2024,HOU,SEA,117,136,3,0,3,0,9,0,686613,Hunter Brown,622491.0,Luis Castillo,686613.0,622491.0,680,T-Mobile Park,night,R
747093,2024-07-19,2024,STL,ATL,138,144,0,0,0,0,9,0,543243,Sonny Gray,680885.0,Spencer Schwellenbach,,,4705,Truist Park,night,R
745720,2024-07-20,2024,TB,NYY,139,147,9,1,10,0,9,0,671737,Taj Bradley,641482.0,Nestor Cortes,671737.0,641482.0,3313,Yankee Stadium,day,R
747093,2024-07-20,2024,STL,ATL,138,144,2,3,5,1,10,1,502043,Kyle Gibson,450203.0,Charlie Morton,572955.0,688297.0,4705,Truist Park,day,R
747096,2024-07-20,2024,STL,ATL,138,144,9,5,14,0,9,0,543243,Sonny Gray,693821.0,Bryce Elder,543243.0,693821.0,4705,Truist Park,night,R
744910,2024-07-20,2024,DET,TOR,116,141,7,3,10,0,9,0,681857,Reese Olson,579328.0,Yusei Kikuchi,656412.0,579328.0,14,Rogers Centre,day,R
745638,2024-07-20,2024,LAA,OAK,108,133,2,8,10,1,9,0,686799,Jack Kochanowicz,687765.0,Mitch Spence,687765.0,686799.0,10,Oakland Coliseum,day,R
746041,2024-07-20,2024,NYM,MIA,121,146,1,0,1,0,9,0,622663,Luis Severino,682610.0,Roddery Muñoz,622663.0,682610.0,4169,loanDepot park,day,R
745478,2024-07-20,2024,PHI,PIT,143,134,1,4,5,1,9,0,650911,Cristopher Sánchez,682847.0,Luis Ortiz,682847.0,650911.0,31,PNC Park,night,R
744830,2024-07-20,2024,CIN,WSH,113,120,4,5,9,1,9,0,666157,Nick Lodolo,669022.0,MacKenzie Gore,571882.0,458677.0,3309,Nationals Park,night,R
744994,2024-07-20,2024,BAL,TEX,110,140,8,4,12,0,9,0,680570,Grayson Rodriguez,453286.0,Max Scherzer,680570.0,453286.0,5325,Globe Life Field,night,R
746613,2024-07-20,2024,SD,CLE,135,114,7,0,7,0,9,0,656302,Dylan Cease,668909.0,Gavin Williams,656302.0,668909.0,5,Progressive Field,night,R
746286,2024-07-20,2024,CWS,KC,145,118,1,6,7,1,9,0,686563,Jonathan Cannon,663903.0,Brady Singer,663903.0,686563.0,7,Kauffman Stadium,night,R
745880,2024-07-20,2024,MIL,MIN,158,142,8,4,12,0,12,1,642547,Freddy Peralta,641154.0,Pablo López,596001.0,595345.0,3312,Target Field,night,R
746852,2024-07-20,2024,ARI,CHC,109,112,3,0,3,0,9,0,668678,Zac Gallen,543294.0,Kyle Hendricks,668678.0,543294.0,17,Wrigley Field,night,R
746121,2024-07-20,2024,BOS,LAD,111,119,6,7,13,1,11,1,678394,Brayan Bello,680736.0,Justin Wrobleski,595014.0,669711.0,22,Dodger Stadium,day,R
746527,2024-07-21,2024,SF,COL,137,115,3,4,7,1,9,0,657277,Logan Webb,607536.0,Kyle Freeland,607536.0,657277.0,19,Coors Field,night,R
745229,2024-07-21,2024,HOU,SEA,117,136,4,2,6,0,9,0,664285,Framber Valdez,669923.0,George Kirby,605463.0,592773.0,680,T-Mobile Park,night,R
745882,2024-07-21,2024,MIL,MIN,158,142,8,7,15,0,9,0,650644,Aaron Civale,657746.0,Joe Ryan,657649.0,643377.0,3312,Target Field,day,R
744831,2024-07-21,2024,CIN,WSH,113,120,2,5,7,1,9,0,671096,Andrew Abbott,663623.0,Jake Irvin,676395.0,608371.0,3309,Nationals Park,day,R
745470,2024-07-21,2024,PHI,PIT,143,134,6,0,6,0,9,0,663969,Tyler Phillips,594835.0,Marco Gonzales,663969.0,594835.0,31,PNC Park,day,R
747094,2024-07-21,2024,STL,ATL,138,144,6,2,8,0,9,0,571945,Miles Mikolas,680885.0,Spencer Schwellenbach,571945.0,680885.0,4705,Truist Park,day,R
745722,2024-07-21,2024,TB,NYY,139,147,6,4,10,0,9,0,669358,Shane Baz,573186.0,Marcus Stroman,664076.0,573186.0,3313,Yankee Stadium,day,R
744909,2024-07-21,2024,DET,TOR,116,141,4,5,9,1,9,0,672456,Keider Montero,592332.0,Kevin Gausman,592332.0,672456.0,14,Rogers Centre,day,R
746610,2024-07-21,2024,SD,CLE,135,114,2,1,3,0,9,0,650633,Michael King,594902.0,Ben Lively,650633.0,594902.0,5,Progressive Field,day,R
746042,2024-07-21,2024,NYM,MIA,121,146,2,4,6,1,9,0,681035,Christian Scott,669432.0,Trevor Rogers,686539.0,681035.0,4169,loanDepot park,day,R
746287,2024-07-21,2024,CWS,KC,145,118,1,4,5,1,9,0,689672,Drew Thorpe,607625.0,Seth Lugo,607625.0,605154.0,7,Kauffman Stadium,day,R
746853,2024-07-21,2024,ARI,CHC,109,112,1,2,3,1,10,1,694297,Brandon Pfaadt,684007.0,Shota Imanaga,593576.0,573009.0,17,Wrigley Field,day,R
744991,2024-07-21,2024,BAL,TEX,110,140,2,3,5,1,9,0,665152,Dean Kremer,571760.0,Andrew Heaney,571760.0,665152.0,5325,Globe Life Field,day,R
746528,2024-07-21,2024,SF,COL,137,115,3,2,5,0,9,0,806185,Hayden Birdsong,663372.0,Ryan Feltner,806185.0,663372.0,19,Coors Field,day,R
745633,2024-07-21,2024,LAA,OAK,108,133,8,5,13,0,9,0,608334,Carson Fulmer,683155.0,Joey Estes,472610.0,668674.0,10,Oakland Coliseum,day,R
745230,2024-07-21,2024,HOU,SEA,117,136,4,6,10,1,9,0,669854,Ronel Blanco,693433.0,Bryan Woo,693433.0,669854.0,680,T-Mobile Park,day,R
746125,2024-07-21,2024,BOS,LAD,111,119,6,9,15,1,9,0,676710,Kutter Crawford,572020.0,James Paxton,572020.0,676710.0,22,Dodger Stadium,day,R
745717,2024-07-22,2024,TB,NYY,139,147,1,9,10,1,9,0,641793,Zack Littell,607074.0,Carlos Rodón,607074.0,641793.0,3313,Yankee Stadium,day,R
746612,2024-07-22,2024,DET,CLE,116,114,8,2,10,0,9,0,669373,Tarik Skubal,471911.0,Carlos Carrasco,669373.0,471911.0,5,Progressive Field,night,R
745473,2024-07-22,2024,STL,PIT,138,134,1,2,3,1,9,0,669467,Andre Pallante,656605.0,Mitch Keller,547973.0,667463.0,31,PNC Park,night,R
746034,2024-07-22,2024,NYM,MIA,121,146,6,4,10,0,9,0,656849,David Peterson,630023.0,Yonny Chirinos,656849.0,630023.0,4169,loanDepot park,night,R
747095,2024-07-22,2024,CIN,ATL,113,144,4,1,5,0,9,0,668881,Hunter Greene,625643.0,Reynaldo López,668881.0,625643.0,4705,Truist Park,night,R
745881,2024-07-22,2024,PHI,MIN,143,142,2,7,9,1,9,0,624133,Ranger Suárez,641927.0,Bailey Ober,641927.0,624133.0,3312,Target Field,night,R
744988,2024-07-23,2024,CWS,TEX,145,140,3,4,7,1,10,1,607200,Erick Fedde,547179.0,Michael Lorenzen,642546.0,621051.0,5325,Globe Life Field,night,R
746850,2024-07-23,2024,MIL,CHC,158,112,1,3,4,1,9,0,668964,Tobias Myers,665871.0,Javier Assad,592767.0,668964.0,17,Wrigley Field,night,R
746280,2024-07-23,2024,ARI,KC,109,118,4,10,14,1,9,0,700270,Yilber Díaz,666142.0,Cole Ragans,666142.0,700270.0,7,Kauffman Stadium,night,R
746526,2024-07-23,2024,BOS,COL,111,115,8,9,17,1,12,1,656557,Tanner Houck,596295.0,Austin Gomber,664875.0,690544.0,19,Coors Field,night,R
745635,2024-07-23,2024,HOU,OAK,117,133,0,4,4,1,9,0,681293,Spencer Arrighetti,663687.0,Hogan Harris,663687.0,681293.0,10,Oakland Coliseum,night,R
745232,2024-07-23,2024,LAA,SEA,108,136,3,1,4,0,9,0,542881,Tyler Anderson,682243.0,Bryce Miller,472610.0,663423.0,680,T-Mobile Park,night,R
746124,2024-07-23,2024,SF,LAD,137,119,2,3,5,1,9,0,605483,Blake Snell,689981.0,River Ryan,595014.0,669062.0,22,Dodger Stadium,night,R
746614,2024-07-23,2024,DET,CLE,116,114,4,5,9,1,9,0,663947,Tyler Holton,675540.0,Xzavion Curry,671922.0,666214.0,5,Progressive Field,night,R
745475,2024-07-23,2024,STL,PIT,138,134,2,1,3,0,9,0,458681,Lance Lynn,694973.0,Paul Skenes,681676.0,694973.0,31,PNC Park,night,R
746036,2024-07-23,2024,BAL,MIA,110,146,3,6,9,1,9,0,544150,Albert Suárez,667725.0,Kyle Tyler,640462.0,544150.0,4169,loanDepot park,night,R
744828,2024-07-23,2024,SD,WSH,135,120,4,0,4,0,9,0,681190,Randy Vásquez,687792.0,DJ Herz,681190.0,687792.0,3309,Nationals Park,night,R
745715,2024-07-23,2024,NYM,NYY,121,147,3,2,5,0,9,0,500779,Jose Quintana,661563.0,Luis Gil,500779.0,543859.0,3313,Yankee Stadium,night,R
744904,2024-07-23,2024,TB,TOR,139,141,4,2,6,0,9,0,542888,Shawn Armstrong,621244.0,José Berríos,641302.0,621244.0,14,Rogers Centre,night,R
745878,2024-07-23,2024,PHI,MIN,143,142,3,0,3,0,9,0,554430,Zack Wheeler,680573.0,Simeon Woods Richardson,642397.0,661395.0,3312,Target Field,night,R
744985,2024-07-24,2024,CWS,TEX,145,140,2,3,5,1,9,0,676979,Garrett Crochet,592351.0,Jon Gray,592351.0,676979.0,5325,Globe Life Field,night,R
746848,2024-07-24,2024,MIL,CHC,158,112,1,0,1,0,9,0,607067,Colin Rea,592791.0,Jameson Taillon,665625.0,592791.0,17,Wrigley Field,night,R
746281,2024-07-24,2024,ARI,KC,109,118,6,2,8,0,9,0,656756,Jordan Montgomery,679525.0,Alec Marsh,656756.0,679525.0,7,Kauffman Stadium,night,R
746524,2024-07-24,2024,BOS,COL,111,115,6,0,6,0,9,0,681867,Cooper Criswell,621389.0,Ty Blach,681867.0,621389.0,19,Coors Field,night,R
745632,2024-07-24,2024,HOU,OAK,117,133,2,8,10,1,9,0,814005,Jake Bloss,674370.0,Osvaldo Bido,674370.0,814005.0,10,Oakland Coliseum,night,R
745227,2024-07-24,2024,LAA,SEA,108,136,5,1,6,0,9,0,667755,José Soriano,669302.0,Logan Gilbert,667755.0,669302.0,680,T-Mobile Park,night,R
746118,2024-07-24,2024,SF,LAD,137,119,2,5,7,1,9,0,663855,Jordan Hicks,689017.0,Landon Knack,689017.0,663855.0,22,Dodger Stadium,night,R
747090,2024-07-23,2024,CIN,ATL,113,144,0,0,0,0,9,0,607259,Nick Martinez,519242.0,Chris Sale,,,4705,Truist Park,night,R
747091,2024-07-24,2024,CIN,ATL,113,144,9,4,13,0,9,0,593423,Frankie Montas,642216.0,Allan Winans,594580.0,642216.0,4705,Truist Park,day,R
745472,2024-07-24,2024,STL,PIT,138,134,0,5,5,1,9,0,669461,Matthew Liberatore,527048.0,Martín Pérez,527048.0,669461.0,31,PNC Park,day,R
745877,2024-07-24,2024,PHI,MIN,143,142,4,5,9,1,9,0,605400,Aaron Nola,595345.0,Steven Okert,661395.0,642397.0,3312,Target Field,day,R
746851,2024-07-24,2024,MIL,CHC,158,112,3,2,5,0,9,0,642239,Rob Zastryzny,657006.0,Justin Steele,596001.0,593576.0,17,Wrigley Field,day,R
746525,2024-07-24,2024,BOS,COL,111,115,7,20,27,1,9,0,601713,Nick Pivetta,615698.0,Cal Quantrill,615698.0,601713.0,19,Coors Field,day,R
745634,2024-07-24,2024,HOU,OAK,117,133,8,1,9,0,9,0,686613,Hunter Brown,676664.0,JP Sears,686613.0,676664.0,10,Oakland Coliseum,day,R
745231,2024-07-24,2024,LAA,SEA,108,136,2,1,3,0,9,0,656288,Griffin Canning,622491.0,Luis Castillo,668968.0,666619.0,680,T-Mobile Park,day,R
746611,2024-07-24,2024,DET,CLE,116,114,1,2,3,1,9,0,656427,Jack Flaherty,676440.0,Tanner Bibee,683769.0,689225.0,5,Progressive Field,night,R
746035,2024-07-24,2024,BAL,MIA,110,146,3,6,9,1,9,0,694646,Chayce McDermott,665795.0,Edward Cabrera,677053.0,657097.0,4169,loanDepot park,night,R
744824,2024-07-24,2024,SD,WSH,135,120,12,3,15,0,9,0,663362,Matt Waldron,680730.0,Mitchell Parker,663362.0,680730.0,3309,Nationals Park,night,R
745716,2024-07-24,2024,NYM,NYY,121,147,12,3,15,0,9,0,640455,Sean Manaea,543037.0,Gerrit Cole,493603.0,543037.0,3313,Yankee Stadium,night,R
744905,2024-07-24,2024,TB,TOR,139,141,3,6,9,1,9,0,621107,Zach Eflin,684320.0,Yariel Rodríguez,650893.0,592094.0,14,Rogers Centre,night,R
744989,2024-07-25,2024,CWS,TEX,145,140,2,10,12,1,9,0,623167,Chris Flexen,543135.0,Nathan Eovaldi,543135.0,623167.0,5325,Globe Life Field,night,R
746279,2024-07-25,2024,ARI,KC,109,118,8,6,14,0,9,0,669194,Ryne Nelson,608379.0,Michael Wacha,573009.0,663704.0,7,Kauffman Stadium,night,R
746119,2024-07-25,2024,SF,LAD,137,119,8,3,11,0,9,0,592662,Robbie Ray,607192.0,Tyler Glasnow,592662.0,607192.0,22,Dodger Stadium,night,R
747090,2024-07-24,2024,CIN,ATL,113,144,0,0,0,0,9,0,607259,Nick Martinez,519242.0,Chris Sale,,,4705,Truist Park,night,R
744827,2024-07-25,2024,SD,WSH,135,120,3,0,3,0,9,0,656302,Dylan Cease,571578.0,Patrick Corbin,656302.0,571578.0,3309,Nationals Park,day,R
746037,2024-07-25,2024,BAL,MIA,110,146,7,6,13,0,10,1,669203,Corbin Burnes,682610.0,Roddery Muñoz,666974.0,676534.0,4169,loanDepot park,day,R
746609,2024-07-25,2024,DET,CLE,116,114,3,0,3,0,9,0,663947,Tyler Holton,668909.0,Gavin Williams,687922.0,668909.0,5,Progressive Field,day,R
744984,2024-07-25,2024,CWS,TEX,145,140,1,2,3,1,9,0,686563,Jonathan Cannon,453286.0,Max Scherzer,453286.0,686563.0,5325,Globe Life Field,day,R
744907,2024-07-25,2024,TB,TOR,139,141,13,0,13,0,9,0,671737,Taj Bradley,605135.0,Chris Bassitt,671737.0,605135.0,14,Rogers Centre,day,R
746117,2024-07-25,2024,SF,LAD,137,119,4,6,10,1,9,0,657277,Logan Webb,477132.0,Clayton Kershaw,595014.0,643511.0,22,Dodger Stadium,day,R
745794,2024-07-25,2024,ATL,NYM,144,121,2,3,5,1,10,1,519242,Chris Sale,622663.0,Luis Severino,664208.0,572955.0,3289,Citi Field,night,R
746199,2024-07-26,2024,OAK,LAA,133,108,6,5,11,0,9,0,548389,Ross Stripling,670046.0,Kenny Rosenberg,548389.0,670046.0,1,Angel Stadium,night,R
746448,2024-07-26,2024,MIN,DET,142,116,9,3,12,0,9,0,641154,Pablo López,672456.0,Keider Montero,641154.0,672456.0,2394,Comerica Park,night,R
745554,2024-07-26,2024,CLE,PHI,114,143,3,1,4,0,9,0,594902,Ben Lively,650911.0,Cristopher Sánchez,594902.0,650911.0,2681,Citizens Bank Park,night,R
745068,2024-07-26,2024,CIN,TB,113,139,3,2,5,0,10,1,666157,Nick Lodolo,669358.0,Shane Baz,607259.0,655889.0,12,Tropicana Field,night,R
747010,2024-07-26,2024,SD,BAL,135,110,6,4,10,0,9,0,800049,Adam Mazur,680570.0,Grayson Rodriguez,663158.0,518886.0,2,Oriole Park at Camden Yards,night,R
744906,2024-07-26,2024,TEX,TOR,140,141,5,6,11,1,9,0,571760,Andrew Heaney,579328.0,Yusei Kikuchi,643338.0,622250.0,14,Rogers Centre,night,R
745792,2024-07-26,2024,ATL,NYM,144,121,4,8,12,1,9,0,450203,Charlie Morton,673540.0,Kodai Senga,673540.0,450203.0,3289,Citi Field,night,R
746933,2024-07-26,2024,NYY,BOS,147,111,7,9,16,1,9,0,641482,Nestor Cortes,678394.0,Brayan Bello,690544.0,596133.0,3,Fenway Park,night,R
746277,2024-07-27,2024,CHC,KC,112,118,0,6,6,1,9,0,543294,Kyle Hendricks,663903.0,Brady Singer,663903.0,543294.0,7,Kauffman Stadium,night,R
746361,2024-07-27,2024,LAD,HOU,119,117,0,5,5,1,9,0,694813,Gavin Stone,664285.0,Framber Valdez,664285.0,694813.0,2392,Minute Maid Park,night,R
746767,2024-07-27,2024,SEA,CWS,136,145,10,0,10,0,9,0,669923,George Kirby,689672.0,Drew Thorpe,669923.0,689672.0,4,Guaranteed Rate Field,night,R
745964,2024-07-27,2024,MIA,MIL,146,158,6,2,8,0,9,0,669432,Trevor Rogers,642547.0,Freddy Peralta,669432.0,642547.0,32,American Family Field,night,R
745146,2024-07-27,2024,WSH,STL,120,138,10,8,18,0,10,1,669022,MacKenzie Gore,543243.0,Sonny Gray,606930.0,681676.0,2889,Busch Stadium,night,R
746200,2024-07-27,2024,OAK,LAA,133,108,5,4,9,0,9,0,621112,Paul Blackburn,608334.0,Carson Fulmer,621112.0,668968.0,1,Angel Stadium,night,R
747174,2024-07-27,2024,PIT,ARI,134,109,3,4,7,1,9,0,682847,Luis Ortiz,668678.0,Zac Gallen,668678.0,669387.0,15,Chase Field,night,R
745315,2024-07-27,2024,COL,SF,115,137,4,11,15,1,9,0,607536,Kyle Freeland,690986.0,Kyle Harrison,690986.0,607536.0,2395,Oracle Park,night,R
744908,2024-07-27,2024,TEX,TOR,140,141,3,7,10,1,9,0,547179,Michael Lorenzen,592332.0,Kevin Gausman,592332.0,547179.0,14,Rogers Centre,day,R
747006,2024-07-27,2024,SD,BAL,135,110,9,4,13,0,9,0,650633,Michael King,665152.0,Dean Kremer,650633.0,665152.0,2,Oriole Park at Camden Yards,day,R
745059,2024-07-27,2024,CIN,TB,113,139,0,4,4,1,9,0,671096,Andrew Abbott,641793.0,Zack Littell,641793.0,671096.0,12,Tropicana Field,day,R
745793,2024-07-27,2024,ATL,NYM,144,121,4,0,4,0,9,0,680885,Spencer Schwellenbach,656731.0,Tylor Megill,680885.0,656731.0,3289,Citi Field,day,R
745553,2024-07-27,2024,CLE,PHI,114,143,0,8,8,1,9,0,471911,Carlos Carrasco,663969.0,Tyler Phillips,663969.0,471911.0,2681,Citizens Bank Park,night,R
746446,2024-07-27,2024,MIN,DET,142,116,2,7,9,1,9,0,657746,Joe Ryan,669373.0,Tarik Skubal,669373.0,657746.0,2394,Comerica Park,night,R
745307,2024-07-27,2024,COL,SF,115,137,1,4,5,1,9,0,663372,Ryan Feltner,605483.0,Blake Snell,676254.0,664875.0,2395,Oracle Park,night,R
745310,2024-07-27,2024,COL,SF,115,137,0,5,5,1,9,0,685299,Tanner Gordon,806185.0,Hayden Birdsong,806185.0,685299.0,2395,Oracle Park,night,R
746278,2024-07-27,2024,CHC,KC,112,118,9,4,13,0,9,0,684007,Shota Imanaga,607625.0,Seth Lugo,657240.0,607625.0,7,Kauffman Stadium,night,R
746362,2024-07-27,2024,LAD,HOU,119,117,6,7,13,1,9,0,680736,Justin Wrobleski,669854.0,Ronel Blanco,623352.0,595014.0,2392,Minute Maid Park,night,R
745966,2024-07-27,2024,MIA,MIL,146,158,7,3,10,0,9,0,676974,Max Meyer,650644.0,Aaron Civale,663773.0,657649.0,32,American Family Field,night,R
745150,2024-07-27,2024,WSH,STL,120,138,14,3,17,0,9,0,663623,Jake Irvin,502043.0,Kyle Gibson,663623.0,502043.0,2889,Busch Stadium,night,R
746768,2024-07-27,2024,SEA,CWS,136,145,6,3,9,0,9,0,693433,Bryan Woo,607200.0,Erick Fedde,676092.0,607200.0,4,Guaranteed Rate Field,night,R
746931,2024-07-27,2024,NYY,BOS,147,111,11,8,19,0,10,1,573186,Marcus Stroman,676710.0,Kutter Crawford,605280.0,502624.0,3,Fenway Park,night,R
747171,2024-07-28,2024,PIT,ARI,134,109,5,9,14,1,9,0,594835,Marco Gonzales,694297.0,Brandon Pfaadt,694297.0,682990.0,15,Chase Field,night,R
746203,2024-07-28,2024,OAK,LAA,133,108,3,1,4,0,9,0,687765,Mitch Spence,542881.0,Tyler Anderson,687765.0,542881.0,1,Angel Stadium,night,R
745063,2024-07-28,2024,CIN,TB,113,139,1,2,3,1,9,0,668881,Hunter Greene,,,664076.0,518585.0,12,Tropicana Field,day,R
747008,2024-07-28,2024,SD,BAL,135,110,6,8,14,1,9,0,681190,Randy Vásquez,544150.0,Albert Suárez,672335.0,681190.0,2,Oriole Park at Camden Yards,day,R
745550,2024-07-28,2024,CLE,PHI,114,143,4,3,7,0,9,0,676282,Joey Cantillo,663465.0,Kolby Allard,682120.0,621237.0,2681,Citizens Bank Park,day,R
744902,2024-07-28,2024,TEX,TOR,140,141,3,7,10,1,9,0,592351,Jon Gray,621244.0,José Berríos,621244.0,642546.0,14,Rogers Centre,day,R
746445,2024-07-28,2024,MIN,DET,142,116,5,0,5,0,9,0,641927,Bailey Ober,656412.0,Alex Faedo,641927.0,656412.0,2394,Comerica Park,day,R
745795,2024-07-28,2024,ATL,NYM,144,121,9,2,11,0,9,0,625643,Reynaldo López,656849.0,David Peterson,669276.0,656849.0,3289,Citi Field,day,R
746274,2024-07-28,2024,CHC,KC,112,118,7,3,10,0,9,0,665871,Javier Assad,666142.0,Cole Ragans,665871.0,666142.0,7,Kauffman Stadium,day,R
746364,2024-07-28,2024,LAD,HOU,119,117,6,2,8,0,9,0,689981,River Ryan,681293.0,Spencer Arrighetti,689981.0,681293.0,2392,Minute Maid Park,day,R
746770,2024-07-28,2024,SEA,CWS,136,145,6,3,9,0,9,0,682243,Bryce Miller,676979.0,Garrett Crochet,682243.0,676979.0,4,Guaranteed Rate Field,day,R
745961,2024-07-28,2024,MIA,MIL,146,158,2,6,8,1,9,0,667725,Kyle Tyler,668964.0,Tobias Myers,596001.0,667725.0,32,American Family Field,day,R
745145,2024-07-28,2024,WSH,STL,120,138,3,4,7,1,9,0,687792,DJ Herz,571945.0,Miles Mikolas,664854.0,571670.0,2889,Busch Stadium,day,R
745305,2024-07-28,2024,COL,SF,115,137,4,5,9,1,9,0,596295,Austin Gomber,669062.0,Erik Miller,678495.0,596295.0,2395,Oracle Park,day,R
746195,2024-07-28,2024,OAK,LAA,133,108,6,8,14,1,9,0,674370,Osvaldo Bido,667755.0,José Soriano,672710.0,674370.0,1,Angel Stadium,day,R
747173,2024-07-28,2024,PIT,ARI,134,109,6,5,11,0,10,1,656605,Mitch Keller,700270.0,Yilber Díaz,547973.0,679885.0,15,Chase Field,day,R
746929,2024-07-28,2024,NYY,BOS,147,111,8,2,10,0,9,0,607074,Carlos Rodón,656557.0,Tanner Houck,607074.0,656557.0,3,Fenway Park,night,R
747007,2024-07-29,2024,TOR,BAL,141,110,5,11,16,1,9,0,684320,Yariel Rodríguez,621107.0,Zach Eflin,621107.0,684320.0,2,Oriole Park at Camden Yards,day,R
747039,2024-07-29,2024,TOR,BAL,141,110,8,4,12,0,9,0,670102,Bowden Francis,700249.0,Cade Povich,670102.0,700249.0,2,Oriole Park at Camden Yards,day,R
746444,2024-07-29,2024,CLE,DET,114,116,8,4,12,0,9,0,676440,Tanner Bibee,689225.0,Beau Brieske,676440.0,689225.0,2394,Comerica Park,night,R
745547,2024-07-29,2024,NYY,PHI,147,143,14,4,18,0,9,0,661563,Luis Gil,554430.0,Zack Wheeler,661563.0,554430.0,2681,Citizens Bank Park,night,R
746684,2024-07-29,2024,CHC,CIN,112,113,1,7,8,1,9,0,592791,Jameson Taillon,686730.0,Carson Spiers,686730.0,592791.0,2602,Great American Ball Park,night,R
746928,2024-07-29,2024,SEA,BOS,136,111,7,14,21,1,9,0,669302,Logan Gilbert,601713.0,Nick Pivetta,601713.0,669302.0,3,Fenway Park,night,R
745791,2024-07-29,2024,MIN,NYM,142,121,2,15,17,1,9,0,680573,Simeon Woods Richardson,500779.0,Jose Quintana,500779.0,680573.0,3289,Citi Field,night,R
745147,2024-07-29,2024,TEX,STL,140,138,6,3,9,0,9,0,543135,Nathan Eovaldi,669467.0,Andre Pallante,543135.0,669467.0,2889,Busch Stadium,night,R
746360,2024-07-30,2024,PIT,HOU,134,117,5,3,8,0,9,0,694973,Paul Skenes,605463.0,Tayler Scott,547973.0,623352.0,2392,Minute Maid Park,night,R
746765,2024-07-30,2024,KC,CWS,118,145,8,5,13,0,9,0,679525,Alec Marsh,623167.0,Chris Flexen,608717.0,605154.0,4,Guaranteed Rate Field,night,R
745959,2024-07-30,2024,ATL,MIL,144,158,3,8,11,1,9,0,656550,Grant Holmes,607067.0,Colin Rea,571948.0,445926.0,32,American Family Field,night,R
747172,2024-07-30,2024,WSH,ARI,120,109,8,9,17,1,9,0,680730,Mitchell Parker,656756.0,Jordan Montgomery,573009.0,640448.0,15,Chase Field,night,R
746441,2024-07-30,2024,CLE,DET,114,116,5,0,5,0,9,0,668909,Gavin Williams,663947.0,Tyler Holton,668909.0,656412.0,2394,Comerica Park,day,R
747005,2024-07-30,2024,TOR,BAL,141,110,2,6,8,1,9,0,605135,Chris Bassitt,669203.0,Corbin Burnes,669203.0,605135.0,2,Oriole Park at Camden Yards,night,R
745546,2024-07-30,2024,NYY,PHI,147,143,7,6,13,0,12,1,701542,Will Warren,605400.0,Aaron Nola,543859.0,689147.0,2681,Citizens Bank Park,night,R
745060,2024-07-30,2024,MIA,TB,146,139,3,9,12,1,9,0,665795,Edward Cabrera,605488.0,Jeffrey Springs,641302.0,686539.0,12,Tropicana Field,night,R
746683,2024-07-30,2024,CHC,CIN,112,113,3,6,9,1,9,0,657006,Justin Steele,663574.0,Tony Santillan,607259.0,657006.0,2602,Great American Ball Park,night,R
746926,2024-07-30,2024,SEA,BOS,136,111,10,6,16,0,9,0,622491,Luis Castillo,572020.0,James Paxton,622491.0,572020.0,3,Fenway Park,night,R
745787,2024-07-30,2024,MIN,NYM,142,121,0,2,2,1,9,0,701581,David Festa,640455.0,Sean Manaea,640455.0,701581.0,3289,Citi Field,night,R
745149,2024-07-30,2024,TEX,STL,140,138,1,8,9,1,9,0,453286,Max Scherzer,458681.0,Lance Lynn,458681.0,453286.0,2889,Busch Stadium,night,R
746365,2024-07-31,2024,PIT,HOU,134,117,6,2,8,0,9,0,663559,Bailey Falter,686613.0,Hunter Brown,663559.0,686613.0,2392,Minute Maid Park,night,R
746763,2024-07-31,2024,KC,CWS,118,145,4,3,7,0,9,0,608379,Michael Wacha,686563.0,Jonathan Cannon,608379.0,686642.0,4,Guaranteed Rate Field,night,R
745958,2024-07-31,2024,ATL,MIL,144,158,5,1,6,0,9,0,693821,Bryce Elder,605452.0,Joe Ross,693821.0,605452.0,32,American Family Field,night,R
746197,2024-07-31,2024,COL,LAA,115,108,7,10,17,1,9,0,615698,Cal Quantrill,656288.0,Griffin Canning,650671.0,656234.0,1,Angel Stadium,night,R
747167,2024-07-31,2024,WSH,ARI,120,109,0,17,17,1,9,0,571578,Patrick Corbin,669194.0,Ryne Nelson,669194.0,571578.0,15,Chase Field,night,R
745389,2024-07-31,2024,LAD,SD,119,135,5,6,11,1,10,1,607192,Tyler Glasnow,663362.0,Matt Waldron,663158.0,681911.0,2680,Petco Park,night,R
745309,2024-07-31,2024,OAK,SF,133,137,5,2,7,0,9,0,676664,JP Sears,592662.0,Robbie Ray,676664.0,592662.0,2395,Oracle Park,night,R
745061,2024-07-31,2024,MIA,TB,146,139,6,2,8,0,9,0,682610,Roddery Muñoz,671737.0,Taj Bradley,682610.0,671737.0,12,Tropicana Field,day,R
747003,2024-07-31,2024,TOR,BAL,141,110,4,10,14,1,9,0,502179,Paolo Espino,680570.0,Grayson Rodriguez,680570.0,502179.0,2,Oriole Park at Camden Yards,day,R
745543,2024-07-31,2024,NYY,PHI,147,143,6,5,11,0,9,0,641482,Nestor Cortes,650911.0,Cristopher Sánchez,641482.0,650911.0,2681,Citizens Bank Park,day,R
745789,2024-07-31,2024,MIN,NYM,142,121,8,3,11,0,9,0,641154,Pablo López,622663.0,Luis Severino,641154.0,622663.0,3289,Citi Field,day,R
746764,2024-07-31,2024,KC,CWS,118,145,10,3,13,0,9,0,663903,Brady Singer,689672.0,Drew Thorpe,663903.0,689672.0,4,Guaranteed Rate Field,day,R
745960,2024-07-31,2024,ATL,MIL,144,158,6,2,8,0,9,0,519242,Chris Sale,642547.0,Freddy Peralta,572955.0,657649.0,32,American Family Field,day,R
745148,2024-07-31,2024,TEX,STL,140,138,1,10,11,1,9,0,571760,Andrew Heaney,700241.0,Michael McGreevy,700241.0,571760.0,2889,Busch Stadium,day,R
747170,2024-07-31,2024,WSH,ARI,120,109,4,5,9,1,9,0,669022,MacKenzie Gore,668678.0,Zac Gallen,668678.0,669022.0,15,Chase Field,day,R
746925,2024-07-31,2024,SEA,BOS,136,111,2,3,5,1,10,1,669923,George Kirby,678394.0,Brayan Bello,677161.0,646242.0,3,Fenway Park,day,R
746678,2024-07-31,2024,CHC,CIN,112,113,13,4,17,0,9,0,543294,Kyle Hendricks,666157.0,Nick Lodolo,543294.0,666157.0,2602,Great American Ball Park,night,R
746363,2024-08-01,2024,PIT,HOU,134,117,4,5,9,1,9,0,663765,Jake Woodford,664285.0,Framber Valdez,664285.0,670059.0,2392,Minute Maid Park,night,R
745386,2024-08-01,2024,LAD,SD,119,135,1,8,9,1,9,0,477132,Clayton Kershaw,656302.0,Dylan Cease,656302.0,477132.0,2680,Petco Park,night,R
746198,2024-08-01,2024,COL,LAA,115,108,2,1,3,0,9,0,607536,Kyle Freeland,669721.0,Davis Daniel,607536.0,668968.0,1,Angel Stadium,night,R
745306,2024-08-01,2024,OAK,SF,133,137,0,1,1,1,9,0,548389,Ross Stripling,657277.0,Logan Webb,657277.0,548389.0,2395,Oracle Park,night,R
746607,2024-08-01,2024,BAL,CLE,110,114,3,10,13,1,9,0,669432,Trevor Rogers,594902.0,Ben Lively,594902.0,669432.0,5,Progressive Field,night,R
746442,2024-08-01,2024,KC,DET,118,116,7,1,8,0,9,0,607625,Seth Lugo,672456.0,Keider Montero,607625.0,672456.0,2394,Comerica Park,night,R
747092,2024-08-01,2024,MIA,ATL,146,144,2,4,6,1,9,0,676974,Max Meyer,450203.0,Charlie Morton,450203.0,676974.0,4705,Truist Park,night,R
746849,2024-08-02,2024,STL,CHC,138,112,4,5,9,1,9,0,543243,Sonny Gray,684007.0,Shota Imanaga,663878.0,664854.0,17,Wrigley Field,night,R
746196,2024-08-02,2024,COL,LAA,115,108,5,4,9,0,10,1,663372,Ryan Feltner,608334.0,Carson Fulmer,680767.0,668968.0,1,Angel Stadium,night,R
746845,2024-08-02,2024,STL,CHC,138,112,3,6,9,1,9,0,607200,Erick Fedde,665871.0,Javier Assad,668338.0,607200.0,17,Wrigley Field,day,R
746443,2024-08-02,2024,KC,DET,118,116,9,2,11,0,9,0,666142,Cole Ragans,669373.0,Tarik Skubal,666142.0,669373.0,2394,Comerica Park,night,R
745471,2024-08-02,2024,ARI,PIT,109,134,9,8,17,0,9,0,694297,Brandon Pfaadt,682847.0,Luis Ortiz,571670.0,670059.0,31,PNC Park,night,R
744825,2024-08-02,2024,MIL,WSH,158,120,8,3,11,0,9,0,593423,Frankie Montas,663623.0,Jake Irvin,593423.0,663623.0,3309,Nationals Park,night,R
745719,2024-08-02,2024,TOR,NYY,141,147,8,5,13,0,9,0,592332,Kevin Gausman,573186.0,Marcus Stroman,663893.0,573186.0,3313,Yankee Stadium,night,R
746605,2024-08-02,2024,BAL,CLE,110,114,4,8,12,1,9,0,665152,Dean Kremer,471911.0,Carlos Carrasco,671922.0,665152.0,5,Progressive Field,night,R
746679,2024-08-02,2024,SF,CIN,137,113,3,0,3,0,9,0,605483,Blake Snell,671096.0,Andrew Abbott,605483.0,671096.0,2602,Great American Ball Park,night,R
747089,2024-08-02,2024,MIA,ATL,146,144,3,5,8,1,9,0,678368,Valente Bellozo,680885.0,Spencer Schwellenbach,607481.0,676534.0,4705,Truist Park,night,R
744986,2024-08-03,2024,BOS,TEX,111,140,11,6,17,0,9,0,676710,Kutter Crawford,570632.0,José Ureña,676710.0,570632.0,5325,Globe Life Field,night,R
746354,2024-08-03,2024,TB,HOU,139,117,2,3,5,1,9,0,669358,Shane Baz,579328.0,Yusei Kikuchi,650556.0,687330.0,2392,Minute Maid Park,night,R
745875,2024-08-03,2024,CWS,MIN,145,142,2,10,12,1,9,0,663436,Davis Martin,657746.0,Joe Ryan,657746.0,663436.0,3312,Target Field,night,R
746193,2024-08-03,2024,NYM,LAA,121,108,5,1,6,0,9,0,621112,Paul Blackburn,542881.0,Tyler Anderson,621112.0,542881.0,1,Angel Stadium,night,R
745631,2024-08-03,2024,LAD,OAK,119,133,5,6,11,1,9,0,694813,Gavin Stone,683155.0,Joey Estes,683155.0,694813.0,10,Oakland Coliseum,night,R
745387,2024-08-03,2024,COL,SD,115,135,5,2,7,0,9,0,596295,Austin Gomber,681190.0,Randy Vásquez,596295.0,669093.0,2680,Petco Park,night,R
745224,2024-08-03,2024,PHI,SEA,143,136,2,10,12,1,9,0,663969,Tyler Phillips,693433.0,Bryan Woo,693433.0,663969.0,680,T-Mobile Park,night,R
745714,2024-08-03,2024,TOR,NYY,141,147,3,8,11,1,9,0,621244,José Berríos,607074.0,Carlos Rodón,607074.0,621244.0,3313,Yankee Stadium,day,R
746846,2024-08-03,2024,STL,CHC,138,112,5,4,9,0,9,0,502043,Kyle Gibson,592791.0,Jameson Taillon,668941.0,593576.0,17,Wrigley Field,day,R
744823,2024-08-03,2024,MIL,WSH,158,120,4,6,10,1,9,0,650644,Aaron Civale,687792.0,DJ Herz,687792.0,650644.0,3309,Nationals Park,day,R
746440,2024-08-03,2024,KC,DET,118,116,5,6,11,1,11,1,547179,Michael Lorenzen,663947.0,Tyler Holton,671345.0,663704.0,2394,Comerica Park,night,R
745474,2024-08-03,2024,ARI,PIT,109,134,2,4,6,1,9,0,656756,Jordan Montgomery,656605.0,Mitch Keller,693312.0,677944.0,31,PNC Park,night,R
744987,2024-08-03,2024,BOS,TEX,111,140,4,7,11,1,9,0,656557,Tanner Houck,674003.0,Cody Bradford,600917.0,656557.0,5325,Globe Life Field,night,R
745876,2024-08-03,2024,CWS,MIN,145,142,2,6,8,1,9,0,676979,Garrett Crochet,641927.0,Bailey Ober,641927.0,657053.0,3312,Target Field,night,R
746608,2024-08-03,2024,BAL,CLE,110,114,7,4,11,0,9,0,621107,Zach Eflin,676282.0,Joey Cantillo,621107.0,676282.0,5,Progressive Field,night,R
746681,2024-08-03,2024,SF,CIN,137,113,4,6,10,1,9,0,690986,Kyle Harrison,668881.0,Hunter Greene,668881.0,690986.0,2602,Great American Ball Park,night,R
746358,2024-08-03,2024,TB,HOU,139,117,6,1,7,0,9,0,641793,Zack Littell,669854.0,Ronel Blanco,641793.0,669854.0,2392,Minute Maid Park,night,R
747087,2024-08-03,2024,MIA,ATL,146,144,4,3,7,0,9,0,667725,Kyle Tyler,656550.0,Grant Holmes,686539.0,572955.0,4705,Truist Park,night,R
745388,2024-08-04,2024,COL,SD,115,135,2,3,5,1,9,0,685299,Tanner Gordon,527048.0,Martín Pérez,592094.0,663567.0,2680,Petco Park,night,R
745636,2024-08-04,2024,LAD,OAK,119,133,10,0,10,0,9,0,656427,Jack Flaherty,687765.0,Mitch Spence,656427.0,687765.0,10,Oakland Coliseum,night,R
746194,2024-08-04,2024,NYM,LAA,121,108,4,5,9,1,9,0,656849,David Peterson,667755.0,José Soriano,519043.0,623211.0,1,Angel Stadium,night,R
745225,2024-08-04,2024,PHI,SEA,143,136,5,6,11,1,10,1,689147,Orion Kerkering,682243.0,Bryce Miller,676092.0,608032.0,680,T-Mobile Park,night,R
746680,2024-08-04,2024,SF,CIN,137,113,8,2,10,0,9,0,592662,Robbie Ray,686730.0,Carson Spiers,592662.0,686730.0,2602,Great American Ball Park,day,R
745468,2024-08-04,2024,ARI,PIT,109,134,6,5,11,0,9,0,669194,Ryne Nelson,694973.0,Paul Skenes,623149.0,670059.0,31,PNC Park,day,R
747088,2024-08-04,2024,MIA,ATL,146,144,7,0,7,0,9,0,665795,Edward Cabrera,608331.0,Max Fried,665795.0,608331.0,4705,Truist Park,day,R
745718,2024-08-04,2024,TOR,NYY,141,147,3,4,7,1,10,1,684320,Yariel Rodríguez,543037.0,Gerrit Cole,643410.0,670102.0,3313,Yankee Stadium,day,R
744826,2024-08-04,2024,MIL,WSH,158,120,3,4,7,1,9,0,668964,Tobias Myers,680730.0,Mitchell Parker,680730.0,668964.0,3309,Nationals Park,day,R
746606,2024-08-04,2024,BAL,CLE,110,114,9,5,14,0,9,0,669203,Corbin Burnes,668909.0,Gavin Williams,669203.0,668909.0,5,Progressive Field,day,R
746439,2024-08-04,2024,KC,DET,118,116,3,2,5,0,9,0,608379,Michael Wacha,656412.0,Alex Faedo,608717.0,571946.0,2394,Comerica Park,day,R
746356,2024-08-04,2024,TB,HOU,139,117,1,0,1,0,9,0,685801,Hunter Bigge,681293.0,Spencer Arrighetti,641302.0,681293.0,2392,Minute Maid Park,day,R
745879,2024-08-04,2024,CWS,MIN,145,142,7,13,20,1,9,0,623167,Chris Flexen,680573.0,Simeon Woods Richardson,663485.0,623167.0,3312,Target Field,day,R
744979,2024-08-04,2024,BOS,TEX,111,140,7,2,9,0,9,0,601713,Nick Pivetta,543135.0,Nathan Eovaldi,592155.0,543135.0,5325,Globe Life Field,day,R
746191,2024-08-04,2024,NYM,LAA,121,108,2,3,5,1,9,0,500779,Jose Quintana,656288.0,Griffin Canning,656288.0,500779.0,1,Angel Stadium,day,R
745627,2024-08-04,2024,LAD,OAK,119,133,3,2,5,0,9,0,689981,River Ryan,674370.0,Osvaldo Bido,681911.0,674370.0,10,Oakland Coliseum,day,R
745384,2024-08-04,2024,COL,SD,115,135,2,10,12,1,9,0,615698,Cal Quantrill,663362.0,Matt Waldron,663362.0,615698.0,2680,Petco Park,day,R
745222,2024-08-04,2024,PHI,SEA,143,136,6,0,6,0,9,0,554430,Zack Wheeler,669302.0,Logan Gilbert,554430.0,669302.0,680,T-Mobile Park,day,R
746844,2024-08-04,2024,STL,CHC,138,112,2,6,8,1,9,0,571945,Miles Mikolas,657006.0,Justin Steele,657006.0,571945.0,17,Wrigley Field,night,R
745184,2024-08-05,2024,NYM,STL,121,138,6,0,6,0,9,0,640455,Sean Manaea,669467.0,Andre Pallante,640455.0,669467.0,2889,Busch Stadium,day,R
746600,2024-08-05,2024,ARI,CLE,109,114,7,6,13,0,10,1,668678,Zac Gallen,671106.0,Logan Allen,657044.0,661403.0,5,Progressive Field,night,R
746038,2024-08-05,2024,CIN,MIA,113,146,10,3,13,0,9,0,607259,Nick Martinez,682610.0,Roddery Muñoz,607259.0,682610.0,4169,loanDepot park,night,R
744821,2024-08-05,2024,SF,WSH,137,120,4,1,5,0,9,0,657277,Logan Webb,571578.0,Patrick Corbin,657277.0,571578.0,3309,Nationals Park,night,R
744982,2024-08-06,2024,HOU,TEX,117,140,3,4,7,1,10,1,686613,Hunter Brown,571760.0,Andrew Heaney,489446.0,657571.0,5325,Globe Life Field,night,R
746847,2024-08-06,2024,MIN,CHC,142,112,3,0,3,0,9,0,701581,David Festa,543294.0,Kyle Hendricks,701581.0,543294.0,17,Wrigley Field,night,R
746276,2024-08-06,2024,BOS,KC,111,118,9,5,14,0,9,0,572020,James Paxton,663903.0,Brady Singer,572020.0,663903.0,7,Kauffman Stadium,night,R
745628,2024-08-06,2024,CWS,OAK,145,133,1,5,6,1,9,0,681066,Ky Bush,676664.0,JP Sears,676664.0,681066.0,10,Oakland Coliseum,night,R
746116,2024-08-06,2024,PHI,LAD,143,119,3,5,8,1,9,0,605400,Aaron Nola,607192.0,Tyler Glasnow,607192.0,605400.0,22,Dodger Stadium,night,R
745467,2024-08-06,2024,SD,PIT,135,134,6,0,6,0,9,0,656302,Dylan Cease,663559.0,Bailey Falter,663773.0,663765.0,31,PNC Park,night,R
746033,2024-08-06,2024,CIN,MIA,113,146,8,2,10,0,9,0,666157,Nick Lodolo,676974.0,Max Meyer,666157.0,676974.0,4169,loanDepot park,night,R
744817,2024-08-06,2024,SF,WSH,137,120,5,11,16,1,9,0,806185,Hayden Birdsong,669022.0,MacKenzie Gore,669022.0,806185.0,3309,Nationals Park,night,R
744901,2024-08-06,2024,BAL,TOR,110,141,2,5,7,1,9,0,544150,Albert Suárez,605135.0,Chris Bassitt,605135.0,642397.0,14,Rogers Centre,night,R
747086,2024-08-06,2024,MIL,ATL,158,144,10,0,10,0,9,0,607067,Colin Rea,693821.0,Bryce Elder,607067.0,693821.0,4705,Truist Park,night,R
745141,2024-08-06,2024,TB,STL,139,138,3,4,7,1,9,0,605488,Jeffrey Springs,543243.0,Sonny Gray,543243.0,605488.0,2889,Busch Stadium,night,R
744983,2024-08-07,2024,HOU,TEX,117,140,4,2,6,0,9,0,664285,Framber Valdez,641816.0,Tyler Mahle,664285.0,641816.0,5325,Globe Life Field,night,R
746840,2024-08-07,2024,MIN,CHC,142,112,3,7,10,1,9,0,641154,Pablo López,684007.0,Shota Imanaga,684007.0,641154.0,17,Wrigley Field,night,R
746273,2024-08-07,2024,BOS,KC,111,118,6,5,11,0,9,0,678394,Brayan Bello,607625.0,Seth Lugo,657514.0,607625.0,7,Kauffman Stadium,night,R
746519,2024-08-07,2024,NYM,COL,121,115,3,6,9,1,9,0,622663,Luis Severino,607536.0,Kyle Freeland,664875.0,622663.0,19,Coors Field,night,R
745221,2024-08-07,2024,DET,SEA,116,136,4,2,6,0,9,0,672456,Keider Montero,622491.0,Luis Castillo,672456.0,622491.0,680,T-Mobile Park,night,R
745629,2024-08-07,2024,CWS,OAK,145,133,5,1,6,0,9,0,686563,Jonathan Cannon,548389.0,Ross Stripling,686563.0,548389.0,10,Oakland Coliseum,night,R
746120,2024-08-07,2024,PHI,LAD,143,119,6,2,8,0,9,0,650911,Cristopher Sánchez,477132.0,Clayton Kershaw,650911.0,477132.0,22,Dodger Stadium,night,R
746602,2024-08-06,2024,ARI,CLE,109,114,0,0,0,0,9,0,593958,Eduardo Rodriguez,594902.0,Ben Lively,,,5,Progressive Field,night,R
745713,2024-08-06,2024,LAA,NYY,108,147,0,0,0,0,9,0,669721,Davis Daniel,661563.0,Luis Gil,,,3313,Yankee Stadium,night,R
746604,2024-08-07,2024,ARI,CLE,109,114,7,3,10,0,9,0,694297,Brandon Pfaadt,594902.0,Ben Lively,694297.0,594902.0,5,Progressive Field,day,R
746602,2024-08-07,2024,ARI,CLE,109,114,5,3,8,0,9,0,593958,Eduardo Rodriguez,471911.0,Carlos Carrasco,593958.0,471911.0,5,Progressive Field,day,R
746842,2024-08-07,2024,MIN,CHC,142,112,2,8,10,1,9,0,657746,Joe Ryan,665871.0,Javier Assad,605347.0,670950.0,17,Wrigley Field,day,R
744981,2024-08-07,2024,HOU,TEX,117,140,6,4,10,0,9,0,579328,Yusei Kikuchi,570632.0,José Ureña,579328.0,570632.0,5325,Globe Life Field,day,R
745630,2024-08-07,2024,CWS,OAK,145,133,2,3,5,1,9,0,663436,Davis Martin,683155.0,Joey Estes,519008.0,657053.0,10,Oakland Coliseum,day,R
745709,2024-08-07,2024,LAA,NYY,108,147,2,5,7,1,9,0,669721,Davis Daniel,661563.0,Luis Gil,661563.0,669721.0,3313,Yankee Stadium,night,R
745713,2024-08-07,2024,LAA,NYY,108,147,8,2,10,0,9,0,608334,Carson Fulmer,701542.0,Will Warren,519326.0,701542.0,3313,Yankee Stadium,night,R
745469,2024-08-07,2024,SD,PIT,135,134,9,8,17,0,10,1,650633,Michael King,594835.0,Marco Gonzales,656945.0,670059.0,31,PNC Park,night,R
746031,2024-08-07,2024,CIN,MIA,113,146,4,6,10,1,9,0,671096,Andrew Abbott,678368.0,Valente Bellozo,678368.0,671096.0,4169,loanDepot park,night,R
744822,2024-08-07,2024,SF,WSH,137,120,7,4,11,0,9,0,605483,Blake Snell,663623.0,Jake Irvin,605483.0,663623.0,3309,Nationals Park,night,R
744903,2024-08-07,2024,BAL,TOR,110,141,7,3,10,0,9,0,669432,Trevor Rogers,670102.0,Bowden Francis,572143.0,621114.0,14,Rogers Centre,night,R
747085,2024-08-07,2024,MIL,ATL,158,144,8,5,13,0,9,0,642547,Freddy Peralta,519242.0,Chris Sale,642547.0,572955.0,4705,Truist Park,night,R
745142,2024-08-07,2024,TB,STL,139,138,2,5,7,1,9,0,671737,Taj Bradley,607200.0,Erick Fedde,607200.0,671737.0,2889,Busch Stadium,night,R
746272,2024-08-08,2024,BOS,KC,111,118,4,8,12,1,9,0,676710,Kutter Crawford,666142.0,Cole Ragans,666142.0,676710.0,7,Kauffman Stadium,night,R
746521,2024-08-08,2024,NYM,COL,121,115,5,3,8,0,9,0,621112,Paul Blackburn,663372.0,Ryan Feltner,676130.0,680767.0,19,Coors Field,night,R
745223,2024-08-08,2024,DET,SEA,116,136,6,2,8,0,9,0,669373,Tarik Skubal,669923.0,George Kirby,669373.0,669923.0,680,T-Mobile Park,night,R
746115,2024-08-08,2024,PHI,LAD,143,119,9,4,13,0,9,0,663969,Tyler Phillips,694813.0,Gavin Stone,663969.0,681911.0,22,Dodger Stadium,night,R
744819,2024-08-08,2024,SF,WSH,137,120,9,5,14,0,10,1,690986,Kyle Harrison,687792.0,DJ Herz,666808.0,676395.0,3309,Nationals Park,day,R
747081,2024-08-08,2024,MIL,ATL,158,144,16,7,23,0,9,0,593423,Frankie Montas,450203.0,Charlie Morton,665625.0,450203.0,4705,Truist Park,day,R
745466,2024-08-08,2024,SD,PIT,135,134,7,6,13,0,9,0,681190,Randy Vásquez,682847.0,Luis Ortiz,592094.0,670280.0,31,PNC Park,day,R
746522,2024-08-08,2024,NYM,COL,121,115,9,1,10,0,9,0,656849,David Peterson,596295.0,Austin Gomber,656849.0,596295.0,19,Coors Field,day,R
746030,2024-08-08,2024,CIN,MIA,113,146,10,4,14,0,10,1,668881,Hunter Greene,667725.0,Kyle Tyler,571656.0,642629.0,4169,loanDepot park,night,R
745710,2024-08-08,2024,LAA,NYY,108,147,9,4,13,0,9,0,542881,Tyler Anderson,641482.0,Nestor Cortes,542881.0,641482.0,3313,Yankee Stadium,night,R
744899,2024-08-08,2024,BAL,TOR,110,141,6,7,13,1,9,0,665152,Dean Kremer,592332.0,Kevin Gausman,592332.0,665152.0,14,Rogers Centre,night,R
745143,2024-08-08,2024,TB,STL,139,138,6,4,10,0,9,0,669358,Shane Baz,502043.0,Kyle Gibson,663992.0,668941.0,2889,Busch Stadium,night,R
745226,2024-08-09,2024,DET,SEA,116,136,3,4,7,1,9,0,669724,Brenan Hanifee,693433.0,Bryan Woo,608638.0,676684.0,680,T-Mobile Park,night,R
747169,2024-08-09,2024,PHI,ARI,143,109,6,4,10,0,9,0,663465,Kolby Allard,656756.0,Jordan Montgomery,663465.0,656756.0,15,Chase Field,night,R
745927,2024-08-09,2024,CLE,MIN,114,142,2,4,6,1,9,0,676282,Joey Cantillo,641927.0,Bailey Ober,641927.0,676282.0,3312,Target Field,day,R
745871,2024-08-10,2024,CLE,MIN,114,142,3,6,9,1,9,0,502171,Alex Cobb,686973.0,Louis Varland,663485.0,502171.0,3312,Target Field,night,R
744818,2024-08-09,2024,LAA,WSH,108,120,2,3,5,1,10,1,667755,José Soriano,680730.0,Mitchell Parker,640448.0,519043.0,3309,Nationals Park,night,R
745062,2024-08-09,2024,BAL,TB,110,139,4,1,5,0,9,0,621107,Zach Eflin,641793.0,Zack Littell,621107.0,641793.0,12,Tropicana Field,night,R
744900,2024-08-09,2024,OAK,TOR,133,141,1,3,4,1,9,0,687765,Mitch Spence,621244.0,José Berríos,621244.0,687765.0,14,Rogers Centre,night,R
746927,2024-08-09,2024,HOU,BOS,117,111,8,4,12,0,9,0,669854,Ronel Blanco,656557.0,Tanner Houck,672391.0,608371.0,3,Fenway Park,night,R
746032,2024-08-09,2024,SD,MIA,135,146,6,2,8,0,10,1,527048,Martín Pérez,665795.0,Edward Cabrera,592094.0,676969.0,4169,loanDepot park,night,R
746275,2024-08-10,2024,STL,KC,138,118,8,5,13,0,9,0,571945,Miles Mikolas,547179.0,Michael Lorenzen,669461.0,519293.0,7,Kauffman Stadium,night,R
746760,2024-08-10,2024,CHC,CWS,112,145,7,6,13,0,9,0,592791,Jameson Taillon,676979.0,Garrett Crochet,592791.0,676979.0,4,Guaranteed Rate Field,night,R
745957,2024-08-10,2024,CIN,MIL,113,158,3,8,11,1,9,0,686730,Carson Spiers,650644.0,Aaron Civale,650644.0,686730.0,32,American Family Field,night,R
746523,2024-08-10,2024,ATL,COL,144,115,5,6,11,1,9,0,656550,Grant Holmes,685299.0,Tanner Gordon,641755.0,621345.0,19,Coors Field,night,R
747168,2024-08-10,2024,PHI,ARI,143,109,2,3,5,1,9,0,554430,Zack Wheeler,669194.0,Ryne Nelson,679885.0,656546.0,15,Chase Field,night,R
746113,2024-08-10,2024,PIT,LAD,134,119,5,9,14,1,9,0,656605,Mitch Keller,656427.0,Jack Flaherty,656427.0,656605.0,22,Dodger Stadium,night,R
745220,2024-08-10,2024,NYM,SEA,121,136,0,6,6,1,9,0,500779,Jose Quintana,682243.0,Bryce Miller,682243.0,500779.0,680,T-Mobile Park,night,R
745308,2024-08-10,2024,DET,SF,116,137,2,3,5,1,9,0,689225,Beau Brieske,592662.0,Robbie Ray,643511.0,671345.0,2395,Oracle Park,night,R
745708,2024-08-09,2024,TEX,NYY,140,147,0,0,0,0,9,0,674003,Cody Bradford,607074.0,Carlos Rodón,,,3313,Yankee Stadium,night,R
745712,2024-08-10,2024,TEX,NYY,140,147,0,8,8,1,9,0,543135,Nathan Eovaldi,607074.0,Carlos Rodón,607074.0,543135.0,3313,Yankee Stadium,day,R
745708,2024-08-10,2024,TEX,NYY,140,147,9,4,13,0,9,0,674003,Cody Bradford,543037.0,Gerrit Cole,674003.0,596133.0,3313,Yankee Stadium,day,R
744897,2024-08-10,2024,OAK,TOR,133,141,1,0,1,0,9,0,674370,Osvaldo Bido,684320.0,Yariel Rodríguez,674370.0,684320.0,14,Rogers Centre,day,R
745304,2024-08-10,2024,DET,SF,116,137,1,3,4,1,9,0,656412,Alex Faedo,657277.0,Logan Webb,657277.0,676428.0,2395,Oracle Park,day,R
746922,2024-08-10,2024,HOU,BOS,117,111,5,4,9,0,9,0,681293,Spencer Arrighetti,670174.0,Josh Winckowski,681293.0,641745.0,3,Fenway Park,day,R
746026,2024-08-10,2024,SD,MIA,135,146,9,8,17,0,10,1,663362,Matt Waldron,682610.0,Roddery Muñoz,663158.0,669111.0,4169,loanDepot park,day,R
744820,2024-08-10,2024,LAA,WSH,108,120,4,5,9,1,10,1,656288,Griffin Canning,571578.0,Patrick Corbin,571882.0,672710.0,3309,Nationals Park,night,R
746269,2024-08-10,2024,STL,KC,138,118,3,8,11,1,9,0,669467,Andre Pallante,608379.0,Michael Wacha,608379.0,681676.0,7,Kauffman Stadium,night,R
745873,2024-08-10,2024,CLE,MIN,114,142,2,1,3,0,9,0,668909,Gavin Williams,680573.0,Simeon Woods Richardson,668909.0,680573.0,3312,Target Field,night,R
745955,2024-08-10,2024,CIN,MIL,113,158,0,1,1,1,9,0,607259,Nick Martinez,668964.0,Tobias Myers,606303.0,663574.0,32,American Family Field,night,R
745056,2024-08-10,2024,BAL,TB,110,139,7,5,12,0,9,0,669203,Corbin Burnes,656876.0,Drew Rasmussen,572143.0,621363.0,12,Tropicana Field,night,R
746761,2024-08-10,2024,CHC,CWS,112,145,3,1,4,0,9,0,657006,Justin Steele,623167.0,Chris Flexen,687863.0,641771.0,4,Guaranteed Rate Field,night,R
747164,2024-08-11,2024,PHI,ARI,143,109,1,11,12,1,9,0,605400,Aaron Nola,668678.0,Zac Gallen,656464.0,605400.0,15,Chase Field,night,R
746520,2024-08-11,2024,ATL,COL,144,115,11,8,19,0,9,0,608331,Max Fried,641712.0,Dakota Hudson,572955.0,683409.0,19,Coors Field,night,R
746112,2024-08-11,2024,PIT,LAD,134,119,1,4,5,1,9,0,694973,Paul Skenes,689981.0,River Ryan,656629.0,694973.0,22,Dodger Stadium,night,R
745219,2024-08-11,2024,NYM,SEA,121,136,0,4,4,1,9,0,640455,Sean Manaea,669302.0,Logan Gilbert,669302.0,640455.0,680,T-Mobile Park,night,R
744816,2024-08-11,2024,LAA,WSH,108,120,6,4,10,0,9,0,686799,Jack Kochanowicz,669022.0,MacKenzie Gore,686799.0,669022.0,3309,Nationals Park,day,R
746923,2024-08-11,2024,HOU,BOS,117,111,10,2,12,0,9,0,686613,Hunter Brown,572020.0,James Paxton,686613.0,608371.0,3,Fenway Park,day,R
745711,2024-08-11,2024,TEX,NYY,140,147,7,8,15,1,9,0,571760,Andrew Heaney,573186.0,Marcus Stroman,573186.0,571760.0,3313,Yankee Stadium,day,R
744895,2024-08-11,2024,OAK,TOR,133,141,8,4,12,0,9,0,676664,JP Sears,605135.0,Chris Bassitt,676664.0,605135.0,14,Rogers Centre,day,R
745057,2024-08-11,2024,BAL,TB,110,139,1,2,3,1,9,0,544150,Albert Suárez,605488.0,Jeffrey Springs,655889.0,518886.0,12,Tropicana Field,day,R
746025,2024-08-11,2024,SD,MIA,135,146,6,7,13,1,9,0,656302,Dylan Cease,676974.0,Max Meyer,676974.0,656302.0,4169,loanDepot park,day,R
745872,2024-08-11,2024,CLE,MIN,114,142,5,3,8,0,9,0,676440,Tanner Bibee,701581.0,David Festa,676440.0,573204.0,3312,Target Field,day,R
745956,2024-08-11,2024,CIN,MIL,113,158,4,3,7,0,9,0,666157,Nick Lodolo,669084.0,DL Hall,571656.0,605452.0,32,American Family Field,day,R
746517,2024-08-11,2024,ATL,COL,144,115,8,9,17,1,9,0,680885,Spencer Schwellenbach,607536.0,Kyle Freeland,642028.0,641729.0,19,Coors Field,day,R
745303,2024-08-11,2024,DET,SF,116,137,5,4,9,0,9,0,672456,Keider Montero,806185.0,Hayden Birdsong,672456.0,806185.0,2395,Oracle Park,day,R
746114,2024-08-11,2024,PIT,LAD,134,119,5,6,11,1,10,1,663559,Bailey Falter,607192.0,Tyler Glasnow,623465.0,670280.0,22,Dodger Stadium,day,R
747166,2024-08-11,2024,PHI,ARI,143,109,5,12,17,1,9,0,650911,Cristopher Sánchez,518876.0,Merrill Kelly,518876.0,650911.0,15,Chase Field,day,R
745216,2024-08-11,2024,NYM,SEA,121,136,1,12,13,1,9,0,622663,Luis Severino,622491.0,Luis Castillo,622491.0,622663.0,680,T-Mobile Park,day,R
746603,2024-08-12,2024,CHC,CLE,112,114,8,9,17,1,9,0,684007,Shota Imanaga,594902.0,Ben Lively,680704.0,657240.0,5,Progressive Field,night,R
746682,2024-08-12,2024,STL,CIN,138,113,1,6,7,1,9,0,543243,Sonny Gray,671096.0,Andrew Abbott,671096.0,543243.0,2602,Great American Ball Park,night,R
745058,2024-08-12,2024,HOU,TB,117,139,6,1,7,0,9,0,664285,Framber Valdez,671737.0,Taj Bradley,664285.0,671737.0,12,Tropicana Field,night,R
746921,2024-08-12,2024,TEX,BOS,140,111,4,5,9,1,10,1,641816,Tyler Mahle,678394.0,Brayan Bello,670174.0,642520.0,3,Fenway Park,night,R
745874,2024-08-12,2024,KC,MIN,118,142,3,8,11,1,9,0,663903,Brady Singer,641154.0,Pablo López,641154.0,663903.0,3312,Target Field,night,R
746762,2024-08-13,2024,NYY,CWS,147,145,2,12,14,1,9,0,661563,Luis Gil,681066.0,Ky Bush,657053.0,661563.0,4,Guaranteed Rate Field,night,R
745953,2024-08-13,2024,LAD,MIL,119,158,5,2,7,0,9,0,477132,Clayton Kershaw,642547.0,Freddy Peralta,477132.0,642547.0,32,American Family Field,night,R
746192,2024-08-13,2024,TOR,LAA,141,108,4,2,6,0,9,0,670102,Bowden Francis,669721.0,Davis Daniel,670102.0,669721.0,1,Angel Stadium,night,R
747165,2024-08-13,2024,COL,ARI,115,109,4,5,9,1,9,0,687134,Bradley Blalock,694297.0,Brandon Pfaadt,694297.0,683627.0,15,Chase Field,night,R
745383,2024-08-13,2024,PIT,SD,134,135,1,2,3,1,9,0,663765,Jake Woodford,605397.0,Joe Musgrove,669093.0,663765.0,2680,Petco Park,night,R
745300,2024-08-13,2024,ATL,SF,144,137,1,0,1,0,10,1,519242,Chris Sale,605483.0,Blake Snell,628452.0,573124.0,2395,Oracle Park,night,R
747004,2024-08-13,2024,WSH,BAL,120,110,9,3,12,0,9,0,663623,Jake Irvin,669432.0,Trevor Rogers,663623.0,669432.0,2,Oriole Park at Camden Yards,night,R
746601,2024-08-13,2024,CHC,CLE,112,114,1,2,3,1,9,0,665871,Javier Assad,571510.0,Matthew Boyd,658648.0,592767.0,5,Progressive Field,night,R
746435,2024-08-13,2024,SEA,DET,136,116,1,15,16,1,9,0,669923,George Kirby,669373.0,Tarik Skubal,669373.0,669923.0,2394,Comerica Park,night,R
746673,2024-08-13,2024,STL,CIN,138,113,1,4,5,1,9,0,607200,Erick Fedde,668881.0,Hunter Greene,668881.0,607200.0,2602,Great American Ball Park,night,R
745548,2024-08-13,2024,MIA,PHI,146,143,5,0,5,0,9,0,678368,Valente Bellozo,592836.0,Taijuan Walker,678368.0,592836.0,2681,Citizens Bank Park,night,R
745055,2024-08-13,2024,HOU,TB,117,139,3,2,5,0,9,0,579328,Yusei Kikuchi,669358.0,Shane Baz,579328.0,669358.0,12,Tropicana Field,night,R
745788,2024-08-13,2024,OAK,NYM,133,121,9,4,13,0,9,0,671212,Joe Boyle,621112.0,Paul Blackburn,613534.0,621112.0,3289,Citi Field,night,R
746924,2024-08-13,2024,TEX,BOS,140,111,4,9,13,1,9,0,570632,José Ureña,676710.0,Kutter Crawford,676710.0,570632.0,3,Fenway Park,night,R
745867,2024-08-13,2024,KC,MIN,118,142,3,13,16,1,9,0,607625,Seth Lugo,805673.0,Zebby Matthews,805673.0,607625.0,3312,Target Field,night,R
746757,2024-08-14,2024,NYY,CWS,147,145,4,1,5,0,9,0,641482,Nestor Cortes,686563.0,Jonathan Cannon,641482.0,686563.0,4,Guaranteed Rate Field,night,R
745954,2024-08-14,2024,LAD,MIL,119,158,7,2,9,0,9,0,694813,Gavin Stone,607067.0,Colin Rea,694813.0,607067.0,32,American Family Field,night,R
746187,2024-08-14,2024,TOR,LAA,141,108,6,1,7,0,9,0,592332,Kevin Gausman,608334.0,Carson Fulmer,592332.0,608334.0,1,Angel Stadium,night,R
747160,2024-08-14,2024,COL,ARI,115,109,3,4,7,1,9,0,596295,Austin Gomber,593958.0,Eduardo Rodriguez,573009.0,680767.0,15,Chase Field,night,R
745382,2024-08-14,2024,PIT,SD,134,135,0,3,3,1,9,0,682847,Luis Ortiz,650633.0,Michael King,650633.0,682847.0,2680,Petco Park,night,R
745302,2024-08-14,2024,ATL,SF,144,137,4,3,7,0,10,1,450203,Charlie Morton,690986.0,Kyle Harrison,669276.0,678495.0,2395,Oracle Park,night,R
745869,2024-08-14,2024,KC,MIN,118,142,4,1,5,0,9,0,666142,Cole Ragans,686973.0,Louis Varland,666142.0,686973.0,3312,Target Field,day,R
747163,2024-08-14,2024,COL,ARI,115,109,4,11,15,1,9,0,685299,Tanner Gordon,656756.0,Jordan Montgomery,656756.0,685299.0,15,Chase Field,day,R
745381,2024-08-14,2024,PIT,SD,134,135,2,8,10,1,9,0,656605,Mitch Keller,527048.0,Martín Pérez,527048.0,656605.0,2680,Petco Park,day,R
746919,2024-08-14,2024,TEX,BOS,140,111,9,7,16,0,10,1,641540,Dane Dunning,656557.0,Tanner Houck,670036.0,677161.0,3,Fenway Park,night,R
747000,2024-08-14,2024,WSH,BAL,120,110,1,4,5,1,9,0,687792,DJ Herz,665152.0,Dean Kremer,665152.0,687792.0,2,Oriole Park at Camden Yards,night,R
746598,2024-08-14,2024,CHC,CLE,112,114,1,6,7,1,9,0,592791,Jameson Taillon,502171.0,Alex Cobb,502171.0,592791.0,5,Progressive Field,night,R
746436,2024-08-14,2024,SEA,DET,136,116,2,3,5,1,10,1,693433,Bryan Woo,689225.0,Beau Brieske,663947.0,676092.0,2394,Comerica Park,night,R
746677,2024-08-14,2024,STL,CIN,138,113,2,9,11,1,9,0,502043,Kyle Gibson,641941.0,Emilio Pagán,594580.0,502043.0,2602,Great American Ball Park,night,R
745544,2024-08-14,2024,MIA,PHI,146,143,5,9,14,1,9,0,665795,Edward Cabrera,663969.0,Tyler Phillips,614179.0,665795.0,2681,Citizens Bank Park,night,R
745053,2024-08-14,2024,HOU,TB,117,139,2,1,3,0,10,1,669854,Ronel Blanco,641793.0,Zack Littell,623352.0,664076.0,12,Tropicana Field,night,R
745790,2024-08-14,2024,OAK,NYM,133,121,1,9,10,1,9,0,683155,Joey Estes,656849.0,David Peterson,656849.0,683155.0,3289,Citi Field,night,R
746759,2024-08-15,2024,NYY,CWS,147,145,10,2,12,0,9,0,701542,Will Warren,663436.0,Davis Martin,657612.0,608678.0,4,Guaranteed Rate Field,night,R
745951,2024-08-15,2024,LAD,MIL,119,158,4,5,9,1,9,0,621111,Walker Buehler,593423.0,Frankie Montas,606303.0,641703.0,32,American Family Field,night,R
746188,2024-08-15,2024,TOR,LAA,141,108,9,2,11,0,9,0,621244,José Berríos,542881.0,Tyler Anderson,621244.0,542881.0,1,Angel Stadium,night,R
745301,2024-08-15,2024,ATL,SF,144,137,13,2,15,0,9,0,656550,Grant Holmes,592662.0,Robbie Ray,656550.0,592662.0,2395,Oracle Park,night,R
745783,2024-08-15,2024,OAK,NYM,133,121,7,6,13,0,9,0,687765,Mitch Spence,500779.0,Jose Quintana,621053.0,657585.0,3289,Citi Field,day,R
746437,2024-08-15,2024,SEA,DET,136,116,1,2,3,1,9,0,682243,Bryce Miller,656412.0,Alex Faedo,571946.0,662253.0,2394,Comerica Park,day,R
745950,2024-08-15,2024,LAD,MIL,119,158,4,6,10,1,9,0,656427,Jack Flaherty,668964.0,Tobias Myers,663542.0,543339.0,32,American Family Field,day,R
745298,2024-08-15,2024,ATL,SF,144,137,0,6,6,1,9,0,608331,Max Fried,657277.0,Logan Webb,657277.0,608331.0,2395,Oracle Park,day,R
747002,2024-08-15,2024,BOS,BAL,111,110,1,5,6,1,9,0,601713,Nick Pivetta,621107.0,Zach Eflin,621107.0,601713.0,2,Oriole Park at Camden Yards,night,R
745545,2024-08-15,2024,WSH,PHI,120,143,3,13,16,1,9,0,680730,Mitchell Parker,554430.0,Zack Wheeler,554430.0,680730.0,2681,Citizens Bank Park,night,R
744980,2024-08-16,2024,MIN,TEX,142,140,3,2,5,0,9,0,641927,Bailey Ober,674003.0,Cody Bradford,660896.0,489446.0,5325,Globe Life Field,night,R
746843,2024-08-16,2024,TOR,CHC,141,112,5,6,11,1,10,1,684320,Yariel Rodríguez,543294.0,Kyle Hendricks,668338.0,643338.0,17,Wrigley Field,day,R
746674,2024-08-16,2024,KC,CIN,118,113,7,1,8,0,9,0,547179,Michael Lorenzen,607259.0,Nick Martinez,547179.0,607259.0,2602,Great American Ball Park,night,R
745462,2024-08-16,2024,SEA,PIT,136,134,3,5,8,1,9,0,669302,Logan Gilbert,694973.0,Paul Skenes,694973.0,669302.0,31,PNC Park,night,R
745542,2024-08-16,2024,WSH,PHI,120,143,2,3,5,1,9,0,571578,Patrick Corbin,605400.0,Aaron Nola,608032.0,640448.0,2681,Citizens Bank Park,night,R
746438,2024-08-16,2024,NYY,DET,147,116,3,0,3,0,9,0,543037,Gerrit Cole,689225.0,Beau Brieske,543037.0,689225.0,2394,Comerica Park,night,R
745054,2024-08-16,2024,ARI,TB,109,139,4,5,9,1,9,0,669194,Ryne Nelson,686752.0,Ryan Pepiot,664126.0,679885.0,12,Tropicana Field,night,R
747001,2024-08-16,2024,BOS,BAL,111,110,12,10,22,0,9,0,657514,Brennan Bernardino,669203.0,Corbin Burnes,681867.0,669203.0,2,Oriole Park at Camden Yards,night,R
745784,2024-08-16,2024,MIA,NYM,146,121,3,7,10,1,9,0,682610,Roddery Muñoz,640455.0,Sean Manaea,640455.0,682610.0,3289,Citi Field,night,R
744974,2024-08-17,2024,MIN,TEX,142,140,4,3,7,0,9,0,680573,Simeon Woods Richardson,571760.0,Andrew Heaney,680573.0,571760.0,5325,Globe Life Field,night,R
746357,2024-08-17,2024,CWS,HOU,145,117,5,4,9,0,9,0,676979,Garrett Crochet,681293.0,Spencer Arrighetti,605121.0,681293.0,2392,Minute Maid Park,night,R
745949,2024-08-17,2024,CLE,MIL,114,158,3,5,8,1,9,0,668909,Gavin Williams,650644.0,Aaron Civale,650644.0,668909.0,32,American Family Field,night,R
745144,2024-08-17,2024,LAD,STL,119,138,7,6,13,0,9,0,680736,Justin Wrobleski,571945.0,Miles Mikolas,680736.0,571945.0,2889,Busch Stadium,night,R
746518,2024-08-17,2024,SD,COL,135,115,3,7,10,1,9,0,663362,Matt Waldron,615698.0,Cal Quantrill,615698.0,663362.0,19,Coors Field,night,R
746189,2024-08-17,2024,ATL,LAA,144,108,2,3,5,1,9,0,680885,Spencer Schwellenbach,667755.0,José Soriano,656271.0,680885.0,1,Angel Stadium,night,R
745463,2024-08-17,2024,SEA,PIT,136,134,2,7,9,1,9,0,622491,Luis Castillo,663559.0,Bailey Falter,663559.0,622491.0,31,PNC Park,day,R
746434,2024-08-17,2024,NYY,DET,147,116,0,4,4,1,9,0,607074,Carlos Rodón,672456.0,Keider Montero,672456.0,607074.0,2394,Comerica Park,day,R
746841,2024-08-17,2024,TOR,CHC,141,112,2,3,5,1,9,0,605135,Chris Bassitt,657006.0,Justin Steele,663878.0,605135.0,17,Wrigley Field,day,R
745049,2024-08-17,2024,ARI,TB,109,139,1,6,7,1,9,0,668678,Zac Gallen,605488.0,Jeffrey Springs,605488.0,668678.0,12,Tropicana Field,day,R
745785,2024-08-17,2024,MIA,NYM,146,121,0,4,4,1,9,0,676974,Max Meyer,622663.0,Luis Severino,622663.0,676974.0,3289,Citi Field,day,R
745537,2024-08-17,2024,WSH,PHI,120,143,1,5,6,1,9,0,669022,MacKenzie Gore,650911.0,Cristopher Sánchez,650911.0,669022.0,2681,Citizens Bank Park,night,R
746675,2024-08-17,2024,KC,CIN,118,113,13,1,14,0,9,0,608379,Michael Wacha,666157.0,Nick Lodolo,608379.0,666157.0,2602,Great American Ball Park,night,R
746997,2024-08-17,2024,BOS,BAL,111,110,5,1,6,0,9,0,678394,Brayan Bello,700249.0,Cade Povich,678394.0,700249.0,2,Oriole Park at Camden Yards,night,R
744977,2024-08-17,2024,MIN,TEX,142,140,5,2,7,0,9,0,701581,David Festa,543135.0,Nathan Eovaldi,678692.0,543135.0,5325,Globe Life Field,night,R
745626,2024-08-17,2024,SF,OAK,137,133,0,2,2,1,9,0,806185,Hayden Birdsong,674370.0,Osvaldo Bido,674370.0,806185.0,10,Oakland Coliseum,day,R
746355,2024-08-17,2024,CWS,HOU,145,117,1,6,7,1,9,0,623167,Chris Flexen,686613.0,Hunter Brown,686613.0,623167.0,2392,Minute Maid Park,night,R
745140,2024-08-17,2024,LAD,STL,119,138,2,5,7,1,9,0,676272,Bobby Miller,669467.0,Andre Pallante,669467.0,676272.0,2889,Busch Stadium,night,R
745952,2024-08-17,2024,CLE,MIL,114,158,1,2,3,1,9,0,676440,Tanner Bibee,642547.0,Freddy Peralta,642547.0,676440.0,32,American Family Field,night,R
746515,2024-08-18,2024,SD,COL,135,115,8,3,11,0,9,0,656302,Dylan Cease,607536.0,Kyle Freeland,656302.0,607536.0,19,Coors Field,night,R
746190,2024-08-18,2024,ATL,LAA,144,108,11,3,14,0,9,0,519242,Chris Sale,656288.0,Griffin Canning,519242.0,656288.0,1,Angel Stadium,night,R
745786,2024-08-18,2024,MIA,NYM,146,121,3,2,5,0,9,0,678368,Valente Bellozo,621112.0,Paul Blackburn,677053.0,657585.0,3289,Citi Field,day,R
746999,2024-08-18,2024,BOS,BAL,111,110,2,4,6,1,9,0,676710,Kutter Crawford,544150.0,Albert Suárez,544150.0,676710.0,2,Oriole Park at Camden Yards,day,R
745464,2024-08-18,2024,SEA,PIT,136,134,10,3,13,0,9,0,669923,George Kirby,663765.0,Jake Woodford,669923.0,663765.0,31,PNC Park,day,R
745539,2024-08-18,2024,WSH,PHI,120,143,6,4,10,0,9,0,663623,Jake Irvin,592836.0,Taijuan Walker,606930.0,621381.0,2681,Citizens Bank Park,day,R
746676,2024-08-18,2024,KC,CIN,118,113,8,1,9,0,9,0,663903,Brady Singer,671096.0,Andrew Abbott,663903.0,671096.0,2602,Great American Ball Park,day,R
745051,2024-08-18,2024,ARI,TB,109,139,7,8,15,1,12,1,518876,Merrill Kelly,656876.0,Drew Rasmussen,670955.0,679885.0,12,Tropicana Field,day,R
746359,2024-08-18,2024,CWS,HOU,145,117,0,2,2,1,9,0,681066,Ky Bush,664285.0,Framber Valdez,664285.0,681066.0,2392,Minute Maid Park,day,R
745948,2024-08-18,2024,CLE,MIL,114,158,0,2,2,1,9,0,594902,Ben Lively,607067.0,Colin Rea,607067.0,594902.0,32,American Family Field,day,R
745139,2024-08-18,2024,LAD,STL,119,138,2,1,3,0,9,0,477132,Clayton Kershaw,543243.0,Sonny Gray,477132.0,543243.0,2889,Busch Stadium,day,R
746838,2024-08-18,2024,TOR,CHC,141,112,1,0,1,0,9,0,670102,Bowden Francis,684007.0,Shota Imanaga,670102.0,684007.0,17,Wrigley Field,day,R
744975,2024-08-18,2024,MIN,TEX,142,140,5,6,11,1,10,1,641154,Pablo López,641816.0,Tyler Mahle,605177.0,661395.0,5325,Globe Life Field,day,R
746516,2024-08-18,2024,SD,COL,135,115,2,3,5,1,9,0,605397,Joe Musgrove,687134.0,Bradley Blalock,683409.0,663773.0,19,Coors Field,day,R
745621,2024-08-18,2024,SF,OAK,137,133,4,2,6,0,10,1,605483,Blake Snell,676664.0,JP Sears,676254.0,666204.0,10,Oakland Coliseum,day,R
746186,2024-08-18,2024,ATL,LAA,144,108,3,1,4,0,9,0,450203,Charlie Morton,686799.0,Jack Kochanowicz,450203.0,686799.0,1,Angel Stadium,day,R
746431,2024-08-18,2024,NYY,DET,147,116,2,3,5,1,10,1,573186,Marcus Stroman,669373.0,Tarik Skubal,689225.0,643410.0,2735,Journey Bank Ballpark,night,R
746027,2024-08-19,2024,ARI,MIA,109,146,9,6,15,0,9,0,694297,Brandon Pfaadt,670124.0,Adam Oller,694297.0,670124.0,4169,loanDepot park,night,R
744898,2024-08-19,2024,CIN,TOR,113,141,6,3,9,0,9,0,687924,Julian Aguiar,592332.0,Kevin Gausman,663574.0,592332.0,14,Rogers Centre,night,R
745780,2024-08-19,2024,BAL,NYM,110,121,3,4,7,1,9,0,669432,Trevor Rogers,656849.0,David Peterson,621242.0,622554.0,3289,Citi Field,night,R
744976,2024-08-20,2024,PIT,TEX,134,140,3,4,7,1,9,0,682847,Luis Ortiz,641540.0,Dane Dunning,570632.0,682847.0,5325,Globe Life Field,night,R
746351,2024-08-20,2024,BOS,HOU,111,117,4,5,9,1,9,0,656557,Tanner Houck,579328.0,Yusei Kikuchi,623352.0,445276.0,2392,Minute Maid Park,night,R
746270,2024-08-20,2024,LAA,KC,108,118,3,5,8,1,9,0,608334,Carson Fulmer,607625.0,Seth Lugo,607625.0,608334.0,7,Kauffman Stadium,night,R
745620,2024-08-20,2024,TB,OAK,139,133,0,3,3,1,9,0,671737,Taj Bradley,671212.0,Joe Boyle,671212.0,671737.0,10,Oakland Coliseum,night,R
745380,2024-08-20,2024,MIN,SD,142,135,3,5,8,1,9,0,805673,Zebby Matthews,650633.0,Michael King,650633.0,805673.0,2680,Petco Park,night,R
745294,2024-08-20,2024,CWS,SF,145,137,3,5,8,1,9,0,686563,Jonathan Cannon,690986.0,Kyle Harrison,690986.0,686563.0,2395,Oracle Park,night,R
746109,2024-08-20,2024,SEA,LAD,136,119,0,3,3,1,9,0,693433,Bryan Woo,694813.0,Gavin Stone,694813.0,693433.0,22,Dodger Stadium,night,R
746029,2024-08-20,2024,ARI,MIA,109,146,3,1,4,0,9,0,593958,Eduardo Rodriguez,665795.0,Edward Cabrera,593958.0,665795.0,4169,loanDepot park,night,R
744814,2024-08-20,2024,COL,WSH,115,120,3,1,4,0,9,0,596295,Austin Gomber,687792.0,DJ Herz,596295.0,687792.0,3309,Nationals Park,night,R
745707,2024-08-20,2024,CLE,NYY,114,147,9,5,14,0,12,1,571510,Matthew Boyd,661563.0,Luis Gil,682120.0,641835.0,3313,Yankee Stadium,night,R
744896,2024-08-20,2024,CIN,TOR,113,141,3,10,13,1,9,0,686730,Carson Spiers,621244.0,José Berríos,621244.0,686730.0,14,Rogers Centre,night,R
745782,2024-08-20,2024,BAL,NYM,110,121,9,5,14,0,9,0,665152,Dean Kremer,500779.0,Jose Quintana,665152.0,500779.0,3289,Citi Field,night,R
747083,2024-08-20,2024,PHI,ATL,143,144,1,3,4,1,9,0,554430,Zack Wheeler,625643.0,Reynaldo López,656550.0,554430.0,4705,Truist Park,night,R
745136,2024-08-20,2024,MIL,STL,158,138,3,2,5,0,9,0,593423,Frankie Montas,607200.0,Erick Fedde,593423.0,607200.0,2889,Busch Stadium,night,R
746839,2024-08-21,2024,DET,CHC,116,112,1,3,4,1,9,0,656412,Alex Faedo,665871.0,Javier Assad,665871.0,676614.0,17,Wrigley Field,night,R
744978,2024-08-21,2024,PIT,TEX,134,140,4,0,4,0,9,0,656605,Mitch Keller,674003.0,Cody Bradford,656605.0,674003.0,5325,Globe Life Field,night,R
746349,2024-08-21,2024,BOS,HOU,111,117,6,5,11,0,9,0,601713,Nick Pivetta,669854.0,Ronel Blanco,677161.0,672391.0,2392,Minute Maid Park,night,R
746266,2024-08-21,2024,LAA,KC,108,118,9,5,14,0,9,0,542881,Tyler Anderson,666142.0,Cole Ragans,542881.0,666142.0,7,Kauffman Stadium,night,R
745624,2024-08-21,2024,TB,OAK,139,133,1,0,1,0,9,0,669358,Shane Baz,683155.0,Joey Estes,669358.0,683155.0,10,Oakland Coliseum,night,R
745374,2024-08-21,2024,MIN,SD,142,135,5,7,12,1,9,0,641927,Bailey Ober,527048.0,Martín Pérez,656945.0,595345.0,2680,Petco Park,night,R
745295,2024-08-21,2024,CWS,SF,145,137,1,4,5,1,9,0,663436,Davis Martin,592662.0,Robbie Ray,592662.0,663436.0,2395,Oracle Park,night,R
746107,2024-08-21,2024,SEA,LAD,136,119,3,6,9,1,9,0,682243,Bryce Miller,621111.0,Walker Buehler,523260.0,662253.0,22,Dodger Stadium,night,R
745781,2024-08-21,2024,BAL,NYM,110,121,3,4,7,1,9,0,608344,Cole Irvin,640455.0,Sean Manaea,621242.0,622554.0,3289,Citi Field,day,R
746350,2024-08-21,2024,BOS,HOU,111,117,4,1,5,0,9,0,681867,Cooper Criswell,434378.0,Justin Verlander,670174.0,434378.0,2392,Minute Maid Park,day,R
744973,2024-08-21,2024,PIT,TEX,134,140,0,1,1,1,9,0,593334,Domingo Germán,571760.0,Andrew Heaney,489446.0,670280.0,5325,Globe Life Field,day,R
745297,2024-08-21,2024,CWS,SF,145,137,6,2,8,0,9,0,676979,Garrett Crochet,657277.0,Logan Webb,686642.0,669062.0,2395,Oracle Park,day,R
745375,2024-08-21,2024,MIN,SD,142,135,11,4,15,0,9,0,680573,Simeon Woods Richardson,663362.0,Matt Waldron,680573.0,663362.0,2680,Petco Park,day,R
746028,2024-08-21,2024,ARI,MIA,109,146,10,8,18,0,9,0,656756,Jordan Montgomery,682610.0,Roddery Muñoz,571670.0,677053.0,4169,loanDepot park,night,R
744812,2024-08-21,2024,COL,WSH,115,120,1,6,7,1,9,0,685299,Tanner Gordon,680730.0,Mitchell Parker,680730.0,685299.0,3309,Nationals Park,night,R
745704,2024-08-21,2024,CLE,NYY,114,147,1,8,9,1,9,0,676282,Joey Cantillo,641482.0,Nestor Cortes,641482.0,676282.0,3313,Yankee Stadium,night,R
744893,2024-08-21,2024,CIN,TOR,113,141,11,7,18,0,9,0,607259,Nick Martinez,684320.0,Yariel Rodríguez,641941.0,663893.0,14,Rogers Centre,night,R
747084,2024-08-21,2024,PHI,ATL,143,144,3,2,5,0,9,0,605400,Aaron Nola,608331.0,Max Fried,621381.0,641729.0,4705,Truist Park,night,R
745138,2024-08-21,2024,MIL,STL,158,138,6,10,16,1,10,1,668964,Tobias Myers,502043.0,Kyle Gibson,664854.0,656730.0,2889,Busch Stadium,night,R
746837,2024-08-22,2024,DET,CHC,116,112,8,2,10,0,9,0,689225,Beau Brieske,592791.0,Jameson Taillon,676428.0,592791.0,17,Wrigley Field,night,R
746267,2024-08-22,2024,LAA,KC,108,118,0,3,3,1,9,0,456501,Johnny Cueto,547179.0,Michael Lorenzen,547179.0,456501.0,7,Kauffman Stadium,night,R
745622,2024-08-22,2024,TB,OAK,139,133,4,2,6,0,9,0,686752,Ryan Pepiot,687765.0,Mitch Spence,686752.0,687765.0,10,Oakland Coliseum,night,R
746110,2024-08-22,2024,SEA,LAD,136,119,4,8,12,1,9,0,669302,Logan Gilbert,656427.0,Jack Flaherty,656427.0,669302.0,22,Dodger Stadium,night,R
744815,2024-08-22,2024,COL,WSH,115,120,3,8,11,1,9,0,615698,Cal Quantrill,571578.0,Patrick Corbin,571578.0,615698.0,3309,Nationals Park,day,R
745705,2024-08-22,2024,CLE,NYY,114,147,0,6,6,1,9,0,668909,Gavin Williams,543037.0,Gerrit Cole,543037.0,668909.0,3313,Yankee Stadium,day,R
745137,2024-08-22,2024,MIL,STL,158,138,0,3,3,1,9,0,642547,Freddy Peralta,571945.0,Miles Mikolas,552640.0,683232.0,2889,Busch Stadium,day,R
746836,2024-08-22,2024,DET,CHC,116,112,2,10,12,1,9,0,663947,Tyler Holton,657006.0,Justin Steele,657006.0,628317.0,17,Wrigley Field,day,R
745623,2024-08-22,2024,TB,OAK,139,133,1,3,4,1,9,0,605488,Jeffrey Springs,674370.0,Osvaldo Bido,674370.0,605488.0,10,Oakland Coliseum,day,R
745465,2024-08-22,2024,CIN,PIT,113,134,0,7,7,1,9,0,666157,Nick Lodolo,694973.0,Paul Skenes,694973.0,666157.0,31,PNC Park,night,R
744894,2024-08-22,2024,LAA,TOR,108,141,3,5,8,1,9,0,656271,Brock Burke,621114.0,Ryan Burr,642232.0,656271.0,14,Rogers Centre,night,R
746998,2024-08-22,2024,HOU,BAL,117,110,6,0,6,0,9,0,681293,Spencer Arrighetti,669203.0,Corbin Burnes,681293.0,669203.0,2,Oriole Park at Camden Yards,night,R
747082,2024-08-22,2024,PHI,ATL,143,144,2,3,5,1,9,0,650911,Cristopher Sánchez,680885.0,Spencer Schwellenbach,680885.0,650911.0,4705,Truist Park,night,R
745379,2024-08-23,2024,NYM,SD,121,135,8,3,11,0,9,0,622663,Luis Severino,656302.0,Dylan Cease,622663.0,656302.0,2680,Petco Park,night,R
745460,2024-08-23,2024,CIN,PIT,113,134,5,6,11,1,9,0,571656,Buck Farmer,663559.0,Bailey Falter,642701.0,458677.0,31,PNC Park,night,R
746995,2024-08-23,2024,HOU,BAL,117,110,5,7,12,1,9,0,686613,Hunter Brown,700249.0,Cade Povich,518886.0,650556.0,2,Oriole Park at Camden Yards,night,R
745702,2024-08-23,2024,COL,NYY,115,147,0,3,3,1,9,0,607536,Kyle Freeland,607074.0,Carlos Rodón,607074.0,607536.0,3313,Yankee Stadium,night,R
744889,2024-08-23,2024,LAA,TOR,108,141,4,5,9,1,9,0,686799,Jack Kochanowicz,605135.0,Chris Bassitt,643338.0,672710.0,14,Rogers Centre,night,R
746920,2024-08-23,2024,ARI,BOS,109,111,12,2,14,0,9,0,669194,Ryne Nelson,678394.0,Brayan Bello,669194.0,678394.0,3,Fenway Park,night,R
746597,2024-08-23,2024,TEX,CLE,140,114,5,3,8,0,9,0,543135,Nathan Eovaldi,676440.0,Tanner Bibee,543135.0,676440.0,5,Progressive Field,night,R
746024,2024-08-23,2024,CHC,MIA,112,146,6,3,9,0,9,0,543294,Kyle Hendricks,676974.0,Max Meyer,687863.0,676969.0,4169,loanDepot park,night,R
747080,2024-08-23,2024,WSH,ATL,120,144,2,3,5,1,10,1,669022,MacKenzie Gore,519242.0,Chris Sale,628452.0,674285.0,4705,Truist Park,night,R
745870,2024-08-24,2024,STL,MIN,138,142,6,1,7,0,9,0,669467,Andre Pallante,701581.0,David Festa,669467.0,701581.0,3312,Target Field,night,R
746268,2024-08-24,2024,PHI,KC,143,118,4,7,11,1,9,0,592836,Taijuan Walker,608379.0,Michael Wacha,608379.0,592836.0,7,Kauffman Stadium,night,R
746758,2024-08-24,2024,DET,CWS,116,145,5,2,7,0,9,0,672456,Keider Montero,623167.0,Chris Flexen,676684.0,686642.0,4,Guaranteed Rate Field,night,R
745378,2024-08-24,2024,NYM,SD,121,135,0,7,7,1,9,0,621112,Paul Blackburn,605397.0,Joe Musgrove,605397.0,621112.0,2680,Petco Park,night,R
745625,2024-08-24,2024,MIL,OAK,158,133,11,3,14,0,9,0,650644,Aaron Civale,676664.0,JP Sears,663542.0,676664.0,10,Oakland Coliseum,night,R
745217,2024-08-24,2024,SF,SEA,137,136,5,6,11,1,10,1,806185,Hayden Birdsong,622491.0,Luis Castillo,676092.0,669062.0,680,T-Mobile Park,night,R
746111,2024-08-24,2024,TB,LAD,139,119,3,7,10,1,9,0,641302,Tyler Alexander,676272.0,Bobby Miller,656629.0,655889.0,22,Dodger Stadium,night,R
745703,2024-08-24,2024,COL,NYY,115,147,9,2,11,0,9,0,687134,Bradley Blalock,701542.0,Will Warren,687134.0,701542.0,3313,Yankee Stadium,day,R
744890,2024-08-24,2024,LAA,TOR,108,141,1,3,4,1,9,0,608334,Carson Fulmer,670102.0,Bowden Francis,670102.0,608334.0,14,Rogers Centre,day,R
746996,2024-08-24,2024,HOU,BAL,117,110,2,3,5,1,9,0,664285,Framber Valdez,544150.0,Albert Suárez,669211.0,664285.0,2,Oriole Park at Camden Yards,day,R
745617,2024-08-24,2024,MIL,OAK,158,133,9,5,14,0,9,0,607067,Colin Rea,671212.0,Joe Boyle,607067.0,671212.0,10,Oakland Coliseum,day,R
746917,2024-08-24,2024,ARI,BOS,109,111,4,1,5,0,9,0,668678,Zac Gallen,676710.0,Kutter Crawford,668678.0,676710.0,3,Fenway Park,day,R
745218,2024-08-24,2024,SF,SEA,137,136,4,3,7,0,9,0,605483,Blake Snell,669923.0,George Kirby,702352.0,669923.0,680,T-Mobile Park,day,R
746022,2024-08-24,2024,CHC,MIA,112,146,14,2,16,0,9,0,684007,Shota Imanaga,678368.0,Valente Bellozo,684007.0,678368.0,4169,loanDepot park,day,R
745457,2024-08-24,2024,CIN,PIT,113,134,10,2,12,0,9,0,687924,Julian Aguiar,663765.0,Jake Woodford,687924.0,663765.0,31,PNC Park,night,R
746599,2024-08-24,2024,TEX,CLE,140,114,5,13,18,1,9,0,592351,Jon Gray,594902.0,Ben Lively,594902.0,592351.0,5,Progressive Field,night,R
745868,2024-08-24,2024,STL,MIN,138,142,0,6,6,1,9,0,543243,Sonny Gray,641154.0,Pablo López,641154.0,543243.0,3312,Target Field,night,R
746271,2024-08-24,2024,PHI,KC,143,118,11,2,13,0,9,0,624133,Ranger Suárez,663903.0,Brady Singer,624133.0,663903.0,7,Kauffman Stadium,night,R
746756,2024-08-24,2024,DET,CWS,116,145,13,4,17,0,9,0,669373,Tarik Skubal,681066.0,Ky Bush,669373.0,681066.0,4,Guaranteed Rate Field,night,R
747077,2024-08-24,2024,WSH,ATL,120,144,2,4,6,1,9,0,663623,Jake Irvin,450203.0,Charlie Morton,607481.0,676395.0,4705,Truist Park,night,R
745377,2024-08-25,2024,NYM,SD,121,135,7,1,8,0,9,0,656849,David Peterson,650633.0,Michael King,656849.0,650633.0,2680,Petco Park,night,R
746108,2024-08-25,2024,TB,LAD,139,119,9,8,17,0,10,1,671737,Taj Bradley,477132.0,Clayton Kershaw,655889.0,523260.0,22,Dodger Stadium,night,R
747078,2024-08-25,2024,WSH,ATL,120,144,5,1,6,0,9,0,687792,DJ Herz,625643.0,Reynaldo López,606930.0,592426.0,4705,Truist Park,day,R
746918,2024-08-25,2024,ARI,BOS,109,111,7,5,12,0,9,0,518876,Merrill Kelly,656557.0,Tanner Houck,518876.0,656557.0,3,Fenway Park,day,R
745459,2024-08-25,2024,CIN,PIT,113,134,3,4,7,1,9,0,607259,Nick Martinez,682847.0,Luis Ortiz,547973.0,664747.0,31,PNC Park,day,R
745706,2024-08-25,2024,COL,NYY,115,147,3,10,13,1,9,0,596295,Austin Gomber,573186.0,Marcus Stroman,573186.0,596295.0,3313,Yankee Stadium,day,R
744892,2024-08-25,2024,LAA,TOR,108,141,2,8,10,1,9,0,542881,Tyler Anderson,592332.0,Kevin Gausman,592332.0,542881.0,14,Rogers Centre,day,R
746595,2024-08-25,2024,TEX,CLE,140,114,2,4,6,1,9,0,674003,Cody Bradford,571510.0,Matthew Boyd,571510.0,674003.0,5,Progressive Field,day,R
746023,2024-08-25,2024,CHC,MIA,112,146,2,7,9,1,9,0,665871,Javier Assad,670124.0,Adam Oller,670124.0,665871.0,4169,loanDepot park,day,R
745863,2024-08-25,2024,STL,MIN,138,142,3,2,5,0,9,0,607200,Erick Fedde,805673.0,Zebby Matthews,542888.0,661395.0,3312,Target Field,day,R
746263,2024-08-25,2024,PHI,KC,143,118,11,3,14,0,9,0,663465,Kolby Allard,607625.0,Seth Lugo,663465.0,607625.0,7,Kauffman Stadium,day,R
746754,2024-08-25,2024,DET,CWS,116,145,9,4,13,0,9,0,689225,Beau Brieske,686563.0,Jonathan Cannon,676614.0,686563.0,4,Guaranteed Rate Field,day,R
745618,2024-08-25,2024,MIL,OAK,158,133,3,4,7,1,9,0,593423,Frankie Montas,683155.0,Joey Estes,683155.0,593423.0,10,Oakland Coliseum,day,R
745376,2024-08-25,2024,NYM,SD,121,135,2,3,5,1,9,0,500779,Jose Quintana,527048.0,Martín Pérez,663158.0,621242.0,2680,Petco Park,day,R
745212,2024-08-25,2024,SF,SEA,137,136,3,4,7,1,9,0,592662,Robbie Ray,693433.0,Bryan Woo,693433.0,663546.0,680,T-Mobile Park,day,R
746106,2024-08-25,2024,TB,LAD,139,119,1,3,4,1,9,0,682052,Jacob Lopez,694813.0,Gavin Stone,595014.0,663992.0,22,Dodger Stadium,day,R
746994,2024-08-25,2024,HOU,BAL,117,110,6,3,9,0,9,0,579328,Yusei Kikuchi,665152.0,Dean Kremer,593576.0,572143.0,2,Oriole Park at Camden Yards,night,R
746628,2024-08-26,2024,KC,CLE,118,114,4,3,7,0,9,0,666142,Cole Ragans,680704.0,Nick Sandlin,670167.0,683769.0,5,Progressive Field,day,R
746596,2024-08-26,2024,KC,CLE,118,114,9,4,13,0,9,0,679525,Alec Marsh,671106.0,Logan Allen,669674.0,671106.0,5,Progressive Field,night,R
746942,2024-08-26,2024,TOR,BOS,141,111,4,1,5,0,9,0,621114,Ryan Burr,601713.0,Nick Pivetta,647315.0,601713.0,3,Fenway Park,day,R
745458,2024-08-26,2024,CHC,PIT,112,134,18,8,26,0,9,0,592791,Jameson Taillon,656605.0,Mitch Keller,592791.0,656605.0,31,PNC Park,night,R
745538,2024-08-26,2024,HOU,PHI,117,143,2,3,5,1,10,1,669854,Ronel Blanco,554430.0,Zack Wheeler,621381.0,623352.0,2681,Citizens Bank Park,night,R
744813,2024-08-26,2024,NYY,WSH,147,120,5,2,7,0,9,0,641482,Nestor Cortes,680730.0,Mitchell Parker,641482.0,680730.0,3309,Nationals Park,night,R
746915,2024-08-26,2024,TOR,BOS,141,111,7,3,10,0,9,0,621244,José Berríos,677161.0,Zack Kelly,621244.0,641745.0,3,Fenway Park,night,R
745865,2024-08-26,2024,ATL,MIN,144,142,10,6,16,0,9,0,608331,Max Fried,641927.0,Bailey Ober,608331.0,641927.0,3312,Target Field,night,R
745133,2024-08-26,2024,SD,STL,135,138,7,4,11,0,9,0,681190,Randy Vásquez,502043.0,Kyle Gibson,681190.0,502043.0,2889,Busch Stadium,night,R
746753,2024-08-27,2024,DET,CWS,116,145,6,3,9,0,9,0,680744,Ty Madden,663436.0,Davis Martin,674944.0,694363.0,4,Guaranteed Rate Field,night,R
746513,2024-08-27,2024,MIA,COL,146,115,2,3,5,1,9,0,665795,Edward Cabrera,663372.0,Ryan Feltner,656234.0,665795.0,19,Coors Field,night,R
745215,2024-08-27,2024,TB,SEA,139,136,1,5,6,1,9,0,686752,Ryan Pepiot,682243.0,Bryce Miller,682243.0,686752.0,680,T-Mobile Park,night,R
746429,2024-08-27,2024,LAA,DET,108,116,2,6,8,1,9,0,456501,Johnny Cueto,676428.0,Brant Hurter,676428.0,456501.0,2394,Comerica Park,night,R
746594,2024-08-27,2024,KC,CLE,118,114,6,1,7,0,9,0,547179,Michael Lorenzen,668909.0,Gavin Williams,663704.0,668909.0,5,Progressive Field,night,R
746671,2024-08-27,2024,OAK,CIN,133,113,5,4,9,0,9,0,687765,Mitch Spence,596001.0,Jakob Junis,671305.0,663574.0,2602,Great American Ball Park,night,R
745461,2024-08-27,2024,CHC,PIT,112,134,9,5,14,0,9,0,657006,Justin Steele,683003.0,Jared Jones,657006.0,683003.0,31,PNC Park,night,R
745540,2024-08-27,2024,HOU,PHI,117,143,0,5,5,1,9,0,434378,Justin Verlander,605400.0,Aaron Nola,605400.0,434378.0,2681,Citizens Bank Park,night,R
744811,2024-08-27,2024,NYY,WSH,147,120,2,4,6,1,9,0,543037,Gerrit Cole,571578.0,Patrick Corbin,571578.0,543037.0,3309,Nationals Park,night,R
746916,2024-08-27,2024,TOR,BOS,141,111,3,6,9,1,9,0,684320,Yariel Rodríguez,681867.0,Cooper Criswell,669711.0,684320.0,3,Fenway Park,night,R
745864,2024-08-27,2024,ATL,MIN,144,142,8,6,14,0,10,1,680885,Spencer Schwellenbach,680573.0,Simeon Woods Richardson,628452.0,661395.0,3312,Target Field,night,R
745132,2024-08-27,2024,SD,STL,135,138,7,5,12,0,9,0,656302,Dylan Cease,571945.0,Miles Mikolas,673513.0,667463.0,2889,Busch Stadium,night,R
746755,2024-08-28,2024,TEX,CWS,140,145,3,1,4,0,9,0,571760,Andrew Heaney,623167.0,Chris Flexen,670036.0,623167.0,4,Guaranteed Rate Field,night,R
745946,2024-08-28,2024,SF,MIL,137,158,5,4,9,0,9,0,657277,Logan Webb,668964.0,Tobias Myers,666808.0,606303.0,32,American Family Field,night,R
746510,2024-08-28,2024,MIA,COL,146,115,9,8,17,0,9,0,682610,Roddery Muñoz,615698.0,Cal Quantrill,666277.0,683409.0,19,Coors Field,night,R
747162,2024-08-28,2024,NYM,ARI,121,109,8,3,11,0,9,0,640455,Sean Manaea,694297.0,Brandon Pfaadt,640455.0,694297.0,15,Chase Field,night,R
745213,2024-08-28,2024,TB,SEA,139,136,3,2,5,0,9,0,605488,Jeffrey Springs,669302.0,Logan Gilbert,670955.0,608638.0,680,T-Mobile Park,night,R
746105,2024-08-28,2024,BAL,LAD,110,119,3,2,5,0,9,0,608344,Cole Irvin,656427.0,Jack Flaherty,621199.0,656427.0,22,Dodger Stadium,night,R
745452,2024-08-28,2024,CHC,PIT,112,134,14,10,24,0,9,0,543294,Kyle Hendricks,694973.0,Paul Skenes,687863.0,670280.0,31,PNC Park,day,R
746589,2024-08-28,2024,KC,CLE,118,114,5,7,12,1,9,0,608379,Michael Wacha,676440.0,Tanner Bibee,669212.0,668674.0,5,Progressive Field,day,R
745541,2024-08-28,2024,HOU,PHI,117,143,10,0,10,0,9,0,681293,Spencer Arrighetti,592836.0,Taijuan Walker,681293.0,592836.0,2681,Citizens Bank Park,day,R
745211,2024-08-28,2024,TB,SEA,139,136,2,6,8,1,9,0,656876,Drew Rasmussen,622491.0,Luis Castillo,622491.0,641302.0,680,T-Mobile Park,day,R
746755,2024-08-28,2024,TEX,CWS,140,145,3,1,4,0,9,0,571760,Andrew Heaney,623167.0,Chris Flexen,670036.0,623167.0,4,Guaranteed Rate Field,day,R
746430,2024-08-28,2024,LAA,DET,108,116,2,3,5,1,9,0,656288,Griffin Canning,669438.0,Mason Englert,628317.0,656288.0,2394,Comerica Park,night,R
746672,2024-08-28,2024,OAK,CIN,133,113,9,6,15,0,9,0,674370,Osvaldo Bido,518585.0,Fernando Cruz,621053.0,641941.0,2602,Great American Ball Park,night,R
744809,2024-08-28,2024,NYY,WSH,147,120,2,5,7,1,9,0,607074,Carlos Rodón,669022.0,MacKenzie Gore,669022.0,607074.0,3309,Nationals Park,night,R
746913,2024-08-28,2024,TOR,BOS,141,111,0,3,3,1,9,0,605135,Chris Bassitt,678394.0,Brayan Bello,678394.0,605135.0,3,Fenway Park,night,R
745866,2024-08-28,2024,ATL,MIN,144,142,5,1,6,0,9,0,519242,Chris Sale,701581.0,David Festa,519242.0,701581.0,3312,Target Field,night,R
745134,2024-08-28,2024,SD,STL,135,138,3,4,7,1,9,0,605397,Joe Musgrove,669467.0,Andre Pallante,664854.0,663158.0,2889,Busch Stadium,night,R
746752,2024-08-29,2024,TEX,CWS,140,145,4,3,7,0,9,0,683004,Jack Leiter,641582.0,Matt Foster,570632.0,605121.0,4,Guaranteed Rate Field,night,R
745943,2024-08-29,2024,SF,MIL,137,158,3,5,8,1,9,0,690986,Kyle Harrison,642547.0,Freddy Peralta,642547.0,690986.0,32,American Family Field,night,R
746512,2024-08-29,2024,MIA,COL,146,115,2,8,10,1,9,0,676974,Max Meyer,607536.0,Kyle Freeland,607536.0,676974.0,19,Coors Field,night,R
747161,2024-08-29,2024,NYM,ARI,121,109,5,8,13,1,9,0,622663,Luis Severino,593958.0,Eduardo Rodriguez,657044.0,621242.0,15,Chase Field,night,R
746103,2024-08-29,2024,BAL,LAD,110,119,4,6,10,1,9,0,669203,Corbin Burnes,621111.0,Walker Buehler,607455.0,669203.0,22,Dodger Stadium,night,R
746432,2024-08-29,2024,LAA,DET,108,116,3,0,3,0,9,0,686799,Jack Kochanowicz,672456.0,Keider Montero,686799.0,672456.0,2394,Comerica Park,day,R
746748,2024-08-29,2024,TEX,CWS,140,145,2,1,3,0,9,0,543135,Nathan Eovaldi,680897.0,Nick Nastrini,543135.0,680897.0,4,Guaranteed Rate Field,day,R
745945,2024-08-29,2024,SF,MIL,137,158,0,6,6,1,9,0,806185,Hayden Birdsong,650644.0,Aaron Civale,650644.0,806185.0,32,American Family Field,day,R
745135,2024-08-29,2024,SD,STL,135,138,1,4,5,1,9,0,650633,Michael King,543243.0,Sonny Gray,543243.0,650633.0,2889,Busch Stadium,day,R
746514,2024-08-29,2024,MIA,COL,146,115,12,8,20,0,9,0,678368,Valente Bellozo,687134.0,Bradley Blalock,622786.0,687134.0,19,Coors Field,day,R
747159,2024-08-29,2024,NYM,ARI,121,109,3,2,5,0,9,0,656849,David Peterson,669194.0,Ryne Nelson,676130.0,679885.0,15,Chase Field,day,R
746670,2024-08-29,2024,OAK,CIN,133,113,9,10,19,1,9,0,669372,J.T. Ginn,687924.0,Julian Aguiar,641941.0,680880.0,2602,Great American Ball Park,night,R
745531,2024-08-29,2024,ATL,PHI,144,143,4,5,9,1,9,0,450203,Charlie Morton,650911.0,Cristopher Sánchez,689147.0,656550.0,2681,Citizens Bank Park,night,R
746914,2024-08-29,2024,TOR,BOS,141,111,2,0,2,0,9,0,670102,Bowden Francis,676710.0,Kutter Crawford,670102.0,676710.0,3,Fenway Park,night,R
746352,2024-08-30,2024,KC,HOU,118,117,3,6,9,1,9,0,663903,Brady Singer,686613.0,Hunter Brown,519151.0,668674.0,2392,Minute Maid Park,night,R
746102,2024-08-30,2024,BAL,LAD,110,119,3,6,9,1,9,0,700249,Cade Povich,676272.0,Bobby Miller,676272.0,700249.0,22,Dodger Stadium,night,R
746730,2024-08-30,2024,MIL,CIN,158,113,5,4,9,0,10,1,607067,Colin Rea,607259.0,Nick Martinez,656730.0,664747.0,2602,Great American Ball Park,day,R
746665,2024-08-30,2024,MIL,CIN,158,113,14,0,14,0,9,0,669084,DL Hall,695076.0,Rhett Lowder,669084.0,695076.0,2602,Great American Ball Park,night,R
746433,2024-08-30,2024,BOS,DET,111,116,7,5,12,0,10,1,656557,Tanner Houck,663554.0,Casey Mize,445276.0,571946.0,2394,Comerica Park,night,R
745533,2024-08-30,2024,ATL,PHI,144,143,7,2,9,0,9,0,625643,Reynaldo López,624133.0,Ranger Suárez,625643.0,624133.0,2681,Citizens Bank Park,night,R
744810,2024-08-30,2024,CHC,WSH,112,120,7,6,13,0,9,0,684007,Shota Imanaga,663623.0,Jake Irvin,684007.0,663623.0,3309,Nationals Park,night,R
745052,2024-08-30,2024,SD,TB,135,139,13,5,18,0,9,0,527048,Martín Pérez,671737.0,Taj Bradley,527048.0,671737.0,12,Tropicana Field,night,R
745700,2024-08-30,2024,STL,NYY,138,147,3,6,9,1,9,0,607200,Erick Fedde,573186.0,Marcus Stroman,573186.0,607200.0,3313,Yankee Stadium,night,R
746593,2024-08-30,2024,PIT,CLE,134,114,8,10,18,1,9,0,663559,Bailey Falter,594902.0,Ben Lively,658648.0,669387.0,5,Progressive Field,night,R
744969,2024-08-31,2024,OAK,TEX,133,140,9,2,11,0,9,0,676664,JP Sears,592351.0,Jon Gray,676664.0,592351.0,5325,Globe Life Field,night,R
746353,2024-08-31,2024,KC,HOU,118,117,2,3,5,1,9,0,607625,Seth Lugo,664285.0,Framber Valdez,623352.0,663704.0,2392,Minute Maid Park,night,R
745862,2024-08-31,2024,TOR,MIN,141,142,0,2,2,1,9,0,592332,Kevin Gausman,641154.0,Pablo López,641154.0,592332.0,3312,Target Field,night,R
746749,2024-08-31,2024,NYM,CWS,121,145,5,1,6,0,9,0,656731,Tylor Megill,686563.0,Jonathan Cannon,656731.0,686563.0,4,Guaranteed Rate Field,night,R
746511,2024-08-31,2024,BAL,COL,110,115,5,3,8,0,9,0,544150,Albert Suárez,596295.0,Austin Gomber,544150.0,596295.0,19,Coors Field,night,R
746184,2024-08-31,2024,SEA,LAA,136,108,9,5,14,0,9,0,669923,George Kirby,691951.0,Sam Aldegheri,669923.0,691951.0,1,Angel Stadium,night,R
747156,2024-08-31,2024,LAD,ARI,119,109,10,9,19,0,9,0,477132,Clayton Kershaw,668678.0,Zac Gallen,518489.0,571670.0,15,Chase Field,night,R
745299,2024-08-31,2024,MIA,SF,146,137,1,3,4,1,9,0,670124,Adam Oller,605483.0,Blake Snell,643511.0,657508.0,2395,Oracle Park,night,R
745699,2024-08-31,2024,STL,NYY,138,147,6,5,11,0,9,0,502043,Kyle Gibson,701542.0,Will Warren,502043.0,701542.0,3313,Yankee Stadium,day,R
744808,2024-08-31,2024,CHC,WSH,112,120,5,3,8,0,9,0,665871,Javier Assad,687792.0,DJ Herz,665871.0,687792.0,3309,Nationals Park,day,R
745050,2024-08-31,2024,SD,TB,135,139,4,11,15,1,9,0,681190,Randy Vásquez,669358.0,Shane Baz,669358.0,681190.0,12,Tropicana Field,day,R
746424,2024-08-31,2024,BOS,DET,111,116,1,2,3,1,9,0,601713,Nick Pivetta,669373.0,Tarik Skubal,669373.0,601713.0,2394,Comerica Park,night,R
746590,2024-08-31,2024,PIT,CLE,134,114,3,0,3,0,9,0,682847,Luis Ortiz,571510.0,Matthew Boyd,682847.0,571510.0,5,Progressive Field,night,R
744971,2024-08-31,2024,OAK,TEX,133,140,2,3,5,1,9,0,683155,Joey Estes,674003.0,Cody Bradford,489446.0,621053.0,5325,Globe Life Field,night,R
746348,2024-08-31,2024,KC,HOU,118,117,2,5,7,1,9,0,666142,Cole Ragans,579328.0,Yusei Kikuchi,579328.0,666142.0,2392,Minute Maid Park,night,R
745859,2024-08-31,2024,TOR,MIN,141,142,15,0,15,0,9,0,621244,José Berríos,805673.0,Zebby Matthews,621244.0,805673.0,3312,Target Field,night,R
746751,2024-08-31,2024,NYM,CWS,121,145,5,3,8,0,9,0,500779,Jose Quintana,663436.0,Davis Martin,500779.0,663436.0,4,Guaranteed Rate Field,night,R
745532,2024-08-31,2024,ATL,PHI,144,143,0,3,3,1,9,0,608331,Max Fried,554430.0,Zack Wheeler,554430.0,608331.0,2681,Citizens Bank Park,night,R
746667,2024-08-31,2024,MIL,CIN,158,113,5,4,9,0,9,0,593423,Frankie Montas,518585.0,Fernando Cruz,676879.0,458677.0,2602,Great American Ball Park,night,R
746507,2024-09-01,2024,BAL,COL,110,115,5,7,12,1,9,0,665152,Dean Kremer,663372.0,Ryan Feltner,676105.0,518886.0,19,Coors Field,night,R
747158,2024-09-01,2024,LAD,ARI,119,109,8,6,14,0,9,0,694813,Gavin Stone,518876.0,Merrill Kelly,676508.0,657044.0,15,Chase Field,night,R
745296,2024-09-01,2024,MIA,SF,146,137,4,3,7,0,9,0,665795,Edward Cabrera,696131.0,Mason Black,665795.0,696131.0,2395,Oracle Park,night,R
746182,2024-09-01,2024,SEA,LAA,136,108,4,5,9,1,9,0,693433,Bryan Woo,542881.0,Tyler Anderson,690829.0,662253.0,1,Angel Stadium,night,R
746669,2024-09-01,2024,MIL,CIN,158,113,3,4,7,1,11,1,668964,Tobias Myers,682227.0,Brandon Williamson,664747.0,669060.0,2602,Great American Ball Park,day,R
744806,2024-09-01,2024,CHC,WSH,112,120,14,1,15,0,9,0,696136,Jordan Wicks,680730.0,Mitchell Parker,696136.0,680730.0,3309,Nationals Park,day,R
745701,2024-09-01,2024,STL,NYY,138,147,14,7,21,0,9,0,571945,Miles Mikolas,641482.0,Nestor Cortes,668941.0,664776.0,3313,Yankee Stadium,day,R
746426,2024-09-01,2024,BOS,DET,111,116,1,4,5,1,9,0,681867,Cooper Criswell,689225.0,Beau Brieske,676428.0,448179.0,2394,Comerica Park,day,R
746592,2024-09-01,2024,PIT,CLE,134,114,1,6,7,1,9,0,656605,Mitch Keller,502171.0,Alex Cobb,502171.0,656605.0,5,Progressive Field,day,R
745048,2024-09-01,2024,SD,TB,135,139,4,3,7,0,9,0,656302,Dylan Cease,686752.0,Ryan Pepiot,656945.0,655889.0,12,Tropicana Field,day,R
746347,2024-09-01,2024,KC,HOU,118,117,2,7,9,1,9,0,679525,Alec Marsh,669854.0,Ronel Blanco,669854.0,679525.0,2392,Minute Maid Park,day,R
745861,2024-09-01,2024,TOR,MIN,141,142,3,4,7,1,9,0,684320,Yariel Rodríguez,641927.0,Bailey Ober,643377.0,643338.0,3312,Target Field,day,R
746750,2024-09-01,2024,NYM,CWS,121,145,2,0,2,0,9,0,640455,Sean Manaea,676979.0,Garrett Crochet,640455.0,676979.0,4,Guaranteed Rate Field,day,R
744970,2024-09-01,2024,OAK,TEX,133,140,4,6,10,1,10,1,687765,Mitch Spence,679156.0,Walter Pennington,670036.0,695243.0,5325,Globe Life Field,day,R
746505,2024-09-01,2024,BAL,COL,110,115,6,1,7,0,9,0,621107,Zach Eflin,621389.0,Ty Blach,621107.0,621389.0,19,Coors Field,day,R
745292,2024-09-01,2024,MIA,SF,146,137,7,5,12,0,9,0,670766,Darren McCaughan,657277.0,Logan Webb,675540.0,657277.0,2395,Oracle Park,day,R
746183,2024-09-01,2024,SEA,LAA,136,108,2,3,5,1,9,0,682243,Bryce Miller,702674.0,Caden Dana,702674.0,682243.0,1,Angel Stadium,day,R
747157,2024-09-01,2024,LAD,ARI,119,109,3,14,17,1,9,0,680736,Justin Wrobleski,694297.0,Brandon Pfaadt,694297.0,680736.0,15,Chase Field,day,R
745536,2024-09-01,2024,ATL,PHI,144,143,2,3,5,1,11,1,680885,Spencer Schwellenbach,605400.0,Aaron Nola,608032.0,607481.0,2681,Citizens Bank Park,night,R
745947,2024-09-02,2024,STL,MIL,138,158,3,9,12,1,9,0,669467,Andre Pallante,642547.0,Freddy Peralta,642547.0,669467.0,32,American Family Field,day,R
746992,2024-09-02,2024,CWS,BAL,145,110,3,13,16,1,9,0,623167,Chris Flexen,669203.0,Corbin Burnes,669203.0,623167.0,2,Oriole Park at Camden Yards,day,R
746668,2024-09-02,2024,HOU,CIN,117,113,3,5,8,1,9,0,434378,Justin Verlander,687924.0,Julian Aguiar,686730.0,434378.0,2602,Great American Ball Park,day,R
746265,2024-09-02,2024,CLE,KC,114,118,4,2,6,0,9,0,668909,Gavin Williams,608379.0,Michael Wacha,668909.0,608379.0,7,Kauffman Stadium,day,R
747155,2024-09-02,2024,LAD,ARI,119,109,11,6,17,0,9,0,656427,Jack Flaherty,593958.0,Eduardo Rodriguez,656427.0,593958.0,15,Chase Field,day,R
745373,2024-09-02,2024,DET,SD,116,135,0,3,3,1,9,0,663947,Tyler Holton,605397.0,Joe Musgrove,605397.0,669724.0,2680,Petco Park,day,R
745046,2024-09-02,2024,MIN,TB,142,139,5,4,9,0,9,0,680573,Simeon Woods Richardson,641793.0,Zack Littell,660896.0,641793.0,12,Tropicana Field,night,R
745619,2024-09-02,2024,SEA,OAK,136,133,4,5,9,1,9,0,669302,Logan Gilbert,674370.0,Osvaldo Bido,621053.0,608723.0,10,Oakland Coliseum,day,R
745779,2024-09-02,2024,BOS,NYM,111,121,1,4,5,1,9,0,678394,Brayan Bello,622663.0,Luis Severino,622663.0,678394.0,3289,Citi Field,night,R
746833,2024-09-02,2024,PIT,CHC,134,112,5,3,8,0,9,0,683003,Jared Jones,592791.0,Jameson Taillon,656222.0,605347.0,17,Wrigley Field,night,R
744972,2024-09-03,2024,NYY,TEX,147,140,8,4,12,0,9,0,543037,Gerrit Cole,683004.0,Jack Leiter,543037.0,683004.0,5325,Globe Life Field,night,R
746991,2024-09-03,2024,CWS,BAL,145,110,0,9,9,1,9,0,680897,Nick Nastrini,700249.0,Cade Povich,700249.0,680897.0,2,Oriole Park at Camden Yards,night,R
746020,2024-09-03,2024,WSH,MIA,120,146,6,2,8,0,9,0,571578,Patrick Corbin,676974.0,Max Meyer,571578.0,676974.0,4169,loanDepot park,night,R
745047,2024-09-03,2024,MIN,TB,142,139,1,2,3,1,9,0,701581,David Festa,605488.0,Jeffrey Springs,605488.0,701581.0,12,Tropicana Field,night,R
744891,2024-09-03,2024,PHI,TOR,143,141,10,9,19,0,9,0,663969,Tyler Phillips,605135.0,Chris Bassitt,689147.0,643338.0,14,Rogers Centre,night,R
745778,2024-09-03,2024,BOS,NYM,111,121,2,7,9,1,9,0,676710,Kutter Crawford,656849.0,David Peterson,656849.0,676710.0,3289,Citi Field,night,R
747079,2024-09-03,2024,COL,ATL,115,144,0,3,3,1,9,0,607536,Kyle Freeland,519242.0,Chris Sale,519242.0,607536.0,4705,Truist Park,night,R
746264,2024-09-03,2024,CLE,KC,114,118,7,1,8,0,9,0,676440,Tanner Bibee,663903.0,Brady Singer,676440.0,663903.0,7,Kauffman Stadium,night,R
746834,2024-09-03,2024,PIT,CHC,134,112,5,0,5,0,9,0,694973,Paul Skenes,543294.0,Kyle Hendricks,694973.0,543294.0,17,Wrigley Field,night,R
745944,2024-09-03,2024,STL,MIL,138,158,7,4,11,0,12,1,571927,Steven Matz,650644.0,Aaron Civale,664854.0,665625.0,32,American Family Field,night,R
744968,2024-09-04,2024,NYY,TEX,147,140,4,7,11,1,9,0,607074,Carlos Rodón,571760.0,Andrew Heaney,679156.0,605280.0,5325,Globe Life Field,night,R
746185,2024-09-04,2024,LAD,LAA,119,108,6,2,8,0,10,1,621111,Walker Buehler,672282.0,Reid Detmers,656629.0,672710.0,1,Angel Stadium,night,R
745615,2024-09-04,2024,SEA,OAK,136,133,2,3,5,1,9,0,622491,Luis Castillo,669372.0,J.T. Ginn,663687.0,663423.0,10,Oakland Coliseum,night,R
745293,2024-09-04,2024,ARI,SF,109,137,8,7,15,0,9,0,669194,Ryne Nelson,690986.0,Kyle Harrison,669194.0,690986.0,2395,Oracle Park,night,R
744887,2024-09-04,2024,PHI,TOR,143,141,4,2,6,0,9,0,650911,Cristopher Sánchez,670102.0,Bowden Francis,650911.0,670102.0,14,Rogers Centre,day,R
746990,2024-09-04,2024,CWS,BAL,145,110,8,1,9,0,9,0,686563,Jonathan Cannon,544150.0,Albert Suárez,686563.0,544150.0,2,Oriole Park at Camden Yards,night,R
746666,2024-09-04,2024,HOU,CIN,117,113,5,12,17,1,9,0,681293,Spencer Arrighetti,607259.0,Nick Martinez,607259.0,681293.0,2602,Great American Ball Park,night,R
746019,2024-09-04,2024,WSH,MIA,120,146,3,4,7,1,10,1,669022,MacKenzie Gore,678368.0,Valente Bellozo,669111.0,571882.0,4169,loanDepot park,night,R
745045,2024-09-04,2024,MIN,TB,142,139,4,9,13,1,9,0,678692,Ronny Henriquez,642121.0,Cole Sulser,641302.0,686973.0,12,Tropicana Field,night,R
745776,2024-09-04,2024,BOS,NYM,111,121,3,8,11,1,9,0,656557,Tanner Houck,656731.0,Tylor Megill,664849.0,656557.0,3289,Citi Field,night,R
747075,2024-09-04,2024,COL,ATL,115,144,2,5,7,1,9,0,687134,Bradley Blalock,450203.0,Charlie Morton,450203.0,687134.0,4705,Truist Park,night,R
746262,2024-09-04,2024,CLE,KC,114,118,1,4,5,1,9,0,594902,Ben Lively,607625.0,Seth Lugo,607625.0,594902.0,7,Kauffman Stadium,night,R
746835,2024-09-04,2024,PIT,CHC,134,112,0,12,12,1,9,0,593334,Domingo Germán,684007.0,Shota Imanaga,684007.0,593334.0,17,Wrigley Field,night,R
745938,2024-09-04,2024,STL,MIL,138,158,3,2,5,0,10,1,543243,Sonny Gray,607067.0,Colin Rea,552640.0,606303.0,32,American Family Field,night,R
744964,2024-09-05,2024,NYY,TEX,147,140,6,10,16,1,9,0,573186,Marcus Stroman,543135.0,Nathan Eovaldi,543135.0,573186.0,5325,Globe Life Field,night,R
746178,2024-09-05,2024,LAD,LAA,119,108,1,10,11,1,9,0,676272,Bobby Miller,656288.0,Griffin Canning,656288.0,676272.0,1,Angel Stadium,night,R
745370,2024-09-05,2024,DET,SD,116,135,5,6,11,1,10,1,672456,Keider Montero,506433.0,Yu Darvish,669093.0,671345.0,2680,Petco Park,night,R
745614,2024-09-05,2024,SEA,OAK,136,133,16,3,19,0,9,0,669923,George Kirby,676664.0,JP Sears,669923.0,676664.0,10,Oakland Coliseum,night,R
745290,2024-09-05,2024,ARI,SF,109,137,6,4,10,0,9,0,668678,Zac Gallen,806185.0,Hayden Birdsong,668678.0,806185.0,2395,Oracle Park,night,R
746664,2024-09-05,2024,HOU,CIN,117,113,0,1,1,1,9,0,686613,Hunter Brown,695076.0,Rhett Lowder,663574.0,650556.0,2602,Great American Ball Park,day,R
745042,2024-09-05,2024,MIN,TB,142,139,4,3,7,0,9,0,641154,Pablo López,671737.0,Taj Bradley,641154.0,671737.0,12,Tropicana Field,day,R
745612,2024-09-05,2024,SEA,OAK,136,133,6,4,10,0,9,0,693433,Bryan Woo,683155.0,Joey Estes,693433.0,683155.0,10,Oakland Coliseum,day,R
745289,2024-09-05,2024,ARI,SF,109,137,2,3,5,1,9,0,518876,Merrill Kelly,605483.0,Blake Snell,676254.0,656464.0,2395,Oracle Park,day,R
745451,2024-09-05,2024,WSH,PIT,120,134,4,9,13,1,9,0,663623,Jake Irvin,663559.0,Bailey Falter,663559.0,663623.0,31,PNC Park,night,R
746021,2024-09-05,2024,PHI,MIA,143,146,5,2,7,0,9,0,624133,Ranger Suárez,670124.0,Adam Oller,624133.0,670124.0,4169,loanDepot park,night,R
747073,2024-09-05,2024,COL,ATL,115,144,3,1,4,0,9,0,596295,Austin Gomber,625643.0,Reynaldo López,596295.0,625643.0,4705,Truist Park,night,R
744966,2024-09-06,2024,LAA,TEX,108,140,1,3,4,1,9,0,686799,Jack Kochanowicz,674003.0,Cody Bradford,674003.0,686799.0,5325,Globe Life Field,night,R
745369,2024-09-06,2024,DET,SD,116,135,4,3,7,0,9,0,663554,Casey Mize,527048.0,Martín Pérez,676568.0,663158.0,2680,Petco Park,night,R
746832,2024-09-06,2024,NYY,CHC,147,112,3,0,3,0,9,0,661563,Luis Gil,696136.0,Jordan Wicks,661563.0,696136.0,17,Wrigley Field,day,R
745941,2024-09-06,2024,COL,MIL,115,158,3,2,5,0,9,0,663372,Ryan Feltner,593423.0,Frankie Montas,663372.0,593423.0,32,American Family Field,night,R
746993,2024-09-06,2024,TB,BAL,139,110,0,2,2,1,9,0,669358,Shane Baz,665152.0,Dean Kremer,665152.0,669358.0,2,Oriole Park at Camden Yards,night,R
745777,2024-09-06,2024,CIN,NYM,113,121,4,6,10,1,10,1,518585,Fernando Cruz,640455.0,Sean Manaea,676130.0,458677.0,3289,Citi Field,night,R
746912,2024-09-06,2024,CWS,BOS,145,111,1,3,4,1,9,0,663436,Davis Martin,601713.0,Nick Pivetta,677161.0,641582.0,3,Fenway Park,night,R
746016,2024-09-06,2024,PHI,MIA,143,146,16,2,18,0,9,0,554430,Zack Wheeler,685116.0,Austin Kitchen,554430.0,685116.0,4169,loanDepot park,night,R
747074,2024-09-06,2024,TOR,ATL,141,144,1,3,4,1,9,0,592332,Kevin Gausman,608331.0,Max Fried,608331.0,592332.0,4705,Truist Park,night,R
744967,2024-09-07,2024,LAA,TEX,108,140,5,1,6,0,9,0,691951,Sam Aldegheri,642520.0,Gerson Garabito,691951.0,642520.0,5325,Globe Life Field,night,R
746343,2024-09-07,2024,ARI,HOU,109,117,0,8,8,1,9,0,694297,Brandon Pfaadt,664285.0,Framber Valdez,664285.0,694297.0,2392,Minute Maid Park,night,R
746257,2024-09-07,2024,MIN,KC,142,118,0,5,5,1,9,0,805673,Zebby Matthews,666142.0,Cole Ragans,666142.0,805673.0,7,Kauffman Stadium,night,R
745131,2024-09-07,2024,SEA,STL,136,138,6,1,7,0,9,0,682243,Bryce Miller,607200.0,Erick Fedde,682243.0,607200.0,2889,Busch Stadium,night,R
745611,2024-09-07,2024,DET,OAK,116,133,6,7,13,1,13,1,669373,Tarik Skubal,687765.0,Mitch Spence,680880.0,689225.0,10,Oakland Coliseum,night,R
745371,2024-09-07,2024,SF,SD,137,135,1,5,6,1,9,0,696131,Mason Black,650633.0,Michael King,650633.0,696131.0,2680,Petco Park,night,R
746104,2024-09-07,2024,CLE,LAD,114,119,3,1,4,0,9,0,571510,Matthew Boyd,689017.0,Landon Knack,571510.0,689017.0,22,Dodger Stadium,night,R
745455,2024-09-06,2024,WSH,PIT,120,134,0,0,0,0,9,0,687792,DJ Herz,682847.0,Luis Ortiz,,,31,PNC Park,night,R
745455,2024-09-07,2024,WSH,PIT,120,134,5,3,8,0,9,0,687792,DJ Herz,682847.0,Luis Ortiz,687792.0,682847.0,31,PNC Park,day,R
745456,2024-09-07,2024,WSH,PIT,120,134,8,6,14,0,9,0,680730,Mitchell Parker,656605.0,Mitch Keller,676395.0,547973.0,31,PNC Park,night,R
746829,2024-09-07,2024,NYY,CHC,147,112,2,0,2,0,9,0,657376,Clarke Schmidt,665871.0,Javier Assad,641482.0,665871.0,17,Wrigley Field,day,R
746986,2024-09-07,2024,TB,BAL,139,110,7,1,8,0,9,0,686752,Ryan Pepiot,621107.0,Zach Eflin,686752.0,621107.0,2,Oriole Park at Camden Yards,day,R
745613,2024-09-07,2024,DET,OAK,116,133,2,1,3,0,9,0,669724,Brenan Hanifee,669620.0,Brady Basso,676428.0,519008.0,10,Oakland Coliseum,day,R
746344,2024-09-07,2024,ARI,HOU,109,117,5,11,16,1,9,0,593958,Eduardo Rodriguez,579328.0,Yusei Kikuchi,579328.0,593958.0,2392,Minute Maid Park,day,R
745775,2024-09-07,2024,CIN,NYM,113,121,0,4,4,1,9,0,596001,Jakob Junis,500779.0,Jose Quintana,500779.0,594580.0,3289,Citi Field,day,R
746018,2024-09-07,2024,PHI,MIA,143,146,5,9,14,1,9,0,605400,Aaron Nola,670766.0,Darren McCaughan,669111.0,605400.0,4169,loanDepot park,day,R
744963,2024-09-07,2024,LAA,TEX,108,140,4,6,10,1,9,0,542881,Tyler Anderson,683004.0,Jack Leiter,600917.0,682989.0,5325,Globe Life Field,night,R
745942,2024-09-07,2024,COL,MIL,115,158,2,5,7,1,9,0,621389,Ty Blach,668964.0,Tobias Myers,668964.0,621389.0,32,American Family Field,night,R
745125,2024-09-07,2024,SEA,STL,136,138,0,2,2,1,9,0,669302,Logan Gilbert,502043.0,Kyle Gibson,552640.0,669302.0,2889,Busch Stadium,night,R
746259,2024-09-07,2024,MIN,KC,142,118,2,4,6,1,9,0,641927,Bailey Ober,679525.0,Alec Marsh,663738.0,661395.0,7,Kauffman Stadium,night,R
746911,2024-09-07,2024,CWS,BOS,145,111,5,7,12,1,9,0,676979,Garrett Crochet,681867.0,Cooper Criswell,681867.0,676979.0,3,Fenway Park,night,R
747076,2024-09-07,2024,TOR,ATL,141,144,9,5,14,0,9,0,621244,José Berríos,680885.0,Spencer Schwellenbach,621244.0,680885.0,4705,Truist Park,night,R
745372,2024-09-08,2024,SF,SD,137,135,6,3,9,0,9,0,657277,Logan Webb,656302.0,Dylan Cease,657277.0,656302.0,2680,Petco Park,night,R
746099,2024-09-08,2024,CLE,LAD,114,119,2,7,9,1,9,0,668909,Gavin Williams,518489.0,Ryan Brasier,641703.0,668909.0,22,Dodger Stadium,night,R
746989,2024-09-08,2024,TB,BAL,139,110,2,0,2,0,9,0,641793,Zack Littell,669203.0,Corbin Burnes,641793.0,669203.0,2,Oriole Park at Camden Yards,day,R
745453,2024-09-08,2024,WSH,PIT,120,134,3,7,10,1,9,0,571578,Patrick Corbin,683003.0,Jared Jones,683003.0,571578.0,31,PNC Park,day,R
747072,2024-09-08,2024,TOR,ATL,141,144,3,4,7,1,11,1,684320,Yariel Rodríguez,519242.0,Chris Sale,628452.0,647315.0,4705,Truist Park,day,R
746910,2024-09-08,2024,CWS,BOS,145,111,7,2,9,0,9,0,623167,Chris Flexen,690916.0,Richard Fitts,686642.0,677161.0,3,Fenway Park,day,R
745774,2024-09-08,2024,CIN,NYM,113,121,3,1,4,0,9,0,687924,Julian Aguiar,622663.0,Luis Severino,571656.0,664208.0,3289,Citi Field,day,R
746017,2024-09-08,2024,PHI,MIA,143,146,1,10,11,1,9,0,686751,Seth Johnson,665795.0,Edward Cabrera,665795.0,686751.0,4169,loanDepot park,day,R
746258,2024-09-08,2024,MIN,KC,142,118,0,2,2,1,9,0,680573,Simeon Woods Richardson,608379.0,Michael Wacha,608379.0,680573.0,7,Kauffman Stadium,day,R
745940,2024-09-08,2024,COL,MIL,115,158,4,1,5,0,9,0,607536,Kyle Freeland,642547.0,Freddy Peralta,607536.0,642547.0,32,American Family Field,day,R
745128,2024-09-08,2024,SEA,STL,136,138,10,4,14,0,9,0,622491,Luis Castillo,571945.0,Miles Mikolas,663423.0,571945.0,2889,Busch Stadium,day,R
746827,2024-09-08,2024,NYY,CHC,147,112,1,2,3,1,9,0,543037,Gerrit Cole,592791.0,Jameson Taillon,592791.0,543037.0,17,Wrigley Field,day,R
744965,2024-09-08,2024,LAA,TEX,108,140,4,7,11,1,9,0,702674,Caden Dana,571760.0,Andrew Heaney,571760.0,702674.0,5325,Globe Life Field,day,R
745616,2024-09-08,2024,DET,OAK,116,133,9,1,10,0,9,0,689225,Beau Brieske,669372.0,J.T. Ginn,680744.0,669372.0,10,Oakland Coliseum,day,R
746098,2024-09-08,2024,CLE,LAD,114,119,0,4,4,1,9,0,676440,Tanner Bibee,656427.0,Jack Flaherty,656427.0,676440.0,22,Dodger Stadium,day,R
745368,2024-09-08,2024,SF,SD,137,135,7,6,13,0,9,0,702352,Spencer Bivens,605397.0,Joe Musgrove,669062.0,605397.0,2680,Petco Park,day,R
746345,2024-09-08,2024,ARI,HOU,109,117,12,6,18,0,9,0,669194,Ryne Nelson,434378.0,Justin Verlander,656464.0,434378.0,2392,Minute Maid Park,night,R
745534,2024-09-09,2024,TB,PHI,139,143,1,2,3,1,9,0,642121,Cole Sulser,650911.0,Cristopher Sánchez,608032.0,664076.0,2681,Citizens Bank Park,night,R
747090,2024-09-09,2024,CIN,ATL,113,144,1,0,1,0,9,0,607259,Nick Martinez,450203.0,Charlie Morton,607259.0,450203.0,4705,Truist Park,night,R
745454,2024-09-09,2024,MIA,PIT,146,134,2,3,5,1,9,0,678368,Valente Bellozo,694973.0,Paul Skenes,694973.0,678368.0,31,PNC Park,night,R
745698,2024-09-09,2024,KC,NYY,118,147,4,10,14,1,9,0,663903,Brady Singer,607074.0,Carlos Rodón,664776.0,663704.0,3313,Yankee Stadium,night,R
744888,2024-09-09,2024,NYM,TOR,121,141,3,2,5,0,9,0,656731,Tylor Megill,621114.0,Ryan Burr,592773.0,667297.0,14,Rogers Centre,night,R
746909,2024-09-09,2024,BAL,BOS,110,111,3,12,15,1,9,0,700249,Cade Povich,678394.0,Brayan Bello,678394.0,700249.0,3,Fenway Park,night,R
745860,2024-09-09,2024,LAA,MIN,108,142,6,2,8,0,9,0,672282,Reid Detmers,701581.0,David Festa,672282.0,701581.0,3312,Target Field,night,R
746746,2024-09-09,2024,CLE,CWS,114,145,5,3,8,0,9,0,676282,Joey Cantillo,694363.0,Jared Shuster,676282.0,694363.0,4,Guaranteed Rate Field,night,R
746101,2024-09-10,2024,CHC,LAD,112,119,10,4,14,0,9,0,543294,Kyle Hendricks,621111.0,Walker Buehler,624522.0,621111.0,22,Dodger Stadium,night,R
746428,2024-09-10,2024,COL,DET,115,116,0,11,11,1,9,0,687134,Bradley Blalock,672456.0,Keider Montero,672456.0,687134.0,2394,Comerica Park,night,R
745535,2024-09-10,2024,TB,PHI,139,143,4,9,13,1,9,0,671737,Taj Bradley,624133.0,Ranger Suárez,621237.0,663992.0,2681,Citizens Bank Park,night,R
745446,2024-09-10,2024,MIA,PIT,146,134,4,6,10,1,9,0,670124,Adam Oller,669387.0,Carmen Mlodzinski,666214.0,670124.0,31,PNC Park,night,R
744807,2024-09-10,2024,ATL,WSH,144,120,12,0,12,0,9,0,625643,Reynaldo López,669022.0,MacKenzie Gore,445926.0,669022.0,3309,Nationals Park,night,R
745694,2024-09-10,2024,KC,NYY,118,147,5,0,5,0,9,0,607625,Seth Lugo,573186.0,Marcus Stroman,607625.0,573186.0,3313,Yankee Stadium,night,R
744886,2024-09-10,2024,NYM,TOR,121,141,2,6,8,1,9,0,656849,David Peterson,605135.0,Chris Bassitt,605135.0,656849.0,14,Rogers Centre,night,R
746907,2024-09-10,2024,BAL,BOS,110,111,5,3,8,0,9,0,544150,Albert Suárez,676710.0,Kutter Crawford,544150.0,676710.0,3,Fenway Park,night,R
745856,2024-09-10,2024,LAA,MIN,108,142,5,10,15,1,9,0,656288,Griffin Canning,641154.0,Pablo López,641154.0,656288.0,3312,Target Field,night,R
746747,2024-09-10,2024,CLE,CWS,114,145,5,0,5,0,9,0,594902,Ben Lively,686563.0,Jonathan Cannon,658648.0,686563.0,4,Guaranteed Rate Field,night,R
745126,2024-09-10,2024,CIN,STL,113,138,3,0,3,0,9,0,695076,Rhett Lowder,669467.0,Andre Pallante,695076.0,669467.0,2889,Busch Stadium,night,R
746346,2024-09-11,2024,OAK,HOU,133,117,4,3,7,0,12,1,676664,JP Sears,681293.0,Spencer Arrighetti,663687.0,593576.0,2392,Minute Maid Park,night,R
745210,2024-09-11,2024,SD,SEA,135,136,7,3,10,0,9,0,506433,Yu Darvish,669923.0,George Kirby,506433.0,669923.0,680,T-Mobile Park,night,R
747152,2024-09-11,2024,TEX,ARI,140,109,0,6,6,1,9,0,543135,Nathan Eovaldi,668678.0,Zac Gallen,668678.0,543135.0,15,Chase Field,night,R
745291,2024-09-11,2024,MIL,SF,158,137,3,2,5,0,9,0,650644,Aaron Civale,694738.0,Landen Roupp,650644.0,694738.0,2395,Oracle Park,night,R
746097,2024-09-11,2024,CHC,LAD,112,119,6,3,9,0,9,0,684007,Shota Imanaga,808967.0,Yoshinobu Yamamoto,684007.0,623465.0,22,Dodger Stadium,night,R
745450,2024-09-11,2024,MIA,PIT,146,134,1,3,4,1,9,0,642834,Jonathan Bermúdez,663559.0,Bailey Falter,663559.0,642834.0,31,PNC Park,day,R
746745,2024-09-11,2024,CLE,CWS,114,145,6,4,10,0,9,0,571510,Matthew Boyd,663436.0,Davis Martin,680704.0,663436.0,4,Guaranteed Rate Field,day,R
744881,2024-09-11,2024,NYM,TOR,121,141,6,2,8,0,9,0,640455,Sean Manaea,670102.0,Bowden Francis,664849.0,643338.0,14,Rogers Centre,day,R
747154,2024-09-11,2024,TEX,ARI,140,109,4,14,18,1,9,0,674003,Cody Bradford,518876.0,Merrill Kelly,571670.0,674003.0,15,Chase Field,day,R
746425,2024-09-11,2024,COL,DET,115,116,4,7,11,1,9,0,685299,Tanner Gordon,663554.0,Casey Mize,663947.0,685299.0,2394,Comerica Park,night,R
745525,2024-09-11,2024,TB,PHI,139,143,2,3,5,1,9,0,669358,Shane Baz,554430.0,Zack Wheeler,554430.0,656876.0,2681,Citizens Bank Park,night,R
744804,2024-09-11,2024,ATL,WSH,144,120,1,5,6,1,9,0,608331,Max Fried,663623.0,Jake Irvin,663623.0,608331.0,3309,Nationals Park,night,R
745697,2024-09-11,2024,KC,NYY,118,147,3,4,7,1,11,1,666142,Cole Ragans,661563.0,Luis Gil,596133.0,663460.0,3313,Yankee Stadium,night,R
746908,2024-09-11,2024,BAL,BOS,110,111,3,5,8,1,10,1,665152,Dean Kremer,601713.0,Nick Pivetta,669711.0,669211.0,3,Fenway Park,night,R
745857,2024-09-11,2024,LAA,MIN,108,142,4,6,10,1,9,0,686799,Jack Kochanowicz,805673.0,Zebby Matthews,663485.0,686799.0,3312,Target Field,night,R
745127,2024-09-11,2024,CIN,STL,113,138,1,2,3,1,9,0,682227,Brandon Williamson,458681.0,Lance Lynn,668941.0,571656.0,2889,Busch Stadium,night,R
746342,2024-09-12,2024,OAK,HOU,133,117,5,4,9,0,9,0,683155,Joey Estes,686613.0,Hunter Brown,683155.0,686613.0,2392,Minute Maid Park,night,R
745214,2024-09-12,2024,SD,SEA,135,136,2,5,7,1,9,0,650633,Michael King,693433.0,Bryan Woo,693433.0,650633.0,680,T-Mobile Park,night,R
745285,2024-09-12,2024,MIL,SF,158,137,2,13,15,1,9,0,607067,Colin Rea,605483.0,Blake Snell,605483.0,607067.0,2395,Oracle Park,night,R
746100,2024-09-12,2024,CHC,LAD,112,119,8,10,18,1,9,0,696136,Jordan Wicks,676272.0,Bobby Miller,681911.0,542888.0,22,Dodger Stadium,night,R
746427,2024-09-12,2024,COL,DET,115,116,4,2,6,0,9,0,663372,Ryan Feltner,669373.0,Tarik Skubal,678020.0,671345.0,2394,Comerica Park,day,R
745129,2024-09-12,2024,CIN,STL,113,138,1,6,7,1,9,0,596001,Jakob Junis,543243.0,Sonny Gray,543243.0,686730.0,2889,Busch Stadium,day,R
746337,2024-09-12,2024,OAK,HOU,133,117,3,6,9,1,9,0,687765,Mitch Spence,664285.0,Framber Valdez,519151.0,519008.0,2392,Minute Maid Park,day,R
744805,2024-09-12,2024,MIA,WSH,146,120,6,3,9,0,9,0,670766,Darren McCaughan,680730.0,Mitchell Parker,669622.0,571882.0,3309,Nationals Park,night,R
746591,2024-09-12,2024,TB,CLE,139,114,5,2,7,0,9,0,686752,Ryan Pepiot,668909.0,Gavin Williams,642121.0,668909.0,5,Progressive Field,night,R
745695,2024-09-12,2024,BOS,NYY,111,147,1,2,3,1,10,1,681867,Cooper Criswell,641482.0,Nestor Cortes,605280.0,670174.0,3313,Yankee Stadium,night,R
745208,2024-09-13,2024,TEX,SEA,140,136,5,4,9,0,9,0,677958,Kumar Rocker,682243.0,Bryce Miller,670036.0,676092.0,680,T-Mobile Park,night,R
745288,2024-09-13,2024,MIL,SF,158,137,3,0,3,0,9,0,593423,Frankie Montas,806185.0,Hayden Birdsong,593423.0,666808.0,2395,Oracle Park,night,R
746423,2024-09-13,2024,BAL,DET,110,116,0,1,1,1,9,0,621107,Zach Eflin,689225.0,Beau Brieske,676428.0,621107.0,2394,Comerica Park,night,R
745447,2024-09-13,2024,KC,PIT,118,134,8,3,11,0,9,0,679525,Alec Marsh,682847.0,Luis Ortiz,679525.0,682847.0,31,PNC Park,night,R
745529,2024-09-13,2024,NYM,PHI,121,143,11,3,14,0,9,0,500779,Jose Quintana,605400.0,Aaron Nola,500779.0,605400.0,2681,Citizens Bank Park,night,R
744800,2024-09-13,2024,MIA,WSH,146,120,1,4,5,1,9,0,665795,Edward Cabrera,687792.0,DJ Herz,687792.0,665795.0,3309,Nationals Park,night,R
745696,2024-09-13,2024,BOS,NYY,111,147,4,5,9,1,9,0,690916,Richard Fitts,657376.0,Clarke Schmidt,643410.0,592155.0,3313,Yankee Stadium,night,R
744882,2024-09-13,2024,STL,TOR,138,141,3,4,7,1,11,1,607200,Erick Fedde,592332.0,Kevin Gausman,657024.0,681676.0,14,Rogers Centre,night,R
746586,2024-09-13,2024,TB,CLE,139,114,3,1,4,0,9,0,641793,Zack Littell,676440.0,Tanner Bibee,641793.0,676440.0,5,Progressive Field,night,R
747069,2024-09-13,2024,LAD,ATL,119,144,2,6,8,1,9,0,689017,Landon Knack,680885.0,Spencer Schwellenbach,680885.0,689017.0,4705,Truist Park,night,R
746744,2024-09-13,2024,OAK,CWS,133,145,2,0,2,0,9,0,669620,Brady Basso,676979.0,Garrett Crochet,669620.0,676979.0,4,Guaranteed Rate Field,night,R
745855,2024-09-14,2024,CIN,MIN,113,142,8,4,12,0,9,0,687924,Julian Aguiar,641927.0,Bailey Ober,687924.0,641927.0,3312,Target Field,night,R
746509,2024-09-14,2024,CHC,COL,112,115,5,9,14,1,9,0,665871,Javier Assad,596295.0,Austin Gomber,680767.0,592767.0,19,Coors Field,night,R
746181,2024-09-14,2024,HOU,LAA,117,108,5,3,8,0,9,0,579328,Yusei Kikuchi,691951.0,Sam Aldegheri,579328.0,691951.0,1,Angel Stadium,night,R
747153,2024-09-14,2024,MIL,ARI,158,109,2,1,3,0,9,0,642547,Freddy Peralta,593958.0,Eduardo Rodriguez,642547.0,593958.0,15,Chase Field,night,R
745207,2024-09-14,2024,TEX,SEA,140,136,4,5,9,1,9,0,594798,Jacob deGrom,676106.0,Emerson Hancock,608638.0,502085.0,680,T-Mobile Park,night,R
745286,2024-09-14,2024,SD,SF,135,137,5,0,5,0,9,0,656302,Dylan Cease,657277.0,Logan Webb,656302.0,657277.0,2395,Oracle Park,night,R
745448,2024-09-14,2024,KC,PIT,118,134,5,1,6,0,9,0,608379,Michael Wacha,656605.0,Mitch Keller,608379.0,656605.0,31,PNC Park,day,R
745689,2024-09-14,2024,BOS,NYY,111,147,7,1,8,0,9,0,678394,Brayan Bello,543037.0,Gerrit Cole,678394.0,543037.0,3313,Yankee Stadium,day,R
744884,2024-09-14,2024,STL,TOR,138,141,2,7,9,1,9,0,502043,Kyle Gibson,621244.0,José Berríos,621244.0,502043.0,14,Rogers Centre,day,R
745528,2024-09-14,2024,NYM,PHI,121,143,4,6,10,1,9,0,622663,Luis Severino,663465.0,Kolby Allard,689147.0,664849.0,2681,Citizens Bank Park,day,R
744803,2024-09-14,2024,MIA,WSH,146,120,1,4,5,1,9,0,678368,Valente Bellozo,571578.0,Patrick Corbin,571578.0,678368.0,3309,Nationals Park,day,R
746422,2024-09-14,2024,BAL,DET,110,116,4,2,6,0,9,0,669203,Corbin Burnes,689225.0,Beau Brieske,669203.0,680744.0,2394,Comerica Park,night,R
746584,2024-09-14,2024,TB,CLE,139,114,1,6,7,1,9,0,656876,Drew Rasmussen,676282.0,Joey Cantillo,676282.0,641302.0,5,Progressive Field,night,R
745858,2024-09-14,2024,CIN,MIN,113,142,11,1,12,0,9,0,607259,Nick Martinez,680573.0,Simeon Woods Richardson,607259.0,680573.0,3312,Target Field,night,R
746740,2024-09-14,2024,OAK,CWS,133,145,6,7,13,1,9,0,669372,J.T. Ginn,623167.0,Chris Flexen,681402.0,663687.0,4,Guaranteed Rate Field,night,R
747070,2024-09-14,2024,LAD,ATL,119,144,1,10,11,1,9,0,656427,Jack Flaherty,519242.0,Chris Sale,519242.0,656427.0,4705,Truist Park,night,R
746508,2024-09-15,2024,CHC,COL,112,115,5,6,11,1,10,1,592791,Jameson Taillon,607536.0,Kyle Freeland,641755.0,592767.0,19,Coors Field,night,R
747148,2024-09-15,2024,MIL,ARI,158,109,15,8,23,0,9,0,668964,Tobias Myers,694297.0,Brandon Pfaadt,668964.0,694297.0,15,Chase Field,night,R
745284,2024-09-15,2024,SD,SF,135,137,8,0,8,0,9,0,605397,Joe Musgrove,696131.0,Mason Black,605397.0,696131.0,2395,Oracle Park,night,R
746177,2024-09-15,2024,HOU,LAA,117,108,5,3,8,0,9,0,434378,Justin Verlander,542881.0,Tyler Anderson,434378.0,542881.0,1,Angel Stadium,night,R
745209,2024-09-15,2024,TEX,SEA,140,136,4,5,9,1,9,0,453286,Max Scherzer,669302.0,Logan Gilbert,662253.0,600917.0,680,T-Mobile Park,night,R
746419,2024-09-15,2024,BAL,DET,110,116,2,4,6,1,9,0,700249,Cade Povich,672456.0,Keider Montero,672456.0,700249.0,2394,Comerica Park,day,R
745852,2024-09-15,2024,CIN,MIN,113,142,2,9,11,1,9,0,695076,Rhett Lowder,701581.0,David Festa,663485.0,695076.0,3312,Target Field,day,R
745449,2024-09-15,2024,KC,PIT,118,134,3,4,7,1,9,0,663903,Brady Singer,683003.0,Jared Jones,669387.0,663903.0,31,PNC Park,day,R
745530,2024-09-15,2024,NYM,PHI,121,143,1,2,3,1,9,0,656849,David Peterson,650911.0,Cristopher Sánchez,614179.0,621242.0,2681,Citizens Bank Park,day,R
744801,2024-09-15,2024,MIA,WSH,146,120,3,4,7,1,9,0,670124,Adam Oller,669022.0,MacKenzie Gore,669022.0,670124.0,3309,Nationals Park,day,R
745693,2024-09-15,2024,BOS,NYY,111,147,2,5,7,1,9,0,676710,Kutter Crawford,607074.0,Carlos Rodón,607074.0,676710.0,3313,Yankee Stadium,day,R
744883,2024-09-15,2024,STL,TOR,138,141,2,3,5,1,9,0,571945,Miles Mikolas,684320.0,Yariel Rodríguez,647315.0,552640.0,14,Rogers Centre,day,R
746585,2024-09-15,2024,TB,CLE,139,114,0,2,2,1,9,0,671737,Taj Bradley,594902.0,Ben Lively,594902.0,671737.0,5,Progressive Field,day,R
746741,2024-09-15,2024,OAK,CWS,133,145,3,4,7,1,9,0,676664,JP Sears,680732.0,Sean Burke,680732.0,676664.0,4,Guaranteed Rate Field,day,R
746506,2024-09-15,2024,CHC,COL,112,115,6,2,8,0,9,0,543294,Kyle Hendricks,615698.0,Cal Quantrill,543294.0,615698.0,19,Coors Field,day,R
745287,2024-09-15,2024,SD,SF,135,137,4,3,7,0,10,1,527048,Martín Pérez,694738.0,Landen Roupp,663158.0,666808.0,2395,Oracle Park,day,R
746180,2024-09-15,2024,HOU,LAA,117,108,6,4,10,0,9,0,669854,Ronel Blanco,702674.0,Caden Dana,669854.0,702674.0,1,Angel Stadium,day,R
745206,2024-09-15,2024,TEX,SEA,140,136,0,7,7,1,9,0,571760,Andrew Heaney,669923.0,George Kirby,669923.0,571760.0,680,T-Mobile Park,day,R
747151,2024-09-15,2024,MIL,ARI,158,109,10,11,21,1,10,1,669084,DL Hall,668678.0,Zac Gallen,686796.0,657649.0,15,Chase Field,day,R
747071,2024-09-15,2024,LAD,ATL,119,144,9,2,11,0,9,0,621111,Walker Buehler,450203.0,Charlie Morton,656629.0,628452.0,4705,Truist Park,night,R
746588,2024-09-16,2024,MIN,CLE,142,114,3,4,7,1,9,0,641154,Pablo López,571510.0,Matthew Boyd,689958.0,643377.0,5,Progressive Field,night,R
745773,2024-09-16,2024,WSH,NYM,120,121,1,2,3,1,10,1,663623,Jake Irvin,640455.0,Sean Manaea,657585.0,606930.0,3289,Citi Field,night,R
747067,2024-09-16,2024,LAD,ATL,119,144,9,0,9,0,9,0,808967,Yoshinobu Yamamoto,608331.0,Max Fried,623465.0,608331.0,4705,Truist Park,night,R
746260,2024-09-16,2024,DET,KC,116,118,7,6,13,0,9,0,681857,Reese Olson,607625.0,Seth Lugo,669724.0,669674.0,7,Kauffman Stadium,night,R
746828,2024-09-16,2024,OAK,CHC,133,112,2,9,11,1,9,0,683155,Joey Estes,684007.0,Shota Imanaga,684007.0,683155.0,17,Wrigley Field,night,R
745939,2024-09-16,2024,PHI,MIL,143,158,2,6,8,1,9,0,624133,Ranger Suárez,650644.0,Aaron Civale,650644.0,624133.0,32,American Family Field,night,R
745130,2024-09-16,2024,PIT,STL,134,138,0,4,4,1,9,0,694973,Paul Skenes,669467.0,Andre Pallante,669467.0,694973.0,2889,Busch Stadium,night,R
746502,2024-09-17,2024,ARI,COL,109,115,2,3,5,1,9,0,518876,Merrill Kelly,622608.0,Antonio Senzatela,678020.0,657044.0,19,Coors Field,night,R
746179,2024-09-17,2024,CWS,LAA,145,108,8,4,12,0,9,0,686563,Jonathan Cannon,672282.0,Reid Detmers,686563.0,672282.0,1,Angel Stadium,night,R
745367,2024-09-17,2024,HOU,SD,117,135,1,3,4,1,9,0,681293,Spencer Arrighetti,506433.0,Yu Darvish,506433.0,681293.0,2680,Petco Park,night,R
746987,2024-09-17,2024,SF,BAL,137,110,10,0,10,0,9,0,605483,Blake Snell,544150.0,Albert Suárez,605483.0,544150.0,2,Oriole Park at Camden Yards,night,R
746587,2024-09-17,2024,MIN,CLE,142,114,4,1,5,0,9,0,805673,Zebby Matthews,668909.0,Gavin Williams,663485.0,668909.0,5,Progressive Field,night,R
746659,2024-09-17,2024,ATL,CIN,144,113,5,6,11,1,9,0,656550,Grant Holmes,682227.0,Brandon Williamson,608718.0,572955.0,2602,Great American Ball Park,night,R
746015,2024-09-17,2024,LAD,MIA,119,146,9,11,20,1,9,0,676272,Bobby Miller,670766.0,Darren McCaughan,685107.0,675627.0,4169,loanDepot park,night,R
745044,2024-09-17,2024,BOS,TB,111,139,3,8,11,1,9,0,601713,Nick Pivetta,669358.0,Shane Baz,669358.0,601713.0,12,Tropicana Field,night,R
745772,2024-09-17,2024,WSH,NYM,120,121,1,10,11,1,9,0,680730,Mitchell Parker,656731.0,Tylor Megill,656731.0,680730.0,3289,Citi Field,night,R
746261,2024-09-17,2024,DET,KC,116,118,3,1,4,0,10,1,663554,Casey Mize,666142.0,Cole Ragans,663947.0,668674.0,7,Kauffman Stadium,night,R
746830,2024-09-17,2024,OAK,CHC,133,112,4,3,7,0,9,0,687765,Mitch Spence,696136.0,Jordan Wicks,687765.0,696136.0,17,Wrigley Field,night,R
745935,2024-09-17,2024,PHI,MIL,143,158,5,1,6,0,9,0,554430,Zack Wheeler,593423.0,Frankie Montas,554430.0,593423.0,32,American Family Field,night,R
745122,2024-09-17,2024,PIT,STL,134,138,1,3,4,1,9,0,663559,Bailey Falter,458681.0,Lance Lynn,458681.0,663559.0,2889,Busch Stadium,night,R
744961,2024-09-18,2024,TOR,TEX,141,140,8,13,21,1,9,0,605135,Chris Bassitt,543135.0,Nathan Eovaldi,670036.0,667297.0,5325,Globe Life Field,night,R
746503,2024-09-18,2024,ARI,COL,109,115,2,8,10,1,9,0,656756,Jordan Montgomery,663372.0,Ryan Feltner,663372.0,656756.0,19,Coors Field,night,R
746176,2024-09-18,2024,CWS,LAA,145,108,0,5,5,1,9,0,663436,Davis Martin,656288.0,Griffin Canning,656288.0,663436.0,1,Angel Stadium,night,R
745366,2024-09-18,2024,HOU,SD,117,135,4,3,7,0,10,1,686613,Hunter Brown,650633.0,Michael King,623352.0,670970.0,2680,Petco Park,night,R
745205,2024-09-18,2024,NYY,SEA,147,136,11,2,13,0,9,0,661563,Luis Gil,693433.0,Bryan Woo,661563.0,693433.0,680,T-Mobile Park,night,R
746831,2024-09-18,2024,OAK,CHC,133,112,5,3,8,0,9,0,669620,Brady Basso,657006.0,Justin Steele,621053.0,663878.0,17,Wrigley Field,day,R
746500,2024-09-18,2024,ARI,COL,109,115,9,4,13,0,9,0,593958,Eduardo Rodriguez,596295.0,Austin Gomber,593958.0,596295.0,19,Coors Field,day,R
746172,2024-09-18,2024,CWS,LAA,145,108,3,4,7,1,13,1,694363,Jared Shuster,686799.0,Jack Kochanowicz,650671.0,683568.0,1,Angel Stadium,day,R
746988,2024-09-18,2024,SF,BAL,137,110,5,3,8,0,9,0,806185,Hayden Birdsong,665152.0,Dean Kremer,806185.0,665152.0,2,Oriole Park at Camden Yards,night,R
745365,2024-09-18,2024,HOU,SD,117,135,0,4,4,1,9,0,664285,Framber Valdez,656302.0,Dylan Cease,656302.0,664285.0,2680,Petco Park,day,R
746582,2024-09-18,2024,MIN,CLE,142,114,4,5,9,1,10,1,641927,Bailey Ober,676440.0,Tanner Bibee,683769.0,678692.0,5,Progressive Field,night,R
746662,2024-09-18,2024,ATL,CIN,144,113,7,1,8,0,9,0,680885,Spencer Schwellenbach,596001.0,Jakob Junis,680885.0,663574.0,2602,Great American Ball Park,night,R
746014,2024-09-18,2024,LAD,MIA,119,146,8,4,12,0,9,0,689017,Landon Knack,677960.0,Ryan Weathers,689017.0,677960.0,4169,loanDepot park,night,R
745040,2024-09-18,2024,BOS,TB,111,139,2,1,3,0,9,0,656557,Tanner Houck,686752.0,Ryan Pepiot,686580.0,656876.0,12,Tropicana Field,night,R
745771,2024-09-18,2024,WSH,NYM,120,121,0,10,10,1,9,0,687792,DJ Herz,500779.0,Jose Quintana,500779.0,687792.0,3289,Citi Field,night,R
746254,2024-09-18,2024,DET,KC,116,118,4,2,6,0,9,0,669373,Tarik Skubal,679525.0,Alec Marsh,669373.0,679525.0,7,Kauffman Stadium,night,R
745933,2024-09-18,2024,PHI,MIL,143,158,1,2,3,1,9,0,605400,Aaron Nola,642547.0,Freddy Peralta,642207.0,608032.0,32,American Family Field,night,R
745121,2024-09-18,2024,PIT,STL,134,138,5,10,15,1,9,0,663765,Jake Woodford,543243.0,Sonny Gray,700241.0,670280.0,2889,Busch Stadium,night,R
744959,2024-09-19,2024,TOR,TEX,141,140,0,2,2,1,9,0,670102,Bowden Francis,674003.0,Cody Bradford,674003.0,670102.0,5325,Globe Life Field,night,R
745199,2024-09-19,2024,NYY,SEA,147,136,2,1,3,0,10,1,641482,Nestor Cortes,682243.0,Bryce Miller,596133.0,676092.0,680,T-Mobile Park,night,R
746985,2024-09-19,2024,SF,BAL,137,110,3,5,8,1,9,0,657277,Logan Webb,621107.0,Zach Eflin,642397.0,676254.0,2,Oriole Park at Camden Yards,day,R
746579,2024-09-19,2024,MIN,CLE,142,114,2,3,5,1,10,1,680573,Simeon Woods Richardson,676282.0,Joey Cantillo,669212.0,573204.0,5,Progressive Field,day,R
746663,2024-09-19,2024,ATL,CIN,144,113,15,3,18,0,9,0,519242,Chris Sale,687924.0,Julian Aguiar,519242.0,687924.0,2602,Great American Ball Park,day,R
744962,2024-09-19,2024,TOR,TEX,141,140,4,0,4,0,9,0,592332,Kevin Gausman,677958.0,Kumar Rocker,592332.0,677958.0,5325,Globe Life Field,day,R
745204,2024-09-19,2024,NYY,SEA,147,136,2,3,5,1,9,0,657376,Clarke Schmidt,669302.0,Logan Gilbert,669302.0,657376.0,680,T-Mobile Park,day,R
746011,2024-09-19,2024,LAD,MIA,119,146,20,4,24,0,9,0,656427,Jack Flaherty,665795.0,Edward Cabrera,656427.0,665795.0,4169,loanDepot park,day,R
745041,2024-09-19,2024,BOS,TB,111,139,0,2,2,1,9,0,678394,Brayan Bello,641793.0,Zack Littell,641793.0,678394.0,12,Tropicana Field,night,R
745120,2024-09-19,2024,PIT,STL,134,138,3,2,5,0,9,0,682847,Luis Ortiz,607200.0,Erick Fedde,669387.0,668941.0,2889,Busch Stadium,night,R
745769,2024-09-19,2024,PHI,NYM,143,121,6,10,16,1,9,0,592836,Taijuan Walker,622663.0,Luis Severino,622663.0,592836.0,3289,Citi Field,night,R
745937,2024-09-19,2024,ARI,MIL,109,158,5,1,6,0,9,0,694297,Brandon Pfaadt,668964.0,Tobias Myers,694297.0,668964.0,32,American Family Field,night,R
746823,2024-09-19,2024,WSH,CHC,120,112,6,7,13,1,9,0,571578,Patrick Corbin,665871.0,Javier Assad,681799.0,676395.0,17,Wrigley Field,night,R
746341,2024-09-20,2024,LAA,HOU,108,117,1,3,4,1,9,0,660761,José Suarez,579328.0,Yusei Kikuchi,650556.0,668943.0,2392,Minute Maid Park,night,R
746824,2024-09-20,2024,WSH,CHC,120,112,1,3,4,1,9,0,592866,Trevor Williams,592791.0,Jameson Taillon,592791.0,592866.0,17,Wrigley Field,day,R
746661,2024-09-20,2024,PIT,CIN,134,113,3,8,11,1,9,0,656605,Mitch Keller,607259.0,Nick Martinez,607259.0,656605.0,2602,Great American Ball Park,night,R
745043,2024-09-20,2024,TOR,TB,141,139,0,1,1,1,9,0,621244,José Berríos,641302.0,Tyler Alexander,687330.0,621244.0,12,Tropicana Field,night,R
746984,2024-09-20,2024,DET,BAL,116,110,1,7,8,1,9,0,663947,Tyler Holton,669203.0,Corbin Burnes,669203.0,663947.0,2,Oriole Park at Camden Yards,night,R
746905,2024-09-20,2024,MIN,BOS,142,111,4,2,6,0,12,1,701581,David Festa,690916.0,Richard Fitts,656240.0,681867.0,3,Fenway Park,night,R
745770,2024-09-20,2024,PHI,NYM,143,121,12,2,14,0,9,0,650911,Cristopher Sánchez,656849.0,David Peterson,650911.0,656849.0,3289,Citi Field,night,R
746013,2024-09-20,2024,ATL,MIA,144,146,3,4,7,1,9,0,450203,Charlie Morton,678368.0,Valente Bellozo,678368.0,450203.0,4169,loanDepot park,night,R
744960,2024-09-21,2024,SEA,TEX,136,140,8,2,10,0,9,0,669923,George Kirby,594798.0,Jacob deGrom,669923.0,683004.0,5325,Globe Life Field,night,R
746340,2024-09-21,2024,LAA,HOU,108,117,7,9,16,1,9,0,542881,Tyler Anderson,434378.0,Justin Verlander,593576.0,542881.0,2392,Minute Maid Park,night,R
746256,2024-09-21,2024,SF,KC,137,118,2,1,3,0,9,0,696131,Mason Black,608379.0,Michael Wacha,696131.0,608379.0,7,Kauffman Stadium,night,R
745934,2024-09-21,2024,ARI,MIL,109,158,7,4,11,0,9,0,668678,Zac Gallen,607067.0,Colin Rea,668678.0,669084.0,32,American Family Field,night,R
745123,2024-09-21,2024,CLE,STL,114,138,5,1,6,0,9,0,594902,Ben Lively,502043.0,Kyle Gibson,594902.0,502043.0,2889,Busch Stadium,night,R
745364,2024-09-21,2024,CWS,SD,145,135,2,3,5,1,10,1,676979,Garrett Crochet,605397.0,Joe Musgrove,670970.0,605121.0,2680,Petco Park,night,R
745606,2024-09-21,2024,NYY,OAK,147,133,4,2,6,0,10,1,543037,Gerrit Cole,669372.0,J.T. Ginn,543037.0,519008.0,10,Oakland Coliseum,night,R
746094,2024-09-21,2024,COL,LAD,115,119,4,6,10,1,9,0,607536,Kyle Freeland,518489.0,Ryan Brasier,681911.0,607536.0,22,Dodger Stadium,night,R
746660,2024-09-21,2024,PIT,CIN,134,113,1,7,8,1,9,0,683003,Jared Jones,695076.0,Rhett Lowder,695076.0,683003.0,2602,Great American Ball Park,day,R
746826,2024-09-21,2024,WSH,CHC,120,112,5,1,6,0,9,0,669022,MacKenzie Gore,543294.0,Kyle Hendricks,669022.0,543294.0,17,Wrigley Field,day,R
746983,2024-09-21,2024,DET,BAL,116,110,6,4,10,0,10,1,681857,Reese Olson,700249.0,Cade Povich,689225.0,666974.0,2,Oriole Park at Camden Yards,day,R
745038,2024-09-21,2024,TOR,TB,141,139,2,3,5,1,9,0,684320,Yariel Rodríguez,671737.0,Taj Bradley,671737.0,684320.0,12,Tropicana Field,day,R
745768,2024-09-21,2024,PHI,NYM,143,121,3,6,9,1,9,0,624133,Ranger Suárez,640455.0,Sean Manaea,640455.0,689147.0,3289,Citi Field,day,R
746012,2024-09-21,2024,ATL,MIA,144,146,6,2,8,0,9,0,608331,Max Fried,670124.0,Adam Oller,608331.0,669199.0,4169,loanDepot park,day,R
746255,2024-09-21,2024,SF,KC,137,118,9,0,9,0,9,0,694738,Landen Roupp,663903.0,Brady Singer,694738.0,663903.0,7,Kauffman Stadium,day,R
744958,2024-09-21,2024,SEA,TEX,136,140,8,4,12,0,9,0,676106,Emerson Hancock,641540.0,Dane Dunning,676106.0,605177.0,5325,Globe Life Field,night,R
746338,2024-09-21,2024,LAA,HOU,108,117,4,10,14,1,9,0,672282,Reid Detmers,669854.0,Ronel Blanco,669854.0,672282.0,2392,Minute Maid Park,night,R
745936,2024-09-21,2024,ARI,MIL,109,158,5,0,5,0,9,0,518876,Merrill Kelly,650644.0,Aaron Civale,518876.0,650644.0,32,American Family Field,night,R
745124,2024-09-21,2024,CLE,STL,114,138,5,6,11,1,9,0,571510,Matthew Boyd,571945.0,Miles Mikolas,571945.0,571510.0,2889,Busch Stadium,night,R
745360,2024-09-22,2024,CWS,SD,145,135,2,6,8,1,9,0,623167,Chris Flexen,527048.0,Martín Pérez,527048.0,623167.0,2680,Petco Park,night,R
745610,2024-09-22,2024,NYY,OAK,147,133,10,0,10,0,9,0,607074,Carlos Rodón,676664.0,JP Sears,607074.0,676664.0,10,Oakland Coliseum,night,R
746096,2024-09-22,2024,COL,LAD,115,119,6,3,9,0,9,0,615698,Cal Quantrill,621111.0,Walker Buehler,680767.0,621111.0,22,Dodger Stadium,night,R
746906,2024-09-21,2024,MIN,BOS,142,111,0,0,0,0,9,0,641154,Pablo López,676710.0,Kutter Crawford,,,3,Fenway Park,day,R
746903,2024-09-22,2024,MIN,BOS,142,111,1,8,9,1,9,0,641154,Pablo López,601713.0,Nick Pivetta,601713.0,641154.0,3,Fenway Park,day,R
746906,2024-09-22,2024,MIN,BOS,142,111,3,9,12,1,9,0,805673,Zebby Matthews,676710.0,Kutter Crawford,676710.0,608344.0,3,Fenway Park,night,R
746657,2024-09-22,2024,PIT,CIN,134,113,2,0,2,0,9,0,694973,Paul Skenes,668881.0,Hunter Greene,694973.0,668881.0,2602,Great American Ball Park,day,R
746982,2024-09-22,2024,DET,BAL,116,110,4,3,7,0,9,0,663947,Tyler Holton,544150.0,Albert Suárez,674944.0,544150.0,2,Oriole Park at Camden Yards,day,R
745036,2024-09-22,2024,TOR,TB,141,139,3,4,7,1,9,0,621114,Ryan Burr,669358.0,Shane Baz,687330.0,650893.0,12,Tropicana Field,day,R
746010,2024-09-22,2024,ATL,MIA,144,146,5,4,9,0,9,0,656550,Grant Holmes,670766.0,Darren McCaughan,572955.0,686539.0,4169,loanDepot park,day,R
746339,2024-09-22,2024,LAA,HOU,108,117,9,8,17,0,9,0,656288,Griffin Canning,681293.0,Spencer Arrighetti,656271.0,623352.0,2392,Minute Maid Park,day,R
746253,2024-09-22,2024,SF,KC,137,118,2,0,2,0,9,0,605483,Blake Snell,607625.0,Seth Lugo,605483.0,607625.0,7,Kauffman Stadium,day,R
745929,2024-09-22,2024,ARI,MIL,109,158,9,10,19,1,9,0,656756,Jordan Montgomery,593423.0,Frankie Montas,657649.0,679885.0,32,American Family Field,day,R
745118,2024-09-22,2024,CLE,STL,114,138,1,2,3,1,9,0,668909,Gavin Williams,669467.0,Andre Pallante,669467.0,682120.0,2889,Busch Stadium,day,R
746825,2024-09-22,2024,WSH,CHC,120,112,0,5,5,1,9,0,663623,Jake Irvin,684007.0,Shota Imanaga,684007.0,663623.0,17,Wrigley Field,day,R
744955,2024-09-22,2024,SEA,TEX,136,140,5,6,11,1,9,0,693433,Bryan Woo,571760.0,Andrew Heaney,489446.0,662253.0,5325,Globe Life Field,day,R
745608,2024-09-22,2024,NYY,OAK,147,133,7,4,11,0,9,0,661563,Luis Gil,683155.0,Joey Estes,661563.0,683155.0,10,Oakland Coliseum,day,R
746092,2024-09-22,2024,COL,LAD,115,119,5,6,11,1,9,0,622608,Antonio Senzatela,808967.0,Yoshinobu Yamamoto,595014.0,678020.0,22,Dodger Stadium,day,R
745358,2024-09-22,2024,CWS,SD,145,135,2,4,6,1,9,0,680732,Sean Burke,506433.0,Yu Darvish,669093.0,686642.0,2680,Petco Park,day,R
745767,2024-09-22,2024,PHI,NYM,143,121,1,2,3,1,9,0,554430,Zack Wheeler,656731.0,Tylor Megill,664208.0,554430.0,3289,Citi Field,night,R
745527,2024-09-23,2024,CHC,PHI,112,143,2,6,8,1,9,0,663878,Nate Pearson,605400.0,Aaron Nola,605400.0,668873.0,2681,Citizens Bank Park,night,R
744885,2024-09-23,2024,BOS,TOR,111,141,4,1,5,0,9,0,656557,Tanner Houck,605135.0,Chris Bassitt,656557.0,605135.0,14,Rogers Centre,night,R
746334,2024-09-24,2024,SEA,HOU,136,117,6,1,7,0,9,0,682243,Bryce Miller,686613.0,Hunter Brown,682243.0,686613.0,2392,Minute Maid Park,night,R
747150,2024-09-24,2024,SF,ARI,137,109,6,3,9,0,9,0,806185,Hayden Birdsong,593958.0,Eduardo Rodriguez,806185.0,593958.0,15,Chase Field,night,R
746421,2024-09-24,2024,TB,DET,139,116,1,2,3,1,9,0,686752,Ryan Pepiot,669373.0,Tarik Skubal,669373.0,686752.0,2394,Comerica Park,day,R
746581,2024-09-24,2024,CIN,CLE,113,114,1,6,7,1,9,0,686730,Carson Spiers,676440.0,Tanner Bibee,676440.0,686730.0,5,Progressive Field,night,R
745526,2024-09-24,2024,CHC,PHI,112,143,10,4,14,0,9,0,657006,Justin Steele,621383.0,Tanner Banks,592767.0,621383.0,2681,Citizens Bank Park,night,R
745441,2024-09-24,2024,MIL,PIT,158,134,7,2,9,0,9,0,668964,Tobias Myers,663559.0,Bailey Falter,571948.0,663559.0,31,PNC Park,night,R
744802,2024-09-24,2024,KC,WSH,118,120,1,0,1,0,10,1,666142,Cole Ragans,680730.0,Mitchell Parker,672582.0,640448.0,3309,Nationals Park,night,R
745688,2024-09-24,2024,BAL,NYY,110,147,5,3,8,0,9,0,665152,Dean Kremer,657376.0,Clarke Schmidt,665152.0,657376.0,3313,Yankee Stadium,night,R
744876,2024-09-24,2024,BOS,TOR,111,141,6,5,11,0,10,1,678394,Brayan Bello,670102.0,Bowden Francis,455119.0,667297.0,14,Rogers Centre,night,R
747068,2024-09-24,2024,NYM,ATL,121,144,1,5,6,1,9,0,622663,Luis Severino,680885.0,Spencer Schwellenbach,680885.0,622663.0,4705,Truist Park,night,R
746743,2024-09-24,2024,LAA,CWS,108,145,2,3,5,1,9,0,686799,Jack Kochanowicz,686563.0,Jonathan Cannon,672860.0,519326.0,4,Guaranteed Rate Field,night,R
745851,2024-09-24,2024,MIA,MIN,146,142,4,1,5,0,9,0,677960,Ryan Weathers,641927.0,Bailey Ober,677960.0,641927.0,3312,Target Field,night,R
746336,2024-09-25,2024,SEA,HOU,136,117,3,4,7,1,9,0,669302,Logan Gilbert,664285.0,Framber Valdez,664285.0,669302.0,2392,Minute Maid Park,night,R
746504,2024-09-25,2024,STL,COL,138,115,7,3,10,0,9,0,700241,Michael McGreevy,663372.0,Ryan Feltner,552640.0,683409.0,19,Coors Field,night,R
747149,2024-09-25,2024,SF,ARI,137,109,11,0,11,0,9,0,657277,Logan Webb,694297.0,Brandon Pfaadt,657277.0,694297.0,15,Chase Field,night,R
745605,2024-09-25,2024,TEX,OAK,140,133,4,5,9,1,9,0,543135,Nathan Eovaldi,687765.0,Mitch Spence,695243.0,622250.0,10,Oakland Coliseum,night,R
746093,2024-09-25,2024,SD,LAD,135,119,4,2,6,0,9,0,650633,Michael King,689017.0,Landon Knack,650633.0,689017.0,22,Dodger Stadium,night,R
746331,2024-09-25,2024,SEA,HOU,136,117,8,1,9,0,9,0,669923,George Kirby,579328.0,Yusei Kikuchi,669923.0,579328.0,2392,Minute Maid Park,day,R
745521,2024-09-25,2024,CHC,PHI,112,143,6,9,15,1,9,0,665871,Javier Assad,650911.0,Cristopher Sánchez,614179.0,665871.0,2681,Citizens Bank Park,night,R
746583,2024-09-25,2024,CIN,CLE,113,114,2,5,7,1,9,0,596001,Jakob Junis,689958.0,Andrew Walters,683769.0,641941.0,5,Progressive Field,night,R
746420,2024-09-25,2024,TB,DET,139,116,1,7,8,1,9,0,641793,Zack Littell,672456.0,Keider Montero,674944.0,641793.0,2394,Comerica Park,night,R
745442,2024-09-25,2024,MIL,PIT,158,134,1,2,3,1,9,0,642547,Freddy Peralta,682847.0,Luis Ortiz,682847.0,642547.0,31,PNC Park,night,R
744795,2024-09-25,2024,KC,WSH,118,120,3,0,3,0,9,0,547179,Michael Lorenzen,687792.0,DJ Herz,663738.0,687792.0,3309,Nationals Park,night,R
745690,2024-09-25,2024,BAL,NYY,110,147,9,7,16,0,9,0,621107,Zach Eflin,573186.0,Marcus Stroman,657097.0,573186.0,3313,Yankee Stadium,night,R
744877,2024-09-25,2024,BOS,TOR,111,141,1,6,7,1,9,0,690916,Richard Fitts,592332.0,Kevin Gausman,592332.0,690916.0,14,Rogers Centre,night,R
746742,2024-09-25,2024,LAA,CWS,108,145,3,4,7,1,10,1,660761,José Suarez,663436.0,Davis Martin,694363.0,650671.0,4,Guaranteed Rate Field,night,R
745854,2024-09-25,2024,MIA,MIN,146,142,3,8,11,1,9,0,665795,Edward Cabrera,680573.0,Simeon Woods Richardson,643377.0,656848.0,3312,Target Field,night,R
746501,2024-09-26,2024,STL,COL,138,115,5,2,7,0,9,0,607200,Erick Fedde,596295.0,Austin Gomber,607200.0,596295.0,19,Coors Field,night,R
747144,2024-09-26,2024,SF,ARI,137,109,2,8,10,1,9,0,696131,Mason Black,668678.0,Zac Gallen,668678.0,696131.0,15,Chase Field,night,R
745607,2024-09-26,2024,TEX,OAK,140,133,5,1,6,0,9,0,674003,Cody Bradford,669620.0,Brady Basso,670036.0,669620.0,10,Oakland Coliseum,night,R
746095,2024-09-26,2024,SD,LAD,135,119,3,4,7,1,9,0,656302,Dylan Cease,656427.0,Jack Flaherty,681911.0,669093.0,22,Dodger Stadium,night,R
747064,2024-09-25,2024,NYM,ATL,121,144,0,0,0,0,9,0,656849,David Peterson,519242.0,Chris Sale,,,4705,Truist Park,night,R
745443,2024-09-26,2024,MIL,PIT,158,134,5,2,7,0,9,0,650644,Aaron Civale,656605.0,Mitch Keller,650644.0,656605.0,31,PNC Park,day,R
744796,2024-09-26,2024,KC,WSH,118,120,7,4,11,0,9,0,608379,Michael Wacha,571578.0,Patrick Corbin,663460.0,640448.0,3309,Nationals Park,day,R
746415,2024-09-26,2024,TB,DET,139,116,3,4,7,1,9,0,641302,Tyler Alexander,681857.0,Reese Olson,689225.0,664076.0,2394,Comerica Park,day,R
746738,2024-09-26,2024,LAA,CWS,108,145,0,7,7,1,9,0,542881,Tyler Anderson,623167.0,Chris Flexen,623167.0,542881.0,4,Guaranteed Rate Field,day,R
746495,2024-09-26,2024,STL,COL,138,115,8,10,18,1,9,0,502043,Kyle Gibson,607536.0,Kyle Freeland,683409.0,681676.0,19,Coors Field,day,R
745609,2024-09-26,2024,TEX,OAK,140,133,2,3,5,1,9,0,677958,Kumar Rocker,669372.0,J.T. Ginn,669372.0,677958.0,10,Oakland Coliseum,day,R
745691,2024-09-26,2024,BAL,NYY,110,147,1,10,11,1,9,0,669203,Corbin Burnes,543037.0,Gerrit Cole,543037.0,669203.0,3313,Yankee Stadium,night,R
745853,2024-09-26,2024,MIA,MIN,146,142,8,6,14,0,13,1,678368,Valente Bellozo,701581.0,David Festa,687424.0,656240.0,3312,Target Field,night,R
746088,2024-09-27,2024,SD,LAD,135,119,2,7,9,1,9,0,605397,Joe Musgrove,621111.0,Walker Buehler,607455.0,656945.0,22,Dodger Stadium,night,R
747139,2024-09-26,2024,NYM,ATL,121,144,0,0,0,0,9,0,640455,Sean Manaea,608331.0,Max Fried,,,4705,Truist Park,night,R
746822,2024-09-27,2024,CIN,CHC,113,112,0,1,1,1,9,0,607259,Nick Martinez,592791.0,Jameson Taillon,592791.0,607259.0,17,Wrigley Field,day,R
746417,2024-09-27,2024,CWS,DET,145,116,1,4,5,1,9,0,676979,Garrett Crochet,669724.0,Brenan Hanifee,676428.0,694363.0,2394,Comerica Park,night,R
744797,2024-09-27,2024,PHI,WSH,143,120,1,9,10,1,9,0,624133,Ranger Suárez,592866.0,Trevor Williams,592866.0,624133.0,3309,Nationals Park,night,R
745692,2024-09-27,2024,PIT,NYY,134,147,4,2,6,0,9,0,683003,Jared Jones,607074.0,Carlos Rodón,669387.0,592454.0,3313,Yankee Stadium,night,R
744879,2024-09-27,2024,MIA,TOR,146,141,15,5,20,0,9,0,670124,Adam Oller,621244.0,José Berríos,670124.0,621244.0,14,Rogers Centre,night,R
746580,2024-09-27,2024,HOU,CLE,117,114,5,2,7,0,9,0,669854,Ronel Blanco,676282.0,Joey Cantillo,669854.0,676282.0,5,Progressive Field,night,R
746904,2024-09-27,2024,TB,BOS,139,111,2,1,3,0,9,0,671737,Taj Bradley,601713.0,Nick Pivetta,671737.0,601713.0,3,Fenway Park,night,R
747065,2024-09-27,2024,KC,ATL,118,144,0,3,3,1,9,0,663903,Brady Singer,608331.0,Max Fried,608331.0,663903.0,4705,Truist Park,night,R
746494,2024-09-28,2024,LAD,COL,119,115,11,4,15,0,9,0,518489,Ryan Brasier,615698.0,Cal Quantrill,676508.0,615698.0,19,Coors Field,night,R
745847,2024-09-28,2024,BAL,MIN,110,142,7,2,9,0,9,0,700249,Cade Povich,641154.0,Pablo López,700249.0,641154.0,3312,Target Field,night,R
745930,2024-09-28,2024,NYM,MIL,121,158,4,8,12,1,9,0,640455,Sean Manaea,593423.0,Frankie Montas,605452.0,640455.0,32,American Family Field,night,R
746173,2024-09-28,2024,TEX,LAA,140,108,5,2,7,0,9,0,594798,Jacob deGrom,672282.0,Reid Detmers,642016.0,672282.0,1,Angel Stadium,night,R
747145,2024-09-28,2024,SD,ARI,135,109,5,3,8,0,9,0,506433,Yu Darvish,518876.0,Merrill Kelly,506433.0,518876.0,15,Chase Field,night,R
745202,2024-09-28,2024,OAK,SEA,133,136,0,2,2,1,9,0,676664,JP Sears,693433.0,Bryan Woo,693433.0,676664.0,680,T-Mobile Park,night,R
745280,2024-09-28,2024,STL,SF,138,137,6,3,9,0,9,0,571945,Miles Mikolas,694738.0,Landen Roupp,571945.0,694738.0,2395,Oracle Park,night,R
745685,2024-09-28,2024,PIT,NYY,134,147,9,4,13,0,9,0,694973,Paul Skenes,661563.0,Luis Gil,681347.0,661563.0,3313,Yankee Stadium,day,R
746414,2024-09-28,2024,CWS,DET,145,116,4,0,4,0,9,0,680732,Sean Burke,689225.0,Beau Brieske,680732.0,689225.0,2394,Comerica Park,day,R
746819,2024-09-28,2024,CIN,CHC,113,112,0,3,3,1,9,0,695076,Rhett Lowder,543294.0,Kyle Hendricks,668338.0,571656.0,17,Wrigley Field,day,R
744878,2024-09-28,2024,MIA,TOR,146,141,8,1,9,0,9,0,675540,Xzavion Curry,684320.0,Yariel Rodríguez,675540.0,684320.0,14,Rogers Centre,day,R
745281,2024-09-28,2024,STL,SF,138,137,5,6,11,1,9,0,669467,Andre Pallante,663941.0,Tristan Beck,676254.0,669461.0,2395,Oracle Park,day,R
744799,2024-09-28,2024,PHI,WSH,143,120,3,6,9,1,9,0,554430,Zack Wheeler,669022.0,MacKenzie Gore,678606.0,656546.0,3309,Nationals Park,day,R
746902,2024-09-28,2024,TB,BOS,139,111,7,2,9,0,9,0,669358,Shane Baz,676710.0,Kutter Crawford,669358.0,676710.0,3,Fenway Park,day,R
746578,2024-09-28,2024,HOU,CLE,117,114,4,3,7,0,9,0,434378,Justin Verlander,594902.0,Ben Lively,434378.0,594902.0,5,Progressive Field,night,R
745849,2024-09-28,2024,BAL,MIN,110,142,9,2,11,0,9,0,621199,Matt Bowman,805673.0,Zebby Matthews,656353.0,805673.0,3312,Target Field,night,R
745931,2024-09-28,2024,NYM,MIL,121,158,0,6,6,1,9,0,500779,Jose Quintana,657649.0,Jared Koenig,668964.0,500779.0,32,American Family Field,night,R
747066,2024-09-28,2024,KC,ATL,118,144,1,2,3,1,9,0,607625,Seth Lugo,625643.0,Reynaldo López,628452.0,669674.0,4705,Truist Park,night,R
746499,2024-09-29,2024,LAD,COL,119,115,13,2,15,0,9,0,808967,Yoshinobu Yamamoto,622608.0,Antonio Senzatela,808967.0,622608.0,19,Coors Field,night,R
747146,2024-09-29,2024,SD,ARI,135,109,5,0,5,0,9,0,681190,Randy Vásquez,593958.0,Eduardo Rodriguez,593974.0,640462.0,15,Chase Field,night,R
746171,2024-09-29,2024,TEX,LAA,140,108,9,8,17,0,9,0,571760,Andrew Heaney,656288.0,Griffin Canning,641540.0,650671.0,1,Angel Stadium,night,R
745203,2024-09-29,2024,OAK,SEA,133,136,6,7,13,1,10,1,683155,Joey Estes,676106.0,Emerson Hancock,660825.0,518397.0,680,T-Mobile Park,night,R
745282,2024-09-29,2024,STL,SF,138,137,6,1,7,0,9,0,700241,Michael McGreevy,806185.0,Hayden Birdsong,700241.0,806185.0,2395,Oracle Park,day,R
746901,2024-09-29,2024,TB,BOS,139,111,1,3,4,1,9,0,686752,Ryan Pepiot,682990.0,Quinn Priester,682990.0,686752.0,3,Fenway Park,day,R
744798,2024-09-29,2024,PHI,WSH,143,120,6,3,9,0,9,0,605400,Aaron Nola,663623.0,Jake Irvin,605400.0,663623.0,3309,Nationals Park,day,R
745686,2024-09-29,2024,PIT,NYY,134,147,4,6,10,1,9,0,663559,Bailey Falter,657376.0,Clarke Schmidt,596133.0,670059.0,3313,Yankee Stadium,day,R
746174,2024-09-29,2024,TEX,LAA,140,108,8,0,8,0,9,0,543135,Nathan Eovaldi,686799.0,Jack Kochanowicz,543135.0,686799.0,1,Angel Stadium,day,R
744880,2024-09-29,2024,MIA,TOR,146,141,3,1,4,0,9,0,677960,Ryan Weathers,621114.0,Ryan Burr,677960.0,621114.0,14,Rogers Centre,day,R
746496,2024-09-29,2024,LAD,COL,119,115,2,1,3,0,9,0,607455,Anthony Banda,663372.0,Ryan Feltner,623465.0,680767.0,19,Coors Field,day,R
747147,2024-09-29,2024,SD,ARI,135,109,2,11,13,1,9,0,527048,Martín Pérez,694297.0,Brandon Pfaadt,694297.0,527048.0,15,Chase Field,day,R
745201,2024-09-29,2024,OAK,SEA,133,136,4,6,10,1,9,0,687765,Mitch Spence,669302.0,Logan Gilbert,669302.0,687765.0,680,T-Mobile Park,day,R
745846,2024-09-29,2024,BAL,MIN,110,142,6,2,8,0,9,0,544150,Albert Suárez,641927.0,Bailey Ober,544150.0,641927.0,3312,Target Field,day,R
746416,2024-09-29,2024,CWS,DET,145,116,9,5,14,0,9,0,686563,Jonathan Cannon,628317.0,Kenta Maeda,686563.0,628317.0,2394,Comerica Park,day,R
745932,2024-09-29,2024,NYM,MIL,121,158,5,0,5,0,9,0,656849,David Peterson,607067.0,Colin Rea,656849.0,607067.0,32,American Family Field,day,R
746820,2024-09-29,2024,CIN,CHC,113,112,3,0,3,0,10,1,668881,Hunter Greene,668873.0,Caleb Kilian,663574.0,681799.0,17,Wrigley Field,day,R
747061,2024-09-29,2024,KC,ATL,118,144,4,2,6,0,9,0,679525,Alec Marsh,450203.0,Charlie Morton,679525.0,450203.0,4705,Truist Park,day,R
746577,2024-09-29,2024,HOU,CLE,117,114,0,0,0,0,9,0,687473,Ryan Gusto,680704.0,Nick Sandlin,,,5,Progressive Field,day,R
747139,2024-09-30,2024,NYM,ATL,121,144,8,7,15,0,9,0,656731,Tylor Megill,680885.0,Spencer Schwellenbach,621242.0,572955.0,4705,Truist Park,day,R
747064,2024-09-30,2024,NYM,ATL,121,144,0,3,3,1,9,0,664192,Joey Lucchesi,656550.0,Grant Holmes,678226.0,664192.0,4705,Truist Park,day,R
