game_id,game_date,season,away_team,home_team,away_team_id,home_team_id,away_score,home_score,total_runs,home_win,innings,extra_innings,away_starter_id,away_starter_name,home_starter_id,home_starter_name,winning_pitcher_id,losing_pitcher_id,venue_id,venue_name,day_night,game_type
566083,2019-03-20,2019,SEA,OAK,136,133,9,7,16,0,9,0,594835.0,Marco Gonzales,571666.0,Mike Fiers,594835.0,571666.0,2397,Tokyo Dome,night,R
566084,2019-03-21,2019,SEA,OAK,136,133,5,4,9,0,12,1,579328.0,Yusei Kikuchi,462136.0,Marco Estrada,573127.0,488748.0,2397,Tokyo Dome,night,R
565895,2019-03-28,2019,NYM,WSH,121,120,2,0,2,0,9,0,594798.0,Jacob deGrom,453286.0,Max Scherzer,594798.0,453286.0,3309,Nationals Park,day,R
567456,2019-03-28,2019,BAL,NYY,110,147,2,7,9,1,9,0,488768.0,Andrew Cashner,547888.0,Masahiro Tanaka,547888.0,488768.0,3313,Yankee Stadium,day,R
567552,2019-03-28,2019,STL,MIL,138,158,4,5,9,1,9,0,571945.0,Miles Mikolas,468504.0,Jhoulys Chacín,468504.0,571945.0,32,Miller Park,day,R
567059,2019-03-28,2019,ATL,PHI,144,143,4,10,14,1,9,0,527054.0,Julio Teheran,605400.0,Aaron Nola,605400.0,527054.0,2681,Citizens Bank Park,day,R
566864,2019-03-28,2019,DET,TOR,116,141,2,0,2,0,10,1,519455.0,Jordan Zimmermann,573186.0,Marcus Stroman,622505.0,543339.0,14,Rogers Centre,day,R
566664,2019-03-28,2019,HOU,TB,117,139,5,1,6,0,9,0,434378.0,Justin Verlander,605483.0,Blake Snell,434378.0,605483.0,12,Tropicana Field,day,R
566763,2019-03-28,2019,CHC,TEX,112,140,12,4,16,0,9,0,452657.0,Jon Lester,501985.0,Mike Minor,452657.0,501985.0,13,Globe Life Park in Arlington,day,R
566086,2019-03-28,2019,LAA,OAK,108,133,0,4,4,1,9,0,502239.0,Trevor Cahill,571666.0,Mike Fiers,571666.0,502239.0,10,Oakland Coliseum,day,R
565799,2019-03-28,2019,ARI,LAD,109,119,5,12,17,1,9,0,425844.0,Zack Greinke,547943.0,Hyun Jin Ryu,547943.0,425844.0,22,Dodger Stadium,day,R
565220,2019-03-28,2019,PIT,CIN,134,113,3,5,8,1,9,0,592791.0,Jameson Taillon,622491.0,Luis Castillo,435043.0,592791.0,2602,Great American Ball Park,day,R
566275,2019-03-28,2019,SF,SD,137,135,0,2,2,1,9,0,518516.0,Madison Bumgarner,641778.0,Eric Lauer,641778.0,518516.0,2680,Petco Park,day,R
566962,2019-03-28,2019,CLE,MIN,114,142,0,2,2,1,9,0,446372.0,Corey Kluber,621244.0,José Berríos,621244.0,446372.0,3312,Target Field,day,R
567359,2019-03-28,2019,COL,MIA,115,146,6,3,9,0,9,0,607536.0,Kyle Freeland,570632.0,José Ureña,607536.0,570632.0,4169,Marlins Park,day,R
565702,2019-03-28,2019,CWS,KC,145,118,3,5,8,1,9,0,607074.0,Carlos Rodón,641745.0,Brad Keller,641745.0,607074.0,7,Kauffman Stadium,day,R
566372,2019-03-28,2019,BOS,SEA,111,136,4,12,16,1,9,0,519242.0,Chris Sale,594835.0,Marco Gonzales,594835.0,519242.0,680,T-Mobile Park,day,R
566865,2019-03-29,2019,DET,TOR,116,141,0,6,6,1,9,0,571510.0,Matthew Boyd,533167.0,Matt Shoemaker,533167.0,571510.0,14,Rogers Centre,night,R
566665,2019-03-29,2019,HOU,TB,117,139,2,4,6,1,9,0,543037.0,Gerrit Cole,450203.0,Charlie Morton,450203.0,543037.0,12,Tropicana Field,night,R
567360,2019-03-29,2019,COL,MIA,115,146,6,1,7,0,9,0,608566.0,Germán Márquez,670950.0,Trevor Richards,608566.0,543045.0,4169,Marlins Park,night,R
567553,2019-03-30,2019,STL,MIL,138,158,9,5,14,0,9,0,656427.0,Jack Flaherty,642547.0,Freddy Peralta,607231.0,592865.0,32,Miller Park,night,R
566087,2019-03-30,2019,LAA,OAK,108,133,6,2,8,0,9,0,518774.0,Matt Harvey,462136.0,Marco Estrada,570663.0,465657.0,10,Oakland Coliseum,night,R
565800,2019-03-30,2019,ARI,LAD,109,119,5,4,9,0,13,1,592662.0,Robbie Ray,548389.0,Ross Stripling,542882.0,554340.0,22,Dodger Stadium,night,R
566373,2019-03-30,2019,BOS,SEA,111,136,7,6,13,0,9,0,543135.0,Nathan Eovaldi,579328.0,Yusei Kikuchi,598271.0,519326.0,680,T-Mobile Park,night,R
566276,2019-03-30,2019,SF,SD,137,135,1,4,5,1,9,0,502706.0,Derek Holland,664192.0,Joey Lucchesi,664192.0,502706.0,2680,Petco Park,night,R
565896,2019-03-30,2019,NYM,WSH,121,120,11,8,19,0,9,0,592789.0,Noah Syndergaard,544931.0,Stephen Strasburg,458677.0,572096.0,3309,Nationals Park,day,R
567457,2019-03-30,2019,BAL,NYY,110,147,5,3,8,0,9,0,501992.0,Nate Karns,572020.0,James Paxton,642231.0,572020.0,3313,Yankee Stadium,day,R
566963,2019-03-30,2019,CLE,MIN,114,142,2,1,3,0,9,0,545333.0,Trevor Bauer,543606.0,Jake Odorizzi,457754.0,453284.0,3312,Target Field,day,R
565703,2019-03-30,2019,CWS,KC,145,118,6,8,14,1,9,0,625643.0,Reynaldo López,596001.0,Jakob Junis,596001.0,625643.0,7,Kauffman Stadium,day,R
566866,2019-03-30,2019,DET,TOR,116,141,0,3,3,1,9,0,605513.0,Spencer Turnbull,592717.0,Aaron Sanchez,592717.0,605513.0,14,Rogers Centre,day,R
567060,2019-03-30,2019,ATL,PHI,144,143,6,8,14,1,9,0,669060.0,Bryse Wilson,601713.0,Nick Pivetta,605388.0,641149.0,2681,Citizens Bank Park,day,R
566666,2019-03-30,2019,HOU,TB,117,139,1,3,4,1,9,0,543521.0,Collin McHugh,607192.0,Tyler Glasnow,607192.0,543521.0,12,Tropicana Field,night,R
567361,2019-03-30,2019,COL,MIA,115,146,3,7,10,1,9,0,542881.0,Tyler Anderson,641154.0,Pablo López,641154.0,542881.0,4169,Marlins Park,night,R
567554,2019-03-30,2019,STL,MIL,138,158,2,4,6,1,9,0,641712.0,Dakota Hudson,605540.0,Brandon Woodruff,605540.0,641712.0,32,Miller Park,night,R
566764,2019-03-31,2019,CHC,TEX,112,140,6,8,14,1,9,0,506433.0,Yu Darvish,450172.0,Edinson Volquez,518875.0,605218.0,13,Globe Life Park in Arlington,night,R
566277,2019-03-31,2019,SF,SD,137,135,3,2,5,0,9,0,605446.0,Dereck Rodríguez,676606.0,Nick Margevicius,605446.0,676606.0,2680,Petco Park,night,R
566088,2019-03-31,2019,LAA,OAK,108,133,2,4,6,1,9,0,570240.0,Félix Peña,474463.0,Brett Anderson,474463.0,570240.0,10,Oakland Coliseum,night,R
565801,2019-03-31,2019,ARI,LAD,109,119,5,18,23,1,9,0,643327.0,Zack Godley,628317.0,Kenta Maeda,628317.0,643327.0,22,Dodger Stadium,night,R
566374,2019-03-31,2019,BOS,SEA,111,136,5,6,11,1,9,0,593958.0,Eduardo Rodriguez,502190.0,Mike Leake,502190.0,593958.0,680,T-Mobile Park,night,R
565221,2019-03-30,2019,PIT,CIN,134,113,0,0,0,0,9,0,592866.0,Trevor Williams,543243.0,Sonny Gray,,,2602,Great American Ball Park,day,R
567458,2019-03-31,2019,BAL,NYY,110,147,7,5,12,0,9,0,605164.0,Dylan Bundy,457918.0,J.A. Happ,607644.0,457918.0,3313,Yankee Stadium,day,R
566867,2019-03-31,2019,DET,TOR,116,141,4,3,7,0,11,1,519043.0,Matt Moore,663423.0,Trent Thornton,621385.0,623381.0,14,Rogers Centre,day,R
565222,2019-03-31,2019,PIT,CIN,134,113,5,0,5,0,9,0,592866.0,Trevor Williams,543243.0,Sonny Gray,592866.0,543243.0,2602,Great American Ball Park,day,R
566667,2019-03-31,2019,HOU,TB,117,139,1,3,4,1,9,0,489119.0,Wade Miley,630023.0,Yonny Chirinos,630023.0,489119.0,12,Tropicana Field,day,R
567362,2019-03-31,2019,COL,MIA,115,146,0,3,3,1,9,0,592351.0,Jon Gray,645261.0,Sandy Alcantara,645261.0,592351.0,4169,Marlins Park,day,R
565897,2019-03-31,2019,NYM,WSH,121,120,5,6,11,1,9,0,554430.0,Zack Wheeler,571578.0,Patrick Corbin,448281.0,458677.0,3309,Nationals Park,day,R
566964,2019-03-31,2019,CLE,MIN,114,142,3,9,12,1,9,0,471911.0,Carlos Carrasco,501381.0,Michael Pineda,527048.0,471911.0,3312,Target Field,day,R
567555,2019-03-31,2019,STL,MIL,138,158,4,5,9,1,9,0,608379.0,Michael Wacha,669203.0,Corbin Burnes,606930.0,663855.0,32,Miller Park,day,R
565704,2019-03-31,2019,CWS,KC,145,118,6,3,9,0,9,0,608337.0,Lucas Giolito,605347.0,Jorge López,608337.0,605347.0,7,Kauffman Stadium,day,R
566765,2019-03-31,2019,CHC,TEX,112,140,10,11,21,1,9,0,430935.0,Cole Hamels,458681.0,Lance Lynn,600917.0,467008.0,13,Globe Life Park in Arlington,day,R
566089,2019-03-31,2019,LAA,OAK,108,133,1,2,3,1,9,0,572140.0,Tyler Skaggs,593423.0,Frankie Montas,593423.0,572140.0,10,Oakland Coliseum,day,R
565802,2019-03-31,2019,ARI,LAD,109,119,7,8,15,1,9,0,596133.0,Luke Weaver,621111.0,Walker Buehler,571670.0,673633.0,22,Dodger Stadium,day,R
566375,2019-03-31,2019,BOS,SEA,111,136,8,10,18,1,9,0,519144.0,Rick Porcello,453281.0,Wade LeBlanc,453281.0,519144.0,680,T-Mobile Park,day,R
566278,2019-03-31,2019,SF,SD,137,135,1,3,4,1,9,0,502188.0,Jeff Samardzija,663978.0,Chris Paddack,476589.0,543883.0,2680,Petco Park,day,R
567061,2019-03-31,2019,ATL,PHI,144,143,1,5,6,1,9,0,657140.0,Kyle Wright,453562.0,Jake Arrieta,453562.0,657140.0,2681,Citizens Bank Park,night,R
566180,2019-04-01,2019,STL,PIT,138,134,6,5,11,0,11,1,425794.0,Adam Wainwright,502042.0,Chris Archer,663855.0,643230.0,31,PNC Park,day,R
565316,2019-04-01,2019,CWS,CLE,145,114,3,5,8,1,9,0,467100.0,Iván Nova,605182.0,Mike Clevinger,457754.0,592229.0,5,Progressive Field,day,R
567459,2019-04-01,2019,DET,NYY,116,147,1,3,4,1,9,0,475115.0,Tyson Ross,593334.0,Domingo Germán,593334.0,475115.0,3313,Yankee Stadium,night,R
565223,2019-04-01,2019,MIL,CIN,158,113,4,3,7,0,9,0,605200.0,Zach Davies,543699.0,Tanner Roark,543935.0,628452.0,2602,Great American Ball Park,night,R
566868,2019-04-01,2019,BAL,TOR,110,141,6,5,11,0,9,0,605276.0,David Hess,656887.0,Sean Reid-Foley,605276.0,656887.0,14,Rogers Centre,night,R
566668,2019-04-01,2019,COL,TB,115,139,1,7,8,1,9,0,518452.0,Chad Bettis,592773.0,Ryne Stanek,642232.0,518452.0,12,Tropicana Field,night,R
567157,2019-04-01,2019,CHC,ATL,112,144,0,8,8,1,9,0,543294.0,Kyle Hendricks,656794.0,Sean Newcomb,641149.0,543294.0,4705,SunTrust Park,night,R
567363,2019-04-01,2019,NYM,MIA,121,146,7,3,10,0,9,0,571927.0,Steven Matz,592761.0,Caleb Smith,544727.0,608716.0,4169,Marlins Park,night,R
566766,2019-04-02,2019,HOU,TEX,117,140,2,1,3,0,9,0,502748.0,Brad Peacock,592767.0,Drew Smyly,502748.0,592716.0,13,Globe Life Park in Arlington,night,R
566090,2019-04-02,2019,BOS,OAK,111,133,0,7,7,1,9,0,456034.0,David Price,605156.0,Aaron Brooks,605156.0,456034.0,10,Oakland Coliseum,night,R
566279,2019-04-02,2019,ARI,SD,109,135,10,3,13,0,9,0,518876.0,Merrill Kelly,621381.0,Matt Strahm,518876.0,621381.0,2680,Petco Park,night,R
566376,2019-04-02,2019,LAA,SEA,108,136,3,6,9,1,9,0,608717.0,Chris Stratton,433587.0,Félix Hernández,433587.0,608717.0,680,T-Mobile Park,night,R
565803,2019-04-02,2019,SF,LAD,137,119,4,2,6,0,9,0,519141.0,Drew Pomeranz,628711.0,Julio Urías,641627.0,523260.0,22,Dodger Stadium,night,R
567460,2019-04-02,2019,DET,NYY,116,147,3,1,4,0,9,0,519455.0,Jordan Zimmermann,547888.0,Masahiro Tanaka,641729.0,547973.0,3313,Yankee Stadium,night,R
565224,2019-04-02,2019,MIL,CIN,158,113,4,3,7,0,9,0,468504.0,Jhoulys Chacín,543101.0,Anthony DeSclafani,468504.0,435043.0,2602,Great American Ball Park,night,R
565898,2019-04-02,2019,PHI,WSH,143,120,8,2,10,0,9,0,621107.0,Zach Eflin,453286.0,Max Scherzer,621107.0,453286.0,3309,Nationals Park,night,R
566869,2019-04-02,2019,BAL,TOR,110,141,2,1,3,0,9,0,488768.0,Andrew Cashner,573186.0,Marcus Stroman,488768.0,573186.0,14,Rogers Centre,night,R
566669,2019-04-02,2019,COL,TB,115,139,0,4,4,1,9,0,607536.0,Kyle Freeland,605483.0,Blake Snell,605483.0,607536.0,12,Tropicana Field,night,R
567364,2019-04-02,2019,NYM,MIA,121,146,6,5,11,0,9,0,450306.0,Jason Vargas,570632.0,José Ureña,450306.0,570632.0,4169,Marlins Park,night,R
566767,2019-04-03,2019,HOU,TEX,117,140,4,6,10,1,9,0,434378.0,Justin Verlander,571946.0,Shelby Miller,518875.0,664285.0,13,Globe Life Park in Arlington,night,R
565705,2019-04-03,2019,MIN,KC,142,118,5,4,9,0,10,1,621244.0,José Berríos,641745.0,Brad Keller,657610.0,502202.0,7,Kauffman Stadium,night,R
566091,2019-04-03,2019,BOS,OAK,111,133,0,1,1,1,9,0,519242.0,Chris Sale,571666.0,Mike Fiers,571666.0,519242.0,10,Oakland Coliseum,night,R
566280,2019-04-03,2019,ARI,SD,109,135,8,5,13,0,9,0,425844.0,Zack Greinke,641778.0,Eric Lauer,425844.0,641778.0,2680,Petco Park,night,R
566377,2019-04-03,2019,LAA,SEA,108,136,1,2,3,1,9,0,502239.0,Trevor Cahill,594835.0,Marco Gonzales,594835.0,472610.0,680,T-Mobile Park,night,R
565804,2019-04-03,2019,SF,LAD,137,119,5,6,11,1,9,0,518516.0,Madison Bumgarner,547943.0,Hyun Jin Ryu,547943.0,518516.0,22,Dodger Stadium,night,R
565225,2019-04-03,2019,MIL,CIN,158,113,1,0,1,0,9,0,642547.0,Freddy Peralta,622491.0,Luis Castillo,642547.0,622491.0,2602,Great American Ball Park,day,R
565899,2019-04-03,2019,PHI,WSH,143,120,8,9,17,1,9,0,605400.0,Aaron Nola,434671.0,Aníbal Sánchez,448281.0,502085.0,3309,Nationals Park,day,R
566670,2019-04-03,2019,COL,TB,115,139,1,0,1,0,11,1,608566.0,Germán Márquez,450203.0,Charlie Morton,451584.0,475054.0,12,Tropicana Field,day,R
565317,2019-04-03,2019,CWS,CLE,145,114,8,3,11,0,9,0,607074.0,Carlos Rodón,446372.0,Corey Kluber,607074.0,446372.0,5,Progressive Field,day,R
565706,2019-04-03,2019,MIN,KC,142,118,7,6,13,0,9,0,502043.0,Kyle Gibson,456701.0,Homer Bailey,543507.0,503449.0,7,Kauffman Stadium,day,R
566281,2019-04-03,2019,ARI,SD,109,135,1,4,5,1,9,0,592662.0,Robbie Ray,664192.0,Joey Lucchesi,664192.0,592662.0,2680,Petco Park,day,R
567461,2019-04-03,2019,DET,NYY,116,147,2,1,3,0,9,0,571510.0,Matthew Boyd,642528.0,Jonathan Loáisiga,571656.0,643338.0,3313,Yankee Stadium,day,R
566870,2019-04-03,2019,BAL,TOR,110,141,3,5,8,1,9,0,501992.0,Nate Karns,533167.0,Matt Shoemaker,533167.0,501992.0,14,Rogers Centre,day,R
567365,2019-04-03,2019,NYM,MIA,121,146,6,4,10,0,9,0,594798.0,Jacob deGrom,670950.0,Trevor Richards,594798.0,670950.0,4169,Marlins Park,night,R
566181,2019-04-03,2019,STL,PIT,138,134,5,4,9,0,10,1,571945.0,Miles Mikolas,592791.0,Jameson Taillon,607231.0,595897.0,31,PNC Park,night,R
567158,2019-04-03,2019,CHC,ATL,112,144,4,6,10,1,9,0,452657.0,Jon Lester,527054.0,Julio Teheran,592426.0,518553.0,4705,SunTrust Park,night,R
566768,2019-04-04,2019,HOU,TEX,117,140,0,4,4,1,9,0,543037.0,Gerrit Cole,501985.0,Mike Minor,501985.0,543037.0,13,Globe Life Park in Arlington,night,R
566092,2019-04-04,2019,BOS,OAK,111,133,6,3,9,0,9,0,543135.0,Nathan Eovaldi,462136.0,Marco Estrada,598264.0,407845.0,10,Oakland Coliseum,night,R
565805,2019-04-04,2019,SF,LAD,137,119,3,5,8,1,9,0,502706.0,Derek Holland,548389.0,Ross Stripling,518397.0,606625.0,22,Dodger Stadium,night,R
565510,2019-04-04,2019,KC,DET,118,116,4,5,9,1,9,0,596001.0,Jakob Junis,605513.0,Spencer Turnbull,543278.0,622092.0,2394,Comerica Park,day,R
565990,2019-04-04,2019,WSH,NYM,120,121,4,0,4,0,9,0,544931.0,Stephen Strasburg,592789.0,Noah Syndergaard,544931.0,592789.0,3289,Citi Field,day,R
564930,2019-04-04,2019,NYY,BAL,147,110,8,4,12,0,9,0,572020.0,James Paxton,502171.0,Alex Cobb,572020.0,605541.0,2,Oriole Park at Camden Yards,day,R
566093,2019-04-04,2019,BOS,OAK,111,133,3,7,10,1,9,0,593958.0,Eduardo Rodriguez,474463.0,Brett Anderson,474463.0,593958.0,10,Oakland Coliseum,day,R
565318,2019-04-04,2019,TOR,CLE,141,114,1,4,5,1,9,0,592717.0,Aaron Sanchez,545333.0,Trevor Bauer,545333.0,592717.0,5,Progressive Field,night,R
566182,2019-04-04,2019,CIN,PIT,113,134,0,2,2,1,9,0,641816.0,Tyler Mahle,543475.0,Jordan Lyles,592468.0,456696.0,31,PNC Park,night,R
567159,2019-04-04,2019,CHC,ATL,112,144,4,9,13,1,9,0,506433.0,Yu Darvish,608331.0,Max Fried,608331.0,506433.0,4705,SunTrust Park,night,R
564734,2019-04-05,2019,TEX,LAA,140,108,11,4,15,0,9,0,450172.0,Edinson Volquez,518774.0,Matt Harvey,605488.0,518774.0,1,Angel Stadium,night,R
567263,2019-04-04,2019,SEA,CWS,136,145,0,0,0,0,9,0,,,,,,,4,Guaranteed Rate Field,day,R
566567,2019-04-04,2019,SD,STL,135,138,0,0,0,0,9,0,,,,,,,2889,Busch Stadium,day,R
567263,2019-04-05,2019,SEA,CWS,136,145,8,10,18,1,9,0,579328.0,Yusei Kikuchi,625643.0,Reynaldo López,621114.0,518715.0,4,Guaranteed Rate Field,day,R
565413,2019-04-05,2019,LAD,COL,119,115,10,6,16,0,9,0,628317.0,Kenta Maeda,542881.0,Tyler Anderson,628317.0,542881.0,19,Coors Field,day,R
566567,2019-04-05,2019,SD,STL,135,138,5,3,8,0,9,0,676606.0,Nick Margevicius,656427.0,Jack Flaherty,476594.0,621052.0,2889,Busch Stadium,day,R
566471,2019-04-05,2019,TB,SF,139,137,5,2,7,0,9,0,607192.0,Tyler Glasnow,605446.0,Dereck Rodríguez,607192.0,605446.0,2395,Oracle Park,day,R
566183,2019-04-05,2019,CIN,PIT,113,134,0,2,2,1,9,0,543243.0,Sonny Gray,605397.0,Joe Musgrove,605397.0,543243.0,31,PNC Park,night,R
567062,2019-04-05,2019,MIN,PHI,142,143,4,10,14,1,9,0,543606.0,Jake Odorizzi,601713.0,Nick Pivetta,601713.0,543606.0,2681,Citizens Bank Park,night,R
564833,2019-04-05,2019,BOS,ARI,111,109,8,15,23,1,9,0,519144.0,Rick Porcello,643327.0,Zack Godley,643327.0,519144.0,15,Chase Field,day,R
565319,2019-04-05,2019,TOR,CLE,141,114,2,3,5,1,9,0,663423.0,Trent Thornton,669456.0,Shane Bieber,643256.0,607352.0,5,Progressive Field,night,R
567160,2019-04-05,2019,MIA,ATL,146,144,0,4,4,1,9,0,641154.0,Pablo López,592332.0,Kevin Gausman,592332.0,641154.0,4705,SunTrust Park,night,R
565606,2019-04-06,2019,OAK,HOU,133,117,2,3,5,1,9,0,593423.0,Frankie Montas,543521.0,Collin McHugh,543521.0,593423.0,2392,Minute Maid Park,night,R
567556,2019-04-06,2019,CHC,MIL,112,158,10,13,23,1,9,0,500779.0,Jose Quintana,605540.0,Brandon Woodruff,502624.0,500779.0,32,Miller Park,night,R
564735,2019-04-06,2019,TEX,LAA,140,108,1,3,4,1,9,0,458681.0,Lance Lynn,570240.0,Félix Peña,605121.0,458681.0,1,Angel Stadium,night,R
565511,2019-04-06,2019,KC,DET,118,116,4,7,11,1,9,0,605347.0,Jorge López,519043.0,Matt Moore,622505.0,641838.0,2394,Comerica Park,day,R
565991,2019-04-06,2019,WSH,NYM,120,121,5,6,11,1,9,0,571578.0,Patrick Corbin,571927.0,Steven Matz,544727.0,448609.0,3289,Citi Field,day,R
566184,2019-04-06,2019,CIN,PIT,113,134,5,6,11,1,10,1,543699.0,Tanner Roark,592866.0,Trevor Williams,434538.0,628452.0,31,PNC Park,day,R
567063,2019-04-06,2019,MIN,PHI,142,143,6,2,8,0,9,0,501381.0,Michael Pineda,453562.0,Jake Arrieta,501381.0,453562.0,2681,Citizens Bank Park,day,R
567264,2019-04-06,2019,SEA,CWS,136,145,9,2,11,0,9,0,502190.0,Mike Leake,608337.0,Lucas Giolito,502190.0,608337.0,4,Guaranteed Rate Field,day,R
566568,2019-04-06,2019,SD,STL,135,138,6,4,10,0,9,0,663978.0,Chris Paddack,608379.0,Michael Wacha,605538.0,453192.0,2889,Busch Stadium,day,R
566472,2019-04-06,2019,TB,SF,139,137,4,6,10,1,9,0,592773.0,Ryne Stanek,502188.0,Jeff Samardzija,664157.0,642232.0,2395,Oracle Park,day,R
564736,2019-04-06,2019,TEX,LAA,140,108,1,5,6,1,9,0,592767.0,Drew Smyly,572140.0,Tyler Skaggs,572140.0,592767.0,1,Angel Stadium,day,R
565320,2019-04-06,2019,TOR,CLE,141,114,2,7,9,1,9,0,623381.0,Thomas Pannone,471911.0,Carlos Carrasco,471911.0,623381.0,5,Progressive Field,day,R
564931,2019-04-06,2019,NYY,BAL,147,110,6,4,10,0,9,0,457918.0,J.A. Happ,605164.0,Dylan Bundy,493603.0,612434.0,2,Oriole Park at Camden Yards,night,R
565607,2019-04-06,2019,OAK,HOU,133,117,0,6,6,1,9,0,605156.0,Aaron Brooks,489119.0,Wade Miley,489119.0,605156.0,2392,Minute Maid Park,night,R
567557,2019-04-06,2019,CHC,MIL,112,158,14,8,22,0,9,0,430935.0,Cole Hamels,669203.0,Corbin Burnes,430935.0,669203.0,32,Miller Park,night,R
567161,2019-04-06,2019,MIA,ATL,146,144,4,2,6,0,9,0,645261.0,Sandy Alcantara,657140.0,Kyle Wright,489265.0,621345.0,4705,SunTrust Park,night,R
564834,2019-04-07,2019,BOS,ARI,111,109,4,5,9,1,9,0,456034.0,David Price,596133.0,Luke Weaver,518813.0,605155.0,15,Chase Field,night,R
565414,2019-04-07,2019,LAD,COL,119,115,7,2,9,0,9,0,621111.0,Walker Buehler,592351.0,Jon Gray,621111.0,592351.0,19,Coors Field,night,R
567064,2019-04-07,2019,MIN,PHI,142,143,1,2,3,1,9,0,621244.0,José Berríos,621107.0,Zach Eflin,621107.0,621244.0,2681,Citizens Bank Park,day,R
564932,2019-04-07,2019,NYY,BAL,147,110,15,3,18,0,9,0,593334.0,Domingo Germán,605276.0,David Hess,593334.0,605276.0,2,Oriole Park at Camden Yards,day,R
565512,2019-04-07,2019,KC,DET,118,116,1,3,4,1,9,0,641745.0,Brad Keller,475115.0,Tyson Ross,475115.0,641745.0,2394,Comerica Park,day,R
565992,2019-04-07,2019,WSH,NYM,120,121,12,9,21,0,9,0,453286.0,Max Scherzer,554430.0,Zack Wheeler,453286.0,554430.0,3289,Citi Field,day,R
565321,2019-04-07,2019,TOR,CLE,141,114,1,3,4,1,9,0,573186.0,Marcus Stroman,605182.0,Mike Clevinger,605182.0,573186.0,5,Progressive Field,day,R
567162,2019-04-07,2019,MIA,ATL,146,144,3,4,7,1,9,0,592761.0,Caleb Smith,656794.0,Sean Newcomb,527055.0,543045.0,4705,SunTrust Park,day,R
566185,2019-04-07,2019,CIN,PIT,113,134,5,7,12,1,9,0,543101.0,Anthony DeSclafani,502042.0,Chris Archer,502042.0,543101.0,31,PNC Park,day,R
565608,2019-04-07,2019,OAK,HOU,133,117,8,9,17,1,9,0,571666.0,Mike Fiers,502748.0,Brad Peacock,532077.0,595014.0,2392,Minute Maid Park,day,R
567265,2019-04-07,2019,SEA,CWS,136,145,12,5,17,0,9,0,453281.0,Wade LeBlanc,467100.0,Iván Nova,453281.0,467100.0,4,Guaranteed Rate Field,day,R
567558,2019-04-07,2019,CHC,MIL,112,158,2,4,6,1,9,0,543294.0,Kyle Hendricks,605200.0,Zach Davies,605200.0,543294.0,32,Miller Park,day,R
566569,2019-04-07,2019,SD,STL,135,138,1,4,5,1,9,0,621381.0,Matt Strahm,425794.0,Adam Wainwright,425794.0,621381.0,2889,Busch Stadium,day,R
566473,2019-04-07,2019,TB,SF,139,137,3,0,3,0,9,0,630023.0,Yonny Chirinos,519141.0,Drew Pomeranz,630023.0,519141.0,2395,Oracle Park,day,R
564737,2019-04-07,2019,TEX,LAA,140,108,2,7,9,1,9,0,571946.0,Shelby Miller,608717.0,Chris Stratton,605121.0,571946.0,1,Angel Stadium,day,R
564835,2019-04-07,2019,BOS,ARI,111,109,1,0,1,0,9,0,584171.0,Hector Velázquez,518876.0,Merrill Kelly,519393.0,518876.0,15,Chase Field,day,R
565415,2019-04-08,2019,LAD,COL,119,115,12,6,18,0,9,0,628711.0,Julio Urías,518452.0,Chad Bettis,523260.0,518452.0,19,Coors Field,night,R
567266,2019-04-08,2019,TB,CWS,139,145,5,1,6,0,9,0,605483.0,Blake Snell,607074.0,Carlos Rodón,605483.0,607074.0,4,Guaranteed Rate Field,day,R
565124,2019-04-08,2019,PIT,CHC,134,112,0,10,10,1,9,0,592791.0,Jameson Taillon,452657.0,Jon Lester,542960.0,592791.0,17,Wrigley Field,day,R
564933,2019-04-08,2019,OAK,BAL,133,110,4,12,16,1,9,0,462136.0,Marco Estrada,488768.0,Andrew Cashner,488768.0,462136.0,2,Oriole Park at Camden Yards,night,R
567065,2019-04-08,2019,WSH,PHI,120,143,3,4,7,1,9,0,434671.0,Aníbal Sánchez,592826.0,Vince Velasquez,622554.0,434671.0,2681,Citizens Bank Park,night,R
565609,2019-04-08,2019,NYY,HOU,147,117,3,4,7,1,9,0,547888.0,Masahiro Tanaka,434378.0,Justin Verlander,519151.0,493603.0,2392,Minute Maid Park,night,R
566570,2019-04-08,2019,LAD,STL,119,138,3,4,7,1,9,0,547943.0,Hyun Jin Ryu,571945.0,Miles Mikolas,571945.0,523260.0,2889,Busch Stadium,night,R
565707,2019-04-09,2019,SEA,KC,136,118,13,5,18,0,9,0,433587.0,Félix Hernández,456701.0,Homer Bailey,606273.0,456701.0,7,Kauffman Stadium,night,R
565416,2019-04-09,2019,ATL,COL,144,115,8,6,14,0,9,0,527054.0,Julio Teheran,607536.0,Kyle Freeland,527054.0,607536.0,19,Coors Field,night,R
566474,2019-04-09,2019,SD,SF,135,137,6,5,11,0,9,0,641778.0,Eric Lauer,518516.0,Madison Bumgarner,641778.0,606625.0,2395,Oracle Park,night,R
564738,2019-04-09,2019,MIL,LAA,158,108,2,5,7,1,9,0,468504.0,Jhoulys Chacín,502239.0,Trevor Cahill,502239.0,468504.0,1,Angel Stadium,night,R
565513,2019-04-09,2019,CLE,DET,114,116,8,2,10,0,9,0,446372.0,Corey Kluber,519455.0,Jordan Zimmermann,446372.0,519455.0,2394,Comerica Park,day,R
565027,2019-04-09,2019,TOR,BOS,141,111,7,5,12,0,9,0,533167.0,Matt Shoemaker,519242.0,Chris Sale,533167.0,519242.0,3,Fenway Park,day,R
567267,2019-04-09,2019,TB,CWS,139,145,10,5,15,0,9,0,450203.0,Charlie Morton,429722.0,Ervin Santana,450203.0,429722.0,4,Guaranteed Rate Field,day,R
565226,2019-04-09,2019,MIA,CIN,146,113,0,14,14,1,9,0,570632.0,José Ureña,622491.0,Luis Castillo,622491.0,570632.0,2602,Great American Ball Park,night,R
564934,2019-04-09,2019,OAK,BAL,133,110,13,2,15,0,9,0,474463.0,Brett Anderson,607644.0,John Means,474463.0,607644.0,2,Oriole Park at Camden Yards,night,R
567066,2019-04-09,2019,WSH,PHI,120,143,10,6,16,0,10,1,544931.0,Stephen Strasburg,605400.0,Aaron Nola,448281.0,501625.0,2681,Citizens Bank Park,night,R
565993,2019-04-09,2019,MIN,NYM,142,121,14,8,22,0,9,0,502043.0,Kyle Gibson,594798.0,Jacob deGrom,657610.0,594798.0,3289,Citi Field,night,R
566571,2019-04-09,2019,LAD,STL,119,138,0,4,4,1,9,0,548389.0,Ross Stripling,641712.0,Dakota Hudson,605154.0,548389.0,2889,Busch Stadium,night,R
565610,2019-04-10,2019,NYY,HOU,147,117,3,6,9,1,9,0,642528.0,Jonathan Loáisiga,543037.0,Gerrit Cole,444468.0,643338.0,2392,Minute Maid Park,night,R
565708,2019-04-10,2019,SEA,KC,136,118,6,3,9,0,9,0,594835.0,Marco Gonzales,596001.0,Jakob Junis,594835.0,596001.0,7,Kauffman Stadium,night,R
565417,2019-04-10,2019,ATL,COL,144,115,7,1,8,0,9,0,608331.0,Max Fried,608566.0,Germán Márquez,608331.0,608566.0,19,Coors Field,night,R
564836,2019-04-10,2019,TEX,ARI,140,109,4,5,9,1,9,0,501985.0,Mike Minor,425844.0,Zack Greinke,542882.0,600917.0,15,Chase Field,night,R
566475,2019-04-10,2019,SD,SF,135,137,2,7,9,1,9,0,664192.0,Joey Lucchesi,502706.0,Derek Holland,502706.0,664192.0,2395,Oracle Park,night,R
564739,2019-04-10,2019,MIL,LAA,158,108,8,11,19,1,9,0,642547.0,Freddy Peralta,518774.0,Matt Harvey,592135.0,592222.0,1,Angel Stadium,night,R
565514,2019-04-10,2019,CLE,DET,114,116,1,4,5,1,9,0,545333.0,Trevor Bauer,571510.0,Matthew Boyd,571510.0,545333.0,2394,Comerica Park,day,R
567268,2019-04-10,2019,TB,CWS,139,145,9,1,10,0,9,0,607192.0,Tyler Glasnow,625643.0,Reynaldo López,607192.0,625643.0,4,Guaranteed Rate Field,day,R
566476,2019-04-10,2019,SD,SF,135,137,3,1,4,0,9,0,676606.0,Nick Margevicius,605446.0,Dereck Rodríguez,676606.0,605446.0,2395,Oracle Park,day,R
565227,2019-04-10,2019,MIA,CIN,146,113,1,2,3,1,9,0,670950.0,Trevor Richards,641816.0,Tyler Mahle,607237.0,608716.0,2602,Great American Ball Park,night,R
564935,2019-04-10,2019,OAK,BAL,133,110,10,3,13,0,9,0,593423.0,Frankie Montas,573185.0,Dan Straily,593423.0,573185.0,2,Oriole Park at Camden Yards,night,R
567067,2019-04-10,2019,WSH,PHI,120,143,15,1,16,0,9,0,476451.0,Jeremy Hellickson,601713.0,Nick Pivetta,476451.0,601713.0,2681,Citizens Bank Park,night,R
565994,2019-04-10,2019,MIN,NYM,142,121,6,9,15,1,9,0,543606.0,Jake Odorizzi,592789.0,Noah Syndergaard,592789.0,543606.0,3289,Citi Field,night,R
565611,2019-04-10,2019,NYY,HOU,147,117,6,8,14,1,9,0,572020.0,James Paxton,543521.0,Collin McHugh,543521.0,572020.0,2392,Minute Maid Park,night,R
566572,2019-04-10,2019,LAD,STL,119,138,2,7,9,1,9,0,628317.0,Kenta Maeda,656427.0,Jack Flaherty,656427.0,628317.0,2889,Busch Stadium,night,R
565125,2019-04-11,2019,PIT,CHC,134,112,5,2,7,0,9,0,543475.0,Jordan Lyles,506433.0,Yu Darvish,543475.0,506433.0,17,Wrigley Field,night,R
565709,2019-04-11,2019,SEA,KC,136,118,6,5,11,0,9,0,579328.0,Yusei Kikuchi,641571.0,Heath Fillmyer,461872.0,502202.0,7,Kauffman Stadium,night,R
564837,2019-04-11,2019,TEX,ARI,140,109,5,2,7,0,9,0,458681.0,Lance Lynn,592662.0,Robbie Ray,458681.0,605177.0,15,Chase Field,night,R
564740,2019-04-11,2019,MIL,LAA,158,108,2,4,6,1,9,0,605540.0,Brandon Woodruff,570240.0,Félix Peña,642545.0,605540.0,1,Angel Stadium,night,R
565418,2019-04-10,2019,ATL,COL,144,115,0,0,0,0,9,0,,,,,,,19,Coors Field,day,R
564936,2019-04-11,2019,OAK,BAL,133,110,8,5,13,0,9,0,605156.0,Aaron Brooks,605164.0,Dylan Bundy,605156.0,605164.0,2,Oriole Park at Camden Yards,day,R
565228,2019-04-11,2019,MIA,CIN,146,113,0,5,5,1,9,0,641154.0,Pablo López,543243.0,Sonny Gray,596112.0,641154.0,2602,Great American Ball Park,day,R
565515,2019-04-11,2019,CLE,DET,114,116,4,0,4,0,9,0,669456.0,Shane Bieber,605513.0,Spencer Turnbull,669456.0,605513.0,2394,Comerica Park,day,R
565710,2019-04-11,2019,SEA,KC,136,118,7,6,13,0,10,1,502190.0,Mike Leake,605347.0,Jorge López,592165.0,642098.0,7,Kauffman Stadium,day,R
566573,2019-04-11,2019,LAD,STL,119,138,7,11,18,1,9,0,621111.0,Walker Buehler,608379.0,Michael Wacha,606149.0,520980.0,2889,Busch Stadium,day,R
565028,2019-04-11,2019,TOR,BOS,141,111,6,7,13,1,9,0,592717.0,Aaron Sanchez,543135.0,Nathan Eovaldi,519393.0,571704.0,3,Fenway Park,night,R
567163,2019-04-11,2019,NYM,ATL,121,144,6,3,9,0,9,0,571927.0,Steven Matz,592332.0,Kevin Gausman,571927.0,592332.0,4705,SunTrust Park,night,R
565126,2019-04-11,2019,PIT,CHC,134,112,0,2,2,1,9,0,605397.0,Joe Musgrove,500779.0,Jose Quintana,500779.0,605397.0,17,Wrigley Field,night,R
564838,2019-04-12,2019,SD,ARI,135,109,7,6,13,0,9,0,658648.0,Pedro Avila,643327.0,Zack Godley,489334.0,605151.0,15,Chase Field,night,R
566477,2019-04-12,2019,COL,SF,115,137,0,1,1,1,9,0,592351.0,Jon Gray,502188.0,Jeff Samardzija,502188.0,592351.0,2395,Oracle Park,night,R
565127,2019-04-12,2019,LAA,CHC,108,112,1,5,6,1,9,0,572140.0,Tyler Skaggs,430935.0,Cole Hamels,430935.0,572140.0,17,Wrigley Field,day,R
565900,2019-04-12,2019,PIT,WSH,134,120,6,3,9,0,10,1,592866.0,Trevor Williams,571578.0,Patrick Corbin,595897.0,594840.0,3309,Nationals Park,night,R
567462,2019-04-12,2019,CWS,NYY,145,147,9,6,15,0,7,0,608337.0,Lucas Giolito,457918.0,J.A. Happ,608337.0,457918.0,3313,Yankee Stadium,night,R
566871,2019-04-12,2019,TB,TOR,139,141,11,7,18,0,9,0,592773.0,Ryne Stanek,663423.0,Trent Thornton,642232.0,663423.0,14,Rogers Centre,night,R
565029,2019-04-12,2019,BAL,BOS,110,111,4,6,10,1,9,0,605276.0,David Hess,593958.0,Eduardo Rodriguez,593958.0,605276.0,3,Fenway Park,night,R
567366,2019-04-12,2019,PHI,MIA,143,146,9,1,10,0,9,0,453562.0,Jake Arrieta,645261.0,Sandy Alcantara,453562.0,645261.0,4169,Marlins Park,night,R
567164,2019-04-12,2019,NYM,ATL,121,144,6,2,8,0,9,0,554430.0,Zack Wheeler,657140.0,Kyle Wright,554430.0,657140.0,4705,SunTrust Park,night,R
566769,2019-04-13,2019,OAK,TEX,133,140,8,6,14,0,9,0,571666.0,Mike Fiers,592767.0,Drew Smyly,642152.0,455119.0,13,Globe Life Park in Arlington,night,R
565711,2019-04-13,2019,CLE,KC,114,118,1,8,9,1,9,0,471911.0,Carlos Carrasco,641745.0,Brad Keller,641745.0,471911.0,7,Kauffman Stadium,night,R
564839,2019-04-13,2019,SD,ARI,135,109,2,1,3,0,9,0,663978.0,Chris Paddack,596133.0,Luke Weaver,622103.0,596133.0,15,Chase Field,night,R
566378,2019-04-13,2019,HOU,SEA,117,136,10,6,16,0,9,0,489119.0,Wade Miley,453281.0,Wade LeBlanc,502748.0,542888.0,680,T-Mobile Park,night,R
565806,2019-04-13,2019,MIL,LAD,158,119,8,5,13,0,9,0,669203.0,Corbin Burnes,628711.0,Julio Urías,458006.0,628711.0,22,Dodger Stadium,night,R
566478,2019-04-13,2019,COL,SF,115,137,2,3,5,1,18,1,518452.0,Chad Bettis,519141.0,Drew Pomeranz,664157.0,597113.0,2395,Oracle Park,night,R
566965,2019-04-13,2019,DET,MIN,116,142,0,0,0,0,9,0,,,,,,,3312,Target Field,night,R
565030,2019-04-13,2019,BAL,BOS,110,111,9,5,14,0,9,0,488768.0,Andrew Cashner,519144.0,Rick Porcello,488768.0,519144.0,3,Fenway Park,day,R
567463,2019-04-13,2019,CWS,NYY,145,147,0,4,4,1,9,0,467100.0,Iván Nova,282332.0,CC Sabathia,593334.0,467100.0,3313,Yankee Stadium,day,R
566966,2019-04-13,2019,DET,MIN,116,142,3,4,7,1,9,0,475115.0,Tyson Ross,501381.0,Michael Pineda,501381.0,475115.0,3312,Target Field,day,R
565128,2019-04-13,2019,LAA,CHC,108,112,6,5,11,0,9,0,608717.0,Chris Stratton,543294.0,Kyle Hendricks,621142.0,543294.0,17,Wrigley Field,day,R
566872,2019-04-13,2019,TB,TOR,139,141,1,3,4,1,9,0,605483.0,Blake Snell,453329.0,Clay Buchholz,623381.0,475054.0,14,Rogers Centre,day,R
565901,2019-04-13,2019,PIT,WSH,134,120,2,3,5,1,9,0,502042.0,Chris Archer,434671.0,Aníbal Sánchez,593833.0,593144.0,3309,Nationals Park,day,R
566479,2019-04-13,2019,COL,SF,115,137,2,5,7,1,9,0,607536.0,Kyle Freeland,518516.0,Madison Bumgarner,518516.0,607536.0,2395,Oracle Park,day,R
567367,2019-04-13,2019,PHI,MIA,143,146,3,10,13,1,9,0,621107.0,Zach Eflin,592761.0,Caleb Smith,592761.0,621107.0,4169,Marlins Park,night,R
565229,2019-04-13,2019,STL,CIN,138,113,2,5,7,1,9,0,425794.0,Adam Wainwright,543699.0,Tanner Roark,453172.0,425794.0,2701,Estadio de Beisbol Monterrey,night,R
565712,2019-04-13,2019,CLE,KC,114,118,0,3,3,1,9,0,622446.0,Jefry Rodriguez,456701.0,Homer Bailey,456701.0,622446.0,7,Kauffman Stadium,night,R
567165,2019-04-13,2019,NYM,ATL,121,144,7,11,18,1,9,0,450306.0,Jason Vargas,656794.0,Sean Newcomb,657053.0,621261.0,4705,SunTrust Park,night,R
564840,2019-04-14,2019,SD,ARI,135,109,5,4,9,0,9,0,621381.0,Matt Strahm,518876.0,Merrill Kelly,489334.0,542882.0,15,Chase Field,night,R
566379,2019-04-14,2019,HOU,SEA,117,136,3,1,4,0,9,0,434378.0,Justin Verlander,433587.0,Félix Hernández,434378.0,433587.0,680,T-Mobile Park,night,R
565807,2019-04-14,2019,MIL,LAD,158,119,4,1,5,0,9,0,605200.0,Zach Davies,657571.0,Caleb Ferguson,605200.0,657571.0,22,Dodger Stadium,night,R
566770,2019-04-14,2019,OAK,TEX,133,140,0,0,0,0,9,0,462136.0,Marco Estrada,592716.0,Adrian Sampson,,,13,Globe Life Park in Arlington,night,R
565031,2019-04-14,2019,BAL,BOS,110,111,0,4,4,1,9,0,607644.0,John Means,456034.0,David Price,456034.0,607644.0,3,Fenway Park,day,R
567464,2019-04-14,2019,CWS,NYY,145,147,5,2,7,0,9,0,607074.0,Carlos Rodón,547888.0,Masahiro Tanaka,607074.0,547888.0,3313,Yankee Stadium,day,R
566873,2019-04-14,2019,TB,TOR,139,141,8,4,12,0,9,0,450203.0,Charlie Morton,573186.0,Marcus Stroman,592473.0,573186.0,14,Rogers Centre,day,R
567368,2019-04-14,2019,PHI,MIA,143,146,3,1,4,0,14,1,592826.0,Vince Velasquez,570632.0,José Ureña,644364.0,612672.0,4169,Marlins Park,day,R
565902,2019-04-14,2019,PIT,WSH,134,120,4,3,7,0,9,0,592791.0,Jameson Taillon,453286.0,Max Scherzer,553878.0,593833.0,3309,Nationals Park,day,R
566967,2019-04-14,2019,DET,MIN,116,142,4,6,10,1,9,0,519455.0,Jordan Zimmermann,621244.0,José Berríos,621244.0,519455.0,3312,Target Field,day,R
565713,2019-04-14,2019,CLE,KC,114,118,8,9,17,1,9,0,446372.0,Corey Kluber,596001.0,Jakob Junis,503449.0,543272.0,7,Kauffman Stadium,day,R
566771,2019-04-14,2019,OAK,TEX,133,140,7,8,15,1,9,0,474463.0,Brett Anderson,592716.0,Adrian Sampson,605488.0,465657.0,13,Globe Life Park in Arlington,day,R
566480,2019-04-14,2019,COL,SF,115,137,4,0,4,0,9,0,608566.0,Germán Márquez,502706.0,Derek Holland,608566.0,502706.0,2395,Oracle Park,day,R
564841,2019-04-14,2019,SD,ARI,135,109,4,8,12,1,9,0,641778.0,Eric Lauer,425844.0,Zack Greinke,425844.0,641778.0,15,Chase Field,day,R
566380,2019-04-14,2019,HOU,SEA,117,136,3,2,5,0,9,0,543037.0,Gerrit Cole,594835.0,Marco Gonzales,543037.0,592165.0,680,T-Mobile Park,day,R
565230,2019-04-14,2019,STL,CIN,138,113,9,5,14,0,9,0,571945.0,Miles Mikolas,543101.0,Anthony DeSclafani,607231.0,607237.0,2701,Estadio de Beisbol Monterrey,day,R
565808,2019-04-14,2019,MIL,LAD,158,119,1,7,8,1,9,0,468504.0,Jhoulys Chacín,548389.0,Ross Stripling,548389.0,468504.0,22,Dodger Stadium,day,R
567166,2019-04-14,2019,NYM,ATL,121,144,3,7,10,1,9,0,594798.0,Jacob deGrom,527054.0,Julio Teheran,527054.0,594798.0,4705,SunTrust Park,night,R
565129,2019-04-14,2019,LAA,CHC,108,112,0,0,0,0,9,0,,,,,,,17,Wrigley Field,day,R
565032,2019-04-15,2019,BAL,BOS,110,111,8,1,9,0,9,0,573185.0,Dan Straily,584171.0,Hector Velázquez,573185.0,584171.0,3,Fenway Park,day,R
567068,2019-04-15,2019,NYM,PHI,121,143,7,6,13,0,11,1,592789.0,Noah Syndergaard,605400.0,Aaron Nola,501593.0,450212.0,2681,Citizens Bank Park,night,R
567369,2019-04-15,2019,CHC,MIA,112,146,7,2,9,0,9,0,506433.0,Yu Darvish,670950.0,Trevor Richards,506433.0,670950.0,4169,Marlins Park,night,R
566968,2019-04-15,2019,TOR,MIN,141,142,5,3,8,0,9,0,533167.0,Matt Shoemaker,527048.0,Martín Pérez,543208.0,606167.0,3312,Target Field,night,R
567559,2019-04-15,2019,STL,MIL,138,158,7,10,17,1,9,0,641712.0,Dakota Hudson,642547.0,Freddy Peralta,448855.0,594577.0,32,Miller Park,night,R
566772,2019-04-16,2019,LAA,TEX,108,140,7,12,19,1,9,0,502239.0,Trevor Cahill,571946.0,Shelby Miller,664871.0,592135.0,13,Globe Life Park in Arlington,night,R
567269,2019-04-16,2019,KC,CWS,118,145,4,5,9,1,9,0,641571.0,Heath Fillmyer,429722.0,Ervin Santana,544365.0,502202.0,4,Guaranteed Rate Field,night,R
565809,2019-04-16,2019,CIN,LAD,113,119,3,4,7,1,9,0,622491.0,Luis Castillo,477132.0,Clayton Kershaw,445276.0,628452.0,22,Dodger Stadium,night,R
566282,2019-04-16,2019,COL,SD,115,135,5,2,7,0,9,0,622608.0,Antonio Senzatela,664192.0,Joey Lucchesi,622608.0,664192.0,2680,Petco Park,night,R
566381,2019-04-16,2019,CLE,SEA,114,136,6,4,10,0,9,0,545333.0,Trevor Bauer,579328.0,Yusei Kikuchi,545333.0,579328.0,680,T-Mobile Park,night,R
567465,2019-04-16,2019,BOS,NYY,111,147,0,8,8,1,9,0,519242.0,Chris Sale,572020.0,James Paxton,572020.0,519242.0,3313,Yankee Stadium,night,R
565516,2019-04-16,2019,PIT,DET,134,116,5,3,8,0,10,1,605397.0,Joe Musgrove,571510.0,Matthew Boyd,605309.0,572888.0,2394,Comerica Park,night,R
565903,2019-04-16,2019,SF,WSH,137,120,7,3,10,0,9,0,605446.0,Dereck Rodríguez,544931.0,Stephen Strasburg,605446.0,544931.0,3309,Nationals Park,night,R
567069,2019-04-16,2019,NYM,PHI,121,143,3,14,17,1,9,0,571927.0,Steven Matz,601713.0,Nick Pivetta,601713.0,571927.0,2681,Citizens Bank Park,night,R
566671,2019-04-16,2019,BAL,TB,110,139,2,4,6,1,9,0,605164.0,Dylan Bundy,607192.0,Tyler Glasnow,607192.0,605164.0,12,Tropicana Field,night,R
567370,2019-04-16,2019,CHC,MIA,112,146,4,0,4,0,9,0,500779.0,Jose Quintana,641154.0,Pablo López,500779.0,641154.0,4169,Marlins Park,night,R
567167,2019-04-16,2019,ARI,ATL,109,144,9,6,15,0,9,0,592662.0,Robbie Ray,608331.0,Max Fried,673633.0,621345.0,4705,SunTrust Park,night,R
566969,2019-04-16,2019,TOR,MIN,141,142,6,5,11,0,9,0,592717.0,Aaron Sanchez,502043.0,Kyle Gibson,592717.0,543507.0,3312,Target Field,night,R
567560,2019-04-16,2019,STL,MIL,138,158,4,8,12,1,9,0,656427.0,Jack Flaherty,605540.0,Brandon Woodruff,605540.0,656427.0,32,Miller Park,night,R
566773,2019-04-17,2019,LAA,TEX,108,140,0,5,5,1,9,0,642545.0,Jaime Barria,501985.0,Mike Minor,501985.0,642545.0,13,Globe Life Park in Arlington,night,R
567270,2019-04-17,2019,KC,CWS,118,145,1,5,6,1,9,0,605347.0,Jorge López,625643.0,Reynaldo López,625643.0,605347.0,4,Guaranteed Rate Field,night,R
566283,2019-04-17,2019,COL,SD,115,135,8,2,10,0,9,0,592351.0,Jon Gray,676606.0,Nick Margevicius,592351.0,676606.0,2680,Petco Park,night,R
566094,2019-04-17,2019,HOU,OAK,117,133,9,1,10,0,9,0,543521.0,Collin McHugh,462136.0,Marco Estrada,543521.0,462136.0,10,Oakland Coliseum,night,R
565810,2019-04-17,2019,CIN,LAD,113,119,1,6,7,1,9,0,641816.0,Tyler Mahle,628317.0,Kenta Maeda,628317.0,641816.0,22,Dodger Stadium,night,R
566382,2019-04-17,2019,CLE,SEA,114,136,4,2,6,0,9,0,669456.0,Shane Bieber,502190.0,Mike Leake,669456.0,502190.0,680,T-Mobile Park,night,R
567070,2019-04-17,2019,NYM,PHI,121,143,2,3,5,1,9,0,554430.0,Zack Wheeler,453562.0,Jake Arrieta,453562.0,554430.0,2681,Citizens Bank Park,day,R
567561,2019-04-17,2019,STL,MIL,138,158,6,3,9,0,9,0,608379.0,Michael Wacha,669203.0,Corbin Burnes,608379.0,669203.0,32,Miller Park,day,R
567271,2019-04-17,2019,KC,CWS,118,145,4,3,7,0,10,1,641745.0,Brad Keller,608337.0,Lucas Giolito,503449.0,518858.0,4,Guaranteed Rate Field,day,R
565811,2019-04-17,2019,CIN,LAD,113,119,2,3,5,1,9,0,543243.0,Sonny Gray,621111.0,Walker Buehler,621111.0,543243.0,22,Dodger Stadium,day,R
567466,2019-04-17,2019,BOS,NYY,111,147,3,5,8,1,9,0,543135.0,Nathan Eovaldi,457918.0,J.A. Happ,592454.0,519443.0,3313,Yankee Stadium,night,R
565517,2019-04-17,2019,PIT,DET,134,116,3,2,5,0,10,1,592866.0,Trevor Williams,605513.0,Spencer Turnbull,595897.0,571656.0,2394,Comerica Park,night,R
566383,2019-04-17,2019,CLE,SEA,114,136,1,0,1,0,9,0,471911.0,Carlos Carrasco,657024.0,Erik Swanson,471911.0,657024.0,680,T-Mobile Park,day,R
565904,2019-04-17,2019,SF,WSH,137,120,6,9,15,1,9,0,502188.0,Jeff Samardzija,476451.0,Jeremy Hellickson,476451.0,502188.0,3309,Nationals Park,night,R
566672,2019-04-17,2019,BAL,TB,110,139,1,8,9,1,9,0,605276.0,David Hess,592773.0,Ryne Stanek,630023.0,605276.0,12,Tropicana Field,night,R
567371,2019-04-17,2019,CHC,MIA,112,146,6,0,6,0,9,0,430935.0,Cole Hamels,645261.0,Sandy Alcantara,430935.0,645261.0,4169,Marlins Park,night,R
567168,2019-04-17,2019,ARI,ATL,109,144,3,2,5,0,10,1,643327.0,Zack Godley,592332.0,Kevin Gausman,605151.0,592145.0,4705,SunTrust Park,night,R
566970,2019-04-17,2019,TOR,MIN,141,142,1,4,5,1,9,0,663423.0,Trent Thornton,543606.0,Jake Odorizzi,543606.0,663423.0,3312,Target Field,night,R
566774,2019-04-18,2019,LAA,TEX,108,140,4,5,9,1,9,0,518774.0,Matt Harvey,458681.0,Lance Lynn,458681.0,518774.0,13,Globe Life Park in Arlington,night,R
566095,2019-04-18,2019,HOU,OAK,117,133,1,2,3,1,9,0,489119.0,Wade Miley,593423.0,Frankie Montas,593423.0,489119.0,10,Oakland Coliseum,night,R
567169,2019-04-18,2019,ARI,ATL,109,144,4,1,5,0,9,0,596133.0,Luke Weaver,647336.0,Michael Soroka,596133.0,647336.0,4705,SunTrust Park,day,R
565905,2019-04-18,2019,SF,WSH,137,120,2,4,6,1,9,0,519141.0,Drew Pomeranz,571578.0,Patrick Corbin,571578.0,519141.0,3309,Nationals Park,day,R
566971,2019-04-18,2019,TOR,MIN,141,142,7,4,11,0,9,0,453329.0,Clay Buchholz,501381.0,Michael Pineda,607352.0,501381.0,3312,Target Field,day,R
565518,2019-04-18,2019,CWS,DET,145,116,7,9,16,1,9,0,467100.0,Iván Nova,475115.0,Tyson Ross,572403.0,608334.0,2394,Comerica Park,day,R
567467,2019-04-18,2019,KC,NYY,118,147,6,1,7,0,9,0,456701.0,Homer Bailey,593334.0,Domingo Germán,456701.0,593334.0,3313,Yankee Stadium,night,R
566673,2019-04-18,2019,BAL,TB,110,139,6,5,11,0,11,1,488768.0,Andrew Cashner,621056.0,Hunter Wood,607644.0,650895.0,12,Tropicana Field,night,R
567562,2019-04-19,2019,LAD,MIL,119,158,3,1,4,0,9,0,628711.0,Julio Urías,605200.0,Zach Davies,628711.0,458006.0,32,Miller Park,night,R
565419,2019-04-19,2019,PHI,COL,143,115,2,6,8,1,9,0,621107.0,Zach Eflin,607536.0,Kyle Freeland,607536.0,621107.0,19,Coors Field,night,R
564741,2019-04-19,2019,SEA,LAA,136,108,11,10,21,0,9,0,433587.0,Félix Hernández,608717.0,Chris Stratton,461872.0,592102.0,1,Angel Stadium,night,R
566284,2019-04-19,2019,CIN,SD,113,135,4,1,5,0,9,0,543699.0,Tanner Roark,663978.0,Chris Paddack,543699.0,663978.0,2680,Petco Park,night,R
565130,2019-04-19,2019,ARI,CHC,109,112,1,5,6,1,9,0,518876.0,Merrill Kelly,543294.0,Kyle Hendricks,543294.0,518876.0,17,Wrigley Field,day,R
566186,2019-04-19,2019,SF,PIT,137,134,1,4,5,1,9,0,518516.0,Madison Bumgarner,543475.0,Jordan Lyles,543475.0,518516.0,31,PNC Park,night,R
567468,2019-04-19,2019,KC,NYY,118,147,2,6,8,1,9,0,596001.0,Jakob Junis,282332.0,CC Sabathia,282332.0,596001.0,3313,Yankee Stadium,night,R
566674,2019-04-19,2019,BOS,TB,111,139,6,4,10,0,9,0,593958.0,Eduardo Rodriguez,592773.0,Ryne Stanek,519443.0,650895.0,12,Tropicana Field,night,R
565519,2019-04-19,2019,CWS,DET,145,116,7,3,10,0,9,0,607074.0,Carlos Rodón,519455.0,Jordan Zimmermann,607074.0,519455.0,2394,Comerica Park,night,R
567372,2019-04-19,2019,WSH,MIA,120,146,2,3,5,1,9,0,434671.0,Aníbal Sánchez,592761.0,Caleb Smith,592761.0,434671.0,4169,Marlins Park,night,R
566775,2019-04-20,2019,HOU,TEX,117,140,7,2,9,0,9,0,434378.0,Justin Verlander,592767.0,Drew Smyly,434378.0,592767.0,13,Globe Life Park in Arlington,night,R
567563,2019-04-20,2019,LAD,MIL,119,158,5,3,8,0,9,0,548389.0,Ross Stripling,468504.0,Jhoulys Chacín,520980.0,623352.0,32,Miller Park,night,R
566574,2019-04-20,2019,NYM,STL,121,138,5,4,9,0,9,0,450306.0,Jason Vargas,425794.0,Adam Wainwright,607625.0,425794.0,2889,Busch Stadium,night,R
565420,2019-04-20,2019,PHI,COL,143,115,3,4,7,1,12,1,592826.0,Vince Velasquez,608566.0,Germán Márquez,518452.0,504379.0,19,Coors Field,night,R
564742,2019-04-20,2019,SEA,LAA,136,108,5,3,8,0,9,0,594835.0,Marco Gonzales,570240.0,Félix Peña,573127.0,592102.0,1,Angel Stadium,night,R
566096,2019-04-20,2019,TOR,OAK,141,133,5,1,6,0,9,0,573186.0,Marcus Stroman,605156.0,Aaron Brooks,573186.0,605156.0,10,Oakland Coliseum,night,R
566285,2019-04-20,2019,CIN,SD,113,135,3,2,5,0,11,1,543101.0,Anthony DeSclafani,621381.0,Matt Strahm,453172.0,489334.0,2680,Petco Park,night,R
564937,2019-04-19,2019,MIN,BAL,142,110,0,0,0,0,9,0,,,,,,,2,Oriole Park at Camden Yards,night,R
565322,2019-04-19,2019,ATL,CLE,144,114,0,0,0,0,9,0,,,,,,,5,Progressive Field,night,R
567469,2019-04-20,2019,KC,NYY,118,147,2,9,11,1,9,0,641571.0,Heath Fillmyer,547888.0,Masahiro Tanaka,547888.0,641571.0,3313,Yankee Stadium,day,R
566575,2019-04-20,2019,NYM,STL,121,138,2,10,12,1,9,0,623167.0,Chris Flexen,571945.0,Miles Mikolas,571945.0,623167.0,2889,Busch Stadium,day,R
565131,2019-04-20,2019,ARI,CHC,109,112,6,0,6,0,9,0,425844.0,Zack Greinke,506433.0,Yu Darvish,425844.0,506433.0,17,Wrigley Field,day,R
566187,2019-04-20,2019,SF,PIT,137,134,1,3,4,1,5,0,502706.0,Derek Holland,592791.0,Jameson Taillon,592791.0,502706.0,31,PNC Park,day,R
564938,2019-04-20,2019,MIN,BAL,142,110,6,5,11,0,9,0,621244.0,José Berríos,573185.0,Dan Straily,621244.0,642231.0,2,Oriole Park at Camden Yards,night,R
564937,2019-04-20,2019,MIN,BAL,142,110,16,7,23,0,9,0,527048.0,Martín Pérez,502171.0,Alex Cobb,527048.0,502171.0,2,Oriole Park at Camden Yards,night,R
566097,2019-04-20,2019,TOR,OAK,141,133,10,1,11,0,9,0,533167.0,Matt Shoemaker,571666.0,Mike Fiers,543208.0,571666.0,10,Oakland Coliseum,day,R
565323,2019-04-20,2019,ATL,CLE,144,114,4,8,12,1,9,0,527054.0,Julio Teheran,446372.0,Corey Kluber,446372.0,527054.0,5,Progressive Field,night,R
565322,2019-04-20,2019,ATL,CLE,144,114,8,7,15,0,9,0,657053.0,Touki Toussaint,545333.0,Trevor Bauer,592426.0,643256.0,5,Progressive Field,night,R
566675,2019-04-20,2019,BOS,TB,111,139,6,5,11,0,9,0,519144.0,Rick Porcello,450203.0,Charlie Morton,598264.0,621237.0,12,Tropicana Field,night,R
567373,2019-04-20,2019,WSH,MIA,120,146,3,9,12,1,9,0,453286.0,Max Scherzer,570632.0,José Ureña,570632.0,453286.0,4169,Marlins Park,night,R
567564,2019-04-20,2019,LAD,MIL,119,158,0,5,5,1,9,0,547943.0,Hyun Jin Ryu,502624.0,Chase Anderson,502624.0,547943.0,32,Miller Park,night,R
566776,2019-04-21,2019,HOU,TEX,117,140,4,9,13,1,9,0,543037.0,Gerrit Cole,592716.0,Adrian Sampson,518875.0,543037.0,13,Globe Life Park in Arlington,night,R
565421,2019-04-21,2019,PHI,COL,143,115,8,5,13,0,9,0,605400.0,Aaron Nola,622608.0,Antonio Senzatela,605400.0,622608.0,19,Coors Field,night,R
566286,2019-04-21,2019,CIN,SD,113,135,4,2,6,0,9,0,622491.0,Luis Castillo,641778.0,Eric Lauer,622491.0,641778.0,2680,Petco Park,night,R
564743,2019-04-21,2019,SEA,LAA,136,108,6,5,11,0,9,0,579328.0,Yusei Kikuchi,502239.0,Trevor Cahill,579328.0,502239.0,1,Angel Stadium,night,R
565520,2019-04-20,2019,CWS,DET,145,116,0,0,0,0,9,0,,,,,,,2394,Comerica Park,day,R
564939,2019-04-21,2019,MIN,BAL,142,110,4,3,7,0,9,0,502043.0,Kyle Gibson,605164.0,Dylan Bundy,502043.0,605164.0,2,Oriole Park at Camden Yards,day,R
567470,2019-04-21,2019,KC,NYY,118,147,6,7,13,1,10,1,605347.0,Jorge López,572020.0,James Paxton,502154.0,518617.0,3313,Yankee Stadium,day,R
565521,2019-04-21,2019,CWS,DET,145,116,3,4,7,1,9,0,625643.0,Reynaldo López,596057.0,Daniel Norris,596057.0,625643.0,2394,Comerica Park,day,R
567374,2019-04-21,2019,WSH,MIA,120,146,5,0,5,0,9,0,544931.0,Stephen Strasburg,670950.0,Trevor Richards,544931.0,670950.0,4169,Marlins Park,day,R
566188,2019-04-21,2019,SF,PIT,137,134,3,2,5,0,9,0,605446.0,Dereck Rodríguez,502042.0,Chris Archer,605446.0,502042.0,31,PNC Park,day,R
566676,2019-04-21,2019,BOS,TB,111,139,4,3,7,0,11,1,456034.0,David Price,607192.0,Tyler Glasnow,519393.0,621237.0,12,Tropicana Field,day,R
567565,2019-04-21,2019,LAD,MIL,119,158,6,5,11,0,9,0,477132.0,Clayton Kershaw,605540.0,Brandon Woodruff,445276.0,623352.0,32,Miller Park,day,R
566576,2019-04-21,2019,NYM,STL,121,138,4,6,10,1,9,0,592789.0,Noah Syndergaard,641712.0,Dakota Hudson,641712.0,592789.0,2889,Busch Stadium,day,R
565132,2019-04-21,2019,ARI,CHC,109,112,1,2,3,1,9,0,592662.0,Robbie Ray,543022.0,Tyler Chatwood,467008.0,605151.0,17,Wrigley Field,day,R
566777,2019-04-21,2019,HOU,TEX,117,140,10,11,21,1,9,0,543521.0,Collin McHugh,571946.0,Shelby Miller,571946.0,543521.0,13,Globe Life Park in Arlington,day,R
565422,2019-04-21,2019,PHI,COL,143,115,1,4,5,1,9,0,595191.0,Jerad Eickhoff,592351.0,Jon Gray,592351.0,595191.0,19,Coors Field,day,R
564744,2019-04-21,2019,SEA,LAA,136,108,6,8,14,1,9,0,502190.0,Mike Leake,570663.0,Hansel Robles,642545.0,502190.0,1,Angel Stadium,day,R
566098,2019-04-21,2019,TOR,OAK,141,133,5,4,9,0,9,0,592717.0,Aaron Sanchez,474463.0,Brett Anderson,543339.0,474463.0,10,Oakland Coliseum,day,R
566287,2019-04-21,2019,CIN,SD,113,135,3,4,7,1,9,0,641816.0,Tyler Mahle,664192.0,Joey Lucchesi,664192.0,641816.0,2680,Petco Park,day,R
565324,2019-04-21,2019,ATL,CLE,144,114,11,5,16,0,9,0,608331.0,Max Fried,669456.0,Shane Bieber,608331.0,669456.0,5,Progressive Field,night,R
566189,2019-04-22,2019,ARI,PIT,109,134,12,4,16,0,9,0,643327.0,Zack Godley,605397.0,Joe Musgrove,542882.0,605195.0,31,PNC Park,night,R
564940,2019-04-22,2019,CWS,BAL,145,110,12,2,14,0,9,0,544365.0,Manny Banuelos,605276.0,David Hess,605240.0,605276.0,2,Oriole Park at Camden Yards,night,R
566677,2019-04-22,2019,KC,TB,118,139,3,6,9,1,9,0,641745.0,Brad Keller,630023.0,Yonny Chirinos,521655.0,641745.0,12,Tropicana Field,night,R
565995,2019-04-22,2019,PHI,NYM,143,121,1,5,6,1,9,0,453562.0,Jake Arrieta,571927.0,Steven Matz,571927.0,453562.0,3289,Citi Field,night,R
566577,2019-04-22,2019,MIL,STL,158,138,5,13,18,1,9,0,605288.0,Adrian Houser,656427.0,Jack Flaherty,656427.0,605288.0,2889,Busch Stadium,night,R
565612,2019-04-23,2019,MIN,HOU,142,117,9,5,14,0,9,0,543606.0,Jake Odorizzi,502748.0,Brad Peacock,543606.0,502748.0,2392,Minute Maid Park,night,R
565423,2019-04-23,2019,WSH,COL,120,115,5,7,12,1,9,0,476451.0,Jeremy Hellickson,542881.0,Tyler Anderson,493200.0,593833.0,19,Coors Field,night,R
566099,2019-04-23,2019,TEX,OAK,140,133,1,6,7,1,9,0,501985.0,Mike Minor,605135.0,Chris Bassitt,605135.0,501985.0,10,Oakland Coliseum,night,R
564745,2019-04-23,2019,NYY,LAA,147,108,4,3,7,0,14,1,457918.0,J.A. Happ,518774.0,Matt Harvey,656547.0,572703.0,1,Angel Stadium,night,R
565033,2019-04-22,2019,DET,BOS,116,111,0,0,0,0,9,0,571510.0,Matthew Boyd,519242.0,Chris Sale,,,3,Fenway Park,night,R
565033,2019-04-23,2019,DET,BOS,116,111,7,4,11,0,9,0,571510.0,Matthew Boyd,519242.0,Chris Sale,571510.0,605155.0,3,Fenway Park,day,R
565034,2019-04-23,2019,DET,BOS,116,111,4,2,6,0,9,0,605513.0,Spencer Turnbull,584171.0,Hector Velázquez,605513.0,584171.0,3,Fenway Park,night,R
565325,2019-04-23,2019,MIA,CLE,146,114,3,1,4,0,9,0,641154.0,Pablo López,471911.0,Carlos Carrasco,641154.0,519166.0,5,Progressive Field,night,R
565231,2019-04-23,2019,ATL,CIN,144,113,6,7,13,1,9,0,592332.0,Kevin Gausman,543243.0,Sonny Gray,596112.0,592332.0,2602,Great American Ball Park,night,R
566190,2019-04-23,2019,ARI,PIT,109,134,2,1,3,0,9,0,596133.0,Luke Weaver,592866.0,Trevor Williams,596133.0,592866.0,31,PNC Park,night,R
564941,2019-04-23,2019,CWS,BAL,145,110,1,9,10,1,9,0,467100.0,Iván Nova,488768.0,Andrew Cashner,488768.0,467100.0,2,Oriole Park at Camden Yards,night,R
566874,2019-04-23,2019,SF,TOR,137,141,7,6,13,0,9,0,502188.0,Jeff Samardzija,663423.0,Trent Thornton,502188.0,663423.0,14,Rogers Centre,night,R
566678,2019-04-23,2019,KC,TB,118,139,2,5,7,1,9,0,456701.0,Homer Bailey,592773.0,Ryne Stanek,656222.0,456701.0,12,Tropicana Field,night,R
565996,2019-04-23,2019,PHI,NYM,143,121,0,9,9,1,9,0,621107.0,Zach Eflin,554430.0,Zack Wheeler,554430.0,621107.0,3289,Citi Field,night,R
566578,2019-04-23,2019,MIL,STL,158,138,3,4,7,1,9,0,605200.0,Zach Davies,594965.0,Daniel Ponce de Leon,453192.0,543935.0,2889,Busch Stadium,night,R
565133,2019-04-24,2019,LAD,CHC,119,112,2,7,9,1,9,0,628317.0,Kenta Maeda,500779.0,Jose Quintana,500779.0,628317.0,17,Wrigley Field,night,R
565613,2019-04-24,2019,MIN,HOU,142,117,4,10,14,1,9,0,501381.0,Michael Pineda,489119.0,Wade Miley,444468.0,657610.0,2392,Minute Maid Park,night,R
565424,2019-04-24,2019,WSH,COL,120,115,6,3,9,0,9,0,571578.0,Patrick Corbin,656546.0,Jeff Hoffman,571578.0,656546.0,19,Coors Field,night,R
566100,2019-04-24,2019,TEX,OAK,140,133,5,11,16,1,9,0,458681.0,Lance Lynn,593423.0,Frankie Montas,593423.0,458681.0,10,Oakland Coliseum,night,R
564746,2019-04-24,2019,NYY,LAA,147,108,7,5,12,0,9,0,593334.0,Domingo Germán,608717.0,Chris Stratton,593334.0,608717.0,1,Angel Stadium,night,R
566288,2019-04-24,2019,SEA,SD,136,135,3,6,9,1,9,0,657024.0,Erik Swanson,676606.0,Nick Margevicius,676606.0,657024.0,2680,Petco Park,night,R
566679,2019-04-24,2019,KC,TB,118,139,10,2,12,0,9,0,596001.0,Jakob Junis,605483.0,Blake Snell,596001.0,605483.0,12,Tropicana Field,day,R
565326,2019-04-24,2019,MIA,CLE,146,114,2,6,8,1,9,0,645261.0,Sandy Alcantara,622446.0,Jefry Rodriguez,621295.0,543045.0,5,Progressive Field,day,R
566579,2019-04-24,2019,MIL,STL,158,138,2,5,7,1,9,0,468504.0,Jhoulys Chacín,425794.0,Adam Wainwright,425794.0,468504.0,2889,Busch Stadium,day,R
565425,2019-04-24,2019,WSH,COL,120,115,5,9,14,1,9,0,434671.0,Aníbal Sánchez,608566.0,Germán Márquez,608566.0,434671.0,19,Coors Field,day,R
566101,2019-04-24,2019,TEX,OAK,140,133,5,6,11,1,9,0,664871.0,Kyle Dowdy,605156.0,Aaron Brooks,595014.0,455119.0,10,Oakland Coliseum,day,R
566289,2019-04-24,2019,SEA,SD,136,135,0,1,1,1,9,0,433587.0,Félix Hernández,663978.0,Chris Paddack,663978.0,433587.0,2680,Petco Park,day,R
566875,2019-04-24,2019,SF,TOR,137,141,4,0,4,0,9,0,519141.0,Drew Pomeranz,453329.0,Clay Buchholz,519141.0,453329.0,14,Rogers Centre,day,R
565232,2019-04-24,2019,ATL,CIN,144,113,3,1,4,0,9,0,647336.0,Michael Soroka,543699.0,Tanner Roark,647336.0,543699.0,2602,Great American Ball Park,night,R
566191,2019-04-24,2019,ARI,PIT,109,134,11,2,13,0,9,0,518876.0,Merrill Kelly,543475.0,Jordan Lyles,518876.0,543475.0,31,PNC Park,night,R
564942,2019-04-24,2019,CWS,BAL,145,110,3,4,7,1,9,0,429722.0,Ervin Santana,607644.0,John Means,607644.0,429722.0,2,Oriole Park at Camden Yards,night,R
565035,2019-04-24,2019,DET,BOS,116,111,4,11,15,1,9,0,475115.0,Tyson Ross,593958.0,Eduardo Rodriguez,593958.0,475115.0,3,Fenway Park,night,R
565997,2019-04-24,2019,PHI,NYM,143,121,6,0,6,0,9,0,592826.0,Vince Velasquez,450306.0,Jason Vargas,592826.0,450306.0,3289,Citi Field,night,R
565134,2019-04-25,2019,LAD,CHC,119,112,6,7,13,1,9,0,621111.0,Walker Buehler,430935.0,Cole Hamels,542960.0,518397.0,17,Wrigley Field,night,R
565614,2019-04-25,2019,MIN,HOU,142,117,1,7,8,1,9,0,640464.0,Kohl Stewart,434378.0,Justin Verlander,434378.0,640464.0,2392,Minute Maid Park,night,R
564747,2019-04-25,2019,NYY,LAA,147,108,6,5,11,0,9,0,282332.0,CC Sabathia,592135.0,Cam Bedrosian,642528.0,621142.0,1,Angel Stadium,night,R
566192,2019-04-25,2019,ARI,PIT,109,134,5,0,5,0,9,0,425844.0,Zack Greinke,592791.0,Jameson Taillon,425844.0,592791.0,31,PNC Park,day,R
565135,2019-04-25,2019,LAD,CHC,119,112,2,1,3,0,9,0,548389.0,Ross Stripling,452657.0,Jon Lester,520980.0,452657.0,17,Wrigley Field,day,R
565233,2019-04-25,2019,ATL,CIN,144,113,2,4,6,1,9,0,527054.0,Julio Teheran,622491.0,Luis Castillo,622491.0,527054.0,2602,Great American Ball Park,night,R
567071,2019-04-25,2019,MIA,PHI,146,143,3,1,4,0,10,1,592761.0,Caleb Smith,605400.0,Aaron Nola,594027.0,593576.0,2681,Citizens Bank Park,night,R
565036,2019-04-25,2019,DET,BOS,116,111,3,7,10,1,9,0,519455.0,Jordan Zimmermann,519144.0,Rick Porcello,519144.0,519455.0,3,Fenway Park,night,R
565615,2019-04-26,2019,CLE,HOU,114,117,2,1,3,0,9,0,545333.0,Trevor Bauer,543037.0,Gerrit Cole,545333.0,543037.0,2392,Minute Maid Park,night,R
564748,2019-04-26,2019,NYY,LAA,147,108,5,11,16,1,9,0,547888.0,Masahiro Tanaka,502239.0,Trevor Cahill,598287.0,547888.0,1,Angel Stadium,night,R
566384,2019-04-26,2019,TEX,SEA,140,136,2,14,16,1,9,0,621368.0,Taylor Hearn,594835.0,Marco Gonzales,594835.0,621368.0,680,T-Mobile Park,night,R
565906,2019-04-26,2019,SD,WSH,135,120,4,3,7,0,9,0,621381.0,Matt Strahm,453286.0,Max Scherzer,489334.0,448281.0,3309,Nationals Park,night,R
567072,2019-04-26,2019,MIA,PHI,146,143,0,4,4,1,9,0,570632.0,José Ureña,595191.0,Jerad Eickhoff,595191.0,570632.0,2681,Citizens Bank Park,night,R
566876,2019-04-26,2019,OAK,TOR,133,141,2,4,6,1,9,0,571666.0,Mike Fiers,573186.0,Marcus Stroman,571704.0,433589.0,14,Rogers Centre,night,R
565998,2019-04-26,2019,MIL,NYM,158,121,10,2,12,0,9,0,502624.0,Chase Anderson,594798.0,Jacob deGrom,458006.0,594798.0,3289,Citi Field,night,R
567170,2019-04-26,2019,COL,ATL,115,144,8,4,12,0,9,0,622608.0,Antonio Senzatela,608331.0,Max Fried,622608.0,608331.0,4705,SunTrust Park,night,R
565616,2019-04-27,2019,CLE,HOU,114,117,6,3,9,0,9,0,446372.0,Corey Kluber,543521.0,Collin McHugh,643256.0,444468.0,2392,Minute Maid Park,night,R
566972,2019-04-27,2019,BAL,MIN,110,142,1,6,7,1,9,0,502171.0,Alex Cobb,527048.0,Martín Pérez,527048.0,502171.0,3312,Target Field,night,R
567272,2019-04-27,2019,DET,CWS,116,145,11,12,23,1,9,0,596057.0,Daniel Norris,607074.0,Carlos Rodón,517008.0,641729.0,4,Guaranteed Rate Field,night,R
565714,2019-04-27,2019,LAA,KC,108,118,5,1,6,0,9,0,572140.0,Tyler Skaggs,518633.0,Danny Duffy,572140.0,518633.0,7,Kauffman Stadium,night,R
566580,2019-04-27,2019,CIN,STL,113,138,12,1,13,0,9,0,543101.0,Anthony DeSclafani,571945.0,Miles Mikolas,543101.0,571945.0,2889,Busch Stadium,night,R
564842,2019-04-27,2019,CHC,ARI,112,109,3,8,11,1,9,0,543294.0,Kyle Hendricks,592662.0,Robbie Ray,592662.0,543294.0,15,Chase Field,night,R
565812,2019-04-27,2019,PIT,LAD,134,119,2,6,8,1,9,0,502042.0,Chris Archer,547943.0,Hyun Jin Ryu,547943.0,502042.0,22,Dodger Stadium,night,R
566385,2019-04-27,2019,TEX,SEA,140,136,4,5,9,1,11,1,571946.0,Shelby Miller,579328.0,Yusei Kikuchi,606273.0,664871.0,680,T-Mobile Park,night,R
566481,2019-04-27,2019,NYY,SF,147,137,7,3,10,0,9,0,572020.0,James Paxton,518516.0,Madison Bumgarner,572020.0,518516.0,2395,Oracle Park,night,R
565037,2019-04-26,2019,TB,BOS,139,111,0,0,0,0,9,0,,,,,,,3,Fenway Park,night,R
566973,2019-04-27,2019,BAL,MIN,110,142,2,9,11,1,9,0,573185.0,Dan Straily,621244.0,José Berríos,621244.0,643316.0,3312,Target Field,day,R
566581,2019-04-27,2019,CIN,STL,113,138,3,6,9,1,9,0,641816.0,Tyler Mahle,641712.0,Dakota Hudson,641712.0,641816.0,2889,Busch Stadium,day,R
566877,2019-04-27,2019,OAK,TOR,133,141,1,7,8,1,9,0,474463.0,Brett Anderson,592717.0,Aaron Sanchez,592717.0,474463.0,14,Rogers Centre,day,R
565617,2019-04-27,2019,CLE,HOU,114,117,3,4,7,1,10,1,669456.0,Shane Bieber,502748.0,Brad Peacock,532077.0,643256.0,2392,Minute Maid Park,day,R
565907,2019-04-27,2019,SD,WSH,135,120,8,3,11,0,10,1,641778.0,Eric Lauer,544931.0,Stephen Strasburg,606131.0,593833.0,3309,Nationals Park,day,R
565038,2019-04-27,2019,TB,BOS,139,111,2,1,3,0,9,0,450203.0,Charlie Morton,456034.0,David Price,450203.0,456034.0,3,Fenway Park,day,R
566482,2019-04-27,2019,NYY,SF,147,137,6,4,10,0,9,0,457918.0,J.A. Happ,502706.0,Derek Holland,457918.0,502706.0,2395,Oracle Park,day,R
567073,2019-04-27,2019,MIA,PHI,146,143,9,12,21,1,9,0,670950.0,Trevor Richards,453562.0,Jake Arrieta,453562.0,670950.0,2681,Citizens Bank Park,night,R
565999,2019-04-27,2019,MIL,NYM,158,121,8,6,14,0,9,0,605540.0,Brandon Woodruff,592789.0,Noah Syndergaard,605540.0,592789.0,3289,Citi Field,night,R
565715,2019-04-27,2019,LAA,KC,108,118,4,9,13,1,9,0,592135.0,Cam Bedrosian,605347.0,Jorge López,605130.0,642545.0,7,Kauffman Stadium,night,R
567171,2019-04-27,2019,COL,ATL,115,144,9,5,14,0,9,0,592351.0,Jon Gray,592314.0,Mike Foltynewicz,543766.0,621345.0,4705,SunTrust Park,night,R
564843,2019-04-28,2019,CHC,ARI,112,109,9,1,10,0,9,0,506433.0,Yu Darvish,643327.0,Zack Godley,506433.0,643327.0,15,Chase Field,night,R
565813,2019-04-28,2019,PIT,LAD,134,119,1,3,4,1,9,0,605397.0,Joe Musgrove,477132.0,Clayton Kershaw,477132.0,605397.0,22,Dodger Stadium,night,R
566386,2019-04-28,2019,TEX,SEA,140,136,15,1,16,0,9,0,501985.0,Mike Minor,502190.0,Mike Leake,501985.0,502190.0,680,T-Mobile Park,night,R
567273,2019-04-27,2019,DET,CWS,116,145,0,0,0,0,9,0,,,,,,,4,Guaranteed Rate Field,night,R
565039,2019-04-28,2019,TB,BOS,139,111,5,2,7,0,9,0,607192.0,Tyler Glasnow,519242.0,Chris Sale,607192.0,519242.0,3,Fenway Park,day,R
567074,2019-04-28,2019,MIA,PHI,146,143,1,5,6,1,9,0,641154.0,Pablo López,621107.0,Zach Eflin,621107.0,641154.0,2681,Citizens Bank Park,day,R
566878,2019-04-28,2019,OAK,TOR,133,141,4,5,9,1,11,1,605135.0,Chris Bassitt,663423.0,Trent Thornton,672773.0,595014.0,14,Rogers Centre,day,R
566000,2019-04-28,2019,MIL,NYM,158,121,2,5,7,1,9,0,461829.0,Gio Gonzalez,571927.0,Steven Matz,571927.0,606930.0,3289,Citi Field,day,R
567172,2019-04-28,2019,COL,ATL,115,144,7,8,15,1,9,0,542881.0,Tyler Anderson,592332.0,Kevin Gausman,657097.0,493200.0,4705,SunTrust Park,day,R
565908,2019-04-28,2019,SD,WSH,135,120,6,7,13,1,11,1,664192.0,Joey Lucchesi,476451.0,Jeremy Hellickson,502522.0,605538.0,3309,Nationals Park,day,R
566974,2019-04-28,2019,BAL,MIN,110,142,1,4,5,1,9,0,605164.0,Dylan Bundy,502043.0,Kyle Gibson,502043.0,605164.0,3312,Target Field,day,R
567274,2019-04-28,2019,DET,CWS,116,145,1,4,5,1,9,0,571510.0,Matthew Boyd,625643.0,Reynaldo López,625643.0,571510.0,4,Guaranteed Rate Field,day,R
565716,2019-04-28,2019,LAA,KC,108,118,7,3,10,0,9,0,518774.0,Matt Harvey,456701.0,Homer Bailey,518774.0,456701.0,7,Kauffman Stadium,day,R
566582,2019-04-28,2019,CIN,STL,113,138,2,5,7,1,9,0,543243.0,Sonny Gray,656427.0,Jack Flaherty,656427.0,543243.0,2889,Busch Stadium,day,R
566483,2019-04-28,2019,NYY,SF,147,137,11,5,16,0,9,0,593334.0,Domingo Germán,605446.0,Dereck Rodríguez,593334.0,605446.0,2395,Oracle Park,day,R
564844,2019-04-28,2019,CHC,ARI,112,109,6,5,11,0,15,1,500779.0,Jose Quintana,596133.0,Luke Weaver,543022.0,542882.0,15,Chase Field,day,R
565814,2019-04-28,2019,PIT,LAD,134,119,6,7,13,1,9,0,592866.0,Trevor Williams,448179.0,Rich Hill,628711.0,593144.0,22,Dodger Stadium,day,R
566387,2019-04-28,2019,TEX,SEA,140,136,14,1,15,0,9,0,458681.0,Lance Lynn,657024.0,Erik Swanson,458681.0,657024.0,680,T-Mobile Park,day,R
565618,2019-04-28,2019,CLE,HOU,114,117,1,4,5,1,9,0,471911.0,Carlos Carrasco,489119.0,Wade Miley,664285.0,471911.0,2392,Minute Maid Park,night,R
565909,2019-04-29,2019,STL,WSH,138,120,6,3,9,0,9,0,608379.0,Michael Wacha,571578.0,Patrick Corbin,608379.0,571578.0,3309,Nationals Park,night,R
566001,2019-04-29,2019,CIN,NYM,113,121,5,4,9,0,9,0,543699.0,Tanner Roark,554430.0,Zack Wheeler,628452.0,621242.0,3289,Citi Field,night,R
565040,2019-04-29,2019,OAK,BOS,133,111,4,9,13,1,9,0,593423.0,Frankie Montas,593958.0,Eduardo Rodriguez,518489.0,593423.0,3,Fenway Park,night,R
567173,2019-04-29,2019,SD,ATL,135,144,1,3,4,1,9,0,676606.0,Nick Margevicius,647336.0,Michael Soroka,647336.0,676606.0,4705,SunTrust Park,night,R
566975,2019-04-29,2019,HOU,MIN,117,142,0,1,1,1,9,0,434378.0,Justin Verlander,543606.0,Jake Odorizzi,543606.0,434378.0,3312,Target Field,night,R
567566,2019-04-29,2019,COL,MIL,115,158,1,5,6,1,9,0,607536.0,Kyle Freeland,605200.0,Zach Davies,605200.0,607536.0,32,Miller Park,night,R
567275,2019-04-30,2019,BAL,CWS,110,145,3,5,8,1,9,0,607644.0,John Means,544365.0,Manny Banuelos,544365.0,607644.0,4,Guaranteed Rate Field,night,R
565717,2019-04-30,2019,TB,KC,139,118,8,5,13,0,9,0,592773.0,Ryne Stanek,641745.0,Brad Keller,630023.0,641745.0,7,Kauffman Stadium,night,R
566484,2019-04-30,2019,LAD,SF,119,137,2,3,5,1,9,0,628317.0,Kenta Maeda,502188.0,Jeff Samardzija,473879.0,548389.0,2395,Oracle Park,night,R
565910,2019-04-30,2019,STL,WSH,138,120,3,2,5,0,9,0,425794.0,Adam Wainwright,434671.0,Aníbal Sánchez,425794.0,434671.0,3309,Nationals Park,night,R
567075,2019-04-30,2019,DET,PHI,116,143,3,1,4,0,9,0,605513.0,Spencer Turnbull,592826.0,Vince Velasquez,605513.0,592826.0,2681,Citizens Bank Park,night,R
566002,2019-04-30,2019,CIN,NYM,113,121,3,4,7,1,10,1,622491.0,Luis Castillo,450306.0,Jason Vargas,543193.0,628452.0,3289,Citi Field,night,R
565041,2019-04-30,2019,OAK,BOS,133,111,1,5,6,1,9,0,605156.0,Aaron Brooks,519144.0,Rick Porcello,519144.0,605156.0,3,Fenway Park,night,R
567375,2019-04-30,2019,CLE,MIA,114,146,7,4,11,0,9,0,545333.0,Trevor Bauer,645261.0,Sandy Alcantara,545333.0,645261.0,4169,Marlins Park,night,R
567179,2019-04-30,2019,SD,ATL,135,144,4,3,7,0,9,0,663978.0,Chris Paddack,527054.0,Julio Teheran,663978.0,527054.0,4705,SunTrust Park,night,R
566976,2019-04-30,2019,HOU,MIN,117,142,11,0,11,0,9,0,543037.0,Gerrit Cole,501381.0,Michael Pineda,543037.0,501381.0,3312,Target Field,night,R
567567,2019-04-30,2019,COL,MIL,115,158,3,4,7,1,9,0,608566.0,Germán Márquez,468504.0,Jhoulys Chacín,468504.0,608566.0,32,Miller Park,night,R
566778,2019-05-01,2019,PIT,TEX,134,140,6,4,10,0,11,1,543475.0,Jordan Lyles,592716.0,Adrian Sampson,605195.0,445926.0,13,Globe Life Park in Arlington,night,R
564845,2019-05-01,2019,NYY,ARI,147,109,1,3,4,1,9,0,282332.0,CC Sabathia,425844.0,Zack Greinke,425844.0,282332.0,15,Chase Field,night,R
566485,2019-05-01,2019,LAD,SF,119,137,10,3,13,0,9,0,621111.0,Walker Buehler,519141.0,Drew Pomeranz,621111.0,519141.0,2395,Oracle Park,night,R
564749,2019-05-01,2019,TOR,LAA,141,108,3,4,7,1,9,0,453329.0,Clay Buchholz,656288.0,Griffin Canning,621142.0,572193.0,1,Angel Stadium,night,R
566388,2019-05-01,2019,CHC,SEA,112,136,6,5,11,0,9,0,430935.0,Cole Hamels,433587.0,Félix Hernández,542960.0,592165.0,680,T-Mobile Park,night,R
567276,2019-05-01,2019,BAL,CWS,110,145,0,0,0,0,9,0,,,,,,,4,Guaranteed Rate Field,night,R
565718,2019-05-01,2019,TB,KC,139,118,0,0,0,0,9,0,605483.0,Blake Snell,596001.0,Jakob Junis,,,7,Kauffman Stadium,night,R
565042,2019-05-01,2019,OAK,BOS,133,111,3,7,10,1,9,0,571666.0,Mike Fiers,584171.0,Hector Velázquez,519393.0,571666.0,3,Fenway Park,day,R
565719,2019-05-01,2019,TB,KC,139,118,2,3,5,1,9,0,592773.0,Ryne Stanek,596001.0,Jakob Junis,596001.0,592773.0,7,Kauffman Stadium,day,R
565718,2019-05-01,2019,TB,KC,139,118,2,8,10,1,9,0,605483.0,Blake Snell,642098.0,Glenn Sparkman,642098.0,605483.0,7,Kauffman Stadium,day,R
566779,2019-05-01,2019,PIT,TEX,134,140,7,5,12,0,9,0,592791.0,Jameson Taillon,571946.0,Shelby Miller,592791.0,571946.0,13,Globe Life Park in Arlington,day,R
564846,2019-05-01,2019,NYY,ARI,147,109,2,3,5,1,9,0,547888.0,Masahiro Tanaka,518876.0,Merrill Kelly,518876.0,547888.0,15,Chase Field,day,R
567277,2019-05-01,2019,BAL,CWS,110,145,5,4,9,0,9,0,605276.0,David Hess,607074.0,Carlos Rodón,571858.0,516969.0,4,Guaranteed Rate Field,day,R
567276,2019-05-01,2019,BAL,CWS,110,145,6,7,13,1,9,0,488768.0,Andrew Cashner,467100.0,Iván Nova,600986.0,623465.0,4,Guaranteed Rate Field,day,R
566389,2019-05-01,2019,CHC,SEA,112,136,11,0,11,0,9,0,452657.0,Jon Lester,594835.0,Marco Gonzales,452657.0,594835.0,680,T-Mobile Park,day,R
565911,2019-05-01,2019,STL,WSH,138,120,5,1,6,0,9,0,571945.0,Miles Mikolas,453286.0,Max Scherzer,571945.0,453286.0,3309,Nationals Park,night,R
567076,2019-05-01,2019,DET,PHI,116,143,3,7,10,1,9,0,596057.0,Daniel Norris,605400.0,Aaron Nola,622554.0,571656.0,2681,Citizens Bank Park,night,R
566003,2019-05-01,2019,CIN,NYM,113,121,1,0,1,0,9,0,543101.0,Anthony DeSclafani,594798.0,Jacob deGrom,435043.0,621242.0,3289,Citi Field,night,R
567376,2019-05-01,2019,CLE,MIA,114,146,2,4,6,1,9,0,446372.0,Corey Kluber,592761.0,Caleb Smith,592761.0,446372.0,4169,Marlins Park,night,R
567180,2019-05-01,2019,SD,ATL,135,144,1,5,6,1,9,0,615698.0,Cal Quantrill,608331.0,Max Fried,608331.0,615698.0,4705,SunTrust Park,night,R
567568,2019-05-01,2019,COL,MIL,115,158,11,4,15,0,9,0,622608.0,Antonio Senzatela,502624.0,Chase Anderson,608032.0,669203.0,32,Miller Park,night,R
566977,2019-05-02,2019,HOU,MIN,117,142,2,6,8,1,9,0,543521.0,Collin McHugh,527048.0,Martín Pérez,527048.0,543521.0,3312,Target Field,night,R
566486,2019-05-02,2019,LAD,SF,119,137,1,2,3,1,9,0,547943.0,Hyun Jin Ryu,518516.0,Madison Bumgarner,519293.0,628711.0,2395,Oracle Park,night,R
564750,2019-05-02,2019,TOR,LAA,141,108,3,6,9,1,9,0,573186.0,Marcus Stroman,572703.0,Luke Bard,570240.0,573186.0,1,Angel Stadium,night,R
566004,2019-05-02,2019,CIN,NYM,113,121,0,1,1,1,9,0,641816.0,Tyler Mahle,592789.0,Noah Syndergaard,592789.0,641816.0,3289,Citi Field,day,R
567181,2019-05-02,2019,SD,ATL,135,144,11,2,13,0,9,0,621381.0,Matt Strahm,592314.0,Mike Foltynewicz,621381.0,592314.0,4705,SunTrust Park,day,R
566978,2019-05-02,2019,HOU,MIN,117,142,2,8,10,1,9,0,502748.0,Brad Peacock,621244.0,José Berríos,621244.0,502748.0,3312,Target Field,day,R
567569,2019-05-02,2019,COL,MIL,115,158,11,6,17,0,9,0,592351.0,Jon Gray,642547.0,Freddy Peralta,592351.0,642547.0,32,Miller Park,day,R
565720,2019-05-02,2019,TB,KC,139,118,3,1,4,0,9,0,450203.0,Charlie Morton,518633.0,Danny Duffy,592473.0,503449.0,7,Kauffman Stadium,day,R
565912,2019-05-02,2019,STL,WSH,138,120,1,2,3,1,9,0,641712.0,Dakota Hudson,544931.0,Stephen Strasburg,544931.0,641712.0,3309,Nationals Park,day,R
567278,2019-05-03,2019,BOS,CWS,111,145,4,6,10,1,9,0,456034.0,David Price,608337.0,Lucas Giolito,608334.0,518489.0,4,Guaranteed Rate Field,night,R
564751,2019-05-03,2019,TOR,LAA,141,108,2,6,8,1,9,0,592717.0,Aaron Sanchez,572140.0,Tyler Skaggs,572140.0,592717.0,1,Angel Stadium,night,R
565136,2019-05-03,2019,STL,CHC,138,112,0,4,4,1,9,0,656427.0,Jack Flaherty,543294.0,Kyle Hendricks,543294.0,656427.0,17,Wrigley Field,day,R
566193,2019-05-03,2019,OAK,PIT,133,134,14,1,15,0,9,0,474463.0,Brett Anderson,605397.0,Joe Musgrove,474463.0,605397.0,31,PNC Park,night,R
564943,2019-05-03,2019,TB,BAL,139,110,7,0,7,0,9,0,607192.0,Tyler Glasnow,573185.0,Dan Straily,607192.0,573185.0,2,Oriole Park at Camden Yards,night,R
567077,2019-05-03,2019,WSH,PHI,120,143,2,4,6,1,9,0,476451.0,Jeremy Hellickson,595191.0,Jerad Eickhoff,622554.0,543359.0,2681,Citizens Bank Park,night,R
567471,2019-05-03,2019,MIN,NYY,142,147,3,6,9,1,9,0,502043.0,Kyle Gibson,572020.0,James Paxton,656547.0,502043.0,3313,Yankee Stadium,night,R
565522,2019-05-03,2019,KC,DET,118,116,3,4,7,1,9,0,605347.0,Jorge López,571510.0,Matthew Boyd,571510.0,605347.0,2394,Comerica Park,night,R
565327,2019-05-03,2019,SEA,CLE,136,114,1,2,3,1,9,0,579328.0,Yusei Kikuchi,669456.0,Shane Bieber,543272.0,461872.0,5,Progressive Field,night,R
565234,2019-05-03,2019,SF,CIN,137,113,12,11,23,0,11,1,595881.0,Tyler Beede,543243.0,Sonny Gray,606625.0,453172.0,2602,Great American Ball Park,night,R
567377,2019-05-03,2019,ATL,MIA,144,146,7,2,9,0,9,0,592332.0,Kevin Gausman,570632.0,José Ureña,657053.0,570632.0,4169,Marlins Park,night,R
566780,2019-05-04,2019,TOR,TEX,141,140,1,0,1,0,12,1,663423.0,Trent Thornton,501985.0,Mike Minor,543339.0,642558.0,13,Globe Life Park in Arlington,night,R
567279,2019-05-04,2019,BOS,CWS,111,145,6,1,7,0,9,0,519242.0,Chris Sale,625643.0,Reynaldo López,519242.0,625643.0,4,Guaranteed Rate Field,night,R
567570,2019-05-04,2019,NYM,MIL,121,158,1,3,4,1,9,0,571927.0,Steven Matz,605540.0,Brandon Woodruff,605540.0,571927.0,32,Miller Park,night,R
565426,2019-05-04,2019,ARI,COL,109,115,10,9,19,0,9,0,592662.0,Robbie Ray,542881.0,Tyler Anderson,592662.0,542881.0,19,Coors Field,night,R
566290,2019-05-04,2019,LAD,SD,119,135,4,3,7,0,9,0,477132.0,Clayton Kershaw,641778.0,Eric Lauer,518397.0,489446.0,2680,Petco Park,night,R
567472,2019-05-04,2019,MIN,NYY,142,147,7,3,10,0,9,0,543606.0,Jake Odorizzi,457918.0,J.A. Happ,543606.0,457918.0,3313,Yankee Stadium,day,R
565137,2019-05-04,2019,STL,CHC,138,112,5,6,11,1,9,0,608379.0,Michael Wacha,506433.0,Yu Darvish,445213.0,605154.0,17,Wrigley Field,day,R
565523,2019-05-04,2019,KC,DET,118,116,15,3,18,0,9,0,456701.0,Homer Bailey,475115.0,Tyson Ross,456701.0,475115.0,2394,Comerica Park,day,R
565328,2019-05-04,2019,SEA,CLE,136,114,4,5,9,1,9,0,502190.0,Mike Leake,471911.0,Carlos Carrasco,621397.0,592712.0,5,Progressive Field,day,R
567378,2019-05-04,2019,ATL,MIA,144,146,9,2,11,0,9,0,647336.0,Michael Soroka,670950.0,Trevor Richards,647336.0,623433.0,4169,Marlins Park,night,R
566194,2019-05-04,2019,OAK,PIT,133,134,4,6,10,1,9,0,605135.0,Chris Bassitt,592866.0,Trevor Williams,593140.0,605525.0,31,PNC Park,night,R
564944,2019-05-04,2019,TB,BAL,139,110,0,3,3,1,9,0,630023.0,Yonny Chirinos,605164.0,Dylan Bundy,605164.0,630023.0,2,Oriole Park at Camden Yards,night,R
567078,2019-05-04,2019,WSH,PHI,120,143,10,8,18,0,9,0,571578.0,Patrick Corbin,453562.0,Jake Arrieta,448609.0,605388.0,2681,Citizens Bank Park,night,R
564752,2019-05-04,2019,HOU,LAA,117,108,14,2,16,0,9,0,489119.0,Wade Miley,502239.0,Trevor Cahill,489119.0,502239.0,2701,Estadio de Beisbol Monterrey,night,R
565235,2019-05-04,2019,SF,CIN,137,113,2,9,11,1,9,0,605446.0,Dereck Rodríguez,543699.0,Tanner Roark,543699.0,605446.0,2602,Great American Ball Park,night,R
567280,2019-05-04,2019,BOS,CWS,111,145,15,2,17,0,9,0,593958.0,Eduardo Rodriguez,544365.0,Manny Banuelos,593958.0,544365.0,4,Guaranteed Rate Field,night,R
567571,2019-05-04,2019,NYM,MIL,121,158,3,4,7,1,18,1,554430.0,Zack Wheeler,461829.0,Gio Gonzalez,592865.0,623167.0,32,Miller Park,night,R
566781,2019-05-05,2019,TOR,TEX,141,140,5,8,13,1,9,0,623381.0,Thomas Pannone,458681.0,Lance Lynn,458681.0,623381.0,13,Globe Life Park in Arlington,night,R
565427,2019-05-05,2019,ARI,COL,109,115,9,2,11,0,9,0,596133.0,Luke Weaver,607536.0,Kyle Freeland,596133.0,607536.0,19,Coors Field,night,R
566291,2019-05-05,2019,LAD,SD,119,135,7,6,13,0,9,0,448179.0,Rich Hill,664192.0,Joey Lucchesi,548389.0,489446.0,2680,Petco Park,night,R
565524,2019-05-05,2019,KC,DET,118,116,2,5,7,1,10,1,641745.0,Brad Keller,605513.0,Spencer Turnbull,571656.0,453178.0,2394,Comerica Park,day,R
565329,2019-05-05,2019,SEA,CLE,136,114,10,0,10,0,9,0,657024.0,Erik Swanson,594736.0,Cody Anderson,657024.0,594736.0,5,Progressive Field,day,R
567379,2019-05-05,2019,ATL,MIA,144,146,3,1,4,0,10,1,527054.0,Julio Teheran,641154.0,Pablo López,458708.0,594027.0,4169,Marlins Park,day,R
566195,2019-05-05,2019,OAK,PIT,133,134,3,5,8,1,13,1,593423.0,Frankie Montas,543475.0,Jordan Lyles,544928.0,407845.0,31,PNC Park,day,R
567079,2019-05-05,2019,WSH,PHI,120,143,1,7,8,1,9,0,434671.0,Aníbal Sánchez,621107.0,Zach Eflin,621107.0,434671.0,2681,Citizens Bank Park,day,R
567281,2019-05-05,2019,BOS,CWS,111,145,9,2,11,0,9,0,519144.0,Rick Porcello,592229.0,Dylan Covey,519443.0,516969.0,4,Guaranteed Rate Field,day,R
567572,2019-05-05,2019,NYM,MIL,121,158,2,3,5,1,9,0,450306.0,Jason Vargas,605200.0,Zach Davies,605200.0,450306.0,32,Miller Park,day,R
566782,2019-05-05,2019,TOR,TEX,141,140,2,10,12,1,9,0,453329.0,Clay Buchholz,592767.0,Drew Smyly,664871.0,453329.0,13,Globe Life Park in Arlington,day,R
565428,2019-05-05,2019,ARI,COL,109,115,7,8,15,1,9,0,425844.0,Zack Greinke,608566.0,Germán Márquez,623184.0,605151.0,19,Coors Field,day,R
567473,2019-05-05,2019,MIN,NYY,142,147,1,4,5,1,8,0,501381.0,Michael Pineda,593334.0,Domingo Germán,593334.0,501381.0,3313,Yankee Stadium,day,R
564753,2019-05-05,2019,HOU,LAA,117,108,10,4,14,0,9,0,434378.0,Justin Verlander,518774.0,Matt Harvey,434378.0,518774.0,2701,Estadio de Beisbol Monterrey,day,R
566292,2019-05-05,2019,LAD,SD,119,135,5,8,13,1,9,0,628317.0,Kenta Maeda,676606.0,Nick Margevicius,476589.0,445276.0,2680,Petco Park,day,R
565236,2019-05-05,2019,SF,CIN,137,113,6,5,11,0,9,0,502188.0,Jeff Samardzija,622491.0,Luis Castillo,453265.0,628452.0,2602,Great American Ball Park,day,R
565138,2019-05-05,2019,STL,CHC,138,112,5,13,18,1,9,0,425794.0,Adam Wainwright,500779.0,Jose Quintana,500779.0,425794.0,17,Wrigley Field,night,R
564945,2019-05-05,2019,TB,BAL,139,110,0,0,0,0,9,0,592773.0,Ryne Stanek,607644.0,John Means,,,2,Oriole Park at Camden Yards,day,R
565237,2019-05-06,2019,SF,CIN,137,113,4,12,16,1,9,0,519141.0,Drew Pomeranz,543101.0,Anthony DeSclafani,543101.0,519141.0,2602,Great American Ball Park,day,R
565330,2019-05-06,2019,CWS,CLE,145,114,9,1,10,0,9,0,467100.0,Iván Nova,545333.0,Trevor Bauer,467100.0,545333.0,5,Progressive Field,night,R
567474,2019-05-06,2019,SEA,NYY,136,147,3,7,10,1,9,0,433587.0,Félix Hernández,282332.0,CC Sabathia,282332.0,433587.0,3313,Yankee Stadium,night,R
564946,2019-05-06,2019,BOS,BAL,111,110,1,4,5,1,9,0,595001.0,Josh A. Smith,607644.0,John Means,607644.0,595001.0,2,Oriole Park at Camden Yards,night,R
566879,2019-05-06,2019,MIN,TOR,142,141,8,0,8,0,9,0,527048.0,Martín Pérez,573186.0,Marcus Stroman,527048.0,573186.0,14,Rogers Centre,night,R
566680,2019-05-06,2019,ARI,TB,109,139,1,12,13,1,9,0,518876.0,Merrill Kelly,605483.0,Blake Snell,605483.0,518876.0,12,Tropicana Field,night,R
567573,2019-05-06,2019,WSH,MIL,120,158,3,5,8,1,9,0,453286.0,Max Scherzer,468504.0,Jhoulys Chacín,592222.0,543359.0,32,Miller Park,night,R
566583,2019-05-07,2019,PHI,STL,143,138,0,6,6,1,9,0,592826.0,Vince Velasquez,571945.0,Miles Mikolas,571945.0,592826.0,2889,Busch Stadium,night,R
565139,2019-05-07,2019,MIA,CHC,146,112,6,5,11,0,9,0,645261.0,Sandy Alcantara,430935.0,Cole Hamels,543045.0,467008.0,17,Wrigley Field,night,R
565619,2019-05-07,2019,KC,HOU,118,117,4,6,10,1,9,0,596001.0,Jakob Junis,543037.0,Gerrit Cole,543037.0,596001.0,2392,Minute Maid Park,night,R
566293,2019-05-07,2019,NYM,SD,121,135,0,4,4,1,9,0,594798.0,Jacob deGrom,663978.0,Chris Paddack,663978.0,594798.0,2680,Petco Park,night,R
565815,2019-05-07,2019,ATL,LAD,144,119,3,5,8,1,9,0,592332.0,Kevin Gausman,621111.0,Walker Buehler,621111.0,592332.0,22,Dodger Stadium,night,R
565331,2019-05-07,2019,CWS,CLE,145,114,2,0,2,0,9,0,608337.0,Lucas Giolito,622446.0,Jefry Rodriguez,608337.0,622446.0,5,Progressive Field,night,R
567475,2019-05-07,2019,SEA,NYY,136,147,4,5,9,1,9,0,594835.0,Marco Gonzales,547888.0,Masahiro Tanaka,642840.0,461872.0,3313,Yankee Stadium,night,R
564947,2019-05-07,2019,BOS,BAL,111,110,8,5,13,0,9,0,584171.0,Hector Velázquez,605276.0,David Hess,519393.0,571858.0,2,Oriole Park at Camden Yards,night,R
566196,2019-05-07,2019,TEX,PIT,140,134,4,5,9,1,9,0,592716.0,Adrian Sampson,643230.0,Steven Brault,593140.0,592716.0,31,PNC Park,night,R
566880,2019-05-07,2019,MIN,TOR,142,141,3,0,3,0,9,0,621244.0,José Berríos,592717.0,Aaron Sanchez,621244.0,592717.0,14,Rogers Centre,night,R
565525,2019-05-07,2019,LAA,DET,108,116,5,2,7,0,9,0,656288.0,Griffin Canning,596057.0,Daniel Norris,656288.0,596057.0,2394,Comerica Park,night,R
566681,2019-05-07,2019,ARI,TB,109,139,3,6,9,1,9,0,664199.0,Taylor Clarke,592773.0,Ryne Stanek,656222.0,664199.0,12,Tropicana Field,night,R
567574,2019-05-07,2019,WSH,MIL,120,158,0,6,6,1,9,0,544931.0,Stephen Strasburg,605288.0,Adrian Houser,642547.0,544931.0,32,Miller Park,night,R
566584,2019-05-07,2019,PHI,STL,143,138,11,1,12,0,9,0,605400.0,Aaron Nola,641712.0,Dakota Hudson,605400.0,641712.0,2889,Busch Stadium,night,R
565140,2019-05-08,2019,MIA,CHC,146,112,2,5,7,1,9,0,592761.0,Caleb Smith,452657.0,Jon Lester,518553.0,543045.0,17,Wrigley Field,night,R
565620,2019-05-08,2019,KC,HOU,118,117,12,2,14,0,9,0,518633.0,Danny Duffy,543521.0,Collin McHugh,518633.0,543521.0,2392,Minute Maid Park,night,R
565429,2019-05-08,2019,SF,COL,137,115,14,4,18,0,9,0,518516.0,Madison Bumgarner,622608.0,Antonio Senzatela,518516.0,622608.0,19,Coors Field,night,R
566102,2019-05-08,2019,CIN,OAK,113,133,0,2,2,1,9,0,641816.0,Tyler Mahle,571666.0,Mike Fiers,571666.0,641816.0,10,Oakland Coliseum,night,R
566294,2019-05-08,2019,NYM,SD,121,135,7,6,13,0,9,0,592789.0,Noah Syndergaard,615698.0,Cal Quantrill,607625.0,476589.0,2680,Petco Park,night,R
565816,2019-05-08,2019,ATL,LAD,144,119,0,9,9,1,9,0,608331.0,Max Fried,547943.0,Hyun Jin Ryu,547943.0,608331.0,22,Dodger Stadium,night,R
566197,2019-05-08,2019,TEX,PIT,140,134,9,6,15,0,9,0,571946.0,Shelby Miller,592468.0,Nick Kingham,642558.0,544928.0,31,PNC Park,day,R
566682,2019-05-08,2019,ARI,TB,109,139,3,2,5,0,13,1,592662.0,Robbie Ray,450203.0,Charlie Morton,605151.0,592473.0,12,Tropicana Field,day,R
567575,2019-05-08,2019,WSH,MIL,120,158,3,7,10,1,9,0,476451.0,Jeremy Hellickson,605540.0,Brandon Woodruff,605540.0,476451.0,32,Miller Park,day,R
566585,2019-05-08,2019,PHI,STL,143,138,5,0,5,0,9,0,595191.0,Jerad Eickhoff,656427.0,Jack Flaherty,595191.0,656427.0,2889,Busch Stadium,day,R
566295,2019-05-08,2019,NYM,SD,121,135,2,3,5,1,9,0,521655.0,Wilmer Font,621381.0,Matt Strahm,622103.0,641341.0,2680,Petco Park,day,R
565332,2019-05-08,2019,CWS,CLE,145,114,3,5,8,1,9,0,625643.0,Reynaldo López,669456.0,Shane Bieber,543272.0,605240.0,5,Progressive Field,night,R
567476,2019-05-08,2019,SEA,NYY,136,147,10,1,11,0,9,0,579328.0,Yusei Kikuchi,642528.0,Jonathan Loáisiga,579328.0,642528.0,3313,Yankee Stadium,night,R
564948,2019-05-08,2019,BOS,BAL,111,110,2,1,3,0,12,1,519242.0,Chris Sale,488768.0,Andrew Cashner,518489.0,606162.0,2,Oriole Park at Camden Yards,night,R
566881,2019-05-08,2019,MIN,TOR,142,141,9,1,10,0,9,0,502043.0,Kyle Gibson,663423.0,Trent Thornton,502043.0,663423.0,14,Rogers Centre,night,R
565526,2019-05-08,2019,LAA,DET,108,116,3,10,13,1,9,0,572140.0,Tyler Skaggs,571510.0,Matthew Boyd,571510.0,572140.0,2394,Comerica Park,night,R
565141,2019-05-08,2019,MIA,CHC,146,112,2,3,5,1,11,1,570632.0,José Ureña,543294.0,Kyle Hendricks,605218.0,650671.0,17,Wrigley Field,night,R
565621,2019-05-09,2019,KC,HOU,118,117,0,9,9,1,9,0,605347.0,Jorge López,502748.0,Brad Peacock,502748.0,605347.0,2392,Minute Maid Park,night,R
566103,2019-05-09,2019,CIN,OAK,113,133,4,5,9,1,13,1,543243.0,Sonny Gray,474463.0,Brett Anderson,521230.0,596112.0,10,Oakland Coliseum,night,R
565817,2019-05-09,2019,ATL,LAD,144,119,4,9,13,1,9,0,592314.0,Mike Foltynewicz,477132.0,Clayton Kershaw,477132.0,592314.0,22,Dodger Stadium,night,R
565430,2019-05-09,2019,SF,COL,137,115,0,0,0,0,9,0,502706.0,Derek Holland,592351.0,Jon Gray,,,19,Coors Field,night,R
565527,2019-05-09,2019,LAA,DET,108,116,13,0,13,0,9,0,572703.0,Luke Bard,543001.0,Ryan Carpenter,570240.0,543001.0,2394,Comerica Park,day,R
565333,2019-05-09,2019,CWS,CLE,145,114,0,5,5,1,5,0,544365.0,Manny Banuelos,471911.0,Carlos Carrasco,471911.0,544365.0,5,Progressive Field,day,R
565142,2019-05-09,2019,MIA,CHC,146,112,1,4,5,1,9,0,670950.0,Trevor Richards,506433.0,Yu Darvish,543557.0,670950.0,17,Wrigley Field,day,R
565431,2019-05-09,2019,SF,COL,137,115,11,12,23,1,9,0,502706.0,Derek Holland,607536.0,Kyle Freeland,543766.0,595881.0,19,Coors Field,day,R
566104,2019-05-09,2019,CIN,OAK,113,133,3,0,3,0,9,0,543699.0,Tanner Roark,605135.0,Chris Bassitt,543699.0,605135.0,10,Oakland Coliseum,day,R
567477,2019-05-09,2019,SEA,NYY,136,147,1,3,4,1,9,0,502190.0,Mike Leake,457918.0,J.A. Happ,457918.0,502190.0,3313,Yankee Stadium,night,R
566586,2019-05-09,2019,PIT,STL,134,138,4,17,21,1,9,0,605397.0,Joe Musgrove,608379.0,Michael Wacha,608379.0,605397.0,2889,Busch Stadium,night,R
565622,2019-05-10,2019,TEX,HOU,140,117,2,4,6,1,9,0,501985.0,Mike Minor,489119.0,Wade Miley,489119.0,501985.0,2392,Minute Maid Park,night,R
564847,2019-05-10,2019,ATL,ARI,144,109,2,3,5,1,10,1,647336.0,Michael Soroka,596133.0,Luke Weaver,641541.0,621345.0,15,Chase Field,night,R
565818,2019-05-10,2019,WSH,LAD,120,119,6,0,6,0,9,0,571578.0,Patrick Corbin,448179.0,Rich Hill,571578.0,448179.0,22,Dodger Stadium,night,R
565143,2019-05-10,2019,MIL,CHC,158,112,7,0,7,0,9,0,461829.0,Gio Gonzalez,500779.0,Jose Quintana,461829.0,500779.0,17,Wrigley Field,day,R
564949,2019-05-10,2019,LAA,BAL,108,110,8,3,11,0,9,0,502239.0,Trevor Cahill,573185.0,Dan Straily,502239.0,573185.0,2,Oriole Park at Camden Yards,night,R
566882,2019-05-10,2019,CWS,TOR,145,141,3,4,7,1,9,0,592229.0,Dylan Covey,543339.0,Daniel Hudson,607352.0,592229.0,14,Rogers Centre,night,R
565043,2019-05-10,2019,SEA,BOS,136,111,1,14,15,1,9,0,657024.0,Erik Swanson,593958.0,Eduardo Rodriguez,593958.0,657024.0,3,Fenway Park,night,R
566005,2019-05-10,2019,MIA,NYM,146,121,2,11,13,1,9,0,641154.0,Pablo López,554430.0,Zack Wheeler,554430.0,641154.0,3289,Citi Field,night,R
566683,2019-05-10,2019,NYY,TB,147,139,4,3,7,0,9,0,593334.0,Domingo Germán,607192.0,Tyler Glasnow,593334.0,607192.0,12,Tropicana Field,night,R
565623,2019-05-11,2019,TEX,HOU,140,117,0,3,3,1,9,0,458681.0,Lance Lynn,434378.0,Justin Verlander,434378.0,458681.0,2392,Minute Maid Park,night,R
566979,2019-05-11,2019,DET,MIN,116,142,0,6,6,1,9,0,475115.0,Tyson Ross,543606.0,Jake Odorizzi,543606.0,475115.0,3312,Target Field,night,R
566587,2019-05-11,2019,PIT,STL,134,138,2,1,3,0,9,0,592866.0,Trevor Williams,425794.0,Adam Wainwright,592866.0,453192.0,2889,Busch Stadium,night,R
565721,2019-05-11,2019,PHI,KC,143,118,1,5,6,1,9,0,453562.0,Jake Arrieta,456701.0,Homer Bailey,456701.0,453562.0,7,Kauffman Stadium,night,R
565432,2019-05-11,2019,SD,COL,135,115,2,12,14,1,9,0,641778.0,Eric Lauer,608566.0,Germán Márquez,608566.0,641778.0,19,Coors Field,night,R
566105,2019-05-11,2019,CLE,OAK,114,133,3,4,7,1,12,1,594736.0,Cody Anderson,593423.0,Frankie Montas,465657.0,543272.0,10,Oakland Coliseum,night,R
564848,2019-05-11,2019,ATL,ARI,144,109,2,1,3,0,9,0,527054.0,Julio Teheran,425844.0,Zack Greinke,595465.0,661255.0,15,Chase Field,night,R
565819,2019-05-11,2019,WSH,LAD,120,119,0,5,5,1,9,0,434671.0,Aníbal Sánchez,628317.0,Kenta Maeda,628317.0,434671.0,22,Dodger Stadium,night,R
566487,2019-05-11,2019,CIN,SF,113,137,7,0,7,0,9,0,622491.0,Luis Castillo,605446.0,Dereck Rodríguez,622491.0,605446.0,2395,Oracle Park,night,R
565044,2019-05-11,2019,SEA,BOS,136,111,5,9,14,1,9,0,433587.0,Félix Hernández,519144.0,Rick Porcello,519144.0,433587.0,3,Fenway Park,day,R
566980,2019-05-11,2019,DET,MIN,116,142,5,3,8,0,9,0,605513.0,Spencer Turnbull,501381.0,Michael Pineda,641729.0,657610.0,3312,Target Field,day,R
566965,2019-05-12,2019,DET,MIN,116,142,3,8,11,1,9,0,642397.0,Gregory Soto,640464.0,Kohl Stewart,640464.0,642397.0,3312,Target Field,night,R
566588,2019-05-11,2019,PIT,STL,134,138,2,1,3,0,9,0,543475.0,Jordan Lyles,571945.0,Miles Mikolas,543475.0,571945.0,2889,Busch Stadium,day,R
565144,2019-05-11,2019,MIL,CHC,158,112,1,2,3,1,15,1,605200.0,Zach Davies,430935.0,Cole Hamels,543022.0,572143.0,17,Wrigley Field,day,R
566883,2019-05-11,2019,CWS,TOR,145,141,7,2,9,0,9,0,467100.0,Iván Nova,573186.0,Marcus Stroman,467100.0,573186.0,14,Rogers Centre,day,R
564950,2019-05-11,2019,LAA,BAL,108,110,7,2,9,0,9,0,518774.0,Matt Harvey,605164.0,Dylan Bundy,572703.0,605164.0,2,Oriole Park at Camden Yards,day,R
566106,2019-05-11,2019,CLE,OAK,114,133,2,3,5,1,9,0,545333.0,Trevor Bauer,521230.0,Liam Hendriks,595014.0,595918.0,10,Oakland Coliseum,day,R
566684,2019-05-11,2019,NYY,TB,147,139,2,7,9,1,9,0,282332.0,CC Sabathia,592773.0,Ryne Stanek,630023.0,656547.0,12,Tropicana Field,night,R
566006,2019-05-11,2019,MIA,NYM,146,121,1,4,5,1,9,0,645261.0,Sandy Alcantara,594798.0,Jacob deGrom,594798.0,645261.0,3289,Citi Field,night,R
565722,2019-05-11,2019,PHI,KC,143,118,7,0,7,0,9,0,621107.0,Zach Eflin,641745.0,Brad Keller,621107.0,641745.0,7,Kauffman Stadium,night,R
565433,2019-05-12,2019,SD,COL,135,115,4,3,7,0,9,0,664192.0,Joey Lucchesi,592351.0,Jon Gray,489334.0,451584.0,19,Coors Field,night,R
565624,2019-05-12,2019,TEX,HOU,140,117,4,11,15,1,9,0,445926.0,Jesse Chavez,543037.0,Gerrit Cole,543037.0,592767.0,2392,Minute Maid Park,night,R
564849,2019-05-12,2019,ATL,ARI,144,109,6,4,10,0,9,0,592332.0,Kevin Gausman,518876.0,Merrill Kelly,592332.0,518876.0,15,Chase Field,night,R
566488,2019-05-12,2019,CIN,SF,113,137,5,4,9,0,9,0,543101.0,Anthony DeSclafani,502188.0,Jeff Samardzija,607237.0,606625.0,2395,Oracle Park,night,R
565820,2019-05-12,2019,WSH,LAD,120,119,5,2,7,0,9,0,453286.0,Max Scherzer,621111.0,Walker Buehler,453286.0,520980.0,22,Dodger Stadium,night,R
564951,2019-05-12,2019,LAA,BAL,108,110,1,5,6,1,9,0,656288.0,Griffin Canning,607644.0,John Means,607644.0,656288.0,2,Oriole Park at Camden Yards,day,R
565045,2019-05-12,2019,SEA,BOS,136,111,2,11,13,1,9,0,594835.0,Marco Gonzales,584171.0,Hector Velázquez,584171.0,594835.0,3,Fenway Park,day,R
566884,2019-05-12,2019,CWS,TOR,145,141,5,1,6,0,9,0,608337.0,Lucas Giolito,592717.0,Aaron Sanchez,608337.0,592717.0,14,Rogers Centre,day,R
566685,2019-05-12,2019,NYY,TB,147,139,7,1,8,0,9,0,547888.0,Masahiro Tanaka,605483.0,Blake Snell,547888.0,605483.0,12,Tropicana Field,day,R
565625,2019-05-12,2019,TEX,HOU,140,117,5,15,20,1,9,0,592716.0,Adrian Sampson,656686.0,Corbin Martin,656686.0,592716.0,2392,Minute Maid Park,day,R
566981,2019-05-12,2019,DET,MIN,116,142,5,3,8,0,9,0,596057.0,Daniel Norris,527048.0,Martín Pérez,596057.0,527048.0,3312,Target Field,day,R
566589,2019-05-12,2019,PIT,STL,134,138,10,6,16,0,9,0,643230.0,Steven Brault,641712.0,Dakota Hudson,608717.0,605154.0,2889,Busch Stadium,day,R
565723,2019-05-12,2019,PHI,KC,143,118,6,1,7,0,9,0,608344.0,Cole Irvin,596001.0,Jakob Junis,608344.0,596001.0,7,Kauffman Stadium,day,R
565434,2019-05-12,2019,SD,COL,135,115,7,10,17,1,9,0,676606.0,Nick Margevicius,622608.0,Antonio Senzatela,622608.0,676606.0,19,Coors Field,day,R
566489,2019-05-12,2019,CIN,SF,113,137,5,6,11,1,9,0,641816.0,Tyler Mahle,518516.0,Madison Bumgarner,453265.0,456696.0,2395,Oracle Park,day,R
566107,2019-05-12,2019,CLE,OAK,114,133,5,3,8,0,9,0,622446.0,Jefry Rodriguez,596043.0,Daniel Mengden,622446.0,596043.0,10,Oakland Coliseum,day,R
565821,2019-05-12,2019,WSH,LAD,120,119,0,6,6,1,9,0,544931.0,Stephen Strasburg,547943.0,Hyun Jin Ryu,547943.0,544931.0,22,Dodger Stadium,day,R
564850,2019-05-12,2019,ATL,ARI,144,109,5,3,8,0,9,0,608331.0,Max Fried,643327.0,Zack Godley,608331.0,643327.0,15,Chase Field,day,R
565145,2019-05-12,2019,MIL,CHC,158,112,1,4,5,1,9,0,468504.0,Jhoulys Chacín,452657.0,Jon Lester,452657.0,468504.0,17,Wrigley Field,night,R
566007,2019-05-12,2019,MIA,NYM,146,121,0,0,0,0,9,0,,,,,,,3289,Citi Field,day,R
567080,2019-05-13,2019,MIL,PHI,158,143,4,7,11,1,9,0,642547.0,Freddy Peralta,605400.0,Aaron Nola,605388.0,458006.0,2681,Citizens Bank Park,night,R
565528,2019-05-13,2019,HOU,DET,117,116,8,1,9,0,9,0,502748.0,Brad Peacock,571510.0,Matthew Boyd,502748.0,571510.0,2394,Comerica Park,night,R
566982,2019-05-13,2019,LAA,MIN,108,142,5,4,9,0,9,0,572140.0,Tyler Skaggs,621244.0,José Berríos,572140.0,621244.0,3312,Target Field,night,R
567282,2019-05-14,2019,CLE,CWS,114,145,2,5,7,1,9,0,669456.0,Shane Bieber,625643.0,Reynaldo López,625643.0,669456.0,4,Guaranteed Rate Field,night,R
564851,2019-05-14,2019,PIT,ARI,134,109,3,9,12,1,9,0,592468.0,Nick Kingham,592662.0,Robbie Ray,592662.0,592468.0,15,Chase Field,night,R
566390,2019-05-14,2019,OAK,SEA,133,136,5,6,11,1,10,1,571666.0,Mike Fiers,579328.0,Yusei Kikuchi,592165.0,465657.0,680,T-Mobile Park,night,R
567478,2019-05-13,2019,BAL,NYY,110,147,0,0,0,0,9,0,605276.0,David Hess,570666.0,Luis Cessa,,,3313,Yankee Stadium,night,R
567283,2019-05-14,2019,CLE,CWS,114,145,9,0,9,0,9,0,471911.0,Carlos Carrasco,544365.0,Manny Banuelos,471911.0,544365.0,4,Guaranteed Rate Field,day,R
565238,2019-05-14,2019,CHC,CIN,112,113,3,1,4,0,9,0,543294.0,Kyle Hendricks,543699.0,Tanner Roark,543294.0,543699.0,2602,Great American Ball Park,night,R
565913,2019-05-14,2019,NYM,WSH,121,120,6,2,8,0,9,0,592789.0,Noah Syndergaard,476451.0,Jeremy Hellickson,592789.0,476451.0,3309,Nationals Park,night,R
567081,2019-05-14,2019,MIL,PHI,158,143,6,1,7,0,9,0,605540.0,Brandon Woodruff,595191.0,Jerad Eickhoff,605540.0,595191.0,2681,Citizens Bank Park,night,R
565046,2019-05-14,2019,COL,BOS,115,111,5,4,9,0,11,1,607536.0,Kyle Freeland,519242.0,Chris Sale,445197.0,518489.0,3,Fenway Park,night,R
565529,2019-05-14,2019,HOU,DET,117,116,11,4,15,0,9,0,489119.0,Wade Miley,543001.0,Ryan Carpenter,489119.0,543001.0,2394,Comerica Park,night,R
567380,2019-05-14,2019,TB,MIA,139,146,4,0,4,0,9,0,450203.0,Charlie Morton,592761.0,Caleb Smith,450203.0,592761.0,4169,Marlins Park,night,R
567182,2019-05-14,2019,STL,ATL,138,144,14,3,17,0,9,0,656427.0,Jack Flaherty,592314.0,Mike Foltynewicz,656427.0,592314.0,4705,SunTrust Park,night,R
566983,2019-05-14,2019,LAA,MIN,108,142,3,4,7,1,9,0,592135.0,Cam Bedrosian,502043.0,Kyle Gibson,502043.0,592135.0,3312,Target Field,night,R
565724,2019-05-15,2019,TEX,KC,140,118,5,11,16,1,9,0,571946.0,Shelby Miller,518633.0,Danny Duffy,518633.0,571946.0,7,Kauffman Stadium,night,R
564852,2019-05-15,2019,PIT,ARI,134,109,6,2,8,0,9,0,605397.0,Joe Musgrove,596133.0,Luke Weaver,605397.0,596133.0,15,Chase Field,night,R
566490,2019-05-15,2019,TOR,SF,141,137,7,3,10,0,9,0,663423.0,Trent Thornton,543883.0,Nick Vincent,663423.0,543883.0,2395,Oracle Park,night,R
565822,2019-05-15,2019,SD,LAD,135,119,3,6,9,1,9,0,663978.0,Chris Paddack,477132.0,Clayton Kershaw,477132.0,663978.0,22,Dodger Stadium,night,R
566391,2019-05-15,2019,OAK,SEA,133,136,3,4,7,1,9,0,474463.0,Brett Anderson,502190.0,Mike Leake,502190.0,474463.0,680,T-Mobile Park,night,R
567479,2019-05-14,2019,BAL,NYY,110,147,0,0,0,0,9,0,,,,,,,3313,Yankee Stadium,day,R
566984,2019-05-15,2019,LAA,MIN,108,142,7,8,15,1,9,0,502239.0,Trevor Cahill,543606.0,Jake Odorizzi,543606.0,502239.0,3312,Target Field,day,R
567480,2019-05-15,2019,BAL,NYY,110,147,3,5,8,1,9,0,605276.0,David Hess,457918.0,J.A. Happ,457918.0,605276.0,3313,Yankee Stadium,day,R
567478,2019-05-15,2019,BAL,NYY,110,147,1,3,4,1,9,0,488768.0,Andrew Cashner,593334.0,Domingo Germán,593334.0,488768.0,3313,Yankee Stadium,day,R
564853,2019-05-15,2019,PIT,ARI,134,109,1,11,12,1,9,0,502042.0,Chris Archer,425844.0,Zack Greinke,425844.0,502042.0,15,Chase Field,day,R
566491,2019-05-15,2019,TOR,SF,141,137,3,4,7,1,9,0,429719.0,Edwin Jackson,641312.0,Shaun Anderson,453343.0,572193.0,2395,Oracle Park,day,R
565239,2019-05-15,2019,CHC,CIN,112,113,5,6,11,1,10,1,506433.0,Yu Darvish,543243.0,Sonny Gray,607237.0,542960.0,2602,Great American Ball Park,night,R
565914,2019-05-15,2019,NYM,WSH,121,120,1,5,6,1,9,0,521655.0,Wilmer Font,571578.0,Patrick Corbin,571578.0,521655.0,3309,Nationals Park,night,R
567082,2019-05-15,2019,MIL,PHI,158,143,5,2,7,0,9,0,461829.0,Gio Gonzalez,453562.0,Jake Arrieta,461829.0,453562.0,2681,Citizens Bank Park,night,R
565047,2019-05-15,2019,COL,BOS,115,111,5,6,11,1,10,1,608566.0,Germán Márquez,593958.0,Eduardo Rodriguez,519443.0,518452.0,3,Fenway Park,night,R
565530,2019-05-15,2019,HOU,DET,117,116,5,1,6,0,9,0,434378.0,Justin Verlander,642397.0,Gregory Soto,434378.0,642397.0,2394,Comerica Park,night,R
567381,2019-05-15,2019,TB,MIA,139,146,1,0,1,0,9,0,592773.0,Ryne Stanek,570632.0,José Ureña,656222.0,570632.0,4169,Marlins Park,night,R
567183,2019-05-15,2019,STL,ATL,138,144,0,4,4,1,9,0,608379.0,Michael Wacha,647336.0,Michael Soroka,647336.0,608379.0,4705,SunTrust Park,night,R
565725,2019-05-16,2019,TEX,KC,140,118,6,1,7,0,9,0,501985.0,Mike Minor,605347.0,Jorge López,501985.0,605347.0,7,Kauffman Stadium,night,R
565823,2019-05-16,2019,SD,LAD,135,119,0,2,2,1,9,0,621381.0,Matt Strahm,628317.0,Kenta Maeda,628317.0,621381.0,22,Dodger Stadium,night,R
565915,2019-05-16,2019,NYM,WSH,121,120,6,7,13,1,9,0,554430.0,Zack Wheeler,434671.0,Aníbal Sánchez,543359.0,554430.0,3309,Nationals Park,day,R
567083,2019-05-16,2019,MIL,PHI,158,143,11,3,14,0,9,0,605200.0,Zach Davies,621107.0,Zach Eflin,605200.0,621107.0,2681,Citizens Bank Park,day,R
565531,2019-05-16,2019,OAK,DET,133,116,17,3,20,0,9,0,605135.0,Chris Bassitt,605513.0,Spencer Turnbull,605135.0,605513.0,2394,Comerica Park,day,R
565726,2019-05-16,2019,TEX,KC,140,118,16,1,17,0,9,0,458681.0,Lance Lynn,456701.0,Homer Bailey,458681.0,456701.0,7,Kauffman Stadium,day,R
565334,2019-05-16,2019,BAL,CLE,110,114,7,14,21,1,9,0,573185.0,Dan Straily,545333.0,Trevor Bauer,595918.0,593679.0,5,Progressive Field,night,R
565240,2019-05-16,2019,CHC,CIN,112,113,2,4,6,1,9,0,500779.0,Jose Quintana,622491.0,Luis Castillo,622491.0,500779.0,2602,Great American Ball Park,night,R
567184,2019-05-16,2019,STL,ATL,138,144,2,10,12,1,9,0,425794.0,Adam Wainwright,527054.0,Julio Teheran,527054.0,425794.0,4705,SunTrust Park,night,R
567284,2019-05-17,2019,TOR,CWS,141,145,2,4,6,1,9,0,573186.0,Marcus Stroman,592229.0,Dylan Covey,516969.0,571882.0,4,Guaranteed Rate Field,night,R
566296,2019-05-17,2019,PIT,SD,134,135,3,4,7,1,9,0,592866.0,Trevor Williams,641778.0,Eric Lauer,476589.0,593144.0,2680,Petco Park,night,R
566392,2019-05-17,2019,MIN,SEA,142,136,11,6,17,0,9,0,501381.0,Michael Pineda,657024.0,Erik Swanson,501381.0,657024.0,680,T-Mobile Park,night,R
565916,2019-05-17,2019,CHC,WSH,112,120,14,6,20,0,9,0,430935.0,Cole Hamels,453286.0,Max Scherzer,430935.0,453286.0,3309,Nationals Park,night,R
567084,2019-05-17,2019,COL,PHI,115,143,4,5,9,1,9,0,592351.0,Jon Gray,608344.0,Cole Irvin,608344.0,592351.0,2681,Citizens Bank Park,night,R
567481,2019-05-17,2019,TB,NYY,139,147,3,4,7,1,9,0,592773.0,Ryne Stanek,282332.0,CC Sabathia,656547.0,621237.0,3313,Yankee Stadium,night,R
565335,2019-05-17,2019,BAL,CLE,110,114,5,1,6,0,9,0,605164.0,Dylan Bundy,622446.0,Jefry Rodriguez,605164.0,622446.0,5,Progressive Field,night,R
565048,2019-05-17,2019,HOU,BOS,117,111,3,1,4,0,9,0,543037.0,Gerrit Cole,519144.0,Rick Porcello,501789.0,519144.0,3,Fenway Park,night,R
565241,2019-05-17,2019,LAD,CIN,119,113,6,0,6,0,9,0,448179.0,Rich Hill,543101.0,Anthony DeSclafani,448179.0,543101.0,2602,Great American Ball Park,night,R
565532,2019-05-17,2019,OAK,DET,133,116,7,2,9,0,9,0,593423.0,Frankie Montas,596057.0,Daniel Norris,593423.0,596057.0,2394,Comerica Park,night,R
567382,2019-05-17,2019,NYM,MIA,121,146,6,8,14,1,9,0,594798.0,Jacob deGrom,670950.0,Trevor Richards,670950.0,594798.0,4169,Marlins Park,night,R
567185,2019-05-17,2019,MIL,ATL,158,144,8,12,20,1,9,0,468504.0,Jhoulys Chacín,608331.0,Max Fried,608331.0,468504.0,4705,SunTrust Park,night,R
566783,2019-05-18,2019,STL,TEX,138,140,3,7,10,1,9,0,571945.0,Miles Mikolas,600917.0,José Leclerc,592716.0,571945.0,13,Globe Life Park in Arlington,night,R
567285,2019-05-18,2019,TOR,CWS,141,145,10,2,12,0,9,0,592717.0,Aaron Sanchez,467100.0,Iván Nova,543208.0,467100.0,4,Guaranteed Rate Field,night,R
564854,2019-05-18,2019,SF,ARI,137,109,0,7,7,1,9,0,502188.0,Jeff Samardzija,518876.0,Merrill Kelly,518876.0,502188.0,15,Chase Field,night,R
564754,2019-05-18,2019,KC,LAA,118,108,2,5,7,1,9,0,641745.0,Brad Keller,518774.0,Matt Harvey,518774.0,641745.0,1,Angel Stadium,night,R
566297,2019-05-18,2019,PIT,SD,134,135,5,3,8,0,9,0,543475.0,Jordan Lyles,664192.0,Joey Lucchesi,543475.0,664192.0,2680,Petco Park,night,R
566393,2019-05-18,2019,MIN,SEA,142,136,7,1,8,0,9,0,527048.0,Martín Pérez,594835.0,Marco Gonzales,527048.0,594835.0,680,T-Mobile Park,night,R
567482,2019-05-18,2019,TB,NYY,139,147,2,1,3,0,11,1,605483.0,Blake Snell,547888.0,Masahiro Tanaka,621056.0,570666.0,3313,Yankee Stadium,day,R
567286,2019-05-18,2019,TOR,CWS,141,145,1,4,5,1,5,0,456387.0,Ryan Feierabend,608337.0,Lucas Giolito,608337.0,456387.0,4,Guaranteed Rate Field,day,R
566784,2019-05-18,2019,STL,TEX,138,140,8,2,10,0,9,0,641712.0,Dakota Hudson,642558.0,Ariel Jurado,641712.0,642558.0,13,Globe Life Park in Arlington,day,R
567085,2019-05-18,2019,COL,PHI,115,143,1,2,3,1,9,0,622608.0,Antonio Senzatela,605400.0,Aaron Nola,605400.0,622608.0,2681,Citizens Bank Park,day,R
565336,2019-05-18,2019,BAL,CLE,110,114,1,4,5,1,9,0,607644.0,John Means,592644.0,Adam Plutko,592644.0,607644.0,5,Progressive Field,day,R
565242,2019-05-18,2019,LAD,CIN,119,113,0,4,4,1,9,0,621111.0,Walker Buehler,641816.0,Tyler Mahle,641816.0,621111.0,2602,Great American Ball Park,day,R
565533,2019-05-18,2019,OAK,DET,133,116,4,1,5,0,9,0,596043.0,Daniel Mengden,571510.0,Matthew Boyd,596043.0,571510.0,2394,Comerica Park,day,R
567383,2019-05-18,2019,NYM,MIA,121,146,0,2,2,1,9,0,571927.0,Steven Matz,641154.0,Pablo López,641154.0,571927.0,4169,Marlins Park,day,R
565049,2019-05-18,2019,HOU,BOS,117,111,7,3,10,0,9,0,656686.0,Corbin Martin,584171.0,Hector Velázquez,657624.0,584171.0,3,Fenway Park,night,R
565917,2019-05-18,2019,CHC,WSH,112,120,2,5,7,1,9,0,452657.0,Jon Lester,544931.0,Stephen Strasburg,544931.0,452657.0,3309,Nationals Park,night,R
567186,2019-05-18,2019,MIL,ATL,158,144,3,4,7,1,10,1,502624.0,Chase Anderson,592332.0,Kevin Gausman,657097.0,623352.0,4705,SunTrust Park,night,R
566298,2019-05-19,2019,PIT,SD,134,135,7,2,9,0,9,0,657566.0,Montana DuRapau,676606.0,Nick Margevicius,643230.0,676606.0,2680,Petco Park,night,R
564755,2019-05-19,2019,KC,LAA,118,108,3,6,9,1,9,0,596001.0,Jakob Junis,656288.0,Griffin Canning,656288.0,596001.0,1,Angel Stadium,night,R
564855,2019-05-19,2019,SF,ARI,137,109,8,5,13,0,9,0,518516.0,Madison Bumgarner,643327.0,Zack Godley,518516.0,643327.0,15,Chase Field,night,R
566394,2019-05-19,2019,MIN,SEA,142,136,18,4,22,0,9,0,621244.0,José Berríos,453281.0,Wade LeBlanc,608648.0,453281.0,680,T-Mobile Park,night,R
565050,2019-05-19,2019,HOU,BOS,117,111,3,4,7,1,9,0,489119.0,Wade Miley,519242.0,Chris Sale,519393.0,664285.0,3,Fenway Park,day,R
567086,2019-05-19,2019,COL,PHI,115,143,5,7,12,1,9,0,607536.0,Kyle Freeland,595191.0,Jerad Eickhoff,658305.0,543766.0,2681,Citizens Bank Park,day,R
567483,2019-05-19,2019,TB,NYY,139,147,5,13,18,1,9,0,450203.0,Charlie Morton,643338.0,Chad Green,493603.0,650895.0,3313,Yankee Stadium,day,R
565337,2019-05-19,2019,BAL,CLE,110,114,0,10,10,1,9,0,606162.0,Yefry Ramírez,669456.0,Shane Bieber,669456.0,606162.0,5,Progressive Field,day,R
565243,2019-05-19,2019,LAD,CIN,119,113,8,3,11,0,9,0,547943.0,Hyun Jin Ryu,543699.0,Tanner Roark,547943.0,543699.0,2602,Great American Ball Park,day,R
565534,2019-05-19,2019,OAK,DET,133,116,7,3,10,0,9,0,571666.0,Mike Fiers,642397.0,Gregory Soto,571666.0,643617.0,2394,Comerica Park,day,R
567384,2019-05-19,2019,NYM,MIA,121,146,0,3,3,1,9,0,592789.0,Noah Syndergaard,645261.0,Sandy Alcantara,645261.0,592789.0,4169,Marlins Park,day,R
567187,2019-05-19,2019,MIL,ATL,158,144,3,2,5,0,10,1,605540.0,Brandon Woodruff,592314.0,Mike Foltynewicz,623352.0,641149.0,4705,SunTrust Park,day,R
567287,2019-05-19,2019,TOR,CWS,141,145,5,2,7,0,9,0,663423.0,Trent Thornton,625643.0,Reynaldo López,543339.0,516969.0,4,Guaranteed Rate Field,day,R
566785,2019-05-19,2019,STL,TEX,138,140,4,5,9,1,10,1,656427.0,Jack Flaherty,592767.0,Drew Smyly,491646.0,663855.0,13,Globe Life Park in Arlington,day,R
564756,2019-05-19,2019,KC,LAA,118,108,5,1,6,0,9,0,518633.0,Danny Duffy,572140.0,Tyler Skaggs,518633.0,572140.0,1,Angel Stadium,day,R
566299,2019-05-19,2019,PIT,SD,134,135,6,4,10,0,9,0,605397.0,Joe Musgrove,615698.0,Cal Quantrill,605397.0,615698.0,2680,Petco Park,day,R
564856,2019-05-19,2019,SF,ARI,137,109,3,2,5,0,10,1,519141.0,Drew Pomeranz,592662.0,Robbie Ray,473879.0,673633.0,15,Chase Field,day,R
566395,2019-05-19,2019,MIN,SEA,142,136,4,7,11,1,9,0,502043.0,Kyle Gibson,579328.0,Yusei Kikuchi,579328.0,502043.0,680,T-Mobile Park,day,R
565918,2019-05-19,2019,CHC,WSH,112,120,6,5,11,0,9,0,543294.0,Kyle Hendricks,476451.0,Jeremy Hellickson,543294.0,476451.0,3309,Nationals Park,night,R
566885,2019-05-20,2019,BOS,TOR,111,141,12,2,14,0,9,0,456034.0,David Price,429719.0,Edwin Jackson,456034.0,429719.0,14,Rogers Centre,day,R
565338,2019-05-20,2019,OAK,CLE,133,114,6,4,10,0,9,0,474463.0,Brett Anderson,471911.0,Carlos Carrasco,474463.0,471911.0,5,Progressive Field,night,R
564952,2019-05-20,2019,NYY,BAL,147,110,10,7,17,0,9,0,457918.0,J.A. Happ,488768.0,Andrew Cashner,502154.0,571710.0,2,Oriole Park at Camden Yards,night,R
566008,2019-05-20,2019,WSH,NYM,120,121,3,5,8,1,9,0,571578.0,Patrick Corbin,521655.0,Wilmer Font,543193.0,571578.0,3289,Citi Field,night,R
566786,2019-05-21,2019,SEA,TEX,136,140,9,10,19,1,9,0,502190.0,Mike Leake,501985.0,Mike Minor,501985.0,502190.0,13,Globe Life Park in Arlington,night,R
565146,2019-05-21,2019,PHI,CHC,143,112,5,4,9,0,10,1,453562.0,Jake Arrieta,506433.0,Yu Darvish,593576.0,594986.0,17,Wrigley Field,night,R
565626,2019-05-21,2019,CWS,HOU,145,117,0,3,3,1,9,0,,,502748.0,Brad Peacock,502748.0,621114.0,2392,Minute Maid Park,night,R
566492,2019-05-21,2019,ATL,SF,144,137,4,1,5,0,9,0,647336.0,Michael Soroka,605498.0,Andrew Suárez,647336.0,605498.0,2395,Oracle Park,night,R
564757,2019-05-21,2019,MIN,LAA,142,108,3,1,4,0,9,0,543606.0,Jake Odorizzi,518566.0,Taylor Cole,573124.0,621142.0,1,Angel Stadium,night,R
566300,2019-05-21,2019,ARI,SD,109,135,1,2,3,1,9,0,596133.0,Luke Weaver,663978.0,Chris Paddack,663978.0,596133.0,2680,Petco Park,night,R
565339,2019-05-21,2019,OAK,CLE,133,114,5,3,8,0,9,0,605135.0,Chris Bassitt,545333.0,Trevor Bauer,521230.0,545333.0,5,Progressive Field,night,R
566198,2019-05-21,2019,COL,PIT,115,134,5,0,5,0,9,0,608566.0,Germán Márquez,502042.0,Chris Archer,608566.0,502042.0,31,PNC Park,night,R
565147,2019-05-21,2019,PHI,CHC,143,112,2,3,5,1,9,0,621107.0,Zach Eflin,500779.0,Jose Quintana,594986.0,504379.0,17,Wrigley Field,night,R
564953,2019-05-21,2019,NYY,BAL,147,110,11,4,15,0,9,0,593334.0,Domingo Germán,605276.0,David Hess,593334.0,605276.0,2,Oriole Park at Camden Yards,night,R
566886,2019-05-21,2019,BOS,TOR,111,141,3,10,13,1,9,0,593958.0,Eduardo Rodriguez,573186.0,Marcus Stroman,573186.0,593958.0,14,Rogers Centre,night,R
566009,2019-05-21,2019,WSH,NYM,120,121,5,6,11,1,9,0,607200.0,Erick Fedde,554430.0,Zack Wheeler,621242.0,663432.0,3289,Citi Field,night,R
566686,2019-05-21,2019,LAD,TB,119,139,7,3,10,0,9,0,477132.0,Clayton Kershaw,621056.0,Hunter Wood,477132.0,621056.0,12,Tropicana Field,night,R
565535,2019-05-21,2019,MIA,DET,146,116,5,4,9,0,11,1,592761.0,Caleb Smith,605513.0,Spencer Turnbull,623433.0,641729.0,2394,Comerica Park,night,R
567576,2019-05-21,2019,CIN,MIL,113,158,3,0,3,0,9,0,543243.0,Sonny Gray,461829.0,Gio Gonzalez,543243.0,461829.0,32,Miller Park,night,R
566787,2019-05-22,2019,SEA,TEX,136,140,3,5,8,1,9,0,543548.0,Tommy Milone,458681.0,Lance Lynn,458681.0,543548.0,13,Globe Life Park in Arlington,night,R
565627,2019-05-22,2019,CWS,HOU,145,117,1,5,6,1,9,0,592229.0,Dylan Covey,434378.0,Justin Verlander,434378.0,592229.0,2392,Minute Maid Park,night,R
566493,2019-05-22,2019,ATL,SF,144,137,3,4,7,1,9,0,527054.0,Julio Teheran,641312.0,Shaun Anderson,641627.0,592426.0,2395,Oracle Park,night,R
564758,2019-05-22,2019,MIN,LAA,142,108,8,3,11,0,9,0,501381.0,Michael Pineda,502239.0,Trevor Cahill,501381.0,572703.0,1,Angel Stadium,night,R
566301,2019-05-22,2019,ARI,SD,109,135,2,3,5,1,9,0,425844.0,Zack Greinke,621381.0,Matt Strahm,621381.0,425844.0,2680,Petco Park,night,R
566590,2019-05-22,2019,KC,STL,118,138,0,0,0,0,9,0,456701.0,Homer Bailey,608379.0,Michael Wacha,,,2889,Busch Stadium,night,R
565340,2019-05-22,2019,OAK,CLE,133,114,7,2,9,0,9,0,593423.0,Frankie Montas,622446.0,Jefry Rodriguez,593423.0,622446.0,5,Progressive Field,day,R
567577,2019-05-22,2019,CIN,MIL,113,158,9,11,20,1,9,0,622491.0,Luis Castillo,605200.0,Zach Davies,448855.0,593974.0,32,Miller Park,day,R
566591,2019-05-22,2019,KC,STL,118,138,8,2,10,0,9,0,641745.0,Brad Keller,608379.0,Michael Wacha,641745.0,608379.0,2889,Busch Stadium,day,R
566590,2019-05-22,2019,KC,STL,118,138,3,10,13,1,9,0,456701.0,Homer Bailey,425794.0,Adam Wainwright,425794.0,456701.0,2889,Busch Stadium,night,R
566788,2019-05-22,2019,SEA,TEX,136,140,1,2,3,1,9,0,594835.0,Marco Gonzales,445926.0,Jesse Chavez,592716.0,594835.0,13,Globe Life Park in Arlington,day,R
566302,2019-05-22,2019,ARI,SD,109,135,2,5,7,1,9,0,518876.0,Merrill Kelly,641778.0,Eric Lauer,641778.0,518876.0,2680,Petco Park,day,R
566199,2019-05-22,2019,COL,PIT,115,134,9,3,12,0,9,0,592351.0,Jon Gray,657566.0,Montana DuRapau,592351.0,657566.0,31,PNC Park,night,R
564954,2019-05-22,2019,NYY,BAL,147,110,7,5,12,0,9,0,282332.0,CC Sabathia,573185.0,Dan Straily,282332.0,573185.0,2,Oriole Park at Camden Yards,night,R
566887,2019-05-22,2019,BOS,TOR,111,141,6,5,11,0,13,1,519144.0,Rick Porcello,592717.0,Aaron Sanchez,592390.0,622772.0,14,Rogers Centre,night,R
566010,2019-05-22,2019,WSH,NYM,120,121,1,6,7,1,9,0,453286.0,Max Scherzer,594798.0,Jacob deGrom,543193.0,607457.0,3289,Citi Field,night,R
566687,2019-05-22,2019,LAD,TB,119,139,1,8,9,1,9,0,448179.0,Rich Hill,592773.0,Ryne Stanek,641941.0,571670.0,12,Tropicana Field,night,R
565536,2019-05-22,2019,MIA,DET,146,116,6,3,9,0,9,0,570632.0,José Ureña,596057.0,Daniel Norris,570632.0,571656.0,2394,Comerica Park,night,R
565148,2019-05-23,2019,PHI,CHC,143,112,4,8,12,1,9,0,608344.0,Cole Irvin,430935.0,Cole Hamels,543022.0,608344.0,17,Wrigley Field,night,R
565628,2019-05-23,2019,CWS,HOU,145,117,9,4,13,0,9,0,467100.0,Iván Nova,543037.0,Gerrit Cole,467100.0,543037.0,2392,Minute Maid Park,night,R
566494,2019-05-23,2019,ATL,SF,144,137,9,2,11,0,9,0,608331.0,Max Fried,502188.0,Jeff Samardzija,608331.0,502188.0,2395,Oracle Park,night,R
564759,2019-05-23,2019,MIN,LAA,142,108,0,0,0,0,9,0,527048.0,Martín Pérez,518774.0,Matt Harvey,,,1,Angel Stadium,night,R
566011,2019-05-23,2019,WSH,NYM,120,121,4,6,10,1,9,0,544931.0,Stephen Strasburg,571927.0,Steven Matz,607229.0,593833.0,3289,Citi Field,day,R
566200,2019-05-23,2019,COL,PIT,115,134,6,14,20,1,9,0,622608.0,Antonio Senzatela,543475.0,Jordan Lyles,543475.0,622608.0,31,PNC Park,day,R
564955,2019-05-23,2019,NYY,BAL,147,110,6,5,11,0,9,0,547888.0,Masahiro Tanaka,605164.0,Dylan Bundy,592454.0,571710.0,2,Oriole Park at Camden Yards,day,R
566888,2019-05-23,2019,BOS,TOR,111,141,8,2,10,0,9,0,543901.0,Ryan Weber,453385.0,Clayton Richard,543901.0,543208.0,14,Rogers Centre,day,R
565537,2019-05-23,2019,MIA,DET,146,116,5,2,7,0,9,0,670950.0,Trevor Richards,571510.0,Matthew Boyd,641755.0,572888.0,2394,Comerica Park,day,R
565149,2019-05-23,2019,PHI,CHC,143,112,9,7,16,0,9,0,605400.0,Aaron Nola,452657.0,Jon Lester,605400.0,452657.0,17,Wrigley Field,day,R
566495,2019-05-23,2019,ATL,SF,144,137,5,4,9,0,13,1,592332.0,Kevin Gausman,518516.0,Madison Bumgarner,592426.0,606625.0,2395,Oracle Park,day,R
564759,2019-05-23,2019,MIN,LAA,142,108,16,7,23,0,9,0,527048.0,Martín Pérez,518774.0,Matt Harvey,527048.0,518774.0,1,Angel Stadium,day,R
565341,2019-05-23,2019,TB,CLE,139,114,7,2,9,0,9,0,642232.0,Ryan Yarbrough,592644.0,Adam Plutko,642232.0,592644.0,5,Progressive Field,night,R
565629,2019-05-24,2019,CWS,HOU,145,117,4,0,4,0,9,0,608337.0,Lucas Giolito,656686.0,Corbin Martin,608337.0,656686.0,2392,Minute Maid Park,night,R
565150,2019-05-24,2019,CIN,CHC,113,112,6,5,11,0,9,0,543101.0,Anthony DeSclafani,543294.0,Kyle Hendricks,456696.0,518553.0,17,Wrigley Field,day,R
566201,2019-05-24,2019,LAD,PIT,119,134,10,2,12,0,9,0,621111.0,Walker Buehler,593140.0,Michael Feliz,621111.0,593140.0,31,PNC Park,night,R
565919,2019-05-24,2019,MIA,WSH,146,120,10,12,22,1,9,0,641154.0,Pablo López,641851.0,Kyle McGowin,607457.0,623433.0,3309,Nationals Park,night,R
566889,2019-05-24,2019,SD,TOR,135,141,6,3,9,0,9,0,664192.0,Joey Lucchesi,663423.0,Trent Thornton,605538.0,543339.0,14,Rogers Centre,night,R
566012,2019-05-24,2019,DET,NYM,116,121,9,8,17,0,9,0,642397.0,Gregory Soto,592789.0,Noah Syndergaard,571656.0,543193.0,3289,Citi Field,night,R
565342,2019-05-24,2019,TB,CLE,139,114,1,3,4,1,9,0,605483.0,Blake Snell,669456.0,Shane Bieber,595918.0,621237.0,5,Progressive Field,night,R
565630,2019-05-25,2019,BOS,HOU,111,117,3,4,7,1,9,0,519242.0,Chris Sale,489119.0,Wade Miley,489119.0,519242.0,2392,Minute Maid Park,night,R
566985,2019-05-25,2019,CWS,MIN,145,142,4,11,15,1,9,0,625643.0,Reynaldo López,621244.0,José Berríos,621244.0,625643.0,3312,Target Field,night,R
567578,2019-05-25,2019,PHI,MIL,143,158,6,4,10,0,9,0,595191.0,Jerad Eickhoff,502624.0,Chase Anderson,592826.0,642547.0,32,Miller Park,night,R
566592,2019-05-25,2019,ATL,STL,144,138,5,2,7,0,9,0,592314.0,Mike Foltynewicz,571945.0,Miles Mikolas,592314.0,571945.0,2889,Busch Stadium,night,R
565435,2019-05-25,2019,BAL,COL,110,115,6,8,14,1,9,0,607644.0,John Means,656546.0,Jeff Hoffman,623184.0,571710.0,19,Coors Field,night,R
566108,2019-05-25,2019,SEA,OAK,136,133,2,6,8,1,9,0,453281.0,Wade LeBlanc,596043.0,Daniel Mengden,642152.0,453281.0,10,Oakland Coliseum,night,R
564760,2019-05-25,2019,TEX,LAA,140,108,4,3,7,0,9,0,592767.0,Drew Smyly,656288.0,Griffin Canning,592767.0,592135.0,1,Angel Stadium,night,R
566496,2019-05-25,2019,ARI,SF,109,137,18,2,20,0,9,0,592662.0,Robbie Ray,519141.0,Drew Pomeranz,592662.0,519141.0,2395,Oracle Park,night,R
565727,2019-05-25,2019,NYY,KC,147,118,0,0,0,0,9,0,643338.0,Chad Green,596001.0,Jakob Junis,,,7,Kauffman Stadium,night,R
566986,2019-05-25,2019,CWS,MIN,145,142,1,8,9,1,9,0,544365.0,Manny Banuelos,502043.0,Kyle Gibson,502043.0,544365.0,3312,Target Field,day,R
565728,2019-05-25,2019,NYY,KC,147,118,7,3,10,0,9,0,457918.0,J.A. Happ,596001.0,Jakob Junis,457918.0,605130.0,7,Kauffman Stadium,day,R
565727,2019-05-26,2019,NYY,KC,147,118,6,5,11,0,9,0,643338.0,Chad Green,605347.0,Jorge López,664856.0,605347.0,7,Kauffman Stadium,night,R
565151,2019-05-25,2019,CIN,CHC,113,112,6,8,14,1,9,0,641816.0,Tyler Mahle,506433.0,Yu Darvish,596027.0,453172.0,17,Wrigley Field,day,R
566890,2019-05-25,2019,SD,TOR,135,141,19,4,23,0,9,0,615698.0,Cal Quantrill,429719.0,Edwin Jackson,615698.0,429719.0,14,Rogers Centre,day,R
566497,2019-05-25,2019,ARI,SF,109,137,10,4,14,0,9,0,664199.0,Taylor Clarke,605498.0,Andrew Suárez,664199.0,605498.0,2395,Oracle Park,day,R
565920,2019-05-25,2019,MIA,WSH,146,120,0,5,5,1,9,0,645261.0,Sandy Alcantara,571578.0,Patrick Corbin,571578.0,645261.0,3309,Nationals Park,day,R
566109,2019-05-25,2019,SEA,OAK,136,133,5,6,11,1,9,0,579328.0,Yusei Kikuchi,571666.0,Mike Fiers,571666.0,579328.0,10,Oakland Coliseum,day,R
566013,2019-05-25,2019,DET,NYM,116,121,4,5,9,1,13,1,543001.0,Ryan Carpenter,450306.0,Jason Vargas,502327.0,571656.0,3289,Citi Field,day,R
565343,2019-05-25,2019,TB,CLE,139,114,6,2,8,0,9,0,450203.0,Charlie Morton,471911.0,Carlos Carrasco,450203.0,471911.0,5,Progressive Field,day,R
567579,2019-05-25,2019,PHI,MIL,143,158,7,2,9,0,9,0,453562.0,Jake Arrieta,468504.0,Jhoulys Chacín,453562.0,468504.0,32,Miller Park,day,R
565631,2019-05-25,2019,BOS,HOU,111,117,3,4,7,1,9,0,456034.0,David Price,502748.0,Brad Peacock,532077.0,598264.0,2392,Minute Maid Park,night,R
566202,2019-05-25,2019,LAD,PIT,119,134,7,2,9,0,9,0,547943.0,Hyun Jin Ryu,605397.0,Joe Musgrove,547943.0,605397.0,31,PNC Park,night,R
566593,2019-05-25,2019,ATL,STL,144,138,3,6,9,1,9,0,647336.0,Michael Soroka,641712.0,Dakota Hudson,453192.0,595465.0,2889,Busch Stadium,night,R
565436,2019-05-26,2019,BAL,COL,110,115,9,6,15,0,9,0,488768.0,Andrew Cashner,607536.0,Kyle Freeland,488768.0,607536.0,19,Coors Field,night,R
564761,2019-05-26,2019,TEX,LAA,140,108,2,3,5,1,9,0,501985.0,Mike Minor,572140.0,Tyler Skaggs,570663.0,518875.0,1,Angel Stadium,night,R
566891,2019-05-26,2019,SD,TOR,135,141,1,10,11,1,9,0,572362.0,Robbie Erlin,573186.0,Marcus Stroman,573186.0,572362.0,14,Rogers Centre,day,R
566014,2019-05-26,2019,DET,NYM,116,121,3,4,7,1,9,0,605513.0,Spencer Turnbull,554430.0,Zack Wheeler,554430.0,605513.0,3289,Citi Field,day,R
565344,2019-05-26,2019,TB,CLE,139,114,6,3,9,0,9,0,592773.0,Ryne Stanek,545333.0,Trevor Bauer,656222.0,545333.0,5,Progressive Field,day,R
566203,2019-05-26,2019,LAD,PIT,119,134,11,7,18,0,9,0,628317.0,Kenta Maeda,502042.0,Chris Archer,628317.0,502042.0,31,PNC Park,day,R
565921,2019-05-26,2019,MIA,WSH,146,120,6,9,15,1,9,0,592761.0,Caleb Smith,607200.0,Erick Fedde,607200.0,592761.0,3309,Nationals Park,day,R
565632,2019-05-26,2019,BOS,HOU,111,117,4,1,5,0,9,0,593958.0,Eduardo Rodriguez,434378.0,Justin Verlander,593958.0,434378.0,2392,Minute Maid Park,day,R
566987,2019-05-26,2019,CWS,MIN,145,142,0,7,7,1,9,0,592229.0,Dylan Covey,543606.0,Jake Odorizzi,543606.0,592229.0,3312,Target Field,day,R
567580,2019-05-26,2019,PHI,MIL,143,158,1,9,10,1,9,0,621107.0,Zach Eflin,605540.0,Brandon Woodruff,605540.0,621107.0,32,Miller Park,day,R
565729,2019-05-26,2019,NYY,KC,147,118,7,8,15,1,10,1,593334.0,Domingo Germán,518633.0,Danny Duffy,641838.0,656547.0,7,Kauffman Stadium,day,R
565152,2019-05-26,2019,CIN,CHC,113,112,10,2,12,0,9,0,543699.0,Tanner Roark,500779.0,Jose Quintana,543699.0,500779.0,17,Wrigley Field,day,R
565437,2019-05-26,2019,BAL,COL,110,115,7,8,15,1,9,0,605276.0,David Hess,608566.0,Germán Márquez,623184.0,643316.0,19,Coors Field,day,R
566498,2019-05-26,2019,ARI,SF,109,137,6,2,8,0,9,0,596133.0,Luke Weaver,641312.0,Shaun Anderson,596133.0,641312.0,2395,Oracle Park,day,R
566110,2019-05-26,2019,SEA,OAK,136,133,1,7,8,1,9,0,502190.0,Mike Leake,474463.0,Brett Anderson,474463.0,502190.0,10,Oakland Coliseum,day,R
564762,2019-05-26,2019,TEX,LAA,140,108,6,7,13,1,9,0,642558.0,Ariel Jurado,571760.0,Andrew Heaney,472610.0,605488.0,1,Angel Stadium,day,R
566594,2019-05-26,2019,ATL,STL,144,138,4,3,7,0,10,1,527054.0,Julio Teheran,656427.0,Jack Flaherty,657097.0,643778.0,2889,Busch Stadium,night,R
564956,2019-05-27,2019,DET,BAL,116,110,3,5,8,1,9,0,596057.0,Daniel Norris,593679.0,Gabriel Ynoa,573185.0,596057.0,2,Oriole Park at Camden Yards,day,R
565922,2019-05-27,2019,MIA,WSH,146,120,3,2,5,0,9,0,570632.0,José Ureña,453286.0,Max Scherzer,570632.0,607457.0,3309,Nationals Park,day,R
567484,2019-05-27,2019,SD,NYY,135,147,2,5,7,1,9,0,621381.0,Matt Strahm,643338.0,Chad Green,571735.0,621381.0,3313,Yankee Stadium,day,R
565244,2019-05-27,2019,PIT,CIN,134,113,8,5,13,0,9,0,592468.0,Nick Kingham,622491.0,Luis Castillo,605195.0,456696.0,2602,Great American Ball Park,day,R
565221,2019-05-27,2019,PIT,CIN,134,113,1,8,9,1,9,0,656605.0,Mitch Keller,543243.0,Sonny Gray,543243.0,656605.0,2602,Great American Ball Park,night,R
566688,2019-05-27,2019,TOR,TB,141,139,3,8,11,1,9,0,592717.0,Aaron Sanchez,630023.0,Yonny Chirinos,630023.0,592717.0,12,Tropicana Field,day,R
565633,2019-05-27,2019,CHC,HOU,112,117,5,6,11,1,9,0,430935.0,Cole Hamels,543037.0,Gerrit Cole,543037.0,430935.0,2392,Minute Maid Park,day,R
567288,2019-05-27,2019,KC,CWS,118,145,1,2,3,1,9,0,456701.0,Homer Bailey,467100.0,Iván Nova,517008.0,518617.0,4,Guaranteed Rate Field,day,R
565438,2019-05-27,2019,ARI,COL,109,115,3,4,7,1,11,1,425844.0,Zack Greinke,592351.0,Jon Gray,493200.0,542882.0,19,Coors Field,day,R
565051,2019-05-27,2019,CLE,BOS,114,111,5,12,17,1,9,0,622446.0,Jefry Rodriguez,519144.0,Rick Porcello,519144.0,622446.0,3,Fenway Park,day,R
566111,2019-05-27,2019,LAA,OAK,108,133,5,8,13,1,9,0,502239.0,Trevor Cahill,605135.0,Chris Bassitt,605135.0,502239.0,10,Oakland Coliseum,day,R
566988,2019-05-27,2019,MIL,MIN,158,142,5,4,9,0,9,0,461829.0,Gio Gonzalez,501381.0,Michael Pineda,669203.0,573124.0,3312,Target Field,night,R
565824,2019-05-28,2019,NYM,LAD,121,119,5,9,14,1,9,0,594798.0,Jacob deGrom,477132.0,Clayton Kershaw,477132.0,641341.0,22,Dodger Stadium,night,R
566396,2019-05-28,2019,TEX,SEA,140,136,2,6,8,1,9,0,458681.0,Lance Lynn,543548.0,Tommy Milone,543548.0,458681.0,680,T-Mobile Park,night,R
567288,2019-05-28,2019,KC,CWS,118,145,1,2,3,1,9,0,456701.0,Homer Bailey,467100.0,Iván Nova,517008.0,518617.0,4,Guaranteed Rate Field,day,R
567485,2019-05-28,2019,SD,NYY,135,147,5,4,9,0,9,0,641778.0,Eric Lauer,547888.0,Masahiro Tanaka,641778.0,547888.0,3313,Yankee Stadium,night,R
565245,2019-05-28,2019,PIT,CIN,134,113,6,11,17,1,9,0,543475.0,Jordan Lyles,608371.0,Lucas Sims,608371.0,543475.0,2602,Great American Ball Park,night,R
564957,2019-05-28,2019,DET,BAL,116,110,3,0,3,0,9,0,571510.0,Matthew Boyd,605164.0,Dylan Bundy,571510.0,605164.0,2,Oriole Park at Camden Yards,night,R
567087,2019-05-28,2019,STL,PHI,138,143,3,4,7,1,9,0,425794.0,Adam Wainwright,601713.0,Nick Pivetta,601713.0,425794.0,2681,Citizens Bank Park,night,R
565052,2019-05-28,2019,CLE,BOS,114,111,7,5,12,0,9,0,668676.0,Zach Plesac,456034.0,David Price,621295.0,664042.0,3,Fenway Park,night,R
566689,2019-05-28,2019,TOR,TB,141,139,1,3,4,1,9,0,453385.0,Clayton Richard,592773.0,Ryne Stanek,642232.0,453385.0,12,Tropicana Field,night,R
567385,2019-05-28,2019,SF,MIA,137,146,3,11,14,1,9,0,502188.0,Jeff Samardzija,670950.0,Trevor Richards,670950.0,502188.0,4169,Marlins Park,night,R
567188,2019-05-28,2019,WSH,ATL,120,144,5,4,9,0,9,0,544931.0,Stephen Strasburg,608331.0,Max Fried,544931.0,608331.0,4705,SunTrust Park,night,R
565634,2019-05-29,2019,CHC,HOU,112,117,6,9,15,1,9,0,452657.0,Jon Lester,656686.0,Corbin Martin,657624.0,452657.0,2392,Minute Maid Park,night,R
567289,2019-05-29,2019,KC,CWS,118,145,3,4,7,1,9,0,641745.0,Brad Keller,608337.0,Lucas Giolito,608337.0,641745.0,4,Guaranteed Rate Field,night,R
566989,2019-05-29,2019,MIL,MIN,158,142,3,5,8,1,9,0,605200.0,Zach Davies,656970.0,Devin Smeltzer,543483.0,592222.0,3312,Target Field,night,R
565439,2019-05-29,2019,ARI,COL,109,115,2,6,8,1,9,0,518876.0,Merrill Kelly,622608.0,Antonio Senzatela,545064.0,518876.0,19,Coors Field,night,R
566112,2019-05-29,2019,LAA,OAK,108,133,6,4,10,0,9,0,592135.0,Cam Bedrosian,593423.0,Frankie Montas,621142.0,465657.0,10,Oakland Coliseum,night,R
565825,2019-05-29,2019,NYM,LAD,121,119,7,3,10,0,9,0,571927.0,Steven Matz,448179.0,Rich Hill,571927.0,554340.0,22,Dodger Stadium,night,R
566397,2019-05-29,2019,TEX,SEA,140,136,11,4,15,0,9,0,445926.0,Jesse Chavez,594835.0,Marco Gonzales,592716.0,594835.0,680,T-Mobile Park,night,R
565246,2019-05-29,2019,PIT,CIN,134,113,7,2,9,0,9,0,643230.0,Steven Brault,543101.0,Anthony DeSclafani,643230.0,543101.0,2602,Great American Ball Park,day,R
567486,2019-05-29,2019,SD,NYY,135,147,0,7,7,1,9,0,663978.0,Chris Paddack,572020.0,James Paxton,656547.0,663978.0,3313,Yankee Stadium,day,R
566113,2019-05-29,2019,LAA,OAK,108,133,12,7,19,0,11,1,656288.0,Griffin Canning,596043.0,Daniel Mengden,598287.0,642152.0,10,Oakland Coliseum,day,R
566398,2019-05-29,2019,TEX,SEA,140,136,8,7,15,0,9,0,600917.0,José Leclerc,453281.0,Wade LeBlanc,445926.0,542914.0,680,T-Mobile Park,day,R
565053,2019-05-29,2019,CLE,BOS,114,111,14,9,23,0,9,0,669456.0,Shane Bieber,543901.0,Ryan Weber,669456.0,543901.0,3,Fenway Park,night,R
564958,2019-05-29,2019,DET,BAL,116,110,4,2,6,0,9,0,543001.0,Ryan Carpenter,607644.0,John Means,598286.0,571858.0,2,Oriole Park at Camden Yards,night,R
567088,2019-05-29,2019,STL,PHI,138,143,4,11,15,1,9,0,650893.0,Génesis Cabrera,605400.0,Aaron Nola,605400.0,650893.0,2681,Citizens Bank Park,night,R
566690,2019-05-29,2019,TOR,TB,141,139,3,4,7,1,11,1,663423.0,Trent Thornton,605483.0,Blake Snell,650895.0,596101.0,12,Tropicana Field,night,R
567386,2019-05-29,2019,SF,MIA,137,146,2,4,6,1,9,0,518516.0,Madison Bumgarner,641154.0,Pablo López,623433.0,518516.0,4169,Marlins Park,night,R
567189,2019-05-29,2019,WSH,ATL,120,144,14,4,18,0,9,0,434671.0,Aníbal Sánchez,592332.0,Kevin Gausman,434671.0,592332.0,4705,SunTrust Park,night,R
565635,2019-05-30,2019,CHC,HOU,112,117,2,1,3,0,9,0,543294.0,Kyle Hendricks,489119.0,Wade Miley,543294.0,489119.0,2392,Minute Maid Park,night,R
567290,2019-05-30,2019,KC,CWS,118,145,7,8,15,1,9,0,642098.0,Glenn Sparkman,625643.0,Reynaldo López,516969.0,453178.0,4,Guaranteed Rate Field,night,R
565440,2019-05-30,2019,ARI,COL,109,115,4,5,9,1,9,0,592662.0,Robbie Ray,656546.0,Jeff Hoffman,656546.0,592662.0,19,Coors Field,night,R
565826,2019-05-30,2019,NYM,LAD,121,119,8,9,17,1,9,0,592789.0,Noah Syndergaard,621111.0,Walker Buehler,518397.0,621242.0,22,Dodger Stadium,night,R
567089,2019-05-30,2019,STL,PHI,138,143,5,3,8,0,9,0,641712.0,Dakota Hudson,595191.0,Jerad Eickhoff,641712.0,595191.0,2681,Citizens Bank Park,day,R
567387,2019-05-30,2019,SF,MIA,137,146,3,1,4,0,9,0,595881.0,Tyler Beede,645261.0,Sandy Alcantara,606625.0,543045.0,4169,Marlins Park,day,R
565441,2019-05-30,2019,ARI,COL,109,115,10,11,21,1,10,1,664199.0,Taylor Clarke,607536.0,Kyle Freeland,493200.0,673633.0,19,Coors Field,day,R
566204,2019-05-30,2019,MIL,PIT,158,134,11,5,16,0,9,0,502624.0,Chase Anderson,605397.0,Joe Musgrove,502624.0,605397.0,31,PNC Park,night,R
566691,2019-05-30,2019,MIN,TB,142,139,3,14,17,1,9,0,527048.0,Martín Pérez,450203.0,Charlie Morton,450203.0,527048.0,12,Tropicana Field,night,R
566789,2019-05-31,2019,KC,TEX,118,140,4,2,6,0,9,0,596001.0,Jakob Junis,501985.0,Mike Minor,596001.0,501985.0,13,Globe Life Park in Arlington,night,R
567291,2019-05-31,2019,CLE,CWS,114,145,4,10,14,1,9,0,471911.0,Carlos Carrasco,544365.0,Manny Banuelos,544365.0,471911.0,4,Guaranteed Rate Field,night,R
565827,2019-05-31,2019,NYM,LAD,121,119,0,2,2,1,9,0,450306.0,Jason Vargas,547943.0,Hyun Jin Ryu,547943.0,450306.0,22,Dodger Stadium,night,R
566399,2019-05-31,2019,LAA,SEA,108,136,9,3,12,0,9,0,570240.0,Félix Peña,579328.0,Yusei Kikuchi,570240.0,579328.0,680,T-Mobile Park,night,R
567487,2019-05-30,2019,BOS,NYY,111,147,0,0,0,0,9,0,519242.0,Chris Sale,457918.0,J.A. Happ,,,3313,Yankee Stadium,night,R
564959,2019-05-31,2019,SF,BAL,137,110,6,9,15,1,9,0,519141.0,Drew Pomeranz,488768.0,Andrew Cashner,488768.0,519141.0,2,Oriole Park at Camden Yards,night,R
567488,2019-05-31,2019,BOS,NYY,111,147,1,4,5,1,9,0,519242.0,Chris Sale,457918.0,J.A. Happ,457918.0,519242.0,3313,Yankee Stadium,night,R
566205,2019-05-31,2019,MIL,PIT,158,134,4,9,13,1,9,0,468504.0,Jhoulys Chacín,502042.0,Chris Archer,502042.0,468504.0,31,PNC Park,night,R
565247,2019-05-31,2019,WSH,CIN,120,113,3,9,12,1,9,0,571578.0,Patrick Corbin,641816.0,Tyler Mahle,641816.0,571578.0,2602,Great American Ball Park,night,R
566692,2019-05-31,2019,MIN,TB,142,139,5,3,8,0,9,0,621244.0,José Berríos,592773.0,Ryne Stanek,573124.0,650895.0,12,Tropicana Field,night,R
567190,2019-05-31,2019,DET,ATL,116,144,8,2,10,0,9,0,605513.0,Spencer Turnbull,592314.0,Mike Foltynewicz,605513.0,592314.0,4705,SunTrust Park,night,R
566790,2019-06-01,2019,KC,TEX,118,140,2,6,8,1,9,0,518633.0,Danny Duffy,642558.0,Ariel Jurado,642558.0,518633.0,13,Globe Life Park in Arlington,night,R
567292,2019-06-01,2019,CLE,CWS,114,145,1,6,7,1,9,0,545333.0,Trevor Bauer,592229.0,Dylan Covey,592229.0,545333.0,4,Guaranteed Rate Field,night,R
566595,2019-06-01,2019,CHC,STL,112,138,1,2,3,1,10,1,506433.0,Yu Darvish,571945.0,Miles Mikolas,663855.0,543557.0,2889,Busch Stadium,night,R
565442,2019-06-01,2019,TOR,COL,141,115,6,13,19,1,9,0,429719.0,Edwin Jackson,608566.0,Germán Márquez,608566.0,429719.0,19,Coors Field,night,R
564857,2019-06-01,2019,NYM,ARI,121,109,5,4,9,0,9,0,554430.0,Zack Wheeler,641541.0,Jon Duplantier,554430.0,542882.0,15,Chase Field,night,R
566114,2019-06-01,2019,HOU,OAK,117,133,3,2,5,0,9,0,502748.0,Brad Peacock,571666.0,Mike Fiers,444468.0,642152.0,10,Oakland Coliseum,night,R
566400,2019-06-01,2019,LAA,SEA,108,136,3,4,7,1,9,0,572140.0,Tyler Skaggs,502190.0,Mike Leake,502190.0,572140.0,680,T-Mobile Park,night,R
565828,2019-06-01,2019,PHI,LAD,143,119,3,6,9,1,9,0,453562.0,Jake Arrieta,628317.0,Kenta Maeda,628317.0,453562.0,22,Dodger Stadium,night,R
566303,2019-06-01,2019,MIA,SD,146,135,2,5,7,1,9,0,592761.0,Caleb Smith,664192.0,Joey Lucchesi,664192.0,592761.0,2680,Petco Park,night,R
566693,2019-06-01,2019,MIN,TB,142,139,6,2,8,0,9,0,502043.0,Kyle Gibson,630023.0,Yonny Chirinos,502043.0,630023.0,12,Tropicana Field,day,R
567293,2019-06-01,2019,CLE,CWS,114,145,5,2,7,0,9,0,622446.0,Jefry Rodriguez,467100.0,Iván Nova,424144.0,467100.0,4,Guaranteed Rate Field,day,R
564960,2019-06-01,2019,SF,BAL,137,110,8,2,10,0,9,0,641312.0,Shaun Anderson,605276.0,David Hess,641312.0,605276.0,2,Oriole Park at Camden Yards,day,R
566791,2019-06-01,2019,KC,TEX,118,140,2,6,8,1,9,0,456701.0,Homer Bailey,458681.0,Lance Lynn,458681.0,456701.0,13,Globe Life Park in Arlington,day,R
566206,2019-06-01,2019,MIL,PIT,158,134,12,10,22,0,13,1,605540.0,Brandon Woodruff,592468.0,Nick Kingham,605288.0,656725.0,31,PNC Park,day,R
565248,2019-06-01,2019,WSH,CIN,120,113,5,2,7,0,9,0,607200.0,Erick Fedde,543699.0,Tanner Roark,663432.0,543699.0,2602,Great American Ball Park,day,R
567191,2019-06-01,2019,DET,ATL,116,144,5,10,15,1,9,0,596057.0,Daniel Norris,647336.0,Michael Soroka,647336.0,596057.0,4705,SunTrust Park,day,R
566401,2019-06-01,2019,LAA,SEA,108,136,6,3,9,0,9,0,571760.0,Andrew Heaney,543548.0,Tommy Milone,592135.0,592165.0,680,T-Mobile Park,day,R
566596,2019-06-01,2019,CHC,STL,112,138,4,7,11,1,9,0,500779.0,Jose Quintana,656427.0,Jack Flaherty,607231.0,543022.0,2889,Busch Stadium,night,R
567489,2019-06-01,2019,BOS,NYY,111,147,3,5,8,1,9,0,519144.0,Rick Porcello,593334.0,Domingo Germán,643338.0,519144.0,3313,Yankee Stadium,night,R
565443,2019-06-02,2019,TOR,COL,141,115,2,4,6,1,9,0,573186.0,Marcus Stroman,592351.0,Jon Gray,592351.0,573186.0,19,Coors Field,night,R
566115,2019-06-02,2019,HOU,OAK,117,133,5,1,6,0,9,0,434378.0,Justin Verlander,474463.0,Brett Anderson,434378.0,474463.0,10,Oakland Coliseum,night,R
564858,2019-06-02,2019,NYM,ARI,121,109,5,6,11,1,11,1,594798.0,Jacob deGrom,425844.0,Zack Greinke,673633.0,641341.0,15,Chase Field,night,R
565829,2019-06-02,2019,PHI,LAD,143,119,3,4,7,1,9,0,501625.0,Jose Alvarez,477132.0,Clayton Kershaw,628711.0,593576.0,22,Dodger Stadium,night,R
566304,2019-06-02,2019,MIA,SD,146,135,9,3,12,0,9,0,570632.0,José Ureña,676606.0,Nick Margevicius,570632.0,676606.0,2680,Petco Park,night,R
564961,2019-06-02,2019,SF,BAL,137,110,8,1,9,0,9,0,502188.0,Jeff Samardzija,593679.0,Gabriel Ynoa,502188.0,593679.0,2,Oriole Park at Camden Yards,day,R
565249,2019-06-02,2019,WSH,CIN,120,113,4,1,5,0,9,0,453286.0,Max Scherzer,543243.0,Sonny Gray,453286.0,543243.0,2602,Great American Ball Park,day,R
566694,2019-06-02,2019,MIN,TB,142,139,9,7,16,0,9,0,543606.0,Jake Odorizzi,642232.0,Ryan Yarbrough,543606.0,642232.0,12,Tropicana Field,day,R
567192,2019-06-02,2019,DET,ATL,116,144,4,7,11,1,9,0,571510.0,Matthew Boyd,527054.0,Julio Teheran,657053.0,641729.0,4705,SunTrust Park,day,R
566207,2019-06-02,2019,MIL,PIT,158,134,4,2,6,0,9,0,605200.0,Zach Davies,543475.0,Jordan Lyles,605200.0,543475.0,31,PNC Park,day,R
567294,2019-06-02,2019,CLE,CWS,114,145,0,2,2,1,9,0,668676.0,Zach Plesac,608337.0,Lucas Giolito,608337.0,668676.0,4,Guaranteed Rate Field,day,R
566597,2019-06-02,2019,CHC,STL,112,138,1,2,3,1,9,0,430935.0,Cole Hamels,425794.0,Adam Wainwright,425794.0,430935.0,2889,Busch Stadium,day,R
566792,2019-06-02,2019,KC,TEX,118,140,1,5,6,1,9,0,641745.0,Brad Keller,592716.0,Adrian Sampson,592716.0,641745.0,13,Globe Life Park in Arlington,day,R
565444,2019-06-02,2019,TOR,COL,141,115,1,5,6,1,9,0,592717.0,Aaron Sanchez,622608.0,Antonio Senzatela,622608.0,592717.0,19,Coors Field,day,R
566116,2019-06-02,2019,HOU,OAK,117,133,6,4,10,0,12,1,543037.0,Gerrit Cole,605135.0,Chris Bassitt,657624.0,642152.0,10,Oakland Coliseum,day,R
564859,2019-06-02,2019,NYM,ARI,121,109,1,7,8,1,9,0,571927.0,Steven Matz,518876.0,Merrill Kelly,518876.0,571927.0,15,Chase Field,day,R
566402,2019-06-02,2019,LAA,SEA,108,136,13,3,16,0,9,0,660761.0,José Suarez,594835.0,Marco Gonzales,660761.0,594835.0,680,T-Mobile Park,day,R
565830,2019-06-02,2019,PHI,LAD,143,119,0,8,8,1,9,0,601713.0,Nick Pivetta,448179.0,Rich Hill,448179.0,592826.0,22,Dodger Stadium,day,R
566305,2019-06-02,2019,MIA,SD,146,135,9,3,12,0,9,0,670950.0,Trevor Richards,621381.0,Matt Strahm,670950.0,621381.0,2680,Petco Park,day,R
567490,2019-06-02,2019,BOS,NYY,111,147,8,5,13,0,9,0,456034.0,David Price,282332.0,CC Sabathia,456034.0,282332.0,3313,Yankee Stadium,night,R
565129,2019-06-03,2019,LAA,CHC,108,112,1,8,9,1,9,0,592135.0,Cam Bedrosian,452657.0,Jon Lester,452657.0,502239.0,17,Wrigley Field,day,R
564860,2019-06-04,2019,LAD,ARI,119,109,3,1,4,0,9,0,621111.0,Walker Buehler,592662.0,Robbie Ray,621111.0,592662.0,15,Chase Field,night,R
566403,2019-06-04,2019,HOU,SEA,117,136,4,2,6,0,9,0,656686.0,Corbin Martin,453281.0,Wade LeBlanc,664285.0,518715.0,680,T-Mobile Park,night,R
566306,2019-06-04,2019,PHI,SD,143,135,2,8,10,1,9,0,605400.0,Aaron Nola,641778.0,Eric Lauer,641778.0,605400.0,2680,Petco Park,night,R
566208,2019-06-04,2019,ATL,PIT,144,134,12,5,17,0,9,0,608331.0,Max Fried,643230.0,Steven Brault,595465.0,605195.0,31,PNC Park,night,R
565923,2019-06-04,2019,CWS,WSH,145,120,5,9,14,1,9,0,625643.0,Reynaldo López,544931.0,Stephen Strasburg,544931.0,625643.0,3309,Nationals Park,night,R
566892,2019-06-04,2019,NYY,TOR,147,141,3,4,7,1,9,0,547888.0,Masahiro Tanaka,453385.0,Clayton Richard,623381.0,547888.0,14,Rogers Centre,night,R
566015,2019-06-04,2019,SF,NYM,137,121,9,3,12,0,10,1,518516.0,Madison Bumgarner,592789.0,Noah Syndergaard,453343.0,607229.0,3289,Citi Field,night,R
565538,2019-06-04,2019,TB,DET,139,116,6,9,15,1,9,0,605483.0,Blake Snell,543001.0,Ryan Carpenter,543001.0,605483.0,2394,Comerica Park,night,R
565345,2019-06-04,2019,MIN,CLE,142,114,2,5,7,1,9,0,656970.0,Devin Smeltzer,669456.0,Shane Bieber,669456.0,656970.0,5,Progressive Field,night,R
567581,2019-06-04,2019,MIA,MIL,146,158,16,0,16,0,9,0,641154.0,Pablo López,502624.0,Chase Anderson,641154.0,502624.0,32,Miller Park,night,R
565153,2019-06-05,2019,COL,CHC,115,112,3,6,9,1,9,0,656546.0,Jeff Hoffman,543294.0,Kyle Hendricks,543294.0,656546.0,17,Wrigley Field,night,R
566793,2019-06-05,2019,BAL,TEX,110,140,12,11,23,0,9,0,605164.0,Dylan Bundy,592767.0,Drew Smyly,605164.0,592767.0,13,Globe Life Park in Arlington,night,R
565730,2019-06-05,2019,BOS,KC,111,118,8,3,11,0,9,0,593958.0,Eduardo Rodriguez,642098.0,Glenn Sparkman,593958.0,605130.0,7,Kauffman Stadium,night,R
566598,2019-06-05,2019,CIN,STL,113,138,4,1,5,0,9,0,622491.0,Luis Castillo,650893.0,Génesis Cabrera,622491.0,650893.0,2889,Busch Stadium,night,R
564861,2019-06-05,2019,LAD,ARI,119,109,9,0,9,0,9,0,547943.0,Hyun Jin Ryu,664199.0,Taylor Clarke,547943.0,664199.0,15,Chase Field,night,R
564763,2019-06-05,2019,OAK,LAA,133,108,4,2,6,0,9,0,593423.0,Frankie Montas,656288.0,Griffin Canning,593423.0,656288.0,1,Angel Stadium,night,R
566404,2019-06-05,2019,HOU,SEA,117,136,11,5,16,0,9,0,489119.0,Wade Miley,621058.0,Andrew Moore,594056.0,592165.0,680,T-Mobile Park,night,R
566307,2019-06-05,2019,PHI,SD,143,135,9,6,15,0,9,0,595191.0,Jerad Eickhoff,663978.0,Chris Paddack,595191.0,663978.0,2680,Petco Park,night,R
565924,2019-06-05,2019,CWS,WSH,145,120,4,6,10,1,9,0,592229.0,Dylan Covey,434671.0,Aníbal Sánchez,448281.0,517008.0,3309,Nationals Park,day,R
564862,2019-06-05,2019,LAD,ARI,119,109,2,3,5,1,11,1,628317.0,Kenta Maeda,641541.0,Jon Duplantier,643327.0,518397.0,15,Chase Field,day,R
566308,2019-06-05,2019,PHI,SD,143,135,7,5,12,0,9,0,453562.0,Jake Arrieta,615698.0,Cal Quantrill,504379.0,489334.0,2680,Petco Park,day,R
566209,2019-06-05,2019,ATL,PIT,144,134,4,7,11,1,9,0,592332.0,Kevin Gausman,605397.0,Joe Musgrove,605397.0,592332.0,31,PNC Park,night,R
566893,2019-06-05,2019,NYY,TOR,147,141,7,11,18,1,9,0,572020.0,James Paxton,663423.0,Trent Thornton,543208.0,502154.0,14,Rogers Centre,night,R
566016,2019-06-05,2019,SF,NYM,137,121,0,7,7,1,9,0,595881.0,Tyler Beede,450306.0,Jason Vargas,450306.0,595881.0,3289,Citi Field,night,R
565539,2019-06-05,2019,TB,DET,139,116,4,0,4,0,9,0,450203.0,Charlie Morton,605513.0,Spencer Turnbull,450203.0,605513.0,2394,Comerica Park,night,R
565346,2019-06-05,2019,MIN,CLE,142,114,7,9,16,1,9,0,527048.0,Martín Pérez,461325.0,Tyler Clippard,621295.0,453284.0,5,Progressive Field,night,R
567582,2019-06-05,2019,MIA,MIL,146,158,8,3,11,0,9,0,645261.0,Sandy Alcantara,519076.0,Jimmy Nelson,645261.0,519076.0,32,Miller Park,night,R
565154,2019-06-06,2019,COL,CHC,115,112,8,9,17,1,9,0,608566.0,Germán Márquez,506433.0,Yu Darvish,445213.0,608566.0,17,Wrigley Field,night,R
566794,2019-06-06,2019,BAL,TEX,110,140,1,2,3,1,12,1,607644.0,John Means,501985.0,Mike Minor,605488.0,643316.0,13,Globe Life Park in Arlington,night,R
565731,2019-06-06,2019,BOS,KC,111,118,8,0,8,0,9,0,519242.0,Chris Sale,596001.0,Jakob Junis,519242.0,596001.0,7,Kauffman Stadium,night,R
564764,2019-06-06,2019,OAK,LAA,133,108,9,10,19,1,9,0,596043.0,Daniel Mengden,592135.0,Cam Bedrosian,570663.0,642152.0,1,Angel Stadium,night,R
566405,2019-06-06,2019,HOU,SEA,117,136,1,14,15,1,9,0,502748.0,Brad Peacock,502190.0,Mike Leake,502190.0,502748.0,680,T-Mobile Park,night,R
566599,2019-06-06,2019,CIN,STL,113,138,0,0,0,0,9,0,543101.0,Anthony DeSclafani,641712.0,Dakota Hudson,,,2889,Busch Stadium,night,R
566017,2019-06-06,2019,SF,NYM,137,121,3,7,10,1,9,0,641312.0,Shaun Anderson,554430.0,Zack Wheeler,607625.0,453343.0,3289,Citi Field,day,R
566210,2019-06-06,2019,ATL,PIT,144,134,1,6,7,1,9,0,592314.0,Mike Foltynewicz,502042.0,Chris Archer,502042.0,592314.0,31,PNC Park,day,R
565540,2019-06-06,2019,TB,DET,139,116,6,1,7,0,9,0,592773.0,Ryne Stanek,596057.0,Daniel Norris,656222.0,596057.0,2394,Comerica Park,day,R
565732,2019-06-06,2019,BOS,KC,111,118,7,5,12,0,9,0,543901.0,Ryan Weber,518633.0,Danny Duffy,605155.0,518633.0,7,Kauffman Stadium,day,R
566600,2019-06-06,2019,CIN,STL,113,138,1,3,4,1,9,0,543101.0,Anthony DeSclafani,641712.0,Dakota Hudson,607231.0,547179.0,2889,Busch Stadium,day,R
567583,2019-06-06,2019,MIA,MIL,146,158,1,5,6,1,9,0,592761.0,Caleb Smith,642547.0,Freddy Peralta,642547.0,592761.0,32,Miller Park,day,R
565155,2019-06-06,2019,COL,CHC,115,112,3,1,4,0,9,0,663567.0,Peter Lambert,500779.0,Jose Quintana,663567.0,500779.0,17,Wrigley Field,day,R
566406,2019-06-06,2019,HOU,SEA,117,136,8,7,15,0,14,1,434378.0,Justin Verlander,613534.0,Austin Adams,606965.0,670036.0,680,T-Mobile Park,day,R
566894,2019-06-06,2019,NYY,TOR,147,141,6,2,8,0,9,0,457918.0,J.A. Happ,429719.0,Edwin Jackson,457918.0,429719.0,14,Rogers Centre,night,R
565347,2019-06-06,2019,MIN,CLE,142,114,5,4,9,0,9,0,621244.0,José Berríos,545333.0,Trevor Bauer,621244.0,545333.0,5,Progressive Field,night,R
566795,2019-06-07,2019,BAL,TEX,110,140,3,4,7,1,9,0,605276.0,David Hess,642558.0,Ariel Jurado,642558.0,605276.0,13,Globe Life Park in Arlington,night,R
564765,2019-06-07,2019,OAK,LAA,133,108,7,4,11,0,9,0,571666.0,Mike Fiers,572140.0,Tyler Skaggs,571666.0,572140.0,1,Angel Stadium,night,R
566309,2019-06-07,2019,WSH,SD,120,135,4,5,9,1,9,0,571578.0,Patrick Corbin,664192.0,Joey Lucchesi,664192.0,571578.0,2680,Petco Park,night,R
565156,2019-06-07,2019,STL,CHC,138,112,1,3,4,1,9,0,571945.0,Miles Mikolas,430935.0,Cole Hamels,430935.0,571945.0,17,Wrigley Field,day,R
567090,2019-06-07,2019,CIN,PHI,113,143,2,4,6,1,9,0,641816.0,Tyler Mahle,621107.0,Zach Eflin,621107.0,641816.0,2681,Citizens Bank Park,night,R
566895,2019-06-07,2019,ARI,TOR,109,141,8,2,10,0,9,0,518876.0,Merrill Kelly,573186.0,Marcus Stroman,518876.0,573186.0,14,Rogers Centre,night,R
566018,2019-06-07,2019,COL,NYM,115,121,5,1,6,0,9,0,622608.0,Antonio Senzatela,594798.0,Jacob deGrom,622608.0,594798.0,3289,Citi Field,night,R
565054,2019-06-07,2019,TB,BOS,139,111,5,1,6,0,9,0,630023.0,Yonny Chirinos,519144.0,Rick Porcello,630023.0,519144.0,3,Fenway Park,night,R
565541,2019-06-07,2019,MIN,DET,142,116,6,3,9,0,9,0,501381.0,Michael Pineda,571510.0,Matthew Boyd,607560.0,641729.0,2394,Comerica Park,night,R
567388,2019-06-07,2019,ATL,MIA,144,146,7,1,8,0,9,0,647336.0,Michael Soroka,570632.0,José Ureña,647336.0,570632.0,4169,Marlins Park,night,R
565348,2019-06-07,2019,NYY,CLE,147,114,2,5,7,1,9,0,593334.0,Domingo Germán,668676.0,Zach Plesac,668676.0,593334.0,5,Progressive Field,night,R
566796,2019-06-08,2019,OAK,TEX,133,140,5,3,8,0,9,0,474463.0,Brett Anderson,458681.0,Lance Lynn,433589.0,600917.0,13,Globe Life Park in Arlington,night,R
565636,2019-06-08,2019,BAL,HOU,110,117,3,4,7,1,11,1,593679.0,Gabriel Ynoa,543037.0,Gerrit Cole,672335.0,571858.0,2392,Minute Maid Park,night,R
567584,2019-06-08,2019,PIT,MIL,134,158,4,10,14,1,9,0,606959.0,Rookie Davis,605540.0,Brandon Woodruff,605540.0,606959.0,32,Miller Park,night,R
565733,2019-06-08,2019,CWS,KC,145,118,4,6,10,1,9,0,467100.0,Iván Nova,456701.0,Homer Bailey,502202.0,605240.0,7,Kauffman Stadium,night,R
564766,2019-06-08,2019,SEA,LAA,136,108,6,2,8,0,9,0,594835.0,Marco Gonzales,571760.0,Andrew Heaney,594835.0,571760.0,1,Angel Stadium,night,R
566310,2019-06-08,2019,WSH,SD,120,135,4,5,9,1,9,0,607200.0,Erick Fedde,676606.0,Nick Margevicius,476589.0,448281.0,2680,Petco Park,night,R
566499,2019-06-08,2019,LAD,SF,119,137,1,2,3,1,9,0,477132.0,Clayton Kershaw,519141.0,Drew Pomeranz,606625.0,477132.0,2395,Oracle Park,night,R
565055,2019-06-08,2019,TB,BOS,139,111,9,2,11,0,9,0,642232.0,Ryan Yarbrough,595001.0,Josh A. Smith,642232.0,595001.0,3,Fenway Park,day,R
565037,2019-06-08,2019,TB,BOS,139,111,1,5,6,1,9,0,592773.0,Ryne Stanek,456034.0,David Price,456034.0,621363.0,3,Fenway Park,night,R
566770,2019-06-08,2019,OAK,TEX,133,140,5,10,15,1,9,0,621112.0,Paul Blackburn,643478.0,Joe Palumbo,605488.0,621112.0,13,Globe Life Park in Arlington,day,R
566797,2019-06-09,2019,OAK,TEX,133,140,1,3,4,1,9,0,605135.0,Chris Bassitt,592716.0,Adrian Sampson,592716.0,605135.0,13,Globe Life Park in Arlington,night,R
565734,2019-06-08,2019,CWS,KC,145,118,2,0,2,0,9,0,608337.0,Lucas Giolito,641745.0,Brad Keller,608337.0,641745.0,7,Kauffman Stadium,day,R
566896,2019-06-08,2019,ARI,TOR,109,141,6,0,6,0,9,0,425844.0,Zack Greinke,592717.0,Aaron Sanchez,425844.0,592717.0,14,Rogers Centre,day,R
567091,2019-06-08,2019,CIN,PHI,113,143,1,4,5,1,9,0,543699.0,Tanner Roark,601713.0,Nick Pivetta,601713.0,543699.0,2681,Citizens Bank Park,day,R
565637,2019-06-08,2019,BAL,HOU,110,117,4,1,5,0,9,0,488768.0,Andrew Cashner,664285.0,Framber Valdez,643316.0,501789.0,2392,Minute Maid Park,day,R
565542,2019-06-08,2019,MIN,DET,142,116,3,9,12,1,9,0,502043.0,Kyle Gibson,571656.0,Buck Farmer,598286.0,502043.0,2394,Comerica Park,day,R
567389,2019-06-08,2019,ATL,MIA,144,146,1,0,1,0,9,0,527054.0,Julio Teheran,670950.0,Trevor Richards,527054.0,670950.0,4169,Marlins Park,day,R
565349,2019-06-08,2019,NYY,CLE,147,114,4,8,12,1,9,0,282332.0,CC Sabathia,592644.0,Adam Plutko,592644.0,282332.0,5,Progressive Field,day,R
567585,2019-06-08,2019,PIT,MIL,134,158,3,5,8,1,9,0,543475.0,Jordan Lyles,605200.0,Zach Davies,605200.0,593140.0,32,Miller Park,day,R
566019,2019-06-08,2019,COL,NYM,115,121,3,5,8,1,9,0,592351.0,Jon Gray,571927.0,Steven Matz,571927.0,592351.0,3289,Citi Field,night,R
566500,2019-06-08,2019,LAD,SF,119,137,7,2,9,0,9,0,448179.0,Rich Hill,502188.0,Jeff Samardzija,448179.0,502188.0,2395,Oracle Park,day,R
565157,2019-06-08,2019,STL,CHC,138,112,4,9,13,1,9,0,656427.0,Jack Flaherty,452657.0,Jon Lester,452657.0,605154.0,17,Wrigley Field,night,R
564767,2019-06-09,2019,SEA,LAA,136,108,3,12,15,1,9,0,579328.0,Yusei Kikuchi,596071.0,Dillon Peters,596071.0,579328.0,1,Angel Stadium,night,R
566311,2019-06-09,2019,WSH,SD,120,135,4,1,5,0,9,0,453286.0,Max Scherzer,641778.0,Eric Lauer,453286.0,641778.0,2680,Petco Park,night,R
565056,2019-06-09,2019,TB,BOS,139,111,6,1,7,0,9,0,605483.0,Blake Snell,593958.0,Eduardo Rodriguez,605483.0,593958.0,3,Fenway Park,day,R
567092,2019-06-09,2019,CIN,PHI,113,143,4,3,7,0,9,0,543243.0,Sonny Gray,605400.0,Aaron Nola,435043.0,501625.0,2681,Citizens Bank Park,day,R
566897,2019-06-09,2019,ARI,TOR,109,141,8,2,10,0,9,0,592662.0,Robbie Ray,453385.0,Clayton Richard,592662.0,453385.0,14,Rogers Centre,day,R
566020,2019-06-09,2019,COL,NYM,115,121,1,6,7,1,9,0,656546.0,Jeff Hoffman,592789.0,Noah Syndergaard,592789.0,656546.0,3289,Citi Field,day,R
565543,2019-06-09,2019,MIN,DET,142,116,12,2,14,0,9,0,543606.0,Jake Odorizzi,543001.0,Ryan Carpenter,543606.0,543001.0,2394,Comerica Park,day,R
567390,2019-06-09,2019,ATL,MIA,144,146,7,6,13,0,12,1,608331.0,Max Fried,641154.0,Pablo López,595465.0,543045.0,4169,Marlins Park,day,R
565350,2019-06-09,2019,NYY,CLE,147,114,7,6,13,0,10,1,643338.0,Chad Green,669456.0,Shane Bieber,547973.0,424144.0,5,Progressive Field,day,R
565638,2019-06-09,2019,BAL,HOU,110,117,0,4,4,1,9,0,605164.0,Dylan Bundy,489119.0,Wade Miley,489119.0,605164.0,2392,Minute Maid Park,day,R
567586,2019-06-09,2019,PIT,MIL,134,158,2,5,7,1,9,0,643230.0,Steven Brault,502624.0,Chase Anderson,502026.0,434538.0,32,Miller Park,day,R
565735,2019-06-09,2019,CWS,KC,145,118,5,2,7,0,9,0,625643.0,Reynaldo López,642098.0,Glenn Sparkman,625643.0,642098.0,7,Kauffman Stadium,day,R
566798,2019-06-09,2019,OAK,TEX,133,140,9,8,17,0,9,0,593423.0,Frankie Montas,592767.0,Drew Smyly,593423.0,592767.0,13,Globe Life Park in Arlington,day,R
566501,2019-06-09,2019,LAD,SF,119,137,1,0,1,0,9,0,621111.0,Walker Buehler,518516.0,Madison Bumgarner,621111.0,518516.0,2395,Oracle Park,day,R
564768,2019-06-09,2019,SEA,LAA,136,108,9,3,12,0,9,0,453281.0,Wade LeBlanc,660761.0,José Suarez,453281.0,660761.0,1,Angel Stadium,day,R
566312,2019-06-09,2019,WSH,SD,120,135,5,2,7,0,9,0,544931.0,Stephen Strasburg,606131.0,Luis Perdomo,544931.0,489334.0,2680,Petco Park,day,R
565158,2019-06-09,2019,STL,CHC,138,112,1,5,6,1,9,0,425794.0,Adam Wainwright,543294.0,Kyle Hendricks,543294.0,425794.0,17,Wrigley Field,night,R
567093,2019-06-10,2019,ARI,PHI,109,143,13,8,21,0,9,0,664199.0,Taylor Clarke,595191.0,Jerad Eickhoff,643327.0,595191.0,2681,Citizens Bank Park,night,R
566695,2019-06-10,2019,OAK,TB,133,139,2,6,8,1,9,0,664196.0,Tanner Anderson,450203.0,Charlie Morton,450203.0,664196.0,12,Tropicana Field,night,R
565057,2019-06-10,2019,TEX,BOS,140,111,4,3,7,0,11,1,501985.0,Mike Minor,519242.0,Chris Sale,445926.0,518489.0,3,Fenway Park,night,R
567391,2019-06-10,2019,STL,MIA,138,146,4,1,5,0,9,0,608379.0,Michael Wacha,645261.0,Sandy Alcantara,608379.0,645261.0,4169,Marlins Park,night,R
567193,2019-06-10,2019,PIT,ATL,134,144,7,13,20,1,9,0,605397.0,Joe Musgrove,592332.0,Kevin Gausman,656794.0,656725.0,4705,SunTrust Park,night,R
567295,2019-06-11,2019,WSH,CWS,120,145,12,1,13,0,9,0,434671.0,Aníbal Sánchez,628333.0,Odrisamer Despaigne,434671.0,628333.0,4,Guaranteed Rate Field,night,R
565445,2019-06-11,2019,CHC,COL,112,115,5,6,11,1,9,0,506433.0,Yu Darvish,608566.0,Germán Márquez,623184.0,518553.0,19,Coors Field,night,R
564769,2019-06-11,2019,LAD,LAA,119,108,3,5,8,1,9,0,547943.0,Hyun Jin Ryu,656288.0,Griffin Canning,621142.0,523260.0,1,Angel Stadium,night,R
567491,2019-06-10,2019,NYM,NYY,121,147,0,0,0,0,9,0,450306.0,Jason Vargas,547888.0,Masahiro Tanaka,,,3313,Yankee Stadium,night,R
567491,2019-06-11,2019,NYM,NYY,121,147,5,12,17,1,9,0,554430.0,Zack Wheeler,547888.0,Masahiro Tanaka,547888.0,554430.0,3313,Yankee Stadium,day,R
567492,2019-06-11,2019,NYM,NYY,121,147,10,4,14,0,9,0,450306.0,Jason Vargas,572020.0,James Paxton,450306.0,572020.0,3313,Yankee Stadium,night,R
564962,2019-06-11,2019,TOR,BAL,141,110,2,4,6,1,9,0,663423.0,Trent Thornton,607644.0,John Means,607644.0,663423.0,2,Oriole Park at Camden Yards,night,R
567094,2019-06-11,2019,ARI,PHI,109,143,4,7,11,1,9,0,641541.0,Jon Duplantier,453562.0,Jake Arrieta,453562.0,641541.0,2681,Citizens Bank Park,night,R
565351,2019-06-11,2019,CIN,CLE,113,114,1,2,3,1,10,1,622491.0,Luis Castillo,545333.0,Trevor Bauer,543272.0,628452.0,5,Progressive Field,night,R
566696,2019-06-11,2019,OAK,TB,133,139,4,3,7,0,9,0,571666.0,Mike Fiers,592773.0,Ryne Stanek,571666.0,641941.0,12,Tropicana Field,night,R
565058,2019-06-11,2019,TEX,BOS,140,111,9,5,14,0,9,0,642558.0,Ariel Jurado,650382.0,Darwinzon Hernández,642558.0,650382.0,3,Fenway Park,night,R
567392,2019-06-11,2019,STL,MIA,138,146,7,1,8,0,9,0,641712.0,Dakota Hudson,622694.0,Elieser Hernández,641712.0,622694.0,4169,Marlins Park,night,R
567199,2019-06-11,2019,PIT,ATL,134,144,5,7,12,1,9,0,502042.0,Chris Archer,592314.0,Mike Foltynewicz,657053.0,502042.0,4705,SunTrust Park,night,R
566990,2019-06-12,2019,SEA,MIN,136,142,5,6,11,1,9,0,502190.0,Mike Leake,527048.0,Martín Pérez,543483.0,592165.0,3312,Target Field,night,R
567296,2019-06-12,2019,WSH,CWS,120,145,5,7,12,1,9,0,571578.0,Patrick Corbin,544365.0,Manny Banuelos,605359.0,571578.0,4,Guaranteed Rate Field,night,R
565639,2019-06-12,2019,MIL,HOU,158,117,8,10,18,1,9,0,642547.0,Freddy Peralta,502748.0,Brad Peacock,502748.0,642547.0,2392,Minute Maid Park,night,R
565736,2019-06-12,2019,DET,KC,116,118,2,3,5,1,9,0,605513.0,Spencer Turnbull,596001.0,Jakob Junis,605130.0,622505.0,7,Kauffman Stadium,night,R
565446,2019-06-12,2019,CHC,COL,112,115,3,10,13,1,9,0,500779.0,Jose Quintana,663567.0,Peter Lambert,663567.0,500779.0,19,Coors Field,night,R
566502,2019-06-12,2019,SD,SF,135,137,5,6,11,1,9,0,663978.0,Chris Paddack,595881.0,Tyler Beede,453343.0,622259.0,2395,Oracle Park,night,R
564770,2019-06-12,2019,LAD,LAA,119,108,3,5,8,1,9,0,628317.0,Kenta Maeda,592135.0,Cam Bedrosian,570240.0,628317.0,1,Angel Stadium,night,R
566697,2019-06-12,2019,OAK,TB,133,139,6,2,8,0,9,0,474463.0,Brett Anderson,630023.0,Yonny Chirinos,521230.0,592473.0,12,Tropicana Field,day,R
565352,2019-06-12,2019,CIN,CLE,113,114,7,2,9,0,9,0,543101.0,Anthony DeSclafani,668676.0,Zach Plesac,543101.0,668676.0,5,Progressive Field,day,R
565447,2019-06-12,2019,CHC,COL,112,115,10,1,11,0,9,0,430935.0,Cole Hamels,622608.0,Antonio Senzatela,430935.0,622608.0,19,Coors Field,day,R
565059,2019-06-12,2019,TEX,BOS,140,111,3,4,7,1,9,0,458681.0,Lance Lynn,519144.0,Rick Porcello,598264.0,445926.0,3,Fenway Park,day,R
564963,2019-06-12,2019,TOR,BAL,141,110,8,6,14,0,9,0,571882.0,Derek Law,605276.0,David Hess,429719.0,605276.0,2,Oriole Park at Camden Yards,night,R
567095,2019-06-12,2019,ARI,PHI,109,143,2,0,2,0,9,0,518876.0,Merrill Kelly,621107.0,Zach Eflin,518876.0,621107.0,2681,Citizens Bank Park,night,R
567393,2019-06-12,2019,STL,MIA,138,146,0,9,9,1,9,0,571945.0,Miles Mikolas,657141.0,Jordan Yamamoto,657141.0,571945.0,4169,Marlins Park,night,R
567200,2019-06-12,2019,PIT,ATL,134,144,7,8,15,1,11,1,656605.0,Mitch Keller,647336.0,Michael Soroka,657097.0,593140.0,4705,SunTrust Park,night,R
566991,2019-06-13,2019,SEA,MIN,136,142,9,6,15,0,10,1,639373.0,Gerson Bautista,621244.0,José Berríos,542914.0,608648.0,3312,Target Field,night,R
565640,2019-06-13,2019,MIL,HOU,158,117,6,3,9,0,14,1,605540.0,Brandon Woodruff,434378.0,Justin Verlander,605288.0,672335.0,2392,Minute Maid Park,night,R
565737,2019-06-13,2019,DET,KC,116,118,3,2,5,0,9,0,596057.0,Daniel Norris,518633.0,Danny Duffy,598286.0,518617.0,7,Kauffman Stadium,night,R
566503,2019-06-13,2019,SD,SF,135,137,2,4,6,1,9,0,664192.0,Joey Lucchesi,641312.0,Shaun Anderson,641312.0,664192.0,2395,Oracle Park,night,R
567201,2019-06-13,2019,PIT,ATL,134,144,5,6,11,1,9,0,605397.0,Joe Musgrove,527054.0,Julio Teheran,527054.0,605397.0,4705,SunTrust Park,day,R
566992,2019-06-13,2019,SEA,MIN,136,142,5,10,15,1,9,0,579328.0,Yusei Kikuchi,501381.0,Michael Pineda,607560.0,592165.0,3312,Target Field,day,R
565925,2019-06-13,2019,ARI,WSH,109,120,5,0,5,0,9,0,425844.0,Zack Greinke,607200.0,Erick Fedde,425844.0,607200.0,3309,Nationals Park,night,R
564964,2019-06-13,2019,TOR,BAL,141,110,12,3,15,0,9,0,573186.0,Marcus Stroman,593679.0,Gabriel Ynoa,573186.0,593679.0,2,Oriole Park at Camden Yards,night,R
566021,2019-06-13,2019,STL,NYM,138,121,5,4,9,0,10,1,656427.0,Jack Flaherty,594798.0,Jacob deGrom,593372.0,621242.0,3289,Citi Field,night,R
566698,2019-06-13,2019,LAA,TB,108,139,5,3,8,0,9,0,572140.0,Tyler Skaggs,642232.0,Ryan Yarbrough,572140.0,642232.0,12,Tropicana Field,night,R
565060,2019-06-13,2019,TEX,BOS,140,111,6,7,13,1,9,0,592716.0,Adrian Sampson,456034.0,David Price,519443.0,664126.0,3,Fenway Park,night,R
565738,2019-06-14,2019,DET,KC,116,118,3,7,10,1,9,0,571510.0,Matthew Boyd,456701.0,Homer Bailey,456701.0,571510.0,5365,TD Ameritrade Park,night,R
567297,2019-06-14,2019,NYY,CWS,147,145,4,5,9,1,9,0,457918.0,J.A. Happ,467100.0,Iván Nova,605359.0,493603.0,4,Guaranteed Rate Field,night,R
565448,2019-06-14,2019,SD,COL,135,115,6,9,15,1,9,0,621381.0,Matt Strahm,592351.0,Jon Gray,592351.0,621381.0,19,Coors Field,night,R
565831,2019-06-14,2019,CHC,LAD,112,119,3,7,10,1,9,0,452657.0,Jon Lester,477132.0,Clayton Kershaw,477132.0,452657.0,22,Dodger Stadium,night,R
566021,2019-06-14,2019,STL,NYM,138,121,5,4,9,0,10,1,656427.0,Jack Flaherty,594798.0,Jacob deGrom,593372.0,621242.0,3289,Citi Field,night,R
564965,2019-06-14,2019,BOS,BAL,111,110,13,2,15,0,9,0,593958.0,Eduardo Rodriguez,656814.0,Luis Ortiz,593958.0,656814.0,2,Oriole Park at Camden Yards,night,R
565926,2019-06-14,2019,ARI,WSH,109,120,3,7,10,1,9,0,592662.0,Robbie Ray,453286.0,Max Scherzer,453286.0,592662.0,3309,Nationals Park,night,R
565544,2019-06-14,2019,CLE,DET,114,116,13,4,17,0,9,0,592644.0,Adam Plutko,543001.0,Ryan Carpenter,592644.0,543001.0,2394,Comerica Park,night,R
566022,2019-06-14,2019,STL,NYM,138,121,9,5,14,0,9,0,594965.0,Daniel Ponce de Leon,571927.0,Steven Matz,607231.0,544727.0,3289,Citi Field,night,R
566699,2019-06-14,2019,LAA,TB,108,139,4,9,13,1,9,0,571760.0,Andrew Heaney,605483.0,Blake Snell,641941.0,621142.0,12,Tropicana Field,night,R
565250,2019-06-14,2019,TEX,CIN,140,113,7,1,8,0,9,0,445926.0,Jesse Chavez,641816.0,Tyler Mahle,656685.0,641816.0,2602,Great American Ball Park,night,R
567394,2019-06-14,2019,PIT,MIA,134,146,11,0,11,0,9,0,643230.0,Steven Brault,670950.0,Trevor Richards,643230.0,670950.0,4169,Marlins Park,night,R
567202,2019-06-14,2019,PHI,ATL,143,144,8,9,17,1,9,0,601713.0,Nick Pivetta,608331.0,Max Fried,460283.0,593576.0,4705,SunTrust Park,night,R
565641,2019-06-15,2019,TOR,HOU,141,117,2,15,17,1,9,0,592717.0,Aaron Sanchez,543037.0,Gerrit Cole,543037.0,592717.0,2392,Minute Maid Park,night,R
566993,2019-06-15,2019,KC,MIN,118,142,0,2,2,1,9,0,641745.0,Brad Keller,502043.0,Kyle Gibson,502043.0,518617.0,3312,Target Field,night,R
567298,2019-06-15,2019,NYY,CWS,147,145,2,10,12,1,9,0,282332.0,CC Sabathia,608337.0,Lucas Giolito,608337.0,282332.0,4,Guaranteed Rate Field,night,R
565449,2019-06-15,2019,SD,COL,135,115,16,12,28,0,12,1,615698.0,Cal Quantrill,656546.0,Jeff Hoffman,489334.0,545064.0,19,Coors Field,night,R
566117,2019-06-15,2019,SEA,OAK,136,133,9,2,11,0,9,0,594835.0,Marco Gonzales,605135.0,Chris Bassitt,594835.0,605135.0,10,Oakland Coliseum,night,R
565832,2019-06-15,2019,CHC,LAD,112,119,3,5,8,1,9,0,543294.0,Kyle Hendricks,448179.0,Rich Hill,448179.0,543294.0,22,Dodger Stadium,night,R
566504,2019-06-15,2019,MIL,SF,158,137,3,5,8,1,9,0,605200.0,Zach Davies,519141.0,Drew Pomeranz,519141.0,605200.0,2395,Oracle Park,night,R
566700,2019-06-15,2019,LAA,TB,108,139,5,3,8,0,9,0,660761.0,José Suarez,450203.0,Charlie Morton,660761.0,450203.0,12,Tropicana Field,day,R
564966,2019-06-15,2019,BOS,BAL,111,110,7,2,9,0,9,0,519242.0,Chris Sale,605164.0,Dylan Bundy,519242.0,605164.0,2,Oriole Park at Camden Yards,day,R
565927,2019-06-15,2019,ARI,WSH,109,120,10,3,13,0,9,0,664199.0,Taylor Clarke,544931.0,Stephen Strasburg,673633.0,544931.0,3309,Nationals Park,day,R
566505,2019-06-15,2019,MIL,SF,158,137,7,8,15,1,9,0,519076.0,Jimmy Nelson,518516.0,Madison Bumgarner,641627.0,448855.0,2395,Oracle Park,day,R
565642,2019-06-15,2019,TOR,HOU,141,117,2,7,9,1,9,0,453385.0,Clayton Richard,664285.0,Framber Valdez,664285.0,453385.0,2392,Minute Maid Park,day,R
565545,2019-06-15,2019,CLE,DET,114,116,4,2,6,0,9,0,669456.0,Shane Bieber,642397.0,Gregory Soto,669456.0,598286.0,2394,Comerica Park,night,R
567395,2019-06-15,2019,PIT,MIA,134,146,3,4,7,1,9,0,642607.0,Dario Agrazal,641154.0,Pablo López,641154.0,664129.0,4169,Marlins Park,night,R
566023,2019-06-15,2019,STL,NYM,138,121,7,8,15,1,9,0,608379.0,Michael Wacha,592789.0,Noah Syndergaard,592789.0,608379.0,3289,Citi Field,night,R
565251,2019-06-15,2019,TEX,CIN,140,113,4,3,7,0,9,0,501985.0,Mike Minor,543699.0,Tanner Roark,501985.0,543699.0,2602,Great American Ball Park,night,R
566994,2019-06-15,2019,KC,MIN,118,142,4,5,9,1,9,0,642098.0,Glenn Sparkman,543606.0,Jake Odorizzi,543606.0,642098.0,3312,Target Field,night,R
567299,2019-06-15,2019,NYY,CWS,147,145,8,4,12,0,9,0,643338.0,Chad Green,625643.0,Reynaldo López,641482.0,625643.0,4,Guaranteed Rate Field,night,R
567203,2019-06-15,2019,PHI,ATL,143,144,6,5,11,0,9,0,605400.0,Aaron Nola,656794.0,Sean Newcomb,591693.0,592426.0,4705,SunTrust Park,night,R
565450,2019-06-16,2019,SD,COL,135,115,8,14,22,1,9,0,641778.0,Eric Lauer,608566.0,Germán Márquez,608566.0,641778.0,19,Coors Field,night,R
566118,2019-06-16,2019,SEA,OAK,136,133,2,11,13,1,9,0,639373.0,Gerson Bautista,593423.0,Frankie Montas,593423.0,639373.0,10,Oakland Coliseum,night,R
565833,2019-06-16,2019,CHC,LAD,112,119,2,1,3,0,9,0,506433.0,Yu Darvish,621111.0,Walker Buehler,594986.0,445276.0,22,Dodger Stadium,night,R
564967,2019-06-16,2019,BOS,BAL,111,110,8,6,14,0,10,1,598271.0,Brian Johnson,607644.0,John Means,519443.0,571710.0,2,Oriole Park at Camden Yards,day,R
565546,2019-06-16,2019,CLE,DET,114,116,8,0,8,0,9,0,545333.0,Trevor Bauer,605513.0,Spencer Turnbull,545333.0,605513.0,2394,Comerica Park,day,R
566024,2019-06-16,2019,STL,NYM,138,121,4,3,7,0,9,0,641712.0,Dakota Hudson,450306.0,Jason Vargas,453192.0,623167.0,3289,Citi Field,day,R
566701,2019-06-16,2019,LAA,TB,108,139,5,6,11,1,9,0,656288.0,Griffin Canning,592773.0,Ryne Stanek,621363.0,656288.0,12,Tropicana Field,day,R
565252,2019-06-16,2019,TEX,CIN,140,113,3,11,14,1,9,0,642558.0,Ariel Jurado,543243.0,Sonny Gray,543243.0,642558.0,2602,Great American Ball Park,day,R
567396,2019-06-16,2019,PIT,MIA,134,146,5,4,9,0,9,0,502042.0,Chris Archer,645261.0,Sandy Alcantara,593144.0,623433.0,4169,Marlins Park,day,R
567204,2019-06-16,2019,PHI,ATL,143,144,1,15,16,1,9,0,592826.0,Vince Velasquez,592314.0,Mike Foltynewicz,592314.0,592826.0,4705,SunTrust Park,day,R
565928,2019-06-16,2019,ARI,WSH,109,120,5,15,20,1,9,0,605151.0,Archie Bradley,434671.0,Aníbal Sánchez,434671.0,605151.0,3309,Nationals Park,day,R
565643,2019-06-16,2019,TOR,HOU,141,117,12,0,12,0,9,0,663423.0,Trent Thornton,502748.0,Brad Peacock,663423.0,502748.0,2392,Minute Maid Park,day,R
566995,2019-06-16,2019,KC,MIN,118,142,8,6,14,0,9,0,596001.0,Jakob Junis,527048.0,Martín Pérez,605347.0,527048.0,3312,Target Field,day,R
567300,2019-06-16,2019,NYY,CWS,147,145,10,3,13,0,9,0,572020.0,James Paxton,628333.0,Odrisamer Despaigne,572020.0,628333.0,4,Guaranteed Rate Field,day,R
565451,2019-06-16,2019,SD,COL,135,115,14,13,27,0,9,0,676606.0,Nick Margevicius,663567.0,Peter Lambert,622103.0,451584.0,19,Coors Field,day,R
566506,2019-06-16,2019,MIL,SF,158,137,5,3,8,0,9,0,502624.0,Chase Anderson,502188.0,Jeff Samardzija,458006.0,502188.0,2395,Oracle Park,day,R
566119,2019-06-16,2019,SEA,OAK,136,133,6,3,9,0,9,0,502190.0,Mike Leake,664196.0,Tanner Anderson,502190.0,642152.0,10,Oakland Coliseum,day,R
565834,2019-06-16,2019,CHC,LAD,112,119,2,3,5,1,9,0,500779.0,Jose Quintana,547943.0,Hyun Jin Ryu,548389.0,518553.0,22,Dodger Stadium,day,R
567493,2019-06-17,2019,TB,NYY,139,147,0,3,3,1,9,0,630023.0,Yonny Chirinos,547888.0,Masahiro Tanaka,547888.0,630023.0,3313,Yankee Stadium,night,R
566898,2019-06-17,2019,LAA,TOR,108,141,10,5,15,0,9,0,472610.0,Luis García,571882.0,Derek Law,570240.0,429719.0,14,Rogers Centre,night,R
565253,2019-06-17,2019,HOU,CIN,117,113,2,3,5,1,9,0,489119.0,Wade Miley,622491.0,Luis Castillo,622491.0,489119.0,2602,Great American Ball Park,night,R
567205,2019-06-17,2019,NYM,ATL,121,144,3,12,15,1,9,0,554430.0,Zack Wheeler,647336.0,Michael Soroka,647336.0,554430.0,4705,SunTrust Park,night,R
566799,2019-06-18,2019,CLE,TEX,114,140,2,7,9,1,9,0,605182.0,Mike Clevinger,458681.0,Lance Lynn,458681.0,605182.0,13,Globe Life Park in Arlington,night,R
566996,2019-06-18,2019,BOS,MIN,111,142,2,0,2,0,9,0,519144.0,Rick Porcello,621244.0,José Berríos,519144.0,621244.0,3312,Target Field,night,R
566601,2019-06-18,2019,MIA,STL,146,138,0,5,5,1,9,0,622694.0,Elieser Hernández,571945.0,Miles Mikolas,571945.0,622694.0,2889,Busch Stadium,night,R
566120,2019-06-18,2019,BAL,OAK,110,133,2,3,5,1,9,0,488768.0,Andrew Cashner,571666.0,Mike Fiers,571666.0,488768.0,10,Oakland Coliseum,night,R
566407,2019-06-18,2019,KC,SEA,118,136,6,4,10,0,9,0,518633.0,Danny Duffy,605463.0,Tayler Scott,543169.0,542914.0,680,T-Mobile Park,night,R
565835,2019-06-18,2019,SF,LAD,137,119,3,2,5,0,9,0,595881.0,Tyler Beede,628317.0,Kenta Maeda,595881.0,628317.0,22,Dodger Stadium,night,R
566313,2019-06-18,2019,MIL,SD,158,135,0,2,2,1,9,0,468504.0,Jhoulys Chacín,664192.0,Joey Lucchesi,664192.0,468504.0,2680,Petco Park,night,R
565929,2019-06-17,2019,PHI,WSH,143,120,0,0,0,0,9,0,453562.0,Jake Arrieta,571578.0,Patrick Corbin,,,3309,Nationals Park,night,R
566211,2019-06-18,2019,DET,PIT,116,134,5,4,9,0,9,0,596057.0,Daniel Norris,656605.0,Mitch Keller,571656.0,605195.0,31,PNC Park,night,R
567494,2019-06-18,2019,TB,NYY,139,147,3,6,9,1,9,0,592773.0,Ryne Stanek,457918.0,J.A. Happ,457918.0,475054.0,3313,Yankee Stadium,night,R
566899,2019-06-18,2019,LAA,TOR,108,141,3,1,4,0,9,0,572140.0,Tyler Skaggs,573186.0,Marcus Stroman,572140.0,573186.0,14,Rogers Centre,night,R
565254,2019-06-18,2019,HOU,CIN,117,113,3,4,7,1,9,0,434378.0,Justin Verlander,543101.0,Anthony DeSclafani,543101.0,434378.0,2602,Great American Ball Park,night,R
567206,2019-06-18,2019,NYM,ATL,121,144,10,2,12,0,9,0,594798.0,Jacob deGrom,527054.0,Julio Teheran,594798.0,527054.0,4705,SunTrust Park,night,R
566800,2019-06-19,2019,CLE,TEX,114,140,10,3,13,0,9,0,668676.0,Zach Plesac,592716.0,Adrian Sampson,668676.0,592716.0,13,Globe Life Park in Arlington,night,R
565159,2019-06-19,2019,CWS,CHC,145,112,3,1,4,0,9,0,467100.0,Iván Nova,430935.0,Cole Hamels,605359.0,467008.0,17,Wrigley Field,night,R
566997,2019-06-19,2019,BOS,MIN,111,142,3,4,7,1,17,1,456034.0,David Price,501381.0,Michael Pineda,641793.0,598271.0,3312,Target Field,night,R
566602,2019-06-19,2019,MIA,STL,146,138,6,0,6,0,9,0,657141.0,Jordan Yamamoto,656427.0,Jack Flaherty,657141.0,656427.0,2889,Busch Stadium,night,R
564863,2019-06-19,2019,COL,ARI,115,109,8,1,9,0,9,0,622608.0,Antonio Senzatela,518876.0,Merrill Kelly,622608.0,518876.0,15,Chase Field,night,R
566121,2019-06-19,2019,BAL,OAK,110,133,2,16,18,1,9,0,593679.0,Gabriel Ynoa,474463.0,Brett Anderson,474463.0,593679.0,10,Oakland Coliseum,night,R
566408,2019-06-19,2019,KC,SEA,118,136,9,0,9,0,9,0,456701.0,Homer Bailey,579328.0,Yusei Kikuchi,456701.0,579328.0,680,T-Mobile Park,night,R
565836,2019-06-19,2019,SF,LAD,137,119,0,9,9,1,9,0,641312.0,Shaun Anderson,477132.0,Clayton Kershaw,477132.0,641312.0,22,Dodger Stadium,night,R
566314,2019-06-19,2019,MIL,SD,158,135,1,4,5,1,9,0,605540.0,Brandon Woodruff,663531.0,Logan Allen,663531.0,605540.0,2680,Petco Park,night,R
565930,2019-06-18,2019,PHI,WSH,143,120,0,0,0,0,9,0,453562.0,Jake Arrieta,571578.0,Patrick Corbin,,,3309,Nationals Park,night,R
565255,2019-06-19,2019,HOU,CIN,117,113,2,3,5,1,9,0,543037.0,Gerrit Cole,641816.0,Tyler Mahle,621199.0,532077.0,2602,Great American Ball Park,day,R
565929,2019-06-19,2019,PHI,WSH,143,120,2,6,8,1,9,0,621107.0,Zach Eflin,571578.0,Patrick Corbin,571578.0,621107.0,3309,Nationals Park,day,R
565931,2019-06-19,2019,PHI,WSH,143,120,0,2,2,1,9,0,453562.0,Jake Arrieta,453286.0,Max Scherzer,453286.0,453562.0,3309,Nationals Park,night,R
567495,2019-06-19,2019,TB,NYY,139,147,1,12,13,1,9,0,605483.0,Blake Snell,282332.0,CC Sabathia,282332.0,605483.0,3313,Yankee Stadium,day,R
566122,2019-06-19,2019,BAL,OAK,110,133,3,8,11,1,9,0,642231.0,Jimmy Yacabonis,605135.0,Chris Bassitt,605135.0,642028.0,10,Oakland Coliseum,day,R
566315,2019-06-19,2019,MIL,SD,158,135,7,8,15,1,9,0,605200.0,Zach Davies,621381.0,Matt Strahm,622103.0,502026.0,2680,Petco Park,day,R
566409,2019-06-19,2019,KC,SEA,118,136,2,8,10,1,9,0,641745.0,Brad Keller,594835.0,Marco Gonzales,594835.0,641745.0,680,T-Mobile Park,day,R
566212,2019-06-19,2019,DET,PIT,116,134,7,8,15,1,9,0,519455.0,Jordan Zimmermann,592866.0,Trevor Williams,593144.0,598286.0,31,PNC Park,night,R
566900,2019-06-19,2019,LAA,TOR,108,141,11,6,17,0,9,0,571760.0,Andrew Heaney,592717.0,Aaron Sanchez,598287.0,592717.0,14,Rogers Centre,night,R
567207,2019-06-19,2019,NYM,ATL,121,144,2,7,9,1,9,0,571927.0,Steven Matz,608331.0,Max Fried,608331.0,571927.0,4705,SunTrust Park,night,R
566801,2019-06-20,2019,CLE,TEX,114,140,10,4,14,0,9,0,592644.0,Adam Plutko,643478.0,Joe Palumbo,424144.0,643478.0,13,Globe Life Park in Arlington,night,R
565160,2019-06-20,2019,CWS,CHC,145,112,3,7,10,1,9,0,608337.0,Lucas Giolito,452657.0,Jon Lester,452657.0,608337.0,17,Wrigley Field,night,R
566998,2019-06-20,2019,BOS,MIN,111,142,9,4,13,0,9,0,593958.0,Eduardo Rodriguez,502043.0,Kyle Gibson,593958.0,502043.0,3312,Target Field,night,R
566603,2019-06-20,2019,MIA,STL,146,138,1,2,3,1,11,1,670950.0,Trevor Richards,594965.0,Daniel Ponce de Leon,607231.0,543045.0,2889,Busch Stadium,night,R
564864,2019-06-20,2019,COL,ARI,115,109,6,4,10,0,9,0,592351.0,Jon Gray,425844.0,Zack Greinke,592351.0,425844.0,15,Chase Field,night,R
565837,2019-06-20,2019,SF,LAD,137,119,2,9,11,1,9,0,519141.0,Drew Pomeranz,448179.0,Rich Hill,571670.0,519141.0,22,Dodger Stadium,night,R
566802,2019-06-20,2019,CLE,TEX,114,140,2,4,6,1,9,0,669456.0,Shane Bieber,501985.0,Mike Minor,501985.0,669456.0,13,Globe Life Park in Arlington,day,R
564865,2019-06-20,2019,COL,ARI,115,109,6,4,10,0,10,1,656546.0,Jeff Hoffman,592662.0,Robbie Ray,623184.0,673633.0,15,Chase Field,day,R
565932,2019-06-20,2019,PHI,WSH,143,120,4,7,11,1,9,0,601713.0,Nick Pivetta,607200.0,Erick Fedde,457915.0,601713.0,3309,Nationals Park,night,R
567496,2019-06-20,2019,HOU,NYY,117,147,6,10,16,1,9,0,664285.0,Framber Valdez,643338.0,Chad Green,641482.0,664285.0,3313,Yankee Stadium,night,R
566901,2019-06-20,2019,LAA,TOR,108,141,5,7,12,1,10,1,660761.0,José Suarez,453385.0,Clayton Richard,592468.0,621142.0,14,Rogers Centre,night,R
566604,2019-06-20,2019,MIA,STL,146,138,7,6,13,0,11,1,668678.0,Zac Gallen,425794.0,Adam Wainwright,606424.0,453192.0,2889,Busch Stadium,night,R
565161,2019-06-21,2019,NYM,CHC,121,112,4,7,11,1,9,0,621141.0,Walker Lockett,543022.0,Tyler Chatwood,640470.0,621141.0,17,Wrigley Field,night,R
567587,2019-06-21,2019,CIN,MIL,113,158,7,1,8,0,9,0,543699.0,Tanner Roark,519076.0,Jimmy Nelson,543699.0,519076.0,32,Miller Park,night,R
565739,2019-06-21,2019,MIN,KC,142,118,1,4,5,1,9,0,543606.0,Jake Odorizzi,642098.0,Glenn Sparkman,642098.0,543606.0,7,Kauffman Stadium,night,R
566123,2019-06-21,2019,TB,OAK,139,133,4,5,9,1,9,0,450203.0,Charlie Morton,593423.0,Frankie Montas,642152.0,650895.0,10,Oakland Coliseum,night,R
566410,2019-06-21,2019,BAL,SEA,110,136,2,5,7,1,9,0,605164.0,Dylan Bundy,605463.0,Tayler Scott,453281.0,605164.0,680,T-Mobile Park,night,R
565838,2019-06-21,2019,SF,LAD,137,119,8,9,17,1,9,0,518516.0,Madison Bumgarner,628711.0,Julio Urías,608638.0,518516.0,22,Dodger Stadium,night,R
565162,2019-06-21,2019,NYM,CHC,121,112,5,4,9,0,9,0,450306.0,Jason Vargas,506433.0,Yu Darvish,572044.0,542960.0,17,Wrigley Field,day,R
566213,2019-06-21,2019,SD,PIT,135,134,1,2,3,1,9,0,641778.0,Eric Lauer,605397.0,Joe Musgrove,605397.0,641778.0,31,PNC Park,night,R
565933,2019-06-21,2019,ATL,WSH,144,120,3,4,7,1,9,0,572971.0,Dallas Keuchel,544931.0,Stephen Strasburg,544931.0,572971.0,3309,Nationals Park,night,R
567096,2019-06-21,2019,MIA,PHI,146,143,2,1,3,0,9,0,645261.0,Sandy Alcantara,605400.0,Aaron Nola,645261.0,605400.0,2681,Citizens Bank Park,night,R
567497,2019-06-21,2019,HOU,NYY,117,147,1,4,5,1,9,0,502748.0,Brad Peacock,572020.0,James Paxton,572020.0,502748.0,3313,Yankee Stadium,night,R
565353,2019-06-21,2019,DET,CLE,116,114,6,7,13,1,9,0,571510.0,Matthew Boyd,545333.0,Trevor Bauer,643256.0,641729.0,5,Progressive Field,night,R
565061,2019-06-21,2019,TOR,BOS,141,111,5,7,12,1,10,1,663423.0,Trent Thornton,519242.0,Chris Sale,519443.0,605447.0,3,Fenway Park,night,R
566803,2019-06-22,2019,CWS,TEX,145,140,5,4,9,0,10,1,625643.0,Reynaldo López,642558.0,Ariel Jurado,516969.0,518875.0,13,Globe Life Park in Arlington,night,R
567588,2019-06-22,2019,CIN,MIL,113,158,11,7,18,0,9,0,543243.0,Sonny Gray,502624.0,Chase Anderson,456696.0,502624.0,32,Miller Park,night,R
566605,2019-06-22,2019,LAA,STL,108,138,1,5,6,1,9,0,656288.0,Griffin Canning,608379.0,Michael Wacha,608379.0,656288.0,2889,Busch Stadium,night,R
565740,2019-06-22,2019,MIN,KC,142,118,8,7,15,0,9,0,527048.0,Martín Pérez,596001.0,Jakob Junis,607560.0,518617.0,7,Kauffman Stadium,night,R
564866,2019-06-22,2019,SF,ARI,137,109,11,5,16,0,9,0,502188.0,Jeff Samardzija,664199.0,Taylor Clarke,502188.0,664199.0,15,Chase Field,night,R
566124,2019-06-22,2019,TB,OAK,139,133,5,3,8,0,9,0,552640.0,Andrew Kittredge,664196.0,Tanner Anderson,643493.0,664196.0,10,Oakland Coliseum,night,R
565839,2019-06-22,2019,COL,LAD,115,119,2,4,6,1,9,0,608566.0,Germán Márquez,621111.0,Walker Buehler,621111.0,545064.0,22,Dodger Stadium,night,R
566411,2019-06-22,2019,BAL,SEA,110,136,9,10,19,1,9,0,543219.0,Sean Gilmartin,502190.0,Mike Leake,502190.0,543219.0,680,T-Mobile Park,night,R
566606,2019-06-22,2019,LAA,STL,108,138,2,4,6,1,9,0,598287.0,Noé Ramirez,641712.0,Dakota Hudson,641712.0,570240.0,2889,Busch Stadium,day,R
565741,2019-06-22,2019,MIN,KC,142,118,5,3,8,0,10,1,621244.0,José Berríos,518633.0,Danny Duffy,543507.0,503449.0,7,Kauffman Stadium,day,R
565163,2019-06-22,2019,NYM,CHC,121,112,10,2,12,0,9,0,554430.0,Zack Wheeler,500779.0,Jose Quintana,554430.0,500779.0,17,Wrigley Field,day,R
566214,2019-06-22,2019,SD,PIT,135,134,3,6,9,1,9,0,663978.0,Chris Paddack,502042.0,Chris Archer,605195.0,489334.0,31,PNC Park,day,R
565062,2019-06-22,2019,TOR,BOS,141,111,8,7,15,0,9,0,571882.0,Derek Law,598271.0,Brian Johnson,592468.0,598264.0,3,Fenway Park,day,R
567097,2019-06-22,2019,MIA,PHI,146,143,5,3,8,0,9,0,622694.0,Elieser Hernández,592826.0,Vince Velasquez,592169.0,605388.0,2681,Citizens Bank Park,day,R
566125,2019-06-22,2019,TB,OAK,139,133,2,4,6,1,9,0,630023.0,Yonny Chirinos,571666.0,Mike Fiers,433589.0,650895.0,10,Oakland Coliseum,day,R
565354,2019-06-22,2019,DET,CLE,116,114,0,2,2,1,9,0,605513.0,Spencer Turnbull,650644.0,Aaron Civale,650644.0,605513.0,5,Progressive Field,day,R
566412,2019-06-22,2019,BAL,SEA,110,136,8,4,12,0,9,0,488768.0,Andrew Cashner,543548.0,Tommy Milone,488768.0,543548.0,680,T-Mobile Park,day,R
567589,2019-06-22,2019,CIN,MIL,113,158,5,6,11,1,9,0,622491.0,Luis Castillo,468504.0,Jhoulys Chacín,458006.0,622491.0,32,Miller Park,day,R
565840,2019-06-22,2019,COL,LAD,115,119,4,5,9,1,11,1,663567.0,Peter Lambert,547943.0,Hyun Jin Ryu,523260.0,622786.0,22,Dodger Stadium,day,R
565934,2019-06-22,2019,ATL,WSH,144,120,13,9,22,0,9,0,592314.0,Mike Foltynewicz,434671.0,Aníbal Sánchez,621345.0,605452.0,3309,Nationals Park,night,R
567498,2019-06-22,2019,HOU,NYY,117,147,5,7,12,1,9,0,489119.0,Wade Miley,547888.0,Masahiro Tanaka,656547.0,519151.0,3313,Yankee Stadium,night,R
566804,2019-06-23,2019,CWS,TEX,145,140,5,6,11,1,9,0,628333.0,Odrisamer Despaigne,458681.0,Lance Lynn,458681.0,605359.0,13,Globe Life Park in Arlington,night,R
564867,2019-06-23,2019,SF,ARI,137,109,7,4,11,0,9,0,595881.0,Tyler Beede,643327.0,Zack Godley,641627.0,643327.0,15,Chase Field,night,R
565063,2019-06-23,2019,TOR,BOS,141,111,6,1,7,0,9,0,573186.0,Marcus Stroman,519144.0,Rick Porcello,573186.0,519144.0,3,Fenway Park,day,R
567098,2019-06-23,2019,MIA,PHI,146,143,6,4,10,0,9,0,657141.0,Jordan Yamamoto,660853.0,Enyel De Los Santos,657141.0,660853.0,2681,Citizens Bank Park,day,R
565355,2019-06-23,2019,DET,CLE,116,114,3,8,11,1,9,0,596057.0,Daniel Norris,668676.0,Zach Plesac,668676.0,596057.0,5,Progressive Field,day,R
566215,2019-06-23,2019,SD,PIT,135,134,10,11,21,1,11,1,664192.0,Joey Lucchesi,643230.0,Steven Brault,434538.0,605538.0,31,PNC Park,day,R
565935,2019-06-23,2019,ATL,WSH,144,120,4,3,7,0,10,1,647336.0,Michael Soroka,608723.0,Austin Voth,621345.0,663432.0,3309,Nationals Park,day,R
567499,2019-06-23,2019,HOU,NYY,117,147,9,4,13,0,9,0,434378.0,Justin Verlander,457918.0,J.A. Happ,434378.0,457918.0,3313,Yankee Stadium,day,R
567590,2019-06-23,2019,CIN,MIL,113,158,5,7,12,1,9,0,543101.0,Anthony DeSclafani,605540.0,Brandon Woodruff,605540.0,543101.0,32,Miller Park,day,R
565742,2019-06-23,2019,MIN,KC,142,118,1,6,7,1,9,0,501381.0,Michael Pineda,456701.0,Homer Bailey,456701.0,501381.0,7,Kauffman Stadium,day,R
565164,2019-06-23,2019,NYM,CHC,121,112,3,5,8,1,9,0,594798.0,Jacob deGrom,430935.0,Cole Hamels,518553.0,607625.0,17,Wrigley Field,day,R
566805,2019-06-23,2019,CWS,TEX,145,140,4,7,11,1,9,0,467100.0,Iván Nova,592716.0,Adrian Sampson,592716.0,467100.0,13,Globe Life Park in Arlington,day,R
566126,2019-06-23,2019,TB,OAK,139,133,8,2,10,0,9,0,592773.0,Ryne Stanek,474463.0,Brett Anderson,642232.0,474463.0,10,Oakland Coliseum,day,R
565841,2019-06-23,2019,COL,LAD,115,119,3,6,9,1,9,0,622608.0,Antonio Senzatela,628317.0,Kenta Maeda,445276.0,623184.0,22,Dodger Stadium,day,R
566413,2019-06-23,2019,BAL,SEA,110,136,3,13,16,1,9,0,593679.0,Gabriel Ynoa,579328.0,Yusei Kikuchi,579328.0,593679.0,680,T-Mobile Park,day,R
564868,2019-06-23,2019,SF,ARI,137,109,2,3,5,1,10,1,641312.0,Shaun Anderson,518876.0,Merrill Kelly,542882.0,453343.0,15,Chase Field,day,R
566607,2019-06-23,2019,LAA,STL,108,138,6,4,10,0,9,0,572140.0,Tyler Skaggs,571945.0,Miles Mikolas,572140.0,571945.0,2889,Busch Stadium,night,R
567099,2019-06-24,2019,NYM,PHI,121,143,7,13,20,1,9,0,571927.0,Steven Matz,621107.0,Zach Eflin,621107.0,571927.0,2681,Citizens Bank Park,night,R
567500,2019-06-24,2019,TOR,NYY,141,147,8,10,18,1,9,0,592717.0,Aaron Sanchez,282332.0,CC Sabathia,282332.0,592717.0,3313,Yankee Stadium,night,R
565356,2019-06-24,2019,KC,CLE,118,114,2,3,5,1,10,1,641745.0,Brad Keller,592644.0,Adam Plutko,543272.0,503449.0,5,Progressive Field,night,R
565064,2019-06-24,2019,CWS,BOS,145,111,5,6,11,1,9,0,608337.0,Lucas Giolito,593958.0,Eduardo Rodriguez,519443.0,605240.0,3,Fenway Park,night,R
565165,2019-06-25,2019,ATL,CHC,144,112,3,8,11,1,9,0,527054.0,Julio Teheran,452657.0,Jon Lester,452657.0,527054.0,17,Wrigley Field,night,R
564869,2019-06-25,2019,LAD,ARI,119,109,5,8,13,1,9,0,477132.0,Clayton Kershaw,425844.0,Zack Greinke,661255.0,571670.0,15,Chase Field,night,R
566507,2019-06-25,2019,COL,SF,115,137,2,0,2,0,9,0,592351.0,Jon Gray,519141.0,Drew Pomeranz,592351.0,519141.0,2395,Oracle Park,night,R
564968,2019-06-25,2019,SD,BAL,135,110,8,3,11,0,9,0,663531.0,Logan Allen,642231.0,Jimmy Yacabonis,663531.0,642231.0,2,Oriole Park at Camden Yards,night,R
567100,2019-06-25,2019,NYM,PHI,121,143,5,7,12,1,9,0,621141.0,Walker Lockett,453562.0,Jake Arrieta,453562.0,521655.0,2681,Citizens Bank Park,night,R
567501,2019-06-25,2019,TOR,NYY,141,147,3,4,7,1,9,0,453385.0,Clayton Richard,643338.0,Chad Green,641482.0,453385.0,3313,Yankee Stadium,night,R
565357,2019-06-25,2019,KC,CLE,118,114,8,6,14,0,9,0,642098.0,Glenn Sparkman,669456.0,Shane Bieber,641838.0,543272.0,5,Progressive Field,night,R
565547,2019-06-25,2019,TEX,DET,140,116,5,3,8,0,9,0,445926.0,Jesse Chavez,519455.0,Jordan Zimmermann,445926.0,519455.0,2394,Comerica Park,night,R
565065,2019-06-25,2019,CWS,BOS,145,111,3,6,9,1,9,0,608334.0,Carson Fulmer,456034.0,David Price,456034.0,614179.0,3,Fenway Park,night,R
567397,2019-06-25,2019,WSH,MIA,120,146,6,1,7,0,9,0,453286.0,Max Scherzer,670950.0,Trevor Richards,453286.0,670950.0,4169,Marlins Park,night,R
565166,2019-06-26,2019,ATL,CHC,144,112,3,2,5,0,9,0,608331.0,Max Fried,640470.0,Adbert Alzolay,608331.0,543557.0,17,Wrigley Field,night,R
565644,2019-06-26,2019,PIT,HOU,134,117,1,5,6,1,9,0,592866.0,Trevor Williams,543037.0,Gerrit Cole,543037.0,592866.0,2392,Minute Maid Park,night,R
566999,2019-06-26,2019,TB,MIN,139,142,4,9,13,1,9,0,605483.0,Blake Snell,502043.0,Kyle Gibson,502043.0,605483.0,3312,Target Field,night,R
567591,2019-06-26,2019,SEA,MIL,136,158,8,3,11,0,9,0,594835.0,Marco Gonzales,605200.0,Zach Davies,594835.0,605200.0,32,Miller Park,night,R
566608,2019-06-26,2019,OAK,STL,133,138,7,3,10,0,9,0,605135.0,Chris Bassitt,656427.0,Jack Flaherty,605525.0,656427.0,2889,Busch Stadium,night,R
564870,2019-06-26,2019,LAD,ARI,119,109,3,2,5,0,9,0,548389.0,Ross Stripling,592662.0,Robbie Ray,628711.0,592662.0,15,Chase Field,night,R
566508,2019-06-26,2019,COL,SF,115,137,2,4,6,1,9,0,592346.0,Chi Chi González,518516.0,Madison Bumgarner,518516.0,592346.0,2395,Oracle Park,night,R
564771,2019-06-26,2019,CIN,LAA,113,108,1,5,6,1,9,0,641816.0,Tyler Mahle,571760.0,Andrew Heaney,571760.0,641816.0,1,Angel Stadium,night,R
565066,2019-06-26,2019,CWS,BOS,145,111,8,7,15,0,9,0,625643.0,Reynaldo López,519242.0,Chris Sale,517008.0,598264.0,3,Fenway Park,day,R
567502,2019-06-26,2019,TOR,NYY,141,147,7,8,15,1,9,0,663423.0,Trent Thornton,572020.0,James Paxton,502154.0,592468.0,3313,Yankee Stadium,day,R
565358,2019-06-26,2019,KC,CLE,118,114,3,5,8,1,9,0,596001.0,Jakob Junis,545333.0,Trevor Bauer,545333.0,596001.0,5,Progressive Field,day,R
564969,2019-06-26,2019,SD,BAL,135,110,10,5,15,0,9,0,621381.0,Matt Strahm,605164.0,Dylan Bundy,621381.0,605164.0,2,Oriole Park at Camden Yards,day,R
564871,2019-06-26,2019,LAD,ARI,119,109,2,8,10,1,9,0,664062.0,Tony Gonsolin,664199.0,Taylor Clarke,664199.0,664062.0,15,Chase Field,day,R
566509,2019-06-26,2019,COL,SF,115,137,6,3,9,0,9,0,608566.0,Germán Márquez,502188.0,Jeff Samardzija,608566.0,502188.0,2395,Oracle Park,day,R
567101,2019-06-26,2019,NYM,PHI,121,143,4,5,9,1,10,1,450306.0,Jason Vargas,601713.0,Nick Pivetta,658305.0,668665.0,2681,Citizens Bank Park,night,R
565548,2019-06-26,2019,TEX,DET,140,116,4,1,5,0,9,0,501985.0,Mike Minor,571510.0,Matthew Boyd,501985.0,571510.0,2394,Comerica Park,night,R
567398,2019-06-26,2019,WSH,MIA,120,146,7,5,12,0,9,0,571578.0,Patrick Corbin,668678.0,Zac Gallen,571578.0,668678.0,4169,Marlins Park,night,R
566609,2019-06-26,2019,OAK,STL,133,138,2,0,2,0,9,0,596043.0,Daniel Mengden,425794.0,Adam Wainwright,596043.0,425794.0,2889,Busch Stadium,night,R
565167,2019-06-27,2019,ATL,CHC,144,112,5,3,8,0,9,0,572971.0,Dallas Keuchel,506433.0,Yu Darvish,572971.0,506433.0,17,Wrigley Field,night,R
564772,2019-06-27,2019,CIN,LAA,113,108,1,5,6,1,9,0,543699.0,Tanner Roark,642545.0,Jaime Barria,592135.0,628452.0,1,Angel Stadium,night,R
565645,2019-06-27,2019,PIT,HOU,134,117,14,2,16,0,9,0,642607.0,Dario Agrazal,664285.0,Framber Valdez,642607.0,664285.0,2392,Minute Maid Park,night,R
567000,2019-06-27,2019,TB,MIN,139,142,4,6,10,1,9,0,450203.0,Charlie Morton,543606.0,Jake Odorizzi,543507.0,450203.0,3312,Target Field,night,R
567592,2019-06-27,2019,SEA,MIL,136,158,4,2,6,0,9,0,571539.0,Matt Carasiti,605288.0,Adrian Houser,453281.0,605288.0,32,Miller Park,night,R
567102,2019-06-27,2019,NYM,PHI,121,143,3,6,9,1,9,0,554430.0,Zack Wheeler,605400.0,Aaron Nola,670456.0,621242.0,2681,Citizens Bank Park,day,R
565549,2019-06-27,2019,TEX,DET,140,116,3,1,4,0,9,0,642558.0,Ariel Jurado,605513.0,Spencer Turnbull,642558.0,605513.0,2394,Comerica Park,day,R
567001,2019-06-27,2019,TB,MIN,139,142,5,2,7,0,18,1,592773.0,Ryne Stanek,527048.0,Martín Pérez,642232.0,607560.0,3312,Target Field,day,R
565646,2019-06-27,2019,PIT,HOU,134,117,10,0,10,0,9,0,605397.0,Joe Musgrove,502748.0,Brad Peacock,605397.0,502748.0,2392,Minute Maid Park,day,R
567593,2019-06-27,2019,SEA,MIL,136,158,2,4,6,1,9,0,502190.0,Mike Leake,502624.0,Chase Anderson,502624.0,502190.0,32,Miller Park,day,R
565168,2019-06-27,2019,ATL,CHC,144,112,7,9,16,1,9,0,669060.0,Bryse Wilson,543022.0,Tyler Chatwood,543022.0,458708.0,17,Wrigley Field,day,R
567399,2019-06-27,2019,WSH,MIA,120,146,8,5,13,0,9,0,544931.0,Stephen Strasburg,645261.0,Sandy Alcantara,544931.0,645261.0,4169,Marlins Park,night,R
565452,2019-06-28,2019,LAD,COL,119,115,12,8,20,0,9,0,621111.0,Walker Buehler,663567.0,Peter Lambert,520980.0,451584.0,19,Coors Field,night,R
566512,2019-06-28,2019,ARI,SF,109,137,5,1,6,0,9,0,622065.0,Alex Young,595881.0,Tyler Beede,622065.0,595881.0,2395,Oracle Park,night,R
564773,2019-06-28,2019,OAK,LAA,133,108,3,8,11,1,9,0,664196.0,Tanner Anderson,656288.0,Griffin Canning,656288.0,664196.0,1,Angel Stadium,night,R
564970,2019-06-28,2019,CLE,BAL,114,110,0,13,13,1,9,0,605182.0,Mike Clevinger,607644.0,John Means,607644.0,605182.0,2,Oriole Park at Camden Yards,night,R
566902,2019-06-28,2019,KC,TOR,118,141,2,6,8,1,9,0,518633.0,Danny Duffy,656887.0,Sean Reid-Foley,543339.0,518633.0,14,Rogers Centre,night,R
565256,2019-06-28,2019,CHC,CIN,112,113,3,6,9,1,9,0,430935.0,Cole Hamels,543243.0,Sonny Gray,543243.0,430935.0,2602,Great American Ball Park,night,R
565550,2019-06-28,2019,WSH,DET,120,116,3,1,4,0,9,0,434671.0,Aníbal Sánchez,596057.0,Daniel Norris,434671.0,596057.0,2394,Comerica Park,night,R
566702,2019-06-28,2019,TEX,TB,140,139,5,0,5,0,9,0,458681.0,Lance Lynn,630023.0,Yonny Chirinos,458681.0,630023.0,12,Tropicana Field,night,R
566025,2019-06-28,2019,ATL,NYM,144,121,6,2,8,0,9,0,647336.0,Michael Soroka,594798.0,Jacob deGrom,647336.0,594798.0,3289,Citi Field,night,R
567400,2019-06-28,2019,PHI,MIA,143,146,2,6,8,1,9,0,592826.0,Vince Velasquez,622694.0,Elieser Hernández,622694.0,592826.0,4169,Marlins Park,night,R
565647,2019-06-29,2019,SEA,HOU,136,117,1,2,3,1,10,1,571539.0,Matt Carasiti,489119.0,Wade Miley,501789.0,670036.0,2392,Minute Maid Park,night,R
567301,2019-06-29,2019,MIN,CWS,142,145,4,6,10,1,9,0,621244.0,José Berríos,446321.0,Ross Detwiler,446321.0,621244.0,4,Guaranteed Rate Field,night,R
567594,2019-06-29,2019,PIT,MIL,134,158,3,2,5,0,9,0,502042.0,Chris Archer,468504.0,Jhoulys Chacín,553878.0,502026.0,32,Miller Park,night,R
565453,2019-06-29,2019,LAD,COL,119,115,9,13,22,1,9,0,547943.0,Hyun Jin Ryu,622608.0,Antonio Senzatela,622608.0,547943.0,19,Coors Field,night,R
564774,2019-06-29,2019,OAK,LAA,133,108,7,2,9,0,9,0,571666.0,Mike Fiers,598287.0,Noé Ramirez,571666.0,598287.0,1,Angel Stadium,night,R
566316,2019-06-29,2019,STL,SD,138,135,1,3,4,1,9,0,608379.0,Michael Wacha,641778.0,Eric Lauer,615698.0,608379.0,2680,Petco Park,night,R
566510,2019-06-29,2019,ARI,SF,109,137,3,6,9,1,9,0,518876.0,Merrill Kelly,641312.0,Shaun Anderson,641312.0,518876.0,2395,Oracle Park,night,R
565067,2019-06-29,2019,NYY,BOS,147,111,17,13,30,0,9,0,547888.0,Masahiro Tanaka,519144.0,Rick Porcello,643338.0,453214.0,5381,London Stadium,night,R
564971,2019-06-29,2019,CLE,BAL,114,110,0,13,13,1,9,0,668676.0,Zach Plesac,488768.0,Andrew Cashner,488768.0,668676.0,2,Oriole Park at Camden Yards,day,R
566903,2019-06-29,2019,KC,TOR,118,141,5,7,12,1,9,0,456701.0,Homer Bailey,573186.0,Marcus Stroman,543339.0,605130.0,14,Rogers Centre,day,R
565257,2019-06-29,2019,CHC,CIN,112,113,6,0,6,0,9,0,500779.0,Jose Quintana,622491.0,Luis Castillo,500779.0,622491.0,2602,Great American Ball Park,day,R
565551,2019-06-29,2019,WSH,DET,120,116,5,7,12,1,9,0,608723.0,Austin Voth,642397.0,Gregory Soto,622505.0,663432.0,2394,Comerica Park,day,R
566703,2019-06-29,2019,TEX,TB,140,139,2,5,7,1,9,0,592716.0,Adrian Sampson,656713.0,Brendan McKay,656713.0,592716.0,12,Tropicana Field,day,R
566026,2019-06-29,2019,ATL,NYM,144,121,5,4,9,0,9,0,527054.0,Julio Teheran,571927.0,Steven Matz,656794.0,607625.0,3289,Citi Field,day,R
567401,2019-06-29,2019,PHI,MIA,143,146,6,9,15,1,9,0,621107.0,Zach Eflin,657141.0,Jordan Yamamoto,606424.0,605388.0,4169,Marlins Park,day,R
567302,2019-06-29,2019,MIN,CWS,142,145,10,3,13,0,9,0,501381.0,Michael Pineda,467100.0,Iván Nova,501381.0,467100.0,4,Guaranteed Rate Field,day,R
565454,2019-06-30,2019,LAD,COL,119,115,3,5,8,1,9,0,477132.0,Clayton Kershaw,592351.0,Jon Gray,592351.0,477132.0,19,Coors Field,night,R
565648,2019-06-30,2019,SEA,HOU,136,117,5,6,11,1,10,1,579328.0,Yusei Kikuchi,434378.0,Justin Verlander,606965.0,606273.0,2392,Minute Maid Park,night,R
567595,2019-06-30,2019,PIT,MIL,134,158,1,3,4,1,9,0,543475.0,Jordan Lyles,605540.0,Brandon Woodruff,605540.0,543475.0,32,Miller Park,night,R
566511,2019-06-30,2019,ARI,SF,109,137,4,3,7,0,9,0,425844.0,Zack Greinke,519141.0,Drew Pomeranz,425844.0,473879.0,2395,Oracle Park,night,R
564775,2019-06-30,2019,OAK,LAA,133,108,4,0,4,0,9,0,474463.0,Brett Anderson,572140.0,Tyler Skaggs,474463.0,572140.0,1,Angel Stadium,night,R
566317,2019-06-30,2019,STL,SD,138,135,2,12,14,1,9,0,641712.0,Dakota Hudson,663978.0,Chris Paddack,663978.0,641712.0,2680,Petco Park,night,R
565068,2019-06-30,2019,NYY,BOS,147,111,12,8,20,0,9,0,605501.0,Stephen Tarpley,593958.0,Eduardo Rodriguez,493603.0,519393.0,5381,London Stadium,day,R
564972,2019-06-30,2019,CLE,BAL,114,110,2,0,2,0,9,0,669456.0,Shane Bieber,593679.0,Gabriel Ynoa,669456.0,593679.0,2,Oriole Park at Camden Yards,day,R
566904,2019-06-30,2019,KC,TOR,118,141,7,6,13,0,9,0,641745.0,Brad Keller,592717.0,Aaron Sanchez,641745.0,592717.0,14,Rogers Centre,day,R
565258,2019-06-30,2019,CHC,CIN,112,113,6,8,14,1,9,0,452657.0,Jon Lester,543101.0,Anthony DeSclafani,543101.0,452657.0,2602,Great American Ball Park,day,R
565552,2019-06-30,2019,WSH,DET,120,116,2,1,3,0,9,0,453286.0,Max Scherzer,519455.0,Jordan Zimmermann,453286.0,641729.0,2394,Comerica Park,day,R
566704,2019-06-30,2019,TEX,TB,140,139,2,6,8,1,9,0,445926.0,Jesse Chavez,605483.0,Blake Snell,605483.0,445926.0,12,Tropicana Field,day,R
567402,2019-06-30,2019,PHI,MIA,143,146,13,6,19,0,9,0,453562.0,Jake Arrieta,670950.0,Trevor Richards,453562.0,670950.0,4169,Marlins Park,day,R
565649,2019-06-30,2019,SEA,HOU,136,117,1,6,7,1,9,0,594835.0,Marco Gonzales,543037.0,Gerrit Cole,543037.0,594835.0,2392,Minute Maid Park,day,R
567303,2019-06-30,2019,MIN,CWS,142,145,3,4,7,1,9,0,626929.0,Lewis Thorpe,608337.0,Lucas Giolito,608337.0,626929.0,4,Guaranteed Rate Field,day,R
567596,2019-06-30,2019,PIT,MIL,134,158,1,2,3,1,9,0,643230.0,Steven Brault,605200.0,Zach Davies,502026.0,605195.0,32,Miller Park,day,R
565455,2019-06-30,2019,LAD,COL,119,115,10,5,15,0,9,0,628317.0,Kenta Maeda,592346.0,Chi Chi González,571670.0,518452.0,19,Coors Field,day,R
566513,2019-06-30,2019,ARI,SF,109,137,4,10,14,1,9,0,592662.0,Robbie Ray,518516.0,Madison Bumgarner,518516.0,592662.0,2395,Oracle Park,day,R
564776,2019-06-30,2019,OAK,LAA,133,108,12,3,15,0,9,0,605135.0,Chris Bassitt,571760.0,Andrew Heaney,605135.0,571760.0,1,Angel Stadium,day,R
566318,2019-06-30,2019,STL,SD,138,135,5,3,8,0,11,1,571945.0,Miles Mikolas,664192.0,Joey Lucchesi,593372.0,623364.0,2680,Petco Park,day,R
566027,2019-06-30,2019,ATL,NYM,144,121,5,8,13,1,9,0,608331.0,Max Fried,592789.0,Noah Syndergaard,521655.0,656794.0,3289,Citi Field,night,R
566905,2019-07-01,2019,KC,TOR,118,141,4,11,15,1,9,0,642098.0,Glenn Sparkman,453385.0,Clayton Richard,453385.0,642098.0,14,Rogers Centre,day,R
566216,2019-07-01,2019,CHC,PIT,112,134,5,18,23,1,9,0,640470.0,Adbert Alzolay,592866.0,Trevor Williams,592866.0,640470.0,31,PNC Park,night,R
566705,2019-07-01,2019,BAL,TB,110,139,3,6,9,1,9,0,664045.0,Thomas Eshelman,592773.0,Ryne Stanek,592473.0,571858.0,12,Tropicana Field,night,R
565259,2019-07-01,2019,MIL,CIN,158,113,8,6,14,0,9,0,605288.0,Adrian Houser,641816.0,Tyler Mahle,592222.0,456696.0,2602,Great American Ball Park,night,R
566319,2019-07-02,2019,SF,SD,137,135,13,2,15,0,9,0,502188.0,Jeff Samardzija,663531.0,Logan Allen,502188.0,663531.0,2680,Petco Park,night,R
566806,2019-07-02,2019,LAA,TEX,108,140,0,0,0,0,9,0,,,,,,,13,Globe Life Park in Arlington,night,R
566217,2019-07-02,2019,CHC,PIT,112,134,1,5,6,1,9,0,543294.0,Kyle Hendricks,605397.0,Joe Musgrove,605280.0,543294.0,31,PNC Park,night,R
565936,2019-07-02,2019,MIA,WSH,146,120,2,3,5,1,9,0,668678.0,Zac Gallen,571578.0,Patrick Corbin,448281.0,650671.0,3309,Nationals Park,night,R
566906,2019-07-02,2019,BOS,TOR,111,141,10,6,16,0,9,0,456034.0,David Price,663423.0,Trent Thornton,456034.0,663423.0,14,Rogers Centre,night,R
566706,2019-07-02,2019,BAL,TB,110,139,3,6,9,1,9,0,592879.0,Asher Wojciechowski,450203.0,Charlie Morton,450203.0,592879.0,12,Tropicana Field,night,R
566028,2019-07-02,2019,NYY,NYM,147,121,2,4,6,1,9,0,572020.0,James Paxton,554430.0,Zack Wheeler,607625.0,493603.0,3289,Citi Field,night,R
565260,2019-07-02,2019,MIL,CIN,158,113,4,5,9,1,11,1,502624.0,Chase Anderson,543699.0,Tanner Roark,628452.0,669203.0,2602,Great American Ball Park,night,R
567208,2019-07-02,2019,PHI,ATL,143,144,2,0,2,0,9,0,605400.0,Aaron Nola,572971.0,Dallas Keuchel,605400.0,572971.0,4705,SunTrust Park,night,R
566807,2019-07-03,2019,LAA,TEX,108,140,9,4,13,0,9,0,660761.0,José Suarez,501985.0,Mike Minor,502239.0,664126.0,13,Globe Life Park in Arlington,night,R
565456,2019-07-03,2019,HOU,COL,117,115,9,8,17,0,9,0,664353.0,José Urquidy,608566.0,Germán Márquez,501789.0,459429.0,19,Coors Field,night,R
565743,2019-07-03,2019,CLE,KC,114,118,9,5,14,0,9,0,545333.0,Trevor Bauer,596001.0,Jakob Junis,545333.0,596001.0,7,Kauffman Stadium,night,R
566127,2019-07-03,2019,MIN,OAK,142,133,6,8,14,1,9,0,543606.0,Jake Odorizzi,596043.0,Daniel Mengden,596043.0,543606.0,10,Oakland Coliseum,night,R
565842,2019-07-03,2019,ARI,LAD,109,119,4,5,9,1,9,0,664199.0,Taylor Clarke,548389.0,Ross Stripling,554340.0,518813.0,22,Dodger Stadium,night,R
566320,2019-07-03,2019,SF,SD,137,135,10,4,14,0,9,0,595881.0,Tyler Beede,621381.0,Matt Strahm,595881.0,621381.0,2680,Petco Park,night,R
566414,2019-07-03,2019,STL,SEA,138,136,4,5,9,1,9,0,656427.0,Jack Flaherty,571539.0,Matt Carasiti,613534.0,606149.0,680,T-Mobile Park,night,R
567304,2019-07-03,2019,DET,CWS,116,145,0,0,0,0,9,0,571510.0,Matthew Boyd,625643.0,Reynaldo López,,,4,Guaranteed Rate Field,night,R
567273,2019-07-03,2019,DET,CWS,116,145,5,7,12,1,9,0,596057.0,Daniel Norris,656302.0,Dylan Cease,656302.0,596057.0,4,Guaranteed Rate Field,day,R
567305,2019-07-04,2019,DET,CWS,116,145,6,9,15,1,12,1,641302.0,Tyler Alexander,446321.0,Ross Detwiler,614179.0,598286.0,4,Guaranteed Rate Field,night,R
565937,2019-07-03,2019,MIA,WSH,146,120,1,3,4,1,9,0,645261.0,Sandy Alcantara,544931.0,Stephen Strasburg,544931.0,645261.0,3309,Nationals Park,night,R
566218,2019-07-03,2019,CHC,PIT,112,134,5,6,11,1,9,0,506433.0,Yu Darvish,502042.0,Chris Archer,593144.0,518886.0,31,PNC Park,night,R
566907,2019-07-03,2019,BOS,TOR,111,141,3,6,9,1,9,0,519242.0,Chris Sale,475479.0,David Phelps,621097.0,519242.0,14,Rogers Centre,night,R
566707,2019-07-03,2019,BAL,TB,110,139,9,6,15,0,9,0,607644.0,John Means,592773.0,Ryne Stanek,571710.0,621237.0,12,Tropicana Field,night,R
566029,2019-07-03,2019,NYY,NYM,147,121,5,1,6,0,9,0,593334.0,Domingo Germán,450306.0,Jason Vargas,593334.0,450306.0,3289,Citi Field,night,R
565261,2019-07-03,2019,MIL,CIN,158,113,0,3,3,1,9,0,468504.0,Jhoulys Chacín,543243.0,Sonny Gray,543243.0,468504.0,2602,Great American Ball Park,night,R
567209,2019-07-03,2019,PHI,ATL,143,144,2,9,11,1,9,0,601713.0,Nick Pivetta,669060.0,Bryse Wilson,669060.0,601713.0,4705,SunTrust Park,night,R
566808,2019-07-04,2019,LAA,TEX,108,140,6,2,8,0,9,0,642545.0,Jaime Barria,642558.0,Ariel Jurado,642545.0,642558.0,13,Globe Life Park in Arlington,night,R
565457,2019-07-04,2019,HOU,COL,117,115,4,2,6,0,9,0,489119.0,Wade Miley,663567.0,Peter Lambert,489119.0,663567.0,19,Coors Field,night,R
565744,2019-07-04,2019,CLE,KC,114,118,4,0,4,0,9,0,605182.0,Mike Clevinger,518633.0,Danny Duffy,605182.0,518633.0,7,Kauffman Stadium,night,R
566128,2019-07-04,2019,MIN,OAK,142,133,4,3,7,0,12,1,502043.0,Kyle Gibson,571666.0,Mike Fiers,453284.0,595014.0,10,Oakland Coliseum,night,R
566321,2019-07-04,2019,SF,SD,137,135,7,5,12,0,9,0,641312.0,Shaun Anderson,615698.0,Cal Quantrill,641627.0,606131.0,2680,Petco Park,night,R
565843,2019-07-04,2019,ARI,LAD,109,119,4,5,9,1,10,1,518876.0,Merrill Kelly,621111.0,Walker Buehler,523260.0,661255.0,22,Dodger Stadium,night,R
566415,2019-07-04,2019,STL,SEA,138,136,5,2,7,0,9,0,425794.0,Adam Wainwright,502190.0,Mike Leake,605154.0,613534.0,680,T-Mobile Park,night,R
565938,2019-07-04,2019,MIA,WSH,146,120,2,5,7,1,9,0,622694.0,Elieser Hernández,434671.0,Aníbal Sánchez,434671.0,622694.0,3309,Nationals Park,day,R
565745,2019-07-04,2019,CLE,KC,114,118,8,4,12,0,9,0,668676.0,Zach Plesac,456701.0,Homer Bailey,643256.0,605347.0,7,Kauffman Stadium,day,R
567306,2019-07-04,2019,DET,CWS,116,145,11,5,16,0,9,0,571510.0,Matthew Boyd,625643.0,Reynaldo López,571510.0,625643.0,4,Guaranteed Rate Field,day,R
565262,2019-07-04,2019,MIL,CIN,158,113,0,1,1,1,9,0,605540.0,Brandon Woodruff,622491.0,Luis Castillo,622491.0,605540.0,2602,Great American Ball Park,day,R
566219,2019-07-04,2019,CHC,PIT,112,134,11,3,14,0,9,0,500779.0,Jose Quintana,543475.0,Jordan Lyles,500779.0,543475.0,31,PNC Park,day,R
566129,2019-07-04,2019,MIN,OAK,142,133,2,7,9,1,9,0,621244.0,José Berríos,664196.0,Tanner Anderson,623913.0,621244.0,10,Oakland Coliseum,day,R
566416,2019-07-04,2019,STL,SEA,138,136,5,4,9,0,9,0,608379.0,Michael Wacha,571539.0,Matt Carasiti,594965.0,543548.0,680,T-Mobile Park,day,R
566708,2019-07-04,2019,NYY,TB,147,139,8,4,12,0,10,1,457918.0,J.A. Happ,630023.0,Yonny Chirinos,547973.0,543118.0,12,Tropicana Field,night,R
566908,2019-07-04,2019,BOS,TOR,111,141,8,7,15,0,9,0,584171.0,Hector Velázquez,571882.0,Derek Law,519443.0,571704.0,14,Rogers Centre,night,R
567210,2019-07-04,2019,PHI,ATL,143,144,6,12,18,1,9,0,621107.0,Zach Eflin,647336.0,Michael Soroka,621345.0,621107.0,4705,SunTrust Park,night,R
566809,2019-07-05,2019,LAA,TEX,108,140,3,9,12,1,9,0,656288.0,Griffin Canning,458681.0,Lance Lynn,458681.0,656288.0,13,Globe Life Park in Arlington,night,R
565844,2019-07-05,2019,SD,LAD,135,119,1,5,6,1,9,0,659275.0,Dinelson Lamet,547943.0,Hyun Jin Ryu,547943.0,659275.0,22,Dodger Stadium,night,R
565939,2019-07-05,2019,KC,WSH,118,120,7,4,11,0,11,1,641745.0,Brad Keller,608723.0,Austin Voth,543169.0,458924.0,3309,Nationals Park,night,R
566220,2019-07-05,2019,MIL,PIT,158,134,7,6,13,0,10,1,605200.0,Zach Davies,643230.0,Steven Brault,448855.0,553878.0,31,PNC Park,night,R
566909,2019-07-05,2019,BAL,TOR,110,141,4,1,5,0,9,0,605164.0,Dylan Bundy,592717.0,Aaron Sanchez,605164.0,592717.0,14,Rogers Centre,night,R
565553,2019-07-05,2019,BOS,DET,111,116,9,6,15,0,9,0,593958.0,Eduardo Rodriguez,543001.0,Ryan Carpenter,593958.0,543001.0,2394,Comerica Park,night,R
566030,2019-07-05,2019,PHI,NYM,143,121,7,2,9,0,9,0,592826.0,Vince Velasquez,594798.0,Jacob deGrom,605388.0,621242.0,3289,Citi Field,night,R
566709,2019-07-05,2019,NYY,TB,147,139,8,4,12,0,11,1,547888.0,Masahiro Tanaka,656713.0,Brendan McKay,571735.0,592773.0,12,Tropicana Field,night,R
567211,2019-07-05,2019,MIA,ATL,146,144,0,1,1,1,9,0,657141.0,Jordan Yamamoto,527054.0,Julio Teheran,592426.0,650671.0,4705,SunTrust Park,night,R
565650,2019-07-06,2019,LAA,HOU,108,117,5,4,9,0,9,0,598287.0,Noé Ramirez,434378.0,Justin Verlander,570240.0,434378.0,2392,Minute Maid Park,night,R
567002,2019-07-06,2019,TEX,MIN,140,142,6,15,21,1,9,0,592716.0,Adrian Sampson,527048.0,Martín Pérez,527048.0,592716.0,3312,Target Field,night,R
564872,2019-07-06,2019,COL,ARI,115,109,0,8,8,1,9,0,622608.0,Antonio Senzatela,425844.0,Zack Greinke,425844.0,622608.0,15,Chase Field,night,R
565845,2019-07-06,2019,SD,LAD,135,119,3,2,5,0,9,0,641778.0,Eric Lauer,477132.0,Clayton Kershaw,489334.0,554340.0,22,Dodger Stadium,night,R
566417,2019-07-06,2019,OAK,SEA,133,136,5,2,7,0,9,0,474463.0,Brett Anderson,579328.0,Yusei Kikuchi,474463.0,579328.0,680,T-Mobile Park,night,R
566514,2019-07-06,2019,STL,SF,138,137,9,4,13,0,9,0,641712.0,Dakota Hudson,519141.0,Drew Pomeranz,641712.0,519141.0,2395,Oracle Park,night,R
567003,2019-07-06,2019,TEX,MIN,140,142,4,7,11,1,9,0,445926.0,Jesse Chavez,501381.0,Michael Pineda,501381.0,445926.0,3312,Target Field,day,R
566910,2019-07-06,2019,BAL,TOR,110,141,8,1,9,0,9,0,488768.0,Andrew Cashner,453385.0,Clayton Richard,488768.0,453385.0,14,Rogers Centre,day,R
565940,2019-07-06,2019,KC,WSH,118,120,0,6,6,1,9,0,642098.0,Glenn Sparkman,453286.0,Max Scherzer,453286.0,642098.0,3309,Nationals Park,day,R
566221,2019-07-06,2019,MIL,PIT,158,134,2,12,14,1,9,0,605288.0,Adrian Houser,642607.0,Dario Agrazal,642607.0,605288.0,31,PNC Park,day,R
565263,2019-07-06,2019,CLE,CIN,114,113,7,2,9,0,9,0,669456.0,Shane Bieber,543101.0,Anthony DeSclafani,669456.0,547179.0,2602,Great American Ball Park,day,R
565554,2019-07-06,2019,BOS,DET,111,116,10,6,16,0,9,0,519144.0,Rick Porcello,519455.0,Jordan Zimmermann,519144.0,519455.0,2394,Comerica Park,day,R
567212,2019-07-06,2019,MIA,ATL,146,144,5,4,9,0,9,0,592761.0,Caleb Smith,608331.0,Max Fried,592761.0,608331.0,4705,SunTrust Park,day,R
566710,2019-07-06,2019,NYY,TB,147,139,3,4,7,1,9,0,282332.0,CC Sabathia,605483.0,Blake Snell,621363.0,643338.0,12,Tropicana Field,day,R
565651,2019-07-06,2019,LAA,HOU,108,117,0,4,4,1,9,0,571760.0,Andrew Heaney,543037.0,Gerrit Cole,543037.0,571760.0,2392,Minute Maid Park,night,R
566031,2019-07-06,2019,PHI,NYM,143,121,5,6,11,1,9,0,453562.0,Jake Arrieta,592789.0,Noah Syndergaard,592789.0,453562.0,3289,Citi Field,night,R
567307,2019-07-06,2019,CHC,CWS,112,145,6,3,9,0,9,0,452657.0,Jon Lester,608337.0,Lucas Giolito,452657.0,608337.0,4,Guaranteed Rate Field,night,R
566515,2019-07-07,2019,STL,SF,138,137,4,8,12,1,9,0,571945.0,Miles Mikolas,518516.0,Madison Bumgarner,473879.0,571945.0,2395,Oracle Park,night,R
564873,2019-07-07,2019,COL,ARI,115,109,2,4,6,1,9,0,592351.0,Jon Gray,592662.0,Robbie Ray,592662.0,592351.0,15,Chase Field,night,R
565846,2019-07-07,2019,SD,LAD,135,119,3,1,4,0,9,0,663978.0,Chris Paddack,628317.0,Kenta Maeda,622259.0,628317.0,22,Dodger Stadium,night,R
566418,2019-07-07,2019,OAK,SEA,133,136,3,6,9,1,9,0,605135.0,Chris Bassitt,594835.0,Marco Gonzales,594835.0,605135.0,680,T-Mobile Park,night,R
566911,2019-07-07,2019,BAL,TOR,110,141,1,6,7,1,9,0,592879.0,Asher Wojciechowski,663423.0,Trent Thornton,663423.0,592879.0,14,Rogers Centre,day,R
565264,2019-07-07,2019,CLE,CIN,114,113,11,1,12,0,9,0,545333.0,Trevor Bauer,641816.0,Tyler Mahle,545333.0,641816.0,2602,Great American Ball Park,day,R
565555,2019-07-07,2019,BOS,DET,111,116,6,3,9,0,9,0,456034.0,David Price,642397.0,Gregory Soto,456034.0,642397.0,2394,Comerica Park,day,R
566032,2019-07-07,2019,PHI,NYM,143,121,8,3,11,0,9,0,605400.0,Aaron Nola,554430.0,Zack Wheeler,605400.0,554430.0,3289,Citi Field,day,R
566711,2019-07-07,2019,NYY,TB,147,139,1,2,3,1,9,0,572020.0,James Paxton,450203.0,Charlie Morton,450203.0,572020.0,12,Tropicana Field,day,R
567213,2019-07-07,2019,MIA,ATL,146,144,3,4,7,1,9,0,670950.0,Trevor Richards,572971.0,Dallas Keuchel,572971.0,670950.0,4705,SunTrust Park,day,R
565941,2019-07-07,2019,KC,WSH,118,120,2,5,7,1,9,0,596001.0,Jakob Junis,571578.0,Patrick Corbin,448281.0,518617.0,3309,Nationals Park,day,R
566222,2019-07-07,2019,MIL,PIT,158,134,5,6,11,1,9,0,502624.0,Chase Anderson,605397.0,Joe Musgrove,434538.0,448855.0,31,PNC Park,day,R
565652,2019-07-07,2019,LAA,HOU,108,117,10,11,21,1,10,1,660761.0,José Suarez,664353.0,José Urquidy,519151.0,518566.0,2392,Minute Maid Park,day,R
567004,2019-07-07,2019,TEX,MIN,140,142,4,1,5,0,11,1,600917.0,José Leclerc,502043.0,Kyle Gibson,518875.0,606167.0,3312,Target Field,day,R
567308,2019-07-07,2019,CHC,CWS,112,145,1,3,4,1,9,0,543294.0,Kyle Hendricks,467100.0,Iván Nova,467100.0,543294.0,4,Guaranteed Rate Field,day,R
566516,2019-07-07,2019,STL,SF,138,137,0,1,1,1,9,0,656427.0,Jack Flaherty,502188.0,Jeff Samardzija,502188.0,656427.0,2395,Oracle Park,day,R
564874,2019-07-07,2019,COL,ARI,115,109,3,5,8,1,9,0,608566.0,Germán Márquez,622065.0,Alex Young,622065.0,608566.0,15,Chase Field,day,R
565847,2019-07-07,2019,SD,LAD,135,119,5,3,8,0,9,0,664192.0,Joey Lucchesi,548389.0,Ross Stripling,664192.0,548389.0,22,Dodger Stadium,day,R
566419,2019-07-07,2019,OAK,SEA,133,136,7,4,11,0,9,0,596043.0,Daniel Mengden,571539.0,Matt Carasiti,596043.0,571539.0,680,T-Mobile Park,day,R
566810,2019-07-12,2019,HOU,TEX,117,140,0,5,5,1,9,0,664285.0,Framber Valdez,458681.0,Lance Lynn,458681.0,664285.0,13,Globe Life Park in Arlington,night,R
565169,2019-07-12,2019,PIT,CHC,134,112,3,4,7,1,9,0,502042.0,Chris Archer,506433.0,Yu Darvish,600968.0,605195.0,17,Wrigley Field,day,R
567103,2019-07-12,2019,WSH,PHI,120,143,4,0,4,0,9,0,544931.0,Stephen Strasburg,601713.0,Nick Pivetta,544931.0,601713.0,2681,Citizens Bank Park,night,R
564973,2019-07-12,2019,TB,BAL,139,110,16,4,20,0,9,0,630023.0,Yonny Chirinos,605164.0,Dylan Bundy,630023.0,605164.0,2,Oriole Park at Camden Yards,night,R
567503,2019-07-12,2019,TOR,NYY,141,147,0,4,4,1,9,0,592717.0,Aaron Sanchez,593334.0,Domingo Germán,593334.0,592717.0,3313,Yankee Stadium,night,R
565069,2019-07-12,2019,LAD,BOS,119,111,1,8,9,1,9,0,628317.0,Kenta Maeda,593958.0,Eduardo Rodriguez,593958.0,628317.0,3,Fenway Park,night,R
565359,2019-07-12,2019,MIN,CLE,142,114,5,3,8,0,9,0,502043.0,Kyle Gibson,605182.0,Mike Clevinger,641793.0,424144.0,5,Progressive Field,night,R
567403,2019-07-12,2019,NYM,MIA,121,146,4,8,12,1,9,0,450306.0,Jason Vargas,592761.0,Caleb Smith,592761.0,450306.0,4169,Marlins Park,night,R
566811,2019-07-13,2019,HOU,TEX,117,140,8,9,17,1,9,0,543037.0,Gerrit Cole,445926.0,Jesse Chavez,518875.0,532077.0,13,Globe Life Park in Arlington,night,R
567597,2019-07-13,2019,SF,MIL,137,158,10,7,17,0,10,1,641312.0,Shaun Anderson,502624.0,Chase Anderson,519293.0,458006.0,32,Miller Park,night,R
565746,2019-07-13,2019,DET,KC,116,118,5,8,13,1,9,0,605513.0,Spencer Turnbull,518633.0,Danny Duffy,623470.0,543278.0,7,Kauffman Stadium,night,R
566610,2019-07-13,2019,ARI,STL,109,138,4,2,6,0,9,0,592662.0,Robbie Ray,594965.0,Daniel Ponce de Leon,592662.0,453192.0,2889,Busch Stadium,night,R
565458,2019-07-13,2019,CIN,COL,113,115,2,3,5,1,9,0,543243.0,Sonny Gray,592351.0,Jon Gray,545064.0,456696.0,19,Coors Field,night,R
564777,2019-07-13,2019,SEA,LAA,136,108,0,13,13,1,9,0,502190.0,Mike Leake,518566.0,Taylor Cole,570240.0,502190.0,1,Angel Stadium,night,R
566130,2019-07-13,2019,CWS,OAK,145,133,1,5,6,1,9,0,467100.0,Iván Nova,571666.0,Mike Fiers,571666.0,467100.0,10,Oakland Coliseum,night,R
566322,2019-07-13,2019,ATL,SD,144,135,5,3,8,0,9,0,572971.0,Dallas Keuchel,659275.0,Dinelson Lamet,572971.0,659275.0,2680,Petco Park,night,R
564945,2019-07-13,2019,TB,BAL,139,110,1,2,3,1,9,0,656713.0,Brendan McKay,605156.0,Aaron Brooks,542947.0,621363.0,2,Oriole Park at Camden Yards,day,R
564974,2019-07-13,2019,TB,BAL,139,110,12,4,16,0,9,0,450203.0,Charlie Morton,607644.0,John Means,450203.0,607644.0,2,Oriole Park at Camden Yards,night,R
567504,2019-07-13,2019,TOR,NYY,141,147,2,1,3,0,9,0,453385.0,Clayton Richard,457918.0,J.A. Happ,607352.0,457918.0,3313,Yankee Stadium,day,R
565170,2019-07-13,2019,PIT,CHC,134,112,4,10,14,1,9,0,543475.0,Jordan Lyles,452657.0,Jon Lester,452657.0,543475.0,17,Wrigley Field,day,R
566131,2019-07-13,2019,CWS,OAK,145,133,2,13,15,1,9,0,592229.0,Dylan Covey,605135.0,Chris Bassitt,605135.0,592229.0,10,Oakland Coliseum,day,R
567404,2019-07-13,2019,NYM,MIA,121,146,4,2,6,0,9,0,592789.0,Noah Syndergaard,668678.0,Zac Gallen,592789.0,623433.0,4169,Marlins Park,night,R
565360,2019-07-13,2019,MIN,CLE,142,114,6,2,8,0,9,0,543606.0,Jake Odorizzi,545333.0,Trevor Bauer,543606.0,545333.0,5,Progressive Field,night,R
565747,2019-07-13,2019,DET,KC,116,118,1,4,5,1,9,0,571510.0,Matthew Boyd,641745.0,Brad Keller,641745.0,571510.0,7,Kauffman Stadium,night,R
565070,2019-07-13,2019,LAD,BOS,119,111,11,2,13,0,9,0,548389.0,Ross Stripling,519242.0,Chris Sale,548389.0,519242.0,3,Fenway Park,night,R
566611,2019-07-13,2019,ARI,STL,109,138,2,4,6,1,9,0,518876.0,Merrill Kelly,641712.0,Dakota Hudson,641712.0,518876.0,2889,Busch Stadium,night,R
567104,2019-07-13,2019,WSH,PHI,120,143,4,3,7,0,9,0,571578.0,Patrick Corbin,605400.0,Aaron Nola,593833.0,593576.0,2681,Citizens Bank Park,night,R
567598,2019-07-13,2019,SF,MIL,137,158,4,5,9,1,9,0,518516.0,Madison Bumgarner,605200.0,Zach Davies,502026.0,606625.0,32,Miller Park,night,R
566812,2019-07-14,2019,HOU,TEX,117,140,7,6,13,0,11,1,489119.0,Wade Miley,501985.0,Mike Minor,657624.0,656685.0,13,Globe Life Park in Arlington,night,R
565459,2019-07-14,2019,CIN,COL,113,115,17,9,26,0,9,0,543699.0,Tanner Roark,607536.0,Kyle Freeland,453172.0,518452.0,19,Coors Field,night,R
566323,2019-07-14,2019,ATL,SD,144,135,7,5,12,0,10,1,527054.0,Julio Teheran,664192.0,Joey Lucchesi,656794.0,606131.0,2680,Petco Park,night,R
564778,2019-07-14,2019,SEA,LAA,136,108,2,9,11,1,9,0,453281.0,Wade LeBlanc,518774.0,Matt Harvey,518774.0,453281.0,1,Angel Stadium,night,R
564975,2019-07-14,2019,TB,BAL,139,110,4,1,5,0,9,0,592773.0,Ryne Stanek,664045.0,Thomas Eshelman,642232.0,664045.0,2,Oriole Park at Camden Yards,day,R
567105,2019-07-14,2019,WSH,PHI,120,143,3,4,7,1,9,0,434671.0,Aníbal Sánchez,453562.0,Jake Arrieta,593576.0,594840.0,2681,Citizens Bank Park,day,R
567505,2019-07-14,2019,TOR,NYY,141,147,2,4,6,1,9,0,573186.0,Marcus Stroman,547888.0,Masahiro Tanaka,547888.0,573186.0,3313,Yankee Stadium,day,R
565361,2019-07-14,2019,MIN,CLE,142,114,3,4,7,1,9,0,621244.0,José Berríos,669456.0,Shane Bieber,643256.0,543507.0,5,Progressive Field,day,R
567405,2019-07-14,2019,NYM,MIA,121,146,6,2,8,0,9,0,594798.0,Jacob deGrom,645261.0,Sandy Alcantara,594798.0,645261.0,4169,Marlins Park,day,R
567599,2019-07-14,2019,SF,MIL,137,158,8,3,11,0,9,0,595881.0,Tyler Beede,468504.0,Jhoulys Chacín,595881.0,669203.0,32,Miller Park,day,R
565748,2019-07-14,2019,DET,KC,116,118,12,8,20,0,9,0,519455.0,Jordan Zimmermann,456701.0,Homer Bailey,598286.0,543169.0,7,Kauffman Stadium,day,R
566612,2019-07-14,2019,ARI,STL,109,138,2,5,7,1,9,0,425844.0,Zack Greinke,425794.0,Adam Wainwright,425794.0,425844.0,2889,Busch Stadium,day,R
565171,2019-07-14,2019,PIT,CHC,134,112,3,8,11,1,9,0,592866.0,Trevor Williams,500779.0,Jose Quintana,500779.0,592866.0,17,Wrigley Field,day,R
566813,2019-07-14,2019,HOU,TEX,117,140,12,4,16,0,9,0,434378.0,Justin Verlander,642558.0,Ariel Jurado,434378.0,642558.0,13,Globe Life Park in Arlington,day,R
565460,2019-07-14,2019,CIN,COL,113,115,9,10,19,1,9,0,641816.0,Tyler Mahle,622608.0,Antonio Senzatela,622608.0,641816.0,19,Coors Field,day,R
564779,2019-07-14,2019,SEA,LAA,136,108,3,6,9,1,9,0,579328.0,Yusei Kikuchi,660761.0,José Suarez,621142.0,542914.0,1,Angel Stadium,day,R
566132,2019-07-14,2019,CWS,OAK,145,133,2,3,5,1,9,0,625643.0,Reynaldo López,474463.0,Brett Anderson,521230.0,605240.0,10,Oakland Coliseum,day,R
566324,2019-07-14,2019,ATL,SD,144,135,4,1,5,0,9,0,647336.0,Michael Soroka,615698.0,Cal Quantrill,647336.0,622259.0,2680,Petco Park,day,R
565071,2019-07-14,2019,LAD,BOS,119,111,7,4,11,0,12,1,547943.0,Hyun Jin Ryu,456034.0,David Price,571670.0,584171.0,3,Fenway Park,night,R
565430,2019-07-15,2019,SF,COL,137,115,19,2,21,0,9,0,502188.0,Jeff Samardzija,608566.0,Germán Márquez,502188.0,608566.0,19,Coors Field,day,R
565461,2019-07-16,2019,SF,COL,137,115,2,1,3,0,9,0,605446.0,Dereck Rodríguez,592346.0,Chi Chi González,605446.0,592346.0,19,Coors Field,night,R
567106,2019-07-15,2019,LAD,PHI,119,143,16,2,18,0,9,0,477132.0,Clayton Kershaw,621107.0,Zach Eflin,477132.0,621107.0,2681,Citizens Bank Park,night,R
567506,2019-07-15,2019,TB,NYY,139,147,5,4,9,0,9,0,605483.0,Blake Snell,572020.0,James Paxton,552640.0,547973.0,3313,Yankee Stadium,night,R
565362,2019-07-15,2019,DET,CLE,116,114,6,8,14,1,9,0,596057.0,Daniel Norris,592644.0,Adam Plutko,621295.0,622505.0,5,Progressive Field,night,R
565072,2019-07-15,2019,TOR,BOS,141,111,8,10,18,1,9,0,663423.0,Trent Thornton,519144.0,Rick Porcello,519144.0,663423.0,3,Fenway Park,night,R
565172,2019-07-16,2019,CIN,CHC,113,112,6,3,9,0,9,0,622491.0,Luis Castillo,543294.0,Kyle Hendricks,622491.0,518553.0,17,Wrigley Field,night,R
567600,2019-07-16,2019,ATL,MIL,144,158,4,2,6,0,9,0,608331.0,Max Fried,605288.0,Adrian Houser,608331.0,605288.0,32,Miller Park,night,R
566613,2019-07-16,2019,PIT,STL,134,138,0,7,7,1,9,0,605397.0,Joe Musgrove,571945.0,Miles Mikolas,571945.0,605397.0,2889,Busch Stadium,night,R
565749,2019-07-16,2019,CWS,KC,145,118,2,5,7,1,9,0,608337.0,Lucas Giolito,596001.0,Jakob Junis,596001.0,608337.0,7,Kauffman Stadium,night,R
564780,2019-07-16,2019,HOU,LAA,117,108,6,9,15,1,9,0,657624.0,Josh James,656288.0,Griffin Canning,605121.0,664285.0,1,Angel Stadium,night,R
564976,2019-07-16,2019,WSH,BAL,120,110,8,1,9,0,9,0,608723.0,Austin Voth,592879.0,Asher Wojciechowski,608723.0,592879.0,2,Oriole Park at Camden Yards,night,R
567107,2019-07-16,2019,LAD,PHI,119,143,8,9,17,1,9,0,621111.0,Walker Buehler,592826.0,Vince Velasquez,624133.0,445276.0,2681,Citizens Bank Park,night,R
567507,2019-07-16,2019,TB,NYY,139,147,3,8,11,1,9,0,592773.0,Ryne Stanek,282332.0,CC Sabathia,571735.0,621363.0,3313,Yankee Stadium,night,R
565363,2019-07-16,2019,DET,CLE,116,114,0,8,8,1,9,0,543001.0,Ryan Carpenter,668676.0,Zach Plesac,580792.0,543001.0,5,Progressive Field,night,R
565073,2019-07-16,2019,TOR,BOS,141,111,10,4,14,0,9,0,621097.0,Jacob Waguespack,488768.0,Andrew Cashner,596101.0,488768.0,3,Fenway Park,night,R
567406,2019-07-16,2019,SD,MIA,135,146,7,12,19,1,9,0,663531.0,Logan Allen,657141.0,Jordan Yamamoto,657141.0,663531.0,4169,Marlins Park,night,R
565173,2019-07-17,2019,CIN,CHC,113,112,3,4,7,1,10,1,543101.0,Anthony DeSclafani,621219.0,Alec Mills,518553.0,628452.0,17,Wrigley Field,night,R
566814,2019-07-17,2019,ARI,TEX,109,140,9,2,11,0,9,0,622065.0,Alex Young,458681.0,Lance Lynn,622065.0,458681.0,13,Globe Life Park in Arlington,night,R
567005,2019-07-17,2019,NYM,MIN,121,142,3,2,5,0,9,0,571927.0,Steven Matz,501381.0,Michael Pineda,501593.0,501381.0,3312,Target Field,night,R
567601,2019-07-17,2019,ATL,MIL,144,158,1,13,14,1,9,0,669060.0,Bryse Wilson,605540.0,Brandon Woodruff,605540.0,669060.0,32,Miller Park,night,R
566614,2019-07-17,2019,PIT,STL,134,138,3,1,4,0,9,0,642607.0,Dario Agrazal,656427.0,Jack Flaherty,434538.0,593372.0,2889,Busch Stadium,night,R
565750,2019-07-17,2019,CWS,KC,145,118,0,11,11,1,9,0,656302.0,Dylan Cease,642098.0,Glenn Sparkman,642098.0,656302.0,7,Kauffman Stadium,night,R
565462,2019-07-17,2019,SF,COL,137,115,8,4,12,0,10,1,519141.0,Drew Pomeranz,663567.0,Peter Lambert,519293.0,451584.0,19,Coors Field,night,R
564781,2019-07-17,2019,HOU,LAA,117,108,2,7,9,1,9,0,444468.0,Héctor Rondón,571760.0,Andrew Heaney,598287.0,444468.0,1,Angel Stadium,night,R
566133,2019-07-17,2019,SEA,OAK,136,133,2,9,11,1,9,0,594835.0,Marco Gonzales,596043.0,Daniel Mengden,596043.0,594835.0,10,Oakland Coliseum,night,R
567006,2019-07-17,2019,NYM,MIN,121,142,14,4,18,0,9,0,450306.0,Jason Vargas,527048.0,Martín Pérez,450306.0,543507.0,3312,Target Field,day,R
566615,2019-07-17,2019,PIT,STL,134,138,5,6,11,1,9,0,502042.0,Chris Archer,594965.0,Daniel Ponce de Leon,605154.0,434538.0,2889,Busch Stadium,day,R
567602,2019-07-17,2019,ATL,MIL,144,158,4,5,9,1,9,0,572971.0,Dallas Keuchel,502624.0,Chase Anderson,502624.0,572971.0,32,Miller Park,day,R
565174,2019-07-17,2019,CIN,CHC,113,112,2,5,7,1,9,0,543243.0,Sonny Gray,506433.0,Yu Darvish,506433.0,543243.0,17,Wrigley Field,day,R
565463,2019-07-17,2019,SF,COL,137,115,11,8,19,0,9,0,641312.0,Shaun Anderson,592351.0,Jon Gray,502706.0,592351.0,19,Coors Field,day,R
566134,2019-07-17,2019,SEA,OAK,136,133,2,10,12,1,9,0,657024.0,Erik Swanson,456701.0,Homer Bailey,456701.0,543548.0,10,Oakland Coliseum,day,R
564977,2019-07-17,2019,WSH,BAL,120,110,2,9,11,1,9,0,607200.0,Erick Fedde,605156.0,Aaron Brooks,593679.0,593833.0,2,Oriole Park at Camden Yards,night,R
567108,2019-07-17,2019,LAD,PHI,119,143,7,2,9,0,9,0,628317.0,Kenta Maeda,601713.0,Nick Pivetta,520980.0,504379.0,2681,Citizens Bank Park,night,R
565364,2019-07-17,2019,DET,CLE,116,114,2,7,9,1,9,0,605513.0,Spencer Turnbull,605182.0,Mike Clevinger,605182.0,605513.0,5,Progressive Field,night,R
565074,2019-07-17,2019,TOR,BOS,141,111,4,5,9,1,9,0,592717.0,Aaron Sanchez,593958.0,Eduardo Rodriguez,593958.0,592717.0,3,Fenway Park,night,R
567407,2019-07-17,2019,SD,MIA,135,146,3,2,5,0,9,0,663978.0,Chris Paddack,670950.0,Trevor Richards,663978.0,670950.0,4169,Marlins Park,night,R
566815,2019-07-18,2019,ARI,TEX,109,140,19,4,23,0,9,0,592662.0,Robbie Ray,445926.0,Jesse Chavez,592662.0,445926.0,13,Globe Life Park in Arlington,night,R
565751,2019-07-18,2019,CWS,KC,145,118,5,7,12,1,9,0,467100.0,Iván Nova,518633.0,Danny Duffy,518633.0,467100.0,7,Kauffman Stadium,night,R
564782,2019-07-18,2019,HOU,LAA,117,108,11,2,13,0,9,0,543037.0,Gerrit Cole,570240.0,Félix Peña,543037.0,570240.0,1,Angel Stadium,night,R
567508,2019-07-17,2019,TB,NYY,139,147,0,0,0,0,9,0,630023.0,Yonny Chirinos,593334.0,Domingo Germán,,,3313,Yankee Stadium,night,R
567408,2019-07-18,2019,SD,MIA,135,146,3,4,7,1,9,0,659275.0,Dinelson Lamet,592761.0,Caleb Smith,489265.0,622259.0,4169,Marlins Park,day,R
567109,2019-07-18,2019,LAD,PHI,119,143,6,7,13,1,9,0,548389.0,Ross Stripling,605400.0,Aaron Nola,624133.0,571670.0,2681,Citizens Bank Park,day,R
565075,2019-07-18,2019,TOR,BOS,141,111,0,5,5,1,9,0,623381.0,Thomas Pannone,519242.0,Chris Sale,519242.0,623381.0,3,Fenway Park,day,R
565752,2019-07-18,2019,CWS,KC,145,118,5,6,11,1,9,0,446321.0,Ross Detwiler,641745.0,Brad Keller,641745.0,446321.0,7,Kauffman Stadium,day,R
567509,2019-07-18,2019,TB,NYY,139,147,2,6,8,1,9,0,630023.0,Yonny Chirinos,593334.0,Domingo Germán,593334.0,630023.0,3313,Yankee Stadium,day,R
567508,2019-07-18,2019,TB,NYY,139,147,1,5,6,1,9,0,450203.0,Charlie Morton,643338.0,Chad Green,570666.0,450203.0,3313,Yankee Stadium,day,R
565365,2019-07-18,2019,DET,CLE,116,114,3,6,9,1,9,0,571510.0,Matthew Boyd,545333.0,Trevor Bauer,545333.0,571510.0,5,Progressive Field,night,R
565265,2019-07-18,2019,STL,CIN,138,113,7,4,11,0,9,0,641712.0,Dakota Hudson,543699.0,Tanner Roark,641712.0,596112.0,2602,Great American Ball Park,night,R
567214,2019-07-18,2019,WSH,ATL,120,144,13,4,17,0,9,0,544931.0,Stephen Strasburg,657140.0,Kyle Wright,544931.0,657140.0,4705,SunTrust Park,night,R
567007,2019-07-19,2019,OAK,MIN,133,142,3,6,9,1,9,0,571666.0,Mike Fiers,502043.0,Kyle Gibson,502043.0,433589.0,3312,Target Field,night,R
564783,2019-07-19,2019,HOU,LAA,117,108,6,2,8,0,9,0,489119.0,Wade Miley,518774.0,Matt Harvey,489119.0,518774.0,1,Angel Stadium,night,R
564875,2019-07-19,2019,MIL,ARI,158,109,5,1,6,0,9,0,605200.0,Zach Davies,518876.0,Merrill Kelly,605200.0,661255.0,15,Chase Field,night,R
566517,2019-07-19,2019,NYM,SF,121,137,2,3,5,1,16,1,592789.0,Noah Syndergaard,518516.0,Madison Bumgarner,605301.0,607391.0,2395,Oracle Park,night,R
565175,2019-07-19,2019,SD,CHC,135,112,5,6,11,1,9,0,641778.0,Eric Lauer,452657.0,Jon Lester,467008.0,489334.0,17,Wrigley Field,day,R
564978,2019-07-19,2019,BOS,BAL,111,110,2,11,13,1,9,0,456034.0,David Price,607644.0,John Means,607644.0,456034.0,2,Oriole Park at Camden Yards,night,R
566223,2019-07-19,2019,PHI,PIT,143,134,6,1,7,0,9,0,453562.0,Jake Arrieta,543475.0,Jordan Lyles,504379.0,593144.0,31,PNC Park,night,R
567510,2019-07-19,2019,COL,NYY,115,147,2,8,10,1,9,0,607536.0,Kyle Freeland,457918.0,J.A. Happ,457918.0,607536.0,3313,Yankee Stadium,night,R
565366,2019-07-19,2019,KC,CLE,118,114,5,10,15,1,9,0,543557.0,Mike Montgomery,669456.0,Shane Bieber,669456.0,543557.0,5,Progressive Field,night,R
565266,2019-07-19,2019,STL,CIN,138,113,12,11,23,0,9,0,425794.0,Adam Wainwright,641816.0,Tyler Mahle,608379.0,453172.0,2602,Great American Ball Park,night,R
565556,2019-07-19,2019,TOR,DET,141,116,12,1,13,0,9,0,573186.0,Marcus Stroman,519455.0,Jordan Zimmermann,573186.0,519455.0,2394,Comerica Park,night,R
566712,2019-07-19,2019,CWS,TB,145,139,9,2,11,0,9,0,625643.0,Reynaldo López,656713.0,Brendan McKay,625643.0,656713.0,12,Tropicana Field,night,R
567215,2019-07-19,2019,WSH,ATL,120,144,3,4,7,1,9,0,571578.0,Patrick Corbin,527054.0,Julio Teheran,592426.0,407845.0,4705,SunTrust Park,night,R
565653,2019-07-20,2019,TEX,HOU,140,117,3,4,7,1,9,0,501985.0,Mike Minor,434378.0,Justin Verlander,434378.0,501985.0,2392,Minute Maid Park,night,R
567008,2019-07-20,2019,OAK,MIN,133,142,5,3,8,0,9,0,605135.0,Chris Bassitt,543606.0,Jake Odorizzi,605135.0,607560.0,3312,Target Field,night,R
564876,2019-07-20,2019,MIL,ARI,158,109,7,10,17,1,9,0,468504.0,Jhoulys Chacín,664199.0,Taylor Clarke,605151.0,468504.0,15,Chase Field,night,R
566420,2019-07-20,2019,LAA,SEA,108,136,0,10,10,1,9,0,518566.0,Taylor Cole,502190.0,Mike Leake,502190.0,642545.0,680,T-Mobile Park,night,R
565848,2019-07-20,2019,MIA,LAD,146,119,1,2,3,1,9,0,668678.0,Zac Gallen,547943.0,Hyun Jin Ryu,547943.0,668678.0,22,Dodger Stadium,night,R
566518,2019-07-20,2019,NYM,SF,121,137,0,1,1,1,10,1,594798.0,Jacob deGrom,595881.0,Tyler Beede,473879.0,642008.0,2395,Oracle Park,night,R
567511,2019-07-20,2019,COL,NYY,115,147,5,11,16,1,9,0,622608.0,Antonio Senzatela,547888.0,Masahiro Tanaka,547888.0,622608.0,3313,Yankee Stadium,day,R
565176,2019-07-20,2019,SD,CHC,135,112,5,6,11,1,9,0,664192.0,Joey Lucchesi,500779.0,Jose Quintana,500779.0,664192.0,17,Wrigley Field,day,R
566519,2019-07-20,2019,NYM,SF,121,137,11,4,15,0,9,0,621141.0,Walker Lockett,502188.0,Jeff Samardzija,621141.0,502188.0,2395,Oracle Park,day,R
565557,2019-07-20,2019,TOR,DET,141,116,7,5,12,0,9,0,663423.0,Trent Thornton,596057.0,Daniel Norris,521655.0,642397.0,2394,Comerica Park,night,R
566713,2019-07-20,2019,CWS,TB,145,139,2,1,3,0,11,1,608337.0,Lucas Giolito,642232.0,Ryan Yarbrough,605240.0,592473.0,12,Tropicana Field,night,R
564979,2019-07-20,2019,BOS,BAL,111,110,17,6,23,0,9,0,519144.0,Rick Porcello,664045.0,Thomas Eshelman,519144.0,664045.0,2,Oriole Park at Camden Yards,night,R
566224,2019-07-20,2019,PHI,PIT,143,134,1,5,6,1,9,0,621107.0,Zach Eflin,605397.0,Joe Musgrove,605397.0,621107.0,31,PNC Park,night,R
565367,2019-07-20,2019,KC,CLE,118,114,1,0,1,0,9,0,596001.0,Jakob Junis,592644.0,Adam Plutko,596001.0,592644.0,5,Progressive Field,night,R
565267,2019-07-20,2019,STL,CIN,138,113,2,3,5,1,9,0,571945.0,Miles Mikolas,622491.0,Luis Castillo,607237.0,571945.0,2602,Great American Ball Park,night,R
565654,2019-07-20,2019,TEX,HOU,140,117,1,6,7,1,9,0,642558.0,Ariel Jurado,664353.0,José Urquidy,664353.0,642558.0,2392,Minute Maid Park,night,R
567009,2019-07-20,2019,OAK,MIN,133,142,5,4,9,0,9,0,474463.0,Brett Anderson,621244.0,José Berríos,595014.0,573124.0,3312,Target Field,night,R
567216,2019-07-20,2019,WSH,ATL,120,144,5,3,8,0,9,0,434671.0,Aníbal Sánchez,647336.0,Michael Soroka,434671.0,647336.0,4705,SunTrust Park,night,R
564877,2019-07-21,2019,MIL,ARI,158,109,8,3,11,0,9,0,461829.0,Gio Gonzalez,425844.0,Zack Greinke,605288.0,605177.0,15,Chase Field,night,R
566421,2019-07-21,2019,LAA,SEA,108,136,6,2,8,0,9,0,656288.0,Griffin Canning,605538.0,Matt Wisler,621142.0,606273.0,680,T-Mobile Park,night,R
565849,2019-07-21,2019,MIA,LAD,146,119,6,10,16,1,9,0,645261.0,Sandy Alcantara,477132.0,Clayton Kershaw,520980.0,622694.0,22,Dodger Stadium,night,R
564980,2019-07-21,2019,BOS,BAL,111,110,0,5,5,1,9,0,488768.0,Andrew Cashner,592879.0,Asher Wojciechowski,592879.0,488768.0,2,Oriole Park at Camden Yards,day,R
567512,2019-07-21,2019,COL,NYY,115,147,8,4,12,0,9,0,608566.0,Germán Márquez,572020.0,James Paxton,608566.0,572020.0,3313,Yankee Stadium,day,R
565368,2019-07-21,2019,KC,CLE,118,114,4,5,9,1,9,0,642098.0,Glenn Sparkman,668676.0,Zach Plesac,668676.0,642098.0,5,Progressive Field,day,R
565268,2019-07-21,2019,STL,CIN,138,113,3,1,4,0,9,0,656427.0,Jack Flaherty,543101.0,Anthony DeSclafani,606149.0,543101.0,2602,Great American Ball Park,day,R
565558,2019-07-21,2019,TOR,DET,141,116,3,4,7,1,10,1,621097.0,Jacob Waguespack,641302.0,Tyler Alexander,598286.0,641835.0,2394,Comerica Park,day,R
566714,2019-07-21,2019,CWS,TB,145,139,2,4,6,1,9,0,656302.0,Dylan Cease,605483.0,Blake Snell,605483.0,656302.0,12,Tropicana Field,day,R
566225,2019-07-21,2019,PHI,PIT,143,134,2,1,3,0,11,1,592767.0,Drew Smyly,642607.0,Dario Agrazal,624133.0,608717.0,31,PNC Park,day,R
565655,2019-07-21,2019,TEX,HOU,140,117,3,5,8,1,9,0,458681.0,Lance Lynn,660494.0,Rogelio Armenteros,660494.0,458681.0,2392,Minute Maid Park,day,R
567010,2019-07-21,2019,OAK,MIN,133,142,6,7,13,1,9,0,596043.0,Daniel Mengden,501381.0,Michael Pineda,640464.0,521230.0,3312,Target Field,day,R
565177,2019-07-21,2019,SD,CHC,135,112,5,1,6,0,9,0,670970.0,Adrian Morejon,543294.0,Kyle Hendricks,615698.0,543294.0,17,Wrigley Field,day,R
566520,2019-07-21,2019,NYM,SF,121,137,2,3,5,1,12,1,571927.0,Steven Matz,669214.0,Conner Menez,641627.0,607229.0,2395,Oracle Park,day,R
566422,2019-07-21,2019,LAA,SEA,108,136,9,3,12,0,9,0,596071.0,Dillon Peters,579328.0,Yusei Kikuchi,596071.0,579328.0,680,T-Mobile Park,day,R
565850,2019-07-21,2019,MIA,LAD,146,119,0,9,9,1,9,0,657141.0,Jordan Yamamoto,621111.0,Walker Buehler,621111.0,657141.0,22,Dodger Stadium,day,R
564878,2019-07-21,2019,MIL,ARI,158,109,7,4,11,0,9,0,605540.0,Brandon Woodruff,622065.0,Alex Young,642547.0,661255.0,15,Chase Field,day,R
567217,2019-07-21,2019,WSH,ATL,120,144,1,7,8,1,9,0,605452.0,Joe Ross,592332.0,Kevin Gausman,592332.0,605452.0,4705,SunTrust Park,night,R
566226,2019-07-22,2019,STL,PIT,138,134,6,5,11,0,10,1,594965.0,Daniel Ponce de Leon,592866.0,Trevor Williams,592741.0,605280.0,31,PNC Park,night,R
566912,2019-07-22,2019,CLE,TOR,114,141,7,3,10,0,9,0,605182.0,Mike Clevinger,621366.0,Ryan Borucki,605182.0,621366.0,14,Rogers Centre,night,R
566715,2019-07-22,2019,BOS,TB,111,139,9,4,13,0,9,0,593958.0,Eduardo Rodriguez,656222.0,Jalen Beeks,593958.0,656222.0,12,Tropicana Field,night,R
565656,2019-07-23,2019,OAK,HOU,133,117,1,11,12,1,9,0,456701.0,Homer Bailey,543037.0,Gerrit Cole,543037.0,456701.0,2392,Minute Maid Park,night,R
567309,2019-07-23,2019,MIA,CWS,146,145,1,9,10,1,9,0,670950.0,Trevor Richards,467100.0,Iván Nova,467100.0,670950.0,4,Guaranteed Rate Field,night,R
567011,2019-07-23,2019,NYY,MIN,147,142,6,8,14,1,9,0,282332.0,CC Sabathia,527048.0,Martín Pérez,626929.0,282332.0,3312,Target Field,night,R
567603,2019-07-23,2019,CIN,MIL,113,158,6,5,11,0,9,0,543243.0,Sonny Gray,502624.0,Chase Anderson,593974.0,502026.0,32,Miller Park,night,R
564879,2019-07-23,2019,BAL,ARI,110,109,3,6,9,1,9,0,605156.0,Aaron Brooks,592662.0,Robbie Ray,592662.0,605156.0,15,Chase Field,night,R
566521,2019-07-23,2019,CHC,SF,112,137,4,5,9,1,9,0,621219.0,Alec Mills,641312.0,Shaun Anderson,641627.0,467008.0,2395,Oracle Park,night,R
566423,2019-07-23,2019,TEX,SEA,140,136,3,7,10,1,9,0,592716.0,Adrian Sampson,594835.0,Marco Gonzales,594835.0,592716.0,680,T-Mobile Park,night,R
565942,2019-07-22,2019,COL,WSH,115,120,0,0,0,0,9,0,663567.0,Peter Lambert,607200.0,Erick Fedde,,,3309,Nationals Park,night,R
565943,2019-07-23,2019,COL,WSH,115,120,1,11,12,1,9,0,663567.0,Peter Lambert,544931.0,Stephen Strasburg,544931.0,663567.0,3309,Nationals Park,night,R
566227,2019-07-23,2019,STL,PIT,138,134,4,3,7,0,9,0,641712.0,Dakota Hudson,502042.0,Chris Archer,641712.0,502042.0,31,PNC Park,night,R
566913,2019-07-23,2019,CLE,TOR,114,141,1,2,3,1,10,1,545333.0,Trevor Bauer,592717.0,Aaron Sanchez,571704.0,621397.0,14,Rogers Centre,night,R
566033,2019-07-23,2019,SD,NYM,135,121,2,5,7,1,9,0,663978.0,Chris Paddack,450306.0,Jason Vargas,450306.0,663978.0,3289,Citi Field,night,R
566716,2019-07-23,2019,BOS,TB,111,139,5,4,9,0,9,0,519242.0,Chris Sale,630023.0,Yonny Chirinos,519242.0,621363.0,12,Tropicana Field,night,R
565559,2019-07-23,2019,PHI,DET,143,116,3,2,5,0,15,1,605400.0,Aaron Nola,571510.0,Matthew Boyd,501625.0,621385.0,2394,Comerica Park,night,R
567218,2019-07-23,2019,KC,ATL,118,144,5,4,9,0,9,0,518633.0,Danny Duffy,572971.0,Dallas Keuchel,657612.0,461872.0,4705,SunTrust Park,night,R
565657,2019-07-24,2019,OAK,HOU,133,117,4,3,7,0,11,1,571666.0,Mike Fiers,489119.0,Wade Miley,433589.0,543521.0,2392,Minute Maid Park,night,R
567310,2019-07-24,2019,MIA,CWS,146,145,5,1,6,0,9,0,592761.0,Caleb Smith,592229.0,Dylan Covey,592761.0,592229.0,4,Guaranteed Rate Field,night,R
567012,2019-07-24,2019,NYY,MIN,147,142,14,12,26,0,10,1,593334.0,Domingo Germán,502043.0,Kyle Gibson,547973.0,640464.0,3312,Target Field,night,R
567604,2019-07-24,2019,CIN,MIL,113,158,14,6,20,0,9,0,543699.0,Tanner Roark,605200.0,Zach Davies,543699.0,605200.0,32,Miller Park,night,R
564880,2019-07-24,2019,BAL,ARI,110,109,7,2,9,0,9,0,605164.0,Dylan Bundy,518876.0,Merrill Kelly,605164.0,518876.0,15,Chase Field,night,R
566522,2019-07-24,2019,CHC,SF,112,137,4,5,9,1,13,1,506433.0,Yu Darvish,518516.0,Madison Bumgarner,656322.0,542960.0,2395,Oracle Park,night,R
565851,2019-07-24,2019,LAA,LAD,108,119,5,4,9,0,9,0,518566.0,Taylor Cole,628317.0,Kenta Maeda,570240.0,628317.0,22,Dodger Stadium,night,R
566424,2019-07-24,2019,TEX,SEA,140,136,7,2,9,0,9,0,656685.0,Brett Martin,543548.0,Tommy Milone,622797.0,543548.0,680,T-Mobile Park,night,R
566717,2019-07-24,2019,BOS,TB,111,139,2,3,5,1,9,0,456034.0,David Price,450203.0,Charlie Morton,450203.0,456034.0,12,Tropicana Field,day,R
565942,2019-07-24,2019,COL,WSH,115,120,2,3,5,1,9,0,592351.0,Jon Gray,607200.0,Erick Fedde,593833.0,608032.0,3309,Nationals Park,day,R
565944,2019-07-24,2019,COL,WSH,115,120,0,2,2,1,9,0,607536.0,Kyle Freeland,571578.0,Patrick Corbin,571578.0,607536.0,3309,Nationals Park,night,R
565560,2019-07-24,2019,PHI,DET,143,116,4,0,4,0,9,0,592826.0,Vince Velasquez,519455.0,Jordan Zimmermann,592826.0,519455.0,2394,Comerica Park,day,R
565658,2019-07-24,2019,OAK,HOU,133,117,2,4,6,1,9,0,605135.0,Chris Bassitt,434378.0,Justin Verlander,434378.0,605135.0,2392,Minute Maid Park,day,R
567605,2019-07-24,2019,CIN,MIL,113,158,4,5,9,1,9,0,608371.0,Lucas Sims,468504.0,Jhoulys Chacín,458006.0,608371.0,32,Miller Park,day,R
564881,2019-07-24,2019,BAL,ARI,110,109,2,5,7,1,9,0,607644.0,John Means,664199.0,Taylor Clarke,664199.0,607644.0,15,Chase Field,day,R
566425,2019-07-24,2019,TEX,SEA,140,136,3,5,8,1,9,0,501985.0,Mike Minor,502190.0,Mike Leake,502190.0,501985.0,680,T-Mobile Park,day,R
566523,2019-07-24,2019,CHC,SF,112,137,4,1,5,0,9,0,543022.0,Tyler Chatwood,595881.0,Tyler Beede,594986.0,595881.0,2395,Oracle Park,day,R
566228,2019-07-24,2019,STL,PIT,138,134,14,8,22,0,9,0,425794.0,Adam Wainwright,543475.0,Jordan Lyles,425794.0,543475.0,31,PNC Park,night,R
566914,2019-07-24,2019,CLE,TOR,114,141,4,0,4,0,9,0,669456.0,Shane Bieber,573186.0,Marcus Stroman,669456.0,573186.0,14,Rogers Centre,night,R
566034,2019-07-24,2019,SD,NYM,135,121,7,2,9,0,9,0,659275.0,Dinelson Lamet,592789.0,Noah Syndergaard,621381.0,592789.0,3289,Citi Field,night,R
567219,2019-07-24,2019,KC,ATL,118,144,2,0,2,0,9,0,641745.0,Brad Keller,527054.0,Julio Teheran,641745.0,527054.0,4705,SunTrust Park,night,R
567311,2019-07-25,2019,MIA,CWS,146,145,2,0,2,0,9,0,668678.0,Zac Gallen,625643.0,Reynaldo López,668678.0,625643.0,4,Guaranteed Rate Field,night,R
567013,2019-07-25,2019,NYY,MIN,147,142,10,7,17,0,9,0,457918.0,J.A. Happ,543606.0,Jake Odorizzi,641482.0,543606.0,3312,Target Field,night,R
565852,2019-07-25,2019,LAA,LAD,108,119,3,2,5,0,9,0,642545.0,Jaime Barria,548389.0,Ross Stripling,642545.0,548389.0,22,Dodger Stadium,night,R
566035,2019-07-25,2019,SD,NYM,135,121,0,4,4,1,9,0,641778.0,Eric Lauer,594798.0,Jacob deGrom,594798.0,641778.0,3289,Citi Field,day,R
566229,2019-07-25,2019,STL,PIT,138,134,6,3,9,0,9,0,571945.0,Miles Mikolas,605397.0,Joe Musgrove,571945.0,605397.0,31,PNC Park,day,R
565945,2019-07-25,2019,COL,WSH,115,120,8,7,15,0,9,0,656546.0,Jeff Hoffman,453286.0,Max Scherzer,545064.0,407845.0,3309,Nationals Park,day,R
565076,2019-07-25,2019,NYY,BOS,147,111,3,19,22,1,9,0,547888.0,Masahiro Tanaka,519144.0,Rick Porcello,519144.0,547888.0,3,Fenway Park,night,R
567312,2019-07-26,2019,MIN,CWS,142,145,10,3,13,0,9,0,621244.0,José Berríos,608337.0,Lucas Giolito,621244.0,608337.0,4,Guaranteed Rate Field,night,R
565753,2019-07-26,2019,CLE,KC,114,118,5,4,9,0,14,1,592644.0,Adam Plutko,543557.0,Mike Montgomery,580792.0,543169.0,7,Kauffman Stadium,night,R
564784,2019-07-26,2019,BAL,LAA,110,108,10,8,18,0,16,1,642231.0,Jimmy Yacabonis,660761.0,José Suarez,656945.0,656288.0,1,Angel Stadium,night,R
566135,2019-07-26,2019,TEX,OAK,140,133,11,3,14,0,9,0,642558.0,Ariel Jurado,474463.0,Brett Anderson,642558.0,474463.0,10,Oakland Coliseum,night,R
566426,2019-07-26,2019,DET,SEA,116,136,2,10,12,1,9,0,572403.0,Drew VerHagen,657024.0,Erik Swanson,453281.0,572403.0,680,T-Mobile Park,night,R
565269,2019-07-26,2019,COL,CIN,115,113,12,2,14,0,9,0,608566.0,Germán Márquez,622491.0,Luis Castillo,608566.0,622491.0,2602,Great American Ball Park,night,R
565946,2019-07-26,2019,LAD,WSH,119,120,4,2,6,0,9,0,547943.0,Hyun Jin Ryu,434671.0,Aníbal Sánchez,523260.0,448609.0,3309,Nationals Park,night,R
567110,2019-07-26,2019,ATL,PHI,144,143,9,2,11,0,9,0,647336.0,Michael Soroka,453562.0,Jake Arrieta,656794.0,453562.0,2681,Citizens Bank Park,night,R
566915,2019-07-26,2019,TB,TOR,139,141,3,1,4,0,9,0,650895.0,Diego Castillo,621097.0,Jacob Waguespack,642232.0,621097.0,14,Rogers Centre,night,R
566036,2019-07-26,2019,PIT,NYM,134,121,3,6,9,1,9,0,642607.0,Dario Agrazal,554430.0,Zack Wheeler,554430.0,642607.0,3289,Citi Field,night,R
567409,2019-07-26,2019,ARI,MIA,109,146,2,3,5,1,9,0,425844.0,Zack Greinke,645261.0,Sandy Alcantara,650671.0,518813.0,4169,Marlins Park,night,R
565077,2019-07-26,2019,NYY,BOS,147,111,5,10,15,1,9,0,572020.0,James Paxton,488768.0,Andrew Cashner,488768.0,572020.0,3,Fenway Park,night,R
567313,2019-07-27,2019,MIN,CWS,142,145,6,2,8,0,9,0,501381.0,Michael Pineda,656302.0,Dylan Cease,501381.0,656302.0,4,Guaranteed Rate Field,night,R
567606,2019-07-27,2019,CHC,MIL,112,158,2,3,5,1,9,0,543294.0,Kyle Hendricks,461829.0,Gio Gonzalez,605288.0,445213.0,32,Miller Park,night,R
565754,2019-07-27,2019,CLE,KC,114,118,8,3,11,0,9,0,668676.0,Zach Plesac,596001.0,Jakob Junis,668676.0,596001.0,7,Kauffman Stadium,night,R
566616,2019-07-27,2019,HOU,STL,117,138,3,5,8,1,9,0,664353.0,José Urquidy,656427.0,Jack Flaherty,453192.0,519151.0,2889,Busch Stadium,night,R
564785,2019-07-27,2019,BAL,LAA,110,108,9,3,12,0,9,0,592879.0,Asher Wojciechowski,607374.0,Nick Tropeano,592879.0,607374.0,1,Angel Stadium,night,R
566136,2019-07-27,2019,TEX,OAK,140,133,5,2,7,0,9,0,458681.0,Lance Lynn,596043.0,Daniel Mengden,458681.0,596043.0,10,Oakland Coliseum,night,R
566427,2019-07-27,2019,DET,SEA,116,136,2,3,5,1,9,0,596057.0,Daniel Norris,579328.0,Yusei Kikuchi,606273.0,542585.0,680,T-Mobile Park,night,R
566325,2019-07-27,2019,SF,SD,137,135,2,1,3,0,11,1,502188.0,Jeff Samardzija,664192.0,Joey Lucchesi,453343.0,663531.0,2680,Petco Park,night,R
566916,2019-07-27,2019,TB,TOR,139,141,9,10,19,1,12,1,552640.0,Andrew Kittredge,621366.0,Ryan Borucki,543339.0,641941.0,14,Rogers Centre,day,R
565947,2019-07-27,2019,LAD,WSH,119,120,9,3,12,0,9,0,477132.0,Clayton Kershaw,594840.0,Matt Grace,477132.0,605452.0,3309,Nationals Park,day,R
565078,2019-07-27,2019,NYY,BOS,147,111,5,9,14,1,9,0,282332.0,CC Sabathia,593958.0,Eduardo Rodriguez,593958.0,282332.0,3,Fenway Park,day,R
566428,2019-07-27,2019,DET,SEA,116,136,1,8,9,1,9,0,641302.0,Tyler Alexander,594835.0,Marco Gonzales,594835.0,641302.0,680,T-Mobile Park,day,R
567410,2019-07-27,2019,ARI,MIA,109,146,9,2,11,0,9,0,622065.0,Alex Young,657141.0,Jordan Yamamoto,622065.0,657141.0,4169,Marlins Park,night,R
567111,2019-07-27,2019,ATL,PHI,144,143,15,7,22,0,9,0,608331.0,Max Fried,621107.0,Zach Eflin,608331.0,621107.0,2681,Citizens Bank Park,night,R
565270,2019-07-27,2019,COL,CIN,115,113,1,3,4,1,9,0,592346.0,Chi Chi González,543101.0,Anthony DeSclafani,543101.0,592346.0,2602,Great American Ball Park,night,R
566037,2019-07-27,2019,PIT,NYM,134,121,0,3,3,1,9,0,592866.0,Trevor Williams,571927.0,Steven Matz,571927.0,592866.0,3289,Citi Field,night,R
567314,2019-07-27,2019,MIN,CWS,142,145,1,5,6,1,9,0,527048.0,Martín Pérez,467100.0,Iván Nova,467100.0,527048.0,4,Guaranteed Rate Field,night,R
567607,2019-07-27,2019,CHC,MIL,112,158,3,5,8,1,10,1,452657.0,Jon Lester,502624.0,Chase Anderson,642547.0,518886.0,32,Miller Park,night,R
565755,2019-07-27,2019,CLE,KC,114,118,9,1,10,0,9,0,605182.0,Mike Clevinger,642098.0,Glenn Sparkman,605182.0,642098.0,7,Kauffman Stadium,night,R
566617,2019-07-27,2019,HOU,STL,117,138,8,2,10,0,9,0,543037.0,Gerrit Cole,594965.0,Daniel Ponce de Leon,543037.0,594965.0,2889,Busch Stadium,night,R
566326,2019-07-28,2019,SF,SD,137,135,1,5,6,1,9,0,641312.0,Shaun Anderson,615698.0,Cal Quantrill,615698.0,641312.0,2680,Petco Park,night,R
564786,2019-07-28,2019,BAL,LAA,110,108,8,7,15,0,9,0,605156.0,Aaron Brooks,596071.0,Dillon Peters,542947.0,621142.0,1,Angel Stadium,night,R
566137,2019-07-28,2019,TEX,OAK,140,133,4,5,9,1,9,0,592716.0,Adrian Sampson,456701.0,Homer Bailey,456701.0,592716.0,10,Oakland Coliseum,night,R
567112,2019-07-28,2019,ATL,PHI,144,143,4,9,13,1,9,0,592332.0,Kevin Gausman,605400.0,Aaron Nola,605400.0,592332.0,2681,Citizens Bank Park,day,R
566917,2019-07-28,2019,TB,TOR,139,141,10,9,19,0,9,0,630023.0,Yonny Chirinos,592717.0,Aaron Sanchez,475054.0,543339.0,14,Rogers Centre,day,R
565271,2019-07-28,2019,COL,CIN,115,113,2,3,5,1,9,0,663567.0,Peter Lambert,622072.0,Alex Wood,608371.0,459429.0,2602,Great American Ball Park,day,R
566038,2019-07-28,2019,PIT,NYM,134,121,7,8,15,1,9,0,502042.0,Chris Archer,450306.0,Jason Vargas,450306.0,502042.0,3289,Citi Field,day,R
567411,2019-07-28,2019,ARI,MIA,109,146,1,5,6,1,9,0,592662.0,Robbie Ray,622694.0,Elieser Hernández,650671.0,592662.0,4169,Marlins Park,day,R
565948,2019-07-28,2019,LAD,WSH,119,120,4,11,15,1,9,0,621111.0,Walker Buehler,544931.0,Stephen Strasburg,544931.0,621111.0,3309,Nationals Park,day,R
567315,2019-07-28,2019,MIN,CWS,142,145,11,1,12,0,9,0,502043.0,Kyle Gibson,592229.0,Dylan Covey,502043.0,592229.0,4,Guaranteed Rate Field,day,R
567608,2019-07-28,2019,CHC,MIL,112,158,11,4,15,0,9,0,500779.0,Jose Quintana,605200.0,Zach Davies,542960.0,605200.0,32,Miller Park,day,R
565756,2019-07-28,2019,CLE,KC,114,118,6,9,15,1,9,0,545333.0,Trevor Bauer,518633.0,Danny Duffy,518633.0,545333.0,7,Kauffman Stadium,day,R
566618,2019-07-28,2019,HOU,STL,117,138,6,2,8,0,9,0,489119.0,Wade Miley,641712.0,Dakota Hudson,489119.0,641712.0,2889,Busch Stadium,day,R
564787,2019-07-28,2019,BAL,LAA,110,108,4,5,9,1,9,0,605164.0,Dylan Bundy,570240.0,Félix Peña,518566.0,571710.0,1,Angel Stadium,day,R
566138,2019-07-28,2019,TEX,OAK,140,133,5,6,11,1,9,0,622797.0,Pedro Payano,571666.0,Mike Fiers,595014.0,600917.0,10,Oakland Coliseum,day,R
566429,2019-07-28,2019,DET,SEA,116,136,2,3,5,1,10,1,571510.0,Matthew Boyd,605538.0,Matt Wisler,606273.0,542585.0,680,T-Mobile Park,day,R
566327,2019-07-28,2019,SF,SD,137,135,7,6,13,0,9,0,518516.0,Madison Bumgarner,670970.0,Adrian Morejon,518516.0,606131.0,2680,Petco Park,day,R
565079,2019-07-28,2019,NYY,BOS,147,111,9,6,15,0,9,0,593334.0,Domingo Germán,519242.0,Chris Sale,593334.0,519242.0,3,Fenway Park,night,R
565949,2019-07-29,2019,ATL,WSH,144,120,3,6,9,1,9,0,572971.0,Dallas Keuchel,571578.0,Patrick Corbin,571578.0,572971.0,3309,Nationals Park,night,R
565272,2019-07-29,2019,PIT,CIN,134,113,6,11,17,1,9,0,656725.0,Alex McRae,543243.0,Sonny Gray,543243.0,656725.0,2602,Great American Ball Park,night,R
567412,2019-07-29,2019,ARI,MIA,109,146,6,11,17,1,9,0,518876.0,Merrill Kelly,592761.0,Caleb Smith,592761.0,518876.0,4169,Marlins Park,night,R
565757,2019-07-30,2019,TOR,KC,141,118,7,3,10,0,9,0,623381.0,Thomas Pannone,641745.0,Brad Keller,641835.0,641745.0,7,Kauffman Stadium,night,R
565464,2019-07-30,2019,LAD,COL,119,115,1,9,10,1,9,0,628317.0,Kenta Maeda,592351.0,Jon Gray,592351.0,628317.0,19,Coors Field,night,R
564788,2019-07-30,2019,DET,LAA,116,108,7,2,9,0,9,0,519455.0,Jordan Zimmermann,642545.0,Jaime Barria,519455.0,642545.0,1,Angel Stadium,night,R
566328,2019-07-30,2019,BAL,SD,110,135,1,8,9,1,9,0,605276.0,David Hess,663978.0,Chris Paddack,663978.0,605276.0,2680,Petco Park,night,R
566329,2019-07-30,2019,BAL,SD,110,135,8,5,13,0,9,0,664045.0,Thomas Eshelman,659275.0,Dinelson Lamet,612434.0,621381.0,2680,Petco Park,day,R
567113,2019-07-30,2019,SF,PHI,137,143,2,4,6,1,9,0,595881.0,Tyler Beede,592767.0,Drew Smyly,592767.0,595881.0,2681,Citizens Bank Park,night,R
565950,2019-07-30,2019,ATL,WSH,144,120,11,8,19,0,9,0,527054.0,Julio Teheran,607200.0,Erick Fedde,527054.0,607200.0,3309,Nationals Park,night,R
567513,2019-07-30,2019,ARI,NYY,109,147,4,2,6,0,9,0,664199.0,Taylor Clarke,457918.0,J.A. Happ,664199.0,457918.0,3313,Yankee Stadium,night,R
565369,2019-07-30,2019,HOU,CLE,117,114,2,0,2,0,9,0,434378.0,Justin Verlander,669456.0,Shane Bieber,434378.0,669456.0,5,Progressive Field,night,R
565273,2019-07-30,2019,PIT,CIN,134,113,11,4,15,0,9,0,605397.0,Joe Musgrove,543699.0,Tanner Roark,605397.0,543699.0,2602,Great American Ball Park,night,R
565080,2019-07-30,2019,TB,BOS,139,111,6,5,11,0,9,0,450203.0,Charlie Morton,456034.0,David Price,592473.0,657031.0,3,Fenway Park,night,R
567413,2019-07-30,2019,MIN,MIA,142,146,2,1,3,0,9,0,543606.0,Jake Odorizzi,668678.0,Zac Gallen,543606.0,668678.0,4169,Marlins Park,night,R
566816,2019-07-31,2019,SEA,TEX,136,140,8,5,13,0,9,0,502190.0,Mike Leake,642558.0,Ariel Jurado,592815.0,656685.0,13,Globe Life Park in Arlington,night,R
567316,2019-07-31,2019,NYM,CWS,121,145,5,2,7,0,11,1,592789.0,Noah Syndergaard,625643.0,Reynaldo López,607229.0,614179.0,4,Guaranteed Rate Field,night,R
566619,2019-07-31,2019,CHC,STL,112,138,1,2,3,1,9,0,506433.0,Yu Darvish,425794.0,Adam Wainwright,606149.0,506433.0,2889,Busch Stadium,night,R
565758,2019-07-31,2019,TOR,KC,141,118,9,2,11,0,9,0,656887.0,Sean Reid-Foley,543557.0,Mike Montgomery,656887.0,543557.0,7,Kauffman Stadium,night,R
565465,2019-07-31,2019,LAD,COL,119,115,9,4,13,0,9,0,628711.0,Julio Urías,607536.0,Kyle Freeland,594987.0,607536.0,19,Coors Field,night,R
564789,2019-07-31,2019,DET,LAA,116,108,1,6,7,1,9,0,572403.0,Drew VerHagen,656288.0,Griffin Canning,656288.0,572403.0,1,Angel Stadium,night,R
566139,2019-07-31,2019,MIL,OAK,158,133,2,3,5,1,10,1,605288.0,Adrian Houser,605135.0,Chris Bassitt,595014.0,623352.0,10,Oakland Coliseum,night,R
565951,2019-07-31,2019,ATL,WSH,144,120,5,4,9,0,10,1,647336.0,Michael Soroka,434671.0,Aníbal Sánchez,656794.0,448281.0,3309,Nationals Park,day,R
565274,2019-07-31,2019,PIT,CIN,134,113,1,4,5,1,9,0,642607.0,Dario Agrazal,622491.0,Luis Castillo,622491.0,642607.0,2602,Great American Ball Park,day,R
567514,2019-07-31,2019,ARI,NYY,109,147,5,7,12,1,9,0,425844.0,Zack Greinke,547888.0,Masahiro Tanaka,493603.0,673633.0,3313,Yankee Stadium,day,R
565759,2019-07-31,2019,TOR,KC,141,118,4,1,5,0,9,0,621097.0,Jacob Waguespack,596001.0,Jakob Junis,621097.0,596001.0,7,Kauffman Stadium,day,R
565466,2019-07-31,2019,LAD,COL,119,115,5,1,6,0,9,0,547943.0,Hyun Jin Ryu,608566.0,Germán Márquez,523260.0,451584.0,19,Coors Field,day,R
564790,2019-07-31,2019,DET,LAA,116,108,9,1,10,0,9,0,596057.0,Daniel Norris,660761.0,José Suarez,596057.0,660761.0,1,Angel Stadium,day,R
567114,2019-07-31,2019,SF,PHI,137,143,5,1,6,0,9,0,502188.0,Jeff Samardzija,592826.0,Vince Velasquez,502188.0,592826.0,2681,Citizens Bank Park,night,R
565370,2019-07-31,2019,HOU,CLE,117,114,4,10,14,1,9,0,664353.0,José Urquidy,668676.0,Zach Plesac,668676.0,664353.0,5,Progressive Field,night,R
565081,2019-07-31,2019,TB,BOS,139,111,8,5,13,0,9,0,552640.0,Andrew Kittredge,519144.0,Rick Porcello,642232.0,519144.0,3,Fenway Park,night,R
567414,2019-07-31,2019,MIN,MIA,142,146,7,4,11,0,9,0,621244.0,José Berríos,645261.0,Sandy Alcantara,621244.0,645261.0,4169,Marlins Park,night,R
566817,2019-08-01,2019,SEA,TEX,136,140,7,9,16,1,9,0,453281.0,Wade LeBlanc,501985.0,Mike Minor,501985.0,453281.0,13,Globe Life Park in Arlington,night,R
567317,2019-08-01,2019,NYM,CWS,121,145,4,2,6,0,9,0,594798.0,Jacob deGrom,608337.0,Lucas Giolito,458677.0,517008.0,4,Guaranteed Rate Field,night,R
566620,2019-08-01,2019,CHC,STL,112,138,2,0,2,0,9,0,543294.0,Kyle Hendricks,571945.0,Miles Mikolas,543294.0,571945.0,2889,Busch Stadium,night,R
566140,2019-08-01,2019,MIL,OAK,158,133,4,2,6,0,9,0,543475.0,Jordan Lyles,474463.0,Brett Anderson,543475.0,474463.0,10,Oakland Coliseum,night,R
567415,2019-08-01,2019,MIN,MIA,142,146,4,5,9,1,12,1,501381.0,Michael Pineda,657141.0,Jordan Yamamoto,656257.0,664054.0,4169,Marlins Park,day,R
567115,2019-08-01,2019,SF,PHI,137,143,2,10,12,1,9,0,605446.0,Dereck Rodríguez,453562.0,Jake Arrieta,501625.0,605446.0,2681,Citizens Bank Park,day,R
567318,2019-08-01,2019,NYM,CWS,121,145,4,0,4,0,9,0,554430.0,Zack Wheeler,656302.0,Dylan Cease,554430.0,656302.0,4,Guaranteed Rate Field,day,R
566141,2019-08-01,2019,MIL,OAK,158,133,3,5,8,1,9,0,502624.0,Chase Anderson,456701.0,Homer Bailey,595014.0,623352.0,10,Oakland Coliseum,day,R
564981,2019-08-01,2019,TOR,BAL,141,110,11,2,13,0,9,0,663423.0,Trent Thornton,592879.0,Asher Wojciechowski,663423.0,592879.0,2,Oriole Park at Camden Yards,night,R
565371,2019-08-01,2019,HOU,CLE,117,114,7,1,8,0,9,0,543037.0,Gerrit Cole,517593.0,Danny Salazar,543037.0,517593.0,5,Progressive Field,night,R
565082,2019-08-01,2019,TB,BOS,139,111,9,4,13,0,9,0,656713.0,Brendan McKay,488768.0,Andrew Cashner,656713.0,488768.0,3,Fenway Park,night,R
566621,2019-08-01,2019,CHC,STL,112,138,0,8,8,1,9,0,452657.0,Jon Lester,656427.0,Jack Flaherty,656427.0,452657.0,2889,Busch Stadium,night,R
567220,2019-08-01,2019,CIN,ATL,113,144,1,4,5,1,7,0,543101.0,Anthony DeSclafani,608331.0,Max Fried,608331.0,543101.0,4705,SunTrust Park,night,R
565853,2019-08-02,2019,SD,LAD,135,119,2,8,10,1,9,0,664192.0,Joey Lucchesi,477132.0,Clayton Kershaw,477132.0,664192.0,22,Dodger Stadium,night,R
565178,2019-08-02,2019,MIL,CHC,158,112,2,6,8,1,9,0,605200.0,Zach Davies,500779.0,Jose Quintana,500779.0,605200.0,17,Wrigley Field,day,R
566230,2019-08-02,2019,NYM,PIT,121,134,4,8,12,1,9,0,571927.0,Steven Matz,592866.0,Trevor Williams,592866.0,571927.0,31,PNC Park,night,R
564982,2019-08-02,2019,TOR,BAL,141,110,5,2,7,0,9,0,521655.0,Wilmer Font,605156.0,Aaron Brooks,592468.0,605156.0,2,Oriole Park at Camden Yards,night,R
567116,2019-08-02,2019,CWS,PHI,145,143,4,3,7,0,15,1,467100.0,Iván Nova,450306.0,Jason Vargas,592612.0,596451.0,2681,Citizens Bank Park,night,R
567515,2019-08-02,2019,BOS,NYY,111,147,2,4,6,1,9,0,593958.0,Eduardo Rodriguez,572020.0,James Paxton,572020.0,593958.0,3313,Yankee Stadium,night,R
565372,2019-08-02,2019,LAA,CLE,108,114,3,7,10,1,9,0,518566.0,Taylor Cole,605182.0,Mike Clevinger,605182.0,518566.0,5,Progressive Field,night,R
567221,2019-08-02,2019,CIN,ATL,113,144,5,2,7,0,9,0,622072.0,Alex Wood,592332.0,Kevin Gausman,622072.0,592332.0,4705,SunTrust Park,night,R
566818,2019-08-03,2019,DET,TEX,116,140,4,5,9,1,9,0,641302.0,Tyler Alexander,458681.0,Lance Lynn,458681.0,641302.0,13,Globe Life Park in Arlington,night,R
565659,2019-08-03,2019,SEA,HOU,136,117,2,10,12,1,9,0,579328.0,Yusei Kikuchi,489119.0,Wade Miley,489119.0,579328.0,2392,Minute Maid Park,night,R
567014,2019-08-03,2019,KC,MIN,118,142,9,11,20,1,9,0,642098.0,Glenn Sparkman,527048.0,Martín Pérez,543507.0,663992.0,3312,Target Field,night,R
565467,2019-08-03,2019,SF,COL,137,115,4,5,9,1,9,0,641312.0,Shaun Anderson,663567.0,Peter Lambert,545064.0,606625.0,19,Coors Field,night,R
564882,2019-08-03,2019,WSH,ARI,120,109,3,0,3,0,9,0,605452.0,Joe Ross,622065.0,Alex Young,605452.0,622065.0,15,Chase Field,night,R
565854,2019-08-03,2019,SD,LAD,135,119,5,2,7,0,9,0,641778.0,Eric Lauer,669160.0,Dustin May,641778.0,669160.0,22,Dodger Stadium,night,R
567516,2019-08-03,2019,BOS,NYY,111,147,2,9,11,1,9,0,519242.0,Chris Sale,593334.0,Domingo Germán,593334.0,519242.0,3313,Yankee Stadium,day,R
567487,2019-08-03,2019,BOS,NYY,111,147,4,6,10,1,9,0,598271.0,Brian Johnson,643338.0,Chad Green,592454.0,598264.0,3313,Yankee Stadium,night,R
565179,2019-08-03,2019,MIL,CHC,158,112,1,4,5,1,9,0,461829.0,Gio Gonzalez,430935.0,Cole Hamels,592858.0,448855.0,17,Wrigley Field,day,R
566718,2019-08-03,2019,MIA,TB,146,139,6,8,14,1,9,0,622694.0,Elieser Hernández,650895.0,Diego Castillo,623433.0,606424.0,12,Tropicana Field,night,R
566231,2019-08-03,2019,NYM,PIT,121,134,7,5,12,0,9,0,573186.0,Marcus Stroman,502042.0,Chris Archer,458677.0,605195.0,31,PNC Park,night,R
564983,2019-08-03,2019,TOR,BAL,141,110,4,6,10,1,9,0,623381.0,Thomas Pannone,605164.0,Dylan Bundy,571710.0,542953.0,2,Oriole Park at Camden Yards,night,R
567117,2019-08-03,2019,CWS,PHI,145,143,2,3,5,1,9,0,446321.0,Ross Detwiler,605400.0,Aaron Nola,605400.0,446321.0,2681,Citizens Bank Park,night,R
565373,2019-08-03,2019,LAA,CLE,108,114,2,7,9,1,9,0,570240.0,Félix Peña,592644.0,Adam Plutko,592644.0,502239.0,5,Progressive Field,night,R
565660,2019-08-03,2019,SEA,HOU,136,117,0,9,9,1,9,0,594835.0,Marco Gonzales,592717.0,Aaron Sanchez,592717.0,594835.0,2392,Minute Maid Park,night,R
567015,2019-08-03,2019,KC,MIN,118,142,3,11,14,1,9,0,518633.0,Danny Duffy,502043.0,Kyle Gibson,502043.0,518633.0,3312,Target Field,night,R
567222,2019-08-03,2019,CIN,ATL,113,144,4,5,9,1,10,1,545333.0,Trevor Bauer,572971.0,Dallas Keuchel,592426.0,453172.0,4705,SunTrust Park,night,R
566824,2019-08-04,2019,DET,TEX,116,140,4,5,9,1,10,1,571510.0,Matthew Boyd,592716.0,Adrian Sampson,600917.0,598286.0,13,Globe Life Park in Arlington,night,R
564883,2019-08-04,2019,WSH,ARI,120,109,7,18,25,1,9,0,544931.0,Stephen Strasburg,592662.0,Robbie Ray,592662.0,544931.0,15,Chase Field,night,R
565468,2019-08-04,2019,SF,COL,137,115,6,5,11,0,9,0,518516.0,Madison Bumgarner,592351.0,Jon Gray,656322.0,608032.0,19,Coors Field,night,R
566142,2019-08-04,2019,STL,OAK,138,133,3,8,11,1,9,0,641712.0,Dakota Hudson,571666.0,Mike Fiers,571666.0,641712.0,10,Oakland Coliseum,night,R
565855,2019-08-04,2019,SD,LAD,135,119,1,4,5,1,9,0,615698.0,Cal Quantrill,621111.0,Walker Buehler,621111.0,615698.0,22,Dodger Stadium,night,R
564984,2019-08-04,2019,TOR,BAL,141,110,5,6,11,1,9,0,656887.0,Sean Reid-Foley,642231.0,Jimmy Yacabonis,664045.0,656887.0,2,Oriole Park at Camden Yards,day,R
567118,2019-08-04,2019,CWS,PHI,145,143,10,5,15,0,9,0,625643.0,Reynaldo López,592767.0,Drew Smyly,625643.0,592767.0,2681,Citizens Bank Park,day,R
565374,2019-08-04,2019,LAA,CLE,108,114,2,6,8,1,9,0,642545.0,Jaime Barria,669456.0,Shane Bieber,669456.0,642545.0,5,Progressive Field,day,R
566719,2019-08-04,2019,MIA,TB,146,139,2,7,9,1,9,0,592761.0,Caleb Smith,630023.0,Yonny Chirinos,630023.0,592761.0,12,Tropicana Field,day,R
567223,2019-08-04,2019,CIN,ATL,113,144,6,4,10,0,10,1,543243.0,Sonny Gray,527054.0,Julio Teheran,596112.0,572888.0,4705,SunTrust Park,day,R
566232,2019-08-04,2019,NYM,PIT,121,134,13,2,15,0,9,0,592789.0,Noah Syndergaard,605397.0,Joe Musgrove,592789.0,605397.0,31,PNC Park,day,R
565661,2019-08-04,2019,SEA,HOU,136,117,1,3,4,1,9,0,592815.0,Sam Tuivailala,434378.0,Justin Verlander,434378.0,543548.0,2392,Minute Maid Park,day,R
567016,2019-08-04,2019,KC,MIN,118,142,0,3,3,1,9,0,641745.0,Brad Keller,656970.0,Devin Smeltzer,656970.0,641745.0,3312,Target Field,day,R
565180,2019-08-04,2019,MIL,CHC,158,112,2,7,9,1,9,0,605288.0,Adrian Houser,506433.0,Yu Darvish,506433.0,605288.0,17,Wrigley Field,day,R
566825,2019-08-04,2019,DET,TEX,116,140,4,9,13,1,9,0,519455.0,Jordan Zimmermann,622797.0,Pedro Payano,606160.0,542585.0,13,Globe Life Park in Arlington,day,R
565469,2019-08-04,2019,SF,COL,137,115,2,6,8,1,9,0,595881.0,Tyler Beede,607536.0,Kyle Freeland,607536.0,595881.0,19,Coors Field,day,R
566143,2019-08-04,2019,STL,OAK,138,133,2,4,6,1,9,0,425794.0,Adam Wainwright,543699.0,Tanner Roark,543699.0,425794.0,10,Oakland Coliseum,day,R
564884,2019-08-04,2019,WSH,ARI,120,109,5,7,12,1,9,0,571578.0,Patrick Corbin,664199.0,Taylor Clarke,673633.0,593833.0,15,Chase Field,day,R
565856,2019-08-04,2019,SD,LAD,135,119,10,11,21,1,9,0,663978.0,Chris Paddack,628317.0,Kenta Maeda,520980.0,489446.0,22,Dodger Stadium,day,R
567517,2019-08-04,2019,BOS,NYY,111,147,4,7,11,1,9,0,456034.0,David Price,457918.0,J.A. Happ,457918.0,456034.0,3313,Yankee Stadium,night,R
566039,2019-08-05,2019,MIA,NYM,146,121,2,6,8,1,9,0,667498.0,Robert Dugger,594798.0,Jacob deGrom,594798.0,667498.0,3289,Citi Field,night,R
566007,2019-08-05,2019,MIA,NYM,146,121,4,5,9,1,9,0,645261.0,Sandy Alcantara,621141.0,Walker Lockett,544727.0,656257.0,3289,Citi Field,night,R
564985,2019-08-05,2019,NYY,BAL,147,110,9,6,15,0,9,0,547888.0,Masahiro Tanaka,593679.0,Gabriel Ynoa,493603.0,643316.0,2,Oriole Park at Camden Yards,night,R
566233,2019-08-05,2019,MIL,PIT,158,134,9,7,16,0,9,0,543475.0,Jordan Lyles,642607.0,Dario Agrazal,543475.0,642607.0,31,PNC Park,night,R
565275,2019-08-05,2019,LAA,CIN,108,113,4,7,11,1,9,0,518566.0,Taylor Cole,622491.0,Luis Castillo,622491.0,518566.0,2602,Great American Ball Park,night,R
565083,2019-08-05,2019,KC,BOS,118,111,5,7,12,1,9,0,543557.0,Mike Montgomery,519144.0,Rick Porcello,519144.0,543557.0,3,Fenway Park,night,R
565375,2019-08-05,2019,TEX,CLE,140,114,1,0,1,0,9,0,501985.0,Mike Minor,650644.0,Aaron Civale,501985.0,650644.0,5,Progressive Field,night,R
566720,2019-08-05,2019,TOR,TB,141,139,2,0,2,0,9,0,621097.0,Jacob Waguespack,450203.0,Charlie Morton,621097.0,450203.0,12,Tropicana Field,night,R
565561,2019-08-05,2019,CWS,DET,145,116,7,4,11,0,9,0,608337.0,Lucas Giolito,605513.0,Spencer Turnbull,608337.0,642397.0,2394,Comerica Park,night,R
565181,2019-08-06,2019,OAK,CHC,133,112,5,6,11,1,9,0,605135.0,Chris Bassitt,543294.0,Kyle Hendricks,592858.0,595014.0,17,Wrigley Field,night,R
567017,2019-08-06,2019,ATL,MIN,144,142,3,5,8,1,9,0,647336.0,Michael Soroka,543606.0,Jake Odorizzi,543507.0,455119.0,3312,Target Field,night,R
564885,2019-08-06,2019,PHI,ARI,143,109,7,3,10,0,9,0,592826.0,Vince Velasquez,518876.0,Merrill Kelly,592826.0,518876.0,15,Chase Field,night,R
566524,2019-08-06,2019,WSH,SF,120,137,4,0,4,0,9,0,607200.0,Erick Fedde,502188.0,Jeff Samardzija,607200.0,502188.0,2395,Oracle Park,night,R
565857,2019-08-06,2019,STL,LAD,138,119,0,8,8,1,9,0,608379.0,Michael Wacha,664062.0,Tony Gonsolin,664062.0,608379.0,22,Dodger Stadium,night,R
565520,2019-08-06,2019,CWS,DET,145,116,5,3,8,0,9,0,656302.0,Dylan Cease,596057.0,Daniel Norris,656302.0,596057.0,2394,Comerica Park,day,R
565562,2019-08-06,2019,CWS,DET,145,116,6,10,16,1,9,0,502327.0,Héctor Santiago,572403.0,Drew VerHagen,572403.0,502327.0,2394,Comerica Park,night,R
564986,2019-08-06,2019,NYY,BAL,147,110,9,4,13,0,9,0,656547.0,Jonathan Holder,592879.0,Asher Wojciechowski,641482.0,592879.0,2,Oriole Park at Camden Yards,night,R
566234,2019-08-06,2019,MIL,PIT,158,134,4,3,7,0,9,0,502624.0,Chase Anderson,643230.0,Steven Brault,448855.0,434538.0,31,PNC Park,night,R
565276,2019-08-06,2019,LAA,CIN,108,113,4,8,12,1,9,0,660761.0,José Suarez,543101.0,Anthony DeSclafani,543101.0,660761.0,2602,Great American Ball Park,night,R
565084,2019-08-06,2019,KC,BOS,118,111,6,2,8,0,9,0,596001.0,Jakob Junis,488768.0,Andrew Cashner,596001.0,488768.0,3,Fenway Park,night,R
566721,2019-08-06,2019,TOR,TB,141,139,6,7,13,1,10,1,663423.0,Trent Thornton,552640.0,Andrew Kittredge,650895.0,542953.0,12,Tropicana Field,night,R
566040,2019-08-06,2019,MIA,NYM,146,121,0,5,5,1,9,0,456051.0,Hector Noesí,554430.0,Zack Wheeler,554430.0,456051.0,3289,Citi Field,night,R
565182,2019-08-07,2019,OAK,CHC,133,112,11,4,15,0,9,0,474463.0,Brett Anderson,452657.0,Jon Lester,474463.0,452657.0,17,Wrigley Field,night,R
565662,2019-08-07,2019,COL,HOU,115,117,6,11,17,1,9,0,608566.0,Germán Márquez,425844.0,Zack Greinke,425844.0,592346.0,2392,Minute Maid Park,night,R
567018,2019-08-07,2019,ATL,MIN,144,142,12,7,19,0,9,0,592314.0,Mike Foltynewicz,621244.0,José Berríos,592314.0,621244.0,3312,Target Field,night,R
564886,2019-08-07,2019,PHI,ARI,143,109,4,8,12,1,9,0,453562.0,Jake Arrieta,502190.0,Mike Leake,605177.0,624133.0,15,Chase Field,night,R
566525,2019-08-07,2019,WSH,SF,120,137,5,3,8,0,9,0,434671.0,Aníbal Sánchez,669214.0,Conner Menez,434671.0,669214.0,2395,Oracle Park,night,R
566430,2019-08-07,2019,SD,SEA,135,136,9,4,13,0,9,0,659275.0,Dinelson Lamet,605538.0,Matt Wisler,659275.0,453281.0,680,T-Mobile Park,night,R
565858,2019-08-07,2019,STL,LAD,138,119,1,3,4,1,9,0,571945.0,Miles Mikolas,477132.0,Clayton Kershaw,477132.0,571945.0,22,Dodger Stadium,night,R
565376,2019-08-06,2019,TEX,CLE,140,114,0,0,0,0,9,0,642558.0,Ariel Jurado,668676.0,Zach Plesac,,,5,Progressive Field,night,R
566041,2019-08-07,2019,MIA,NYM,146,121,2,7,9,1,9,0,657141.0,Jordan Yamamoto,571927.0,Steven Matz,571927.0,657141.0,3289,Citi Field,day,R
565377,2019-08-07,2019,TEX,CLE,140,114,0,2,2,1,9,0,642558.0,Ariel Jurado,668676.0,Zach Plesac,580792.0,642558.0,5,Progressive Field,day,R
565376,2019-08-07,2019,TEX,CLE,140,114,1,5,6,1,9,0,458681.0,Lance Lynn,461325.0,Tyler Clippard,595918.0,458681.0,5,Progressive Field,day,R
566722,2019-08-07,2019,TOR,TB,141,139,4,3,7,0,9,0,521655.0,Wilmer Font,656713.0,Brendan McKay,592779.0,656713.0,12,Tropicana Field,day,R
567019,2019-08-07,2019,ATL,MIN,144,142,11,7,18,0,9,0,608331.0,Max Fried,527048.0,Martín Pérez,608331.0,527048.0,3312,Target Field,day,R
565563,2019-08-07,2019,CWS,DET,145,116,8,1,9,0,9,0,467100.0,Iván Nova,641302.0,Tyler Alexander,467100.0,641302.0,2394,Comerica Park,day,R
565663,2019-08-07,2019,COL,HOU,115,117,3,14,17,1,9,0,663567.0,Peter Lambert,543037.0,Gerrit Cole,543037.0,663567.0,2392,Minute Maid Park,day,R
565183,2019-08-07,2019,OAK,CHC,133,112,1,10,11,1,9,0,456701.0,Homer Bailey,500779.0,Jose Quintana,500779.0,456701.0,17,Wrigley Field,day,R
565859,2019-08-07,2019,STL,LAD,138,119,1,2,3,1,9,0,656427.0,Jack Flaherty,669160.0,Dustin May,594987.0,593372.0,22,Dodger Stadium,day,R
566526,2019-08-07,2019,WSH,SF,120,137,4,1,5,0,9,0,605452.0,Joe Ross,641312.0,Shaun Anderson,605452.0,641312.0,2395,Oracle Park,day,R
566431,2019-08-07,2019,SD,SEA,135,136,2,3,5,1,9,0,664192.0,Joey Lucchesi,579328.0,Yusei Kikuchi,543483.0,662253.0,680,T-Mobile Park,day,R
564987,2019-08-07,2019,NYY,BAL,147,110,14,2,16,0,9,0,572020.0,James Paxton,607644.0,John Means,572020.0,607644.0,2,Oriole Park at Camden Yards,night,R
566235,2019-08-07,2019,MIL,PIT,158,134,8,3,11,0,9,0,519141.0,Drew Pomeranz,592866.0,Trevor Williams,448855.0,592866.0,31,PNC Park,night,R
565085,2019-08-07,2019,KC,BOS,118,111,4,5,9,1,10,1,642098.0,Glenn Sparkman,593958.0,Eduardo Rodriguez,657031.0,663992.0,3,Fenway Park,night,R
564887,2019-08-08,2019,PHI,ARI,143,109,1,6,7,1,9,0,450306.0,Jason Vargas,668678.0,Zac Gallen,668678.0,450306.0,15,Chase Field,night,R
566918,2019-08-08,2019,NYY,TOR,147,141,12,6,18,0,9,0,593334.0,Domingo Germán,623381.0,Thomas Pannone,593334.0,623381.0,14,Rogers Centre,night,R
565086,2019-08-08,2019,LAA,BOS,108,111,0,3,3,1,9,0,596071.0,Dillon Peters,519242.0,Chris Sale,519242.0,596071.0,3,Fenway Park,night,R
565277,2019-08-08,2019,CHC,CIN,112,113,12,5,17,0,9,0,430935.0,Cole Hamels,622072.0,Alex Wood,543022.0,592332.0,2602,Great American Ball Park,night,R
565564,2019-08-08,2019,KC,DET,118,116,8,10,18,1,9,0,605347.0,Jorge López,571510.0,Matthew Boyd,641729.0,663992.0,2394,Comerica Park,night,R
567416,2019-08-08,2019,ATL,MIA,144,146,2,9,11,1,9,0,572971.0,Dallas Keuchel,622694.0,Elieser Hernández,622694.0,572971.0,4169,Marlins Park,night,R
567020,2019-08-09,2019,CLE,MIN,114,142,7,5,12,0,9,0,605182.0,Mike Clevinger,502043.0,Kyle Gibson,605182.0,502043.0,3312,Target Field,night,R
566527,2019-08-09,2019,PHI,SF,143,137,0,5,5,1,9,0,605400.0,Aaron Nola,518516.0,Madison Bumgarner,518516.0,605400.0,2395,Oracle Park,night,R
566330,2019-08-09,2019,COL,SD,115,135,3,9,12,1,9,0,592351.0,Jon Gray,641778.0,Eric Lauer,621381.0,592351.0,2680,Petco Park,night,R
567319,2019-08-09,2019,OAK,CWS,133,145,7,0,7,0,9,0,571666.0,Mike Fiers,446321.0,Ross Detwiler,571666.0,446321.0,4,Guaranteed Rate Field,day,R
564988,2019-08-09,2019,HOU,BAL,117,110,3,2,5,0,9,0,489119.0,Wade Miley,605164.0,Dylan Bundy,489119.0,605164.0,2,Oriole Park at Camden Yards,night,R
566919,2019-08-09,2019,NYY,TOR,147,141,2,8,10,1,9,0,457918.0,J.A. Happ,656887.0,Sean Reid-Foley,656887.0,457918.0,14,Rogers Centre,night,R
565087,2019-08-09,2019,LAA,BOS,108,111,4,16,20,1,9,0,642545.0,Jaime Barria,598271.0,Brian Johnson,519393.0,642545.0,3,Fenway Park,night,R
565278,2019-08-09,2019,CHC,CIN,112,113,2,5,7,1,9,0,506433.0,Yu Darvish,545333.0,Trevor Bauer,545333.0,506433.0,2602,Great American Ball Park,night,R
565565,2019-08-09,2019,KC,DET,118,116,2,5,7,1,9,0,641745.0,Brad Keller,429719.0,Edwin Jackson,429719.0,641745.0,2394,Comerica Park,night,R
566042,2019-08-09,2019,WSH,NYM,120,121,6,7,13,1,9,0,544931.0,Stephen Strasburg,573186.0,Marcus Stroman,501593.0,448281.0,3289,Citi Field,night,R
567417,2019-08-09,2019,ATL,MIA,144,146,8,4,12,0,9,0,527054.0,Julio Teheran,592761.0,Caleb Smith,527054.0,592761.0,4169,Marlins Park,night,R
567021,2019-08-10,2019,CLE,MIN,114,142,6,2,8,0,9,0,669456.0,Shane Bieber,656970.0,Devin Smeltzer,669456.0,656970.0,3312,Target Field,night,R
567609,2019-08-10,2019,TEX,MIL,140,158,5,6,11,1,9,0,663465.0,Kolby Allard,461829.0,Gio Gonzalez,623352.0,661403.0,32,Miller Park,night,R
566622,2019-08-10,2019,PIT,STL,134,138,2,6,8,1,9,0,502042.0,Chris Archer,641712.0,Dakota Hudson,593372.0,593144.0,2889,Busch Stadium,night,R
565860,2019-08-10,2019,ARI,LAD,109,119,3,2,5,0,11,1,592662.0,Robbie Ray,621111.0,Walker Buehler,605177.0,628711.0,22,Dodger Stadium,night,R
566331,2019-08-10,2019,COL,SD,115,135,1,7,8,1,9,0,607536.0,Kyle Freeland,615698.0,Cal Quantrill,615698.0,607536.0,2680,Petco Park,night,R
566432,2019-08-10,2019,TB,SEA,139,136,5,3,8,0,9,0,656222.0,Jalen Beeks,594835.0,Marco Gonzales,543118.0,542914.0,680,T-Mobile Park,night,R
566528,2019-08-10,2019,PHI,SF,143,137,9,6,15,0,9,0,592767.0,Drew Smyly,595881.0,Tyler Beede,501625.0,453265.0,2395,Oracle Park,night,R
566920,2019-08-10,2019,NYY,TOR,147,141,4,5,9,1,9,0,643338.0,Chad Green,521655.0,Wilmer Font,592094.0,493603.0,14,Rogers Centre,day,R
565088,2019-08-10,2019,LAA,BOS,108,111,12,4,16,0,9,0,571760.0,Andrew Heaney,519144.0,Rick Porcello,518566.0,519144.0,3,Fenway Park,day,R
566529,2019-08-10,2019,PHI,SF,143,137,1,3,4,1,9,0,592826.0,Vince Velasquez,502188.0,Jeff Samardzija,502188.0,592826.0,2395,Oracle Park,day,R
565566,2019-08-10,2019,KC,DET,118,116,7,0,7,0,9,0,543557.0,Mike Montgomery,605513.0,Spencer Turnbull,543557.0,605513.0,2394,Comerica Park,night,R
567418,2019-08-10,2019,ATL,MIA,144,146,6,7,13,1,10,1,647336.0,Michael Soroka,645261.0,Sandy Alcantara,656257.0,656794.0,4169,Marlins Park,night,R
564989,2019-08-10,2019,HOU,BAL,117,110,23,2,25,0,9,0,592717.0,Aaron Sanchez,605156.0,Aaron Brooks,592717.0,605156.0,2,Oriole Park at Camden Yards,night,R
565279,2019-08-10,2019,CHC,CIN,112,113,1,10,11,1,9,0,543294.0,Kyle Hendricks,543243.0,Sonny Gray,543243.0,543294.0,2602,Great American Ball Park,night,R
566043,2019-08-10,2019,WSH,NYM,120,121,3,4,7,1,9,0,571578.0,Patrick Corbin,592789.0,Noah Syndergaard,607625.0,407845.0,3289,Citi Field,night,R
567022,2019-08-10,2019,CLE,MIN,114,142,1,4,5,1,9,0,592644.0,Adam Plutko,543606.0,Jake Odorizzi,543606.0,592644.0,3312,Target Field,night,R
567320,2019-08-10,2019,OAK,CWS,133,145,2,3,5,1,9,0,543699.0,Tanner Roark,625643.0,Reynaldo López,625643.0,543699.0,4,Guaranteed Rate Field,night,R
567610,2019-08-10,2019,TEX,MIL,140,158,2,3,5,1,9,0,622797.0,Pedro Payano,605288.0,Adrian Houser,605288.0,622797.0,32,Miller Park,night,R
566623,2019-08-10,2019,PIT,STL,134,138,1,3,4,1,9,0,605397.0,Joe Musgrove,425794.0,Adam Wainwright,425794.0,605397.0,2889,Busch Stadium,night,R
566332,2019-08-11,2019,COL,SD,115,135,5,8,13,1,9,0,592346.0,Chi Chi González,663978.0,Chris Paddack,662253.0,545064.0,2680,Petco Park,night,R
565861,2019-08-11,2019,ARI,LAD,109,119,0,4,4,1,9,0,622065.0,Alex Young,628317.0,Kenta Maeda,628317.0,622065.0,22,Dodger Stadium,night,R
566433,2019-08-11,2019,TB,SEA,139,136,5,4,9,0,9,0,450203.0,Charlie Morton,605538.0,Matt Wisler,450203.0,543548.0,680,T-Mobile Park,night,R
565089,2019-08-11,2019,LAA,BOS,108,111,5,4,9,0,10,1,663776.0,Patrick Sandoval,488768.0,Andrew Cashner,570663.0,543901.0,3,Fenway Park,day,R
564990,2019-08-11,2019,HOU,BAL,117,110,7,8,15,1,9,0,434378.0,Justin Verlander,592879.0,Asher Wojciechowski,542947.0,532077.0,2,Oriole Park at Camden Yards,day,R
566921,2019-08-11,2019,NYY,TOR,147,141,1,0,1,0,9,0,547888.0,Masahiro Tanaka,663423.0,Trent Thornton,547888.0,663423.0,14,Rogers Centre,day,R
565280,2019-08-11,2019,CHC,CIN,112,113,6,3,9,0,9,0,452657.0,Jon Lester,622491.0,Luis Castillo,475479.0,547179.0,2602,Great American Ball Park,day,R
565567,2019-08-11,2019,KC,DET,118,116,10,2,12,0,9,0,596001.0,Jakob Junis,596057.0,Daniel Norris,596001.0,596057.0,2394,Comerica Park,day,R
566044,2019-08-11,2019,WSH,NYM,120,121,7,4,11,0,9,0,434671.0,Aníbal Sánchez,594798.0,Jacob deGrom,594840.0,607229.0,3289,Citi Field,day,R
567419,2019-08-11,2019,ATL,MIA,144,146,5,4,9,0,9,0,592314.0,Mike Foltynewicz,456051.0,Hector Noesí,592314.0,456051.0,4169,Marlins Park,day,R
567023,2019-08-11,2019,CLE,MIN,114,142,7,3,10,0,10,1,650644.0,Aaron Civale,621244.0,José Berríos,543272.0,573124.0,3312,Target Field,day,R
567321,2019-08-11,2019,OAK,CWS,133,145,2,0,2,0,9,0,605135.0,Chris Bassitt,608337.0,Lucas Giolito,605135.0,608337.0,4,Guaranteed Rate Field,day,R
567611,2019-08-11,2019,TEX,MIL,140,158,1,0,1,0,9,0,501985.0,Mike Minor,543475.0,Jordan Lyles,501985.0,543475.0,32,Miller Park,day,R
566624,2019-08-11,2019,PIT,STL,134,138,9,11,20,1,9,0,643230.0,Steven Brault,571945.0,Miles Mikolas,607231.0,605195.0,2889,Busch Stadium,day,R
566333,2019-08-11,2019,COL,SD,115,135,8,3,11,0,9,0,608566.0,Germán Márquez,659275.0,Dinelson Lamet,608566.0,489334.0,2680,Petco Park,day,R
565862,2019-08-11,2019,ARI,LAD,109,119,3,9,12,1,9,0,502190.0,Mike Leake,547943.0,Hyun Jin Ryu,547943.0,502190.0,22,Dodger Stadium,day,R
566434,2019-08-11,2019,TB,SEA,139,136,1,0,1,0,9,0,642232.0,Ryan Yarbrough,592815.0,Sam Tuivailala,642232.0,453281.0,680,T-Mobile Park,day,R
566530,2019-08-11,2019,PHI,SF,143,137,6,9,15,1,9,0,453562.0,Jake Arrieta,669214.0,Conner Menez,519293.0,501625.0,2395,Oracle Park,day,R
567479,2019-08-12,2019,BAL,NYY,110,147,5,8,13,1,9,0,593679.0,Gabriel Ynoa,572020.0,James Paxton,572020.0,593679.0,3313,Yankee Stadium,day,R
567518,2019-08-12,2019,BAL,NYY,110,147,8,11,19,1,9,0,621389.0,Ty Blach,643338.0,Chad Green,573009.0,621389.0,3313,Yankee Stadium,night,R
565952,2019-08-12,2019,CIN,WSH,113,120,6,7,13,1,9,0,543101.0,Anthony DeSclafani,607200.0,Erick Fedde,607200.0,543101.0,3309,Nationals Park,night,R
566922,2019-08-12,2019,TEX,TOR,140,141,4,19,23,1,9,0,642558.0,Ariel Jurado,519166.0,Neil Ramírez,592779.0,642558.0,14,Rogers Centre,night,R
565378,2019-08-12,2019,BOS,CLE,111,114,5,6,11,1,9,0,593958.0,Eduardo Rodriguez,668676.0,Zach Plesac,543272.0,519393.0,5,Progressive Field,night,R
565470,2019-08-13,2019,ARI,COL,109,115,8,6,14,0,9,0,518876.0,Merrill Kelly,663567.0,Peter Lambert,518876.0,518452.0,19,Coors Field,night,R
564791,2019-08-13,2019,PIT,LAA,134,108,10,2,12,0,9,0,656605.0,Mitch Keller,660761.0,José Suarez,656605.0,660761.0,1,Angel Stadium,night,R
566334,2019-08-13,2019,TB,SD,139,135,10,4,14,0,9,0,650895.0,Diego Castillo,664192.0,Joey Lucchesi,643493.0,664192.0,2680,Petco Park,night,R
567322,2019-08-13,2019,HOU,CWS,117,145,0,0,0,0,9,0,,,,,,,4,Guaranteed Rate Field,night,R
567323,2019-08-13,2019,HOU,CWS,117,145,6,2,8,0,9,0,425844.0,Zack Greinke,656302.0,Dylan Cease,425844.0,656302.0,4,Guaranteed Rate Field,day,R
567322,2019-08-13,2019,HOU,CWS,117,145,1,4,5,1,9,0,543037.0,Gerrit Cole,467100.0,Iván Nova,467100.0,606965.0,4,Guaranteed Rate Field,day,R
565953,2019-08-13,2019,CIN,WSH,113,120,1,3,4,1,9,0,622072.0,Alex Wood,605452.0,Joe Ross,605452.0,622072.0,3309,Nationals Park,night,R
567119,2019-08-13,2019,CHC,PHI,112,143,2,4,6,1,9,0,500779.0,Jose Quintana,450306.0,Jason Vargas,453284.0,594986.0,2681,Citizens Bank Park,night,R
567519,2019-08-13,2019,BAL,NYY,110,147,3,8,11,1,9,0,607644.0,John Means,593334.0,Domingo Germán,593334.0,607644.0,3313,Yankee Stadium,night,R
566923,2019-08-13,2019,TEX,TOR,140,141,0,3,3,1,9,0,458681.0,Lance Lynn,623381.0,Thomas Pannone,623381.0,458681.0,14,Rogers Centre,night,R
565379,2019-08-13,2019,BOS,CLE,111,114,7,6,13,0,10,1,519242.0,Chris Sale,605182.0,Mike Clevinger,519443.0,621295.0,5,Progressive Field,night,R
565568,2019-08-13,2019,SEA,DET,136,116,11,6,17,0,9,0,579328.0,Yusei Kikuchi,571510.0,Matthew Boyd,665093.0,571510.0,2394,Comerica Park,night,R
567420,2019-08-13,2019,LAD,MIA,119,146,15,1,16,0,9,0,669160.0,Dustin May,657141.0,Jordan Yamamoto,669160.0,657141.0,4169,Marlins Park,night,R
567224,2019-08-13,2019,NYM,ATL,121,144,3,5,8,1,9,0,554430.0,Zack Wheeler,608331.0,Max Fried,608331.0,554430.0,4705,SunTrust Park,night,R
567612,2019-08-14,2019,MIN,MIL,142,158,7,5,12,0,9,0,527048.0,Martín Pérez,502624.0,Chase Anderson,608648.0,519141.0,32,Miller Park,night,R
565760,2019-08-14,2019,STL,KC,138,118,2,0,2,0,9,0,656427.0,Jack Flaherty,642098.0,Glenn Sparkman,656427.0,642098.0,7,Kauffman Stadium,night,R
565471,2019-08-14,2019,ARI,COL,109,115,9,3,12,0,9,0,668678.0,Zac Gallen,656546.0,Jeff Hoffman,656464.0,656546.0,19,Coors Field,night,R
566531,2019-08-14,2019,OAK,SF,133,137,2,3,5,1,9,0,474463.0,Brett Anderson,518516.0,Madison Bumgarner,518516.0,474463.0,2395,Oracle Park,night,R
564792,2019-08-14,2019,PIT,LAA,134,108,10,7,17,0,9,0,592866.0,Trevor Williams,656288.0,Griffin Canning,592866.0,518566.0,1,Angel Stadium,night,R
566335,2019-08-14,2019,TB,SD,139,135,7,5,12,0,9,0,656713.0,Brendan McKay,641778.0,Eric Lauer,623433.0,673258.0,2680,Petco Park,night,R
566924,2019-08-14,2019,TEX,TOR,140,141,7,3,10,0,9,0,663465.0,Kolby Allard,656887.0,Sean Reid-Foley,663465.0,656887.0,14,Rogers Centre,day,R
567520,2019-08-14,2019,BAL,NYY,110,147,5,6,11,1,9,0,605164.0,Dylan Bundy,457918.0,J.A. Happ,457918.0,605164.0,3313,Yankee Stadium,day,R
565380,2019-08-14,2019,BOS,CLE,111,114,5,1,6,0,9,0,598271.0,Brian Johnson,669456.0,Shane Bieber,543135.0,669456.0,5,Progressive Field,day,R
567324,2019-08-14,2019,HOU,CWS,117,145,9,13,22,1,9,0,489119.0,Wade Miley,446321.0,Ross Detwiler,517008.0,519151.0,4,Guaranteed Rate Field,day,R
567613,2019-08-14,2019,MIN,MIL,142,158,5,6,11,1,9,0,502043.0,Kyle Gibson,461829.0,Gio Gonzalez,448855.0,489265.0,32,Miller Park,day,R
565472,2019-08-14,2019,ARI,COL,109,115,6,7,13,1,9,0,592662.0,Robbie Ray,607536.0,Kyle Freeland,623184.0,605151.0,19,Coors Field,day,R
566336,2019-08-14,2019,TB,SD,139,135,2,7,9,1,9,0,656222.0,Jalen Beeks,615698.0,Cal Quantrill,615698.0,656222.0,2680,Petco Park,day,R
566532,2019-08-14,2019,OAK,SF,133,137,9,5,14,0,9,0,456701.0,Homer Bailey,595881.0,Tyler Beede,456701.0,595881.0,2395,Oracle Park,day,R
565954,2019-08-14,2019,CIN,WSH,113,120,7,17,24,1,9,0,545333.0,Trevor Bauer,544931.0,Stephen Strasburg,544931.0,545333.0,3309,Nationals Park,day,R
567120,2019-08-14,2019,CHC,PHI,112,143,1,11,12,1,9,0,430935.0,Cole Hamels,605400.0,Aaron Nola,605400.0,430935.0,2681,Citizens Bank Park,night,R
565569,2019-08-14,2019,SEA,DET,136,116,2,3,5,1,9,0,594835.0,Marco Gonzales,429719.0,Edwin Jackson,429719.0,594835.0,2394,Comerica Park,night,R
567421,2019-08-14,2019,LAD,MIA,119,146,9,1,10,0,9,0,477132.0,Clayton Kershaw,622694.0,Elieser Hernández,477132.0,622694.0,4169,Marlins Park,night,R
567225,2019-08-14,2019,NYM,ATL,121,144,4,6,10,1,9,0,571927.0,Steven Matz,572971.0,Dallas Keuchel,455119.0,607625.0,4705,SunTrust Park,night,R
564793,2019-08-15,2019,PIT,LAA,134,108,4,7,11,1,9,0,502042.0,Chris Archer,596071.0,Dillon Peters,596071.0,502042.0,1,Angel Stadium,night,R
565761,2019-08-15,2019,STL,KC,138,118,6,0,6,0,9,0,641712.0,Dakota Hudson,641745.0,Brad Keller,641712.0,641745.0,7,Kauffman Stadium,night,R
565570,2019-08-15,2019,SEA,DET,136,116,7,2,9,0,9,0,605538.0,Matt Wisler,605513.0,Spencer Turnbull,543548.0,605513.0,2394,Comerica Park,day,R
567422,2019-08-15,2019,LAD,MIA,119,146,7,13,20,1,9,0,621111.0,Walker Buehler,592761.0,Caleb Smith,592761.0,621111.0,4169,Marlins Park,day,R
567121,2019-08-15,2019,CHC,PHI,112,143,5,7,12,1,9,0,506433.0,Yu Darvish,592767.0,Drew Smyly,624133.0,467008.0,2681,Citizens Bank Park,night,R
567521,2019-08-15,2019,CLE,NYY,114,147,19,5,24,0,9,0,592644.0,Adam Plutko,643338.0,Chad Green,592644.0,643338.0,3313,Yankee Stadium,night,R
565281,2019-08-15,2019,STL,CIN,138,113,1,2,3,1,9,0,608379.0,Michael Wacha,543243.0,Sonny Gray,543243.0,608379.0,2602,Great American Ball Park,night,R
567226,2019-08-15,2019,NYM,ATL,121,144,10,8,18,0,9,0,573186.0,Marcus Stroman,527054.0,Julio Teheran,573186.0,527054.0,4705,SunTrust Park,night,R
566826,2019-08-16,2019,MIN,TEX,142,140,13,6,19,0,9,0,501381.0,Michael Pineda,622797.0,Pedro Payano,501381.0,622797.0,13,Globe Life Park in Arlington,night,R
564888,2019-08-16,2019,SF,ARI,137,109,7,0,7,0,9,0,605446.0,Dereck Rodríguez,622065.0,Alex Young,605446.0,622065.0,15,Chase Field,night,R
566144,2019-08-16,2019,HOU,OAK,117,133,6,7,13,1,9,0,592717.0,Aaron Sanchez,571666.0,Mike Fiers,518617.0,606965.0,10,Oakland Coliseum,night,R
564794,2019-08-16,2019,CWS,LAA,145,108,7,8,15,1,9,0,625643.0,Reynaldo López,571760.0,Andrew Heaney,571760.0,625643.0,1,Angel Stadium,night,R
566236,2019-08-16,2019,CHC,PIT,112,134,2,3,5,1,9,0,543294.0,Kyle Hendricks,605397.0,Joe Musgrove,605309.0,445213.0,31,PNC Park,night,R
567122,2019-08-16,2019,SD,PHI,135,143,4,8,12,1,9,0,663978.0,Chris Paddack,592826.0,Vince Velasquez,592826.0,663978.0,2681,Citizens Bank Park,night,R
567522,2019-08-16,2019,CLE,NYY,114,147,2,3,5,1,9,0,650644.0,Aaron Civale,547888.0,Masahiro Tanaka,547888.0,650644.0,3313,Yankee Stadium,night,R
565955,2019-08-16,2019,MIL,WSH,158,120,1,2,3,1,9,0,605288.0,Adrian Houser,571578.0,Patrick Corbin,519326.0,448855.0,3309,Nationals Park,night,R
566925,2019-08-16,2019,SEA,TOR,136,141,3,7,10,1,9,0,605538.0,Matt Wisler,621097.0,Jacob Waguespack,621097.0,453281.0,14,Rogers Centre,night,R
565090,2019-08-16,2019,BAL,BOS,110,111,1,9,10,1,9,0,605156.0,Aaron Brooks,519144.0,Rick Porcello,519144.0,605156.0,3,Fenway Park,night,R
565282,2019-08-16,2019,STL,CIN,138,113,13,4,17,0,9,0,425794.0,Adam Wainwright,622491.0,Luis Castillo,425794.0,622491.0,2602,Great American Ball Park,night,R
566723,2019-08-16,2019,DET,TB,116,139,2,0,2,0,9,0,596057.0,Daniel Norris,450203.0,Charlie Morton,572403.0,450203.0,12,Tropicana Field,night,R
567227,2019-08-16,2019,LAD,ATL,119,144,8,3,11,0,9,0,628317.0,Kenta Maeda,647336.0,Michael Soroka,592473.0,656794.0,4705,SunTrust Park,night,R
566827,2019-08-17,2019,MIN,TEX,142,140,4,3,7,0,9,0,543606.0,Jake Odorizzi,501985.0,Mike Minor,608648.0,501985.0,13,Globe Life Park in Arlington,night,R
565762,2019-08-17,2019,NYM,KC,121,118,1,4,5,1,9,0,592789.0,Noah Syndergaard,543557.0,Mike Montgomery,543557.0,592789.0,7,Kauffman Stadium,night,R
565473,2019-08-17,2019,MIA,COL,146,115,0,3,3,1,9,0,645261.0,Sandy Alcantara,592351.0,Jon Gray,592351.0,645261.0,19,Coors Field,night,R
564889,2019-08-17,2019,SF,ARI,137,109,10,9,19,0,11,1,502188.0,Jeff Samardzija,502190.0,Mike Leake,519293.0,661255.0,15,Chase Field,night,R
566145,2019-08-17,2019,HOU,OAK,117,133,2,3,5,1,13,1,434378.0,Justin Verlander,543699.0,Tanner Roark,642152.0,605482.0,10,Oakland Coliseum,night,R
564795,2019-08-17,2019,CWS,LAA,145,108,7,2,9,0,9,0,608337.0,Lucas Giolito,663776.0,Patrick Sandoval,608337.0,663776.0,1,Angel Stadium,night,R
567523,2019-08-17,2019,CLE,NYY,114,147,5,6,11,1,9,0,668676.0,Zach Plesac,572020.0,James Paxton,572020.0,668676.0,3313,Yankee Stadium,day,R
566237,2019-08-17,2019,CHC,PIT,112,134,2,0,2,0,9,0,452657.0,Jon Lester,643230.0,Steven Brault,452657.0,643230.0,31,PNC Park,day,R
566926,2019-08-17,2019,SEA,TOR,136,141,4,3,7,0,9,0,596035.0,Reggie McClain,663423.0,Trent Thornton,542914.0,641835.0,14,Rogers Centre,day,R
566146,2019-08-17,2019,HOU,OAK,117,133,4,8,12,1,9,0,660494.0,Rogelio Armenteros,605135.0,Chris Bassitt,605135.0,660494.0,10,Oakland Coliseum,day,R
566724,2019-08-17,2019,DET,TB,116,139,0,1,1,1,13,1,519455.0,Jordan Zimmermann,642232.0,Ryan Yarbrough,621363.0,664180.0,12,Tropicana Field,night,R
565283,2019-08-17,2019,STL,CIN,138,113,1,6,7,1,9,0,571945.0,Miles Mikolas,543101.0,Anthony DeSclafani,543101.0,571945.0,2602,Great American Ball Park,night,R
567123,2019-08-17,2019,SD,PHI,135,143,5,3,8,0,9,0,659275.0,Dinelson Lamet,621107.0,Zach Eflin,659275.0,601713.0,2681,Citizens Bank Park,night,R
565956,2019-08-17,2019,MIL,WSH,158,120,15,14,29,0,14,1,543475.0,Jordan Lyles,434671.0,Aníbal Sánchez,448855.0,457915.0,3309,Nationals Park,night,R
565091,2019-08-17,2019,BAL,BOS,110,111,0,4,4,1,9,0,592879.0,Asher Wojciechowski,593958.0,Eduardo Rodriguez,593958.0,592879.0,3,Fenway Park,night,R
565763,2019-08-17,2019,NYM,KC,121,118,4,1,5,0,9,0,594798.0,Jacob deGrom,596001.0,Jakob Junis,594798.0,596001.0,7,Kauffman Stadium,night,R
567228,2019-08-17,2019,LAD,ATL,119,144,3,4,7,1,9,0,547943.0,Hyun Jin Ryu,592314.0,Mike Foltynewicz,656794.0,547943.0,4705,SunTrust Park,night,R
566828,2019-08-18,2019,MIN,TEX,142,140,12,7,19,0,9,0,621244.0,José Berríos,642558.0,Ariel Jurado,608648.0,642558.0,13,Globe Life Park in Arlington,night,R
564890,2019-08-18,2019,SF,ARI,137,109,11,6,17,0,9,0,657277.0,Logan Webb,664199.0,Taylor Clarke,657277.0,664199.0,15,Chase Field,night,R
565474,2019-08-18,2019,MIA,COL,146,115,4,11,15,1,9,0,456051.0,Hector Noesí,608566.0,Germán Márquez,608566.0,456051.0,19,Coors Field,night,R
564796,2019-08-18,2019,CWS,LAA,145,108,5,6,11,1,9,0,502327.0,Héctor Santiago,598287.0,Noé Ramirez,518566.0,605359.0,1,Angel Stadium,night,R
565092,2019-08-18,2019,BAL,BOS,110,111,7,13,20,1,9,0,621389.0,Ty Blach,543135.0,Nathan Eovaldi,519393.0,643316.0,3,Fenway Park,day,R
567124,2019-08-18,2019,SD,PHI,135,143,3,2,5,0,9,0,664192.0,Joey Lucchesi,450306.0,Jason Vargas,664192.0,453172.0,2681,Citizens Bank Park,day,R
567524,2019-08-18,2019,CLE,NYY,114,147,8,4,12,0,9,0,605182.0,Mike Clevinger,282332.0,CC Sabathia,605182.0,282332.0,3313,Yankee Stadium,day,R
566927,2019-08-18,2019,SEA,TOR,136,141,7,0,7,0,9,0,579328.0,Yusei Kikuchi,521655.0,Wilmer Font,579328.0,521655.0,14,Rogers Centre,day,R
565284,2019-08-18,2019,STL,CIN,138,113,5,4,9,0,9,0,656427.0,Jack Flaherty,622072.0,Alex Wood,656427.0,622072.0,2602,Great American Ball Park,day,R
566725,2019-08-18,2019,DET,TB,116,139,4,5,9,1,9,0,571510.0,Matthew Boyd,670950.0,Trevor Richards,621237.0,641729.0,12,Tropicana Field,day,R
567229,2019-08-18,2019,LAD,ATL,119,144,3,5,8,1,9,0,664062.0,Tony Gonsolin,608331.0,Max Fried,461872.0,669160.0,4705,SunTrust Park,day,R
565957,2019-08-18,2019,MIL,WSH,158,120,8,16,24,1,9,0,502624.0,Chase Anderson,607200.0,Erick Fedde,607200.0,502624.0,3309,Nationals Park,day,R
565764,2019-08-18,2019,NYM,KC,121,118,11,5,16,0,9,0,554430.0,Zack Wheeler,642098.0,Glenn Sparkman,544727.0,641838.0,7,Kauffman Stadium,day,R
566829,2019-08-18,2019,MIN,TEX,142,140,6,3,9,0,9,0,527048.0,Martín Pérez,458681.0,Lance Lynn,473879.0,661403.0,13,Globe Life Park in Arlington,day,R
565475,2019-08-18,2019,MIA,COL,146,115,6,7,13,1,10,1,657141.0,Jordan Yamamoto,663567.0,Peter Lambert,608032.0,656257.0,19,Coors Field,day,R
566147,2019-08-18,2019,HOU,OAK,117,133,4,1,5,0,9,0,425844.0,Zack Greinke,474463.0,Brett Anderson,425844.0,474463.0,10,Oakland Coliseum,day,R
564797,2019-08-18,2019,CWS,LAA,145,108,2,9,11,1,9,0,656302.0,Dylan Cease,656288.0,Griffin Canning,656288.0,656302.0,1,Angel Stadium,day,R
564891,2019-08-18,2019,SF,ARI,137,109,1,6,7,1,9,0,518516.0,Madison Bumgarner,518876.0,Merrill Kelly,518876.0,518516.0,15,Chase Field,day,R
566238,2019-08-18,2019,CHC,PIT,112,134,7,1,8,0,9,0,500779.0,Jose Quintana,656605.0,Mitch Keller,500779.0,656605.0,2735,BB&T Ballpark,night,R
564991,2019-08-19,2019,KC,BAL,118,110,5,4,9,0,9,0,605347.0,Jorge López,607644.0,John Means,605347.0,607644.0,2,Oriole Park at Camden Yards,night,R
566239,2019-08-19,2019,WSH,PIT,120,134,13,0,13,0,9,0,605452.0,Joe Ross,592866.0,Trevor Williams,457915.0,592866.0,31,PNC Park,night,R
565285,2019-08-19,2019,SD,CIN,135,113,3,2,5,0,9,0,641778.0,Eric Lauer,545333.0,Trevor Bauer,606131.0,545333.0,2602,Great American Ball Park,night,R
566726,2019-08-19,2019,SEA,TB,136,139,9,3,12,0,9,0,594835.0,Marco Gonzales,656713.0,Brendan McKay,594835.0,656713.0,12,Tropicana Field,night,R
566625,2019-08-19,2019,MIL,STL,158,138,0,3,3,1,9,0,605200.0,Zach Davies,641712.0,Dakota Hudson,641712.0,605200.0,2889,Busch Stadium,night,R
566830,2019-08-20,2019,LAA,TEX,108,140,7,8,15,1,11,1,596071.0,Dillon Peters,663465.0,Kolby Allard,606160.0,598287.0,13,Globe Life Park in Arlington,night,R
565664,2019-08-20,2019,DET,HOU,116,117,4,5,9,1,9,0,429719.0,Edwin Jackson,489119.0,Wade Miley,489119.0,429719.0,2392,Minute Maid Park,night,R
567024,2019-08-20,2019,CWS,MIN,145,142,6,4,10,0,9,0,467100.0,Iván Nova,502043.0,Kyle Gibson,467100.0,502043.0,3312,Target Field,night,R
564892,2019-08-20,2019,COL,ARI,115,109,3,5,8,1,9,0,592346.0,Chi Chi González,668678.0,Zac Gallen,661255.0,451584.0,15,Chase Field,night,R
566806,2019-08-20,2019,LAA,TEX,108,140,5,1,6,0,9,0,571760.0,Andrew Heaney,643478.0,Joe Palumbo,571760.0,643478.0,13,Globe Life Park in Arlington,day,R
566831,2019-08-21,2019,LAA,TEX,108,140,2,3,5,1,11,1,642545.0,Jaime Barria,656271.0,Brock Burke,661403.0,621142.0,13,Globe Life Park in Arlington,night,R
564992,2019-08-20,2019,KC,BAL,118,110,1,4,5,1,9,0,641745.0,Brad Keller,605164.0,Dylan Bundy,640451.0,606930.0,2,Oriole Park at Camden Yards,night,R
566240,2019-08-20,2019,WSH,PIT,120,134,1,4,5,1,9,0,544931.0,Stephen Strasburg,502042.0,Chris Archer,553878.0,593833.0,31,PNC Park,night,R
566045,2019-08-20,2019,CLE,NYM,114,121,2,9,11,1,9,0,669456.0,Shane Bieber,571927.0,Steven Matz,571927.0,669456.0,3289,Citi Field,night,R
565286,2019-08-20,2019,SD,CIN,135,113,2,3,5,1,9,0,615698.0,Cal Quantrill,543243.0,Sonny Gray,543243.0,615698.0,2602,Great American Ball Park,night,R
566727,2019-08-20,2019,SEA,TB,136,139,7,4,11,0,9,0,605538.0,Matt Wisler,650895.0,Diego Castillo,543548.0,656222.0,12,Tropicana Field,night,R
565093,2019-08-20,2019,PHI,BOS,143,111,3,2,5,0,9,0,605400.0,Aaron Nola,598271.0,Brian Johnson,605400.0,598271.0,3,Fenway Park,night,R
567230,2019-08-20,2019,MIA,ATL,146,144,1,5,6,1,9,0,622694.0,Elieser Hernández,572971.0,Dallas Keuchel,572971.0,641755.0,4705,SunTrust Park,night,R
566626,2019-08-20,2019,MIL,STL,158,138,4,9,13,1,9,0,461829.0,Gio Gonzalez,608379.0,Michael Wacha,643778.0,502026.0,2889,Busch Stadium,night,R
565184,2019-08-21,2019,SF,CHC,137,112,3,5,8,1,9,0,595881.0,Tyler Beede,430935.0,Cole Hamels,430935.0,472551.0,17,Wrigley Field,night,R
565665,2019-08-21,2019,DET,HOU,116,117,3,6,9,1,9,0,605513.0,Spencer Turnbull,592717.0,Aaron Sanchez,502748.0,605513.0,2392,Minute Maid Park,night,R
567025,2019-08-21,2019,CWS,MIN,145,142,4,14,18,1,9,0,625643.0,Reynaldo López,501381.0,Michael Pineda,501381.0,625643.0,3312,Target Field,night,R
564893,2019-08-21,2019,COL,ARI,115,109,7,8,15,1,9,0,607536.0,Kyle Freeland,622065.0,Alex Young,622065.0,607536.0,15,Chase Field,night,R
566148,2019-08-21,2019,NYY,OAK,147,133,2,6,8,1,9,0,593334.0,Domingo Germán,456701.0,Homer Bailey,456701.0,593334.0,10,Oakland Coliseum,night,R
565863,2019-08-21,2019,TOR,LAD,141,119,3,16,19,1,9,0,542953.0,Buddy Boshers,477132.0,Clayton Kershaw,477132.0,656887.0,22,Dodger Stadium,night,R
565287,2019-08-21,2019,SD,CIN,135,113,2,4,6,1,9,0,621381.0,Matt Strahm,622491.0,Luis Castillo,622491.0,642233.0,2602,Great American Ball Park,day,R
566728,2019-08-21,2019,SEA,TB,136,139,6,7,13,1,9,0,518715.0,Cory Gearrin,450203.0,Charlie Morton,641941.0,543483.0,12,Tropicana Field,day,R
567026,2019-08-21,2019,CWS,MIN,145,142,4,0,4,0,9,0,608337.0,Lucas Giolito,543606.0,Jake Odorizzi,608337.0,543606.0,3312,Target Field,day,R
564894,2019-08-21,2019,COL,ARI,115,109,7,2,9,0,9,0,543532.0,Tim Melville,502190.0,Mike Leake,543532.0,502190.0,15,Chase Field,day,R
564993,2019-08-21,2019,KC,BAL,118,110,1,8,9,1,9,0,543557.0,Mike Montgomery,605156.0,Aaron Brooks,605156.0,543557.0,2,Oriole Park at Camden Yards,night,R
566241,2019-08-21,2019,WSH,PIT,120,134,11,1,12,0,9,0,571578.0,Patrick Corbin,605397.0,Joe Musgrove,571578.0,605397.0,31,PNC Park,night,R
566832,2019-08-21,2019,LAA,TEX,108,140,7,8,15,1,9,0,663776.0,Patrick Sandoval,501985.0,Mike Minor,642546.0,502239.0,13,Globe Life Park in Arlington,night,R
566046,2019-08-21,2019,CLE,NYM,114,121,3,4,7,1,10,1,592644.0,Adam Plutko,573186.0,Marcus Stroman,501593.0,543272.0,3289,Citi Field,night,R
565094,2019-08-21,2019,PHI,BOS,143,111,5,2,7,0,9,0,592767.0,Drew Smyly,519144.0,Rick Porcello,453172.0,519144.0,3,Fenway Park,night,R
567231,2019-08-21,2019,MIA,ATL,146,144,0,5,5,1,9,0,592761.0,Caleb Smith,527054.0,Julio Teheran,527054.0,592761.0,4705,SunTrust Park,night,R
566627,2019-08-21,2019,MIL,STL,158,138,5,3,8,0,8,0,605288.0,Adrian Houser,425794.0,Adam Wainwright,605288.0,425794.0,2889,Busch Stadium,night,R
565185,2019-08-22,2019,SF,CHC,137,112,11,12,23,1,9,0,605446.0,Dereck Rodríguez,506433.0,Yu Darvish,445213.0,606625.0,17,Wrigley Field,night,R
565666,2019-08-22,2019,DET,HOU,116,117,2,1,3,0,9,0,596057.0,Daniel Norris,434378.0,Justin Verlander,571656.0,434378.0,2392,Minute Maid Park,night,R
566149,2019-08-22,2019,NYY,OAK,147,133,4,6,10,1,9,0,457918.0,J.A. Happ,571666.0,Mike Fiers,571666.0,457918.0,10,Oakland Coliseum,night,R
565864,2019-08-22,2019,TOR,LAD,141,119,1,2,3,1,10,1,521655.0,Wilmer Font,621111.0,Walker Buehler,520980.0,641835.0,22,Dodger Stadium,night,R
565085,2019-08-22,2019,KC,BOS,118,111,4,5,9,1,10,1,642098.0,Glenn Sparkman,593958.0,Eduardo Rodriguez,657031.0,663992.0,3,Fenway Park,day,R
565186,2019-08-22,2019,SF,CHC,137,112,0,1,1,1,9,0,502188.0,Jeff Samardzija,543294.0,Kyle Hendricks,543294.0,502188.0,17,Wrigley Field,day,R
566242,2019-08-22,2019,WSH,PIT,120,134,7,1,8,0,9,0,453286.0,Max Scherzer,643230.0,Steven Brault,519326.0,643230.0,31,PNC Park,night,R
564994,2019-08-22,2019,TB,BAL,139,110,5,2,7,0,9,0,642232.0,Ryan Yarbrough,592879.0,Asher Wojciechowski,543118.0,612434.0,2,Oriole Park at Camden Yards,night,R
566047,2019-08-22,2019,CLE,NYM,114,121,0,2,2,1,8,0,650644.0,Aaron Civale,592789.0,Noah Syndergaard,592789.0,650644.0,3289,Citi Field,night,R
567232,2019-08-22,2019,MIA,ATL,146,144,2,3,5,1,9,0,645261.0,Sandy Alcantara,647336.0,Michael Soroka,453343.0,592773.0,4705,SunTrust Park,night,R
566628,2019-08-22,2019,COL,STL,115,138,5,6,11,1,9,0,608566.0,Germán Márquez,571945.0,Miles Mikolas,608678.0,622075.0,2889,Busch Stadium,night,R
565667,2019-08-23,2019,DET,HOU,116,117,3,6,9,1,9,0,519455.0,Jordan Zimmermann,543037.0,Gerrit Cole,543037.0,519455.0,2392,Minute Maid Park,night,R
567325,2019-08-23,2019,TEX,CWS,140,145,1,6,7,1,9,0,642558.0,Ariel Jurado,446321.0,Ross Detwiler,446321.0,642558.0,4,Guaranteed Rate Field,night,R
566150,2019-08-23,2019,NYY,OAK,147,133,3,5,8,1,9,0,547888.0,Masahiro Tanaka,543699.0,Tanner Roark,543699.0,547888.0,10,Oakland Coliseum,night,R
565865,2019-08-23,2019,TOR,LAD,141,119,2,3,5,1,9,0,621097.0,Jacob Waguespack,628317.0,Kenta Maeda,594987.0,571882.0,22,Dodger Stadium,night,R
565187,2019-08-23,2019,WSH,CHC,120,112,9,3,12,0,9,0,434671.0,Aníbal Sánchez,452657.0,Jon Lester,434671.0,452657.0,17,Wrigley Field,day,R
566243,2019-08-23,2019,CIN,PIT,113,134,2,3,5,1,9,0,543101.0,Anthony DeSclafani,656605.0,Mitch Keller,553878.0,628452.0,31,PNC Park,night,R
564995,2019-08-23,2019,TB,BAL,139,110,7,1,8,0,9,0,670950.0,Trevor Richards,621389.0,Ty Blach,670950.0,621389.0,2,Oriole Park at Camden Yards,night,R
565381,2019-08-23,2019,KC,CLE,118,114,1,4,5,1,9,0,596001.0,Jakob Junis,668676.0,Zach Plesac,668676.0,596001.0,5,Progressive Field,night,R
566048,2019-08-23,2019,ATL,NYM,144,121,2,1,3,0,14,1,592314.0,Mike Foltynewicz,594798.0,Jacob deGrom,592426.0,544727.0,3289,Citi Field,night,R
567423,2019-08-23,2019,PHI,MIA,143,146,11,19,30,1,9,0,592826.0,Vince Velasquez,456051.0,Hector Noesí,641755.0,601713.0,4169,Marlins Park,night,R
565668,2019-08-24,2019,LAA,HOU,108,117,4,5,9,1,9,0,660761.0,José Suarez,425844.0,Zack Greinke,425844.0,660761.0,2392,Minute Maid Park,night,R
567027,2019-08-24,2019,DET,MIN,116,142,9,6,15,0,9,0,572403.0,Drew VerHagen,621244.0,José Berríos,572403.0,621244.0,3312,Target Field,night,R
567326,2019-08-24,2019,TEX,CWS,140,145,3,8,11,1,9,0,458681.0,Lance Lynn,656302.0,Dylan Cease,656302.0,458681.0,4,Guaranteed Rate Field,night,R
567614,2019-08-24,2019,ARI,MIL,109,158,1,6,7,1,9,0,518876.0,Merrill Kelly,543475.0,Jordan Lyles,543475.0,518876.0,32,Miller Park,night,R
566629,2019-08-24,2019,COL,STL,115,138,3,8,11,1,9,0,663567.0,Peter Lambert,656427.0,Jack Flaherty,656427.0,663567.0,2889,Busch Stadium,night,R
566337,2019-08-24,2019,BOS,SD,111,135,11,0,11,0,9,0,593958.0,Eduardo Rodriguez,663978.0,Chris Paddack,593958.0,663978.0,2680,Petco Park,night,R
566435,2019-08-24,2019,TOR,SEA,141,136,4,7,11,1,9,0,663423.0,Trent Thornton,656954.0,Justus Sheffield,605538.0,543208.0,680,T-Mobile Park,night,R
565866,2019-08-24,2019,NYY,LAD,147,119,10,2,12,0,9,0,572020.0,James Paxton,547943.0,Hyun Jin Ryu,572020.0,547943.0,22,Dodger Stadium,night,R
565188,2019-08-24,2019,WSH,CHC,120,112,7,2,9,0,9,0,605452.0,Joe Ross,500779.0,Jose Quintana,593833.0,500779.0,17,Wrigley Field,day,R
565867,2019-08-24,2019,NYY,LAD,147,119,1,2,3,1,9,0,282332.0,CC Sabathia,664062.0,Tony Gonsolin,664062.0,282332.0,22,Dodger Stadium,day,R
567424,2019-08-24,2019,PHI,MIA,143,146,9,3,12,0,9,0,621107.0,Zach Eflin,657141.0,Jordan Yamamoto,621107.0,657141.0,4169,Marlins Park,night,R
566244,2019-08-24,2019,CIN,PIT,113,134,0,14,14,1,9,0,622072.0,Alex Wood,592866.0,Trevor Williams,592866.0,622072.0,31,PNC Park,night,R
564996,2019-08-24,2019,TB,BAL,139,110,1,7,8,1,9,0,621237.0,José Alvarado,607644.0,John Means,607644.0,621237.0,2,Oriole Park at Camden Yards,night,R
565669,2019-08-24,2019,LAA,HOU,108,117,2,5,7,1,9,0,596071.0,Dillon Peters,489119.0,Wade Miley,489119.0,596071.0,2392,Minute Maid Park,night,R
565382,2019-08-24,2019,KC,CLE,118,114,2,4,6,1,9,0,642098.0,Glenn Sparkman,605182.0,Mike Clevinger,605182.0,642098.0,5,Progressive Field,night,R
567028,2019-08-24,2019,DET,MIN,116,142,5,8,13,1,9,0,429719.0,Edwin Jackson,502043.0,Kyle Gibson,502043.0,429719.0,3312,Target Field,night,R
566049,2019-08-24,2019,ATL,NYM,144,121,9,5,14,0,9,0,608331.0,Max Fried,554430.0,Zack Wheeler,458708.0,542960.0,3289,Citi Field,night,R
567327,2019-08-24,2019,TEX,CWS,140,145,4,0,4,0,9,0,663465.0,Kolby Allard,467100.0,Iván Nova,663465.0,467100.0,4,Guaranteed Rate Field,night,R
567615,2019-08-24,2019,ARI,MIL,109,158,0,4,4,1,9,0,668678.0,Zac Gallen,502624.0,Chase Anderson,502624.0,668678.0,32,Miller Park,night,R
566630,2019-08-24,2019,COL,STL,115,138,0,6,6,1,9,0,592346.0,Chi Chi González,641712.0,Dakota Hudson,641712.0,592346.0,2889,Busch Stadium,night,R
566338,2019-08-25,2019,BOS,SD,111,135,5,4,9,0,9,0,543135.0,Nathan Eovaldi,659275.0,Dinelson Lamet,598264.0,489446.0,2680,Petco Park,night,R
566151,2019-08-25,2019,SF,OAK,137,133,10,5,15,0,9,0,518516.0,Madison Bumgarner,605135.0,Chris Bassitt,656322.0,433589.0,10,Oakland Coliseum,night,R
566436,2019-08-25,2019,TOR,SEA,141,136,7,5,12,0,9,0,521655.0,Wilmer Font,433587.0,Félix Hernández,592779.0,596035.0,680,T-Mobile Park,night,R
564997,2019-08-25,2019,TB,BAL,139,110,3,8,11,1,9,0,650895.0,Diego Castillo,605164.0,Dylan Bundy,605164.0,650895.0,2,Oriole Park at Camden Yards,day,R
565383,2019-08-25,2019,KC,CLE,118,114,9,8,17,0,10,1,607215.0,Eric Skoglund,669456.0,Shane Bieber,453178.0,580792.0,5,Progressive Field,day,R
566050,2019-08-25,2019,ATL,NYM,144,121,2,1,3,0,9,0,572971.0,Dallas Keuchel,571927.0,Steven Matz,572971.0,571927.0,3289,Citi Field,day,R
567425,2019-08-25,2019,PHI,MIA,143,146,2,3,5,1,9,0,605400.0,Aaron Nola,622694.0,Elieser Hernández,622694.0,605400.0,4169,Marlins Park,day,R
566245,2019-08-25,2019,CIN,PIT,113,134,8,9,17,1,9,0,545333.0,Trevor Bauer,642607.0,Dario Agrazal,642607.0,545333.0,31,PNC Park,day,R
565670,2019-08-25,2019,LAA,HOU,108,117,2,11,13,1,9,0,642545.0,Jaime Barria,664285.0,Framber Valdez,664285.0,642545.0,2392,Minute Maid Park,day,R
567029,2019-08-25,2019,DET,MIN,116,142,4,7,11,1,9,0,571510.0,Matthew Boyd,527048.0,Martín Pérez,527048.0,571510.0,3312,Target Field,day,R
567328,2019-08-25,2019,TEX,CWS,140,145,0,2,2,1,9,0,656271.0,Brock Burke,625643.0,Reynaldo López,625643.0,656271.0,4,Guaranteed Rate Field,day,R
567616,2019-08-25,2019,ARI,MIL,109,158,5,2,7,0,9,0,592662.0,Robbie Ray,605200.0,Zach Davies,592662.0,605200.0,32,Miller Park,day,R
566631,2019-08-25,2019,COL,STL,115,138,4,11,15,1,9,0,622608.0,Antonio Senzatela,608379.0,Michael Wacha,664854.0,622608.0,2889,Busch Stadium,day,R
565189,2019-08-25,2019,WSH,CHC,120,112,7,5,12,0,11,1,544931.0,Stephen Strasburg,430935.0,Cole Hamels,543339.0,543022.0,17,Wrigley Field,day,R
566152,2019-08-25,2019,SF,OAK,137,133,5,4,9,0,9,0,657277.0,Logan Webb,474463.0,Brett Anderson,656322.0,518617.0,10,Oakland Coliseum,day,R
566339,2019-08-25,2019,BOS,SD,111,135,1,3,4,1,9,0,598271.0,Brian Johnson,664192.0,Joey Lucchesi,664192.0,598271.0,2680,Petco Park,day,R
566437,2019-08-25,2019,TOR,SEA,141,136,1,3,4,1,9,0,453329.0,Clay Buchholz,594835.0,Marco Gonzales,594835.0,453329.0,680,T-Mobile Park,day,R
565868,2019-08-25,2019,NYY,LAD,147,119,5,1,6,0,9,0,593334.0,Domingo Germán,477132.0,Clayton Kershaw,593334.0,477132.0,22,Dodger Stadium,day,R
565418,2019-08-26,2019,ATL,COL,144,115,1,3,4,1,9,0,527054.0,Julio Teheran,543532.0,Tim Melville,545064.0,461872.0,19,Coors Field,day,R
567125,2019-08-26,2019,PIT,PHI,134,143,5,6,11,1,11,1,605397.0,Joe Musgrove,450306.0,Jason Vargas,573046.0,593140.0,2681,Citizens Bank Park,night,R
567617,2019-08-26,2019,STL,MIL,138,158,12,2,14,0,9,0,425794.0,Adam Wainwright,461829.0,Gio Gonzalez,607231.0,461829.0,32,Miller Park,night,R
567426,2019-08-26,2019,CIN,MIA,113,146,6,3,9,0,9,0,543243.0,Sonny Gray,641154.0,Pablo López,543243.0,641154.0,4169,Marlins Park,night,R
565765,2019-08-27,2019,OAK,KC,133,118,19,4,23,0,9,0,456701.0,Homer Bailey,641745.0,Brad Keller,456701.0,641745.0,7,Kauffman Stadium,night,R
566533,2019-08-27,2019,ARI,SF,109,137,6,4,10,0,9,0,622065.0,Alex Young,595881.0,Tyler Beede,622065.0,595881.0,2395,Oracle Park,night,R
566340,2019-08-27,2019,LAD,SD,119,135,3,4,7,1,9,0,669160.0,Dustin May,641778.0,Eric Lauer,641778.0,669160.0,2680,Petco Park,night,R
566438,2019-08-27,2019,NYY,SEA,147,136,5,4,9,0,9,0,457918.0,J.A. Happ,605538.0,Matt Wisler,457918.0,543548.0,680,T-Mobile Park,night,R
565958,2019-08-27,2019,BAL,WSH,110,120,2,0,2,0,9,0,605156.0,Aaron Brooks,571578.0,Patrick Corbin,605156.0,571578.0,3309,Nationals Park,night,R
567126,2019-08-27,2019,PIT,PHI,134,143,5,4,9,0,9,0,643230.0,Steven Brault,592767.0,Drew Smyly,553878.0,593576.0,2681,Citizens Bank Park,night,R
566928,2019-08-27,2019,ATL,TOR,144,141,1,3,4,1,9,0,647336.0,Michael Soroka,521655.0,Wilmer Font,643327.0,647336.0,14,Rogers Centre,night,R
565571,2019-08-27,2019,CLE,DET,114,116,10,1,11,0,9,0,592644.0,Adam Plutko,605513.0,Spencer Turnbull,592644.0,605513.0,2394,Comerica Park,night,R
566051,2019-08-27,2019,CHC,NYM,112,121,5,2,7,0,9,0,506433.0,Yu Darvish,573186.0,Marcus Stroman,506433.0,573186.0,3289,Citi Field,night,R
567427,2019-08-27,2019,CIN,MIA,113,146,8,5,13,0,9,0,622491.0,Luis Castillo,592761.0,Caleb Smith,622491.0,592761.0,4169,Marlins Park,night,R
567618,2019-08-27,2019,STL,MIL,138,158,6,3,9,0,9,0,571945.0,Miles Mikolas,605288.0,Adrian Houser,571945.0,458006.0,32,Miller Park,night,R
565671,2019-08-28,2019,TB,HOU,139,117,1,15,16,1,9,0,450203.0,Charlie Morton,434378.0,Justin Verlander,434378.0,450203.0,2392,Minute Maid Park,night,R
567329,2019-08-28,2019,MIN,CWS,142,145,3,1,4,0,9,0,501381.0,Michael Pineda,608337.0,Lucas Giolito,501381.0,608337.0,4,Guaranteed Rate Field,night,R
565766,2019-08-28,2019,OAK,KC,133,118,2,1,3,0,9,0,571666.0,Mike Fiers,543557.0,Mike Montgomery,571666.0,543557.0,7,Kauffman Stadium,night,R
565476,2019-08-28,2019,BOS,COL,111,115,10,6,16,0,9,0,519144.0,Rick Porcello,670329.0,Rico Garcia,519144.0,670329.0,19,Coors Field,night,R
566534,2019-08-28,2019,ARI,SF,109,137,3,2,5,0,9,0,502190.0,Mike Leake,502188.0,Jeff Samardzija,502190.0,656322.0,2395,Oracle Park,night,R
564798,2019-08-28,2019,TEX,LAA,140,108,2,5,7,1,9,0,501985.0,Mike Minor,571760.0,Andrew Heaney,600887.0,501985.0,1,Angel Stadium,night,R
566341,2019-08-28,2019,LAD,SD,119,135,9,0,9,0,9,0,621111.0,Walker Buehler,615698.0,Cal Quantrill,621111.0,615698.0,2680,Petco Park,night,R
566439,2019-08-28,2019,NYY,SEA,147,136,7,0,7,0,9,0,547888.0,Masahiro Tanaka,579328.0,Yusei Kikuchi,547888.0,579328.0,680,T-Mobile Park,night,R
567619,2019-08-28,2019,STL,MIL,138,158,1,4,5,1,9,0,656427.0,Jack Flaherty,543475.0,Jordan Lyles,543475.0,656427.0,32,Miller Park,day,R
566440,2019-08-28,2019,NYY,SEA,147,136,7,3,10,0,9,0,572020.0,James Paxton,656954.0,Justus Sheffield,572020.0,656954.0,680,T-Mobile Park,day,R
567127,2019-08-28,2019,PIT,PHI,134,143,3,12,15,1,9,0,656605.0,Mitch Keller,592826.0,Vince Velasquez,592826.0,656605.0,2681,Citizens Bank Park,night,R
565959,2019-08-28,2019,BAL,WSH,110,120,4,8,12,1,9,0,592879.0,Asher Wojciechowski,453286.0,Max Scherzer,593833.0,592879.0,3309,Nationals Park,night,R
566929,2019-08-28,2019,ATL,TOR,144,141,9,4,13,0,9,0,592314.0,Mike Foltynewicz,621097.0,Jacob Waguespack,592426.0,621097.0,14,Rogers Centre,night,R
565572,2019-08-28,2019,CLE,DET,114,116,4,2,6,0,9,0,650644.0,Aaron Civale,519455.0,Jordan Zimmermann,650644.0,571656.0,2394,Comerica Park,night,R
566052,2019-08-28,2019,CHC,NYM,112,121,10,7,17,0,9,0,543294.0,Kyle Hendricks,592789.0,Noah Syndergaard,594986.0,592789.0,3289,Citi Field,night,R
567428,2019-08-28,2019,CIN,MIA,113,146,5,0,5,0,9,0,543101.0,Anthony DeSclafani,645261.0,Sandy Alcantara,543101.0,645261.0,4169,Marlins Park,night,R
565672,2019-08-29,2019,TB,HOU,139,117,6,8,14,1,9,0,642232.0,Ryan Yarbrough,543037.0,Gerrit Cole,501789.0,650895.0,2392,Minute Maid Park,night,R
567330,2019-08-29,2019,MIN,CWS,142,145,8,2,10,0,9,0,543606.0,Jake Odorizzi,446321.0,Ross Detwiler,543606.0,446321.0,4,Guaranteed Rate Field,night,R
565767,2019-08-29,2019,OAK,KC,133,118,4,6,10,1,9,0,543699.0,Tanner Roark,596001.0,Jakob Junis,657612.0,595014.0,7,Kauffman Stadium,night,R
565477,2019-08-29,2019,BOS,COL,111,115,7,4,11,0,9,0,593958.0,Eduardo Rodriguez,663567.0,Peter Lambert,593958.0,663567.0,19,Coors Field,night,R
566342,2019-08-29,2019,LAD,SD,119,135,6,4,10,0,10,1,628317.0,Kenta Maeda,622259.0,Trey Wingenter,445276.0,489446.0,2680,Petco Park,night,R
564799,2019-08-29,2019,TEX,LAA,140,108,3,0,3,0,9,0,661403.0,Emmanuel Clase,663776.0,Patrick Sandoval,642558.0,600887.0,1,Angel Stadium,night,R
565573,2019-08-29,2019,CLE,DET,114,116,2,0,2,0,9,0,605182.0,Mike Clevinger,596057.0,Daniel Norris,605182.0,596057.0,2394,Comerica Park,day,R
565768,2019-08-29,2019,OAK,KC,133,118,9,8,17,0,9,0,605135.0,Chris Bassitt,642098.0,Glenn Sparkman,433589.0,642098.0,7,Kauffman Stadium,day,R
565673,2019-08-29,2019,TB,HOU,139,117,9,8,17,0,9,0,552640.0,Andrew Kittredge,425844.0,Zack Greinke,592254.0,606965.0,2392,Minute Maid Park,day,R
567331,2019-08-29,2019,MIN,CWS,142,145,10,5,15,0,9,0,621244.0,José Berríos,656302.0,Dylan Cease,621244.0,656302.0,4,Guaranteed Rate Field,day,R
566053,2019-08-29,2019,CHC,NYM,112,121,4,1,5,0,9,0,452657.0,Jon Lester,594798.0,Jacob deGrom,452657.0,594798.0,3289,Citi Field,night,R
567429,2019-08-29,2019,CIN,MIA,113,146,3,4,7,1,12,1,622072.0,Alex Wood,667498.0,Robert Dugger,641755.0,628452.0,4169,Marlins Park,night,R
566833,2019-08-30,2019,SEA,TEX,136,140,5,3,8,0,9,0,433587.0,Félix Hernández,458681.0,Lance Lynn,543483.0,600917.0,13,Globe Life Park in Arlington,night,R
565478,2019-08-30,2019,PIT,COL,134,115,11,8,19,0,9,0,592866.0,Trevor Williams,592346.0,Chi Chi González,592866.0,592346.0,19,Coors Field,night,R
564895,2019-08-30,2019,LAD,ARI,119,109,5,11,16,1,9,0,547943.0,Hyun Jin Ryu,518876.0,Merrill Kelly,542882.0,547943.0,15,Chase Field,night,R
566535,2019-08-30,2019,SD,SF,135,137,5,3,8,0,9,0,663978.0,Chris Paddack,605446.0,Dereck Rodríguez,663978.0,605446.0,2395,Oracle Park,night,R
565190,2019-08-30,2019,MIL,CHC,158,112,1,7,8,1,9,0,502624.0,Chase Anderson,500779.0,Jose Quintana,500779.0,502624.0,17,Wrigley Field,day,R
567128,2019-08-30,2019,NYM,PHI,121,143,11,5,16,0,9,0,554430.0,Zack Wheeler,605400.0,Aaron Nola,458677.0,573046.0,2681,Citizens Bank Park,night,R
565960,2019-08-30,2019,MIA,WSH,146,120,6,7,13,1,9,0,622694.0,Elieser Hernández,434671.0,Aníbal Sánchez,543339.0,592773.0,3309,Nationals Park,night,R
567525,2019-08-30,2019,OAK,NYY,133,147,8,2,10,0,9,0,474463.0,Brett Anderson,282332.0,CC Sabathia,474463.0,592454.0,3313,Yankee Stadium,night,R
566930,2019-08-30,2019,HOU,TOR,117,141,7,4,11,0,9,0,489119.0,Wade Miley,663423.0,Trent Thornton,543521.0,663423.0,14,Rogers Centre,night,R
566729,2019-08-30,2019,CLE,TB,114,139,0,4,4,1,9,0,669456.0,Shane Bieber,643493.0,Austin Pruitt,543118.0,669456.0,12,Tropicana Field,night,R
565574,2019-08-30,2019,MIN,DET,142,116,13,5,18,0,9,0,502043.0,Kyle Gibson,429719.0,Edwin Jackson,502043.0,429719.0,2394,Comerica Park,night,R
567233,2019-08-30,2019,CWS,ATL,145,144,7,10,17,1,9,0,467100.0,Iván Nova,608331.0,Max Fried,608331.0,467100.0,4705,SunTrust Park,night,R
566834,2019-08-31,2019,SEA,TEX,136,140,3,6,9,1,9,0,594835.0,Marco Gonzales,663465.0,Kolby Allard,663465.0,594835.0,13,Globe Life Park in Arlington,night,R
565769,2019-08-31,2019,BAL,KC,110,118,14,2,16,0,9,0,607644.0,John Means,607215.0,Eric Skoglund,607644.0,607215.0,7,Kauffman Stadium,night,R
565479,2019-08-31,2019,PIT,COL,134,115,9,4,13,0,9,0,642607.0,Dario Agrazal,622608.0,Antonio Senzatela,642607.0,622608.0,19,Coors Field,night,R
564896,2019-08-31,2019,LAD,ARI,119,109,4,5,9,1,9,0,664062.0,Tony Gonsolin,668678.0,Zac Gallen,605151.0,554340.0,15,Chase Field,night,R
564800,2019-08-31,2019,BOS,LAA,111,108,7,6,13,0,15,1,543135.0,Nathan Eovaldi,660761.0,José Suarez,488768.0,502239.0,1,Angel Stadium,night,R
566536,2019-08-31,2019,SD,SF,135,137,3,8,11,1,9,0,659275.0,Dinelson Lamet,518516.0,Madison Bumgarner,518516.0,659275.0,2395,Oracle Park,night,R
566632,2019-08-31,2019,CIN,STL,113,138,0,0,0,0,9,0,545333.0,Trevor Bauer,641712.0,Dakota Hudson,,,2889,Busch Stadium,night,R
567526,2019-08-31,2019,OAK,NYY,133,147,3,4,7,1,11,1,456701.0,Homer Bailey,593334.0,Domingo Germán,518715.0,642152.0,3313,Yankee Stadium,day,R
566599,2019-08-31,2019,CIN,STL,113,138,6,10,16,1,9,0,545333.0,Trevor Bauer,641712.0,Dakota Hudson,641712.0,545333.0,2889,Busch Stadium,day,R
566633,2019-08-31,2019,CIN,STL,113,138,2,3,5,1,9,0,543243.0,Sonny Gray,608379.0,Michael Wacha,607231.0,628452.0,2889,Busch Stadium,night,R
565191,2019-08-31,2019,MIL,CHC,158,112,2,0,2,0,9,0,605200.0,Zach Davies,430935.0,Cole Hamels,448855.0,430935.0,17,Wrigley Field,day,R
566931,2019-08-31,2019,HOU,TOR,117,141,4,6,10,1,9,0,664285.0,Framber Valdez,453329.0,Clay Buchholz,453329.0,664285.0,14,Rogers Centre,day,R
567129,2019-08-31,2019,NYM,PHI,121,143,6,3,9,0,9,0,571927.0,Steven Matz,450306.0,Jason Vargas,571927.0,450306.0,2681,Citizens Bank Park,day,R
566730,2019-08-31,2019,CLE,TB,114,139,6,9,15,1,9,0,668676.0,Zach Plesac,650895.0,Diego Castillo,656222.0,668676.0,12,Tropicana Field,night,R
565575,2019-08-31,2019,MIN,DET,142,116,7,10,17,1,9,0,527048.0,Martín Pérez,571510.0,Matthew Boyd,571510.0,527048.0,2394,Comerica Park,night,R
565961,2019-08-31,2019,MIA,WSH,146,120,0,7,7,1,9,0,641154.0,Pablo López,544931.0,Stephen Strasburg,544931.0,641154.0,3309,Nationals Park,night,R
565770,2019-08-31,2019,BAL,KC,110,118,5,7,12,1,9,0,605164.0,Dylan Bundy,605347.0,Jorge López,605130.0,643316.0,7,Kauffman Stadium,night,R
567234,2019-08-31,2019,CWS,ATL,145,144,5,11,16,1,9,0,625643.0,Reynaldo López,572971.0,Dallas Keuchel,572971.0,625643.0,4705,SunTrust Park,night,R
566835,2019-09-01,2019,SEA,TEX,136,140,2,3,5,1,9,0,543548.0,Tommy Milone,656271.0,Brock Burke,661403.0,543483.0,13,Globe Life Park in Arlington,night,R
564897,2019-09-01,2019,LAD,ARI,119,109,5,6,11,1,9,0,477132.0,Clayton Kershaw,592662.0,Robbie Ray,592662.0,477132.0,15,Chase Field,night,R
565480,2019-09-01,2019,PIT,COL,134,115,11,4,15,0,9,0,605397.0,Joe Musgrove,543532.0,Tim Melville,605397.0,543532.0,19,Coors Field,night,R
566537,2019-09-01,2019,SD,SF,135,137,4,1,5,0,9,0,664192.0,Joey Lucchesi,657277.0,Logan Webb,489334.0,453265.0,2395,Oracle Park,night,R
564801,2019-09-01,2019,BOS,LAA,111,108,4,10,14,1,9,0,657031.0,Josh Taylor,596071.0,Dillon Peters,472610.0,518489.0,1,Angel Stadium,night,R
566634,2019-09-01,2019,CIN,STL,113,138,3,4,7,1,9,0,641816.0,Tyler Mahle,571945.0,Miles Mikolas,593372.0,547179.0,2889,Busch Stadium,day,R
566632,2019-09-01,2019,CIN,STL,113,138,5,3,8,0,9,0,622491.0,Luis Castillo,594965.0,Daniel Ponce de Leon,622491.0,594965.0,2889,Busch Stadium,night,R
567527,2019-09-01,2019,OAK,NYY,133,147,4,5,9,1,9,0,640455.0,Sean Manaea,457918.0,J.A. Happ,493603.0,521230.0,3313,Yankee Stadium,day,R
566932,2019-09-01,2019,HOU,TOR,117,141,2,0,2,0,9,0,434378.0,Justin Verlander,521655.0,Wilmer Font,434378.0,571704.0,14,Rogers Centre,day,R
566731,2019-09-01,2019,CLE,TB,114,139,2,8,10,1,9,0,592644.0,Adam Plutko,450203.0,Charlie Morton,450203.0,592644.0,12,Tropicana Field,day,R
565576,2019-09-01,2019,MIN,DET,142,116,8,3,11,0,9,0,501381.0,Michael Pineda,605513.0,Spencer Turnbull,501381.0,605513.0,2394,Comerica Park,day,R
565962,2019-09-01,2019,MIA,WSH,146,120,3,9,12,1,9,0,592761.0,Caleb Smith,571578.0,Patrick Corbin,571578.0,592761.0,3309,Nationals Park,day,R
565771,2019-09-01,2019,BAL,KC,110,118,4,6,10,1,9,0,605156.0,Aaron Brooks,518633.0,Danny Duffy,641838.0,643316.0,7,Kauffman Stadium,day,R
565192,2019-09-01,2019,MIL,CHC,158,112,4,0,4,0,9,0,461829.0,Gio Gonzalez,543022.0,Tyler Chatwood,543351.0,543022.0,17,Wrigley Field,day,R
566836,2019-09-01,2019,SEA,TEX,136,140,11,3,14,0,9,0,579328.0,Yusei Kikuchi,656685.0,Brett Martin,579328.0,656685.0,13,Globe Life Park in Arlington,day,R
565481,2019-09-01,2019,PIT,COL,134,115,6,2,8,0,9,0,643230.0,Steven Brault,656546.0,Jeff Hoffman,643230.0,656546.0,19,Coors Field,day,R
566538,2019-09-01,2019,SD,SF,135,137,8,4,12,0,9,0,641778.0,Eric Lauer,502188.0,Jeff Samardzija,641778.0,502188.0,2395,Oracle Park,day,R
564802,2019-09-01,2019,BOS,LAA,111,108,4,3,7,0,9,0,456034.0,David Price,571760.0,Andrew Heaney,543901.0,571760.0,1,Angel Stadium,day,R
564898,2019-09-01,2019,LAD,ARI,119,109,4,3,7,0,11,1,548389.0,Ross Stripling,622065.0,Alex Young,594987.0,664199.0,15,Chase Field,day,R
567235,2019-09-01,2019,CWS,ATL,145,144,3,5,8,1,9,0,608337.0,Lucas Giolito,527054.0,Julio Teheran,527054.0,608337.0,4705,SunTrust Park,night,R
567130,2019-09-01,2019,NYM,PHI,121,143,2,5,7,1,9,0,573186.0,Marcus Stroman,621107.0,Zach Eflin,593576.0,623354.0,2681,Citizens Bank Park,night,R
565963,2019-09-02,2019,NYM,WSH,121,120,7,3,10,0,9,0,592789.0,Noah Syndergaard,605452.0,Joe Ross,592789.0,605452.0,3309,Nationals Park,day,R
567528,2019-09-02,2019,TEX,NYY,140,147,7,0,7,0,9,0,501985.0,Mike Minor,547888.0,Masahiro Tanaka,501985.0,547888.0,3313,Yankee Stadium,day,R
566732,2019-09-02,2019,BAL,TB,110,139,4,5,9,1,10,1,592879.0,Asher Wojciechowski,642232.0,Ryan Yarbrough,621363.0,622253.0,12,Tropicana Field,day,R
565577,2019-09-02,2019,MIN,DET,142,116,4,3,7,0,9,0,543606.0,Jake Odorizzi,519455.0,Jordan Zimmermann,641793.0,571656.0,2394,Comerica Park,day,R
567236,2019-09-02,2019,TOR,ATL,141,144,3,6,9,1,9,0,621097.0,Jacob Waguespack,647336.0,Michael Soroka,647336.0,621097.0,4705,SunTrust Park,day,R
565288,2019-09-02,2019,PHI,CIN,143,113,7,1,8,0,9,0,592767.0,Drew Smyly,543101.0,Anthony DeSclafani,592767.0,543101.0,2602,Great American Ball Park,day,R
566635,2019-09-02,2019,SF,STL,137,138,1,3,4,1,9,0,595881.0,Tyler Beede,425794.0,Adam Wainwright,425794.0,595881.0,2889,Busch Stadium,day,R
565193,2019-09-02,2019,SEA,CHC,136,112,1,5,6,1,9,0,656954.0,Justus Sheffield,543294.0,Kyle Hendricks,475479.0,605538.0,17,Wrigley Field,day,R
564899,2019-09-02,2019,SD,ARI,135,109,7,14,21,1,9,0,615698.0,Cal Quantrill,502190.0,Mike Leake,502190.0,615698.0,15,Chase Field,day,R
567620,2019-09-02,2019,HOU,MIL,117,158,3,2,5,0,10,1,543037.0,Gerrit Cole,605288.0,Adrian Houser,532077.0,448855.0,32,Miller Park,day,R
565384,2019-09-02,2019,CWS,CLE,145,114,3,11,14,1,9,0,446321.0,Ross Detwiler,650644.0,Aaron Civale,650644.0,446321.0,5,Progressive Field,night,R
565869,2019-09-03,2019,COL,LAD,115,119,9,16,25,1,9,0,663567.0,Peter Lambert,621111.0,Walker Buehler,621111.0,663567.0,22,Dodger Stadium,night,R
566733,2019-09-03,2019,BAL,TB,110,139,4,2,6,0,9,0,621389.0,Ty Blach,670950.0,Trevor Richards,621389.0,543118.0,12,Tropicana Field,day,R
566734,2019-09-03,2019,BAL,TB,110,139,0,2,2,1,9,0,593679.0,Gabriel Ynoa,552640.0,Andrew Kittredge,650895.0,593679.0,12,Tropicana Field,day,R
567529,2019-09-03,2019,TEX,NYY,140,147,1,10,11,1,9,0,642558.0,Ariel Jurado,572020.0,James Paxton,572020.0,450172.0,3313,Yankee Stadium,night,R
565289,2019-09-03,2019,PHI,CIN,143,113,6,2,8,0,9,0,592826.0,Vince Velasquez,608371.0,Lucas Sims,543883.0,607237.0,2602,Great American Ball Park,night,R
565964,2019-09-03,2019,NYM,WSH,121,120,10,11,21,1,9,0,594798.0,Jacob deGrom,453286.0,Max Scherzer,457915.0,621242.0,3309,Nationals Park,night,R
566246,2019-09-03,2019,MIA,PIT,146,134,5,4,9,0,10,1,645261.0,Sandy Alcantara,656605.0,Mitch Keller,543045.0,571917.0,31,PNC Park,night,R
565095,2019-09-03,2019,MIN,BOS,142,111,6,5,11,0,9,0,677976.0,Randy Dobnak,519144.0,Rick Porcello,626929.0,519144.0,3,Fenway Park,night,R
565385,2019-09-03,2019,CWS,CLE,145,114,6,5,11,0,9,0,656302.0,Dylan Cease,605182.0,Mike Clevinger,605359.0,471911.0,5,Progressive Field,night,R
567237,2019-09-03,2019,TOR,ATL,141,144,2,7,9,1,9,0,521655.0,Wilmer Font,592314.0,Mike Foltynewicz,592314.0,521655.0,4705,SunTrust Park,night,R
567621,2019-09-03,2019,HOU,MIL,117,158,2,4,6,1,9,0,425844.0,Zack Greinke,543475.0,Jordan Lyles,543475.0,425844.0,32,Miller Park,night,R
566636,2019-09-03,2019,SF,STL,137,138,0,1,1,1,9,0,605446.0,Dereck Rodríguez,656427.0,Jack Flaherty,656427.0,605446.0,2889,Busch Stadium,night,R
565194,2019-09-04,2019,SEA,CHC,136,112,1,6,7,1,9,0,433587.0,Félix Hernández,452657.0,Jon Lester,452657.0,433587.0,17,Wrigley Field,night,R
565772,2019-09-04,2019,DET,KC,116,118,5,6,11,1,9,0,596057.0,Daniel Norris,543557.0,Mike Montgomery,453178.0,643617.0,7,Kauffman Stadium,night,R
564900,2019-09-04,2019,SD,ARI,135,109,1,2,3,1,9,0,671790.0,Ronald Bolaños,518876.0,Merrill Kelly,518876.0,671790.0,15,Chase Field,night,R
566153,2019-09-04,2019,LAA,OAK,108,133,5,7,12,1,9,0,642545.0,Jaime Barria,571666.0,Mike Fiers,433589.0,598287.0,10,Oakland Coliseum,night,R
565870,2019-09-04,2019,COL,LAD,115,119,3,5,8,1,9,0,592346.0,Chi Chi González,628711.0,Julio Urías,657571.0,543766.0,22,Dodger Stadium,night,R
565965,2019-09-04,2019,NYM,WSH,121,120,8,4,12,0,9,0,554430.0,Zack Wheeler,434671.0,Aníbal Sánchez,554430.0,434671.0,3309,Nationals Park,day,R
567530,2019-09-04,2019,TEX,NYY,140,147,1,4,5,1,9,0,458681.0,Lance Lynn,643338.0,Chad Green,570666.0,458681.0,3313,Yankee Stadium,night,R
565290,2019-09-04,2019,PHI,CIN,143,113,5,8,13,1,9,0,605400.0,Aaron Nola,545333.0,Trevor Bauer,547179.0,501625.0,2602,Great American Ball Park,night,R
566247,2019-09-04,2019,MIA,PIT,146,134,5,6,11,1,9,0,667498.0,Robert Dugger,592866.0,Trevor Williams,623913.0,570632.0,31,PNC Park,night,R
565096,2019-09-04,2019,MIN,BOS,142,111,2,6,8,1,9,0,621244.0,José Berríos,593958.0,Eduardo Rodriguez,593958.0,621244.0,3,Fenway Park,night,R
565386,2019-09-04,2019,CWS,CLE,145,114,6,8,14,1,9,0,467100.0,Iván Nova,669456.0,Shane Bieber,669456.0,467100.0,5,Progressive Field,night,R
566637,2019-09-04,2019,SF,STL,137,138,9,8,17,0,9,0,518516.0,Madison Bumgarner,608379.0,Michael Wacha,643511.0,606149.0,2889,Busch Stadium,night,R
565773,2019-09-05,2019,DET,KC,116,118,4,5,9,1,9,0,429719.0,Edwin Jackson,596001.0,Jakob Junis,596001.0,429719.0,7,Kauffman Stadium,night,R
564901,2019-09-05,2019,SD,ARI,135,109,1,4,5,1,9,0,663978.0,Chris Paddack,668678.0,Zac Gallen,668678.0,489334.0,15,Chase Field,night,R
566154,2019-09-05,2019,LAA,OAK,108,133,0,4,4,1,9,0,663776.0,Patrick Sandoval,543699.0,Tanner Roark,543699.0,663776.0,10,Oakland Coliseum,night,R
565871,2019-09-05,2019,COL,LAD,115,119,3,7,10,1,9,0,622608.0,Antonio Senzatela,547943.0,Hyun Jin Ryu,592473.0,622608.0,22,Dodger Stadium,night,R
565291,2019-09-05,2019,PHI,CIN,143,113,3,4,7,1,11,1,450306.0,Jason Vargas,543243.0,Sonny Gray,621199.0,543883.0,2602,Great American Ball Park,day,R
565387,2019-09-05,2019,CWS,CLE,145,114,7,1,8,0,9,0,625643.0,Reynaldo López,668676.0,Zach Plesac,625643.0,668676.0,5,Progressive Field,day,R
565774,2019-09-05,2019,DET,KC,116,118,6,4,10,0,9,0,571510.0,Matthew Boyd,642098.0,Glenn Sparkman,571510.0,642098.0,7,Kauffman Stadium,day,R
566638,2019-09-05,2019,SF,STL,137,138,0,10,10,1,9,0,657277.0,Logan Webb,641712.0,Dakota Hudson,641712.0,657277.0,2889,Busch Stadium,day,R
566155,2019-09-05,2019,LAA,OAK,108,133,6,10,16,1,9,0,572703.0,Luke Bard,474463.0,Brett Anderson,640462.0,621142.0,10,Oakland Coliseum,day,R
564998,2019-09-05,2019,TEX,BAL,140,110,3,1,4,0,9,0,663465.0,Kolby Allard,607644.0,John Means,663465.0,607644.0,2,Oriole Park at Camden Yards,night,R
566248,2019-09-05,2019,MIA,PIT,146,134,10,7,17,0,9,0,622694.0,Elieser Hernández,642607.0,Dario Agrazal,572383.0,642607.0,31,PNC Park,night,R
566735,2019-09-05,2019,TOR,TB,141,139,4,6,10,1,9,0,663423.0,Trent Thornton,643493.0,Austin Pruitt,543118.0,542953.0,12,Tropicana Field,night,R
565097,2019-09-05,2019,MIN,BOS,142,111,2,1,3,0,9,0,527048.0,Martín Pérez,543135.0,Nathan Eovaldi,527048.0,488768.0,3,Fenway Park,night,R
567622,2019-09-05,2019,CHC,MIL,112,158,10,5,15,0,9,0,500779.0,Jose Quintana,502624.0,Chase Anderson,500779.0,458006.0,32,Miller Park,night,R
567238,2019-09-05,2019,WSH,ATL,120,144,2,4,6,1,9,0,544931.0,Stephen Strasburg,608331.0,Max Fried,608331.0,544931.0,4705,SunTrust Park,night,R
565674,2019-09-06,2019,SEA,HOU,136,117,9,11,20,1,13,1,594835.0,Marco Gonzales,489119.0,Wade Miley,657624.0,605538.0,2392,Minute Maid Park,night,R
566249,2019-09-06,2019,STL,PIT,138,134,4,9,13,1,9,0,571945.0,Miles Mikolas,656725.0,Alex McRae,623913.0,453192.0,31,PNC Park,night,R
564999,2019-09-06,2019,TEX,BAL,140,110,7,6,13,0,9,0,656271.0,Brock Burke,605164.0,Dylan Bundy,656685.0,643316.0,2,Oriole Park at Camden Yards,night,R
565292,2019-09-06,2019,ARI,CIN,109,113,7,5,12,0,9,0,592662.0,Robbie Ray,641816.0,Tyler Mahle,656464.0,641816.0,2602,Great American Ball Park,night,R
566736,2019-09-06,2019,TOR,TB,141,139,0,5,5,1,9,0,453329.0,Clay Buchholz,656713.0,Brendan McKay,664126.0,453329.0,12,Tropicana Field,night,R
566054,2019-09-06,2019,PHI,NYM,143,121,4,5,9,1,9,0,621107.0,Zach Eflin,571927.0,Steven Matz,621242.0,573046.0,3289,Citi Field,night,R
567430,2019-09-06,2019,KC,MIA,118,146,3,0,3,0,9,0,605347.0,Jorge López,641154.0,Pablo López,605347.0,641154.0,4169,Marlins Park,night,R
565098,2019-09-06,2019,NYY,BOS,147,111,1,6,7,1,9,0,593334.0,Domingo Germán,468504.0,Jhoulys Chacín,519393.0,593334.0,3,Fenway Park,night,R
567239,2019-09-06,2019,WSH,ATL,120,144,3,4,7,1,9,0,571578.0,Patrick Corbin,572971.0,Dallas Keuchel,572971.0,571578.0,4705,SunTrust Park,night,R
565675,2019-09-07,2019,SEA,HOU,136,117,4,7,11,1,9,0,596035.0,Reggie McClain,664285.0,Framber Valdez,501925.0,543548.0,2392,Minute Maid Park,night,R
567030,2019-09-07,2019,CLE,MIN,114,142,6,2,8,0,11,1,592644.0,Adam Plutko,501381.0,Michael Pineda,461325.0,626929.0,3312,Target Field,night,R
567332,2019-09-07,2019,LAA,CWS,108,145,5,4,9,0,9,0,596071.0,Dillon Peters,608337.0,Lucas Giolito,570663.0,517008.0,4,Guaranteed Rate Field,night,R
567623,2019-09-07,2019,CHC,MIL,112,158,1,7,8,1,9,0,430935.0,Cole Hamels,605200.0,Zach Davies,605200.0,430935.0,32,Miller Park,night,R
565534,2019-09-07,2019,OAK,DET,133,116,7,3,10,0,9,0,571666.0,Mike Fiers,642397.0,Gregory Soto,571666.0,643617.0,10,Oakland Coliseum,night,R
566156,2019-09-07,2019,DET,OAK,116,133,5,4,9,0,11,1,605513.0,Spencer Turnbull,456701.0,Homer Bailey,670167.0,621112.0,10,Oakland Coliseum,night,R
566343,2019-09-07,2019,COL,SD,115,135,3,2,5,0,9,0,543532.0,Tim Melville,659275.0,Dinelson Lamet,543532.0,659275.0,2680,Petco Park,night,R
565872,2019-09-07,2019,SF,LAD,137,119,5,4,9,0,9,0,502188.0,Jeff Samardzija,477132.0,Clayton Kershaw,502188.0,477132.0,22,Dodger Stadium,night,R
565099,2019-09-07,2019,NYY,BOS,147,111,5,1,6,0,9,0,457918.0,J.A. Happ,664042.0,Travis Lakins,457918.0,543901.0,3,Fenway Park,day,R
565293,2019-09-07,2019,ARI,CIN,109,113,2,0,2,0,9,0,622065.0,Alex Young,622491.0,Luis Castillo,622065.0,622491.0,2602,Great American Ball Park,day,R
566737,2019-09-07,2019,TOR,TB,141,139,3,5,8,1,9,0,641743.0,Anthony Kay,450203.0,Charlie Morton,623433.0,605447.0,12,Tropicana Field,night,R
567431,2019-09-07,2019,KC,MIA,118,146,7,2,9,0,9,0,518633.0,Danny Duffy,592761.0,Caleb Smith,518633.0,543045.0,4169,Marlins Park,night,R
566250,2019-09-07,2019,STL,PIT,138,134,10,1,11,0,9,0,425794.0,Adam Wainwright,643230.0,Steven Brault,425794.0,643230.0,31,PNC Park,night,R
565000,2019-09-07,2019,TEX,BAL,140,110,9,4,13,0,9,0,642546.0,Jonathan Hernández,605156.0,Aaron Brooks,622795.0,605156.0,2,Oriole Park at Camden Yards,night,R
565676,2019-09-07,2019,SEA,HOU,136,117,1,2,3,1,9,0,579328.0,Yusei Kikuchi,434378.0,Justin Verlander,434378.0,613534.0,2392,Minute Maid Park,night,R
567031,2019-09-07,2019,CLE,MIN,114,142,3,5,8,1,9,0,650644.0,Aaron Civale,543606.0,Jake Odorizzi,641793.0,643256.0,3312,Target Field,night,R
566055,2019-09-07,2019,PHI,NYM,143,121,5,0,5,0,9,0,592767.0,Drew Smyly,573186.0,Marcus Stroman,592767.0,573186.0,3289,Citi Field,night,R
567333,2019-09-07,2019,LAA,CWS,108,145,8,7,15,0,9,0,571760.0,Andrew Heaney,592229.0,Dylan Covey,571760.0,592229.0,4,Guaranteed Rate Field,night,R
567624,2019-09-07,2019,CHC,MIL,112,158,2,3,5,1,9,0,506433.0,Yu Darvish,461829.0,Gio Gonzalez,623352.0,445213.0,32,Miller Park,night,R
567240,2019-09-07,2019,WSH,ATL,120,144,4,5,9,1,9,0,608723.0,Austin Voth,527054.0,Julio Teheran,527054.0,608723.0,4705,SunTrust Park,night,R
566344,2019-09-08,2019,COL,SD,115,135,0,3,3,1,9,0,656546.0,Jeff Hoffman,664192.0,Joey Lucchesi,664192.0,656546.0,2680,Petco Park,night,R
566157,2019-09-08,2019,DET,OAK,116,133,2,10,12,1,9,0,519455.0,Jordan Zimmermann,605135.0,Chris Bassitt,605135.0,519455.0,10,Oakland Coliseum,night,R
565873,2019-09-08,2019,SF,LAD,137,119,1,0,1,0,9,0,595881.0,Tyler Beede,664062.0,Tony Gonsolin,595881.0,664062.0,22,Dodger Stadium,night,R
565001,2019-09-08,2019,TEX,BAL,140,110,10,4,14,0,9,0,501985.0,Mike Minor,592879.0,Asher Wojciechowski,501985.0,592879.0,2,Oriole Park at Camden Yards,day,R
565294,2019-09-08,2019,ARI,CIN,109,113,3,4,7,1,9,0,502190.0,Mike Leake,543101.0,Anthony DeSclafani,628452.0,661255.0,2602,Great American Ball Park,day,R
566738,2019-09-08,2019,TOR,TB,141,139,3,8,11,1,9,0,621097.0,Jacob Waguespack,607192.0,Tyler Glasnow,670950.0,621097.0,12,Tropicana Field,day,R
566056,2019-09-08,2019,PHI,NYM,143,121,10,7,17,0,9,0,592826.0,Vince Velasquez,592789.0,Noah Syndergaard,624133.0,623149.0,3289,Citi Field,day,R
567432,2019-09-08,2019,KC,MIA,118,146,0,9,9,1,9,0,543557.0,Mike Montgomery,645261.0,Sandy Alcantara,645261.0,543557.0,4169,Marlins Park,day,R
567241,2019-09-08,2019,WSH,ATL,120,144,9,4,13,0,9,0,453286.0,Max Scherzer,647336.0,Michael Soroka,453286.0,647336.0,4705,SunTrust Park,day,R
566251,2019-09-08,2019,STL,PIT,138,134,2,0,2,0,9,0,656427.0,Jack Flaherty,621086.0,James Marvel,656427.0,621086.0,31,PNC Park,day,R
565677,2019-09-08,2019,SEA,HOU,136,117,1,21,22,1,9,0,433587.0,Félix Hernández,543037.0,Gerrit Cole,543037.0,433587.0,2392,Minute Maid Park,day,R
567032,2019-09-08,2019,CLE,MIN,114,142,5,2,7,0,9,0,605182.0,Mike Clevinger,677976.0,Randy Dobnak,605182.0,677976.0,3312,Target Field,day,R
567334,2019-09-08,2019,LAA,CWS,108,145,1,5,6,1,9,0,642545.0,Jaime Barria,656302.0,Dylan Cease,592612.0,642545.0,4,Guaranteed Rate Field,day,R
567625,2019-09-08,2019,CHC,MIL,112,158,5,8,13,1,9,0,452657.0,Jon Lester,605288.0,Adrian Houser,608718.0,452657.0,32,Miller Park,day,R
566158,2019-09-08,2019,DET,OAK,116,133,1,3,4,1,9,0,596057.0,Daniel Norris,640455.0,Sean Manaea,640455.0,596057.0,10,Oakland Coliseum,day,R
566345,2019-09-08,2019,COL,SD,115,135,1,2,3,1,10,1,663567.0,Peter Lambert,641778.0,Eric Lauer,489334.0,622786.0,2680,Petco Park,day,R
565874,2019-09-08,2019,SF,LAD,137,119,0,5,5,1,9,0,605446.0,Dereck Rodríguez,628711.0,Julio Urías,628317.0,605446.0,22,Dodger Stadium,day,R
565100,2019-09-09,2019,NYY,BOS,147,111,10,5,15,0,9,0,547888.0,Masahiro Tanaka,519144.0,Rick Porcello,643338.0,519144.0,3,Fenway Park,night,R
567131,2019-09-09,2019,ATL,PHI,144,143,7,2,9,0,9,0,592314.0,Mike Foltynewicz,605400.0,Aaron Nola,592314.0,605400.0,2681,Citizens Bank Park,night,R
566057,2019-09-09,2019,ARI,NYM,109,121,1,3,4,1,9,0,518876.0,Merrill Kelly,594798.0,Jacob deGrom,594798.0,518876.0,3289,Citi Field,night,R
565101,2019-09-09,2019,NYY,BOS,147,111,5,0,5,0,9,0,572020.0,James Paxton,593958.0,Eduardo Rodriguez,572020.0,593958.0,3,Fenway Park,night,R
567433,2019-09-09,2019,MIL,MIA,158,146,8,3,11,0,9,0,543475.0,Jordan Lyles,667498.0,Robert Dugger,458006.0,667498.0,4169,Marlins Park,night,R
565678,2019-09-10,2019,OAK,HOU,133,117,0,15,15,1,9,0,571666.0,Mike Fiers,425844.0,Zack Greinke,425844.0,571666.0,2392,Minute Maid Park,night,R
566539,2019-09-10,2019,PIT,SF,134,137,6,4,10,0,9,0,592866.0,Trevor Williams,518516.0,Madison Bumgarner,593144.0,472551.0,2395,Oracle Park,night,R
564803,2019-09-10,2019,CLE,LAA,114,108,6,2,8,0,9,0,669456.0,Shane Bieber,663776.0,Patrick Sandoval,669456.0,663776.0,1,Angel Stadium,night,R
566346,2019-09-10,2019,CHC,SD,112,135,10,2,12,0,9,0,543294.0,Kyle Hendricks,615698.0,Cal Quantrill,543294.0,615698.0,2680,Petco Park,night,R
565578,2019-09-10,2019,NYY,DET,147,116,11,12,23,1,9,0,641482.0,Nestor Cortes,429719.0,Edwin Jackson,641729.0,664856.0,2394,Comerica Park,night,R
565002,2019-09-10,2019,LAD,BAL,119,110,7,3,10,0,9,0,621111.0,Walker Buehler,621389.0,Ty Blach,621111.0,621389.0,2,Oriole Park at Camden Yards,night,R
567132,2019-09-10,2019,ATL,PHI,144,143,5,6,11,1,9,0,608331.0,Max Fried,450306.0,Jason Vargas,453284.0,608331.0,2681,Citizens Bank Park,night,R
566933,2019-09-10,2019,BOS,TOR,111,141,3,4,7,1,9,0,543135.0,Nathan Eovaldi,643615.0,T.J. Zeuch,596101.0,657031.0,14,Rogers Centre,night,R
566058,2019-09-10,2019,ARI,NYM,109,121,2,3,5,1,9,0,668678.0,Zac Gallen,554430.0,Zack Wheeler,554430.0,668678.0,3289,Citi Field,night,R
567434,2019-09-10,2019,MIL,MIA,158,146,4,3,7,0,9,0,502624.0,Chase Anderson,622694.0,Elieser Hernández,448855.0,543045.0,4169,Marlins Park,night,R
567033,2019-09-10,2019,WSH,MIN,120,142,0,5,5,1,9,0,434671.0,Aníbal Sánchez,621244.0,José Berríos,621244.0,434671.0,3312,Target Field,night,R
566837,2019-09-11,2019,TB,TEX,139,140,5,3,8,0,11,1,642232.0,Ryan Yarbrough,458681.0,Lance Lynn,641941.0,661403.0,13,Globe Life Park in Arlington,night,R
565679,2019-09-11,2019,OAK,HOU,133,117,21,7,28,0,9,0,543699.0,Tanner Roark,489119.0,Wade Miley,543699.0,489119.0,2392,Minute Maid Park,night,R
567335,2019-09-11,2019,KC,CWS,118,145,3,7,10,1,9,0,596001.0,Jakob Junis,467100.0,Iván Nova,467100.0,596001.0,4,Guaranteed Rate Field,night,R
565482,2019-09-11,2019,STL,COL,138,115,1,2,3,1,9,0,608379.0,Michael Wacha,592346.0,Chi Chi González,592346.0,608379.0,19,Coors Field,night,R
566540,2019-09-11,2019,PIT,SF,134,137,4,5,9,1,9,0,656605.0,Mitch Keller,456501.0,Johnny Cueto,456501.0,656605.0,2395,Oracle Park,night,R
564804,2019-09-11,2019,CLE,LAA,114,108,8,0,8,0,9,0,668676.0,Zach Plesac,660761.0,José Suarez,668676.0,660761.0,1,Angel Stadium,night,R
566347,2019-09-11,2019,CHC,SD,112,135,8,9,17,1,10,1,500779.0,Jose Quintana,671790.0,Ronald Bolaños,673258.0,518553.0,2680,Petco Park,night,R
566441,2019-09-11,2019,CIN,SEA,113,136,3,4,7,1,9,0,545333.0,Trevor Bauer,656954.0,Justus Sheffield,656186.0,607237.0,680,T-Mobile Park,night,R
565003,2019-09-11,2019,LAD,BAL,119,110,3,7,10,1,9,0,548389.0,Ross Stripling,607644.0,John Means,542888.0,657571.0,2,Oriole Park at Camden Yards,night,R
567133,2019-09-11,2019,ATL,PHI,144,143,3,1,4,0,9,0,572971.0,Dallas Keuchel,621107.0,Zach Eflin,572971.0,621107.0,2681,Citizens Bank Park,night,R
566934,2019-09-11,2019,BOS,TOR,111,141,0,8,8,1,9,0,596074.0,Bobby Poyner,521655.0,Wilmer Font,663423.0,665001.0,14,Rogers Centre,night,R
566059,2019-09-11,2019,ARI,NYM,109,121,0,9,9,1,9,0,592662.0,Robbie Ray,571927.0,Steven Matz,571927.0,592662.0,3289,Citi Field,night,R
567435,2019-09-11,2019,MIL,MIA,158,146,7,5,12,0,9,0,605200.0,Zach Davies,641154.0,Pablo López,608718.0,570632.0,4169,Marlins Park,night,R
567034,2019-09-11,2019,WSH,MIN,120,142,6,2,8,0,9,0,544931.0,Stephen Strasburg,527048.0,Martín Pérez,544931.0,527048.0,3312,Target Field,night,R
566838,2019-09-12,2019,TB,TEX,139,140,9,10,19,1,9,0,552640.0,Andrew Kittredge,642558.0,Ariel Jurado,664139.0,621363.0,13,Globe Life Park in Arlington,night,R
564805,2019-09-12,2019,CLE,LAA,114,108,4,3,7,0,9,0,592644.0,Adam Plutko,596071.0,Dillon Peters,471911.0,596071.0,1,Angel Stadium,night,R
565680,2019-09-12,2019,OAK,HOU,133,117,5,3,8,0,9,0,474463.0,Brett Anderson,664353.0,José Urquidy,474463.0,657624.0,2392,Minute Maid Park,night,R
567336,2019-09-12,2019,KC,CWS,118,145,8,6,14,0,9,0,642098.0,Glenn Sparkman,625643.0,Reynaldo López,642098.0,625643.0,4,Guaranteed Rate Field,night,R
565483,2019-09-12,2019,STL,COL,138,115,1,2,3,1,9,0,641712.0,Dakota Hudson,622608.0,Antonio Senzatela,622608.0,641712.0,19,Coors Field,night,R
566541,2019-09-12,2019,PIT,SF,134,137,6,3,9,0,9,0,642607.0,Dario Agrazal,657277.0,Logan Webb,593140.0,657277.0,2395,Oracle Park,night,R
566348,2019-09-12,2019,CHC,SD,112,135,0,4,4,1,9,0,430935.0,Cole Hamels,663978.0,Chris Paddack,663978.0,430935.0,2680,Petco Park,night,R
566442,2019-09-12,2019,CIN,SEA,113,136,3,5,8,1,9,0,543243.0,Sonny Gray,594835.0,Marco Gonzales,594835.0,543243.0,680,T-Mobile Park,night,R
565579,2019-09-11,2019,NYY,DET,147,116,0,0,0,0,9,0,282332.0,CC Sabathia,571510.0,Matthew Boyd,,,2394,Comerica Park,night,R
566060,2019-09-12,2019,ARI,NYM,109,121,1,11,12,1,9,0,622065.0,Alex Young,573186.0,Marcus Stroman,573186.0,622065.0,3289,Citi Field,day,R
565580,2019-09-12,2019,NYY,DET,147,116,10,4,14,0,9,0,457918.0,J.A. Happ,571510.0,Matthew Boyd,643338.0,571510.0,2394,Comerica Park,day,R
565579,2019-09-12,2019,NYY,DET,147,116,6,4,10,0,9,0,282332.0,CC Sabathia,605513.0,Spencer Turnbull,593334.0,605513.0,2394,Comerica Park,day,R
567436,2019-09-12,2019,MIL,MIA,158,146,3,2,5,0,9,0,461829.0,Gio Gonzalez,592761.0,Caleb Smith,642547.0,592761.0,4169,Marlins Park,day,R
567337,2019-09-12,2019,KC,CWS,118,145,6,3,9,0,9,0,605347.0,Jorge López,608337.0,Lucas Giolito,605347.0,608337.0,4,Guaranteed Rate Field,day,R
565484,2019-09-12,2019,STL,COL,138,115,10,3,13,0,9,0,571945.0,Miles Mikolas,543532.0,Tim Melville,571945.0,543532.0,19,Coors Field,day,R
566349,2019-09-12,2019,CHC,SD,112,135,4,1,5,0,9,0,506433.0,Yu Darvish,659275.0,Dinelson Lamet,506433.0,659275.0,2680,Petco Park,day,R
566542,2019-09-12,2019,PIT,SF,134,137,4,2,6,0,9,0,605397.0,Joe Musgrove,502188.0,Jeff Samardzija,605397.0,502188.0,2395,Oracle Park,day,R
566935,2019-09-12,2019,BOS,TOR,111,141,7,4,11,0,9,0,468504.0,Jhoulys Chacín,453329.0,Clay Buchholz,657031.0,453329.0,14,Rogers Centre,night,R
565004,2019-09-12,2019,LAD,BAL,119,110,4,2,6,0,9,0,448179.0,Rich Hill,605164.0,Dylan Bundy,664062.0,605164.0,2,Oriole Park at Camden Yards,night,R
567134,2019-09-12,2019,ATL,PHI,144,143,5,9,14,1,9,0,527054.0,Julio Teheran,592767.0,Drew Smyly,453172.0,527054.0,2681,Citizens Bank Park,night,R
567035,2019-09-12,2019,WSH,MIN,120,142,12,6,18,0,9,0,571578.0,Patrick Corbin,502043.0,Kyle Gibson,571578.0,502043.0,3312,Target Field,night,R
566839,2019-09-13,2019,TB,TEX,139,140,4,6,10,1,9,0,656713.0,Brendan McKay,663465.0,Kolby Allard,608652.0,656713.0,13,Globe Life Park in Arlington,night,R
565681,2019-09-13,2019,OAK,HOU,133,117,3,2,5,0,9,0,456701.0,Homer Bailey,434378.0,Justin Verlander,456701.0,434378.0,2392,Minute Maid Park,night,R
566443,2019-09-13,2019,CIN,SEA,113,136,11,5,16,0,9,0,641816.0,Tyler Mahle,643290.0,Justin Dunn,607219.0,656186.0,680,T-Mobile Park,night,R
565195,2019-09-13,2019,PIT,CHC,134,112,8,17,25,1,9,0,643230.0,Steven Brault,452657.0,Jon Lester,452657.0,643230.0,17,Wrigley Field,day,R
565966,2019-09-13,2019,ATL,WSH,144,120,5,0,5,0,9,0,647336.0,Michael Soroka,453286.0,Max Scherzer,647336.0,453286.0,3309,Nationals Park,night,R
566936,2019-09-13,2019,NYY,TOR,147,141,5,6,11,1,12,1,547888.0,Masahiro Tanaka,641743.0,Anthony Kay,521655.0,544928.0,14,Rogers Centre,night,R
565581,2019-09-13,2019,BAL,DET,110,116,6,2,8,0,9,0,605156.0,Aaron Brooks,519455.0,Jordan Zimmermann,605156.0,519455.0,2394,Comerica Park,night,R
566061,2019-09-13,2019,LAD,NYM,119,121,9,2,11,0,9,0,477132.0,Clayton Kershaw,592789.0,Noah Syndergaard,477132.0,592789.0,3289,Citi Field,night,R
566840,2019-09-14,2019,OAK,TEX,133,140,14,9,23,0,9,0,605135.0,Chris Bassitt,656271.0,Brock Burke,605525.0,664139.0,13,Globe Life Park in Arlington,night,R
565775,2019-09-14,2019,HOU,KC,117,118,4,1,5,0,9,0,543037.0,Gerrit Cole,518633.0,Danny Duffy,543037.0,641571.0,7,Kauffman Stadium,night,R
566639,2019-09-14,2019,MIL,STL,158,138,0,10,10,1,9,0,605288.0,Adrian Houser,425794.0,Adam Wainwright,425794.0,605288.0,2889,Busch Stadium,night,R
565485,2019-09-14,2019,SD,COL,135,115,8,10,18,1,9,0,664192.0,Joey Lucchesi,656546.0,Jeff Hoffman,656546.0,664192.0,19,Coors Field,night,R
564902,2019-09-14,2019,CIN,ARI,113,109,4,3,7,0,9,0,622491.0,Luis Castillo,502190.0,Mike Leake,622491.0,502190.0,15,Chase Field,night,R
564806,2019-09-14,2019,TB,LAA,139,108,11,4,15,0,9,0,450203.0,Charlie Morton,571760.0,Andrew Heaney,450203.0,571760.0,1,Angel Stadium,night,R
566444,2019-09-14,2019,CWS,SEA,145,136,9,7,16,0,9,0,592229.0,Dylan Covey,579328.0,Yusei Kikuchi,592612.0,579328.0,680,T-Mobile Park,night,R
566543,2019-09-14,2019,MIA,SF,146,137,0,1,1,1,9,0,645261.0,Sandy Alcantara,595881.0,Tyler Beede,595881.0,645261.0,2395,Oracle Park,night,R
565388,2019-09-13,2019,MIN,CLE,142,114,0,0,0,0,9,0,543606.0,Jake Odorizzi,650644.0,Aaron Civale,,,5,Progressive Field,night,R
565388,2019-09-14,2019,MIN,CLE,142,114,2,0,2,0,9,0,656970.0,Devin Smeltzer,605182.0,Mike Clevinger,641793.0,605182.0,5,Progressive Field,day,R
565389,2019-09-14,2019,MIN,CLE,142,114,9,5,14,0,9,0,,,461325.0,Tyler Clippard,660813.0,424144.0,5,Progressive Field,night,R
565196,2019-09-14,2019,PIT,CHC,134,112,1,14,15,1,9,0,621086.0,James Marvel,543294.0,Kyle Hendricks,543294.0,621086.0,17,Wrigley Field,day,R
566937,2019-09-14,2019,NYY,TOR,147,141,13,3,16,0,9,0,572020.0,James Paxton,621097.0,Jacob Waguespack,572020.0,621097.0,14,Rogers Centre,day,R
565967,2019-09-14,2019,ATL,WSH,144,120,10,1,11,0,9,0,592314.0,Mike Foltynewicz,608723.0,Austin Voth,592314.0,593833.0,3309,Nationals Park,day,R
565582,2019-09-14,2019,BAL,DET,110,116,4,8,12,1,12,1,593679.0,Gabriel Ynoa,596057.0,Daniel Norris,670167.0,643316.0,2394,Comerica Park,night,R
567135,2019-09-14,2019,BOS,PHI,111,143,2,1,3,0,9,0,593958.0,Eduardo Rodriguez,605400.0,Aaron Nola,598264.0,593576.0,2681,Citizens Bank Park,night,R
566062,2019-09-14,2019,LAD,NYM,119,121,0,3,3,1,9,0,547943.0,Hyun Jin Ryu,594798.0,Jacob deGrom,607625.0,523260.0,3289,Citi Field,night,R
565776,2019-09-14,2019,HOU,KC,117,118,6,1,7,0,9,0,425844.0,Zack Greinke,543557.0,Mike Montgomery,425844.0,543557.0,7,Kauffman Stadium,night,R
566640,2019-09-14,2019,MIL,STL,158,138,5,2,7,0,9,0,543475.0,Jordan Lyles,656427.0,Jack Flaherty,543475.0,656427.0,2889,Busch Stadium,night,R
566841,2019-09-15,2019,OAK,TEX,133,140,8,6,14,0,9,0,571666.0,Mike Fiers,501985.0,Mike Minor,488748.0,501985.0,13,Globe Life Park in Arlington,night,R
564903,2019-09-15,2019,CIN,ARI,113,109,0,1,1,1,9,0,543101.0,Anthony DeSclafani,518876.0,Merrill Kelly,518876.0,543101.0,15,Chase Field,night,R
565486,2019-09-15,2019,SD,COL,135,115,10,11,21,1,9,0,641778.0,Eric Lauer,663567.0,Peter Lambert,663567.0,641778.0,19,Coors Field,night,R
566544,2019-09-15,2019,MIA,SF,146,137,4,2,6,0,9,0,667498.0,Robert Dugger,518516.0,Madison Bumgarner,606424.0,641312.0,2395,Oracle Park,night,R
564807,2019-09-15,2019,TB,LAA,139,108,3,1,4,0,9,0,607192.0,Tyler Glasnow,642545.0,Jaime Barria,670950.0,642545.0,1,Angel Stadium,night,R
566445,2019-09-15,2019,CWS,SEA,145,136,1,2,3,1,10,1,656302.0,Dylan Cease,433587.0,Félix Hernández,543483.0,517008.0,680,T-Mobile Park,night,R
567136,2019-09-15,2019,BOS,PHI,111,143,6,3,9,0,9,0,519144.0,Rick Porcello,450306.0,Jason Vargas,519144.0,450306.0,2681,Citizens Bank Park,day,R
566938,2019-09-15,2019,NYY,TOR,147,141,4,6,10,1,9,0,643338.0,Chad Green,521655.0,Wilmer Font,643615.0,641482.0,14,Rogers Centre,day,R
565583,2019-09-15,2019,BAL,DET,110,116,8,2,10,0,9,0,592879.0,Asher Wojciechowski,429719.0,Edwin Jackson,592879.0,429719.0,2394,Comerica Park,day,R
565390,2019-09-15,2019,MIN,CLE,142,114,5,7,12,1,9,0,677976.0,Randy Dobnak,669456.0,Shane Bieber,621295.0,622864.0,5,Progressive Field,day,R
565968,2019-09-15,2019,ATL,WSH,144,120,0,7,7,1,9,0,608331.0,Max Fried,434671.0,Aníbal Sánchez,434671.0,608331.0,3309,Nationals Park,day,R
565777,2019-09-15,2019,HOU,KC,117,118,12,3,15,0,9,0,489119.0,Wade Miley,596001.0,Jakob Junis,489119.0,596001.0,7,Kauffman Stadium,day,R
566641,2019-09-15,2019,MIL,STL,158,138,7,6,13,0,9,0,502624.0,Chase Anderson,608379.0,Michael Wacha,458006.0,607231.0,2889,Busch Stadium,day,R
565197,2019-09-15,2019,PIT,CHC,134,112,6,16,22,1,9,0,592866.0,Trevor Williams,500779.0,Jose Quintana,623364.0,592866.0,17,Wrigley Field,day,R
566842,2019-09-15,2019,OAK,TEX,133,140,6,1,7,0,9,0,640455.0,Sean Manaea,642546.0,Jonathan Hernández,640455.0,642546.0,13,Globe Life Park in Arlington,day,R
565487,2019-09-15,2019,SD,COL,135,115,5,10,15,1,9,0,615698.0,Cal Quantrill,592346.0,Chi Chi González,607572.0,615698.0,19,Coors Field,day,R
566545,2019-09-15,2019,MIA,SF,146,137,1,2,3,1,9,0,622694.0,Elieser Hernández,456501.0,Johnny Cueto,643511.0,606424.0,2395,Oracle Park,day,R
564808,2019-09-15,2019,TB,LAA,139,108,4,6,10,1,9,0,642232.0,Ryan Yarbrough,663776.0,Patrick Sandoval,598287.0,642232.0,1,Angel Stadium,day,R
564904,2019-09-15,2019,CIN,ARI,113,109,3,1,4,0,9,0,545333.0,Trevor Bauer,668678.0,Zac Gallen,545333.0,668678.0,15,Chase Field,day,R
566446,2019-09-15,2019,CWS,SEA,145,136,10,11,21,1,9,0,467100.0,Iván Nova,656954.0,Justus Sheffield,613534.0,614179.0,680,T-Mobile Park,day,R
566063,2019-09-15,2019,LAD,NYM,119,121,3,2,5,0,9,0,621111.0,Walker Buehler,554430.0,Zack Wheeler,445276.0,607625.0,3289,Citi Field,night,R
565584,2019-09-16,2019,BAL,DET,110,116,2,5,7,1,9,0,607644.0,John Means,641302.0,Tyler Alexander,641302.0,607644.0,2394,Comerica Park,day,R
567036,2019-09-16,2019,CWS,MIN,145,142,3,5,8,1,9,0,625643.0,Reynaldo López,621244.0,José Berríos,621244.0,625643.0,3312,Target Field,night,R
567626,2019-09-16,2019,SD,MIL,135,158,1,5,6,1,9,0,572070.0,Garrett Richards,605200.0,Zach Davies,605200.0,572070.0,32,Miller Park,night,R
566642,2019-09-16,2019,WSH,STL,120,138,2,4,6,1,9,0,544931.0,Stephen Strasburg,641712.0,Dakota Hudson,641712.0,448281.0,2889,Busch Stadium,night,R
565198,2019-09-17,2019,CIN,CHC,113,112,2,8,10,1,9,0,592332.0,Kevin Gausman,430935.0,Cole Hamels,621219.0,592332.0,17,Wrigley Field,night,R
565488,2019-09-17,2019,NYM,COL,121,115,4,9,13,1,9,0,571927.0,Steven Matz,622608.0,Antonio Senzatela,622608.0,571927.0,19,Coors Field,night,R
564905,2019-09-17,2019,MIA,ARI,146,109,5,7,12,1,9,0,641154.0,Pablo López,592662.0,Robbie Ray,673633.0,594027.0,15,Chase Field,night,R
566159,2019-09-17,2019,KC,OAK,118,133,6,5,11,0,9,0,642098.0,Glenn Sparkman,543699.0,Tanner Roark,641838.0,521230.0,10,Oakland Coliseum,night,R
567531,2019-09-17,2019,LAA,NYY,108,147,0,8,8,1,9,0,598287.0,Noé Ramirez,622663.0,Luis Severino,642528.0,598287.0,3313,Yankee Stadium,night,R
566252,2019-09-17,2019,SEA,PIT,136,134,6,0,6,0,9,0,594835.0,Marco Gonzales,656605.0,Mitch Keller,594835.0,656605.0,31,PNC Park,night,R
565005,2019-09-17,2019,TOR,BAL,141,110,8,5,13,0,9,0,572193.0,Ryan Tepera,605469.0,Chandler Shepherd,571882.0,571710.0,2,Oriole Park at Camden Yards,night,R
565391,2019-09-17,2019,DET,CLE,116,114,2,7,9,1,9,0,643617.0,Zac Reininger,592644.0,Adam Plutko,592644.0,643617.0,5,Progressive Field,night,R
565102,2019-09-17,2019,SF,BOS,137,111,7,6,13,0,15,1,657277.0,Logan Webb,543135.0,Nathan Eovaldi,605446.0,665001.0,3,Fenway Park,night,R
567242,2019-09-17,2019,PHI,ATL,143,144,5,4,9,0,9,0,592826.0,Vince Velasquez,572971.0,Dallas Keuchel,592826.0,572971.0,4705,SunTrust Park,night,R
567037,2019-09-17,2019,CWS,MIN,145,142,8,9,17,1,12,1,446321.0,Ross Detwiler,527048.0,Martín Pérez,607560.0,614179.0,3312,Target Field,night,R
567627,2019-09-17,2019,SD,MIL,135,158,1,3,4,1,9,0,663978.0,Chris Paddack,605540.0,Brandon Woodruff,458006.0,621381.0,32,Miller Park,night,R
566643,2019-09-17,2019,WSH,STL,120,138,6,2,8,0,9,0,571578.0,Patrick Corbin,571945.0,Miles Mikolas,571578.0,571945.0,2889,Busch Stadium,night,R
565199,2019-09-18,2019,CIN,CHC,113,112,4,2,6,0,9,0,543243.0,Sonny Gray,506433.0,Yu Darvish,543243.0,506433.0,17,Wrigley Field,night,R
565682,2019-09-18,2019,TEX,HOU,140,117,1,4,5,1,9,0,458681.0,Lance Lynn,434378.0,Justin Verlander,434378.0,458681.0,2392,Minute Maid Park,night,R
565489,2019-09-18,2019,NYM,COL,121,115,6,1,7,0,9,0,573186.0,Marcus Stroman,543532.0,Tim Melville,573186.0,543532.0,19,Coors Field,night,R
564906,2019-09-18,2019,MIA,ARI,146,109,12,6,18,0,9,0,592761.0,Caleb Smith,622065.0,Alex Young,592761.0,542882.0,15,Chase Field,night,R
566160,2019-09-18,2019,KC,OAK,118,133,1,2,3,1,9,0,605347.0,Jorge López,474463.0,Brett Anderson,640462.0,605347.0,10,Oakland Coliseum,night,R
565875,2019-09-18,2019,TB,LAD,139,119,5,7,12,1,9,0,605483.0,Blake Snell,657571.0,Caleb Ferguson,628317.0,664126.0,22,Dodger Stadium,night,R
566644,2019-09-18,2019,WSH,STL,120,138,1,5,6,1,9,0,453286.0,Max Scherzer,425794.0,Adam Wainwright,425794.0,453286.0,2889,Busch Stadium,day,R
565490,2019-09-18,2019,NYM,COL,121,115,7,4,11,0,9,0,592789.0,Noah Syndergaard,656546.0,Jeff Hoffman,607625.0,545064.0,19,Coors Field,day,R
566161,2019-09-18,2019,KC,OAK,118,133,0,1,1,1,11,1,518633.0,Danny Duffy,456701.0,Homer Bailey,605525.0,534910.0,10,Oakland Coliseum,day,R
564907,2019-09-18,2019,MIA,ARI,146,109,4,5,9,1,9,0,645261.0,Sandy Alcantara,502190.0,Mike Leake,502190.0,645261.0,15,Chase Field,day,R
567532,2019-09-18,2019,LAA,NYY,108,147,3,2,5,0,9,0,596071.0,Dillon Peters,282332.0,CC Sabathia,572703.0,493603.0,3313,Yankee Stadium,night,R
566253,2019-09-18,2019,SEA,PIT,136,134,4,1,5,0,9,0,643290.0,Justin Dunn,642607.0,Dario Agrazal,543548.0,642607.0,31,PNC Park,night,R
565006,2019-09-18,2019,TOR,BAL,141,110,11,10,21,0,9,0,453329.0,Clay Buchholz,605164.0,Dylan Bundy,592779.0,612434.0,2,Oriole Park at Camden Yards,night,R
565392,2019-09-18,2019,DET,CLE,116,114,1,2,3,1,10,1,605513.0,Spencer Turnbull,650644.0,Aaron Civale,643256.0,542585.0,5,Progressive Field,night,R
565103,2019-09-18,2019,SF,BOS,137,111,11,3,14,0,9,0,502188.0,Jeff Samardzija,468504.0,Jhoulys Chacín,502188.0,468504.0,3,Fenway Park,night,R
567243,2019-09-18,2019,PHI,ATL,143,144,4,1,5,0,9,0,621107.0,Zach Eflin,527054.0,Julio Teheran,621107.0,527054.0,4705,SunTrust Park,night,R
567038,2019-09-18,2019,CWS,MIN,145,142,3,1,4,0,9,0,467100.0,Iván Nova,543606.0,Jake Odorizzi,605240.0,543606.0,3312,Target Field,night,R
567628,2019-09-18,2019,SD,MIL,135,158,2,1,3,0,9,0,659275.0,Dinelson Lamet,605288.0,Adrian Houser,659275.0,605288.0,32,Miller Park,night,R
565200,2019-09-19,2019,CIN,CHC,113,112,3,2,5,0,10,1,641816.0,Tyler Mahle,452657.0,Jon Lester,607237.0,656803.0,17,Wrigley Field,night,R
565876,2019-09-19,2019,TB,LAD,139,119,8,7,15,0,11,1,656713.0,Brendan McKay,594987.0,Casey Sadler,621363.0,622250.0,22,Dodger Stadium,night,R
565683,2019-09-19,2019,TEX,HOU,140,117,2,3,5,1,9,0,663465.0,Kolby Allard,543037.0,Gerrit Cole,543037.0,663465.0,2392,Minute Maid Park,night,R
567244,2019-09-19,2019,PHI,ATL,143,144,4,5,9,1,9,0,605400.0,Aaron Nola,647336.0,Michael Soroka,647336.0,605400.0,4705,SunTrust Park,day,R
566254,2019-09-19,2019,SEA,PIT,136,134,6,5,11,0,11,1,579328.0,Yusei Kikuchi,605397.0,Joe Musgrove,592165.0,605280.0,31,PNC Park,day,R
565104,2019-09-19,2019,SF,BOS,137,111,4,5,9,1,9,0,518516.0,Madison Bumgarner,593958.0,Eduardo Rodriguez,593958.0,518516.0,3,Fenway Park,day,R
567629,2019-09-19,2019,SD,MIL,135,158,1,5,6,1,9,0,664192.0,Joey Lucchesi,543475.0,Jordan Lyles,642547.0,664192.0,32,Miller Park,day,R
567533,2019-09-19,2019,LAA,NYY,108,147,1,9,10,1,9,0,571760.0,Andrew Heaney,547888.0,Masahiro Tanaka,547888.0,571760.0,3313,Yankee Stadium,night,R
565007,2019-09-19,2019,TOR,BAL,141,110,8,4,12,0,9,0,521655.0,Wilmer Font,593679.0,Gabriel Ynoa,641743.0,593679.0,2,Oriole Park at Camden Yards,night,R
565393,2019-09-19,2019,DET,CLE,116,114,0,7,7,1,9,0,596057.0,Daniel Norris,605182.0,Mike Clevinger,605182.0,596057.0,5,Progressive Field,night,R
565201,2019-09-19,2019,STL,CHC,138,112,5,4,9,0,10,1,656427.0,Jack Flaherty,543294.0,Kyle Hendricks,453192.0,518886.0,17,Wrigley Field,night,R
567039,2019-09-19,2019,KC,MIN,118,142,5,8,13,1,9,0,543557.0,Mike Montgomery,502043.0,Kyle Gibson,626929.0,606930.0,3312,Target Field,night,R
565202,2019-09-20,2019,STL,CHC,138,112,2,1,3,0,9,0,608379.0,Michael Wacha,621219.0,Alec Mills,664854.0,475479.0,17,Wrigley Field,day,R
565008,2019-09-20,2019,SEA,BAL,136,110,3,5,8,1,9,0,433587.0,Félix Hernández,542947.0,Richard Bleier,605156.0,433587.0,2,Oriole Park at Camden Yards,night,R
567534,2019-09-20,2019,TOR,NYY,141,147,4,3,7,0,9,0,621097.0,Jacob Waguespack,457918.0,J.A. Happ,592094.0,592454.0,3313,Yankee Stadium,night,R
565295,2019-09-20,2019,NYM,CIN,121,113,8,1,9,0,9,0,594798.0,Jacob deGrom,622491.0,Luis Castillo,594798.0,622491.0,2602,Great American Ball Park,night,R
566739,2019-09-20,2019,BOS,TB,111,139,4,5,9,1,11,1,519144.0,Rick Porcello,450203.0,Charlie Morton,650895.0,665001.0,12,Tropicana Field,night,R
565394,2019-09-20,2019,PHI,CLE,143,114,2,5,7,1,9,0,592767.0,Drew Smyly,669456.0,Shane Bieber,669456.0,592767.0,5,Progressive Field,night,R
565585,2019-09-20,2019,CWS,DET,145,116,10,1,11,0,9,0,656302.0,Dylan Cease,519455.0,Jordan Zimmermann,656302.0,519455.0,2394,Comerica Park,night,R
567437,2019-09-20,2019,WSH,MIA,120,146,6,4,10,0,9,0,434671.0,Aníbal Sánchez,667498.0,Robert Dugger,434671.0,667498.0,4169,Marlins Park,night,R
567245,2019-09-20,2019,SF,ATL,137,144,0,6,6,1,9,0,595881.0,Tyler Beede,592314.0,Mike Foltynewicz,592314.0,595881.0,4705,SunTrust Park,night,R
565684,2019-09-21,2019,LAA,HOU,108,117,4,6,10,1,9,0,642545.0,Jaime Barria,425844.0,Zack Greinke,425844.0,642545.0,2392,Minute Maid Park,night,R
567040,2019-09-21,2019,KC,MIN,118,142,3,4,7,1,9,0,607215.0,Eric Skoglund,677976.0,Randy Dobnak,677976.0,607215.0,3312,Target Field,night,R
567630,2019-09-21,2019,PIT,MIL,134,158,1,10,11,1,9,0,643230.0,Steven Brault,502624.0,Chase Anderson,502624.0,643230.0,32,Miller Park,night,R
566162,2019-09-21,2019,TEX,OAK,140,133,0,8,8,1,9,0,501985.0,Mike Minor,571666.0,Mike Fiers,571666.0,501985.0,10,Oakland Coliseum,night,R
565877,2019-09-21,2019,COL,LAD,115,119,5,12,17,1,9,0,663567.0,Peter Lambert,477132.0,Clayton Kershaw,477132.0,663567.0,22,Dodger Stadium,night,R
566350,2019-09-21,2019,ARI,SD,109,135,9,0,9,0,9,0,518876.0,Merrill Kelly,641778.0,Eric Lauer,518876.0,641778.0,2680,Petco Park,night,R
567535,2019-09-21,2019,TOR,NYY,141,147,2,7,9,1,9,0,643615.0,T.J. Zeuch,572020.0,James Paxton,572020.0,643615.0,3313,Yankee Stadium,day,R
565203,2019-09-21,2019,STL,CHC,138,112,9,8,17,0,9,0,641712.0,Dakota Hudson,500779.0,Jose Quintana,607231.0,518886.0,17,Wrigley Field,day,R
565296,2019-09-21,2019,NYM,CIN,121,113,2,3,5,1,9,0,554430.0,Zack Wheeler,543101.0,Anthony DeSclafani,669270.0,458677.0,2602,Great American Ball Park,day,R
566740,2019-09-21,2019,BOS,TB,111,139,4,5,9,1,11,1,664042.0,Travis Lakins,607192.0,Tyler Glasnow,650895.0,595001.0,12,Tropicana Field,night,R
565586,2019-09-21,2019,CWS,DET,145,116,5,3,8,0,9,0,467100.0,Iván Nova,641302.0,Tyler Alexander,467100.0,641302.0,2394,Comerica Park,night,R
567438,2019-09-21,2019,WSH,MIA,120,146,10,4,14,0,10,1,544931.0,Stephen Strasburg,657141.0,Jordan Yamamoto,593833.0,570632.0,4169,Marlins Park,night,R
565009,2019-09-21,2019,SEA,BAL,136,110,7,6,13,0,13,1,656954.0,Justus Sheffield,592879.0,Asher Wojciechowski,656186.0,656945.0,2,Oriole Park at Camden Yards,night,R
565685,2019-09-21,2019,LAA,HOU,108,117,8,4,12,0,9,0,663776.0,Patrick Sandoval,489119.0,Wade Miley,572703.0,489119.0,2392,Minute Maid Park,night,R
567041,2019-09-21,2019,KC,MIN,118,142,12,5,17,0,9,0,642098.0,Glenn Sparkman,621244.0,José Berríos,600968.0,573124.0,3312,Target Field,night,R
565395,2019-09-21,2019,PHI,CLE,143,114,9,4,13,0,9,0,450306.0,Jason Vargas,668676.0,Zach Plesac,450306.0,424144.0,5,Progressive Field,night,R
567631,2019-09-21,2019,PIT,MIL,134,158,1,10,11,1,9,0,621086.0,James Marvel,605200.0,Zach Davies,608718.0,621086.0,32,Miller Park,night,R
567246,2019-09-21,2019,SF,ATL,137,144,1,8,9,1,9,0,456501.0,Johnny Cueto,608331.0,Max Fried,608331.0,456501.0,4705,SunTrust Park,night,R
566351,2019-09-22,2019,ARI,SD,109,135,4,2,6,0,9,0,596133.0,Luke Weaver,615698.0,Cal Quantrill,664199.0,621381.0,2680,Petco Park,night,R
566163,2019-09-22,2019,TEX,OAK,140,133,3,12,15,1,9,0,656271.0,Brock Burke,640455.0,Sean Manaea,640455.0,656271.0,10,Oakland Coliseum,night,R
565878,2019-09-22,2019,COL,LAD,115,119,4,2,6,0,9,0,607536.0,Kyle Freeland,621111.0,Walker Buehler,592346.0,621111.0,22,Dodger Stadium,night,R
565010,2019-09-22,2019,SEA,BAL,136,110,1,2,3,1,9,0,594835.0,Marco Gonzales,607644.0,John Means,607644.0,594835.0,2,Oriole Park at Camden Yards,day,R
567536,2019-09-22,2019,TOR,NYY,141,147,3,8,11,1,9,0,663423.0,Trent Thornton,622663.0,Luis Severino,622663.0,521655.0,3313,Yankee Stadium,day,R
565297,2019-09-22,2019,NYM,CIN,121,113,6,3,9,0,9,0,573186.0,Marcus Stroman,545333.0,Trevor Bauer,542960.0,545333.0,2602,Great American Ball Park,day,R
566741,2019-09-22,2019,BOS,TB,111,139,7,4,11,0,9,0,543135.0,Nathan Eovaldi,642232.0,Ryan Yarbrough,543135.0,642232.0,12,Tropicana Field,day,R
565587,2019-09-22,2019,CWS,DET,145,116,3,6,9,1,9,0,625643.0,Reynaldo López,571510.0,Matthew Boyd,571510.0,625643.0,2394,Comerica Park,day,R
567439,2019-09-22,2019,WSH,MIA,120,146,3,5,8,1,9,0,608723.0,Austin Voth,641154.0,Pablo López,606424.0,593833.0,4169,Marlins Park,day,R
567247,2019-09-22,2019,SF,ATL,137,144,4,1,5,0,9,0,657277.0,Logan Webb,572971.0,Dallas Keuchel,657277.0,572971.0,4705,SunTrust Park,day,R
565686,2019-09-22,2019,LAA,HOU,108,117,5,13,18,1,9,0,642578.0,José Rodríguez,434378.0,Justin Verlander,434378.0,642578.0,2392,Minute Maid Park,day,R
567042,2019-09-22,2019,KC,MIN,118,142,8,12,20,1,9,0,605347.0,Jorge López,527048.0,Martín Pérez,641793.0,605347.0,3312,Target Field,day,R
567632,2019-09-22,2019,PIT,MIL,134,158,3,4,7,1,9,0,592866.0,Trevor Williams,605540.0,Brandon Woodruff,461829.0,592866.0,32,Miller Park,day,R
565204,2019-09-22,2019,STL,CHC,138,112,3,2,5,0,9,0,571945.0,Miles Mikolas,506433.0,Yu Darvish,643778.0,506433.0,17,Wrigley Field,day,R
566164,2019-09-22,2019,TEX,OAK,140,133,8,3,11,0,9,0,458681.0,Lance Lynn,543699.0,Tanner Roark,458681.0,543699.0,10,Oakland Coliseum,day,R
565879,2019-09-22,2019,COL,LAD,115,119,4,7,11,1,9,0,622608.0,Antonio Senzatela,547943.0,Hyun Jin Ryu,547943.0,622608.0,22,Dodger Stadium,day,R
566352,2019-09-22,2019,ARI,SD,109,135,4,6,10,1,10,1,592662.0,Robbie Ray,572070.0,Garrett Richards,621381.0,661255.0,2680,Petco Park,day,R
565396,2019-09-22,2019,PHI,CLE,143,114,1,10,11,1,9,0,592826.0,Vince Velasquez,592644.0,Adam Plutko,471911.0,592826.0,5,Progressive Field,night,R
565969,2019-09-23,2019,PHI,WSH,143,120,2,7,9,1,9,0,621107.0,Zach Eflin,571578.0,Patrick Corbin,571578.0,621107.0,3309,Nationals Park,night,R
566939,2019-09-23,2019,BAL,TOR,110,141,10,11,21,1,15,1,605469.0,Chandler Shepherd,453329.0,Clay Buchholz,592094.0,592280.0,14,Rogers Centre,night,R
566742,2019-09-23,2019,BOS,TB,111,139,4,7,11,1,9,0,468504.0,Jhoulys Chacín,605483.0,Blake Snell,643493.0,596074.0,12,Tropicana Field,night,R
566064,2019-09-23,2019,MIA,NYM,146,121,8,4,12,0,9,0,592761.0,Caleb Smith,571927.0,Steven Matz,592761.0,571927.0,3289,Citi Field,night,R
564908,2019-09-24,2019,STL,ARI,138,109,9,7,16,0,9,0,425794.0,Adam Wainwright,622065.0,Alex Young,425794.0,622065.0,15,Chase Field,night,R
565930,2019-09-24,2019,PHI,WSH,143,120,1,4,5,1,9,0,453284.0,Blake Parker,605452.0,Joe Ross,663432.0,543883.0,3309,Nationals Park,day,R
565970,2019-09-24,2019,PHI,WSH,143,120,5,6,11,1,9,0,605400.0,Aaron Nola,453286.0,Max Scherzer,453286.0,605400.0,3309,Nationals Park,night,R
565588,2019-09-24,2019,MIN,DET,142,116,4,2,6,0,9,0,543606.0,Jake Odorizzi,605513.0,Spencer Turnbull,543606.0,605513.0,2394,Comerica Park,night,R
565298,2019-09-24,2019,MIL,CIN,158,113,4,2,6,0,9,0,605288.0,Adrian Houser,543243.0,Sonny Gray,608718.0,543243.0,2602,Great American Ball Park,night,R
566255,2019-09-24,2019,CHC,PIT,112,134,2,9,11,1,9,0,543294.0,Kyle Hendricks,656605.0,Mitch Keller,434538.0,543294.0,31,PNC Park,night,R
566940,2019-09-24,2019,BAL,TOR,110,141,11,4,15,0,9,0,605164.0,Dylan Bundy,623381.0,Thomas Pannone,605164.0,623381.0,14,Rogers Centre,night,R
566065,2019-09-24,2019,MIA,NYM,146,121,4,5,9,1,11,1,645261.0,Sandy Alcantara,592789.0,Noah Syndergaard,623149.0,543045.0,3289,Citi Field,night,R
566743,2019-09-24,2019,NYY,TB,147,139,1,2,3,1,12,1,656756.0,Jordan Montgomery,630023.0,Yonny Chirinos,664126.0,518715.0,12,Tropicana Field,night,R
566843,2019-09-25,2019,BOS,TEX,111,140,12,10,22,0,9,0,593958.0,Eduardo Rodriguez,450172.0,Edinson Volquez,593958.0,642558.0,13,Globe Life Park in Arlington,night,R
567338,2019-09-25,2019,CLE,CWS,114,145,11,0,11,0,9,0,605182.0,Mike Clevinger,608334.0,Carson Fulmer,605182.0,608334.0,4,Guaranteed Rate Field,night,R
565778,2019-09-25,2019,ATL,KC,144,118,6,9,15,1,9,0,527054.0,Julio Teheran,518633.0,Danny Duffy,518633.0,527054.0,7,Kauffman Stadium,night,R
564909,2019-09-25,2019,STL,ARI,138,109,2,3,5,1,19,1,656427.0,Jack Flaherty,502190.0,Mike Leake,656464.0,605154.0,15,Chase Field,night,R
566546,2019-09-25,2019,COL,SF,115,137,8,5,13,0,16,1,656546.0,Jeff Hoffman,518516.0,Madison Bumgarner,607572.0,605446.0,2395,Oracle Park,night,R
564809,2019-09-25,2019,OAK,LAA,133,108,2,3,5,1,9,0,456701.0,Homer Bailey,596071.0,Dillon Peters,596071.0,456701.0,1,Angel Stadium,night,R
566353,2019-09-25,2019,LAD,SD,119,135,6,3,9,0,9,0,448179.0,Rich Hill,671790.0,Ronald Bolaños,664062.0,671790.0,2680,Petco Park,night,R
566447,2019-09-25,2019,HOU,SEA,117,136,3,0,3,0,9,0,543037.0,Gerrit Cole,643290.0,Justin Dunn,543037.0,543548.0,680,T-Mobile Park,night,R
564910,2019-09-25,2019,STL,ARI,138,109,7,9,16,1,9,0,608379.0,Michael Wacha,518876.0,Merrill Kelly,518876.0,658551.0,15,Chase Field,day,R
565589,2019-09-25,2019,MIN,DET,142,116,5,1,6,0,9,0,677976.0,Randy Dobnak,596057.0,Daniel Norris,677976.0,572403.0,2394,Comerica Park,night,R
565299,2019-09-25,2019,MIL,CIN,158,113,9,2,11,0,9,0,543475.0,Jordan Lyles,641816.0,Tyler Mahle,543475.0,641816.0,2602,Great American Ball Park,night,R
566256,2019-09-25,2019,CHC,PIT,112,134,2,4,6,1,9,0,452657.0,Jon Lester,642607.0,Dario Agrazal,593140.0,623364.0,31,PNC Park,night,R
565971,2019-09-25,2019,PHI,WSH,143,120,2,5,7,1,9,0,592767.0,Drew Smyly,434671.0,Aníbal Sánchez,434671.0,573046.0,3309,Nationals Park,night,R
566941,2019-09-25,2019,BAL,TOR,110,141,2,3,5,1,9,0,593679.0,Gabriel Ynoa,621097.0,Jacob Waguespack,621097.0,593679.0,14,Rogers Centre,night,R
566066,2019-09-25,2019,MIA,NYM,146,121,3,10,13,1,9,0,667498.0,Robert Dugger,594798.0,Jacob deGrom,594798.0,667498.0,3289,Citi Field,night,R
566744,2019-09-25,2019,NYY,TB,147,139,0,4,4,1,9,0,642528.0,Jonathan Loáisiga,450203.0,Charlie Morton,450203.0,642528.0,12,Tropicana Field,night,R
566844,2019-09-26,2019,BOS,TEX,111,140,10,3,13,0,9,0,519144.0,Rick Porcello,663465.0,Kolby Allard,519144.0,663465.0,13,Globe Life Park in Arlington,night,R
567339,2019-09-26,2019,CLE,CWS,114,145,3,8,11,1,9,0,669456.0,Shane Bieber,446321.0,Ross Detwiler,446321.0,669456.0,4,Guaranteed Rate Field,night,R
565779,2019-09-26,2019,ATL,KC,144,118,10,2,12,0,9,0,458708.0,Josh Tomlin,543557.0,Mike Montgomery,592426.0,606930.0,7,Kauffman Stadium,night,R
566547,2019-09-26,2019,COL,SF,115,137,1,2,3,1,9,0,543532.0,Tim Melville,502188.0,Jeff Samardzija,519293.0,597113.0,2395,Oracle Park,night,R
564810,2019-09-26,2019,OAK,LAA,133,108,3,2,5,0,9,0,593423.0,Frankie Montas,571760.0,Andrew Heaney,465657.0,570663.0,1,Angel Stadium,night,R
566354,2019-09-26,2019,LAD,SD,119,135,6,4,10,0,9,0,548389.0,Ross Stripling,659275.0,Dinelson Lamet,571670.0,670280.0,2680,Petco Park,night,R
566448,2019-09-26,2019,HOU,SEA,117,136,3,0,3,0,9,0,425844.0,Zack Greinke,579328.0,Yusei Kikuchi,425844.0,579328.0,680,T-Mobile Park,night,R
565300,2019-09-26,2019,MIL,CIN,158,113,5,3,8,0,9,0,502624.0,Chase Anderson,622491.0,Luis Castillo,502624.0,622491.0,2602,Great American Ball Park,day,R
565590,2019-09-26,2019,MIN,DET,142,116,10,4,14,0,9,0,656970.0,Devin Smeltzer,519455.0,Jordan Zimmermann,656970.0,519455.0,2394,Comerica Park,day,R
566845,2019-09-26,2019,BOS,TEX,111,140,5,7,12,1,9,0,664042.0,Travis Lakins,501985.0,Mike Minor,501985.0,543901.0,13,Globe Life Park in Arlington,day,R
566355,2019-09-26,2019,LAD,SD,119,135,1,0,1,0,9,0,477132.0,Clayton Kershaw,664192.0,Joey Lucchesi,477132.0,664192.0,2680,Petco Park,day,R
566548,2019-09-26,2019,COL,SF,115,137,3,8,11,1,9,0,607536.0,Kyle Freeland,595881.0,Tyler Beede,656322.0,622786.0,2395,Oracle Park,day,R
565972,2019-09-26,2019,PHI,WSH,143,120,3,6,9,1,9,0,450306.0,Jason Vargas,544931.0,Stephen Strasburg,544931.0,450306.0,3309,Nationals Park,day,R
566257,2019-09-26,2019,CHC,PIT,112,134,5,9,14,1,9,0,500779.0,Jose Quintana,605397.0,Joe Musgrove,605397.0,500779.0,31,PNC Park,night,R
566067,2019-09-26,2019,MIA,NYM,146,121,4,2,6,0,9,0,657141.0,Jordan Yamamoto,554430.0,Zack Wheeler,656257.0,554430.0,3289,Citi Field,night,R
567340,2019-09-27,2019,CLE,CWS,114,145,0,8,8,1,9,0,650644.0,Aaron Civale,656302.0,Dylan Cease,592612.0,650644.0,4,Guaranteed Rate Field,night,R
564811,2019-09-27,2019,HOU,LAA,117,108,3,4,7,1,12,1,489119.0,Wade Miley,642545.0,Jaime Barria,502239.0,607352.0,1,Angel Stadium,night,R
566449,2019-09-27,2019,OAK,SEA,133,136,3,1,4,0,9,0,640455.0,Sean Manaea,433587.0,Félix Hernández,640455.0,433587.0,680,T-Mobile Park,night,R
565973,2019-09-27,2019,CLE,WSH,114,120,2,8,10,1,9,0,668676.0,Zach Plesac,608723.0,Austin Voth,608723.0,580792.0,3309,Nationals Park,night,R
566258,2019-09-27,2019,CIN,PIT,113,134,5,6,11,1,9,0,543101.0,Anthony DeSclafani,643230.0,Steven Brault,605441.0,628452.0,31,PNC Park,night,R
567137,2019-09-27,2019,MIA,PHI,146,143,4,5,9,1,15,1,641154.0,Pablo López,592826.0,Vince Velasquez,624133.0,543045.0,2681,Citizens Bank Park,night,R
566942,2019-09-27,2019,TB,TOR,139,141,6,2,8,0,9,0,607192.0,Tyler Glasnow,643615.0,T.J. Zeuch,543118.0,643615.0,14,Rogers Centre,night,R
565105,2019-09-27,2019,BAL,BOS,110,111,4,1,5,0,9,0,592879.0,Asher Wojciechowski,543135.0,Nathan Eovaldi,592879.0,543135.0,3,Fenway Park,night,R
566068,2019-09-27,2019,ATL,NYM,144,121,2,4,6,1,9,0,572971.0,Dallas Keuchel,573186.0,Marcus Stroman,573186.0,572971.0,3289,Citi Field,night,R
566846,2019-09-28,2019,NYY,TEX,147,140,14,7,21,0,9,0,572020.0,James Paxton,643478.0,Joe Palumbo,605501.0,643478.0,13,Globe Life Park in Arlington,night,R
565491,2019-09-28,2019,MIL,COL,158,115,7,11,18,1,9,0,605200.0,Zach Davies,622608.0,Antonio Senzatela,622608.0,605143.0,19,Coors Field,night,R
566645,2019-09-28,2019,CHC,STL,112,138,8,2,10,0,9,0,621219.0,Alec Mills,641712.0,Dakota Hudson,623364.0,453192.0,2889,Busch Stadium,night,R
565780,2019-09-28,2019,MIN,KC,142,118,6,2,8,0,7,0,621244.0,José Berríos,607215.0,Eric Skoglund,621244.0,607215.0,7,Kauffman Stadium,night,R
564911,2019-09-28,2019,SD,ARI,135,109,3,6,9,1,9,0,641778.0,Eric Lauer,664199.0,Taylor Clarke,582494.0,606131.0,15,Chase Field,night,R
564812,2019-09-28,2019,HOU,LAA,117,108,4,0,4,0,9,0,664353.0,José Urquidy,663776.0,Patrick Sandoval,664353.0,663776.0,1,Angel Stadium,night,R
566450,2019-09-28,2019,OAK,SEA,133,136,3,4,7,1,9,0,571666.0,Mike Fiers,656954.0,Justus Sheffield,605521.0,521230.0,680,T-Mobile Park,night,R
566549,2019-09-28,2019,LAD,SF,119,137,9,2,11,0,9,0,621111.0,Walker Buehler,456501.0,Johnny Cueto,621111.0,456501.0,2395,Oracle Park,night,R
567341,2019-09-27,2019,DET,CWS,116,145,0,0,0,0,9,0,664180.0,Matt Hall,656302.0,Dylan Cease,,,4,Guaranteed Rate Field,day,R
567304,2019-09-27,2019,DET,CWS,116,145,0,0,0,0,9,0,,,,,,,4,Guaranteed Rate Field,day,R
565106,2019-09-28,2019,BAL,BOS,110,111,9,4,13,0,9,0,607644.0,John Means,468504.0,Jhoulys Chacín,607644.0,468504.0,3,Fenway Park,day,R
565781,2019-09-28,2019,MIN,KC,142,118,4,3,7,0,9,0,664054.0,Cody Stashak,642098.0,Glenn Sparkman,608648.0,606930.0,7,Kauffman Stadium,day,R
566943,2019-09-28,2019,TB,TOR,139,141,1,4,5,1,9,0,642232.0,Ryan Yarbrough,663423.0,Trent Thornton,663423.0,642232.0,14,Rogers Centre,day,R
567342,2019-09-28,2019,DET,CWS,116,145,1,7,8,1,9,0,571510.0,Matthew Boyd,625643.0,Reynaldo López,625643.0,571510.0,4,Guaranteed Rate Field,day,R
567341,2019-09-28,2019,DET,CWS,116,145,4,3,7,0,9,0,641302.0,Tyler Alexander,467100.0,Iván Nova,571656.0,517008.0,4,Guaranteed Rate Field,day,R
565974,2019-09-28,2019,CLE,WSH,114,120,7,10,17,1,9,0,592644.0,Adam Plutko,571578.0,Patrick Corbin,543339.0,592644.0,3309,Nationals Park,day,R
566550,2019-09-28,2019,LAD,SF,119,137,2,0,2,0,9,0,547943.0,Hyun Jin Ryu,657277.0,Logan Webb,547943.0,657277.0,2395,Oracle Park,day,R
567138,2019-09-28,2019,MIA,PHI,146,143,3,9,12,1,9,0,592761.0,Caleb Smith,621107.0,Zach Eflin,621107.0,592761.0,2681,Citizens Bank Park,night,R
566259,2019-09-28,2019,CIN,PIT,113,134,4,2,6,0,12,1,608371.0,Lucas Sims,621086.0,James Marvel,595798.0,656725.0,31,PNC Park,night,R
566646,2019-09-28,2019,CHC,STL,112,138,8,6,14,0,9,0,430935.0,Cole Hamels,425794.0,Adam Wainwright,518553.0,425794.0,2889,Busch Stadium,night,R
566069,2019-09-28,2019,ATL,NYM,144,121,0,3,3,1,9,0,592314.0,Mike Foltynewicz,571927.0,Steven Matz,571927.0,592314.0,3289,Citi Field,night,R
566847,2019-09-29,2019,NYY,TEX,147,140,4,9,13,1,9,0,622663.0,Luis Severino,608652.0,Luke Farrell,642546.0,622663.0,13,Globe Life Park in Arlington,night,R
564912,2019-09-29,2019,SD,ARI,135,109,5,6,11,1,9,0,572070.0,Garrett Richards,592662.0,Robbie Ray,642073.0,670280.0,15,Chase Field,night,R
565492,2019-09-29,2019,MIL,COL,158,115,2,3,5,1,10,1,461829.0,Gio Gonzalez,592346.0,Chi Chi González,545064.0,458006.0,19,Coors Field,night,R
564813,2019-09-29,2019,HOU,LAA,117,108,6,3,9,0,9,0,434378.0,Justin Verlander,660761.0,José Suarez,434378.0,572703.0,1,Angel Stadium,night,R
566451,2019-09-29,2019,OAK,SEA,133,136,1,0,1,0,9,0,474463.0,Brett Anderson,594835.0,Marco Gonzales,474463.0,594835.0,680,T-Mobile Park,night,R
565107,2019-09-29,2019,BAL,BOS,110,111,4,5,9,1,9,0,605469.0,Chandler Shepherd,593958.0,Eduardo Rodriguez,519443.0,622253.0,3,Fenway Park,day,R
565975,2019-09-29,2019,CLE,WSH,114,120,2,8,10,1,9,0,605182.0,Mike Clevinger,605452.0,Joe Ross,605452.0,605182.0,3309,Nationals Park,day,R
566260,2019-09-29,2019,CIN,PIT,113,134,3,1,4,0,9,0,641816.0,Tyler Mahle,592866.0,Trevor Williams,641816.0,592866.0,31,PNC Park,day,R
566551,2019-09-29,2019,LAD,SF,119,137,9,0,9,0,9,0,448179.0,Rich Hill,605446.0,Dereck Rodríguez,669160.0,605446.0,2395,Oracle Park,day,R
567139,2019-09-29,2019,MIA,PHI,146,143,4,3,7,0,9,0,645261.0,Sandy Alcantara,453284.0,Blake Parker,645261.0,453284.0,2681,Citizens Bank Park,day,R
566848,2019-09-29,2019,NYY,TEX,147,140,1,6,7,1,9,0,643338.0,Chad Green,458681.0,Lance Lynn,458681.0,547888.0,13,Globe Life Park in Arlington,day,R
564814,2019-09-29,2019,HOU,LAA,117,108,8,5,13,0,9,0,543037.0,Gerrit Cole,596071.0,Dillon Peters,543037.0,596071.0,1,Angel Stadium,day,R
566944,2019-09-29,2019,TB,TOR,139,141,3,8,11,1,9,0,605483.0,Blake Snell,453329.0,Clay Buchholz,453329.0,605483.0,14,Rogers Centre,day,R
564913,2019-09-29,2019,SD,ARI,135,109,0,1,1,1,9,0,673258.0,Michel Baez,592836.0,Taijuan Walker,592233.0,621381.0,15,Chase Field,day,R
566452,2019-09-29,2019,OAK,SEA,133,136,1,3,4,1,9,0,543699.0,Tanner Roark,643290.0,Justin Dunn,596035.0,543699.0,680,T-Mobile Park,day,R
566070,2019-09-29,2019,ATL,NYM,144,121,6,7,13,1,11,1,647336.0,Michael Soroka,592789.0,Noah Syndergaard,607391.0,594795.0,3289,Citi Field,day,R
567343,2019-09-29,2019,DET,CWS,116,145,3,5,8,1,9,0,605513.0,Spencer Turnbull,446321.0,Ross Detwiler,622772.0,605513.0,4,Guaranteed Rate Field,day,R
565493,2019-09-29,2019,MIL,COL,158,115,3,4,7,1,13,1,605288.0,Adrian Houser,656546.0,Jeff Hoffman,543766.0,607188.0,19,Coors Field,day,R
566647,2019-09-29,2019,CHC,STL,112,138,0,9,9,1,9,0,502706.0,Derek Holland,656427.0,Jack Flaherty,656427.0,502706.0,2889,Busch Stadium,day,R
565782,2019-09-29,2019,MIN,KC,142,118,4,5,9,1,9,0,527048.0,Martín Pérez,605347.0,Jorge López,453178.0,660813.0,7,Kauffman Stadium,day,R
