game_id,game_date,season,away_team,home_team,away_team_id,home_team_id,away_score,home_score,total_runs,home_win,innings,extra_innings,away_starter_id,away_starter_name,home_starter_id,home_starter_name,winning_pitcher_id,losing_pitcher_id,venue_id,venue_name,day_night,game_type
663178,2022-04-07,2022,MIL,CHC,158,112,4,5,9,1,9,0,669203.0,Corbin Burnes,543294.0,Kyle Hendricks,571710.0,676879.0,17,Wrigley Field,day,R
662766,2022-04-07,2022,CLE,KC,114,118,1,3,4,1,9,0,669456.0,Shane Bieber,425844.0,Zack Greinke,605130.0,663474.0,7,Kauffman Stadium,day,R
662021,2022-04-07,2022,PIT,STL,134,138,0,9,9,1,9,0,664141.0,JT Brubaker,425794.0,Adam Wainwright,425794.0,664141.0,2889,Busch Stadium,day,R
662571,2022-04-07,2022,NYM,WSH,121,120,5,1,6,0,9,0,656731.0,Tylor Megill,571578.0,Patrick Corbin,656731.0,571578.0,3309,Nationals Park,night,R
661577,2022-04-08,2022,CIN,ATL,113,144,6,3,9,0,9,0,641816.0,Tyler Mahle,608331.0,Max Fried,641816.0,608331.0,4705,Truist Park,night,R
661042,2022-04-08,2022,HOU,LAA,117,108,3,1,4,0,9,0,664285.0,Framber Valdez,660271.0,Shohei Ohtani,664285.0,660271.0,1,Angel Stadium,night,R
663418,2022-04-08,2022,SD,ARI,135,109,2,4,6,1,9,0,506433.0,Yu Darvish,518516.0,Madison Bumgarner,573009.0,663158.0,15,Chase Field,night,R
661333,2022-04-07,2022,BOS,NYY,111,147,0,0,0,0,9,0,543135.0,Nathan Eovaldi,543037.0,Gerrit Cole,,,3313,Yankee Stadium,day,R
661750,2022-04-07,2022,SEA,MIN,136,142,0,0,0,0,9,0,592662.0,Robbie Ray,657746.0,Joe Ryan,,,3312,Target Field,day,R
661333,2022-04-08,2022,BOS,NYY,111,147,5,6,11,1,11,1,543135.0,Nathan Eovaldi,543037.0,Gerrit Cole,650633.0,676710.0,3313,Yankee Stadium,day,R
662888,2022-04-08,2022,CWS,DET,145,116,4,5,9,1,9,0,608337.0,Lucas Giolito,593958.0,Eduardo Rodriguez,642397.0,521230.0,2394,Comerica Park,day,R
661131,2022-04-08,2022,OAK,PHI,133,143,5,9,14,1,9,0,593423.0,Frankie Montas,605400.0,Aaron Nola,605400.0,593423.0,2681,Citizens Bank Park,day,R
661918,2022-04-08,2022,BAL,TB,110,139,1,2,3,1,9,0,607644.0,John Means,663556.0,Shane McClanahan,552640.0,622253.0,12,Tropicana Field,day,R
662933,2022-04-08,2022,LAD,COL,119,115,5,3,8,0,9,0,621111.0,Walker Buehler,607536.0,Kyle Freeland,621111.0,607536.0,19,Coors Field,day,R
661750,2022-04-08,2022,SEA,MIN,136,142,2,1,3,0,9,0,592662.0,Robbie Ray,657746.0,Joe Ryan,592662.0,657746.0,3312,Target Field,day,R
662124,2022-04-08,2022,MIA,SF,146,137,5,6,11,1,10,1,645261.0,Sandy Alcantara,657277.0,Logan Webb,501625.0,542914.0,2395,Oracle Park,day,R
662559,2022-04-08,2022,NYM,WSH,121,120,7,3,10,0,9,0,453286.0,Max Scherzer,680686.0,Josiah Gray,453286.0,680686.0,3309,Nationals Park,night,R
661782,2022-04-08,2022,TEX,TOR,140,141,8,10,18,1,9,0,592351.0,Jon Gray,621244.0,José Berríos,643256.0,642701.0,14,Rogers Centre,night,R
661576,2022-04-08,2022,CIN,ATL,113,144,6,7,13,1,9,0,665665.0,Reiver Sanmartin,450203.0,Charlie Morton,450203.0,665665.0,4705,Truist Park,night,R
661041,2022-04-09,2022,HOU,LAA,117,108,13,6,19,0,9,0,543606.0,Jake Odorizzi,672282.0,Reid Detmers,606160.0,661383.0,1,Angel Stadium,night,R
663417,2022-04-09,2022,SD,ARI,135,109,3,0,3,0,9,0,640455.0,Sean Manaea,518876.0,Merrill Kelly,640455.0,424144.0,15,Chase Field,night,R
663147,2022-04-08,2022,MIL,CHC,158,112,0,0,0,0,9,0,605540.0,Brandon Woodruff,657006.0,Justin Steele,,,17,Wrigley Field,day,R
661917,2022-04-09,2022,BAL,TB,110,139,3,5,8,1,9,0,543475.0,Jordan Lyles,656876.0,Drew Rasmussen,676596.0,543475.0,12,Tropicana Field,day,R
662864,2022-04-09,2022,CWS,DET,145,116,5,2,7,0,9,0,656302.0,Dylan Cease,663554.0,Casey Mize,656302.0,663554.0,2394,Comerica Park,day,R
661756,2022-04-09,2022,SEA,MIN,136,142,4,3,7,0,9,0,669302.0,Logan Gilbert,543243.0,Sonny Gray,662253.0,608648.0,3312,Target Field,day,R
662020,2022-04-09,2022,PIT,STL,134,138,2,6,8,1,9,0,656605.0,Mitch Keller,571945.0,Miles Mikolas,676831.0,656605.0,2889,Busch Stadium,day,R
663205,2022-04-09,2022,MIL,CHC,158,112,0,9,9,1,9,0,605540.0,Brandon Woodruff,657006.0,Justin Steele,657006.0,605540.0,17,Wrigley Field,day,R
661803,2022-04-09,2022,TEX,TOR,140,141,3,4,7,1,9,0,641540.0,Dane Dunning,592332.0,Kevin Gausman,670950.0,656685.0,14,Rogers Centre,day,R
661130,2022-04-09,2022,OAK,PHI,133,143,2,4,6,1,9,0,608344.0,Cole Irvin,502043.0,Kyle Gibson,502043.0,608344.0,2681,Citizens Bank Park,day,R
662123,2022-04-09,2022,MIA,SF,146,137,2,1,3,0,9,0,641154.0,Pablo López,607074.0,Carlos Rodón,595345.0,459429.0,2395,Oracle Park,day,R
661332,2022-04-09,2022,BOS,NYY,111,147,2,4,6,1,9,0,601713.0,Nick Pivetta,622663.0,Luis Severino,476595.0,601713.0,3313,Yankee Stadium,day,R
662765,2022-04-09,2022,CLE,KC,114,118,0,1,1,1,10,1,668676.0,Zach Plesac,641745.0,Brad Keller,676092.0,661403.0,7,Kauffman Stadium,day,R
662588,2022-04-09,2022,NYM,WSH,121,120,5,0,5,0,9,0,605135.0,Chris Bassitt,672851.0,Joan Adon,605135.0,672851.0,3309,Nationals Park,night,R
661575,2022-04-09,2022,CIN,ATL,113,144,1,2,3,1,9,0,661269.0,Vladimir Gutierrez,657140.0,Kyle Wright,657140.0,661269.0,4705,Truist Park,night,R
662931,2022-04-10,2022,LAD,COL,119,115,2,3,5,1,9,0,664062.0,Tony Gonsolin,608566.0,Germán Márquez,608032.0,595014.0,19,Coors Field,night,R
663404,2022-04-10,2022,SD,ARI,135,109,5,2,7,0,9,0,605397.0,Joe Musgrove,605200.0,Zach Davies,621051.0,453178.0,15,Chase Field,night,R
661040,2022-04-10,2022,HOU,LAA,117,108,0,2,2,1,9,0,434378.0,Justin Verlander,592789.0,Noah Syndergaard,592789.0,434378.0,1,Angel Stadium,night,R
661129,2022-04-10,2022,OAK,PHI,133,143,4,1,5,0,9,0,641726.0,Daulton Jefferies,621107.0,Zach Eflin,641726.0,663559.0,2681,Citizens Bank Park,day,R
661916,2022-04-10,2022,BAL,TB,110,139,0,8,8,1,9,0,669330.0,Tyler Wells,446372.0,Corey Kluber,605488.0,669330.0,12,Tropicana Field,day,R
662887,2022-04-10,2022,CWS,DET,145,116,10,1,11,0,9,0,656629.0,Michael Kopech,669373.0,Tarik Skubal,605195.0,669373.0,2394,Comerica Park,day,R
662570,2022-04-10,2022,NYM,WSH,121,120,2,4,6,1,9,0,471911.0,Carlos Carrasco,607200.0,Erick Fedde,640448.0,592866.0,3309,Nationals Park,day,R
661573,2022-04-10,2022,CIN,ATL,113,144,6,3,9,0,9,0,668881.0,Hunter Greene,666120.0,Ian Anderson,668881.0,666120.0,4705,Truist Park,day,R
661802,2022-04-10,2022,TEX,TOR,140,141,12,6,18,0,9,0,675921.0,Spencer Howard,547943.0,Hyun Jin Ryu,656271.0,657240.0,14,Rogers Centre,day,R
662755,2022-04-10,2022,CLE,KC,114,118,17,3,20,0,9,0,615698.0,Cal Quantrill,663460.0,Kris Bubic,615698.0,663460.0,7,Kauffman Stadium,day,R
661738,2022-04-10,2022,SEA,MIN,136,142,4,10,14,1,9,0,594835.0,Marco Gonzales,641927.0,Bailey Ober,641927.0,594835.0,3312,Target Field,day,R
662019,2022-04-10,2022,PIT,STL,134,138,9,4,13,0,9,0,669060.0,Bryse Wilson,571927.0,Steven Matz,664337.0,571927.0,2889,Busch Stadium,day,R
663204,2022-04-10,2022,MIL,CHC,158,112,5,4,9,0,9,0,642547.0,Freddy Peralta,573186.0,Marcus Stroman,664776.0,596057.0,17,Wrigley Field,day,R
662934,2022-04-10,2022,LAD,COL,119,115,4,9,13,1,9,0,628711.0,Julio Urías,622608.0,Antonio Senzatela,468504.0,628711.0,19,Coors Field,day,R
662122,2022-04-10,2022,MIA,SF,146,137,2,3,5,1,9,0,669432.0,Trevor Rogers,543101.0,Anthony DeSclafani,606424.0,669432.0,2395,Oracle Park,day,R
661039,2022-04-10,2022,HOU,LAA,117,108,4,1,5,0,9,0,664353.0,José Urquidy,660761.0,José Suarez,664353.0,660761.0,1,Angel Stadium,day,R
663395,2022-04-10,2022,SD,ARI,135,109,10,5,15,0,9,0,605483.0,Blake Snell,592761.0,Caleb Smith,613534.0,592761.0,15,Chase Field,day,R
661316,2022-04-10,2022,BOS,NYY,111,147,4,3,7,0,9,0,656557.0,Tanner Houck,656756.0,Jordan Montgomery,676710.0,657376.0,3313,Yankee Stadium,night,R
662754,2022-04-11,2022,CLE,KC,114,118,10,7,17,0,9,0,650644.0,Aaron Civale,672578.0,Carlos Hernández,663531.0,641394.0,7,Kauffman Stadium,day,R
663403,2022-04-11,2022,MIL,BAL,158,110,0,2,2,1,9,0,605288.0,Adrian Houser,669145.0,Bruce Zimmermann,657508.0,605288.0,2,Oriole Park at Camden Yards,day,R
662042,2022-04-11,2022,COL,TEX,115,140,6,4,10,0,10,1,596295.0,Austin Gomber,621368.0,Taylor Hearn,453268.0,518813.0,5325,Globe Life Field,day,R
662863,2022-04-11,2022,BOS,DET,111,116,1,3,4,1,9,0,608379.0,Michael Wacha,666159.0,Matt Manning,605242.0,656354.0,2394,Comerica Park,night,R
661915,2022-04-11,2022,OAK,TB,133,139,13,2,15,0,9,0,621112.0,Paul Blackburn,672715.0,Luis Patiño,621112.0,672715.0,12,Tropicana Field,night,R
661637,2022-04-11,2022,NYM,PHI,121,143,4,5,9,1,9,0,592836.0,Taijuan Walker,624133.0,Ranger Suárez,622554.0,607625.0,2681,Citizens Bank Park,night,R
661315,2022-04-11,2022,TOR,NYY,141,147,3,0,3,0,9,0,666201.0,Alek Manoah,592791.0,Jameson Taillon,666201.0,592791.0,3313,Yankee Stadium,night,R
661572,2022-04-11,2022,WSH,ATL,120,144,11,2,13,0,9,0,642028.0,Josh Rogers,660623.0,Huascar Ynoa,642028.0,660623.0,4705,Truist Park,night,R
661754,2022-04-11,2022,SEA,MIN,136,142,0,4,4,1,9,0,623167.0,Chris Flexen,605164.0,Dylan Bundy,605164.0,623167.0,3312,Target Field,night,R
661036,2022-04-12,2022,MIA,LAA,146,108,2,6,8,1,9,0,622694.0,Elieser Hernández,547179.0,Michael Lorenzen,547179.0,622694.0,1,Angel Stadium,night,R
662116,2022-04-12,2022,SD,SF,135,137,4,2,6,0,9,0,607259.0,Nick Martinez,622072.0,Alex Wood,621051.0,643511.0,2395,Oracle Park,night,R
662018,2022-04-11,2022,PIT,STL,134,138,0,0,0,0,9,0,605507.0,Zach Thompson,641712.0,Dakota Hudson,,,2889,Busch Stadium,day,R
662862,2022-04-12,2022,BOS,DET,111,116,5,3,8,0,9,0,448179.0,Rich Hill,641302.0,Tyler Alexander,676477.0,656638.0,2394,Comerica Park,day,R
663088,2022-04-12,2022,CLE,CIN,114,113,10,5,15,0,9,0,669456.0,Shane Bieber,641816.0,Tyler Mahle,663986.0,519326.0,2602,Great American Ball Park,day,R
661538,2022-04-12,2022,SEA,CWS,136,145,2,3,5,1,9,0,666374.0,Matt Brash,592826.0,Vince Velasquez,625643.0,666374.0,4,Guaranteed Rate Field,day,R
662318,2022-04-12,2022,CHC,PIT,112,134,2,1,3,0,9,0,592767.0,Drew Smyly,500779.0,Jose Quintana,592767.0,500779.0,31,PNC Park,day,R
661944,2022-04-12,2022,OAK,TB,133,139,8,9,17,1,10,1,670124.0,Adam Oller,676720.0,Tommy Romero,657044.0,642152.0,12,Tropicana Field,night,R
661636,2022-04-12,2022,NYM,PHI,121,143,2,0,2,0,9,0,656731.0,Tylor Megill,554430.0,Zack Wheeler,656731.0,554430.0,2681,Citizens Bank Park,night,R
661314,2022-04-12,2022,TOR,NYY,141,147,0,4,4,1,9,0,579328.0,Yusei Kikuchi,641482.0,Nestor Cortes,605280.0,579328.0,3313,Yankee Stadium,night,R
663295,2022-04-12,2022,MIL,BAL,158,110,5,4,9,0,9,0,641778.0,Eric Lauer,657093.0,Spenser Watkins,571948.0,642585.0,2,Oriole Park at Camden Yards,night,R
661038,2022-04-12,2022,MIA,LAA,146,108,3,4,7,1,9,0,666200.0,Jesús Luzardo,663776.0,Patrick Sandoval,628452.0,669622.0,1,Angel Stadium,day,R
661571,2022-04-12,2022,WSH,ATL,120,144,4,16,20,1,9,0,571578.0,Patrick Corbin,693821.0,Bryce Elder,693821.0,571578.0,4705,Truist Park,night,R
661753,2022-04-12,2022,LAD,MIN,119,142,7,2,9,0,9,0,571760.0,Andrew Heaney,502042.0,Chris Archer,543339.0,641941.0,3312,Target Field,night,R
662017,2022-04-12,2022,KC,STL,118,138,5,6,11,1,9,0,663738.0,Daniel Lynch IV,641712.0,Dakota Hudson,663855.0,663738.0,2889,Busch Stadium,night,R
661995,2022-04-13,2022,COL,TEX,115,140,4,1,5,0,9,0,641771.0,Chad Kuhl,527048.0,Martín Pérez,468504.0,527048.0,5325,Globe Life Field,night,R
663411,2022-04-13,2022,HOU,ARI,117,109,2,1,3,0,9,0,677651.0,Luis Garcia,518516.0,Madison Bumgarner,593576.0,453343.0,15,Chase Field,night,R
662104,2022-04-13,2022,SD,SF,135,137,2,13,15,1,9,0,506433.0,Yu Darvish,502171.0,Alex Cobb,502171.0,506433.0,2395,Oracle Park,night,R
661570,2022-04-13,2022,WSH,ATL,120,144,3,1,4,0,9,0,680686.0,Josiah Gray,608331.0,Max Fried,680686.0,608331.0,4705,Truist Park,day,R
663117,2022-04-13,2022,CLE,CIN,114,113,7,3,10,0,9,0,663474.0,Triston McKenzie,666157.0,Nick Lodolo,669212.0,666157.0,2602,Great American Ball Park,day,R
662317,2022-04-13,2022,CHC,PIT,112,134,2,6,8,1,9,0,543294.0,Kyle Hendricks,605507.0,Zach Thompson,596071.0,543294.0,31,PNC Park,day,R
661643,2022-04-13,2022,NYM,PHI,121,143,9,6,15,0,9,0,453286.0,Max Scherzer,605400.0,Aaron Nola,453286.0,605400.0,2681,Citizens Bank Park,day,R
662885,2022-04-13,2022,BOS,DET,111,116,9,7,16,0,9,0,543135.0,Nathan Eovaldi,593958.0,Eduardo Rodriguez,543135.0,593958.0,2394,Comerica Park,day,R
661734,2022-04-13,2022,LAD,MIN,119,142,7,0,7,0,9,0,477132.0,Clayton Kershaw,663978.0,Chris Paddack,477132.0,663978.0,3312,Target Field,day,R
663341,2022-04-13,2022,HOU,ARI,117,109,2,3,5,1,10,1,664285.0,Framber Valdez,518876.0,Merrill Kelly,424144.0,519151.0,15,Chase Field,day,R
662115,2022-04-13,2022,SD,SF,135,137,1,2,3,1,9,0,640455.0,Sean Manaea,657277.0,Logan Webb,657277.0,640455.0,2395,Oracle Park,day,R
661943,2022-04-13,2022,OAK,TB,133,139,4,2,6,0,9,0,593423.0,Frankie Montas,663556.0,Shane McClanahan,593423.0,663556.0,12,Tropicana Field,night,R
661313,2022-04-13,2022,TOR,NYY,141,147,6,4,10,0,9,0,621244.0,José Berríos,543037.0,Gerrit Cole,643256.0,643338.0,3313,Yankee Stadium,night,R
663433,2022-04-13,2022,MIL,BAL,158,110,4,2,6,0,9,0,669203.0,Corbin Burnes,607644.0,John Means,502202.0,605347.0,2,Oriole Park at Camden Yards,night,R
661530,2022-04-13,2022,SEA,CWS,136,145,4,6,10,1,9,0,592662.0,Robbie Ray,572971.0,Dallas Keuchel,572971.0,592662.0,4,Guaranteed Rate Field,night,R
662009,2022-04-13,2022,KC,STL,118,138,0,0,0,0,9,0,425844.0,Zack Greinke,425794.0,Adam Wainwright,,,2889,Busch Stadium,day,R
661942,2022-04-14,2022,OAK,TB,133,139,6,3,9,0,9,0,608344.0,Cole Irvin,676596.0,Josh Fleming,608344.0,676596.0,12,Tropicana Field,day,R
661529,2022-04-14,2022,SEA,CWS,136,145,5,1,6,0,9,0,669302.0,Logan Gilbert,669424.0,Jimmy Lambert,669302.0,669424.0,4,Guaranteed Rate Field,day,R
661292,2022-04-14,2022,STL,MIL,138,158,1,5,6,1,9,0,425794.0,Adam Wainwright,605540.0,Brandon Woodruff,605540.0,425794.0,32,American Family Field,day,R
662307,2022-04-14,2022,WSH,PIT,120,134,4,9,13,1,9,0,672851.0,Joan Adon,664141.0,JT Brubaker,672710.0,672851.0,31,PNC Park,night,R
661418,2022-04-14,2022,PHI,MIA,143,146,3,4,7,1,9,0,502043.0,Kyle Gibson,645261.0,Sandy Alcantara,645261.0,502043.0,4169,loanDepot park,night,R
661312,2022-04-14,2022,TOR,NYY,141,147,0,3,3,1,9,0,592332.0,Kevin Gausman,622663.0,Luis Severino,622663.0,592332.0,3313,Yankee Stadium,night,R
661993,2022-04-15,2022,LAA,TEX,108,140,5,10,15,1,9,0,660271.0,Shohei Ohtani,641540.0,Dane Dunning,667463.0,660271.0,5325,Globe Life Field,night,R
662702,2022-04-15,2022,DET,KC,116,118,4,2,6,0,9,0,663554.0,Casey Mize,425844.0,Zack Greinke,641729.0,641394.0,7,Kauffman Stadium,night,R
662237,2022-04-15,2022,ATL,SD,144,135,1,12,13,1,9,0,450203.0,Charlie Morton,605397.0,Joe Musgrove,605397.0,450203.0,2680,Petco Park,night,R
662950,2022-04-15,2022,CHC,COL,112,115,5,2,7,0,9,0,657006.0,Justin Steele,607536.0,Kyle Freeland,624522.0,607536.0,19,Coors Field,night,R
662627,2022-04-15,2022,CIN,LAD,113,119,3,9,12,1,9,0,570666.0,Luis Cessa,621111.0,Walker Buehler,595014.0,458677.0,22,Dodger Stadium,night,R
662485,2022-04-15,2022,ARI,NYM,109,121,3,10,13,1,9,0,605200.0,Zach Davies,605135.0,Chris Bassitt,605135.0,605200.0,3289,Citi Field,day,R
663265,2022-04-15,2022,MIN,BOS,142,111,8,4,12,0,9,0,657746.0,Joe Ryan,601713.0,Nick Pivetta,657746.0,601713.0,3,Fenway Park,day,R
662291,2022-04-15,2022,WSH,PIT,120,134,7,2,9,0,9,0,607200.0,Erick Fedde,656605.0,Mitch Keller,607200.0,656605.0,31,PNC Park,night,R
661417,2022-04-15,2022,PHI,MIA,143,146,1,7,8,1,9,0,621107.0,Zach Eflin,641154.0,Pablo López,641154.0,621107.0,4169,loanDepot park,night,R
663357,2022-04-15,2022,NYY,BAL,147,110,1,2,3,1,11,1,656756.0,Jordan Montgomery,543475.0,Jordan Lyles,607216.0,657376.0,2,Oriole Park at Camden Yards,night,R
661792,2022-04-15,2022,OAK,TOR,133,141,1,4,5,1,9,0,641726.0,Daulton Jefferies,548389.0,Ross Stripling,643256.0,641726.0,14,Rogers Centre,night,R
663136,2022-04-15,2022,SF,CLE,137,114,4,1,5,0,9,0,607074.0,Carlos Rodón,668676.0,Zach Plesac,607074.0,668676.0,5,Progressive Field,night,R
661528,2022-04-15,2022,TB,CWS,139,145,2,3,5,1,9,0,656876.0,Drew Rasmussen,656302.0,Dylan Cease,656302.0,656876.0,4,Guaranteed Rate Field,night,R
662014,2022-04-16,2022,LAA,TEX,108,140,9,6,15,0,9,0,672282.0,Reid Detmers,456713.0,Matt Bush,681810.0,663465.0,5325,Globe Life Field,night,R
662701,2022-04-16,2022,DET,KC,116,118,2,1,3,0,9,0,669373.0,Tarik Skubal,641745.0,Brad Keller,606930.0,641745.0,7,Kauffman Stadium,night,R
661267,2022-04-16,2022,STL,MIL,138,158,10,1,11,0,9,0,571945.0,Miles Mikolas,642547.0,Freddy Peralta,571945.0,642547.0,32,American Family Field,night,R
662960,2022-04-16,2022,CHC,COL,112,115,5,6,11,1,9,0,573186.0,Marcus Stroman,608566.0,Germán Márquez,621389.0,573186.0,19,Coors Field,night,R
662236,2022-04-16,2022,ATL,SD,144,135,5,2,7,0,9,0,657140.0,Kyle Wright,669022.0,MacKenzie Gore,503285.0,572955.0,2680,Petco Park,night,R
662192,2022-04-16,2022,HOU,SEA,117,136,1,11,12,1,9,0,543606.0,Jake Odorizzi,594835.0,Marco Gonzales,594835.0,543606.0,680,T-Mobile Park,night,R
662620,2022-04-16,2022,CIN,LAD,113,119,1,3,4,1,9,0,661269.0,Vladimir Gutierrez,664062.0,Tony Gonsolin,542881.0,661269.0,22,Dodger Stadium,night,R
662626,2022-04-16,2022,ARI,NYM,109,121,3,2,5,0,9,0,668678.0,Zac Gallen,471911.0,Carlos Carrasco,664092.0,570257.0,3289,Citi Field,day,R
661527,2022-04-16,2022,TB,CWS,139,145,2,3,5,1,9,0,446372.0,Corey Kluber,656629.0,Michael Kopech,625643.0,657044.0,4,Guaranteed Rate Field,day,R
661759,2022-04-16,2022,OAK,TOR,133,141,7,5,12,0,9,0,621112.0,Paul Blackburn,547943.0,Hyun Jin Ryu,666204.0,657240.0,14,Rogers Centre,day,R
662235,2022-04-16,2022,ATL,SD,144,135,5,2,7,0,9,0,666120.0,Ian Anderson,607259.0,Nick Martinez,666120.0,607259.0,2680,Petco Park,day,R
662798,2022-04-16,2022,DET,KC,116,118,1,3,4,1,9,0,666159.0,Matt Manning,663460.0,Kris Bubic,676092.0,676684.0,7,Kauffman Stadium,day,R
663238,2022-04-16,2022,MIN,BOS,142,111,0,4,4,1,9,0,543243.0,Sonny Gray,656557.0,Tanner Houck,656557.0,543243.0,3,Fenway Park,day,R
663076,2022-04-16,2022,SF,CLE,137,114,4,2,6,0,9,0,543101.0,Anthony DeSclafani,615698.0,Cal Quantrill,608678.0,680704.0,5,Progressive Field,night,R
661416,2022-04-16,2022,PHI,MIA,143,146,10,3,13,0,9,0,624133.0,Ranger Suárez,669432.0,Trevor Rogers,624133.0,669432.0,4169,loanDepot park,night,R
662290,2022-04-16,2022,WSH,PIT,120,134,4,6,10,1,9,0,642028.0,Josh Rogers,669060.0,Bryse Wilson,596071.0,642028.0,31,PNC Park,night,R
661981,2022-04-16,2022,LAA,TEX,108,140,7,2,9,0,9,0,592789.0,Noah Syndergaard,621368.0,Taylor Hearn,592789.0,621368.0,5325,Globe Life Field,night,R
663266,2022-04-16,2022,NYY,BAL,147,110,5,2,7,0,9,0,592791.0,Jameson Taillon,669330.0,Tyler Wells,676664.0,664042.0,2,Oriole Park at Camden Yards,night,R
661335,2022-04-16,2022,STL,MIL,138,158,2,1,3,0,9,0,571927.0,Steven Matz,605288.0,Adrian Houser,571927.0,605288.0,32,American Family Field,night,R
662966,2022-04-17,2022,CHC,COL,112,115,6,9,15,1,9,0,643410.0,Mark Leiter Jr.,622608.0,Antonio Senzatela,622608.0,643410.0,19,Coors Field,night,R
662206,2022-04-17,2022,HOU,SEA,117,136,4,0,4,0,9,0,434378.0,Justin Verlander,623167.0,Chris Flexen,434378.0,623167.0,680,T-Mobile Park,night,R
662619,2022-04-17,2022,CIN,LAD,113,119,2,5,7,1,9,0,668881.0,Hunter Greene,628711.0,Julio Urías,623465.0,668881.0,22,Dodger Stadium,night,R
663365,2022-04-17,2022,NYY,BAL,147,110,0,5,5,1,9,0,641482.0,Nestor Cortes,669145.0,Bruce Zimmermann,605347.0,642528.0,2,Oriole Park at Camden Yards,day,R
662294,2022-04-17,2022,WSH,PIT,120,134,3,5,8,1,9,0,571578.0,Patrick Corbin,500779.0,Jose Quintana,592390.0,518553.0,31,PNC Park,day,R
663308,2022-04-17,2022,MIN,BOS,142,111,1,8,9,1,9,0,641927.0,Bailey Ober,608379.0,Michael Wacha,621381.0,641927.0,3,Fenway Park,day,R
661804,2022-04-17,2022,OAK,TOR,133,141,3,4,7,1,9,0,670124.0,Adam Oller,666201.0,Alek Manoah,666201.0,670124.0,14,Rogers Centre,day,R
662625,2022-04-17,2022,ARI,NYM,109,121,0,5,5,1,9,0,528748.0,Humberto Castellanos,656849.0,David Peterson,592741.0,598287.0,3289,Citi Field,day,R
663132,2022-04-17,2022,SF,CLE,137,114,8,1,9,0,9,0,622072.0,Alex Wood,650644.0,Aaron Civale,622072.0,650644.0,5,Progressive Field,day,R
661415,2022-04-17,2022,PHI,MIA,143,146,3,11,14,1,9,0,554430.0,Zack Wheeler,622694.0,Elieser Hernández,622694.0,554430.0,4169,loanDepot park,day,R
661462,2022-04-17,2022,TB,CWS,139,145,9,3,12,0,9,0,656420.0,J.P. Feyereisen,592826.0,Vince Velasquez,607391.0,592826.0,4,Guaranteed Rate Field,day,R
661226,2022-04-17,2022,STL,MIL,138,158,5,6,11,1,9,0,641712.0,Dakota Hudson,676879.0,Aaron Ashby,664776.0,641712.0,32,American Family Field,day,R
662038,2022-04-17,2022,LAA,TEX,108,140,8,3,11,0,9,0,660761.0,José Suarez,527048.0,Martín Pérez,594577.0,527048.0,5325,Globe Life Field,day,R
662930,2022-04-17,2022,CHC,COL,112,115,6,4,10,0,9,0,592767.0,Drew Smyly,596295.0,Austin Gomber,592858.0,596295.0,19,Coors Field,day,R
662618,2022-04-17,2022,CIN,LAD,113,119,1,9,10,1,9,0,641816.0,Tyler Mahle,571760.0,Andrew Heaney,571760.0,641816.0,22,Dodger Stadium,day,R
662174,2022-04-17,2022,HOU,SEA,117,136,2,7,9,1,9,0,664353.0,José Urquidy,666374.0,Matt Brash,666374.0,664353.0,680,T-Mobile Park,day,R
662234,2022-04-17,2022,ATL,SD,144,135,1,2,3,1,9,0,693821.0,Bryce Elder,506433.0,Yu Darvish,506433.0,693821.0,2680,Petco Park,day,R
662700,2022-04-17,2022,DET,KC,116,118,0,0,0,0,9,0,641302.0,Tyler Alexander,672578.0,Carlos Hernández,,,7,Kauffman Stadium,day,R
663236,2022-04-18,2022,MIN,BOS,142,111,8,3,11,0,9,0,605164.0,Dylan Bundy,448179.0,Rich Hill,605164.0,448179.0,3,Fenway Park,day,R
663197,2022-04-18,2022,TB,CHC,139,112,2,4,6,1,9,0,663556.0,Shane McClanahan,543294.0,Kyle Hendricks,624522.0,592094.0,17,Wrigley Field,night,R
661242,2022-04-18,2022,PIT,MIL,134,158,1,6,7,1,9,0,605507.0,Zach Thompson,641778.0,Eric Lauer,641778.0,605507.0,32,American Family Field,night,R
662928,2022-04-19,2022,LAA,HOU,108,117,3,8,11,1,9,0,547179.0,Michael Lorenzen,677651.0,Luis Garcia,677651.0,547179.0,2392,Minute Maid Park,night,R
662929,2022-04-19,2022,PHI,COL,143,115,1,4,5,1,9,0,605400.0,Aaron Nola,641771.0,Chad Kuhl,641771.0,605400.0,19,Coors Field,night,R
662407,2022-04-19,2022,BAL,OAK,110,133,1,5,6,1,9,0,657093.0,Spenser Watkins,593423.0,Frankie Montas,593423.0,607216.0,10,Oakland Coliseum,night,R
662233,2022-04-19,2022,CIN,SD,113,135,1,4,5,1,9,0,666157.0,Nick Lodolo,640455.0,Sean Manaea,640455.0,666157.0,2680,Petco Park,night,R
662617,2022-04-19,2022,ATL,LAD,144,119,4,7,11,1,9,0,660623.0,Huascar Ynoa,477132.0,Clayton Kershaw,477132.0,660623.0,22,Dodger Stadium,night,R
663087,2022-04-18,2022,CWS,CLE,145,114,0,0,0,0,9,0,572971.0,Dallas Keuchel,669456.0,Shane Bieber,,,5,Progressive Field,night,R
662587,2022-04-18,2022,ARI,WSH,109,120,0,0,0,0,9,0,518516.0,Madison Bumgarner,680686.0,Josiah Gray,,,3309,Nationals Park,night,R
662616,2022-04-18,2022,SF,NYM,137,121,0,0,0,0,9,0,502171.0,Alex Cobb,656731.0,Tylor Megill,,,3289,Citi Field,night,R
662587,2022-04-19,2022,ARI,WSH,109,120,1,6,7,1,9,0,518516.0,Madison Bumgarner,680686.0,Josiah Gray,680686.0,518516.0,3309,Nationals Park,day,R
662583,2022-04-19,2022,ARI,WSH,109,120,0,1,1,1,9,0,656457.0,Tyler Gilbert,672851.0,Joan Adon,672851.0,656457.0,3309,Nationals Park,night,R
662350,2022-04-19,2022,SF,NYM,137,121,4,5,9,1,10,1,502171.0,Alex Cobb,656731.0,Tylor Megill,493603.0,606424.0,3289,Citi Field,day,R
662616,2022-04-19,2022,SF,NYM,137,121,1,3,4,1,9,0,657277.0,Logan Webb,453286.0,Max Scherzer,453286.0,657277.0,3289,Citi Field,day,R
661405,2022-04-19,2022,STL,MIA,138,146,5,1,6,0,9,0,425794.0,Adam Wainwright,666200.0,Jesús Luzardo,425794.0,666200.0,4169,loanDepot park,night,R
662896,2022-04-19,2022,NYY,DET,147,116,4,2,6,0,9,0,543037.0,Gerrit Cole,641302.0,Tyler Alexander,657376.0,641302.0,2394,Comerica Park,night,R
663249,2022-04-19,2022,TOR,BOS,141,111,1,2,3,1,9,0,579328.0,Yusei Kikuchi,543135.0,Nathan Eovaldi,570663.0,554340.0,3,Fenway Park,night,R
663196,2022-04-19,2022,TB,CHC,139,112,6,5,11,0,9,0,605538.0,Matt Wisler,657006.0,Justin Steele,676596.0,657006.0,17,Wrigley Field,night,R
661211,2022-04-19,2022,PIT,MIL,134,158,2,5,7,1,9,0,664141.0,JT Brubaker,669203.0,Corbin Burnes,669203.0,664141.0,32,American Family Field,night,R
662927,2022-04-20,2022,LAA,HOU,108,117,7,2,9,0,9,0,663776.0,Patrick Sandoval,664285.0,Framber Valdez,661383.0,664285.0,2392,Minute Maid Park,night,R
662753,2022-04-20,2022,MIN,KC,142,118,3,4,7,1,9,0,502042.0,Chris Archer,672578.0,Carlos Hernández,607237.0,608648.0,7,Kauffman Stadium,night,R
662925,2022-04-20,2022,PHI,COL,143,115,5,6,11,1,9,0,502043.0,Kyle Gibson,607536.0,Kyle Freeland,664875.0,622554.0,19,Coors Field,night,R
662406,2022-04-20,2022,BAL,OAK,110,133,1,2,3,1,9,0,595939.0,Chris Ellis,608344.0,Cole Irvin,656657.0,657508.0,10,Oakland Coliseum,night,R
662232,2022-04-20,2022,CIN,SD,113,135,2,6,8,1,9,0,665665.0,Reiver Sanmartin,605397.0,Joe Musgrove,605397.0,665665.0,2680,Petco Park,night,R
662161,2022-04-20,2022,TEX,SEA,140,136,2,6,8,1,9,0,592351.0,Jon Gray,592662.0,Robbie Ray,592662.0,592351.0,680,T-Mobile Park,night,R
662717,2022-04-20,2022,ATL,LAD,144,119,3,1,4,0,9,0,608331.0,Max Fried,621111.0,Walker Buehler,608331.0,621111.0,22,Dodger Stadium,night,R
663075,2022-04-19,2022,CWS,CLE,145,114,0,0,0,0,9,0,572971.0,Dallas Keuchel,669456.0,Shane Bieber,,,5,Progressive Field,night,R
661203,2022-04-20,2022,PIT,MIL,134,158,2,4,6,1,9,0,656605.0,Mitch Keller,605540.0,Brandon Woodruff,605540.0,656605.0,32,American Family Field,day,R
663094,2022-04-20,2022,CWS,CLE,145,114,1,11,12,1,9,0,572971.0,Dallas Keuchel,669456.0,Shane Bieber,669456.0,572971.0,5,Progressive Field,day,R
663075,2022-04-20,2022,CWS,CLE,145,114,1,2,3,1,9,0,669424.0,Jimmy Lambert,663474.0,Triston McKenzie,543238.0,669424.0,5,Progressive Field,day,R
662924,2022-04-20,2022,PHI,COL,143,115,9,6,15,0,9,0,621107.0,Zach Eflin,608566.0,Germán Márquez,543272.0,468504.0,19,Coors Field,day,R
662734,2022-04-20,2022,ATL,LAD,144,119,1,5,6,1,9,0,450203.0,Charlie Morton,664062.0,Tony Gonsolin,664062.0,450203.0,22,Dodger Stadium,day,R
662231,2022-04-20,2022,CIN,SD,113,135,0,6,6,1,9,0,661269.0,Vladimir Gutierrez,669022.0,MacKenzie Gore,669022.0,661269.0,2680,Petco Park,day,R
662392,2022-04-20,2022,BAL,OAK,110,133,1,0,1,0,9,0,543475.0,Jordan Lyles,641726.0,Daulton Jefferies,543475.0,641726.0,10,Oakland Coliseum,day,R
663146,2022-04-20,2022,TB,CHC,139,112,8,2,10,0,6,0,656876.0,Drew Rasmussen,573186.0,Marcus Stroman,656222.0,573186.0,17,Wrigley Field,night,R
662926,2022-04-20,2022,LAA,HOU,108,117,6,0,6,0,9,0,660271.0,Shohei Ohtani,543606.0,Jake Odorizzi,660271.0,543606.0,2392,Minute Maid Park,night,R
661404,2022-04-20,2022,STL,MIA,138,146,2,0,2,0,9,0,571945.0,Miles Mikolas,645261.0,Sandy Alcantara,650893.0,669622.0,4169,loanDepot park,night,R
662861,2022-04-20,2022,NYY,DET,147,116,5,3,8,0,9,0,622663.0,Luis Severino,593958.0,Eduardo Rodriguez,643338.0,571800.0,2394,Comerica Park,night,R
662560,2022-04-20,2022,ARI,WSH,109,120,11,2,13,0,9,0,518876.0,Merrill Kelly,607200.0,Erick Fedde,518876.0,607200.0,3309,Nationals Park,night,R
662349,2022-04-20,2022,SF,NYM,137,121,5,2,7,0,9,0,607074.0,Carlos Rodón,605135.0,Chris Bassitt,607074.0,605135.0,3289,Citi Field,night,R
663247,2022-04-20,2022,TOR,BOS,141,111,6,1,7,0,9,0,621244.0,José Berríos,601713.0,Nick Pivetta,621244.0,601713.0,3,Fenway Park,night,R
662703,2022-04-21,2022,MIN,KC,142,118,0,2,2,1,9,0,663978.0,Chris Paddack,663738.0,Daniel Lynch IV,663738.0,663978.0,7,Kauffman Stadium,night,R
662178,2022-04-21,2022,TEX,SEA,140,136,2,4,6,1,9,0,641540.0,Dane Dunning,669302.0,Logan Gilbert,669302.0,641540.0,680,T-Mobile Park,night,R
662593,2022-04-21,2022,SF,NYM,137,121,2,6,8,1,9,0,543101.0,Anthony DeSclafani,471911.0,Carlos Carrasco,471911.0,543101.0,3289,Citi Field,day,R
663093,2022-04-21,2022,CWS,CLE,145,114,3,6,9,1,9,0,656302.0,Dylan Cease,668676.0,Zach Plesac,668676.0,656302.0,5,Progressive Field,day,R
662850,2022-04-21,2022,NYY,DET,147,116,0,3,3,1,9,0,656756.0,Jordan Montgomery,501381.0,Michael Pineda,501381.0,656756.0,2394,Comerica Park,day,R
663225,2022-04-21,2022,TOR,BOS,141,111,3,2,5,0,9,0,592332.0,Kevin Gausman,656557.0,Tanner Houck,592332.0,656557.0,3,Fenway Park,day,R
662742,2022-04-21,2022,MIN,KC,142,118,1,0,1,0,9,0,657746.0,Joe Ryan,425844.0,Zack Greinke,657746.0,425844.0,7,Kauffman Stadium,day,R
662391,2022-04-21,2022,BAL,OAK,110,133,4,6,10,1,9,0,669330.0,Tyler Wells,621112.0,Paul Blackburn,621112.0,669330.0,10,Oakland Coliseum,day,R
662558,2022-04-21,2022,ARI,WSH,109,120,4,3,7,0,9,0,605200.0,Zach Davies,642028.0,Josh Rogers,605200.0,642028.0,3309,Nationals Park,day,R
661391,2022-04-21,2022,STL,MIA,138,146,0,5,5,1,9,0,663855.0,Jordan Hicks,641154.0,Pablo López,641154.0,663855.0,4169,loanDepot park,night,R
663145,2022-04-21,2022,PIT,CHC,134,112,4,3,7,0,9,0,669060.0,Bryse Wilson,643410.0,Mark Leiter Jr.,640444.0,681799.0,17,Wrigley Field,night,R
662177,2022-04-22,2022,TEX,SEA,140,136,8,6,14,0,9,0,621368.0,Taylor Hearn,594835.0,Marco Gonzales,669618.0,608716.0,680,T-Mobile Park,night,R
663169,2022-04-22,2022,STL,CIN,138,113,4,2,6,0,9,0,571927.0,Steven Matz,668881.0,Hunter Greene,571927.0,668881.0,2602,Great American Ball Park,night,R
662557,2022-04-22,2022,SF,WSH,137,120,7,1,8,0,9,0,669674.0,Sam Long,571578.0,Patrick Corbin,596001.0,571578.0,3309,Nationals Park,night,R
661311,2022-04-22,2022,CLE,NYY,114,147,1,4,5,1,9,0,669212.0,Eli Morgan,592791.0,Jameson Taillon,592791.0,669212.0,3313,Yankee Stadium,night,R
661621,2022-04-22,2022,MIL,PHI,158,143,2,4,6,1,9,0,642547.0,Freddy Peralta,624133.0,Ranger Suárez,656793.0,676879.0,2681,Citizens Bank Park,night,R
661914,2022-04-22,2022,BOS,TB,111,139,4,3,7,0,9,0,608379.0,Michael Wacha,446372.0,Corey Kluber,608379.0,446372.0,12,Tropicana Field,night,R
661569,2022-04-22,2022,MIA,ATL,146,144,0,3,3,1,9,0,669432.0,Trevor Rogers,657140.0,Kyle Wright,657140.0,669432.0,4705,Truist Park,night,R
663195,2022-04-23,2022,PIT,CHC,134,112,4,2,6,0,9,0,500779.0,Jose Quintana,592767.0,Drew Smyly,608328.0,592767.0,17,Wrigley Field,night,R
662922,2022-04-23,2022,TOR,HOU,141,117,4,3,7,0,9,0,548389.0,Ross Stripling,434378.0,Justin Verlander,641835.0,593576.0,2392,Minute Maid Park,night,R
661755,2022-04-23,2022,CWS,MIN,145,142,1,2,3,1,9,0,656629.0,Michael Kopech,641927.0,Bailey Ober,608648.0,608665.0,3312,Target Field,night,R
661037,2022-04-23,2022,BAL,LAA,110,108,5,3,8,0,9,0,669145.0,Bruce Zimmermann,672282.0,Reid Detmers,669145.0,672282.0,1,Angel Stadium,night,R
663394,2022-04-23,2022,NYM,ARI,121,109,6,5,11,0,10,1,656849.0,David Peterson,668678.0,Zac Gallen,621242.0,453343.0,15,Chase Field,night,R
662230,2022-04-23,2022,LAD,SD,119,135,6,1,7,0,9,0,628711.0,Julio Urías,607259.0,Nick Martinez,628711.0,607259.0,2680,Petco Park,night,R
662175,2022-04-23,2022,KC,SEA,118,136,1,4,5,1,9,0,641745.0,Brad Keller,623167.0,Chris Flexen,623167.0,641745.0,680,T-Mobile Park,night,R
662390,2022-04-23,2022,TEX,OAK,140,133,8,1,9,0,9,0,657248.0,Glenn Otto Jr.,670124.0,Adam Oller,657248.0,670124.0,10,Oakland Coliseum,night,R
662849,2022-04-22,2022,COL,DET,115,116,0,0,0,0,9,0,622608.0,Antonio Senzatela,669373.0,Tarik Skubal,,,2394,Comerica Park,night,R
662549,2022-04-23,2022,SF,WSH,137,120,5,2,7,0,9,0,622072.0,Alex Wood,592717.0,Aaron Sanchez,622072.0,592717.0,3309,Nationals Park,day,R
661310,2022-04-23,2022,CLE,NYY,114,147,4,5,9,1,9,0,615698.0,Cal Quantrill,641482.0,Nestor Cortes,612434.0,661403.0,3313,Yankee Stadium,day,R
662848,2022-04-23,2022,COL,DET,115,116,0,13,13,1,9,0,622608.0,Antonio Senzatela,669373.0,Tarik Skubal,669373.0,622608.0,2394,Comerica Park,day,R
662849,2022-04-23,2022,COL,DET,115,116,3,2,5,0,9,0,596295.0,Austin Gomber,689225.0,Beau Brieske,596295.0,689225.0,2394,Comerica Park,night,R
663144,2022-04-23,2022,PIT,CHC,134,112,0,21,21,1,9,0,605507.0,Zach Thompson,543294.0,Kyle Hendricks,543294.0,605507.0,17,Wrigley Field,day,R
661752,2022-04-23,2022,CWS,MIN,145,142,2,9,11,1,9,0,592826.0,Vince Velasquez,605164.0,Dylan Bundy,605164.0,592826.0,3312,Target Field,day,R
661620,2022-04-23,2022,MIL,PHI,158,143,5,3,8,0,9,0,605288.0,Adrian Houser,554430.0,Zack Wheeler,605288.0,554430.0,2681,Citizens Bank Park,day,R
662389,2022-04-23,2022,TEX,OAK,140,133,2,0,2,0,9,0,527048.0,Martín Pérez,593423.0,Frankie Montas,656271.0,593423.0,10,Oakland Coliseum,day,R
663100,2022-04-23,2022,STL,CIN,138,113,5,0,5,0,9,0,641712.0,Dakota Hudson,641816.0,Tyler Mahle,641712.0,641816.0,2602,Great American Ball Park,day,R
662875,2022-04-23,2022,TOR,HOU,141,117,3,2,5,0,9,0,666201.0,Alek Manoah,664353.0,José Urquidy,666201.0,642130.0,2392,Minute Maid Park,day,R
661941,2022-04-23,2022,BOS,TB,111,139,2,3,5,1,10,1,676477.0,Garrett Whitlock,656420.0,J.P. Feyereisen,605538.0,570663.0,12,Tropicana Field,night,R
661568,2022-04-23,2022,MIA,ATL,146,144,9,7,16,0,9,0,622694.0,Elieser Hernández,666120.0,Ian Anderson,595345.0,675911.0,4705,Truist Park,night,R
663384,2022-04-24,2022,NYM,ARI,121,109,2,5,7,1,9,0,592866.0,Trevor Williams,528748.0,Humberto Castellanos,528748.0,592866.0,15,Chase Field,night,R
662276,2022-04-24,2022,LAD,SD,119,135,2,3,5,1,10,1,542881.0,Tyler Anderson,506433.0,Yu Darvish,663158.0,677865.0,2680,Petco Park,night,R
661035,2022-04-24,2022,BAL,LAA,110,108,5,4,9,0,9,0,657093.0,Spenser Watkins,592789.0,Noah Syndergaard,641329.0,571901.0,1,Angel Stadium,night,R
662191,2022-04-24,2022,KC,SEA,118,136,7,13,20,1,9,0,663460.0,Kris Bubic,666374.0,Matt Brash,650895.0,641394.0,680,T-Mobile Park,night,R
662853,2022-04-24,2022,COL,DET,115,116,6,2,8,0,9,0,641771.0,Chad Kuhl,641302.0,Tyler Alexander,641771.0,641302.0,2394,Comerica Park,day,R
661931,2022-04-24,2022,BOS,TB,111,139,2,5,7,1,9,0,448179.0,Rich Hill,663556.0,Shane McClanahan,663556.0,570488.0,12,Tropicana Field,day,R
662539,2022-04-24,2022,SF,WSH,137,120,12,3,15,0,9,0,657277.0,Logan Webb,672851.0,Joan Adon,657277.0,672851.0,3309,Nationals Park,day,R
661590,2022-04-24,2022,MIA,ATL,146,144,5,4,9,0,9,0,666200.0,Jesús Luzardo,693821.0,Bryce Elder,666200.0,693821.0,4705,Truist Park,day,R
661317,2022-04-24,2022,CLE,NYY,114,147,2,10,12,1,9,0,650644.0,Aaron Civale,543037.0,Gerrit Cole,543037.0,650644.0,3313,Yankee Stadium,day,R
663111,2022-04-24,2022,STL,CIN,138,113,1,4,5,1,9,0,425794.0,Adam Wainwright,666157.0,Nick Lodolo,666157.0,425794.0,2602,Great American Ball Park,day,R
662921,2022-04-24,2022,TOR,HOU,141,117,7,8,15,1,10,1,579328.0,Yusei Kikuchi,677651.0,Luis Garcia,642130.0,605447.0,2392,Minute Maid Park,day,R
661781,2022-04-24,2022,CWS,MIN,145,142,4,6,10,1,10,1,608337.0,Lucas Giolito,502042.0,Chris Archer,501925.0,521230.0,3312,Target Field,day,R
663166,2022-04-24,2022,PIT,CHC,134,112,4,3,7,0,9,0,664141.0,JT Brubaker,657006.0,Justin Steele,596071.0,657006.0,17,Wrigley Field,day,R
661033,2022-04-24,2022,BAL,LAA,110,108,6,7,13,1,9,0,595939.0,Chris Ellis,660761.0,José Suarez,623474.0,657508.0,1,Angel Stadium,day,R
662388,2022-04-24,2022,TEX,OAK,140,133,0,2,2,1,9,0,572070.0,Garrett Richards,608344.0,Cole Irvin,608344.0,675921.0,10,Oakland Coliseum,day,R
663361,2022-04-24,2022,NYM,ARI,121,109,6,2,8,0,9,0,656731.0,Tylor Megill,518516.0,Madison Bumgarner,656731.0,605525.0,15,Chase Field,day,R
662274,2022-04-24,2022,LAD,SD,119,135,10,2,12,0,9,0,477132.0,Clayton Kershaw,640455.0,Sean Manaea,477132.0,640455.0,2680,Petco Park,day,R
662188,2022-04-24,2022,KC,SEA,118,136,4,5,9,1,12,1,672578.0,Carlos Hernández,592662.0,Robbie Ray,670990.0,606303.0,680,T-Mobile Park,day,R
661640,2022-04-24,2022,MIL,PHI,158,143,1,0,1,0,9,0,641778.0,Eric Lauer,605400.0,Aaron Nola,642207.0,608349.0,2681,Citizens Bank Park,night,R
661210,2022-04-25,2022,SF,MIL,137,158,4,2,6,0,9,0,669674.0,Sam Long,669203.0,Corbin Burnes,459429.0,664776.0,32,American Family Field,night,R
661639,2022-04-25,2022,COL,PHI,115,143,2,8,10,1,9,0,607536.0,Kyle Freeland,502043.0,Kyle Gibson,502043.0,607536.0,2681,Citizens Bank Park,night,R
661760,2022-04-25,2022,BOS,TOR,111,141,2,6,8,1,9,0,543135.0,Nathan Eovaldi,621244.0,José Berríos,643256.0,621381.0,14,Rogers Centre,night,R
662008,2022-04-25,2022,NYM,STL,121,138,5,2,7,0,9,0,453286.0,Max Scherzer,571945.0,Miles Mikolas,543507.0,606149.0,2889,Busch Stadium,night,R
661979,2022-04-26,2022,HOU,TEX,117,140,2,6,8,1,9,0,664285.0,Framber Valdez,641540.0,Dane Dunning,519043.0,664208.0,5325,Globe Life Field,night,R
661034,2022-04-26,2022,CLE,LAA,114,108,0,3,3,1,9,0,669456.0,Shane Bieber,547179.0,Michael Lorenzen,547179.0,669456.0,1,Angel Stadium,night,R
663382,2022-04-26,2022,LAD,ARI,119,109,4,0,4,0,9,0,621111.0,Walker Buehler,518876.0,Merrill Kelly,621111.0,518876.0,15,Chase Field,night,R
662297,2022-04-26,2022,MIL,PIT,158,134,12,8,20,0,9,0,605540.0,Brandon Woodruff,656605.0,Mitch Keller,608718.0,667465.0,31,PNC Park,night,R
663079,2022-04-26,2022,SD,CIN,135,113,9,6,15,0,9,0,605397.0,Joe Musgrove,665665.0,Reiver Sanmartin,605397.0,665665.0,2602,Great American Ball Park,night,R
661929,2022-04-26,2022,SEA,TB,136,139,8,4,12,0,9,0,669302.0,Logan Gilbert,605538.0,Matt Wisler,669302.0,676596.0,12,Tropicana Field,night,R
661567,2022-04-26,2022,COL,PHI,115,143,3,10,13,1,9,0,608566.0,Germán Márquez,621107.0,Zach Eflin,621107.0,608566.0,2681,Citizens Bank Park,night,R
662540,2022-04-26,2022,MIA,WSH,146,120,5,2,7,0,9,0,645261.0,Sandy Alcantara,680686.0,Josiah Gray,645261.0,680686.0,3309,Nationals Park,night,R
661309,2022-04-26,2022,BAL,NYY,110,147,8,12,20,1,9,0,543475.0,Jordan Lyles,622663.0,Luis Severino,622663.0,543475.0,3313,Yankee Stadium,night,R
661758,2022-04-26,2022,BOS,TOR,111,141,5,6,11,1,10,1,601713.0,Nick Pivetta,592332.0,Kevin Gausman,605447.0,598264.0,14,Rogers Centre,night,R
661536,2022-04-26,2022,KC,CWS,118,145,6,0,6,0,9,0,663738.0,Daniel Lynch IV,572971.0,Dallas Keuchel,663738.0,572971.0,4,Guaranteed Rate Field,night,R
661589,2022-04-26,2022,CHC,ATL,112,144,1,3,4,1,9,0,573186.0,Marcus Stroman,608331.0,Max Fried,608331.0,573186.0,4705,Truist Park,night,R
661733,2022-04-26,2022,DET,MIN,116,142,4,5,9,1,9,0,593958.0,Eduardo Rodriguez,663978.0,Chris Paddack,643377.0,642397.0,3312,Target Field,night,R
662007,2022-04-26,2022,NYM,STL,121,138,3,0,3,0,9,0,605135.0,Chris Bassitt,663855.0,Jordan Hicks,605135.0,663855.0,2889,Busch Stadium,night,R
661980,2022-04-27,2022,HOU,TEX,117,140,5,1,6,0,9,0,543606.0,Jake Odorizzi,621368.0,Taylor Hearn,543606.0,621368.0,5325,Globe Life Field,night,R
661032,2022-04-27,2022,CLE,LAA,114,108,1,4,5,1,9,0,663474.0,Triston McKenzie,663776.0,Patrick Sandoval,663776.0,663474.0,1,Angel Stadium,night,R
663383,2022-04-27,2022,LAD,ARI,119,109,3,5,8,1,9,0,664062.0,Tony Gonsolin,605200.0,Zach Davies,453178.0,660813.0,15,Chase Field,night,R
662086,2022-04-27,2022,OAK,SF,133,137,2,8,10,1,9,0,641726.0,Daulton Jefferies,607074.0,Carlos Rodón,607074.0,641726.0,2395,Oracle Park,night,R
662048,2022-04-27,2022,NYM,STL,121,138,5,10,15,1,9,0,471911.0,Carlos Carrasco,571927.0,Steven Matz,663765.0,471911.0,2889,Busch Stadium,day,R
661533,2022-04-27,2022,KC,CWS,118,145,3,7,10,1,9,0,425844.0,Zack Greinke,656302.0,Dylan Cease,656986.0,676092.0,4,Guaranteed Rate Field,day,R
663393,2022-04-27,2022,LAD,ARI,119,109,1,3,4,1,9,0,628711.0,Julio Urías,668678.0,Zac Gallen,453178.0,543339.0,15,Chase Field,day,R
662289,2022-04-27,2022,MIL,PIT,158,134,3,1,4,0,9,0,676879.0,Aaron Ashby,596071.0,Dillon Peters,641627.0,640444.0,31,PNC Park,night,R
663148,2022-04-27,2022,SD,CIN,135,113,8,5,13,0,9,0,669022.0,MacKenzie Gore,661269.0,Vladimir Gutierrez,669022.0,661269.0,2602,Great American Ball Park,night,R
661909,2022-04-27,2022,SEA,TB,136,139,2,3,5,1,9,0,594835.0,Marco Gonzales,656876.0,Drew Rasmussen,656876.0,594835.0,12,Tropicana Field,night,R
661638,2022-04-27,2022,COL,PHI,115,143,3,7,10,1,9,0,663372.0,Ryan Feltner,624133.0,Ranger Suárez,624133.0,663372.0,2681,Citizens Bank Park,night,R
662546,2022-04-27,2022,MIA,WSH,146,120,2,1,3,0,9,0,641154.0,Pablo López,607200.0,Erick Fedde,641154.0,607200.0,3309,Nationals Park,night,R
661306,2022-04-27,2022,BAL,NYY,110,147,2,5,7,1,9,0,669330.0,Tyler Wells,656756.0,Jordan Montgomery,650633.0,607216.0,3313,Yankee Stadium,night,R
661757,2022-04-27,2022,BOS,TOR,111,141,7,1,8,0,9,0,608379.0,Michael Wacha,548389.0,Ross Stripling,608379.0,663423.0,14,Rogers Centre,night,R
661552,2022-04-27,2022,CHC,ATL,112,144,6,3,9,0,10,1,643410.0,Mark Leiter Jr.,450203.0,Charlie Morton,502085.0,554431.0,4705,Truist Park,night,R
661739,2022-04-27,2022,DET,MIN,116,142,0,5,5,1,9,0,501381.0,Michael Pineda,657746.0,Joe Ryan,657746.0,501381.0,3312,Target Field,night,R
661964,2022-04-28,2022,HOU,TEX,117,140,4,3,7,0,9,0,664299.0,Cristian Javier,657248.0,Glenn Otto Jr.,664299.0,656685.0,5325,Globe Life Field,night,R
663439,2022-04-28,2022,CLE,LAA,114,108,5,9,14,1,9,0,668676.0,Zach Plesac,660271.0,Shohei Ohtani,660271.0,668676.0,1,Angel Stadium,night,R
662066,2022-04-28,2022,OAK,SF,133,137,1,0,1,0,9,0,621112.0,Paul Blackburn,669674.0,Sam Long,621112.0,669674.0,2395,Oracle Park,night,R
663078,2022-04-28,2022,SD,CIN,135,113,7,5,12,0,9,0,607259.0,Nick Martinez,641816.0,Tyler Mahle,607259.0,641816.0,2602,Great American Ball Park,day,R
662295,2022-04-28,2022,MIL,PIT,158,134,3,2,5,0,9,0,642547.0,Freddy Peralta,500779.0,Jose Quintana,571948.0,608717.0,31,PNC Park,day,R
661641,2022-04-28,2022,COL,PHI,115,143,1,7,8,1,9,0,596295.0,Austin Gomber,554430.0,Zack Wheeler,554430.0,596295.0,2681,Citizens Bank Park,day,R
662538,2022-04-28,2022,MIA,WSH,146,120,3,2,5,0,9,0,669432.0,Trevor Rogers,571578.0,Patrick Corbin,669432.0,571578.0,3309,Nationals Park,day,R
661305,2022-04-28,2022,BAL,NYY,110,147,5,10,15,1,9,0,669145.0,Bruce Zimmermann,592791.0,Jameson Taillon,612434.0,669145.0,3313,Yankee Stadium,day,R
661908,2022-04-28,2022,SEA,TB,136,139,1,2,3,1,9,0,623167.0,Chris Flexen,605488.0,Jeffrey Springs,656420.0,623167.0,12,Tropicana Field,day,R
661729,2022-04-28,2022,DET,MIN,116,142,1,7,8,1,9,0,669373.0,Tarik Skubal,641927.0,Bailey Ober,664054.0,669373.0,3312,Target Field,day,R
661912,2022-04-28,2022,HOU,TEX,117,140,3,2,5,0,9,0,434378.0,Justin Verlander,527048.0,Martín Pérez,434378.0,456713.0,5325,Globe Life Field,day,R
661532,2022-04-28,2022,KC,CWS,118,145,5,2,7,0,10,1,641745.0,Brad Keller,656629.0,Michael Kopech,605130.0,607481.0,4,Guaranteed Rate Field,day,R
661827,2022-04-28,2022,BOS,TOR,111,141,0,1,1,1,9,0,676477.0,Garrett Whitlock,666201.0,Alek Manoah,666201.0,676477.0,14,Rogers Centre,day,R
663432,2022-04-28,2022,CLE,LAA,114,108,1,4,5,1,9,0,615698.0,Cal Quantrill,672282.0,Reid Detmers,672282.0,615698.0,1,Angel Stadium,day,R
661551,2022-04-28,2022,CHC,ATL,112,144,1,5,6,1,9,0,592767.0,Drew Smyly,657140.0,Kyle Wright,657140.0,592767.0,4705,Truist Park,night,R
662047,2022-04-28,2022,ARI,STL,109,138,3,8,11,1,9,0,528748.0,Humberto Castellanos,641712.0,Dakota Hudson,641712.0,528748.0,2889,Busch Stadium,night,R
662296,2022-04-29,2022,SD,PIT,135,134,7,3,10,0,9,0,506433.0,Yu Darvish,605507.0,Zach Thompson,506433.0,605507.0,31,PNC Park,night,R
661390,2022-04-29,2022,SEA,MIA,136,146,6,8,14,1,9,0,666374.0,Matt Brash,622694.0,Elieser Hernández,622694.0,666374.0,4169,loanDepot park,night,R
663337,2022-04-29,2022,BOS,BAL,111,110,3,1,4,0,9,0,448179.0,Rich Hill,680694.0,Kyle Bradish,656557.0,680694.0,2,Oriole Park at Camden Yards,night,R
661826,2022-04-29,2022,HOU,TOR,117,141,11,7,18,0,9,0,664353.0,José Urquidy,579328.0,Yusei Kikuchi,664353.0,663423.0,14,Rogers Centre,night,R
661907,2022-04-29,2022,MIN,TB,142,139,1,6,7,1,9,0,605164.0,Dylan Bundy,446372.0,Corey Kluber,446372.0,605164.0,12,Tropicana Field,night,R
662592,2022-04-29,2022,PHI,NYM,143,121,0,3,3,1,9,0,605400.0,Aaron Nola,656731.0,Tylor Megill,656731.0,605400.0,3289,Citi Field,night,R
661535,2022-04-29,2022,LAA,CWS,108,145,5,1,6,0,9,0,623474.0,Jimmy Herget,608337.0,Lucas Giolito,681810.0,608337.0,4,Guaranteed Rate Field,night,R
661911,2022-04-30,2022,ATL,TEX,144,140,6,3,9,0,9,0,666120.0,Ian Anderson,572070.0,Garrett Richards,666120.0,572070.0,5325,Globe Life Field,night,R
662741,2022-04-30,2022,NYY,KC,147,118,12,2,14,0,8,0,641482.0,Nestor Cortes,663460.0,Kris Bubic,641482.0,663460.0,7,Kauffman Stadium,night,R
661209,2022-04-30,2022,CHC,MIL,112,158,1,11,12,1,9,0,543294.0,Kyle Hendricks,605288.0,Adrian Houser,605288.0,543294.0,32,American Family Field,night,R
662037,2022-04-30,2022,ARI,STL,109,138,6,2,8,0,9,0,518516.0,Madison Bumgarner,425794.0,Adam Wainwright,518516.0,425794.0,2889,Busch Stadium,night,R
663009,2022-04-30,2022,CIN,COL,113,115,4,10,14,1,9,0,668881.0,Hunter Greene,622608.0,Antonio Senzatela,622608.0,668881.0,19,Coors Field,night,R
662405,2022-04-30,2022,CLE,OAK,114,133,9,8,17,0,9,0,650644.0,Aaron Civale,593423.0,Frankie Montas,663986.0,642758.0,10,Oakland Coliseum,night,R
662699,2022-04-30,2022,DET,LAD,116,119,1,5,6,1,9,0,641302.0,Tyler Alexander,542881.0,Tyler Anderson,542881.0,641302.0,22,Dodger Stadium,night,R
662081,2022-04-30,2022,WSH,SF,120,137,14,4,18,0,9,0,592717.0,Aaron Sanchez,622072.0,Alex Wood,592717.0,622072.0,2395,Oracle Park,night,R
662036,2022-04-30,2022,ARI,STL,109,138,2,0,2,0,9,0,518876.0,Merrill Kelly,571945.0,Miles Mikolas,518876.0,571945.0,2889,Busch Stadium,day,R
661825,2022-04-30,2022,HOU,TOR,117,141,1,2,3,1,9,0,677651.0,Luis Garcia,621244.0,José Berríos,621244.0,677651.0,14,Rogers Centre,day,R
662084,2022-04-30,2022,WSH,SF,120,137,3,9,12,1,9,0,672851.0,Joan Adon,657277.0,Logan Webb,657277.0,672851.0,2395,Oracle Park,day,R
661534,2022-04-30,2022,LAA,CWS,108,145,0,4,4,1,9,0,660761.0,José Suarez,592826.0,Vince Velasquez,592826.0,660761.0,4,Guaranteed Rate Field,day,R
662393,2022-04-30,2022,CLE,OAK,114,133,3,1,4,0,9,0,669456.0,Shane Bieber,608344.0,Cole Irvin,680704.0,666204.0,10,Oakland Coliseum,day,R
661906,2022-04-30,2022,MIN,TB,142,139,9,1,10,0,9,0,502042.0,Chris Archer,663556.0,Shane McClanahan,664054.0,663556.0,12,Tropicana Field,day,R
661389,2022-04-30,2022,SEA,MIA,136,146,1,3,4,1,9,0,592662.0,Robbie Ray,666200.0,Jesús Luzardo,666200.0,592662.0,4169,loanDepot park,night,R
662288,2022-04-30,2022,SD,PIT,135,134,6,7,13,1,10,1,640455.0,Sean Manaea,664141.0,JT Brubaker,608717.0,472610.0,31,PNC Park,night,R
663364,2022-04-30,2022,BOS,BAL,111,110,1,2,3,1,10,1,543135.0,Nathan Eovaldi,657093.0,Spenser Watkins,605347.0,617228.0,2,Oriole Park at Camden Yards,night,R
661901,2022-04-30,2022,ATL,TEX,144,140,1,3,4,1,9,0,693821.0,Bryce Elder,641540.0,Dane Dunning,641540.0,693821.0,5325,Globe Life Field,night,R
662591,2022-04-30,2022,PHI,NYM,143,121,4,1,5,0,9,0,502043.0,Kyle Gibson,592836.0,Taijuan Walker,656803.0,493603.0,3289,Citi Field,night,R
662797,2022-04-30,2022,NYY,KC,147,118,3,0,3,0,9,0,543037.0,Gerrit Cole,672578.0,Carlos Hernández,543037.0,672578.0,7,Kauffman Stadium,night,R
661208,2022-04-30,2022,CHC,MIL,112,158,1,9,10,1,9,0,657006.0,Justin Steele,641778.0,Eric Lauer,641778.0,657006.0,32,American Family Field,night,R
663008,2022-05-01,2022,CIN,COL,113,115,3,4,7,1,9,0,656818.0,Connor Overton,641771.0,Chad Kuhl,641771.0,605521.0,19,Coors Field,night,R
662698,2022-05-01,2022,DET,LAD,116,119,5,1,6,0,9,0,689225.0,Beau Brieske,477132.0,Clayton Kershaw,606930.0,623465.0,22,Dodger Stadium,night,R
663363,2022-05-01,2022,BOS,BAL,111,110,5,9,14,1,9,0,601713.0,Nick Pivetta,543475.0,Jordan Lyles,543475.0,601713.0,2,Oriole Park at Camden Yards,day,R
661905,2022-05-01,2022,MIN,TB,142,139,9,3,12,0,9,0,680739.0,Josh Winder,676596.0,Josh Fleming,680739.0,676596.0,12,Tropicana Field,day,R
662293,2022-05-01,2022,SD,PIT,135,134,5,2,7,0,9,0,605397.0,Joe Musgrove,656605.0,Mitch Keller,605397.0,656605.0,31,PNC Park,day,R
661824,2022-05-01,2022,HOU,TOR,117,141,2,3,5,1,9,0,664285.0,Framber Valdez,592332.0,Kevin Gausman,592332.0,664285.0,14,Rogers Centre,day,R
661365,2022-05-01,2022,SEA,MIA,136,146,7,3,10,0,9,0,669302.0,Logan Gilbert,645261.0,Sandy Alcantara,669302.0,645261.0,4169,loanDepot park,day,R
661531,2022-05-01,2022,LAA,CWS,108,145,6,5,11,0,9,0,547179.0,Michael Lorenzen,572971.0,Dallas Keuchel,547179.0,572971.0,4,Guaranteed Rate Field,day,R
662691,2022-05-01,2022,NYY,KC,147,118,6,4,10,0,9,0,622663.0,Luis Severino,663738.0,Daniel Lynch IV,657376.0,669395.0,7,Kauffman Stadium,day,R
661216,2022-05-01,2022,CHC,MIL,112,158,2,0,2,0,9,0,573186.0,Marcus Stroman,669203.0,Corbin Burnes,573186.0,669203.0,32,American Family Field,day,R
661988,2022-05-01,2022,ARI,STL,109,138,5,7,12,1,9,0,605200.0,Zach Davies,663855.0,Jordan Hicks,676831.0,641871.0,2889,Busch Stadium,day,R
661935,2022-05-01,2022,ATL,TEX,144,140,3,7,10,1,9,0,666205.0,Kyle Muller,621368.0,Taylor Hearn,621368.0,666205.0,5325,Globe Life Field,day,R
663007,2022-05-01,2022,CIN,COL,113,115,1,10,11,1,9,0,665665.0,Reiver Sanmartin,607536.0,Kyle Freeland,607536.0,665665.0,19,Coors Field,day,R
662106,2022-05-01,2022,WSH,SF,120,137,11,5,16,0,9,0,680686.0,Josiah Gray,502171.0,Alex Cobb,680686.0,502171.0,2395,Oracle Park,day,R
662397,2022-05-01,2022,CLE,OAK,114,133,7,3,10,0,9,0,663474.0,Triston McKenzie,621076.0,James Kaprielian,663474.0,621076.0,10,Oakland Coliseum,day,R
662716,2022-05-01,2022,DET,LAD,116,119,3,6,9,1,9,0,593958.0,Eduardo Rodriguez,621111.0,Walker Buehler,621111.0,593958.0,22,Dodger Stadium,day,R
662579,2022-05-01,2022,PHI,NYM,143,121,6,10,16,1,9,0,621107.0,Zach Eflin,453286.0,Max Scherzer,453286.0,621107.0,3289,Citi Field,night,R
662009,2022-05-02,2022,KC,STL,118,138,0,1,1,1,9,0,425844.0,Zack Greinke,571927.0,Steven Matz,571927.0,425844.0,2889,Busch Stadium,day,R
661526,2022-05-02,2022,LAA,CWS,108,145,0,3,3,1,9,0,663776.0,Patrick Sandoval,656302.0,Dylan Cease,656302.0,663776.0,4,Guaranteed Rate Field,day,R
661362,2022-05-02,2022,ARI,MIA,109,146,5,4,9,0,9,0,668678.0,Zac Gallen,641154.0,Pablo López,668678.0,641154.0,4169,loanDepot park,night,R
663362,2022-05-02,2022,MIN,BAL,142,110,2,1,3,0,9,0,663978.0,Chris Paddack,669330.0,Tyler Wells,663978.0,641329.0,2,Oriole Park at Camden Yards,night,R
661823,2022-05-02,2022,NYY,TOR,147,141,3,2,5,0,9,0,656756.0,Jordan Montgomery,548389.0,Ross Stripling,605280.0,554340.0,14,Rogers Centre,night,R
662578,2022-05-02,2022,ATL,NYM,144,121,5,2,7,0,9,0,608331.0,Max Fried,605135.0,Chris Bassitt,608331.0,605135.0,3289,Citi Field,night,R
662920,2022-05-03,2022,SEA,HOU,136,117,0,3,3,1,9,0,594835.0,Marco Gonzales,543606.0,Jake Odorizzi,543606.0,594835.0,2392,Minute Maid Park,night,R
662387,2022-05-03,2022,TB,OAK,139,133,6,1,7,0,9,0,656876.0,Drew Rasmussen,641726.0,Daulton Jefferies,656876.0,641726.0,10,Oakland Coliseum,night,R
662569,2022-05-03,2022,ATL,NYM,144,121,4,5,9,1,9,0,450203.0,Charlie Morton,656849.0,David Peterson,656849.0,450203.0,3289,Citi Field,day,R
662459,2022-05-03,2022,ATL,NYM,144,121,0,3,3,1,9,0,657140.0,Kyle Wright,471911.0,Carlos Carrasco,471911.0,657140.0,3289,Citi Field,day,R
661364,2022-05-03,2022,ARI,MIA,109,146,5,4,9,0,9,0,528748.0,Humberto Castellanos,669432.0,Trevor Rogers,528748.0,669432.0,4169,loanDepot park,night,R
661635,2022-05-03,2022,TEX,PHI,140,143,6,4,10,0,9,0,592351.0,Jon Gray,624133.0,Ranger Suárez,656271.0,624133.0,2681,Citizens Bank Park,night,R
663463,2022-05-03,2022,MIN,BAL,142,110,7,2,9,0,9,0,657746.0,Joe Ryan,669145.0,Bruce Zimmermann,573204.0,607216.0,2,Oriole Park at Camden Yards,night,R
661796,2022-05-03,2022,NYY,TOR,147,141,9,1,10,0,9,0,592791.0,Jameson Taillon,666201.0,Alek Manoah,592791.0,643256.0,14,Rogers Centre,night,R
663237,2022-05-03,2022,LAA,BOS,108,111,0,4,4,1,9,0,592789.0,Noah Syndergaard,608379.0,Michael Wacha,608379.0,592789.0,3,Fenway Park,night,R
663165,2022-05-03,2022,CWS,CHC,145,112,3,1,4,0,9,0,656629.0,Michael Kopech,664123.0,Scott Effross,625643.0,664123.0,17,Wrigley Field,night,R
661200,2022-05-03,2022,CIN,MIL,113,158,3,6,9,1,9,0,641816.0,Tyler Mahle,605540.0,Brandon Woodruff,605540.0,641816.0,32,American Family Field,night,R
662919,2022-05-04,2022,SEA,HOU,136,117,0,4,4,1,9,0,623167.0,Chris Flexen,664299.0,Cristian Javier,664299.0,623167.0,2392,Minute Maid Park,night,R
662690,2022-05-04,2022,STL,KC,138,118,1,7,8,1,9,0,641712.0,Dakota Hudson,641745.0,Brad Keller,641745.0,641712.0,7,Kauffman Stadium,night,R
662994,2022-05-04,2022,WSH,COL,120,115,10,2,12,0,9,0,607200.0,Erick Fedde,608566.0,Germán Márquez,607200.0,608566.0,19,Coors Field,night,R
662386,2022-05-04,2022,TB,OAK,139,133,10,7,17,0,10,1,642232.0,Ryan Yarbrough,621112.0,Paul Blackburn,552640.0,642152.0,10,Oakland Coliseum,night,R
662708,2022-05-04,2022,SF,LAD,137,119,1,3,4,1,9,0,607074.0,Carlos Rodón,628711.0,Julio Urías,628711.0,607074.0,22,Dodger Stadium,night,R
663068,2022-05-03,2022,SD,CLE,135,114,0,0,0,0,9,0,605182.0,Mike Clevinger,668676.0,Zach Plesac,,,5,Progressive Field,night,R
662839,2022-05-03,2022,PIT,DET,134,116,0,0,0,0,9,0,669060.0,Bryse Wilson,501381.0,Michael Pineda,,,2394,Comerica Park,night,R
661363,2022-05-04,2022,ARI,MIA,109,146,8,7,15,0,9,0,518516.0,Madison Bumgarner,622694.0,Elieser Hernández,641871.0,669622.0,4169,loanDepot park,day,R
662838,2022-05-04,2022,PIT,DET,134,116,2,3,5,1,9,0,596071.0,Dillon Peters,501381.0,Michael Pineda,606930.0,669060.0,2394,Comerica Park,day,R
662839,2022-05-04,2022,PIT,DET,134,116,7,2,9,0,9,0,500779.0,Jose Quintana,656412.0,Alex Faedo,605507.0,571800.0,2394,Comerica Park,day,R
663067,2022-05-04,2022,SD,CLE,135,114,5,4,9,0,9,0,605182.0,Mike Clevinger,668676.0,Zach Plesac,622503.0,668676.0,5,Progressive Field,day,R
663068,2022-05-04,2022,SD,CLE,135,114,5,6,11,1,10,1,669022.0,MacKenzie Gore,615698.0,Cal Quantrill,680704.0,659275.0,5,Progressive Field,day,R
662739,2022-05-04,2022,STL,KC,138,118,10,0,10,0,9,0,425794.0,Adam Wainwright,663460.0,Kris Bubic,425794.0,663460.0,7,Kauffman Stadium,day,R
662577,2022-05-04,2022,ATL,NYM,144,121,9,2,11,0,9,0,666120.0,Ian Anderson,656731.0,Tylor Megill,666120.0,656731.0,3289,Citi Field,day,R
662835,2022-05-04,2022,SEA,HOU,136,117,2,7,9,1,9,0,666374.0,Matt Brash,434378.0,Justin Verlander,434378.0,666374.0,2392,Minute Maid Park,day,R
662382,2022-05-04,2022,TB,OAK,139,133,3,0,3,0,9,0,446372.0,Corey Kluber,593423.0,Frankie Montas,656420.0,667427.0,10,Oakland Coliseum,day,R
661634,2022-05-04,2022,TEX,PHI,140,143,2,1,3,0,10,1,527048.0,Martín Pérez,554430.0,Zack Wheeler,456713.0,543272.0,2681,Citizens Bank Park,night,R
663462,2022-05-04,2022,MIN,BAL,142,110,4,9,13,1,9,0,605164.0,Dylan Bundy,680694.0,Kyle Bradish,672335.0,605164.0,2,Oriole Park at Camden Yards,night,R
661795,2022-05-04,2022,NYY,TOR,147,141,1,2,3,1,9,0,641482.0,Nestor Cortes,579328.0,Yusei Kikuchi,579328.0,641482.0,14,Rogers Centre,night,R
663248,2022-05-04,2022,LAA,BOS,108,111,10,5,15,0,10,1,672282.0,Reid Detmers,676477.0,Garrett Whitlock,572193.0,598264.0,3,Fenway Park,night,R
663164,2022-05-04,2022,CWS,CHC,145,112,4,3,7,0,9,0,608337.0,Lucas Giolito,543294.0,Kyle Hendricks,608337.0,543294.0,17,Wrigley Field,night,R
661197,2022-05-04,2022,CIN,MIL,113,158,4,18,22,1,9,0,661269.0,Vladimir Gutierrez,642547.0,Freddy Peralta,642547.0,661269.0,32,American Family Field,night,R
662993,2022-05-05,2022,WSH,COL,120,115,2,5,7,1,9,0,571578.0,Patrick Corbin,596295.0,Austin Gomber,596295.0,571578.0,19,Coors Field,night,R
662707,2022-05-05,2022,SF,LAD,137,119,1,9,10,1,9,0,622072.0,Alex Wood,664062.0,Tony Gonsolin,664062.0,622072.0,22,Dodger Stadium,night,R
663227,2022-05-05,2022,LAA,BOS,108,111,8,0,8,0,9,0,660271.0,Shohei Ohtani,448179.0,Rich Hill,660271.0,656557.0,3,Fenway Park,day,R
661204,2022-05-05,2022,CIN,MIL,113,158,5,10,15,1,9,0,668881.0,Hunter Greene,605288.0,Adrian Houser,605288.0,668881.0,32,American Family Field,day,R
663013,2022-05-05,2022,WSH,COL,120,115,7,9,16,1,9,0,592717.0,Aaron Sanchez,622608.0,Antonio Senzatela,468504.0,592717.0,19,Coors Field,day,R
663066,2022-05-05,2022,TOR,CLE,141,114,5,6,11,1,9,0,621244.0,José Berríos,650644.0,Aaron Civale,650644.0,621244.0,5,Progressive Field,night,R
661619,2022-05-05,2022,NYM,PHI,121,143,8,7,15,0,9,0,592836.0,Taijuan Walker,605400.0,Aaron Nola,658431.0,608349.0,2681,Citizens Bank Park,night,R
661341,2022-05-05,2022,MIN,BAL,142,110,3,5,8,1,9,0,502042.0,Chris Archer,657093.0,Spenser Watkins,605347.0,661395.0,2,Oriole Park at Camden Yards,night,R
662816,2022-05-06,2022,DET,HOU,116,117,2,3,5,1,9,0,669373.0,Tarik Skubal,664353.0,José Urquidy,519151.0,642397.0,2392,Minute Maid Park,night,R
662189,2022-05-06,2022,TB,SEA,139,136,4,3,7,0,9,0,663556.0,Shane McClanahan,592662.0,Robbie Ray,663556.0,592662.0,680,T-Mobile Park,night,R
662262,2022-05-06,2022,MIA,SD,146,135,1,2,3,1,9,0,666200.0,Jesús Luzardo,607259.0,Nick Martinez,607259.0,666200.0,2680,Petco Park,night,R
662105,2022-05-06,2022,STL,SF,138,137,7,1,8,0,9,0,571945.0,Miles Mikolas,661440.0,Mauricio Llovera,571945.0,641793.0,2395,Oracle Park,night,R
663224,2022-05-06,2022,CWS,BOS,145,111,4,2,6,0,9,0,592826.0,Vince Velasquez,543135.0,Nathan Eovaldi,592826.0,543135.0,3,Fenway Park,night,R
661541,2022-05-06,2022,MIL,ATL,158,144,6,3,9,0,9,0,641778.0,Eric Lauer,445926.0,Jesse Chavez,641778.0,543521.0,4705,Truist Park,night,R
662815,2022-05-07,2022,DET,HOU,116,117,2,3,5,1,9,0,689225.0,Beau Brieske,677651.0,Luis Garcia,677651.0,689225.0,2392,Minute Maid Park,night,R
661775,2022-05-07,2022,OAK,MIN,133,142,1,2,3,1,9,0,656657.0,Zach Logue,680739.0,Josh Winder,680739.0,656657.0,3312,Target Field,night,R
663431,2022-05-07,2022,WSH,LAA,120,108,0,3,3,1,9,0,672851.0,Joan Adon,646242.0,Jhonathan Díaz,646242.0,672851.0,1,Angel Stadium,night,R
663360,2022-05-07,2022,COL,ARI,115,109,1,4,5,1,9,0,641771.0,Chad Kuhl,518876.0,Merrill Kelly,518876.0,608032.0,15,Chase Field,night,R
662187,2022-05-07,2022,TB,SEA,139,136,8,7,15,0,9,0,605538.0,Matt Wisler,669302.0,Logan Gilbert,548384.0,623149.0,680,T-Mobile Park,night,R
662272,2022-05-07,2022,MIA,SD,146,135,2,3,5,1,9,0,645261.0,Sandy Alcantara,506433.0,Yu Darvish,506433.0,645261.0,2680,Petco Park,night,R
662103,2022-05-07,2022,STL,SF,138,137,3,2,5,0,9,0,663855.0,Jordan Hicks,502171.0,Alex Cobb,664854.0,666808.0,2395,Oracle Park,night,R
663142,2022-05-06,2022,LAD,CHC,119,112,0,0,0,0,9,0,542881.0,Tyler Anderson,,,,,17,Wrigley Field,day,R
663071,2022-05-06,2022,PIT,CIN,134,113,0,0,0,0,9,0,664141.0,JT Brubaker,656818.0,Connor Overton,,,2602,Great American Ball Park,night,R
661345,2022-05-06,2022,KC,BAL,118,110,0,0,0,0,9,0,672578.0,Carlos Hernández,543475.0,Jordan Lyles,,,2,Oriole Park at Camden Yards,night,R
661628,2022-05-06,2022,NYM,PHI,121,143,0,0,0,0,9,0,453286.0,Max Scherzer,502043.0,Kyle Gibson,,,2681,Citizens Bank Park,night,R
661304,2022-05-06,2022,TEX,NYY,140,147,0,0,0,0,9,0,657248.0,Glenn Otto Jr.,543037.0,Gerrit Cole,,,3313,Yankee Stadium,night,R
663057,2022-05-06,2022,TOR,CLE,141,114,0,0,0,0,9,0,592332.0,Kevin Gausman,669456.0,Shane Bieber,,,5,Progressive Field,night,R
663089,2022-05-07,2022,PIT,CIN,134,113,2,9,11,1,9,0,664141.0,JT Brubaker,656818.0,Connor Overton,608371.0,640444.0,2602,Great American Ball Park,day,R
663070,2022-05-07,2022,PIT,CIN,134,113,8,5,13,0,9,0,656605.0,Mitch Keller,664294.0,Dauri Moreta,592390.0,664294.0,2602,Great American Ball Park,night,R
663162,2022-05-07,2022,LAD,CHC,119,112,7,0,7,0,9,0,477132.0,Clayton Kershaw,592767.0,Drew Smyly,477132.0,592767.0,17,Wrigley Field,day,R
663142,2022-05-07,2022,LAD,CHC,119,112,6,2,8,0,9,0,542881.0,Tyler Anderson,596057.0,Daniel Norris,542881.0,596057.0,17,Wrigley Field,night,R
663056,2022-05-07,2022,TOR,CLE,141,114,8,3,11,0,9,0,592332.0,Kevin Gausman,669456.0,Shane Bieber,592332.0,669456.0,5,Progressive Field,day,R
663057,2022-05-07,2022,TOR,CLE,141,114,2,8,10,1,9,0,548389.0,Ross Stripling,663474.0,Triston McKenzie,663474.0,548389.0,5,Progressive Field,day,R
661701,2022-05-07,2022,OAK,MIN,133,142,0,1,1,1,9,0,621076.0,James Kaprielian,543243.0,Sonny Gray,643377.0,621076.0,3312,Target Field,day,R
662796,2022-05-07,2022,DET,HOU,116,117,2,3,5,1,9,0,593958.0,Eduardo Rodriguez,664285.0,Framber Valdez,650556.0,605242.0,2392,Minute Maid Park,day,R
663226,2022-05-07,2022,CWS,BOS,145,111,3,1,4,0,10,1,656302.0,Dylan Cease,601713.0,Nick Pivetta,625643.0,598264.0,3,Fenway Park,day,R
662102,2022-05-07,2022,STL,SF,138,137,7,13,20,1,9,0,571927.0,Steven Matz,657277.0,Logan Webb,657277.0,571927.0,2395,Oracle Park,day,R
661540,2022-05-07,2022,MIL,ATL,158,144,2,3,5,1,9,0,669203.0,Corbin Burnes,608331.0,Max Fried,608331.0,669203.0,4705,Truist Park,night,R
663359,2022-05-08,2022,COL,ARI,115,109,4,1,5,0,9,0,607536.0,Kyle Freeland,605200.0,Zach Davies,517008.0,453343.0,15,Chase Field,night,R
662261,2022-05-08,2022,MIA,SD,146,135,8,0,8,0,9,0,641154.0,Pablo López,640455.0,Sean Manaea,641154.0,640455.0,2680,Petco Park,night,R
663430,2022-05-08,2022,WSH,LAA,120,108,7,3,10,0,9,0,680686.0,Josiah Gray,547179.0,Michael Lorenzen,680686.0,547179.0,1,Angel Stadium,night,R
662159,2022-05-08,2022,TB,SEA,139,136,8,2,10,0,9,0,656876.0,Drew Rasmussen,594835.0,Marco Gonzales,656876.0,594835.0,680,T-Mobile Park,night,R
661303,2022-05-07,2022,TEX,NYY,140,147,0,0,0,0,9,0,,,543037.0,Gerrit Cole,,,3313,Yankee Stadium,day,R
661627,2022-05-07,2022,NYM,PHI,121,143,0,0,0,0,9,0,453286.0,Max Scherzer,502043.0,Kyle Gibson,,,2681,Citizens Bank Park,day,R
661349,2022-05-07,2022,KC,BAL,118,110,0,0,0,0,9,0,672578.0,Carlos Hernández,543475.0,Jordan Lyles,,,2,Oriole Park at Camden Yards,night,R
663278,2022-05-08,2022,CWS,BOS,145,111,3,2,5,0,9,0,572971.0,Dallas Keuchel,656557.0,Tanner Houck,572971.0,656557.0,3,Fenway Park,day,R
661626,2022-05-08,2022,NYM,PHI,121,143,2,3,5,1,9,0,453286.0,Max Scherzer,502043.0,Kyle Gibson,502043.0,453286.0,2681,Citizens Bank Park,day,R
661627,2022-05-08,2022,NYM,PHI,121,143,6,1,7,0,9,0,605135.0,Chris Bassitt,650911.0,Cristopher Sánchez,605135.0,650911.0,2681,Citizens Bank Park,day,R
661307,2022-05-08,2022,KC,BAL,118,110,6,4,10,0,9,0,425844.0,Zack Greinke,543475.0,Jordan Lyles,664199.0,605347.0,2,Oriole Park at Camden Yards,day,R
661345,2022-05-08,2022,KC,BAL,118,110,2,4,6,1,9,0,663738.0,Daniel Lynch IV,669145.0,Bruce Zimmermann,669145.0,663738.0,2,Oriole Park at Camden Yards,day,R
661302,2022-05-08,2022,TEX,NYY,140,147,1,2,3,1,9,0,641540.0,Dane Dunning,543037.0,Gerrit Cole,605280.0,667463.0,3313,Yankee Stadium,day,R
661304,2022-05-08,2022,TEX,NYY,140,147,4,2,6,0,9,0,657248.0,Glenn Otto Jr.,656756.0,Jordan Montgomery,572070.0,650633.0,3313,Yankee Stadium,day,R
661550,2022-05-08,2022,MIL,ATL,158,144,2,9,11,1,9,0,676879.0,Aaron Ashby,450203.0,Charlie Morton,450203.0,676879.0,4705,Truist Park,day,R
663069,2022-05-08,2022,PIT,CIN,134,113,3,7,10,1,9,0,605507.0,Zach Thompson,641816.0,Tyler Mahle,605521.0,596071.0,2602,Great American Ball Park,day,R
663086,2022-05-08,2022,TOR,CLE,141,114,3,4,7,1,9,0,666201.0,Alek Manoah,663455.0,Konnor Pilkington,543766.0,643256.0,5,Progressive Field,day,R
662795,2022-05-08,2022,DET,HOU,116,117,0,5,5,1,9,0,503449.0,Wily Peralta,543606.0,Jake Odorizzi,543606.0,571800.0,2392,Minute Maid Park,day,R
661700,2022-05-08,2022,OAK,MIN,133,142,3,4,7,1,9,0,641726.0,Daulton Jefferies,663978.0,Chris Paddack,664054.0,641726.0,3312,Target Field,day,R
662098,2022-05-08,2022,STL,SF,138,137,3,4,7,1,9,0,641712.0,Dakota Hudson,596001.0,Jakob Junis,608678.0,650893.0,2395,Oracle Park,day,R
663429,2022-05-08,2022,WSH,LAA,120,108,4,5,9,1,9,0,607200.0,Erick Fedde,663776.0,Patrick Sandoval,642545.0,663432.0,1,Angel Stadium,day,R
663368,2022-05-08,2022,COL,ARI,115,109,0,4,4,1,9,0,608566.0,Germán Márquez,668678.0,Zac Gallen,668678.0,608566.0,15,Chase Field,day,R
662160,2022-05-08,2022,TB,SEA,139,136,1,2,3,1,10,1,642232.0,Ryan Yarbrough,669923.0,George Kirby,623149.0,605538.0,680,T-Mobile Park,day,R
662260,2022-05-08,2022,MIA,SD,146,135,2,3,5,1,9,0,669432.0,Trevor Rogers,605397.0,Joe Musgrove,663158.0,642121.0,2680,Petco Park,day,R
663161,2022-05-08,2022,LAD,CHC,119,112,7,1,8,0,9,0,621111.0,Walker Buehler,657006.0,Justin Steele,621111.0,657006.0,17,Wrigley Field,night,R
661349,2022-05-09,2022,KC,BAL,118,110,1,6,7,1,9,0,672578.0,Carlos Hernández,669330.0,Tyler Wells,669330.0,672578.0,2,Oriole Park at Camden Yards,day,R
661303,2022-05-09,2022,TEX,NYY,140,147,0,1,1,1,9,0,592351.0,Jon Gray,641482.0,Nestor Cortes,605280.0,656685.0,3313,Yankee Stadium,day,R
662287,2022-05-09,2022,LAD,PIT,119,134,1,5,6,1,9,0,628711.0,Julio Urías,500779.0,Jose Quintana,500779.0,628711.0,31,PNC Park,night,R
663101,2022-05-09,2022,MIL,CIN,158,113,5,10,15,1,9,0,605540.0,Brandon Woodruff,622491.0,Luis Castillo,570666.0,605540.0,2602,Great American Ball Park,night,R
662837,2022-05-09,2022,OAK,DET,133,116,2,0,2,0,9,0,621112.0,Paul Blackburn,501381.0,Michael Pineda,621112.0,501381.0,2394,Comerica Park,night,R
661525,2022-05-10,2022,CLE,CWS,114,145,12,9,21,0,11,1,668676.0,Zach Plesac,656629.0,Michael Kopech,661403.0,621114.0,4,Guaranteed Rate Field,night,R
663438,2022-05-10,2022,TB,LAA,139,108,3,11,14,1,9,0,605488.0,Jeffrey Springs,592789.0,Noah Syndergaard,592789.0,605488.0,1,Angel Stadium,night,R
662259,2022-05-10,2022,CHC,SD,112,135,6,0,6,0,9,0,543294.0,Kyle Hendricks,669022.0,MacKenzie Gore,543294.0,669022.0,2680,Petco Park,night,R
662158,2022-05-10,2022,PHI,SEA,143,136,9,0,9,0,9,0,624133.0,Ranger Suárez,623167.0,Chris Flexen,624133.0,623167.0,680,T-Mobile Park,night,R
663366,2022-05-10,2022,MIA,ARI,146,109,3,4,7,1,9,0,622694.0,Elieser Hernández,528748.0,Humberto Castellanos,669459.0,622694.0,15,Chase Field,night,R
662097,2022-05-10,2022,COL,SF,115,137,5,8,13,1,9,0,596295.0,Austin Gomber,607074.0,Carlos Rodón,607074.0,596295.0,2395,Oracle Park,night,R
662412,2022-05-10,2022,DET,OAK,116,133,6,0,6,0,9,0,669373.0,Tarik Skubal,593423.0,Frankie Montas,669373.0,593423.0,2394,Comerica Park,day,R
662855,2022-05-10,2022,OAK,DET,133,116,4,1,5,0,9,0,661309.0,Adrián Martinez,656412.0,Alex Faedo,661309.0,656412.0,2394,Comerica Park,day,R
662292,2022-05-10,2022,LAD,PIT,119,134,11,1,12,0,9,0,664062.0,Tony Gonsolin,669060.0,Bryse Wilson,664062.0,669060.0,31,PNC Park,night,R
663090,2022-05-10,2022,MIL,CIN,158,113,5,4,9,0,9,0,642547.0,Freddy Peralta,668881.0,Hunter Greene,642547.0,668881.0,2602,Great American Ball Park,night,R
662537,2022-05-10,2022,NYM,WSH,121,120,4,2,6,0,9,0,471911.0,Carlos Carrasco,571578.0,Patrick Corbin,471911.0,605218.0,3309,Nationals Park,night,R
661301,2022-05-10,2022,TOR,NYY,141,147,5,6,11,1,9,0,579328.0,Yusei Kikuchi,622663.0,Luis Severino,593974.0,605447.0,3313,Yankee Stadium,night,R
661549,2022-05-10,2022,BOS,ATL,111,144,9,4,13,0,9,0,676477.0,Garrett Whitlock,657140.0,Kyle Wright,641501.0,657140.0,4705,Truist Park,night,R
661696,2022-05-10,2022,HOU,MIN,117,142,5,0,5,0,9,0,434378.0,Justin Verlander,657746.0,Joe Ryan,434378.0,657746.0,3312,Target Field,night,R
661987,2022-05-10,2022,BAL,STL,110,138,5,3,8,0,9,0,680694.0,Kyle Bradish,676050.0,Packy Naughton,680694.0,676050.0,2889,Busch Stadium,night,R
662016,2022-05-11,2022,KC,TEX,118,140,4,6,10,1,9,0,641745.0,Brad Keller,527048.0,Martín Pérez,527048.0,641745.0,5325,Globe Life Field,night,R
661524,2022-05-11,2022,CLE,CWS,114,145,1,4,5,1,9,0,615698.0,Cal Quantrill,608337.0,Lucas Giolito,608337.0,615698.0,4,Guaranteed Rate Field,night,R
663416,2022-05-11,2022,TB,LAA,139,108,0,12,12,1,9,0,446372.0,Corey Kluber,672282.0,Reid Detmers,672282.0,446372.0,1,Angel Stadium,night,R
662258,2022-05-11,2022,CHC,SD,112,135,4,5,9,1,9,0,489119.0,Wade Miley,605182.0,Mike Clevinger,621051.0,607229.0,2680,Petco Park,night,R
662157,2022-05-11,2022,PHI,SEA,143,136,4,5,9,1,9,0,605400.0,Aaron Nola,592662.0,Robbie Ray,592662.0,605400.0,680,T-Mobile Park,night,R
663350,2022-05-11,2022,MIA,ARI,146,109,3,9,12,1,9,0,666200.0,Jesús Luzardo,518516.0,Madison Bumgarner,518516.0,666200.0,15,Chase Field,night,R
662096,2022-05-11,2022,COL,SF,115,137,2,9,11,1,9,0,622608.0,Antonio Senzatela,622072.0,Alex Wood,622072.0,622608.0,2395,Oracle Park,night,R
662385,2022-05-11,2022,LAD,PIT,119,134,3,5,8,1,9,0,686752.0,Ryan Pepiot,596071.0,Dillon Peters,640444.0,543339.0,31,PNC Park,day,R
661300,2022-05-11,2022,TOR,NYY,141,147,3,5,8,1,9,0,621244.0,José Berríos,592791.0,Jameson Taillon,592791.0,621244.0,3313,Yankee Stadium,day,R
663074,2022-05-11,2022,MIL,CIN,158,113,11,14,25,1,9,0,605288.0,Adrian Houser,661269.0,Vladimir Gutierrez,664747.0,605288.0,2602,Great American Ball Park,day,R
662176,2022-05-11,2022,PHI,SEA,143,136,4,2,6,0,9,0,663559.0,Bailey Falter,669302.0,Logan Gilbert,622554.0,669302.0,680,T-Mobile Park,day,R
663358,2022-05-11,2022,MIA,ARI,146,109,11,3,14,0,9,0,645261.0,Sandy Alcantara,518876.0,Merrill Kelly,542914.0,453343.0,15,Chase Field,day,R
662095,2022-05-11,2022,COL,SF,115,137,1,7,8,1,9,0,641771.0,Chad Kuhl,502171.0,Alex Cobb,502171.0,641771.0,2395,Oracle Park,day,R
662273,2022-05-11,2022,CHC,SD,112,135,7,5,12,0,9,0,624522.0,Keegan Thompson,607259.0,Nick Martinez,571710.0,472610.0,2680,Petco Park,day,R
662526,2022-05-11,2022,NYM,WSH,121,120,3,8,11,1,9,0,656731.0,Tylor Megill,592717.0,Aaron Sanchez,592717.0,656731.0,3309,Nationals Park,night,R
663450,2022-05-11,2022,TB,LAA,139,108,4,2,6,0,10,1,663556.0,Shane McClanahan,660271.0,Shohei Ohtani,656420.0,571901.0,1,Angel Stadium,day,R
662873,2022-05-11,2022,OAK,DET,133,116,9,0,9,0,9,0,656657.0,Zach Logue,666214.0,Joey Wentz,656657.0,666214.0,2394,Comerica Park,night,R
661548,2022-05-11,2022,BOS,ATL,111,144,3,5,8,1,9,0,543135.0,Nathan Eovaldi,666120.0,Ian Anderson,445276.0,518489.0,4705,Truist Park,night,R
661702,2022-05-11,2022,HOU,MIN,117,142,11,3,14,0,9,0,664353.0,José Urquidy,502042.0,Chris Archer,650556.0,502042.0,3312,Target Field,night,R
662006,2022-05-11,2022,BAL,STL,110,138,1,10,11,1,9,0,657093.0,Spenser Watkins,571945.0,Miles Mikolas,571945.0,657093.0,2889,Busch Stadium,night,R
661899,2022-05-12,2022,KC,TEX,118,140,8,2,10,0,9,0,642100.0,Gabe Speier,456713.0,Matt Bush,606303.0,663465.0,5325,Globe Life Field,night,R
661523,2022-05-11,2022,CLE,CWS,114,145,0,0,0,0,9,0,650644.0,Aaron Civale,592826.0,Vince Velasquez,,,4,Guaranteed Rate Field,day,R
662548,2022-05-12,2022,NYM,WSH,121,120,4,1,5,0,9,0,592836.0,Taijuan Walker,672851.0,Joan Adon,592836.0,672851.0,3309,Nationals Park,day,R
662872,2022-05-12,2022,OAK,DET,133,116,5,3,8,0,9,0,621076.0,James Kaprielian,689225.0,Beau Brieske,640462.0,605242.0,2394,Comerica Park,day,R
661702,2022-05-12,2022,HOU,MIN,117,142,11,3,14,0,9,0,664353.0,José Urquidy,502042.0,Chris Archer,650556.0,502042.0,3312,Target Field,day,R
662005,2022-05-12,2022,BAL,STL,110,138,3,2,5,0,9,0,641329.0,Bryan Baker,571927.0,Steven Matz,669211.0,571927.0,2889,Busch Stadium,day,R
661694,2022-05-12,2022,HOU,MIN,117,142,5,0,5,0,9,0,677651.0,Luis Garcia,680739.0,Josh Winder,677651.0,680739.0,3312,Target Field,day,R
662372,2022-05-12,2022,CIN,PIT,113,134,4,0,4,0,9,0,656818.0,Connor Overton,664141.0,JT Brubaker,656818.0,664141.0,31,PNC Park,night,R
661883,2022-05-13,2022,KC,TEX,118,140,1,3,4,1,9,0,669169.0,Jonathan Heasley,621368.0,Taylor Hearn,621368.0,669169.0,5325,Globe Life Field,night,R
661519,2022-05-13,2022,NYY,CWS,147,145,15,7,22,0,9,0,661563.0,Luis Gil,656302.0,Dylan Cease,642528.0,523260.0,4,Guaranteed Rate Field,night,R
662706,2022-05-13,2022,PHI,LAD,143,119,9,7,16,0,9,0,554430.0,Zack Wheeler,542881.0,Tyler Anderson,571479.0,543339.0,22,Dodger Stadium,night,R
662494,2022-05-13,2022,CIN,PIT,113,134,8,2,10,0,9,0,641816.0,Tyler Mahle,656605.0,Mitch Keller,641816.0,656605.0,31,PNC Park,night,R
661361,2022-05-13,2022,MIL,MIA,158,146,2,1,3,0,9,0,669203.0,Corbin Burnes,641154.0,Pablo López,642207.0,656945.0,4169,loanDepot park,night,R
662525,2022-05-13,2022,HOU,WSH,117,120,6,1,7,0,9,0,664285.0,Framber Valdez,680686.0,Josiah Gray,664285.0,680686.0,3309,Nationals Park,night,R
662851,2022-05-13,2022,BAL,DET,110,116,2,4,6,1,9,0,543475.0,Jordan Lyles,593958.0,Eduardo Rodriguez,593958.0,543475.0,2394,Comerica Park,night,R
662523,2022-05-13,2022,SEA,NYM,136,121,2,1,3,0,9,0,594835.0,Marco Gonzales,453286.0,Max Scherzer,623149.0,622098.0,3289,Citi Field,night,R
661904,2022-05-13,2022,TOR,TB,141,139,2,5,7,1,9,0,592332.0,Kevin Gausman,656876.0,Drew Rasmussen,552640.0,592332.0,12,Tropicana Field,night,R
661547,2022-05-13,2022,SD,ATL,135,144,11,6,17,0,9,0,506433.0,Yu Darvish,608331.0,Max Fried,472610.0,519293.0,4705,Truist Park,night,R
661882,2022-05-14,2022,BOS,TEX,111,140,7,1,8,0,9,0,601713.0,Nick Pivetta,641540.0,Dane Dunning,601713.0,641540.0,5325,Globe Life Field,night,R
661698,2022-05-14,2022,CLE,MIN,114,142,8,12,20,1,9,0,650644.0,Aaron Civale,543243.0,Sonny Gray,643377.0,650644.0,3312,Target Field,night,R
661491,2022-05-14,2022,NYY,CWS,147,145,10,4,14,0,9,0,543037.0,Gerrit Cole,592826.0,Vince Velasquez,543037.0,592826.0,4,Guaranteed Rate Field,night,R
661986,2022-05-14,2022,SF,STL,137,138,8,2,10,0,9,0,657277.0,Logan Webb,663855.0,Jordan Hicks,657277.0,663855.0,2889,Busch Stadium,night,R
663012,2022-05-14,2022,KC,COL,118,115,14,10,24,0,9,0,425844.0,Zack Greinke,607536.0,Kyle Freeland,669395.0,607536.0,19,Coors Field,night,R
663349,2022-05-14,2022,CHC,ARI,112,109,3,4,7,1,9,0,592767.0,Drew Smyly,605200.0,Zach Davies,605200.0,592767.0,15,Chase Field,night,R
662381,2022-05-14,2022,LAA,OAK,108,133,2,0,2,0,9,0,681217.0,Chase Silseth,641726.0,Daulton Jefferies,681217.0,641726.0,10,Oakland Coliseum,night,R
662705,2022-05-14,2022,PHI,LAD,143,119,12,10,22,0,10,1,502043.0,Kyle Gibson,621111.0,Walker Buehler,544727.0,660813.0,22,Dodger Stadium,night,R
661985,2022-05-14,2022,SF,STL,137,138,0,4,4,1,9,0,596001.0,Jakob Junis,641712.0,Dakota Hudson,641712.0,596001.0,2889,Busch Stadium,day,R
661546,2022-05-14,2022,SD,ATL,135,144,5,6,11,1,9,0,640455.0,Sean Manaea,450203.0,Charlie Morton,445276.0,621051.0,4705,Truist Park,day,R
662379,2022-05-14,2022,LAA,OAK,108,133,3,4,7,1,9,0,646242.0,Jhonathan Díaz,621112.0,Paul Blackburn,642152.0,628452.0,10,Oakland Coliseum,day,R
662399,2022-05-15,2022,LAA,OAK,108,133,9,1,10,0,9,0,547179.0,Michael Lorenzen,670124.0,Adam Oller,547179.0,670124.0,10,Oakland Coliseum,night,R
662844,2022-05-14,2022,BAL,DET,110,116,0,3,3,1,9,0,669145.0,Bruce Zimmermann,501381.0,Michael Pineda,503449.0,669145.0,2394,Comerica Park,day,R
661903,2022-05-14,2022,TOR,TB,141,139,5,1,6,0,9,0,547943.0,Hyun Jin Ryu,642232.0,Ryan Yarbrough,641835.0,657044.0,12,Tropicana Field,night,R
661414,2022-05-14,2022,MIL,MIA,158,146,3,9,12,1,9,0,641778.0,Eric Lauer,669432.0,Trevor Rogers,669432.0,641778.0,4169,loanDepot park,night,R
662384,2022-05-14,2022,CIN,PIT,113,134,1,3,4,1,9,0,622491.0,Luis Castillo,605507.0,Zach Thompson,605507.0,622491.0,31,PNC Park,night,R
662547,2022-05-14,2022,HOU,WSH,117,120,6,13,19,1,9,0,664299.0,Cristian Javier,607200.0,Erick Fedde,642028.0,664299.0,3309,Nationals Park,night,R
661147,2022-05-14,2022,BOS,TEX,111,140,11,3,14,0,9,0,448179.0,Rich Hill,657248.0,Glenn Otto Jr.,448179.0,657248.0,5325,Globe Life Field,night,R
662568,2022-05-14,2022,SEA,NYM,136,121,4,5,9,1,9,0,669923.0,George Kirby,605135.0,Chris Bassitt,493603.0,662253.0,3289,Citi Field,night,R
661695,2022-05-14,2022,CLE,MIN,114,142,3,2,5,0,10,1,669456.0,Shane Bieber,656970.0,Devin Smeltzer,680704.0,605194.0,3312,Target Field,night,R
661490,2022-05-14,2022,NYY,CWS,147,145,2,3,5,1,9,0,656756.0,Jordan Montgomery,572971.0,Dallas Keuchel,521230.0,547973.0,4,Guaranteed Rate Field,night,R
663348,2022-05-15,2022,CHC,ARI,112,109,4,2,6,0,9,0,543294.0,Kyle Hendricks,668678.0,Zac Gallen,571710.0,453343.0,15,Chase Field,night,R
663011,2022-05-15,2022,KC,COL,118,115,4,10,14,1,9,0,672578.0,Carlos Hernández,608566.0,Germán Márquez,608566.0,672578.0,19,Coors Field,night,R
662704,2022-05-15,2022,PHI,LAD,143,119,8,3,11,0,9,0,624133.0,Ranger Suárez,628711.0,Julio Urías,624133.0,628711.0,22,Dodger Stadium,night,R
661545,2022-05-15,2022,SD,ATL,135,144,7,3,10,0,11,1,605397.0,Joe Musgrove,657140.0,Kyle Wright,622503.0,623451.0,4705,Truist Park,day,R
662528,2022-05-15,2022,HOU,WSH,117,120,8,0,8,0,9,0,434378.0,Justin Verlander,571578.0,Patrick Corbin,434378.0,571578.0,3309,Nationals Park,day,R
662519,2022-05-15,2022,CIN,PIT,113,134,0,1,1,1,9,0,668881.0,Hunter Greene,500779.0,Jose Quintana,608717.0,668881.0,31,PNC Park,day,R
662843,2022-05-15,2022,BAL,DET,110,116,1,5,6,1,9,0,669330.0,Tyler Wells,669373.0,Tarik Skubal,669373.0,669330.0,2394,Comerica Park,day,R
662567,2022-05-15,2022,SEA,NYM,136,121,8,7,15,0,9,0,592662.0,Robbie Ray,471911.0,Carlos Carrasco,592662.0,592741.0,3289,Citi Field,day,R
661902,2022-05-15,2022,TOR,TB,141,139,0,3,3,1,9,0,666201.0,Alek Manoah,605488.0,Jeffrey Springs,605538.0,666201.0,12,Tropicana Field,day,R
661403,2022-05-15,2022,MIL,MIA,158,146,7,3,10,0,9,0,605540.0,Brandon Woodruff,622694.0,Elieser Hernández,605540.0,622694.0,4169,loanDepot park,day,R
661732,2022-05-15,2022,CLE,MIN,114,142,1,3,4,1,9,0,663474.0,Triston McKenzie,657746.0,Joe Ryan,657746.0,663474.0,3312,Target Field,day,R
661489,2022-05-15,2022,NYY,CWS,147,145,5,1,6,0,9,0,641482.0,Nestor Cortes,656629.0,Michael Kopech,641482.0,656629.0,4,Guaranteed Rate Field,day,R
661146,2022-05-15,2022,BOS,TEX,111,140,1,7,8,1,9,0,656354.0,Austin Davis,527048.0,Martín Pérez,527048.0,518489.0,5325,Globe Life Field,day,R
663010,2022-05-15,2022,KC,COL,118,115,8,7,15,0,9,0,663738.0,Daniel Lynch IV,596295.0,Austin Gomber,622251.0,453268.0,19,Coors Field,day,R
662380,2022-05-15,2022,LAA,OAK,108,133,4,1,5,0,9,0,663776.0,Patrick Sandoval,593423.0,Frankie Montas,663776.0,593423.0,10,Oakland Coliseum,day,R
663367,2022-05-15,2022,CHC,ARI,112,109,3,2,5,0,9,0,657006.0,Justin Steele,528748.0,Humberto Castellanos,664123.0,453178.0,15,Chase Field,day,R
662696,2022-05-15,2022,PHI,LAD,143,119,4,5,9,1,9,0,605400.0,Aaron Nola,675627.0,Michael Grove,572888.0,608349.0,22,Dodger Stadium,day,R
661984,2022-05-15,2022,SF,STL,137,138,6,15,21,1,9,0,607074.0,Carlos Rodón,425794.0,Adam Wainwright,425794.0,607074.0,2889,Busch Stadium,night,R
661961,2022-05-16,2022,DET,TB,116,139,3,2,5,0,9,0,656412.0,Alex Faedo,446372.0,Corey Kluber,605242.0,552640.0,12,Tropicana Field,night,R
661402,2022-05-16,2022,WSH,MIA,120,146,2,8,10,1,9,0,592717.0,Aaron Sanchez,645261.0,Sandy Alcantara,645261.0,592717.0,4169,loanDepot park,night,R
661308,2022-05-16,2022,NYY,BAL,147,110,6,2,8,0,9,0,622663.0,Luis Severino,680694.0,Kyle Bradish,622663.0,680694.0,2,Oriole Park at Camden Yards,night,R
661794,2022-05-16,2022,SEA,TOR,136,141,2,6,8,1,9,0,623167.0,Chris Flexen,579328.0,Yusei Kikuchi,579328.0,623167.0,14,Rogers Centre,night,R
663275,2022-05-16,2022,HOU,BOS,117,111,3,6,9,1,9,0,543606.0,Jake Odorizzi,676477.0,Garrett Whitlock,621381.0,593576.0,3,Fenway Park,night,R
663151,2022-05-16,2022,PIT,CHC,134,112,0,9,9,1,9,0,596071.0,Dillon Peters,489119.0,Wade Miley,489119.0,596071.0,17,Wrigley Field,night,R
661212,2022-05-16,2022,ATL,MIL,144,158,0,1,1,1,9,0,666120.0,Ian Anderson,642547.0,Freddy Peralta,642547.0,666120.0,32,American Family Field,night,R
661145,2022-05-17,2022,LAA,TEX,108,140,4,7,11,1,9,0,592789.0,Noah Syndergaard,592351.0,Jon Gray,592351.0,592789.0,5325,Globe Life Field,night,R
662728,2022-05-17,2022,CWS,KC,145,118,5,3,8,0,10,1,456501.0,Johnny Cueto,641745.0,Brad Keller,621114.0,605130.0,7,Kauffman Stadium,night,R
663005,2022-05-17,2022,SF,COL,137,115,7,6,13,0,9,0,622072.0,Alex Wood,622608.0,Antonio Senzatela,605154.0,453268.0,19,Coors Field,night,R
662378,2022-05-17,2022,MIN,OAK,142,133,3,1,4,0,9,0,502042.0,Chris Archer,656657.0,Zach Logue,666974.0,656657.0,10,Oakland Coliseum,night,R
662695,2022-05-17,2022,ARI,LAD,109,119,4,5,9,1,9,0,518516.0,Madison Bumgarner,664062.0,Tony Gonsolin,664062.0,518516.0,22,Dodger Stadium,night,R
662566,2022-05-16,2022,STL,NYM,138,121,0,0,0,0,9,0,571945.0,Miles Mikolas,592866.0,Trevor Williams,,,3289,Citi Field,night,R
662780,2022-05-17,2022,CWS,KC,145,118,3,0,3,0,9,0,656302.0,Dylan Cease,669169.0,Jonathan Heasley,656302.0,669169.0,7,Kauffman Stadium,day,R
662727,2022-05-17,2022,CWS,KC,145,118,1,2,3,1,9,0,663436.0,Davis Martin,663903.0,Brady Singer,663903.0,663436.0,7,Kauffman Stadium,night,R
662628,2022-05-17,2022,ARI,LAD,109,119,6,7,13,1,9,0,656457.0,Tyler Gilbert,686752.0,Ryan Pepiot,669952.0,656457.0,22,Dodger Stadium,day,R
662697,2022-05-18,2022,ARI,LAD,109,119,3,12,15,1,9,0,518876.0,Merrill Kelly,542881.0,Tyler Anderson,542881.0,518876.0,22,Dodger Stadium,night,R
662507,2022-05-17,2022,STL,NYM,138,121,1,3,4,1,9,0,571945.0,Miles Mikolas,592866.0,Trevor Williams,596082.0,571945.0,3289,Citi Field,day,R
662566,2022-05-17,2022,STL,NYM,138,121,4,3,7,0,9,0,571927.0,Steven Matz,592836.0,Taijuan Walker,664854.0,570257.0,3289,Citi Field,day,R
663032,2022-05-17,2022,CIN,CLE,113,114,5,4,9,0,10,1,656818.0,Connor Overton,668676.0,Zach Plesac,605521.0,680704.0,5,Progressive Field,night,R
662053,2022-05-17,2022,DET,TB,116,139,1,8,9,1,9,0,689225.0,Beau Brieske,663556.0,Shane McClanahan,663556.0,689225.0,12,Tropicana Field,night,R
661401,2022-05-17,2022,WSH,MIA,120,146,1,5,6,1,9,0,672851.0,Joan Adon,547001.0,Cody Poteet,669622.0,672851.0,4169,loanDepot park,night,R
661625,2022-05-17,2022,SD,PHI,135,143,3,0,3,0,9,0,605182.0,Mike Clevinger,621107.0,Zach Eflin,605182.0,621107.0,2681,Citizens Bank Park,night,R
661342,2022-05-17,2022,NYY,BAL,147,110,5,4,9,0,9,0,592791.0,Jameson Taillon,657093.0,Spenser Watkins,592791.0,622253.0,2,Oriole Park at Camden Yards,night,R
661765,2022-05-17,2022,SEA,TOR,136,141,0,3,3,1,9,0,669302.0,Logan Gilbert,621244.0,José Berríos,621244.0,669302.0,14,Rogers Centre,night,R
663271,2022-05-17,2022,HOU,BOS,117,111,13,4,17,0,9,0,664353.0,José Urquidy,543135.0,Nathan Eovaldi,664353.0,543135.0,3,Fenway Park,night,R
663157,2022-05-17,2022,PIT,CHC,134,112,0,7,7,1,9,0,664141.0,JT Brubaker,624522.0,Keegan Thompson,624522.0,664141.0,17,Wrigley Field,night,R
661196,2022-05-17,2022,ATL,MIL,144,158,3,0,3,0,9,0,656353.0,Tucker Davidson,605288.0,Adrian Houser,656353.0,605288.0,32,American Family Field,night,R
661126,2022-05-18,2022,LAA,TEX,108,140,5,10,15,1,9,0,672282.0,Reid Detmers,621368.0,Taylor Hearn,642701.0,572193.0,5325,Globe Life Field,night,R
663004,2022-05-18,2022,SF,COL,137,115,10,7,17,0,9,0,502171.0,Alex Cobb,641771.0,Chad Kuhl,502171.0,641771.0,19,Coors Field,night,R
662370,2022-05-18,2022,MIN,OAK,142,133,2,5,7,1,9,0,605164.0,Dylan Bundy,621076.0,James Kaprielian,667427.0,680739.0,10,Oakland Coliseum,night,R
662054,2022-05-18,2022,DET,TB,116,139,1,6,7,1,9,0,593958.0,Eduardo Rodriguez,656876.0,Drew Rasmussen,656876.0,593958.0,12,Tropicana Field,day,R
661202,2022-05-18,2022,ATL,MIL,144,158,6,7,13,1,11,1,608331.0,Max Fried,669203.0,Corbin Burnes,665001.0,445926.0,32,American Family Field,day,R
663003,2022-05-18,2022,SF,COL,137,115,3,5,8,1,9,0,657277.0,Logan Webb,607536.0,Kyle Freeland,641755.0,501625.0,19,Coors Field,day,R
662377,2022-05-18,2022,MIN,OAK,142,133,14,4,18,0,9,0,543243.0,Sonny Gray,641726.0,Daulton Jefferies,543243.0,641726.0,10,Oakland Coliseum,day,R
662744,2022-05-18,2022,ARI,LAD,109,119,3,5,8,1,9,0,605200.0,Zach Davies,621111.0,Walker Buehler,621111.0,605200.0,22,Dodger Stadium,day,R
663270,2022-05-18,2022,HOU,BOS,117,111,1,5,6,1,9,0,677651.0,Luis Garcia,601713.0,Nick Pivetta,601713.0,677651.0,3,Fenway Park,night,R
661400,2022-05-18,2022,WSH,MIA,120,146,5,4,9,0,10,1,680686.0,Josiah Gray,641154.0,Pablo López,663432.0,641447.0,4169,loanDepot park,night,R
661624,2022-05-18,2022,SD,PHI,135,143,0,3,3,1,9,0,605483.0,Blake Snell,554430.0,Zack Wheeler,554430.0,605483.0,2681,Citizens Bank Park,night,R
661344,2022-05-18,2022,NYY,BAL,147,110,3,2,5,0,9,0,543037.0,Gerrit Cole,543475.0,Jordan Lyles,543037.0,543475.0,2,Oriole Park at Camden Yards,night,R
661767,2022-05-18,2022,SEA,TOR,136,141,5,1,6,0,9,0,594835.0,Marco Gonzales,592332.0,Kevin Gausman,594835.0,592332.0,14,Rogers Centre,night,R
662554,2022-05-18,2022,STL,NYM,138,121,4,11,15,1,9,0,663855.0,Jordan Hicks,453286.0,Max Scherzer,453286.0,673904.0,3289,Citi Field,night,R
663156,2022-05-18,2022,PIT,CHC,134,112,3,2,5,0,9,0,640444.0,Wil Crowe,592767.0,Drew Smyly,656605.0,592767.0,17,Wrigley Field,night,R
661125,2022-05-19,2022,LAA,TEX,108,140,5,6,11,1,10,1,660271.0,Shohei Ohtani,641540.0,Dane Dunning,642701.0,628452.0,5325,Globe Life Field,night,R
662726,2022-05-19,2022,CWS,KC,145,118,2,6,8,1,9,0,608337.0,Lucas Giolito,425844.0,Zack Greinke,676092.0,625643.0,7,Kauffman Stadium,night,R
663043,2022-05-18,2022,CIN,CLE,113,114,0,0,0,0,9,0,641816.0,Tyler Mahle,615698.0,Cal Quantrill,,,5,Progressive Field,night,R
661347,2022-05-19,2022,NYY,BAL,147,110,6,9,15,1,9,0,656756.0,Jordan Montgomery,669145.0,Bruce Zimmermann,642585.0,476595.0,2,Oriole Park at Camden Yards,day,R
661623,2022-05-19,2022,SD,PHI,135,143,2,0,2,0,9,0,506433.0,Yu Darvish,502043.0,Kyle Gibson,506433.0,502043.0,2681,Citizens Bank Park,day,R
663043,2022-05-19,2022,CIN,CLE,113,114,4,2,6,0,9,0,641816.0,Tyler Mahle,615698.0,Cal Quantrill,570666.0,663986.0,5,Progressive Field,day,R
662520,2022-05-19,2022,STL,NYM,138,121,6,7,13,1,10,1,641712.0,Dakota Hudson,605135.0,Chris Bassitt,670059.0,606149.0,3289,Citi Field,day,R
662715,2022-05-19,2022,CWS,KC,145,118,7,4,11,0,9,0,592826.0,Vince Velasquez,672578.0,Carlos Hernández,656986.0,642100.0,7,Kauffman Stadium,day,R
663269,2022-05-19,2022,SEA,BOS,136,111,6,12,18,1,9,0,669923.0,George Kirby,448179.0,Rich Hill,656557.0,669923.0,3,Fenway Park,night,R
663193,2022-05-19,2022,ARI,CHC,109,112,3,1,4,0,9,0,668678.0,Zac Gallen,573186.0,Marcus Stroman,668678.0,573186.0,17,Wrigley Field,night,R
662778,2022-05-20,2022,TEX,HOU,140,117,1,5,6,1,9,0,657248.0,Glenn Otto Jr.,664285.0,Framber Valdez,664285.0,657248.0,2392,Minute Maid Park,night,R
663143,2022-05-20,2022,ARI,CHC,109,112,10,6,16,0,9,0,528748.0,Humberto Castellanos,543294.0,Kyle Hendricks,528748.0,543294.0,17,Wrigley Field,day,R
662506,2022-05-20,2022,STL,PIT,138,134,5,3,8,0,9,0,425794.0,Adam Wainwright,605507.0,Zach Thompson,425794.0,605507.0,31,PNC Park,night,R
661339,2022-05-20,2022,ATL,MIA,144,146,5,3,8,0,9,0,450203.0,Charlie Morton,669432.0,Trevor Rogers,450203.0,669432.0,4169,loanDepot park,night,R
661348,2022-05-20,2022,TB,BAL,139,110,6,8,14,1,13,1,656222.0,Jalen Beeks,669330.0,Tyler Wells,663989.0,621248.0,2,Oriole Park at Camden Yards,night,R
661632,2022-05-20,2022,LAD,PHI,119,143,4,1,5,0,9,0,628711.0,Julio Urías,624133.0,Ranger Suárez,628711.0,624133.0,2681,Citizens Bank Park,night,R
661766,2022-05-20,2022,CIN,TOR,113,141,1,2,3,1,9,0,622491.0,Luis Castillo,547943.0,Hyun Jin Ryu,547943.0,622491.0,14,Rogers Centre,night,R
663135,2022-05-20,2022,DET,CLE,116,114,1,6,7,1,9,0,669373.0,Tarik Skubal,650644.0,Aaron Civale,650644.0,606930.0,5,Progressive Field,night,R
663268,2022-05-20,2022,SEA,BOS,136,111,3,7,10,1,9,0,592662.0,Robbie Ray,608379.0,Michael Wacha,656354.0,592662.0,3,Fenway Park,night,R
662764,2022-05-21,2022,TEX,HOU,140,117,3,0,3,0,9,0,527048.0,Martín Pérez,664299.0,Cristian Javier,527048.0,664299.0,2392,Minute Maid Park,night,R
662714,2022-05-21,2022,MIN,KC,142,118,6,4,10,0,9,0,656970.0,Devin Smeltzer,663738.0,Daniel Lynch IV,656970.0,663738.0,7,Kauffman Stadium,night,R
661195,2022-05-21,2022,WSH,MIL,120,158,0,7,7,1,9,0,607200.0,Erick Fedde,641778.0,Eric Lauer,641778.0,607200.0,32,American Family Field,night,R
663449,2022-05-21,2022,OAK,LAA,133,108,4,2,6,0,9,0,621112.0,Paul Blackburn,681217.0,Chase Silseth,594580.0,681217.0,1,Angel Stadium,night,R
662078,2022-05-21,2022,SD,SF,135,137,8,7,15,0,10,1,640455.0,Sean Manaea,596001.0,Jakob Junis,472610.0,666808.0,2395,Oracle Park,night,R
661290,2022-05-20,2022,CWS,NYY,145,147,0,0,0,0,9,0,572971.0,Dallas Keuchel,641482.0,Nestor Cortes,,,3313,Yankee Stadium,night,R
663002,2022-05-21,2022,NYM,COL,121,115,0,0,0,0,9,0,471911.0,Carlos Carrasco,608566.0,Germán Márquez,,,19,Coors Field,night,R
661289,2022-05-21,2022,CWS,NYY,145,147,5,7,12,1,9,0,572971.0,Dallas Keuchel,641482.0,Nestor Cortes,641482.0,572971.0,3313,Yankee Stadium,day,R
663194,2022-05-21,2022,ARI,CHC,109,112,7,6,13,0,10,1,518516.0,Madison Bumgarner,657006.0,Justin Steele,453178.0,592858.0,17,Wrigley Field,day,R
661793,2022-05-21,2022,CIN,TOR,113,141,1,3,4,1,9,0,668881.0,Hunter Greene,666201.0,Alek Manoah,666201.0,570666.0,14,Rogers Centre,day,R
663002,2022-05-21,2022,NYM,COL,121,115,5,1,6,0,9,0,471911.0,Carlos Carrasco,608566.0,Germán Márquez,471911.0,608566.0,19,Coors Field,day,R
663001,2022-05-22,2022,NYM,COL,121,115,3,11,14,1,9,0,592866.0,Trevor Williams,621389.0,Ty Blach,623485.0,592866.0,19,Coors Field,night,R
662077,2022-05-21,2022,SD,SF,135,137,2,1,3,0,9,0,605397.0,Joe Musgrove,607074.0,Carlos Rodón,605397.0,607074.0,2395,Oracle Park,day,R
663234,2022-05-21,2022,SEA,BOS,136,111,5,6,11,1,9,0,623167.0,Chris Flexen,676477.0,Garrett Whitlock,670167.0,608716.0,3,Fenway Park,day,R
661631,2022-05-21,2022,LAD,PHI,119,143,7,4,11,0,9,0,669952.0,Mitch White,605400.0,Aaron Nola,543339.0,621237.0,2681,Citizens Bank Park,night,R
661399,2022-05-21,2022,ATL,MIA,144,146,4,3,7,0,9,0,657140.0,Kyle Wright,622694.0,Elieser Hernández,657140.0,622694.0,4169,loanDepot park,night,R
662478,2022-05-21,2022,STL,PIT,138,134,5,4,9,0,9,0,669461.0,Matthew Liberatore,500779.0,Jose Quintana,572403.0,500779.0,31,PNC Park,night,R
661291,2022-05-21,2022,TB,BAL,139,110,6,1,7,0,9,0,605488.0,Jeffrey Springs,680694.0,Kyle Bradish,605488.0,680694.0,2,Oriole Park at Camden Yards,night,R
662763,2022-05-21,2022,TEX,HOU,140,117,1,2,3,1,9,0,592351.0,Jon Gray,434378.0,Justin Verlander,434378.0,592351.0,2392,Minute Maid Park,night,R
662713,2022-05-21,2022,MIN,KC,142,118,9,2,11,0,9,0,657746.0,Joe Ryan,641745.0,Brad Keller,657746.0,641745.0,7,Kauffman Stadium,night,R
661280,2022-05-21,2022,WSH,MIL,120,158,1,5,6,1,9,0,571578.0,Patrick Corbin,605540.0,Brandon Woodruff,605540.0,571578.0,32,American Family Field,night,R
663448,2022-05-22,2022,OAK,LAA,133,108,3,5,8,1,9,0,593423.0,Frankie Montas,547179.0,Michael Lorenzen,547179.0,592473.0,1,Angel Stadium,night,R
663123,2022-05-21,2022,DET,CLE,116,114,0,0,0,0,9,0,656412.0,Alex Faedo,669456.0,Shane Bieber,,,5,Progressive Field,night,R
662479,2022-05-22,2022,STL,PIT,138,134,18,4,22,0,9,0,571927.0,Steven Matz,669060.0,Bryse Wilson,667373.0,669060.0,31,PNC Park,day,R
663277,2022-05-22,2022,SEA,BOS,136,111,4,8,12,1,10,1,669302.0,Logan Gilbert,543135.0,Nathan Eovaldi,518617.0,662253.0,3,Fenway Park,day,R
661279,2022-05-22,2022,TB,BAL,139,110,6,7,13,1,11,1,446372.0,Corey Kluber,657093.0,Spenser Watkins,672335.0,643400.0,2,Oriole Park at Camden Yards,day,R
661611,2022-05-22,2022,LAD,PHI,119,143,3,4,7,1,10,1,664062.0,Tony Gonsolin,621107.0,Zach Eflin,608349.0,623465.0,2681,Citizens Bank Park,day,R
661763,2022-05-22,2022,CIN,TOR,113,141,3,2,5,0,9,0,668933.0,Graham Ashcraft,579328.0,Yusei Kikuchi,664747.0,554340.0,14,Rogers Centre,day,R
663120,2022-05-22,2022,DET,CLE,116,114,4,2,6,0,9,0,656412.0,Alex Faedo,669456.0,Shane Bieber,656412.0,669456.0,5,Progressive Field,day,R
661398,2022-05-22,2022,ATL,MIA,144,146,3,4,7,1,9,0,666120.0,Ian Anderson,645261.0,Sandy Alcantara,645261.0,666120.0,4169,loanDepot park,day,R
662857,2022-05-22,2022,TEX,HOU,140,117,2,5,7,1,9,0,621368.0,Taylor Hearn,664353.0,José Urquidy,664353.0,621368.0,2392,Minute Maid Park,day,R
662712,2022-05-22,2022,MIN,KC,142,118,7,6,13,0,9,0,641927.0,Bailey Ober,663903.0,Brady Singer,608648.0,622251.0,7,Kauffman Stadium,day,R
661248,2022-05-22,2022,WSH,MIL,120,158,8,2,10,0,9,0,592717.0,Aaron Sanchez,642547.0,Freddy Peralta,592717.0,642547.0,32,American Family Field,day,R
663150,2022-05-22,2022,ARI,CHC,109,112,4,5,9,1,9,0,518876.0,Merrill Kelly,489119.0,Wade Miley,624522.0,453178.0,17,Wrigley Field,day,R
661288,2022-05-22,2022,CWS,NYY,145,147,3,1,4,0,9,0,456501.0,Johnny Cueto,592791.0,Jameson Taillon,608665.0,547973.0,3313,Yankee Stadium,day,R
661290,2022-05-22,2022,CWS,NYY,145,147,5,0,5,0,9,0,656629.0,Michael Kopech,622663.0,Luis Severino,656629.0,642528.0,3313,Yankee Stadium,night,R
662982,2022-05-22,2022,NYM,COL,121,115,2,0,2,0,9,0,592836.0,Taijuan Walker,596295.0,Austin Gomber,592836.0,596295.0,19,Coors Field,day,R
662076,2022-05-22,2022,SD,SF,135,137,10,1,11,0,9,0,669022.0,MacKenzie Gore,622072.0,Alex Wood,669022.0,622072.0,2395,Oracle Park,day,R
663447,2022-05-22,2022,OAK,LAA,133,108,1,4,5,1,9,0,608344.0,Cole Irvin,663776.0,Patrick Sandoval,663776.0,608344.0,1,Angel Stadium,day,R
662455,2022-05-23,2022,COL,PIT,115,134,1,2,3,1,9,0,641771.0,Chad Kuhl,664141.0,JT Brubaker,670280.0,641755.0,31,PNC Park,night,R
663073,2022-05-23,2022,CHC,CIN,112,113,7,4,11,0,9,0,592767.0,Drew Smyly,661269.0,Vladimir Gutierrez,592767.0,661269.0,2602,Great American Ball Park,night,R
662524,2022-05-23,2022,LAD,WSH,119,120,10,1,11,0,9,0,542881.0,Tyler Anderson,672851.0,Joan Adon,542881.0,672851.0,3309,Nationals Park,night,R
661287,2022-05-23,2022,BAL,NYY,110,147,6,4,10,0,9,0,543475.0,Jordan Lyles,543037.0,Gerrit Cole,543475.0,543037.0,3313,Yankee Stadium,night,R
661544,2022-05-23,2022,PHI,ATL,143,144,7,3,10,0,9,0,554430.0,Zack Wheeler,656353.0,Tucker Davidson,554430.0,656353.0,4705,Truist Park,night,R
661730,2022-05-23,2022,DET,MIN,116,142,4,5,9,1,9,0,660730.0,Elvin Rodríguez,502042.0,Chris Archer,641941.0,605177.0,3312,Target Field,night,R
661999,2022-05-23,2022,TOR,STL,141,138,3,7,10,1,10,1,621244.0,José Berríos,571945.0,Miles Mikolas,650893.0,475479.0,2889,Busch Stadium,night,R
662858,2022-05-24,2022,CLE,HOU,114,117,6,1,7,0,9,0,663474.0,Triston McKenzie,677651.0,Luis Garcia,663474.0,677651.0,2392,Minute Maid Park,night,R
663340,2022-05-24,2022,KC,ARI,118,109,5,9,14,1,9,0,425844.0,Zack Greinke,605200.0,Zach Davies,605525.0,425844.0,15,Chase Field,night,R
662135,2022-05-24,2022,OAK,SEA,133,136,6,7,13,1,9,0,656657.0,Zach Logue,594835.0,Marco Gonzales,594835.0,656657.0,680,T-Mobile Park,night,R
662257,2022-05-24,2022,MIL,SD,158,135,2,3,5,1,10,1,605288.0,Adrian Houser,607259.0,Nick Martinez,472610.0,667376.0,2680,Petco Park,night,R
662075,2022-05-24,2022,NYM,SF,121,137,13,3,16,0,9,0,656849.0,David Peterson,502171.0,Alex Cobb,656849.0,502171.0,2395,Oracle Park,night,R
662454,2022-05-24,2022,COL,PIT,115,134,2,1,3,0,10,1,607536.0,Kyle Freeland,672710.0,Roansy Contreras,453268.0,670280.0,31,PNC Park,night,R
663103,2022-05-24,2022,CHC,CIN,112,113,11,4,15,0,9,0,573186.0,Marcus Stroman,641816.0,Tyler Mahle,573186.0,641816.0,2602,Great American Ball Park,night,R
661978,2022-05-24,2022,MIA,TB,146,139,0,4,4,1,9,0,641154.0,Pablo López,663556.0,Shane McClanahan,663556.0,641154.0,12,Tropicana Field,night,R
662536,2022-05-24,2022,LAD,WSH,119,120,9,4,13,0,9,0,621111.0,Walker Buehler,680686.0,Josiah Gray,621111.0,680686.0,3309,Nationals Park,night,R
661285,2022-05-24,2022,BAL,NYY,110,147,6,7,13,1,11,1,669145.0,Bruce Zimmermann,656756.0,Jordan Montgomery,657376.0,641329.0,3313,Yankee Stadium,night,R
661543,2022-05-24,2022,PHI,ATL,143,144,5,6,11,1,9,0,502043.0,Kyle Gibson,608331.0,Max Fried,445276.0,656793.0,4705,Truist Park,night,R
661699,2022-05-24,2022,DET,MIN,116,142,0,2,2,1,9,0,689225.0,Beau Brieske,543243.0,Sonny Gray,543243.0,689225.0,3312,Target Field,night,R
661998,2022-05-24,2022,TOR,STL,141,138,8,1,9,0,9,0,592332.0,Kevin Gausman,663855.0,Jordan Hicks,592332.0,663855.0,2889,Busch Stadium,night,R
662846,2022-05-25,2022,CLE,HOU,114,117,3,7,10,1,9,0,668676.0,Zach Plesac,664285.0,Framber Valdez,664285.0,668676.0,2392,Minute Maid Park,night,R
661488,2022-05-25,2022,BOS,CWS,111,145,16,3,19,0,9,0,601713.0,Nick Pivetta,656302.0,Dylan Cease,601713.0,656302.0,4,Guaranteed Rate Field,night,R
663381,2022-05-25,2022,TEX,LAA,140,108,3,5,8,1,9,0,641540.0,Dane Dunning,592789.0,Noah Syndergaard,592789.0,641540.0,1,Angel Stadium,night,R
663339,2022-05-25,2022,KC,ARI,118,109,6,8,14,1,9,0,669169.0,Jonathan Heasley,668678.0,Zac Gallen,598287.0,664199.0,15,Chase Field,night,R
662134,2022-05-25,2022,OAK,SEA,133,136,7,5,12,0,9,0,621076.0,James Kaprielian,669923.0,George Kirby,594580.0,664948.0,680,T-Mobile Park,night,R
662229,2022-05-25,2022,MIL,SD,158,135,4,1,5,0,9,0,669203.0,Corbin Burnes,605483.0,Blake Snell,669203.0,605483.0,2680,Petco Park,night,R
662074,2022-05-25,2022,NYM,SF,121,137,12,13,25,1,9,0,605135.0,Chris Bassitt,657277.0,Logan Webb,605154.0,621242.0,2395,Oracle Park,night,R
662453,2022-05-25,2022,COL,PIT,115,134,5,10,15,1,9,0,663372.0,Ryan Feltner,605507.0,Zach Thompson,596071.0,664875.0,31,PNC Park,day,R
661772,2022-05-25,2022,DET,MIN,116,142,4,2,6,0,10,1,665621.0,Rony García,605164.0,Dylan Bundy,656638.0,656730.0,3312,Target Field,day,R
662093,2022-05-25,2022,NYM,SF,121,137,3,9,12,1,9,0,663378.0,Thomas Szapucki,596001.0,Jakob Junis,596001.0,663378.0,2395,Oracle Park,day,R
662527,2022-05-25,2022,LAD,WSH,119,120,0,1,1,1,9,0,628711.0,Julio Urías,607200.0,Erick Fedde,607200.0,628711.0,3309,Nationals Park,day,R
662133,2022-05-25,2022,OAK,SEA,133,136,4,2,6,0,9,0,621112.0,Paul Blackburn,592662.0,Robbie Ray,621112.0,592662.0,680,T-Mobile Park,day,R
662228,2022-05-25,2022,MIL,SD,158,135,2,1,3,0,9,0,676879.0,Aaron Ashby,506433.0,Yu Darvish,606131.0,506433.0,2680,Petco Park,day,R
663082,2022-05-25,2022,CHC,CIN,112,113,3,4,7,1,9,0,543294.0,Kyle Hendricks,622491.0,Luis Castillo,622491.0,543294.0,2602,Great American Ball Park,night,R
662052,2022-05-25,2022,MIA,TB,146,139,4,5,9,1,9,0,547001.0,Cody Poteet,656876.0,Drew Rasmussen,656876.0,547001.0,12,Tropicana Field,night,R
661286,2022-05-25,2022,BAL,NYY,110,147,0,2,2,1,9,0,669330.0,Tyler Wells,676664.0,JP Sears,676664.0,669330.0,3313,Yankee Stadium,night,R
661542,2022-05-25,2022,PHI,ATL,143,144,4,8,12,1,9,0,624133.0,Ranger Suárez,450203.0,Charlie Morton,675911.0,624133.0,4705,Truist Park,night,R
662845,2022-05-26,2022,CLE,HOU,114,117,1,2,3,1,9,0,615698.0,Cal Quantrill,664299.0,Cristian Javier,664299.0,615698.0,2392,Minute Maid Park,night,R
661487,2022-05-26,2022,BOS,CWS,111,145,1,3,4,1,9,0,448179.0,Rich Hill,608337.0,Lucas Giolito,608337.0,448179.0,4,Guaranteed Rate Field,night,R
663446,2022-05-26,2022,TEX,LAA,140,108,7,2,9,0,9,0,657248.0,Glenn Otto Jr.,672282.0,Reid Detmers,657248.0,672282.0,1,Angel Stadium,night,R
663081,2022-05-26,2022,CHC,CIN,112,113,5,20,25,1,9,0,657006.0,Justin Steele,668881.0,Hunter Greene,668881.0,657006.0,2602,Great American Ball Park,day,R
662051,2022-05-26,2022,NYY,TB,147,139,7,2,9,0,9,0,641482.0,Nestor Cortes,642232.0,Ryan Yarbrough,641482.0,642232.0,12,Tropicana Field,night,R
662515,2022-05-26,2022,COL,WSH,115,120,3,7,10,1,9,0,608566.0,Germán Márquez,571578.0,Patrick Corbin,571578.0,608566.0,3309,Nationals Park,night,R
662842,2022-05-26,2022,CLE,DET,114,116,3,4,7,1,9,0,663455.0,Konnor Pilkington,669373.0,Tarik Skubal,642397.0,663986.0,2394,Comerica Park,night,R
661574,2022-05-26,2022,PHI,ATL,143,144,4,1,5,0,9,0,605400.0,Aaron Nola,657140.0,Kyle Wright,605400.0,657140.0,4705,Truist Park,night,R
661771,2022-05-26,2022,KC,MIN,118,142,3,2,5,0,9,0,663738.0,Daniel Lynch IV,656970.0,Devin Smeltzer,622251.0,608648.0,3312,Target Field,night,R
661997,2022-05-26,2022,MIL,STL,158,138,4,3,7,0,9,0,641778.0,Eric Lauer,425794.0,Adam Wainwright,641778.0,425794.0,2889,Busch Stadium,night,R
661486,2022-05-27,2022,BOS,CWS,111,145,16,7,23,0,9,0,608379.0,Michael Wacha,572971.0,Dallas Keuchel,670167.0,572971.0,4,Guaranteed Rate Field,night,R
663445,2022-05-27,2022,TOR,LAA,141,108,6,3,9,0,9,0,547943.0,Hyun Jin Ryu,660271.0,Shohei Ohtani,547943.0,660271.0,1,Angel Stadium,night,R
663338,2022-05-27,2022,LAD,ARI,119,109,14,1,15,0,9,0,669952.0,Mitch White,528748.0,Humberto Castellanos,677865.0,528748.0,15,Chase Field,night,R
662376,2022-05-27,2022,TEX,OAK,140,133,4,1,5,0,9,0,527048.0,Martín Pérez,593423.0,Frankie Montas,456713.0,642152.0,10,Oakland Coliseum,night,R
663080,2022-05-27,2022,SF,CIN,137,113,1,5,6,1,9,0,607074.0,Carlos Rodón,668933.0,Graham Ashcraft,668933.0,607074.0,2602,Great American Ball Park,night,R
663276,2022-05-27,2022,BAL,BOS,110,111,12,8,20,0,9,0,680694.0,Kyle Bradish,676477.0,Garrett Whitlock,672335.0,621381.0,3,Fenway Park,night,R
662543,2022-05-27,2022,PHI,NYM,143,121,6,8,14,1,9,0,663559.0,Bailey Falter,471911.0,Carlos Carrasco,471911.0,663559.0,3289,Citi Field,night,R
661960,2022-05-27,2022,NYY,TB,147,139,2,0,2,0,9,0,592791.0,Jameson Taillon,605488.0,Jeffrey Springs,592791.0,605488.0,12,Tropicana Field,night,R
661539,2022-05-27,2022,MIA,ATL,146,144,4,6,10,1,9,0,669432.0,Trevor Rogers,666120.0,Ian Anderson,623451.0,542914.0,4705,Truist Park,night,R
661777,2022-05-28,2022,KC,MIN,118,142,7,10,17,1,9,0,641745.0,Brad Keller,641927.0,Bailey Ober,656730.0,641745.0,3312,Target Field,night,R
661992,2022-05-28,2022,MIL,STL,158,138,2,4,6,1,9,0,605540.0,Brandon Woodruff,641712.0,Dakota Hudson,572403.0,605540.0,2889,Busch Stadium,night,R
663444,2022-05-28,2022,TOR,LAA,141,108,4,3,7,0,9,0,666201.0,Alek Manoah,681217.0,Chase Silseth,670950.0,628452.0,1,Angel Stadium,night,R
663347,2022-05-28,2022,LAD,ARI,119,109,6,4,10,0,9,0,686752.0,Ryan Pepiot,518516.0,Madison Bumgarner,660813.0,518516.0,15,Chase Field,night,R
662281,2022-05-28,2022,PIT,SD,134,135,3,4,7,1,9,0,500779.0,Jose Quintana,640455.0,Sean Manaea,622503.0,621249.0,2680,Petco Park,night,R
662132,2022-05-28,2022,HOU,SEA,117,136,1,6,7,1,9,0,434378.0,Justin Verlander,623167.0,Chris Flexen,623167.0,434378.0,680,T-Mobile Park,night,R
662369,2022-05-28,2022,TEX,OAK,140,133,8,5,13,0,9,0,592351.0,Jon Gray,608344.0,Cole Irvin,519043.0,666204.0,10,Oakland Coliseum,night,R
662514,2022-05-27,2022,COL,WSH,115,120,0,0,0,0,9,0,596295.0,Austin Gomber,592717.0,Aaron Sanchez,,,3309,Nationals Park,night,R
662841,2022-05-27,2022,CLE,DET,114,116,0,0,0,0,9,0,669456.0,Shane Bieber,656412.0,Alex Faedo,,,2394,Comerica Park,night,R
662514,2022-05-28,2022,COL,WSH,115,120,7,13,20,1,9,0,596295.0,Austin Gomber,592717.0,Aaron Sanchez,541640.0,596295.0,3309,Nationals Park,day,R
662513,2022-05-28,2022,COL,WSH,115,120,3,2,5,0,9,0,641771.0,Chad Kuhl,672851.0,Joan Adon,641771.0,640448.0,3309,Nationals Park,night,R
663257,2022-05-28,2022,BAL,BOS,110,111,3,5,8,1,9,0,543475.0,Jordan Lyles,543135.0,Nathan Eovaldi,543135.0,669211.0,3,Fenway Park,day,R
663309,2022-05-28,2022,BAL,BOS,110,111,4,2,6,0,9,0,660593.0,Denyi Reyes,670174.0,Josh Winckowski,607216.0,670174.0,3,Fenway Park,night,R
661774,2022-05-28,2022,KC,MIN,118,142,7,3,10,0,9,0,663903.0,Brady Singer,502042.0,Chris Archer,663903.0,502042.0,3312,Target Field,day,R
661991,2022-05-28,2022,MIL,STL,158,138,3,8,11,1,9,0,605288.0,Adrian Houser,669461.0,Matthew Liberatore,669461.0,605288.0,2889,Busch Stadium,day,R
662375,2022-05-28,2022,TEX,OAK,140,133,11,4,15,0,9,0,621368.0,Taylor Hearn,656657.0,Zach Logue,621368.0,656657.0,10,Oakland Coliseum,day,R
662852,2022-05-28,2022,CLE,DET,114,116,8,1,9,0,9,0,669456.0,Shane Bieber,656412.0,Alex Faedo,669456.0,656412.0,2394,Comerica Park,day,R
663118,2022-05-28,2022,SF,CIN,137,113,2,3,5,1,9,0,622072.0,Alex Wood,661269.0,Vladimir Gutierrez,661269.0,622072.0,2602,Great American Ball Park,day,R
661537,2022-05-28,2022,MIA,ATL,146,144,4,1,5,0,9,0,645261.0,Sandy Alcantara,656353.0,Tucker Davidson,645261.0,656353.0,4705,Truist Park,day,R
661933,2022-05-28,2022,NYY,TB,147,139,1,3,4,1,9,0,543037.0,Gerrit Cole,446372.0,Corey Kluber,656420.0,476595.0,12,Tropicana Field,day,R
663330,2022-05-28,2022,LAD,ARI,119,109,3,2,5,0,9,0,664062.0,Tony Gonsolin,518876.0,Merrill Kelly,664062.0,518876.0,15,Chase Field,day,R
662556,2022-05-28,2022,PHI,NYM,143,121,2,8,10,1,9,0,621107.0,Zach Eflin,592836.0,Taijuan Walker,592836.0,621107.0,3289,Citi Field,night,R
661518,2022-05-28,2022,CHC,CWS,112,145,5,1,6,0,9,0,624522.0,Keegan Thompson,456501.0,Johnny Cueto,624522.0,456501.0,4,Guaranteed Rate Field,night,R
663400,2022-05-29,2022,TOR,LAA,141,108,6,5,11,0,9,0,579328.0,Yusei Kikuchi,547179.0,Michael Lorenzen,643256.0,607457.0,1,Angel Stadium,night,R
662280,2022-05-29,2022,PIT,SD,134,135,4,2,6,0,9,0,664141.0,JT Brubaker,605397.0,Joe Musgrove,607455.0,573124.0,2680,Petco Park,night,R
662131,2022-05-29,2022,HOU,SEA,117,136,0,6,6,1,9,0,664353.0,José Urquidy,669302.0,Logan Gilbert,669302.0,664353.0,680,T-Mobile Park,night,R
663072,2022-05-29,2022,SF,CIN,137,113,6,4,10,0,9,0,502171.0,Alex Cobb,641816.0,Tyler Mahle,605154.0,605521.0,2602,Great American Ball Park,day,R
663299,2022-05-29,2022,BAL,BOS,110,111,2,12,14,1,9,0,669145.0,Bruce Zimmermann,601713.0,Nick Pivetta,601713.0,669145.0,3,Fenway Park,day,R
662512,2022-05-29,2022,COL,WSH,115,120,5,6,11,1,9,0,607536.0,Kyle Freeland,680686.0,Josiah Gray,680686.0,607536.0,3309,Nationals Park,day,R
661517,2022-05-29,2022,MIA,ATL,146,144,3,6,9,1,9,0,622694.0,Elieser Hernández,608331.0,Max Fried,608331.0,622694.0,4705,Truist Park,day,R
662840,2022-05-29,2022,CLE,DET,114,116,1,2,3,1,9,0,663474.0,Triston McKenzie,660730.0,Elvin Rodríguez,656638.0,663474.0,2394,Comerica Park,day,R
661910,2022-05-29,2022,NYY,TB,147,139,2,4,6,1,9,0,622663.0,Luis Severino,663556.0,Shane McClanahan,663556.0,622663.0,12,Tropicana Field,day,R
661731,2022-05-29,2022,KC,MIN,118,142,3,7,10,1,9,0,425844.0,Zack Greinke,543243.0,Sonny Gray,543243.0,425844.0,3312,Target Field,day,R
661461,2022-05-29,2022,CHC,CWS,112,145,4,5,9,1,12,1,573186.0,Marcus Stroman,656302.0,Dylan Cease,641582.0,607229.0,4,Guaranteed Rate Field,day,R
661990,2022-05-29,2022,MIL,STL,158,138,8,0,8,0,9,0,669203.0,Corbin Burnes,571945.0,Miles Mikolas,669203.0,571945.0,2889,Busch Stadium,day,R
662374,2022-05-29,2022,TEX,OAK,140,133,5,6,11,1,9,0,641540.0,Dane Dunning,621076.0,James Kaprielian,666204.0,656685.0,10,Oakland Coliseum,day,R
663414,2022-05-29,2022,TOR,LAA,141,108,11,10,21,0,9,0,621244.0,José Berríos,663776.0,Patrick Sandoval,643256.0,650671.0,1,Angel Stadium,day,R
663328,2022-05-29,2022,LAD,ARI,119,109,3,1,4,0,9,0,542881.0,Tyler Anderson,605200.0,Zach Davies,542881.0,605200.0,15,Chase Field,day,R
662279,2022-05-29,2022,PIT,SD,134,135,2,4,6,1,10,1,672710.0,Roansy Contreras,669022.0,MacKenzie Gore,472610.0,608717.0,2680,Petco Park,day,R
662130,2022-05-29,2022,HOU,SEA,117,136,2,1,3,0,9,0,677651.0,Luis Garcia,594835.0,Marco Gonzales,606160.0,594835.0,680,T-Mobile Park,day,R
662555,2022-05-29,2022,PHI,NYM,143,121,4,5,9,1,10,1,554430.0,Zack Wheeler,605135.0,Chris Bassitt,621242.0,608349.0,3289,Citi Field,night,R
663149,2022-05-30,2022,MIL,CHC,158,112,7,6,13,0,9,0,663629.0,Ethan Small,664161.0,Matt Swarmer,667376.0,596057.0,17,Wrigley Field,day,R
663147,2022-05-30,2022,MIL,CHC,158,112,3,1,4,0,9,0,676879.0,Aaron Ashby,592767.0,Drew Smyly,676879.0,659262.0,17,Wrigley Field,night,R
662854,2022-05-30,2022,MIN,DET,142,116,5,7,12,1,9,0,605164.0,Dylan Bundy,689225.0,Beau Brieske,641729.0,501925.0,2394,Comerica Park,day,R
661989,2022-05-30,2022,SD,STL,135,138,3,6,9,1,9,0,607259.0,Nick Martinez,676050.0,Packy Naughton,669467.0,607259.0,2889,Busch Stadium,day,R
661613,2022-05-30,2022,SF,PHI,137,143,5,4,9,0,10,1,657277.0,Logan Webb,502043.0,Kyle Gibson,608678.0,571479.0,2681,Citizens Bank Park,day,R
662373,2022-05-30,2022,HOU,OAK,117,133,5,1,6,0,9,0,664285.0,Framber Valdez,621112.0,Paul Blackburn,664285.0,621112.0,10,Oakland Coliseum,day,R
662992,2022-05-30,2022,MIA,COL,146,115,1,7,8,1,9,0,641154.0,Pablo López,663372.0,Ryan Feltner,663372.0,642121.0,19,Coors Field,day,R
663109,2022-05-30,2022,KC,CLE,118,114,3,7,10,1,9,0,669169.0,Jonathan Heasley,668676.0,Zach Plesac,680704.0,676092.0,5,Progressive Field,night,R
663298,2022-05-30,2022,BAL,BOS,110,111,10,0,10,0,9,0,669330.0,Tyler Wells,448179.0,Rich Hill,669330.0,448179.0,3,Fenway Park,night,R
662545,2022-05-30,2022,WSH,NYM,120,121,5,13,18,1,9,0,607200.0,Erick Fedde,656849.0,David Peterson,670059.0,607200.0,3289,Citi Field,night,R
661900,2022-05-31,2022,TB,TEX,139,140,5,9,14,1,9,0,656876.0,Drew Rasmussen,657248.0,Glenn Otto Jr.,657248.0,656876.0,5325,Globe Life Field,night,R
663327,2022-05-31,2022,ATL,ARI,144,109,2,6,8,1,9,0,675911.0,Spencer Strider,668678.0,Zac Gallen,668678.0,675911.0,15,Chase Field,night,R
662743,2022-05-31,2022,PIT,LAD,134,119,6,5,11,0,9,0,605507.0,Zach Thompson,621111.0,Walker Buehler,670280.0,518886.0,22,Dodger Stadium,night,R
662806,2022-05-31,2022,MIN,DET,142,116,8,2,10,0,9,0,656970.0,Devin Smeltzer,665621.0,Rony García,656970.0,665621.0,2394,Comerica Park,day,R
662836,2022-05-31,2022,MIN,DET,142,116,0,4,4,1,9,0,663485.0,Cole Sands,666214.0,Joey Wentz,503449.0,663485.0,2394,Comerica Park,night,R
663034,2022-05-31,2022,KC,CLE,118,114,3,8,11,1,9,0,663738.0,Daniel Lynch IV,615698.0,Cal Quantrill,615698.0,663738.0,5,Progressive Field,night,R
661618,2022-05-31,2022,SF,PHI,137,143,7,4,11,0,11,1,596001.0,Jakob Junis,624133.0,Ranger Suárez,501625.0,571479.0,2681,Citizens Bank Park,night,R
661075,2022-05-31,2022,SEA,BAL,136,110,10,0,10,0,9,0,669923.0,George Kirby,641329.0,Bryan Baker,669923.0,641329.0,2,Oriole Park at Camden Yards,night,R
661331,2022-05-31,2022,LAA,NYY,108,147,1,9,10,1,9,0,592789.0,Noah Syndergaard,656756.0,Jordan Montgomery,656756.0,592789.0,3313,Yankee Stadium,night,R
661797,2022-05-31,2022,CWS,TOR,145,141,5,6,11,1,9,0,608337.0,Lucas Giolito,592332.0,Kevin Gausman,592332.0,608337.0,14,Rogers Centre,night,R
663297,2022-05-31,2022,CIN,BOS,113,111,2,1,3,0,9,0,622491.0,Luis Castillo,608379.0,Michael Wacha,622491.0,608379.0,3,Fenway Park,night,R
662544,2022-05-31,2022,WSH,NYM,120,121,0,10,10,1,9,0,571578.0,Patrick Corbin,592866.0,Trevor Williams,592866.0,571578.0,3289,Citi Field,night,R
661977,2022-05-31,2022,SD,STL,135,138,2,3,5,1,10,1,605483.0,Blake Snell,425794.0,Adam Wainwright,572403.0,573124.0,2889,Busch Stadium,night,R
661884,2022-06-01,2022,TB,TEX,139,140,0,3,3,1,9,0,642232.0,Ryan Yarbrough,527048.0,Martín Pérez,527048.0,642232.0,5325,Globe Life Field,night,R
663154,2022-06-01,2022,MIL,CHC,158,112,7,8,15,1,9,0,641778.0,Eric Lauer,657006.0,Justin Steele,571710.0,502202.0,17,Wrigley Field,night,R
662367,2022-06-01,2022,HOU,OAK,117,133,3,1,4,0,9,0,664299.0,Cristian Javier,593423.0,Frankie Montas,606160.0,593423.0,10,Oakland Coliseum,night,R
663329,2022-06-01,2022,ATL,ARI,144,109,7,8,15,1,10,1,450203.0,Charlie Morton,528748.0,Humberto Castellanos,453343.0,623451.0,15,Chase Field,night,R
662735,2022-06-01,2022,PIT,LAD,134,119,5,3,8,0,9,0,656605.0,Mitch Keller,628711.0,Julio Urías,656605.0,628711.0,22,Dodger Stadium,night,R
662991,2022-06-01,2022,MIA,COL,146,115,0,0,0,0,9,0,,,608566.0,Germán Márquez,,,19,Coors Field,night,R
663031,2022-06-01,2022,KC,CLE,118,114,0,4,4,1,9,0,641745.0,Brad Keller,663455.0,Konnor Pilkington,663455.0,641745.0,5,Progressive Field,day,R
662457,2022-06-01,2022,WSH,NYM,120,121,0,5,5,1,9,0,681885.0,Evan Lee,471911.0,Carlos Carrasco,471911.0,681885.0,3289,Citi Field,day,R
661982,2022-06-01,2022,SD,STL,135,138,2,5,7,1,9,0,506433.0,Yu Darvish,641712.0,Dakota Hudson,641712.0,506433.0,2889,Busch Stadium,day,R
662981,2022-06-01,2022,MIA,COL,146,115,14,1,15,0,9,0,665795.0,Edward Cabrera,622608.0,Antonio Senzatela,665795.0,622608.0,19,Coors Field,day,R
662991,2022-06-01,2022,MIA,COL,146,115,12,13,25,1,10,1,669432.0,Trevor Rogers,608566.0,Germán Márquez,453268.0,642121.0,19,Coors Field,day,R
662366,2022-06-01,2022,HOU,OAK,117,133,5,4,9,0,9,0,434378.0,Justin Verlander,608344.0,Cole Irvin,650556.0,666204.0,10,Oakland Coliseum,day,R
663326,2022-06-01,2022,ATL,ARI,144,109,6,0,6,0,9,0,657140.0,Kyle Wright,518516.0,Madison Bumgarner,657140.0,518516.0,15,Chase Field,day,R
661612,2022-06-01,2022,SF,PHI,137,143,5,6,11,1,9,0,607074.0,Carlos Rodón,605400.0,Aaron Nola,605400.0,606424.0,2681,Citizens Bank Park,night,R
661343,2022-06-01,2022,SEA,BAL,136,110,2,9,11,1,9,0,592662.0,Robbie Ray,680694.0,Kyle Bradish,672335.0,592662.0,2,Oriole Park at Camden Yards,night,R
661764,2022-06-01,2022,CWS,TOR,145,141,3,7,10,1,9,0,656629.0,Michael Kopech,547943.0,Hyun Jin Ryu,548389.0,656629.0,14,Rogers Centre,night,R
663296,2022-06-01,2022,CIN,BOS,113,111,1,7,8,1,9,0,668881.0,Hunter Greene,676477.0,Garrett Whitlock,676477.0,668881.0,3,Fenway Park,night,R
662833,2022-06-01,2022,MIN,DET,142,116,0,5,5,1,9,0,641927.0,Bailey Ober,669373.0,Tarik Skubal,669373.0,641927.0,2394,Comerica Park,night,R
661963,2022-06-02,2022,TB,TEX,139,140,4,3,7,0,11,1,605488.0,Jeffrey Springs,592351.0,Jon Gray,621363.0,642701.0,5325,Globe Life Field,night,R
663184,2022-06-02,2022,MIL,CHC,158,112,3,4,7,1,10,1,669920.0,Jason Alexander,543294.0,Kyle Hendricks,643410.0,571948.0,17,Wrigley Field,night,R
662721,2022-06-02,2022,PIT,LAD,134,119,8,4,12,0,9,0,500779.0,Jose Quintana,669952.0,Mitch White,608328.0,669952.0,22,Dodger Stadium,night,R
661330,2022-06-01,2022,LAA,NYY,108,147,0,0,0,0,9,0,672282.0,Reid Detmers,641482.0,Nestor Cortes,,,3313,Yankee Stadium,night,R
661330,2022-06-02,2022,LAA,NYY,108,147,1,6,7,1,9,0,660271.0,Shohei Ohtani,641482.0,Nestor Cortes,641482.0,660271.0,3313,Yankee Stadium,day,R
661329,2022-06-02,2022,LAA,NYY,108,147,1,2,3,1,9,0,672282.0,Reid Detmers,592791.0,Jameson Taillon,592791.0,661383.0,3313,Yankee Stadium,night,R
662832,2022-06-02,2022,MIN,DET,142,116,2,3,5,1,9,0,502042.0,Chris Archer,656412.0,Alex Faedo,656638.0,641941.0,2394,Comerica Park,day,R
661934,2022-06-02,2022,TB,TEX,139,140,3,1,4,0,9,0,446372.0,Corey Kluber,621368.0,Taylor Hearn,446372.0,621368.0,5325,Globe Life Field,day,R
661762,2022-06-02,2022,CWS,TOR,145,141,3,8,11,1,9,0,456501.0,Johnny Cueto,666201.0,Alek Manoah,666201.0,456501.0,14,Rogers Centre,day,R
663091,2022-06-02,2022,WSH,CIN,120,113,1,8,9,1,9,0,672851.0,Joan Adon,668933.0,Graham Ashcraft,668933.0,672851.0,2602,Great American Ball Park,night,R
661397,2022-06-02,2022,SF,MIA,137,146,0,3,3,1,9,0,622072.0,Alex Wood,645261.0,Sandy Alcantara,645261.0,622072.0,4169,loanDepot park,night,R
661247,2022-06-02,2022,SEA,BAL,136,110,7,6,13,0,10,1,623167.0,Chris Flexen,543475.0,Jordan Lyles,650895.0,605347.0,2,Oriole Park at Camden Yards,night,R
661340,2022-06-02,2022,SD,MIL,135,158,4,5,9,1,9,0,640455.0,Sean Manaea,605288.0,Adrian Houser,657265.0,573124.0,32,American Family Field,night,R
663139,2022-06-03,2022,STL,CHC,138,112,5,7,12,1,9,0,669461.0,Matthew Liberatore,624522.0,Keegan Thompson,624522.0,669461.0,17,Wrigley Field,night,R
663000,2022-06-03,2022,ATL,COL,144,115,13,6,19,0,9,0,666120.0,Ian Anderson,596295.0,Austin Gomber,666120.0,596295.0,19,Coors Field,night,R
662693,2022-06-03,2022,NYM,LAD,121,119,0,2,2,1,9,0,592836.0,Taijuan Walker,664062.0,Tony Gonsolin,664062.0,592836.0,22,Dodger Stadium,night,R
663153,2022-06-03,2022,STL,CHC,138,112,14,5,19,0,9,0,571945.0,Miles Mikolas,573186.0,Marcus Stroman,571945.0,573186.0,17,Wrigley Field,day,R
663119,2022-06-03,2022,WSH,CIN,120,113,8,5,13,0,9,0,680686.0,Josiah Gray,501985.0,Mike Minor,680686.0,501985.0,2602,Great American Ball Park,night,R
661396,2022-06-03,2022,SF,MIA,137,146,15,6,21,0,9,0,605154.0,John Brebbia,542947.0,Richard Bleier,641793.0,542947.0,4169,loanDepot park,night,R
661058,2022-06-03,2022,CLE,BAL,114,110,6,3,9,0,9,0,669456.0,Shane Bieber,669145.0,Bruce Zimmermann,669456.0,669145.0,2,Oriole Park at Camden Yards,night,R
662452,2022-06-03,2022,ARI,PIT,109,134,8,6,14,0,9,0,518876.0,Merrill Kelly,664141.0,JT Brubaker,518876.0,664141.0,31,PNC Park,night,R
661642,2022-06-03,2022,LAA,PHI,108,143,0,10,10,1,9,0,681217.0,Chase Silseth,621107.0,Zach Eflin,621107.0,681217.0,2681,Citizens Bank Park,night,R
661318,2022-06-03,2022,DET,NYY,116,147,0,13,13,1,9,0,660730.0,Elvin Rodríguez,543037.0,Gerrit Cole,543037.0,660730.0,3313,Yankee Stadium,night,R
661761,2022-06-03,2022,MIN,TOR,142,141,9,3,12,0,9,0,592346.0,Chi Chi González,579328.0,Yusei Kikuchi,605194.0,579328.0,14,Rogers Centre,night,R
661897,2022-06-03,2022,CWS,TB,145,139,3,6,9,1,9,0,663436.0,Davis Martin,663556.0,Shane McClanahan,663556.0,663436.0,12,Tropicana Field,night,R
661913,2022-06-04,2022,SEA,TEX,136,140,4,3,7,0,9,0,669302.0,Logan Gilbert,641540.0,Dane Dunning,682171.0,669618.0,5325,Globe Life Field,night,R
662692,2022-06-04,2022,HOU,KC,117,118,10,3,13,0,9,0,664353.0,José Urquidy,663903.0,Brady Singer,664353.0,663903.0,7,Kauffman Stadium,night,R
661334,2022-06-04,2022,SD,MIL,135,158,7,0,7,0,9,0,605397.0,Joe Musgrove,669203.0,Corbin Burnes,605397.0,669203.0,32,American Family Field,night,R
662980,2022-06-04,2022,ATL,COL,144,115,3,1,4,0,10,1,608331.0,Max Fried,641771.0,Chad Kuhl,621345.0,608032.0,19,Coors Field,night,R
662365,2022-06-04,2022,BOS,OAK,111,133,7,2,9,0,9,0,543135.0,Nathan Eovaldi,621076.0,James Kaprielian,543135.0,621076.0,10,Oakland Coliseum,night,R
662720,2022-06-04,2022,NYM,LAD,121,119,1,6,7,1,9,0,605135.0,Chris Bassitt,542881.0,Tyler Anderson,542881.0,605135.0,22,Dodger Stadium,night,R
661278,2022-06-04,2022,DET,NYY,116,147,0,3,3,1,9,0,689225.0,Beau Brieske,622663.0,Luis Severino,622663.0,689225.0,3313,Yankee Stadium,day,R
663179,2022-06-04,2022,STL,CHC,138,112,1,6,7,1,9,0,670912.0,Johan Oviedo,664161.0,Matt Swarmer,664161.0,670912.0,17,Wrigley Field,day,R
663152,2022-06-04,2022,STL,CHC,138,112,7,4,11,0,10,1,669467.0,Andre Pallante,668873.0,Caleb Kilian,606149.0,621074.0,17,Wrigley Field,night,R
661749,2022-06-04,2022,MIN,TOR,142,141,3,12,15,1,9,0,605164.0,Dylan Bundy,621244.0,José Berríos,621244.0,605164.0,14,Rogers Centre,day,R
661346,2022-06-04,2022,CLE,BAL,114,110,4,5,9,1,9,0,663474.0,Triston McKenzie,669330.0,Tyler Wells,642585.0,663474.0,2,Oriole Park at Camden Yards,day,R
662451,2022-06-04,2022,ARI,PIT,109,134,1,2,3,1,9,0,605200.0,Zach Davies,672710.0,Roansy Contreras,608717.0,453343.0,31,PNC Park,day,R
661936,2022-06-04,2022,SEA,TEX,136,140,2,3,5,1,9,0,594835.0,Marco Gonzales,657248.0,Glenn Otto Jr.,657248.0,594835.0,5325,Globe Life Field,day,R
662364,2022-06-04,2022,BOS,OAK,111,133,8,0,8,0,9,0,601713.0,Nick Pivetta,621112.0,Paul Blackburn,601713.0,621112.0,10,Oakland Coliseum,day,R
662689,2022-06-04,2022,HOU,KC,117,118,0,6,6,1,9,0,677651.0,Luis Garcia,663460.0,Kris Bubic,676092.0,677651.0,7,Kauffman Stadium,day,R
663102,2022-06-04,2022,WSH,CIN,120,113,10,8,18,0,9,0,607200.0,Erick Fedde,641816.0,Tyler Mahle,640448.0,519326.0,2602,Great American Ball Park,day,R
661896,2022-06-04,2022,CWS,TB,145,139,3,2,5,0,9,0,656302.0,Dylan Cease,656876.0,Drew Rasmussen,605195.0,656222.0,12,Tropicana Field,day,R
661395,2022-06-04,2022,SF,MIA,137,146,4,5,9,1,9,0,657277.0,Logan Webb,641154.0,Pablo López,656945.0,643511.0,4169,loanDepot park,day,R
661214,2022-06-04,2022,SD,MIL,135,158,4,0,4,0,9,0,669022.0,MacKenzie Gore,676879.0,Aaron Ashby,669022.0,676879.0,32,American Family Field,day,R
661615,2022-06-04,2022,LAA,PHI,108,143,2,7,9,1,9,0,547179.0,Michael Lorenzen,554430.0,Zack Wheeler,554430.0,547179.0,2681,Citizens Bank Park,night,R
662987,2022-06-05,2022,ATL,COL,144,115,6,2,8,0,11,1,675911.0,Spencer Strider,607536.0,Kyle Freeland,621345.0,468504.0,19,Coors Field,night,R
662687,2022-06-05,2022,NYM,LAD,121,119,9,4,13,0,9,0,656849.0,David Peterson,621111.0,Walker Buehler,670059.0,621111.0,22,Dodger Stadium,night,R
661277,2022-06-05,2022,DET,NYY,116,147,4,5,9,1,10,1,665621.0,Rony García,656756.0,Jordan Montgomery,650633.0,642397.0,3313,Yankee Stadium,day,R
661151,2022-06-05,2022,CLE,BAL,114,110,3,2,5,0,9,0,668676.0,Zach Plesac,665152.0,Dean Kremer,668676.0,665152.0,2,Oriole Park at Camden Yards,day,R
662450,2022-06-05,2022,ARI,PIT,109,134,0,3,3,1,9,0,668678.0,Zac Gallen,605507.0,Zach Thompson,605507.0,668678.0,31,PNC Park,day,R
661633,2022-06-05,2022,LAA,PHI,108,143,7,9,16,1,9,0,663776.0,Patrick Sandoval,502043.0,Kyle Gibson,608349.0,628452.0,2681,Citizens Bank Park,day,R
661747,2022-06-05,2022,MIN,TOR,142,141,8,6,14,0,9,0,656970.0,Devin Smeltzer,592332.0,Kevin Gausman,605194.0,592332.0,14,Rogers Centre,day,R
663058,2022-06-05,2022,WSH,CIN,120,113,5,4,9,0,9,0,571578.0,Patrick Corbin,622491.0,Luis Castillo,571578.0,622491.0,2602,Great American Ball Park,day,R
661895,2022-06-05,2022,CWS,TB,145,139,6,5,11,0,9,0,608337.0,Lucas Giolito,642232.0,Ryan Yarbrough,608337.0,642232.0,12,Tropicana Field,day,R
661394,2022-06-05,2022,SF,MIA,137,146,5,1,6,0,9,0,596001.0,Jakob Junis,666129.0,Braxton Garrett,596001.0,666129.0,4169,loanDepot park,day,R
662688,2022-06-05,2022,HOU,KC,117,118,7,4,11,0,9,0,664285.0,Framber Valdez,669169.0,Jonathan Heasley,664285.0,669169.0,7,Kauffman Stadium,day,R
661241,2022-06-05,2022,SD,MIL,135,158,6,4,10,0,10,1,605182.0,Mike Clevinger,641778.0,Eric Lauer,657612.0,641627.0,32,American Family Field,day,R
661962,2022-06-05,2022,SEA,TEX,136,140,6,5,11,0,10,1,669923.0,George Kirby,527048.0,Martín Pérez,650895.0,656271.0,5325,Globe Life Field,day,R
662990,2022-06-05,2022,ATL,COL,144,115,8,7,15,0,9,0,450203.0,Charlie Morton,663372.0,Ryan Feltner,450203.0,663372.0,19,Coors Field,day,R
662363,2022-06-05,2022,BOS,OAK,111,133,5,2,7,0,9,0,448179.0,Rich Hill,593423.0,Frankie Montas,448179.0,593423.0,10,Oakland Coliseum,day,R
662612,2022-06-05,2022,NYM,LAD,121,119,5,4,9,0,10,1,592866.0,Trevor Williams,628711.0,Julio Urías,607625.0,518886.0,22,Dodger Stadium,day,R
663138,2022-06-05,2022,STL,CHC,138,112,5,3,8,0,11,1,425794.0,Adam Wainwright,657006.0,Justin Steele,650893.0,596057.0,17,Wrigley Field,night,R
663065,2022-06-06,2022,ARI,CIN,109,113,0,7,7,1,7,0,518516.0,Madison Bumgarner,668881.0,Hunter Greene,668881.0,518516.0,2602,Great American Ball Park,night,R
662762,2022-06-07,2022,SEA,HOU,136,117,7,4,11,0,9,0,592662.0,Robbie Ray,664299.0,Cristian Javier,592662.0,664299.0,2392,Minute Maid Park,night,R
662613,2022-06-07,2022,TOR,KC,141,118,8,0,8,0,9,0,548389.0,Ross Stripling,663738.0,Daniel Lynch IV,548389.0,663738.0,7,Kauffman Stadium,night,R
663399,2022-06-07,2022,BOS,LAA,111,108,1,0,1,0,9,0,608379.0,Michael Wacha,592789.0,Noah Syndergaard,608379.0,592789.0,1,Angel Stadium,night,R
662278,2022-06-07,2022,NYM,SD,121,135,11,5,16,0,9,0,471911.0,Carlos Carrasco,605483.0,Blake Snell,471911.0,605483.0,2680,Petco Park,night,R
663134,2022-06-06,2022,TEX,CLE,140,114,0,0,0,0,9,0,592351.0,Jon Gray,615698.0,Cal Quantrill,,,5,Progressive Field,night,R
663122,2022-06-07,2022,TEX,CLE,140,114,3,6,9,1,9,0,592351.0,Jon Gray,615698.0,Cal Quantrill,615698.0,592351.0,5,Progressive Field,day,R
663134,2022-06-07,2022,TEX,CLE,140,114,6,3,9,0,9,0,621368.0,Taylor Hearn,668948.0,Kirk McCarty,621368.0,668948.0,5,Progressive Field,day,R
663064,2022-06-07,2022,ARI,CIN,109,113,8,14,22,1,9,0,656457.0,Tyler Gilbert,668933.0,Graham Ashcraft,668933.0,656457.0,2602,Great American Ball Park,night,R
661169,2022-06-07,2022,WSH,MIA,120,146,2,12,14,1,9,0,672851.0,Joan Adon,665795.0,Edward Cabrera,665795.0,672851.0,4169,loanDepot park,night,R
661170,2022-06-07,2022,CHC,BAL,112,110,3,9,12,1,9,0,624522.0,Keegan Thompson,680694.0,Kyle Bradish,641329.0,624522.0,2,Oriole Park at Camden Yards,night,R
662449,2022-06-07,2022,DET,PIT,116,134,5,3,8,0,9,0,503449.0,Wily Peralta,500779.0,Jose Quintana,669373.0,500779.0,31,PNC Park,night,R
661894,2022-06-07,2022,STL,TB,138,139,2,4,6,1,10,1,641712.0,Dakota Hudson,605488.0,Jeffrey Springs,621363.0,572403.0,12,Tropicana Field,night,R
661516,2022-06-07,2022,OAK,ATL,133,144,2,3,5,1,9,0,608344.0,Cole Irvin,657140.0,Kyle Wright,657140.0,642152.0,4705,Truist Park,night,R
661693,2022-06-07,2022,NYY,MIN,147,142,10,4,14,0,9,0,592791.0,Jameson Taillon,663485.0,Cole Sands,476595.0,663485.0,3312,Target Field,night,R
662761,2022-06-08,2022,SEA,HOU,136,117,1,4,5,1,9,0,623167.0,Chris Flexen,434378.0,Justin Verlander,434378.0,623167.0,2392,Minute Maid Park,night,R
662678,2022-06-08,2022,TOR,KC,141,118,7,0,7,0,9,0,666201.0,Alek Manoah,641745.0,Brad Keller,666201.0,641745.0,7,Kauffman Stadium,night,R
661460,2022-06-08,2022,LAD,CWS,119,145,0,4,4,1,9,0,669952.0,Mitch White,656629.0,Michael Kopech,656629.0,641360.0,4,Guaranteed Rate Field,night,R
661205,2022-06-08,2022,PHI,MIL,143,158,3,2,5,0,9,0,624133.0,Ranger Suárez,669920.0,Jason Alexander,641401.0,623352.0,32,American Family Field,night,R
663391,2022-06-08,2022,BOS,LAA,111,108,6,5,11,0,10,1,676477.0,Garrett Whitlock,660761.0,José Suarez,656557.0,642545.0,1,Angel Stadium,night,R
662277,2022-06-08,2022,NYM,SD,121,135,0,7,7,1,9,0,592836.0,Taijuan Walker,506433.0,Yu Darvish,506433.0,592836.0,2680,Petco Park,night,R
662092,2022-06-08,2022,COL,SF,115,137,5,3,8,0,9,0,608566.0,Germán Márquez,607074.0,Carlos Rodón,608566.0,641793.0,2395,Oracle Park,night,R
662448,2022-06-08,2022,DET,PIT,116,134,3,1,4,0,9,0,656412.0,Alex Faedo,656605.0,Mitch Keller,676684.0,640444.0,31,PNC Park,day,R
662679,2022-06-08,2022,TOR,KC,141,118,4,8,12,1,9,0,579328.0,Yusei Kikuchi,663903.0,Brady Singer,663903.0,670950.0,7,Kauffman Stadium,day,R
663050,2022-06-08,2022,ARI,CIN,109,113,7,0,7,0,9,0,518876.0,Merrill Kelly,501985.0,Mike Minor,518876.0,501985.0,2602,Great American Ball Park,night,R
662760,2022-06-08,2022,SEA,HOU,136,117,6,3,9,0,9,0,669302.0,Logan Gilbert,664353.0,José Urquidy,669302.0,664353.0,2392,Minute Maid Park,night,R
661150,2022-06-08,2022,WSH,MIA,120,146,1,2,3,1,10,1,680686.0,Josiah Gray,645261.0,Sandy Alcantara,656945.0,663432.0,4169,loanDepot park,night,R
661892,2022-06-08,2022,STL,TB,138,139,3,11,14,1,9,0,676050.0,Packy Naughton,446372.0,Corey Kluber,446372.0,676050.0,12,Tropicana Field,night,R
663055,2022-06-08,2022,TEX,CLE,140,114,0,4,4,1,9,0,641540.0,Dane Dunning,669456.0,Shane Bieber,669212.0,641540.0,5,Progressive Field,night,R
661515,2022-06-08,2022,OAK,ATL,133,144,2,13,15,1,9,0,657649.0,Jared Koenig,666120.0,Ian Anderson,666120.0,657649.0,4705,Truist Park,night,R
661681,2022-06-08,2022,NYY,MIN,147,142,1,8,9,1,9,0,641482.0,Nestor Cortes,502042.0,Chris Archer,502042.0,641482.0,3312,Target Field,night,R
661459,2022-06-09,2022,LAD,CWS,119,145,4,1,5,0,9,0,664062.0,Tony Gonsolin,456501.0,Johnny Cueto,664062.0,456501.0,4,Guaranteed Rate Field,night,R
661188,2022-06-09,2022,PHI,MIL,143,158,10,0,10,0,9,0,605400.0,Aaron Nola,605288.0,Adrian Houser,605400.0,605288.0,32,American Family Field,night,R
663398,2022-06-09,2022,BOS,LAA,111,108,1,0,1,0,9,0,543135.0,Nathan Eovaldi,672282.0,Reid Detmers,543135.0,623474.0,1,Angel Stadium,night,R
662223,2022-06-09,2022,NYM,SD,121,135,2,13,15,1,9,0,605135.0,Chris Bassitt,640455.0,Sean Manaea,640455.0,605135.0,2680,Petco Park,night,R
662094,2022-06-09,2022,COL,SF,115,137,1,2,3,1,10,1,622608.0,Antonio Senzatela,622072.0,Alex Wood,666808.0,608032.0,2395,Oracle Park,night,R
661109,2022-06-08,2022,CHC,BAL,112,110,0,0,0,0,9,0,573186.0,Marcus Stroman,543475.0,Jordan Lyles,,,2,Oriole Park at Camden Yards,night,R
663049,2022-06-09,2022,ARI,CIN,109,113,5,4,9,0,9,0,605200.0,Zach Davies,641816.0,Tyler Mahle,453343.0,663574.0,2602,Great American Ball Park,day,R
661891,2022-06-09,2022,STL,TB,138,139,1,2,3,1,9,0,571945.0,Miles Mikolas,663556.0,Shane McClanahan,663556.0,571945.0,12,Tropicana Field,day,R
661458,2022-06-09,2022,LAD,CWS,119,145,11,9,20,0,9,0,542881.0,Tyler Anderson,656302.0,Dylan Cease,660813.0,656302.0,4,Guaranteed Rate Field,day,R
661194,2022-06-09,2022,PHI,MIL,143,158,8,3,11,0,9,0,621107.0,Zach Eflin,669203.0,Corbin Burnes,622554.0,669203.0,32,American Family Field,day,R
662091,2022-06-09,2022,COL,SF,115,137,4,2,6,0,9,0,596295.0,Austin Gomber,657277.0,Logan Webb,596295.0,657277.0,2395,Oracle Park,day,R
661149,2022-06-09,2022,WSH,MIA,120,146,4,7,11,1,9,0,544931.0,Stephen Strasburg,669432.0,Trevor Rogers,669432.0,544931.0,4169,loanDepot park,night,R
663015,2022-06-09,2022,OAK,CLE,133,114,4,8,12,1,9,0,621076.0,James Kaprielian,663455.0,Konnor Pilkington,660853.0,642152.0,5,Progressive Field,night,R
661514,2022-06-09,2022,PIT,ATL,134,144,1,3,4,1,9,0,664141.0,JT Brubaker,608331.0,Max Fried,608331.0,664141.0,4705,Truist Park,night,R
661697,2022-06-09,2022,NYY,MIN,147,142,10,7,17,0,9,0,543037.0,Gerrit Cole,605164.0,Dylan Bundy,612434.0,661395.0,3312,Target Field,night,R
662677,2022-06-10,2022,BAL,KC,110,118,5,7,12,1,9,0,543475.0,Jordan Lyles,663460.0,Kris Bubic,606303.0,543475.0,7,Kauffman Stadium,night,R
663413,2022-06-10,2022,BOS,LAA,111,108,2,5,7,1,9,0,601713.0,Nick Pivetta,660271.0,Shohei Ohtani,660271.0,601713.0,1,Angel Stadium,night,R
661617,2022-06-10,2022,ARI,PHI,109,143,5,7,12,1,9,0,668678.0,Zac Gallen,502043.0,Kyle Gibson,502043.0,668678.0,2681,Citizens Bank Park,night,R
661284,2022-06-10,2022,CHC,NYY,112,147,1,2,3,1,13,1,489119.0,Wade Miley,622663.0,Luis Severino,676760.0,621219.0,3313,Yankee Stadium,night,R
662511,2022-06-10,2022,MIL,WSH,158,120,5,11,16,1,9,0,676879.0,Aaron Ashby,607200.0,Erick Fedde,607200.0,676879.0,3309,Nationals Park,night,R
663014,2022-06-10,2022,OAK,CLE,133,114,2,3,5,1,9,0,621112.0,Paul Blackburn,663474.0,Triston McKenzie,543238.0,666204.0,5,Progressive Field,night,R
662831,2022-06-10,2022,TOR,DET,141,116,10,1,11,0,9,0,621244.0,José Berríos,660730.0,Elvin Rodríguez,621244.0,660730.0,2394,Comerica Park,night,R
661513,2022-06-10,2022,PIT,ATL,134,144,2,4,6,1,9,0,672710.0,Roansy Contreras,675911.0,Spencer Strider,675911.0,672710.0,4705,Truist Park,night,R
662676,2022-06-11,2022,BAL,KC,110,118,1,8,9,1,9,0,669145.0,Bruce Zimmermann,669169.0,Jonathan Heasley,669169.0,669145.0,7,Kauffman Stadium,night,R
661678,2022-06-11,2022,TB,MIN,139,142,4,9,13,1,9,0,656876.0,Drew Rasmussen,656970.0,Devin Smeltzer,656970.0,656876.0,3312,Target Field,night,R
661485,2022-06-11,2022,TEX,CWS,140,145,3,8,11,1,9,0,456713.0,Matt Bush,625643.0,Reynaldo López,608665.0,667463.0,4,Guaranteed Rate Field,night,R
662759,2022-06-11,2022,MIA,HOU,146,117,7,4,11,0,9,0,641154.0,Pablo López,677651.0,Luis Garcia,642121.0,677651.0,2392,Minute Maid Park,night,R
661983,2022-06-11,2022,CIN,STL,113,138,0,2,2,1,9,0,622491.0,Luis Castillo,669467.0,Andre Pallante,669467.0,622491.0,2889,Busch Stadium,night,R
663390,2022-06-11,2022,NYM,LAA,121,108,7,3,10,0,9,0,656731.0,Tylor Megill,646242.0,Jhonathan Díaz,656849.0,646242.0,1,Angel Stadium,night,R
662275,2022-06-11,2022,COL,SD,115,135,0,9,9,1,9,0,641771.0,Chad Kuhl,605397.0,Joe Musgrove,605397.0,641771.0,2680,Petco Park,night,R
662129,2022-06-11,2022,BOS,SEA,111,136,4,3,7,0,9,0,448179.0,Rich Hill,594835.0,Marco Gonzales,518617.0,662253.0,680,T-Mobile Park,night,R
662090,2022-06-11,2022,LAD,SF,119,137,2,7,9,1,9,0,621111.0,Walker Buehler,596001.0,Jakob Junis,596001.0,621111.0,2395,Oracle Park,night,R
661680,2022-06-11,2022,TB,MIN,139,142,5,6,11,1,9,0,669358.0,Shane Baz,592346.0,Chi Chi González,656730.0,669358.0,3312,Target Field,day,R
661484,2022-06-11,2022,TEX,CWS,140,145,11,9,20,0,10,1,527048.0,Martín Pérez,608337.0,Lucas Giolito,519043.0,641582.0,4,Guaranteed Rate Field,day,R
661976,2022-06-11,2022,CIN,STL,113,138,4,5,9,1,9,0,668881.0,Hunter Greene,425794.0,Adam Wainwright,621295.0,669270.0,2889,Busch Stadium,day,R
661614,2022-06-11,2022,ARI,PHI,109,143,0,4,4,1,9,0,518516.0,Madison Bumgarner,554430.0,Zack Wheeler,554430.0,518516.0,2681,Citizens Bank Park,day,R
662510,2022-06-11,2022,MIL,WSH,158,120,6,8,14,1,9,0,641778.0,Eric Lauer,571578.0,Patrick Corbin,571578.0,641778.0,3309,Nationals Park,day,R
662674,2022-06-11,2022,BAL,KC,110,118,6,4,10,0,9,0,669330.0,Tyler Wells,663738.0,Daniel Lynch IV,669330.0,663738.0,7,Kauffman Stadium,day,R
663084,2022-06-11,2022,OAK,CLE,133,114,10,5,15,0,9,0,593423.0,Frankie Montas,668676.0,Zach Plesac,593423.0,669212.0,5,Progressive Field,day,R
662251,2022-06-11,2022,COL,SD,115,135,1,2,3,1,10,1,663372.0,Ryan Feltner,607259.0,Nick Martinez,621051.0,608032.0,2680,Petco Park,day,R
662222,2022-06-12,2022,COL,SD,115,135,6,2,8,0,9,0,607536.0,Kyle Freeland,669022.0,MacKenzie Gore,607536.0,669022.0,2680,Petco Park,night,R
662830,2022-06-11,2022,TOR,DET,141,116,1,3,4,1,9,0,592332.0,Kevin Gausman,689225.0,Beau Brieske,689225.0,592332.0,2394,Comerica Park,day,R
661160,2022-06-11,2022,PIT,ATL,134,144,4,10,14,1,9,0,605507.0,Zach Thompson,450203.0,Charlie Morton,445926.0,621249.0,4705,Truist Park,day,R
662756,2022-06-11,2022,MIA,HOU,146,117,5,1,6,0,9,0,666129.0,Braxton Garrett,664285.0,Framber Valdez,666129.0,664285.0,2392,Minute Maid Park,day,R
662089,2022-06-11,2022,LAD,SF,119,137,2,3,5,1,9,0,477132.0,Clayton Kershaw,669674.0,Sam Long,666808.0,477132.0,2395,Oracle Park,day,R
661276,2022-06-11,2022,CHC,NYY,112,147,0,8,8,1,9,0,664161.0,Matt Swarmer,656756.0,Jordan Montgomery,656756.0,664161.0,3313,Yankee Stadium,night,R
663412,2022-06-12,2022,NYM,LAA,121,108,6,11,17,1,9,0,471911.0,Carlos Carrasco,547179.0,Michael Lorenzen,547179.0,471911.0,1,Angel Stadium,night,R
662128,2022-06-12,2022,BOS,SEA,111,136,6,7,13,1,9,0,608379.0,Michael Wacha,669923.0,George Kirby,623149.0,570663.0,680,T-Mobile Park,night,R
663083,2022-06-12,2022,OAK,CLE,133,114,3,6,9,1,9,0,608344.0,Cole Irvin,615698.0,Cal Quantrill,615698.0,608344.0,5,Progressive Field,day,R
661622,2022-06-12,2022,ARI,PHI,109,143,13,1,14,0,9,0,669459.0,Kyle Nelson,624133.0,Ranger Suárez,596133.0,624133.0,2681,Citizens Bank Park,day,R
661144,2022-06-12,2022,PIT,ATL,134,144,3,5,8,1,9,0,500779.0,Jose Quintana,657140.0,Kyle Wright,657140.0,500779.0,4705,Truist Park,day,R
661270,2022-06-12,2022,CHC,NYY,112,147,4,18,22,1,9,0,624522.0,Keegan Thompson,592791.0,Jameson Taillon,592791.0,624522.0,3313,Yankee Stadium,day,R
662542,2022-06-12,2022,MIL,WSH,158,120,4,1,5,0,9,0,669920.0,Jason Alexander,502179.0,Paolo Espino,571948.0,502179.0,3309,Nationals Park,day,R
662829,2022-06-12,2022,TOR,DET,141,116,6,0,6,0,9,0,548389.0,Ross Stripling,669373.0,Tarik Skubal,548389.0,669373.0,2394,Comerica Park,day,R
662673,2022-06-12,2022,BAL,KC,110,118,10,7,17,0,9,0,665152.0,Dean Kremer,641745.0,Brad Keller,665152.0,641745.0,7,Kauffman Stadium,day,R
661679,2022-06-12,2022,TB,MIN,139,142,6,0,6,0,9,0,605488.0,Jeffrey Springs,663485.0,Cole Sands,605488.0,663485.0,3312,Target Field,day,R
661483,2022-06-12,2022,TEX,CWS,140,145,8,6,14,0,12,1,592351.0,Jon Gray,656629.0,Michael Kopech,669618.0,641582.0,4,Guaranteed Rate Field,day,R
662758,2022-06-12,2022,MIA,HOU,146,117,4,9,13,1,9,0,665795.0,Edward Cabrera,434378.0,Justin Verlander,434378.0,665795.0,2392,Minute Maid Park,day,R
661975,2022-06-12,2022,CIN,STL,113,138,7,6,13,0,9,0,668933.0,Graham Ashcraft,641712.0,Dakota Hudson,656546.0,641712.0,2889,Busch Stadium,day,R
662085,2022-06-12,2022,LAD,SF,119,137,0,2,2,1,9,0,628711.0,Julio Urías,607074.0,Carlos Rodón,607074.0,628711.0,2395,Oracle Park,day,R
662256,2022-06-12,2022,COL,SD,115,135,4,2,6,0,9,0,608566.0,Germán Márquez,605483.0,Blake Snell,608566.0,472610.0,2680,Petco Park,day,R
662127,2022-06-12,2022,BOS,SEA,111,136,2,0,2,0,9,0,676710.0,Kutter Crawford,592662.0,Robbie Ray,641501.0,623149.0,680,T-Mobile Park,day,R
663397,2022-06-12,2022,NYM,LAA,121,108,4,1,5,0,9,0,592836.0,Taijuan Walker,663776.0,Patrick Sandoval,592836.0,663776.0,1,Angel Stadium,day,R
662505,2022-06-13,2022,ATL,WSH,144,120,9,5,14,0,9,0,666120.0,Ian Anderson,541640.0,Erasmo Ramírez,669276.0,541640.0,3309,Nationals Park,night,R
661629,2022-06-13,2022,MIA,PHI,146,143,2,3,5,1,9,0,645261.0,Sandy Alcantara,605400.0,Aaron Nola,622554.0,542914.0,2681,Citizens Bank Park,night,R
661746,2022-06-13,2022,BAL,TOR,110,141,1,11,12,1,9,0,680694.0,Kyle Bradish,666201.0,Alek Manoah,666201.0,680694.0,14,Rogers Centre,night,R
662828,2022-06-13,2022,CWS,DET,145,116,9,5,14,0,9,0,458681.0,Lance Lynn,665621.0,Rony García,656986.0,665621.0,2394,Comerica Park,night,R
661974,2022-06-13,2022,PIT,STL,134,138,5,7,12,1,9,0,656605.0,Mitch Keller,668868.0,Zack Thompson,606149.0,608717.0,2889,Busch Stadium,night,R
663183,2022-06-14,2022,SD,CHC,135,112,4,1,5,0,9,0,506433.0,Yu Darvish,657006.0,Justin Steele,506433.0,592858.0,17,Wrigley Field,night,R
661881,2022-06-14,2022,HOU,TEX,117,140,3,5,8,1,9,0,664299.0,Cristian Javier,621368.0,Taylor Hearn,656271.0,593576.0,5325,Globe Life Field,night,R
663345,2022-06-14,2022,CIN,ARI,113,109,5,4,9,0,9,0,501985.0,Mike Minor,518876.0,Merrill Kelly,501985.0,518876.0,15,Chase Field,night,R
662069,2022-06-14,2022,KC,SF,118,137,2,6,8,1,9,0,663903.0,Brady Singer,622072.0,Alex Wood,622072.0,607237.0,2395,Oracle Park,night,R
662126,2022-06-14,2022,MIN,SEA,142,136,3,2,5,0,9,0,502042.0,Chris Archer,623167.0,Chris Flexen,573204.0,623167.0,680,T-Mobile Park,night,R
662018,2022-06-14,2022,PIT,STL,134,138,1,3,4,1,9,0,664141.0,JT Brubaker,669461.0,Matthew Liberatore,669461.0,664141.0,2889,Busch Stadium,day,R
661973,2022-06-14,2022,PIT,STL,134,138,1,9,10,1,9,0,669060.0,Bryse Wilson,571945.0,Miles Mikolas,571945.0,669060.0,2889,Busch Stadium,night,R
662503,2022-06-14,2022,ATL,WSH,144,120,10,4,14,0,9,0,608331.0,Max Fried,676194.0,Jackson Tetreault,608331.0,676194.0,3309,Nationals Park,night,R
661616,2022-06-14,2022,MIA,PHI,146,143,11,9,20,0,9,0,669432.0,Trevor Rogers,621107.0,Zach Eflin,595345.0,608349.0,2681,Citizens Bank Park,night,R
661328,2022-06-14,2022,TB,NYY,139,147,0,2,2,1,9,0,446372.0,Corey Kluber,543037.0,Gerrit Cole,543037.0,446372.0,3313,Yankee Stadium,night,R
661745,2022-06-14,2022,BAL,TOR,110,141,6,5,11,0,9,0,543475.0,Jordan Lyles,579328.0,Yusei Kikuchi,543475.0,579328.0,14,Rogers Centre,night,R
663279,2022-06-14,2022,OAK,BOS,133,111,1,6,7,1,9,0,657649.0,Jared Koenig,601713.0,Nick Pivetta,601713.0,657649.0,3,Fenway Park,night,R
662884,2022-06-14,2022,CWS,DET,145,116,5,1,6,0,9,0,656302.0,Dylan Cease,571800.0,Drew Hutchison,656302.0,571800.0,2394,Comerica Park,night,R
662441,2022-06-14,2022,MIL,NYM,158,121,0,4,4,1,9,0,605288.0,Adrian Houser,605135.0,Chris Bassitt,605135.0,605288.0,3289,Citi Field,night,R
663182,2022-06-15,2022,SD,CHC,135,112,12,5,17,0,9,0,640455.0,Sean Manaea,543294.0,Kyle Hendricks,667725.0,664123.0,17,Wrigley Field,night,R
661880,2022-06-15,2022,HOU,TEX,117,140,4,3,7,0,9,0,664353.0,José Urquidy,641540.0,Dane Dunning,650556.0,667463.0,5325,Globe Life Field,night,R
662935,2022-06-15,2022,CLE,COL,114,115,4,3,7,0,10,1,669456.0,Shane Bieber,622608.0,Antonio Senzatela,543766.0,596112.0,19,Coors Field,night,R
663342,2022-06-15,2022,CIN,ARI,113,109,5,3,8,0,12,1,641816.0,Tyler Mahle,605200.0,Zach Davies,570666.0,664092.0,15,Chase Field,night,R
662068,2022-06-15,2022,KC,SF,118,137,2,4,6,1,9,0,663460.0,Kris Bubic,657277.0,Logan Webb,657277.0,663460.0,2395,Oracle Park,night,R
662611,2022-06-15,2022,LAA,LAD,108,119,0,2,2,1,9,0,592789.0,Noah Syndergaard,664062.0,Tony Gonsolin,664062.0,592789.0,22,Dodger Stadium,night,R
662125,2022-06-15,2022,MIN,SEA,142,136,0,5,5,1,9,0,657746.0,Joe Ryan,669302.0,Logan Gilbert,669302.0,657746.0,680,T-Mobile Park,night,R
661583,2022-06-15,2022,MIA,PHI,146,143,1,3,4,1,9,0,641447.0,Daniel Castano,502043.0,Kyle Gibson,641401.0,656945.0,2681,Citizens Bank Park,day,R
662883,2022-06-15,2022,CWS,DET,145,116,13,0,13,0,9,0,592826.0,Vince Velasquez,656412.0,Alex Faedo,663436.0,656412.0,2394,Comerica Park,day,R
661845,2022-06-15,2022,HOU,TEX,117,140,9,2,11,0,9,0,677651.0,Luis Garcia,668338.0,Tyson Miller,677651.0,668338.0,5325,Globe Life Field,day,R
663336,2022-06-15,2022,CIN,ARI,113,109,4,7,11,1,9,0,622491.0,Luis Castillo,668678.0,Zac Gallen,598287.0,605521.0,15,Chase Field,day,R
662082,2022-06-15,2022,KC,SF,118,137,3,2,5,0,9,0,669169.0,Jonathan Heasley,669674.0,Sam Long,621016.0,605154.0,2395,Oracle Park,day,R
662173,2022-06-15,2022,MIN,SEA,142,136,5,0,5,0,9,0,543243.0,Sonny Gray,594835.0,Marco Gonzales,643377.0,594835.0,680,T-Mobile Park,day,R
662504,2022-06-15,2022,ATL,WSH,144,120,8,2,10,0,9,0,675911.0,Spencer Strider,607200.0,Erick Fedde,675911.0,607200.0,3309,Nationals Park,night,R
661327,2022-06-15,2022,TB,NYY,139,147,3,4,7,1,9,0,663556.0,Shane McClanahan,641482.0,Nestor Cortes,641482.0,663556.0,3313,Yankee Stadium,night,R
661744,2022-06-15,2022,BAL,TOR,110,141,6,7,13,1,10,1,669145.0,Bruce Zimmermann,621244.0,José Berríos,643256.0,642585.0,14,Rogers Centre,night,R
663235,2022-06-15,2022,OAK,BOS,133,111,1,10,11,1,9,0,621076.0,James Kaprielian,670174.0,Josh Winckowski,670174.0,621076.0,3,Fenway Park,night,R
662480,2022-06-15,2022,MIL,NYM,158,121,10,2,12,0,9,0,669203.0,Corbin Burnes,656849.0,David Peterson,669203.0,656849.0,3289,Citi Field,night,R
661972,2022-06-15,2022,PIT,STL,134,138,6,4,10,0,9,0,672710.0,Roansy Contreras,656427.0,Jack Flaherty,640444.0,669467.0,2889,Busch Stadium,night,R
663155,2022-06-16,2022,SD,CHC,135,112,19,5,24,0,9,0,677960.0,Ryan Weathers,668873.0,Caleb Kilian,489334.0,668873.0,17,Wrigley Field,night,R
662893,2022-06-16,2022,CLE,COL,114,115,7,5,12,0,9,0,663455.0,Konnor Pilkington,596295.0,Austin Gomber,543766.0,596295.0,19,Coors Field,night,R
662694,2022-06-16,2022,LAA,LAD,108,119,1,4,5,1,9,0,672282.0,Reid Detmers,542881.0,Tyler Anderson,542881.0,672282.0,22,Dodger Stadium,night,R
663267,2022-06-16,2022,OAK,BOS,133,111,4,3,7,0,9,0,621112.0,Paul Blackburn,448179.0,Rich Hill,621112.0,448179.0,3,Fenway Park,day,R
663125,2022-06-16,2022,SD,CHC,135,112,6,4,10,0,9,0,605397.0,Joe Musgrove,664161.0,Matt Swarmer,605397.0,664161.0,17,Wrigley Field,day,R
661743,2022-06-16,2022,BAL,TOR,110,141,10,2,12,0,9,0,669330.0,Tyler Wells,592332.0,Kevin Gausman,669330.0,592332.0,14,Rogers Centre,day,R
662986,2022-06-16,2022,CLE,COL,114,115,4,2,6,0,9,0,663474.0,Triston McKenzie,641771.0,Chad Kuhl,663474.0,641771.0,19,Coors Field,day,R
662501,2022-06-16,2022,PHI,WSH,143,120,10,1,11,0,9,0,554430.0,Zack Wheeler,571578.0,Patrick Corbin,554430.0,571578.0,3309,Nationals Park,night,R
661326,2022-06-16,2022,TB,NYY,139,147,1,2,3,1,9,0,656222.0,Jalen Beeks,657376.0,Clarke Schmidt,650633.0,542888.0,3313,Yankee Stadium,night,R
662827,2022-06-16,2022,TEX,DET,140,116,3,1,4,0,9,0,527048.0,Martín Pérez,689225.0,Beau Brieske,642701.0,642397.0,2394,Comerica Park,night,R
662535,2022-06-16,2022,MIL,NYM,158,121,4,5,9,1,9,0,676879.0,Aaron Ashby,656731.0,Tylor Megill,622098.0,608718.0,3289,Citi Field,night,R
662172,2022-06-17,2022,LAA,SEA,108,136,4,1,5,0,9,0,660271.0,Shohei Ohtani,669923.0,George Kirby,660271.0,669923.0,680,T-Mobile Park,night,R
662580,2022-06-17,2022,PHI,WSH,143,120,5,3,8,0,9,0,624133.0,Ranger Suárez,672851.0,Joan Adon,624133.0,672851.0,3309,Nationals Park,day,R
662502,2022-06-17,2022,PHI,WSH,143,120,8,7,15,0,10,1,663559.0,Bailey Falter,502179.0,Paolo Espino,621237.0,518553.0,3309,Nationals Park,night,R
663124,2022-06-17,2022,ATL,CHC,144,112,0,1,1,1,9,0,450203.0,Charlie Morton,624522.0,Keegan Thompson,455119.0,621345.0,17,Wrigley Field,day,R
661093,2022-06-17,2022,TB,BAL,139,110,0,1,1,1,9,0,669358.0,Shane Baz,665152.0,Dean Kremer,642585.0,676534.0,2,Oriole Park at Camden Yards,night,R
663063,2022-06-17,2022,MIL,CIN,158,113,5,4,9,0,9,0,641778.0,Eric Lauer,668881.0,Hunter Greene,641778.0,446321.0,2602,Great American Ball Park,night,R
662437,2022-06-17,2022,SF,PIT,137,134,2,0,2,0,9,0,607074.0,Carlos Rodón,605507.0,Zach Thompson,607074.0,605507.0,31,PNC Park,night,R
661742,2022-06-17,2022,NYY,TOR,147,141,12,3,15,0,9,0,656756.0,Jordan Montgomery,548389.0,Ross Stripling,656756.0,548389.0,14,Rogers Centre,night,R
663256,2022-06-17,2022,STL,BOS,138,111,5,6,11,1,9,0,425794.0,Adam Wainwright,608379.0,Michael Wacha,608379.0,425794.0,3,Fenway Park,night,R
662826,2022-06-17,2022,TEX,DET,140,116,7,0,7,0,9,0,592351.0,Jon Gray,669373.0,Tarik Skubal,592351.0,669373.0,2394,Comerica Park,night,R
662534,2022-06-17,2022,MIA,NYM,146,121,4,10,14,1,9,0,641154.0,Pablo López,471911.0,Carlos Carrasco,471911.0,641154.0,3289,Citi Field,night,R
662757,2022-06-18,2022,CWS,HOU,145,117,3,13,16,1,9,0,608337.0,Lucas Giolito,664285.0,Framber Valdez,664285.0,608337.0,2392,Minute Maid Park,night,R
662985,2022-06-18,2022,SD,COL,135,115,4,10,14,1,9,0,669022.0,MacKenzie Gore,607536.0,Kyle Freeland,607536.0,669022.0,19,Coors Field,night,R
662362,2022-06-18,2022,KC,OAK,118,133,5,1,6,0,9,0,663738.0,Daniel Lynch IV,593423.0,Frankie Montas,663738.0,593423.0,10,Oakland Coliseum,night,R
663335,2022-06-18,2022,MIN,ARI,142,109,2,7,9,1,9,0,656970.0,Devin Smeltzer,518516.0,Madison Bumgarner,518516.0,656970.0,15,Chase Field,night,R
662719,2022-06-18,2022,CLE,LAD,114,119,2,1,3,0,10,1,668676.0,Zach Plesac,477132.0,Clayton Kershaw,543238.0,623465.0,22,Dodger Stadium,night,R
662171,2022-06-18,2022,LAA,SEA,108,136,1,8,9,1,9,0,547179.0,Michael Lorenzen,592662.0,Robbie Ray,592662.0,547179.0,680,T-Mobile Park,night,R
663239,2022-06-18,2022,ATL,CHC,144,112,3,6,9,1,9,0,657140.0,Kyle Wright,657006.0,Justin Steele,657006.0,657140.0,17,Wrigley Field,day,R
661748,2022-06-18,2022,NYY,TOR,147,141,4,0,4,0,9,0,592791.0,Jameson Taillon,666201.0,Alek Manoah,592791.0,666201.0,14,Rogers Centre,day,R
661123,2022-06-18,2022,SF,PIT,137,134,7,5,12,0,9,0,622072.0,Alex Wood,500779.0,Jose Quintana,622072.0,640444.0,31,PNC Park,day,R
661127,2022-06-18,2022,TB,BAL,139,110,7,6,13,0,9,0,605488.0,Jeffrey Springs,680694.0,Kyle Bradish,676534.0,622253.0,2,Oriole Park at Camden Yards,day,R
662368,2022-06-18,2022,KC,OAK,118,133,2,0,2,0,9,0,641745.0,Brad Keller,608344.0,Cole Irvin,641745.0,608344.0,10,Oakland Coliseum,day,R
662194,2022-06-18,2022,LAA,SEA,108,136,4,2,6,0,10,1,663776.0,Patrick Sandoval,623167.0,Chris Flexen,628452.0,650895.0,680,T-Mobile Park,day,R
662170,2022-06-19,2022,LAA,SEA,108,136,3,0,3,0,9,0,660761.0,José Suarez,682171.0,Penn Murfee,623474.0,543548.0,680,T-Mobile Park,night,R
662802,2022-06-18,2022,TEX,DET,140,116,7,14,21,1,9,0,621368.0,Taylor Hearn,665621.0,Rony García,665621.0,621368.0,2394,Comerica Park,day,R
662752,2022-06-18,2022,CWS,HOU,145,117,7,0,7,0,9,0,456501.0,Johnny Cueto,434378.0,Justin Verlander,456501.0,434378.0,2392,Minute Maid Park,day,R
662533,2022-06-18,2022,MIA,NYM,146,121,2,3,5,1,9,0,666129.0,Braxton Garrett,592836.0,Taijuan Walker,592836.0,666129.0,3289,Citi Field,day,R
663062,2022-06-18,2022,MIL,CIN,158,113,7,3,10,0,9,0,669920.0,Jason Alexander,668933.0,Graham Ashcraft,669920.0,668933.0,2602,Great American Ball Park,day,R
662500,2022-06-18,2022,PHI,WSH,143,120,2,1,3,0,10,1,605400.0,Aaron Nola,680686.0,Josiah Gray,543272.0,657585.0,3309,Nationals Park,day,R
662686,2022-06-18,2022,CLE,LAD,114,119,1,7,8,1,9,0,615698.0,Cal Quantrill,628711.0,Julio Urías,628711.0,615698.0,22,Dodger Stadium,day,R
663255,2022-06-18,2022,STL,BOS,138,111,11,2,13,0,9,0,641712.0,Dakota Hudson,676710.0,Kutter Crawford,641712.0,676710.0,3,Fenway Park,night,R
662999,2022-06-19,2022,SD,COL,135,115,4,5,9,1,9,0,607259.0,Nick Martinez,608566.0,Germán Márquez,517008.0,472610.0,19,Coors Field,night,R
663351,2022-06-19,2022,MIN,ARI,142,109,11,1,12,0,9,0,605164.0,Dylan Bundy,596133.0,Luke Weaver,605164.0,596133.0,15,Chase Field,night,R
662553,2022-06-19,2022,PHI,WSH,143,120,3,9,12,1,9,0,621107.0,Zach Eflin,676194.0,Jackson Tetreault,676194.0,621107.0,3309,Nationals Park,day,R
661122,2022-06-19,2022,SF,PIT,137,134,3,4,7,1,9,0,502171.0,Alex Cobb,656605.0,Mitch Keller,670280.0,643511.0,31,PNC Park,day,R
663254,2022-06-19,2022,STL,BOS,138,111,4,6,10,1,9,0,669467.0,Andre Pallante,601713.0,Nick Pivetta,601713.0,669467.0,3,Fenway Park,day,R
661074,2022-06-19,2022,TB,BAL,139,110,1,2,3,1,9,0,446372.0,Corey Kluber,608723.0,Austin Voth,663989.0,446372.0,2,Oriole Park at Camden Yards,day,R
661741,2022-06-19,2022,NYY,TOR,147,141,9,10,19,1,9,0,622663.0,Luis Severino,579328.0,Yusei Kikuchi,554340.0,593974.0,14,Rogers Centre,day,R
662807,2022-06-19,2022,TEX,DET,140,116,3,7,10,1,9,0,641540.0,Dane Dunning,571800.0,Drew Hutchison,656638.0,641540.0,2394,Comerica Park,day,R
662532,2022-06-19,2022,MIA,NYM,146,121,6,2,8,0,9,0,645261.0,Sandy Alcantara,605135.0,Chris Bassitt,645261.0,605135.0,3289,Citi Field,day,R
663061,2022-06-19,2022,MIL,CIN,158,113,6,3,9,0,9,0,605288.0,Adrian Houser,501985.0,Mike Minor,605288.0,501985.0,2602,Great American Ball Park,day,R
663218,2022-06-19,2022,ATL,CHC,144,112,6,0,6,0,9,0,666120.0,Ian Anderson,543294.0,Kyle Hendricks,666120.0,543294.0,17,Wrigley Field,day,R
662998,2022-06-19,2022,SD,COL,135,115,3,8,11,1,9,0,605483.0,Blake Snell,622608.0,Antonio Senzatela,622608.0,605483.0,19,Coors Field,day,R
662361,2022-06-19,2022,KC,OAK,118,133,0,4,4,1,9,0,663903.0,Brady Singer,657649.0,Jared Koenig,657649.0,663903.0,10,Oakland Coliseum,day,R
662590,2022-06-19,2022,CLE,LAD,114,119,5,3,8,0,9,0,669456.0,Shane Bieber,571760.0,Andrew Heaney,669212.0,518886.0,22,Dodger Stadium,day,R
662169,2022-06-19,2022,LAA,SEA,108,136,4,0,4,0,9,0,670046.0,Kenny Rosenberg,669302.0,Logan Gilbert,681806.0,669302.0,680,T-Mobile Park,day,R
663334,2022-06-19,2022,MIN,ARI,142,109,1,7,8,1,9,0,502042.0,Chris Archer,518876.0,Merrill Kelly,518876.0,502042.0,15,Chase Field,day,R
662751,2022-06-19,2022,CWS,HOU,145,117,3,4,7,1,9,0,656629.0,Michael Kopech,664299.0,Cristian Javier,664299.0,656629.0,2392,Minute Maid Park,night,R
662522,2022-06-20,2022,MIA,NYM,146,121,0,6,6,1,9,0,669432.0,Trevor Rogers,656849.0,David Peterson,656849.0,669432.0,3289,Citi Field,day,R
661121,2022-06-20,2022,CHC,PIT,112,134,1,12,13,1,9,0,668873.0,Caleb Kilian,664141.0,JT Brubaker,664141.0,668873.0,31,PNC Park,night,R
663253,2022-06-20,2022,DET,BOS,116,111,2,5,7,1,9,0,656412.0,Alex Faedo,670174.0,Josh Winckowski,670174.0,656412.0,3,Fenway Park,night,R
661893,2022-06-20,2022,NYY,TB,147,139,4,2,6,0,9,0,543037.0,Gerrit Cole,663556.0,Shane McClanahan,593974.0,592094.0,12,Tropicana Field,night,R
661143,2022-06-20,2022,SF,ATL,137,144,1,2,3,1,9,0,657277.0,Logan Webb,608331.0,Max Fried,445276.0,666808.0,4705,Truist Park,night,R
661482,2022-06-21,2022,TOR,CWS,141,145,7,8,15,1,9,0,621244.0,José Berríos,458681.0,Lance Lynn,458681.0,621244.0,4,Guaranteed Rate Field,night,R
661186,2022-06-21,2022,STL,MIL,138,158,0,2,2,1,9,0,571945.0,Miles Mikolas,669203.0,Corbin Burnes,669203.0,571945.0,32,American Family Field,night,R
663443,2022-06-21,2022,KC,LAA,118,108,6,2,8,0,9,0,663460.0,Kris Bubic,592789.0,Noah Syndergaard,663460.0,592789.0,1,Angel Stadium,night,R
662221,2022-06-21,2022,ARI,SD,109,135,1,4,5,1,9,0,605200.0,Zach Davies,506433.0,Yu Darvish,506433.0,605200.0,2680,Petco Park,night,R
663041,2022-06-21,2022,LAD,CIN,119,113,8,2,10,0,9,0,664062.0,Tony Gonsolin,641816.0,Tyler Mahle,664062.0,641816.0,2602,Great American Ball Park,night,R
661148,2022-06-21,2022,COL,MIA,115,146,8,9,17,1,9,0,663372.0,Ryan Feltner,641447.0,Daniel Castano,595345.0,517008.0,4169,loanDepot park,night,R
661198,2022-06-21,2022,WSH,BAL,120,110,3,0,3,0,9,0,607200.0,Erick Fedde,543475.0,Jordan Lyles,607200.0,543475.0,2,Oriole Park at Camden Yards,night,R
661124,2022-06-21,2022,CHC,PIT,112,134,1,7,8,1,9,0,664161.0,Matt Swarmer,672710.0,Roansy Contreras,672710.0,664161.0,31,PNC Park,night,R
663246,2022-06-21,2022,DET,BOS,116,111,4,5,9,1,9,0,689225.0,Beau Brieske,448179.0,Rich Hill,448179.0,689225.0,3,Fenway Park,night,R
661890,2022-06-21,2022,NYY,TB,147,139,4,5,9,1,9,0,641482.0,Nestor Cortes,656222.0,Jalen Beeks,542888.0,641482.0,12,Tropicana Field,night,R
661142,2022-06-21,2022,SF,ATL,137,144,12,10,22,0,9,0,543101.0,Anthony DeSclafani,675911.0,Spencer Strider,643511.0,503285.0,4705,Truist Park,night,R
661677,2022-06-21,2022,CLE,MIN,114,142,6,5,11,0,11,1,650644.0,Aaron Civale,657746.0,Joe Ryan,663986.0,643377.0,3312,Target Field,night,R
661846,2022-06-22,2022,PHI,TEX,143,140,0,7,7,1,9,0,502043.0,Kyle Gibson,527048.0,Martín Pérez,527048.0,502043.0,5325,Globe Life Field,night,R
662750,2022-06-22,2022,NYM,HOU,121,117,2,8,10,1,9,0,592866.0,Trevor Williams,664353.0,José Urquidy,664353.0,592866.0,2392,Minute Maid Park,night,R
661481,2022-06-22,2022,TOR,CWS,141,145,6,7,13,1,12,1,592332.0,Kevin Gausman,656302.0,Dylan Cease,592826.0,657424.0,4,Guaranteed Rate Field,night,R
661192,2022-06-22,2022,STL,MIL,138,158,6,2,8,0,9,0,656427.0,Jack Flaherty,592346.0,Chi Chi González,668868.0,592346.0,32,American Family Field,night,R
663442,2022-06-22,2022,KC,LAA,118,108,12,11,23,0,11,1,669169.0,Jonathan Heasley,672282.0,Reid Detmers,669395.0,650671.0,1,Angel Stadium,night,R
662248,2022-06-22,2022,ARI,SD,109,135,2,3,5,1,11,1,668678.0,Zac Gallen,640455.0,Sean Manaea,657612.0,453178.0,2680,Petco Park,night,R
662360,2022-06-22,2022,SEA,OAK,136,133,8,2,10,0,9,0,594835.0,Marco Gonzales,621076.0,James Kaprielian,594835.0,621076.0,10,Oakland Coliseum,night,R
662749,2022-06-22,2022,NYM,HOU,121,117,3,5,8,1,9,0,471911.0,Carlos Carrasco,677651.0,Luis Garcia,677651.0,471911.0,2392,Minute Maid Park,day,R
661457,2022-06-22,2022,TOR,CWS,141,145,9,5,14,0,9,0,548389.0,Ross Stripling,608337.0,Lucas Giolito,548389.0,608337.0,4,Guaranteed Rate Field,day,R
661851,2022-06-22,2022,PHI,TEX,143,140,2,4,6,1,9,0,554430.0,Zack Wheeler,592351.0,Jon Gray,592351.0,554430.0,5325,Globe Life Field,day,R
662245,2022-06-22,2022,ARI,SD,109,135,4,10,14,1,9,0,518516.0,Madison Bumgarner,605182.0,Mike Clevinger,670970.0,518516.0,2680,Petco Park,day,R
663040,2022-06-22,2022,LAD,CIN,119,113,8,4,12,0,9,0,542881.0,Tyler Anderson,622491.0,Luis Castillo,681911.0,446321.0,2602,Great American Ball Park,night,R
661393,2022-06-22,2022,COL,MIA,115,146,4,7,11,1,9,0,641771.0,Chad Kuhl,641154.0,Pablo López,641154.0,641771.0,4169,loanDepot park,night,R
661246,2022-06-22,2022,WSH,BAL,120,110,0,7,7,1,6,0,571578.0,Patrick Corbin,669330.0,Tyler Wells,669330.0,571578.0,2,Oriole Park at Camden Yards,night,R
661107,2022-06-22,2022,CHC,PIT,112,134,14,5,19,0,9,0,624522.0,Keegan Thompson,595191.0,Jerad Eickhoff,624522.0,595191.0,31,PNC Park,night,R
663252,2022-06-22,2022,DET,BOS,116,111,2,6,8,1,9,0,669373.0,Tarik Skubal,608379.0,Michael Wacha,608379.0,669373.0,3,Fenway Park,night,R
661889,2022-06-22,2022,NYY,TB,147,139,5,4,9,0,9,0,656756.0,Jordan Montgomery,669358.0,Shane Baz,657376.0,621248.0,12,Tropicana Field,night,R
661141,2022-06-22,2022,SF,ATL,137,144,3,4,7,1,9,0,607074.0,Carlos Rodón,450203.0,Charlie Morton,621345.0,459429.0,4705,Truist Park,night,R
661690,2022-06-22,2022,CLE,MIN,114,142,11,10,21,0,9,0,663474.0,Triston McKenzie,543243.0,Sonny Gray,656529.0,643377.0,3312,Target Field,night,R
661230,2022-06-23,2022,STL,MIL,138,158,5,4,9,0,9,0,425794.0,Adam Wainwright,641778.0,Eric Lauer,670912.0,641778.0,32,American Family Field,night,R
662359,2022-06-23,2022,SEA,OAK,136,133,9,0,9,0,9,0,669923.0,George Kirby,621112.0,Paul Blackburn,669923.0,621112.0,10,Oakland Coliseum,night,R
663389,2022-06-23,2022,KC,LAA,118,108,0,5,5,1,9,0,663738.0,Daniel Lynch IV,660271.0,Shohei Ohtani,660271.0,663738.0,1,Angel Stadium,night,R
661392,2022-06-23,2022,COL,MIA,115,146,2,3,5,1,9,0,607536.0,Kyle Freeland,666129.0,Braxton Garrett,595345.0,517008.0,4169,loanDepot park,day,R
661140,2022-06-23,2022,SF,ATL,137,144,6,7,13,1,9,0,622072.0,Alex Wood,657140.0,Kyle Wright,657140.0,622072.0,4705,Truist Park,day,R
663039,2022-06-23,2022,LAD,CIN,119,113,10,5,15,0,9,0,477132.0,Clayton Kershaw,668881.0,Hunter Greene,477132.0,668881.0,2602,Great American Ball Park,day,R
661106,2022-06-23,2022,CHC,PIT,112,134,7,8,15,1,10,1,657006.0,Justin Steele,500779.0,Jose Quintana,608717.0,664123.0,31,PNC Park,day,R
661685,2022-06-23,2022,CLE,MIN,114,142,0,1,1,1,9,0,668676.0,Zach Plesac,656970.0,Devin Smeltzer,656970.0,668676.0,3312,Target Field,day,R
661183,2022-06-23,2022,STL,MIL,138,158,4,6,10,1,9,0,641712.0,Dakota Hudson,669920.0,Jason Alexander,669920.0,641712.0,32,American Family Field,day,R
662358,2022-06-23,2022,SEA,OAK,136,133,2,1,3,0,9,0,592662.0,Robbie Ray,593423.0,Frankie Montas,650895.0,667427.0,10,Oakland Coliseum,day,R
661325,2022-06-23,2022,HOU,NYY,117,147,6,7,13,1,9,0,664285.0,Framber Valdez,592791.0,Jameson Taillon,612434.0,519151.0,3313,Yankee Stadium,night,R
661456,2022-06-24,2022,BAL,CWS,110,145,4,0,4,0,9,0,665152.0,Dean Kremer,456501.0,Johnny Cueto,665152.0,456501.0,4,Guaranteed Rate Field,night,R
662227,2022-06-24,2022,PHI,SD,143,135,6,2,8,0,9,0,624133.0,Ranger Suárez,605397.0,Joe Musgrove,624133.0,605397.0,2680,Petco Park,night,R
661382,2022-06-24,2022,NYM,MIA,121,146,5,3,8,0,9,0,592836.0,Taijuan Walker,645261.0,Sandy Alcantara,592836.0,645261.0,4169,loanDepot park,night,R
661274,2022-06-24,2022,HOU,NYY,117,147,3,1,4,0,9,0,434378.0,Justin Verlander,622663.0,Luis Severino,434378.0,622663.0,3313,Yankee Stadium,night,R
663054,2022-06-24,2022,BOS,CLE,111,114,6,3,9,0,9,0,601713.0,Nick Pivetta,615698.0,Cal Quantrill,601713.0,543766.0,5,Progressive Field,night,R
661888,2022-06-24,2022,PIT,TB,134,139,3,4,7,1,10,1,656605.0,Mitch Keller,605488.0,Jeffrey Springs,592094.0,660787.0,12,Tropicana Field,night,R
661139,2022-06-24,2022,LAD,ATL,119,144,4,1,5,0,9,0,628711.0,Julio Urías,666120.0,Ian Anderson,628711.0,666120.0,4705,Truist Park,night,R
661844,2022-06-25,2022,WSH,TEX,120,140,2,1,3,0,9,0,502179.0,Paolo Espino,641540.0,Dane Dunning,605218.0,642701.0,5325,Globe Life Field,night,R
662664,2022-06-25,2022,OAK,KC,133,118,1,3,4,1,9,0,608344.0,Cole Irvin,425844.0,Zack Greinke,425844.0,608344.0,7,Kauffman Stadium,night,R
661684,2022-06-25,2022,COL,MIN,115,142,1,0,1,0,9,0,608566.0,Germán Márquez,605164.0,Dylan Bundy,608566.0,605164.0,3312,Target Field,night,R
661455,2022-06-25,2022,BAL,CWS,110,145,4,1,5,0,9,0,608723.0,Austin Voth,656629.0,Michael Kopech,607216.0,656629.0,4,Guaranteed Rate Field,night,R
661190,2022-06-25,2022,TOR,MIL,141,158,9,4,13,0,9,0,666201.0,Alek Manoah,605288.0,Adrian Houser,666201.0,605288.0,32,American Family Field,night,R
661971,2022-06-25,2022,CHC,STL,112,138,3,0,3,0,9,0,543294.0,Kyle Hendricks,669467.0,Andre Pallante,543294.0,669467.0,2889,Busch Stadium,night,R
663388,2022-06-25,2022,SEA,LAA,136,108,4,3,7,0,9,0,623167.0,Chris Flexen,547179.0,Michael Lorenzen,623167.0,547179.0,1,Angel Stadium,night,R
663333,2022-06-25,2022,DET,ARI,116,109,5,1,6,0,9,0,665621.0,Rony García,518876.0,Merrill Kelly,665621.0,518876.0,15,Chase Field,night,R
662255,2022-06-25,2022,PHI,SD,143,135,0,1,1,1,9,0,605400.0,Aaron Nola,669022.0,MacKenzie Gore,622503.0,605400.0,2680,Petco Park,night,R
662067,2022-06-25,2022,CIN,SF,113,137,4,2,6,0,9,0,668933.0,Graham Ashcraft,502171.0,Alex Cobb,668933.0,502171.0,2395,Oracle Park,night,R
661271,2022-06-25,2022,HOU,NYY,117,147,3,0,3,0,9,0,664299.0,Cristian Javier,543037.0,Gerrit Cole,664299.0,543037.0,3313,Yankee Stadium,day,R
661887,2022-06-25,2022,PIT,TB,134,139,5,6,11,1,9,0,664141.0,JT Brubaker,446372.0,Corey Kluber,621248.0,670280.0,12,Tropicana Field,day,R
661454,2022-06-25,2022,BAL,CWS,110,145,6,2,8,0,9,0,657093.0,Spenser Watkins,458681.0,Lance Lynn,657093.0,458681.0,4,Guaranteed Rate Field,day,R
661970,2022-06-25,2022,CHC,STL,112,138,3,5,8,1,9,0,592716.0,Adrian Sampson,571945.0,Miles Mikolas,664854.0,643410.0,2889,Busch Stadium,day,R
661898,2022-06-25,2022,WSH,TEX,120,140,2,3,5,1,9,0,680686.0,Josiah Gray,656685.0,Brett Martin,669618.0,640448.0,5325,Globe Life Field,day,R
662672,2022-06-25,2022,OAK,KC,133,118,9,7,16,0,9,0,657649.0,Jared Koenig,641745.0,Brad Keller,667427.0,641745.0,7,Kauffman Stadium,day,R
661381,2022-06-25,2022,NYM,MIA,121,146,5,3,8,0,9,0,605135.0,Chris Bassitt,669432.0,Trevor Rogers,605135.0,642231.0,4169,loanDepot park,day,R
661264,2022-06-25,2022,TOR,MIL,141,158,4,5,9,1,9,0,579328.0,Yusei Kikuchi,669203.0,Corbin Burnes,669203.0,579328.0,32,American Family Field,day,R
663042,2022-06-25,2022,BOS,CLE,111,114,4,2,6,0,9,0,670174.0,Josh Winckowski,669456.0,Shane Bieber,670174.0,669456.0,5,Progressive Field,night,R
662083,2022-06-25,2022,CIN,SF,113,137,2,9,11,1,9,0,501985.0,Mike Minor,657277.0,Logan Webb,657277.0,501985.0,2395,Oracle Park,day,R
661686,2022-06-25,2022,COL,MIN,115,142,0,6,6,1,9,0,622608.0,Antonio Senzatela,502042.0,Chris Archer,502042.0,622608.0,3312,Target Field,night,R
661138,2022-06-25,2022,LAD,ATL,119,144,3,5,8,1,9,0,669952.0,Mitch White,608331.0,Max Fried,621345.0,660813.0,4705,Truist Park,night,R
663441,2022-06-26,2022,SEA,LAA,136,108,5,3,8,0,9,0,669302.0,Logan Gilbert,663776.0,Patrick Sandoval,669302.0,605151.0,1,Angel Stadium,night,R
663346,2022-06-26,2022,DET,ARI,116,109,6,3,9,0,9,0,656412.0,Alex Faedo,605200.0,Zach Davies,641302.0,573009.0,15,Chase Field,night,R
662247,2022-06-26,2022,PHI,SD,143,135,4,2,6,0,9,0,621107.0,Zach Eflin,605483.0,Blake Snell,621107.0,605483.0,2680,Petco Park,night,R
661380,2022-06-26,2022,NYM,MIA,121,146,2,3,5,1,9,0,656849.0,David Peterson,641447.0,Daniel Castano,656945.0,493603.0,4169,loanDepot park,day,R
661273,2022-06-26,2022,HOU,NYY,117,147,3,6,9,1,10,1,664353.0,José Urquidy,641482.0,Nestor Cortes,650633.0,661527.0,3313,Yankee Stadium,day,R
663121,2022-06-26,2022,BOS,CLE,111,114,8,3,11,0,9,0,448179.0,Rich Hill,650644.0,Aaron Civale,448179.0,650644.0,5,Progressive Field,day,R
661886,2022-06-26,2022,PIT,TB,134,139,2,4,6,1,9,0,672710.0,Roansy Contreras,663556.0,Shane McClanahan,663556.0,595881.0,12,Tropicana Field,day,R
662665,2022-06-26,2022,OAK,KC,133,118,5,3,8,0,9,0,621076.0,James Kaprielian,663903.0,Brady Singer,642758.0,663903.0,7,Kauffman Stadium,day,R
661692,2022-06-26,2022,COL,MIN,115,142,3,6,9,1,9,0,663372.0,Ryan Feltner,657746.0,Joe Ryan,657746.0,663372.0,3312,Target Field,day,R
661453,2022-06-26,2022,BAL,CWS,110,145,3,4,7,1,9,0,543475.0,Jordan Lyles,656302.0,Dylan Cease,656302.0,543475.0,4,Guaranteed Rate Field,day,R
661206,2022-06-26,2022,TOR,MIL,141,158,3,10,13,1,9,0,621244.0,José Berríos,592346.0,Chi Chi González,594311.0,621244.0,32,American Family Field,day,R
661969,2022-06-26,2022,CHC,STL,112,138,6,5,11,0,10,1,621219.0,Alec Mills,656427.0,Jack Flaherty,502085.0,668868.0,2889,Busch Stadium,day,R
661847,2022-06-26,2022,WSH,TEX,120,140,6,4,10,0,9,0,676194.0,Jackson Tetreault,657248.0,Glenn Otto Jr.,676194.0,657248.0,5325,Globe Life Field,day,R
662061,2022-06-26,2022,CIN,SF,113,137,10,3,13,0,9,0,641816.0,Tyler Mahle,543101.0,Anthony DeSclafani,641816.0,543101.0,2395,Oracle Park,day,R
663387,2022-06-26,2022,SEA,LAA,136,108,1,2,3,1,9,0,594835.0,Marco Gonzales,681806.0,Andrew Wantz,660761.0,594835.0,1,Angel Stadium,day,R
663331,2022-06-26,2022,DET,ARI,116,109,7,11,18,1,9,0,689225.0,Beau Brieske,572971.0,Dallas Keuchel,605525.0,676684.0,15,Chase Field,day,R
662254,2022-06-26,2022,PHI,SD,143,135,8,5,13,0,9,0,502043.0,Kyle Gibson,506433.0,Yu Darvish,656793.0,622503.0,2680,Petco Park,day,R
661512,2022-06-26,2022,LAD,ATL,119,144,5,3,8,0,11,1,664062.0,Tony Gonsolin,675911.0,Spencer Strider,518886.0,503285.0,4705,Truist Park,night,R
662487,2022-06-27,2022,PIT,WSH,134,120,2,3,5,1,9,0,664337.0,Miguel Yajure,607200.0,Erick Fedde,605218.0,608717.0,3309,Nationals Park,night,R
661275,2022-06-27,2022,OAK,NYY,133,147,5,9,14,1,9,0,621112.0,Paul Blackburn,656756.0,Jordan Montgomery,656061.0,640462.0,3313,Yankee Stadium,night,R
661740,2022-06-27,2022,BOS,TOR,111,141,2,7,9,1,9,0,657756.0,Connor Seabold,592332.0,Kevin Gausman,592332.0,657756.0,14,Rogers Centre,night,R
663016,2022-06-27,2022,MIN,CLE,142,114,11,1,12,0,9,0,543243.0,Sonny Gray,663474.0,Triston McKenzie,543243.0,663474.0,5,Progressive Field,night,R
661968,2022-06-27,2022,MIA,STL,146,138,0,9,9,1,9,0,641154.0,Pablo López,425794.0,Adam Wainwright,425794.0,641154.0,2889,Busch Stadium,night,R
662681,2022-06-28,2022,TEX,KC,140,118,10,4,14,0,9,0,527048.0,Martín Pérez,663460.0,Kris Bubic,527048.0,663460.0,7,Kauffman Stadium,night,R
662912,2022-06-28,2022,LAD,COL,119,115,0,4,4,1,9,0,542881.0,Tyler Anderson,641771.0,Chad Kuhl,641771.0,542881.0,19,Coors Field,night,R
663440,2022-06-28,2022,CWS,LAA,145,108,3,4,7,1,9,0,608337.0,Lucas Giolito,592789.0,Noah Syndergaard,592789.0,625643.0,1,Angel Stadium,night,R
662168,2022-06-28,2022,BAL,SEA,110,136,9,2,11,0,9,0,669330.0,Tyler Wells,669923.0,George Kirby,669330.0,669923.0,680,T-Mobile Park,night,R
663045,2022-06-28,2022,MIN,CLE,142,114,2,3,5,1,9,0,656970.0,Devin Smeltzer,668676.0,Zach Plesac,656529.0,641941.0,5,Progressive Field,day,R
663033,2022-06-28,2022,MIN,CLE,142,114,6,0,6,0,9,0,680739.0,Josh Winder,663455.0,Konnor Pilkington,680739.0,663455.0,5,Progressive Field,night,R
662484,2022-06-28,2022,PIT,WSH,134,120,1,3,4,1,9,0,500779.0,Jose Quintana,571578.0,Patrick Corbin,571578.0,640444.0,3309,Nationals Park,night,R
661580,2022-06-28,2022,ATL,PHI,144,143,5,3,8,0,9,0,450203.0,Charlie Morton,554430.0,Zack Wheeler,543521.0,571479.0,2681,Citizens Bank Park,night,R
661272,2022-06-28,2022,OAK,NYY,133,147,1,2,3,1,9,0,593423.0,Frankie Montas,676664.0,JP Sears,676664.0,593423.0,3313,Yankee Stadium,night,R
661728,2022-06-28,2022,BOS,TOR,111,141,5,6,11,1,9,0,608379.0,Michael Wacha,548389.0,Ross Stripling,605447.0,641501.0,14,Rogers Centre,night,R
662521,2022-06-28,2022,HOU,NYM,117,121,9,1,10,0,9,0,664285.0,Framber Valdez,471911.0,Carlos Carrasco,664285.0,471911.0,3289,Citi Field,night,R
661885,2022-06-28,2022,MIL,TB,158,139,5,3,8,0,9,0,605540.0,Brandon Woodruff,669358.0,Shane Baz,605540.0,605538.0,12,Tropicana Field,night,R
661967,2022-06-28,2022,MIA,STL,146,138,3,5,8,1,9,0,666129.0,Braxton Garrett,641712.0,Dakota Hudson,641712.0,666129.0,2889,Busch Stadium,night,R
663231,2022-06-29,2022,CIN,CHC,113,112,5,3,8,0,9,0,622491.0,Luis Castillo,624522.0,Keegan Thompson,622491.0,624522.0,17,Wrigley Field,night,R
662615,2022-06-29,2022,TEX,KC,140,118,8,3,11,0,9,0,592351.0,Jon Gray,669169.0,Jonathan Heasley,592351.0,669169.0,7,Kauffman Stadium,night,R
662911,2022-06-29,2022,LAD,COL,119,115,4,7,11,1,9,0,477132.0,Clayton Kershaw,607536.0,Kyle Freeland,607536.0,477132.0,19,Coors Field,night,R
663392,2022-06-29,2022,CWS,LAA,145,108,11,4,15,0,9,0,456501.0,Johnny Cueto,681217.0,Chase Silseth,456501.0,661383.0,1,Angel Stadium,night,R
663344,2022-06-29,2022,SD,ARI,135,109,6,7,13,1,9,0,640455.0,Sean Manaea,668678.0,Zac Gallen,453343.0,573124.0,15,Chase Field,night,R
662060,2022-06-29,2022,DET,SF,116,137,3,4,7,1,9,0,669373.0,Tarik Skubal,607074.0,Carlos Rodón,607074.0,669373.0,2395,Oracle Park,night,R
662186,2022-06-29,2022,BAL,SEA,110,136,0,2,2,1,9,0,665152.0,Dean Kremer,592662.0,Robbie Ray,650895.0,672335.0,680,T-Mobile Park,night,R
661879,2022-06-29,2022,MIL,TB,158,139,5,3,8,0,9,0,641778.0,Eric Lauer,656222.0,Jalen Beeks,502202.0,676534.0,12,Tropicana Field,day,R
662493,2022-06-29,2022,PIT,WSH,134,120,8,7,15,0,9,0,656605.0,Mitch Keller,502179.0,Paolo Espino,608328.0,605218.0,3309,Nationals Park,day,R
661263,2022-06-29,2022,OAK,NYY,133,147,3,5,8,1,9,0,608344.0,Cole Irvin,592791.0,Jameson Taillon,592791.0,608344.0,3313,Yankee Stadium,day,R
662440,2022-06-29,2022,HOU,NYM,117,121,2,0,2,0,9,0,434378.0,Justin Verlander,592836.0,Taijuan Walker,434378.0,622098.0,3289,Citi Field,day,R
662675,2022-06-29,2022,TEX,KC,140,118,1,2,3,1,9,0,641540.0,Dane Dunning,425844.0,Zack Greinke,425844.0,641540.0,7,Kauffman Stadium,day,R
663325,2022-06-29,2022,SD,ARI,135,109,4,0,4,0,9,0,605182.0,Mike Clevinger,518516.0,Madison Bumgarner,605182.0,518516.0,15,Chase Field,day,R
662080,2022-06-29,2022,DET,SF,116,137,3,2,5,0,9,0,665621.0,Rony García,622072.0,Alex Wood,665621.0,622072.0,2395,Oracle Park,day,R
662151,2022-06-29,2022,BAL,SEA,110,136,3,9,12,1,9,0,608723.0,Austin Voth,623167.0,Chris Flexen,623167.0,608723.0,680,T-Mobile Park,day,R
661584,2022-06-29,2022,ATL,PHI,144,143,4,1,5,0,9,0,657140.0,Kyle Wright,624133.0,Ranger Suárez,657140.0,624133.0,2681,Citizens Bank Park,night,R
661727,2022-06-29,2022,BOS,TOR,111,141,6,5,11,0,10,1,601713.0,Nick Pivetta,666201.0,Alek Manoah,621381.0,475479.0,14,Rogers Centre,night,R
663030,2022-06-29,2022,MIN,CLE,142,114,6,7,13,1,10,1,605164.0,Dylan Bundy,615698.0,Cal Quantrill,669212.0,605194.0,5,Progressive Field,night,R
661134,2022-06-29,2022,MIA,STL,146,138,4,3,7,0,9,0,645261.0,Sandy Alcantara,669467.0,Andre Pallante,645261.0,664854.0,2889,Busch Stadium,night,R
663215,2022-06-30,2022,CIN,CHC,113,112,3,8,11,1,9,0,668881.0,Hunter Greene,657006.0,Justin Steele,657006.0,668881.0,17,Wrigley Field,night,R
662894,2022-06-30,2022,LAD,COL,119,115,8,4,12,0,9,0,628711.0,Julio Urías,608566.0,Germán Márquez,628711.0,608566.0,19,Coors Field,night,R
663396,2022-06-30,2022,CWS,LAA,145,108,1,4,5,1,9,0,656629.0,Michael Kopech,660271.0,Shohei Ohtani,660271.0,656629.0,1,Angel Stadium,night,R
662983,2022-06-30,2022,MIN,CLE,142,114,3,5,8,1,9,0,502042.0,Chris Archer,669456.0,Shane Bieber,661403.0,592804.0,5,Progressive Field,day,R
661579,2022-06-30,2022,ATL,PHI,144,143,4,14,18,1,9,0,666120.0,Ian Anderson,605400.0,Aaron Nola,605400.0,666120.0,2681,Citizens Bank Park,night,R
662788,2022-06-30,2022,NYY,HOU,147,117,1,2,3,1,9,0,622663.0,Luis Severino,677651.0,Luis Garcia,677651.0,622663.0,2392,Minute Maid Park,night,R
661105,2022-06-30,2022,MIL,PIT,158,134,7,8,15,1,9,0,605288.0,Adrian Houser,664141.0,JT Brubaker,664141.0,608718.0,31,PNC Park,night,R
661726,2022-06-30,2022,TB,TOR,139,141,1,4,5,1,9,0,605538.0,Matt Wisler,579328.0,Yusei Kikuchi,579328.0,642232.0,14,Rogers Centre,night,R
663199,2022-07-01,2022,CIN,CHC,113,112,7,15,22,1,9,0,668933.0,Graham Ashcraft,543294.0,Kyle Hendricks,543294.0,668933.0,17,Wrigley Field,night,R
662733,2022-07-01,2022,SD,LAD,135,119,1,3,4,1,9,0,605397.0,Joe Musgrove,669952.0,Mitch White,623465.0,605397.0,22,Dodger Stadium,night,R
662150,2022-07-01,2022,OAK,SEA,133,136,6,8,14,1,9,0,661309.0,Adrián Martinez,669302.0,Logan Gilbert,669302.0,661309.0,680,T-Mobile Park,night,R
663185,2022-07-01,2022,BOS,CHC,111,112,5,6,11,1,9,0,448179.0,Rich Hill,592716.0,Adrian Sampson,676714.0,570663.0,17,Wrigley Field,day,R
661725,2022-07-01,2022,TB,TOR,139,141,2,9,11,1,9,0,446372.0,Corey Kluber,621244.0,José Berríos,621244.0,446372.0,14,Rogers Centre,day,R
661582,2022-07-01,2022,STL,PHI,138,143,3,5,8,1,9,0,571945.0,Miles Mikolas,663559.0,Bailey Falter,621237.0,571945.0,2681,Citizens Bank Park,night,R
662492,2022-07-01,2022,MIA,WSH,146,120,6,3,9,0,9,0,669432.0,Trevor Rogers,680686.0,Josiah Gray,669432.0,680686.0,3309,Nationals Park,night,R
663038,2022-07-01,2022,ATL,CIN,144,113,9,1,10,0,9,0,608331.0,Max Fried,501985.0,Mike Minor,608331.0,501985.0,2602,Great American Ball Park,night,R
661104,2022-07-01,2022,MIL,PIT,158,134,19,2,21,0,9,0,669203.0,Corbin Burnes,672710.0,Roansy Contreras,669203.0,672710.0,31,PNC Park,night,R
662834,2022-07-01,2022,KC,DET,118,116,3,1,4,0,9,0,641745.0,Brad Keller,501381.0,Michael Pineda,641745.0,501381.0,2394,Comerica Park,night,R
662439,2022-07-01,2022,TEX,NYM,140,121,3,4,7,1,9,0,657248.0,Glenn Otto Jr.,656849.0,David Peterson,656849.0,657248.0,3289,Citi Field,night,R
662997,2022-07-02,2022,ARI,COL,109,115,9,3,12,0,9,0,518876.0,Merrill Kelly,622608.0,Antonio Senzatela,518876.0,622608.0,19,Coors Field,night,R
662748,2022-07-02,2022,LAA,HOU,108,117,1,8,9,1,9,0,547179.0,Michael Lorenzen,664299.0,Cristian Javier,664299.0,547179.0,2392,Minute Maid Park,night,R
661691,2022-07-02,2022,BAL,MIN,110,142,2,3,5,1,9,0,657093.0,Spenser Watkins,657746.0,Joe Ryan,573668.0,605347.0,3312,Target Field,night,R
662609,2022-07-02,2022,SD,LAD,135,119,1,5,6,1,9,0,605483.0,Blake Snell,664062.0,Tony Gonsolin,664062.0,489334.0,22,Dodger Stadium,night,R
662149,2022-07-02,2022,OAK,SEA,133,136,3,1,4,0,9,0,621076.0,James Kaprielian,594835.0,Marco Gonzales,621076.0,594835.0,680,T-Mobile Park,night,R
662079,2022-07-02,2022,CWS,SF,145,137,1,0,1,0,9,0,458681.0,Lance Lynn,502171.0,Alex Cobb,621383.0,666808.0,2395,Oracle Park,night,R
662964,2022-07-01,2022,NYY,CLE,147,114,0,0,0,0,9,0,,,,,,,5,Progressive Field,night,R
661724,2022-07-02,2022,TB,TOR,139,141,6,2,8,0,9,0,663556.0,Shane McClanahan,592332.0,Kevin Gausman,663556.0,596271.0,14,Rogers Centre,day,R
661836,2022-07-02,2022,TB,TOR,139,141,11,5,16,0,9,0,656876.0,Drew Rasmussen,641672.0,Thomas Hatch,621248.0,641672.0,14,Rogers Centre,night,R
662964,2022-07-02,2022,NYY,CLE,147,114,13,4,17,0,9,0,543037.0,Gerrit Cole,668948.0,Kirk McCarty,543037.0,668948.0,5,Progressive Field,day,R
662954,2022-07-02,2022,NYY,CLE,147,114,6,1,7,0,9,0,641482.0,Nestor Cortes,650644.0,Aaron Civale,641482.0,650644.0,5,Progressive Field,night,R
661683,2022-07-02,2022,BAL,MIN,110,142,3,4,7,1,9,0,543475.0,Jordan Lyles,543243.0,Sonny Gray,641941.0,605347.0,3312,Target Field,day,R
661581,2022-07-02,2022,STL,PHI,138,143,7,6,13,0,9,0,669461.0,Matthew Liberatore,502043.0,Kyle Gibson,664854.0,622554.0,2681,Citizens Bank Park,day,R
662101,2022-07-02,2022,CWS,SF,145,137,5,3,8,0,9,0,656302.0,Dylan Cease,657277.0,Logan Webb,656302.0,657277.0,2395,Oracle Park,day,R
662482,2022-07-02,2022,MIA,WSH,146,120,5,3,8,0,9,0,641447.0,Daniel Castano,676194.0,Jackson Tetreault,641447.0,676194.0,3309,Nationals Park,day,R
661103,2022-07-02,2022,MIL,PIT,158,134,4,7,11,1,9,0,676879.0,Aaron Ashby,669060.0,Bryse Wilson,669060.0,676879.0,31,PNC Park,day,R
662890,2022-07-02,2022,LAA,HOU,108,117,1,9,10,1,9,0,663776.0,Patrick Sandoval,664353.0,José Urquidy,664353.0,663776.0,2392,Minute Maid Park,day,R
662904,2022-07-02,2022,KC,DET,118,116,3,4,7,1,9,0,663460.0,Kris Bubic,689225.0,Beau Brieske,641729.0,606303.0,2394,Comerica Park,day,R
662163,2022-07-02,2022,OAK,SEA,133,136,1,2,3,1,9,0,621112.0,Paul Blackburn,669923.0,George Kirby,650895.0,642152.0,680,T-Mobile Park,day,R
662456,2022-07-02,2022,TEX,NYM,140,121,7,3,10,0,9,0,527048.0,Martín Pérez,592866.0,Trevor Williams,527048.0,592866.0,3289,Citi Field,day,R
663037,2022-07-02,2022,ATL,CIN,144,113,4,1,5,0,9,0,675911.0,Spencer Strider,641816.0,Tyler Mahle,675911.0,641816.0,2602,Great American Ball Park,day,R
663198,2022-07-02,2022,BOS,CHC,111,112,1,3,4,1,9,0,670174.0,Josh Winckowski,621219.0,Alec Mills,643410.0,670174.0,17,Wrigley Field,night,R
662718,2022-07-02,2022,SD,LAD,135,119,2,7,9,1,9,0,506433.0,Yu Darvish,542881.0,Tyler Anderson,542881.0,506433.0,22,Dodger Stadium,day,R
662910,2022-07-03,2022,ARI,COL,109,115,7,11,18,1,9,0,572971.0,Dallas Keuchel,596295.0,Austin Gomber,596295.0,572971.0,19,Coors Field,night,R
662794,2022-07-03,2022,KC,DET,118,116,7,4,11,0,9,0,663903.0,Brady Singer,669373.0,Tarik Skubal,621016.0,669373.0,2394,Comerica Park,day,R
662486,2022-07-03,2022,MIA,WSH,146,120,7,4,11,0,10,1,641154.0,Pablo López,607200.0,Erick Fedde,656945.0,605218.0,3309,Nationals Park,day,R
661102,2022-07-03,2022,MIL,PIT,158,134,2,0,2,0,9,0,605540.0,Brandon Woodruff,605507.0,Zach Thompson,605540.0,605507.0,31,PNC Park,day,R
661723,2022-07-03,2022,TB,TOR,139,141,7,3,10,0,9,0,669358.0,Shane Baz,548389.0,Ross Stripling,669358.0,548389.0,14,Rogers Centre,day,R
662509,2022-07-03,2022,TEX,NYM,140,121,1,4,5,1,9,0,592351.0,Jon Gray,471911.0,Carlos Carrasco,471911.0,592351.0,3289,Citi Field,day,R
663052,2022-07-03,2022,ATL,CIN,144,113,3,4,7,1,9,0,450203.0,Charlie Morton,622491.0,Luis Castillo,519326.0,621345.0,2602,Great American Ball Park,day,R
662957,2022-07-03,2022,NYY,CLE,147,114,0,2,2,1,9,0,656756.0,Jordan Montgomery,663474.0,Triston McKenzie,663474.0,656756.0,5,Progressive Field,day,R
662889,2022-07-03,2022,LAA,HOU,108,117,2,4,6,1,9,0,660761.0,José Suarez,664285.0,Framber Valdez,519151.0,572193.0,2392,Minute Maid Park,day,R
661689,2022-07-03,2022,BAL,MIN,110,142,3,1,4,0,9,0,669330.0,Tyler Wells,656970.0,Devin Smeltzer,669330.0,656970.0,3312,Target Field,day,R
663186,2022-07-03,2022,BOS,CHC,111,112,4,2,6,0,11,1,657756.0,Connor Seabold,624522.0,Keegan Thompson,518617.0,592858.0,17,Wrigley Field,day,R
662913,2022-07-03,2022,ARI,COL,109,115,5,6,11,1,9,0,668678.0,Zac Gallen,641771.0,Chad Kuhl,656234.0,598287.0,19,Coors Field,day,R
662099,2022-07-03,2022,CWS,SF,145,137,13,4,17,0,9,0,608337.0,Lucas Giolito,605154.0,John Brebbia,608337.0,663546.0,2395,Oracle Park,day,R
662684,2022-07-03,2022,SD,LAD,135,119,4,2,6,0,9,0,669022.0,MacKenzie Gore,477132.0,Clayton Kershaw,607259.0,518886.0,22,Dodger Stadium,day,R
662162,2022-07-03,2022,OAK,SEA,133,136,1,2,3,1,9,0,593423.0,Frankie Montas,592662.0,Robbie Ray,592662.0,593423.0,680,T-Mobile Park,day,R
661630,2022-07-03,2022,STL,PHI,138,143,0,4,4,1,9,0,425794.0,Adam Wainwright,554430.0,Zack Wheeler,554430.0,425794.0,2681,Citizens Bank Park,night,R
662541,2022-07-04,2022,MIA,WSH,146,120,3,2,5,0,10,1,666129.0,Braxton Garrett,571578.0,Patrick Corbin,642231.0,663432.0,3309,Nationals Park,day,R
661073,2022-07-04,2022,TEX,BAL,140,110,6,7,13,1,10,1,641540.0,Dane Dunning,665152.0,Dean Kremer,641329.0,519043.0,2,Oriole Park at Camden Yards,day,R
662906,2022-07-04,2022,CLE,DET,114,116,1,4,5,1,9,0,668676.0,Zach Plesac,682051.0,Garrett Hill,682051.0,668676.0,2394,Comerica Park,day,R
662841,2022-07-04,2022,CLE,DET,114,116,3,5,8,1,9,0,663455.0,Konnor Pilkington,656412.0,Alex Faedo,641302.0,663986.0,2394,Comerica Park,night,R
663251,2022-07-04,2022,TB,BOS,139,111,0,4,4,1,9,0,656222.0,Jalen Beeks,656354.0,Austin Davis,676710.0,676596.0,3,Fenway Park,day,R
662874,2022-07-04,2022,KC,HOU,118,117,6,7,13,1,9,0,669169.0,Jonathan Heasley,543606.0,Jake Odorizzi,592773.0,605130.0,2392,Minute Maid Park,day,R
661181,2022-07-04,2022,CHC,MIL,112,158,2,5,7,1,10,1,657006.0,Justin Steele,641778.0,Eric Lauer,502202.0,664123.0,32,American Family Field,day,R
663343,2022-07-04,2022,SF,ARI,137,109,3,8,11,1,9,0,607074.0,Carlos Rodón,518516.0,Madison Bumgarner,518516.0,607074.0,15,Chase Field,day,R
663036,2022-07-04,2022,NYM,CIN,121,113,7,4,11,0,9,0,592836.0,Taijuan Walker,668881.0,Hunter Greene,592836.0,668881.0,2602,Great American Ball Park,night,R
662270,2022-07-04,2022,SEA,SD,136,135,8,2,10,0,9,0,623167.0,Chris Flexen,640455.0,Sean Manaea,623167.0,640455.0,2680,Petco Park,day,R
661511,2022-07-04,2022,STL,ATL,138,144,3,6,9,1,9,0,641712.0,Dakota Hudson,657140.0,Kyle Wright,503285.0,641712.0,4705,Truist Park,night,R
661452,2022-07-05,2022,MIN,CWS,142,145,6,3,9,0,10,1,605164.0,Dylan Bundy,456501.0,Johnny Cueto,641941.0,523260.0,4,Guaranteed Rate Field,night,R
662355,2022-07-05,2022,TOR,OAK,141,133,1,5,6,1,9,0,666201.0,Alek Manoah,608344.0,Cole Irvin,608344.0,666201.0,10,Oakland Coliseum,night,R
662732,2022-07-05,2022,COL,LAD,115,119,3,5,8,1,9,0,607536.0,Kyle Freeland,628711.0,Julio Urías,628711.0,607536.0,22,Dodger Stadium,night,R
662226,2022-07-05,2022,SEA,SD,136,135,6,2,8,0,9,0,669302.0,Logan Gilbert,605182.0,Mike Clevinger,669302.0,605182.0,2680,Petco Park,day,R
663035,2022-07-05,2022,NYM,CIN,121,113,0,1,1,1,9,0,453286.0,Max Scherzer,666157.0,Nick Lodolo,519326.0,607625.0,2602,Great American Ball Park,night,R
661379,2022-07-05,2022,LAA,MIA,108,146,1,2,3,1,9,0,592789.0,Noah Syndergaard,645261.0,Sandy Alcantara,645261.0,592789.0,4169,loanDepot park,night,R
661244,2022-07-05,2022,TEX,BAL,140,110,9,10,19,1,10,1,675921.0,Spencer Howard,608723.0,Austin Voth,607216.0,519043.0,2,Oriole Park at Camden Yards,night,R
661578,2022-07-05,2022,WSH,PHI,120,143,0,11,11,1,9,0,502179.0,Paolo Espino,650911.0,Cristopher Sánchez,650911.0,502179.0,2681,Citizens Bank Park,night,R
662329,2022-07-05,2022,NYY,PIT,147,134,2,5,7,1,9,0,592791.0,Jameson Taillon,500779.0,Jose Quintana,500779.0,592791.0,31,PNC Park,night,R
662905,2022-07-05,2022,CLE,DET,114,116,4,11,15,1,9,0,615698.0,Cal Quantrill,571800.0,Drew Hutchison,571800.0,615698.0,2394,Comerica Park,night,R
663245,2022-07-05,2022,TB,BOS,139,111,8,4,12,0,9,0,605488.0,Jeffrey Springs,601713.0,Nick Pivetta,657044.0,601713.0,3,Fenway Park,night,R
661510,2022-07-05,2022,STL,ATL,138,144,1,7,8,1,9,0,669467.0,Andre Pallante,666120.0,Ian Anderson,666120.0,669467.0,4705,Truist Park,night,R
662847,2022-07-06,2022,KC,HOU,118,117,7,9,16,1,9,0,425844.0,Zack Greinke,677651.0,Luis Garcia,677651.0,425844.0,2392,Minute Maid Park,night,R
661426,2022-07-06,2022,MIN,CWS,142,145,8,2,10,0,9,0,680739.0,Josh Winder,656629.0,Michael Kopech,680739.0,656629.0,4,Guaranteed Rate Field,night,R
661187,2022-07-06,2022,CHC,MIL,112,158,8,3,11,0,9,0,543294.0,Kyle Hendricks,669920.0,Jason Alexander,664161.0,669920.0,32,American Family Field,night,R
663320,2022-07-06,2022,SF,ARI,137,109,2,6,8,1,9,0,622072.0,Alex Wood,656457.0,Tyler Gilbert,592761.0,608678.0,15,Chase Field,night,R
662354,2022-07-06,2022,TOR,OAK,141,133,3,5,8,1,9,0,579328.0,Yusei Kikuchi,661309.0,Adrián Martinez,661309.0,579328.0,10,Oakland Coliseum,night,R
662731,2022-07-06,2022,COL,LAD,115,119,2,5,7,1,9,0,608566.0,Germán Márquez,686752.0,Ryan Pepiot,686752.0,608566.0,22,Dodger Stadium,night,R
662814,2022-07-06,2022,CLE,DET,114,116,2,8,10,1,9,0,669456.0,Shane Bieber,501381.0,Michael Pineda,501381.0,669456.0,2394,Comerica Park,day,R
661413,2022-07-06,2022,MIN,CWS,142,145,8,9,17,1,10,1,657746.0,Joe Ryan,458681.0,Lance Lynn,614179.0,663558.0,4,Guaranteed Rate Field,day,R
661225,2022-07-06,2022,CHC,MIL,112,158,2,1,3,0,9,0,592716.0,Adrian Sampson,669203.0,Corbin Burnes,571710.0,623352.0,32,American Family Field,day,R
662353,2022-07-06,2022,TOR,OAK,141,133,2,1,3,0,9,0,621244.0,José Berríos,621076.0,James Kaprielian,643256.0,642758.0,10,Oakland Coliseum,day,R
663051,2022-07-06,2022,NYM,CIN,121,113,8,3,11,0,10,1,656849.0,David Peterson,668933.0,Graham Ashcraft,493603.0,664294.0,2602,Great American Ball Park,night,R
661378,2022-07-06,2022,LAA,MIA,108,146,5,2,7,0,9,0,660271.0,Shohei Ohtani,669432.0,Trevor Rogers,660271.0,669432.0,4169,loanDepot park,night,R
661245,2022-07-06,2022,TEX,BAL,140,110,1,2,3,1,9,0,657248.0,Glenn Otto Jr.,657093.0,Spenser Watkins,657093.0,657248.0,2,Oriole Park at Camden Yards,night,R
661564,2022-07-06,2022,WSH,PHI,120,143,3,2,5,0,9,0,680686.0,Josiah Gray,605400.0,Aaron Nola,680686.0,605400.0,2681,Citizens Bank Park,night,R
662328,2022-07-06,2022,NYY,PIT,147,134,16,0,16,0,9,0,622663.0,Luis Severino,656605.0,Mitch Keller,622663.0,656605.0,31,PNC Park,night,R
663244,2022-07-06,2022,TB,BOS,139,111,7,1,8,0,9,0,446372.0,Corey Kluber,678394.0,Brayan Bello,446372.0,678394.0,3,Fenway Park,night,R
661509,2022-07-06,2022,STL,ATL,138,144,0,3,3,1,9,0,571945.0,Miles Mikolas,608331.0,Max Fried,608331.0,571945.0,4705,Truist Park,night,R
662747,2022-07-07,2022,KC,HOU,118,117,7,4,11,0,9,0,641745.0,Brad Keller,664299.0,Cristian Javier,641745.0,664299.0,2392,Minute Maid Park,night,R
663318,2022-07-07,2022,SF,ARI,137,109,7,5,12,0,9,0,502171.0,Alex Cobb,518876.0,Merrill Kelly,605154.0,573009.0,15,Chase Field,night,R
662630,2022-07-07,2022,COL,LAD,115,119,1,2,3,1,9,0,570632.0,José Ureña,669952.0,Mitch White,518886.0,453268.0,22,Dodger Stadium,night,R
662746,2022-07-07,2022,KC,HOU,118,117,2,5,7,1,9,0,663460.0,Kris Bubic,434378.0,Justin Verlander,434378.0,663460.0,2392,Minute Maid Park,day,R
663071,2022-07-07,2022,PIT,CIN,134,113,4,2,6,0,9,0,672710.0,Roansy Contreras,501985.0,Mike Minor,672710.0,501985.0,2602,Great American Ball Park,day,R
663140,2022-07-07,2022,PIT,CIN,134,113,1,5,6,1,9,0,669060.0,Bryse Wilson,656546.0,Jeff Hoffman,665665.0,669060.0,2602,Great American Ball Park,night,R
661566,2022-07-07,2022,WSH,PHI,120,143,3,5,8,1,9,0,672851.0,Joan Adon,663559.0,Bailey Falter,656793.0,672851.0,2681,Citizens Bank Park,day,R
661091,2022-07-07,2022,LAA,BAL,108,110,1,4,5,1,9,0,681217.0,Chase Silseth,543475.0,Jordan Lyles,543475.0,681217.0,2,Oriole Park at Camden Yards,night,R
662508,2022-07-07,2022,MIA,NYM,146,121,0,10,10,1,9,0,641447.0,Daniel Castano,592866.0,Trevor Williams,592866.0,641447.0,3289,Citi Field,night,R
663233,2022-07-07,2022,NYY,BOS,147,111,6,5,11,0,9,0,543037.0,Gerrit Cole,670174.0,Josh Winckowski,543037.0,670174.0,3,Fenway Park,night,R
661521,2022-07-07,2022,STL,ATL,138,144,3,2,5,0,11,1,669461.0,Matthew Liberatore,675911.0,Spencer Strider,664854.0,554431.0,4705,Truist Park,night,R
661425,2022-07-08,2022,DET,CWS,116,145,2,1,3,0,9,0,689225.0,Beau Brieske,656302.0,Dylan Cease,689225.0,656302.0,4,Guaranteed Rate Field,night,R
663317,2022-07-08,2022,COL,ARI,115,109,4,3,7,0,9,0,596295.0,Austin Gomber,572971.0,Dallas Keuchel,608032.0,453343.0,15,Chase Field,night,R
662253,2022-07-08,2022,SF,SD,137,135,1,2,3,1,10,1,657277.0,Logan Webb,605397.0,Joe Musgrove,622503.0,606424.0,2680,Petco Park,night,R
662730,2022-07-08,2022,CHC,LAD,112,119,3,5,8,1,9,0,643410.0,Mark Leiter Jr.,664062.0,Tony Gonsolin,664062.0,643410.0,22,Dodger Stadium,night,R
662156,2022-07-08,2022,TOR,SEA,141,136,3,8,11,1,9,0,607455.0,Anthony Banda,594835.0,Marco Gonzales,594835.0,607455.0,680,T-Mobile Park,night,R
663053,2022-07-08,2022,TB,CIN,139,113,1,2,3,1,10,1,663556.0,Shane McClanahan,622491.0,Luis Castillo,669270.0,605538.0,2602,Great American Ball Park,night,R
661108,2022-07-08,2022,LAA,BAL,108,110,4,5,9,1,9,0,672282.0,Reid Detmers,669330.0,Tyler Wells,622253.0,628452.0,2,Oriole Park at Camden Yards,night,R
662498,2022-07-08,2022,MIA,NYM,146,121,5,2,7,0,9,0,641154.0,Pablo López,605135.0,Chris Bassitt,641154.0,605135.0,3289,Citi Field,night,R
663202,2022-07-08,2022,NYY,BOS,147,111,12,5,17,0,9,0,641482.0,Nestor Cortes,657756.0,Connor Seabold,612434.0,657756.0,3,Fenway Park,night,R
661522,2022-07-08,2022,WSH,ATL,120,144,2,12,14,1,9,0,607200.0,Erick Fedde,450203.0,Charlie Morton,450203.0,607200.0,4705,Truist Park,night,R
661843,2022-07-09,2022,MIN,TEX,142,140,5,6,11,1,9,0,543243.0,Sonny Gray,592351.0,Jon Gray,592351.0,543243.0,5325,Globe Life Field,night,R
662614,2022-07-09,2022,CLE,KC,114,118,3,4,7,1,9,0,650644.0,Aaron Civale,663903.0,Brady Singer,605130.0,656529.0,7,Kauffman Stadium,night,R
661412,2022-07-09,2022,DET,CWS,116,145,7,5,12,0,9,0,669373.0,Tarik Skubal,608337.0,Lucas Giolito,669373.0,608337.0,4,Guaranteed Rate Field,night,R
661177,2022-07-09,2022,PIT,MIL,134,158,3,4,7,1,9,0,664141.0,JT Brubaker,676879.0,Aaron Ashby,676879.0,664141.0,32,American Family Field,night,R
661136,2022-07-09,2022,PHI,STL,143,138,2,0,2,0,9,0,554430.0,Zack Wheeler,425794.0,Adam Wainwright,554430.0,425794.0,2889,Busch Stadium,night,R
663319,2022-07-09,2022,COL,ARI,115,109,6,5,11,0,9,0,641771.0,Chad Kuhl,668678.0,Zac Gallen,641771.0,664092.0,15,Chase Field,night,R
662352,2022-07-09,2022,HOU,OAK,117,133,8,3,11,0,9,0,664353.0,José Urquidy,621112.0,Paul Blackburn,664353.0,621112.0,10,Oakland Coliseum,night,R
662225,2022-07-09,2022,SF,SD,137,135,3,6,9,1,9,0,669674.0,Sam Long,605483.0,Blake Snell,605483.0,669674.0,2680,Petco Park,night,R
662610,2022-07-09,2022,CHC,LAD,112,119,3,4,7,1,10,1,624522.0,Keegan Thompson,542881.0,Tyler Anderson,623465.0,592858.0,22,Dodger Stadium,night,R
662155,2022-07-09,2022,TOR,SEA,141,136,2,5,7,1,11,1,548389.0,Ross Stripling,669923.0,George Kirby,621366.0,489265.0,680,T-Mobile Park,night,R
661411,2022-07-09,2022,DET,CWS,116,145,0,8,8,1,9,0,682051.0,Garrett Hill,456501.0,Johnny Cueto,456501.0,682051.0,4,Guaranteed Rate Field,day,R
661137,2022-07-09,2022,PHI,STL,143,138,1,0,1,0,9,0,502043.0,Kyle Gibson,641712.0,Dakota Hudson,621237.0,606149.0,2889,Busch Stadium,day,R
661071,2022-07-09,2022,LAA,BAL,108,110,0,1,1,1,9,0,663776.0,Patrick Sandoval,665152.0,Dean Kremer,665152.0,663776.0,2,Oriole Park at Camden Yards,day,R
661842,2022-07-09,2022,MIN,TEX,142,140,7,9,16,1,9,0,656970.0,Devin Smeltzer,527048.0,Martín Pérez,519043.0,661395.0,5325,Globe Life Field,day,R
662351,2022-07-09,2022,HOU,OAK,117,133,2,3,5,1,9,0,664285.0,Framber Valdez,656657.0,Zach Logue,656657.0,664285.0,10,Oakland Coliseum,day,R
663310,2022-07-09,2022,COL,ARI,115,109,2,9,11,1,9,0,607536.0,Kyle Freeland,518516.0,Madison Bumgarner,518516.0,607536.0,15,Chase Field,day,R
662663,2022-07-09,2022,CLE,KC,114,118,13,1,14,0,9,0,663474.0,Triston McKenzie,669169.0,Jonathan Heasley,663474.0,669169.0,7,Kauffman Stadium,day,R
663092,2022-07-09,2022,TB,CIN,139,113,4,5,9,1,10,1,656876.0,Drew Rasmussen,668881.0,Hunter Greene,656546.0,676534.0,2602,Great American Ball Park,day,R
661508,2022-07-09,2022,WSH,ATL,120,144,3,4,7,1,9,0,571578.0,Patrick Corbin,657140.0,Kyle Wright,657140.0,571578.0,4705,Truist Park,day,R
662497,2022-07-09,2022,MIA,NYM,146,121,4,5,9,1,10,1,666129.0,Braxton Garrett,471911.0,Carlos Carrasco,670059.0,656945.0,3289,Citi Field,day,R
661224,2022-07-09,2022,PIT,MIL,134,158,4,3,7,0,9,0,605507.0,Zach Thompson,605540.0,Brandon Woodruff,608328.0,502202.0,32,American Family Field,day,R
662266,2022-07-09,2022,SF,SD,137,135,3,1,4,0,9,0,607074.0,Carlos Rodón,506433.0,Yu Darvish,607074.0,472610.0,2680,Petco Park,day,R
663223,2022-07-09,2022,NYY,BOS,147,111,5,6,11,1,10,1,656756.0,Jordan Montgomery,676710.0,Kutter Crawford,518617.0,593974.0,3,Fenway Park,night,R
662683,2022-07-10,2022,CHC,LAD,112,119,2,4,6,1,9,0,573186.0,Marcus Stroman,477132.0,Clayton Kershaw,477132.0,592858.0,22,Dodger Stadium,night,R
662147,2022-07-10,2022,TOR,SEA,141,136,1,2,3,1,9,0,666201.0,Alek Manoah,592662.0,Robbie Ray,666374.0,666201.0,680,T-Mobile Park,night,R
661092,2022-07-10,2022,LAA,BAL,108,110,5,9,14,1,9,0,660761.0,José Suarez,608723.0,Austin Voth,608723.0,660761.0,2,Oriole Park at Camden Yards,day,R
661520,2022-07-10,2022,WSH,ATL,120,144,3,4,7,1,12,1,502179.0,Paolo Espino,666120.0,Ian Anderson,543521.0,607179.0,4705,Truist Park,day,R
663048,2022-07-10,2022,TB,CIN,139,113,5,10,15,1,9,0,669358.0,Shane Baz,666157.0,Nick Lodolo,666157.0,669358.0,2602,Great American Ball Park,day,R
662496,2022-07-10,2022,MIA,NYM,146,121,2,0,2,0,10,1,645261.0,Sandy Alcantara,592836.0,Taijuan Walker,542947.0,488984.0,3289,Citi Field,day,R
662662,2022-07-10,2022,CLE,KC,114,118,1,5,6,1,9,0,668676.0,Zach Plesac,425844.0,Zack Greinke,425844.0,668676.0,7,Kauffman Stadium,day,R
661410,2022-07-10,2022,DET,CWS,116,145,2,4,6,1,9,0,571800.0,Drew Hutchison,656629.0,Michael Kopech,608665.0,605242.0,4,Guaranteed Rate Field,day,R
661178,2022-07-10,2022,PIT,MIL,134,158,8,6,14,0,9,0,500779.0,Jose Quintana,641778.0,Eric Lauer,608717.0,641627.0,32,American Family Field,day,R
661135,2022-07-10,2022,PHI,STL,143,138,3,4,7,1,9,0,656793.0,Nick Nelson,669467.0,Andre Pallante,663855.0,622554.0,2889,Busch Stadium,day,R
661808,2022-07-10,2022,MIN,TEX,142,140,6,5,11,0,9,0,605164.0,Dylan Bundy,641540.0,Dane Dunning,605164.0,656271.0,5325,Globe Life Field,day,R
662215,2022-07-10,2022,HOU,OAK,117,133,6,1,7,0,9,0,543606.0,Jake Odorizzi,608344.0,Cole Irvin,543606.0,608344.0,10,Oakland Coliseum,day,R
663307,2022-07-10,2022,COL,ARI,115,109,3,2,5,0,9,0,608566.0,Germán Márquez,656457.0,Tyler Gilbert,608566.0,641871.0,15,Chase Field,day,R
662729,2022-07-10,2022,CHC,LAD,112,119,9,11,20,1,9,0,592767.0,Drew Smyly,628711.0,Julio Urías,641360.0,643410.0,22,Dodger Stadium,day,R
662198,2022-07-10,2022,SF,SD,137,135,12,0,12,0,9,0,622072.0,Alex Wood,669022.0,MacKenzie Gore,622072.0,669022.0,2680,Petco Park,day,R
662183,2022-07-10,2022,TOR,SEA,141,136,5,6,11,1,9,0,,,669302.0,Logan Gilbert,670036.0,643256.0,680,T-Mobile Park,day,R
663232,2022-07-10,2022,NYY,BOS,147,111,6,11,17,1,9,0,592791.0,Jameson Taillon,601713.0,Nick Pivetta,617228.0,547973.0,3,Fenway Park,night,R
662700,2022-07-11,2022,DET,KC,116,118,1,3,4,1,9,0,501381.0,Michael Pineda,641745.0,Brad Keller,641745.0,501381.0,7,Kauffman Stadium,day,R
662661,2022-07-12,2022,DET,KC,116,118,3,7,10,1,9,0,656412.0,Alex Faedo,663738.0,Daniel Lynch IV,672582.0,656412.0,7,Kauffman Stadium,night,R
661324,2022-07-11,2022,PIT,MIA,134,146,5,1,6,0,9,0,656605.0,Mitch Keller,669432.0,Trevor Rogers,656605.0,669432.0,4169,loanDepot park,night,R
661878,2022-07-11,2022,BOS,TB,111,139,5,10,15,1,9,0,678394.0,Brayan Bello,605538.0,Matt Wisler,572703.0,518617.0,12,Tropicana Field,night,R
662956,2022-07-11,2022,CWS,CLE,145,114,4,8,12,1,9,0,458681.0,Lance Lynn,615698.0,Cal Quantrill,615698.0,458681.0,5,Progressive Field,night,R
661120,2022-07-11,2022,PHI,STL,143,138,1,6,7,1,9,0,605400.0,Aaron Nola,571945.0,Miles Mikolas,571945.0,605400.0,2889,Busch Stadium,night,R
661507,2022-07-11,2022,NYM,ATL,121,144,4,1,5,0,9,0,453286.0,Max Scherzer,608331.0,Max Fried,453286.0,608331.0,4705,Truist Park,night,R
661814,2022-07-12,2022,OAK,TEX,133,140,8,10,18,1,9,0,661309.0,Adrián Martinez,675921.0,Spencer Howard,675921.0,661309.0,5325,Globe Life Field,night,R
662996,2022-07-12,2022,SD,COL,135,115,6,5,11,0,9,0,640455.0,Sean Manaea,570632.0,José Ureña,640455.0,570632.0,19,Coors Field,night,R
662100,2022-07-12,2022,ARI,SF,109,137,4,3,7,0,9,0,518876.0,Merrill Kelly,502171.0,Alex Cobb,518876.0,502171.0,2395,Oracle Park,night,R
663087,2022-07-12,2022,CWS,CLE,145,114,1,4,5,1,9,0,663436.0,Davis Martin,669456.0,Shane Bieber,669456.0,663436.0,5,Progressive Field,day,R
662976,2022-07-12,2022,CWS,CLE,145,114,7,0,7,0,9,0,656302.0,Dylan Cease,663455.0,Konnor Pilkington,656302.0,663455.0,5,Progressive Field,night,R
661377,2022-07-12,2022,PIT,MIA,134,146,3,2,5,0,9,0,608717.0,Chris Stratton,641447.0,Daniel Castano,596071.0,641447.0,4169,loanDepot park,night,R
661262,2022-07-12,2022,CIN,NYY,113,147,4,3,7,0,9,0,668933.0,Graham Ashcraft,543037.0,Gerrit Cole,665665.0,605280.0,3313,Yankee Stadium,night,R
661722,2022-07-12,2022,PHI,TOR,143,141,3,4,7,1,9,0,571479.0,Andrew Bellatti,621244.0,José Berríos,621244.0,544727.0,14,Rogers Centre,night,R
661877,2022-07-12,2022,BOS,TB,111,139,2,3,5,1,9,0,519242.0,Chris Sale,446372.0,Corey Kluber,446372.0,621381.0,12,Tropicana Field,night,R
661506,2022-07-12,2022,NYM,ATL,121,144,1,4,5,1,9,0,656849.0,David Peterson,675911.0,Spencer Strider,554431.0,656849.0,4705,Truist Park,night,R
661688,2022-07-12,2022,MIL,MIN,158,142,6,3,9,0,9,0,669920.0,Jason Alexander,680739.0,Josh Winder,594311.0,680739.0,3312,Target Field,night,R
661119,2022-07-12,2022,LAD,STL,119,138,6,7,13,1,9,0,669952.0,Mitch White,663855.0,Jordan Hicks,670912.0,669952.0,2889,Busch Stadium,night,R
663187,2022-07-13,2022,BAL,CHC,110,112,4,2,6,0,9,0,543475.0,Jordan Lyles,592716.0,Adrian Sampson,543475.0,592716.0,17,Wrigley Field,night,R
661813,2022-07-13,2022,OAK,TEX,133,140,14,7,21,0,12,1,621076.0,James Kaprielian,657248.0,Glenn Otto Jr.,669912.0,642701.0,5325,Globe Life Field,night,R
662660,2022-07-13,2022,DET,KC,116,118,7,5,12,0,9,0,689225.0,Beau Brieske,663460.0,Kris Bubic,689225.0,621016.0,7,Kauffman Stadium,night,R
662984,2022-07-13,2022,SD,COL,135,115,3,5,8,1,9,0,605182.0,Mike Clevinger,596295.0,Austin Gomber,596295.0,605182.0,19,Coors Field,night,R
663402,2022-07-13,2022,HOU,LAA,117,108,6,5,11,0,9,0,677651.0,Luis Garcia,592789.0,Noah Syndergaard,593576.0,628452.0,1,Angel Stadium,night,R
662108,2022-07-13,2022,ARI,SF,109,137,0,13,13,1,9,0,572971.0,Dallas Keuchel,657277.0,Logan Webb,657277.0,572971.0,2395,Oracle Park,night,R
662531,2022-07-12,2022,SEA,WSH,136,120,0,0,0,0,9,0,623167.0,Chris Flexen,680686.0,Josiah Gray,,,3309,Nationals Park,night,R
662517,2022-07-13,2022,SEA,WSH,136,120,6,4,10,0,9,0,623167.0,Chris Flexen,680686.0,Josiah Gray,623167.0,680686.0,3309,Nationals Park,day,R
662531,2022-07-13,2022,SEA,WSH,136,120,2,1,3,0,9,0,657024.0,Erik Swanson,607200.0,Erick Fedde,543548.0,607200.0,3309,Nationals Park,night,R
661505,2022-07-13,2022,NYM,ATL,121,144,7,3,10,0,9,0,605135.0,Chris Bassitt,450203.0,Charlie Morton,605135.0,450203.0,4705,Truist Park,day,R
661687,2022-07-13,2022,MIL,MIN,158,142,1,4,5,1,9,0,676879.0,Aaron Ashby,657746.0,Joe Ryan,661395.0,623352.0,3312,Target Field,day,R
662659,2022-07-13,2022,DET,KC,116,118,2,5,7,1,9,0,669373.0,Tarik Skubal,663903.0,Brady Singer,663903.0,669373.0,7,Kauffman Stadium,day,R
662107,2022-07-13,2022,ARI,SF,109,137,3,4,7,1,9,0,668678.0,Zac Gallen,605154.0,John Brebbia,666808.0,453343.0,2395,Oracle Park,day,R
661376,2022-07-13,2022,PIT,MIA,134,146,4,5,9,1,10,1,664141.0,JT Brubaker,641154.0,Pablo López,647315.0,670280.0,4169,loanDepot park,night,R
661269,2022-07-13,2022,CIN,NYY,113,147,6,7,13,1,10,1,501985.0,Mike Minor,622663.0,Luis Severino,650633.0,664747.0,3313,Yankee Stadium,night,R
661721,2022-07-13,2022,PHI,TOR,143,141,2,8,10,1,9,0,554430.0,Zack Wheeler,548389.0,Ross Stripling,548389.0,554430.0,14,Rogers Centre,night,R
661876,2022-07-13,2022,BOS,TB,111,139,1,4,5,1,9,0,670174.0,Josh Winckowski,663556.0,Shane McClanahan,663556.0,670174.0,12,Tropicana Field,night,R
662949,2022-07-13,2022,CWS,CLE,145,114,2,1,3,0,9,0,608337.0,Lucas Giolito,650644.0,Aaron Civale,608337.0,656529.0,5,Progressive Field,night,R
661118,2022-07-13,2022,LAD,STL,119,138,7,6,13,0,9,0,664062.0,Tony Gonsolin,425794.0,Adam Wainwright,518886.0,606149.0,2889,Busch Stadium,night,R
663230,2022-07-14,2022,BAL,CHC,110,112,7,1,8,0,9,0,657093.0,Spenser Watkins,657006.0,Justin Steele,657093.0,657006.0,17,Wrigley Field,night,R
661812,2022-07-14,2022,OAK,TEX,133,140,2,5,7,1,9,0,621112.0,Paul Blackburn,592351.0,Jon Gray,592351.0,621112.0,5325,Globe Life Field,night,R
662895,2022-07-14,2022,SD,COL,135,115,6,10,16,1,9,0,605397.0,Joe Musgrove,641771.0,Chad Kuhl,596112.0,605463.0,19,Coors Field,night,R
663401,2022-07-14,2022,HOU,LAA,117,108,1,7,8,1,9,0,664299.0,Cristian Javier,660271.0,Shohei Ohtani,660271.0,664299.0,1,Angel Stadium,night,R
661375,2022-07-14,2022,PIT,MIA,134,146,2,3,5,1,11,1,605507.0,Zach Thompson,666129.0,Braxton Garrett,542947.0,640444.0,4169,loanDepot park,day,R
661100,2022-07-14,2022,SD,COL,135,115,5,8,13,1,9,0,605483.0,Blake Snell,607536.0,Kyle Freeland,468504.0,622503.0,19,Coors Field,day,R
662518,2022-07-14,2022,ATL,WSH,144,120,5,4,9,0,9,0,657140.0,Kyle Wright,434671.0,Aníbal Sánchez,657140.0,434671.0,3309,Nationals Park,night,R
661261,2022-07-14,2022,CIN,NYY,113,147,7,6,13,0,10,1,622491.0,Luis Castillo,641482.0,Nestor Cortes,665665.0,476595.0,3313,Yankee Stadium,night,R
661720,2022-07-14,2022,KC,TOR,118,141,3,1,4,0,9,0,672582.0,Angel Zerpa,592332.0,Kevin Gausman,672582.0,592332.0,14,Rogers Centre,night,R
663123,2022-07-14,2022,DET,CLE,116,114,0,4,4,1,9,0,660730.0,Elvin Rodríguez,663474.0,Triston McKenzie,663474.0,660730.0,5,Progressive Field,night,R
661875,2022-07-14,2022,BOS,TB,111,139,4,5,9,1,9,0,676710.0,Kutter Crawford,656876.0,Drew Rasmussen,676720.0,670167.0,12,Tropicana Field,night,R
661117,2022-07-14,2022,LAD,STL,119,138,4,0,4,0,9,0,542881.0,Tyler Anderson,641712.0,Dakota Hudson,542881.0,641712.0,2889,Busch Stadium,night,R
661675,2022-07-14,2022,CWS,MIN,145,142,12,2,14,0,9,0,456501.0,Johnny Cueto,543243.0,Sonny Gray,456501.0,543243.0,3312,Target Field,night,R
661101,2022-07-15,2022,NYM,CHC,121,112,8,0,8,0,9,0,471911.0,Carlos Carrasco,624522.0,Keegan Thompson,471911.0,624522.0,17,Wrigley Field,night,R
661811,2022-07-15,2022,SEA,TEX,136,140,6,5,11,0,9,0,594835.0,Marco Gonzales,527048.0,Martín Pérez,670036.0,642701.0,5325,Globe Life Field,night,R
663386,2022-07-15,2022,HOU,LAA,117,108,3,2,5,0,10,1,664285.0,Framber Valdez,672282.0,Reid Detmers,519151.0,571901.0,1,Angel Stadium,night,R
662109,2022-07-15,2022,MIL,SF,158,137,3,2,5,0,10,1,669203.0,Corbin Burnes,607074.0,Carlos Rodón,641627.0,666808.0,2395,Oracle Park,night,R
661374,2022-07-15,2022,PHI,MIA,143,146,2,1,3,0,9,0,502043.0,Kyle Gibson,645261.0,Sandy Alcantara,502043.0,645261.0,4169,loanDepot park,night,R
662516,2022-07-15,2022,ATL,WSH,144,120,8,4,12,0,9,0,666120.0,Ian Anderson,571578.0,Patrick Corbin,666120.0,571578.0,3309,Nationals Park,night,R
661260,2022-07-15,2022,BOS,NYY,111,147,5,4,9,0,11,1,543135.0,Nathan Eovaldi,656756.0,Jordan Montgomery,656557.0,650633.0,3313,Yankee Stadium,night,R
661719,2022-07-15,2022,KC,TOR,118,141,1,8,9,1,9,0,425844.0,Zack Greinke,666201.0,Alek Manoah,666201.0,425844.0,14,Rogers Centre,night,R
662942,2022-07-15,2022,DET,CLE,116,114,5,6,11,1,9,0,571800.0,Drew Hutchison,668676.0,Zach Plesac,543766.0,605242.0,5,Progressive Field,night,R
661874,2022-07-15,2022,BAL,TB,110,139,4,5,9,1,9,0,669330.0,Tyler Wells,672715.0,Luis Patiño,605538.0,669330.0,12,Tropicana Field,night,R
661810,2022-07-16,2022,SEA,TEX,136,140,8,3,11,0,9,0,592662.0,Robbie Ray,456713.0,Matt Bush,592662.0,621368.0,5325,Globe Life Field,night,R
662923,2022-07-16,2022,OAK,HOU,133,117,5,1,6,0,9,0,608344.0,Cole Irvin,664353.0,José Urquidy,608344.0,664353.0,2392,Minute Maid Park,night,R
661674,2022-07-16,2022,CWS,MIN,145,142,6,2,8,0,9,0,656629.0,Michael Kopech,656970.0,Devin Smeltzer,656629.0,641941.0,3312,Target Field,night,R
661116,2022-07-16,2022,CIN,STL,113,138,3,7,10,1,9,0,668881.0,Hunter Greene,669467.0,Andre Pallante,669467.0,668881.0,2889,Busch Stadium,night,R
661113,2022-07-16,2022,PIT,COL,134,115,2,13,15,1,9,0,500779.0,Jose Quintana,608566.0,Germán Márquez,608566.0,500779.0,19,Coors Field,night,R
663385,2022-07-16,2022,LAD,LAA,119,108,9,1,10,0,9,0,477132.0,Clayton Kershaw,663776.0,Patrick Sandoval,477132.0,663776.0,1,Angel Stadium,night,R
662197,2022-07-16,2022,ARI,SD,109,135,3,5,8,1,9,0,518516.0,Madison Bumgarner,506433.0,Yu Darvish,506433.0,518516.0,2680,Petco Park,night,R
662072,2022-07-16,2022,MIL,SF,158,137,5,8,13,1,9,0,605540.0,Brandon Woodruff,622072.0,Alex Wood,669674.0,623352.0,2395,Oracle Park,night,R
661115,2022-07-15,2022,NYM,CHC,121,112,0,0,0,0,9,0,592836.0,Taijuan Walker,573186.0,Marcus Stroman,,,17,Wrigley Field,day,R
661673,2022-07-16,2022,CWS,MIN,145,142,3,6,9,1,9,0,458681.0,Lance Lynn,605164.0,Dylan Bundy,605164.0,458681.0,3312,Target Field,day,R
661966,2022-07-16,2022,CIN,STL,113,138,3,11,14,1,9,0,666157.0,Nick Lodolo,571945.0,Miles Mikolas,571945.0,666157.0,2889,Busch Stadium,day,R
661114,2022-07-16,2022,NYM,CHC,121,112,2,1,3,0,11,1,592836.0,Taijuan Walker,573186.0,Marcus Stroman,493603.0,571710.0,17,Wrigley Field,day,R
661115,2022-07-17,2022,NYM,CHC,121,112,4,3,7,0,10,1,453286.0,Max Scherzer,592767.0,Drew Smyly,661255.0,571710.0,17,Wrigley Field,night,R
661718,2022-07-16,2022,KC,TOR,118,141,5,6,11,1,10,1,663738.0,Daniel Lynch IV,666721.0,Max Castillo,605447.0,606303.0,14,Rogers Centre,day,R
661081,2022-07-16,2022,PIT,COL,134,115,0,2,2,1,9,0,656605.0,Mitch Keller,570632.0,José Ureña,570632.0,656605.0,19,Coors Field,day,R
661809,2022-07-16,2022,SEA,TEX,136,140,3,2,5,0,10,1,669302.0,Logan Gilbert,675921.0,Spencer Howard,650895.0,656685.0,5325,Globe Life Field,day,R
662483,2022-07-16,2022,ATL,WSH,144,120,6,3,9,0,9,0,608331.0,Max Fried,502179.0,Paolo Espino,608331.0,502179.0,3309,Nationals Park,day,R
662952,2022-07-16,2022,DET,CLE,116,114,0,10,10,1,9,0,501381.0,Michael Pineda,615698.0,Cal Quantrill,615698.0,501381.0,5,Progressive Field,day,R
662909,2022-07-16,2022,OAK,HOU,133,117,0,5,5,1,9,0,657649.0,Jared Koenig,434378.0,Justin Verlander,434378.0,657649.0,2392,Minute Maid Park,day,R
661873,2022-07-16,2022,BAL,TB,110,139,6,4,10,0,11,1,665152.0,Dean Kremer,642232.0,Ryan Yarbrough,605347.0,572703.0,12,Tropicana Field,day,R
661359,2022-07-16,2022,PHI,MIA,143,146,10,0,10,0,9,0,624133.0,Ranger Suárez,676974.0,Max Meyer,624133.0,676974.0,4169,loanDepot park,day,R
661259,2022-07-16,2022,BOS,NYY,111,147,1,14,15,1,9,0,601713.0,Nick Pivetta,592791.0,Jameson Taillon,592791.0,601713.0,3313,Yankee Stadium,night,R
662113,2022-07-16,2022,MIL,SF,158,137,1,2,3,1,9,0,641778.0,Eric Lauer,502171.0,Alex Cobb,605154.0,608718.0,2395,Oracle Park,day,R
662271,2022-07-17,2022,ARI,SD,109,135,3,4,7,1,9,0,656457.0,Tyler Gilbert,640455.0,Sean Manaea,640455.0,598287.0,2680,Petco Park,night,R
663415,2022-07-17,2022,LAD,LAA,119,108,7,1,8,0,9,0,628711.0,Julio Urías,660761.0,José Suarez,628711.0,660761.0,1,Angel Stadium,night,R
661717,2022-07-17,2022,KC,TOR,118,141,2,4,6,1,9,0,663460.0,Kris Bubic,621244.0,José Berríos,641835.0,670090.0,14,Rogers Centre,day,R
662530,2022-07-17,2022,ATL,WSH,144,120,3,7,10,1,9,0,675911.0,Spencer Strider,541640.0,Erasmo Ramírez,518553.0,675911.0,3309,Nationals Park,day,R
661258,2022-07-17,2022,BOS,NYY,111,147,2,13,15,1,9,0,519242.0,Chris Sale,543037.0,Gerrit Cole,543037.0,519242.0,3313,Yankee Stadium,day,R
661872,2022-07-17,2022,BAL,TB,110,139,5,7,12,1,9,0,543475.0,Jordan Lyles,446372.0,Corey Kluber,446372.0,543475.0,12,Tropicana Field,day,R
661373,2022-07-17,2022,PHI,MIA,143,146,4,0,4,0,9,0,605400.0,Aaron Nola,669432.0,Trevor Rogers,605400.0,669432.0,4169,loanDepot park,day,R
662908,2022-07-17,2022,OAK,HOU,133,117,4,3,7,0,9,0,670124.0,Adam Oller,543606.0,Jake Odorizzi,640462.0,606160.0,2392,Minute Maid Park,day,R
661672,2022-07-17,2022,CWS,MIN,145,142,11,0,11,0,9,0,656302.0,Dylan Cease,502042.0,Chris Archer,656302.0,502042.0,3312,Target Field,day,R
661082,2022-07-17,2022,NYM,CHC,121,112,2,3,5,1,9,0,656849.0,David Peterson,592716.0,Adrian Sampson,592858.0,622098.0,17,Wrigley Field,day,R
661821,2022-07-17,2022,SEA,TEX,136,140,6,2,8,0,9,0,623167.0,Chris Flexen,657248.0,Glenn Otto Jr.,621366.0,657248.0,5325,Globe Life Field,day,R
661080,2022-07-17,2022,PIT,COL,134,115,8,3,11,0,9,0,669060.0,Bryse Wilson,596295.0,Austin Gomber,595881.0,656234.0,19,Coors Field,day,R
662059,2022-07-17,2022,MIL,SF,158,137,5,9,14,1,9,0,676879.0,Aaron Ashby,657277.0,Logan Webb,657277.0,676879.0,2395,Oracle Park,day,R
662269,2022-07-17,2022,ARI,SD,109,135,3,1,4,0,9,0,518876.0,Merrill Kelly,605182.0,Mike Clevinger,518876.0,605182.0,2680,Petco Park,day,R
662948,2022-07-17,2022,DET,CLE,116,114,0,0,0,0,9,0,641302.0,Tyler Alexander,669456.0,Shane Bieber,,,5,Progressive Field,day,R
661965,2022-07-17,2022,CIN,STL,113,138,0,0,0,0,9,0,668933.0,Graham Ashcraft,571927.0,Steven Matz,,,2889,Busch Stadium,day,R
661421,2022-07-21,2022,TEX,MIA,140,146,8,0,8,0,9,0,592351.0,Jon Gray,641154.0,Pablo López,592351.0,641154.0,4169,loanDepot park,day,R
662776,2022-07-21,2022,NYY,HOU,147,117,2,3,5,1,9,0,656756.0,Jordan Montgomery,664299.0,Cristian Javier,593576.0,650633.0,2392,Minute Maid Park,day,R
662775,2022-07-21,2022,NYY,HOU,147,117,5,7,12,1,9,0,593334.0,Domingo Germán,677651.0,Luis Garcia,677651.0,593334.0,2392,Minute Maid Park,night,R
662411,2022-07-21,2022,DET,OAK,116,133,7,2,9,0,9,0,669373.0,Tarik Skubal,656657.0,Zach Logue,669373.0,656657.0,10,Oakland Coliseum,day,R
662408,2022-07-21,2022,DET,OAK,116,133,0,5,5,1,9,0,682051.0,Garrett Hill,593423.0,Frankie Montas,642758.0,682051.0,10,Oakland Coliseum,day,R
662685,2022-07-22,2022,SF,LAD,137,119,6,9,15,1,9,0,607074.0,Carlos Rodón,669952.0,Mitch White,623465.0,608678.0,22,Dodger Stadium,night,R
663060,2022-07-22,2022,STL,CIN,138,113,5,9,14,1,9,0,425794.0,Adam Wainwright,668933.0,Graham Ashcraft,665665.0,425794.0,2602,Great American Ball Park,night,R
661560,2022-07-22,2022,CHC,PHI,112,143,15,2,17,0,9,0,657006.0,Justin Steele,502043.0,Kyle Gibson,657006.0,502043.0,2681,Citizens Bank Park,night,R
662327,2022-07-22,2022,MIA,PIT,146,134,8,1,9,0,9,0,666129.0,Braxton Garrett,605507.0,Zach Thompson,666129.0,605507.0,31,PNC Park,night,R
661072,2022-07-22,2022,NYY,BAL,147,110,7,6,13,0,9,0,592791.0,Jameson Taillon,669330.0,Tyler Wells,476595.0,669330.0,2,Oriole Park at Camden Yards,night,R
662481,2022-07-22,2022,SD,NYM,135,121,4,1,5,0,9,0,506433.0,Yu Darvish,453286.0,Max Scherzer,506433.0,453286.0,3289,Citi Field,night,R
663222,2022-07-22,2022,TOR,BOS,141,111,28,5,33,0,9,0,592332.0,Kevin Gausman,543135.0,Nathan Eovaldi,592332.0,543135.0,3,Fenway Park,night,R
661504,2022-07-22,2022,LAA,ATL,108,144,1,8,9,1,9,0,660271.0,Shohei Ohtani,450203.0,Charlie Morton,669276.0,660271.0,4705,Truist Park,night,R
662658,2022-07-23,2022,TB,KC,139,118,7,3,10,0,9,0,656876.0,Drew Rasmussen,641745.0,Brad Keller,656876.0,641745.0,7,Kauffman Stadium,night,R
661409,2022-07-23,2022,CLE,CWS,114,145,8,2,10,0,9,0,615698.0,Cal Quantrill,608337.0,Lucas Giolito,615698.0,608337.0,4,Guaranteed Rate Field,night,R
661193,2022-07-23,2022,COL,MIL,115,158,5,6,11,1,13,1,622608.0,Antonio Senzatela,669203.0,Corbin Burnes,608718.0,656234.0,32,American Family Field,night,R
663306,2022-07-23,2022,WSH,ARI,120,109,1,10,11,1,9,0,571578.0,Patrick Corbin,668678.0,Zac Gallen,668678.0,571578.0,15,Chase Field,night,R
662344,2022-07-23,2022,TEX,OAK,140,133,4,5,9,1,9,0,675921.0,Spencer Howard,608344.0,Cole Irvin,608344.0,675921.0,10,Oakland Coliseum,night,R
662167,2022-07-23,2022,HOU,SEA,117,136,5,2,7,0,9,0,664353.0,José Urquidy,594835.0,Marco Gonzales,664353.0,594835.0,680,T-Mobile Park,night,R
662589,2022-07-23,2022,SF,LAD,137,119,1,5,6,1,9,0,657277.0,Logan Webb,542881.0,Tyler Anderson,681911.0,669674.0,22,Dodger Stadium,night,R
661523,2022-07-23,2022,CLE,CWS,114,145,7,4,11,0,9,0,663474.0,Triston McKenzie,456501.0,Johnny Cueto,663986.0,521230.0,4,Guaranteed Rate Field,day,R
661408,2022-07-23,2022,CLE,CWS,114,145,4,5,9,1,9,0,663455.0,Konnor Pilkington,458681.0,Lance Lynn,523260.0,543766.0,4,Guaranteed Rate Field,night,R
662146,2022-07-23,2022,HOU,SEA,117,136,3,1,4,0,9,0,434378.0,Justin Verlander,669302.0,Logan Gilbert,434378.0,669302.0,680,T-Mobile Park,day,R
663221,2022-07-23,2022,TOR,BOS,141,111,4,1,5,0,9,0,666201.0,Alek Manoah,676710.0,Kutter Crawford,666201.0,676710.0,3,Fenway Park,day,R
661559,2022-07-23,2022,CHC,PHI,112,143,6,2,8,0,10,1,573186.0,Marcus Stroman,554430.0,Zack Wheeler,502085.0,621237.0,2681,Citizens Bank Park,night,R
662902,2022-07-23,2022,MIN,DET,142,116,8,4,12,0,9,0,657746.0,Joe Ryan,501381.0,Michael Pineda,657746.0,501381.0,2394,Comerica Park,night,R
663047,2022-07-23,2022,STL,CIN,138,113,6,3,9,0,9,0,571927.0,Steven Matz,501985.0,Mike Minor,571927.0,501985.0,2602,Great American Ball Park,night,R
662436,2022-07-23,2022,MIA,PIT,146,134,0,1,1,1,9,0,676974.0,Max Meyer,500779.0,Jose Quintana,500779.0,656945.0,31,PNC Park,night,R
661057,2022-07-23,2022,NYY,BAL,147,110,3,6,9,1,9,0,543037.0,Gerrit Cole,543475.0,Jordan Lyles,672335.0,543037.0,2,Oriole Park at Camden Yards,night,R
662495,2022-07-23,2022,SD,NYM,135,121,2,1,3,0,9,0,605483.0,Blake Snell,605135.0,Chris Bassitt,605483.0,605135.0,3289,Citi Field,night,R
662657,2022-07-23,2022,TB,KC,139,118,3,6,9,1,9,0,672715.0,Luis Patiño,663903.0,Brady Singer,605130.0,642232.0,7,Kauffman Stadium,night,R
661201,2022-07-23,2022,COL,MIL,115,158,4,9,13,1,9,0,570632.0,José Ureña,605540.0,Brandon Woodruff,605540.0,570632.0,32,American Family Field,night,R
662608,2022-07-23,2022,SF,LAD,137,119,2,4,6,1,9,0,622072.0,Alex Wood,628711.0,Julio Urías,628711.0,622072.0,22,Dodger Stadium,day,R
661503,2022-07-23,2022,LAA,ATL,108,144,2,7,9,1,9,0,663776.0,Patrick Sandoval,657140.0,Kyle Wright,657140.0,663776.0,4705,Truist Park,night,R
663305,2022-07-24,2022,WSH,ARI,120,109,2,7,9,1,9,0,434671.0,Aníbal Sánchez,518516.0,Madison Bumgarner,518516.0,434671.0,15,Chase Field,night,R
662348,2022-07-24,2022,TEX,OAK,140,133,1,3,4,1,9,0,456713.0,Matt Bush,621076.0,James Kaprielian,642758.0,642701.0,10,Oakland Coliseum,night,R
661556,2022-07-24,2022,CHC,PHI,112,143,4,3,7,0,9,0,592767.0,Drew Smyly,663559.0,Bailey Falter,592767.0,663559.0,2681,Citizens Bank Park,day,R
663220,2022-07-24,2022,TOR,BOS,141,111,8,4,12,0,9,0,548389.0,Ross Stripling,678394.0,Brayan Bello,641835.0,678394.0,3,Fenway Park,day,R
661502,2022-07-24,2022,LAA,ATL,108,144,9,1,10,0,9,0,672282.0,Reid Detmers,666120.0,Ian Anderson,672282.0,666120.0,4705,Truist Park,day,R
662357,2022-07-24,2022,MIA,PIT,146,134,6,5,11,0,10,1,645261.0,Sandy Alcantara,656605.0,Mitch Keller,542914.0,670280.0,31,PNC Park,day,R
661056,2022-07-24,2022,NYY,BAL,147,110,6,0,6,0,9,0,641482.0,Nestor Cortes,665152.0,Dean Kremer,641482.0,665152.0,2,Oriole Park at Camden Yards,day,R
663059,2022-07-24,2022,STL,CIN,138,113,3,6,9,1,9,0,571945.0,Miles Mikolas,641816.0,Tyler Mahle,641816.0,571945.0,2602,Great American Ball Park,day,R
662901,2022-07-24,2022,MIN,DET,142,116,9,1,10,0,9,0,543243.0,Sonny Gray,665621.0,Rony García,543243.0,665621.0,2394,Comerica Park,day,R
662656,2022-07-24,2022,TB,KC,139,118,2,4,6,1,9,0,605488.0,Jeffrey Springs,663460.0,Kris Bubic,663460.0,548384.0,7,Kauffman Stadium,day,R
661407,2022-07-24,2022,CLE,CWS,114,145,3,6,9,1,9,0,669456.0,Shane Bieber,656302.0,Dylan Cease,656302.0,669456.0,4,Guaranteed Rate Field,day,R
661184,2022-07-24,2022,COL,MIL,115,158,9,10,19,1,9,0,641771.0,Chad Kuhl,641778.0,Eric Lauer,608718.0,517008.0,32,American Family Field,day,R
662343,2022-07-24,2022,TEX,OAK,140,133,11,8,19,0,9,0,527048.0,Martín Pérez,621112.0,Paul Blackburn,527048.0,621112.0,10,Oakland Coliseum,day,R
663316,2022-07-24,2022,WSH,ARI,120,109,4,3,7,0,9,0,607200.0,Erick Fedde,656686.0,Corbin Martin,605218.0,573009.0,15,Chase Field,day,R
662145,2022-07-24,2022,HOU,SEA,117,136,8,5,13,0,9,0,664285.0,Framber Valdez,592662.0,Robbie Ray,664285.0,592662.0,680,T-Mobile Park,day,R
662682,2022-07-24,2022,SF,LAD,137,119,4,7,11,1,9,0,502171.0,Alex Cobb,477132.0,Clayton Kershaw,623465.0,608678.0,22,Dodger Stadium,day,R
662458,2022-07-24,2022,SD,NYM,135,121,5,8,13,1,9,0,605397.0,Joe Musgrove,471911.0,Carlos Carrasco,622098.0,605397.0,3289,Citi Field,night,R
663046,2022-07-25,2022,MIA,CIN,146,113,2,11,13,1,9,0,669432.0,Trevor Rogers,666157.0,Nick Lodolo,666157.0,669432.0,2602,Great American Ball Park,night,R
661055,2022-07-25,2022,TB,BAL,139,110,1,5,6,1,9,0,446372.0,Corey Kluber,608723.0,Austin Voth,663989.0,446372.0,2,Oriole Park at Camden Yards,night,R
661555,2022-07-25,2022,ATL,PHI,144,143,4,6,10,1,9,0,608331.0,Max Fried,624133.0,Ranger Suárez,571479.0,621345.0,2681,Citizens Bank Park,night,R
663219,2022-07-25,2022,CLE,BOS,114,111,1,3,4,1,9,0,668676.0,Zach Plesac,601713.0,Nick Pivetta,670167.0,668676.0,3,Fenway Park,night,R
662809,2022-07-25,2022,SD,DET,135,116,4,12,16,1,9,0,640455.0,Sean Manaea,571800.0,Drew Hutchison,676684.0,640455.0,2394,Comerica Park,night,R
661065,2022-07-26,2022,PIT,CHC,134,112,2,3,5,1,9,0,664141.0,JT Brubaker,592716.0,Adrian Sampson,571710.0,660787.0,17,Wrigley Field,night,R
662655,2022-07-26,2022,LAA,KC,108,118,0,7,7,1,9,0,592789.0,Noah Syndergaard,425844.0,Zack Greinke,607237.0,592789.0,7,Kauffman Stadium,night,R
661231,2022-07-26,2022,COL,MIL,115,158,2,0,2,0,9,0,607536.0,Kyle Freeland,676879.0,Aaron Ashby,607536.0,676879.0,32,American Family Field,night,R
662347,2022-07-26,2022,HOU,OAK,117,133,5,7,12,1,9,0,543606.0,Jake Odorizzi,670124.0,Adam Oller,670124.0,543606.0,10,Oakland Coliseum,night,R
663315,2022-07-26,2022,SF,ARI,137,109,0,7,7,1,9,0,596001.0,Jakob Junis,518876.0,Merrill Kelly,518876.0,596001.0,15,Chase Field,night,R
662576,2022-07-26,2022,WSH,LAD,120,119,4,1,5,0,9,0,502179.0,Paolo Espino,664062.0,Tony Gonsolin,600921.0,664062.0,22,Dodger Stadium,night,R
662166,2022-07-26,2022,TEX,SEA,140,136,3,4,7,1,9,0,657248.0,Glenn Otto Jr.,623167.0,Chris Flexen,623167.0,657248.0,680,T-Mobile Park,night,R
661064,2022-07-26,2022,PIT,CHC,134,112,2,4,6,1,9,0,669060.0,Bryse Wilson,624522.0,Keegan Thompson,624522.0,669060.0,17,Wrigley Field,day,R
663029,2022-07-26,2022,MIA,CIN,146,113,2,1,3,0,9,0,641154.0,Pablo López,668881.0,Hunter Greene,641154.0,668881.0,2602,Great American Ball Park,night,R
661054,2022-07-26,2022,TB,BAL,139,110,3,5,8,1,9,0,663556.0,Shane McClanahan,657093.0,Spenser Watkins,669211.0,621363.0,2,Oriole Park at Camden Yards,night,R
661563,2022-07-26,2022,ATL,PHI,144,143,6,3,9,0,9,0,675911.0,Spencer Strider,605400.0,Aaron Nola,675911.0,605400.0,2681,Citizens Bank Park,night,R
661716,2022-07-26,2022,STL,TOR,138,141,3,10,13,1,9,0,669467.0,Andre Pallante,621244.0,José Berríos,641835.0,663855.0,14,Rogers Centre,night,R
663203,2022-07-26,2022,CLE,BOS,114,111,8,3,11,0,9,0,543766.0,Bryan Shaw,670174.0,Josh Winckowski,668948.0,670174.0,3,Fenway Park,night,R
662813,2022-07-26,2022,SD,DET,135,116,6,4,10,0,10,1,605182.0,Mike Clevinger,682051.0,Garrett Hill,573124.0,642397.0,2394,Comerica Park,night,R
662438,2022-07-26,2022,NYY,NYM,147,121,3,6,9,1,9,0,656756.0,Jordan Montgomery,592836.0,Taijuan Walker,592836.0,656756.0,3289,Citi Field,night,R
662653,2022-07-27,2022,LAA,KC,108,118,6,0,6,0,9,0,660761.0,José Suarez,672582.0,Angel Zerpa,660761.0,672582.0,7,Kauffman Stadium,night,R
661281,2022-07-27,2022,MIN,MIL,142,158,6,7,13,1,9,0,605164.0,Dylan Bundy,663629.0,Ethan Small,623352.0,608648.0,32,American Family Field,night,R
661079,2022-07-27,2022,CWS,COL,145,115,2,1,3,0,9,0,656629.0,Michael Kopech,608566.0,Germán Márquez,656629.0,608566.0,19,Coors Field,night,R
662346,2022-07-27,2022,HOU,OAK,117,133,3,5,8,1,9,0,677651.0,Luis Garcia,593423.0,Frankie Montas,593423.0,677651.0,10,Oakland Coliseum,night,R
663314,2022-07-27,2022,SF,ARI,137,109,3,7,10,1,9,0,607074.0,Carlos Rodón,656457.0,Tyler Gilbert,453178.0,607074.0,15,Chase Field,night,R
662573,2022-07-27,2022,WSH,LAD,120,119,8,3,11,0,9,0,680686.0,Josiah Gray,669952.0,Mitch White,541640.0,664076.0,22,Dodger Stadium,night,R
662184,2022-07-27,2022,TEX,SEA,140,136,4,5,9,1,9,0,641540.0,Dane Dunning,669923.0,George Kirby,657024.0,656685.0,680,T-Mobile Park,night,R
661554,2022-07-27,2022,ATL,PHI,144,143,2,7,9,1,9,0,450203.0,Charlie Morton,502043.0,Kyle Gibson,502043.0,450203.0,2681,Citizens Bank Park,day,R
662900,2022-07-27,2022,SD,DET,135,116,3,4,7,1,9,0,506433.0,Yu Darvish,669373.0,Tarik Skubal,605242.0,573124.0,2394,Comerica Park,day,R
662652,2022-07-27,2022,LAA,KC,108,118,4,0,4,0,9,0,676083.0,Janson Junk,641745.0,Brad Keller,676083.0,641745.0,7,Kauffman Stadium,day,R
661249,2022-07-27,2022,MIN,MIL,142,158,4,10,14,1,9,0,502042.0,Chris Archer,669203.0,Corbin Burnes,669203.0,502042.0,32,American Family Field,day,R
662565,2022-07-27,2022,WSH,LAD,120,119,1,7,8,1,9,0,571578.0,Patrick Corbin,571760.0,Andrew Heaney,681911.0,571578.0,22,Dodger Stadium,day,R
661078,2022-07-27,2022,CWS,COL,145,115,5,6,11,1,9,0,608337.0,Lucas Giolito,622608.0,Antonio Senzatela,596112.0,608665.0,19,Coors Field,day,R
662345,2022-07-27,2022,HOU,OAK,117,133,2,4,6,1,9,0,664299.0,Cristian Javier,608344.0,Cole Irvin,608344.0,664299.0,10,Oakland Coliseum,day,R
663294,2022-07-27,2022,SF,ARI,137,109,3,5,8,1,9,0,657277.0,Logan Webb,668678.0,Zac Gallen,598287.0,657277.0,15,Chase Field,day,R
662165,2022-07-27,2022,TEX,SEA,140,136,2,4,6,1,9,0,592351.0,Jon Gray,594835.0,Marco Gonzales,594835.0,592351.0,680,T-Mobile Park,day,R
663028,2022-07-27,2022,MIA,CIN,146,113,3,5,8,1,9,0,666129.0,Braxton Garrett,622491.0,Luis Castillo,622491.0,666129.0,2602,Great American Ball Park,night,R
661053,2022-07-27,2022,TB,BAL,139,110,6,4,10,0,10,1,656876.0,Drew Rasmussen,669330.0,Tyler Wells,621363.0,605347.0,2,Oriole Park at Camden Yards,night,R
661715,2022-07-27,2022,STL,TOR,138,141,6,1,7,0,9,0,425794.0,Adam Wainwright,592332.0,Kevin Gausman,425794.0,592332.0,14,Rogers Centre,night,R
663191,2022-07-27,2022,CLE,BOS,114,111,7,6,13,0,9,0,615698.0,Cal Quantrill,543135.0,Nathan Eovaldi,660853.0,656557.0,3,Fenway Park,night,R
662420,2022-07-27,2022,NYY,NYM,147,121,2,3,5,1,9,0,593334.0,Domingo Germán,453286.0,Max Scherzer,607625.0,593974.0,3289,Citi Field,night,R
661052,2022-07-28,2022,TB,BAL,139,110,0,3,3,1,9,0,642232.0,Ryan Yarbrough,543475.0,Jordan Lyles,543475.0,642232.0,2,Oriole Park at Camden Yards,day,R
663027,2022-07-28,2022,MIA,CIN,146,113,7,6,13,0,9,0,641447.0,Daniel Castano,668933.0,Graham Ashcraft,647315.0,519326.0,2602,Great American Ball Park,day,R
662326,2022-07-28,2022,PHI,PIT,143,134,8,7,15,0,9,0,554430.0,Zack Wheeler,605507.0,Zach Thompson,554430.0,605507.0,31,PNC Park,night,R
661257,2022-07-28,2022,KC,NYY,118,147,0,1,1,1,9,0,663903.0,Brady Singer,592791.0,Jameson Taillon,605280.0,605130.0,3313,Yankee Stadium,night,R
661714,2022-07-28,2022,DET,TOR,116,141,3,5,8,1,9,0,641302.0,Tyler Alexander,579328.0,Yusei Kikuchi,579328.0,641302.0,14,Rogers Centre,night,R
663200,2022-07-28,2022,CLE,BOS,114,111,2,4,6,1,9,0,663474.0,Triston McKenzie,676710.0,Kutter Crawford,518617.0,663474.0,3,Fenway Park,night,R
662907,2022-07-29,2022,SEA,HOU,136,117,2,4,6,1,9,0,669302.0,Logan Gilbert,664353.0,José Urquidy,606160.0,662253.0,2392,Minute Maid Park,night,R
661077,2022-07-29,2022,LAD,COL,119,115,13,0,13,0,9,0,542881.0,Tyler Anderson,570632.0,José Ureña,542881.0,570632.0,19,Coors Field,night,R
663380,2022-07-29,2022,TEX,LAA,140,108,2,0,2,0,9,0,675921.0,Spencer Howard,660271.0,Shohei Ohtani,675921.0,660271.0,1,Angel Stadium,night,R
662058,2022-07-29,2022,CHC,SF,112,137,2,4,6,1,9,0,657006.0,Justin Steele,622072.0,Alex Wood,622072.0,657006.0,2395,Oracle Park,night,R
663026,2022-07-29,2022,BAL,CIN,110,113,6,2,8,0,9,0,680694.0,Kyle Bradish,501985.0,Mike Minor,622253.0,571656.0,2602,Great American Ball Park,night,R
661372,2022-07-29,2022,NYM,MIA,121,146,6,4,10,0,9,0,605135.0,Chris Bassitt,645261.0,Sandy Alcantara,493603.0,595345.0,4169,loanDepot park,night,R
662477,2022-07-29,2022,STL,WSH,138,120,6,2,8,0,9,0,571945.0,Miles Mikolas,434671.0,Aníbal Sánchez,571945.0,434671.0,3309,Nationals Park,night,R
662435,2022-07-29,2022,PHI,PIT,143,134,4,2,6,0,10,1,663559.0,Bailey Falter,500779.0,Jose Quintana,622554.0,621249.0,31,PNC Park,night,R
661256,2022-07-29,2022,KC,NYY,118,147,5,11,16,1,9,0,663460.0,Kris Bubic,543037.0,Gerrit Cole,656061.0,605130.0,3313,Yankee Stadium,night,R
661713,2022-07-29,2022,DET,TOR,116,141,4,2,6,0,9,0,650530.0,Bryan Garcia,666201.0,Alek Manoah,676684.0,666201.0,14,Rogers Centre,night,R
661871,2022-07-29,2022,CLE,TB,114,139,4,1,5,0,9,0,669456.0,Shane Bieber,605488.0,Jeffrey Springs,669456.0,605488.0,12,Tropicana Field,night,R
663190,2022-07-29,2022,MIL,BOS,158,111,4,1,5,0,9,0,605540.0,Brandon Woodruff,656354.0,Austin Davis,605540.0,678394.0,3,Fenway Park,night,R
661501,2022-07-29,2022,ARI,ATL,109,144,2,5,7,1,9,0,518516.0,Madison Bumgarner,657140.0,Kyle Wright,657140.0,518516.0,4705,Truist Park,night,R
662745,2022-07-30,2022,SEA,HOU,136,117,1,11,12,1,9,0,592662.0,Robbie Ray,434378.0,Justin Verlander,434378.0,592662.0,2392,Minute Maid Park,night,R
661406,2022-07-30,2022,OAK,CWS,133,145,7,3,10,0,9,0,621076.0,James Kaprielian,458681.0,Lance Lynn,621076.0,458681.0,4,Guaranteed Rate Field,night,R
661076,2022-07-30,2022,LAD,COL,119,115,5,4,9,0,9,0,628711.0,Julio Urías,641771.0,Chad Kuhl,628711.0,641771.0,19,Coors Field,night,R
663379,2022-07-30,2022,TEX,LAA,140,108,7,2,9,0,9,0,527048.0,Martín Pérez,663776.0,Patrick Sandoval,527048.0,663776.0,1,Angel Stadium,night,R
662268,2022-07-30,2022,MIN,SD,142,135,1,10,11,1,9,0,657746.0,Joe Ryan,605483.0,Blake Snell,605483.0,657746.0,2680,Petco Park,night,R
662057,2022-07-30,2022,CHC,SF,112,137,4,2,6,0,9,0,573186.0,Marcus Stroman,502171.0,Alex Cobb,573186.0,502171.0,2395,Oracle Park,night,R
661870,2022-07-30,2022,CLE,TB,114,139,4,6,10,1,9,0,668676.0,Zach Plesac,446372.0,Corey Kluber,446372.0,668676.0,12,Tropicana Field,day,R
661255,2022-07-30,2022,KC,NYY,118,147,2,8,10,1,9,0,669169.0,Jonathan Heasley,641482.0,Nestor Cortes,641482.0,669169.0,3313,Yankee Stadium,day,R
661712,2022-07-30,2022,DET,TOR,116,141,3,5,8,1,9,0,571800.0,Drew Hutchison,548389.0,Ross Stripling,670950.0,571882.0,14,Rogers Centre,day,R
663192,2022-07-30,2022,MIL,BOS,158,111,9,4,13,0,9,0,641778.0,Eric Lauer,601713.0,Nick Pivetta,641778.0,601713.0,3,Fenway Park,day,R
661371,2022-07-30,2022,NYM,MIA,121,146,4,0,4,0,9,0,471911.0,Carlos Carrasco,663734.0,Nick Neidert,471911.0,663734.0,4169,loanDepot park,night,R
663025,2022-07-30,2022,BAL,CIN,110,113,2,8,10,1,9,0,665152.0,Dean Kremer,641816.0,Tyler Mahle,641816.0,665152.0,2602,Great American Ball Park,night,R
662738,2022-07-30,2022,SEA,HOU,136,117,5,4,9,0,9,0,623167.0,Chris Flexen,664285.0,Framber Valdez,657024.0,519151.0,2392,Minute Maid Park,night,R
662476,2022-07-30,2022,STL,WSH,138,120,6,7,13,1,9,0,641712.0,Dakota Hudson,502179.0,Paolo Espino,541640.0,650893.0,3309,Nationals Park,night,R
662196,2022-07-30,2022,MIN,SD,142,135,7,4,11,0,9,0,543243.0,Sonny Gray,605397.0,Joe Musgrove,543243.0,605397.0,2680,Petco Park,day,R
662415,2022-07-30,2022,PHI,PIT,143,134,2,1,3,0,10,1,624133.0,Ranger Suárez,656605.0,Mitch Keller,608349.0,660787.0,31,PNC Park,night,R
661451,2022-07-30,2022,OAK,CWS,133,145,2,3,5,1,9,0,621112.0,Paul Blackburn,456501.0,Johnny Cueto,521230.0,667427.0,4,Guaranteed Rate Field,night,R
661499,2022-07-30,2022,ARI,ATL,109,144,2,6,8,1,9,0,656686.0,Corbin Martin,666120.0,Ian Anderson,666120.0,656686.0,4705,Truist Park,night,R
662989,2022-07-31,2022,LAD,COL,119,115,3,5,8,1,9,0,477132.0,Clayton Kershaw,607536.0,Kyle Freeland,607536.0,477132.0,19,Coors Field,night,R
662112,2022-07-31,2022,CHC,SF,112,137,4,5,9,1,9,0,592767.0,Drew Smyly,596001.0,Jakob Junis,643511.0,592767.0,2395,Oracle Park,night,R
663378,2022-07-31,2022,TEX,LAA,140,108,7,9,16,1,9,0,657248.0,Glenn Otto Jr.,681217.0,Chase Silseth,657053.0,656685.0,1,Angel Stadium,night,R
661711,2022-07-31,2022,DET,TOR,116,141,1,4,5,1,9,0,682051.0,Garrett Hill,621244.0,José Berríos,621244.0,682051.0,14,Rogers Centre,day,R
662475,2022-07-31,2022,STL,WSH,138,120,5,0,5,0,9,0,669467.0,Andre Pallante,680686.0,Josiah Gray,669467.0,680686.0,3309,Nationals Park,day,R
662414,2022-07-31,2022,PHI,PIT,143,134,8,2,10,0,9,0,605400.0,Aaron Nola,664141.0,JT Brubaker,605400.0,664141.0,31,PNC Park,day,R
661498,2022-07-31,2022,ARI,ATL,109,144,0,1,1,1,9,0,518876.0,Merrill Kelly,608331.0,Max Fried,445276.0,453343.0,4705,Truist Park,day,R
661254,2022-07-31,2022,KC,NYY,118,147,8,6,14,0,9,0,425844.0,Zack Greinke,656756.0,Jordan Montgomery,664199.0,605280.0,3313,Yankee Stadium,day,R
663189,2022-07-31,2022,MIL,BOS,158,111,2,7,9,1,9,0,676879.0,Aaron Ashby,670174.0,Josh Winckowski,670174.0,676879.0,3,Fenway Park,day,R
663024,2022-07-31,2022,BAL,CIN,110,113,2,3,5,1,9,0,608723.0,Austin Voth,666157.0,Nick Lodolo,664747.0,642585.0,2602,Great American Ball Park,day,R
661869,2022-07-31,2022,CLE,TB,114,139,5,3,8,0,9,0,543766.0,Bryan Shaw,663556.0,Shane McClanahan,668948.0,663556.0,12,Tropicana Field,day,R
661370,2022-07-31,2022,NYM,MIA,121,146,9,3,12,0,9,0,592836.0,Taijuan Walker,641154.0,Pablo López,592836.0,641154.0,4169,loanDepot park,day,R
662918,2022-07-31,2022,SEA,HOU,136,117,2,3,5,1,10,1,669923.0,George Kirby,543606.0,Jake Odorizzi,593576.0,657514.0,2392,Minute Maid Park,day,R
661388,2022-07-31,2022,OAK,CWS,133,145,1,4,5,1,9,0,670124.0,Adam Oller,656302.0,Dylan Cease,656302.0,670124.0,4,Guaranteed Rate Field,day,R
662988,2022-07-31,2022,LAD,COL,119,115,7,3,10,0,9,0,664062.0,Tony Gonsolin,608566.0,Germán Márquez,664062.0,608566.0,19,Coors Field,day,R
663377,2022-07-31,2022,TEX,LAA,140,108,5,2,7,0,9,0,641540.0,Dane Dunning,672282.0,Reid Detmers,656271.0,650671.0,1,Angel Stadium,day,R
662267,2022-07-31,2022,MIN,SD,142,135,2,3,5,1,9,0,605164.0,Dylan Bundy,640455.0,Sean Manaea,640455.0,605164.0,2680,Petco Park,day,R
662071,2022-07-31,2022,CHC,SF,112,137,0,4,4,1,9,0,592716.0,Adrian Sampson,607074.0,Carlos Rodón,607074.0,592716.0,2395,Oracle Park,day,R
661369,2022-08-01,2022,CIN,MIA,113,146,3,1,4,0,9,0,668881.0,Hunter Greene,666200.0,Jesús Luzardo,668881.0,666200.0,4169,loanDepot park,night,R
662474,2022-08-01,2022,NYM,WSH,121,120,7,3,10,0,9,0,453286.0,Max Scherzer,571578.0,Patrick Corbin,453286.0,571578.0,3309,Nationals Park,night,R
661268,2022-08-01,2022,SEA,NYY,136,147,2,7,9,1,9,0,594835.0,Marco Gonzales,593334.0,Domingo Germán,593334.0,594835.0,3313,Yankee Stadium,night,R
662947,2022-08-01,2022,ARI,CLE,109,114,5,6,11,1,11,1,605200.0,Zach Davies,615698.0,Cal Quantrill,656529.0,453343.0,5,Progressive Field,night,R
661671,2022-08-01,2022,DET,MIN,116,142,3,5,8,1,10,1,669373.0,Tarik Skubal,592717.0,Aaron Sanchez,643377.0,656638.0,3312,Target Field,night,R
661820,2022-08-02,2022,BAL,TEX,110,140,7,2,9,0,9,0,657093.0,Spenser Watkins,592351.0,Jon Gray,657093.0,592351.0,5325,Globe Life Field,night,R
662737,2022-08-02,2022,BOS,HOU,111,117,3,2,5,0,9,0,543135.0,Nathan Eovaldi,677651.0,Luis Garcia,543135.0,677651.0,2392,Minute Maid Park,night,R
661387,2022-08-02,2022,KC,CWS,118,145,2,1,3,0,9,0,663738.0,Daniel Lynch IV,656629.0,Michael Kopech,663738.0,656629.0,4,Guaranteed Rate Field,night,R
662224,2022-08-02,2022,COL,SD,115,135,1,4,5,1,9,0,622608.0,Antonio Senzatela,605182.0,Mike Clevinger,605182.0,622608.0,2680,Petco Park,night,R
662070,2022-08-02,2022,LAD,SF,119,137,8,2,10,0,9,0,571760.0,Andrew Heaney,657277.0,Logan Webb,657571.0,657277.0,2395,Oracle Park,night,R
662250,2022-08-02,2022,COL,SD,115,135,5,13,18,1,9,0,663372.0,Ryan Feltner,506433.0,Yu Darvish,506433.0,656234.0,2680,Petco Park,day,R
662220,2022-08-03,2022,COL,SD,115,135,2,3,5,1,9,0,570632.0,José Ureña,663753.0,Reiss Knehr,623352.0,517008.0,2680,Petco Park,night,R
661368,2022-08-02,2022,CIN,MIA,113,146,2,1,3,0,9,0,668933.0,Graham Ashcraft,666129.0,Braxton Garrett,668933.0,666129.0,4169,loanDepot park,night,R
662529,2022-08-02,2022,NYM,WSH,121,120,1,5,6,1,9,0,594798.0,Jacob deGrom,676265.0,Cory Abbott,644364.0,668665.0,3309,Nationals Park,night,R
661253,2022-08-02,2022,SEA,NYY,136,147,8,6,14,0,9,0,669302.0,Logan Gilbert,592791.0,Jameson Taillon,682171.0,476595.0,3313,Yankee Stadium,night,R
662298,2022-08-02,2022,MIL,PIT,158,134,3,5,8,1,9,0,669203.0,Corbin Burnes,669060.0,Bryse Wilson,670059.0,669203.0,31,PNC Park,night,R
662941,2022-08-02,2022,ARI,CLE,109,114,6,3,9,0,9,0,668678.0,Zac Gallen,663474.0,Triston McKenzie,668678.0,663474.0,5,Progressive Field,night,R
661868,2022-08-02,2022,TOR,TB,141,139,3,1,4,0,9,0,592332.0,Kevin Gausman,656876.0,Drew Rasmussen,592332.0,656876.0,12,Tropicana Field,night,R
661496,2022-08-02,2022,PHI,ATL,143,144,1,13,14,1,9,0,656793.0,Nick Nelson,675911.0,Spencer Strider,675911.0,656793.0,4705,Truist Park,night,R
661661,2022-08-02,2022,DET,MIN,116,142,5,3,8,0,9,0,666159.0,Matt Manning,502042.0,Chris Archer,671345.0,643377.0,3312,Target Field,night,R
661959,2022-08-02,2022,CHC,STL,112,138,0,6,6,1,9,0,624522.0,Keegan Thompson,425794.0,Adam Wainwright,425794.0,624522.0,2889,Busch Stadium,night,R
661819,2022-08-03,2022,BAL,TEX,110,140,8,2,10,0,9,0,543475.0,Jordan Lyles,675921.0,Spencer Howard,543475.0,675921.0,5325,Globe Life Field,night,R
662736,2022-08-03,2022,BOS,HOU,111,117,2,1,3,0,9,0,676710.0,Kutter Crawford,664299.0,Cristian Javier,676710.0,664299.0,2392,Minute Maid Park,night,R
661386,2022-08-03,2022,KC,CWS,118,145,2,9,11,1,9,0,641745.0,Brad Keller,608337.0,Lucas Giolito,608337.0,641745.0,4,Guaranteed Rate Field,night,R
663376,2022-08-03,2022,OAK,LAA,133,108,1,3,4,1,9,0,608344.0,Cole Irvin,660761.0,José Suarez,660761.0,608344.0,1,Angel Stadium,night,R
662056,2022-08-03,2022,LAD,SF,119,137,9,5,14,0,9,0,542881.0,Tyler Anderson,622072.0,Alex Wood,542881.0,622072.0,2395,Oracle Park,night,R
661867,2022-08-03,2022,TOR,TB,141,139,2,3,5,1,9,0,579328.0,Yusei Kikuchi,656222.0,Jalen Beeks,657044.0,643256.0,12,Tropicana Field,day,R
661500,2022-08-03,2022,PHI,ATL,143,144,3,1,4,0,9,0,554430.0,Zack Wheeler,450203.0,Charlie Morton,554430.0,543521.0,4705,Truist Park,day,R
661293,2022-08-03,2022,SEA,NYY,136,147,7,3,10,0,9,0,622491.0,Luis Castillo,543037.0,Gerrit Cole,622491.0,543037.0,3313,Yankee Stadium,day,R
662946,2022-08-03,2022,ARI,CLE,109,114,4,7,11,1,9,0,674072.0,Tommy Henry,669456.0,Shane Bieber,669456.0,674072.0,5,Progressive Field,day,R
661664,2022-08-03,2022,DET,MIN,116,142,1,4,5,1,9,0,641302.0,Tyler Alexander,657746.0,Joe Ryan,657746.0,641302.0,3312,Target Field,day,R
661818,2022-08-03,2022,BAL,TEX,110,140,6,3,9,0,9,0,680694.0,Kyle Bradish,527048.0,Martín Pérez,672335.0,600917.0,5325,Globe Life Field,day,R
662725,2022-08-03,2022,BOS,HOU,111,117,1,6,7,1,9,0,448179.0,Rich Hill,664353.0,José Urquidy,664353.0,448179.0,2392,Minute Maid Park,day,R
661385,2022-08-03,2022,KC,CWS,118,145,1,4,5,1,9,0,663903.0,Brady Singer,458681.0,Lance Lynn,458681.0,663903.0,4,Guaranteed Rate Field,day,R
662552,2022-08-03,2022,NYM,WSH,121,120,9,5,14,0,9,0,605135.0,Chris Bassitt,434671.0,Aníbal Sánchez,605135.0,434671.0,3309,Nationals Park,day,R
661367,2022-08-03,2022,CIN,MIA,113,146,0,3,3,1,9,0,501985.0,Mike Minor,645261.0,Sandy Alcantara,645261.0,501985.0,4169,loanDepot park,night,R
662324,2022-08-03,2022,MIL,PIT,158,134,7,8,15,1,9,0,642547.0,Freddy Peralta,595881.0,Tyler Beede,640444.0,642207.0,31,PNC Park,night,R
663375,2022-08-04,2022,OAK,LAA,133,108,3,1,4,0,9,0,621076.0,James Kaprielian,660271.0,Shohei Ohtani,621076.0,660271.0,1,Angel Stadium,night,R
662244,2022-08-04,2022,COL,SD,115,135,1,9,10,1,9,0,641771.0,Chad Kuhl,605483.0,Blake Snell,605483.0,641771.0,2680,Petco Park,night,R
662055,2022-08-04,2022,LAD,SF,119,137,3,0,3,0,9,0,628711.0,Julio Urías,502171.0,Alex Cobb,628711.0,502171.0,2395,Oracle Park,night,R
661945,2022-08-03,2022,CHC,STL,112,138,0,0,0,0,9,0,657006.0,Justin Steele,571945.0,Miles Mikolas,,,2889,Busch Stadium,night,R
662303,2022-08-04,2022,MIL,PIT,158,134,4,5,9,1,10,1,605540.0,Brandon Woodruff,605507.0,Zach Thompson,621249.0,456713.0,31,PNC Park,day,R
661945,2022-08-04,2022,CHC,STL,112,138,3,4,7,1,9,0,573186.0,Marcus Stroman,571945.0,Miles Mikolas,664854.0,657272.0,2889,Busch Stadium,day,R
661932,2022-08-04,2022,CHC,STL,112,138,2,7,9,1,9,0,656794.0,Sean Newcomb,500779.0,Jose Quintana,663855.0,665645.0,2889,Busch Stadium,night,R
662114,2022-08-04,2022,LAD,SF,119,137,5,3,8,0,9,0,477132.0,Clayton Kershaw,596001.0,Jakob Junis,455119.0,596001.0,2395,Oracle Park,day,R
663374,2022-08-04,2022,OAK,LAA,133,108,8,7,15,0,9,0,621112.0,Paul Blackburn,676083.0,Janson Junk,621112.0,676083.0,1,Angel Stadium,day,R
662219,2022-08-04,2022,COL,SD,115,135,7,3,10,0,9,0,607536.0,Kyle Freeland,605397.0,Joe Musgrove,607536.0,605397.0,2680,Petco Park,day,R
661565,2022-08-04,2022,WSH,PHI,120,143,4,5,9,1,5,0,502179.0,Paolo Espino,592789.0,Noah Syndergaard,592789.0,502179.0,2681,Citizens Bank Park,night,R
662975,2022-08-04,2022,HOU,CLE,117,114,6,0,6,0,9,0,434378.0,Justin Verlander,668676.0,Zach Plesac,434378.0,668676.0,5,Progressive Field,night,R
662812,2022-08-04,2022,TB,DET,139,116,6,2,8,0,9,0,605488.0,Jeffrey Springs,571800.0,Drew Hutchison,605488.0,571800.0,2394,Comerica Park,night,R
662419,2022-08-04,2022,ATL,NYM,144,121,4,6,10,1,9,0,657140.0,Kyle Wright,471911.0,Carlos Carrasco,471911.0,657140.0,3289,Citi Field,night,R
661660,2022-08-04,2022,TOR,MIN,141,142,9,3,12,0,9,0,666201.0,Alek Manoah,543243.0,Sonny Gray,666201.0,641941.0,3312,Target Field,night,R
661817,2022-08-05,2022,CWS,TEX,145,140,2,3,5,1,9,0,456501.0,Johnny Cueto,666142.0,Cole Ragans,656271.0,456501.0,5325,Globe Life Field,night,R
662651,2022-08-05,2022,BOS,KC,111,118,3,7,10,1,9,0,601713.0,Nick Pivetta,663460.0,Kris Bubic,664199.0,650382.0,7,Kauffman Stadium,night,R
661063,2022-08-05,2022,MIA,CHC,146,112,1,2,3,1,9,0,665795.0,Edward Cabrera,657006.0,Justin Steele,592858.0,571670.0,17,Wrigley Field,day,R
661048,2022-08-05,2022,PIT,BAL,134,110,0,1,1,1,9,0,656605.0,Mitch Keller,665152.0,Dean Kremer,665152.0,656605.0,2,Oriole Park at Camden Yards,night,R
661562,2022-08-05,2022,WSH,PHI,120,143,2,7,9,1,9,0,680686.0,Josiah Gray,502043.0,Kyle Gibson,502043.0,680686.0,2681,Citizens Bank Park,night,R
662945,2022-08-05,2022,HOU,CLE,117,114,9,3,12,0,9,0,664285.0,Framber Valdez,683769.0,Hunter Gaddis,664285.0,683769.0,5,Progressive Field,night,R
662811,2022-08-05,2022,TB,DET,139,116,5,3,8,0,9,0,446372.0,Corey Kluber,650530.0,Bryan Garcia,656222.0,641729.0,2394,Comerica Park,night,R
662418,2022-08-05,2022,ATL,NYM,144,121,9,6,15,0,9,0,666120.0,Ian Anderson,592836.0,Taijuan Walker,621345.0,592836.0,3289,Citi Field,night,R
661816,2022-08-06,2022,CWS,TEX,145,140,2,1,3,0,9,0,656302.0,Dylan Cease,657248.0,Glenn Otto Jr.,656302.0,657248.0,5325,Globe Life Field,night,R
662650,2022-08-06,2022,BOS,KC,111,118,7,4,11,0,9,0,670174.0,Josh Winckowski,425844.0,Zack Greinke,670174.0,425844.0,7,Kauffman Stadium,night,R
661659,2022-08-06,2022,TOR,MIN,141,142,5,6,11,1,10,1,621244.0,José Berríos,641816.0,Tyler Mahle,605242.0,605447.0,3312,Target Field,night,R
661174,2022-08-06,2022,CIN,MIL,113,158,1,5,6,1,9,0,667498.0,Robert Dugger,641778.0,Eric Lauer,641778.0,667498.0,32,American Family Field,night,R
661946,2022-08-06,2022,NYY,STL,147,138,3,4,7,1,9,0,641482.0,Nestor Cortes,641712.0,Dakota Hudson,669467.0,605280.0,2889,Busch Stadium,night,R
663313,2022-08-06,2022,COL,ARI,115,109,5,6,11,1,9,0,608566.0,Germán Márquez,518516.0,Madison Bumgarner,606965.0,517008.0,15,Chase Field,night,R
662564,2022-08-06,2022,SD,LAD,135,119,1,8,9,1,9,0,640455.0,Sean Manaea,664062.0,Tony Gonsolin,664062.0,640455.0,22,Dodger Stadium,night,R
662164,2022-08-06,2022,LAA,SEA,108,136,4,3,7,0,10,1,663776.0,Patrick Sandoval,592662.0,Robbie Ray,445926.0,623149.0,680,T-Mobile Park,night,R
662499,2022-08-06,2022,ATL,NYM,144,121,5,8,13,1,9,0,543606.0,Jake Odorizzi,656849.0,David Peterson,656849.0,543606.0,3289,Citi Field,day,R
662417,2022-08-06,2022,ATL,NYM,144,121,2,6,8,1,9,0,608331.0,Max Fried,453286.0,Max Scherzer,453286.0,608331.0,3289,Citi Field,night,R
661062,2022-08-06,2022,MIA,CHC,146,112,0,4,4,1,9,0,641154.0,Pablo López,592767.0,Drew Smyly,592767.0,641154.0,17,Wrigley Field,day,R
662154,2022-08-06,2022,LAA,SEA,108,136,1,2,3,1,9,0,642545.0,Jaime Barria,669923.0,George Kirby,669923.0,642545.0,680,T-Mobile Park,day,R
662193,2022-08-07,2022,LAA,SEA,108,136,7,1,8,0,9,0,672282.0,Reid Detmers,623167.0,Chris Flexen,672282.0,623167.0,680,T-Mobile Park,night,R
661050,2022-08-06,2022,PIT,BAL,134,110,3,6,9,1,9,0,664141.0,JT Brubaker,608723.0,Austin Voth,608723.0,664141.0,2,Oriole Park at Camden Yards,night,R
661561,2022-08-06,2022,WSH,PHI,120,143,5,11,16,1,9,0,571578.0,Patrick Corbin,624133.0,Ranger Suárez,624133.0,571578.0,2681,Citizens Bank Park,night,R
662937,2022-08-06,2022,HOU,CLE,117,114,1,4,5,1,9,0,677651.0,Luis Garcia,615698.0,Cal Quantrill,615698.0,677651.0,5,Progressive Field,night,R
662856,2022-08-06,2022,TB,DET,139,116,1,9,10,1,9,0,663556.0,Shane McClanahan,682051.0,Garrett Hill,682051.0,663556.0,2394,Comerica Park,night,R
661815,2022-08-06,2022,CWS,TEX,145,140,0,8,8,1,9,0,656629.0,Michael Kopech,641540.0,Dane Dunning,641540.0,656629.0,5325,Globe Life Field,night,R
662308,2022-08-06,2022,SF,OAK,137,133,7,3,10,0,9,0,607074.0,Carlos Rodón,670124.0,Adam Oller,607074.0,670124.0,10,Oakland Coliseum,day,R
662649,2022-08-06,2022,BOS,KC,111,118,4,5,9,1,9,0,543135.0,Nathan Eovaldi,663738.0,Daniel Lynch IV,669395.0,676477.0,7,Kauffman Stadium,night,R
661662,2022-08-06,2022,TOR,MIN,141,142,3,7,10,1,9,0,669952.0,Mitch White,605164.0,Dylan Bundy,656730.0,669952.0,3312,Target Field,night,R
661949,2022-08-06,2022,NYY,STL,147,138,0,1,1,1,9,0,593334.0,Domingo Germán,656756.0,Jordan Montgomery,656756.0,593334.0,2889,Busch Stadium,night,R
661173,2022-08-06,2022,CIN,MIL,113,158,7,5,12,0,9,0,666157.0,Nick Lodolo,676879.0,Aaron Ashby,571656.0,676879.0,32,American Family Field,night,R
663288,2022-08-07,2022,COL,ARI,115,109,3,2,5,0,9,0,622608.0,Antonio Senzatela,518876.0,Merrill Kelly,608032.0,453178.0,15,Chase Field,night,R
662654,2022-08-07,2022,SD,LAD,135,119,3,8,11,1,9,0,605182.0,Mike Clevinger,571760.0,Andrew Heaney,455119.0,605182.0,22,Dodger Stadium,night,R
662944,2022-08-07,2022,HOU,CLE,117,114,0,1,1,1,9,0,664299.0,Cristian Javier,663474.0,Triston McKenzie,663474.0,664299.0,5,Progressive Field,day,R
661049,2022-08-07,2022,PIT,BAL,134,110,8,1,9,0,9,0,669060.0,Bryse Wilson,657093.0,Spenser Watkins,669060.0,657093.0,2,Oriole Park at Camden Yards,day,R
661558,2022-08-07,2022,WSH,PHI,120,143,1,13,14,1,9,0,676265.0,Cory Abbott,605400.0,Aaron Nola,605400.0,676265.0,2681,Citizens Bank Park,day,R
662810,2022-08-07,2022,TB,DET,139,116,7,0,7,0,9,0,656876.0,Drew Rasmussen,666159.0,Matt Manning,621363.0,642397.0,2394,Comerica Park,day,R
662648,2022-08-07,2022,BOS,KC,111,118,5,13,18,1,9,0,676710.0,Kutter Crawford,641745.0,Brad Keller,641745.0,676710.0,7,Kauffman Stadium,day,R
661653,2022-08-07,2022,TOR,MIN,141,142,3,2,5,0,10,1,592332.0,Kevin Gausman,502042.0,Chris Archer,605447.0,573204.0,3312,Target Field,day,R
661172,2022-08-07,2022,CIN,MIL,113,158,4,2,6,0,10,1,668933.0,Graham Ashcraft,669203.0,Corbin Burnes,519326.0,642207.0,32,American Family Field,day,R
661948,2022-08-07,2022,NYY,STL,147,138,9,12,21,1,9,0,593423.0,Frankie Montas,425794.0,Adam Wainwright,608717.0,656061.0,2889,Busch Stadium,day,R
661061,2022-08-07,2022,MIA,CHC,146,112,3,0,3,0,9,0,666200.0,Jesús Luzardo,592716.0,Adrian Sampson,666200.0,592716.0,17,Wrigley Field,day,R
661835,2022-08-07,2022,CWS,TEX,145,140,8,2,10,0,9,0,608337.0,Lucas Giolito,675921.0,Spencer Howard,608337.0,675921.0,5325,Globe Life Field,day,R
662332,2022-08-07,2022,SF,OAK,137,133,6,4,10,0,9,0,657277.0,Logan Webb,661309.0,Adrián Martinez,657277.0,661309.0,10,Oakland Coliseum,day,R
663300,2022-08-07,2022,COL,ARI,115,109,4,6,10,1,9,0,570632.0,José Ureña,605200.0,Zach Davies,606965.0,517008.0,15,Chase Field,day,R
662153,2022-08-07,2022,LAA,SEA,108,136,3,6,9,1,9,0,656353.0,Tucker Davidson,594835.0,Marco Gonzales,594835.0,656353.0,680,T-Mobile Park,day,R
662416,2022-08-07,2022,ATL,NYM,144,121,2,5,7,1,9,0,675911.0,Spencer Strider,594798.0,Jacob deGrom,594798.0,675911.0,3289,Citi Field,day,R
662563,2022-08-07,2022,SD,LAD,135,119,0,4,4,1,9,0,506433.0,Yu Darvish,542881.0,Tyler Anderson,542881.0,506433.0,22,Dodger Stadium,day,R
661047,2022-08-08,2022,TOR,BAL,141,110,4,7,11,1,9,0,579328.0,Yusei Kikuchi,543475.0,Jordan Lyles,543475.0,579328.0,2,Oriole Park at Camden Yards,night,R
662445,2022-08-08,2022,CIN,NYM,113,121,1,5,6,1,9,0,643290.0,Justin Dunn,605135.0,Chris Bassitt,605135.0,643290.0,3289,Citi Field,night,R
661060,2022-08-09,2022,WSH,CHC,120,112,3,6,9,1,9,0,434671.0,Aníbal Sánchez,624522.0,Keegan Thompson,624522.0,434671.0,17,Wrigley Field,night,R
662331,2022-08-09,2022,LAA,OAK,108,133,1,0,1,0,9,0,660761.0,José Suarez,608344.0,Cole Irvin,660761.0,608344.0,10,Oakland Coliseum,night,R
663304,2022-08-09,2022,PIT,ARI,134,109,0,3,3,1,9,0,595881.0,Tyler Beede,668678.0,Zac Gallen,668678.0,544365.0,15,Chase Field,night,R
662218,2022-08-09,2022,SF,SD,137,135,1,0,1,0,9,0,622072.0,Alex Wood,605483.0,Blake Snell,622072.0,605483.0,2680,Petco Park,night,R
662152,2022-08-09,2022,NYY,SEA,147,136,9,4,13,0,9,0,592791.0,Jameson Taillon,669302.0,Logan Gilbert,592791.0,669302.0,680,T-Mobile Park,night,R
662647,2022-08-09,2022,CWS,KC,145,118,2,4,6,1,9,0,458681.0,Lance Lynn,663903.0,Brady Singer,663903.0,458681.0,7,Kauffman Stadium,day,R
662779,2022-08-09,2022,CWS,KC,145,118,3,2,5,0,9,0,663436.0,Davis Martin,669169.0,Jonathan Heasley,663436.0,669169.0,7,Kauffman Stadium,day,R
661046,2022-08-09,2022,TOR,BAL,141,110,5,6,11,1,9,0,666201.0,Alek Manoah,680694.0,Kyle Bradish,663989.0,554340.0,2,Oriole Park at Camden Yards,night,R
661553,2022-08-09,2022,MIA,PHI,146,143,1,4,5,1,9,0,666129.0,Braxton Garrett,554430.0,Zack Wheeler,554430.0,666129.0,2681,Citizens Bank Park,night,R
662793,2022-08-09,2022,CLE,DET,114,116,5,2,7,0,9,0,669456.0,Shane Bieber,641302.0,Tyler Alexander,669456.0,641302.0,2394,Comerica Park,night,R
662444,2022-08-09,2022,CIN,NYM,113,121,2,6,8,1,9,0,501985.0,Mike Minor,471911.0,Carlos Carrasco,471911.0,501985.0,3289,Citi Field,night,R
663201,2022-08-09,2022,ATL,BOS,144,111,9,7,16,0,11,1,450203.0,Charlie Morton,448179.0,Rich Hill,669276.0,672391.0,3,Fenway Park,night,R
661059,2022-08-10,2022,WSH,CHC,120,112,6,5,11,0,9,0,502179.0,Paolo Espino,573186.0,Marcus Stroman,640448.0,643410.0,17,Wrigley Field,night,R
662724,2022-08-10,2022,TEX,HOU,140,117,5,7,12,1,9,0,527048.0,Martín Pérez,664353.0,José Urquidy,664353.0,527048.0,2392,Minute Maid Park,night,R
661182,2022-08-10,2022,TB,MIL,139,158,3,5,8,1,9,0,642231.0,Jimmy Yacabonis,642547.0,Freddy Peralta,642547.0,642232.0,32,American Family Field,night,R
662979,2022-08-10,2022,STL,COL,138,115,5,16,21,1,9,0,571945.0,Miles Mikolas,663372.0,Ryan Feltner,663372.0,571945.0,19,Coors Field,night,R
662330,2022-08-10,2022,LAA,OAK,108,133,5,1,6,0,9,0,660271.0,Shohei Ohtani,621076.0,James Kaprielian,660271.0,621076.0,10,Oakland Coliseum,night,R
663303,2022-08-10,2022,PIT,ARI,134,109,4,6,10,1,9,0,605507.0,Zach Thompson,674072.0,Tommy Henry,674072.0,605507.0,15,Chase Field,night,R
662246,2022-08-10,2022,SF,SD,137,135,4,7,11,1,9,0,502171.0,Alex Cobb,605397.0,Joe Musgrove,657612.0,643511.0,2680,Petco Park,night,R
662562,2022-08-10,2022,MIN,LAD,142,119,3,10,13,1,9,0,657746.0,Joe Ryan,628711.0,Julio Urías,628711.0,657746.0,22,Dodger Stadium,night,R
662148,2022-08-10,2022,NYY,SEA,147,136,0,1,1,1,13,1,543037.0,Gerrit Cole,622491.0,Luis Castillo,666374.0,642528.0,680,T-Mobile Park,night,R
662443,2022-08-10,2022,CIN,NYM,113,121,2,10,12,1,9,0,643615.0,T.J. Zeuch,592836.0,Taijuan Walker,592836.0,643615.0,3289,Citi Field,day,R
661207,2022-08-10,2022,TB,MIL,139,158,3,4,7,1,10,1,605488.0,Jeffrey Springs,605540.0,Brandon Woodruff,642207.0,657044.0,32,American Family Field,day,R
663229,2022-08-10,2022,WSH,CHC,120,112,2,4,6,1,9,0,680686.0,Josiah Gray,657006.0,Justin Steele,621074.0,518553.0,17,Wrigley Field,day,R
662316,2022-08-10,2022,LAA,OAK,108,133,5,4,9,0,12,1,657053.0,Touki Toussaint,621112.0,Paul Blackburn,642545.0,643493.0,10,Oakland Coliseum,day,R
662217,2022-08-10,2022,SF,SD,137,135,7,13,20,1,9,0,596001.0,Jakob Junis,640455.0,Sean Manaea,663158.0,628708.0,2680,Petco Park,day,R
662185,2022-08-10,2022,NYY,SEA,147,136,3,4,7,1,9,0,641482.0,Nestor Cortes,592662.0,Robbie Ray,682171.0,656061.0,680,T-Mobile Park,day,R
661557,2022-08-10,2022,MIA,PHI,146,143,3,4,7,1,9,0,645261.0,Sandy Alcantara,592789.0,Noah Syndergaard,571479.0,645261.0,2681,Citizens Bank Park,night,R
662791,2022-08-10,2022,CLE,DET,114,116,3,2,5,0,9,0,650644.0,Aaron Civale,571800.0,Drew Hutchison,543766.0,571800.0,2394,Comerica Park,night,R
663188,2022-08-10,2022,ATL,BOS,144,111,8,4,12,0,9,0,657140.0,Kyle Wright,601713.0,Nick Pivetta,657140.0,601713.0,3,Fenway Park,night,R
662723,2022-08-11,2022,TEX,HOU,140,117,8,4,12,0,10,1,657248.0,Glenn Otto Jr.,434378.0,Justin Verlander,621368.0,664208.0,2392,Minute Maid Park,night,R
662639,2022-08-11,2022,CWS,KC,145,118,3,8,11,1,9,0,456501.0,Johnny Cueto,663460.0,Kris Bubic,622251.0,518617.0,7,Kauffman Stadium,night,R
662892,2022-08-11,2022,STL,COL,138,115,9,5,14,0,9,0,500779.0,Jose Quintana,607536.0,Kyle Freeland,500779.0,607536.0,19,Coors Field,night,R
663302,2022-08-11,2022,PIT,ARI,134,109,6,4,10,0,9,0,656605.0,Mitch Keller,518516.0,Madison Bumgarner,656605.0,518516.0,15,Chase Field,night,R
662575,2022-08-11,2022,MIN,LAD,142,119,5,8,13,1,9,0,543243.0,Sonny Gray,686752.0,Ryan Pepiot,456034.0,605242.0,22,Dodger Stadium,night,R
661045,2022-08-10,2022,TOR,BAL,141,110,0,0,0,0,9,0,621244.0,José Berríos,665152.0,Dean Kremer,,,2,Oriole Park at Camden Yards,night,R
661608,2022-08-11,2022,MIA,PHI,146,143,3,0,3,0,9,0,665795.0,Edward Cabrera,502043.0,Kyle Gibson,665795.0,502043.0,2681,Citizens Bank Park,day,R
662790,2022-08-11,2022,CLE,DET,114,116,4,3,7,0,10,1,668676.0,Zach Plesac,682051.0,Garrett Hill,660853.0,642397.0,2394,Comerica Park,day,R
662722,2022-08-11,2022,TEX,HOU,140,117,3,7,10,1,9,0,666142.0,Cole Ragans,664285.0,Framber Valdez,664285.0,666142.0,2392,Minute Maid Park,day,R
662645,2022-08-11,2022,CWS,KC,145,118,3,5,8,1,9,0,656302.0,Dylan Cease,425844.0,Zack Greinke,425844.0,656302.0,7,Kauffman Stadium,day,R
662891,2022-08-11,2022,STL,COL,138,115,6,8,14,1,9,0,641712.0,Dakota Hudson,608566.0,Germán Márquez,656458.0,663855.0,19,Coors Field,day,R
663293,2022-08-11,2022,PIT,ARI,134,109,3,9,12,1,9,0,664141.0,JT Brubaker,518876.0,Merrill Kelly,656464.0,608328.0,15,Chase Field,day,R
663274,2022-08-11,2022,BAL,BOS,110,111,3,4,7,1,9,0,665152.0,Dean Kremer,670174.0,Josh Winckowski,656354.0,665152.0,3,Fenway Park,night,R
663023,2022-08-11,2022,CHC,CIN,112,113,4,2,6,0,9,0,592767.0,Drew Smyly,666157.0,Nick Lodolo,592767.0,666157.0,5445,Field of Dreams,night,R
661366,2022-08-12,2022,ATL,MIA,144,146,4,3,7,0,9,0,543606.0,Jake Odorizzi,641154.0,Pablo López,554431.0,622694.0,4169,loanDepot park,night,R
662551,2022-08-12,2022,SD,WSH,135,120,10,5,15,0,9,0,605182.0,Mike Clevinger,676265.0,Cory Abbott,605182.0,676265.0,3309,Nationals Park,night,R
661710,2022-08-12,2022,CLE,TOR,114,141,8,0,8,0,9,0,615698.0,Cal Quantrill,621244.0,José Berríos,615698.0,621244.0,14,Rogers Centre,night,R
661866,2022-08-12,2022,BAL,TB,110,139,10,3,13,0,9,0,608723.0,Austin Voth,446372.0,Corey Kluber,608723.0,446372.0,12,Tropicana Field,night,R
662434,2022-08-12,2022,PHI,NYM,143,121,2,1,3,0,10,1,624133.0,Ranger Suárez,453286.0,Max Scherzer,622554.0,571710.0,3289,Citi Field,night,R
661384,2022-08-12,2022,DET,CWS,116,145,0,2,2,1,9,0,596057.0,Daniel Norris,656629.0,Michael Kopech,625643.0,656638.0,4,Guaranteed Rate Field,night,R
663177,2022-08-12,2022,NYY,BOS,147,111,2,3,5,1,10,1,593334.0,Domingo Germán,543135.0,Nathan Eovaldi,676477.0,642152.0,3,Fenway Park,night,R
661791,2022-08-13,2022,SEA,TEX,136,140,6,2,8,0,9,0,669923.0,George Kirby,622250.0,Josh Sborz,669923.0,621368.0,5325,Globe Life Field,night,R
662671,2022-08-13,2022,LAD,KC,119,118,8,3,11,0,9,0,664062.0,Tony Gonsolin,663738.0,Daniel Lynch IV,664062.0,622251.0,7,Kauffman Stadium,night,R
662817,2022-08-13,2022,OAK,HOU,133,117,5,7,12,1,9,0,670124.0,Adam Oller,677651.0,Luis Garcia,677651.0,594580.0,2392,Minute Maid Park,night,R
661947,2022-08-13,2022,MIL,STL,158,138,1,3,4,1,9,0,641778.0,Eric Lauer,656756.0,Jordan Montgomery,656756.0,641778.0,2889,Busch Stadium,night,R
662978,2022-08-13,2022,ARI,COL,109,115,3,5,8,1,9,0,605200.0,Zach Davies,622608.0,Antonio Senzatela,659275.0,606965.0,19,Coors Field,night,R
663373,2022-08-13,2022,MIN,LAA,142,108,4,0,4,0,9,0,641816.0,Tyler Mahle,663776.0,Patrick Sandoval,641816.0,663776.0,1,Angel Stadium,night,R
662111,2022-08-13,2022,PIT,SF,134,137,3,5,8,1,9,0,669060.0,Bryse Wilson,607074.0,Carlos Rodón,607074.0,669060.0,2395,Oracle Park,night,R
661428,2022-08-13,2022,ATL,MIA,144,146,5,2,7,0,9,0,666205.0,Kyle Muller,666200.0,Jesús Luzardo,666205.0,666200.0,4169,loanDepot park,day,R
661360,2022-08-13,2022,ATL,MIA,144,146,6,2,8,0,9,0,666120.0,Ian Anderson,667297.0,Tommy Nance,666120.0,667297.0,4169,loanDepot park,night,R
661709,2022-08-13,2022,CLE,TOR,114,141,1,2,3,1,9,0,663474.0,Triston McKenzie,669952.0,Mitch White,542914.0,663474.0,14,Rogers Centre,day,R
661865,2022-08-13,2022,BAL,TB,110,139,2,8,10,1,9,0,669084.0,DL Hall,663556.0,Shane McClanahan,663556.0,669084.0,12,Tropicana Field,day,R
663022,2022-08-13,2022,CHC,CIN,112,113,7,2,9,0,9,0,592716.0,Adrian Sampson,668933.0,Graham Ashcraft,656794.0,668933.0,2602,Great American Ball Park,night,R
662473,2022-08-13,2022,SD,WSH,135,120,3,4,7,1,9,0,506433.0,Yu Darvish,434671.0,Aníbal Sánchez,640448.0,506433.0,3309,Nationals Park,night,R
662670,2022-08-13,2022,LAD,KC,119,118,13,3,16,0,9,0,571760.0,Andrew Heaney,641745.0,Brad Keller,641360.0,641745.0,7,Kauffman Stadium,night,R
662824,2022-08-13,2022,OAK,HOU,133,117,0,8,8,1,9,0,656657.0,Zach Logue,621121.0,Lance McCullers Jr.,621121.0,656657.0,2392,Minute Maid Park,night,R
662428,2022-08-13,2022,PHI,NYM,143,121,0,1,1,1,9,0,605400.0,Aaron Nola,594798.0,Jacob deGrom,594798.0,605400.0,3289,Citi Field,night,R
661383,2022-08-13,2022,DET,CWS,116,145,4,6,10,1,9,0,666159.0,Matt Manning,608337.0,Lucas Giolito,608337.0,641729.0,4,Guaranteed Rate Field,night,R
661790,2022-08-13,2022,SEA,TEX,136,140,4,7,11,1,9,0,594835.0,Marco Gonzales,641540.0,Dane Dunning,656685.0,594835.0,5325,Globe Life Field,night,R
663176,2022-08-13,2022,NYY,BOS,147,111,3,2,5,0,9,0,593423.0,Frankie Montas,676710.0,Kutter Crawford,547973.0,670167.0,3,Fenway Park,night,R
661951,2022-08-13,2022,MIL,STL,158,138,3,2,5,0,10,1,669203.0,Corbin Burnes,425794.0,Adam Wainwright,642207.0,606149.0,2889,Busch Stadium,night,R
662882,2022-08-14,2022,ARI,COL,109,115,6,0,6,0,9,0,668678.0,Zac Gallen,570632.0,José Ureña,668678.0,570632.0,19,Coors Field,night,R
662110,2022-08-14,2022,PIT,SF,134,137,0,2,2,1,9,0,595881.0,Tyler Beede,657277.0,Logan Webb,657277.0,595881.0,2395,Oracle Park,night,R
663372,2022-08-14,2022,MIN,LAA,142,108,3,5,8,1,11,1,605164.0,Dylan Bundy,672282.0,Reid Detmers,572193.0,641941.0,1,Angel Stadium,night,R
662472,2022-08-14,2022,SD,WSH,135,120,6,0,6,0,9,0,605483.0,Blake Snell,502179.0,Paolo Espino,605483.0,502179.0,3309,Nationals Park,day,R
661708,2022-08-14,2022,CLE,TOR,114,141,7,2,9,0,9,0,669456.0,Shane Bieber,592332.0,Kevin Gausman,669456.0,592332.0,14,Rogers Centre,day,R
663021,2022-08-14,2022,CHC,CIN,112,113,5,8,13,1,9,0,624522.0,Keegan Thompson,643290.0,Justin Dunn,669270.0,659262.0,2602,Great American Ball Park,day,R
661864,2022-08-14,2022,BAL,TB,110,139,1,4,5,1,9,0,543475.0,Jordan Lyles,656876.0,Drew Rasmussen,656876.0,543475.0,12,Tropicana Field,day,R
662427,2022-08-14,2022,PHI,NYM,143,121,0,6,6,1,9,0,554430.0,Zack Wheeler,605135.0,Chris Bassitt,605135.0,554430.0,3289,Citi Field,day,R
661338,2022-08-14,2022,ATL,MIA,144,146,3,1,4,0,9,0,693821.0,Bryce Elder,666129.0,Braxton Garrett,554431.0,656945.0,4169,loanDepot park,day,R
662669,2022-08-14,2022,LAD,KC,119,118,0,4,4,1,9,0,542881.0,Tyler Anderson,663903.0,Brady Singer,663903.0,542881.0,7,Kauffman Stadium,day,R
662801,2022-08-14,2022,OAK,HOU,133,117,3,6,9,1,9,0,608344.0,Cole Irvin,664299.0,Cristian Javier,664299.0,608344.0,2392,Minute Maid Park,day,R
661450,2022-08-14,2022,DET,CWS,116,145,3,5,8,1,9,0,641302.0,Tyler Alexander,458681.0,Lance Lynn,458681.0,641302.0,4,Guaranteed Rate Field,day,R
661957,2022-08-14,2022,MIL,STL,158,138,3,6,9,1,9,0,676879.0,Aaron Ashby,571945.0,Miles Mikolas,571945.0,573124.0,2889,Busch Stadium,day,R
661789,2022-08-14,2022,SEA,TEX,136,140,3,5,8,1,9,0,669302.0,Logan Gilbert,527048.0,Martín Pérez,622250.0,666374.0,5325,Globe Life Field,day,R
662881,2022-08-14,2022,ARI,COL,109,115,7,4,11,0,9,0,674072.0,Tommy Henry,663372.0,Ryan Feltner,674072.0,663372.0,19,Coors Field,day,R
662035,2022-08-14,2022,PIT,SF,134,137,7,8,15,1,9,0,605507.0,Zach Thompson,622072.0,Alex Wood,666808.0,640444.0,2395,Oracle Park,day,R
663371,2022-08-14,2022,MIN,LAA,142,108,2,4,6,1,9,0,502042.0,Chris Archer,656353.0,Tucker Davidson,656353.0,502042.0,1,Angel Stadium,day,R
663175,2022-08-14,2022,NYY,BOS,147,111,0,3,3,1,9,0,592791.0,Jameson Taillon,608379.0,Michael Wacha,608379.0,592791.0,3,Fenway Park,night,R
662977,2022-08-15,2022,DET,CLE,116,114,1,4,5,1,9,0,571800.0,Drew Hutchison,650644.0,Aaron Civale,675916.0,676684.0,5,Progressive Field,day,R
662948,2022-08-15,2022,DET,CLE,116,114,7,5,12,0,9,0,650530.0,Bryan Garcia,675540.0,Xzavion Curry,650530.0,669212.0,5,Progressive Field,day,R
663020,2022-08-15,2022,PHI,CIN,143,113,4,3,7,0,9,0,592789.0,Noah Syndergaard,501985.0,Mike Minor,592789.0,501985.0,2602,Great American Ball Park,night,R
661358,2022-08-15,2022,SD,MIA,135,146,0,3,3,1,9,0,605397.0,Joe Musgrove,645261.0,Sandy Alcantara,645261.0,605397.0,4169,loanDepot park,night,R
662471,2022-08-15,2022,CHC,WSH,112,120,4,5,9,1,9,0,573186.0,Marcus Stroman,680686.0,Josiah Gray,605218.0,676714.0,3309,Nationals Park,night,R
661283,2022-08-15,2022,TB,NYY,139,147,4,0,4,0,9,0,656222.0,Jalen Beeks,543037.0,Gerrit Cole,642232.0,543037.0,3313,Yankee Stadium,night,R
661707,2022-08-15,2022,BAL,TOR,110,141,7,3,10,0,9,0,680694.0,Kyle Bradish,579328.0,Yusei Kikuchi,641329.0,579328.0,14,Rogers Centre,night,R
661497,2022-08-15,2022,NYM,ATL,121,144,1,13,14,1,9,0,471911.0,Carlos Carrasco,675911.0,Spencer Strider,675911.0,471911.0,4705,Truist Park,night,R
661676,2022-08-15,2022,KC,MIN,118,142,2,4,6,1,9,0,663460.0,Kris Bubic,657746.0,Joe Ryan,657746.0,663460.0,3312,Target Field,night,R
661834,2022-08-16,2022,OAK,TEX,133,140,1,2,3,1,9,0,621076.0,James Kaprielian,657248.0,Glenn Otto Jr.,657248.0,621076.0,5325,Globe Life Field,night,R
661449,2022-08-16,2022,HOU,CWS,117,145,2,4,6,1,9,0,664353.0,José Urquidy,456501.0,Johnny Cueto,456501.0,606160.0,4,Guaranteed Rate Field,night,R
661199,2022-08-16,2022,LAD,MIL,119,158,4,0,4,0,9,0,628711.0,Julio Urías,642547.0,Freddy Peralta,628711.0,642547.0,32,American Family Field,night,R
663370,2022-08-16,2022,SEA,LAA,136,108,6,2,8,0,9,0,622491.0,Luis Castillo,660271.0,Shohei Ohtani,662253.0,571901.0,1,Angel Stadium,night,R
662034,2022-08-16,2022,ARI,SF,109,137,1,6,7,1,9,0,518516.0,Madison Bumgarner,502171.0,Alex Cobb,502171.0,518516.0,2395,Oracle Park,night,R
663019,2022-08-16,2022,PHI,CIN,143,113,11,4,15,0,9,0,502043.0,Kyle Gibson,643615.0,T.J. Zeuch,502043.0,643615.0,2602,Great American Ball Park,night,R
661357,2022-08-16,2022,SD,MIA,135,146,3,4,7,1,9,0,640455.0,Sean Manaea,665795.0,Edward Cabrera,622694.0,472610.0,4169,loanDepot park,night,R
662550,2022-08-16,2022,CHC,WSH,112,120,7,5,12,0,11,1,657006.0,Justin Steele,571578.0,Patrick Corbin,676714.0,644364.0,3309,Nationals Park,night,R
662302,2022-08-16,2022,BOS,PIT,111,134,5,3,8,0,9,0,601713.0,Nick Pivetta,656605.0,Mitch Keller,601713.0,656605.0,31,PNC Park,night,R
661250,2022-08-16,2022,TB,NYY,139,147,3,1,4,0,9,0,605488.0,Jeffrey Springs,641482.0,Nestor Cortes,605488.0,641482.0,3313,Yankee Stadium,night,R
661706,2022-08-16,2022,BAL,TOR,110,141,4,2,6,0,9,0,665152.0,Dean Kremer,666201.0,Alek Manoah,665152.0,666201.0,14,Rogers Centre,night,R
662943,2022-08-16,2022,DET,CLE,116,114,4,3,7,0,9,0,682051.0,Garrett Hill,668676.0,Zach Plesac,682051.0,668676.0,5,Progressive Field,night,R
661495,2022-08-16,2022,NYM,ATL,121,144,0,5,5,1,9,0,592836.0,Taijuan Walker,450203.0,Charlie Morton,450203.0,571439.0,4705,Truist Park,night,R
661682,2022-08-16,2022,KC,MIN,118,142,0,9,9,1,9,0,425844.0,Zack Greinke,543243.0,Sonny Gray,543243.0,425844.0,3312,Target Field,night,R
661955,2022-08-16,2022,COL,STL,115,138,4,5,9,1,9,0,607536.0,Kyle Freeland,500779.0,Jose Quintana,664854.0,659275.0,2889,Busch Stadium,night,R
661833,2022-08-17,2022,OAK,TEX,133,140,5,1,6,0,9,0,676664.0,JP Sears,685503.0,Kohei Arihara,676664.0,685503.0,5325,Globe Life Field,night,R
661448,2022-08-17,2022,HOU,CWS,117,145,3,4,7,1,9,0,434378.0,Justin Verlander,656302.0,Dylan Cease,669424.0,593576.0,4,Guaranteed Rate Field,night,R
661191,2022-08-17,2022,LAD,MIL,119,158,4,5,9,1,11,1,686752.0,Ryan Pepiot,605540.0,Brandon Woodruff,608718.0,518886.0,32,American Family Field,night,R
663369,2022-08-17,2022,SEA,LAA,136,108,8,2,10,0,9,0,592662.0,Robbie Ray,660761.0,José Suarez,592662.0,660761.0,1,Angel Stadium,night,R
662004,2022-08-17,2022,ARI,SF,109,137,1,2,3,1,9,0,518876.0,Merrill Kelly,596001.0,Jakob Junis,605154.0,453178.0,2395,Oracle Park,night,R
663017,2022-08-17,2022,PHI,CIN,143,113,0,1,1,1,9,0,624133.0,Ranger Suárez,666157.0,Nick Lodolo,664747.0,622554.0,2602,Great American Ball Park,day,R
662470,2022-08-17,2022,CHC,WSH,112,120,3,2,5,0,9,0,592767.0,Drew Smyly,676265.0,Cory Abbott,657272.0,459429.0,3309,Nationals Park,day,R
661654,2022-08-17,2022,KC,MIN,118,142,0,4,4,1,9,0,663738.0,Daniel Lynch IV,641816.0,Tyler Mahle,641941.0,663738.0,3312,Target Field,day,R
661705,2022-08-17,2022,BAL,TOR,110,141,1,6,7,1,9,0,608723.0,Austin Voth,548389.0,Ross Stripling,554340.0,607216.0,14,Rogers Centre,day,R
663408,2022-08-17,2022,SEA,LAA,136,108,11,7,18,0,9,0,669923.0,George Kirby,657053.0,Touki Toussaint,669923.0,657053.0,1,Angel Stadium,day,R
661356,2022-08-17,2022,SD,MIA,135,146,10,3,13,0,9,0,605182.0,Mike Clevinger,641154.0,Pablo López,670970.0,641154.0,4169,loanDepot park,day,R
662301,2022-08-17,2022,BOS,PIT,111,134,8,3,11,0,9,0,448179.0,Rich Hill,672710.0,Roansy Contreras,448179.0,672710.0,31,PNC Park,night,R
661266,2022-08-17,2022,TB,NYY,139,147,7,8,15,1,10,1,446372.0,Corey Kluber,593334.0,Domingo Germán,547973.0,656222.0,3313,Yankee Stadium,night,R
662951,2022-08-17,2022,DET,CLE,116,114,4,8,12,1,9,0,596057.0,Daniel Norris,615698.0,Cal Quantrill,543766.0,605177.0,5,Progressive Field,night,R
661494,2022-08-17,2022,NYM,ATL,121,144,9,7,16,0,9,0,453286.0,Max Scherzer,543606.0,Jake Odorizzi,453286.0,543606.0,4705,Truist Park,night,R
661938,2022-08-17,2022,COL,STL,115,138,1,5,6,1,9,0,608566.0,Germán Márquez,656756.0,Jordan Montgomery,656756.0,608566.0,2889,Busch Stadium,night,R
661788,2022-08-18,2022,OAK,TEX,133,140,7,2,9,0,9,0,670124.0,Adam Oller,666142.0,Cole Ragans,670124.0,666142.0,5325,Globe Life Field,night,R
661447,2022-08-18,2022,HOU,CWS,117,145,3,2,5,0,9,0,664285.0,Framber Valdez,656629.0,Michael Kopech,664285.0,656629.0,4,Guaranteed Rate Field,night,R
661171,2022-08-18,2022,LAD,MIL,119,158,2,1,3,0,9,0,664062.0,Tony Gonsolin,641778.0,Eric Lauer,664062.0,641778.0,32,American Family Field,night,R
662003,2022-08-18,2022,ARI,SF,109,137,3,2,5,0,9,0,605200.0,Zach Davies,607074.0,Carlos Rodón,598287.0,608678.0,2395,Oracle Park,night,R
661937,2022-08-18,2022,COL,STL,115,138,0,13,13,1,9,0,622608.0,Antonio Senzatela,425794.0,Adam Wainwright,425794.0,622608.0,2889,Busch Stadium,day,R
661787,2022-08-18,2022,OAK,TEX,133,140,3,10,13,1,9,0,656657.0,Zach Logue,641540.0,Dane Dunning,641540.0,656657.0,5325,Globe Life Field,day,R
661446,2022-08-18,2022,HOU,CWS,117,145,21,5,26,0,9,0,677651.0,Luis Garcia,608337.0,Lucas Giolito,677651.0,608337.0,4,Guaranteed Rate Field,day,R
661179,2022-08-18,2022,LAD,MIL,119,158,3,5,8,1,9,0,571760.0,Andrew Heaney,669203.0,Corbin Burnes,669203.0,571760.0,32,American Family Field,day,R
661109,2022-08-18,2022,CHC,BAL,112,110,3,2,5,0,9,0,592716.0,Adrian Sampson,657093.0,Spenser Watkins,592716.0,657093.0,2,Oriole Park at Camden Yards,day,R
662002,2022-08-18,2022,ARI,SF,109,137,5,0,5,0,9,0,668678.0,Zac Gallen,657277.0,Logan Webb,668678.0,657277.0,2395,Oracle Park,day,R
662413,2022-08-18,2022,BOS,PIT,111,134,2,8,10,1,9,0,670174.0,Josh Winckowski,664141.0,JT Brubaker,664141.0,670174.0,31,PNC Park,night,R
661265,2022-08-18,2022,TOR,NYY,141,147,9,2,11,0,9,0,621244.0,José Berríos,593423.0,Frankie Montas,621244.0,593423.0,3313,Yankee Stadium,night,R
661863,2022-08-18,2022,KC,TB,118,139,1,7,8,1,9,0,666721.0,Max Castillo,672715.0,Luis Patiño,672715.0,666721.0,12,Tropicana Field,night,R
661493,2022-08-18,2022,NYM,ATL,121,144,2,3,5,1,9,0,594798.0,Jacob deGrom,608331.0,Max Fried,608331.0,594798.0,4705,Truist Park,night,R
662182,2022-08-19,2022,WSH,SD,120,135,3,1,4,0,9,0,434671.0,Aníbal Sánchez,506433.0,Yu Darvish,605218.0,506433.0,2680,Petco Park,night,R
663228,2022-08-19,2022,MIL,CHC,158,112,7,8,15,1,9,0,676879.0,Aaron Ashby,624522.0,Keegan Thompson,621074.0,571948.0,17,Wrigley Field,day,R
661044,2022-08-19,2022,BOS,BAL,111,110,10,15,25,1,9,0,676710.0,Kutter Crawford,543475.0,Jordan Lyles,663989.0,676710.0,2,Oriole Park at Camden Yards,night,R
662396,2022-08-19,2022,CIN,PIT,113,134,4,5,9,1,9,0,668933.0,Graham Ashcraft,669060.0,Bryse Wilson,640444.0,669270.0,31,PNC Park,night,R
661607,2022-08-19,2022,NYM,PHI,121,143,7,2,9,0,9,0,605135.0,Chris Bassitt,605400.0,Aaron Nola,605135.0,605400.0,2681,Citizens Bank Park,night,R
661319,2022-08-19,2022,TOR,NYY,141,147,4,0,4,0,9,0,592332.0,Kevin Gausman,592791.0,Jameson Taillon,592332.0,592791.0,3313,Yankee Stadium,night,R
662808,2022-08-19,2022,LAA,DET,108,116,1,0,1,0,9,0,663776.0,Patrick Sandoval,666159.0,Matt Manning,663776.0,666159.0,2394,Comerica Park,night,R
661862,2022-08-19,2022,KC,TB,118,139,3,2,5,0,10,1,663903.0,Brady Singer,663556.0,Shane McClanahan,605130.0,656222.0,12,Tropicana Field,night,R
662936,2022-08-19,2022,CWS,CLE,145,114,2,5,7,1,9,0,458681.0,Lance Lynn,663474.0,Triston McKenzie,663474.0,625643.0,5,Progressive Field,night,R
661492,2022-08-19,2022,HOU,ATL,117,144,2,6,8,1,9,0,621121.0,Lance McCullers Jr.,657140.0,Kyle Wright,657140.0,621121.0,4705,Truist Park,night,R
661655,2022-08-20,2022,TEX,MIN,140,142,1,2,3,1,9,0,527048.0,Martín Pérez,605164.0,Dylan Bundy,605164.0,527048.0,3312,Target Field,night,R
662880,2022-08-20,2022,SF,COL,137,115,4,7,11,1,9,0,622072.0,Alex Wood,570632.0,José Ureña,570632.0,622072.0,19,Coors Field,night,R
662181,2022-08-20,2022,WSH,SD,120,135,6,3,9,0,9,0,502179.0,Paolo Espino,605483.0,Blake Snell,541640.0,623352.0,2680,Petco Park,night,R
662341,2022-08-20,2022,SEA,OAK,136,133,10,2,12,0,9,0,594835.0,Marco Gonzales,608344.0,Cole Irvin,594835.0,608344.0,10,Oakland Coliseum,night,R
663292,2022-08-20,2022,STL,ARI,138,109,5,1,6,0,9,0,571945.0,Miles Mikolas,674072.0,Tommy Henry,571945.0,674072.0,15,Chase Field,night,R
662574,2022-08-20,2022,MIA,LAD,146,119,1,2,3,1,9,0,666200.0,Jesús Luzardo,542881.0,Tyler Anderson,455119.0,571670.0,22,Dodger Stadium,night,R
661628,2022-08-20,2022,NYM,PHI,121,143,8,2,10,0,9,0,592866.0,Trevor Williams,554430.0,Zack Wheeler,607625.0,554430.0,2681,Citizens Bank Park,day,R
661606,2022-08-20,2022,NYM,PHI,121,143,1,4,5,1,9,0,656849.0,David Peterson,663559.0,Bailey Falter,663559.0,656849.0,2681,Citizens Bank Park,night,R
661240,2022-08-20,2022,TOR,NYY,141,147,5,2,7,0,9,0,669952.0,Mitch White,543037.0,Gerrit Cole,643256.0,543037.0,3313,Yankee Stadium,day,R
662917,2022-08-20,2022,LAA,DET,108,116,3,4,7,1,9,0,672282.0,Reid Detmers,641302.0,Tyler Alexander,641302.0,672282.0,2394,Comerica Park,day,R
663116,2022-08-20,2022,MIL,CHC,158,112,5,6,11,1,11,1,642547.0,Freddy Peralta,573186.0,Marcus Stroman,657272.0,657265.0,17,Wrigley Field,day,R
661043,2022-08-20,2022,BOS,BAL,111,110,4,3,7,0,9,0,608379.0,Michael Wacha,680694.0,Kyle Bradish,608379.0,680694.0,2,Oriole Park at Camden Yards,day,R
661861,2022-08-20,2022,KC,TB,118,139,2,5,7,1,9,0,663460.0,Kris Bubic,656876.0,Drew Rasmussen,656876.0,663460.0,12,Tropicana Field,day,R
662953,2022-08-20,2022,CWS,CLE,145,114,2,0,2,0,9,0,456501.0,Johnny Cueto,669456.0,Shane Bieber,456501.0,669456.0,5,Progressive Field,night,R
662395,2022-08-20,2022,CIN,PIT,113,134,10,1,11,0,9,0,643290.0,Justin Dunn,595881.0,Tyler Beede,643290.0,595881.0,31,PNC Park,night,R
661670,2022-08-20,2022,TEX,MIN,140,142,4,3,7,0,10,1,657248.0,Glenn Otto Jr.,502042.0,Chris Archer,642546.0,573204.0,3312,Target Field,night,R
662340,2022-08-20,2022,SEA,OAK,136,133,3,4,7,1,10,1,669302.0,Logan Gilbert,621076.0,James Kaprielian,666204.0,650895.0,10,Oakland Coliseum,day,R
661610,2022-08-20,2022,HOU,ATL,117,144,4,5,9,1,11,1,664299.0,Cristian Javier,675911.0,Spencer Strider,623451.0,592773.0,4705,Truist Park,night,R
662879,2022-08-21,2022,SF,COL,137,115,3,4,7,1,10,1,502171.0,Alex Cobb,663372.0,Ryan Feltner,656458.0,666808.0,19,Coors Field,night,R
663291,2022-08-21,2022,STL,ARI,138,109,16,7,23,0,9,0,641712.0,Dakota Hudson,518516.0,Madison Bumgarner,650893.0,518516.0,15,Chase Field,night,R
662180,2022-08-21,2022,WSH,SD,120,135,1,2,3,1,9,0,680686.0,Josiah Gray,605397.0,Joe Musgrove,670970.0,518553.0,2680,Petco Park,night,R
662561,2022-08-21,2022,MIA,LAD,146,119,0,7,7,1,9,0,663773.0,Bryan Hoeing,669160.0,Dustin May,669160.0,663773.0,22,Dodger Stadium,night,R
662300,2022-08-21,2022,CIN,PIT,113,134,9,5,14,0,9,0,501985.0,Mike Minor,605507.0,Zach Thompson,501985.0,605507.0,31,PNC Park,day,R
661602,2022-08-21,2022,NYM,PHI,121,143,10,9,19,0,9,0,676130.0,José Buttó,502043.0,Kyle Gibson,543507.0,502085.0,2681,Citizens Bank Park,day,R
661480,2022-08-21,2022,HOU,ATL,117,144,5,4,9,0,9,0,664353.0,José Urquidy,450203.0,Charlie Morton,664353.0,669276.0,4705,Truist Park,day,R
661239,2022-08-21,2022,TOR,NYY,141,147,2,4,6,1,9,0,666201.0,Alek Manoah,641482.0,Nestor Cortes,642152.0,643256.0,3313,Yankee Stadium,day,R
662805,2022-08-21,2022,LAA,DET,108,116,0,4,4,1,9,0,660271.0,Shohei Ohtani,593958.0,Eduardo Rodriguez,593958.0,660271.0,2394,Comerica Park,day,R
661860,2022-08-21,2022,KC,TB,118,139,2,3,5,1,9,0,425844.0,Zack Greinke,642232.0,Ryan Yarbrough,542888.0,621016.0,12,Tropicana Field,day,R
661652,2022-08-21,2022,TEX,MIN,140,142,7,0,7,0,9,0,685503.0,Kohei Arihara,657746.0,Joe Ryan,685503.0,657746.0,3312,Target Field,day,R
663115,2022-08-21,2022,MIL,CHC,158,112,5,2,7,0,9,0,605540.0,Brandon Woodruff,657006.0,Justin Steele,608718.0,592858.0,17,Wrigley Field,day,R
662878,2022-08-21,2022,SF,COL,137,115,9,8,17,0,11,1,596001.0,Jakob Junis,607536.0,Kyle Freeland,608678.0,656234.0,19,Coors Field,day,R
662315,2022-08-21,2022,SEA,OAK,136,133,3,5,8,1,9,0,622491.0,Luis Castillo,676664.0,JP Sears,676664.0,622491.0,10,Oakland Coliseum,day,R
662179,2022-08-21,2022,WSH,SD,120,135,1,2,3,1,9,0,571578.0,Patrick Corbin,640455.0,Sean Manaea,640455.0,571578.0,2680,Petco Park,day,R
663301,2022-08-21,2022,STL,ARI,138,109,6,4,10,0,9,0,500779.0,Jose Quintana,518876.0,Merrill Kelly,663765.0,573009.0,15,Chase Field,day,R
662600,2022-08-21,2022,MIA,LAD,146,119,3,10,13,1,9,0,645261.0,Sandy Alcantara,686752.0,Ryan Pepiot,686752.0,645261.0,22,Dodger Stadium,day,R
661051,2022-08-21,2022,BOS,BAL,111,110,3,5,8,1,9,0,601713.0,Nick Pivetta,665152.0,Dean Kremer,672335.0,598264.0,2735,Muncy Bank Ballpark,night,R
662974,2022-08-21,2022,CWS,CLE,145,114,0,0,0,0,9,0,656302.0,Dylan Cease,650644.0,Aaron Civale,,,5,Progressive Field,day,R
662767,2022-08-22,2022,CWS,KC,145,118,4,6,10,1,9,0,656629.0,Michael Kopech,663738.0,Daniel Lynch IV,607237.0,523260.0,7,Kauffman Stadium,day,R
661601,2022-08-22,2022,CIN,PHI,113,143,1,4,5,1,9,0,570666.0,Luis Cessa,592789.0,Noah Syndergaard,592789.0,570666.0,2681,Citizens Bank Park,night,R
662394,2022-08-22,2022,ATL,PIT,144,134,2,1,3,0,9,0,543606.0,Jake Odorizzi,672710.0,Roansy Contreras,543606.0,672710.0,31,PNC Park,night,R
661238,2022-08-22,2022,NYM,NYY,121,147,2,4,6,1,9,0,453286.0,Max Scherzer,593334.0,Domingo Germán,593334.0,453286.0,3313,Yankee Stadium,night,R
661859,2022-08-22,2022,LAA,TB,108,139,1,2,3,1,9,0,656353.0,Tucker Davidson,605488.0,Jeffrey Springs,605488.0,656353.0,12,Tropicana Field,night,R
661658,2022-08-22,2022,TEX,MIN,140,142,2,1,3,0,9,0,666142.0,Cole Ragans,543243.0,Sonny Gray,669935.0,543243.0,3312,Target Field,night,R
663114,2022-08-23,2022,STL,CHC,138,112,1,0,1,0,9,0,656756.0,Jordan Montgomery,592767.0,Drew Smyly,656756.0,592767.0,17,Wrigley Field,night,R
662314,2022-08-23,2022,MIA,OAK,146,133,3,0,3,0,9,0,665795.0,Edward Cabrera,670124.0,Adam Oller,665795.0,670124.0,10,Oakland Coliseum,night,R
662594,2022-08-23,2022,MIL,LAD,158,119,4,0,4,0,9,0,641778.0,Eric Lauer,628711.0,Julio Urías,641778.0,628711.0,22,Dodger Stadium,night,R
663163,2022-08-23,2022,STL,CHC,138,112,0,2,2,1,9,0,425794.0,Adam Wainwright,665871.0,Javier Assad,621074.0,425794.0,17,Wrigley Field,day,R
663113,2022-08-24,2022,STL,CHC,138,112,13,3,16,0,9,0,663765.0,Jake Woodford,592716.0,Adrian Sampson,663765.0,592716.0,17,Wrigley Field,night,R
661600,2022-08-23,2022,CIN,PHI,113,143,6,7,13,1,9,0,666157.0,Nick Lodolo,624133.0,Ranger Suárez,543272.0,664747.0,2681,Citizens Bank Park,night,R
662383,2022-08-23,2022,ATL,PIT,144,134,6,1,7,0,9,0,608331.0,Max Fried,664141.0,JT Brubaker,608331.0,664141.0,31,PNC Park,night,R
663461,2022-08-23,2022,CWS,BAL,145,110,3,5,8,1,9,0,656302.0,Dylan Cease,608723.0,Austin Voth,608723.0,656302.0,2,Oriole Park at Camden Yards,night,R
661237,2022-08-23,2022,NYM,NYY,121,147,2,4,6,1,9,0,592836.0,Taijuan Walker,593423.0,Frankie Montas,657376.0,570257.0,3313,Yankee Stadium,night,R
662914,2022-08-23,2022,SF,DET,137,116,3,1,4,0,9,0,607074.0,Carlos Rodón,571800.0,Drew Hutchison,607074.0,571800.0,2394,Comerica Park,night,R
661858,2022-08-23,2022,LAA,TB,108,139,1,11,12,1,9,0,660761.0,José Suarez,446372.0,Corey Kluber,446372.0,660761.0,12,Tropicana Field,night,R
663174,2022-08-23,2022,TOR,BOS,141,111,9,3,12,0,9,0,548389.0,Ross Stripling,670174.0,Josh Winckowski,548389.0,670174.0,3,Fenway Park,night,R
662668,2022-08-24,2022,ARI,KC,109,118,7,3,10,0,9,0,605200.0,Zach Davies,669169.0,Jonathan Heasley,573009.0,622251.0,7,Kauffman Stadium,night,R
662800,2022-08-24,2022,MIN,HOU,142,117,2,4,6,1,9,0,592717.0,Aaron Sanchez,434378.0,Justin Verlander,434378.0,592717.0,2392,Minute Maid Park,night,R
662876,2022-08-24,2022,TEX,COL,140,115,6,7,13,1,9,0,641540.0,Dane Dunning,608566.0,Germán Márquez,664875.0,656271.0,19,Coors Field,night,R
662213,2022-08-24,2022,CLE,SD,114,135,3,1,4,0,9,0,650644.0,Aaron Civale,605182.0,Mike Clevinger,680704.0,605182.0,2680,Petco Park,night,R
662339,2022-08-24,2022,MIA,OAK,146,133,5,3,8,0,9,0,641154.0,Pablo López,656657.0,Zach Logue,641154.0,656657.0,10,Oakland Coliseum,night,R
662142,2022-08-24,2022,WSH,SEA,120,136,2,4,6,1,9,0,607200.0,Erick Fedde,592662.0,Robbie Ray,592662.0,607200.0,680,T-Mobile Park,night,R
662605,2022-08-24,2022,MIL,LAD,158,119,1,10,11,1,9,0,669203.0,Corbin Burnes,664062.0,Tony Gonsolin,664062.0,669203.0,22,Dodger Stadium,night,R
662371,2022-08-24,2022,ATL,PIT,144,134,14,2,16,0,9,0,657140.0,Kyle Wright,656605.0,Mitch Keller,657140.0,656605.0,31,PNC Park,day,R
662916,2022-08-24,2022,SF,DET,137,116,1,6,7,1,9,0,657277.0,Logan Webb,666159.0,Matt Manning,666159.0,657277.0,2394,Comerica Park,day,R
662877,2022-08-24,2022,TEX,COL,140,115,16,4,20,0,9,0,527048.0,Martín Pérez,570632.0,José Ureña,527048.0,570632.0,19,Coors Field,day,R
662338,2022-08-24,2022,MIA,OAK,146,133,2,3,5,1,10,1,666200.0,Jesús Luzardo,608344.0,Cole Irvin,640462.0,542947.0,10,Oakland Coliseum,day,R
662212,2022-08-24,2022,CLE,SD,114,135,7,0,7,0,9,0,615698.0,Cal Quantrill,605483.0,Blake Snell,615698.0,605483.0,2680,Petco Park,day,R
662144,2022-08-24,2022,WSH,SEA,120,136,3,1,4,0,9,0,434671.0,Aníbal Sánchez,669923.0,George Kirby,640448.0,623149.0,680,T-Mobile Park,day,R
661605,2022-08-24,2022,CIN,PHI,113,143,5,7,12,1,9,0,643615.0,T.J. Zeuch,650911.0,Cristopher Sánchez,650911.0,643615.0,2681,Citizens Bank Park,night,R
663460,2022-08-24,2022,CWS,BAL,145,110,5,3,8,0,9,0,608337.0,Lucas Giolito,657093.0,Spenser Watkins,608337.0,657093.0,2,Oriole Park at Camden Yards,night,R
661857,2022-08-24,2022,LAA,TB,108,139,3,4,7,1,11,1,594577.0,Mike Mayers,663556.0,Shane McClanahan,608638.0,642545.0,12,Tropicana Field,night,R
663173,2022-08-24,2022,TOR,BOS,141,111,3,2,5,0,10,1,621244.0,José Berríos,678394.0,Brayan Bello,643256.0,518489.0,3,Fenway Park,night,R
663216,2022-08-25,2022,STL,CHC,138,112,1,7,8,1,9,0,571945.0,Miles Mikolas,608652.0,Luke Farrell,592858.0,571945.0,17,Wrigley Field,night,R
662640,2022-08-25,2022,ARI,KC,109,118,3,5,8,1,9,0,668678.0,Zac Gallen,663903.0,Brady Singer,663903.0,598287.0,7,Kauffman Stadium,night,R
662799,2022-08-25,2022,MIN,HOU,142,117,3,5,8,1,9,0,605164.0,Dylan Bundy,664285.0,Framber Valdez,664285.0,605164.0,2392,Minute Maid Park,night,R
662604,2022-08-25,2022,MIL,LAD,158,119,6,12,18,1,9,0,605288.0,Adrian Houser,571760.0,Andrew Heaney,571760.0,605288.0,22,Dodger Stadium,night,R
661856,2022-08-25,2022,LAA,TB,108,139,3,8,11,1,9,0,663776.0,Patrick Sandoval,656876.0,Drew Rasmussen,656876.0,663776.0,12,Tropicana Field,day,R
663240,2022-08-25,2022,STL,CHC,138,112,8,3,11,0,9,0,641712.0,Dakota Hudson,573186.0,Marcus Stroman,641712.0,573186.0,17,Wrigley Field,day,R
662141,2022-08-25,2022,CLE,SEA,114,136,1,3,4,1,9,0,663474.0,Triston McKenzie,594835.0,Marco Gonzales,594835.0,663474.0,680,T-Mobile Park,day,R
661604,2022-08-25,2022,CIN,PHI,113,143,0,4,4,1,9,0,643290.0,Justin Dunn,605400.0,Aaron Nola,605400.0,643290.0,2681,Citizens Bank Park,night,R
663459,2022-08-25,2022,CWS,BAL,145,110,3,4,7,1,11,1,458681.0,Lance Lynn,543475.0,Jordan Lyles,642585.0,518617.0,2,Oriole Park at Camden Yards,night,R
662433,2022-08-25,2022,COL,NYM,115,121,1,3,4,1,9,0,663372.0,Ryan Feltner,594798.0,Jacob deGrom,594798.0,663372.0,3289,Citi Field,night,R
663172,2022-08-25,2022,TOR,BOS,141,111,6,5,11,0,10,1,592332.0,Kevin Gausman,676710.0,Kutter Crawford,605447.0,670167.0,3,Fenway Park,night,R
662711,2022-08-26,2022,MIN,HOU,142,117,3,6,9,1,9,0,502042.0,Chris Archer,677651.0,Luis Garcia,677651.0,502042.0,2392,Minute Maid Park,night,R
662337,2022-08-26,2022,NYY,OAK,147,133,13,4,17,0,9,0,592791.0,Jameson Taillon,621076.0,James Kaprielian,592791.0,621076.0,10,Oakland Coliseum,night,R
661355,2022-08-26,2022,LAD,MIA,119,146,10,6,16,0,10,1,542881.0,Tyler Anderson,667297.0,Tommy Nance,456034.0,677053.0,4169,loanDepot park,night,R
662469,2022-08-26,2022,CIN,WSH,113,120,7,3,10,0,9,0,501985.0,Mike Minor,676917.0,Cade Cavalli,501985.0,676917.0,3309,Nationals Park,night,R
661603,2022-08-26,2022,PIT,PHI,134,143,4,7,11,1,9,0,669060.0,Bryse Wilson,663559.0,Bailey Falter,663559.0,669060.0,2681,Citizens Bank Park,night,R
661704,2022-08-26,2022,LAA,TOR,108,141,12,0,12,0,9,0,672282.0,Reid Detmers,669952.0,Mitch White,672282.0,669952.0,14,Rogers Centre,night,R
662432,2022-08-26,2022,COL,NYM,115,121,6,7,13,1,9,0,641771.0,Chad Kuhl,605135.0,Chris Bassitt,621242.0,453268.0,3289,Citi Field,night,R
663171,2022-08-26,2022,TB,BOS,139,111,8,9,17,1,9,0,608638.0,JT Chargois,608379.0,Michael Wacha,608379.0,642232.0,3,Fenway Park,night,R
661786,2022-08-27,2022,DET,TEX,116,140,6,7,13,1,9,0,641302.0,Tyler Alexander,657248.0,Glenn Otto Jr.,657248.0,641302.0,5325,Globe Life Field,night,R
662710,2022-08-27,2022,BAL,HOU,110,117,2,0,2,0,9,0,680694.0,Kyle Bradish,621121.0,Lance McCullers Jr.,680694.0,664299.0,2392,Minute Maid Park,night,R
662667,2022-08-27,2022,SD,KC,135,118,13,5,18,0,9,0,605397.0,Joe Musgrove,663460.0,Kris Bubic,663158.0,663460.0,7,Kauffman Stadium,night,R
661669,2022-08-27,2022,SF,MIN,137,142,0,9,9,1,9,0,622072.0,Alex Wood,657746.0,Joe Ryan,657746.0,622072.0,3312,Target Field,night,R
661445,2022-08-27,2022,ARI,CWS,109,145,7,2,9,0,9,0,674072.0,Tommy Henry,456501.0,Johnny Cueto,674072.0,456501.0,4,Guaranteed Rate Field,night,R
661189,2022-08-27,2022,CHC,MIL,112,158,4,3,7,0,10,1,657006.0,Justin Steele,642547.0,Freddy Peralta,656794.0,642207.0,32,American Family Field,night,R
661940,2022-08-27,2022,ATL,STL,144,138,11,4,15,0,9,0,675911.0,Spencer Strider,500779.0,Jose Quintana,675911.0,500779.0,2889,Busch Stadium,night,R
662342,2022-08-27,2022,NYY,OAK,147,133,3,2,5,0,9,0,543037.0,Gerrit Cole,676664.0,JP Sears,543037.0,676664.0,10,Oakland Coliseum,night,R
662143,2022-08-27,2022,CLE,SEA,114,136,2,3,5,1,11,1,669456.0,Shane Bieber,669302.0,Logan Gilbert,682171.0,661403.0,680,T-Mobile Park,night,R
661703,2022-08-27,2022,LAA,TOR,108,141,2,0,2,0,9,0,660271.0,Shohei Ohtani,666201.0,Alek Manoah,660271.0,666201.0,14,Rogers Centre,day,R
663170,2022-08-27,2022,TB,BOS,139,111,1,5,6,1,9,0,605488.0,Jeffrey Springs,448179.0,Rich Hill,448179.0,605488.0,3,Fenway Park,day,R
661599,2022-08-27,2022,PIT,PHI,134,143,0,6,6,1,9,0,595881.0,Tyler Beede,502043.0,Kyle Gibson,502043.0,595881.0,2681,Citizens Bank Park,night,R
661354,2022-08-27,2022,LAD,MIA,119,146,1,2,3,1,9,0,669160.0,Dustin May,645261.0,Sandy Alcantara,645261.0,669160.0,4169,loanDepot park,night,R
662468,2022-08-27,2022,CIN,WSH,113,120,6,2,8,0,9,0,570666.0,Luis Cessa,502179.0,Paolo Espino,664139.0,502179.0,3309,Nationals Park,night,R
661785,2022-08-27,2022,DET,TEX,116,140,11,2,13,0,9,0,593958.0,Eduardo Rodriguez,572971.0,Dallas Keuchel,593958.0,572971.0,5325,Globe Life Field,night,R
661090,2022-08-27,2022,BAL,HOU,110,117,3,1,4,0,9,0,665152.0,Dean Kremer,664353.0,José Urquidy,665152.0,664353.0,2392,Minute Maid Park,night,R
662442,2022-08-27,2022,COL,NYM,115,121,0,3,3,1,9,0,607536.0,Kyle Freeland,656849.0,David Peterson,656849.0,607536.0,3289,Citi Field,night,R
662666,2022-08-27,2022,SD,KC,135,118,4,3,7,0,9,0,506433.0,Yu Darvish,663738.0,Daniel Lynch IV,506433.0,663738.0,7,Kauffman Stadium,night,R
661444,2022-08-27,2022,ARI,CWS,109,145,10,5,15,0,9,0,518876.0,Merrill Kelly,663436.0,Davis Martin,518876.0,663436.0,4,Guaranteed Rate Field,night,R
661180,2022-08-27,2022,CHC,MIL,112,158,0,7,7,1,9,0,592767.0,Drew Smyly,605540.0,Brandon Woodruff,573124.0,592858.0,32,American Family Field,night,R
661657,2022-08-27,2022,SF,MIN,137,142,2,3,5,1,10,1,502171.0,Alex Cobb,543243.0,Sonny Gray,661395.0,608678.0,3312,Target Field,night,R
661939,2022-08-27,2022,ATL,STL,144,138,5,6,11,1,9,0,450203.0,Charlie Morton,656756.0,Jordan Montgomery,664854.0,445276.0,2889,Busch Stadium,night,R
662336,2022-08-28,2022,NYY,OAK,147,133,2,3,5,1,11,1,593334.0,Domingo Germán,670124.0,Adam Oller,606303.0,642152.0,10,Oakland Coliseum,night,R
662140,2022-08-28,2022,CLE,SEA,114,136,4,3,7,0,9,0,668676.0,Zach Plesac,622491.0,Luis Castillo,668676.0,662253.0,680,T-Mobile Park,night,R
661353,2022-08-28,2022,LAD,MIA,119,146,8,1,9,0,9,0,628711.0,Julio Urías,665795.0,Edward Cabrera,628711.0,665795.0,4169,loanDepot park,day,R
662467,2022-08-28,2022,CIN,WSH,113,120,2,3,5,1,9,0,666157.0,Nick Lodolo,571578.0,Patrick Corbin,571578.0,666157.0,3309,Nationals Park,day,R
663211,2022-08-28,2022,TB,BOS,139,111,12,4,16,0,9,0,446372.0,Corey Kluber,601713.0,Nick Pivetta,446372.0,601713.0,3,Fenway Park,day,R
661598,2022-08-28,2022,PIT,PHI,134,143,5,0,5,0,9,0,672710.0,Roansy Contreras,592789.0,Noah Syndergaard,672710.0,592789.0,2681,Citizens Bank Park,day,R
661773,2022-08-28,2022,LAA,TOR,108,141,8,3,11,0,9,0,656353.0,Tucker Davidson,548389.0,Ross Stripling,681806.0,548389.0,14,Rogers Centre,day,R
662446,2022-08-28,2022,COL,NYM,115,121,1,0,1,0,9,0,608566.0,Germán Márquez,453286.0,Max Scherzer,608566.0,453286.0,3289,Citi Field,day,R
661089,2022-08-28,2022,BAL,HOU,110,117,1,3,4,1,9,0,608723.0,Austin Voth,434378.0,Justin Verlander,592773.0,608723.0,2392,Minute Maid Park,day,R
662638,2022-08-28,2022,SD,KC,135,118,7,15,22,1,9,0,640455.0,Sean Manaea,669169.0,Jonathan Heasley,669169.0,640455.0,7,Kauffman Stadium,day,R
661663,2022-08-28,2022,SF,MIN,137,142,3,8,11,1,9,0,596001.0,Jakob Junis,592717.0,Aaron Sanchez,656970.0,596001.0,3312,Target Field,day,R
661443,2022-08-28,2022,ARI,CWS,109,145,3,2,5,0,9,0,605200.0,Zach Davies,656302.0,Dylan Cease,598287.0,608665.0,4,Guaranteed Rate Field,day,R
661168,2022-08-28,2022,CHC,MIL,112,158,7,9,16,1,9,0,592716.0,Adrian Sampson,641778.0,Eric Lauer,641778.0,656794.0,32,American Family Field,day,R
661784,2022-08-28,2022,DET,TEX,116,140,9,8,17,0,9,0,571800.0,Drew Hutchison,685503.0,Kohei Arihara,571800.0,685503.0,5325,Globe Life Field,day,R
662335,2022-08-28,2022,NYY,OAK,147,133,1,4,5,1,9,0,657376.0,Clarke Schmidt,661309.0,Adrián Martinez,661309.0,657376.0,10,Oakland Coliseum,day,R
662139,2022-08-28,2022,CLE,SEA,114,136,0,4,4,1,9,0,650644.0,Aaron Civale,592662.0,Robbie Ray,592662.0,650644.0,680,T-Mobile Park,day,R
661950,2022-08-28,2022,ATL,STL,144,138,3,6,9,1,9,0,543606.0,Jake Odorizzi,425794.0,Adam Wainwright,664854.0,621345.0,2889,Busch Stadium,night,R
663018,2022-08-29,2022,STL,CIN,138,113,13,4,17,0,9,0,571945.0,Miles Mikolas,502624.0,Chase Anderson,608717.0,502624.0,2602,Great American Ball Park,night,R
661352,2022-08-29,2022,LAD,MIA,119,146,3,2,5,0,10,1,675627.0,Michael Grove,641154.0,Pablo López,518886.0,623211.0,4169,loanDepot park,night,R
661801,2022-08-29,2022,CHC,TOR,112,141,4,5,9,1,11,1,665871.0,Javier Assad,621244.0,José Berríos,554340.0,643410.0,14,Rogers Centre,night,R
661651,2022-08-29,2022,BOS,MIN,111,142,2,4,6,1,9,0,678394.0,Brayan Bello,605164.0,Dylan Bundy,573204.0,678394.0,3312,Target Field,night,R
661167,2022-08-30,2022,PIT,MIL,134,158,5,7,12,1,9,0,669060.0,Bryse Wilson,669203.0,Corbin Burnes,642207.0,640444.0,32,American Family Field,night,R
663424,2022-08-30,2022,NYY,LAA,147,108,3,4,7,1,9,0,593423.0,Frankie Montas,660761.0,José Suarez,660761.0,593423.0,1,Angel Stadium,night,R
663332,2022-08-30,2022,PHI,ARI,143,109,7,13,20,1,9,0,624133.0,Ranger Suárez,518516.0,Madison Bumgarner,666818.0,650911.0,15,Chase Field,night,R
662001,2022-08-30,2022,SD,SF,135,137,6,5,11,0,9,0,605182.0,Mike Clevinger,607074.0,Carlos Rodón,605182.0,607074.0,2395,Oracle Park,night,R
662973,2022-08-30,2022,BAL,CLE,110,114,1,5,6,1,9,0,657093.0,Spenser Watkins,615698.0,Cal Quantrill,615698.0,657093.0,5,Progressive Field,night,R
663137,2022-08-30,2022,STL,CIN,138,113,1,5,6,1,9,0,641712.0,Dakota Hudson,643290.0,Justin Dunn,571882.0,641712.0,2602,Great American Ball Park,night,R
661351,2022-08-30,2022,TB,MIA,139,146,7,2,9,0,9,0,663556.0,Shane McClanahan,666200.0,Jesús Luzardo,608638.0,666200.0,4169,loanDepot park,night,R
662466,2022-08-30,2022,OAK,WSH,133,120,10,6,16,0,9,0,608344.0,Cole Irvin,607200.0,Erick Fedde,608344.0,607200.0,3309,Nationals Park,night,R
661800,2022-08-30,2022,CHC,TOR,112,141,3,5,8,1,9,0,573186.0,Marcus Stroman,592332.0,Kevin Gausman,592332.0,663893.0,14,Rogers Centre,night,R
662426,2022-08-30,2022,LAD,NYM,119,121,4,3,7,0,9,0,571760.0,Andrew Heaney,592836.0,Taijuan Walker,592390.0,570257.0,3289,Citi Field,night,R
662804,2022-08-30,2022,SEA,DET,136,116,9,3,12,0,9,0,669923.0,George Kirby,666159.0,Matt Manning,669923.0,666159.0,2394,Comerica Park,night,R
661479,2022-08-30,2022,COL,ATL,115,144,3,2,5,0,9,0,570632.0,José Ureña,608331.0,Max Fried,570632.0,608331.0,4705,Truist Park,night,R
661648,2022-08-30,2022,BOS,MIN,111,142,5,10,15,1,9,0,676710.0,Kutter Crawford,502042.0,Chris Archer,605242.0,676710.0,3312,Target Field,night,R
661832,2022-08-31,2022,HOU,TEX,117,140,4,2,6,0,9,0,664285.0,Framber Valdez,641540.0,Dane Dunning,664285.0,641540.0,5325,Globe Life Field,night,R
661442,2022-08-31,2022,KC,CWS,118,145,9,7,16,0,9,0,663903.0,Brady Singer,608337.0,Lucas Giolito,621016.0,608337.0,4,Guaranteed Rate Field,night,R
661166,2022-08-31,2022,PIT,MIL,134,158,4,2,6,0,9,0,656605.0,Mitch Keller,669920.0,Jason Alexander,544365.0,502202.0,32,American Family Field,night,R
663437,2022-08-31,2022,NYY,LAA,147,108,7,4,11,0,9,0,592791.0,Jameson Taillon,594577.0,Mike Mayers,669711.0,594577.0,1,Angel Stadium,night,R
663286,2022-08-31,2022,PHI,ARI,143,109,3,12,15,1,9,0,605400.0,Aaron Nola,668678.0,Zac Gallen,668678.0,605400.0,15,Chase Field,night,R
662000,2022-08-31,2022,SD,SF,135,137,4,3,7,0,9,0,605483.0,Blake Snell,657277.0,Logan Webb,605483.0,657277.0,2395,Oracle Park,night,R
661831,2022-08-31,2022,HOU,TEX,117,140,5,3,8,0,9,0,664299.0,Cristian Javier,527048.0,Martín Pérez,664299.0,527048.0,5325,Globe Life Field,day,R
661165,2022-08-31,2022,PIT,MIL,134,158,1,6,7,1,9,0,605507.0,Zach Thompson,642547.0,Freddy Peralta,573124.0,664337.0,32,American Family Field,day,R
662033,2022-08-31,2022,SD,SF,135,137,5,4,9,0,9,0,605397.0,Joe Musgrove,622072.0,Alex Wood,605397.0,622072.0,2395,Oracle Park,day,R
662972,2022-08-31,2022,BAL,CLE,110,114,4,0,4,0,9,0,543475.0,Jordan Lyles,663474.0,Triston McKenzie,543475.0,663474.0,5,Progressive Field,night,R
662995,2022-08-31,2022,STL,CIN,138,113,5,3,8,0,13,1,500779.0,Jose Quintana,501985.0,Mike Minor,669467.0,502624.0,2602,Great American Ball Park,night,R
661350,2022-08-31,2022,TB,MIA,139,146,2,1,3,0,10,1,656876.0,Drew Rasmussen,669432.0,Trevor Rogers,592094.0,667297.0,4169,loanDepot park,night,R
662465,2022-08-31,2022,OAK,WSH,133,120,1,5,6,1,9,0,621076.0,James Kaprielian,434671.0,Aníbal Sánchez,434671.0,621076.0,3309,Nationals Park,night,R
661779,2022-08-31,2022,CHC,TOR,112,141,7,5,12,0,9,0,608652.0,Luke Farrell,669952.0,Mitch White,655889.0,669952.0,14,Rogers Centre,night,R
662447,2022-08-31,2022,LAD,NYM,119,121,1,2,3,1,9,0,542881.0,Tyler Anderson,594798.0,Jacob deGrom,594798.0,542881.0,3289,Citi Field,night,R
662903,2022-08-31,2022,SEA,DET,136,116,5,3,8,0,9,0,594835.0,Marco Gonzales,641302.0,Tyler Alexander,594835.0,656638.0,2394,Comerica Park,night,R
661478,2022-08-31,2022,COL,ATL,115,144,2,3,5,1,9,0,663372.0,Ryan Feltner,657140.0,Kyle Wright,657140.0,663372.0,4705,Truist Park,night,R
661649,2022-08-31,2022,BOS,MIN,111,142,6,5,11,0,9,0,608379.0,Michael Wacha,657746.0,Joe Ryan,608379.0,657746.0,3312,Target Field,night,R
661441,2022-09-01,2022,KC,CWS,118,145,2,4,6,1,9,0,663460.0,Kris Bubic,458681.0,Lance Lynn,458681.0,663460.0,4,Guaranteed Rate Field,night,R
663410,2022-09-01,2022,NYY,LAA,147,108,2,3,5,1,9,0,543037.0,Gerrit Cole,663776.0,Patrick Sandoval,663776.0,543037.0,1,Angel Stadium,night,R
663312,2022-09-01,2022,PHI,ARI,143,109,18,2,20,0,9,0,663559.0,Bailey Falter,674072.0,Tommy Henry,663559.0,674072.0,15,Chase Field,night,R
662785,2022-09-01,2022,SEA,DET,136,116,7,0,7,0,9,0,669302.0,Logan Gilbert,593958.0,Eduardo Rodriguez,669302.0,593958.0,2394,Comerica Park,day,R
661440,2022-09-01,2022,KC,CWS,118,145,1,7,8,1,9,0,596043.0,Daniel Mengden,456501.0,Johnny Cueto,456501.0,596043.0,4,Guaranteed Rate Field,day,R
662491,2022-09-01,2022,OAK,WSH,133,120,5,7,12,1,10,1,686610.0,Ken Waldichuk,502179.0,Paolo Espino,640451.0,650204.0,3309,Nationals Park,day,R
662410,2022-09-01,2022,LAD,NYM,119,121,3,5,8,1,9,0,477132.0,Clayton Kershaw,605135.0,Chris Bassitt,605135.0,455119.0,3289,Citi Field,day,R
662971,2022-09-01,2022,BAL,CLE,110,114,3,0,3,0,9,0,680694.0,Kyle Bradish,669456.0,Shane Bieber,680694.0,669456.0,5,Progressive Field,night,R
663210,2022-09-01,2022,TEX,BOS,140,111,8,9,17,1,9,0,657248.0,Glenn Otto Jr.,448179.0,Rich Hill,544727.0,642546.0,3,Fenway Park,night,R
661477,2022-09-01,2022,COL,ATL,115,144,0,3,3,1,9,0,641771.0,Chad Kuhl,675911.0,Spencer Strider,675911.0,641771.0,4705,Truist Park,night,R
663290,2022-09-02,2022,MIL,ARI,158,109,0,5,5,1,9,0,605540.0,Brandon Woodruff,518876.0,Merrill Kelly,518876.0,605540.0,15,Chase Field,night,R
662356,2022-09-02,2022,TOR,PIT,141,134,4,0,4,0,9,0,666201.0,Alek Manoah,670912.0,Johan Oviedo,666201.0,595881.0,31,PNC Park,night,R
663133,2022-09-02,2022,COL,CIN,115,113,2,3,5,1,9,0,607536.0,Kyle Freeland,570666.0,Luis Cessa,664747.0,517008.0,2602,Great American Ball Park,night,R
663356,2022-09-02,2022,OAK,BAL,133,110,2,5,7,1,9,0,676664.0,JP Sears,665152.0,Dean Kremer,622253.0,642758.0,2,Oriole Park at Camden Yards,night,R
662915,2022-09-02,2022,KC,DET,118,116,4,5,9,1,9,0,663738.0,Daniel Lynch IV,571800.0,Drew Hutchison,605177.0,672578.0,2394,Comerica Park,night,R
662409,2022-09-02,2022,WSH,NYM,120,121,3,7,10,1,9,0,680686.0,Josiah Gray,656849.0,David Peterson,571710.0,680686.0,3289,Citi Field,night,R
662961,2022-09-02,2022,SEA,CLE,136,114,6,1,7,0,9,0,622491.0,Luis Castillo,663752.0,Cody Morris,622491.0,663752.0,5,Progressive Field,night,R
663212,2022-09-02,2022,TEX,BOS,140,111,1,9,10,1,9,0,572971.0,Dallas Keuchel,601713.0,Nick Pivetta,641501.0,572971.0,3,Fenway Park,night,R
661855,2022-09-02,2022,NYY,TB,147,139,0,9,9,1,9,0,593334.0,Domingo Germán,605488.0,Jeffrey Springs,605488.0,593334.0,12,Tropicana Field,night,R
661476,2022-09-02,2022,MIA,ATL,146,144,1,8,9,1,9,0,645261.0,Sandy Alcantara,450203.0,Charlie Morton,450203.0,645261.0,4705,Truist Park,night,R
661439,2022-09-03,2022,MIN,CWS,142,145,3,4,7,1,9,0,543243.0,Sonny Gray,523260.0,Joe Kelly,521230.0,605347.0,4,Guaranteed Rate Field,night,R
661920,2022-09-03,2022,CHC,STL,112,138,0,8,8,1,9,0,592716.0,Adrian Sampson,656756.0,Jordan Montgomery,656756.0,592716.0,2889,Busch Stadium,night,R
663428,2022-09-03,2022,HOU,LAA,117,108,4,2,6,0,9,0,621121.0,Lance McCullers Jr.,672282.0,Reid Detmers,621121.0,672282.0,1,Angel Stadium,night,R
663285,2022-09-03,2022,MIL,ARI,158,109,1,2,3,1,9,0,641778.0,Eric Lauer,605200.0,Zach Davies,669459.0,641778.0,15,Chase Field,night,R
662603,2022-09-03,2022,SD,LAD,135,119,7,1,8,0,9,0,506433.0,Yu Darvish,669160.0,Dustin May,506433.0,669160.0,22,Dodger Stadium,night,R
662032,2022-09-03,2022,PHI,SF,143,137,1,13,14,1,9,0,502043.0,Kyle Gibson,502171.0,Alex Cobb,502171.0,502043.0,2395,Oracle Park,night,R
662031,2022-09-03,2022,PHI,SF,143,137,4,5,9,1,9,0,592789.0,Noah Syndergaard,596001.0,Jakob Junis,641793.0,543272.0,2395,Oracle Park,day,R
663214,2022-09-03,2022,TEX,BOS,140,111,3,5,8,1,9,0,642701.0,Dennis Santana,678394.0,Brayan Bello,678394.0,642701.0,3,Fenway Park,day,R
662803,2022-09-03,2022,KC,DET,118,116,12,2,14,0,9,0,669169.0,Jonathan Heasley,501381.0,Michael Pineda,669169.0,501381.0,2394,Comerica Park,night,R
661854,2022-09-03,2022,NYY,TB,147,139,1,2,3,1,9,0,657376.0,Clarke Schmidt,446372.0,Corey Kluber,446372.0,657376.0,12,Tropicana Field,night,R
662286,2022-09-03,2022,TOR,PIT,141,134,4,1,5,0,9,0,670950.0,Trevor Richards,672710.0,Roansy Contreras,554340.0,621249.0,31,PNC Park,night,R
663355,2022-09-03,2022,OAK,BAL,133,110,1,8,9,1,9,0,670124.0,Adam Oller,608723.0,Austin Voth,669211.0,670124.0,2,Oriole Park at Camden Yards,night,R
662425,2022-09-03,2022,WSH,NYM,120,121,7,1,8,0,9,0,571578.0,Patrick Corbin,453286.0,Max Scherzer,571578.0,493603.0,3289,Citi Field,night,R
662963,2022-09-03,2022,SEA,CLE,136,114,4,0,4,0,9,0,592662.0,Robbie Ray,675540.0,Xzavion Curry,592662.0,675540.0,5,Progressive Field,night,R
661928,2022-09-03,2022,CHC,STL,112,138,4,8,12,1,9,0,592767.0,Drew Smyly,425794.0,Adam Wainwright,425794.0,592767.0,2889,Busch Stadium,night,R
661438,2022-09-03,2022,MIN,CWS,142,145,0,13,13,1,9,0,641816.0,Tyler Mahle,656302.0,Dylan Cease,656302.0,641816.0,4,Guaranteed Rate Field,night,R
661475,2022-09-03,2022,MIA,ATL,146,144,1,2,3,1,9,0,665795.0,Edward Cabrera,693821.0,Bryce Elder,554431.0,595345.0,4705,Truist Park,night,R
663321,2022-09-04,2022,MIL,ARI,158,109,8,6,14,0,10,1,669203.0,Corbin Burnes,518516.0,Madison Bumgarner,642207.0,573009.0,15,Chase Field,night,R
663436,2022-09-04,2022,HOU,LAA,117,108,1,2,3,1,12,1,677651.0,Luis Garcia,660271.0,Shohei Ohtani,572193.0,519293.0,1,Angel Stadium,night,R
662597,2022-09-04,2022,SD,LAD,135,119,1,12,13,1,9,0,640455.0,Sean Manaea,628711.0,Julio Urías,628711.0,640455.0,22,Dodger Stadium,night,R
663108,2022-09-03,2022,COL,CIN,115,113,0,0,0,0,9,0,608566.0,Germán Márquez,666157.0,Nick Lodolo,,,2602,Great American Ball Park,night,R
662299,2022-09-04,2022,TOR,PIT,141,134,4,3,7,0,9,0,548389.0,Ross Stripling,664141.0,JT Brubaker,548389.0,621249.0,31,PNC Park,day,R
663107,2022-09-04,2022,COL,CIN,115,113,8,4,12,0,9,0,608566.0,Germán Márquez,666157.0,Nick Lodolo,608566.0,669270.0,2602,Great American Ball Park,day,R
663108,2022-09-04,2022,COL,CIN,115,113,0,10,10,1,9,0,570632.0,José Ureña,502624.0,Chase Anderson,571882.0,570632.0,2602,Great American Ball Park,day,R
663354,2022-09-04,2022,OAK,BAL,133,110,5,0,5,0,9,0,661309.0,Adrián Martinez,657093.0,Spenser Watkins,661309.0,657093.0,2,Oriole Park at Camden Yards,day,R
663213,2022-09-04,2022,TEX,BOS,140,111,2,5,7,1,9,0,683227.0,Cody Freeman,677985.0,Jonathan Diaz,672391.0,641540.0,3,Fenway Park,day,R
661474,2022-09-04,2022,MIA,ATL,146,144,1,7,8,1,9,0,641154.0,Pablo López,608331.0,Max Fried,608331.0,641154.0,4705,Truist Park,day,R
662786,2022-09-04,2022,KC,DET,118,116,3,2,5,0,9,0,666721.0,Max Castillo,666159.0,Matt Manning,669395.0,642397.0,2394,Comerica Park,day,R
662424,2022-09-04,2022,WSH,NYM,120,121,7,1,8,0,9,0,607200.0,Erick Fedde,471911.0,Carlos Carrasco,607200.0,471911.0,3289,Citi Field,day,R
661853,2022-09-04,2022,NYY,TB,147,139,2,1,3,0,9,0,593423.0,Frankie Montas,542888.0,Shawn Armstrong,593423.0,542888.0,12,Tropicana Field,day,R
661437,2022-09-04,2022,MIN,CWS,142,145,5,1,6,0,9,0,605164.0,Dylan Bundy,608337.0,Lucas Giolito,605164.0,608337.0,4,Guaranteed Rate Field,day,R
661927,2022-09-04,2022,CHC,STL,112,138,0,2,2,1,9,0,573186.0,Marcus Stroman,571945.0,Miles Mikolas,571945.0,676714.0,2889,Busch Stadium,day,R
662962,2022-09-04,2022,SEA,CLE,136,114,6,3,9,0,11,1,669923.0,George Kirby,615698.0,Cal Quantrill,571510.0,663986.0,5,Progressive Field,day,R
662030,2022-09-04,2022,PHI,SF,143,137,3,5,8,1,9,0,624133.0,Ranger Suárez,607074.0,Carlos Rodón,666808.0,502085.0,2395,Oracle Park,day,R
663435,2022-09-04,2022,HOU,LAA,117,108,9,1,10,0,9,0,664353.0,José Urquidy,656353.0,Tucker Davidson,664353.0,656353.0,1,Angel Stadium,day,R
663311,2022-09-04,2022,MIL,ARI,158,109,1,5,6,1,9,0,669920.0,Jason Alexander,668678.0,Zac Gallen,668678.0,669920.0,15,Chase Field,day,R
662599,2022-09-04,2022,SD,LAD,135,119,4,9,13,1,9,0,605182.0,Mike Clevinger,657571.0,Caleb Ferguson,681911.0,605182.0,22,Dodger Stadium,day,R
663353,2022-09-05,2022,TOR,BAL,141,110,7,3,10,0,9,0,592332.0,Kevin Gausman,657508.0,Mike Baumann,592332.0,657508.0,2,Oriole Park at Camden Yards,day,R
661045,2022-09-05,2022,TOR,BAL,141,110,8,4,12,0,9,0,621244.0,José Berríos,669211.0,Keegan Akin,621244.0,669211.0,2,Oriole Park at Camden Yards,day,R
661236,2022-09-05,2022,MIN,NYY,142,147,2,5,7,1,9,0,502042.0,Chris Archer,592791.0,Jameson Taillon,669711.0,656730.0,3313,Yankee Stadium,day,R
661852,2022-09-05,2022,BOS,TB,111,139,3,4,7,1,9,0,608379.0,Michael Wacha,672715.0,Luis Patiño,676534.0,544727.0,12,Tropicana Field,day,R
662860,2022-09-05,2022,MIL,COL,158,115,6,4,10,0,9,0,605288.0,Adrian Houser,663372.0,Ryan Feltner,605288.0,663372.0,19,Coors Field,day,R
661926,2022-09-05,2022,WSH,STL,120,138,6,0,6,0,9,0,434671.0,Aníbal Sánchez,656427.0,Jack Flaherty,434671.0,656427.0,2889,Busch Stadium,day,R
662211,2022-09-05,2022,ARI,SD,109,135,5,0,5,0,9,0,669194.0,Ryne Nelson,605483.0,Blake Snell,669194.0,605483.0,2680,Petco Park,day,R
662121,2022-09-05,2022,CWS,SEA,145,136,3,2,5,0,9,0,458681.0,Lance Lynn,594835.0,Marco Gonzales,458681.0,594835.0,680,T-Mobile Park,day,R
661088,2022-09-05,2022,TEX,HOU,140,117,0,1,1,1,9,0,527048.0,Martín Pérez,686613.0,Hunter Brown,686613.0,527048.0,2392,Minute Maid Park,night,R
662646,2022-09-06,2022,CLE,KC,114,118,6,5,11,0,10,1,663474.0,Triston McKenzie,663903.0,Brady Singer,669212.0,672578.0,7,Kauffman Stadium,night,R
663434,2022-09-06,2022,DET,LAA,116,108,0,10,10,1,9,0,641302.0,Tyler Alexander,660761.0,José Suarez,660761.0,641302.0,1,Angel Stadium,night,R
662602,2022-09-06,2022,SF,LAD,137,119,7,4,11,0,9,0,657277.0,Logan Webb,571760.0,Andrew Heaney,657277.0,571760.0,22,Dodger Stadium,night,R
662283,2022-09-05,2022,NYM,PIT,121,134,0,0,0,0,9,0,592836.0,Taijuan Walker,656605.0,Mitch Keller,,,31,PNC Park,day,R
662282,2022-09-06,2022,NYM,PIT,121,134,2,8,10,1,9,0,592836.0,Taijuan Walker,656605.0,Mitch Keller,656605.0,592836.0,31,PNC Park,night,R
662043,2022-09-06,2022,BOS,TB,111,139,4,8,12,1,9,0,448179.0,Rich Hill,608638.0,JT Chargois,664076.0,448179.0,12,Tropicana Field,night,R
661597,2022-09-06,2022,MIA,PHI,146,143,2,3,5,1,9,0,666200.0,Jesús Luzardo,605400.0,Aaron Nola,502085.0,667297.0,2681,Citizens Bank Park,night,R
663458,2022-09-06,2022,TOR,BAL,141,110,6,9,15,1,9,0,669952.0,Mitch White,680694.0,Kyle Bradish,622253.0,669952.0,2,Oriole Park at Camden Yards,night,R
663242,2022-09-06,2022,CIN,CHC,113,112,3,9,12,1,9,0,643290.0,Justin Dunn,489119.0,Wade Miley,669713.0,664139.0,17,Wrigley Field,night,R
661925,2022-09-06,2022,WSH,STL,120,138,1,4,5,1,9,0,502179.0,Paolo Espino,500779.0,Jose Quintana,500779.0,502179.0,2889,Busch Stadium,night,R
662644,2022-09-07,2022,CLE,KC,114,118,4,1,5,0,9,0,669456.0,Shane Bieber,663460.0,Kris Bubic,669456.0,663460.0,7,Kauffman Stadium,night,R
661087,2022-09-07,2022,TEX,HOU,140,117,4,3,7,0,9,0,657248.0,Glenn Otto Jr.,664285.0,Framber Valdez,621368.0,664285.0,2392,Minute Maid Park,night,R
662859,2022-09-07,2022,MIL,COL,158,115,7,10,17,1,10,1,605540.0,Brandon Woodruff,641771.0,Chad Kuhl,453268.0,573124.0,19,Coors Field,night,R
663407,2022-09-07,2022,DET,LAA,116,108,4,5,9,1,10,1,593958.0,Eduardo Rodriguez,594577.0,Mike Mayers,572193.0,605177.0,1,Angel Stadium,night,R
662205,2022-09-07,2022,ARI,SD,109,135,5,6,11,1,9,0,518876.0,Merrill Kelly,605397.0,Joe Musgrove,607259.0,453178.0,2680,Petco Park,night,R
662313,2022-09-07,2022,ATL,OAK,144,133,10,9,19,0,9,0,657140.0,Kyle Wright,608344.0,Cole Irvin,445926.0,606303.0,10,Oakland Coliseum,night,R
662138,2022-09-07,2022,CWS,SEA,145,136,0,3,3,1,9,0,456501.0,Johnny Cueto,669302.0,Logan Gilbert,669302.0,456501.0,680,T-Mobile Park,night,R
662601,2022-09-07,2022,SF,LAD,137,119,3,6,9,1,9,0,605154.0,John Brebbia,542881.0,Tyler Anderson,542881.0,606424.0,22,Dodger Stadium,night,R
661235,2022-09-06,2022,MIN,NYY,142,147,0,0,0,0,9,0,657746.0,Joe Ryan,543037.0,Gerrit Cole,,,3313,Yankee Stadium,night,R
662283,2022-09-07,2022,NYM,PIT,121,134,5,1,6,0,9,0,605135.0,Chris Bassitt,621249.0,Duane Underwood Jr.,605135.0,621249.0,31,PNC Park,day,R
662285,2022-09-07,2022,NYM,PIT,121,134,10,0,10,0,9,0,594798.0,Jacob deGrom,670912.0,Johan Oviedo,594798.0,670912.0,31,PNC Park,night,R
661251,2022-09-07,2022,MIN,NYY,142,147,4,5,9,1,12,1,686973.0,Louis Varland,593334.0,Domingo Germán,669711.0,656730.0,3313,Yankee Stadium,day,R
661235,2022-09-07,2022,MIN,NYY,142,147,1,7,8,1,9,0,657746.0,Joe Ryan,543037.0,Gerrit Cole,543037.0,657746.0,3313,Yankee Stadium,day,R
662871,2022-09-07,2022,MIL,COL,158,115,4,8,12,1,9,0,641778.0,Eric Lauer,607536.0,Kyle Freeland,607536.0,641778.0,19,Coors Field,day,R
662312,2022-09-07,2022,ATL,OAK,144,133,7,3,10,0,9,0,675911.0,Spencer Strider,686610.0,Ken Waldichuk,675911.0,686610.0,10,Oakland Coliseum,day,R
663409,2022-09-07,2022,DET,LAA,116,108,5,4,9,0,9,0,571800.0,Drew Hutchison,663776.0,Patrick Sandoval,542585.0,650671.0,1,Angel Stadium,day,R
662582,2022-09-07,2022,SF,LAD,137,119,3,7,10,1,9,0,502171.0,Alex Cobb,477132.0,Clayton Kershaw,623465.0,641793.0,22,Dodger Stadium,day,R
662137,2022-09-07,2022,CWS,SEA,145,136,9,6,15,0,9,0,656629.0,Michael Kopech,622491.0,Luis Castillo,607481.0,650895.0,680,T-Mobile Park,day,R
662065,2022-09-07,2022,BOS,TB,111,139,0,1,1,1,9,0,601713.0,Nick Pivetta,605488.0,Jeffrey Springs,630023.0,601713.0,12,Tropicana Field,night,R
661596,2022-09-07,2022,MIA,PHI,146,143,3,4,7,1,9,0,669432.0,Trevor Rogers,663559.0,Bailey Falter,663559.0,669432.0,2681,Citizens Bank Park,night,R
663457,2022-09-07,2022,TOR,BAL,141,110,4,1,5,0,9,0,666201.0,Alek Manoah,669330.0,Tyler Wells,666201.0,665152.0,2,Oriole Park at Camden Yards,night,R
663168,2022-09-07,2022,CIN,CHC,113,112,7,1,8,0,9,0,501985.0,Mike Minor,665871.0,Javier Assad,501985.0,665871.0,17,Wrigley Field,night,R
661924,2022-09-07,2022,WSH,STL,120,138,5,6,11,1,9,0,676265.0,Cory Abbott,656756.0,Jordan Montgomery,663765.0,640448.0,2889,Busch Stadium,night,R
662643,2022-09-08,2022,CLE,KC,114,118,1,2,3,1,9,0,663752.0,Cody Morris,425844.0,Zack Greinke,605130.0,661403.0,7,Kauffman Stadium,night,R
661086,2022-09-08,2022,TEX,HOU,140,117,3,4,7,1,10,1,666142.0,Cole Ragans,664299.0,Cristian Javier,593576.0,642546.0,2392,Minute Maid Park,night,R
662216,2022-09-08,2022,ARI,SD,109,135,3,6,9,1,9,0,674072.0,Tommy Henry,506433.0,Yu Darvish,506433.0,674072.0,2680,Petco Park,night,R
661923,2022-09-08,2022,WSH,STL,120,138,11,6,17,0,9,0,680686.0,Josiah Gray,425794.0,Adam Wainwright,666168.0,669467.0,2889,Busch Stadium,day,R
663241,2022-09-08,2022,CIN,CHC,113,112,4,3,7,0,9,0,570666.0,Luis Cessa,592716.0,Adrian Sampson,664747.0,643410.0,17,Wrigley Field,day,R
661219,2022-09-08,2022,SF,MIL,137,158,1,2,3,1,9,0,518397.0,Scott Alexander,669203.0,Corbin Burnes,669203.0,596001.0,32,American Family Field,day,R
661233,2022-09-08,2022,SF,MIL,137,158,2,4,6,1,9,0,622065.0,Alex Young,642547.0,Freddy Peralta,657265.0,622065.0,32,American Family Field,day,R
661595,2022-09-08,2022,MIA,PHI,146,143,6,5,11,0,9,0,645261.0,Sandy Alcantara,502043.0,Kyle Gibson,571670.0,502085.0,2681,Citizens Bank Park,night,R
661252,2022-09-08,2022,MIN,NYY,142,147,4,3,7,0,9,0,543243.0,Sonny Gray,641482.0,Nestor Cortes,643377.0,593974.0,3313,Yankee Stadium,night,R
662334,2022-09-09,2022,CWS,OAK,145,133,14,2,16,0,9,0,656302.0,Dylan Cease,676664.0,JP Sears,656302.0,676664.0,10,Oakland Coliseum,night,R
663217,2022-09-09,2022,SF,CHC,137,112,2,4,6,1,9,0,607074.0,Carlos Rodón,592767.0,Drew Smyly,592767.0,607074.0,17,Wrigley Field,day,R
662284,2022-09-09,2022,STL,PIT,138,134,2,8,10,1,9,0,571945.0,Miles Mikolas,672710.0,Roansy Contreras,672710.0,571945.0,31,PNC Park,night,R
661337,2022-09-09,2022,NYM,MIA,121,146,3,6,9,1,9,0,453286.0,Max Scherzer,676974.0,Max Meyer,665795.0,656849.0,4169,loanDepot park,night,R
663456,2022-09-09,2022,BOS,BAL,111,110,2,3,5,1,9,0,678394.0,Brayan Bello,608723.0,Austin Voth,596082.0,678394.0,2,Oriole Park at Camden Yards,night,R
661594,2022-09-09,2022,WSH,PHI,120,143,3,5,8,1,9,0,571578.0,Patrick Corbin,592789.0,Noah Syndergaard,592789.0,571578.0,2681,Citizens Bank Park,night,R
661234,2022-09-09,2022,TB,NYY,139,147,4,2,6,0,9,0,656876.0,Drew Rasmussen,593423.0,Frankie Montas,656876.0,593423.0,3313,Yankee Stadium,night,R
661830,2022-09-10,2022,TOR,TEX,141,140,4,3,7,0,9,0,548389.0,Ross Stripling,641540.0,Dane Dunning,641835.0,600917.0,5325,Globe Life Field,night,R
661085,2022-09-10,2022,LAA,HOU,108,117,3,4,7,1,9,0,547179.0,Michael Lorenzen,621121.0,Lance McCullers Jr.,621121.0,681806.0,2392,Minute Maid Park,night,R
662637,2022-09-10,2022,DET,KC,116,118,10,2,12,0,9,0,666214.0,Joey Wentz,663738.0,Daniel Lynch IV,666214.0,663738.0,7,Kauffman Stadium,night,R
661650,2022-09-10,2022,CLE,MIN,114,142,7,6,13,0,9,0,615698.0,Cal Quantrill,605164.0,Dylan Bundy,615698.0,605164.0,3312,Target Field,night,R
661185,2022-09-10,2022,CIN,MIL,113,158,8,2,10,0,9,0,666157.0,Nick Lodolo,669920.0,Jason Alexander,666157.0,669920.0,32,American Family Field,night,R
662870,2022-09-10,2022,ARI,COL,109,115,10,13,23,1,9,0,605200.0,Zach Davies,608566.0,Germán Márquez,453268.0,592761.0,19,Coors Field,night,R
661850,2022-09-10,2022,LAD,SD,119,135,4,5,9,1,10,1,669160.0,Dustin May,605182.0,Mike Clevinger,670970.0,592390.0,2680,Petco Park,night,R
662136,2022-09-10,2022,ATL,SEA,144,136,6,4,10,0,9,0,450203.0,Charlie Morton,592662.0,Robbie Ray,450203.0,592662.0,680,T-Mobile Park,night,R
662333,2022-09-10,2022,CWS,OAK,145,133,5,3,8,0,9,0,608337.0,Lucas Giolito,643493.0,Austin Pruitt,607481.0,640462.0,10,Oakland Coliseum,night,R
661282,2022-09-10,2022,TB,NYY,139,147,3,10,13,1,9,0,446372.0,Corey Kluber,592791.0,Jameson Taillon,592791.0,446372.0,3313,Yankee Stadium,day,R
663127,2022-09-10,2022,SF,CHC,137,112,5,2,7,0,9,0,657277.0,Logan Webb,573186.0,Marcus Stroman,657277.0,573186.0,17,Wrigley Field,day,R
662322,2022-09-10,2022,CWS,OAK,145,133,10,2,12,0,9,0,458681.0,Lance Lynn,661309.0,Adrián Martinez,458681.0,661309.0,10,Oakland Coliseum,day,R
662636,2022-09-10,2022,DET,KC,116,118,8,4,12,0,8,0,666159.0,Matt Manning,669169.0,Jonathan Heasley,666159.0,669169.0,7,Kauffman Stadium,day,R
663455,2022-09-10,2022,BOS,BAL,111,110,17,4,21,0,9,0,608379.0,Michael Wacha,543475.0,Jordan Lyles,608379.0,543475.0,2,Oriole Park at Camden Yards,night,R
661593,2022-09-10,2022,WSH,PHI,120,143,5,8,13,1,9,0,607200.0,Erick Fedde,624133.0,Ranger Suárez,624133.0,607200.0,2681,Citizens Bank Park,night,R
661323,2022-09-10,2022,NYM,MIA,121,146,11,3,14,0,9,0,471911.0,Carlos Carrasco,641154.0,Pablo López,471911.0,641154.0,4169,loanDepot park,night,R
661841,2022-09-10,2022,TOR,TEX,141,140,11,7,18,0,9,0,592332.0,Kevin Gausman,685503.0,Kohei Arihara,592332.0,685503.0,5325,Globe Life Field,night,R
661084,2022-09-10,2022,LAA,HOU,108,117,6,1,7,0,9,0,660271.0,Shohei Ohtani,664353.0,José Urquidy,660271.0,664353.0,2392,Minute Maid Park,night,R
661665,2022-09-10,2022,CLE,MIN,114,142,6,4,10,0,9,0,663474.0,Triston McKenzie,502042.0,Chris Archer,663474.0,502042.0,3312,Target Field,night,R
661175,2022-09-10,2022,CIN,MIL,113,158,1,5,6,1,9,0,502624.0,Chase Anderson,605288.0,Adrian Houser,605288.0,502624.0,32,American Family Field,night,R
662265,2022-09-10,2022,STL,PIT,138,134,7,5,12,0,9,0,656427.0,Jack Flaherty,664141.0,JT Brubaker,606149.0,640444.0,31,PNC Park,night,R
662869,2022-09-11,2022,ARI,COL,109,115,1,4,5,1,9,0,518516.0,Madison Bumgarner,570632.0,José Ureña,664875.0,518516.0,19,Coors Field,night,R
661849,2022-09-11,2022,LAD,SD,119,135,8,4,12,0,9,0,628711.0,Julio Urías,605483.0,Blake Snell,628711.0,605483.0,2680,Petco Park,night,R
662088,2022-09-11,2022,ATL,SEA,144,136,1,3,4,1,9,0,608331.0,Max Fried,669923.0,George Kirby,669923.0,608331.0,680,T-Mobile Park,night,R
663264,2022-09-11,2022,BOS,BAL,111,110,1,0,1,0,9,0,448179.0,Rich Hill,680694.0,Kyle Bradish,448179.0,680694.0,2,Oriole Park at Camden Yards,day,R
661592,2022-09-11,2022,WSH,PHI,120,143,5,7,12,1,9,0,434671.0,Aníbal Sánchez,605400.0,Aaron Nola,621237.0,640448.0,2681,Citizens Bank Park,day,R
662325,2022-09-11,2022,STL,PIT,138,134,4,3,7,0,9,0,500779.0,Jose Quintana,656605.0,Mitch Keller,608717.0,608328.0,31,PNC Park,day,R
661232,2022-09-11,2022,TB,NYY,139,147,4,10,14,1,9,0,672715.0,Luis Patiño,593334.0,Domingo Germán,593974.0,672715.0,3313,Yankee Stadium,day,R
661322,2022-09-11,2022,NYM,MIA,121,146,9,3,12,0,9,0,592836.0,Taijuan Walker,666200.0,Jesús Luzardo,592836.0,666200.0,4169,loanDepot park,day,R
661083,2022-09-11,2022,LAA,HOU,108,117,4,12,16,1,9,0,656353.0,Tucker Davidson,677651.0,Luis Garcia,677651.0,656353.0,2392,Minute Maid Park,day,R
662635,2022-09-11,2022,DET,KC,116,118,0,4,4,1,9,0,641302.0,Tyler Alexander,663903.0,Brady Singer,663903.0,641302.0,7,Kauffman Stadium,day,R
661647,2022-09-11,2022,CLE,MIN,114,142,4,1,5,0,9,0,669456.0,Shane Bieber,680739.0,Josh Winder,669456.0,680739.0,3312,Target Field,day,R
661176,2022-09-11,2022,CIN,MIL,113,158,6,7,13,1,9,0,643290.0,Justin Dunn,605540.0,Brandon Woodruff,605540.0,643290.0,32,American Family Field,day,R
661839,2022-09-11,2022,TOR,TEX,141,140,1,4,5,1,9,0,670950.0,Trevor Richards,527048.0,Martín Pérez,527048.0,670950.0,5325,Globe Life Field,day,R
662868,2022-09-11,2022,ARI,COL,109,115,12,6,18,0,9,0,668678.0,Zac Gallen,663372.0,Ryan Feltner,668678.0,663372.0,19,Coors Field,day,R
662323,2022-09-11,2022,CWS,OAK,145,133,3,10,13,1,9,0,456501.0,Johnny Cueto,608344.0,Cole Irvin,608344.0,456501.0,10,Oakland Coliseum,day,R
661848,2022-09-11,2022,LAD,SD,119,135,11,2,13,0,9,0,571760.0,Andrew Heaney,605397.0,Joe Musgrove,571760.0,605397.0,2680,Petco Park,day,R
662120,2022-09-11,2022,ATL,SEA,144,136,7,8,15,1,9,0,543606.0,Jake Odorizzi,594835.0,Marco Gonzales,623149.0,445276.0,680,T-Mobile Park,day,R
663130,2022-09-12,2022,SF,CHC,137,112,4,2,6,0,9,0,605154.0,John Brebbia,489119.0,Wade Miley,641793.0,669713.0,17,Wrigley Field,night,R
661420,2022-09-12,2022,TEX,MIA,140,146,3,2,5,0,9,0,657248.0,Glenn Otto Jr.,669432.0,Trevor Rogers,642546.0,595345.0,4169,loanDepot park,day,R
661419,2022-09-12,2022,TEX,MIA,140,146,6,10,16,1,9,0,592351.0,Jon Gray,666129.0,Braxton Garrett,663773.0,669935.0,4169,loanDepot park,night,R
662970,2022-09-12,2022,LAA,CLE,108,114,4,5,9,1,9,0,672282.0,Reid Detmers,663455.0,Konnor Pilkington,660853.0,571901.0,5,Progressive Field,night,R
662782,2022-09-12,2022,HOU,DET,117,116,7,0,7,0,9,0,664285.0,Framber Valdez,593958.0,Eduardo Rodriguez,664285.0,593958.0,2394,Comerica Park,night,R
663085,2022-09-12,2022,PIT,CIN,134,113,6,3,9,0,9,0,669060.0,Bryse Wilson,501985.0,Mike Minor,669060.0,501985.0,2602,Great American Ball Park,night,R
661799,2022-09-12,2022,TB,TOR,139,141,2,3,5,1,9,0,681867.0,Cooper Criswell,621244.0,José Berríos,641835.0,592094.0,14,Rogers Centre,night,R
662423,2022-09-12,2022,CHC,NYM,112,121,5,2,7,0,9,0,665871.0,Javier Assad,605135.0,Chris Bassitt,665871.0,605135.0,3289,Citi Field,night,R
663324,2022-09-13,2022,LAD,ARI,119,109,6,0,6,0,9,0,542881.0,Tyler Anderson,669194.0,Ryne Nelson,542881.0,669459.0,15,Chase Field,night,R
662029,2022-09-13,2022,ATL,SF,144,137,2,3,5,1,9,0,675911.0,Spencer Strider,502171.0,Alex Cobb,502171.0,675911.0,2395,Oracle Park,night,R
663158,2022-09-13,2022,PIT,CIN,134,113,6,1,7,0,9,0,670912.0,Johan Oviedo,570666.0,Luis Cessa,670912.0,570666.0,2602,Great American Ball Park,day,R
663106,2022-09-13,2022,PIT,CIN,134,113,1,0,1,0,9,0,682847.0,Luis Ortiz,518585.0,Fernando Cruz,608328.0,642659.0,2602,Great American Ball Park,night,R
661840,2022-09-13,2022,TB,TOR,139,141,4,2,6,0,9,0,605488.0,Jeffrey Springs,657240.0,Julian Merryweather,605488.0,657240.0,14,Rogers Centre,day,R
661798,2022-09-13,2022,TB,TOR,139,141,2,7,9,1,9,0,630023.0,Yonny Chirinos,666201.0,Alek Manoah,542914.0,621363.0,14,Rogers Centre,night,R
662965,2022-09-13,2022,LAA,CLE,108,114,1,3,4,1,9,0,660761.0,José Suarez,663752.0,Cody Morris,668948.0,660761.0,5,Progressive Field,night,R
662787,2022-09-13,2022,HOU,DET,117,116,6,3,9,0,9,0,686613.0,Hunter Brown,571800.0,Drew Hutchison,686613.0,571800.0,2394,Comerica Park,night,R
661320,2022-09-13,2022,PHI,MIA,143,146,2,1,3,0,9,0,663559.0,Bailey Falter,645261.0,Sandy Alcantara,663559.0,645261.0,4169,loanDepot park,night,R
662464,2022-09-13,2022,BAL,WSH,110,120,4,3,7,0,9,0,665152.0,Dean Kremer,676265.0,Cory Abbott,665152.0,640451.0,3309,Nationals Park,night,R
662430,2022-09-13,2022,CHC,NYM,112,121,4,1,5,0,9,0,592716.0,Adrian Sampson,594798.0,Jacob deGrom,592716.0,594798.0,3289,Citi Field,night,R
663160,2022-09-13,2022,NYY,BOS,147,111,7,6,13,0,10,1,543037.0,Gerrit Cole,601713.0,Nick Pivetta,605280.0,544727.0,3,Fenway Park,night,R
661645,2022-09-13,2022,KC,MIN,118,142,3,6,9,1,9,0,663460.0,Kris Bubic,657746.0,Joe Ryan,657746.0,663460.0,3312,Target Field,night,R
661922,2022-09-13,2022,MIL,STL,158,138,8,4,12,0,9,0,456713.0,Matt Bush,656756.0,Jordan Montgomery,606131.0,656756.0,2889,Busch Stadium,night,R
661838,2022-09-14,2022,OAK,TEX,133,140,7,8,15,1,9,0,686610.0,Ken Waldichuk,666142.0,Cole Ragans,656271.0,606303.0,5325,Globe Life Field,night,R
661436,2022-09-14,2022,COL,CWS,115,145,2,4,6,1,9,0,641771.0,Chad Kuhl,656629.0,Michael Kopech,656629.0,641771.0,4,Guaranteed Rate Field,night,R
663323,2022-09-14,2022,LAD,ARI,119,109,4,0,4,0,9,0,477132.0,Clayton Kershaw,518876.0,Merrill Kelly,477132.0,518876.0,15,Chase Field,night,R
662119,2022-09-14,2022,SD,SEA,135,136,2,0,2,0,9,0,506433.0,Yu Darvish,669302.0,Logan Gilbert,506433.0,669302.0,680,T-Mobile Park,night,R
662028,2022-09-14,2022,ATL,SF,144,137,5,1,6,0,9,0,657140.0,Kyle Wright,596001.0,Jakob Junis,657140.0,596001.0,2395,Oracle Park,night,R
663006,2022-09-14,2022,PIT,CIN,134,113,10,4,14,0,9,0,672710.0,Roansy Contreras,666157.0,Nick Lodolo,595881.0,666157.0,2602,Great American Ball Park,day,R
662969,2022-09-14,2022,LAA,CLE,108,114,3,5,8,1,9,0,663776.0,Patrick Sandoval,615698.0,Cal Quantrill,663986.0,572193.0,5,Progressive Field,day,R
662792,2022-09-14,2022,HOU,DET,117,116,2,1,3,0,9,0,664299.0,Cristian Javier,666214.0,Joey Wentz,664299.0,666214.0,2394,Comerica Park,day,R
661435,2022-09-14,2022,COL,CWS,115,145,3,0,3,0,9,0,607536.0,Kyle Freeland,656302.0,Dylan Cease,607536.0,656302.0,4,Guaranteed Rate Field,day,R
662027,2022-09-14,2022,ATL,SF,144,137,1,4,5,1,9,0,450203.0,Charlie Morton,607074.0,Carlos Rodón,607074.0,450203.0,2395,Oracle Park,day,R
662118,2022-09-14,2022,SD,SEA,135,136,1,6,7,1,9,0,605182.0,Mike Clevinger,622491.0,Luis Castillo,622491.0,605182.0,680,T-Mobile Park,day,R
661336,2022-09-14,2022,PHI,MIA,143,146,6,1,7,0,9,0,502043.0,Kyle Gibson,665795.0,Edward Cabrera,502043.0,665795.0,4169,loanDepot park,night,R
662463,2022-09-14,2022,BAL,WSH,110,120,6,2,8,0,9,0,669330.0,Tyler Wells,571578.0,Patrick Corbin,608723.0,666168.0,3309,Nationals Park,night,R
661770,2022-09-14,2022,TB,TOR,139,141,1,5,6,1,9,0,656876.0,Drew Rasmussen,548389.0,Ross Stripling,548389.0,656876.0,14,Rogers Centre,night,R
662422,2022-09-14,2022,CHC,NYM,112,121,6,3,9,0,9,0,592767.0,Drew Smyly,656849.0,David Peterson,592767.0,656849.0,3289,Citi Field,night,R
663159,2022-09-14,2022,NYY,BOS,147,111,5,3,8,0,9,0,641482.0,Nestor Cortes,678394.0,Brayan Bello,641482.0,678394.0,3,Fenway Park,night,R
661646,2022-09-14,2022,KC,MIN,118,142,0,4,4,1,9,0,425844.0,Zack Greinke,543243.0,Sonny Gray,543243.0,425844.0,3312,Target Field,night,R
661921,2022-09-14,2022,MIL,STL,158,138,1,4,5,1,9,0,669203.0,Corbin Burnes,425794.0,Adam Wainwright,425794.0,669203.0,2889,Busch Stadium,night,R
661829,2022-09-15,2022,OAK,TEX,133,140,8,7,15,0,9,0,676664.0,JP Sears,641540.0,Dane Dunning,664202.0,600917.0,5325,Globe Life Field,night,R
663322,2022-09-15,2022,LAD,ARI,119,109,3,5,8,1,10,1,675627.0,Michael Grove,605200.0,Zach Davies,606625.0,518886.0,15,Chase Field,night,R
662974,2022-09-15,2022,CWS,CLE,145,114,8,2,10,0,9,0,458681.0,Lance Lynn,683769.0,Hunter Gaddis,458681.0,683769.0,5,Progressive Field,day,R
661822,2022-09-15,2022,TB,TOR,139,141,11,0,11,0,9,0,663556.0,Shane McClanahan,592332.0,Kevin Gausman,663556.0,592332.0,14,Rogers Centre,day,R
661321,2022-09-15,2022,PHI,MIA,143,146,3,5,8,1,9,0,592789.0,Noah Syndergaard,641154.0,Pablo López,641154.0,592789.0,4169,loanDepot park,night,R
662709,2022-09-15,2022,OAK,HOU,133,117,2,5,7,1,9,0,621076.0,James Kaprielian,621121.0,Lance McCullers Jr.,661527.0,606303.0,2392,Minute Maid Park,night,R
662398,2022-09-15,2022,PIT,NYM,134,121,1,7,8,1,9,0,664141.0,JT Brubaker,471911.0,Carlos Carrasco,471911.0,664141.0,3289,Citi Field,night,R
661644,2022-09-15,2022,KC,MIN,118,142,2,3,5,1,9,0,663738.0,Daniel Lynch IV,605164.0,Dylan Bundy,656730.0,663738.0,3312,Target Field,night,R
661919,2022-09-15,2022,CIN,STL,113,138,3,2,5,0,9,0,502624.0,Chase Anderson,571945.0,Miles Mikolas,502624.0,571945.0,2889,Busch Stadium,night,R
663284,2022-09-16,2022,SD,ARI,135,109,0,4,4,1,9,0,640455.0,Sean Manaea,686753.0,Drey Jameson,686753.0,640455.0,15,Chase Field,night,R
663126,2022-09-16,2022,COL,CHC,115,112,1,2,3,1,9,0,608566.0,Germán Márquez,573186.0,Marcus Stroman,573186.0,608566.0,17,Wrigley Field,day,R
662490,2022-09-16,2022,MIA,WSH,146,120,4,5,9,1,9,0,666200.0,Jesús Luzardo,680686.0,Josiah Gray,605218.0,642121.0,3309,Nationals Park,night,R
661776,2022-09-16,2022,BAL,TOR,110,141,3,6,9,1,9,0,543475.0,Jordan Lyles,670950.0,Trevor Richards,579328.0,543475.0,14,Rogers Centre,night,R
663209,2022-09-16,2022,KC,BOS,118,111,1,2,3,1,9,0,669169.0,Jonathan Heasley,608379.0,Michael Wacha,676477.0,669395.0,3,Fenway Park,night,R
662404,2022-09-16,2022,PIT,NYM,134,121,3,4,7,1,9,0,656605.0,Mitch Keller,592836.0,Taijuan Walker,592836.0,656605.0,3289,Citi Field,night,R
662064,2022-09-16,2022,TEX,TB,140,139,4,3,7,0,9,0,527048.0,Martín Pérez,446372.0,Corey Kluber,527048.0,446372.0,12,Tropicana Field,night,R
662959,2022-09-16,2022,MIN,CLE,142,114,3,4,7,1,9,0,641927.0,Bailey Ober,663474.0,Triston McKenzie,663986.0,661395.0,5,Progressive Field,night,R
662781,2022-09-16,2022,CWS,DET,145,116,2,3,5,1,10,1,608337.0,Lucas Giolito,666159.0,Matt Manning,656638.0,521230.0,2394,Comerica Park,night,R
661473,2022-09-16,2022,PHI,ATL,143,144,2,7,9,1,9,0,624133.0,Ranger Suárez,608331.0,Max Fried,445926.0,622554.0,4705,Truist Park,night,R
662740,2022-09-17,2022,OAK,HOU,133,117,0,5,5,1,9,0,661309.0,Adrián Martinez,434378.0,Justin Verlander,434378.0,661309.0,2392,Minute Maid Park,night,R
661164,2022-09-17,2022,NYY,MIL,147,158,6,7,13,1,9,0,593423.0,Frankie Montas,605288.0,Adrian Houser,573124.0,605280.0,32,American Family Field,night,R
661953,2022-09-17,2022,CIN,STL,113,138,5,6,11,1,9,0,518585.0,Fernando Cruz,656427.0,Jack Flaherty,608717.0,664139.0,2889,Busch Stadium,night,R
663427,2022-09-17,2022,SEA,LAA,136,108,7,8,15,1,9,0,592662.0,Robbie Ray,547179.0,Michael Lorenzen,547179.0,592662.0,1,Angel Stadium,night,R
663283,2022-09-17,2022,SD,ARI,135,109,12,3,15,0,9,0,605483.0,Blake Snell,518516.0,Madison Bumgarner,605483.0,518516.0,15,Chase Field,night,R
662026,2022-09-17,2022,LAD,SF,119,137,5,0,5,0,9,0,669160.0,Dustin May,657277.0,Logan Webb,669160.0,657277.0,2395,Oracle Park,night,R
663141,2022-09-17,2022,MIN,CLE,142,114,1,5,6,1,9,0,686973.0,Louis Varland,669456.0,Shane Bieber,669456.0,686973.0,5,Progressive Field,day,R
662958,2022-09-17,2022,MIN,CLE,142,114,6,7,13,1,15,1,680739.0,Josh Winder,663455.0,Konnor Pilkington,668948.0,605446.0,5,Progressive Field,night,R
661965,2022-09-17,2022,CIN,STL,113,138,1,5,6,1,9,0,501985.0,Mike Minor,641712.0,Dakota Hudson,641712.0,501985.0,2889,Busch Stadium,day,R
661952,2022-09-17,2022,CIN,STL,113,138,0,1,1,1,11,1,668881.0,Hunter Greene,500779.0,Jose Quintana,571927.0,518585.0,2889,Busch Stadium,night,R
663129,2022-09-17,2022,COL,CHC,115,112,3,1,4,0,9,0,570632.0,José Ureña,669713.0,Hayden Wesneski,608032.0,640470.0,17,Wrigley Field,day,R
661769,2022-09-17,2022,BAL,TOR,110,141,3,6,9,1,9,0,680694.0,Kyle Bradish,621244.0,José Berríos,621244.0,680694.0,14,Rogers Centre,day,R
662462,2022-09-17,2022,MIA,WSH,146,120,3,5,8,1,9,0,669432.0,Trevor Rogers,607200.0,Erick Fedde,640451.0,656257.0,3309,Nationals Park,day,R
663208,2022-09-17,2022,KC,BOS,118,111,9,0,9,0,9,0,663903.0,Brady Singer,448179.0,Rich Hill,663903.0,448179.0,3,Fenway Park,day,R
662015,2022-09-17,2022,TEX,TB,140,139,1,5,6,1,9,0,592351.0,Jon Gray,542888.0,Shawn Armstrong,642232.0,592351.0,12,Tropicana Field,night,R
662784,2022-09-17,2022,CWS,DET,145,116,4,3,7,0,11,1,663436.0,Davis Martin,593958.0,Eduardo Rodriguez,521230.0,642397.0,2394,Comerica Park,night,R
662823,2022-09-17,2022,OAK,HOU,133,117,8,5,13,0,9,0,608344.0,Cole Irvin,664353.0,José Urquidy,608344.0,664353.0,2392,Minute Maid Park,night,R
662403,2022-09-17,2022,PIT,NYM,134,121,1,5,6,1,9,0,669060.0,Bryse Wilson,605135.0,Chris Bassitt,605135.0,669060.0,3289,Citi Field,night,R
661163,2022-09-17,2022,NYY,MIL,147,158,1,4,5,1,9,0,592791.0,Jameson Taillon,605540.0,Brandon Woodruff,605540.0,592791.0,32,American Family Field,night,R
661472,2022-09-17,2022,PHI,ATL,143,144,3,4,7,1,9,0,605400.0,Aaron Nola,543606.0,Jake Odorizzi,669276.0,605400.0,4705,Truist Park,night,R
663289,2022-09-18,2022,SD,ARI,135,109,2,0,2,0,9,0,605397.0,Joe Musgrove,668678.0,Zac Gallen,605397.0,668678.0,15,Chase Field,night,R
662024,2022-09-18,2022,LAD,SF,119,137,7,2,9,0,9,0,628711.0,Julio Urías,605154.0,John Brebbia,628711.0,663546.0,2395,Oracle Park,night,R
663426,2022-09-18,2022,SEA,LAA,136,108,1,2,3,1,9,0,669923.0,George Kirby,660271.0,Shohei Ohtani,660271.0,669923.0,1,Angel Stadium,night,R
662783,2022-09-18,2022,CWS,DET,145,116,11,5,16,0,9,0,592826.0,Vince Velasquez,571800.0,Drew Hutchison,621383.0,571800.0,2394,Comerica Park,day,R
661994,2022-09-18,2022,TEX,TB,140,139,3,5,8,1,9,0,657248.0,Glenn Otto Jr.,605488.0,Jeffrey Springs,605488.0,657248.0,12,Tropicana Field,day,R
663207,2022-09-18,2022,KC,BOS,118,111,3,13,16,1,9,0,663460.0,Kris Bubic,601713.0,Nick Pivetta,601713.0,663460.0,3,Fenway Park,day,R
661471,2022-09-18,2022,PHI,ATL,143,144,2,5,7,1,9,0,663559.0,Bailey Falter,675911.0,Spencer Strider,675911.0,641401.0,4705,Truist Park,day,R
662461,2022-09-18,2022,MIA,WSH,146,120,3,1,4,0,9,0,645261.0,Sandy Alcantara,434671.0,Aníbal Sánchez,645261.0,434671.0,3309,Nationals Park,day,R
661780,2022-09-18,2022,BAL,TOR,110,141,5,4,9,0,9,0,665152.0,Dean Kremer,666201.0,Alek Manoah,607216.0,605447.0,14,Rogers Centre,day,R
662402,2022-09-18,2022,PIT,NYM,134,121,3,7,10,1,9,0,670912.0,Johan Oviedo,594798.0,Jacob deGrom,570257.0,596112.0,3289,Citi Field,day,R
662968,2022-09-18,2022,MIN,CLE,142,114,3,0,3,0,9,0,657746.0,Joe Ryan,663752.0,Cody Morris,657746.0,663752.0,5,Progressive Field,day,R
662822,2022-09-18,2022,OAK,HOU,133,117,2,11,13,1,9,0,686610.0,Ken Waldichuk,664285.0,Framber Valdez,664285.0,686610.0,2392,Minute Maid Park,day,R
661162,2022-09-18,2022,NYY,MIL,147,158,12,8,20,0,9,0,543037.0,Gerrit Cole,669920.0,Jason Alexander,543037.0,571948.0,32,American Family Field,day,R
661930,2022-09-18,2022,CIN,STL,113,138,3,0,3,0,9,0,570666.0,Luis Cessa,656756.0,Jordan Montgomery,570666.0,656756.0,2889,Busch Stadium,day,R
663112,2022-09-18,2022,COL,CHC,115,112,4,3,7,0,9,0,663372.0,Ryan Feltner,665871.0,Javier Assad,663372.0,665871.0,17,Wrigley Field,day,R
663425,2022-09-18,2022,SEA,LAA,136,108,1,5,6,1,9,0,594835.0,Marco Gonzales,672282.0,Reid Detmers,672282.0,594835.0,1,Angel Stadium,day,R
663287,2022-09-18,2022,SD,ARI,135,109,6,1,7,0,9,0,506433.0,Yu Darvish,669194.0,Ryne Nelson,506433.0,669194.0,15,Chase Field,day,R
662025,2022-09-18,2022,LAD,SF,119,137,4,3,7,0,10,1,571760.0,Andrew Heaney,502171.0,Alex Cobb,518886.0,605154.0,2395,Oracle Park,day,R
663044,2022-09-19,2022,MIN,CLE,142,114,4,11,15,1,9,0,543243.0,Sonny Gray,615698.0,Cal Quantrill,615698.0,543243.0,5,Progressive Field,day,R
663423,2022-09-19,2022,SEA,LAA,136,108,9,1,10,0,9,0,669302.0,Logan Gilbert,660761.0,José Suarez,669302.0,660761.0,1,Angel Stadium,day,R
662013,2022-09-19,2022,HOU,TB,117,139,4,0,4,0,9,0,677651.0,Luis Garcia,656876.0,Drew Rasmussen,677651.0,656876.0,12,Tropicana Field,night,R
661299,2022-09-19,2022,CHC,MIA,112,146,3,10,13,1,9,0,489119.0,Wade Miley,665795.0,Edward Cabrera,665795.0,489119.0,4169,loanDepot park,night,R
663263,2022-09-19,2022,DET,BAL,116,110,11,0,11,0,9,0,641302.0,Tyler Alexander,669330.0,Tyler Wells,641302.0,669330.0,2,Oriole Park at Camden Yards,night,R
661470,2022-09-19,2022,WSH,ATL,120,144,2,5,7,1,9,0,676265.0,Cory Abbott,657140.0,Kyle Wright,657140.0,676265.0,4705,Truist Park,night,R
661161,2022-09-19,2022,NYM,MIL,121,158,7,2,9,0,9,0,453286.0,Max Scherzer,669203.0,Corbin Burnes,453286.0,669203.0,32,American Family Field,night,R
662886,2022-09-20,2022,SF,COL,137,115,10,7,17,0,10,1,596001.0,Jakob Junis,641771.0,Chad Kuhl,666808.0,668970.0,19,Coors Field,night,R
662622,2022-09-20,2022,ARI,LAD,109,119,2,5,7,1,9,0,518876.0,Merrill Kelly,477132.0,Clayton Kershaw,477132.0,518876.0,22,Dodger Stadium,night,R
662621,2022-09-20,2022,ARI,LAD,109,119,5,6,11,1,9,0,691021.0,A.J. Vukovich,676601.0,Logan Salow,686752.0,656464.0,22,Dodger Stadium,day,R
662607,2022-09-21,2022,ARI,LAD,109,119,5,2,7,0,9,0,686753.0,Drey Jameson,802528.0,Agustin Acosta,686753.0,542881.0,22,Dodger Stadium,night,R
663104,2022-09-20,2022,BOS,CIN,111,113,5,3,8,0,9,0,678394.0,Brayan Bello,666157.0,Nick Lodolo,678394.0,666157.0,2602,Great American Ball Park,night,R
662012,2022-09-20,2022,HOU,TB,117,139,5,0,5,0,9,0,664299.0,Cristian Javier,663556.0,Shane McClanahan,664299.0,663556.0,12,Tropicana Field,night,R
661298,2022-09-20,2022,CHC,MIA,112,146,2,1,3,0,9,0,592716.0,Adrian Sampson,641154.0,Pablo López,640470.0,595345.0,4169,loanDepot park,night,R
661591,2022-09-20,2022,TOR,PHI,141,143,18,11,29,0,9,0,548389.0,Ross Stripling,502043.0,Kyle Gibson,647315.0,502043.0,2681,Citizens Bank Park,night,R
663262,2022-09-20,2022,DET,BAL,116,110,3,2,5,0,9,0,666214.0,Joey Wentz,608723.0,Austin Voth,666214.0,608723.0,2,Oriole Park at Camden Yards,night,R
661229,2022-09-20,2022,PIT,NYY,134,147,8,9,17,1,9,0,682847.0,Luis Ortiz,641482.0,Nestor Cortes,547973.0,640444.0,3313,Yankee Stadium,night,R
661469,2022-09-20,2022,WSH,ATL,120,144,2,3,5,1,9,0,571578.0,Patrick Corbin,450203.0,Charlie Morton,450203.0,541640.0,4705,Truist Park,night,R
661159,2022-09-20,2022,NYM,MIL,121,158,7,5,12,0,9,0,699315.0,Sebastian Castro,647351.0,Abraham Toro,570257.0,573124.0,32,American Family Field,night,R
661837,2022-09-21,2022,LAA,TEX,108,140,5,2,7,0,9,0,663776.0,Patrick Sandoval,666142.0,Cole Ragans,663776.0,642701.0,5325,Globe Life Field,night,R
662634,2022-09-21,2022,MIN,KC,142,118,4,5,9,1,9,0,605164.0,Dylan Bundy,425844.0,Zack Greinke,669395.0,605242.0,7,Kauffman Stadium,night,R
661434,2022-09-21,2022,CLE,CWS,114,145,10,7,17,0,11,1,650644.0,Aaron Civale,656302.0,Dylan Cease,661403.0,518617.0,4,Guaranteed Rate Field,night,R
662867,2022-09-21,2022,SF,COL,137,115,6,3,9,0,9,0,605154.0,John Brebbia,607536.0,Kyle Freeland,643511.0,607536.0,19,Coors Field,night,R
662321,2022-09-21,2022,SEA,OAK,136,133,1,4,5,1,9,0,622491.0,Luis Castillo,676664.0,JP Sears,676664.0,622491.0,10,Oakland Coliseum,night,R
662204,2022-09-21,2022,STL,SD,138,135,0,5,5,1,9,0,425794.0,Adam Wainwright,605182.0,Mike Clevinger,605182.0,425794.0,2680,Petco Park,night,R
661468,2022-09-21,2022,WSH,ATL,120,144,3,2,5,0,9,0,502179.0,Paolo Espino,693821.0,Bryce Elder,600921.0,445926.0,4705,Truist Park,day,R
661158,2022-09-21,2022,NYM,MIL,121,158,0,6,6,1,9,0,592836.0,Taijuan Walker,605288.0,Adrian Houser,641627.0,592836.0,32,American Family Field,day,R
661070,2022-09-21,2022,BOS,CIN,111,113,1,5,6,1,9,0,657756.0,Connor Seabold,502624.0,Chase Anderson,502624.0,657756.0,2602,Great American Ball Park,night,R
662011,2022-09-21,2022,HOU,TB,117,139,5,2,7,0,9,0,621121.0,Lance McCullers Jr.,446372.0,Corey Kluber,621121.0,548384.0,12,Tropicana Field,night,R
661297,2022-09-21,2022,CHC,MIA,112,146,4,3,7,0,9,0,573186.0,Marcus Stroman,666200.0,Jesús Luzardo,624522.0,595345.0,4169,loanDepot park,night,R
661588,2022-09-21,2022,TOR,PHI,141,143,3,4,7,1,10,1,592332.0,Kevin Gausman,554430.0,Zack Wheeler,571479.0,643256.0,2681,Citizens Bank Park,night,R
663261,2022-09-21,2022,DET,BAL,116,110,1,8,9,1,9,0,666159.0,Matt Manning,543475.0,Jordan Lyles,543475.0,666159.0,2,Oriole Park at Camden Yards,night,R
661228,2022-09-21,2022,PIT,NYY,134,147,2,14,16,1,9,0,672710.0,Roansy Contreras,622663.0,Luis Severino,622663.0,672710.0,3313,Yankee Stadium,night,R
661783,2022-09-22,2022,LAA,TEX,108,140,2,7,9,1,9,0,656353.0,Tucker Davidson,641540.0,Dane Dunning,641540.0,656353.0,5325,Globe Life Field,night,R
662633,2022-09-22,2022,MIN,KC,142,118,2,5,7,1,9,0,641927.0,Bailey Ober,663738.0,Daniel Lynch IV,664948.0,641927.0,7,Kauffman Stadium,night,R
661433,2022-09-22,2022,CLE,CWS,114,145,8,2,10,0,9,0,663474.0,Triston McKenzie,458681.0,Lance Lynn,663474.0,458681.0,4,Guaranteed Rate Field,night,R
662899,2022-09-22,2022,SF,COL,137,115,6,1,7,0,9,0,657277.0,Logan Webb,608566.0,Germán Márquez,657277.0,608566.0,19,Coors Field,night,R
662320,2022-09-22,2022,SEA,OAK,136,133,1,2,3,1,9,0,592662.0,Robbie Ray,621076.0,James Kaprielian,621076.0,657024.0,10,Oakland Coliseum,night,R
662203,2022-09-22,2022,STL,SD,138,135,0,1,1,1,9,0,571945.0,Miles Mikolas,605483.0,Blake Snell,605483.0,571945.0,2680,Petco Park,night,R
662606,2022-09-22,2022,ARI,LAD,109,119,6,1,7,0,9,0,680192.0,Luis Diaz,669160.0,Dustin May,518516.0,669160.0,22,Dodger Stadium,night,R
661806,2022-09-22,2022,LAA,TEX,108,140,3,5,8,1,9,0,547179.0,Michael Lorenzen,527048.0,Martín Pérez,519043.0,650671.0,5325,Globe Life Field,day,R
662632,2022-09-22,2022,MIN,KC,142,118,1,4,5,1,9,0,680739.0,Josh Winder,669169.0,Jonathan Heasley,669169.0,680739.0,7,Kauffman Stadium,day,R
662898,2022-09-22,2022,SF,COL,137,115,3,0,3,0,9,0,605154.0,John Brebbia,570632.0,José Ureña,605194.0,570632.0,19,Coors Field,day,R
662306,2022-09-22,2022,SEA,OAK,136,133,9,5,14,0,9,0,669923.0,George Kirby,661309.0,Adrián Martinez,571510.0,669912.0,10,Oakland Coliseum,day,R
662202,2022-09-22,2022,STL,SD,138,135,5,4,9,0,9,0,656427.0,Jack Flaherty,605397.0,Joe Musgrove,656427.0,607259.0,2680,Petco Park,day,R
662264,2022-09-22,2022,CHC,PIT,112,134,3,2,5,0,9,0,669713.0,Hayden Wesneski,656605.0,Mitch Keller,669713.0,656605.0,31,PNC Park,night,R
662041,2022-09-22,2022,TOR,TB,141,139,5,10,15,1,9,0,621244.0,José Berríos,608638.0,JT Chargois,642232.0,621244.0,12,Tropicana Field,night,R
661069,2022-09-22,2022,MIL,CIN,158,113,5,1,6,0,9,0,605540.0,Brandon Woodruff,668881.0,Hunter Greene,605540.0,668881.0,2602,Great American Ball Park,night,R
663260,2022-09-22,2022,HOU,BAL,117,110,0,2,2,1,9,0,434378.0,Justin Verlander,680694.0,Kyle Bradish,680694.0,434378.0,2,Oriole Park at Camden Yards,night,R
661609,2022-09-22,2022,ATL,PHI,144,143,0,1,1,1,9,0,608331.0,Max Fried,624133.0,Ranger Suárez,624133.0,608331.0,2681,Citizens Bank Park,night,R
661243,2022-09-22,2022,BOS,NYY,111,147,4,5,9,1,10,1,608379.0,Michael Wacha,592791.0,Jameson Taillon,605280.0,672391.0,3313,Yankee Stadium,night,R
661432,2022-09-23,2022,CLE,CWS,114,145,4,2,6,0,9,0,669456.0,Shane Bieber,456501.0,Johnny Cueto,669456.0,456501.0,4,Guaranteed Rate Field,night,R
662586,2022-09-23,2022,ARI,LAD,109,119,2,3,5,1,9,0,668678.0,Zac Gallen,628711.0,Julio Urías,518886.0,606625.0,22,Dodger Stadium,night,R
662263,2022-09-23,2022,CHC,PIT,112,134,6,5,11,0,9,0,665871.0,Javier Assad,669060.0,Bryse Wilson,655889.0,670990.0,31,PNC Park,night,R
661296,2022-09-23,2022,WSH,MIA,120,146,2,5,7,1,9,0,680686.0,Josiah Gray,666129.0,Braxton Garrett,666129.0,680686.0,4169,loanDepot park,night,R
661068,2022-09-23,2022,MIL,CIN,158,113,5,3,8,0,9,0,641778.0,Eric Lauer,570666.0,Luis Cessa,606131.0,570666.0,2602,Great American Ball Park,night,R
663259,2022-09-23,2022,HOU,BAL,117,110,0,6,6,1,9,0,664353.0,José Urquidy,665152.0,Dean Kremer,665152.0,664353.0,2,Oriole Park at Camden Yards,night,R
661587,2022-09-23,2022,ATL,PHI,144,143,1,9,10,1,9,0,543606.0,Jake Odorizzi,605400.0,Aaron Nola,605400.0,543606.0,2681,Citizens Bank Park,night,R
661222,2022-09-23,2022,BOS,NYY,111,147,4,5,9,1,9,0,448179.0,Rich Hill,543037.0,Gerrit Cole,642528.0,621381.0,3313,Yankee Stadium,night,R
662040,2022-09-23,2022,TOR,TB,141,139,6,10,16,1,9,0,669952.0,Mitch White,605488.0,Jeffrey Springs,642770.0,554340.0,12,Tropicana Field,night,R
661807,2022-09-24,2022,CLE,TEX,114,140,6,3,9,0,9,0,663752.0,Cody Morris,592351.0,Jon Gray,663752.0,621368.0,5325,Globe Life Field,night,R
662897,2022-09-24,2022,SD,COL,135,115,3,4,7,1,10,1,640455.0,Sean Manaea,663372.0,Ryan Feltner,453268.0,670970.0,19,Coors Field,night,R
662642,2022-09-24,2022,SEA,KC,136,118,1,5,6,1,9,0,594835.0,Marco Gonzales,663903.0,Brady Singer,663903.0,594835.0,7,Kauffman Stadium,night,R
661668,2022-09-24,2022,LAA,MIN,108,142,4,2,6,0,9,0,660271.0,Shohei Ohtani,686973.0,Louis Varland,660271.0,686973.0,3312,Target Field,night,R
661431,2022-09-24,2022,DET,CWS,116,145,5,3,8,0,9,0,593958.0,Eduardo Rodriguez,608337.0,Lucas Giolito,593958.0,625643.0,4,Guaranteed Rate Field,night,R
662305,2022-09-24,2022,NYM,OAK,121,133,9,2,11,0,9,0,605135.0,Chris Bassitt,608344.0,Cole Irvin,605135.0,608344.0,10,Oakland Coliseum,night,R
663282,2022-09-24,2022,SF,ARI,137,109,6,5,11,0,9,0,607074.0,Carlos Rodón,674072.0,Tommy Henry,622065.0,592761.0,15,Chase Field,night,R
662585,2022-09-24,2022,STL,LAD,138,119,11,0,11,0,9,0,500779.0,Jose Quintana,571760.0,Andrew Heaney,500779.0,571760.0,22,Dodger Stadium,night,R
661221,2022-09-24,2022,BOS,NYY,111,147,5,7,12,1,9,0,601713.0,Nick Pivetta,593334.0,Domingo Germán,476595.0,670167.0,3313,Yankee Stadium,day,R
661586,2022-09-24,2022,ATL,PHI,144,143,6,3,9,0,9,0,657140.0,Kyle Wright,663559.0,Bailey Falter,657140.0,663559.0,2681,Citizens Bank Park,day,R
662311,2022-09-24,2022,NYM,OAK,121,133,4,10,14,1,9,0,594798.0,Jacob deGrom,686610.0,Ken Waldichuk,686610.0,594798.0,10,Oakland Coliseum,day,R
662039,2022-09-24,2022,TOR,TB,141,139,3,1,4,0,9,0,666201.0,Alek Manoah,656876.0,Drew Rasmussen,666201.0,656876.0,12,Tropicana Field,night,R
661295,2022-09-24,2022,WSH,MIA,120,146,1,4,5,1,9,0,607200.0,Erick Fedde,645261.0,Sandy Alcantara,645261.0,607200.0,4169,loanDepot park,night,R
662249,2022-09-24,2022,CHC,PIT,112,134,0,6,6,1,9,0,489119.0,Wade Miley,670912.0,Johan Oviedo,670912.0,489119.0,31,PNC Park,night,R
661067,2022-09-24,2022,MIL,CIN,158,113,10,2,12,0,9,0,669203.0,Corbin Burnes,668933.0,Graham Ashcraft,669203.0,668933.0,2602,Great American Ball Park,night,R
663258,2022-09-24,2022,HOU,BAL,117,110,11,10,21,0,9,0,664285.0,Framber Valdez,657508.0,Mike Baumann,606160.0,642585.0,2,Oriole Park at Camden Yards,night,R
661805,2022-09-24,2022,CLE,TEX,114,140,4,2,6,0,9,0,615698.0,Cal Quantrill,657248.0,Glenn Otto Jr.,615698.0,656271.0,5325,Globe Life Field,night,R
662641,2022-09-24,2022,SEA,KC,136,118,6,5,11,0,9,0,669302.0,Logan Gilbert,663460.0,Kris Bubic,623149.0,641745.0,7,Kauffman Stadium,night,R
661656,2022-09-24,2022,LAA,MIN,108,142,4,8,12,1,9,0,672282.0,Reid Detmers,657746.0,Joe Ryan,643377.0,672282.0,3312,Target Field,night,R
661430,2022-09-24,2022,DET,CWS,116,145,7,2,9,0,9,0,571800.0,Drew Hutchison,663436.0,Davis Martin,571800.0,663436.0,4,Guaranteed Rate Field,night,R
662866,2022-09-25,2022,SD,COL,135,115,9,3,12,0,9,0,506433.0,Yu Darvish,641771.0,Chad Kuhl,506433.0,641771.0,19,Coors Field,night,R
663281,2022-09-25,2022,SF,ARI,137,109,2,5,7,1,9,0,502171.0,Alex Cobb,518876.0,Merrill Kelly,518876.0,502171.0,15,Chase Field,night,R
662584,2022-09-25,2022,STL,LAD,138,119,2,6,8,1,9,0,656756.0,Jordan Montgomery,477132.0,Clayton Kershaw,477132.0,656756.0,22,Dodger Stadium,night,R
663454,2022-09-25,2022,HOU,BAL,117,110,6,3,9,0,11,1,664299.0,Cristian Javier,608723.0,Austin Voth,593576.0,669211.0,2,Oriole Park at Camden Yards,day,R
661585,2022-09-25,2022,ATL,PHI,144,143,8,7,15,0,11,1,450203.0,Charlie Morton,502043.0,Kyle Gibson,623451.0,571479.0,2681,Citizens Bank Park,day,R
662063,2022-09-25,2022,TOR,TB,141,139,7,1,8,0,9,0,548389.0,Ross Stripling,663556.0,Shane McClanahan,548389.0,663556.0,12,Tropicana Field,day,R
662243,2022-09-25,2022,CHC,PIT,112,134,8,3,11,0,9,0,592716.0,Adrian Sampson,682847.0,Luis Ortiz,592716.0,682847.0,31,PNC Park,day,R
661294,2022-09-25,2022,WSH,MIA,120,146,6,1,7,0,9,0,434671.0,Aníbal Sánchez,665795.0,Edward Cabrera,434671.0,665795.0,4169,loanDepot park,day,R
661066,2022-09-25,2022,MIL,CIN,158,113,1,2,3,1,9,0,642547.0,Freddy Peralta,666157.0,Nick Lodolo,571656.0,456713.0,2602,Great American Ball Park,day,R
662631,2022-09-25,2022,SEA,KC,136,118,12,13,25,1,9,0,622491.0,Luis Castillo,666721.0,Max Castillo,621016.0,657024.0,7,Kauffman Stadium,day,R
661667,2022-09-25,2022,LAA,MIN,108,142,10,3,13,0,9,0,660761.0,José Suarez,605164.0,Dylan Bundy,660761.0,605164.0,3312,Target Field,day,R
661429,2022-09-25,2022,DET,CWS,116,145,4,1,5,0,9,0,641302.0,Tyler Alexander,656302.0,Dylan Cease,605177.0,608665.0,4,Guaranteed Rate Field,day,R
661828,2022-09-25,2022,CLE,TEX,114,140,10,4,14,0,9,0,650644.0,Aaron Civale,666142.0,Cole Ragans,650644.0,666142.0,5325,Globe Life Field,day,R
662865,2022-09-25,2022,SD,COL,135,115,13,6,19,0,9,0,605182.0,Mike Clevinger,607536.0,Kyle Freeland,663158.0,607536.0,19,Coors Field,day,R
663280,2022-09-25,2022,SF,ARI,137,109,3,2,5,0,9,0,518397.0,Scott Alexander,686753.0,Drey Jameson,596001.0,666818.0,15,Chase Field,day,R
662310,2022-09-25,2022,NYM,OAK,121,133,13,4,17,0,9,0,453286.0,Max Scherzer,676664.0,JP Sears,453286.0,676664.0,10,Oakland Coliseum,day,R
662598,2022-09-25,2022,STL,LAD,138,119,1,4,5,1,9,0,425794.0,Adam Wainwright,675627.0,Michael Grove,675627.0,425794.0,22,Dodger Stadium,day,R
661220,2022-09-25,2022,BOS,NYY,111,147,0,2,2,1,6,0,678394.0,Brayan Bello,641482.0,Nestor Cortes,641482.0,678394.0,3313,Yankee Stadium,night,R
662242,2022-09-26,2022,CIN,PIT,113,134,3,8,11,1,9,0,502624.0,Chase Anderson,672710.0,Roansy Contreras,670990.0,571882.0,31,PNC Park,night,R
662460,2022-09-26,2022,ATL,WSH,144,120,8,0,8,0,9,0,693821.0,Bryce Elder,676265.0,Cory Abbott,693821.0,676265.0,3309,Nationals Park,night,R
661768,2022-09-26,2022,NYY,TOR,147,141,2,3,5,1,10,1,622663.0,Luis Severino,592332.0,Kevin Gausman,641835.0,657376.0,14,Rogers Centre,night,R
663250,2022-09-26,2022,BAL,BOS,110,111,14,8,22,0,9,0,543475.0,Jordan Lyles,657756.0,Connor Seabold,657093.0,657756.0,3,Fenway Park,night,R
662955,2022-09-27,2022,TB,CLE,139,114,6,5,11,0,11,1,446372.0,Corey Kluber,669456.0,Shane Bieber,642770.0,663986.0,5,Progressive Field,night,R
662241,2022-09-27,2022,CIN,PIT,113,134,1,4,5,1,9,0,668881.0,Hunter Greene,656605.0,Mitch Keller,640444.0,571656.0,31,PNC Park,night,R
662774,2022-09-27,2022,KC,DET,118,116,3,4,7,1,10,1,425844.0,Zack Greinke,666214.0,Joey Wentz,656638.0,664948.0,2394,Comerica Park,night,R
662489,2022-09-27,2022,ATL,WSH,144,120,8,2,10,0,9,0,666205.0,Kyle Muller,502179.0,Paolo Espino,543521.0,502179.0,3309,Nationals Park,night,R
661778,2022-09-27,2022,NYY,TOR,147,141,5,2,7,0,9,0,592791.0,Jameson Taillon,621244.0,José Berríos,592791.0,621244.0,14,Rogers Centre,night,R
663206,2022-09-27,2022,BAL,BOS,110,111,9,13,22,1,9,0,680694.0,Kyle Bradish,608379.0,Michael Wacha,621381.0,607216.0,3,Fenway Park,night,R
662401,2022-09-27,2022,MIA,NYM,146,121,6,4,10,0,9,0,641154.0,Pablo López,471911.0,Carlos Carrasco,641154.0,471911.0,3289,Citi Field,night,R
663128,2022-09-27,2022,PHI,CHC,143,112,1,2,3,1,9,0,554430.0,Zack Wheeler,573186.0,Marcus Stroman,573186.0,641401.0,17,Wrigley Field,night,R
661666,2022-09-27,2022,CWS,MIN,145,142,0,4,4,1,9,0,458681.0,Lance Lynn,641927.0,Bailey Ober,641927.0,458681.0,3312,Target Field,night,R
661155,2022-09-27,2022,STL,MIL,138,158,6,2,8,0,9,0,571945.0,Miles Mikolas,605288.0,Adrian Houser,571945.0,605288.0,32,American Family Field,night,R
662821,2022-09-28,2022,ARI,HOU,109,117,2,10,12,1,9,0,605200.0,Zach Davies,677651.0,Luis Garcia,677651.0,605200.0,2392,Minute Maid Park,night,R
663422,2022-09-28,2022,OAK,LAA,133,108,3,4,7,1,9,0,621076.0,James Kaprielian,663776.0,Patrick Sandoval,572193.0,640462.0,1,Angel Stadium,night,R
662210,2022-09-28,2022,LAD,SD,119,135,3,4,7,1,10,1,542881.0,Tyler Anderson,605483.0,Blake Snell,572955.0,518886.0,2680,Petco Park,night,R
662117,2022-09-28,2022,TEX,SEA,140,136,5,0,5,0,9,0,622786.0,Jesus Tinoco,592662.0,Robbie Ray,668338.0,592662.0,680,T-Mobile Park,night,R
662046,2022-09-28,2022,COL,SF,115,137,2,5,7,1,9,0,608566.0,Germán Márquez,657277.0,Logan Webb,657277.0,608566.0,2395,Oracle Park,night,R
662240,2022-09-28,2022,CIN,PIT,113,134,3,4,7,1,10,1,570666.0,Luis Cessa,669060.0,Bryse Wilson,670990.0,664747.0,31,PNC Park,day,R
662967,2022-09-28,2022,TB,CLE,139,114,1,2,3,1,10,1,607192.0,Tyler Glasnow,663474.0,Triston McKenzie,675916.0,642770.0,5,Progressive Field,night,R
662773,2022-09-28,2022,KC,DET,118,116,1,2,3,1,9,0,663738.0,Daniel Lynch IV,666159.0,Matt Manning,596057.0,663738.0,2394,Comerica Park,night,R
661099,2022-09-28,2022,ATL,WSH,144,120,2,3,5,1,10,1,543606.0,Jake Odorizzi,680686.0,Josiah Gray,640448.0,623451.0,3309,Nationals Park,night,R
661737,2022-09-28,2022,NYY,TOR,147,141,8,3,11,0,9,0,543037.0,Gerrit Cole,669952.0,Mitch White,543037.0,641835.0,14,Rogers Centre,night,R
663181,2022-09-28,2022,BAL,BOS,110,111,1,3,4,1,9,0,665152.0,Dean Kremer,448179.0,Rich Hill,448179.0,665152.0,3,Fenway Park,night,R
662400,2022-09-28,2022,MIA,NYM,146,121,4,5,9,1,10,1,666200.0,Jesús Luzardo,592836.0,Taijuan Walker,622098.0,571670.0,3289,Citi Field,night,R
663098,2022-09-28,2022,PHI,CHC,143,112,2,4,6,1,9,0,605400.0,Aaron Nola,669713.0,Hayden Wesneski,669713.0,605400.0,17,Wrigley Field,night,R
661133,2022-09-28,2022,CWS,MIN,145,142,4,8,12,1,9,0,456501.0,Johnny Cueto,680739.0,Josh Winder,573204.0,456501.0,3312,Target Field,night,R
661154,2022-09-28,2022,STL,MIL,138,158,1,5,6,1,9,0,500779.0,Jose Quintana,605540.0,Brandon Woodruff,605540.0,500779.0,32,American Family Field,night,R
662820,2022-09-29,2022,ARI,HOU,109,117,5,2,7,0,10,1,668678.0,Zac Gallen,434378.0,Justin Verlander,606625.0,519293.0,2392,Minute Maid Park,night,R
663421,2022-09-29,2022,OAK,LAA,133,108,1,4,5,1,9,0,661309.0,Adrián Martinez,547179.0,Michael Lorenzen,547179.0,661309.0,1,Angel Stadium,night,R
662214,2022-09-29,2022,LAD,SD,119,135,1,0,1,0,10,1,628711.0,Julio Urías,605397.0,Joe Musgrove,681911.0,621051.0,2680,Petco Park,night,R
661112,2022-09-29,2022,TEX,SEA,140,136,1,3,4,1,9,0,527048.0,Martín Pérez,669923.0,George Kirby,669923.0,527048.0,680,T-Mobile Park,night,R
662045,2022-09-29,2022,COL,SF,115,137,3,6,9,1,9,0,570632.0,José Ureña,605154.0,John Brebbia,663546.0,570632.0,2395,Oracle Park,night,R
662772,2022-09-29,2022,KC,DET,118,116,3,10,13,1,9,0,669169.0,Jonathan Heasley,593958.0,Eduardo Rodriguez,593958.0,669169.0,2394,Comerica Park,day,R
661132,2022-09-29,2022,CWS,MIN,145,142,4,3,7,0,9,0,608337.0,Lucas Giolito,686973.0,Louis Varland,625643.0,573204.0,3312,Target Field,day,R
663180,2022-09-29,2022,BAL,BOS,110,111,3,5,8,1,9,0,657508.0,Mike Baumann,543135.0,Nathan Eovaldi,677161.0,622253.0,3,Fenway Park,day,R
663110,2022-09-29,2022,PHI,CHC,143,112,0,2,2,1,9,0,624133.0,Ranger Suárez,665871.0,Javier Assad,665871.0,624133.0,17,Wrigley Field,day,R
662932,2022-09-29,2022,TB,CLE,139,114,1,2,3,1,9,0,605488.0,Jeffrey Springs,615698.0,Cal Quantrill,660853.0,542888.0,5,Progressive Field,night,R
661156,2022-09-29,2022,MIA,MIL,146,158,4,2,6,0,9,0,666129.0,Braxton Garrett,641778.0,Eric Lauer,667297.0,642547.0,32,American Family Field,night,R
663420,2022-09-30,2022,OAK,LAA,133,108,2,4,6,1,9,0,608344.0,Cole Irvin,660271.0,Shohei Ohtani,660271.0,608344.0,1,Angel Stadium,night,R
662209,2022-09-30,2022,LAD,SD,119,135,5,2,7,0,9,0,660813.0,Brusdar Graterol,621051.0,Steven Wilson,571760.0,572955.0,2680,Petco Park,night,R
661128,2022-09-30,2022,TEX,SEA,140,136,9,10,19,1,11,1,592351.0,Jon Gray,594835.0,Marco Gonzales,623167.0,667463.0,680,T-Mobile Park,night,R
662050,2022-09-30,2022,COL,SF,115,137,4,6,10,1,9,0,663372.0,Ryan Feltner,607074.0,Carlos Rodón,607074.0,663372.0,2395,Oracle Park,night,R
661097,2022-09-30,2022,PHI,WSH,143,120,5,1,6,0,9,0,663559.0,Bailey Falter,607200.0,Erick Fedde,663559.0,607200.0,3309,Nationals Park,day,R
663099,2022-09-30,2022,CIN,CHC,113,112,1,6,7,1,9,0,668933.0,Graham Ashcraft,592716.0,Adrian Sampson,592716.0,668933.0,17,Wrigley Field,day,R
661218,2022-09-30,2022,BAL,NYY,110,147,2,1,3,0,9,0,543475.0,Jordan Lyles,593334.0,Domingo Germán,543475.0,593334.0,3313,Yankee Stadium,night,R
661751,2022-09-30,2022,BOS,TOR,111,141,0,9,9,1,9,0,601713.0,Nick Pivetta,666201.0,Alek Manoah,666201.0,601713.0,14,Rogers Centre,night,R
662940,2022-09-30,2022,KC,CLE,118,114,3,6,9,1,9,0,663903.0,Brady Singer,650644.0,Aaron Civale,650644.0,663903.0,5,Progressive Field,night,R
662771,2022-09-30,2022,MIN,DET,142,116,7,0,7,0,9,0,657746.0,Joe Ryan,641302.0,Tyler Alexander,657746.0,641302.0,2394,Comerica Park,night,R
661467,2022-09-30,2022,NYM,ATL,121,144,2,5,7,1,9,0,594798.0,Jacob deGrom,608331.0,Max Fried,608331.0,594798.0,4705,Truist Park,night,R
662819,2022-10-01,2022,TB,HOU,139,117,7,3,10,0,9,0,656876.0,Drew Rasmussen,664285.0,Framber Valdez,656876.0,664285.0,2392,Minute Maid Park,night,R
661157,2022-10-01,2022,MIA,MIL,146,158,0,1,1,1,9,0,645261.0,Sandy Alcantara,669203.0,Corbin Burnes,669203.0,645261.0,32,American Family Field,night,R
661958,2022-10-01,2022,PIT,STL,134,138,1,2,3,1,9,0,670912.0,Johan Oviedo,656427.0,Jack Flaherty,656427.0,670912.0,2889,Busch Stadium,night,R
663406,2022-10-01,2022,TEX,LAA,140,108,1,4,5,1,9,0,657248.0,Glenn Otto Jr.,672282.0,Reid Detmers,672282.0,657248.0,1,Angel Stadium,night,R
661111,2022-10-01,2022,OAK,SEA,133,136,1,2,3,1,9,0,686610.0,Ken Waldichuk,669302.0,Logan Gilbert,666374.0,642758.0,680,T-Mobile Park,night,R
662208,2022-10-01,2022,CWS,SD,145,135,3,1,4,0,9,0,663436.0,Davis Martin,506433.0,Yu Darvish,663436.0,506433.0,2680,Petco Park,night,R
662596,2022-10-01,2022,COL,LAD,115,119,1,10,11,1,9,0,641771.0,Chad Kuhl,477132.0,Clayton Kershaw,477132.0,641771.0,22,Dodger Stadium,night,R
662049,2022-10-01,2022,ARI,SF,109,137,4,10,14,1,9,0,518876.0,Merrill Kelly,502171.0,Alex Cobb,502171.0,518876.0,2395,Oracle Park,night,R
661098,2022-09-30,2022,PHI,WSH,143,120,0,0,0,0,9,0,592789.0,Noah Syndergaard,676720.0,Tommy Romero,,,3309,Nationals Park,night,R
662572,2022-10-01,2022,PHI,WSH,143,120,4,13,17,1,9,0,502043.0,Kyle Gibson,434671.0,Aníbal Sánchez,434671.0,502043.0,3309,Nationals Park,day,R
661098,2022-10-01,2022,PHI,WSH,143,120,8,2,10,0,9,0,592789.0,Noah Syndergaard,676720.0,Tommy Romero,592789.0,676720.0,3309,Nationals Park,night,R
661217,2022-10-01,2022,BAL,NYY,110,147,0,8,8,1,9,0,608723.0,Austin Voth,641482.0,Nestor Cortes,641482.0,608723.0,3313,Yankee Stadium,day,R
663167,2022-10-01,2022,CIN,CHC,113,112,1,2,3,1,9,0,666157.0,Nick Lodolo,592767.0,Drew Smyly,489119.0,571882.0,17,Wrigley Field,day,R
661736,2022-10-01,2022,BOS,TOR,111,141,0,10,10,1,9,0,678394.0,Brayan Bello,548389.0,Ross Stripling,548389.0,678394.0,14,Rogers Centre,day,R
662023,2022-10-01,2022,ARI,SF,109,137,8,4,12,0,9,0,686753.0,Drey Jameson,518397.0,Scott Alexander,686753.0,596001.0,2395,Oracle Park,day,R
661110,2022-10-01,2022,OAK,SEA,133,136,1,5,6,1,9,0,670124.0,Adam Oller,622491.0,Luis Castillo,622491.0,670124.0,680,T-Mobile Park,day,R
662939,2022-10-01,2022,KC,CLE,118,114,7,1,8,0,9,0,663460.0,Kris Bubic,668676.0,Zach Plesac,663460.0,668676.0,5,Progressive Field,night,R
662770,2022-10-01,2022,MIN,DET,142,116,2,3,5,1,9,0,605164.0,Dylan Bundy,571800.0,Drew Hutchison,596057.0,678692.0,2394,Comerica Park,night,R
661152,2022-10-01,2022,MIA,MIL,146,158,4,3,7,0,9,0,665795.0,Edward Cabrera,676879.0,Aaron Ashby,667297.0,642207.0,32,American Family Field,night,R
661956,2022-10-01,2022,PIT,STL,134,138,3,13,16,1,9,0,682847.0,Luis Ortiz,656756.0,Jordan Montgomery,656756.0,682847.0,2889,Busch Stadium,night,R
662818,2022-10-01,2022,TB,HOU,139,117,1,2,3,1,9,0,663556.0,Shane McClanahan,664299.0,Cristian Javier,664299.0,663556.0,2392,Minute Maid Park,night,R
661466,2022-10-01,2022,NYM,ATL,121,144,2,4,6,1,9,0,453286.0,Max Scherzer,657140.0,Kyle Wright,657140.0,453286.0,4705,Truist Park,night,R
662207,2022-10-02,2022,CWS,SD,145,135,2,5,7,1,9,0,656302.0,Dylan Cease,605182.0,Mike Clevinger,605182.0,656302.0,2680,Petco Park,night,R
663405,2022-10-02,2022,TEX,LAA,140,108,2,3,5,1,9,0,666142.0,Cole Ragans,660761.0,José Suarez,660761.0,642546.0,1,Angel Stadium,night,R
662595,2022-10-02,2022,COL,LAD,115,119,4,6,10,1,9,0,607536.0,Kyle Freeland,675627.0,Michael Grove,623465.0,668970.0,22,Dodger Stadium,night,R
662769,2022-10-02,2022,MIN,DET,142,116,2,5,7,1,9,0,680573.0,Simeon Woods Richardson,666214.0,Joey Wentz,656638.0,680573.0,2394,Comerica Park,day,R
661096,2022-10-02,2022,PHI,WSH,143,120,8,1,9,0,6,0,554430.0,Zack Wheeler,571578.0,Patrick Corbin,554430.0,571578.0,3309,Nationals Park,day,R
661215,2022-10-02,2022,BAL,NYY,110,147,3,1,4,0,9,0,680694.0,Kyle Bradish,592346.0,Chi Chi González,670810.0,547973.0,3313,Yankee Stadium,day,R
661735,2022-10-02,2022,BOS,TOR,111,141,3,6,9,1,9,0,608379.0,Michael Wacha,592332.0,Kevin Gausman,647315.0,608379.0,14,Rogers Centre,day,R
662938,2022-10-02,2022,KC,CLE,118,114,5,7,12,1,9,0,666721.0,Max Castillo,669456.0,Shane Bieber,669456.0,666721.0,5,Progressive Field,day,R
662825,2022-10-02,2022,TB,HOU,139,117,1,3,4,1,9,0,446372.0,Corey Kluber,677651.0,Luis Garcia,677651.0,446372.0,2392,Minute Maid Park,day,R
661153,2022-10-02,2022,MIA,MIL,146,158,4,3,7,0,12,1,641154.0,Pablo López,642547.0,Freddy Peralta,623211.0,641627.0,32,American Family Field,day,R
661954,2022-10-02,2022,PIT,STL,134,138,7,5,12,0,9,0,672710.0,Roansy Contreras,425794.0,Adam Wainwright,608328.0,425794.0,2889,Busch Stadium,day,R
663097,2022-10-02,2022,CIN,CHC,113,112,1,8,9,1,9,0,502624.0,Chase Anderson,573186.0,Marcus Stroman,573186.0,502624.0,17,Wrigley Field,day,R
662022,2022-10-02,2022,ARI,SF,109,137,3,4,7,1,10,1,605200.0,Zach Davies,518397.0,Scott Alexander,605194.0,642203.0,2395,Oracle Park,day,R
663419,2022-10-02,2022,TEX,LAA,140,108,3,8,11,1,9,0,668338.0,Tyson Miller,656353.0,Tucker Davidson,642545.0,668338.0,1,Angel Stadium,day,R
662581,2022-10-02,2022,COL,LAD,115,119,4,1,5,0,9,0,608566.0,Germán Márquez,542881.0,Tyler Anderson,608566.0,542881.0,22,Dodger Stadium,day,R
662087,2022-10-02,2022,OAK,SEA,133,136,10,3,13,0,9,0,621076.0,James Kaprielian,592662.0,Robbie Ray,621076.0,592662.0,680,T-Mobile Park,day,R
662190,2022-10-02,2022,CWS,SD,145,135,2,1,3,0,9,0,458681.0,Lance Lynn,605483.0,Blake Snell,458681.0,605483.0,2680,Petco Park,day,R
661465,2022-10-02,2022,NYM,ATL,121,144,3,5,8,1,9,0,605135.0,Chris Bassitt,450203.0,Charlie Morton,669276.0,605135.0,4705,Truist Park,night,R
663105,2022-10-03,2022,KC,CLE,118,114,5,2,7,0,10,1,425844.0,Zack Greinke,663474.0,Triston McKenzie,605130.0,668948.0,5,Progressive Field,night,R
662309,2022-10-03,2022,STL,PIT,138,134,2,3,5,1,9,0,500779.0,Jose Quintana,656605.0,Mitch Keller,670990.0,606149.0,31,PNC Park,night,R
663096,2022-10-03,2022,CHC,CIN,112,113,1,3,4,1,9,0,669713.0,Hayden Wesneski,668881.0,Hunter Greene,668881.0,669713.0,2602,Great American Ball Park,night,R
661424,2022-10-03,2022,ATL,MIA,144,146,0,4,4,1,9,0,693821.0,Bryce Elder,666200.0,Jesús Luzardo,666200.0,693821.0,4169,loanDepot park,night,R
663273,2022-10-03,2022,TOR,BAL,141,110,5,1,6,0,8,0,621244.0,José Berríos,665152.0,Dean Kremer,621244.0,665152.0,2,Oriole Park at Camden Yards,night,R
662044,2022-10-03,2022,NYY,TEX,147,140,3,1,4,0,9,0,622663.0,Luis Severino,527048.0,Martín Pérez,622663.0,527048.0,5325,Globe Life Field,night,R
663453,2022-10-03,2022,TB,BOS,139,111,3,4,7,1,9,0,607192.0,Tyler Glasnow,448179.0,Rich Hill,670167.0,643361.0,3,Fenway Park,night,R
661213,2022-10-03,2022,ARI,MIL,109,158,5,6,11,1,10,1,674072.0,Tommy Henry,605540.0,Brandon Woodruff,502202.0,606625.0,32,American Family Field,night,R
662777,2022-10-04,2022,PHI,HOU,143,117,3,0,3,0,9,0,605400.0,Aaron Nola,621121.0,Lance McCullers Jr.,605400.0,621121.0,2392,Minute Maid Park,night,R
661464,2022-10-04,2022,MIN,CWS,142,145,2,3,5,1,9,0,641927.0,Bailey Ober,456501.0,Johnny Cueto,456501.0,643377.0,4,Guaranteed Rate Field,night,R
662431,2022-10-04,2022,LAA,OAK,108,133,4,5,9,1,10,1,663776.0,Patrick Sandoval,661309.0,Adrián Martinez,642758.0,592848.0,10,Oakland Coliseum,night,R
662201,2022-10-04,2022,DET,SEA,116,136,4,3,7,0,9,0,650530.0,Bryan Garcia,669923.0,George Kirby,650530.0,669923.0,680,T-Mobile Park,night,R
662239,2022-10-04,2022,SF,SD,137,135,4,7,11,1,9,0,605154.0,John Brebbia,605397.0,Joe Musgrove,670970.0,571946.0,2680,Petco Park,night,R
662629,2022-10-04,2022,COL,LAD,115,119,2,1,3,0,9,0,570632.0,José Ureña,664062.0,Tony Gonsolin,656234.0,660813.0,22,Dodger Stadium,night,R
661095,2022-10-03,2022,WSH,NYM,120,121,0,0,0,0,9,0,676265.0,Cory Abbott,471911.0,Carlos Carrasco,,,3289,Citi Field,night,R
662062,2022-10-04,2022,NYY,TEX,147,140,5,4,9,0,9,0,592791.0,Jameson Taillon,592351.0,Jon Gray,547973.0,656271.0,5325,Globe Life Field,day,R
662010,2022-10-05,2022,NYY,TEX,147,140,2,3,5,1,9,0,543037.0,Gerrit Cole,622786.0,Jesus Tinoco,663465.0,543037.0,5325,Globe Life Field,night,R
661094,2022-10-04,2022,WSH,NYM,120,121,2,4,6,1,9,0,676265.0,Cory Abbott,471911.0,Carlos Carrasco,493603.0,676265.0,3289,Citi Field,night,R
661095,2022-10-04,2022,WSH,NYM,120,121,0,8,8,1,9,0,502179.0,Paolo Espino,592836.0,Taijuan Walker,668665.0,502179.0,3289,Citi Field,night,R
663077,2022-10-04,2022,KC,CLE,118,114,3,5,8,1,9,0,663738.0,Daniel Lynch IV,615698.0,Cal Quantrill,615698.0,663738.0,5,Progressive Field,night,R
662200,2022-10-04,2022,DET,SEA,116,136,6,7,13,1,10,1,593958.0,Eduardo Rodriguez,623167.0,Chris Flexen,620443.0,642397.0,680,T-Mobile Park,day,R
662199,2022-10-04,2022,DET,SEA,116,136,6,9,15,1,9,0,676684.0,Will Vest,656954.0,Justus Sheffield,656954.0,660730.0,680,T-Mobile Park,day,R
662319,2022-10-04,2022,STL,PIT,138,134,8,7,15,0,10,1,641712.0,Dakota Hudson,664141.0,JT Brubaker,608717.0,608328.0,31,PNC Park,night,R
663243,2022-10-04,2022,CHC,CIN,112,113,2,3,5,1,9,0,665871.0,Javier Assad,570666.0,Luis Cessa,664747.0,676714.0,2602,Great American Ball Park,night,R
661423,2022-10-04,2022,ATL,MIA,144,146,2,1,3,0,9,0,543606.0,Jake Odorizzi,666129.0,Braxton Garrett,543606.0,666129.0,4169,loanDepot park,night,R
663452,2022-10-04,2022,TB,BOS,139,111,0,6,6,1,5,0,605488.0,Jeffrey Springs,543135.0,Nathan Eovaldi,543135.0,605488.0,3,Fenway Park,night,R
661223,2022-10-04,2022,ARI,MIL,109,158,0,3,3,1,9,0,668678.0,Zac Gallen,641778.0,Eric Lauer,641778.0,668678.0,32,American Family Field,night,R
662768,2022-10-05,2022,PHI,HOU,143,117,0,10,10,1,9,0,624133.0,Ranger Suárez,434378.0,Justin Verlander,434378.0,624133.0,2392,Minute Maid Park,night,R
661463,2022-10-05,2022,MIN,CWS,142,145,3,8,11,1,9,0,680739.0,Josh Winder,608337.0,Lucas Giolito,608337.0,680739.0,4,Guaranteed Rate Field,night,R
662429,2022-10-05,2022,LAA,OAK,108,133,1,2,3,1,10,1,547179.0,Michael Lorenzen,608344.0,Cole Irvin,640462.0,572193.0,10,Oakland Coliseum,night,R
662252,2022-10-05,2022,SF,SD,137,135,2,6,8,1,9,0,502171.0,Alex Cobb,640455.0,Sean Manaea,640455.0,502171.0,2680,Petco Park,night,R
662624,2022-10-05,2022,COL,LAD,115,119,5,2,7,0,9,0,663372.0,Ryan Feltner,628711.0,Julio Urías,663372.0,571760.0,22,Dodger Stadium,night,R
663272,2022-10-04,2022,TOR,BAL,141,110,0,0,0,0,9,0,669952.0,Mitch White,657508.0,Mike Baumann,,,2,Oriole Park at Camden Yards,night,R
663451,2022-10-05,2022,TOR,BAL,141,110,4,5,9,1,9,0,670950.0,Trevor Richards,657508.0,Mike Baumann,669084.0,669952.0,2,Oriole Park at Camden Yards,day,R
663272,2022-10-05,2022,TOR,BAL,141,110,5,1,6,0,9,0,475479.0,David Phelps,657093.0,Spenser Watkins,579328.0,666974.0,2,Oriole Park at Camden Yards,day,R
662421,2022-10-05,2022,LAA,OAK,108,133,2,3,5,1,9,0,660271.0,Shohei Ohtani,686610.0,Ken Waldichuk,686610.0,660271.0,10,Oakland Coliseum,day,R
662304,2022-10-05,2022,STL,PIT,138,134,3,5,8,1,9,0,669461.0,Matthew Liberatore,670912.0,Johan Oviedo,544365.0,669461.0,31,PNC Park,day,R
661996,2022-10-05,2022,NYY,TEX,147,140,2,4,6,1,9,0,593334.0,Domingo Germán,657248.0,Glenn Otto Jr.,657248.0,593334.0,5325,Globe Life Field,day,R
663131,2022-10-05,2022,CHC,CIN,112,113,15,2,17,0,9,0,592716.0,Adrian Sampson,668933.0,Graham Ashcraft,640470.0,668933.0,2602,Great American Ball Park,day,R
663095,2022-10-05,2022,KC,CLE,118,114,2,9,11,1,9,0,669169.0,Jonathan Heasley,650644.0,Aaron Civale,650644.0,669169.0,5,Progressive Field,day,R
662488,2022-10-05,2022,WSH,NYM,120,121,2,9,11,1,9,0,607200.0,Erick Fedde,592866.0,Trevor Williams,592866.0,607200.0,3289,Citi Field,day,R
662195,2022-10-05,2022,DET,SEA,116,136,4,5,9,1,9,0,641302.0,Tyler Alexander,594835.0,Marco Gonzales,657024.0,642397.0,680,T-Mobile Park,day,R
662238,2022-10-05,2022,SF,SD,137,135,8,1,9,0,9,0,605154.0,John Brebbia,489334.0,Craig Stammen,628708.0,489334.0,2680,Petco Park,day,R
663352,2022-10-05,2022,TB,BOS,139,111,3,6,9,1,9,0,676596.0,Josh Fleming,601713.0,Nick Pivetta,660825.0,676596.0,3,Fenway Park,day,R
662789,2022-10-05,2022,PHI,HOU,143,117,2,3,5,1,9,0,663559.0,Bailey Falter,664285.0,Framber Valdez,664285.0,674681.0,2392,Minute Maid Park,day,R
661427,2022-10-05,2022,MIN,CWS,142,145,10,1,11,0,9,0,686973.0,Louis Varland,663436.0,Davis Martin,686973.0,663436.0,4,Guaranteed Rate Field,day,R
661422,2022-10-05,2022,ATL,MIA,144,146,9,12,21,1,9,0,623451.0,Jackson Stephens,622694.0,Elieser Hernández,677053.0,445926.0,4169,loanDepot park,day,R
661227,2022-10-05,2022,ARI,MIL,109,158,4,2,6,0,9,0,518876.0,Merrill Kelly,669203.0,Corbin Burnes,664092.0,641627.0,32,American Family Field,day,R
662623,2022-10-05,2022,COL,LAD,115,119,1,6,7,1,9,0,596295.0,Austin Gomber,477132.0,Clayton Kershaw,477132.0,663385.0,22,Dodger Stadium,day,R
